기업,종목코드,기간,기준일,항목,값,통화,값구분,출처,검산,라운드
Boeing,BA,2010Q1,2010-03-31,분기별 매출액,15216000000,USD,공시,https://www.sec.gov/Archives/edgar/data/12927/000119312510088623/,,5
Boeing,BA,2010Q1,2010-03-31,분기별 영업이익,1174000000,USD,공시,https://www.sec.gov/Archives/edgar/data/12927/000119312510088623/,,5
Boeing,BA,2010Q1,2010-03-31,분기별 당기순이익(지배),519000000,USD,공시,https://www.sec.gov/Archives/edgar/data/12927/000119312510088623/,,5
Boeing,BA,2010Q1,2010-03-31,분기별 영업활동현금흐름,-285000000,USD,공시,https://www.sec.gov/Archives/edgar/data/12927/000119312510088623/,,5
Boeing,BA,2010Q1,2010-03-31,분기말 자산총계,62970000000,USD,공시,https://www.sec.gov/Archives/edgar/data/12927/000119312510088623/,,5
Boeing,BA,2010Q1,2010-03-31,분기말 부채총계,59931000000,USD,계산(부채및자본-총자본),https://www.sec.gov/Archives/edgar/data/12927/000119312510088623/,부채및자본 62970000000 − 총자본 3039000000,5
Boeing,BA,2010Q1,2010-03-31,분기말 총자본(자기자본),3039000000,USD,공시,https://www.sec.gov/Archives/edgar/data/12927/000119312510088623/,,5
Boeing,BA,2010Q1,2010-03-31,분기말 지배지분 자본,2942000000,USD,공시,https://www.sec.gov/Archives/edgar/data/12927/000119312510088623/,,5
Boeing,BA,2010Q1,2010-03-31,분기말 종가,72.61,USD,API,https://query1.finance.yahoo.com/v8/finance/chart/BA?interval=1d&events=splits (2010-03-31),,5
Boeing,BA,2010Q1,2010-04-16,분기말 상장주식수,759036516,주,공시(표지 기준일),https://www.sec.gov/Archives/edgar/data/12927/000119312510088623/,dei:EntityCommonStockSharesOutstanding 클래스 합,5
Boeing,BA,2010Q1,2010-03-31,분기말 시가총액,55113641427,USD,계산(종가×주식수),https://query1.finance.yahoo.com/v8/finance/chart/BA?interval=1d&events=splits (2010-03-31) ; https://www.sec.gov/Archives/edgar/data/12927/000119312510088623/,종가 72.61 × 주식수 759036516,5
Boeing,BA,2010Q2,2010-06-30,분기별 매출액,15573000000,USD,공시,https://www.sec.gov/Archives/edgar/data/12927/000119312510168724/,,5
Boeing,BA,2010Q2,2010-06-30,분기별 영업이익,1307000000,USD,공시,https://www.sec.gov/Archives/edgar/data/12927/000119312510168724/,,5
Boeing,BA,2010Q2,2010-06-30,분기별 당기순이익(지배),787000000,USD,공시,https://www.sec.gov/Archives/edgar/data/12927/000119312510168724/,,5
Boeing,BA,2010Q2,2010-06-30,분기별 영업활동현금흐름,266000000,USD,계산(누적차감),https://www.sec.gov/Archives/edgar/data/12927/000119312510168724/ ; https://www.sec.gov/Archives/edgar/data/12927/000119312510088623/,누적 -19000000 − 직전누적 -285000000 (시작 2010-01-01),5
Boeing,BA,2010Q2,2010-06-30,분기말 자산총계,63755000000,USD,공시,https://www.sec.gov/Archives/edgar/data/12927/000119312510168724/,,5
Boeing,BA,2010Q2,2010-06-30,분기말 부채총계,60582000000,USD,공시,https://www.sec.gov/Archives/edgar/data/12927/000119312510168724/,,5
Boeing,BA,2010Q2,2010-06-30,분기말 총자본(자기자본),3173000000,USD,공시,https://www.sec.gov/Archives/edgar/data/12927/000119312510168724/,,5
Boeing,BA,2010Q2,2010-06-30,분기말 지배지분 자본,3077000000,USD,공시,https://www.sec.gov/Archives/edgar/data/12927/000119312510168724/,,5
Boeing,BA,2010Q2,2010-06-30,분기말 종가,62.75,USD,API,https://query1.finance.yahoo.com/v8/finance/chart/BA?interval=1d&events=splits (2010-06-30),,5
Boeing,BA,2010Q2,2010-07-21,분기말 상장주식수,731681424,주,공시(표지 기준일),https://www.sec.gov/Archives/edgar/data/12927/000119312510168724/,dei:EntityCommonStockSharesOutstanding 클래스 합,5
Boeing,BA,2010Q2,2010-06-30,분기말 시가총액,45913009356,USD,계산(종가×주식수),https://query1.finance.yahoo.com/v8/finance/chart/BA?interval=1d&events=splits (2010-06-30) ; https://www.sec.gov/Archives/edgar/data/12927/000119312510168724/,종가 62.75 × 주식수 731681424,5
Boeing,BA,2010Q3,2010-09-30,분기별 매출액,16967000000,USD,공시,https://www.sec.gov/Archives/edgar/data/12927/000119312510232425/,,5
Boeing,BA,2010Q3,2010-09-30,분기별 영업이익,1387000000,USD,공시,https://www.sec.gov/Archives/edgar/data/12927/000119312510232425/,,5
Boeing,BA,2010Q3,2010-09-30,분기별 당기순이익(지배),837000000,USD,공시,https://www.sec.gov/Archives/edgar/data/12927/000119312510232425/,,5
Boeing,BA,2010Q3,2010-09-30,분기별 영업활동현금흐름,1855000000,USD,계산(누적차감),https://www.sec.gov/Archives/edgar/data/12927/000119312510232425/ ; https://www.sec.gov/Archives/edgar/data/12927/000119312510168724/,누적 1836000000 − 직전누적 -19000000 (시작 2010-01-01),5
Boeing,BA,2010Q3,2010-09-30,분기말 자산총계,65222000000,USD,공시,https://www.sec.gov/Archives/edgar/data/12927/000119312510232425/,,5
Boeing,BA,2010Q3,2010-09-30,분기말 부채총계,60670000000,USD,공시,https://www.sec.gov/Archives/edgar/data/12927/000119312510232425/,,5
Boeing,BA,2010Q3,2010-09-30,분기말 총자본(자기자본),4552000000,USD,공시,https://www.sec.gov/Archives/edgar/data/12927/000119312510232425/,,5
Boeing,BA,2010Q3,2010-09-30,분기말 지배지분 자본,4454000000,USD,공시,https://www.sec.gov/Archives/edgar/data/12927/000119312510232425/,,5
Boeing,BA,2010Q3,2010-09-30,분기말 종가,66.54,USD,API,https://query1.finance.yahoo.com/v8/finance/chart/BA?interval=1d&events=splits (2010-09-30),,5
Boeing,BA,2010Q3,2010-10-13,분기말 상장주식수,733580492,주,공시(표지 기준일),https://www.sec.gov/Archives/edgar/data/12927/000119312510232425/,dei:EntityCommonStockSharesOutstanding 클래스 합,5
Boeing,BA,2010Q3,2010-09-30,분기말 시가총액,48812445938,USD,계산(종가×주식수),https://query1.finance.yahoo.com/v8/finance/chart/BA?interval=1d&events=splits (2010-09-30) ; https://www.sec.gov/Archives/edgar/data/12927/000119312510232425/,종가 66.54 × 주식수 733580492,5
Boeing,BA,2010Q4,2010-12-31,분기별 매출액,16550000000,USD,계산(연간-3분기누적),https://www.sec.gov/Archives/edgar/data/12927/000119312511028490/ ; https://www.sec.gov/Archives/edgar/data/12927/000119312510232425/,연간 64306000000 − 9개월누적 47756000000 (Revenues),5
Boeing,BA,2010Q4,2010-12-31,분기별 영업이익,1103000000,USD,계산(연간-3분기누적),https://www.sec.gov/Archives/edgar/data/12927/000119312511028490/ ; https://www.sec.gov/Archives/edgar/data/12927/000119312510232425/,연간 4971000000 − 9개월누적 3868000000 (OperatingIncomeLoss),5
Boeing,BA,2010Q4,2010-12-31,분기별 당기순이익(지배),1164000000,USD,계산(연간-3분기누적),https://www.sec.gov/Archives/edgar/data/12927/000119312511028490/ ; https://www.sec.gov/Archives/edgar/data/12927/000119312510232425/,연간 3307000000 − 9개월누적 2143000000 (NetIncomeLoss),5
Boeing,BA,2010Q4,2010-12-31,분기별 영업활동현금흐름,1116000000,USD,계산(누적차감),https://www.sec.gov/Archives/edgar/data/12927/000119312511028490/ ; https://www.sec.gov/Archives/edgar/data/12927/000119312510232425/,누적 2952000000 − 직전누적 1836000000 (시작 2010-01-01),5
Boeing,BA,2010Q4,2010-12-31,분기말 자산총계,68565000000,USD,공시,https://www.sec.gov/Archives/edgar/data/12927/000119312511028490/,,5
Boeing,BA,2010Q4,2010-12-31,분기말 부채총계,65703000000,USD,계산(부채및자본-총자본),https://www.sec.gov/Archives/edgar/data/12927/000119312511028490/,부채및자본 68565000000 − 총자본 2862000000,5
Boeing,BA,2010Q4,2010-12-31,분기말 총자본(자기자본),2862000000,USD,공시,https://www.sec.gov/Archives/edgar/data/12927/000119312511028490/,,5
Boeing,BA,2010Q4,2010-12-31,분기말 지배지분 자본,2766000000,USD,공시,https://www.sec.gov/Archives/edgar/data/12927/000119312511028490/,,5
Boeing,BA,2010Q4,2010-12-31,분기말 종가,65.26,USD,API,https://query1.finance.yahoo.com/v8/finance/chart/BA?interval=1d&events=splits (2010-12-31),,5
Boeing,BA,2010Q4,2011-02-01,분기말 상장주식수,736295504,주,공시(표지 기준일),https://www.sec.gov/Archives/edgar/data/12927/000119312511028490/,dei:EntityCommonStockSharesOutstanding 클래스 합,5
Boeing,BA,2010Q4,2010-12-31,분기말 시가총액,48050644591,USD,계산(종가×주식수),https://query1.finance.yahoo.com/v8/finance/chart/BA?interval=1d&events=splits (2010-12-31) ; https://www.sec.gov/Archives/edgar/data/12927/000119312511028490/,종가 65.26 × 주식수 736295504,5
Boeing,BA,2011Q1,2011-03-31,분기별 매출액,14910000000,USD,공시,https://www.sec.gov/Archives/edgar/data/12927/000119312511111215/,,5
Boeing,BA,2011Q1,2011-03-31,분기별 영업이익,1000000000,USD,공시,https://www.sec.gov/Archives/edgar/data/12927/000119312511111215/,,5
Boeing,BA,2011Q1,2011-03-31,분기별 당기순이익(지배),586000000,USD,공시,https://www.sec.gov/Archives/edgar/data/12927/000119312511111215/,,5
Boeing,BA,2011Q1,2011-03-31,분기별 영업활동현금흐름,-953000000,USD,공시,https://www.sec.gov/Archives/edgar/data/12927/000119312511111215/,,5
Boeing,BA,2011Q1,2011-03-31,분기말 자산총계,68760000000,USD,공시,https://www.sec.gov/Archives/edgar/data/12927/000119312511111215/,,5
Boeing,BA,2011Q1,2011-03-31,분기말 부채총계,64753000000,USD,계산(부채및자본-총자본),https://www.sec.gov/Archives/edgar/data/12927/000119312511111215/,부채및자본 68760000000 − 총자본 4007000000,5
Boeing,BA,2011Q1,2011-03-31,분기말 총자본(자기자본),4007000000,USD,공시,https://www.sec.gov/Archives/edgar/data/12927/000119312511111215/,,5
Boeing,BA,2011Q1,2011-03-31,분기말 지배지분 자본,3912000000,USD,공시,https://www.sec.gov/Archives/edgar/data/12927/000119312511111215/,,5
Boeing,BA,2011Q1,2011-03-31,분기말 종가,73.93,USD,API,https://query1.finance.yahoo.com/v8/finance/chart/BA?interval=1d&events=splits (2011-03-31),,5
Boeing,BA,2011Q1,2011-04-20,분기말 상장주식수,738274839,주,공시(표지 기준일),https://www.sec.gov/Archives/edgar/data/12927/000119312511111215/,dei:EntityCommonStockSharesOutstanding 클래스 합,5
Boeing,BA,2011Q1,2011-03-31,분기말 시가총액,54580658847,USD,계산(종가×주식수),https://query1.finance.yahoo.com/v8/finance/chart/BA?interval=1d&events=splits (2011-03-31) ; https://www.sec.gov/Archives/edgar/data/12927/000119312511111215/,종가 73.93 × 주식수 738274839,5
Boeing,BA,2011Q2,2011-06-30,분기별 매출액,16543000000,USD,공시,https://www.sec.gov/Archives/edgar/data/12927/000119312511198584/,,5
Boeing,BA,2011Q2,2011-06-30,분기별 영업이익,1534000000,USD,공시,https://www.sec.gov/Archives/edgar/data/12927/000119312511198584/,,5
Boeing,BA,2011Q2,2011-06-30,분기별 당기순이익(지배),941000000,USD,공시,https://www.sec.gov/Archives/edgar/data/12927/000119312511198584/,,5
Boeing,BA,2011Q2,2011-06-30,분기별 영업활동현금흐름,1596000000,USD,계산(누적차감),https://www.sec.gov/Archives/edgar/data/12927/000119312511198584/ ; https://www.sec.gov/Archives/edgar/data/12927/000119312511111215/,누적 643000000 − 직전누적 -953000000 (시작 2011-01-01),5
Boeing,BA,2011Q2,2011-06-30,분기말 자산총계,72119000000,USD,공시,https://www.sec.gov/Archives/edgar/data/12927/000119312511198584/,,5
Boeing,BA,2011Q2,2011-06-30,분기말 부채총계,67295000000,USD,공시,https://www.sec.gov/Archives/edgar/data/12927/000119312511198584/,,5
Boeing,BA,2011Q2,2011-06-30,분기말 총자본(자기자본),4824000000,USD,공시,https://www.sec.gov/Archives/edgar/data/12927/000119312511198584/,,5
Boeing,BA,2011Q2,2011-06-30,분기말 지배지분 자본,4733000000,USD,공시,https://www.sec.gov/Archives/edgar/data/12927/000119312511198584/,,5
Boeing,BA,2011Q2,2011-06-30,분기말 종가,73.93,USD,API,https://query1.finance.yahoo.com/v8/finance/chart/BA?interval=1d&events=splits (2011-06-30),,5
Boeing,BA,2011Q2,2011-07-20,분기말 상장주식수,741091503,주,공시(표지 기준일),https://www.sec.gov/Archives/edgar/data/12927/000119312511198584/,dei:EntityCommonStockSharesOutstanding 클래스 합,5
Boeing,BA,2011Q2,2011-06-30,분기말 시가총액,54788894817,USD,계산(종가×주식수),https://query1.finance.yahoo.com/v8/finance/chart/BA?interval=1d&events=splits (2011-06-30) ; https://www.sec.gov/Archives/edgar/data/12927/000119312511198584/,종가 73.93 × 주식수 741091503,5
Boeing,BA,2011Q3,2011-09-30,분기별 매출액,17727000000,USD,공시,https://www.sec.gov/Archives/edgar/data/12927/000119312511281613/,,5
Boeing,BA,2011Q3,2011-09-30,분기별 영업이익,1714000000,USD,공시,https://www.sec.gov/Archives/edgar/data/12927/000119312511281613/,,5
Boeing,BA,2011Q3,2011-09-30,분기별 당기순이익(지배),1098000000,USD,공시,https://www.sec.gov/Archives/edgar/data/12927/000119312511281613/,,5
Boeing,BA,2011Q3,2011-09-30,분기별 영업활동현금흐름,449000000,USD,계산(누적차감),https://www.sec.gov/Archives/edgar/data/12927/000119312511281613/ ; https://www.sec.gov/Archives/edgar/data/12927/000119312511198584/,누적 1092000000 − 직전누적 643000000 (시작 2011-01-01),5
Boeing,BA,2011Q3,2011-09-30,분기말 자산총계,74163000000,USD,공시,https://www.sec.gov/Archives/edgar/data/12927/000119312511281613/,,5
Boeing,BA,2011Q3,2011-09-30,분기말 부채총계,68102000000,USD,공시,https://www.sec.gov/Archives/edgar/data/12927/000119312511281613/,,5
Boeing,BA,2011Q3,2011-09-30,분기말 총자본(자기자본),6061000000,USD,공시,https://www.sec.gov/Archives/edgar/data/12927/000119312511281613/,,5
Boeing,BA,2011Q3,2011-09-30,분기말 지배지분 자본,5967000000,USD,공시,https://www.sec.gov/Archives/edgar/data/12927/000119312511281613/,,5
Boeing,BA,2011Q3,2011-09-30,분기말 종가,60.51,USD,API,https://query1.finance.yahoo.com/v8/finance/chart/BA?interval=1d&events=splits (2011-09-30),,5
Boeing,BA,2011Q3,2011-10-19,분기말 상장주식수,743234446,주,공시(표지 기준일),https://www.sec.gov/Archives/edgar/data/12927/000119312511281613/,dei:EntityCommonStockSharesOutstanding 클래스 합,5
Boeing,BA,2011Q3,2011-09-30,분기말 시가총액,44973116327,USD,계산(종가×주식수),https://query1.finance.yahoo.com/v8/finance/chart/BA?interval=1d&events=splits (2011-09-30) ; https://www.sec.gov/Archives/edgar/data/12927/000119312511281613/,종가 60.51 × 주식수 743234446,5
Boeing,BA,2011Q4,2011-12-31,분기별 매출액,19555000000,USD,계산(연간-3분기누적),https://www.sec.gov/Archives/edgar/data/12927/000119312512048565/ ; https://www.sec.gov/Archives/edgar/data/12927/000119312511281613/,연간 68735000000 − 9개월누적 49180000000 (Revenues),5
Boeing,BA,2011Q4,2011-12-31,분기별 영업이익,1597000000,USD,계산(연간-3분기누적),https://www.sec.gov/Archives/edgar/data/12927/000119312512048565/ ; https://www.sec.gov/Archives/edgar/data/12927/000119312511281613/,연간 5844000000 − 9개월누적 4247000000 (OperatingIncomeLoss),5
Boeing,BA,2011Q4,2011-12-31,분기별 당기순이익(지배),1393000000,USD,계산(연간-3분기누적),https://www.sec.gov/Archives/edgar/data/12927/000119312512048565/ ; https://www.sec.gov/Archives/edgar/data/12927/000119312511281613/,연간 4018000000 − 9개월누적 2625000000 (NetIncomeLoss),5
Boeing,BA,2011Q4,2011-12-31,분기별 영업활동현금흐름,2931000000,USD,계산(누적차감),https://www.sec.gov/Archives/edgar/data/12927/000119312512048565/ ; https://www.sec.gov/Archives/edgar/data/12927/000119312511281613/,누적 4023000000 − 직전누적 1092000000 (시작 2011-01-01),5
Boeing,BA,2011Q4,2011-12-31,분기말 자산총계,79986000000,USD,공시,https://www.sec.gov/Archives/edgar/data/12927/000119312512048565/,,5
Boeing,BA,2011Q4,2011-12-31,분기말 부채총계,76378000000,USD,공시,https://www.sec.gov/Archives/edgar/data/12927/000119312512048565/,,5
Boeing,BA,2011Q4,2011-12-31,분기말 총자본(자기자본),3608000000,USD,공시,https://www.sec.gov/Archives/edgar/data/12927/000119312512048565/,,5
Boeing,BA,2011Q4,2011-12-31,분기말 지배지분 자본,3515000000,USD,공시,https://www.sec.gov/Archives/edgar/data/12927/000119312512048565/,,5
Boeing,BA,2011Q4,2011-12-30,분기말 종가,73.35,USD,API,https://query1.finance.yahoo.com/v8/finance/chart/BA?interval=1d&events=splits (2011-12-30),,5
Boeing,BA,2011Q4,2012-02-01,분기말 상장주식수,745720763,주,공시(표지 기준일),https://www.sec.gov/Archives/edgar/data/12927/000119312512048565/,dei:EntityCommonStockSharesOutstanding 클래스 합,5
Boeing,BA,2011Q4,2011-12-30,분기말 시가총액,54698617966,USD,계산(종가×주식수),https://query1.finance.yahoo.com/v8/finance/chart/BA?interval=1d&events=splits (2011-12-30) ; https://www.sec.gov/Archives/edgar/data/12927/000119312512048565/,종가 73.35 × 주식수 745720763,5
Boeing,BA,2012Q1,2012-03-31,분기별 매출액,19383000000,USD,공시,https://www.sec.gov/Archives/edgar/data/12927/000119312512181463/,,5
Boeing,BA,2012Q1,2012-03-31,분기별 영업이익,1570000000,USD,공시,https://www.sec.gov/Archives/edgar/data/12927/000119312512181463/,,5
Boeing,BA,2012Q1,2012-03-31,분기별 당기순이익(지배),923000000,USD,공시,https://www.sec.gov/Archives/edgar/data/12927/000119312512181463/,,5
Boeing,BA,2012Q1,2012-03-31,분기별 영업활동현금흐름,837000000,USD,공시,https://www.sec.gov/Archives/edgar/data/12927/000119312512181463/,,5
Boeing,BA,2012Q1,2012-03-31,분기말 자산총계,80205000000,USD,공시,https://www.sec.gov/Archives/edgar/data/12927/000119312512181463/,,5
Boeing,BA,2012Q1,2012-03-31,분기말 부채총계,75085000000,USD,공시,https://www.sec.gov/Archives/edgar/data/12927/000119312512181463/,,5
Boeing,BA,2012Q1,2012-03-31,분기말 총자본(자기자본),5120000000,USD,공시,https://www.sec.gov/Archives/edgar/data/12927/000119312512181463/,,5
Boeing,BA,2012Q1,2012-03-31,분기말 지배지분 자본,5027000000,USD,공시,https://www.sec.gov/Archives/edgar/data/12927/000119312512181463/,,5
Boeing,BA,2012Q1,2012-03-30,분기말 종가,74.37,USD,API,https://query1.finance.yahoo.com/v8/finance/chart/BA?interval=1d&events=splits (2012-03-30),,5
Boeing,BA,2012Q1,2012-04-18,분기말 상장주식수,749049454,주,공시(표지 기준일),https://www.sec.gov/Archives/edgar/data/12927/000119312512181463/,dei:EntityCommonStockSharesOutstanding 클래스 합,5
Boeing,BA,2012Q1,2012-03-30,분기말 시가총액,55706807894,USD,계산(종가×주식수),https://query1.finance.yahoo.com/v8/finance/chart/BA?interval=1d&events=splits (2012-03-30) ; https://www.sec.gov/Archives/edgar/data/12927/000119312512181463/,종가 74.37 × 주식수 749049454,5
Boeing,BA,2012Q2,2012-06-30,분기별 매출액,20005000000,USD,공시,https://www.sec.gov/Archives/edgar/data/12927/000001292712000012/,,5
Boeing,BA,2012Q2,2012-06-30,분기별 영업이익,1548000000,USD,공시,https://www.sec.gov/Archives/edgar/data/12927/000001292712000012/,,5
Boeing,BA,2012Q2,2012-06-30,분기별 당기순이익(지배),967000000,USD,공시,https://www.sec.gov/Archives/edgar/data/12927/000001292712000012/,,5
Boeing,BA,2012Q2,2012-06-30,분기별 영업활동현금흐름,908000000,USD,계산(누적차감),https://www.sec.gov/Archives/edgar/data/12927/000001292712000012/ ; https://www.sec.gov/Archives/edgar/data/12927/000119312512181463/,누적 1745000000 − 직전누적 837000000 (시작 2012-01-01),5
Boeing,BA,2012Q2,2012-06-30,분기말 자산총계,81595000000,USD,공시,https://www.sec.gov/Archives/edgar/data/12927/000001292712000012/,,5
Boeing,BA,2012Q2,2012-06-30,분기말 부채총계,75703000000,USD,공시,https://www.sec.gov/Archives/edgar/data/12927/000001292712000012/,,5
Boeing,BA,2012Q2,2012-06-30,분기말 총자본(자기자본),5892000000,USD,공시,https://www.sec.gov/Archives/edgar/data/12927/000001292712000012/,,5
Boeing,BA,2012Q2,2012-06-30,분기말 지배지분 자본,5804000000,USD,공시,https://www.sec.gov/Archives/edgar/data/12927/000001292712000012/,,5
Boeing,BA,2012Q2,2012-06-29,분기말 종가,74.3,USD,API,https://query1.finance.yahoo.com/v8/finance/chart/BA?interval=1d&events=splits (2012-06-29),,5
Boeing,BA,2012Q2,2012-07-18,분기말 상장주식수,751797604,주,공시(표지 기준일),https://www.sec.gov/Archives/edgar/data/12927/000001292712000012/,dei:EntityCommonStockSharesOutstanding 클래스 합,5
Boeing,BA,2012Q2,2012-06-29,분기말 시가총액,55858561977,USD,계산(종가×주식수),https://query1.finance.yahoo.com/v8/finance/chart/BA?interval=1d&events=splits (2012-06-29) ; https://www.sec.gov/Archives/edgar/data/12927/000001292712000012/,종가 74.3 × 주식수 751797604,5
Boeing,BA,2012Q3,2012-09-30,분기별 매출액,20008000000,USD,공시,https://www.sec.gov/Archives/edgar/data/12927/000001292712000024/,,5
Boeing,BA,2012Q3,2012-09-30,분기별 영업이익,1564000000,USD,공시,https://www.sec.gov/Archives/edgar/data/12927/000001292712000024/,,5
Boeing,BA,2012Q3,2012-09-30,분기별 당기순이익(지배),1032000000,USD,공시,https://www.sec.gov/Archives/edgar/data/12927/000001292712000024/,,5
Boeing,BA,2012Q3,2012-09-30,분기별 영업활동현금흐름,1596000000,USD,계산(누적차감),https://www.sec.gov/Archives/edgar/data/12927/000001292712000024/ ; https://www.sec.gov/Archives/edgar/data/12927/000001292712000012/,누적 3341000000 − 직전누적 1745000000 (시작 2012-01-01),5
Boeing,BA,2012Q3,2012-09-30,분기말 자산총계,83654000000,USD,공시,https://www.sec.gov/Archives/edgar/data/12927/000001292712000024/,,5
Boeing,BA,2012Q3,2012-09-30,분기말 부채총계,75972000000,USD,공시,https://www.sec.gov/Archives/edgar/data/12927/000001292712000024/,,5
Boeing,BA,2012Q3,2012-09-30,분기말 총자본(자기자본),7682000000,USD,공시,https://www.sec.gov/Archives/edgar/data/12927/000001292712000024/,,5
Boeing,BA,2012Q3,2012-09-30,분기말 지배지분 자본,7588000000,USD,공시,https://www.sec.gov/Archives/edgar/data/12927/000001292712000024/,,5
Boeing,BA,2012Q3,2012-09-28,분기말 종가,69.6,USD,API,https://query1.finance.yahoo.com/v8/finance/chart/BA?interval=1d&events=splits (2012-09-28),,5
Boeing,BA,2012Q3,2012-10-17,분기말 상장주식수,754076883,주,공시(표지 기준일),https://www.sec.gov/Archives/edgar/data/12927/000001292712000024/,dei:EntityCommonStockSharesOutstanding 클래스 합,5
Boeing,BA,2012Q3,2012-09-28,분기말 시가총액,52483751057,USD,계산(종가×주식수),https://query1.finance.yahoo.com/v8/finance/chart/BA?interval=1d&events=splits (2012-09-28) ; https://www.sec.gov/Archives/edgar/data/12927/000001292712000024/,종가 69.6 × 주식수 754076883,5
Boeing,BA,2012Q4,2012-12-31,분기별 매출액,22302000000,USD,계산(연간-3분기누적),https://www.sec.gov/Archives/edgar/data/12927/000001292713000014/ ; https://www.sec.gov/Archives/edgar/data/12927/000001292712000024/,연간 81698000000 − 9개월누적 59396000000 (Revenues),5
Boeing,BA,2012Q4,2012-12-31,분기별 영업이익,1629000000,USD,계산(연간-3분기누적),https://www.sec.gov/Archives/edgar/data/12927/000001292713000014/ ; https://www.sec.gov/Archives/edgar/data/12927/000001292712000024/,연간 6311000000 − 9개월누적 4682000000 (OperatingIncomeLoss),5
Boeing,BA,2012Q4,2012-12-31,분기별 당기순이익(지배),978000000,USD,계산(연간-3분기누적),https://www.sec.gov/Archives/edgar/data/12927/000001292713000014/ ; https://www.sec.gov/Archives/edgar/data/12927/000001292712000024/,연간 3900000000 − 9개월누적 2922000000 (NetIncomeLoss),5
Boeing,BA,2012Q4,2012-12-31,분기별 영업활동현금흐름,4167000000,USD,계산(누적차감),https://www.sec.gov/Archives/edgar/data/12927/000001292713000014/ ; https://www.sec.gov/Archives/edgar/data/12927/000001292712000024/,누적 7508000000 − 직전누적 3341000000 (시작 2012-01-01),5
Boeing,BA,2012Q4,2012-12-31,분기말 자산총계,88896000000,USD,공시,https://www.sec.gov/Archives/edgar/data/12927/000001292713000014/,,5
Boeing,BA,2012Q4,2012-12-31,분기말 부채총계,82929000000,USD,계산(부채및자본-총자본),https://www.sec.gov/Archives/edgar/data/12927/000001292713000014/,부채및자본 88896000000 − 총자본 5967000000,5
Boeing,BA,2012Q4,2012-12-31,분기말 총자본(자기자본),5967000000,USD,공시,https://www.sec.gov/Archives/edgar/data/12927/000001292713000014/,,5
Boeing,BA,2012Q4,2012-12-31,분기말 지배지분 자본,5867000000,USD,공시,https://www.sec.gov/Archives/edgar/data/12927/000001292713000014/,,5
Boeing,BA,2012Q4,2012-12-31,분기말 종가,75.36,USD,API,https://query1.finance.yahoo.com/v8/finance/chart/BA?interval=1d&events=splits (2012-12-31),,5
Boeing,BA,2012Q4,2013-02-01,분기말 상장주식수,756165531,주,공시(표지 기준일),https://www.sec.gov/Archives/edgar/data/12927/000001292713000014/,dei:EntityCommonStockSharesOutstanding 클래스 합,5
Boeing,BA,2012Q4,2012-12-31,분기말 시가총액,56984634416,USD,계산(종가×주식수),https://query1.finance.yahoo.com/v8/finance/chart/BA?interval=1d&events=splits (2012-12-31) ; https://www.sec.gov/Archives/edgar/data/12927/000001292713000014/,종가 75.36 × 주식수 756165531,5
Boeing,BA,2013Q1,2013-03-31,분기별 매출액,18893000000,USD,공시,https://www.sec.gov/Archives/edgar/data/12927/000001292713000023/,,5
Boeing,BA,2013Q1,2013-03-31,분기별 영업이익,1528000000,USD,공시,https://www.sec.gov/Archives/edgar/data/12927/000001292713000023/,,5
Boeing,BA,2013Q1,2013-03-31,분기별 당기순이익(지배),1106000000,USD,공시,https://www.sec.gov/Archives/edgar/data/12927/000001292713000023/,,5
Boeing,BA,2013Q1,2013-03-31,분기별 영업활동현금흐름,524000000,USD,공시,https://www.sec.gov/Archives/edgar/data/12927/000001292713000023/,,5
Boeing,BA,2013Q1,2013-03-31,분기말 자산총계,90447000000,USD,공시,https://www.sec.gov/Archives/edgar/data/12927/000001292713000023/,,5
Boeing,BA,2013Q1,2013-03-31,분기말 부채총계,82887000000,USD,계산(부채및자본-총자본),https://www.sec.gov/Archives/edgar/data/12927/000001292713000023/,부채및자본 90447000000 − 총자본 7560000000,5
Boeing,BA,2013Q1,2013-03-31,분기말 총자본(자기자본),7560000000,USD,공시,https://www.sec.gov/Archives/edgar/data/12927/000001292713000023/,,5
Boeing,BA,2013Q1,2013-03-31,분기말 지배지분 자본,7462000000,USD,공시,https://www.sec.gov/Archives/edgar/data/12927/000001292713000023/,,5
Boeing,BA,2013Q1,2013-03-28,분기말 종가,85.85,USD,API,https://query1.finance.yahoo.com/v8/finance/chart/BA?interval=1d&events=splits (2013-03-28),,5
Boeing,BA,2013Q1,2013-04-17,분기말 상장주식수,758681225,주,공시(표지 기준일),https://www.sec.gov/Archives/edgar/data/12927/000001292713000023/,dei:EntityCommonStockSharesOutstanding 클래스 합,5
Boeing,BA,2013Q1,2013-03-28,분기말 시가총액,65132783166,USD,계산(종가×주식수),https://query1.finance.yahoo.com/v8/finance/chart/BA?interval=1d&events=splits (2013-03-28) ; https://www.sec.gov/Archives/edgar/data/12927/000001292713000023/,종가 85.85 × 주식수 758681225,5
Boeing,BA,2013Q2,2013-06-30,분기별 매출액,21815000000,USD,공시,https://www.sec.gov/Archives/edgar/data/12927/000001292713000035/,,5
Boeing,BA,2013Q2,2013-06-30,분기별 영업이익,1716000000,USD,공시,https://www.sec.gov/Archives/edgar/data/12927/000001292713000035/,,5
Boeing,BA,2013Q2,2013-06-30,분기별 당기순이익(지배),1088000000,USD,공시,https://www.sec.gov/Archives/edgar/data/12927/000001292713000035/,,5
Boeing,BA,2013Q2,2013-06-30,분기별 영업활동현금흐름,3467000000,USD,계산(누적차감),https://www.sec.gov/Archives/edgar/data/12927/000001292713000035/ ; https://www.sec.gov/Archives/edgar/data/12927/000001292713000023/,누적 3991000000 − 직전누적 524000000 (시작 2013-01-01),5
Boeing,BA,2013Q2,2013-06-30,분기말 자산총계,92091000000,USD,공시,https://www.sec.gov/Archives/edgar/data/12927/000001292713000035/,,5
Boeing,BA,2013Q2,2013-06-30,분기말 부채총계,84459000000,USD,계산(부채및자본-총자본),https://www.sec.gov/Archives/edgar/data/12927/000001292713000035/,부채및자본 92091000000 − 총자본 7632000000,5
Boeing,BA,2013Q2,2013-06-30,분기말 총자본(자기자본),7632000000,USD,공시,https://www.sec.gov/Archives/edgar/data/12927/000001292713000035/,,5
Boeing,BA,2013Q2,2013-06-30,분기말 지배지분 자본,7526000000,USD,공시,https://www.sec.gov/Archives/edgar/data/12927/000001292713000035/,,5
Boeing,BA,2013Q2,2013-06-28,분기말 종가,102.44,USD,API,https://query1.finance.yahoo.com/v8/finance/chart/BA?interval=1d&events=splits (2013-06-28),,5
Boeing,BA,2013Q2,2013-07-17,분기말 상장주식수,754444329,주,공시(표지 기준일),https://www.sec.gov/Archives/edgar/data/12927/000001292713000035/,dei:EntityCommonStockSharesOutstanding 클래스 합,5
Boeing,BA,2013Q2,2013-06-28,분기말 시가총액,77285277063,USD,계산(종가×주식수),https://query1.finance.yahoo.com/v8/finance/chart/BA?interval=1d&events=splits (2013-06-28) ; https://www.sec.gov/Archives/edgar/data/12927/000001292713000035/,종가 102.44 × 주식수 754444329,5
Boeing,BA,2013Q3,2013-09-30,분기별 매출액,22130000000,USD,공시,https://www.sec.gov/Archives/edgar/data/12927/000001292713000041/,,5
Boeing,BA,2013Q3,2013-09-30,분기별 영업이익,1803000000,USD,공시,https://www.sec.gov/Archives/edgar/data/12927/000001292713000041/,,5
Boeing,BA,2013Q3,2013-09-30,분기별 당기순이익(지배),1158000000,USD,공시,https://www.sec.gov/Archives/edgar/data/12927/000001292713000041/,,5
Boeing,BA,2013Q3,2013-09-30,분기별 영업활동현금흐름,2808000000,USD,계산(누적차감),https://www.sec.gov/Archives/edgar/data/12927/000001292713000041/ ; https://www.sec.gov/Archives/edgar/data/12927/000001292713000035/,누적 6799000000 − 직전누적 3991000000 (시작 2013-01-01),5
Boeing,BA,2013Q3,2013-09-30,분기말 자산총계,94633000000,USD,공시,https://www.sec.gov/Archives/edgar/data/12927/000001292713000041/,,5
Boeing,BA,2013Q3,2013-09-30,분기말 부채총계,85566000000,USD,계산(부채및자본-총자본),https://www.sec.gov/Archives/edgar/data/12927/000001292713000041/,부채및자본 94633000000 − 총자본 9067000000,5
Boeing,BA,2013Q3,2013-09-30,분기말 총자본(자기자본),9067000000,USD,공시,https://www.sec.gov/Archives/edgar/data/12927/000001292713000041/,,5
Boeing,BA,2013Q3,2013-09-30,분기말 지배지분 자본,8951000000,USD,공시,https://www.sec.gov/Archives/edgar/data/12927/000001292713000041/,,5
Boeing,BA,2013Q3,2013-09-30,분기말 종가,117.5,USD,API,https://query1.finance.yahoo.com/v8/finance/chart/BA?interval=1d&events=splits (2013-09-30),,5
Boeing,BA,2013Q3,2013-10-16,분기말 상장주식수,751453447,주,공시(표지 기준일),https://www.sec.gov/Archives/edgar/data/12927/000001292713000041/,dei:EntityCommonStockSharesOutstanding 클래스 합,5
Boeing,BA,2013Q3,2013-09-30,분기말 시가총액,88295780022,USD,계산(종가×주식수),https://query1.finance.yahoo.com/v8/finance/chart/BA?interval=1d&events=splits (2013-09-30) ; https://www.sec.gov/Archives/edgar/data/12927/000001292713000041/,종가 117.5 × 주식수 751453447,5
Boeing,BA,2013Q4,2013-12-31,분기별 매출액,23785000000,USD,계산(연간-3분기누적),https://www.sec.gov/Archives/edgar/data/12927/000001292714000004/ ; https://www.sec.gov/Archives/edgar/data/12927/000001292713000041/,연간 86623000000 − 9개월누적 62838000000 (Revenues),5
Boeing,BA,2013Q4,2013-12-31,분기별 영업이익,1515000000,USD,계산(연간-3분기누적),https://www.sec.gov/Archives/edgar/data/12927/000001292714000004/ ; https://www.sec.gov/Archives/edgar/data/12927/000001292713000041/,연간 6562000000 − 9개월누적 5047000000 (OperatingIncomeLoss),5
Boeing,BA,2013Q4,2013-12-31,분기별 당기순이익(지배),1233000000,USD,계산(연간-3분기누적),https://www.sec.gov/Archives/edgar/data/12927/000001292714000004/ ; https://www.sec.gov/Archives/edgar/data/12927/000001292713000041/,연간 4585000000 − 9개월누적 3352000000 (NetIncomeLoss),5
Boeing,BA,2013Q4,2013-12-31,분기별 영업활동현금흐름,1380000000,USD,계산(누적차감),https://www.sec.gov/Archives/edgar/data/12927/000001292714000004/ ; https://www.sec.gov/Archives/edgar/data/12927/000001292713000041/,누적 8179000000 − 직전누적 6799000000 (시작 2013-01-01),5
Boeing,BA,2013Q4,2013-12-31,분기말 자산총계,92663000000,USD,공시,https://www.sec.gov/Archives/edgar/data/12927/000001292714000004/,,5
Boeing,BA,2013Q4,2013-12-31,분기말 부채총계,77666000000,USD,계산(부채및자본-총자본),https://www.sec.gov/Archives/edgar/data/12927/000001292714000004/,부채및자본 92663000000 − 총자본 14997000000,5
Boeing,BA,2013Q4,2013-12-31,분기말 총자본(자기자본),14997000000,USD,공시,https://www.sec.gov/Archives/edgar/data/12927/000001292714000004/,,5
Boeing,BA,2013Q4,2013-12-31,분기말 지배지분 자본,14875000000,USD,공시,https://www.sec.gov/Archives/edgar/data/12927/000001292714000004/,,5
Boeing,BA,2013Q4,2013-12-31,분기말 종가,136.49,USD,API,https://query1.finance.yahoo.com/v8/finance/chart/BA?interval=1d&events=splits (2013-12-31),,5
Boeing,BA,2013Q4,2014-02-07,분기말 상장주식수,743404506,주,공시(표지 기준일),https://www.sec.gov/Archives/edgar/data/12927/000001292714000004/,dei:EntityCommonStockSharesOutstanding 클래스 합,5
Boeing,BA,2013Q4,2013-12-31,분기말 시가총액,101467281024,USD,계산(종가×주식수),https://query1.finance.yahoo.com/v8/finance/chart/BA?interval=1d&events=splits (2013-12-31) ; https://www.sec.gov/Archives/edgar/data/12927/000001292714000004/,종가 136.49 × 주식수 743404506,5
Boeing,BA,2014Q1,2014-03-31,분기별 매출액,20465000000,USD,공시,https://www.sec.gov/Archives/edgar/data/12927/000001292714000022/,,5
Boeing,BA,2014Q1,2014-03-31,분기별 영업이익,1542000000,USD,공시,https://www.sec.gov/Archives/edgar/data/12927/000001292714000022/,,5
Boeing,BA,2014Q1,2014-03-31,분기별 당기순이익(지배),965000000,USD,공시,https://www.sec.gov/Archives/edgar/data/12927/000001292714000022/,,5
Boeing,BA,2014Q1,2014-03-31,분기별 영업활동현금흐름,1112000000,USD,공시,https://www.sec.gov/Archives/edgar/data/12927/000001292714000022/,,5
Boeing,BA,2014Q1,2014-03-31,분기말 자산총계,91575000000,USD,공시,https://www.sec.gov/Archives/edgar/data/12927/000001292714000022/,,5
Boeing,BA,2014Q1,2014-03-31,분기말 부채총계,76942000000,USD,계산(부채및자본-총자본),https://www.sec.gov/Archives/edgar/data/12927/000001292714000022/,부채및자본 91575000000 − 총자본 14633000000,5
Boeing,BA,2014Q1,2014-03-31,분기말 총자본(자기자본),14633000000,USD,공시,https://www.sec.gov/Archives/edgar/data/12927/000001292714000022/,,5
Boeing,BA,2014Q1,2014-03-31,분기말 지배지분 자본,14520000000,USD,공시,https://www.sec.gov/Archives/edgar/data/12927/000001292714000022/,,5
Boeing,BA,2014Q1,2014-03-31,분기말 종가,125.49,USD,API,https://query1.finance.yahoo.com/v8/finance/chart/BA?interval=1d&events=splits (2014-03-31),,5
Boeing,BA,2014Q1,2014-04-16,분기말 상장주식수,729224508,주,공시(표지 기준일),https://www.sec.gov/Archives/edgar/data/12927/000001292714000022/,dei:EntityCommonStockSharesOutstanding 클래스 합,5
Boeing,BA,2014Q1,2014-03-31,분기말 시가총액,91510383509,USD,계산(종가×주식수),https://query1.finance.yahoo.com/v8/finance/chart/BA?interval=1d&events=splits (2014-03-31) ; https://www.sec.gov/Archives/edgar/data/12927/000001292714000022/,종가 125.49 × 주식수 729224508,5
Boeing,BA,2014Q2,2014-06-30,분기별 매출액,22045000000,USD,공시,https://www.sec.gov/Archives/edgar/data/12927/000001292714000042/,,5
Boeing,BA,2014Q2,2014-06-30,분기별 영업이익,1787000000,USD,공시,https://www.sec.gov/Archives/edgar/data/12927/000001292714000042/,,5
Boeing,BA,2014Q2,2014-06-30,분기별 당기순이익(지배),1653000000,USD,공시,https://www.sec.gov/Archives/edgar/data/12927/000001292714000042/,,5
Boeing,BA,2014Q2,2014-06-30,분기별 영업활동현금흐름,1809000000,USD,계산(누적차감),https://www.sec.gov/Archives/edgar/data/12927/000001292714000042/ ; https://www.sec.gov/Archives/edgar/data/12927/000001292714000022/,누적 2921000000 − 직전누적 1112000000 (시작 2014-01-01),5
Boeing,BA,2014Q2,2014-06-30,분기말 자산총계,92737000000,USD,공시,https://www.sec.gov/Archives/edgar/data/12927/000001292714000042/,,5
Boeing,BA,2014Q2,2014-06-30,분기말 부채총계,78553000000,USD,계산(부채및자본-총자본),https://www.sec.gov/Archives/edgar/data/12927/000001292714000042/,부채및자본 92737000000 − 총자본 14184000000,5
Boeing,BA,2014Q2,2014-06-30,분기말 총자본(자기자본),14184000000,USD,공시,https://www.sec.gov/Archives/edgar/data/12927/000001292714000042/,,5
Boeing,BA,2014Q2,2014-06-30,분기말 지배지분 자본,14061000000,USD,공시,https://www.sec.gov/Archives/edgar/data/12927/000001292714000042/,,5
Boeing,BA,2014Q2,2014-06-30,분기말 종가,127.23,USD,API,https://query1.finance.yahoo.com/v8/finance/chart/BA?interval=1d&events=splits (2014-06-30),,5
Boeing,BA,2014Q2,2014-07-16,분기말 상장주식수,720613065,주,공시(표지 기준일),https://www.sec.gov/Archives/edgar/data/12927/000001292714000042/,dei:EntityCommonStockSharesOutstanding 클래스 합,5
Boeing,BA,2014Q2,2014-06-30,분기말 시가총액,91683600260,USD,계산(종가×주식수),https://query1.finance.yahoo.com/v8/finance/chart/BA?interval=1d&events=splits (2014-06-30) ; https://www.sec.gov/Archives/edgar/data/12927/000001292714000042/,종가 127.23 × 주식수 720613065,5
Boeing,BA,2014Q3,2014-09-30,분기별 매출액,23784000000,USD,공시,https://www.sec.gov/Archives/edgar/data/12927/000001292714000057/,,5
Boeing,BA,2014Q3,2014-09-30,분기별 영업이익,2119000000,USD,공시,https://www.sec.gov/Archives/edgar/data/12927/000001292714000057/,,5
Boeing,BA,2014Q3,2014-09-30,분기별 당기순이익(지배),1362000000,USD,공시,https://www.sec.gov/Archives/edgar/data/12927/000001292714000057/,,5
Boeing,BA,2014Q3,2014-09-30,분기별 영업활동현금흐름,939000000,USD,계산(누적차감),https://www.sec.gov/Archives/edgar/data/12927/000001292714000057/ ; https://www.sec.gov/Archives/edgar/data/12927/000001292714000042/,누적 3860000000 − 직전누적 2921000000 (시작 2014-01-01),5
Boeing,BA,2014Q3,2014-09-30,분기말 자산총계,92653000000,USD,공시,https://www.sec.gov/Archives/edgar/data/12927/000001292714000057/,,5
Boeing,BA,2014Q3,2014-09-30,분기말 부채총계,78016000000,USD,계산(부채및자본-총자본),https://www.sec.gov/Archives/edgar/data/12927/000001292714000057/,부채및자본 92653000000 − 총자본 14637000000,5
Boeing,BA,2014Q3,2014-09-30,분기말 총자본(자기자본),14637000000,USD,공시,https://www.sec.gov/Archives/edgar/data/12927/000001292714000057/,,5
Boeing,BA,2014Q3,2014-09-30,분기말 지배지분 자본,14511000000,USD,공시,https://www.sec.gov/Archives/edgar/data/12927/000001292714000057/,,5
Boeing,BA,2014Q3,2014-09-30,분기말 종가,127.38,USD,API,https://query1.finance.yahoo.com/v8/finance/chart/BA?interval=1d&events=splits (2014-09-30),,5
Boeing,BA,2014Q3,2014-10-15,분기말 상장주식수,712930459,주,공시(표지 기준일),https://www.sec.gov/Archives/edgar/data/12927/000001292714000057/,dei:EntityCommonStockSharesOutstanding 클래스 합,5
Boeing,BA,2014Q3,2014-09-30,분기말 시가총액,90813081867,USD,계산(종가×주식수),https://query1.finance.yahoo.com/v8/finance/chart/BA?interval=1d&events=splits (2014-09-30) ; https://www.sec.gov/Archives/edgar/data/12927/000001292714000057/,종가 127.38 × 주식수 712930459,5
Boeing,BA,2014Q4,2014-12-31,분기별 매출액,24468000000,USD,계산(연간-3분기누적),https://www.sec.gov/Archives/edgar/data/12927/000001292715000011/ ; https://www.sec.gov/Archives/edgar/data/12927/000001292714000057/,연간 90762000000 − 9개월누적 66294000000 (Revenues),5
Boeing,BA,2014Q4,2014-12-31,분기별 영업이익,2025000000,USD,계산(연간-3분기누적),https://www.sec.gov/Archives/edgar/data/12927/000001292715000011/ ; https://www.sec.gov/Archives/edgar/data/12927/000001292714000057/,연간 7473000000 − 9개월누적 5448000000 (OperatingIncomeLoss),5
Boeing,BA,2014Q4,2014-12-31,분기별 당기순이익(지배),1466000000,USD,계산(연간-3분기누적),https://www.sec.gov/Archives/edgar/data/12927/000001292715000011/ ; https://www.sec.gov/Archives/edgar/data/12927/000001292714000057/,연간 5446000000 − 9개월누적 3980000000 (NetIncomeLoss),5
Boeing,BA,2014Q4,2014-12-31,분기별 영업활동현금흐름,4998000000,USD,계산(누적차감),https://www.sec.gov/Archives/edgar/data/12927/000001292715000011/ ; https://www.sec.gov/Archives/edgar/data/12927/000001292714000057/,누적 8858000000 − 직전누적 3860000000 (시작 2014-01-01),5
Boeing,BA,2014Q4,2014-12-31,분기말 자산총계,92921000000,USD,공시(재작성 반영),https://www.sec.gov/Archives/edgar/data/12927/000001292716000099/,원 공시 99198000000 (https://www.sec.gov/Archives/edgar/data/12927/000001292715000011/),5
Boeing,BA,2014Q4,2014-12-31,분기말 부채총계,84131000000,USD,계산(부채및자본-총자본)(재작성 반영),https://www.sec.gov/Archives/edgar/data/12927/000001292716000099/,부채및자본 92921000000 − 총자본 8790000000 ; 원 공시 90408000000 (https://www.sec.gov/Archives/edgar/data/12927/000001292715000011/),5
Boeing,BA,2014Q4,2014-12-31,분기말 총자본(자기자본),8790000000,USD,공시,https://www.sec.gov/Archives/edgar/data/12927/000001292715000011/,,5
Boeing,BA,2014Q4,2014-12-31,분기말 지배지분 자본,8665000000,USD,공시,https://www.sec.gov/Archives/edgar/data/12927/000001292715000011/,,5
Boeing,BA,2014Q4,2014-12-31,분기말 종가,129.98,USD,API,https://query1.finance.yahoo.com/v8/finance/chart/BA?interval=1d&events=splits (2014-12-31),,5
Boeing,BA,2014Q4,2015-02-05,분기말 상장주식수,704387613,주,공시(표지 기준일),https://www.sec.gov/Archives/edgar/data/12927/000001292715000011/,dei:EntityCommonStockSharesOutstanding 클래스 합,5
Boeing,BA,2014Q4,2014-12-31,분기말 시가총액,91556301938,USD,계산(종가×주식수),https://query1.finance.yahoo.com/v8/finance/chart/BA?interval=1d&events=splits (2014-12-31) ; https://www.sec.gov/Archives/edgar/data/12927/000001292715000011/,종가 129.98 × 주식수 704387613,5
Boeing,BA,2015Q1,2015-03-31,분기별 매출액,22149000000,USD,공시,https://www.sec.gov/Archives/edgar/data/12927/000001292715000019/,,5
Boeing,BA,2015Q1,2015-03-31,분기별 영업이익,2019000000,USD,공시,https://www.sec.gov/Archives/edgar/data/12927/000001292715000019/,,5
Boeing,BA,2015Q1,2015-03-31,분기별 당기순이익(지배),1336000000,USD,공시,https://www.sec.gov/Archives/edgar/data/12927/000001292715000019/,,5
Boeing,BA,2015Q1,2015-03-31,분기별 영업활동현금흐름,88000000,USD,공시,https://www.sec.gov/Archives/edgar/data/12927/000001292715000019/,,5
Boeing,BA,2015Q1,2015-03-31,분기말 자산총계,97775000000,USD,공시,https://www.sec.gov/Archives/edgar/data/12927/000001292715000019/,,5
Boeing,BA,2015Q1,2015-03-31,분기말 부채총계,89745000000,USD,계산(부채및자본-총자본),https://www.sec.gov/Archives/edgar/data/12927/000001292715000019/,부채및자본 97775000000 − 총자본 8030000000,5
Boeing,BA,2015Q1,2015-03-31,분기말 총자본(자기자본),8030000000,USD,공시,https://www.sec.gov/Archives/edgar/data/12927/000001292715000019/,,5
Boeing,BA,2015Q1,2015-03-31,분기말 지배지분 자본,7906000000,USD,공시,https://www.sec.gov/Archives/edgar/data/12927/000001292715000019/,,5
Boeing,BA,2015Q1,2015-03-31,분기말 종가,150.08,USD,API,https://query1.finance.yahoo.com/v8/finance/chart/BA?interval=1d&events=splits (2015-03-31),,5
Boeing,BA,2015Q1,2015-04-15,분기말 상장주식수,691517301,주,공시(표지 기준일),https://www.sec.gov/Archives/edgar/data/12927/000001292715000019/,dei:EntityCommonStockSharesOutstanding 클래스 합,5
Boeing,BA,2015Q1,2015-03-31,분기말 시가총액,103782916534,USD,계산(종가×주식수),https://query1.finance.yahoo.com/v8/finance/chart/BA?interval=1d&events=splits (2015-03-31) ; https://www.sec.gov/Archives/edgar/data/12927/000001292715000019/,종가 150.08 × 주식수 691517301,5
Boeing,BA,2015Q2,2015-06-30,분기별 매출액,24543000000,USD,공시,https://www.sec.gov/Archives/edgar/data/12927/000001292715000055/,,5
Boeing,BA,2015Q2,2015-06-30,분기별 영업이익,1683000000,USD,공시,https://www.sec.gov/Archives/edgar/data/12927/000001292715000055/,,5
Boeing,BA,2015Q2,2015-06-30,분기별 당기순이익(지배),1110000000,USD,공시,https://www.sec.gov/Archives/edgar/data/12927/000001292715000055/,,5
Boeing,BA,2015Q2,2015-06-30,분기별 영업활동현금흐름,3297000000,USD,계산(누적차감),https://www.sec.gov/Archives/edgar/data/12927/000001292715000055/ ; https://www.sec.gov/Archives/edgar/data/12927/000001292715000019/,누적 3385000000 − 직전누적 88000000 (시작 2015-01-01),5
Boeing,BA,2015Q2,2015-06-30,분기말 자산총계,98102000000,USD,공시,https://www.sec.gov/Archives/edgar/data/12927/000001292715000055/,,5
Boeing,BA,2015Q2,2015-06-30,분기말 부채총계,91795000000,USD,계산(부채및자본-총자본),https://www.sec.gov/Archives/edgar/data/12927/000001292715000055/,부채및자본 98102000000 − 총자본 6307000000,5
Boeing,BA,2015Q2,2015-06-30,분기말 총자본(자기자본),6307000000,USD,공시,https://www.sec.gov/Archives/edgar/data/12927/000001292715000055/,,5
Boeing,BA,2015Q2,2015-06-30,분기말 지배지분 자본,6264000000,USD,공시,https://www.sec.gov/Archives/edgar/data/12927/000001292715000055/,,5
Boeing,BA,2015Q2,2015-06-30,분기말 종가,138.72,USD,API,https://query1.finance.yahoo.com/v8/finance/chart/BA?interval=1d&events=splits (2015-06-30),,5
Boeing,BA,2015Q2,2015-07-15,분기말 상장주식수,679495119,주,공시(표지 기준일),https://www.sec.gov/Archives/edgar/data/12927/000001292715000055/,dei:EntityCommonStockSharesOutstanding 클래스 합,5
Boeing,BA,2015Q2,2015-06-30,분기말 시가총액,94259562908,USD,계산(종가×주식수),https://query1.finance.yahoo.com/v8/finance/chart/BA?interval=1d&events=splits (2015-06-30) ; https://www.sec.gov/Archives/edgar/data/12927/000001292715000055/,종가 138.72 × 주식수 679495119,5
Boeing,BA,2015Q3,2015-09-30,분기별 매출액,25849000000,USD,공시,https://www.sec.gov/Archives/edgar/data/12927/000001292715000068/,,5
Boeing,BA,2015Q3,2015-09-30,분기별 영업이익,2580000000,USD,공시,https://www.sec.gov/Archives/edgar/data/12927/000001292715000068/,,5
Boeing,BA,2015Q3,2015-09-30,분기별 당기순이익(지배),1704000000,USD,공시,https://www.sec.gov/Archives/edgar/data/12927/000001292715000068/,,5
Boeing,BA,2015Q3,2015-09-30,분기별 영업활동현금흐름,2859000000,USD,계산(누적차감),https://www.sec.gov/Archives/edgar/data/12927/000001292715000068/ ; https://www.sec.gov/Archives/edgar/data/12927/000001292715000055/,누적 6244000000 − 직전누적 3385000000 (시작 2015-01-01),5
Boeing,BA,2015Q3,2015-09-30,분기말 자산총계,98998000000,USD,공시,https://www.sec.gov/Archives/edgar/data/12927/000001292715000068/,,5
Boeing,BA,2015Q3,2015-09-30,분기말 부채총계,92212000000,USD,계산(부채및자본-총자본),https://www.sec.gov/Archives/edgar/data/12927/000001292715000068/,부채및자본 98998000000 − 총자본 6786000000,5
Boeing,BA,2015Q3,2015-09-30,분기말 총자본(자기자본),6786000000,USD,공시,https://www.sec.gov/Archives/edgar/data/12927/000001292715000068/,,5
Boeing,BA,2015Q3,2015-09-30,분기말 지배지분 자본,6740000000,USD,공시,https://www.sec.gov/Archives/edgar/data/12927/000001292715000068/,,5
Boeing,BA,2015Q3,2015-09-30,분기말 종가,130.95,USD,API,https://query1.finance.yahoo.com/v8/finance/chart/BA?interval=1d&events=splits (2015-09-30),,5
Boeing,BA,2015Q3,2015-10-14,분기말 상장주식수,669983631,주,공시(표지 기준일),https://www.sec.gov/Archives/edgar/data/12927/000001292715000068/,dei:EntityCommonStockSharesOutstanding 클래스 합,5
Boeing,BA,2015Q3,2015-09-30,분기말 시가총액,87734356479,USD,계산(종가×주식수),https://query1.finance.yahoo.com/v8/finance/chart/BA?interval=1d&events=splits (2015-09-30) ; https://www.sec.gov/Archives/edgar/data/12927/000001292715000068/,종가 130.95 × 주식수 669983631,5
Boeing,BA,2015Q4,2015-12-31,분기별 매출액,23573000000,USD,계산(연간-3분기누적),https://www.sec.gov/Archives/edgar/data/12927/000001292716000099/ ; https://www.sec.gov/Archives/edgar/data/12927/000001292715000068/,연간 96114000000 − 9개월누적 72541000000 (Revenues),5
Boeing,BA,2015Q4,2015-12-31,분기별 영업이익,1161000000,USD,계산(연간-3분기누적),https://www.sec.gov/Archives/edgar/data/12927/000001292716000099/ ; https://www.sec.gov/Archives/edgar/data/12927/000001292715000068/,연간 7443000000 − 9개월누적 6282000000 (OperatingIncomeLoss),5
Boeing,BA,2015Q4,2015-12-31,분기별 당기순이익(지배),1026000000,USD,계산(연간-3분기누적),https://www.sec.gov/Archives/edgar/data/12927/000001292716000099/ ; https://www.sec.gov/Archives/edgar/data/12927/000001292715000068/,연간 5176000000 − 9개월누적 4150000000 (NetIncomeLoss),5
Boeing,BA,2015Q4,2015-12-31,분기별 영업활동현금흐름,3119000000,USD,계산(누적차감),https://www.sec.gov/Archives/edgar/data/12927/000001292716000099/ ; https://www.sec.gov/Archives/edgar/data/12927/000001292715000068/,누적 9363000000 − 직전누적 6244000000 (시작 2015-01-01),5
Boeing,BA,2015Q4,2015-12-31,분기말 자산총계,94408000000,USD,공시,https://www.sec.gov/Archives/edgar/data/12927/000001292716000099/,,5
Boeing,BA,2015Q4,2015-12-31,분기말 부채총계,88011000000,USD,계산(부채및자본-총자본),https://www.sec.gov/Archives/edgar/data/12927/000001292716000099/,부채및자본 94408000000 − 총자본 6397000000,5
Boeing,BA,2015Q4,2015-12-31,분기말 총자본(자기자본),6397000000,USD,공시,https://www.sec.gov/Archives/edgar/data/12927/000001292716000099/,,5
Boeing,BA,2015Q4,2015-12-31,분기말 지배지분 자본,6335000000,USD,공시,https://www.sec.gov/Archives/edgar/data/12927/000001292716000099/,,5
Boeing,BA,2015Q4,2015-12-31,분기말 종가,144.59,USD,API,https://query1.finance.yahoo.com/v8/finance/chart/BA?interval=1d&events=splits (2015-12-31),,5
Boeing,BA,2015Q4,2016-02-04,분기말 상장주식수,662503822,주,공시(표지 기준일),https://www.sec.gov/Archives/edgar/data/12927/000001292716000099/,dei:EntityCommonStockSharesOutstanding 클래스 합,5
Boeing,BA,2015Q4,2015-12-31,분기말 시가총액,95791427623,USD,계산(종가×주식수),https://query1.finance.yahoo.com/v8/finance/chart/BA?interval=1d&events=splits (2015-12-31) ; https://www.sec.gov/Archives/edgar/data/12927/000001292716000099/,종가 144.59 × 주식수 662503822,5
Boeing,BA,2016Q1,2016-03-31,분기별 매출액,22632000000,USD,공시,https://www.sec.gov/Archives/edgar/data/12927/000001292716000113/,,5
Boeing,BA,2016Q1,2016-03-31,분기별 영업이익,1788000000,USD,공시,https://www.sec.gov/Archives/edgar/data/12927/000001292716000113/,,5
Boeing,BA,2016Q1,2016-03-31,분기별 당기순이익(지배),1219000000,USD,공시,https://www.sec.gov/Archives/edgar/data/12927/000001292716000113/,,5
Boeing,BA,2016Q1,2016-03-31,분기별 영업활동현금흐름,1275000000,USD,공시(재작성 반영),https://www.sec.gov/Archives/edgar/data/12927/000001292717000024/,원 공시 1231000000 (https://www.sec.gov/Archives/edgar/data/12927/000001292716000113/),5
Boeing,BA,2016Q1,2016-03-31,분기말 자산총계,91547000000,USD,공시,https://www.sec.gov/Archives/edgar/data/12927/000001292716000113/,,5
Boeing,BA,2016Q1,2016-03-31,분기말 부채총계,87441000000,USD,계산(부채및자본-총자본),https://www.sec.gov/Archives/edgar/data/12927/000001292716000113/,부채및자본 91547000000 − 총자본 4106000000,5
Boeing,BA,2016Q1,2016-03-31,분기말 총자본(자기자본),4106000000,USD,공시,https://www.sec.gov/Archives/edgar/data/12927/000001292716000113/,,5
Boeing,BA,2016Q1,2016-03-31,분기말 지배지분 자본,4043000000,USD,공시,https://www.sec.gov/Archives/edgar/data/12927/000001292716000113/,,5
Boeing,BA,2016Q1,2016-03-31,분기말 종가,126.94,USD,API,https://query1.finance.yahoo.com/v8/finance/chart/BA?interval=1d&events=splits (2016-03-31),,5
Boeing,BA,2016Q1,2016-04-20,분기말 상장주식수,637011143,주,공시(표지 기준일),https://www.sec.gov/Archives/edgar/data/12927/000001292716000113/,dei:EntityCommonStockSharesOutstanding 클래스 합,5
Boeing,BA,2016Q1,2016-03-31,분기말 시가총액,80862194492,USD,계산(종가×주식수),https://query1.finance.yahoo.com/v8/finance/chart/BA?interval=1d&events=splits (2016-03-31) ; https://www.sec.gov/Archives/edgar/data/12927/000001292716000113/,종가 126.94 × 주식수 637011143,5
Boeing,BA,2016Q2,2016-06-30,분기별 매출액,24755000000,USD,공시,https://www.sec.gov/Archives/edgar/data/12927/000001292716000143/,,5
Boeing,BA,2016Q2,2016-06-30,분기별 영업이익,-419000000,USD,공시,https://www.sec.gov/Archives/edgar/data/12927/000001292716000143/,,5
Boeing,BA,2016Q2,2016-06-30,분기별 당기순이익(지배),-234000000,USD,공시,https://www.sec.gov/Archives/edgar/data/12927/000001292716000143/,,5
Boeing,BA,2016Q2,2016-06-30,분기별 영업활동현금흐름,3190000000,USD,계산(누적차감)(재작성 반영),https://www.sec.gov/Archives/edgar/data/12927/000001292716000143/ ; https://www.sec.gov/Archives/edgar/data/12927/000001292717000024/,누적 4465000000 − 직전누적 1275000000 (시작 2016-01-01) ; 원 공시 3234000000 (https://www.sec.gov/Archives/edgar/data/12927/000001292716000143/ ; https://www.sec.gov/Archives/edgar/data/12927/000001292716000113/),5
Boeing,BA,2016Q2,2016-06-30,분기말 자산총계,89609000000,USD,공시,https://www.sec.gov/Archives/edgar/data/12927/000001292716000143/,,5
Boeing,BA,2016Q2,2016-06-30,분기말 부채총계,88962000000,USD,계산(부채및자본-총자본),https://www.sec.gov/Archives/edgar/data/12927/000001292716000143/,부채및자본 89609000000 − 총자본 647000000,5
Boeing,BA,2016Q2,2016-06-30,분기말 총자본(자기자본),647000000,USD,공시,https://www.sec.gov/Archives/edgar/data/12927/000001292716000143/,,5
Boeing,BA,2016Q2,2016-06-30,분기말 지배지분 자본,585000000,USD,공시,https://www.sec.gov/Archives/edgar/data/12927/000001292716000143/,,5
Boeing,BA,2016Q2,2016-06-30,분기말 종가,129.87,USD,API,https://query1.finance.yahoo.com/v8/finance/chart/BA?interval=1d&events=splits (2016-06-30),,5
Boeing,BA,2016Q2,2016-07-20,분기말 상장주식수,623825935,주,공시(표지 기준일),https://www.sec.gov/Archives/edgar/data/12927/000001292716000143/,dei:EntityCommonStockSharesOutstanding 클래스 합,5
Boeing,BA,2016Q2,2016-06-30,분기말 시가총액,81016274178,USD,계산(종가×주식수),https://query1.finance.yahoo.com/v8/finance/chart/BA?interval=1d&events=splits (2016-06-30) ; https://www.sec.gov/Archives/edgar/data/12927/000001292716000143/,종가 129.87 × 주식수 623825935,5
Boeing,BA,2016Q3,2016-09-30,분기별 매출액,23898000000,USD,공시,https://www.sec.gov/Archives/edgar/data/12927/000001292716000153/,,5
Boeing,BA,2016Q3,2016-09-30,분기별 영업이익,2282000000,USD,공시,https://www.sec.gov/Archives/edgar/data/12927/000001292716000153/,,5
Boeing,BA,2016Q3,2016-09-30,분기별 당기순이익(지배),2279000000,USD,공시,https://www.sec.gov/Archives/edgar/data/12927/000001292716000153/,,5
Boeing,BA,2016Q3,2016-09-30,분기별 영업활동현금흐름,3202000000,USD,계산(누적차감),https://www.sec.gov/Archives/edgar/data/12927/000001292716000153/ ; https://www.sec.gov/Archives/edgar/data/12927/000001292716000143/,누적 7667000000 − 직전누적 4465000000 (시작 2016-01-01),5
Boeing,BA,2016Q3,2016-09-30,분기말 자산총계,88950000000,USD,공시,https://www.sec.gov/Archives/edgar/data/12927/000001292716000153/,,5
Boeing,BA,2016Q3,2016-09-30,분기말 부채총계,86800000000,USD,계산(부채및자본-총자본),https://www.sec.gov/Archives/edgar/data/12927/000001292716000153/,부채및자본 88950000000 − 총자본 2150000000,5
Boeing,BA,2016Q3,2016-09-30,분기말 총자본(자기자본),2150000000,USD,공시,https://www.sec.gov/Archives/edgar/data/12927/000001292716000153/,,5
Boeing,BA,2016Q3,2016-09-30,분기말 지배지분 자본,2089000000,USD,공시,https://www.sec.gov/Archives/edgar/data/12927/000001292716000153/,,5
Boeing,BA,2016Q3,2016-09-30,분기말 종가,131.74,USD,API,https://query1.finance.yahoo.com/v8/finance/chart/BA?interval=1d&events=splits (2016-09-30),,5
Boeing,BA,2016Q3,2016-10-19,분기말 상장주식수,617165902,주,공시(표지 기준일),https://www.sec.gov/Archives/edgar/data/12927/000001292716000153/,dei:EntityCommonStockSharesOutstanding 클래스 합,5
Boeing,BA,2016Q3,2016-09-30,분기말 시가총액,81305435929,USD,계산(종가×주식수),https://query1.finance.yahoo.com/v8/finance/chart/BA?interval=1d&events=splits (2016-09-30) ; https://www.sec.gov/Archives/edgar/data/12927/000001292716000153/,종가 131.74 × 주식수 617165902,5
Boeing,BA,2016Q4,2016-12-31,분기별 매출액,22211000000,USD,계산(연간-3분기누적)(재작성 반영),https://www.sec.gov/Archives/edgar/data/12927/000001292719000010/ ; https://www.sec.gov/Archives/edgar/data/12927/000001292716000153/,연간 93496000000 − 9개월누적 71285000000 (Revenues) ; 원 공시 23286000000 (https://www.sec.gov/Archives/edgar/data/12927/000001292717000006/ ; https://www.sec.gov/Archives/edgar/data/12927/000001292716000153/),5
Boeing,BA,2016Q4,2016-12-31,분기별 영업이익,2876000000,USD,계산(연간-3분기누적)(재작성 반영),https://www.sec.gov/Archives/edgar/data/12927/000001292719000010/ ; https://www.sec.gov/Archives/edgar/data/12927/000001292716000153/,연간 6527000000 − 9개월누적 3651000000 (OperatingIncomeLoss) ; 원 공시 2183000000 (https://www.sec.gov/Archives/edgar/data/12927/000001292717000006/ ; https://www.sec.gov/Archives/edgar/data/12927/000001292716000153/),5
Boeing,BA,2016Q4,2016-12-31,분기별 당기순이익(지배),1770000000,USD,계산(연간-3분기누적)(재작성 반영),https://www.sec.gov/Archives/edgar/data/12927/000001292719000010/ ; https://www.sec.gov/Archives/edgar/data/12927/000001292716000153/,연간 5034000000 − 9개월누적 3264000000 (NetIncomeLoss) ; 원 공시 1631000000 (https://www.sec.gov/Archives/edgar/data/12927/000001292717000006/ ; https://www.sec.gov/Archives/edgar/data/12927/000001292716000153/),5
Boeing,BA,2016Q4,2016-12-31,분기별 영업활동현금흐름,2829000000,USD,계산(누적차감)(재작성 반영),https://www.sec.gov/Archives/edgar/data/12927/000001292719000010/ ; https://www.sec.gov/Archives/edgar/data/12927/000001292716000153/,누적 10496000000 − 직전누적 7667000000 (시작 2016-01-01) ; 원 공시 2832000000 (https://www.sec.gov/Archives/edgar/data/12927/000001292717000006/ ; https://www.sec.gov/Archives/edgar/data/12927/000001292716000153/),5
Boeing,BA,2016Q4,2016-12-31,분기말 자산총계,89997000000,USD,공시,https://www.sec.gov/Archives/edgar/data/12927/000001292717000006/,,5
Boeing,BA,2016Q4,2016-12-31,분기말 부채총계,89120000000,USD,계산(부채및자본-총자본),https://www.sec.gov/Archives/edgar/data/12927/000001292717000006/,부채및자본 89997000000 − 총자본 877000000,5
Boeing,BA,2016Q4,2016-12-31,분기말 총자본(자기자본),877000000,USD,공시,https://www.sec.gov/Archives/edgar/data/12927/000001292717000006/,,5
Boeing,BA,2016Q4,2016-12-31,분기말 지배지분 자본,817000000,USD,공시,https://www.sec.gov/Archives/edgar/data/12927/000001292717000006/,,5
Boeing,BA,2016Q4,2016-12-30,분기말 종가,155.68,USD,API,https://query1.finance.yahoo.com/v8/finance/chart/BA?interval=1d&events=splits (2016-12-30),,5
Boeing,BA,2016Q4,2017-02-01,분기말 상장주식수,612478643,주,공시(표지 기준일),https://www.sec.gov/Archives/edgar/data/12927/000001292717000006/,dei:EntityCommonStockSharesOutstanding 클래스 합,5
Boeing,BA,2016Q4,2016-12-30,분기말 시가총액,95350675142,USD,계산(종가×주식수),https://query1.finance.yahoo.com/v8/finance/chart/BA?interval=1d&events=splits (2016-12-30) ; https://www.sec.gov/Archives/edgar/data/12927/000001292717000006/,종가 155.68 × 주식수 612478643,5
Boeing,BA,2017Q1,2017-03-31,분기별 매출액,21961000000,USD,공시(재작성 반영),https://www.sec.gov/Archives/edgar/data/12927/000001292719000010/,원 공시 20976000000 (https://www.sec.gov/Archives/edgar/data/12927/000001292717000024/),5
Boeing,BA,2017Q1,2017-03-31,분기별 영업이익,2206000000,USD,공시(재작성 반영),https://www.sec.gov/Archives/edgar/data/12927/000001292719000010/,원 공시 2024000000 (https://www.sec.gov/Archives/edgar/data/12927/000001292717000024/),5
Boeing,BA,2017Q1,2017-03-31,분기별 당기순이익(지배),1579000000,USD,공시(재작성 반영),https://www.sec.gov/Archives/edgar/data/12927/000001292719000010/,원 공시 1451000000 (https://www.sec.gov/Archives/edgar/data/12927/000001292717000024/),5
Boeing,BA,2017Q1,2017-03-31,분기별 영업활동현금흐름,2098000000,USD,공시(재작성 반영),https://www.sec.gov/Archives/edgar/data/12927/000001292718000018/,원 공시 2094000000 (https://www.sec.gov/Archives/edgar/data/12927/000001292717000024/),5
Boeing,BA,2017Q1,2017-03-31,분기말 자산총계,89673000000,USD,공시,https://www.sec.gov/Archives/edgar/data/12927/000001292717000024/,,5
Boeing,BA,2017Q1,2017-03-31,분기말 부채총계,89518000000,USD,계산(부채및자본-총자본),https://www.sec.gov/Archives/edgar/data/12927/000001292717000024/,부채및자본 89673000000 − 총자본 155000000,5
Boeing,BA,2017Q1,2017-03-31,분기말 총자본(자기자본),155000000,USD,공시,https://www.sec.gov/Archives/edgar/data/12927/000001292717000024/,,5
Boeing,BA,2017Q1,2017-03-31,분기말 지배지분 자본,95000000,USD,공시,https://www.sec.gov/Archives/edgar/data/12927/000001292717000024/,,5
Boeing,BA,2017Q1,2017-03-31,분기말 종가,176.86,USD,API,https://query1.finance.yahoo.com/v8/finance/chart/BA?interval=1d&events=splits (2017-03-31),,5
Boeing,BA,2017Q1,2017-04-19,분기말 상장주식수,603580992,주,공시(표지 기준일),https://www.sec.gov/Archives/edgar/data/12927/000001292717000024/,dei:EntityCommonStockSharesOutstanding 클래스 합,5
Boeing,BA,2017Q1,2017-03-31,분기말 시가총액,106749334245,USD,계산(종가×주식수),https://query1.finance.yahoo.com/v8/finance/chart/BA?interval=1d&events=splits (2017-03-31) ; https://www.sec.gov/Archives/edgar/data/12927/000001292717000024/,종가 176.86 × 주식수 603580992,5
Boeing,BA,2017Q2,2017-06-30,분기별 매출액,23051000000,USD,공시(재작성 반영),https://www.sec.gov/Archives/edgar/data/12927/000001292719000010/,원 공시 22739000000 (https://www.sec.gov/Archives/edgar/data/12927/000001292717000044/),5
Boeing,BA,2017Q2,2017-06-30,분기별 영업이익,2535000000,USD,공시,https://www.sec.gov/Archives/edgar/data/12927/000001292717000044/,,5
Boeing,BA,2017Q2,2017-06-30,분기별 당기순이익(지배),1749000000,USD,공시(재작성 반영),https://www.sec.gov/Archives/edgar/data/12927/000001292719000010/,원 공시 1761000000 (https://www.sec.gov/Archives/edgar/data/12927/000001292717000044/),5
Boeing,BA,2017Q2,2017-06-30,분기별 영업활동현금흐름,4949000000,USD,계산(누적차감)(재작성 반영),https://www.sec.gov/Archives/edgar/data/12927/000001292718000048/ ; https://www.sec.gov/Archives/edgar/data/12927/000001292718000018/,누적 7047000000 − 직전누적 2098000000 (시작 2017-01-01) ; 원 공시 4950000000 (https://www.sec.gov/Archives/edgar/data/12927/000001292717000044/ ; https://www.sec.gov/Archives/edgar/data/12927/000001292717000024/),5
Boeing,BA,2017Q2,2017-06-30,분기말 자산총계,90036000000,USD,공시,https://www.sec.gov/Archives/edgar/data/12927/000001292717000044/,,5
Boeing,BA,2017Q2,2017-06-30,분기말 부채총계,92014000000,USD,계산(부채및자본-총자본),https://www.sec.gov/Archives/edgar/data/12927/000001292717000044/,부채및자본 90036000000 − 총자본 -1978000000,5
Boeing,BA,2017Q2,2017-06-30,분기말 총자본(자기자본),-1978000000,USD,공시,https://www.sec.gov/Archives/edgar/data/12927/000001292717000044/,,5
Boeing,BA,2017Q2,2017-06-30,분기말 지배지분 자본,-2037000000,USD,공시,https://www.sec.gov/Archives/edgar/data/12927/000001292717000044/,,5
Boeing,BA,2017Q2,2017-06-30,분기말 종가,197.75,USD,API,https://query1.finance.yahoo.com/v8/finance/chart/BA?interval=1d&events=splits (2017-06-30),,5
Boeing,BA,2017Q2,2017-07-19,분기말 상장주식수,591083386,주,공시(표지 기준일),https://www.sec.gov/Archives/edgar/data/12927/000001292717000044/,dei:EntityCommonStockSharesOutstanding 클래스 합,5
Boeing,BA,2017Q2,2017-06-30,분기말 시가총액,116886739582,USD,계산(종가×주식수),https://query1.finance.yahoo.com/v8/finance/chart/BA?interval=1d&events=splits (2017-06-30) ; https://www.sec.gov/Archives/edgar/data/12927/000001292717000044/,종가 197.75 × 주식수 591083386,5
Boeing,BA,2017Q3,2017-09-30,분기별 매출액,24223000000,USD,공시(재작성 반영),https://www.sec.gov/Archives/edgar/data/12927/000001292719000010/,원 공시 24309000000 (https://www.sec.gov/Archives/edgar/data/12927/000001292717000073/),5
Boeing,BA,2017Q3,2017-09-30,분기별 영업이익,2630000000,USD,공시(재작성 반영),https://www.sec.gov/Archives/edgar/data/12927/000001292719000010/,원 공시 2689000000 (https://www.sec.gov/Archives/edgar/data/12927/000001292717000073/),5
Boeing,BA,2017Q3,2017-09-30,분기별 당기순이익(지배),1810000000,USD,공시(재작성 반영),https://www.sec.gov/Archives/edgar/data/12927/000001292719000010/,원 공시 1853000000 (https://www.sec.gov/Archives/edgar/data/12927/000001292717000073/),5
Boeing,BA,2017Q3,2017-09-30,분기별 영업활동현금흐름,3396000000,USD,계산(누적차감),https://www.sec.gov/Archives/edgar/data/12927/000001292717000073/ ; https://www.sec.gov/Archives/edgar/data/12927/000001292717000044/,누적 10440000000 − 직전누적 7044000000 (시작 2017-01-01),5
Boeing,BA,2017Q3,2017-09-30,분기말 자산총계,91007000000,USD,공시,https://www.sec.gov/Archives/edgar/data/12927/000001292717000073/,,5
Boeing,BA,2017Q3,2017-09-30,분기말 부채총계,89862000000,USD,계산(부채및자본-총자본),https://www.sec.gov/Archives/edgar/data/12927/000001292717000073/,부채및자본 91007000000 − 총자본 1145000000,5
Boeing,BA,2017Q3,2017-09-30,분기말 총자본(자기자본),1145000000,USD,공시,https://www.sec.gov/Archives/edgar/data/12927/000001292717000073/,,5
Boeing,BA,2017Q3,2017-09-30,분기말 지배지분 자본,1086000000,USD,공시,https://www.sec.gov/Archives/edgar/data/12927/000001292717000073/,,5
Boeing,BA,2017Q3,2017-09-29,분기말 종가,254.21,USD,API,https://query1.finance.yahoo.com/v8/finance/chart/BA?interval=1d&events=splits (2017-09-29),,5
Boeing,BA,2017Q3,2017-10-18,분기말 상장주식수,595578523,주,공시(표지 기준일),https://www.sec.gov/Archives/edgar/data/12927/000001292717000073/,dei:EntityCommonStockSharesOutstanding 클래스 합,5
Boeing,BA,2017Q3,2017-09-29,분기말 시가총액,151402016332,USD,계산(종가×주식수),https://query1.finance.yahoo.com/v8/finance/chart/BA?interval=1d&events=splits (2017-09-29) ; https://www.sec.gov/Archives/edgar/data/12927/000001292717000073/,종가 254.21 × 주식수 595578523,5
Boeing,BA,2017Q4,2017-12-31,분기별 매출액,24770000000,USD,계산(연간-3분기누적)(재작성 반영),https://www.sec.gov/Archives/edgar/data/12927/000001292720000014/ ; https://www.sec.gov/Archives/edgar/data/12927/000001292718000065/,연간 94005000000 − 9개월누적 69235000000 (Revenues) ; 원 공시 25368000000 (https://www.sec.gov/Archives/edgar/data/12927/000001292718000007/ ; https://www.sec.gov/Archives/edgar/data/12927/000001292717000073/),5
Boeing,BA,2017Q4,2017-12-31,분기별 영업이익,2978000000,USD,계산(연간-3분기누적)(재작성 반영),https://www.sec.gov/Archives/edgar/data/12927/000001292720000014/ ; https://www.sec.gov/Archives/edgar/data/12927/000001292718000065/,연간 10344000000 − 9개월누적 7366000000 (OperatingIncomeLoss) ; 원 공시 3030000000 (https://www.sec.gov/Archives/edgar/data/12927/000001292718000007/ ; https://www.sec.gov/Archives/edgar/data/12927/000001292717000073/),5
Boeing,BA,2017Q4,2017-12-31,분기별 당기순이익(지배),3320000000,USD,계산(연간-3분기누적)(재작성 반영),https://www.sec.gov/Archives/edgar/data/12927/000001292720000014/ ; https://www.sec.gov/Archives/edgar/data/12927/000001292718000065/,연간 8458000000 − 9개월누적 5138000000 (NetIncomeLoss) ; 원 공시 3132000000 (https://www.sec.gov/Archives/edgar/data/12927/000001292718000007/ ; https://www.sec.gov/Archives/edgar/data/12927/000001292717000073/),5
Boeing,BA,2017Q4,2017-12-31,분기별 영업활동현금흐름,2903000000,USD,계산(누적차감)(재작성 반영),https://www.sec.gov/Archives/edgar/data/12927/000001292720000014/ ; https://www.sec.gov/Archives/edgar/data/12927/000001292718000065/,누적 13346000000 − 직전누적 10443000000 (시작 2017-01-01) ; 원 공시 2904000000 (https://www.sec.gov/Archives/edgar/data/12927/000001292718000007/ ; https://www.sec.gov/Archives/edgar/data/12927/000001292717000073/),5
Boeing,BA,2017Q4,2017-12-31,분기말 자산총계,112362000000,USD,공시(재작성 반영),https://www.sec.gov/Archives/edgar/data/12927/000001292719000010/,원 공시 92333000000 (https://www.sec.gov/Archives/edgar/data/12927/000001292718000007/),5
Boeing,BA,2017Q4,2017-12-31,분기말 부채총계,110649000000,USD,계산(부채및자본-총자본)(재작성 반영),https://www.sec.gov/Archives/edgar/data/12927/000001292719000010/,부채및자본 112362000000 − 총자본 1713000000 ; 원 공시 91921000000 (https://www.sec.gov/Archives/edgar/data/12927/000001292718000007/),5
Boeing,BA,2017Q4,2017-12-31,분기말 총자본(자기자본),1713000000,USD,공시(재작성 반영),https://www.sec.gov/Archives/edgar/data/12927/000001292721000011/,원 공시 412000000 (https://www.sec.gov/Archives/edgar/data/12927/000001292718000007/),5
Boeing,BA,2017Q4,2017-12-31,분기말 지배지분 자본,1656000000,USD,공시(재작성 반영),https://www.sec.gov/Archives/edgar/data/12927/000001292719000010/,원 공시 355000000 (https://www.sec.gov/Archives/edgar/data/12927/000001292718000007/),5
Boeing,BA,2017Q4,2017-12-29,분기말 종가,294.91,USD,API,https://query1.finance.yahoo.com/v8/finance/chart/BA?interval=1d&events=splits (2017-12-29),,5
Boeing,BA,2017Q4,2018-02-05,분기말 상장주식수,588490313,주,공시(표지 기준일),https://www.sec.gov/Archives/edgar/data/12927/000001292718000007/,dei:EntityCommonStockSharesOutstanding 클래스 합,5
Boeing,BA,2017Q4,2017-12-29,분기말 시가총액,173551678207,USD,계산(종가×주식수),https://query1.finance.yahoo.com/v8/finance/chart/BA?interval=1d&events=splits (2017-12-29) ; https://www.sec.gov/Archives/edgar/data/12927/000001292718000007/,종가 294.91 × 주식수 588490313,5
Boeing,BA,2018Q1,2018-03-31,분기별 매출액,23382000000,USD,공시,https://www.sec.gov/Archives/edgar/data/12927/000001292718000018/,,5
Boeing,BA,2018Q1,2018-03-31,분기별 영업이익,2875000000,USD,공시,https://www.sec.gov/Archives/edgar/data/12927/000001292718000018/,,5
Boeing,BA,2018Q1,2018-03-31,분기별 당기순이익(지배),2477000000,USD,공시,https://www.sec.gov/Archives/edgar/data/12927/000001292718000018/,,5
Boeing,BA,2018Q1,2018-03-31,분기별 영업활동현금흐름,3136000000,USD,공시,https://www.sec.gov/Archives/edgar/data/12927/000001292718000018/,,5
Boeing,BA,2018Q1,2018-03-31,분기말 자산총계,113549000000,USD,공시,https://www.sec.gov/Archives/edgar/data/12927/000001292718000018/,,5
Boeing,BA,2018Q1,2018-03-31,분기말 부채총계,112251000000,USD,계산(부채및자본-총자본),https://www.sec.gov/Archives/edgar/data/12927/000001292718000018/,부채및자본 113549000000 − 총자본 1298000000,5
Boeing,BA,2018Q1,2018-03-31,분기말 총자본(자기자본),1298000000,USD,공시,https://www.sec.gov/Archives/edgar/data/12927/000001292718000018/,,5
Boeing,BA,2018Q1,2018-03-31,분기말 지배지분 자본,1222000000,USD,공시,https://www.sec.gov/Archives/edgar/data/12927/000001292718000018/,,5
Boeing,BA,2018Q1,2018-03-29,분기말 종가,327.88,USD,API,https://query1.finance.yahoo.com/v8/finance/chart/BA?interval=1d&events=splits (2018-03-29),,5
Boeing,BA,2018Q1,2018-04-18,분기말 상장주식수,582580973,주,공시(표지 기준일),https://www.sec.gov/Archives/edgar/data/12927/000001292718000018/,dei:EntityCommonStockSharesOutstanding 클래스 합,5
Boeing,BA,2018Q1,2018-03-29,분기말 시가총액,191016649427,USD,계산(종가×주식수),https://query1.finance.yahoo.com/v8/finance/chart/BA?interval=1d&events=splits (2018-03-29) ; https://www.sec.gov/Archives/edgar/data/12927/000001292718000018/,종가 327.88 × 주식수 582580973,5
Boeing,BA,2018Q2,2018-06-30,분기별 매출액,24258000000,USD,공시,https://www.sec.gov/Archives/edgar/data/12927/000001292718000048/,,5
Boeing,BA,2018Q2,2018-06-30,분기별 영업이익,2710000000,USD,공시,https://www.sec.gov/Archives/edgar/data/12927/000001292718000048/,,5
Boeing,BA,2018Q2,2018-06-30,분기별 당기순이익(지배),2196000000,USD,공시,https://www.sec.gov/Archives/edgar/data/12927/000001292718000048/,,5
Boeing,BA,2018Q2,2018-06-30,분기별 영업활동현금흐름,4680000000,USD,계산(누적차감),https://www.sec.gov/Archives/edgar/data/12927/000001292718000048/ ; https://www.sec.gov/Archives/edgar/data/12927/000001292718000018/,누적 7816000000 − 직전누적 3136000000 (시작 2018-01-01),5
Boeing,BA,2018Q2,2018-06-30,분기말 자산총계,113195000000,USD,공시,https://www.sec.gov/Archives/edgar/data/12927/000001292718000048/,,5
Boeing,BA,2018Q2,2018-06-30,분기말 부채총계,114569000000,USD,계산(부채및자본-총자본),https://www.sec.gov/Archives/edgar/data/12927/000001292718000048/,부채및자본 113195000000 − 총자본 -1374000000,5
Boeing,BA,2018Q2,2018-06-30,분기말 총자본(자기자본),-1374000000,USD,공시,https://www.sec.gov/Archives/edgar/data/12927/000001292718000048/,,5
Boeing,BA,2018Q2,2018-06-30,분기말 지배지분 자본,-1441000000,USD,공시,https://www.sec.gov/Archives/edgar/data/12927/000001292718000048/,,5
Boeing,BA,2018Q2,2018-06-29,분기말 종가,335.51,USD,API,https://query1.finance.yahoo.com/v8/finance/chart/BA?interval=1d&events=splits (2018-06-29),,5
Boeing,BA,2018Q2,2018-07-18,분기말 상장주식수,574508314,주,공시(표지 기준일),https://www.sec.gov/Archives/edgar/data/12927/000001292718000048/,dei:EntityCommonStockSharesOutstanding 클래스 합,5
Boeing,BA,2018Q2,2018-06-29,분기말 시가총액,192753284430,USD,계산(종가×주식수),https://query1.finance.yahoo.com/v8/finance/chart/BA?interval=1d&events=splits (2018-06-29) ; https://www.sec.gov/Archives/edgar/data/12927/000001292718000048/,종가 335.51 × 주식수 574508314,5
Boeing,BA,2018Q3,2018-09-30,분기별 매출액,25146000000,USD,공시,https://www.sec.gov/Archives/edgar/data/12927/000001292718000065/,,5
Boeing,BA,2018Q3,2018-09-30,분기별 영업이익,2227000000,USD,공시,https://www.sec.gov/Archives/edgar/data/12927/000001292718000065/,,5
Boeing,BA,2018Q3,2018-09-30,분기별 당기순이익(지배),2363000000,USD,공시,https://www.sec.gov/Archives/edgar/data/12927/000001292718000065/,,5
Boeing,BA,2018Q3,2018-09-30,분기별 영업활동현금흐름,4559000000,USD,계산(누적차감),https://www.sec.gov/Archives/edgar/data/12927/000001292718000065/ ; https://www.sec.gov/Archives/edgar/data/12927/000001292718000048/,누적 12375000000 − 직전누적 7816000000 (시작 2018-01-01),5
Boeing,BA,2018Q3,2018-09-30,분기말 자산총계,114659000000,USD,공시,https://www.sec.gov/Archives/edgar/data/12927/000001292718000065/,,5
Boeing,BA,2018Q3,2018-09-30,분기말 부채총계,115868000000,USD,계산(부채및자본-총자본),https://www.sec.gov/Archives/edgar/data/12927/000001292718000065/,부채및자본 114659000000 − 총자본 -1209000000,5
Boeing,BA,2018Q3,2018-09-30,분기말 총자본(자기자본),-1209000000,USD,공시,https://www.sec.gov/Archives/edgar/data/12927/000001292718000065/,,5
Boeing,BA,2018Q3,2018-09-30,분기말 지배지분 자본,-1289000000,USD,공시,https://www.sec.gov/Archives/edgar/data/12927/000001292718000065/,,5
Boeing,BA,2018Q3,2018-09-28,분기말 종가,371.9,USD,API,https://query1.finance.yahoo.com/v8/finance/chart/BA?interval=1d&events=splits (2018-09-28),,5
Boeing,BA,2018Q3,2018-10-17,분기말 상장주식수,567885369,주,공시(표지 기준일),https://www.sec.gov/Archives/edgar/data/12927/000001292718000065/,dei:EntityCommonStockSharesOutstanding 클래스 합,5
Boeing,BA,2018Q3,2018-09-28,분기말 시가총액,211196568731,USD,계산(종가×주식수),https://query1.finance.yahoo.com/v8/finance/chart/BA?interval=1d&events=splits (2018-09-28) ; https://www.sec.gov/Archives/edgar/data/12927/000001292718000065/,종가 371.9 × 주식수 567885369,5
Boeing,BA,2018Q4,2018-12-31,분기별 매출액,28341000000,USD,계산(연간-3분기누적),https://www.sec.gov/Archives/edgar/data/12927/000001292719000010/ ; https://www.sec.gov/Archives/edgar/data/12927/000001292718000065/,연간 101127000000 − 9개월누적 72786000000 (Revenues),5
Boeing,BA,2018Q4,2018-12-31,분기별 영업이익,4175000000,USD,계산(연간-3분기누적),https://www.sec.gov/Archives/edgar/data/12927/000001292719000010/ ; https://www.sec.gov/Archives/edgar/data/12927/000001292718000065/,연간 11987000000 − 9개월누적 7812000000 (OperatingIncomeLoss),5
Boeing,BA,2018Q4,2018-12-31,분기별 당기순이익(지배),3424000000,USD,계산(연간-3분기누적),https://www.sec.gov/Archives/edgar/data/12927/000001292719000010/ ; https://www.sec.gov/Archives/edgar/data/12927/000001292718000065/,연간 10460000000 − 9개월누적 7036000000 (NetIncomeLoss),5
Boeing,BA,2018Q4,2018-12-31,분기별 영업활동현금흐름,2947000000,USD,계산(누적차감),https://www.sec.gov/Archives/edgar/data/12927/000001292719000010/ ; https://www.sec.gov/Archives/edgar/data/12927/000001292718000065/,누적 15322000000 − 직전누적 12375000000 (시작 2018-01-01),5
Boeing,BA,2018Q4,2018-12-31,분기말 자산총계,117359000000,USD,공시,https://www.sec.gov/Archives/edgar/data/12927/000001292719000010/,,5
Boeing,BA,2018Q4,2018-12-31,분기말 부채총계,116949000000,USD,계산(부채및자본-총자본),https://www.sec.gov/Archives/edgar/data/12927/000001292719000010/,부채및자본 117359000000 − 총자본 410000000,5
Boeing,BA,2018Q4,2018-12-31,분기말 총자본(자기자본),410000000,USD,공시,https://www.sec.gov/Archives/edgar/data/12927/000001292719000010/,,5
Boeing,BA,2018Q4,2018-12-31,분기말 지배지분 자본,339000000,USD,공시,https://www.sec.gov/Archives/edgar/data/12927/000001292719000010/,,5
Boeing,BA,2018Q4,2018-12-31,분기말 종가,322.5,USD,API,https://query1.finance.yahoo.com/v8/finance/chart/BA?interval=1d&events=splits (2018-12-31),,5
Boeing,BA,2018Q4,2019-02-01,분기말 상장주식수,564985109,주,공시(표지 기준일),https://www.sec.gov/Archives/edgar/data/12927/000001292719000010/,dei:EntityCommonStockSharesOutstanding 클래스 합,5
Boeing,BA,2018Q4,2018-12-31,분기말 시가총액,182207697652,USD,계산(종가×주식수),https://query1.finance.yahoo.com/v8/finance/chart/BA?interval=1d&events=splits (2018-12-31) ; https://www.sec.gov/Archives/edgar/data/12927/000001292719000010/,종가 322.5 × 주식수 564985109,5
Boeing,BA,2019Q1,2019-03-31,분기별 매출액,22917000000,USD,공시,https://www.sec.gov/Archives/edgar/data/12927/000001292719000030/,,5
Boeing,BA,2019Q1,2019-03-31,분기별 영업이익,2350000000,USD,공시,https://www.sec.gov/Archives/edgar/data/12927/000001292719000030/,,5
Boeing,BA,2019Q1,2019-03-31,분기별 당기순이익(지배),2149000000,USD,공시,https://www.sec.gov/Archives/edgar/data/12927/000001292719000030/,,5
Boeing,BA,2019Q1,2019-03-31,분기별 영업활동현금흐름,2788000000,USD,공시,https://www.sec.gov/Archives/edgar/data/12927/000001292719000030/,,5
Boeing,BA,2019Q1,2019-03-31,분기말 자산총계,120209000000,USD,공시,https://www.sec.gov/Archives/edgar/data/12927/000001292719000030/,,5
Boeing,BA,2019Q1,2019-03-31,분기말 부채총계,119977000000,USD,계산(부채및자본-총자본),https://www.sec.gov/Archives/edgar/data/12927/000001292719000030/,부채및자본 120209000000 − 총자본 232000000,5
Boeing,BA,2019Q1,2019-03-31,분기말 총자본(자기자본),232000000,USD,공시,https://www.sec.gov/Archives/edgar/data/12927/000001292719000030/,,5
Boeing,BA,2019Q1,2019-03-31,분기말 지배지분 자본,125000000,USD,공시,https://www.sec.gov/Archives/edgar/data/12927/000001292719000030/,,5
Boeing,BA,2019Q1,2019-03-29,분기말 종가,381.42,USD,API,https://query1.finance.yahoo.com/v8/finance/chart/BA?interval=1d&events=splits (2019-03-29),,5
Boeing,BA,2019Q1,2019-04-17,분기말 상장주식수,562630423,주,공시(표지 기준일),https://www.sec.gov/Archives/edgar/data/12927/000001292719000030/,dei:EntityCommonStockSharesOutstanding 클래스 합,5
Boeing,BA,2019Q1,2019-03-29,분기말 시가총액,214598495941,USD,계산(종가×주식수),https://query1.finance.yahoo.com/v8/finance/chart/BA?interval=1d&events=splits (2019-03-29) ; https://www.sec.gov/Archives/edgar/data/12927/000001292719000030/,종가 381.42 × 주식수 562630423,5
Boeing,BA,2019Q2,2019-06-30,분기별 매출액,15751000000,USD,공시,https://www.sec.gov/Archives/edgar/data/12927/000001292719000063/,,5
Boeing,BA,2019Q2,2019-06-30,분기별 영업이익,-3380000000,USD,공시,https://www.sec.gov/Archives/edgar/data/12927/000001292719000063/,,5
Boeing,BA,2019Q2,2019-06-30,분기별 당기순이익(지배),-2942000000,USD,공시,https://www.sec.gov/Archives/edgar/data/12927/000001292719000063/,,5
Boeing,BA,2019Q2,2019-06-30,분기별 영업활동현금흐름,-590000000,USD,계산(누적차감),https://www.sec.gov/Archives/edgar/data/12927/000001292719000063/ ; https://www.sec.gov/Archives/edgar/data/12927/000001292719000030/,누적 2198000000 − 직전누적 2788000000 (시작 2019-01-01),5
Boeing,BA,2019Q2,2019-06-30,분기말 자산총계,126261000000,USD,공시,https://www.sec.gov/Archives/edgar/data/12927/000001292719000063/,,5
Boeing,BA,2019Q2,2019-06-30,분기말 부채총계,131204000000,USD,계산(부채및자본-총자본),https://www.sec.gov/Archives/edgar/data/12927/000001292719000063/,부채및자본 126261000000 − 총자본 -4943000000,5
Boeing,BA,2019Q2,2019-06-30,분기말 총자본(자기자본),-4943000000,USD,공시,https://www.sec.gov/Archives/edgar/data/12927/000001292719000063/,,5
Boeing,BA,2019Q2,2019-06-30,분기말 지배지분 자본,-5322000000,USD,공시,https://www.sec.gov/Archives/edgar/data/12927/000001292719000063/,,5
Boeing,BA,2019Q2,2019-06-28,분기말 종가,364.01,USD,API,https://query1.finance.yahoo.com/v8/finance/chart/BA?interval=1d&events=splits (2019-06-28),,5
Boeing,BA,2019Q2,2019-07-17,분기말 상장주식수,562710008,주,공시(표지 기준일),https://www.sec.gov/Archives/edgar/data/12927/000001292719000063/,dei:EntityCommonStockSharesOutstanding 클래스 합,5
Boeing,BA,2019Q2,2019-06-28,분기말 시가총액,204832070012,USD,계산(종가×주식수),https://query1.finance.yahoo.com/v8/finance/chart/BA?interval=1d&events=splits (2019-06-28) ; https://www.sec.gov/Archives/edgar/data/12927/000001292719000063/,종가 364.01 × 주식수 562710008,5
Boeing,BA,2019Q3,2019-09-30,분기별 매출액,19980000000,USD,공시,https://www.sec.gov/Archives/edgar/data/12927/000001292719000077/,,5
Boeing,BA,2019Q3,2019-09-30,분기별 영업이익,1259000000,USD,공시,https://www.sec.gov/Archives/edgar/data/12927/000001292719000077/,,5
Boeing,BA,2019Q3,2019-09-30,분기별 당기순이익(지배),1167000000,USD,공시,https://www.sec.gov/Archives/edgar/data/12927/000001292719000077/,,5
Boeing,BA,2019Q3,2019-09-30,분기별 영업활동현금흐름,-2424000000,USD,계산(누적차감),https://www.sec.gov/Archives/edgar/data/12927/000001292719000077/ ; https://www.sec.gov/Archives/edgar/data/12927/000001292719000063/,누적 -226000000 − 직전누적 2198000000 (시작 2019-01-01),5
Boeing,BA,2019Q3,2019-09-30,분기말 자산총계,132598000000,USD,공시,https://www.sec.gov/Archives/edgar/data/12927/000001292719000077/,,5
Boeing,BA,2019Q3,2019-09-30,분기말 부채총계,136407000000,USD,계산(부채및자본-총자본),https://www.sec.gov/Archives/edgar/data/12927/000001292719000077/,부채및자본 132598000000 − 총자본 -3809000000,5
Boeing,BA,2019Q3,2019-09-30,분기말 총자본(자기자본),-3809000000,USD,공시,https://www.sec.gov/Archives/edgar/data/12927/000001292719000077/,,5
Boeing,BA,2019Q3,2019-09-30,분기말 지배지분 자본,-4116000000,USD,공시,https://www.sec.gov/Archives/edgar/data/12927/000001292719000077/,,5
Boeing,BA,2019Q3,2019-09-30,분기말 종가,380.47,USD,API,https://query1.finance.yahoo.com/v8/finance/chart/BA?interval=1d&events=splits (2019-09-30),,5
Boeing,BA,2019Q3,2019-10-16,분기말 상장주식수,562791233,주,공시(표지 기준일),https://www.sec.gov/Archives/edgar/data/12927/000001292719000077/,dei:EntityCommonStockSharesOutstanding 클래스 합,5
Boeing,BA,2019Q3,2019-09-30,분기말 시가총액,214125180420,USD,계산(종가×주식수),https://query1.finance.yahoo.com/v8/finance/chart/BA?interval=1d&events=splits (2019-09-30) ; https://www.sec.gov/Archives/edgar/data/12927/000001292719000077/,종가 380.47 × 주식수 562791233,5
Boeing,BA,2019Q4,2019-12-31,분기별 매출액,17911000000,USD,계산(연간-3분기누적),https://www.sec.gov/Archives/edgar/data/12927/000001292720000014/ ; https://www.sec.gov/Archives/edgar/data/12927/000001292719000077/,연간 76559000000 − 9개월누적 58648000000 (Revenues),5
Boeing,BA,2019Q4,2019-12-31,분기별 영업이익,-2204000000,USD,계산(연간-3분기누적),https://www.sec.gov/Archives/edgar/data/12927/000001292720000014/ ; https://www.sec.gov/Archives/edgar/data/12927/000001292719000077/,연간 -1975000000 − 9개월누적 229000000 (OperatingIncomeLoss),5
Boeing,BA,2019Q4,2019-12-31,분기별 당기순이익(지배),-1010000000,USD,계산(연간-3분기누적),https://www.sec.gov/Archives/edgar/data/12927/000001292720000014/ ; https://www.sec.gov/Archives/edgar/data/12927/000001292719000077/,연간 -636000000 − 9개월누적 374000000 (NetIncomeLoss),5
Boeing,BA,2019Q4,2019-12-31,분기별 영업활동현금흐름,-2220000000,USD,계산(누적차감),https://www.sec.gov/Archives/edgar/data/12927/000001292720000014/ ; https://www.sec.gov/Archives/edgar/data/12927/000001292719000077/,누적 -2446000000 − 직전누적 -226000000 (시작 2019-01-01),5
Boeing,BA,2019Q4,2019-12-31,분기말 자산총계,133625000000,USD,공시,https://www.sec.gov/Archives/edgar/data/12927/000001292720000014/,,5
Boeing,BA,2019Q4,2019-12-31,분기말 부채총계,141925000000,USD,계산(부채및자본-총자본),https://www.sec.gov/Archives/edgar/data/12927/000001292720000014/,부채및자본 133625000000 − 총자본 -8300000000,5
Boeing,BA,2019Q4,2019-12-31,분기말 총자본(자기자본),-8300000000,USD,공시,https://www.sec.gov/Archives/edgar/data/12927/000001292720000014/,,5
Boeing,BA,2019Q4,2019-12-31,분기말 지배지분 자본,-8617000000,USD,공시,https://www.sec.gov/Archives/edgar/data/12927/000001292720000014/,,5
Boeing,BA,2019Q4,2019-12-31,분기말 종가,325.76,USD,API,https://query1.finance.yahoo.com/v8/finance/chart/BA?interval=1d&events=splits (2019-12-31),,5
Boeing,BA,2019Q4,2020-01-24,분기말 상장주식수,563152208,주,공시(표지 기준일),https://www.sec.gov/Archives/edgar/data/12927/000001292720000014/,dei:EntityCommonStockSharesOutstanding 클래스 합,5
Boeing,BA,2019Q4,2019-12-31,분기말 시가총액,183452463278,USD,계산(종가×주식수),https://query1.finance.yahoo.com/v8/finance/chart/BA?interval=1d&events=splits (2019-12-31) ; https://www.sec.gov/Archives/edgar/data/12927/000001292720000014/,종가 325.76 × 주식수 563152208,5
Boeing,BA,2020Q1,2020-03-31,분기별 매출액,16908000000,USD,공시,https://www.sec.gov/Archives/edgar/data/12927/000001292720000045/,,5
Boeing,BA,2020Q1,2020-03-31,분기별 영업이익,-1353000000,USD,공시,https://www.sec.gov/Archives/edgar/data/12927/000001292720000045/,,5
Boeing,BA,2020Q1,2020-03-31,분기별 당기순이익(지배),-628000000,USD,공시,https://www.sec.gov/Archives/edgar/data/12927/000001292720000045/,,5
Boeing,BA,2020Q1,2020-03-31,분기별 영업활동현금흐름,-4302000000,USD,공시,https://www.sec.gov/Archives/edgar/data/12927/000001292720000045/,,5
Boeing,BA,2020Q1,2020-03-31,분기말 자산총계,143075000000,USD,공시,https://www.sec.gov/Archives/edgar/data/12927/000001292720000045/,,5
Boeing,BA,2020Q1,2020-03-31,분기말 부채총계,152435000000,USD,공시,https://www.sec.gov/Archives/edgar/data/12927/000001292720000045/,,5
Boeing,BA,2020Q1,2020-03-31,분기말 총자본(자기자본),-9360000000,USD,공시,https://www.sec.gov/Archives/edgar/data/12927/000001292720000045/,,5
Boeing,BA,2020Q1,2020-03-31,분기말 지배지분 자본,-9665000000,USD,공시,https://www.sec.gov/Archives/edgar/data/12927/000001292720000045/,,5
Boeing,BA,2020Q1,2020-03-31,분기말 종가,149.14,USD,API,https://query1.finance.yahoo.com/v8/finance/chart/BA?interval=1d&events=splits (2020-03-31),,5
Boeing,BA,2020Q1,2020-04-22,분기말 상장주식수,564325344,주,공시(표지 기준일),https://www.sec.gov/Archives/edgar/data/12927/000001292720000045/,dei:EntityCommonStockSharesOutstanding 클래스 합,5
Boeing,BA,2020Q1,2020-03-31,분기말 시가총액,84163481804,USD,계산(종가×주식수),https://query1.finance.yahoo.com/v8/finance/chart/BA?interval=1d&events=splits (2020-03-31) ; https://www.sec.gov/Archives/edgar/data/12927/000001292720000045/,종가 149.14 × 주식수 564325344,5
Boeing,BA,2020Q2,2020-06-30,분기별 매출액,11807000000,USD,공시,https://www.sec.gov/Archives/edgar/data/12927/000001292720000065/,,5
Boeing,BA,2020Q2,2020-06-30,분기별 영업이익,-2964000000,USD,공시,https://www.sec.gov/Archives/edgar/data/12927/000001292720000065/,,5
Boeing,BA,2020Q2,2020-06-30,분기별 당기순이익(지배),-2376000000,USD,공시,https://www.sec.gov/Archives/edgar/data/12927/000001292720000065/,,5
Boeing,BA,2020Q2,2020-06-30,분기별 영업활동현금흐름,-5280000000,USD,계산(누적차감),https://www.sec.gov/Archives/edgar/data/12927/000001292720000065/ ; https://www.sec.gov/Archives/edgar/data/12927/000001292720000045/,누적 -9582000000 − 직전누적 -4302000000 (시작 2020-01-01),5
Boeing,BA,2020Q2,2020-06-30,분기말 자산총계,162872000000,USD,공시,https://www.sec.gov/Archives/edgar/data/12927/000001292720000065/,,5
Boeing,BA,2020Q2,2020-06-30,분기말 부채총계,174254000000,USD,공시,https://www.sec.gov/Archives/edgar/data/12927/000001292720000065/,,5
Boeing,BA,2020Q2,2020-06-30,분기말 총자본(자기자본),-11382000000,USD,공시,https://www.sec.gov/Archives/edgar/data/12927/000001292720000065/,,5
Boeing,BA,2020Q2,2020-06-30,분기말 지배지분 자본,-11667000000,USD,공시,https://www.sec.gov/Archives/edgar/data/12927/000001292720000065/,,5
Boeing,BA,2020Q2,2020-06-30,분기말 종가,183.3,USD,API,https://query1.finance.yahoo.com/v8/finance/chart/BA?interval=1d&events=splits (2020-06-30),,5
Boeing,BA,2020Q2,2020-07-22,분기말 상장주식수,564448738,주,공시(표지 기준일),https://www.sec.gov/Archives/edgar/data/12927/000001292720000065/,dei:EntityCommonStockSharesOutstanding 클래스 합,5
Boeing,BA,2020Q2,2020-06-30,분기말 시가총액,103463453675,USD,계산(종가×주식수),https://query1.finance.yahoo.com/v8/finance/chart/BA?interval=1d&events=splits (2020-06-30) ; https://www.sec.gov/Archives/edgar/data/12927/000001292720000065/,종가 183.3 × 주식수 564448738,5
Boeing,BA,2020Q3,2020-09-30,분기별 매출액,14139000000,USD,공시,https://www.sec.gov/Archives/edgar/data/12927/000001292720000076/,,5
Boeing,BA,2020Q3,2020-09-30,분기별 영업이익,-401000000,USD,공시,https://www.sec.gov/Archives/edgar/data/12927/000001292720000076/,,5
Boeing,BA,2020Q3,2020-09-30,분기별 당기순이익(지배),-449000000,USD,공시,https://www.sec.gov/Archives/edgar/data/12927/000001292720000076/,,5
Boeing,BA,2020Q3,2020-09-30,분기별 영업활동현금흐름,-4819000000,USD,계산(누적차감),https://www.sec.gov/Archives/edgar/data/12927/000001292720000076/ ; https://www.sec.gov/Archives/edgar/data/12927/000001292720000065/,누적 -14401000000 − 직전누적 -9582000000 (시작 2020-01-01),5
Boeing,BA,2020Q3,2020-09-30,분기말 자산총계,161261000000,USD,공시,https://www.sec.gov/Archives/edgar/data/12927/000001292720000076/,,5
Boeing,BA,2020Q3,2020-09-30,분기말 부채총계,172814000000,USD,공시,https://www.sec.gov/Archives/edgar/data/12927/000001292720000076/,,5
Boeing,BA,2020Q3,2020-09-30,분기말 총자본(자기자본),-11553000000,USD,공시,https://www.sec.gov/Archives/edgar/data/12927/000001292720000076/,,5
Boeing,BA,2020Q3,2020-09-30,분기말 지배지분 자본,-11821000000,USD,공시,https://www.sec.gov/Archives/edgar/data/12927/000001292720000076/,,5
Boeing,BA,2020Q3,2020-09-30,분기말 종가,165.26,USD,API,https://query1.finance.yahoo.com/v8/finance/chart/BA?interval=1d&events=splits (2020-09-30),,5
Boeing,BA,2020Q3,2020-10-21,분기말 상장주식수,564529686,주,공시(표지 기준일),https://www.sec.gov/Archives/edgar/data/12927/000001292720000076/,dei:EntityCommonStockSharesOutstanding 클래스 합,5
Boeing,BA,2020Q3,2020-09-30,분기말 시가총액,93294175908,USD,계산(종가×주식수),https://query1.finance.yahoo.com/v8/finance/chart/BA?interval=1d&events=splits (2020-09-30) ; https://www.sec.gov/Archives/edgar/data/12927/000001292720000076/,종가 165.26 × 주식수 564529686,5
Boeing,BA,2020Q4,2020-12-31,분기별 매출액,15304000000,USD,계산(연간-3분기누적),https://www.sec.gov/Archives/edgar/data/12927/000001292721000011/ ; https://www.sec.gov/Archives/edgar/data/12927/000001292720000076/,연간 58158000000 − 9개월누적 42854000000 (Revenues),5
Boeing,BA,2020Q4,2020-12-31,분기별 영업이익,-8049000000,USD,계산(연간-3분기누적),https://www.sec.gov/Archives/edgar/data/12927/000001292721000011/ ; https://www.sec.gov/Archives/edgar/data/12927/000001292720000076/,연간 -12767000000 − 9개월누적 -4718000000 (OperatingIncomeLoss),5
Boeing,BA,2020Q4,2020-12-31,분기별 당기순이익(지배),-8420000000,USD,계산(연간-3분기누적),https://www.sec.gov/Archives/edgar/data/12927/000001292721000011/ ; https://www.sec.gov/Archives/edgar/data/12927/000001292720000076/,연간 -11873000000 − 9개월누적 -3453000000 (NetIncomeLoss),5
Boeing,BA,2020Q4,2020-12-31,분기별 영업활동현금흐름,-4009000000,USD,계산(누적차감),https://www.sec.gov/Archives/edgar/data/12927/000001292721000011/ ; https://www.sec.gov/Archives/edgar/data/12927/000001292720000076/,누적 -18410000000 − 직전누적 -14401000000 (시작 2020-01-01),5
Boeing,BA,2020Q4,2020-12-31,분기말 자산총계,152136000000,USD,공시,https://www.sec.gov/Archives/edgar/data/12927/000001292721000011/,,5
Boeing,BA,2020Q4,2020-12-31,분기말 부채총계,170211000000,USD,공시,https://www.sec.gov/Archives/edgar/data/12927/000001292721000011/,,5
Boeing,BA,2020Q4,2020-12-31,분기말 총자본(자기자본),-18075000000,USD,공시,https://www.sec.gov/Archives/edgar/data/12927/000001292721000011/,,5
Boeing,BA,2020Q4,2020-12-31,분기말 지배지분 자본,-18316000000,USD,공시,https://www.sec.gov/Archives/edgar/data/12927/000001292721000011/,,5
Boeing,BA,2020Q4,2020-12-31,분기말 종가,214.06,USD,API,https://query1.finance.yahoo.com/v8/finance/chart/BA?interval=1d&events=splits (2020-12-31),,5
Boeing,BA,2020Q4,2021-01-25,분기말 상장주식수,582996860,주,공시(표지 기준일),https://www.sec.gov/Archives/edgar/data/12927/000001292721000011/,dei:EntityCommonStockSharesOutstanding 클래스 합,5
Boeing,BA,2020Q4,2020-12-31,분기말 시가총액,124796307852,USD,계산(종가×주식수),https://query1.finance.yahoo.com/v8/finance/chart/BA?interval=1d&events=splits (2020-12-31) ; https://www.sec.gov/Archives/edgar/data/12927/000001292721000011/,종가 214.06 × 주식수 582996860,5
Boeing,BA,2021Q1,2021-03-31,분기별 매출액,15217000000,USD,공시,https://www.sec.gov/Archives/edgar/data/12927/000001292721000040/,,5
Boeing,BA,2021Q1,2021-03-31,분기별 영업이익,-83000000,USD,공시,https://www.sec.gov/Archives/edgar/data/12927/000001292721000040/,,5
Boeing,BA,2021Q1,2021-03-31,분기별 당기순이익(지배),-537000000,USD,공시,https://www.sec.gov/Archives/edgar/data/12927/000001292721000040/,,5
Boeing,BA,2021Q1,2021-03-31,분기별 영업활동현금흐름,-3387000000,USD,공시,https://www.sec.gov/Archives/edgar/data/12927/000001292721000040/,,5
Boeing,BA,2021Q1,2021-03-31,분기말 자산총계,150035000000,USD,공시,https://www.sec.gov/Archives/edgar/data/12927/000001292721000040/,,5
Boeing,BA,2021Q1,2021-03-31,분기말 부채총계,167876000000,USD,공시,https://www.sec.gov/Archives/edgar/data/12927/000001292721000040/,,5
Boeing,BA,2021Q1,2021-03-31,분기말 총자본(자기자본),-17841000000,USD,공시,https://www.sec.gov/Archives/edgar/data/12927/000001292721000040/,,5
Boeing,BA,2021Q1,2021-03-31,분기말 지배지분 자본,-18058000000,USD,공시,https://www.sec.gov/Archives/edgar/data/12927/000001292721000040/,,5
Boeing,BA,2021Q1,2021-03-31,분기말 종가,254.72,USD,API,https://query1.finance.yahoo.com/v8/finance/chart/BA?interval=1d&events=splits (2021-03-31),,5
Boeing,BA,2021Q1,2021-04-21,분기말 상장주식수,584810068,주,공시(표지 기준일),https://www.sec.gov/Archives/edgar/data/12927/000001292721000040/,dei:EntityCommonStockSharesOutstanding 클래스 합,5
Boeing,BA,2021Q1,2021-03-31,분기말 시가총액,148962820521,USD,계산(종가×주식수),https://query1.finance.yahoo.com/v8/finance/chart/BA?interval=1d&events=splits (2021-03-31) ; https://www.sec.gov/Archives/edgar/data/12927/000001292721000040/,종가 254.72 × 주식수 584810068,5
Boeing,BA,2021Q2,2021-06-30,분기별 매출액,16998000000,USD,공시,https://www.sec.gov/Archives/edgar/data/12927/000001292721000073/,,5
Boeing,BA,2021Q2,2021-06-30,분기별 영업이익,1023000000,USD,공시,https://www.sec.gov/Archives/edgar/data/12927/000001292721000073/,,5
Boeing,BA,2021Q2,2021-06-30,분기별 당기순이익(지배),587000000,USD,공시,https://www.sec.gov/Archives/edgar/data/12927/000001292721000073/,,5
Boeing,BA,2021Q2,2021-06-30,분기별 영업활동현금흐름,-483000000,USD,계산(누적차감),https://www.sec.gov/Archives/edgar/data/12927/000001292721000073/ ; https://www.sec.gov/Archives/edgar/data/12927/000001292721000040/,누적 -3870000000 − 직전누적 -3387000000 (시작 2021-01-01),5
Boeing,BA,2021Q2,2021-06-30,분기말 자산총계,148935000000,USD,공시,https://www.sec.gov/Archives/edgar/data/12927/000001292721000073/,,5
Boeing,BA,2021Q2,2021-06-30,분기말 부채총계,165420000000,USD,공시,https://www.sec.gov/Archives/edgar/data/12927/000001292721000073/,,5
Boeing,BA,2021Q2,2021-06-30,분기말 총자본(자기자본),-16485000000,USD,공시,https://www.sec.gov/Archives/edgar/data/12927/000001292721000073/,,5
Boeing,BA,2021Q2,2021-06-30,분기말 지배지분 자본,-16682000000,USD,공시,https://www.sec.gov/Archives/edgar/data/12927/000001292721000073/,,5
Boeing,BA,2021Q2,2021-06-30,분기말 종가,239.56,USD,API,https://query1.finance.yahoo.com/v8/finance/chart/BA?interval=1d&events=splits (2021-06-30),,5
Boeing,BA,2021Q2,2021-07-21,분기말 상장주식수,586151904,주,공시(표지 기준일),https://www.sec.gov/Archives/edgar/data/12927/000001292721000073/,dei:EntityCommonStockSharesOutstanding 클래스 합,5
Boeing,BA,2021Q2,2021-06-30,분기말 시가총액,140418550122,USD,계산(종가×주식수),https://query1.finance.yahoo.com/v8/finance/chart/BA?interval=1d&events=splits (2021-06-30) ; https://www.sec.gov/Archives/edgar/data/12927/000001292721000073/,종가 239.56 × 주식수 586151904,5
Boeing,BA,2021Q3,2021-09-30,분기별 매출액,15278000000,USD,공시,https://www.sec.gov/Archives/edgar/data/12927/000001292721000094/,,5
Boeing,BA,2021Q3,2021-09-30,분기별 영업이익,329000000,USD,공시,https://www.sec.gov/Archives/edgar/data/12927/000001292721000094/,,5
Boeing,BA,2021Q3,2021-09-30,분기별 당기순이익(지배),-109000000,USD,공시,https://www.sec.gov/Archives/edgar/data/12927/000001292721000094/,,5
Boeing,BA,2021Q3,2021-09-30,분기별 영업활동현금흐름,-262000000,USD,계산(누적차감),https://www.sec.gov/Archives/edgar/data/12927/000001292721000094/ ; https://www.sec.gov/Archives/edgar/data/12927/000001292721000073/,누적 -4132000000 − 직전누적 -3870000000 (시작 2021-01-01),5
Boeing,BA,2021Q3,2021-09-30,분기말 자산총계,146846000000,USD,공시,https://www.sec.gov/Archives/edgar/data/12927/000001292721000094/,,5
Boeing,BA,2021Q3,2021-09-30,분기말 부채총계,161112000000,USD,공시,https://www.sec.gov/Archives/edgar/data/12927/000001292721000094/,,5
Boeing,BA,2021Q3,2021-09-30,분기말 총자본(자기자본),-14266000000,USD,공시,https://www.sec.gov/Archives/edgar/data/12927/000001292721000094/,,5
Boeing,BA,2021Q3,2021-09-30,분기말 지배지분 자본,-14440000000,USD,공시,https://www.sec.gov/Archives/edgar/data/12927/000001292721000094/,,5
Boeing,BA,2021Q3,2021-09-30,분기말 종가,219.94,USD,API,https://query1.finance.yahoo.com/v8/finance/chart/BA?interval=1d&events=splits (2021-09-30),,5
Boeing,BA,2021Q3,2021-10-20,분기말 상장주식수,587699224,주,공시(표지 기준일),https://www.sec.gov/Archives/edgar/data/12927/000001292721000094/,dei:EntityCommonStockSharesOutstanding 클래스 합,5
Boeing,BA,2021Q3,2021-09-30,분기말 시가총액,129258567327,USD,계산(종가×주식수),https://query1.finance.yahoo.com/v8/finance/chart/BA?interval=1d&events=splits (2021-09-30) ; https://www.sec.gov/Archives/edgar/data/12927/000001292721000094/,종가 219.94 × 주식수 587699224,5
Boeing,BA,2021Q4,2021-12-31,분기별 매출액,14793000000,USD,계산(연간-3분기누적),https://www.sec.gov/Archives/edgar/data/12927/000001292722000010/ ; https://www.sec.gov/Archives/edgar/data/12927/000001292721000094/,연간 62286000000 − 9개월누적 47493000000 (Revenues),5
Boeing,BA,2021Q4,2021-12-31,분기별 영업이익,-4139000000,USD,계산(연간-3분기누적)(재작성 반영),https://www.sec.gov/Archives/edgar/data/12927/000001292724000010/ ; https://www.sec.gov/Archives/edgar/data/12927/000001292721000094/,연간 -2870000000 − 9개월누적 1269000000 (OperatingIncomeLoss) ; 원 공시 -4171000000 (https://www.sec.gov/Archives/edgar/data/12927/000001292722000010/ ; https://www.sec.gov/Archives/edgar/data/12927/000001292721000094/),5
Boeing,BA,2021Q4,2021-12-31,분기별 당기순이익(지배),-4143000000,USD,계산(연간-3분기누적),https://www.sec.gov/Archives/edgar/data/12927/000001292722000010/ ; https://www.sec.gov/Archives/edgar/data/12927/000001292721000094/,연간 -4202000000 − 9개월누적 -59000000 (NetIncomeLoss),5
Boeing,BA,2021Q4,2021-12-31,분기별 영업활동현금흐름,716000000,USD,계산(누적차감),https://www.sec.gov/Archives/edgar/data/12927/000001292722000010/ ; https://www.sec.gov/Archives/edgar/data/12927/000001292721000094/,누적 -3416000000 − 직전누적 -4132000000 (시작 2021-01-01),5
Boeing,BA,2021Q4,2021-12-31,분기말 자산총계,138552000000,USD,공시,https://www.sec.gov/Archives/edgar/data/12927/000001292722000010/,,5
Boeing,BA,2021Q4,2021-12-31,분기말 부채총계,153398000000,USD,공시,https://www.sec.gov/Archives/edgar/data/12927/000001292722000010/,,5
Boeing,BA,2021Q4,2021-12-31,분기말 총자본(자기자본),-14846000000,USD,공시,https://www.sec.gov/Archives/edgar/data/12927/000001292722000010/,,5
Boeing,BA,2021Q4,2021-12-31,분기말 지배지분 자본,-14999000000,USD,공시,https://www.sec.gov/Archives/edgar/data/12927/000001292722000010/,,5
Boeing,BA,2021Q4,2021-12-31,분기말 종가,201.32,USD,API,https://query1.finance.yahoo.com/v8/finance/chart/BA?interval=1d&events=splits (2021-12-31),,5
Boeing,BA,2021Q4,2022-01-24,분기말 상장주식수,582999765,주,공시(표지 기준일),https://www.sec.gov/Archives/edgar/data/12927/000001292722000010/,dei:EntityCommonStockSharesOutstanding 클래스 합,5
Boeing,BA,2021Q4,2021-12-31,분기말 시가총액,117369512690,USD,계산(종가×주식수),https://query1.finance.yahoo.com/v8/finance/chart/BA?interval=1d&events=splits (2021-12-31) ; https://www.sec.gov/Archives/edgar/data/12927/000001292722000010/,종가 201.32 × 주식수 582999765,5
Boeing,BA,2022Q1,2022-03-31,분기별 매출액,13991000000,USD,공시,https://www.sec.gov/Archives/edgar/data/12927/000001292722000022/,,5
Boeing,BA,2022Q1,2022-03-31,분기별 영업이익,-1162000000,USD,공시(재작성 반영),https://www.sec.gov/Archives/edgar/data/12927/000001292723000029/,원 공시 -1169000000 (https://www.sec.gov/Archives/edgar/data/12927/000001292722000022/),5
Boeing,BA,2022Q1,2022-03-31,분기별 당기순이익(지배),-1219000000,USD,공시,https://www.sec.gov/Archives/edgar/data/12927/000001292722000022/,,5
Boeing,BA,2022Q1,2022-03-31,분기별 영업활동현금흐름,-3216000000,USD,공시,https://www.sec.gov/Archives/edgar/data/12927/000001292722000022/,,5
Boeing,BA,2022Q1,2022-03-31,분기말 자산총계,135801000000,USD,공시,https://www.sec.gov/Archives/edgar/data/12927/000001292722000022/,,5
Boeing,BA,2022Q1,2022-03-31,분기말 부채총계,151069000000,USD,공시,https://www.sec.gov/Archives/edgar/data/12927/000001292722000022/,,5
Boeing,BA,2022Q1,2022-03-31,분기말 총자본(자기자본),-15268000000,USD,공시,https://www.sec.gov/Archives/edgar/data/12927/000001292722000022/,,5
Boeing,BA,2022Q1,2022-03-31,분기말 지배지분 자본,-15398000000,USD,공시,https://www.sec.gov/Archives/edgar/data/12927/000001292722000022/,,5
Boeing,BA,2022Q1,2022-03-31,분기말 종가,191.5,USD,API,https://query1.finance.yahoo.com/v8/finance/chart/BA?interval=1d&events=splits (2022-03-31),,5
Boeing,BA,2022Q1,2022-04-20,분기말 상장주식수,591635833,주,공시(표지 기준일),https://www.sec.gov/Archives/edgar/data/12927/000001292722000022/,dei:EntityCommonStockSharesOutstanding 클래스 합,5
Boeing,BA,2022Q1,2022-03-31,분기말 시가총액,113298262020,USD,계산(종가×주식수),https://query1.finance.yahoo.com/v8/finance/chart/BA?interval=1d&events=splits (2022-03-31) ; https://www.sec.gov/Archives/edgar/data/12927/000001292722000022/,종가 191.5 × 주식수 591635833,5
Boeing,BA,2022Q2,2022-06-30,분기별 매출액,16681000000,USD,공시,https://www.sec.gov/Archives/edgar/data/12927/000001292722000058/,,5
Boeing,BA,2022Q2,2022-06-30,분기별 영업이익,774000000,USD,공시,https://www.sec.gov/Archives/edgar/data/12927/000001292722000058/,,5
Boeing,BA,2022Q2,2022-06-30,분기별 당기순이익(지배),193000000,USD,공시,https://www.sec.gov/Archives/edgar/data/12927/000001292722000058/,,5
Boeing,BA,2022Q2,2022-06-30,분기별 영업활동현금흐름,81000000,USD,계산(누적차감),https://www.sec.gov/Archives/edgar/data/12927/000001292722000058/ ; https://www.sec.gov/Archives/edgar/data/12927/000001292722000022/,누적 -3135000000 − 직전누적 -3216000000 (시작 2022-01-01),5
Boeing,BA,2022Q2,2022-06-30,분기말 자산총계,135479000000,USD,공시,https://www.sec.gov/Archives/edgar/data/12927/000001292722000058/,,5
Boeing,BA,2022Q2,2022-06-30,분기말 부채총계,150270000000,USD,공시,https://www.sec.gov/Archives/edgar/data/12927/000001292722000058/,,5
Boeing,BA,2022Q2,2022-06-30,분기말 총자본(자기자본),-14791000000,USD,공시,https://www.sec.gov/Archives/edgar/data/12927/000001292722000058/,,5
Boeing,BA,2022Q2,2022-06-30,분기말 지배지분 자본,-14888000000,USD,공시,https://www.sec.gov/Archives/edgar/data/12927/000001292722000058/,,5
Boeing,BA,2022Q2,2022-06-30,분기말 종가,136.72,USD,API,https://query1.finance.yahoo.com/v8/finance/chart/BA?interval=1d&events=splits (2022-06-30),,5
Boeing,BA,2022Q2,2022-07-20,분기말 상장주식수,593811169,주,공시(표지 기준일),https://www.sec.gov/Archives/edgar/data/12927/000001292722000058/,dei:EntityCommonStockSharesOutstanding 클래스 합,5
Boeing,BA,2022Q2,2022-06-30,분기말 시가총액,81185863026,USD,계산(종가×주식수),https://query1.finance.yahoo.com/v8/finance/chart/BA?interval=1d&events=splits (2022-06-30) ; https://www.sec.gov/Archives/edgar/data/12927/000001292722000058/,종가 136.72 × 주식수 593811169,5
Boeing,BA,2022Q3,2022-09-30,분기별 매출액,15956000000,USD,공시,https://www.sec.gov/Archives/edgar/data/12927/000001292722000073/,,5
Boeing,BA,2022Q3,2022-09-30,분기별 영업이익,-2792000000,USD,공시(재작성 반영),https://www.sec.gov/Archives/edgar/data/12927/000001292723000062/,원 공시 -2799000000 (https://www.sec.gov/Archives/edgar/data/12927/000001292722000073/),5
Boeing,BA,2022Q3,2022-09-30,분기별 당기순이익(지배),-3275000000,USD,공시,https://www.sec.gov/Archives/edgar/data/12927/000001292722000073/,,5
Boeing,BA,2022Q3,2022-09-30,분기별 영업활동현금흐름,3190000000,USD,계산(누적차감),https://www.sec.gov/Archives/edgar/data/12927/000001292722000073/ ; https://www.sec.gov/Archives/edgar/data/12927/000001292722000058/,누적 55000000 − 직전누적 -3135000000 (시작 2022-01-01),5
Boeing,BA,2022Q3,2022-09-30,분기말 자산총계,137558000000,USD,공시,https://www.sec.gov/Archives/edgar/data/12927/000001292722000073/,,5
Boeing,BA,2022Q3,2022-09-30,분기말 부채총계,155193000000,USD,공시,https://www.sec.gov/Archives/edgar/data/12927/000001292722000073/,,5
Boeing,BA,2022Q3,2022-09-30,분기말 총자본(자기자본),-17635000000,USD,공시,https://www.sec.gov/Archives/edgar/data/12927/000001292722000073/,,5
Boeing,BA,2022Q3,2022-09-30,분기말 지배지분 자본,-17699000000,USD,공시,https://www.sec.gov/Archives/edgar/data/12927/000001292722000073/,,5
Boeing,BA,2022Q3,2022-09-30,분기말 종가,121.08,USD,API,https://query1.finance.yahoo.com/v8/finance/chart/BA?interval=1d&events=splits (2022-09-30),,5
Boeing,BA,2022Q3,2022-10-19,분기말 상장주식수,595983192,주,공시(표지 기준일),https://www.sec.gov/Archives/edgar/data/12927/000001292722000073/,dei:EntityCommonStockSharesOutstanding 클래스 합,5
Boeing,BA,2022Q3,2022-09-30,분기말 시가총액,72161644887,USD,계산(종가×주식수),https://query1.finance.yahoo.com/v8/finance/chart/BA?interval=1d&events=splits (2022-09-30) ; https://www.sec.gov/Archives/edgar/data/12927/000001292722000073/,종가 121.08 × 주식수 595983192,5
Boeing,BA,2022Q4,2022-12-31,분기별 매출액,19980000000,USD,계산(연간-3분기누적),https://www.sec.gov/Archives/edgar/data/12927/000001292723000007/ ; https://www.sec.gov/Archives/edgar/data/12927/000001292722000073/,연간 66608000000 − 9개월누적 46628000000 (Revenues),5
Boeing,BA,2022Q4,2022-12-31,분기별 영업이익,-345000000,USD,계산(연간-3분기누적)(재작성 반영),https://www.sec.gov/Archives/edgar/data/12927/000001292725000015/ ; https://www.sec.gov/Archives/edgar/data/12927/000001292723000062/,연간 -3519000000 − 9개월누적 -3174000000 (OperatingIncomeLoss) ; 원 공시 -353000000 (https://www.sec.gov/Archives/edgar/data/12927/000001292723000007/ ; https://www.sec.gov/Archives/edgar/data/12927/000001292722000073/),5
Boeing,BA,2022Q4,2022-12-31,분기별 당기순이익(지배),-634000000,USD,계산(연간-3분기누적),https://www.sec.gov/Archives/edgar/data/12927/000001292723000007/ ; https://www.sec.gov/Archives/edgar/data/12927/000001292722000073/,연간 -4935000000 − 9개월누적 -4301000000 (NetIncomeLoss),5
Boeing,BA,2022Q4,2022-12-31,분기별 영업활동현금흐름,3457000000,USD,계산(누적차감),https://www.sec.gov/Archives/edgar/data/12927/000001292723000007/ ; https://www.sec.gov/Archives/edgar/data/12927/000001292722000073/,누적 3512000000 − 직전누적 55000000 (시작 2022-01-01),5
Boeing,BA,2022Q4,2022-12-31,분기말 자산총계,137100000000,USD,공시,https://www.sec.gov/Archives/edgar/data/12927/000001292723000007/,,5
Boeing,BA,2022Q4,2022-12-31,분기말 부채총계,152948000000,USD,공시,https://www.sec.gov/Archives/edgar/data/12927/000001292723000007/,,5
Boeing,BA,2022Q4,2022-12-31,분기말 총자본(자기자본),-15848000000,USD,공시,https://www.sec.gov/Archives/edgar/data/12927/000001292723000007/,,5
Boeing,BA,2022Q4,2022-12-31,분기말 지배지분 자본,-15883000000,USD,공시,https://www.sec.gov/Archives/edgar/data/12927/000001292723000007/,,5
Boeing,BA,2022Q4,2022-12-30,분기말 종가,190.49,USD,API,https://query1.finance.yahoo.com/v8/finance/chart/BA?interval=1d&events=splits (2022-12-30),,5
Boeing,BA,2022Q4,2023-01-20,분기말 상장주식수,598239585,주,공시(표지 기준일),https://www.sec.gov/Archives/edgar/data/12927/000001292723000007/,dei:EntityCommonStockSharesOutstanding 클래스 합,5
Boeing,BA,2022Q4,2022-12-30,분기말 시가총액,113958658547,USD,계산(종가×주식수),https://query1.finance.yahoo.com/v8/finance/chart/BA?interval=1d&events=splits (2022-12-30) ; https://www.sec.gov/Archives/edgar/data/12927/000001292723000007/,종가 190.49 × 주식수 598239585,5
Boeing,BA,2023Q1,2023-03-31,분기별 매출액,17921000000,USD,공시,https://www.sec.gov/Archives/edgar/data/12927/000001292723000029/,,5
Boeing,BA,2023Q1,2023-03-31,분기별 영업이익,-149000000,USD,공시,https://www.sec.gov/Archives/edgar/data/12927/000001292723000029/,,5
Boeing,BA,2023Q1,2023-03-31,분기별 당기순이익(지배),-414000000,USD,공시,https://www.sec.gov/Archives/edgar/data/12927/000001292723000029/,,5
Boeing,BA,2023Q1,2023-03-31,분기별 영업활동현금흐름,-318000000,USD,공시,https://www.sec.gov/Archives/edgar/data/12927/000001292723000029/,,5
Boeing,BA,2023Q1,2023-03-31,분기말 자산총계,136347000000,USD,공시,https://www.sec.gov/Archives/edgar/data/12927/000001292723000029/,,5
Boeing,BA,2023Q1,2023-03-31,분기말 부채총계,151831000000,USD,공시,https://www.sec.gov/Archives/edgar/data/12927/000001292723000029/,,5
Boeing,BA,2023Q1,2023-03-31,분기말 총자본(자기자본),-15484000000,USD,공시,https://www.sec.gov/Archives/edgar/data/12927/000001292723000029/,,5
Boeing,BA,2023Q1,2023-03-31,분기말 지배지분 자본,-15508000000,USD,공시,https://www.sec.gov/Archives/edgar/data/12927/000001292723000029/,,5
Boeing,BA,2023Q1,2023-03-31,분기말 종가,212.43,USD,API,https://query1.finance.yahoo.com/v8/finance/chart/BA?interval=1d&events=splits (2023-03-31),,5
Boeing,BA,2023Q1,2023-04-19,분기말 상장주식수,601593507,주,공시(표지 기준일),https://www.sec.gov/Archives/edgar/data/12927/000001292723000029/,dei:EntityCommonStockSharesOutstanding 클래스 합,5
Boeing,BA,2023Q1,2023-03-31,분기말 시가총액,127796508692,USD,계산(종가×주식수),https://query1.finance.yahoo.com/v8/finance/chart/BA?interval=1d&events=splits (2023-03-31) ; https://www.sec.gov/Archives/edgar/data/12927/000001292723000029/,종가 212.43 × 주식수 601593507,5
Boeing,BA,2023Q2,2023-06-30,분기별 매출액,19751000000,USD,공시,https://www.sec.gov/Archives/edgar/data/12927/000001292723000048/,,5
Boeing,BA,2023Q2,2023-06-30,분기별 영업이익,-99000000,USD,공시,https://www.sec.gov/Archives/edgar/data/12927/000001292723000048/,,5
Boeing,BA,2023Q2,2023-06-30,분기별 당기순이익(지배),-149000000,USD,공시,https://www.sec.gov/Archives/edgar/data/12927/000001292723000048/,,5
Boeing,BA,2023Q2,2023-06-30,분기별 영업활동현금흐름,2875000000,USD,계산(누적차감),https://www.sec.gov/Archives/edgar/data/12927/000001292723000048/ ; https://www.sec.gov/Archives/edgar/data/12927/000001292723000029/,누적 2557000000 − 직전누적 -318000000 (시작 2023-01-01),5
Boeing,BA,2023Q2,2023-06-30,분기말 자산총계,134774000000,USD,공시,https://www.sec.gov/Archives/edgar/data/12927/000001292723000048/,,5
Boeing,BA,2023Q2,2023-06-30,분기말 부채총계,150267000000,USD,공시,https://www.sec.gov/Archives/edgar/data/12927/000001292723000048/,,5
Boeing,BA,2023Q2,2023-06-30,분기말 총자본(자기자본),-15493000000,USD,공시,https://www.sec.gov/Archives/edgar/data/12927/000001292723000048/,,5
Boeing,BA,2023Q2,2023-06-30,분기말 지배지분 자본,-15517000000,USD,공시,https://www.sec.gov/Archives/edgar/data/12927/000001292723000048/,,5
Boeing,BA,2023Q2,2023-06-30,분기말 종가,211.16,USD,API,https://query1.finance.yahoo.com/v8/finance/chart/BA?interval=1d&events=splits (2023-06-30),,5
Boeing,BA,2023Q2,2023-07-19,분기말 상장주식수,603203554,주,공시(표지 기준일),https://www.sec.gov/Archives/edgar/data/12927/000001292723000048/,dei:EntityCommonStockSharesOutstanding 클래스 합,5
Boeing,BA,2023Q2,2023-06-30,분기말 시가총액,127372462463,USD,계산(종가×주식수),https://query1.finance.yahoo.com/v8/finance/chart/BA?interval=1d&events=splits (2023-06-30) ; https://www.sec.gov/Archives/edgar/data/12927/000001292723000048/,종가 211.16 × 주식수 603203554,5
Boeing,BA,2023Q3,2023-09-30,분기별 매출액,18104000000,USD,공시,https://www.sec.gov/Archives/edgar/data/12927/000001292723000062/,,5
Boeing,BA,2023Q3,2023-09-30,분기별 영업이익,-808000000,USD,공시,https://www.sec.gov/Archives/edgar/data/12927/000001292723000062/,,5
Boeing,BA,2023Q3,2023-09-30,분기별 당기순이익(지배),-1636000000,USD,공시,https://www.sec.gov/Archives/edgar/data/12927/000001292723000062/,,5
Boeing,BA,2023Q3,2023-09-30,분기별 영업활동현금흐름,22000000,USD,계산(누적차감),https://www.sec.gov/Archives/edgar/data/12927/000001292723000062/ ; https://www.sec.gov/Archives/edgar/data/12927/000001292723000048/,누적 2579000000 − 직전누적 2557000000 (시작 2023-01-01),5
Boeing,BA,2023Q3,2023-09-30,분기말 자산총계,134281000000,USD,공시,https://www.sec.gov/Archives/edgar/data/12927/000001292723000062/,,5
Boeing,BA,2023Q3,2023-09-30,분기말 부채총계,150998000000,USD,공시,https://www.sec.gov/Archives/edgar/data/12927/000001292723000062/,,5
Boeing,BA,2023Q3,2023-09-30,분기말 총자본(자기자본),-16717000000,USD,공시,https://www.sec.gov/Archives/edgar/data/12927/000001292723000062/,,5
Boeing,BA,2023Q3,2023-09-30,분기말 지배지분 자본,-16729000000,USD,공시,https://www.sec.gov/Archives/edgar/data/12927/000001292723000062/,,5
Boeing,BA,2023Q3,2023-09-29,분기말 종가,191.68,USD,API,https://query1.finance.yahoo.com/v8/finance/chart/BA?interval=1d&events=splits (2023-09-29),,5
Boeing,BA,2023Q3,2023-10-18,분기말 상장주식수,604976797,주,공시(표지 기준일),https://www.sec.gov/Archives/edgar/data/12927/000001292723000062/,dei:EntityCommonStockSharesOutstanding 클래스 합,5
Boeing,BA,2023Q3,2023-09-29,분기말 시가총액,115961952449,USD,계산(종가×주식수),https://query1.finance.yahoo.com/v8/finance/chart/BA?interval=1d&events=splits (2023-09-29) ; https://www.sec.gov/Archives/edgar/data/12927/000001292723000062/,종가 191.68 × 주식수 604976797,5
Boeing,BA,2023Q4,2023-12-31,분기별 매출액,22018000000,USD,계산(연간-3분기누적),https://www.sec.gov/Archives/edgar/data/12927/000001292724000010/ ; https://www.sec.gov/Archives/edgar/data/12927/000001292723000062/,연간 77794000000 − 9개월누적 55776000000 (Revenues),5
Boeing,BA,2023Q4,2023-12-31,분기별 영업이익,283000000,USD,계산(연간-3분기누적),https://www.sec.gov/Archives/edgar/data/12927/000001292724000010/ ; https://www.sec.gov/Archives/edgar/data/12927/000001292723000062/,연간 -773000000 − 9개월누적 -1056000000 (OperatingIncomeLoss),5
Boeing,BA,2023Q4,2023-12-31,분기별 당기순이익(지배),-23000000,USD,계산(연간-3분기누적),https://www.sec.gov/Archives/edgar/data/12927/000001292724000010/ ; https://www.sec.gov/Archives/edgar/data/12927/000001292723000062/,연간 -2222000000 − 9개월누적 -2199000000 (NetIncomeLoss),5
Boeing,BA,2023Q4,2023-12-31,분기별 영업활동현금흐름,3381000000,USD,계산(누적차감),https://www.sec.gov/Archives/edgar/data/12927/000001292724000010/ ; https://www.sec.gov/Archives/edgar/data/12927/000001292723000062/,누적 5960000000 − 직전누적 2579000000 (시작 2023-01-01),5
Boeing,BA,2023Q4,2023-12-31,분기말 자산총계,137012000000,USD,공시,https://www.sec.gov/Archives/edgar/data/12927/000001292724000010/,,5
Boeing,BA,2023Q4,2023-12-31,분기말 부채총계,154240000000,USD,공시,https://www.sec.gov/Archives/edgar/data/12927/000001292724000010/,,5
Boeing,BA,2023Q4,2023-12-31,분기말 총자본(자기자본),-17228000000,USD,공시,https://www.sec.gov/Archives/edgar/data/12927/000001292724000010/,,5
Boeing,BA,2023Q4,2023-12-31,분기말 지배지분 자본,-17233000000,USD,공시,https://www.sec.gov/Archives/edgar/data/12927/000001292724000010/,,5
Boeing,BA,2023Q4,2023-12-29,분기말 종가,260.66,USD,API,https://query1.finance.yahoo.com/v8/finance/chart/BA?interval=1d&events=splits (2023-12-29),,5
Boeing,BA,2023Q4,2024-01-24,분기말 상장주식수,610135205,주,공시(표지 기준일),https://www.sec.gov/Archives/edgar/data/12927/000001292724000010/,dei:EntityCommonStockSharesOutstanding 클래스 합,5
Boeing,BA,2023Q4,2023-12-29,분기말 시가총액,159037842535,USD,계산(종가×주식수),https://query1.finance.yahoo.com/v8/finance/chart/BA?interval=1d&events=splits (2023-12-29) ; https://www.sec.gov/Archives/edgar/data/12927/000001292724000010/,종가 260.66 × 주식수 610135205,5
Boeing,BA,2024Q1,2024-03-31,분기별 매출액,16569000000,USD,공시,https://www.sec.gov/Archives/edgar/data/12927/000001292724000025/,,5
Boeing,BA,2024Q1,2024-03-31,분기별 영업이익,-86000000,USD,공시,https://www.sec.gov/Archives/edgar/data/12927/000001292724000025/,,5
Boeing,BA,2024Q1,2024-03-31,분기별 당기순이익(지배),-343000000,USD,공시,https://www.sec.gov/Archives/edgar/data/12927/000001292724000025/,,5
Boeing,BA,2024Q1,2024-03-31,분기별 영업활동현금흐름,-3362000000,USD,공시,https://www.sec.gov/Archives/edgar/data/12927/000001292724000025/,,5
Boeing,BA,2024Q1,2024-03-31,분기말 자산총계,134484000000,USD,공시,https://www.sec.gov/Archives/edgar/data/12927/000001292724000025/,,5
Boeing,BA,2024Q1,2024-03-31,분기말 부채총계,151500000000,USD,공시,https://www.sec.gov/Archives/edgar/data/12927/000001292724000025/,,5
Boeing,BA,2024Q1,2024-03-31,분기말 총자본(자기자본),-17016000000,USD,공시,https://www.sec.gov/Archives/edgar/data/12927/000001292724000025/,,5
Boeing,BA,2024Q1,2024-03-31,분기말 지배지분 자본,-17009000000,USD,공시,https://www.sec.gov/Archives/edgar/data/12927/000001292724000025/,,5
Boeing,BA,2024Q1,2024-03-28,분기말 종가,192.99,USD,API,https://query1.finance.yahoo.com/v8/finance/chart/BA?interval=1d&events=splits (2024-03-28),,5
Boeing,BA,2024Q1,2024-04-17,분기말 상장주식수,613884224,주,공시(표지 기준일),https://www.sec.gov/Archives/edgar/data/12927/000001292724000025/,dei:EntityCommonStockSharesOutstanding 클래스 합,5
Boeing,BA,2024Q1,2024-03-28,분기말 시가총액,118473516390,USD,계산(종가×주식수),https://query1.finance.yahoo.com/v8/finance/chart/BA?interval=1d&events=splits (2024-03-28) ; https://www.sec.gov/Archives/edgar/data/12927/000001292724000025/,종가 192.99 × 주식수 613884224,5
Boeing,BA,2024Q2,2024-06-30,분기별 매출액,16866000000,USD,공시,https://www.sec.gov/Archives/edgar/data/12927/000001292724000055/,,5
Boeing,BA,2024Q2,2024-06-30,분기별 영업이익,-1090000000,USD,공시,https://www.sec.gov/Archives/edgar/data/12927/000001292724000055/,,5
Boeing,BA,2024Q2,2024-06-30,분기별 당기순이익(지배),-1439000000,USD,공시,https://www.sec.gov/Archives/edgar/data/12927/000001292724000055/,,5
Boeing,BA,2024Q2,2024-06-30,분기별 영업활동현금흐름,-3923000000,USD,계산(누적차감),https://www.sec.gov/Archives/edgar/data/12927/000001292724000055/ ; https://www.sec.gov/Archives/edgar/data/12927/000001292724000025/,누적 -7285000000 − 직전누적 -3362000000 (시작 2024-01-01),5
Boeing,BA,2024Q2,2024-06-30,분기말 자산총계,142720000000,USD,공시,https://www.sec.gov/Archives/edgar/data/12927/000001292724000055/,,5
Boeing,BA,2024Q2,2024-06-30,분기말 부채총계,160702000000,USD,공시,https://www.sec.gov/Archives/edgar/data/12927/000001292724000055/,,5
Boeing,BA,2024Q2,2024-06-30,분기말 총자본(자기자본),-17982000000,USD,공시,https://www.sec.gov/Archives/edgar/data/12927/000001292724000055/,,5
Boeing,BA,2024Q2,2024-06-30,분기말 지배지분 자본,-17976000000,USD,공시,https://www.sec.gov/Archives/edgar/data/12927/000001292724000055/,,5
Boeing,BA,2024Q2,2024-06-28,분기말 종가,182.01,USD,API,https://query1.finance.yahoo.com/v8/finance/chart/BA?interval=1d&events=splits (2024-06-28),,5
Boeing,BA,2024Q2,2024-07-24,분기말 상장주식수,616167165,주,공시(표지 기준일),https://www.sec.gov/Archives/edgar/data/12927/000001292724000055/,dei:EntityCommonStockSharesOutstanding 클래스 합,5
Boeing,BA,2024Q2,2024-06-28,분기말 시가총액,112148585702,USD,계산(종가×주식수),https://query1.finance.yahoo.com/v8/finance/chart/BA?interval=1d&events=splits (2024-06-28) ; https://www.sec.gov/Archives/edgar/data/12927/000001292724000055/,종가 182.01 × 주식수 616167165,5
Boeing,BA,2024Q3,2024-09-30,분기별 매출액,17840000000,USD,공시,https://www.sec.gov/Archives/edgar/data/12927/000001292724000082/,,5
Boeing,BA,2024Q3,2024-09-30,분기별 영업이익,-5761000000,USD,공시,https://www.sec.gov/Archives/edgar/data/12927/000001292724000082/,,5
Boeing,BA,2024Q3,2024-09-30,분기별 당기순이익(지배),-6170000000,USD,공시,https://www.sec.gov/Archives/edgar/data/12927/000001292724000082/,,5
Boeing,BA,2024Q3,2024-09-30,분기별 영업활동현금흐름,-1345000000,USD,계산(누적차감),https://www.sec.gov/Archives/edgar/data/12927/000001292724000082/ ; https://www.sec.gov/Archives/edgar/data/12927/000001292724000055/,누적 -8630000000 − 직전누적 -7285000000 (시작 2024-01-01),5
Boeing,BA,2024Q3,2024-09-30,분기말 자산총계,137695000000,USD,공시,https://www.sec.gov/Archives/edgar/data/12927/000001292724000082/,,5
Boeing,BA,2024Q3,2024-09-30,분기말 부채총계,161257000000,USD,공시,https://www.sec.gov/Archives/edgar/data/12927/000001292724000082/,,5
Boeing,BA,2024Q3,2024-09-30,분기말 총자본(자기자본),-23562000000,USD,공시,https://www.sec.gov/Archives/edgar/data/12927/000001292724000082/,,5
Boeing,BA,2024Q3,2024-09-30,분기말 지배지분 자본,-23552000000,USD,공시,https://www.sec.gov/Archives/edgar/data/12927/000001292724000082/,,5
Boeing,BA,2024Q3,2024-09-30,분기말 종가,152.04,USD,API,https://query1.finance.yahoo.com/v8/finance/chart/BA?interval=1d&events=splits (2024-09-30),,5
Boeing,BA,2024Q3,2024-10-16,분기말 상장주식수,618200911,주,공시(표지 기준일),https://www.sec.gov/Archives/edgar/data/12927/000001292724000082/,dei:EntityCommonStockSharesOutstanding 클래스 합,5
Boeing,BA,2024Q3,2024-09-30,분기말 시가총액,93991266508,USD,계산(종가×주식수),https://query1.finance.yahoo.com/v8/finance/chart/BA?interval=1d&events=splits (2024-09-30) ; https://www.sec.gov/Archives/edgar/data/12927/000001292724000082/,종가 152.04 × 주식수 618200911,5
Boeing,BA,2024Q4,2024-12-31,분기별 매출액,15242000000,USD,계산(연간-3분기누적),https://www.sec.gov/Archives/edgar/data/12927/000001292725000015/ ; https://www.sec.gov/Archives/edgar/data/12927/000001292724000082/,연간 66517000000 − 9개월누적 51275000000 (Revenues),5
Boeing,BA,2024Q4,2024-12-31,분기별 영업이익,-3770000000,USD,계산(연간-3분기누적),https://www.sec.gov/Archives/edgar/data/12927/000001292725000015/ ; https://www.sec.gov/Archives/edgar/data/12927/000001292724000082/,연간 -10707000000 − 9개월누적 -6937000000 (OperatingIncomeLoss),5
Boeing,BA,2024Q4,2024-12-31,분기별 당기순이익(지배),-3865000000,USD,계산(연간-3분기누적),https://www.sec.gov/Archives/edgar/data/12927/000001292725000015/ ; https://www.sec.gov/Archives/edgar/data/12927/000001292724000082/,연간 -11817000000 − 9개월누적 -7952000000 (NetIncomeLoss),5
Boeing,BA,2024Q4,2024-12-31,분기별 영업활동현금흐름,-3450000000,USD,계산(누적차감),https://www.sec.gov/Archives/edgar/data/12927/000001292725000015/ ; https://www.sec.gov/Archives/edgar/data/12927/000001292724000082/,누적 -12080000000 − 직전누적 -8630000000 (시작 2024-01-01),5
Boeing,BA,2024Q4,2024-12-31,분기말 자산총계,156363000000,USD,공시,https://www.sec.gov/Archives/edgar/data/12927/000001292725000015/,,5
Boeing,BA,2024Q4,2024-12-31,분기말 부채총계,160277000000,USD,공시,https://www.sec.gov/Archives/edgar/data/12927/000001292725000015/,,5
Boeing,BA,2024Q4,2024-12-31,분기말 총자본(자기자본),-3914000000,USD,공시,https://www.sec.gov/Archives/edgar/data/12927/000001292725000015/,,5
Boeing,BA,2024Q4,2024-12-31,분기말 지배지분 자본,-3908000000,USD,공시,https://www.sec.gov/Archives/edgar/data/12927/000001292725000015/,,5
Boeing,BA,2024Q4,2024-12-31,분기말 종가,177.0,USD,API,https://query1.finance.yahoo.com/v8/finance/chart/BA?interval=1d&events=splits (2024-12-31),,5
Boeing,BA,2024Q4,2025-01-27,분기말 상장주식수,750074411,주,공시(표지 기준일),https://www.sec.gov/Archives/edgar/data/12927/000001292725000015/,dei:EntityCommonStockSharesOutstanding 클래스 합,5
Boeing,BA,2024Q4,2024-12-31,분기말 시가총액,132763170747,USD,계산(종가×주식수),https://query1.finance.yahoo.com/v8/finance/chart/BA?interval=1d&events=splits (2024-12-31) ; https://www.sec.gov/Archives/edgar/data/12927/000001292725000015/,종가 177.0 × 주식수 750074411,5
Boeing,BA,2025Q1,2025-03-31,분기별 매출액,19496000000,USD,공시,https://www.sec.gov/Archives/edgar/data/12927/000001292725000031/,,5
Boeing,BA,2025Q1,2025-03-31,분기별 영업이익,461000000,USD,공시,https://www.sec.gov/Archives/edgar/data/12927/000001292725000031/,,5
Boeing,BA,2025Q1,2025-03-31,분기별 당기순이익(지배),-37000000,USD,공시,https://www.sec.gov/Archives/edgar/data/12927/000001292725000031/,,5
Boeing,BA,2025Q1,2025-03-31,분기별 영업활동현금흐름,-1616000000,USD,공시,https://www.sec.gov/Archives/edgar/data/12927/000001292725000031/,,5
Boeing,BA,2025Q1,2025-03-31,분기말 자산총계,156494000000,USD,공시,https://www.sec.gov/Archives/edgar/data/12927/000001292725000031/,,5
Boeing,BA,2025Q1,2025-03-31,분기말 부채총계,159819000000,USD,공시,https://www.sec.gov/Archives/edgar/data/12927/000001292725000031/,,5
Boeing,BA,2025Q1,2025-03-31,분기말 총자본(자기자본),-3325000000,USD,공시,https://www.sec.gov/Archives/edgar/data/12927/000001292725000031/,,5
Boeing,BA,2025Q1,2025-03-31,분기말 지배지분 자본,-3325000000,USD,공시,https://www.sec.gov/Archives/edgar/data/12927/000001292725000031/,,5
Boeing,BA,2025Q1,2025-03-31,분기말 종가,170.55,USD,API,https://query1.finance.yahoo.com/v8/finance/chart/BA?interval=1d&events=splits (2025-03-31),,5
Boeing,BA,2025Q1,2025-04-16,분기말 상장주식수,754005474,주,공시(표지 기준일),https://www.sec.gov/Archives/edgar/data/12927/000001292725000031/,dei:EntityCommonStockSharesOutstanding 클래스 합,5
Boeing,BA,2025Q1,2025-03-31,분기말 시가총액,128595633591,USD,계산(종가×주식수),https://query1.finance.yahoo.com/v8/finance/chart/BA?interval=1d&events=splits (2025-03-31) ; https://www.sec.gov/Archives/edgar/data/12927/000001292725000031/,종가 170.55 × 주식수 754005474,5
Boeing,BA,2025Q2,2025-06-30,분기별 매출액,22749000000,USD,공시,https://www.sec.gov/Archives/edgar/data/12927/000001292725000062/,,5
Boeing,BA,2025Q2,2025-06-30,분기별 영업이익,-176000000,USD,공시,https://www.sec.gov/Archives/edgar/data/12927/000001292725000062/,,5
Boeing,BA,2025Q2,2025-06-30,분기별 당기순이익(지배),-611000000,USD,공시,https://www.sec.gov/Archives/edgar/data/12927/000001292725000062/,,5
Boeing,BA,2025Q2,2025-06-30,분기별 영업활동현금흐름,227000000,USD,계산(누적차감),https://www.sec.gov/Archives/edgar/data/12927/000001292725000062/ ; https://www.sec.gov/Archives/edgar/data/12927/000001292725000031/,누적 -1389000000 − 직전누적 -1616000000 (시작 2025-01-01),5
Boeing,BA,2025Q2,2025-06-30,분기말 자산총계,155120000000,USD,공시,https://www.sec.gov/Archives/edgar/data/12927/000001292725000062/,,5
Boeing,BA,2025Q2,2025-06-30,분기말 부채총계,158416000000,USD,공시,https://www.sec.gov/Archives/edgar/data/12927/000001292725000062/,,5
Boeing,BA,2025Q2,2025-06-30,분기말 총자본(자기자본),-3296000000,USD,공시,https://www.sec.gov/Archives/edgar/data/12927/000001292725000062/,,5
Boeing,BA,2025Q2,2025-06-30,분기말 지배지분 자본,-3295000000,USD,공시,https://www.sec.gov/Archives/edgar/data/12927/000001292725000062/,,5
Boeing,BA,2025Q2,2025-06-30,분기말 종가,209.53,USD,API,https://query1.finance.yahoo.com/v8/finance/chart/BA?interval=1d&events=splits (2025-06-30),,5
Boeing,BA,2025Q2,2025-07-22,분기말 상장주식수,756157695,주,공시(표지 기준일),https://www.sec.gov/Archives/edgar/data/12927/000001292725000062/,dei:EntityCommonStockSharesOutstanding 클래스 합,5
Boeing,BA,2025Q2,2025-06-30,분기말 시가총액,158437721833,USD,계산(종가×주식수),https://query1.finance.yahoo.com/v8/finance/chart/BA?interval=1d&events=splits (2025-06-30) ; https://www.sec.gov/Archives/edgar/data/12927/000001292725000062/,종가 209.53 × 주식수 756157695,5
Boeing,BA,2025Q3,2025-09-30,분기별 매출액,23270000000,USD,공시,https://www.sec.gov/Archives/edgar/data/12927/000162828025047023/,,5
Boeing,BA,2025Q3,2025-09-30,분기별 영업이익,-4781000000,USD,공시,https://www.sec.gov/Archives/edgar/data/12927/000162828025047023/,,5
Boeing,BA,2025Q3,2025-09-30,분기별 당기순이익(지배),-5337000000,USD,공시,https://www.sec.gov/Archives/edgar/data/12927/000162828025047023/,,5
Boeing,BA,2025Q3,2025-09-30,분기별 영업활동현금흐름,1123000000,USD,계산(누적차감),https://www.sec.gov/Archives/edgar/data/12927/000162828025047023/ ; https://www.sec.gov/Archives/edgar/data/12927/000001292725000062/,누적 -266000000 − 직전누적 -1389000000 (시작 2025-01-01),5
Boeing,BA,2025Q3,2025-09-30,분기말 자산총계,150023000000,USD,공시,https://www.sec.gov/Archives/edgar/data/12927/000162828025047023/,,5
Boeing,BA,2025Q3,2025-09-30,분기말 부채총계,158276000000,USD,공시,https://www.sec.gov/Archives/edgar/data/12927/000162828025047023/,,5
Boeing,BA,2025Q3,2025-09-30,분기말 총자본(자기자본),-8253000000,USD,공시,https://www.sec.gov/Archives/edgar/data/12927/000162828025047023/,,5
Boeing,BA,2025Q3,2025-09-30,분기말 지배지분 자본,-8250000000,USD,공시,https://www.sec.gov/Archives/edgar/data/12927/000162828025047023/,,5
Boeing,BA,2025Q3,2025-09-30,분기말 종가,215.83,USD,API,https://query1.finance.yahoo.com/v8/finance/chart/BA?interval=1d&events=splits (2025-09-30),,5
Boeing,BA,2025Q3,2025-10-22,분기말 상장주식수,760095468,주,공시(표지 기준일),https://www.sec.gov/Archives/edgar/data/12927/000162828025047023/,dei:EntityCommonStockSharesOutstanding 클래스 합,5
Boeing,BA,2025Q3,2025-09-30,분기말 시가총액,164051404858,USD,계산(종가×주식수),https://query1.finance.yahoo.com/v8/finance/chart/BA?interval=1d&events=splits (2025-09-30) ; https://www.sec.gov/Archives/edgar/data/12927/000162828025047023/,종가 215.83 × 주식수 760095468,5
Boeing,BA,2025Q4,2025-12-31,분기별 매출액,23948000000,USD,계산(연간-3분기누적),https://www.sec.gov/Archives/edgar/data/12927/000162828026004357/ ; https://www.sec.gov/Archives/edgar/data/12927/000162828025047023/,연간 89463000000 − 9개월누적 65515000000 (Revenues),5
Boeing,BA,2025Q4,2025-12-31,분기별 영업이익,8777000000,USD,계산(연간-3분기누적),https://www.sec.gov/Archives/edgar/data/12927/000162828026004357/ ; https://www.sec.gov/Archives/edgar/data/12927/000162828025047023/,연간 4281000000 − 9개월누적 -4496000000 (OperatingIncomeLoss),5
Boeing,BA,2025Q4,2025-12-31,분기별 당기순이익(지배),8220000000,USD,계산(연간-3분기누적),https://www.sec.gov/Archives/edgar/data/12927/000162828026004357/ ; https://www.sec.gov/Archives/edgar/data/12927/000162828025047023/,연간 2235000000 − 9개월누적 -5985000000 (NetIncomeLoss),5
Boeing,BA,2025Q4,2025-12-31,분기별 영업활동현금흐름,1331000000,USD,계산(누적차감),https://www.sec.gov/Archives/edgar/data/12927/000162828026004357/ ; https://www.sec.gov/Archives/edgar/data/12927/000162828025047023/,누적 1065000000 − 직전누적 -266000000 (시작 2025-01-01),5
Boeing,BA,2025Q4,2025-12-31,분기말 자산총계,168235000000,USD,공시,https://www.sec.gov/Archives/edgar/data/12927/000162828026004357/,,5
Boeing,BA,2025Q4,2025-12-31,분기말 부채총계,162778000000,USD,공시,https://www.sec.gov/Archives/edgar/data/12927/000162828026004357/,,5
Boeing,BA,2025Q4,2025-12-31,분기말 총자본(자기자본),5457000000,USD,공시,https://www.sec.gov/Archives/edgar/data/12927/000162828026004357/,,5
Boeing,BA,2025Q4,2025-12-31,분기말 지배지분 자본,5454000000,USD,공시,https://www.sec.gov/Archives/edgar/data/12927/000162828026004357/,,5
Boeing,BA,2025Q4,2025-12-31,분기말 종가,217.12,USD,API,https://query1.finance.yahoo.com/v8/finance/chart/BA?interval=1d&events=splits (2025-12-31),,5
Boeing,BA,2025Q4,2026-01-23,분기말 상장주식수,785347096,주,공시(표지 기준일),https://www.sec.gov/Archives/edgar/data/12927/000162828026004357/,dei:EntityCommonStockSharesOutstanding 클래스 합,5
Boeing,BA,2025Q4,2025-12-31,분기말 시가총액,170514561484,USD,계산(종가×주식수),https://query1.finance.yahoo.com/v8/finance/chart/BA?interval=1d&events=splits (2025-12-31) ; https://www.sec.gov/Archives/edgar/data/12927/000162828026004357/,종가 217.12 × 주식수 785347096,5
Boeing,BA,2026Q1,2026-03-31,분기별 매출액,22217000000,USD,공시,https://www.sec.gov/Archives/edgar/data/12927/000162828026026458/,,5
Boeing,BA,2026Q1,2026-03-31,분기별 영업이익,448000000,USD,공시,https://www.sec.gov/Archives/edgar/data/12927/000162828026026458/,,5
Boeing,BA,2026Q1,2026-03-31,분기별 당기순이익(지배),-4000000,USD,공시,https://www.sec.gov/Archives/edgar/data/12927/000162828026026458/,,5
Boeing,BA,2026Q1,2026-03-31,분기별 영업활동현금흐름,-179000000,USD,공시,https://www.sec.gov/Archives/edgar/data/12927/000162828026026458/,,5
Boeing,BA,2026Q1,2026-03-31,분기말 자산총계,164787000000,USD,공시,https://www.sec.gov/Archives/edgar/data/12927/000162828026026458/,,5
Boeing,BA,2026Q1,2026-03-31,분기말 부채총계,158800000000,USD,공시,https://www.sec.gov/Archives/edgar/data/12927/000162828026026458/,,5
Boeing,BA,2026Q1,2026-03-31,분기말 총자본(자기자본),5987000000,USD,공시,https://www.sec.gov/Archives/edgar/data/12927/000162828026026458/,,5
Boeing,BA,2026Q1,2026-03-31,분기말 지배지분 자본,5987000000,USD,공시,https://www.sec.gov/Archives/edgar/data/12927/000162828026026458/,,5
Boeing,BA,2026Q1,2026-03-31,분기말 종가,199.03,USD,API,https://query1.finance.yahoo.com/v8/finance/chart/BA?interval=1d&events=splits (2026-03-31),,5
Boeing,BA,2026Q1,2026-04-15,분기말 상장주식수,788302331,주,공시(표지 기준일),https://www.sec.gov/Archives/edgar/data/12927/000162828026026458/,dei:EntityCommonStockSharesOutstanding 클래스 합,5
Boeing,BA,2026Q1,2026-03-31,분기말 시가총액,156895812939,USD,계산(종가×주식수),https://query1.finance.yahoo.com/v8/finance/chart/BA?interval=1d&events=splits (2026-03-31) ; https://www.sec.gov/Archives/edgar/data/12927/000162828026026458/,종가 199.03 × 주식수 788302331,5
Boeing,BA,2026Q2,2026-06-30,분기별 매출액,24560000000,USD,공시,https://www.sec.gov/Archives/edgar/data/12927/000162828026050038/,,5
Boeing,BA,2026Q2,2026-06-30,분기별 영업이익,156000000,USD,공시,https://www.sec.gov/Archives/edgar/data/12927/000162828026050038/,,5
Boeing,BA,2026Q2,2026-06-30,분기별 당기순이익(지배),-444000000,USD,공시,https://www.sec.gov/Archives/edgar/data/12927/000162828026050038/,,5
Boeing,BA,2026Q2,2026-06-30,분기별 영업활동현금흐름,1364000000,USD,계산(누적차감),https://www.sec.gov/Archives/edgar/data/12927/000162828026050038/ ; https://www.sec.gov/Archives/edgar/data/12927/000162828026026458/,누적 1185000000 − 직전누적 -179000000 (시작 2026-01-01),5
Boeing,BA,2026Q2,2026-06-30,분기말 자산총계,165870000000,USD,공시,https://www.sec.gov/Archives/edgar/data/12927/000162828026050038/,,5
Boeing,BA,2026Q2,2026-06-30,분기말 부채총계,159755000000,USD,공시,https://www.sec.gov/Archives/edgar/data/12927/000162828026050038/,,5
Boeing,BA,2026Q2,2026-06-30,분기말 총자본(자기자본),6115000000,USD,공시,https://www.sec.gov/Archives/edgar/data/12927/000162828026050038/,,5
Boeing,BA,2026Q2,2026-06-30,분기말 지배지분 자본,6100000000,USD,공시,https://www.sec.gov/Archives/edgar/data/12927/000162828026050038/,,5
Boeing,BA,2026Q2,2026-06-30,분기말 종가,216.47,USD,API,https://query1.finance.yahoo.com/v8/finance/chart/BA?interval=1d&events=splits (2026-06-30),,5
Boeing,BA,2026Q2,2026-07-21,분기말 상장주식수,790370020,주,공시(표지 기준일),https://www.sec.gov/Archives/edgar/data/12927/000162828026050038/,dei:EntityCommonStockSharesOutstanding 클래스 합,5
Boeing,BA,2026Q2,2026-06-30,분기말 시가총액,171091398229,USD,계산(종가×주식수),https://query1.finance.yahoo.com/v8/finance/chart/BA?interval=1d&events=splits (2026-06-30) ; https://www.sec.gov/Archives/edgar/data/12927/000162828026050038/,종가 216.47 × 주식수 790370020,5
