기업,종목코드,기간,기준일,항목,값,통화,값구분,출처,검산,라운드
CDW,CDW,2010Q1,,분기별 매출액,데이터 없음(최초 보고기간 이전),USD,데이터 없음(최초 보고기간 전),https://data.sec.gov/submissions/CIK0001402057.json (최초 보고기간 2010Q3),,20
CDW,CDW,2010Q1,,분기별 영업이익,데이터 없음(최초 보고기간 이전),USD,데이터 없음(최초 보고기간 전),https://data.sec.gov/submissions/CIK0001402057.json (최초 보고기간 2010Q3),,20
CDW,CDW,2010Q1,,분기별 당기순이익(지배),데이터 없음(최초 보고기간 이전),USD,데이터 없음(최초 보고기간 전),https://data.sec.gov/submissions/CIK0001402057.json (최초 보고기간 2010Q3),,20
CDW,CDW,2010Q1,,분기별 영업활동현금흐름,데이터 없음(최초 보고기간 이전),USD,데이터 없음(최초 보고기간 전),https://data.sec.gov/submissions/CIK0001402057.json (최초 보고기간 2010Q3),,20
CDW,CDW,2010Q1,,분기말 자산총계,데이터 없음(최초 보고기간 이전),USD,데이터 없음(최초 보고기간 전),https://data.sec.gov/submissions/CIK0001402057.json (최초 보고기간 2010Q3),,20
CDW,CDW,2010Q1,,분기말 부채총계,데이터 없음(최초 보고기간 이전),USD,데이터 없음(최초 보고기간 전),https://data.sec.gov/submissions/CIK0001402057.json (최초 보고기간 2010Q3),,20
CDW,CDW,2010Q1,,분기말 총자본(자기자본),데이터 없음(최초 보고기간 이전),USD,데이터 없음(최초 보고기간 전),https://data.sec.gov/submissions/CIK0001402057.json (최초 보고기간 2010Q3),,20
CDW,CDW,2010Q1,,분기말 지배지분 자본,데이터 없음(최초 보고기간 이전),USD,데이터 없음(최초 보고기간 전),https://data.sec.gov/submissions/CIK0001402057.json (최초 보고기간 2010Q3),,20
CDW,CDW,2010Q1,,분기말 종가,데이터 없음(상장 전),,데이터 없음(상장 전),https://query1.finance.yahoo.com/v8/finance/chart/CDW (최초 거래일 이전),,20
CDW,CDW,2010Q1,,분기말 상장주식수,데이터 없음(상장 전),,데이터 없음(상장 전),https://query1.finance.yahoo.com/v8/finance/chart/CDW (최초 거래일 이전),,20
CDW,CDW,2010Q1,,분기말 시가총액,데이터 없음(상장 전),,데이터 없음(상장 전),https://query1.finance.yahoo.com/v8/finance/chart/CDW (최초 거래일 이전),,20
CDW,CDW,2010Q2,,분기별 매출액,데이터 없음(최초 보고기간 이전),USD,데이터 없음(최초 보고기간 전),https://data.sec.gov/submissions/CIK0001402057.json (최초 보고기간 2010Q3),,20
CDW,CDW,2010Q2,,분기별 영업이익,데이터 없음(최초 보고기간 이전),USD,데이터 없음(최초 보고기간 전),https://data.sec.gov/submissions/CIK0001402057.json (최초 보고기간 2010Q3),,20
CDW,CDW,2010Q2,,분기별 당기순이익(지배),데이터 없음(최초 보고기간 이전),USD,데이터 없음(최초 보고기간 전),https://data.sec.gov/submissions/CIK0001402057.json (최초 보고기간 2010Q3),,20
CDW,CDW,2010Q2,,분기별 영업활동현금흐름,데이터 없음(최초 보고기간 이전),USD,데이터 없음(최초 보고기간 전),https://data.sec.gov/submissions/CIK0001402057.json (최초 보고기간 2010Q3),,20
CDW,CDW,2010Q2,,분기말 자산총계,데이터 없음(최초 보고기간 이전),USD,데이터 없음(최초 보고기간 전),https://data.sec.gov/submissions/CIK0001402057.json (최초 보고기간 2010Q3),,20
CDW,CDW,2010Q2,,분기말 부채총계,데이터 없음(최초 보고기간 이전),USD,데이터 없음(최초 보고기간 전),https://data.sec.gov/submissions/CIK0001402057.json (최초 보고기간 2010Q3),,20
CDW,CDW,2010Q2,,분기말 총자본(자기자본),데이터 없음(최초 보고기간 이전),USD,데이터 없음(최초 보고기간 전),https://data.sec.gov/submissions/CIK0001402057.json (최초 보고기간 2010Q3),,20
CDW,CDW,2010Q2,,분기말 지배지분 자본,데이터 없음(최초 보고기간 이전),USD,데이터 없음(최초 보고기간 전),https://data.sec.gov/submissions/CIK0001402057.json (최초 보고기간 2010Q3),,20
CDW,CDW,2010Q2,,분기말 종가,데이터 없음(상장 전),,데이터 없음(상장 전),https://query1.finance.yahoo.com/v8/finance/chart/CDW (최초 거래일 이전),,20
CDW,CDW,2010Q2,,분기말 상장주식수,데이터 없음(상장 전),,데이터 없음(상장 전),https://query1.finance.yahoo.com/v8/finance/chart/CDW (최초 거래일 이전),,20
CDW,CDW,2010Q2,,분기말 시가총액,데이터 없음(상장 전),,데이터 없음(상장 전),https://query1.finance.yahoo.com/v8/finance/chart/CDW (최초 거래일 이전),,20
CDW,CDW,2010Q3,2010-09-30,분기별 매출액,2374400000,USD,공시(후속 보고서 비교기간),https://www.sec.gov/Archives/edgar/data/1402057/000119312511310778/,SalesRevenueNet ; 그 분기 보고서에 연결 총계가 없어 2011-11-14 제출본의 비교기간에서 읽었다,20
CDW,CDW,2010Q3,2010-09-30,분기별 영업이익,104600000,USD,공시(후속 보고서 비교기간),https://www.sec.gov/Archives/edgar/data/1402057/000119312511310778/,OperatingIncomeLoss ; 그 분기 보고서에 연결 총계가 없어 2011-11-14 제출본의 비교기간에서 읽었다,20
CDW,CDW,2010Q3,2010-09-30,분기별 당기순이익(지배),-300000,USD,공시(후속 보고서 비교기간),https://www.sec.gov/Archives/edgar/data/1402057/000119312511310778/,NetIncomeLoss ; 그 분기 보고서에 연결 총계가 없어 2011-11-14 제출본의 비교기간에서 읽었다,20
CDW,CDW,2010Q3,2010-09-30,분기별 영업활동현금흐름,미확인,USD,미확인,https://www.sec.gov/Archives/edgar/data/1402057/000119312510260785/,,20
CDW,CDW,2010Q3,2010-09-30,분기말 자산총계,미확인,USD,미확인,https://www.sec.gov/Archives/edgar/data/1402057/000119312510260785/,,20
CDW,CDW,2010Q3,2010-09-30,분기말 부채총계,미확인,USD,미확인,https://www.sec.gov/Archives/edgar/data/1402057/000119312510260785/,,20
CDW,CDW,2010Q3,2010-09-30,분기말 총자본(자기자본),미확인,USD,미확인,https://www.sec.gov/Archives/edgar/data/1402057/000119312510260785/,,20
CDW,CDW,2010Q3,2010-09-30,분기말 지배지분 자본,미확인,USD,미확인,https://www.sec.gov/Archives/edgar/data/1402057/000119312510260785/,,20
CDW,CDW,2010Q3,2010-09-30,분기말 종가,데이터 없음(API 최초 거래일 2013-06-27 이전),,데이터 없음(상장 전),https://query1.finance.yahoo.com/v8/finance/chart/CDW (firstTradeDate 2013-06-27),,20
CDW,CDW,2010Q3,2010-09-30,분기말 상장주식수,데이터 없음(API 최초 거래일 2013-06-27 이전),,데이터 없음(상장 전),https://query1.finance.yahoo.com/v8/finance/chart/CDW (firstTradeDate 2013-06-27),,20
CDW,CDW,2010Q3,2010-09-30,분기말 시가총액,데이터 없음(API 최초 거래일 2013-06-27 이전),,데이터 없음(상장 전),https://query1.finance.yahoo.com/v8/finance/chart/CDW (firstTradeDate 2013-06-27),,20
CDW,CDW,2010Q4,2010-12-31,분기별 매출액,미확인,USD,미확인,https://www.sec.gov/Archives/edgar/data/1402057/000119312511056194/,,20
CDW,CDW,2010Q4,2010-12-31,분기별 영업이익,미확인,USD,미확인,https://www.sec.gov/Archives/edgar/data/1402057/000119312511056194/,,20
CDW,CDW,2010Q4,2010-12-31,분기별 당기순이익(지배),미확인,USD,미확인,https://www.sec.gov/Archives/edgar/data/1402057/000119312511056194/,,20
CDW,CDW,2010Q4,2010-12-31,분기별 영업활동현금흐름,미확인,USD,미확인,https://www.sec.gov/Archives/edgar/data/1402057/000119312511056194/,,20
CDW,CDW,2010Q4,2010-12-31,분기말 자산총계,미확인,USD,미확인,https://www.sec.gov/Archives/edgar/data/1402057/000119312511056194/,,20
CDW,CDW,2010Q4,2010-12-31,분기말 부채총계,미확인,USD,미확인,https://www.sec.gov/Archives/edgar/data/1402057/000119312511056194/,,20
CDW,CDW,2010Q4,2010-12-31,분기말 총자본(자기자본),미확인,USD,미확인,https://www.sec.gov/Archives/edgar/data/1402057/000119312511056194/,,20
CDW,CDW,2010Q4,2010-12-31,분기말 지배지분 자본,미확인,USD,미확인,https://www.sec.gov/Archives/edgar/data/1402057/000119312511056194/,,20
CDW,CDW,2010Q4,2010-12-31,분기말 종가,데이터 없음(API 최초 거래일 2013-06-27 이전),,데이터 없음(상장 전),https://query1.finance.yahoo.com/v8/finance/chart/CDW (firstTradeDate 2013-06-27),,20
CDW,CDW,2010Q4,2010-12-31,분기말 상장주식수,데이터 없음(API 최초 거래일 2013-06-27 이전),,데이터 없음(상장 전),https://query1.finance.yahoo.com/v8/finance/chart/CDW (firstTradeDate 2013-06-27),,20
CDW,CDW,2010Q4,2010-12-31,분기말 시가총액,데이터 없음(API 최초 거래일 2013-06-27 이전),,데이터 없음(상장 전),https://query1.finance.yahoo.com/v8/finance/chart/CDW (firstTradeDate 2013-06-27),,20
CDW,CDW,2011Q1,2011-03-31,분기별 매출액,2129600000,USD,공시(후속 보고서 비교기간),https://www.sec.gov/Archives/edgar/data/1402057/000140205712000009/,Revenues ; 그 분기 보고서에 연결 총계가 없어 2012-05-15 제출본의 비교기간에서 읽었다,20
CDW,CDW,2011Q1,2011-03-31,분기별 영업이익,91700000,USD,공시(후속 보고서 비교기간),https://www.sec.gov/Archives/edgar/data/1402057/000140205712000009/,OperatingIncomeLoss ; 그 분기 보고서에 연결 총계가 없어 2012-05-15 제출본의 비교기간에서 읽었다,20
CDW,CDW,2011Q1,2011-03-31,분기별 당기순이익(지배),-4200000,USD,공시(후속 보고서 비교기간),https://www.sec.gov/Archives/edgar/data/1402057/000140205712000009/,NetIncomeLoss ; 그 분기 보고서에 연결 총계가 없어 2012-05-15 제출본의 비교기간에서 읽었다,20
CDW,CDW,2011Q1,2011-03-31,분기별 영업활동현금흐름,미확인,USD,미확인,https://www.sec.gov/Archives/edgar/data/1402057/000119312511139438/,,20
CDW,CDW,2011Q1,2011-03-31,분기말 자산총계,미확인,USD,미확인,https://www.sec.gov/Archives/edgar/data/1402057/000119312511139438/,,20
CDW,CDW,2011Q1,2011-03-31,분기말 부채총계,미확인,USD,미확인,https://www.sec.gov/Archives/edgar/data/1402057/000119312511139438/,,20
CDW,CDW,2011Q1,2011-03-31,분기말 총자본(자기자본),미확인,USD,미확인,https://www.sec.gov/Archives/edgar/data/1402057/000119312511139438/,,20
CDW,CDW,2011Q1,2011-03-31,분기말 지배지분 자본,미확인,USD,미확인,https://www.sec.gov/Archives/edgar/data/1402057/000119312511139438/,,20
CDW,CDW,2011Q1,2011-03-31,분기말 종가,데이터 없음(API 최초 거래일 2013-06-27 이전),,데이터 없음(상장 전),https://query1.finance.yahoo.com/v8/finance/chart/CDW (firstTradeDate 2013-06-27),,20
CDW,CDW,2011Q1,2011-03-31,분기말 상장주식수,데이터 없음(API 최초 거래일 2013-06-27 이전),,데이터 없음(상장 전),https://query1.finance.yahoo.com/v8/finance/chart/CDW (firstTradeDate 2013-06-27),,20
CDW,CDW,2011Q1,2011-03-31,분기말 시가총액,데이터 없음(API 최초 거래일 2013-06-27 이전),,데이터 없음(상장 전),https://query1.finance.yahoo.com/v8/finance/chart/CDW (firstTradeDate 2013-06-27),,20
CDW,CDW,2011Q2,2011-06-30,분기별 매출액,2412100000,USD,공시,https://www.sec.gov/Archives/edgar/data/1402057/000119312511247881/,,20
CDW,CDW,2011Q2,2011-06-30,분기별 영업이익,128200000,USD,공시,https://www.sec.gov/Archives/edgar/data/1402057/000119312511247881/,,20
CDW,CDW,2011Q2,2011-06-30,분기별 당기순이익(지배),-34800000,USD,공시,https://www.sec.gov/Archives/edgar/data/1402057/000119312511247881/,,20
CDW,CDW,2011Q2,2011-06-30,분기별 영업활동현금흐름,데이터 없음(직전 분기 누적 보고서 없음),USD,데이터 없음(직전 보고서 없음),https://www.sec.gov/Archives/edgar/data/1402057/000140205712000012/,,20
CDW,CDW,2011Q2,2011-06-30,분기말 자산총계,6021900000,USD,공시,https://www.sec.gov/Archives/edgar/data/1402057/000119312511247881/,,20
CDW,CDW,2011Q2,2011-06-30,분기말 부채총계,6091200000,USD,계산(부채및자본-총자본),https://www.sec.gov/Archives/edgar/data/1402057/000119312511247881/,부채및자본 6021900000 − 총자본 -69300000,20
CDW,CDW,2011Q2,2011-06-30,분기말 총자본(자기자본),-69300000,USD,공시(비지배 없음),https://www.sec.gov/Archives/edgar/data/1402057/000119312511247881/,"StockholdersEquity, MinorityInterest 태그 없음",20
CDW,CDW,2011Q2,2011-06-30,분기말 지배지분 자본,-69300000,USD,공시,https://www.sec.gov/Archives/edgar/data/1402057/000119312511247881/,,20
CDW,CDW,2011Q2,2011-06-30,분기말 종가,데이터 없음(API 최초 거래일 2013-06-27 이전),,데이터 없음(상장 전),https://query1.finance.yahoo.com/v8/finance/chart/CDW (firstTradeDate 2013-06-27),,20
CDW,CDW,2011Q2,2011-06-30,분기말 상장주식수,데이터 없음(API 최초 거래일 2013-06-27 이전),,데이터 없음(상장 전),https://query1.finance.yahoo.com/v8/finance/chart/CDW (firstTradeDate 2013-06-27),,20
CDW,CDW,2011Q2,2011-06-30,분기말 시가총액,데이터 없음(API 최초 거래일 2013-06-27 이전),,데이터 없음(상장 전),https://query1.finance.yahoo.com/v8/finance/chart/CDW (firstTradeDate 2013-06-27),,20
CDW,CDW,2011Q3,2011-09-30,분기별 매출액,2581400000,USD,공시,https://www.sec.gov/Archives/edgar/data/1402057/000119312511310778/,,20
CDW,CDW,2011Q3,2011-09-30,분기별 영업이익,139700000,USD,공시,https://www.sec.gov/Archives/edgar/data/1402057/000119312511310778/,,20
CDW,CDW,2011Q3,2011-09-30,분기별 당기순이익(지배),37100000,USD,공시,https://www.sec.gov/Archives/edgar/data/1402057/000119312511310778/,,20
CDW,CDW,2011Q3,2011-09-30,분기별 영업활동현금흐름,41700000,USD,계산(누적차감)(재작성 반영),https://www.sec.gov/Archives/edgar/data/1402057/000119312511310778/ ; https://www.sec.gov/Archives/edgar/data/1402057/000140205712000012/,누적 171500000 − 직전누적 129800000 (시작 2011-01-01) ; 원 공시 -35900000 (https://www.sec.gov/Archives/edgar/data/1402057/000119312511310778/ ; https://www.sec.gov/Archives/edgar/data/1402057/000119312511247881/),20
CDW,CDW,2011Q3,2011-09-30,분기말 자산총계,5965000000,USD,공시,https://www.sec.gov/Archives/edgar/data/1402057/000119312511310778/,,20
CDW,CDW,2011Q3,2011-09-30,분기말 부채총계,6000500000,USD,계산(부채및자본-총자본),https://www.sec.gov/Archives/edgar/data/1402057/000119312511310778/,부채및자본 5965000000 − 총자본 -35500000,20
CDW,CDW,2011Q3,2011-09-30,분기말 총자본(자기자본),-35500000,USD,공시(비지배 없음),https://www.sec.gov/Archives/edgar/data/1402057/000119312511310778/,"StockholdersEquity, MinorityInterest 태그 없음",20
CDW,CDW,2011Q3,2011-09-30,분기말 지배지분 자본,-35500000,USD,공시,https://www.sec.gov/Archives/edgar/data/1402057/000119312511310778/,,20
CDW,CDW,2011Q3,2011-09-30,분기말 종가,데이터 없음(API 최초 거래일 2013-06-27 이전),,데이터 없음(상장 전),https://query1.finance.yahoo.com/v8/finance/chart/CDW (firstTradeDate 2013-06-27),,20
CDW,CDW,2011Q3,2011-09-30,분기말 상장주식수,데이터 없음(API 최초 거래일 2013-06-27 이전),,데이터 없음(상장 전),https://query1.finance.yahoo.com/v8/finance/chart/CDW (firstTradeDate 2013-06-27),,20
CDW,CDW,2011Q3,2011-09-30,분기말 시가총액,데이터 없음(API 최초 거래일 2013-06-27 이전),,데이터 없음(상장 전),https://query1.finance.yahoo.com/v8/finance/chart/CDW (firstTradeDate 2013-06-27),,20
CDW,CDW,2011Q4,2011-12-31,분기별 매출액,2479300000,USD,계산(연간-3분기누적),https://www.sec.gov/Archives/edgar/data/1402057/000140205712000006/ ; https://www.sec.gov/Archives/edgar/data/1402057/000119312511310778/,연간 9602400000 − 9개월누적 7123100000 (SalesRevenueNet),20
CDW,CDW,2011Q4,2011-12-31,분기별 영업이익,111100000,USD,계산(연간-3분기누적),https://www.sec.gov/Archives/edgar/data/1402057/000140205712000006/ ; https://www.sec.gov/Archives/edgar/data/1402057/000119312511310778/,연간 470700000 − 9개월누적 359600000 (OperatingIncomeLoss),20
CDW,CDW,2011Q4,2011-12-31,분기별 당기순이익(지배),19000000,USD,계산(연간-3분기누적),https://www.sec.gov/Archives/edgar/data/1402057/000140205712000006/ ; https://www.sec.gov/Archives/edgar/data/1402057/000119312511310778/,연간 17100000 − 9개월누적 -1900000 (NetIncomeLoss),20
CDW,CDW,2011Q4,2011-12-31,분기별 영업활동현금흐름,43200000,USD,계산(누적차감),https://www.sec.gov/Archives/edgar/data/1402057/000140205712000006/ ; https://www.sec.gov/Archives/edgar/data/1402057/000119312511310778/,누적 214700000 − 직전누적 171500000 (시작 2011-01-01),20
CDW,CDW,2011Q4,2011-12-31,분기말 자산총계,5967700000,USD,공시(재작성 반영),https://www.sec.gov/Archives/edgar/data/1402057/000119312513435345/,원 공시 5949600000 (https://www.sec.gov/Archives/edgar/data/1402057/000140205712000006/),20
CDW,CDW,2011Q4,2011-12-31,분기말 부채총계,5975000000,USD,계산(부채및자본-총자본)(재작성 반영),https://www.sec.gov/Archives/edgar/data/1402057/000119312513435345/,부채및자본 5967700000 − 총자본 -7300000 ; 원 공시 5956900000 (https://www.sec.gov/Archives/edgar/data/1402057/000140205712000006/),20
CDW,CDW,2011Q4,2011-12-31,분기말 총자본(자기자본),-7300000,USD,공시(비지배 없음),https://www.sec.gov/Archives/edgar/data/1402057/000140205712000006/,"StockholdersEquity, MinorityInterest 태그 없음",20
CDW,CDW,2011Q4,2011-12-31,분기말 지배지분 자본,-7300000,USD,공시,https://www.sec.gov/Archives/edgar/data/1402057/000140205712000006/,,20
CDW,CDW,2011Q4,2011-12-31,분기말 종가,데이터 없음(API 최초 거래일 2013-06-27 이전),,데이터 없음(상장 전),https://query1.finance.yahoo.com/v8/finance/chart/CDW (firstTradeDate 2013-06-27),,20
CDW,CDW,2011Q4,2011-12-31,분기말 상장주식수,데이터 없음(API 최초 거래일 2013-06-27 이전),,데이터 없음(상장 전),https://query1.finance.yahoo.com/v8/finance/chart/CDW (firstTradeDate 2013-06-27),,20
CDW,CDW,2011Q4,2011-12-31,분기말 시가총액,데이터 없음(API 최초 거래일 2013-06-27 이전),,데이터 없음(상장 전),https://query1.finance.yahoo.com/v8/finance/chart/CDW (firstTradeDate 2013-06-27),,20
CDW,CDW,2012Q1,2012-03-31,분기별 매출액,2319200000,USD,공시,https://www.sec.gov/Archives/edgar/data/1402057/000140205712000009/,,20
CDW,CDW,2012Q1,2012-03-31,분기별 영업이익,103600000,USD,공시,https://www.sec.gov/Archives/edgar/data/1402057/000140205712000009/,,20
CDW,CDW,2012Q1,2012-03-31,분기별 당기순이익(지배),10900000,USD,공시,https://www.sec.gov/Archives/edgar/data/1402057/000140205712000009/,,20
CDW,CDW,2012Q1,2012-03-31,분기별 영업활동현금흐름,223000000,USD,공시,https://www.sec.gov/Archives/edgar/data/1402057/000140205712000009/,,20
CDW,CDW,2012Q1,2012-03-31,분기말 자산총계,5721400000,USD,공시,https://www.sec.gov/Archives/edgar/data/1402057/000140205712000009/,,20
CDW,CDW,2012Q1,2012-03-31,분기말 부채총계,5710800000,USD,계산(부채및자본-총자본),https://www.sec.gov/Archives/edgar/data/1402057/000140205712000009/,부채및자본 5721400000 − 총자본 10600000,20
CDW,CDW,2012Q1,2012-03-31,분기말 총자본(자기자본),10600000,USD,공시(비지배 없음),https://www.sec.gov/Archives/edgar/data/1402057/000140205712000009/,"StockholdersEquity, MinorityInterest 태그 없음",20
CDW,CDW,2012Q1,2012-03-31,분기말 지배지분 자본,10600000,USD,공시,https://www.sec.gov/Archives/edgar/data/1402057/000140205712000009/,,20
CDW,CDW,2012Q1,2012-03-31,분기말 종가,데이터 없음(API 최초 거래일 2013-06-27 이전),,데이터 없음(상장 전),https://query1.finance.yahoo.com/v8/finance/chart/CDW (firstTradeDate 2013-06-27),,20
CDW,CDW,2012Q1,2012-03-31,분기말 상장주식수,데이터 없음(API 최초 거래일 2013-06-27 이전),,데이터 없음(상장 전),https://query1.finance.yahoo.com/v8/finance/chart/CDW (firstTradeDate 2013-06-27),,20
CDW,CDW,2012Q1,2012-03-31,분기말 시가총액,데이터 없음(API 최초 거래일 2013-06-27 이전),,데이터 없음(상장 전),https://query1.finance.yahoo.com/v8/finance/chart/CDW (firstTradeDate 2013-06-27),,20
CDW,CDW,2012Q2,2012-06-30,분기별 매출액,2584700000,USD,공시,https://www.sec.gov/Archives/edgar/data/1402057/000140205712000012/,,20
CDW,CDW,2012Q2,2012-06-30,분기별 영업이익,136400000,USD,공시,https://www.sec.gov/Archives/edgar/data/1402057/000140205712000012/,,20
CDW,CDW,2012Q2,2012-06-30,분기별 당기순이익(지배),36800000,USD,공시,https://www.sec.gov/Archives/edgar/data/1402057/000140205712000012/,,20
CDW,CDW,2012Q2,2012-06-30,분기별 영업활동현금흐름,81700000,USD,계산(누적차감),https://www.sec.gov/Archives/edgar/data/1402057/000140205712000012/ ; https://www.sec.gov/Archives/edgar/data/1402057/000140205712000009/,누적 304700000 − 직전누적 223000000 (시작 2012-01-01),20
CDW,CDW,2012Q2,2012-06-30,분기말 자산총계,5935500000,USD,공시,https://www.sec.gov/Archives/edgar/data/1402057/000140205712000012/,,20
CDW,CDW,2012Q2,2012-06-30,분기말 부채총계,5884400000,USD,계산(부채및자본-총자본),https://www.sec.gov/Archives/edgar/data/1402057/000140205712000012/,부채및자본 5935500000 − 총자본 51100000,20
CDW,CDW,2012Q2,2012-06-30,분기말 총자본(자기자본),51100000,USD,공시(비지배 없음),https://www.sec.gov/Archives/edgar/data/1402057/000140205712000012/,"StockholdersEquity, MinorityInterest 태그 없음",20
CDW,CDW,2012Q2,2012-06-30,분기말 지배지분 자본,51100000,USD,공시,https://www.sec.gov/Archives/edgar/data/1402057/000140205712000012/,,20
CDW,CDW,2012Q2,2012-06-30,분기말 종가,데이터 없음(API 최초 거래일 2013-06-27 이전),,데이터 없음(상장 전),https://query1.finance.yahoo.com/v8/finance/chart/CDW (firstTradeDate 2013-06-27),,20
CDW,CDW,2012Q2,2012-06-30,분기말 상장주식수,데이터 없음(API 최초 거래일 2013-06-27 이전),,데이터 없음(상장 전),https://query1.finance.yahoo.com/v8/finance/chart/CDW (firstTradeDate 2013-06-27),,20
CDW,CDW,2012Q2,2012-06-30,분기말 시가총액,데이터 없음(API 최초 거래일 2013-06-27 이전),,데이터 없음(상장 전),https://query1.finance.yahoo.com/v8/finance/chart/CDW (firstTradeDate 2013-06-27),,20
CDW,CDW,2012Q3,2012-09-30,분기별 매출액,2623300000,USD,공시,https://www.sec.gov/Archives/edgar/data/1402057/000140205712000014/,,20
CDW,CDW,2012Q3,2012-09-30,분기별 영업이익,139700000,USD,공시,https://www.sec.gov/Archives/edgar/data/1402057/000140205712000014/,,20
CDW,CDW,2012Q3,2012-09-30,분기별 당기순이익(지배),38000000,USD,공시,https://www.sec.gov/Archives/edgar/data/1402057/000140205712000014/,,20
CDW,CDW,2012Q3,2012-09-30,분기별 영업활동현금흐름,62400000,USD,계산(누적차감),https://www.sec.gov/Archives/edgar/data/1402057/000140205712000014/ ; https://www.sec.gov/Archives/edgar/data/1402057/000140205712000012/,누적 367100000 − 직전누적 304700000 (시작 2012-01-01),20
CDW,CDW,2012Q3,2012-09-30,분기말 자산총계,5985100000,USD,공시,https://www.sec.gov/Archives/edgar/data/1402057/000140205712000014/,,20
CDW,CDW,2012Q3,2012-09-30,분기말 부채총계,5886900000,USD,계산(부채및자본-총자본),https://www.sec.gov/Archives/edgar/data/1402057/000140205712000014/,부채및자본 5985100000 − 총자본 98200000,20
CDW,CDW,2012Q3,2012-09-30,분기말 총자본(자기자본),98200000,USD,공시(비지배 없음),https://www.sec.gov/Archives/edgar/data/1402057/000140205712000014/,"StockholdersEquity, MinorityInterest 태그 없음",20
CDW,CDW,2012Q3,2012-09-30,분기말 지배지분 자본,98200000,USD,공시,https://www.sec.gov/Archives/edgar/data/1402057/000140205712000014/,,20
CDW,CDW,2012Q3,2012-09-30,분기말 종가,데이터 없음(API 최초 거래일 2013-06-27 이전),,데이터 없음(상장 전),https://query1.finance.yahoo.com/v8/finance/chart/CDW (firstTradeDate 2013-06-27),,20
CDW,CDW,2012Q3,2012-09-30,분기말 상장주식수,데이터 없음(API 최초 거래일 2013-06-27 이전),,데이터 없음(상장 전),https://query1.finance.yahoo.com/v8/finance/chart/CDW (firstTradeDate 2013-06-27),,20
CDW,CDW,2012Q3,2012-09-30,분기말 시가총액,데이터 없음(API 최초 거래일 2013-06-27 이전),,데이터 없음(상장 전),https://query1.finance.yahoo.com/v8/finance/chart/CDW (firstTradeDate 2013-06-27),,20
CDW,CDW,2012Q4,2012-12-31,분기별 매출액,2601000000,USD,계산(연간-3분기누적),https://www.sec.gov/Archives/edgar/data/1402057/000119312513435345/ ; https://www.sec.gov/Archives/edgar/data/1402057/000140205712000014/,연간 10128200000 − 9개월누적 7527200000 (Revenues),20
CDW,CDW,2012Q4,2012-12-31,분기별 영업이익,130900000,USD,계산(연간-3분기누적),https://www.sec.gov/Archives/edgar/data/1402057/000119312513435345/ ; https://www.sec.gov/Archives/edgar/data/1402057/000140205712000014/,연간 510600000 − 9개월누적 379700000 (OperatingIncomeLoss),20
CDW,CDW,2012Q4,2012-12-31,분기별 당기순이익(지배),33300000,USD,계산(연간-3분기누적),https://www.sec.gov/Archives/edgar/data/1402057/000119312513435345/ ; https://www.sec.gov/Archives/edgar/data/1402057/000140205712000014/,연간 119000000 − 9개월누적 85700000 (NetIncomeLoss),20
CDW,CDW,2012Q4,2012-12-31,분기별 영업활동현금흐름,-49700000,USD,계산(누적차감),https://www.sec.gov/Archives/edgar/data/1402057/000119312513435345/ ; https://www.sec.gov/Archives/edgar/data/1402057/000140205712000014/,누적 317400000 − 직전누적 367100000 (시작 2012-01-01),20
CDW,CDW,2012Q4,2012-12-31,분기말 자산총계,5720000000,USD,공시,https://www.sec.gov/Archives/edgar/data/1402057/000119312513435345/,,20
CDW,CDW,2012Q4,2012-12-31,분기말 부채총계,5583500000,USD,계산(부채및자본-총자본),https://www.sec.gov/Archives/edgar/data/1402057/000119312513435345/,부채및자본 5720000000 − 총자본 136500000,20
CDW,CDW,2012Q4,2012-12-31,분기말 총자본(자기자본),136500000,USD,공시(비지배 없음),https://www.sec.gov/Archives/edgar/data/1402057/000119312513435345/,"StockholdersEquity, MinorityInterest 태그 없음",20
CDW,CDW,2012Q4,2012-12-31,분기말 지배지분 자본,136500000,USD,공시,https://www.sec.gov/Archives/edgar/data/1402057/000119312513435345/,,20
CDW,CDW,2012Q4,2012-12-31,분기말 종가,데이터 없음(API 최초 거래일 2013-06-27 이전),,데이터 없음(상장 전),https://query1.finance.yahoo.com/v8/finance/chart/CDW (firstTradeDate 2013-06-27),,20
CDW,CDW,2012Q4,2012-12-31,분기말 상장주식수,데이터 없음(API 최초 거래일 2013-06-27 이전),,데이터 없음(상장 전),https://query1.finance.yahoo.com/v8/finance/chart/CDW (firstTradeDate 2013-06-27),,20
CDW,CDW,2012Q4,2012-12-31,분기말 시가총액,데이터 없음(API 최초 거래일 2013-06-27 이전),,데이터 없음(상장 전),https://query1.finance.yahoo.com/v8/finance/chart/CDW (firstTradeDate 2013-06-27),,20
CDW,CDW,2013Q1,2013-03-31,분기별 매출액,2411700000,USD,공시,https://www.sec.gov/Archives/edgar/data/1402057/000140205713000005/,,20
CDW,CDW,2013Q1,2013-03-31,분기별 영업이익,120100000,USD,공시,https://www.sec.gov/Archives/edgar/data/1402057/000140205713000005/,,20
CDW,CDW,2013Q1,2013-03-31,분기별 당기순이익(지배),28300000,USD,공시,https://www.sec.gov/Archives/edgar/data/1402057/000140205713000005/,,20
CDW,CDW,2013Q1,2013-03-31,분기별 영업활동현금흐름,208000000,USD,공시,https://www.sec.gov/Archives/edgar/data/1402057/000140205713000005/,,20
CDW,CDW,2013Q1,2013-03-31,분기말 자산총계,5822700000,USD,공시,https://www.sec.gov/Archives/edgar/data/1402057/000140205713000005/,,20
CDW,CDW,2013Q1,2013-03-31,분기말 부채총계,5658900000,USD,계산(부채및자본-총자본),https://www.sec.gov/Archives/edgar/data/1402057/000140205713000005/,부채및자본 5822700000 − 총자본 163800000,20
CDW,CDW,2013Q1,2013-03-31,분기말 총자본(자기자본),163800000,USD,공시(비지배 없음),https://www.sec.gov/Archives/edgar/data/1402057/000140205713000005/,"StockholdersEquity, MinorityInterest 태그 없음",20
CDW,CDW,2013Q1,2013-03-31,분기말 지배지분 자본,163800000,USD,공시,https://www.sec.gov/Archives/edgar/data/1402057/000140205713000005/,,20
CDW,CDW,2013Q1,2013-03-31,분기말 종가,데이터 없음(API 최초 거래일 2013-06-27 이전),,데이터 없음(상장 전),https://query1.finance.yahoo.com/v8/finance/chart/CDW (firstTradeDate 2013-06-27),,20
CDW,CDW,2013Q1,2013-03-31,분기말 상장주식수,데이터 없음(API 최초 거래일 2013-06-27 이전),,데이터 없음(상장 전),https://query1.finance.yahoo.com/v8/finance/chart/CDW (firstTradeDate 2013-06-27),,20
CDW,CDW,2013Q1,2013-03-31,분기말 시가총액,데이터 없음(API 최초 거래일 2013-06-27 이전),,데이터 없음(상장 전),https://query1.finance.yahoo.com/v8/finance/chart/CDW (firstTradeDate 2013-06-27),,20
CDW,CDW,2013Q2,2013-06-30,분기별 매출액,2779300000,USD,공시,https://www.sec.gov/Archives/edgar/data/1402057/000140205713000008/,,20
CDW,CDW,2013Q2,2013-06-30,분기별 영업이익,153600000,USD,공시,https://www.sec.gov/Archives/edgar/data/1402057/000140205713000008/,,20
CDW,CDW,2013Q2,2013-06-30,분기별 당기순이익(지배),46700000,USD,공시,https://www.sec.gov/Archives/edgar/data/1402057/000140205713000008/,,20
CDW,CDW,2013Q2,2013-06-30,분기별 영업활동현금흐름,-900000,USD,계산(누적차감),https://www.sec.gov/Archives/edgar/data/1402057/000140205713000008/ ; https://www.sec.gov/Archives/edgar/data/1402057/000140205713000005/,누적 207100000 − 직전누적 208000000 (시작 2013-01-01),20
CDW,CDW,2013Q2,2013-06-30,분기말 자산총계,6020500000,USD,공시,https://www.sec.gov/Archives/edgar/data/1402057/000140205713000008/,,20
CDW,CDW,2013Q2,2013-06-30,분기말 부채총계,5811500000,USD,계산(부채및자본-총자본),https://www.sec.gov/Archives/edgar/data/1402057/000140205713000008/,부채및자본 6020500000 − 총자본 209000000,20
CDW,CDW,2013Q2,2013-06-30,분기말 총자본(자기자본),209000000,USD,공시(비지배 없음),https://www.sec.gov/Archives/edgar/data/1402057/000140205713000008/,"StockholdersEquity, MinorityInterest 태그 없음",20
CDW,CDW,2013Q2,2013-06-30,분기말 지배지분 자본,209000000,USD,공시,https://www.sec.gov/Archives/edgar/data/1402057/000140205713000008/,,20
CDW,CDW,2013Q2,2013-06-28,분기말 종가,18.62,USD,API,https://query1.finance.yahoo.com/v8/finance/chart/CDW?interval=1d&events=splits (2013-06-28),,20
CDW,CDW,2013Q2,2013-08-08,분기말 상장주식수,171957228,주,공시(표지 기준일),https://www.sec.gov/Archives/edgar/data/1402057/000140205713000008/,dei:EntityCommonStockSharesOutstanding 클래스 합,20
CDW,CDW,2013Q2,2013-06-28,분기말 시가총액,3201843585,USD,계산(종가×주식수),https://query1.finance.yahoo.com/v8/finance/chart/CDW?interval=1d&events=splits (2013-06-28) ; https://www.sec.gov/Archives/edgar/data/1402057/000140205713000008/,종가 18.62 × 주식수 171957228,20
CDW,CDW,2013Q3,2013-09-30,분기별 매출액,2864300000,USD,공시,https://www.sec.gov/Archives/edgar/data/1402057/000140205713000012/,,20
CDW,CDW,2013Q3,2013-09-30,분기별 영업이익,92900000,USD,공시,https://www.sec.gov/Archives/edgar/data/1402057/000140205713000012/,,20
CDW,CDW,2013Q3,2013-09-30,분기별 당기순이익(지배),-2200000,USD,공시,https://www.sec.gov/Archives/edgar/data/1402057/000140205713000012/,,20
CDW,CDW,2013Q3,2013-09-30,분기별 영업활동현금흐름,163700000,USD,계산(누적차감),https://www.sec.gov/Archives/edgar/data/1402057/000140205713000012/ ; https://www.sec.gov/Archives/edgar/data/1402057/000140205713000008/,누적 370800000 − 직전누적 207100000 (시작 2013-01-01),20
CDW,CDW,2013Q3,2013-09-30,분기말 자산총계,6038800000,USD,공시,https://www.sec.gov/Archives/edgar/data/1402057/000140205713000012/,,20
CDW,CDW,2013Q3,2013-09-30,분기말 부채총계,5379000000,USD,계산(부채및자본-총자본),https://www.sec.gov/Archives/edgar/data/1402057/000140205713000012/,부채및자본 6038800000 − 총자본 659800000,20
CDW,CDW,2013Q3,2013-09-30,분기말 총자본(자기자본),659800000,USD,공시(비지배 없음),https://www.sec.gov/Archives/edgar/data/1402057/000140205713000012/,"StockholdersEquity, MinorityInterest 태그 없음",20
CDW,CDW,2013Q3,2013-09-30,분기말 지배지분 자본,659800000,USD,공시,https://www.sec.gov/Archives/edgar/data/1402057/000140205713000012/,,20
CDW,CDW,2013Q3,2013-09-30,분기말 종가,22.83,USD,API,https://query1.finance.yahoo.com/v8/finance/chart/CDW?interval=1d&events=splits (2013-09-30),,20
CDW,CDW,2013Q3,2013-11-06,분기말 상장주식수,171957419,주,공시(표지 기준일),https://www.sec.gov/Archives/edgar/data/1402057/000140205713000012/,dei:EntityCommonStockSharesOutstanding 클래스 합,20
CDW,CDW,2013Q3,2013-09-30,분기말 시가총액,3925787876,USD,계산(종가×주식수),https://query1.finance.yahoo.com/v8/finance/chart/CDW?interval=1d&events=splits (2013-09-30) ; https://www.sec.gov/Archives/edgar/data/1402057/000140205713000012/,종가 22.83 × 주식수 171957419,20
CDW,CDW,2013Q4,2013-12-31,분기별 매출액,2713300000,USD,계산(연간-3분기누적),https://www.sec.gov/Archives/edgar/data/1402057/000140205714000002/ ; https://www.sec.gov/Archives/edgar/data/1402057/000140205713000012/,연간 10768600000 − 9개월누적 8055300000 (Revenues),20
CDW,CDW,2013Q4,2013-12-31,분기별 영업이익,142000000,USD,계산(연간-3분기누적),https://www.sec.gov/Archives/edgar/data/1402057/000140205714000002/ ; https://www.sec.gov/Archives/edgar/data/1402057/000140205713000012/,연간 508600000 − 9개월누적 366600000 (OperatingIncomeLoss),20
CDW,CDW,2013Q4,2013-12-31,분기별 당기순이익(지배),60000000,USD,계산(연간-3분기누적),https://www.sec.gov/Archives/edgar/data/1402057/000140205714000002/ ; https://www.sec.gov/Archives/edgar/data/1402057/000140205713000012/,연간 132800000 − 9개월누적 72800000 (NetIncomeLoss),20
CDW,CDW,2013Q4,2013-12-31,분기별 영업활동현금흐름,-4500000,USD,계산(누적차감),https://www.sec.gov/Archives/edgar/data/1402057/000140205714000002/ ; https://www.sec.gov/Archives/edgar/data/1402057/000140205713000012/,누적 366300000 − 직전누적 370800000 (시작 2013-01-01),20
CDW,CDW,2013Q4,2013-12-31,분기말 자산총계,5924600000,USD,공시,https://www.sec.gov/Archives/edgar/data/1402057/000140205714000002/,,20
CDW,CDW,2013Q4,2013-12-31,분기말 부채총계,5212900000,USD,계산(부채및자본-총자본),https://www.sec.gov/Archives/edgar/data/1402057/000140205714000002/,부채및자본 5924600000 − 총자본 711700000,20
CDW,CDW,2013Q4,2013-12-31,분기말 총자본(자기자본),711700000,USD,공시(비지배 없음),https://www.sec.gov/Archives/edgar/data/1402057/000140205714000002/,"StockholdersEquity, MinorityInterest 태그 없음",20
CDW,CDW,2013Q4,2013-12-31,분기말 지배지분 자본,711700000,USD,공시,https://www.sec.gov/Archives/edgar/data/1402057/000140205714000002/,,20
CDW,CDW,2013Q4,2013-12-31,분기말 종가,23.36,USD,API,https://query1.finance.yahoo.com/v8/finance/chart/CDW?interval=1d&events=splits (2013-12-31),,20
CDW,CDW,2013Q4,2014-02-28,분기말 상장주식수,171954277,주,공시(표지 기준일),https://www.sec.gov/Archives/edgar/data/1402057/000140205714000002/,dei:EntityCommonStockSharesOutstanding 클래스 합,20
CDW,CDW,2013Q4,2013-12-31,분기말 시가총액,4016851911,USD,계산(종가×주식수),https://query1.finance.yahoo.com/v8/finance/chart/CDW?interval=1d&events=splits (2013-12-31) ; https://www.sec.gov/Archives/edgar/data/1402057/000140205714000002/,종가 23.36 × 주식수 171954277,20
CDW,CDW,2014Q1,2014-03-31,분기별 매출액,2652300000,USD,공시,https://www.sec.gov/Archives/edgar/data/1402057/000140205714000005/,,20
CDW,CDW,2014Q1,2014-03-31,분기별 영업이익,135800000,USD,공시,https://www.sec.gov/Archives/edgar/data/1402057/000140205714000005/,,20
CDW,CDW,2014Q1,2014-03-31,분기별 당기순이익(지배),50900000,USD,공시,https://www.sec.gov/Archives/edgar/data/1402057/000140205714000005/,,20
CDW,CDW,2014Q1,2014-03-31,분기별 영업활동현금흐름,246300000,USD,공시,https://www.sec.gov/Archives/edgar/data/1402057/000140205714000005/,,20
CDW,CDW,2014Q1,2014-03-31,분기말 자산총계,5912500000,USD,공시,https://www.sec.gov/Archives/edgar/data/1402057/000140205714000005/,,20
CDW,CDW,2014Q1,2014-03-31,분기말 부채총계,5157700000,USD,계산(부채및자본-총자본),https://www.sec.gov/Archives/edgar/data/1402057/000140205714000005/,부채및자본 5912500000 − 총자본 754800000,20
CDW,CDW,2014Q1,2014-03-31,분기말 총자본(자기자본),754800000,USD,공시(비지배 없음),https://www.sec.gov/Archives/edgar/data/1402057/000140205714000005/,"StockholdersEquity, MinorityInterest 태그 없음",20
CDW,CDW,2014Q1,2014-03-31,분기말 지배지분 자본,754800000,USD,공시,https://www.sec.gov/Archives/edgar/data/1402057/000140205714000005/,,20
CDW,CDW,2014Q1,2014-03-31,분기말 종가,27.44,USD,API,https://query1.finance.yahoo.com/v8/finance/chart/CDW?interval=1d&events=splits (2014-03-31),,20
CDW,CDW,2014Q1,2014-05-09,분기말 상장주식수,172031151,주,공시(표지 기준일),https://www.sec.gov/Archives/edgar/data/1402057/000140205714000005/,dei:EntityCommonStockSharesOutstanding 클래스 합,20
CDW,CDW,2014Q1,2014-03-31,분기말 시가총액,4720534783,USD,계산(종가×주식수),https://query1.finance.yahoo.com/v8/finance/chart/CDW?interval=1d&events=splits (2014-03-31) ; https://www.sec.gov/Archives/edgar/data/1402057/000140205714000005/,종가 27.44 × 주식수 172031151,20
CDW,CDW,2014Q2,2014-06-30,분기별 매출액,3106000000,USD,공시,https://www.sec.gov/Archives/edgar/data/1402057/000144530514003628/,,20
CDW,CDW,2014Q2,2014-06-30,분기별 영업이익,188200000,USD,공시,https://www.sec.gov/Archives/edgar/data/1402057/000144530514003628/,,20
CDW,CDW,2014Q2,2014-06-30,분기별 당기순이익(지배),86600000,USD,공시,https://www.sec.gov/Archives/edgar/data/1402057/000144530514003628/,,20
CDW,CDW,2014Q2,2014-06-30,분기별 영업활동현금흐름,-70400000,USD,계산(누적차감),https://www.sec.gov/Archives/edgar/data/1402057/000144530514003628/ ; https://www.sec.gov/Archives/edgar/data/1402057/000140205714000005/,누적 175900000 − 직전누적 246300000 (시작 2014-01-01),20
CDW,CDW,2014Q2,2014-06-30,분기말 자산총계,6045300000,USD,공시,https://www.sec.gov/Archives/edgar/data/1402057/000144530514003628/,,20
CDW,CDW,2014Q2,2014-06-30,분기말 부채총계,5200500000,USD,계산(부채및자본-총자본),https://www.sec.gov/Archives/edgar/data/1402057/000144530514003628/,부채및자본 6045300000 − 총자본 844800000,20
CDW,CDW,2014Q2,2014-06-30,분기말 총자본(자기자본),844800000,USD,공시(비지배 없음),https://www.sec.gov/Archives/edgar/data/1402057/000144530514003628/,"StockholdersEquity, MinorityInterest 태그 없음",20
CDW,CDW,2014Q2,2014-06-30,분기말 지배지분 자본,844800000,USD,공시,https://www.sec.gov/Archives/edgar/data/1402057/000144530514003628/,,20
CDW,CDW,2014Q2,2014-06-30,분기말 종가,31.88,USD,API,https://query1.finance.yahoo.com/v8/finance/chart/CDW?interval=1d&events=splits (2014-06-30),,20
CDW,CDW,2014Q2,2014-08-08,분기말 상장주식수,172123196,주,공시(표지 기준일),https://www.sec.gov/Archives/edgar/data/1402057/000144530514003628/,dei:EntityCommonStockSharesOutstanding 클래스 합,20
CDW,CDW,2014Q2,2014-06-30,분기말 시가총액,5487287488,USD,계산(종가×주식수),https://query1.finance.yahoo.com/v8/finance/chart/CDW?interval=1d&events=splits (2014-06-30) ; https://www.sec.gov/Archives/edgar/data/1402057/000144530514003628/,종가 31.88 × 주식수 172123196,20
CDW,CDW,2014Q3,2014-09-30,분기별 매출액,3266100000,USD,공시,https://www.sec.gov/Archives/edgar/data/1402057/000140205714000011/,,20
CDW,CDW,2014Q3,2014-09-30,분기별 영업이익,184700000,USD,공시,https://www.sec.gov/Archives/edgar/data/1402057/000140205714000011/,,20
CDW,CDW,2014Q3,2014-09-30,분기별 당기순이익(지배),55600000,USD,공시,https://www.sec.gov/Archives/edgar/data/1402057/000140205714000011/,,20
CDW,CDW,2014Q3,2014-09-30,분기별 영업활동현금흐름,174600000,USD,계산(누적차감),https://www.sec.gov/Archives/edgar/data/1402057/000140205714000011/ ; https://www.sec.gov/Archives/edgar/data/1402057/000144530514003628/,누적 350500000 − 직전누적 175900000 (시작 2014-01-01),20
CDW,CDW,2014Q3,2014-09-30,분기말 자산총계,6107400000,USD,공시,https://www.sec.gov/Archives/edgar/data/1402057/000140205714000011/,,20
CDW,CDW,2014Q3,2014-09-30,분기말 부채총계,5213400000,USD,계산(부채및자본-총자본),https://www.sec.gov/Archives/edgar/data/1402057/000140205714000011/,부채및자본 6107400000 − 총자본 894000000,20
CDW,CDW,2014Q3,2014-09-30,분기말 총자본(자기자본),894000000,USD,공시(비지배 없음),https://www.sec.gov/Archives/edgar/data/1402057/000140205714000011/,"StockholdersEquity, MinorityInterest 태그 없음",20
CDW,CDW,2014Q3,2014-09-30,분기말 지배지분 자본,894000000,USD,공시,https://www.sec.gov/Archives/edgar/data/1402057/000140205714000011/,,20
CDW,CDW,2014Q3,2014-09-30,분기말 종가,31.05,USD,API,https://query1.finance.yahoo.com/v8/finance/chart/CDW?interval=1d&events=splits (2014-09-30),,20
CDW,CDW,2014Q3,2014-11-07,분기말 상장주식수,172211884,주,공시(표지 기준일),https://www.sec.gov/Archives/edgar/data/1402057/000140205714000011/,dei:EntityCommonStockSharesOutstanding 클래스 합,20
CDW,CDW,2014Q3,2014-09-30,분기말 시가총액,5347178998,USD,계산(종가×주식수),https://query1.finance.yahoo.com/v8/finance/chart/CDW?interval=1d&events=splits (2014-09-30) ; https://www.sec.gov/Archives/edgar/data/1402057/000140205714000011/,종가 31.05 × 주식수 172211884,20
CDW,CDW,2014Q4,2014-12-31,분기별 매출액,3050100000,USD,계산(연간-3분기누적),https://www.sec.gov/Archives/edgar/data/1402057/000140205715000003/ ; https://www.sec.gov/Archives/edgar/data/1402057/000140205714000011/,연간 12074500000 − 9개월누적 9024400000 (SalesRevenueNet),20
CDW,CDW,2014Q4,2014-12-31,분기별 영업이익,164300000,USD,계산(연간-3분기누적),https://www.sec.gov/Archives/edgar/data/1402057/000140205715000003/ ; https://www.sec.gov/Archives/edgar/data/1402057/000140205714000011/,연간 673000000 − 9개월누적 508700000 (OperatingIncomeLoss),20
CDW,CDW,2014Q4,2014-12-31,분기별 당기순이익(지배),51800000,USD,계산(연간-3분기누적),https://www.sec.gov/Archives/edgar/data/1402057/000140205715000003/ ; https://www.sec.gov/Archives/edgar/data/1402057/000140205714000011/,연간 244900000 − 9개월누적 193100000 (NetIncomeLoss),20
CDW,CDW,2014Q4,2014-12-31,분기별 영업활동현금흐름,84500000,USD,계산(누적차감),https://www.sec.gov/Archives/edgar/data/1402057/000140205715000003/ ; https://www.sec.gov/Archives/edgar/data/1402057/000140205714000011/,누적 435000000 − 직전누적 350500000 (시작 2014-01-01),20
CDW,CDW,2014Q4,2014-12-31,분기말 자산총계,6075900000,USD,공시(재작성 반영),https://www.sec.gov/Archives/edgar/data/1402057/000140205716000057/,원 공시 6099900000 (https://www.sec.gov/Archives/edgar/data/1402057/000140205715000003/),20
CDW,CDW,2014Q4,2014-12-31,분기말 부채총계,5139400000,USD,계산(부채및자본-총자본)(재작성 반영),https://www.sec.gov/Archives/edgar/data/1402057/000140205716000057/,부채및자본 6075900000 − 총자본 936500000 ; 원 공시 5163400000 (https://www.sec.gov/Archives/edgar/data/1402057/000140205715000003/),20
CDW,CDW,2014Q4,2014-12-31,분기말 총자본(자기자본),936500000,USD,공시(비지배 없음),https://www.sec.gov/Archives/edgar/data/1402057/000140205715000003/,"StockholdersEquity, MinorityInterest 태그 없음",20
CDW,CDW,2014Q4,2014-12-31,분기말 지배지분 자본,936500000,USD,공시,https://www.sec.gov/Archives/edgar/data/1402057/000140205715000003/,,20
CDW,CDW,2014Q4,2014-12-31,분기말 종가,35.17,USD,API,https://query1.finance.yahoo.com/v8/finance/chart/CDW?interval=1d&events=splits (2014-12-31),,20
CDW,CDW,2014Q4,2015-02-20,분기말 상장주식수,172275656,주,공시(표지 기준일),https://www.sec.gov/Archives/edgar/data/1402057/000140205715000003/,dei:EntityCommonStockSharesOutstanding 클래스 합,20
CDW,CDW,2014Q4,2014-12-31,분기말 시가총액,6058934822,USD,계산(종가×주식수),https://query1.finance.yahoo.com/v8/finance/chart/CDW?interval=1d&events=splits (2014-12-31) ; https://www.sec.gov/Archives/edgar/data/1402057/000140205715000003/,종가 35.17 × 주식수 172275656,20
CDW,CDW,2015Q1,2015-03-31,분기별 매출액,2755200000,USD,공시,https://www.sec.gov/Archives/edgar/data/1402057/000140205715000041/,,20
CDW,CDW,2015Q1,2015-03-31,분기별 영업이익,151600000,USD,공시,https://www.sec.gov/Archives/edgar/data/1402057/000140205715000041/,,20
CDW,CDW,2015Q1,2015-03-31,분기별 당기순이익(지배),54700000,USD,공시,https://www.sec.gov/Archives/edgar/data/1402057/000140205715000041/,,20
CDW,CDW,2015Q1,2015-03-31,분기별 영업활동현금흐름,177800000,USD,공시,https://www.sec.gov/Archives/edgar/data/1402057/000140205715000041/,,20
CDW,CDW,2015Q1,2015-03-31,분기말 자산총계,6088600000,USD,공시,https://www.sec.gov/Archives/edgar/data/1402057/000140205715000041/,,20
CDW,CDW,2015Q1,2015-03-31,분기말 부채총계,5113100000,USD,계산(부채및자본-총자본),https://www.sec.gov/Archives/edgar/data/1402057/000140205715000041/,부채및자본 6088600000 − 총자본 975500000,20
CDW,CDW,2015Q1,2015-03-31,분기말 총자본(자기자본),975500000,USD,공시(비지배 없음),https://www.sec.gov/Archives/edgar/data/1402057/000140205715000041/,"StockholdersEquity, MinorityInterest 태그 없음",20
CDW,CDW,2015Q1,2015-03-31,분기말 지배지분 자본,975500000,USD,공시,https://www.sec.gov/Archives/edgar/data/1402057/000140205715000041/,,20
CDW,CDW,2015Q1,2015-03-31,분기말 종가,37.24,USD,API,https://query1.finance.yahoo.com/v8/finance/chart/CDW?interval=1d&events=splits (2015-03-31),,20
CDW,CDW,2015Q1,2015-04-30,분기말 상장주식수,172613182,주,공시(표지 기준일),https://www.sec.gov/Archives/edgar/data/1402057/000140205715000041/,dei:EntityCommonStockSharesOutstanding 클래스 합,20
CDW,CDW,2015Q1,2015-03-31,분기말 시가총액,6428114898,USD,계산(종가×주식수),https://query1.finance.yahoo.com/v8/finance/chart/CDW?interval=1d&events=splits (2015-03-31) ; https://www.sec.gov/Archives/edgar/data/1402057/000140205715000041/,종가 37.24 × 주식수 172613182,20
CDW,CDW,2015Q2,2015-06-30,분기별 매출액,3314000000,USD,공시,https://www.sec.gov/Archives/edgar/data/1402057/000140205715000044/,,20
CDW,CDW,2015Q2,2015-06-30,분기별 영업이익,205900000,USD,공시,https://www.sec.gov/Archives/edgar/data/1402057/000140205715000044/,,20
CDW,CDW,2015Q2,2015-06-30,분기별 당기순이익(지배),108200000,USD,공시,https://www.sec.gov/Archives/edgar/data/1402057/000140205715000044/,,20
CDW,CDW,2015Q2,2015-06-30,분기별 영업활동현금흐름,-78700000,USD,계산(누적차감),https://www.sec.gov/Archives/edgar/data/1402057/000140205715000044/ ; https://www.sec.gov/Archives/edgar/data/1402057/000140205715000041/,누적 99100000 − 직전누적 177800000 (시작 2015-01-01),20
CDW,CDW,2015Q2,2015-06-30,분기말 자산총계,6251200000,USD,공시,https://www.sec.gov/Archives/edgar/data/1402057/000140205715000044/,,20
CDW,CDW,2015Q2,2015-06-30,분기말 부채총계,5255400000,USD,계산(부채및자본-총자본),https://www.sec.gov/Archives/edgar/data/1402057/000140205715000044/,부채및자본 6251200000 − 총자본 995800000,20
CDW,CDW,2015Q2,2015-06-30,분기말 총자본(자기자본),995800000,USD,공시(비지배 없음),https://www.sec.gov/Archives/edgar/data/1402057/000140205715000044/,"StockholdersEquity, MinorityInterest 태그 없음",20
CDW,CDW,2015Q2,2015-06-30,분기말 지배지분 자본,995800000,USD,공시,https://www.sec.gov/Archives/edgar/data/1402057/000140205715000044/,,20
CDW,CDW,2015Q2,2015-06-30,분기말 종가,34.28,USD,API,https://query1.finance.yahoo.com/v8/finance/chart/CDW?interval=1d&events=splits (2015-06-30),,20
CDW,CDW,2015Q2,2015-07-31,분기말 상장주식수,170203154,주,공시(표지 기준일),https://www.sec.gov/Archives/edgar/data/1402057/000140205715000044/,dei:EntityCommonStockSharesOutstanding 클래스 합,20
CDW,CDW,2015Q2,2015-06-30,분기말 시가총액,5834564119,USD,계산(종가×주식수),https://query1.finance.yahoo.com/v8/finance/chart/CDW?interval=1d&events=splits (2015-06-30) ; https://www.sec.gov/Archives/edgar/data/1402057/000140205715000044/,종가 34.28 × 주식수 170203154,20
CDW,CDW,2015Q3,2015-09-30,분기별 매출액,3501100000,USD,공시,https://www.sec.gov/Archives/edgar/data/1402057/000140205715000047/,,20
CDW,CDW,2015Q3,2015-09-30,분기별 영업이익,204600000,USD,공시,https://www.sec.gov/Archives/edgar/data/1402057/000140205715000047/,,20
CDW,CDW,2015Q3,2015-09-30,분기별 당기순이익(지배),150900000,USD,공시,https://www.sec.gov/Archives/edgar/data/1402057/000140205715000047/,,20
CDW,CDW,2015Q3,2015-09-30,분기별 영업활동현금흐름,195800000,USD,계산(누적차감),https://www.sec.gov/Archives/edgar/data/1402057/000140205715000047/ ; https://www.sec.gov/Archives/edgar/data/1402057/000140205715000044/,누적 294900000 − 직전누적 99100000 (시작 2015-01-01),20
CDW,CDW,2015Q3,2015-09-30,분기말 자산총계,6741500000,USD,공시,https://www.sec.gov/Archives/edgar/data/1402057/000140205715000047/,,20
CDW,CDW,2015Q3,2015-09-30,분기말 부채총계,5665800000,USD,계산(부채및자본-총자본),https://www.sec.gov/Archives/edgar/data/1402057/000140205715000047/,부채및자본 6741500000 − 총자본 1075700000,20
CDW,CDW,2015Q3,2015-09-30,분기말 총자본(자기자본),1075700000,USD,공시(비지배 없음),https://www.sec.gov/Archives/edgar/data/1402057/000140205715000047/,"StockholdersEquity, MinorityInterest 태그 없음",20
CDW,CDW,2015Q3,2015-09-30,분기말 지배지분 자본,1075700000,USD,공시,https://www.sec.gov/Archives/edgar/data/1402057/000140205715000047/,,20
CDW,CDW,2015Q3,2015-09-30,분기말 종가,40.86,USD,API,https://query1.finance.yahoo.com/v8/finance/chart/CDW?interval=1d&events=splits (2015-09-30),,20
CDW,CDW,2015Q3,2015-10-31,분기말 상장주식수,169274454,주,공시(표지 기준일),https://www.sec.gov/Archives/edgar/data/1402057/000140205715000047/,dei:EntityCommonStockSharesOutstanding 클래스 합,20
CDW,CDW,2015Q3,2015-09-30,분기말 시가총액,6916554190,USD,계산(종가×주식수),https://query1.finance.yahoo.com/v8/finance/chart/CDW?interval=1d&events=splits (2015-09-30) ; https://www.sec.gov/Archives/edgar/data/1402057/000140205715000047/,종가 40.86 × 주식수 169274454,20
CDW,CDW,2015Q4,2015-12-31,분기별 매출액,3418400000,USD,계산(연간-3분기누적),https://www.sec.gov/Archives/edgar/data/1402057/000140205716000057/ ; https://www.sec.gov/Archives/edgar/data/1402057/000140205715000047/,연간 12988700000 − 9개월누적 9570300000 (SalesRevenueNet),20
CDW,CDW,2015Q4,2015-12-31,분기별 영업이익,179900000,USD,계산(연간-3분기누적),https://www.sec.gov/Archives/edgar/data/1402057/000140205716000057/ ; https://www.sec.gov/Archives/edgar/data/1402057/000140205715000047/,연간 742000000 − 9개월누적 562100000 (OperatingIncomeLoss),20
CDW,CDW,2015Q4,2015-12-31,분기별 당기순이익(지배),89300000,USD,계산(연간-3분기누적),https://www.sec.gov/Archives/edgar/data/1402057/000140205716000057/ ; https://www.sec.gov/Archives/edgar/data/1402057/000140205715000047/,연간 403100000 − 9개월누적 313800000 (NetIncomeLoss),20
CDW,CDW,2015Q4,2015-12-31,분기별 영업활동현금흐름,-17400000,USD,계산(누적차감),https://www.sec.gov/Archives/edgar/data/1402057/000140205716000057/ ; https://www.sec.gov/Archives/edgar/data/1402057/000140205715000047/,누적 277500000 − 직전누적 294900000 (시작 2015-01-01),20
CDW,CDW,2015Q4,2015-12-31,분기말 자산총계,6755300000,USD,공시,https://www.sec.gov/Archives/edgar/data/1402057/000140205716000057/,,20
CDW,CDW,2015Q4,2015-12-31,분기말 부채총계,5657500000,USD,계산(부채및자본-총자본)(재작성 반영),https://www.sec.gov/Archives/edgar/data/1402057/000140205716000057/,부채및자본 6755300000 − 총자본 1097800000 ; 원 공시 5659400000 (https://www.sec.gov/Archives/edgar/data/1402057/000140205716000057/),20
CDW,CDW,2015Q4,2015-12-31,분기말 총자본(자기자본),1097800000,USD,공시(비지배 없음)(재작성 반영),https://www.sec.gov/Archives/edgar/data/1402057/000140205719000046/,"StockholdersEquity, MinorityInterest 태그 없음 ; 원 공시 1095900000 (https://www.sec.gov/Archives/edgar/data/1402057/000140205716000057/)",20
CDW,CDW,2015Q4,2015-12-31,분기말 지배지분 자본,1097800000,USD,공시(재작성 반영),https://www.sec.gov/Archives/edgar/data/1402057/000140205719000046/,원 공시 1095900000 (https://www.sec.gov/Archives/edgar/data/1402057/000140205716000057/),20
CDW,CDW,2015Q4,2015-12-31,분기말 종가,42.04,USD,API,https://query1.finance.yahoo.com/v8/finance/chart/CDW?interval=1d&events=splits (2015-12-31),,20
CDW,CDW,2015Q4,2016-02-19,분기말 상장주식수,167740043,주,공시(표지 기준일),https://www.sec.gov/Archives/edgar/data/1402057/000140205716000057/,dei:EntityCommonStockSharesOutstanding 클래스 합,20
CDW,CDW,2015Q4,2015-12-31,분기말 시가총액,7051791408,USD,계산(종가×주식수),https://query1.finance.yahoo.com/v8/finance/chart/CDW?interval=1d&events=splits (2015-12-31) ; https://www.sec.gov/Archives/edgar/data/1402057/000140205716000057/,종가 42.04 × 주식수 167740043,20
CDW,CDW,2016Q1,2016-03-31,분기별 매출액,3116700000,USD,공시,https://www.sec.gov/Archives/edgar/data/1402057/000140205716000107/,,20
CDW,CDW,2016Q1,2016-03-31,분기별 영업이익,161000000,USD,공시,https://www.sec.gov/Archives/edgar/data/1402057/000140205716000107/,,20
CDW,CDW,2016Q1,2016-03-31,분기별 당기순이익(지배),77800000,USD,공시,https://www.sec.gov/Archives/edgar/data/1402057/000140205716000107/,,20
CDW,CDW,2016Q1,2016-03-31,분기별 영업활동현금흐름,427800000,USD,공시(재작성 반영),https://www.sec.gov/Archives/edgar/data/1402057/000140205717000056/,원 공시 427600000 (https://www.sec.gov/Archives/edgar/data/1402057/000140205716000107/),20
CDW,CDW,2016Q1,2016-03-31,분기말 자산총계,6717900000,USD,공시,https://www.sec.gov/Archives/edgar/data/1402057/000140205716000107/,,20
CDW,CDW,2016Q1,2016-03-31,분기말 부채총계,5678000000,USD,계산(부채및자본-총자본),https://www.sec.gov/Archives/edgar/data/1402057/000140205716000107/,부채및자본 6717900000 − 총자본 1039900000,20
CDW,CDW,2016Q1,2016-03-31,분기말 총자본(자기자본),1039900000,USD,공시(비지배 없음),https://www.sec.gov/Archives/edgar/data/1402057/000140205716000107/,"StockholdersEquity, MinorityInterest 태그 없음",20
CDW,CDW,2016Q1,2016-03-31,분기말 지배지분 자본,1039900000,USD,공시,https://www.sec.gov/Archives/edgar/data/1402057/000140205716000107/,,20
CDW,CDW,2016Q1,2016-03-31,분기말 종가,41.5,USD,API,https://query1.finance.yahoo.com/v8/finance/chart/CDW?interval=1d&events=splits (2016-03-31),,20
CDW,CDW,2016Q1,2016-04-30,분기말 상장주식수,165609467,주,공시(표지 기준일),https://www.sec.gov/Archives/edgar/data/1402057/000140205716000107/,dei:EntityCommonStockSharesOutstanding 클래스 합,20
CDW,CDW,2016Q1,2016-03-31,분기말 시가총액,6872792880,USD,계산(종가×주식수),https://query1.finance.yahoo.com/v8/finance/chart/CDW?interval=1d&events=splits (2016-03-31) ; https://www.sec.gov/Archives/edgar/data/1402057/000140205716000107/,종가 41.5 × 주식수 165609467,20
CDW,CDW,2016Q2,2016-06-30,분기별 매출액,3664600000,USD,공시,https://www.sec.gov/Archives/edgar/data/1402057/000140205716000113/,,20
CDW,CDW,2016Q2,2016-06-30,분기별 영업이익,223500000,USD,공시,https://www.sec.gov/Archives/edgar/data/1402057/000140205716000113/,,20
CDW,CDW,2016Q2,2016-06-30,분기별 당기순이익(지배),117500000,USD,공시,https://www.sec.gov/Archives/edgar/data/1402057/000140205716000113/,,20
CDW,CDW,2016Q2,2016-06-30,분기별 영업활동현금흐름,-114700000,USD,계산(누적차감)(재작성 반영),https://www.sec.gov/Archives/edgar/data/1402057/000140205716000113/ ; https://www.sec.gov/Archives/edgar/data/1402057/000140205717000056/,누적 313100000 − 직전누적 427800000 (시작 2016-01-01) ; 원 공시 -114500000 (https://www.sec.gov/Archives/edgar/data/1402057/000140205716000113/ ; https://www.sec.gov/Archives/edgar/data/1402057/000140205716000107/),20
CDW,CDW,2016Q2,2016-06-30,분기말 자산총계,6887900000,USD,공시,https://www.sec.gov/Archives/edgar/data/1402057/000140205716000113/,,20
CDW,CDW,2016Q2,2016-06-30,분기말 부채총계,5874500000,USD,계산(부채및자본-총자본),https://www.sec.gov/Archives/edgar/data/1402057/000140205716000113/,부채및자본 6887900000 − 총자본 1013400000,20
CDW,CDW,2016Q2,2016-06-30,분기말 총자본(자기자본),1013400000,USD,공시(비지배 없음),https://www.sec.gov/Archives/edgar/data/1402057/000140205716000113/,"StockholdersEquity, MinorityInterest 태그 없음",20
CDW,CDW,2016Q2,2016-06-30,분기말 지배지분 자본,1013400000,USD,공시,https://www.sec.gov/Archives/edgar/data/1402057/000140205716000113/,,20
CDW,CDW,2016Q2,2016-06-30,분기말 종가,40.08,USD,API,https://query1.finance.yahoo.com/v8/finance/chart/CDW?interval=1d&events=splits (2016-06-30),,20
CDW,CDW,2016Q2,2016-07-31,분기말 상장주식수,163313999,주,공시(표지 기준일),https://www.sec.gov/Archives/edgar/data/1402057/000140205716000113/,dei:EntityCommonStockSharesOutstanding 클래스 합,20
CDW,CDW,2016Q2,2016-06-30,분기말 시가총액,6545625080,USD,계산(종가×주식수),https://query1.finance.yahoo.com/v8/finance/chart/CDW?interval=1d&events=splits (2016-06-30) ; https://www.sec.gov/Archives/edgar/data/1402057/000140205716000113/,종가 40.08 × 주식수 163313999,20
CDW,CDW,2016Q3,2016-09-30,분기별 매출액,3708200000,USD,공시,https://www.sec.gov/Archives/edgar/data/1402057/000140205716000116/,,20
CDW,CDW,2016Q3,2016-09-30,분기별 영업이익,237500000,USD,공시,https://www.sec.gov/Archives/edgar/data/1402057/000140205716000116/,,20
CDW,CDW,2016Q3,2016-09-30,분기별 당기순이익(지배),125900000,USD,공시,https://www.sec.gov/Archives/edgar/data/1402057/000140205716000116/,,20
CDW,CDW,2016Q3,2016-09-30,분기별 영업활동현금흐름,186200000,USD,계산(누적차감),https://www.sec.gov/Archives/edgar/data/1402057/000140205716000116/ ; https://www.sec.gov/Archives/edgar/data/1402057/000140205716000113/,누적 499300000 − 직전누적 313100000 (시작 2016-01-01),20
CDW,CDW,2016Q3,2016-09-30,분기말 자산총계,6772800000,USD,공시,https://www.sec.gov/Archives/edgar/data/1402057/000140205716000116/,,20
CDW,CDW,2016Q3,2016-09-30,분기말 부채총계,5782300000,USD,계산(부채및자본-총자본),https://www.sec.gov/Archives/edgar/data/1402057/000140205716000116/,부채및자본 6772800000 − 총자본 990500000,20
CDW,CDW,2016Q3,2016-09-30,분기말 총자본(자기자본),990500000,USD,공시(비지배 없음),https://www.sec.gov/Archives/edgar/data/1402057/000140205716000116/,"StockholdersEquity, MinorityInterest 태그 없음",20
CDW,CDW,2016Q3,2016-09-30,분기말 지배지분 자본,990500000,USD,공시,https://www.sec.gov/Archives/edgar/data/1402057/000140205716000116/,,20
CDW,CDW,2016Q3,2016-09-30,분기말 종가,45.73,USD,API,https://query1.finance.yahoo.com/v8/finance/chart/CDW?interval=1d&events=splits (2016-09-30),,20
CDW,CDW,2016Q3,2016-10-31,분기말 상장주식수,160506730,주,공시(표지 기준일),https://www.sec.gov/Archives/edgar/data/1402057/000140205716000116/,dei:EntityCommonStockSharesOutstanding 클래스 합,20
CDW,CDW,2016Q3,2016-09-30,분기말 시가총액,7339972763,USD,계산(종가×주식수),https://query1.finance.yahoo.com/v8/finance/chart/CDW?interval=1d&events=splits (2016-09-30) ; https://www.sec.gov/Archives/edgar/data/1402057/000140205716000116/,종가 45.73 × 주식수 160506730,20
CDW,CDW,2016Q4,2016-12-31,분기별 매출액,3492400000,USD,계산(연간-3분기누적),https://www.sec.gov/Archives/edgar/data/1402057/000140205717000007/ ; https://www.sec.gov/Archives/edgar/data/1402057/000140205716000116/,연간 13981900000 − 9개월누적 10489500000 (SalesRevenueNet),20
CDW,CDW,2016Q4,2016-12-31,분기별 영업이익,197200000,USD,계산(연간-3분기누적),https://www.sec.gov/Archives/edgar/data/1402057/000140205717000007/ ; https://www.sec.gov/Archives/edgar/data/1402057/000140205716000116/,연간 819200000 − 9개월누적 622000000 (OperatingIncomeLoss),20
CDW,CDW,2016Q4,2016-12-31,분기별 당기순이익(지배),103900000,USD,계산(연간-3분기누적)(재작성 반영),https://www.sec.gov/Archives/edgar/data/1402057/000140205719000046/ ; https://www.sec.gov/Archives/edgar/data/1402057/000140205716000116/,연간 425100000 − 9개월누적 321200000 (NetIncomeLoss) ; 원 공시 103200000 (https://www.sec.gov/Archives/edgar/data/1402057/000140205717000007/ ; https://www.sec.gov/Archives/edgar/data/1402057/000140205716000116/),20
CDW,CDW,2016Q4,2016-12-31,분기별 영업활동현금흐름,104700000,USD,계산(누적차감),https://www.sec.gov/Archives/edgar/data/1402057/000140205717000007/ ; https://www.sec.gov/Archives/edgar/data/1402057/000140205716000116/,누적 604000000 − 직전누적 499300000 (시작 2016-01-01),20
CDW,CDW,2016Q4,2016-12-31,분기말 자산총계,6948400000,USD,공시,https://www.sec.gov/Archives/edgar/data/1402057/000140205717000007/,,20
CDW,CDW,2016Q4,2016-12-31,분기말 부채총계,5902900000,USD,계산(부채및자본-총자본),https://www.sec.gov/Archives/edgar/data/1402057/000140205717000007/,부채및자본 6948400000 − 총자본 1045500000,20
CDW,CDW,2016Q4,2016-12-31,분기말 총자본(자기자본),1045500000,USD,공시(비지배 없음),https://www.sec.gov/Archives/edgar/data/1402057/000140205717000007/,"StockholdersEquity, MinorityInterest 태그 없음",20
CDW,CDW,2016Q4,2016-12-31,분기말 지배지분 자본,1045500000,USD,공시,https://www.sec.gov/Archives/edgar/data/1402057/000140205717000007/,,20
CDW,CDW,2016Q4,2016-12-30,분기말 종가,52.09,USD,API,https://query1.finance.yahoo.com/v8/finance/chart/CDW?interval=1d&events=splits (2016-12-30),,20
CDW,CDW,2016Q4,2017-02-24,분기말 상장주식수,159367089,주,공시(표지 기준일),https://www.sec.gov/Archives/edgar/data/1402057/000140205717000007/,dei:EntityCommonStockSharesOutstanding 클래스 합,20
CDW,CDW,2016Q4,2016-12-30,분기말 시가총액,8301431666,USD,계산(종가×주식수),https://query1.finance.yahoo.com/v8/finance/chart/CDW?interval=1d&events=splits (2016-12-30) ; https://www.sec.gov/Archives/edgar/data/1402057/000140205717000007/,종가 52.09 × 주식수 159367089,20
CDW,CDW,2017Q1,2017-03-31,분기별 매출액,3324700000,USD,공시,https://www.sec.gov/Archives/edgar/data/1402057/000140205717000056/,,20
CDW,CDW,2017Q1,2017-03-31,분기별 영업이익,170700000,USD,공시(재작성 반영),https://www.sec.gov/Archives/edgar/data/1402057/000140205719000046/,원 공시 169800000 (https://www.sec.gov/Archives/edgar/data/1402057/000140205717000056/),20
CDW,CDW,2017Q1,2017-03-31,분기별 당기순이익(지배),58200000,USD,공시(재작성 반영),https://www.sec.gov/Archives/edgar/data/1402057/000140205719000046/,원 공시 57600000 (https://www.sec.gov/Archives/edgar/data/1402057/000140205717000056/),20
CDW,CDW,2017Q1,2017-03-31,분기별 영업활동현금흐름,369900000,USD,공시,https://www.sec.gov/Archives/edgar/data/1402057/000140205717000056/,,20
CDW,CDW,2017Q1,2017-03-31,분기말 자산총계,6774700000,USD,공시,https://www.sec.gov/Archives/edgar/data/1402057/000140205717000056/,,20
CDW,CDW,2017Q1,2017-03-31,분기말 부채총계,5867400000,USD,계산(부채및자본-총자본),https://www.sec.gov/Archives/edgar/data/1402057/000140205717000056/,부채및자본 6774700000 − 총자본 907300000,20
CDW,CDW,2017Q1,2017-03-31,분기말 총자본(자기자본),907300000,USD,공시(비지배 없음),https://www.sec.gov/Archives/edgar/data/1402057/000140205717000056/,"StockholdersEquity, MinorityInterest 태그 없음",20
CDW,CDW,2017Q1,2017-03-31,분기말 지배지분 자본,907300000,USD,공시,https://www.sec.gov/Archives/edgar/data/1402057/000140205717000056/,,20
CDW,CDW,2017Q1,2017-03-31,분기말 종가,57.71,USD,API,https://query1.finance.yahoo.com/v8/finance/chart/CDW?interval=1d&events=splits (2017-03-31),,20
CDW,CDW,2017Q1,2017-04-27,분기말 상장주식수,157088645,주,공시(표지 기준일),https://www.sec.gov/Archives/edgar/data/1402057/000140205717000056/,dei:EntityCommonStockSharesOutstanding 클래스 합,20
CDW,CDW,2017Q1,2017-03-31,분기말 시가총액,9065585703,USD,계산(종가×주식수),https://query1.finance.yahoo.com/v8/finance/chart/CDW?interval=1d&events=splits (2017-03-31) ; https://www.sec.gov/Archives/edgar/data/1402057/000140205717000056/,종가 57.71 × 주식수 157088645,20
CDW,CDW,2017Q2,2017-06-30,분기별 매출액,3994400000,USD,공시,https://www.sec.gov/Archives/edgar/data/1402057/000140205717000106/,,20
CDW,CDW,2017Q2,2017-06-30,분기별 영업이익,230800000,USD,공시(재작성 반영),https://www.sec.gov/Archives/edgar/data/1402057/000140205719000046/,원 공시 231100000 (https://www.sec.gov/Archives/edgar/data/1402057/000140205717000106/),20
CDW,CDW,2017Q2,2017-06-30,분기별 당기순이익(지배),141000000,USD,공시,https://www.sec.gov/Archives/edgar/data/1402057/000140205717000106/,,20
CDW,CDW,2017Q2,2017-06-30,분기별 영업활동현금흐름,6300000,USD,계산(누적차감),https://www.sec.gov/Archives/edgar/data/1402057/000140205717000106/ ; https://www.sec.gov/Archives/edgar/data/1402057/000140205717000056/,누적 376200000 − 직전누적 369900000 (시작 2017-01-01),20
CDW,CDW,2017Q2,2017-06-30,분기말 자산총계,7041600000,USD,공시,https://www.sec.gov/Archives/edgar/data/1402057/000140205717000106/,,20
CDW,CDW,2017Q2,2017-06-30,분기말 부채총계,6192500000,USD,계산(부채및자본-총자본),https://www.sec.gov/Archives/edgar/data/1402057/000140205717000106/,부채및자본 7041600000 − 총자본 849100000,20
CDW,CDW,2017Q2,2017-06-30,분기말 총자본(자기자본),849100000,USD,공시(비지배 없음),https://www.sec.gov/Archives/edgar/data/1402057/000140205717000106/,"StockholdersEquity, MinorityInterest 태그 없음",20
CDW,CDW,2017Q2,2017-06-30,분기말 지배지분 자본,849100000,USD,공시,https://www.sec.gov/Archives/edgar/data/1402057/000140205717000106/,,20
CDW,CDW,2017Q2,2017-06-30,분기말 종가,62.53,USD,API,https://query1.finance.yahoo.com/v8/finance/chart/CDW?interval=1d&events=splits (2017-06-30),,20
CDW,CDW,2017Q2,2017-07-28,분기말 상장주식수,154858550,주,공시(표지 기준일),https://www.sec.gov/Archives/edgar/data/1402057/000140205717000106/,dei:EntityCommonStockSharesOutstanding 클래스 합,20
CDW,CDW,2017Q2,2017-06-30,분기말 시가총액,9683305132,USD,계산(종가×주식수),https://query1.finance.yahoo.com/v8/finance/chart/CDW?interval=1d&events=splits (2017-06-30) ; https://www.sec.gov/Archives/edgar/data/1402057/000140205717000106/,종가 62.53 × 주식수 154858550,20
CDW,CDW,2017Q3,2017-09-30,분기별 매출액,4033900000,USD,공시,https://www.sec.gov/Archives/edgar/data/1402057/000140205717000166/,,20
CDW,CDW,2017Q3,2017-09-30,분기별 영업이익,243700000,USD,공시,https://www.sec.gov/Archives/edgar/data/1402057/000140205717000166/,,20
CDW,CDW,2017Q3,2017-09-30,분기별 당기순이익(지배),129200000,USD,공시,https://www.sec.gov/Archives/edgar/data/1402057/000140205717000166/,,20
CDW,CDW,2017Q3,2017-09-30,분기별 영업활동현금흐름,62900000,USD,계산(누적차감),https://www.sec.gov/Archives/edgar/data/1402057/000140205717000166/ ; https://www.sec.gov/Archives/edgar/data/1402057/000140205717000106/,누적 439100000 − 직전누적 376200000 (시작 2017-01-01),20
CDW,CDW,2017Q3,2017-09-30,분기말 자산총계,7101800000,USD,공시,https://www.sec.gov/Archives/edgar/data/1402057/000140205717000166/,,20
CDW,CDW,2017Q3,2017-09-30,분기말 부채총계,6295300000,USD,계산(부채및자본-총자본),https://www.sec.gov/Archives/edgar/data/1402057/000140205717000166/,부채및자본 7101800000 − 총자본 806500000,20
CDW,CDW,2017Q3,2017-09-30,분기말 총자본(자기자본),806500000,USD,공시(비지배 없음),https://www.sec.gov/Archives/edgar/data/1402057/000140205717000166/,"StockholdersEquity, MinorityInterest 태그 없음",20
CDW,CDW,2017Q3,2017-09-30,분기말 지배지분 자본,806500000,USD,공시,https://www.sec.gov/Archives/edgar/data/1402057/000140205717000166/,,20
CDW,CDW,2017Q3,2017-09-29,분기말 종가,66.0,USD,API,https://query1.finance.yahoo.com/v8/finance/chart/CDW?interval=1d&events=splits (2017-09-29),,20
CDW,CDW,2017Q3,2017-10-27,분기말 상장주식수,153062826,주,공시(표지 기준일),https://www.sec.gov/Archives/edgar/data/1402057/000140205717000166/,dei:EntityCommonStockSharesOutstanding 클래스 합,20
CDW,CDW,2017Q3,2017-09-29,분기말 시가총액,10102146516,USD,계산(종가×주식수),https://query1.finance.yahoo.com/v8/finance/chart/CDW?interval=1d&events=splits (2017-09-29) ; https://www.sec.gov/Archives/edgar/data/1402057/000140205717000166/,종가 66.0 × 주식수 153062826,20
CDW,CDW,2017Q4,2017-12-31,분기별 매출액,3838500000,USD,계산(연간-3분기누적),https://www.sec.gov/Archives/edgar/data/1402057/000140205718000038/ ; https://www.sec.gov/Archives/edgar/data/1402057/000140205717000166/,연간 15191500000 − 9개월누적 11353000000 (SalesRevenueNet),20
CDW,CDW,2017Q4,2017-12-31,분기별 영업이익,220900000,USD,계산(연간-3분기누적)(재작성 반영),https://www.sec.gov/Archives/edgar/data/1402057/000140205720000042/ ; https://www.sec.gov/Archives/edgar/data/1402057/000140205718000230/,연간 866500000 − 9개월누적 645600000 (OperatingIncomeLoss) ; 원 공시 221500000 (https://www.sec.gov/Archives/edgar/data/1402057/000140205718000038/ ; https://www.sec.gov/Archives/edgar/data/1402057/000140205717000166/),20
CDW,CDW,2017Q4,2017-12-31,분기별 당기순이익(지배),194700000,USD,계산(연간-3분기누적)(재작성 반영),https://www.sec.gov/Archives/edgar/data/1402057/000140205718000038/ ; https://www.sec.gov/Archives/edgar/data/1402057/000140205718000230/,연간 523000000 − 9개월누적 328300000 (NetIncomeLoss) ; 원 공시 195200000 (https://www.sec.gov/Archives/edgar/data/1402057/000140205718000038/ ; https://www.sec.gov/Archives/edgar/data/1402057/000140205717000166/),20
CDW,CDW,2017Q4,2017-12-31,분기별 영업활동현금흐름,338600000,USD,계산(누적차감),https://www.sec.gov/Archives/edgar/data/1402057/000140205718000038/ ; https://www.sec.gov/Archives/edgar/data/1402057/000140205717000166/,누적 777700000 − 직전누적 439100000 (시작 2017-01-01),20
CDW,CDW,2017Q4,2017-12-31,분기말 자산총계,6966700000,USD,공시(재작성 반영),https://www.sec.gov/Archives/edgar/data/1402057/000140205719000046/,원 공시 6956600000 (https://www.sec.gov/Archives/edgar/data/1402057/000140205718000038/),20
CDW,CDW,2017Q4,2017-12-31,분기말 부채총계,5981100000,USD,공시(재작성 반영),https://www.sec.gov/Archives/edgar/data/1402057/000140205719000046/,원 공시 5973700000 (https://www.sec.gov/Archives/edgar/data/1402057/000140205718000038/),20
CDW,CDW,2017Q4,2017-12-31,분기말 총자본(자기자본),985600000,USD,공시(비지배 없음)(재작성 반영),https://www.sec.gov/Archives/edgar/data/1402057/000140205721000022/,"StockholdersEquity, MinorityInterest 태그 없음 ; 원 공시 982900000 (https://www.sec.gov/Archives/edgar/data/1402057/000140205718000038/)",20
CDW,CDW,2017Q4,2017-12-31,분기말 지배지분 자본,985600000,USD,공시(재작성 반영),https://www.sec.gov/Archives/edgar/data/1402057/000140205721000022/,원 공시 982900000 (https://www.sec.gov/Archives/edgar/data/1402057/000140205718000038/),20
CDW,CDW,2017Q4,2017-12-29,분기말 종가,69.49,USD,API,https://query1.finance.yahoo.com/v8/finance/chart/CDW?interval=1d&events=splits (2017-12-29),,20
CDW,CDW,2017Q4,2018-02-23,분기말 상장주식수,152423423,주,공시(표지 기준일),https://www.sec.gov/Archives/edgar/data/1402057/000140205718000038/,dei:EntityCommonStockSharesOutstanding 클래스 합,20
CDW,CDW,2017Q4,2017-12-29,분기말 시가총액,10591903664,USD,계산(종가×주식수),https://query1.finance.yahoo.com/v8/finance/chart/CDW?interval=1d&events=splits (2017-12-29) ; https://www.sec.gov/Archives/edgar/data/1402057/000140205718000038/,종가 69.49 × 주식수 152423423,20
CDW,CDW,2018Q1,2018-03-31,분기별 매출액,3606400000,USD,공시,https://www.sec.gov/Archives/edgar/data/1402057/000140205718000121/,,20
CDW,CDW,2018Q1,2018-03-31,분기별 영업이익,204100000,USD,공시,https://www.sec.gov/Archives/edgar/data/1402057/000140205718000121/,,20
CDW,CDW,2018Q1,2018-03-31,분기별 당기순이익(지배),127000000,USD,공시,https://www.sec.gov/Archives/edgar/data/1402057/000140205718000121/,,20
CDW,CDW,2018Q1,2018-03-31,분기별 영업활동현금흐름,222200000,USD,공시,https://www.sec.gov/Archives/edgar/data/1402057/000140205718000121/,,20
CDW,CDW,2018Q1,2018-03-31,분기말 자산총계,7027900000,USD,공시,https://www.sec.gov/Archives/edgar/data/1402057/000140205718000121/,,20
CDW,CDW,2018Q1,2018-03-31,분기말 부채총계,6031000000,USD,계산(부채및자본-총자본),https://www.sec.gov/Archives/edgar/data/1402057/000140205718000121/,부채및자본 7027900000 − 총자본 996900000,20
CDW,CDW,2018Q1,2018-03-31,분기말 총자본(자기자본),996900000,USD,공시(비지배 없음),https://www.sec.gov/Archives/edgar/data/1402057/000140205718000121/,"StockholdersEquity, MinorityInterest 태그 없음",20
CDW,CDW,2018Q1,2018-03-31,분기말 지배지분 자본,996900000,USD,공시,https://www.sec.gov/Archives/edgar/data/1402057/000140205718000121/,,20
CDW,CDW,2018Q1,2018-03-29,분기말 종가,70.31,USD,API,https://query1.finance.yahoo.com/v8/finance/chart/CDW?interval=1d&events=splits (2018-03-29),,20
CDW,CDW,2018Q1,2018-04-27,분기말 상장주식수,151759324,주,공시(표지 기준일),https://www.sec.gov/Archives/edgar/data/1402057/000140205718000121/,dei:EntityCommonStockSharesOutstanding 클래스 합,20
CDW,CDW,2018Q1,2018-03-29,분기말 시가총액,10670198070,USD,계산(종가×주식수),https://query1.finance.yahoo.com/v8/finance/chart/CDW?interval=1d&events=splits (2018-03-29) ; https://www.sec.gov/Archives/edgar/data/1402057/000140205718000121/,종가 70.31 × 주식수 151759324,20
CDW,CDW,2018Q2,2018-06-30,분기별 매출액,4186100000,USD,공시,https://www.sec.gov/Archives/edgar/data/1402057/000140205718000177/,,20
CDW,CDW,2018Q2,2018-06-30,분기별 영업이익,265500000,USD,공시,https://www.sec.gov/Archives/edgar/data/1402057/000140205718000177/,,20
CDW,CDW,2018Q2,2018-06-30,분기별 당기순이익(지배),173000000,USD,공시,https://www.sec.gov/Archives/edgar/data/1402057/000140205718000177/,,20
CDW,CDW,2018Q2,2018-06-30,분기별 영업활동현금흐름,110100000,USD,계산(누적차감),https://www.sec.gov/Archives/edgar/data/1402057/000140205718000177/ ; https://www.sec.gov/Archives/edgar/data/1402057/000140205718000121/,누적 332300000 − 직전누적 222200000 (시작 2018-01-01),20
CDW,CDW,2018Q2,2018-06-30,분기말 자산총계,7330100000,USD,공시,https://www.sec.gov/Archives/edgar/data/1402057/000140205718000177/,,20
CDW,CDW,2018Q2,2018-06-30,분기말 부채총계,6261200000,USD,계산(부채및자본-총자본),https://www.sec.gov/Archives/edgar/data/1402057/000140205718000177/,부채및자본 7330100000 − 총자본 1068900000,20
CDW,CDW,2018Q2,2018-06-30,분기말 총자본(자기자본),1068900000,USD,공시(비지배 없음),https://www.sec.gov/Archives/edgar/data/1402057/000140205718000177/,"StockholdersEquity, MinorityInterest 태그 없음",20
CDW,CDW,2018Q2,2018-06-30,분기말 지배지분 자본,1068900000,USD,공시,https://www.sec.gov/Archives/edgar/data/1402057/000140205718000177/,,20
CDW,CDW,2018Q2,2018-06-29,분기말 종가,80.79,USD,API,https://query1.finance.yahoo.com/v8/finance/chart/CDW?interval=1d&events=splits (2018-06-29),,20
CDW,CDW,2018Q2,2018-07-30,분기말 상장주식수,151364496,주,공시(표지 기준일),https://www.sec.gov/Archives/edgar/data/1402057/000140205718000177/,dei:EntityCommonStockSharesOutstanding 클래스 합,20
CDW,CDW,2018Q2,2018-06-29,분기말 시가총액,12228737632,USD,계산(종가×주식수),https://query1.finance.yahoo.com/v8/finance/chart/CDW?interval=1d&events=splits (2018-06-29) ; https://www.sec.gov/Archives/edgar/data/1402057/000140205718000177/,종가 80.79 × 주식수 151364496,20
CDW,CDW,2018Q3,2018-09-30,분기별 매출액,4373200000,USD,공시,https://www.sec.gov/Archives/edgar/data/1402057/000140205718000230/,,20
CDW,CDW,2018Q3,2018-09-30,분기별 영업이익,274800000,USD,공시,https://www.sec.gov/Archives/edgar/data/1402057/000140205718000230/,,20
CDW,CDW,2018Q3,2018-09-30,분기별 당기순이익(지배),183700000,USD,공시,https://www.sec.gov/Archives/edgar/data/1402057/000140205718000230/,,20
CDW,CDW,2018Q3,2018-09-30,분기별 영업활동현금흐름,270000000,USD,계산(누적차감),https://www.sec.gov/Archives/edgar/data/1402057/000140205718000230/ ; https://www.sec.gov/Archives/edgar/data/1402057/000140205718000177/,누적 602300000 − 직전누적 332300000 (시작 2018-01-01),20
CDW,CDW,2018Q3,2018-09-30,분기말 자산총계,7375400000,USD,공시,https://www.sec.gov/Archives/edgar/data/1402057/000140205718000230/,,20
CDW,CDW,2018Q3,2018-09-30,분기말 부채총계,6214700000,USD,계산(부채및자본-총자본),https://www.sec.gov/Archives/edgar/data/1402057/000140205718000230/,부채및자본 7375400000 − 총자본 1160700000,20
CDW,CDW,2018Q3,2018-09-30,분기말 총자본(자기자본),1160700000,USD,공시(비지배 없음),https://www.sec.gov/Archives/edgar/data/1402057/000140205718000230/,"StockholdersEquity, MinorityInterest 태그 없음",20
CDW,CDW,2018Q3,2018-09-30,분기말 지배지분 자본,1160700000,USD,공시,https://www.sec.gov/Archives/edgar/data/1402057/000140205718000230/,,20
CDW,CDW,2018Q3,2018-09-28,분기말 종가,88.92,USD,API,https://query1.finance.yahoo.com/v8/finance/chart/CDW?interval=1d&events=splits (2018-09-28),,20
CDW,CDW,2018Q3,2018-10-26,분기말 상장주식수,149984769,주,공시(표지 기준일),https://www.sec.gov/Archives/edgar/data/1402057/000140205718000230/,dei:EntityCommonStockSharesOutstanding 클래스 합,20
CDW,CDW,2018Q3,2018-09-28,분기말 시가총액,13336645659,USD,계산(종가×주식수),https://query1.finance.yahoo.com/v8/finance/chart/CDW?interval=1d&events=splits (2018-09-28) ; https://www.sec.gov/Archives/edgar/data/1402057/000140205718000230/,종가 88.92 × 주식수 149984769,20
CDW,CDW,2018Q4,2018-12-31,분기별 매출액,4074800000,USD,계산(연간-3분기누적),https://www.sec.gov/Archives/edgar/data/1402057/000140205719000046/ ; https://www.sec.gov/Archives/edgar/data/1402057/000140205718000230/,연간 16240500000 − 9개월누적 12165700000 (RevenueFromContractWithCustomerExcludingAssessedTax),20
CDW,CDW,2018Q4,2018-12-31,분기별 영업이익,242900000,USD,계산(연간-3분기누적),https://www.sec.gov/Archives/edgar/data/1402057/000140205719000046/ ; https://www.sec.gov/Archives/edgar/data/1402057/000140205718000230/,연간 987300000 − 9개월누적 744400000 (OperatingIncomeLoss),20
CDW,CDW,2018Q4,2018-12-31,분기별 당기순이익(지배),159300000,USD,계산(연간-3분기누적),https://www.sec.gov/Archives/edgar/data/1402057/000140205719000046/ ; https://www.sec.gov/Archives/edgar/data/1402057/000140205718000230/,연간 643000000 − 9개월누적 483700000 (NetIncomeLoss),20
CDW,CDW,2018Q4,2018-12-31,분기별 영업활동현금흐름,303600000,USD,계산(누적차감),https://www.sec.gov/Archives/edgar/data/1402057/000140205719000046/ ; https://www.sec.gov/Archives/edgar/data/1402057/000140205718000230/,누적 905900000 − 직전누적 602300000 (시작 2018-01-01),20
CDW,CDW,2018Q4,2018-12-31,분기말 자산총계,7167700000,USD,공시,https://www.sec.gov/Archives/edgar/data/1402057/000140205719000046/,,20
CDW,CDW,2018Q4,2018-12-31,분기말 부채총계,6192500000,USD,계산(부채및자본-총자본),https://www.sec.gov/Archives/edgar/data/1402057/000140205719000046/,부채및자본 7167700000 − 총자본 975200000,20
CDW,CDW,2018Q4,2018-12-31,분기말 총자본(자기자본),975200000,USD,공시(비지배 없음),https://www.sec.gov/Archives/edgar/data/1402057/000140205719000046/,"StockholdersEquity, MinorityInterest 태그 없음",20
CDW,CDW,2018Q4,2018-12-31,분기말 지배지분 자본,975200000,USD,공시,https://www.sec.gov/Archives/edgar/data/1402057/000140205719000046/,,20
CDW,CDW,2018Q4,2018-12-31,분기말 종가,81.05,USD,API,https://query1.finance.yahoo.com/v8/finance/chart/CDW?interval=1d&events=splits (2018-12-31),,20
CDW,CDW,2018Q4,2019-02-22,분기말 상장주식수,147059195,주,공시(표지 기준일),https://www.sec.gov/Archives/edgar/data/1402057/000140205719000046/,dei:EntityCommonStockSharesOutstanding 클래스 합,20
CDW,CDW,2018Q4,2018-12-31,분기말 시가총액,11919147755,USD,계산(종가×주식수),https://query1.finance.yahoo.com/v8/finance/chart/CDW?interval=1d&events=splits (2018-12-31) ; https://www.sec.gov/Archives/edgar/data/1402057/000140205719000046/,종가 81.05 × 주식수 147059195,20
CDW,CDW,2019Q1,2019-03-31,분기별 매출액,3957900000,USD,공시,https://www.sec.gov/Archives/edgar/data/1402057/000140205719000137/,,20
CDW,CDW,2019Q1,2019-03-31,분기별 영업이익,228900000,USD,공시,https://www.sec.gov/Archives/edgar/data/1402057/000140205719000137/,,20
CDW,CDW,2019Q1,2019-03-31,분기별 당기순이익(지배),152900000,USD,공시,https://www.sec.gov/Archives/edgar/data/1402057/000140205719000137/,,20
CDW,CDW,2019Q1,2019-03-31,분기별 영업활동현금흐름,252400000,USD,공시,https://www.sec.gov/Archives/edgar/data/1402057/000140205719000137/,,20
CDW,CDW,2019Q1,2019-03-31,분기말 자산총계,7679500000,USD,공시,https://www.sec.gov/Archives/edgar/data/1402057/000140205719000137/,,20
CDW,CDW,2019Q1,2019-03-31,분기말 부채총계,6752200000,USD,계산(부채및자본-총자본),https://www.sec.gov/Archives/edgar/data/1402057/000140205719000137/,부채및자본 7679500000 − 총자본 927300000,20
CDW,CDW,2019Q1,2019-03-31,분기말 총자본(자기자본),927300000,USD,공시(비지배 없음),https://www.sec.gov/Archives/edgar/data/1402057/000140205719000137/,"StockholdersEquity, MinorityInterest 태그 없음",20
CDW,CDW,2019Q1,2019-03-31,분기말 지배지분 자본,927300000,USD,공시,https://www.sec.gov/Archives/edgar/data/1402057/000140205719000137/,,20
CDW,CDW,2019Q1,2019-03-29,분기말 종가,96.37,USD,API,https://query1.finance.yahoo.com/v8/finance/chart/CDW?interval=1d&events=splits (2019-03-29),,20
CDW,CDW,2019Q1,2019-04-26,분기말 상장주식수,146021999,주,공시(표지 기준일),https://www.sec.gov/Archives/edgar/data/1402057/000140205719000137/,dei:EntityCommonStockSharesOutstanding 클래스 합,20
CDW,CDW,2019Q1,2019-03-29,분기말 시가총액,14072140044,USD,계산(종가×주식수),https://query1.finance.yahoo.com/v8/finance/chart/CDW?interval=1d&events=splits (2019-03-29) ; https://www.sec.gov/Archives/edgar/data/1402057/000140205719000137/,종가 96.37 × 주식수 146021999,20
CDW,CDW,2019Q2,2019-06-30,분기별 매출액,4629900000,USD,공시,https://www.sec.gov/Archives/edgar/data/1402057/000140205719000174/,,20
CDW,CDW,2019Q2,2019-06-30,분기별 영업이익,300300000,USD,공시,https://www.sec.gov/Archives/edgar/data/1402057/000140205719000174/,,20
CDW,CDW,2019Q2,2019-06-30,분기별 당기순이익(지배),196600000,USD,공시,https://www.sec.gov/Archives/edgar/data/1402057/000140205719000174/,,20
CDW,CDW,2019Q2,2019-06-30,분기별 영업활동현금흐름,162100000,USD,계산(누적차감),https://www.sec.gov/Archives/edgar/data/1402057/000140205719000174/ ; https://www.sec.gov/Archives/edgar/data/1402057/000140205719000137/,누적 414500000 − 직전누적 252400000 (시작 2019-01-01),20
CDW,CDW,2019Q2,2019-06-30,분기말 자산총계,7921900000,USD,공시,https://www.sec.gov/Archives/edgar/data/1402057/000140205719000174/,,20
CDW,CDW,2019Q2,2019-06-30,분기말 부채총계,6985800000,USD,계산(부채및자본-총자본),https://www.sec.gov/Archives/edgar/data/1402057/000140205719000174/,부채및자본 7921900000 − 총자본 936100000,20
CDW,CDW,2019Q2,2019-06-30,분기말 총자본(자기자본),936100000,USD,공시(비지배 없음),https://www.sec.gov/Archives/edgar/data/1402057/000140205719000174/,"StockholdersEquity, MinorityInterest 태그 없음",20
CDW,CDW,2019Q2,2019-06-30,분기말 지배지분 자본,936100000,USD,공시,https://www.sec.gov/Archives/edgar/data/1402057/000140205719000174/,,20
CDW,CDW,2019Q2,2019-06-28,분기말 종가,111.0,USD,API,https://query1.finance.yahoo.com/v8/finance/chart/CDW?interval=1d&events=splits (2019-06-28),,20
CDW,CDW,2019Q2,2019-07-26,분기말 상장주식수,144714566,주,공시(표지 기준일),https://www.sec.gov/Archives/edgar/data/1402057/000140205719000174/,dei:EntityCommonStockSharesOutstanding 클래스 합,20
CDW,CDW,2019Q2,2019-06-28,분기말 시가총액,16063316826,USD,계산(종가×주식수),https://query1.finance.yahoo.com/v8/finance/chart/CDW?interval=1d&events=splits (2019-06-28) ; https://www.sec.gov/Archives/edgar/data/1402057/000140205719000174/,종가 111.0 × 주식수 144714566,20
CDW,CDW,2019Q3,2019-09-30,분기별 매출액,4907700000,USD,공시,https://www.sec.gov/Archives/edgar/data/1402057/000140205719000219/,,20
CDW,CDW,2019Q3,2019-09-30,분기별 영업이익,320600000,USD,공시,https://www.sec.gov/Archives/edgar/data/1402057/000140205719000219/,,20
CDW,CDW,2019Q3,2019-09-30,분기별 당기순이익(지배),201700000,USD,공시,https://www.sec.gov/Archives/edgar/data/1402057/000140205719000219/,,20
CDW,CDW,2019Q3,2019-09-30,분기별 영업활동현금흐름,267800000,USD,계산(누적차감),https://www.sec.gov/Archives/edgar/data/1402057/000140205719000219/ ; https://www.sec.gov/Archives/edgar/data/1402057/000140205719000174/,누적 682300000 − 직전누적 414500000 (시작 2019-01-01),20
CDW,CDW,2019Q3,2019-09-30,분기말 자산총계,7703100000,USD,공시,https://www.sec.gov/Archives/edgar/data/1402057/000140205719000219/,,20
CDW,CDW,2019Q3,2019-09-30,분기말 부채총계,6768000000,USD,계산(부채및자본-총자본),https://www.sec.gov/Archives/edgar/data/1402057/000140205719000219/,부채및자본 7703100000 − 총자본 935100000,20
CDW,CDW,2019Q3,2019-09-30,분기말 총자본(자기자본),935100000,USD,공시(비지배 없음),https://www.sec.gov/Archives/edgar/data/1402057/000140205719000219/,"StockholdersEquity, MinorityInterest 태그 없음",20
CDW,CDW,2019Q3,2019-09-30,분기말 지배지분 자본,935100000,USD,공시,https://www.sec.gov/Archives/edgar/data/1402057/000140205719000219/,,20
CDW,CDW,2019Q3,2019-09-30,분기말 종가,123.24,USD,API,https://query1.finance.yahoo.com/v8/finance/chart/CDW?interval=1d&events=splits (2019-09-30),,20
CDW,CDW,2019Q3,2019-10-28,분기말 상장주식수,143680653,주,공시(표지 기준일),https://www.sec.gov/Archives/edgar/data/1402057/000140205719000219/,dei:EntityCommonStockSharesOutstanding 클래스 합,20
CDW,CDW,2019Q3,2019-09-30,분기말 시가총액,17707203676,USD,계산(종가×주식수),https://query1.finance.yahoo.com/v8/finance/chart/CDW?interval=1d&events=splits (2019-09-30) ; https://www.sec.gov/Archives/edgar/data/1402057/000140205719000219/,종가 123.24 × 주식수 143680653,20
CDW,CDW,2019Q4,2019-12-31,분기별 매출액,4536900000,USD,계산(연간-3분기누적),https://www.sec.gov/Archives/edgar/data/1402057/000140205720000042/ ; https://www.sec.gov/Archives/edgar/data/1402057/000140205719000219/,연간 18032400000 − 9개월누적 13495500000 (RevenueFromContractWithCustomerExcludingAssessedTax),20
CDW,CDW,2019Q4,2019-12-31,분기별 영업이익,283800000,USD,계산(연간-3분기누적),https://www.sec.gov/Archives/edgar/data/1402057/000140205720000042/ ; https://www.sec.gov/Archives/edgar/data/1402057/000140205719000219/,연간 1133600000 − 9개월누적 849800000 (OperatingIncomeLoss),20
CDW,CDW,2019Q4,2019-12-31,분기별 당기순이익(지배),185600000,USD,계산(연간-3분기누적),https://www.sec.gov/Archives/edgar/data/1402057/000140205720000042/ ; https://www.sec.gov/Archives/edgar/data/1402057/000140205719000219/,연간 736800000 − 9개월누적 551200000 (NetIncomeLoss),20
CDW,CDW,2019Q4,2019-12-31,분기별 영업활동현금흐름,344900000,USD,계산(누적차감),https://www.sec.gov/Archives/edgar/data/1402057/000140205720000042/ ; https://www.sec.gov/Archives/edgar/data/1402057/000140205719000219/,누적 1027200000 − 직전누적 682300000 (시작 2019-01-01),20
CDW,CDW,2019Q4,2019-12-31,분기말 자산총계,7999400000,USD,공시,https://www.sec.gov/Archives/edgar/data/1402057/000140205720000042/,,20
CDW,CDW,2019Q4,2019-12-31,분기말 부채총계,7039100000,USD,계산(부채및자본-총자본),https://www.sec.gov/Archives/edgar/data/1402057/000140205720000042/,부채및자본 7999400000 − 총자본 960300000,20
CDW,CDW,2019Q4,2019-12-31,분기말 총자본(자기자본),960300000,USD,공시(비지배 없음),https://www.sec.gov/Archives/edgar/data/1402057/000140205720000042/,"StockholdersEquity, MinorityInterest 태그 없음",20
CDW,CDW,2019Q4,2019-12-31,분기말 지배지분 자본,960300000,USD,공시,https://www.sec.gov/Archives/edgar/data/1402057/000140205720000042/,,20
CDW,CDW,2019Q4,2019-12-31,분기말 종가,142.84,USD,API,https://query1.finance.yahoo.com/v8/finance/chart/CDW?interval=1d&events=splits (2019-12-31),,20
CDW,CDW,2019Q4,2020-02-25,분기말 상장주식수,142771539,주,공시(표지 기준일),https://www.sec.gov/Archives/edgar/data/1402057/000140205720000042/,dei:EntityCommonStockSharesOutstanding 클래스 합,20
CDW,CDW,2019Q4,2019-12-31,분기말 시가총액,20393486631,USD,계산(종가×주식수),https://query1.finance.yahoo.com/v8/finance/chart/CDW?interval=1d&events=splits (2019-12-31) ; https://www.sec.gov/Archives/edgar/data/1402057/000140205720000042/,종가 142.84 × 주식수 142771539,20
CDW,CDW,2020Q1,2020-03-31,분기별 매출액,4389200000,USD,공시,https://www.sec.gov/Archives/edgar/data/1402057/000140205720000092/,,20
CDW,CDW,2020Q1,2020-03-31,분기별 영업이익,245800000,USD,공시,https://www.sec.gov/Archives/edgar/data/1402057/000140205720000092/,,20
CDW,CDW,2020Q1,2020-03-31,분기별 당기순이익(지배),167900000,USD,공시,https://www.sec.gov/Archives/edgar/data/1402057/000140205720000092/,,20
CDW,CDW,2020Q1,2020-03-31,분기별 영업활동현금흐름,223000000,USD,공시,https://www.sec.gov/Archives/edgar/data/1402057/000140205720000092/,,20
CDW,CDW,2020Q1,2020-03-31,분기말 자산총계,8222400000,USD,공시,https://www.sec.gov/Archives/edgar/data/1402057/000140205720000092/,,20
CDW,CDW,2020Q1,2020-03-31,분기말 부채총계,7332700000,USD,계산(부채및자본-총자본),https://www.sec.gov/Archives/edgar/data/1402057/000140205720000092/,부채및자본 8222400000 − 총자본 889700000,20
CDW,CDW,2020Q1,2020-03-31,분기말 총자본(자기자본),889700000,USD,공시(비지배 없음),https://www.sec.gov/Archives/edgar/data/1402057/000140205720000092/,"StockholdersEquity, MinorityInterest 태그 없음",20
CDW,CDW,2020Q1,2020-03-31,분기말 지배지분 자본,889700000,USD,공시,https://www.sec.gov/Archives/edgar/data/1402057/000140205720000092/,,20
CDW,CDW,2020Q1,2020-03-31,분기말 종가,93.27,USD,API,https://query1.finance.yahoo.com/v8/finance/chart/CDW?interval=1d&events=splits (2020-03-31),,20
CDW,CDW,2020Q1,2020-05-01,분기말 상장주식수,142318092,주,공시(표지 기준일),https://www.sec.gov/Archives/edgar/data/1402057/000140205720000092/,dei:EntityCommonStockSharesOutstanding 클래스 합,20
CDW,CDW,2020Q1,2020-03-31,분기말 시가총액,13274008441,USD,계산(종가×주식수),https://query1.finance.yahoo.com/v8/finance/chart/CDW?interval=1d&events=splits (2020-03-31) ; https://www.sec.gov/Archives/edgar/data/1402057/000140205720000092/,종가 93.27 × 주식수 142318092,20
CDW,CDW,2020Q2,2020-06-30,분기별 매출액,4365700000,USD,공시,https://www.sec.gov/Archives/edgar/data/1402057/000140205720000124/,,20
CDW,CDW,2020Q2,2020-06-30,분기별 영업이익,283400000,USD,공시,https://www.sec.gov/Archives/edgar/data/1402057/000140205720000124/,,20
CDW,CDW,2020Q2,2020-06-30,분기별 당기순이익(지배),189100000,USD,공시,https://www.sec.gov/Archives/edgar/data/1402057/000140205720000124/,,20
CDW,CDW,2020Q2,2020-06-30,분기별 영업활동현금흐름,292800000,USD,계산(누적차감),https://www.sec.gov/Archives/edgar/data/1402057/000140205720000124/ ; https://www.sec.gov/Archives/edgar/data/1402057/000140205720000092/,누적 515800000 − 직전누적 223000000 (시작 2020-01-01),20
CDW,CDW,2020Q2,2020-06-30,분기말 자산총계,8749500000,USD,공시,https://www.sec.gov/Archives/edgar/data/1402057/000140205720000124/,,20
CDW,CDW,2020Q2,2020-06-30,분기말 부채총계,7693900000,USD,계산(부채및자본-총자본),https://www.sec.gov/Archives/edgar/data/1402057/000140205720000124/,부채및자본 8749500000 − 총자본 1055600000,20
CDW,CDW,2020Q2,2020-06-30,분기말 총자본(자기자본),1055600000,USD,공시(비지배 없음),https://www.sec.gov/Archives/edgar/data/1402057/000140205720000124/,"StockholdersEquity, MinorityInterest 태그 없음",20
CDW,CDW,2020Q2,2020-06-30,분기말 지배지분 자본,1055600000,USD,공시,https://www.sec.gov/Archives/edgar/data/1402057/000140205720000124/,,20
CDW,CDW,2020Q2,2020-06-30,분기말 종가,116.18,USD,API,https://query1.finance.yahoo.com/v8/finance/chart/CDW?interval=1d&events=splits (2020-06-30),,20
CDW,CDW,2020Q2,2020-07-31,분기말 상장주식수,142669659,주,공시(표지 기준일),https://www.sec.gov/Archives/edgar/data/1402057/000140205720000124/,dei:EntityCommonStockSharesOutstanding 클래스 합,20
CDW,CDW,2020Q2,2020-06-30,분기말 시가총액,16575360983,USD,계산(종가×주식수),https://query1.finance.yahoo.com/v8/finance/chart/CDW?interval=1d&events=splits (2020-06-30) ; https://www.sec.gov/Archives/edgar/data/1402057/000140205720000124/,종가 116.18 × 주식수 142669659,20
CDW,CDW,2020Q3,2020-09-30,분기별 매출액,4756400000,USD,공시,https://www.sec.gov/Archives/edgar/data/1402057/000140205720000157/,,20
CDW,CDW,2020Q3,2020-09-30,분기별 영업이익,317800000,USD,공시,https://www.sec.gov/Archives/edgar/data/1402057/000140205720000157/,,20
CDW,CDW,2020Q3,2020-09-30,분기별 당기순이익(지배),193200000,USD,공시,https://www.sec.gov/Archives/edgar/data/1402057/000140205720000157/,,20
CDW,CDW,2020Q3,2020-09-30,분기별 영업활동현금흐름,222600000,USD,계산(누적차감),https://www.sec.gov/Archives/edgar/data/1402057/000140205720000157/ ; https://www.sec.gov/Archives/edgar/data/1402057/000140205720000124/,누적 738400000 − 직전누적 515800000 (시작 2020-01-01),20
CDW,CDW,2020Q3,2020-09-30,분기말 자산총계,9223700000,USD,공시,https://www.sec.gov/Archives/edgar/data/1402057/000140205720000157/,,20
CDW,CDW,2020Q3,2020-09-30,분기말 부채총계,7985200000,USD,계산(부채및자본-총자본),https://www.sec.gov/Archives/edgar/data/1402057/000140205720000157/,부채및자본 9223700000 − 총자본 1238500000,20
CDW,CDW,2020Q3,2020-09-30,분기말 총자본(자기자본),1238500000,USD,공시(비지배 없음),https://www.sec.gov/Archives/edgar/data/1402057/000140205720000157/,"StockholdersEquity, MinorityInterest 태그 없음",20
CDW,CDW,2020Q3,2020-09-30,분기말 지배지분 자본,1238500000,USD,공시,https://www.sec.gov/Archives/edgar/data/1402057/000140205720000157/,,20
CDW,CDW,2020Q3,2020-09-30,분기말 종가,119.53,USD,API,https://query1.finance.yahoo.com/v8/finance/chart/CDW?interval=1d&events=splits (2020-09-30),,20
CDW,CDW,2020Q3,2020-10-29,분기말 상장주식수,142988211,주,공시(표지 기준일),https://www.sec.gov/Archives/edgar/data/1402057/000140205720000157/,dei:EntityCommonStockSharesOutstanding 클래스 합,20
CDW,CDW,2020Q3,2020-09-30,분기말 시가총액,17091380861,USD,계산(종가×주식수),https://query1.finance.yahoo.com/v8/finance/chart/CDW?interval=1d&events=splits (2020-09-30) ; https://www.sec.gov/Archives/edgar/data/1402057/000140205720000157/,종가 119.53 × 주식수 142988211,20
CDW,CDW,2020Q4,2020-12-31,분기별 매출액,4956200000,USD,계산(연간-3분기누적),https://www.sec.gov/Archives/edgar/data/1402057/000140205721000022/ ; https://www.sec.gov/Archives/edgar/data/1402057/000140205720000157/,연간 18467500000 − 9개월누적 13511300000 (RevenueFromContractWithCustomerExcludingAssessedTax),20
CDW,CDW,2020Q4,2020-12-31,분기별 영업이익,332200000,USD,계산(연간-3분기누적),https://www.sec.gov/Archives/edgar/data/1402057/000140205721000022/ ; https://www.sec.gov/Archives/edgar/data/1402057/000140205720000157/,연간 1179200000 − 9개월누적 847000000 (OperatingIncomeLoss),20
CDW,CDW,2020Q4,2020-12-31,분기별 당기순이익(지배),238300000,USD,계산(연간-3분기누적),https://www.sec.gov/Archives/edgar/data/1402057/000140205721000022/ ; https://www.sec.gov/Archives/edgar/data/1402057/000140205720000157/,연간 788500000 − 9개월누적 550200000 (NetIncomeLoss),20
CDW,CDW,2020Q4,2020-12-31,분기별 영업활동현금흐름,575900000,USD,계산(누적차감),https://www.sec.gov/Archives/edgar/data/1402057/000140205721000022/ ; https://www.sec.gov/Archives/edgar/data/1402057/000140205720000157/,누적 1314300000 − 직전누적 738400000 (시작 2020-01-01),20
CDW,CDW,2020Q4,2020-12-31,분기말 자산총계,9344700000,USD,공시,https://www.sec.gov/Archives/edgar/data/1402057/000140205721000022/,,20
CDW,CDW,2020Q4,2020-12-31,분기말 부채총계,8047600000,USD,계산(부채및자본-총자본),https://www.sec.gov/Archives/edgar/data/1402057/000140205721000022/,부채및자본 9344700000 − 총자본 1297100000,20
CDW,CDW,2020Q4,2020-12-31,분기말 총자본(자기자본),1297100000,USD,공시(비지배 없음),https://www.sec.gov/Archives/edgar/data/1402057/000140205721000022/,"StockholdersEquity, MinorityInterest 태그 없음",20
CDW,CDW,2020Q4,2020-12-31,분기말 지배지분 자본,1297100000,USD,공시,https://www.sec.gov/Archives/edgar/data/1402057/000140205721000022/,,20
CDW,CDW,2020Q4,2020-12-31,분기말 종가,131.79,USD,API,https://query1.finance.yahoo.com/v8/finance/chart/CDW?interval=1d&events=splits (2020-12-31),,20
CDW,CDW,2020Q4,2021-02-23,분기말 상장주식수,140991095,주,공시(표지 기준일),https://www.sec.gov/Archives/edgar/data/1402057/000140205721000022/,dei:EntityCommonStockSharesOutstanding 클래스 합,20
CDW,CDW,2020Q4,2020-12-31,분기말 시가총액,18581216410,USD,계산(종가×주식수),https://query1.finance.yahoo.com/v8/finance/chart/CDW?interval=1d&events=splits (2020-12-31) ; https://www.sec.gov/Archives/edgar/data/1402057/000140205721000022/,종가 131.79 × 주식수 140991095,20
CDW,CDW,2021Q1,2021-03-31,분기별 매출액,4837500000,USD,공시,https://www.sec.gov/Archives/edgar/data/1402057/000140205721000073/,,20
CDW,CDW,2021Q1,2021-03-31,분기별 영업이익,323400000,USD,공시,https://www.sec.gov/Archives/edgar/data/1402057/000140205721000073/,,20
CDW,CDW,2021Q1,2021-03-31,분기별 당기순이익(지배),232600000,USD,공시,https://www.sec.gov/Archives/edgar/data/1402057/000140205721000073/,,20
CDW,CDW,2021Q1,2021-03-31,분기별 영업활동현금흐름,344600000,USD,공시,https://www.sec.gov/Archives/edgar/data/1402057/000140205721000073/,,20
CDW,CDW,2021Q1,2021-03-31,분기말 자산총계,9053500000,USD,공시,https://www.sec.gov/Archives/edgar/data/1402057/000140205721000073/,,20
CDW,CDW,2021Q1,2021-03-31,분기말 부채총계,7883200000,USD,계산(부채및자본-총자본),https://www.sec.gov/Archives/edgar/data/1402057/000140205721000073/,부채및자본 9053500000 − 총자본 1170300000,20
CDW,CDW,2021Q1,2021-03-31,분기말 총자본(자기자본),1170300000,USD,공시(비지배 없음),https://www.sec.gov/Archives/edgar/data/1402057/000140205721000073/,"StockholdersEquity, MinorityInterest 태그 없음",20
CDW,CDW,2021Q1,2021-03-31,분기말 지배지분 자본,1170300000,USD,공시,https://www.sec.gov/Archives/edgar/data/1402057/000140205721000073/,,20
CDW,CDW,2021Q1,2021-03-31,분기말 종가,165.75,USD,API,https://query1.finance.yahoo.com/v8/finance/chart/CDW?interval=1d&events=splits (2021-03-31),,20
CDW,CDW,2021Q1,2021-04-30,분기말 상장주식수,140203541,주,공시(표지 기준일),https://www.sec.gov/Archives/edgar/data/1402057/000140205721000073/,dei:EntityCommonStockSharesOutstanding 클래스 합,20
CDW,CDW,2021Q1,2021-03-31,분기말 시가총액,23238736921,USD,계산(종가×주식수),https://query1.finance.yahoo.com/v8/finance/chart/CDW?interval=1d&events=splits (2021-03-31) ; https://www.sec.gov/Archives/edgar/data/1402057/000140205721000073/,종가 165.75 × 주식수 140203541,20
CDW,CDW,2021Q2,2021-06-30,분기별 매출액,5146400000,USD,공시,https://www.sec.gov/Archives/edgar/data/1402057/000140205721000109/,,20
CDW,CDW,2021Q2,2021-06-30,분기별 영업이익,369900000,USD,공시,https://www.sec.gov/Archives/edgar/data/1402057/000140205721000109/,,20
CDW,CDW,2021Q2,2021-06-30,분기별 당기순이익(지배),274100000,USD,공시,https://www.sec.gov/Archives/edgar/data/1402057/000140205721000109/,,20
CDW,CDW,2021Q2,2021-06-30,분기별 영업활동현금흐름,300000,USD,계산(누적차감),https://www.sec.gov/Archives/edgar/data/1402057/000140205721000109/ ; https://www.sec.gov/Archives/edgar/data/1402057/000140205721000073/,누적 344900000 − 직전누적 344600000 (시작 2021-01-01),20
CDW,CDW,2021Q2,2021-06-30,분기말 자산총계,8990900000,USD,공시,https://www.sec.gov/Archives/edgar/data/1402057/000140205721000109/,,20
CDW,CDW,2021Q2,2021-06-30,분기말 부채총계,7942100000,USD,계산(부채및자본-총자본),https://www.sec.gov/Archives/edgar/data/1402057/000140205721000109/,부채및자본 8990900000 − 총자본 1048800000,20
CDW,CDW,2021Q2,2021-06-30,분기말 총자본(자기자본),1048800000,USD,공시(비지배 없음),https://www.sec.gov/Archives/edgar/data/1402057/000140205721000109/,"StockholdersEquity, MinorityInterest 태그 없음",20
CDW,CDW,2021Q2,2021-06-30,분기말 지배지분 자본,1048800000,USD,공시,https://www.sec.gov/Archives/edgar/data/1402057/000140205721000109/,,20
CDW,CDW,2021Q2,2021-06-30,분기말 종가,174.65,USD,API,https://query1.finance.yahoo.com/v8/finance/chart/CDW?interval=1d&events=splits (2021-06-30),,20
CDW,CDW,2021Q2,2021-07-30,분기말 상장주식수,137495464,주,공시(표지 기준일),https://www.sec.gov/Archives/edgar/data/1402057/000140205721000109/,dei:EntityCommonStockSharesOutstanding 클래스 합,20
CDW,CDW,2021Q2,2021-06-30,분기말 시가총액,24013582788,USD,계산(종가×주식수),https://query1.finance.yahoo.com/v8/finance/chart/CDW?interval=1d&events=splits (2021-06-30) ; https://www.sec.gov/Archives/edgar/data/1402057/000140205721000109/,종가 174.65 × 주식수 137495464,20
CDW,CDW,2021Q3,2021-09-30,분기별 매출액,5300000000,USD,공시,https://www.sec.gov/Archives/edgar/data/1402057/000140205721000153/,,20
CDW,CDW,2021Q3,2021-09-30,분기별 영업이익,386400000,USD,공시,https://www.sec.gov/Archives/edgar/data/1402057/000140205721000153/,,20
CDW,CDW,2021Q3,2021-09-30,분기별 당기순이익(지배),266600000,USD,공시,https://www.sec.gov/Archives/edgar/data/1402057/000140205721000153/,,20
CDW,CDW,2021Q3,2021-09-30,분기별 영업활동현금흐름,291800000,USD,계산(누적차감),https://www.sec.gov/Archives/edgar/data/1402057/000140205721000153/ ; https://www.sec.gov/Archives/edgar/data/1402057/000140205721000109/,누적 636700000 − 직전누적 344900000 (시작 2021-01-01),20
CDW,CDW,2021Q3,2021-09-30,분기말 자산총계,9011600000,USD,공시,https://www.sec.gov/Archives/edgar/data/1402057/000140205721000153/,,20
CDW,CDW,2021Q3,2021-09-30,분기말 부채총계,8174600000,USD,계산(부채및자본-총자본),https://www.sec.gov/Archives/edgar/data/1402057/000140205721000153/,부채및자본 9011600000 − 총자본 837000000,20
CDW,CDW,2021Q3,2021-09-30,분기말 총자본(자기자본),837000000,USD,공시(비지배 없음),https://www.sec.gov/Archives/edgar/data/1402057/000140205721000153/,"StockholdersEquity, MinorityInterest 태그 없음",20
CDW,CDW,2021Q3,2021-09-30,분기말 지배지분 자본,837000000,USD,공시,https://www.sec.gov/Archives/edgar/data/1402057/000140205721000153/,,20
CDW,CDW,2021Q3,2021-09-30,분기말 종가,182.02,USD,API,https://query1.finance.yahoo.com/v8/finance/chart/CDW?interval=1d&events=splits (2021-09-30),,20
CDW,CDW,2021Q3,2021-10-29,분기말 상장주식수,135723028,주,공시(표지 기준일),https://www.sec.gov/Archives/edgar/data/1402057/000140205721000153/,dei:EntityCommonStockSharesOutstanding 클래스 합,20
CDW,CDW,2021Q3,2021-09-30,분기말 시가총액,24704305557,USD,계산(종가×주식수),https://query1.finance.yahoo.com/v8/finance/chart/CDW?interval=1d&events=splits (2021-09-30) ; https://www.sec.gov/Archives/edgar/data/1402057/000140205721000153/,종가 182.02 × 주식수 135723028,20
CDW,CDW,2021Q4,2021-12-31,분기별 매출액,5536900000,USD,계산(연간-3분기누적),https://www.sec.gov/Archives/edgar/data/1402057/000140205722000020/ ; https://www.sec.gov/Archives/edgar/data/1402057/000140205721000153/,연간 20820800000 − 9개월누적 15283900000 (RevenueFromContractWithCustomerExcludingAssessedTax),20
CDW,CDW,2021Q4,2021-12-31,분기별 영업이익,339300000,USD,계산(연간-3분기누적),https://www.sec.gov/Archives/edgar/data/1402057/000140205722000020/ ; https://www.sec.gov/Archives/edgar/data/1402057/000140205721000153/,연간 1419000000 − 9개월누적 1079700000 (OperatingIncomeLoss),20
CDW,CDW,2021Q4,2021-12-31,분기별 당기순이익(지배),215300000,USD,계산(연간-3분기누적),https://www.sec.gov/Archives/edgar/data/1402057/000140205722000020/ ; https://www.sec.gov/Archives/edgar/data/1402057/000140205721000153/,연간 988600000 − 9개월누적 773300000 (NetIncomeLoss),20
CDW,CDW,2021Q4,2021-12-31,분기별 영업활동현금흐름,147900000,USD,계산(누적차감),https://www.sec.gov/Archives/edgar/data/1402057/000140205722000020/ ; https://www.sec.gov/Archives/edgar/data/1402057/000140205721000153/,누적 784600000 − 직전누적 636700000 (시작 2021-01-01),20
CDW,CDW,2021Q4,2021-12-31,분기말 자산총계,13199400000,USD,공시,https://www.sec.gov/Archives/edgar/data/1402057/000140205722000020/,,20
CDW,CDW,2021Q4,2021-12-31,분기말 부채총계,12493700000,USD,계산(부채및자본-총자본),https://www.sec.gov/Archives/edgar/data/1402057/000140205722000020/,부채및자본 13199400000 − 총자본 705700000,20
CDW,CDW,2021Q4,2021-12-31,분기말 총자본(자기자본),705700000,USD,공시(비지배 없음),https://www.sec.gov/Archives/edgar/data/1402057/000140205722000020/,"StockholdersEquity, MinorityInterest 태그 없음",20
CDW,CDW,2021Q4,2021-12-31,분기말 지배지분 자본,705700000,USD,공시,https://www.sec.gov/Archives/edgar/data/1402057/000140205722000020/,,20
CDW,CDW,2021Q4,2021-12-31,분기말 종가,204.78,USD,API,https://query1.finance.yahoo.com/v8/finance/chart/CDW?interval=1d&events=splits (2021-12-31),,20
CDW,CDW,2021Q4,2022-02-24,분기말 상장주식수,134944328,주,공시(표지 기준일),https://www.sec.gov/Archives/edgar/data/1402057/000140205722000020/,dei:EntityCommonStockSharesOutstanding 클래스 합,20
CDW,CDW,2021Q4,2021-12-31,분기말 시가총액,27633899488,USD,계산(종가×주식수),https://query1.finance.yahoo.com/v8/finance/chart/CDW?interval=1d&events=splits (2021-12-31) ; https://www.sec.gov/Archives/edgar/data/1402057/000140205722000020/,종가 204.78 × 주식수 134944328,20
CDW,CDW,2022Q1,2022-03-31,분기별 매출액,5949100000,USD,공시,https://www.sec.gov/Archives/edgar/data/1402057/000140205722000084/,,20
CDW,CDW,2022Q1,2022-03-31,분기별 영업이익,386900000,USD,공시,https://www.sec.gov/Archives/edgar/data/1402057/000140205722000084/,,20
CDW,CDW,2022Q1,2022-03-31,분기별 당기순이익(지배),250200000,USD,공시,https://www.sec.gov/Archives/edgar/data/1402057/000140205722000084/,,20
CDW,CDW,2022Q1,2022-03-31,분기별 영업활동현금흐름,380800000,USD,공시,https://www.sec.gov/Archives/edgar/data/1402057/000140205722000084/,,20
CDW,CDW,2022Q1,2022-03-31,분기말 자산총계,13513800000,USD,공시,https://www.sec.gov/Archives/edgar/data/1402057/000140205722000084/,,20
CDW,CDW,2022Q1,2022-03-31,분기말 부채총계,12620700000,USD,계산(부채및자본-총자본),https://www.sec.gov/Archives/edgar/data/1402057/000140205722000084/,부채및자본 13513800000 − 총자본 893100000,20
CDW,CDW,2022Q1,2022-03-31,분기말 총자본(자기자본),893100000,USD,공시(비지배 없음),https://www.sec.gov/Archives/edgar/data/1402057/000140205722000084/,"StockholdersEquity, MinorityInterest 태그 없음",20
CDW,CDW,2022Q1,2022-03-31,분기말 지배지분 자본,893100000,USD,공시,https://www.sec.gov/Archives/edgar/data/1402057/000140205722000084/,,20
CDW,CDW,2022Q1,2022-03-31,분기말 종가,178.89,USD,API,https://query1.finance.yahoo.com/v8/finance/chart/CDW?interval=1d&events=splits (2022-03-31),,20
CDW,CDW,2022Q1,2022-04-29,분기말 상장주식수,135115720,주,공시(표지 기준일),https://www.sec.gov/Archives/edgar/data/1402057/000140205722000084/,dei:EntityCommonStockSharesOutstanding 클래스 합,20
CDW,CDW,2022Q1,2022-03-31,분기말 시가총액,24170851151,USD,계산(종가×주식수),https://query1.finance.yahoo.com/v8/finance/chart/CDW?interval=1d&events=splits (2022-03-31) ; https://www.sec.gov/Archives/edgar/data/1402057/000140205722000084/,종가 178.89 × 주식수 135115720,20
CDW,CDW,2022Q2,2022-06-30,분기별 매출액,6145800000,USD,공시,https://www.sec.gov/Archives/edgar/data/1402057/000140205722000121/,,20
CDW,CDW,2022Q2,2022-06-30,분기별 영업이익,435300000,USD,공시,https://www.sec.gov/Archives/edgar/data/1402057/000140205722000121/,,20
CDW,CDW,2022Q2,2022-06-30,분기별 당기순이익(지배),279300000,USD,공시,https://www.sec.gov/Archives/edgar/data/1402057/000140205722000121/,,20
CDW,CDW,2022Q2,2022-06-30,분기별 영업활동현금흐름,380300000,USD,계산(누적차감),https://www.sec.gov/Archives/edgar/data/1402057/000140205722000121/ ; https://www.sec.gov/Archives/edgar/data/1402057/000140205722000084/,누적 761100000 − 직전누적 380800000 (시작 2022-01-01),20
CDW,CDW,2022Q2,2022-06-30,분기말 자산총계,13653100000,USD,공시,https://www.sec.gov/Archives/edgar/data/1402057/000140205722000121/,,20
CDW,CDW,2022Q2,2022-06-30,분기말 부채총계,12546900000,USD,계산(부채및자본-총자본),https://www.sec.gov/Archives/edgar/data/1402057/000140205722000121/,부채및자본 13653100000 − 총자본 1106200000,20
CDW,CDW,2022Q2,2022-06-30,분기말 총자본(자기자본),1106200000,USD,공시(비지배 없음),https://www.sec.gov/Archives/edgar/data/1402057/000140205722000121/,"StockholdersEquity, MinorityInterest 태그 없음",20
CDW,CDW,2022Q2,2022-06-30,분기말 지배지분 자본,1106200000,USD,공시,https://www.sec.gov/Archives/edgar/data/1402057/000140205722000121/,,20
CDW,CDW,2022Q2,2022-06-30,분기말 종가,157.56,USD,API,https://query1.finance.yahoo.com/v8/finance/chart/CDW?interval=1d&events=splits (2022-06-30),,20
CDW,CDW,2022Q2,2022-07-29,분기말 상장주식수,135243234,주,공시(표지 기준일),https://www.sec.gov/Archives/edgar/data/1402057/000140205722000121/,dei:EntityCommonStockSharesOutstanding 클래스 합,20
CDW,CDW,2022Q2,2022-06-30,분기말 시가총액,21308923949,USD,계산(종가×주식수),https://query1.finance.yahoo.com/v8/finance/chart/CDW?interval=1d&events=splits (2022-06-30) ; https://www.sec.gov/Archives/edgar/data/1402057/000140205722000121/,종가 157.56 × 주식수 135243234,20
CDW,CDW,2022Q3,2022-09-30,분기별 매출액,6215500000,USD,공시,https://www.sec.gov/Archives/edgar/data/1402057/000140205722000159/,,20
CDW,CDW,2022Q3,2022-09-30,분기별 영업이익,466400000,USD,공시,https://www.sec.gov/Archives/edgar/data/1402057/000140205722000159/,,20
CDW,CDW,2022Q3,2022-09-30,분기별 당기순이익(지배),297800000,USD,공시,https://www.sec.gov/Archives/edgar/data/1402057/000140205722000159/,,20
CDW,CDW,2022Q3,2022-09-30,분기별 영업활동현금흐름,332900000,USD,계산(누적차감),https://www.sec.gov/Archives/edgar/data/1402057/000140205722000159/ ; https://www.sec.gov/Archives/edgar/data/1402057/000140205722000121/,누적 1094000000 − 직전누적 761100000 (시작 2022-01-01),20
CDW,CDW,2022Q3,2022-09-30,분기말 자산총계,13475600000,USD,공시,https://www.sec.gov/Archives/edgar/data/1402057/000140205722000159/,,20
CDW,CDW,2022Q3,2022-09-30,분기말 부채총계,12149600000,USD,계산(부채및자본-총자본),https://www.sec.gov/Archives/edgar/data/1402057/000140205722000159/,부채및자본 13475600000 − 총자본 1326000000,20
CDW,CDW,2022Q3,2022-09-30,분기말 총자본(자기자본),1326000000,USD,공시(비지배 없음),https://www.sec.gov/Archives/edgar/data/1402057/000140205722000159/,"StockholdersEquity, MinorityInterest 태그 없음",20
CDW,CDW,2022Q3,2022-09-30,분기말 지배지분 자본,1326000000,USD,공시,https://www.sec.gov/Archives/edgar/data/1402057/000140205722000159/,,20
CDW,CDW,2022Q3,2022-09-30,분기말 종가,156.08,USD,API,https://query1.finance.yahoo.com/v8/finance/chart/CDW?interval=1d&events=splits (2022-09-30),,20
CDW,CDW,2022Q3,2022-10-28,분기말 상장주식수,135390982,주,공시(표지 기준일),https://www.sec.gov/Archives/edgar/data/1402057/000140205722000159/,dei:EntityCommonStockSharesOutstanding 클래스 합,20
CDW,CDW,2022Q3,2022-09-30,분기말 시가총액,21131824471,USD,계산(종가×주식수),https://query1.finance.yahoo.com/v8/finance/chart/CDW?interval=1d&events=splits (2022-09-30) ; https://www.sec.gov/Archives/edgar/data/1402057/000140205722000159/,종가 156.08 × 주식수 135390982,20
CDW,CDW,2022Q4,2022-12-31,분기별 매출액,5438300000,USD,계산(연간-3분기누적),https://www.sec.gov/Archives/edgar/data/1402057/000140205723000052/ ; https://www.sec.gov/Archives/edgar/data/1402057/000140205722000159/,연간 23748700000 − 9개월누적 18310400000 (RevenueFromContractWithCustomerExcludingAssessedTax),20
CDW,CDW,2022Q4,2022-12-31,분기별 영업이익,446600000,USD,계산(연간-3분기누적),https://www.sec.gov/Archives/edgar/data/1402057/000140205723000052/ ; https://www.sec.gov/Archives/edgar/data/1402057/000140205722000159/,연간 1735200000 − 9개월누적 1288600000 (OperatingIncomeLoss),20
CDW,CDW,2022Q4,2022-12-31,분기별 당기순이익(지배),287200000,USD,계산(연간-3분기누적),https://www.sec.gov/Archives/edgar/data/1402057/000140205723000052/ ; https://www.sec.gov/Archives/edgar/data/1402057/000140205722000159/,연간 1114500000 − 9개월누적 827300000 (NetIncomeLoss),20
CDW,CDW,2022Q4,2022-12-31,분기별 영업활동현금흐름,241900000,USD,계산(누적차감),https://www.sec.gov/Archives/edgar/data/1402057/000140205723000052/ ; https://www.sec.gov/Archives/edgar/data/1402057/000140205722000159/,누적 1335900000 − 직전누적 1094000000 (시작 2022-01-01),20
CDW,CDW,2022Q4,2022-12-31,분기말 자산총계,13131500000,USD,공시,https://www.sec.gov/Archives/edgar/data/1402057/000140205723000052/,,20
CDW,CDW,2022Q4,2022-12-31,분기말 부채총계,11528200000,USD,계산(부채및자본-총자본),https://www.sec.gov/Archives/edgar/data/1402057/000140205723000052/,부채및자본 13131500000 − 총자본 1603300000,20
CDW,CDW,2022Q4,2022-12-31,분기말 총자본(자기자본),1603300000,USD,공시(비지배 없음),https://www.sec.gov/Archives/edgar/data/1402057/000140205723000052/,"StockholdersEquity, MinorityInterest 태그 없음",20
CDW,CDW,2022Q4,2022-12-31,분기말 지배지분 자본,1603300000,USD,공시,https://www.sec.gov/Archives/edgar/data/1402057/000140205723000052/,,20
CDW,CDW,2022Q4,2022-12-30,분기말 종가,178.58,USD,API,https://query1.finance.yahoo.com/v8/finance/chart/CDW?interval=1d&events=splits (2022-12-30),,20
CDW,CDW,2022Q4,2023-02-21,분기말 상장주식수,135591556,주,공시(표지 기준일),https://www.sec.gov/Archives/edgar/data/1402057/000140205723000052/,dei:EntityCommonStockSharesOutstanding 클래스 합,20
CDW,CDW,2022Q4,2022-12-30,분기말 시가총액,24213940070,USD,계산(종가×주식수),https://query1.finance.yahoo.com/v8/finance/chart/CDW?interval=1d&events=splits (2022-12-30) ; https://www.sec.gov/Archives/edgar/data/1402057/000140205723000052/,종가 178.58 × 주식수 135591556,20
CDW,CDW,2023Q1,2023-03-31,분기별 매출액,5103100000,USD,공시,https://www.sec.gov/Archives/edgar/data/1402057/000140205723000091/,,20
CDW,CDW,2023Q1,2023-03-31,분기별 영업이익,355300000,USD,공시,https://www.sec.gov/Archives/edgar/data/1402057/000140205723000091/,,20
CDW,CDW,2023Q1,2023-03-31,분기별 당기순이익(지배),230100000,USD,공시,https://www.sec.gov/Archives/edgar/data/1402057/000140205723000091/,,20
CDW,CDW,2023Q1,2023-03-31,분기별 영업활동현금흐름,365400000,USD,공시,https://www.sec.gov/Archives/edgar/data/1402057/000140205723000091/,,20
CDW,CDW,2023Q1,2023-03-31,분기말 자산총계,12768100000,USD,공시,https://www.sec.gov/Archives/edgar/data/1402057/000140205723000091/,,20
CDW,CDW,2023Q1,2023-03-31,분기말 부채총계,11199200000,USD,계산(부채및자본-총자본),https://www.sec.gov/Archives/edgar/data/1402057/000140205723000091/,부채및자본 12768100000 − 총자본 1568900000,20
CDW,CDW,2023Q1,2023-03-31,분기말 총자본(자기자본),1568900000,USD,공시(비지배 없음),https://www.sec.gov/Archives/edgar/data/1402057/000140205723000091/,"StockholdersEquity, MinorityInterest 태그 없음",20
CDW,CDW,2023Q1,2023-03-31,분기말 지배지분 자본,1568900000,USD,공시,https://www.sec.gov/Archives/edgar/data/1402057/000140205723000091/,,20
CDW,CDW,2023Q1,2023-03-31,분기말 종가,194.89,USD,API,https://query1.finance.yahoo.com/v8/finance/chart/CDW?interval=1d&events=splits (2023-03-31),,20
CDW,CDW,2023Q1,2023-04-28,분기말 상장주식수,134786680,주,공시(표지 기준일),https://www.sec.gov/Archives/edgar/data/1402057/000140205723000091/,dei:EntityCommonStockSharesOutstanding 클래스 합,20
CDW,CDW,2023Q1,2023-03-31,분기말 시가총액,26268576065,USD,계산(종가×주식수),https://query1.finance.yahoo.com/v8/finance/chart/CDW?interval=1d&events=splits (2023-03-31) ; https://www.sec.gov/Archives/edgar/data/1402057/000140205723000091/,종가 194.89 × 주식수 134786680,20
CDW,CDW,2023Q2,2023-06-30,분기별 매출액,5626100000,USD,공시,https://www.sec.gov/Archives/edgar/data/1402057/000140205723000132/,,20
CDW,CDW,2023Q2,2023-06-30,분기별 영업이익,412200000,USD,공시,https://www.sec.gov/Archives/edgar/data/1402057/000140205723000132/,,20
CDW,CDW,2023Q2,2023-06-30,분기별 당기순이익(지배),262600000,USD,공시,https://www.sec.gov/Archives/edgar/data/1402057/000140205723000132/,,20
CDW,CDW,2023Q2,2023-06-30,분기별 영업활동현금흐름,228200000,USD,계산(누적차감),https://www.sec.gov/Archives/edgar/data/1402057/000140205723000132/ ; https://www.sec.gov/Archives/edgar/data/1402057/000140205723000091/,누적 593600000 − 직전누적 365400000 (시작 2023-01-01),20
CDW,CDW,2023Q2,2023-06-30,분기말 자산총계,12985900000,USD,공시,https://www.sec.gov/Archives/edgar/data/1402057/000140205723000132/,,20
CDW,CDW,2023Q2,2023-06-30,분기말 부채총계,11372700000,USD,계산(부채및자본-총자본),https://www.sec.gov/Archives/edgar/data/1402057/000140205723000132/,부채및자본 12985900000 − 총자본 1613200000,20
CDW,CDW,2023Q2,2023-06-30,분기말 총자본(자기자본),1613200000,USD,공시(비지배 없음),https://www.sec.gov/Archives/edgar/data/1402057/000140205723000132/,"StockholdersEquity, MinorityInterest 태그 없음",20
CDW,CDW,2023Q2,2023-06-30,분기말 지배지분 자본,1613200000,USD,공시,https://www.sec.gov/Archives/edgar/data/1402057/000140205723000132/,,20
CDW,CDW,2023Q2,2023-06-30,분기말 종가,183.5,USD,API,https://query1.finance.yahoo.com/v8/finance/chart/CDW?interval=1d&events=splits (2023-06-30),,20
CDW,CDW,2023Q2,2023-07-28,분기말 상장주식수,134047853,주,공시(표지 기준일),https://www.sec.gov/Archives/edgar/data/1402057/000140205723000132/,dei:EntityCommonStockSharesOutstanding 클래스 합,20
CDW,CDW,2023Q2,2023-06-30,분기말 시가총액,24597781026,USD,계산(종가×주식수),https://query1.finance.yahoo.com/v8/finance/chart/CDW?interval=1d&events=splits (2023-06-30) ; https://www.sec.gov/Archives/edgar/data/1402057/000140205723000132/,종가 183.5 × 주식수 134047853,20
CDW,CDW,2023Q3,2023-09-30,분기별 매출액,5628300000,USD,공시,https://www.sec.gov/Archives/edgar/data/1402057/000140205723000169/,,20
CDW,CDW,2023Q3,2023-09-30,분기별 영업이익,478400000,USD,공시,https://www.sec.gov/Archives/edgar/data/1402057/000140205723000169/,,20
CDW,CDW,2023Q3,2023-09-30,분기별 당기순이익(지배),315500000,USD,공시,https://www.sec.gov/Archives/edgar/data/1402057/000140205723000169/,,20
CDW,CDW,2023Q3,2023-09-30,분기별 영업활동현금흐름,468600000,USD,계산(누적차감),https://www.sec.gov/Archives/edgar/data/1402057/000140205723000169/ ; https://www.sec.gov/Archives/edgar/data/1402057/000140205723000132/,누적 1062200000 − 직전누적 593600000 (시작 2023-01-01),20
CDW,CDW,2023Q3,2023-09-30,분기말 자산총계,12875300000,USD,공시,https://www.sec.gov/Archives/edgar/data/1402057/000140205723000169/,,20
CDW,CDW,2023Q3,2023-09-30,분기말 부채총계,11065300000,USD,계산(부채및자본-총자본),https://www.sec.gov/Archives/edgar/data/1402057/000140205723000169/,부채및자본 12875300000 − 총자본 1810000000,20
CDW,CDW,2023Q3,2023-09-30,분기말 총자본(자기자본),1810000000,USD,공시(비지배 없음),https://www.sec.gov/Archives/edgar/data/1402057/000140205723000169/,"StockholdersEquity, MinorityInterest 태그 없음",20
CDW,CDW,2023Q3,2023-09-30,분기말 지배지분 자본,1810000000,USD,공시,https://www.sec.gov/Archives/edgar/data/1402057/000140205723000169/,,20
CDW,CDW,2023Q3,2023-09-29,분기말 종가,201.76,USD,API,https://query1.finance.yahoo.com/v8/finance/chart/CDW?interval=1d&events=splits (2023-09-29),,20
CDW,CDW,2023Q3,2023-10-27,분기말 상장주식수,133960369,주,공시(표지 기준일),https://www.sec.gov/Archives/edgar/data/1402057/000140205723000169/,dei:EntityCommonStockSharesOutstanding 클래스 합,20
CDW,CDW,2023Q3,2023-09-29,분기말 시가총액,27027844049,USD,계산(종가×주식수),https://query1.finance.yahoo.com/v8/finance/chart/CDW?interval=1d&events=splits (2023-09-29) ; https://www.sec.gov/Archives/edgar/data/1402057/000140205723000169/,종가 201.76 × 주식수 133960369,20
CDW,CDW,2023Q4,2023-12-31,분기별 매출액,5018500000,USD,계산(연간-3분기누적),https://www.sec.gov/Archives/edgar/data/1402057/000140205724000015/ ; https://www.sec.gov/Archives/edgar/data/1402057/000140205723000169/,연간 21376000000 − 9개월누적 16357500000 (RevenueFromContractWithCustomerExcludingAssessedTax),20
CDW,CDW,2023Q4,2023-12-31,분기별 영업이익,435000000,USD,계산(연간-3분기누적),https://www.sec.gov/Archives/edgar/data/1402057/000140205724000015/ ; https://www.sec.gov/Archives/edgar/data/1402057/000140205723000169/,연간 1680900000 − 9개월누적 1245900000 (OperatingIncomeLoss),20
CDW,CDW,2023Q4,2023-12-31,분기별 당기순이익(지배),296100000,USD,계산(연간-3분기누적),https://www.sec.gov/Archives/edgar/data/1402057/000140205724000015/ ; https://www.sec.gov/Archives/edgar/data/1402057/000140205723000169/,연간 1104300000 − 9개월누적 808200000 (NetIncomeLoss),20
CDW,CDW,2023Q4,2023-12-31,분기별 영업활동현금흐름,536500000,USD,계산(누적차감),https://www.sec.gov/Archives/edgar/data/1402057/000140205724000015/ ; https://www.sec.gov/Archives/edgar/data/1402057/000140205723000169/,누적 1598700000 − 직전누적 1062200000 (시작 2023-01-01),20
CDW,CDW,2023Q4,2023-12-31,분기말 자산총계,13284600000,USD,공시,https://www.sec.gov/Archives/edgar/data/1402057/000140205724000015/,,20
CDW,CDW,2023Q4,2023-12-31,분기말 부채총계,11242100000,USD,계산(부채및자본-총자본),https://www.sec.gov/Archives/edgar/data/1402057/000140205724000015/,부채및자본 13284600000 − 총자본 2042500000,20
CDW,CDW,2023Q4,2023-12-31,분기말 총자본(자기자본),2042500000,USD,공시(비지배 없음),https://www.sec.gov/Archives/edgar/data/1402057/000140205724000015/,"StockholdersEquity, MinorityInterest 태그 없음",20
CDW,CDW,2023Q4,2023-12-31,분기말 지배지분 자본,2042500000,USD,공시,https://www.sec.gov/Archives/edgar/data/1402057/000140205724000015/,,20
CDW,CDW,2023Q4,2023-12-29,분기말 종가,227.32,USD,API,https://query1.finance.yahoo.com/v8/finance/chart/CDW?interval=1d&events=splits (2023-12-29),,20
CDW,CDW,2023Q4,2024-02-20,분기말 상장주식수,134215119,주,공시(표지 기준일),https://www.sec.gov/Archives/edgar/data/1402057/000140205724000015/,dei:EntityCommonStockSharesOutstanding 클래스 합,20
CDW,CDW,2023Q4,2023-12-29,분기말 시가총액,30509780851,USD,계산(종가×주식수),https://query1.finance.yahoo.com/v8/finance/chart/CDW?interval=1d&events=splits (2023-12-29) ; https://www.sec.gov/Archives/edgar/data/1402057/000140205724000015/,종가 227.32 × 주식수 134215119,20
CDW,CDW,2024Q1,2024-03-31,분기별 매출액,4872700000,USD,공시,https://www.sec.gov/Archives/edgar/data/1402057/000140205724000088/,,20
CDW,CDW,2024Q1,2024-03-31,분기별 영업이익,328000000,USD,공시,https://www.sec.gov/Archives/edgar/data/1402057/000140205724000088/,,20
CDW,CDW,2024Q1,2024-03-31,분기별 당기순이익(지배),216100000,USD,공시,https://www.sec.gov/Archives/edgar/data/1402057/000140205724000088/,,20
CDW,CDW,2024Q1,2024-03-31,분기별 영업활동현금흐름,440000000,USD,공시,https://www.sec.gov/Archives/edgar/data/1402057/000140205724000088/,,20
CDW,CDW,2024Q1,2024-03-31,분기말 자산총계,13192800000,USD,공시,https://www.sec.gov/Archives/edgar/data/1402057/000140205724000088/,,20
CDW,CDW,2024Q1,2024-03-31,분기말 부채총계,11054100000,USD,계산(부채및자본-총자본),https://www.sec.gov/Archives/edgar/data/1402057/000140205724000088/,부채및자본 13192800000 − 총자본 2138700000,20
CDW,CDW,2024Q1,2024-03-31,분기말 총자본(자기자본),2138700000,USD,공시(비지배 없음),https://www.sec.gov/Archives/edgar/data/1402057/000140205724000088/,"StockholdersEquity, MinorityInterest 태그 없음",20
CDW,CDW,2024Q1,2024-03-31,분기말 지배지분 자본,2138700000,USD,공시,https://www.sec.gov/Archives/edgar/data/1402057/000140205724000088/,,20
CDW,CDW,2024Q1,2024-03-28,분기말 종가,255.78,USD,API,https://query1.finance.yahoo.com/v8/finance/chart/CDW?interval=1d&events=splits (2024-03-28),,20
CDW,CDW,2024Q1,2024-04-26,분기말 상장주식수,134397680,주,공시(표지 기준일),https://www.sec.gov/Archives/edgar/data/1402057/000140205724000088/,dei:EntityCommonStockSharesOutstanding 클래스 합,20
CDW,CDW,2024Q1,2024-03-28,분기말 시가총액,34376238590,USD,계산(종가×주식수),https://query1.finance.yahoo.com/v8/finance/chart/CDW?interval=1d&events=splits (2024-03-28) ; https://www.sec.gov/Archives/edgar/data/1402057/000140205724000088/,종가 255.78 × 주식수 134397680,20
CDW,CDW,2024Q2,2024-06-30,분기별 매출액,5423400000,USD,공시,https://www.sec.gov/Archives/edgar/data/1402057/000140205724000138/,,20
CDW,CDW,2024Q2,2024-06-30,분기별 영업이익,433100000,USD,공시,https://www.sec.gov/Archives/edgar/data/1402057/000140205724000138/,,20
CDW,CDW,2024Q2,2024-06-30,분기별 당기순이익(지배),281100000,USD,공시,https://www.sec.gov/Archives/edgar/data/1402057/000140205724000138/,,20
CDW,CDW,2024Q2,2024-06-30,분기별 영업활동현금흐름,149900000,USD,계산(누적차감),https://www.sec.gov/Archives/edgar/data/1402057/000140205724000138/ ; https://www.sec.gov/Archives/edgar/data/1402057/000140205724000088/,누적 589900000 − 직전누적 440000000 (시작 2024-01-01),20
CDW,CDW,2024Q2,2024-06-30,분기말 자산총계,13638700000,USD,공시,https://www.sec.gov/Archives/edgar/data/1402057/000140205724000138/,,20
CDW,CDW,2024Q2,2024-06-30,분기말 부채총계,11463800000,USD,계산(부채및자본-총자본),https://www.sec.gov/Archives/edgar/data/1402057/000140205724000138/,부채및자본 13638700000 − 총자본 2174900000,20
CDW,CDW,2024Q2,2024-06-30,분기말 총자본(자기자본),2174900000,USD,공시(비지배 없음),https://www.sec.gov/Archives/edgar/data/1402057/000140205724000138/,"StockholdersEquity, MinorityInterest 태그 없음",20
CDW,CDW,2024Q2,2024-06-30,분기말 지배지분 자본,2174900000,USD,공시,https://www.sec.gov/Archives/edgar/data/1402057/000140205724000138/,,20
CDW,CDW,2024Q2,2024-06-28,분기말 종가,223.84,USD,API,https://query1.finance.yahoo.com/v8/finance/chart/CDW?interval=1d&events=splits (2024-06-28),,20
CDW,CDW,2024Q2,2024-07-26,분기말 상장주식수,133575556,주,공시(표지 기준일),https://www.sec.gov/Archives/edgar/data/1402057/000140205724000138/,dei:EntityCommonStockSharesOutstanding 클래스 합,20
CDW,CDW,2024Q2,2024-06-28,분기말 시가총액,29899552455,USD,계산(종가×주식수),https://query1.finance.yahoo.com/v8/finance/chart/CDW?interval=1d&events=splits (2024-06-28) ; https://www.sec.gov/Archives/edgar/data/1402057/000140205724000138/,종가 223.84 × 주식수 133575556,20
CDW,CDW,2024Q3,2024-09-30,분기별 매출액,5516600000,USD,공시,https://www.sec.gov/Archives/edgar/data/1402057/000140205724000182/,,20
CDW,CDW,2024Q3,2024-09-30,분기별 영업이익,481600000,USD,공시,https://www.sec.gov/Archives/edgar/data/1402057/000140205724000182/,,20
CDW,CDW,2024Q3,2024-09-30,분기별 당기순이익(지배),316400000,USD,공시,https://www.sec.gov/Archives/edgar/data/1402057/000140205724000182/,,20
CDW,CDW,2024Q3,2024-09-30,분기별 영업활동현금흐름,342100000,USD,계산(누적차감),https://www.sec.gov/Archives/edgar/data/1402057/000140205724000182/ ; https://www.sec.gov/Archives/edgar/data/1402057/000140205724000138/,누적 932000000 − 직전누적 589900000 (시작 2024-01-01),20
CDW,CDW,2024Q3,2024-09-30,분기말 자산총계,14376700000,USD,공시,https://www.sec.gov/Archives/edgar/data/1402057/000140205724000182/,,20
CDW,CDW,2024Q3,2024-09-30,분기말 부채총계,12027400000,USD,계산(부채및자본-총자본),https://www.sec.gov/Archives/edgar/data/1402057/000140205724000182/,부채및자본 14376700000 − 총자본 2349300000,20
CDW,CDW,2024Q3,2024-09-30,분기말 총자본(자기자본),2349300000,USD,공시(비지배 없음),https://www.sec.gov/Archives/edgar/data/1402057/000140205724000182/,"StockholdersEquity, MinorityInterest 태그 없음",20
CDW,CDW,2024Q3,2024-09-30,분기말 지배지분 자본,2349300000,USD,공시,https://www.sec.gov/Archives/edgar/data/1402057/000140205724000182/,,20
CDW,CDW,2024Q3,2024-09-30,분기말 종가,226.3,USD,API,https://query1.finance.yahoo.com/v8/finance/chart/CDW?interval=1d&events=splits (2024-09-30),,20
CDW,CDW,2024Q3,2024-10-25,분기말 상장주식수,133264062,주,공시(표지 기준일),https://www.sec.gov/Archives/edgar/data/1402057/000140205724000182/,dei:EntityCommonStockSharesOutstanding 클래스 합,20
CDW,CDW,2024Q3,2024-09-30,분기말 시가총액,30157657231,USD,계산(종가×주식수),https://query1.finance.yahoo.com/v8/finance/chart/CDW?interval=1d&events=splits (2024-09-30) ; https://www.sec.gov/Archives/edgar/data/1402057/000140205724000182/,종가 226.3 × 주식수 133264062,20
CDW,CDW,2024Q4,2024-12-31,분기별 매출액,5186000000,USD,계산(연간-3분기누적),https://www.sec.gov/Archives/edgar/data/1402057/000140205725000018/ ; https://www.sec.gov/Archives/edgar/data/1402057/000140205724000182/,연간 20998700000 − 9개월누적 15812700000 (RevenueFromContractWithCustomerExcludingAssessedTax),20
CDW,CDW,2024Q4,2024-12-31,분기별 영업이익,408600000,USD,계산(연간-3분기누적),https://www.sec.gov/Archives/edgar/data/1402057/000140205725000018/ ; https://www.sec.gov/Archives/edgar/data/1402057/000140205724000182/,연간 1651300000 − 9개월누적 1242700000 (OperatingIncomeLoss),20
CDW,CDW,2024Q4,2024-12-31,분기별 당기순이익(지배),264200000,USD,계산(연간-3분기누적),https://www.sec.gov/Archives/edgar/data/1402057/000140205725000018/ ; https://www.sec.gov/Archives/edgar/data/1402057/000140205724000182/,연간 1077800000 − 9개월누적 813600000 (NetIncomeLoss),20
CDW,CDW,2024Q4,2024-12-31,분기별 영업활동현금흐름,345300000,USD,계산(누적차감),https://www.sec.gov/Archives/edgar/data/1402057/000140205725000018/ ; https://www.sec.gov/Archives/edgar/data/1402057/000140205724000182/,누적 1277300000 − 직전누적 932000000 (시작 2024-01-01),20
CDW,CDW,2024Q4,2024-12-31,분기말 자산총계,14678400000,USD,공시,https://www.sec.gov/Archives/edgar/data/1402057/000140205725000018/,,20
CDW,CDW,2024Q4,2024-12-31,분기말 부채총계,12325700000,USD,계산(부채및자본-총자본),https://www.sec.gov/Archives/edgar/data/1402057/000140205725000018/,부채및자본 14678400000 − 총자본 2352700000,20
CDW,CDW,2024Q4,2024-12-31,분기말 총자본(자기자본),2352700000,USD,공시(비지배 없음),https://www.sec.gov/Archives/edgar/data/1402057/000140205725000018/,"StockholdersEquity, MinorityInterest 태그 없음",20
CDW,CDW,2024Q4,2024-12-31,분기말 지배지분 자본,2352700000,USD,공시,https://www.sec.gov/Archives/edgar/data/1402057/000140205725000018/,,20
CDW,CDW,2024Q4,2024-12-31,분기말 종가,174.04,USD,API,https://query1.finance.yahoo.com/v8/finance/chart/CDW?interval=1d&events=splits (2024-12-31),,20
CDW,CDW,2024Q4,2025-02-18,분기말 상장주식수,132492273,주,공시(표지 기준일),https://www.sec.gov/Archives/edgar/data/1402057/000140205725000018/,dei:EntityCommonStockSharesOutstanding 클래스 합,20
CDW,CDW,2024Q4,2024-12-31,분기말 시가총액,23058955193,USD,계산(종가×주식수),https://query1.finance.yahoo.com/v8/finance/chart/CDW?interval=1d&events=splits (2024-12-31) ; https://www.sec.gov/Archives/edgar/data/1402057/000140205725000018/,종가 174.04 × 주식수 132492273,20
CDW,CDW,2025Q1,2025-03-31,분기별 매출액,5199100000,USD,공시,https://www.sec.gov/Archives/edgar/data/1402057/000140205725000096/,,20
CDW,CDW,2025Q1,2025-03-31,분기별 영업이익,361400000,USD,공시,https://www.sec.gov/Archives/edgar/data/1402057/000140205725000096/,,20
CDW,CDW,2025Q1,2025-03-31,분기별 당기순이익(지배),224900000,USD,공시,https://www.sec.gov/Archives/edgar/data/1402057/000140205725000096/,,20
CDW,CDW,2025Q1,2025-03-31,분기별 영업활동현금흐름,287200000,USD,공시,https://www.sec.gov/Archives/edgar/data/1402057/000140205725000096/,,20
CDW,CDW,2025Q1,2025-03-31,분기말 자산총계,15018500000,USD,공시,https://www.sec.gov/Archives/edgar/data/1402057/000140205725000096/,,20
CDW,CDW,2025Q1,2025-03-31,분기말 부채총계,12695400000,USD,계산(부채및자본-총자본),https://www.sec.gov/Archives/edgar/data/1402057/000140205725000096/,부채및자본 15018500000 − 총자본 2323100000,20
CDW,CDW,2025Q1,2025-03-31,분기말 총자본(자기자본),2323100000,USD,공시(비지배 없음),https://www.sec.gov/Archives/edgar/data/1402057/000140205725000096/,"StockholdersEquity, MinorityInterest 태그 없음",20
CDW,CDW,2025Q1,2025-03-31,분기말 지배지분 자본,2323100000,USD,공시,https://www.sec.gov/Archives/edgar/data/1402057/000140205725000096/,,20
CDW,CDW,2025Q1,2025-03-31,분기말 종가,160.26,USD,API,https://query1.finance.yahoo.com/v8/finance/chart/CDW?interval=1d&events=splits (2025-03-31),,20
CDW,CDW,2025Q1,2025-05-02,분기말 상장주식수,131685150,주,공시(표지 기준일),https://www.sec.gov/Archives/edgar/data/1402057/000140205725000096/,dei:EntityCommonStockSharesOutstanding 클래스 합,20
CDW,CDW,2025Q1,2025-03-31,분기말 시가총액,21103862139,USD,계산(종가×주식수),https://query1.finance.yahoo.com/v8/finance/chart/CDW?interval=1d&events=splits (2025-03-31) ; https://www.sec.gov/Archives/edgar/data/1402057/000140205725000096/,종가 160.26 × 주식수 131685150,20
CDW,CDW,2025Q2,2025-06-30,분기별 매출액,5976600000,USD,공시,https://www.sec.gov/Archives/edgar/data/1402057/000140205725000145/,,20
CDW,CDW,2025Q2,2025-06-30,분기별 영업이익,420200000,USD,공시,https://www.sec.gov/Archives/edgar/data/1402057/000140205725000145/,,20
CDW,CDW,2025Q2,2025-06-30,분기별 당기순이익(지배),271200000,USD,공시,https://www.sec.gov/Archives/edgar/data/1402057/000140205725000145/,,20
CDW,CDW,2025Q2,2025-06-30,분기별 영업활동현금흐름,155900000,USD,계산(누적차감),https://www.sec.gov/Archives/edgar/data/1402057/000140205725000145/ ; https://www.sec.gov/Archives/edgar/data/1402057/000140205725000096/,누적 443100000 − 직전누적 287200000 (시작 2025-01-01),20
CDW,CDW,2025Q2,2025-06-30,분기말 자산총계,15265700000,USD,공시,https://www.sec.gov/Archives/edgar/data/1402057/000140205725000145/,,20
CDW,CDW,2025Q2,2025-06-30,분기말 부채총계,12798500000,USD,계산(부채및자본-총자본),https://www.sec.gov/Archives/edgar/data/1402057/000140205725000145/,부채및자본 15265700000 − 총자본 2467200000,20
CDW,CDW,2025Q2,2025-06-30,분기말 총자본(자기자본),2467200000,USD,공시(비지배 없음),https://www.sec.gov/Archives/edgar/data/1402057/000140205725000145/,"StockholdersEquity, MinorityInterest 태그 없음",20
CDW,CDW,2025Q2,2025-06-30,분기말 지배지분 자본,2467200000,USD,공시,https://www.sec.gov/Archives/edgar/data/1402057/000140205725000145/,,20
CDW,CDW,2025Q2,2025-06-30,분기말 종가,178.59,USD,API,https://query1.finance.yahoo.com/v8/finance/chart/CDW?interval=1d&events=splits (2025-06-30),,20
CDW,CDW,2025Q2,2025-08-01,분기말 상장주식수,131060745,주,공시(표지 기준일),https://www.sec.gov/Archives/edgar/data/1402057/000140205725000145/,dei:EntityCommonStockSharesOutstanding 클래스 합,20
CDW,CDW,2025Q2,2025-06-30,분기말 시가총액,23406138450,USD,계산(종가×주식수),https://query1.finance.yahoo.com/v8/finance/chart/CDW?interval=1d&events=splits (2025-06-30) ; https://www.sec.gov/Archives/edgar/data/1402057/000140205725000145/,종가 178.59 × 주식수 131060745,20
CDW,CDW,2025Q3,2025-09-30,분기별 매출액,5737400000,USD,공시,https://www.sec.gov/Archives/edgar/data/1402057/000140205725000193/,,20
CDW,CDW,2025Q3,2025-09-30,분기별 영업이익,443300000,USD,공시,https://www.sec.gov/Archives/edgar/data/1402057/000140205725000193/,,20
CDW,CDW,2025Q3,2025-09-30,분기별 당기순이익(지배),291000000,USD,공시,https://www.sec.gov/Archives/edgar/data/1402057/000140205725000193/,,20
CDW,CDW,2025Q3,2025-09-30,분기별 영업활동현금흐름,328300000,USD,계산(누적차감),https://www.sec.gov/Archives/edgar/data/1402057/000140205725000193/ ; https://www.sec.gov/Archives/edgar/data/1402057/000140205725000145/,누적 771400000 − 직전누적 443100000 (시작 2025-01-01),20
CDW,CDW,2025Q3,2025-09-30,분기말 자산총계,15197600000,USD,공시,https://www.sec.gov/Archives/edgar/data/1402057/000140205725000193/,,20
CDW,CDW,2025Q3,2025-09-30,분기말 부채총계,12657900000,USD,계산(부채및자본-총자본),https://www.sec.gov/Archives/edgar/data/1402057/000140205725000193/,부채및자본 15197600000 − 총자본 2539700000,20
CDW,CDW,2025Q3,2025-09-30,분기말 총자본(자기자본),2539700000,USD,공시(비지배 없음),https://www.sec.gov/Archives/edgar/data/1402057/000140205725000193/,"StockholdersEquity, MinorityInterest 태그 없음",20
CDW,CDW,2025Q3,2025-09-30,분기말 지배지분 자본,2539700000,USD,공시,https://www.sec.gov/Archives/edgar/data/1402057/000140205725000193/,,20
CDW,CDW,2025Q3,2025-09-30,분기말 종가,159.28,USD,API,https://query1.finance.yahoo.com/v8/finance/chart/CDW?interval=1d&events=splits (2025-09-30),,20
CDW,CDW,2025Q3,2025-10-30,분기말 상장주식수,130193660,주,공시(표지 기준일),https://www.sec.gov/Archives/edgar/data/1402057/000140205725000193/,dei:EntityCommonStockSharesOutstanding 클래스 합,20
CDW,CDW,2025Q3,2025-09-30,분기말 시가총액,20737246165,USD,계산(종가×주식수),https://query1.finance.yahoo.com/v8/finance/chart/CDW?interval=1d&events=splits (2025-09-30) ; https://www.sec.gov/Archives/edgar/data/1402057/000140205725000193/,종가 159.28 × 주식수 130193660,20
CDW,CDW,2025Q4,2025-12-31,분기별 매출액,5511000000,USD,계산(연간-3분기누적),https://www.sec.gov/Archives/edgar/data/1402057/000140205726000011/ ; https://www.sec.gov/Archives/edgar/data/1402057/000140205725000193/,연간 22424100000 − 9개월누적 16913100000 (RevenueFromContractWithCustomerExcludingAssessedTax),20
CDW,CDW,2025Q4,2025-12-31,분기별 영업이익,430700000,USD,계산(연간-3분기누적),https://www.sec.gov/Archives/edgar/data/1402057/000140205726000011/ ; https://www.sec.gov/Archives/edgar/data/1402057/000140205725000193/,연간 1655600000 − 9개월누적 1224900000 (OperatingIncomeLoss),20
CDW,CDW,2025Q4,2025-12-31,분기별 당기순이익(지배),279500000,USD,계산(연간-3분기누적),https://www.sec.gov/Archives/edgar/data/1402057/000140205726000011/ ; https://www.sec.gov/Archives/edgar/data/1402057/000140205725000193/,연간 1066600000 − 9개월누적 787100000 (NetIncomeLoss),20
CDW,CDW,2025Q4,2025-12-31,분기별 영업활동현금흐름,433800000,USD,계산(누적차감),https://www.sec.gov/Archives/edgar/data/1402057/000140205726000011/ ; https://www.sec.gov/Archives/edgar/data/1402057/000140205725000193/,누적 1205200000 − 직전누적 771400000 (시작 2025-01-01),20
CDW,CDW,2025Q4,2025-12-31,분기말 자산총계,16028200000,USD,공시,https://www.sec.gov/Archives/edgar/data/1402057/000140205726000011/,,20
CDW,CDW,2025Q4,2025-12-31,분기말 부채총계,13422100000,USD,계산(부채및자본-총자본),https://www.sec.gov/Archives/edgar/data/1402057/000140205726000011/,부채및자본 16028200000 − 총자본 2606100000,20
CDW,CDW,2025Q4,2025-12-31,분기말 총자본(자기자본),2606100000,USD,공시(비지배 없음),https://www.sec.gov/Archives/edgar/data/1402057/000140205726000011/,"StockholdersEquity, MinorityInterest 태그 없음",20
CDW,CDW,2025Q4,2025-12-31,분기말 지배지분 자본,2606100000,USD,공시,https://www.sec.gov/Archives/edgar/data/1402057/000140205726000011/,,20
CDW,CDW,2025Q4,2025-12-31,분기말 종가,136.2,USD,API,https://query1.finance.yahoo.com/v8/finance/chart/CDW?interval=1d&events=splits (2025-12-31),,20
CDW,CDW,2025Q4,2026-02-17,분기말 상장주식수,128993588,주,공시(표지 기준일),https://www.sec.gov/Archives/edgar/data/1402057/000140205726000011/,dei:EntityCommonStockSharesOutstanding 클래스 합,20
CDW,CDW,2025Q4,2025-12-31,분기말 시가총액,17568926686,USD,계산(종가×주식수),https://query1.finance.yahoo.com/v8/finance/chart/CDW?interval=1d&events=splits (2025-12-31) ; https://www.sec.gov/Archives/edgar/data/1402057/000140205726000011/,종가 136.2 × 주식수 128993588,20
CDW,CDW,2026Q1,2026-03-31,분기별 매출액,5679800000,USD,공시,https://www.sec.gov/Archives/edgar/data/1402057/000140205726000025/,,20
CDW,CDW,2026Q1,2026-03-31,분기별 영업이익,376000000,USD,공시,https://www.sec.gov/Archives/edgar/data/1402057/000140205726000025/,,20
CDW,CDW,2026Q1,2026-03-31,분기별 당기순이익(지배),235400000,USD,공시,https://www.sec.gov/Archives/edgar/data/1402057/000140205726000025/,,20
CDW,CDW,2026Q1,2026-03-31,분기별 영업활동현금흐름,274800000,USD,공시,https://www.sec.gov/Archives/edgar/data/1402057/000140205726000025/,,20
CDW,CDW,2026Q1,2026-03-31,분기말 자산총계,16453400000,USD,공시,https://www.sec.gov/Archives/edgar/data/1402057/000140205726000025/,,20
CDW,CDW,2026Q1,2026-03-31,분기말 부채총계,13898000000,USD,계산(부채및자본-총자본),https://www.sec.gov/Archives/edgar/data/1402057/000140205726000025/,부채및자본 16453400000 − 총자본 2555400000,20
CDW,CDW,2026Q1,2026-03-31,분기말 총자본(자기자본),2555400000,USD,공시(비지배 없음),https://www.sec.gov/Archives/edgar/data/1402057/000140205726000025/,"StockholdersEquity, MinorityInterest 태그 없음",20
CDW,CDW,2026Q1,2026-03-31,분기말 지배지분 자본,2555400000,USD,공시,https://www.sec.gov/Archives/edgar/data/1402057/000140205726000025/,,20
CDW,CDW,2026Q1,2026-03-31,분기말 종가,121.02,USD,API,https://query1.finance.yahoo.com/v8/finance/chart/CDW?interval=1d&events=splits (2026-03-31),,20
CDW,CDW,2026Q1,2026-05-01,분기말 상장주식수,127753451,주,공시(표지 기준일),https://www.sec.gov/Archives/edgar/data/1402057/000140205726000025/,dei:EntityCommonStockSharesOutstanding 클래스 합,20
CDW,CDW,2026Q1,2026-03-31,분기말 시가총액,15460722640,USD,계산(종가×주식수),https://query1.finance.yahoo.com/v8/finance/chart/CDW?interval=1d&events=splits (2026-03-31) ; https://www.sec.gov/Archives/edgar/data/1402057/000140205726000025/,종가 121.02 × 주식수 127753451,20
CDW,CDW,2026Q2,2026-06-30,분기별 매출액,6572200000,USD,공시,https://www.sec.gov/Archives/edgar/data/1402057/000140205726000065/,,20
CDW,CDW,2026Q2,2026-06-30,분기별 영업이익,428600000,USD,공시,https://www.sec.gov/Archives/edgar/data/1402057/000140205726000065/,,20
CDW,CDW,2026Q2,2026-06-30,분기별 당기순이익(지배),274400000,USD,공시,https://www.sec.gov/Archives/edgar/data/1402057/000140205726000065/,,20
CDW,CDW,2026Q2,2026-06-30,분기별 영업활동현금흐름,-55100000,USD,계산(누적차감),https://www.sec.gov/Archives/edgar/data/1402057/000140205726000065/ ; https://www.sec.gov/Archives/edgar/data/1402057/000140205726000025/,누적 219700000 − 직전누적 274800000 (시작 2026-01-01),20
CDW,CDW,2026Q2,2026-06-30,분기말 자산총계,17254800000,USD,공시,https://www.sec.gov/Archives/edgar/data/1402057/000140205726000065/,,20
CDW,CDW,2026Q2,2026-06-30,분기말 부채총계,14812700000,USD,계산(부채및자본-총자본),https://www.sec.gov/Archives/edgar/data/1402057/000140205726000065/,부채및자본 17254800000 − 총자본 2442100000,20
CDW,CDW,2026Q2,2026-06-30,분기말 총자본(자기자본),2442100000,USD,공시(비지배 없음),https://www.sec.gov/Archives/edgar/data/1402057/000140205726000065/,"StockholdersEquity, MinorityInterest 태그 없음",20
CDW,CDW,2026Q2,2026-06-30,분기말 지배지분 자본,2442100000,USD,공시,https://www.sec.gov/Archives/edgar/data/1402057/000140205726000065/,,20
CDW,CDW,2026Q2,2026-06-30,분기말 종가,140.64,USD,API,https://query1.finance.yahoo.com/v8/finance/chart/CDW?interval=1d&events=splits (2026-06-30),,20
CDW,CDW,2026Q2,2026-07-31,분기말 상장주식수,125017426,주,공시(표지 기준일),https://www.sec.gov/Archives/edgar/data/1402057/000140205726000065/,dei:EntityCommonStockSharesOutstanding 클래스 합,20
CDW,CDW,2026Q2,2026-06-30,분기말 시가총액,17582450793,USD,계산(종가×주식수),https://query1.finance.yahoo.com/v8/finance/chart/CDW?interval=1d&events=splits (2026-06-30) ; https://www.sec.gov/Archives/edgar/data/1402057/000140205726000065/,종가 140.64 × 주식수 125017426,20
