기업,종목코드,기간,기준일,항목,값,통화,값구분,출처,검산,라운드
Copart,CPRT,2010Q1,2010-01-31,분기별 매출액,176601000,USD,공시(후속 보고서 비교기간),https://www.sec.gov/Archives/edgar/data/900075/000114544311000288/,SalesRevenueNet ; 그 분기 보고서에 연결 총계가 없어 2011-03-07 제출본의 비교기간에서 읽었다,14
Copart,CPRT,2010Q1,2010-01-31,분기별 영업이익,53232000,USD,공시(후속 보고서 비교기간),https://www.sec.gov/Archives/edgar/data/900075/000114544311000288/,OperatingIncomeLoss ; 그 분기 보고서에 연결 총계가 없어 2011-03-07 제출본의 비교기간에서 읽었다,14
Copart,CPRT,2010Q1,2010-01-31,분기별 당기순이익(지배),미확인,USD,미확인,https://www.sec.gov/Archives/edgar/data/900075/000110465910014017/,,14
Copart,CPRT,2010Q1,2010-01-31,분기별 영업활동현금흐름,미확인,USD,미확인,https://www.sec.gov/Archives/edgar/data/900075/000110465910014017/,,14
Copart,CPRT,2010Q1,2010-01-31,분기말 자산총계,미확인,USD,미확인,https://www.sec.gov/Archives/edgar/data/900075/000110465910014017/,,14
Copart,CPRT,2010Q1,2010-01-31,분기말 부채총계,미확인,USD,미확인,https://www.sec.gov/Archives/edgar/data/900075/000110465910014017/,,14
Copart,CPRT,2010Q1,2010-01-31,분기말 총자본(자기자본),미확인,USD,미확인,https://www.sec.gov/Archives/edgar/data/900075/000110465910014017/,,14
Copart,CPRT,2010Q1,2010-01-31,분기말 지배지분 자본,미확인,USD,미확인,https://www.sec.gov/Archives/edgar/data/900075/000110465910014017/,,14
Copart,CPRT,2010Q1,2010-01-29,분기말 종가,33.76,USD,API,https://query1.finance.yahoo.com/v8/finance/chart/CPRT?interval=1d&events=splits (2010-01-29),분할조정 종가 2.11 × 이후 분할계수 16,14
Copart,CPRT,2010Q1,2010-01-31,분기말 상장주식수,미확인,,미확인,SEC companyfacts·XBRL 원문 모두 dei 표지 주식수 없음,,14
Copart,CPRT,2010Q1,2010-01-31,분기말 시가총액,미확인,,미확인,SEC companyfacts·XBRL 원문 모두 dei 표지 주식수 없음,,14
Copart,CPRT,2010Q2,2010-04-30,분기별 매출액,220349000,USD,공시(후속 보고서 비교기간),https://www.sec.gov/Archives/edgar/data/900075/000114544311000569/,SalesRevenueNet ; 그 분기 보고서에 연결 총계가 없어 2011-06-09 제출본의 비교기간에서 읽었다,14
Copart,CPRT,2010Q2,2010-04-30,분기별 영업이익,72126000,USD,공시(후속 보고서 비교기간),https://www.sec.gov/Archives/edgar/data/900075/000114544311000569/,OperatingIncomeLoss ; 그 분기 보고서에 연결 총계가 없어 2011-06-09 제출본의 비교기간에서 읽었다,14
Copart,CPRT,2010Q2,2010-04-30,분기별 당기순이익(지배),미확인,USD,미확인,https://www.sec.gov/Archives/edgar/data/900075/000110465910033167/,,14
Copart,CPRT,2010Q2,2010-04-30,분기별 영업활동현금흐름,미확인,USD,미확인,https://www.sec.gov/Archives/edgar/data/900075/000110465910033167/,,14
Copart,CPRT,2010Q2,2010-04-30,분기말 자산총계,미확인,USD,미확인,https://www.sec.gov/Archives/edgar/data/900075/000110465910033167/,,14
Copart,CPRT,2010Q2,2010-04-30,분기말 부채총계,미확인,USD,미확인,https://www.sec.gov/Archives/edgar/data/900075/000110465910033167/,,14
Copart,CPRT,2010Q2,2010-04-30,분기말 총자본(자기자본),미확인,USD,미확인,https://www.sec.gov/Archives/edgar/data/900075/000110465910033167/,,14
Copart,CPRT,2010Q2,2010-04-30,분기말 지배지분 자본,미확인,USD,미확인,https://www.sec.gov/Archives/edgar/data/900075/000110465910033167/,,14
Copart,CPRT,2010Q2,2010-04-30,분기말 종가,35.69,USD,API,https://query1.finance.yahoo.com/v8/finance/chart/CPRT?interval=1d&events=splits (2010-04-30),분할조정 종가 2.2306 × 이후 분할계수 16,14
Copart,CPRT,2010Q2,2010-04-30,분기말 상장주식수,미확인,,미확인,SEC companyfacts·XBRL 원문 모두 dei 표지 주식수 없음,,14
Copart,CPRT,2010Q2,2010-04-30,분기말 시가총액,미확인,,미확인,SEC companyfacts·XBRL 원문 모두 dei 표지 주식수 없음,,14
Copart,CPRT,2010Q3,2010-07-31,분기별 매출액,190468000,USD,공시(후속 보고서 비교기간),https://www.sec.gov/Archives/edgar/data/900075/000114544311001073/,SalesRevenueNet ; 그 분기 보고서에 연결 총계가 없어 2011-10-28 제출본의 비교기간에서 읽었다,14
Copart,CPRT,2010Q3,2010-07-31,분기별 영업이익,57220000,USD,공시(후속 보고서 비교기간),https://www.sec.gov/Archives/edgar/data/900075/000114544311001073/,OperatingIncomeLoss ; 그 분기 보고서에 연결 총계가 없어 2011-10-28 제출본의 비교기간에서 읽었다,14
Copart,CPRT,2010Q3,2010-07-31,분기별 당기순이익(지배),미확인,USD,미확인,https://www.sec.gov/Archives/edgar/data/900075/000104746910008242/,,14
Copart,CPRT,2010Q3,2010-07-31,분기별 영업활동현금흐름,미확인,USD,미확인,https://www.sec.gov/Archives/edgar/data/900075/000104746910008242/,,14
Copart,CPRT,2010Q3,2010-07-31,분기말 자산총계,미확인,USD,미확인,https://www.sec.gov/Archives/edgar/data/900075/000104746910008242/,,14
Copart,CPRT,2010Q3,2010-07-31,분기말 부채총계,미확인,USD,미확인,https://www.sec.gov/Archives/edgar/data/900075/000104746910008242/,,14
Copart,CPRT,2010Q3,2010-07-31,분기말 총자본(자기자본),미확인,USD,미확인,https://www.sec.gov/Archives/edgar/data/900075/000104746910008242/,,14
Copart,CPRT,2010Q3,2010-07-31,분기말 지배지분 자본,미확인,USD,미확인,https://www.sec.gov/Archives/edgar/data/900075/000104746910008242/,,14
Copart,CPRT,2010Q3,2010-07-30,분기말 종가,36.44,USD,API,https://query1.finance.yahoo.com/v8/finance/chart/CPRT?interval=1d&events=splits (2010-07-30),분할조정 종가 2.2775 × 이후 분할계수 16,14
Copart,CPRT,2010Q3,2010-07-31,분기말 상장주식수,미확인,,미확인,SEC companyfacts·XBRL 원문 모두 dei 표지 주식수 없음,,14
Copart,CPRT,2010Q3,2010-07-31,분기말 시가총액,미확인,,미확인,SEC companyfacts·XBRL 원문 모두 dei 표지 주식수 없음,,14
Copart,CPRT,2010Q4,2010-10-31,분기별 매출액,212667000,USD,공시,https://www.sec.gov/Archives/edgar/data/900075/000114544310002795/,,14
Copart,CPRT,2010Q4,2010-10-31,분기별 영업이익,59594000,USD,공시,https://www.sec.gov/Archives/edgar/data/900075/000114544310002795/,,14
Copart,CPRT,2010Q4,2010-10-31,분기별 당기순이익(지배),37823000,USD,공시(비지배 없음),https://www.sec.gov/Archives/edgar/data/900075/000114544310002795/,,14
Copart,CPRT,2010Q4,2010-10-31,분기별 영업활동현금흐름,77538000,USD,공시,https://www.sec.gov/Archives/edgar/data/900075/000114544310002795/,,14
Copart,CPRT,2010Q4,2010-10-31,분기말 자산총계,1210147000,USD,공시,https://www.sec.gov/Archives/edgar/data/900075/000114544310002795/,,14
Copart,CPRT,2010Q4,2010-10-31,분기말 부채총계,151118000,USD,공시,https://www.sec.gov/Archives/edgar/data/900075/000114544310002795/,,14
Copart,CPRT,2010Q4,2010-10-31,분기말 총자본(자기자본),1059029000,USD,공시,https://www.sec.gov/Archives/edgar/data/900075/000114544310002795/,,14
Copart,CPRT,2010Q4,2010-10-31,분기말 지배지분 자본,1059029000,USD,공시(비지배 없음),https://www.sec.gov/Archives/edgar/data/900075/000114544310002795/,"StockholdersEquityIncludingPortionAttributableToNoncontrollingInterest, MinorityInterest 태그 없음",14
Copart,CPRT,2010Q4,2010-10-29,분기말 종가,33.86,USD,API,https://query1.finance.yahoo.com/v8/finance/chart/CPRT?interval=1d&events=splits (2010-10-29),분할조정 종가 2.1163 × 이후 분할계수 16,14
Copart,CPRT,2010Q4,2010-12-02,분기말 상장주식수,82198691,주,공시(표지 기준일),https://www.sec.gov/Archives/edgar/data/900075/000114544310002795/,dei:EntityCommonStockSharesOutstanding 클래스 합,14
Copart,CPRT,2010Q4,2010-10-29,분기말 시가총액,2783247677,USD,계산(종가×주식수),https://query1.finance.yahoo.com/v8/finance/chart/CPRT?interval=1d&events=splits (2010-10-29) ; https://www.sec.gov/Archives/edgar/data/900075/000114544310002795/,종가 33.86 × 주식수 82198691,14
Copart,CPRT,2011Q1,2011-01-31,분기별 매출액,207380000,USD,공시,https://www.sec.gov/Archives/edgar/data/900075/000114544311000288/,,14
Copart,CPRT,2011Q1,2011-01-31,분기별 영업이익,60195000,USD,공시,https://www.sec.gov/Archives/edgar/data/900075/000114544311000288/,,14
Copart,CPRT,2011Q1,2011-01-31,분기별 당기순이익(지배),37893000,USD,공시(비지배 없음),https://www.sec.gov/Archives/edgar/data/900075/000114544311000288/,,14
Copart,CPRT,2011Q1,2011-01-31,분기별 영업활동현금흐름,15785000,USD,계산(누적차감),https://www.sec.gov/Archives/edgar/data/900075/000114544311000288/ ; https://www.sec.gov/Archives/edgar/data/900075/000114544310002795/,누적 93323000 − 직전누적 77538000 (시작 2010-08-01),14
Copart,CPRT,2011Q1,2011-01-31,분기말 자산총계,1188411000,USD,공시,https://www.sec.gov/Archives/edgar/data/900075/000114544311000288/,,14
Copart,CPRT,2011Q1,2011-01-31,분기말 부채총계,547077000,USD,공시,https://www.sec.gov/Archives/edgar/data/900075/000114544311000288/,,14
Copart,CPRT,2011Q1,2011-01-31,분기말 총자본(자기자본),641334000,USD,공시,https://www.sec.gov/Archives/edgar/data/900075/000114544311000288/,,14
Copart,CPRT,2011Q1,2011-01-31,분기말 지배지분 자본,641334000,USD,공시(비지배 없음),https://www.sec.gov/Archives/edgar/data/900075/000114544311000288/,"StockholdersEquityIncludingPortionAttributableToNoncontrollingInterest, MinorityInterest 태그 없음",14
Copart,CPRT,2011Q1,2011-01-31,분기말 종가,39.25,USD,API,https://query1.finance.yahoo.com/v8/finance/chart/CPRT?interval=1d&events=splits (2011-01-31),분할조정 종가 2.4531 × 이후 분할계수 16,14
Copart,CPRT,2011Q1,2011-03-03,분기말 상장주식수,70289588,주,공시(표지 기준일),https://www.sec.gov/Archives/edgar/data/900075/000114544311000288/,dei:EntityCommonStockSharesOutstanding 클래스 합,14
Copart,CPRT,2011Q1,2011-01-31,분기말 시가총액,2758866329,USD,계산(종가×주식수),https://query1.finance.yahoo.com/v8/finance/chart/CPRT?interval=1d&events=splits (2011-01-31) ; https://www.sec.gov/Archives/edgar/data/900075/000114544311000288/,종가 39.25 × 주식수 70289588,14
Copart,CPRT,2011Q2,2011-04-30,분기별 매출액,236755000,USD,공시,https://www.sec.gov/Archives/edgar/data/900075/000114544311000569/,,14
Copart,CPRT,2011Q2,2011-04-30,분기별 영업이익,82044000,USD,공시,https://www.sec.gov/Archives/edgar/data/900075/000114544311000569/,,14
Copart,CPRT,2011Q2,2011-04-30,분기별 당기순이익(지배),50136000,USD,공시(비지배 없음),https://www.sec.gov/Archives/edgar/data/900075/000114544311000569/,,14
Copart,CPRT,2011Q2,2011-04-30,분기별 영업활동현금흐름,107327000,USD,계산(누적차감),https://www.sec.gov/Archives/edgar/data/900075/000114544311000569/ ; https://www.sec.gov/Archives/edgar/data/900075/000114544311000288/,누적 200650000 − 직전누적 93323000 (시작 2010-08-01),14
Copart,CPRT,2011Q2,2011-04-30,분기말 자산총계,1191312000,USD,공시,https://www.sec.gov/Archives/edgar/data/900075/000114544311000569/,,14
Copart,CPRT,2011Q2,2011-04-30,분기말 부채총계,544970000,USD,공시,https://www.sec.gov/Archives/edgar/data/900075/000114544311000569/,,14
Copart,CPRT,2011Q2,2011-04-30,분기말 총자본(자기자본),646342000,USD,공시,https://www.sec.gov/Archives/edgar/data/900075/000114544311000569/,,14
Copart,CPRT,2011Q2,2011-04-30,분기말 지배지분 자본,646342000,USD,공시(비지배 없음),https://www.sec.gov/Archives/edgar/data/900075/000114544311000569/,"StockholdersEquityIncludingPortionAttributableToNoncontrollingInterest, MinorityInterest 태그 없음",14
Copart,CPRT,2011Q2,2011-04-29,분기말 종가,45.38,USD,API,https://query1.finance.yahoo.com/v8/finance/chart/CPRT?interval=1d&events=splits (2011-04-29),분할조정 종가 2.8363 × 이후 분할계수 16,14
Copart,CPRT,2011Q2,2011-06-07,분기말 상장주식수,68797141,주,공시(표지 기준일),https://www.sec.gov/Archives/edgar/data/900075/000114544311000569/,dei:EntityCommonStockSharesOutstanding 클래스 합,14
Copart,CPRT,2011Q2,2011-04-29,분기말 시가총액,3122014259,USD,계산(종가×주식수),https://query1.finance.yahoo.com/v8/finance/chart/CPRT?interval=1d&events=splits (2011-04-29) ; https://www.sec.gov/Archives/edgar/data/900075/000114544311000569/,종가 45.38 × 주식수 68797141,14
Copart,CPRT,2011Q3,2011-07-31,분기별 매출액,215442000,USD,계산(연간-3분기누적),https://www.sec.gov/Archives/edgar/data/900075/000114544311001073/ ; https://www.sec.gov/Archives/edgar/data/900075/000114544311000569/,연간 872246000 − 9개월누적 656804000 (SalesRevenueNet),14
Copart,CPRT,2011Q3,2011-07-31,분기별 영업이익,63455000,USD,계산(연간-3분기누적),https://www.sec.gov/Archives/edgar/data/900075/000114544311001073/ ; https://www.sec.gov/Archives/edgar/data/900075/000114544311000569/,연간 265290000 − 9개월누적 201835000 (OperatingIncomeLoss),14
Copart,CPRT,2011Q3,2011-07-31,분기별 당기순이익(지배),40521000,USD,공시(후속 보고서 비교기간),https://www.sec.gov/Archives/edgar/data/900075/000114544312001120/,NetIncomeLoss ; 그 분기 보고서에 연결 총계가 없어 2012-10-01 제출본의 비교기간에서 읽었다,14
Copart,CPRT,2011Q3,2011-07-31,분기별 영업활동현금흐름,42282000,USD,계산(누적차감),https://www.sec.gov/Archives/edgar/data/900075/000114544311001073/ ; https://www.sec.gov/Archives/edgar/data/900075/000114544311000569/,누적 242932000 − 직전누적 200650000 (시작 2010-08-01),14
Copart,CPRT,2011Q3,2011-07-31,분기말 자산총계,1084436000,USD,공시,https://www.sec.gov/Archives/edgar/data/900075/000114544311001073/,,14
Copart,CPRT,2011Q3,2011-07-31,분기말 부채총계,529264000,USD,공시,https://www.sec.gov/Archives/edgar/data/900075/000114544311001073/,,14
Copart,CPRT,2011Q3,2011-07-31,분기말 총자본(자기자본),555172000,USD,공시(비지배 없음),https://www.sec.gov/Archives/edgar/data/900075/000114544311001073/,"StockholdersEquity, MinorityInterest 태그 없음",14
Copart,CPRT,2011Q3,2011-07-31,분기말 지배지분 자본,555172000,USD,공시,https://www.sec.gov/Archives/edgar/data/900075/000114544311001073/,,14
Copart,CPRT,2011Q3,2011-07-29,분기말 종가,43.45,USD,API,https://query1.finance.yahoo.com/v8/finance/chart/CPRT?interval=1d&events=splits (2011-07-29),분할조정 종가 2.7156 × 이후 분할계수 16,14
Copart,CPRT,2011Q3,2011-09-27,분기말 상장주식수,66030517,주,공시(표지 기준일),https://www.sec.gov/Archives/edgar/data/900075/000114544311001073/,dei:EntityCommonStockSharesOutstanding 클래스 합,14
Copart,CPRT,2011Q3,2011-07-29,분기말 시가총액,2869025964,USD,계산(종가×주식수),https://query1.finance.yahoo.com/v8/finance/chart/CPRT?interval=1d&events=splits (2011-07-29) ; https://www.sec.gov/Archives/edgar/data/900075/000114544311001073/,종가 43.45 × 주식수 66030517,14
Copart,CPRT,2011Q4,2011-10-31,분기별 매출액,225626000,USD,공시,https://www.sec.gov/Archives/edgar/data/900075/000114544311001231/,,14
Copart,CPRT,2011Q4,2011-10-31,분기별 영업이익,65376000,USD,공시,https://www.sec.gov/Archives/edgar/data/900075/000114544311001231/,,14
Copart,CPRT,2011Q4,2011-10-31,분기별 당기순이익(지배),41149000,USD,공시,https://www.sec.gov/Archives/edgar/data/900075/000114544311001231/,,14
Copart,CPRT,2011Q4,2011-10-31,분기별 영업활동현금흐름,64187000,USD,공시,https://www.sec.gov/Archives/edgar/data/900075/000114544311001231/,,14
Copart,CPRT,2011Q4,2011-10-31,분기말 자산총계,1225884000,USD,공시,https://www.sec.gov/Archives/edgar/data/900075/000114544311001231/,,14
Copart,CPRT,2011Q4,2011-10-31,분기말 부채총계,671039000,USD,공시,https://www.sec.gov/Archives/edgar/data/900075/000114544311001231/,,14
Copart,CPRT,2011Q4,2011-10-31,분기말 총자본(자기자본),554845000,USD,공시(비지배 없음),https://www.sec.gov/Archives/edgar/data/900075/000114544311001231/,"StockholdersEquity, MinorityInterest 태그 없음",14
Copart,CPRT,2011Q4,2011-10-31,분기말 지배지분 자본,554845000,USD,공시,https://www.sec.gov/Archives/edgar/data/900075/000114544311001231/,,14
Copart,CPRT,2011Q4,2011-10-31,분기말 종가,43.55,USD,API,https://query1.finance.yahoo.com/v8/finance/chart/CPRT?interval=1d&events=splits (2011-10-31),분할조정 종가 2.7219 × 이후 분할계수 16,14
Copart,CPRT,2011Q4,2011-12-06,분기말 상장주식수,65094982,주,공시(표지 기준일),https://www.sec.gov/Archives/edgar/data/900075/000114544311001231/,dei:EntityCommonStockSharesOutstanding 클래스 합,14
Copart,CPRT,2011Q4,2011-10-31,분기말 시가총액,2834886466,USD,계산(종가×주식수),https://query1.finance.yahoo.com/v8/finance/chart/CPRT?interval=1d&events=splits (2011-10-31) ; https://www.sec.gov/Archives/edgar/data/900075/000114544311001231/,종가 43.55 × 주식수 65094982,14
Copart,CPRT,2012Q1,2012-01-31,분기별 매출액,227904000,USD,공시,https://www.sec.gov/Archives/edgar/data/900075/000114544312000206/,,14
Copart,CPRT,2012Q1,2012-01-31,분기별 영업이익,63539000,USD,공시,https://www.sec.gov/Archives/edgar/data/900075/000114544312000206/,,14
Copart,CPRT,2012Q1,2012-01-31,분기별 당기순이익(지배),40603000,USD,공시,https://www.sec.gov/Archives/edgar/data/900075/000114544312000206/,,14
Copart,CPRT,2012Q1,2012-01-31,분기별 영업활동현금흐름,26161000,USD,계산(누적차감),https://www.sec.gov/Archives/edgar/data/900075/000114544312000206/ ; https://www.sec.gov/Archives/edgar/data/900075/000114544311001231/,누적 90348000 − 직전누적 64187000 (시작 2011-08-01),14
Copart,CPRT,2012Q1,2012-01-31,분기말 자산총계,1139658000,USD,공시,https://www.sec.gov/Archives/edgar/data/900075/000114544312000206/,,14
Copart,CPRT,2012Q1,2012-01-31,분기말 부채총계,632286000,USD,공시,https://www.sec.gov/Archives/edgar/data/900075/000114544312000206/,,14
Copart,CPRT,2012Q1,2012-01-31,분기말 총자본(자기자본),507372000,USD,공시(비지배 없음),https://www.sec.gov/Archives/edgar/data/900075/000114544312000206/,"StockholdersEquity, MinorityInterest 태그 없음",14
Copart,CPRT,2012Q1,2012-01-31,분기말 지배지분 자본,507372000,USD,공시,https://www.sec.gov/Archives/edgar/data/900075/000114544312000206/,,14
Copart,CPRT,2012Q1,2012-01-31,분기말 종가,47.04,USD,API,https://query1.finance.yahoo.com/v8/finance/chart/CPRT?interval=1d&events=splits (2012-01-31),분할조정 종가 2.94 × 이후 분할계수 16,14
Copart,CPRT,2012Q1,2012-03-08,분기말 상장주식수,63307176,주,공시(표지 기준일),https://www.sec.gov/Archives/edgar/data/900075/000114544312000206/,dei:EntityCommonStockSharesOutstanding 클래스 합,14
Copart,CPRT,2012Q1,2012-01-31,분기말 시가총액,2977969559,USD,계산(종가×주식수),https://query1.finance.yahoo.com/v8/finance/chart/CPRT?interval=1d&events=splits (2012-01-31) ; https://www.sec.gov/Archives/edgar/data/900075/000114544312000206/,종가 47.04 × 주식수 63307176,14
Copart,CPRT,2012Q2,2012-04-30,분기별 매출액,244105000,USD,공시,https://www.sec.gov/Archives/edgar/data/900075/000114544312000801/,,14
Copart,CPRT,2012Q2,2012-04-30,분기별 영업이익,87944000,USD,공시,https://www.sec.gov/Archives/edgar/data/900075/000114544312000801/,,14
Copart,CPRT,2012Q2,2012-04-30,분기별 당기순이익(지배),55471000,USD,공시,https://www.sec.gov/Archives/edgar/data/900075/000114544312000801/,,14
Copart,CPRT,2012Q2,2012-04-30,분기별 영업활동현금흐름,106603000,USD,계산(누적차감),https://www.sec.gov/Archives/edgar/data/900075/000114544312000801/ ; https://www.sec.gov/Archives/edgar/data/900075/000114544312000206/,누적 196951000 − 직전누적 90348000 (시작 2011-08-01),14
Copart,CPRT,2012Q2,2012-04-30,분기말 자산총계,1204763000,USD,공시,https://www.sec.gov/Archives/edgar/data/900075/000114544312000801/,,14
Copart,CPRT,2012Q2,2012-04-30,분기말 부채총계,626031000,USD,공시,https://www.sec.gov/Archives/edgar/data/900075/000114544312000801/,,14
Copart,CPRT,2012Q2,2012-04-30,분기말 총자본(자기자본),578732000,USD,공시(비지배 없음),https://www.sec.gov/Archives/edgar/data/900075/000114544312000801/,"StockholdersEquity, MinorityInterest 태그 없음",14
Copart,CPRT,2012Q2,2012-04-30,분기말 지배지분 자본,578732000,USD,공시,https://www.sec.gov/Archives/edgar/data/900075/000114544312000801/,,14
Copart,CPRT,2012Q2,2012-04-30,분기말 종가,26.41,USD,API,https://query1.finance.yahoo.com/v8/finance/chart/CPRT?interval=1d&events=splits (2012-04-30),분할조정 종가 3.3012 × 이후 분할계수 8,14
Copart,CPRT,2012Q2,2012-06-07,분기말 상장주식수,127166914,주,공시(표지 기준일),https://www.sec.gov/Archives/edgar/data/900075/000114544312000801/,dei:EntityCommonStockSharesOutstanding 클래스 합,14
Copart,CPRT,2012Q2,2012-04-30,분기말 시가총액,3358478199,USD,계산(종가×주식수),https://query1.finance.yahoo.com/v8/finance/chart/CPRT?interval=1d&events=splits (2012-04-30) ; https://www.sec.gov/Archives/edgar/data/900075/000114544312000801/,종가 26.41 × 주식수 127166914,14
Copart,CPRT,2012Q3,2012-07-31,분기별 매출액,226556000,USD,계산(연간-3분기누적),https://www.sec.gov/Archives/edgar/data/900075/000114544312001120/ ; https://www.sec.gov/Archives/edgar/data/900075/000114544312000801/,연간 924191000 − 9개월누적 697635000 (SalesRevenueNet),14
Copart,CPRT,2012Q3,2012-07-31,분기별 영업이익,69494000,USD,계산(연간-3분기누적),https://www.sec.gov/Archives/edgar/data/900075/000114544312001120/ ; https://www.sec.gov/Archives/edgar/data/900075/000114544312000801/,연간 286353000 − 9개월누적 216859000 (OperatingIncomeLoss),14
Copart,CPRT,2012Q3,2012-07-31,분기별 당기순이익(지배),44896000,USD,계산(연간-3분기누적),https://www.sec.gov/Archives/edgar/data/900075/000114544312001120/ ; https://www.sec.gov/Archives/edgar/data/900075/000114544312000801/,연간 182119000 − 9개월누적 137223000 (NetIncomeLoss),14
Copart,CPRT,2012Q3,2012-07-31,분기별 영업활동현금흐름,32722000,USD,계산(누적차감),https://www.sec.gov/Archives/edgar/data/900075/000114544312001120/ ; https://www.sec.gov/Archives/edgar/data/900075/000114544312000801/,누적 229673000 − 직전누적 196951000 (시작 2011-08-01),14
Copart,CPRT,2012Q3,2012-07-31,분기말 자산총계,1154000000,USD,공시(재작성 반영),https://www.sec.gov/Archives/edgar/data/900075/000114544313001938/,원 공시 1155066000 (https://www.sec.gov/Archives/edgar/data/900075/000114544312001120/),14
Copart,CPRT,2012Q3,2012-07-31,분기말 부채총계,592883000,USD,공시(재작성 반영),https://www.sec.gov/Archives/edgar/data/900075/000114544313001938/,원 공시 593949000 (https://www.sec.gov/Archives/edgar/data/900075/000114544312001120/),14
Copart,CPRT,2012Q3,2012-07-31,분기말 총자본(자기자본),561117000,USD,공시(비지배 없음),https://www.sec.gov/Archives/edgar/data/900075/000114544312001120/,"StockholdersEquity, MinorityInterest 태그 없음",14
Copart,CPRT,2012Q3,2012-07-31,분기말 지배지분 자본,561117000,USD,공시,https://www.sec.gov/Archives/edgar/data/900075/000114544312001120/,,14
Copart,CPRT,2012Q3,2012-07-31,분기말 종가,23.76,USD,API,https://query1.finance.yahoo.com/v8/finance/chart/CPRT?interval=1d&events=splits (2012-07-31),분할조정 종가 2.97 × 이후 분할계수 8,14
Copart,CPRT,2012Q3,2012-09-28,분기말 상장주식수,124093869,주,공시(표지 기준일),https://www.sec.gov/Archives/edgar/data/900075/000114544312001120/,dei:EntityCommonStockSharesOutstanding 클래스 합,14
Copart,CPRT,2012Q3,2012-07-31,분기말 시가총액,2948470327,USD,계산(종가×주식수),https://query1.finance.yahoo.com/v8/finance/chart/CPRT?interval=1d&events=splits (2012-07-31) ; https://www.sec.gov/Archives/edgar/data/900075/000114544312001120/,종가 23.76 × 주식수 124093869,14
Copart,CPRT,2012Q4,2012-10-31,분기별 매출액,238866000,USD,공시,https://www.sec.gov/Archives/edgar/data/900075/000114544312001396/,,14
Copart,CPRT,2012Q4,2012-10-31,분기별 영업이익,74357000,USD,공시,https://www.sec.gov/Archives/edgar/data/900075/000114544312001396/,,14
Copart,CPRT,2012Q4,2012-10-31,분기별 당기순이익(지배),45845000,USD,공시,https://www.sec.gov/Archives/edgar/data/900075/000114544312001396/,,14
Copart,CPRT,2012Q4,2012-10-31,분기별 영업활동현금흐름,75315000,USD,공시,https://www.sec.gov/Archives/edgar/data/900075/000114544312001396/,,14
Copart,CPRT,2012Q4,2012-10-31,분기말 자산총계,1214526000,USD,공시,https://www.sec.gov/Archives/edgar/data/900075/000114544312001396/,,14
Copart,CPRT,2012Q4,2012-10-31,분기말 부채총계,605655000,USD,공시,https://www.sec.gov/Archives/edgar/data/900075/000114544312001396/,,14
Copart,CPRT,2012Q4,2012-10-31,분기말 총자본(자기자본),608871000,USD,공시(비지배 없음),https://www.sec.gov/Archives/edgar/data/900075/000114544312001396/,"StockholdersEquity, MinorityInterest 태그 없음",14
Copart,CPRT,2012Q4,2012-10-31,분기말 지배지분 자본,608871000,USD,공시,https://www.sec.gov/Archives/edgar/data/900075/000114544312001396/,,14
Copart,CPRT,2012Q4,2012-10-31,분기말 종가,28.79,USD,API,https://query1.finance.yahoo.com/v8/finance/chart/CPRT?interval=1d&events=splits (2012-10-31),분할조정 종가 3.5988 × 이후 분할계수 8,14
Copart,CPRT,2012Q4,2012-12-07,분기말 상장주식수,124773158,주,공시(표지 기준일),https://www.sec.gov/Archives/edgar/data/900075/000114544312001396/,dei:EntityCommonStockSharesOutstanding 클래스 합,14
Copart,CPRT,2012Q4,2012-10-31,분기말 시가총액,3592219219,USD,계산(종가×주식수),https://query1.finance.yahoo.com/v8/finance/chart/CPRT?interval=1d&events=splits (2012-10-31) ; https://www.sec.gov/Archives/edgar/data/900075/000114544312001396/,종가 28.79 × 주식수 124773158,14
Copart,CPRT,2013Q1,2013-01-31,분기별 매출액,266185000,USD,공시,https://www.sec.gov/Archives/edgar/data/900075/000114544313000805/,,14
Copart,CPRT,2013Q1,2013-01-31,분기별 영업이익,62770000,USD,공시,https://www.sec.gov/Archives/edgar/data/900075/000114544313000805/,,14
Copart,CPRT,2013Q1,2013-01-31,분기별 당기순이익(지배),39640000,USD,공시,https://www.sec.gov/Archives/edgar/data/900075/000114544313000805/,,14
Copart,CPRT,2013Q1,2013-01-31,분기별 영업활동현금흐름,-22225000,USD,계산(누적차감),https://www.sec.gov/Archives/edgar/data/900075/000114544313000805/ ; https://www.sec.gov/Archives/edgar/data/900075/000114544312001396/,누적 53090000 − 직전누적 75315000 (시작 2012-08-01),14
Copart,CPRT,2013Q1,2013-01-31,분기말 자산총계,1253946000,USD,공시,https://www.sec.gov/Archives/edgar/data/900075/000114544313000805/,,14
Copart,CPRT,2013Q1,2013-01-31,분기말 부채총계,586443000,USD,공시,https://www.sec.gov/Archives/edgar/data/900075/000114544313000805/,,14
Copart,CPRT,2013Q1,2013-01-31,분기말 총자본(자기자본),667503000,USD,공시(비지배 없음),https://www.sec.gov/Archives/edgar/data/900075/000114544313000805/,"StockholdersEquity, MinorityInterest 태그 없음",14
Copart,CPRT,2013Q1,2013-01-31,분기말 지배지분 자본,667503000,USD,공시,https://www.sec.gov/Archives/edgar/data/900075/000114544313000805/,,14
Copart,CPRT,2013Q1,2013-01-31,분기말 종가,35.91,USD,API,https://query1.finance.yahoo.com/v8/finance/chart/CPRT?interval=1d&events=splits (2013-01-31),분할조정 종가 4.4887 × 이후 분할계수 8,14
Copart,CPRT,2013Q1,2013-03-12,분기말 상장주식수,125385122,주,공시(표지 기준일),https://www.sec.gov/Archives/edgar/data/900075/000114544313000805/,dei:EntityCommonStockSharesOutstanding 클래스 합,14
Copart,CPRT,2013Q1,2013-01-31,분기말 시가총액,4502579731,USD,계산(종가×주식수),https://query1.finance.yahoo.com/v8/finance/chart/CPRT?interval=1d&events=splits (2013-01-31) ; https://www.sec.gov/Archives/edgar/data/900075/000114544313000805/,종가 35.91 × 주식수 125385122,14
Copart,CPRT,2013Q2,2013-04-30,분기별 매출액,277638000,USD,공시,https://www.sec.gov/Archives/edgar/data/900075/000114544313001371/,,14
Copart,CPRT,2013Q2,2013-04-30,분기별 영업이익,82813000,USD,공시,https://www.sec.gov/Archives/edgar/data/900075/000114544313001371/,,14
Copart,CPRT,2013Q2,2013-04-30,분기별 당기순이익(지배),53236000,USD,공시,https://www.sec.gov/Archives/edgar/data/900075/000114544313001371/,,14
Copart,CPRT,2013Q2,2013-04-30,분기별 영업활동현금흐름,129913000,USD,계산(누적차감),https://www.sec.gov/Archives/edgar/data/900075/000114544313001371/ ; https://www.sec.gov/Archives/edgar/data/900075/000114544313000805/,누적 183003000 − 직전누적 53090000 (시작 2012-08-01),14
Copart,CPRT,2013Q2,2013-04-30,분기말 자산총계,1298682000,USD,공시,https://www.sec.gov/Archives/edgar/data/900075/000114544313001371/,,14
Copart,CPRT,2013Q2,2013-04-30,분기말 부채총계,574288000,USD,공시,https://www.sec.gov/Archives/edgar/data/900075/000114544313001371/,,14
Copart,CPRT,2013Q2,2013-04-30,분기말 총자본(자기자본),724394000,USD,공시(비지배 없음),https://www.sec.gov/Archives/edgar/data/900075/000114544313001371/,"StockholdersEquity, MinorityInterest 태그 없음",14
Copart,CPRT,2013Q2,2013-04-30,분기말 지배지분 자본,724394000,USD,공시,https://www.sec.gov/Archives/edgar/data/900075/000114544313001371/,,14
Copart,CPRT,2013Q2,2013-04-30,분기말 종가,35.25,USD,API,https://query1.finance.yahoo.com/v8/finance/chart/CPRT?interval=1d&events=splits (2013-04-30),분할조정 종가 4.4062 × 이후 분할계수 8,14
Copart,CPRT,2013Q2,2013-06-03,분기말 상장주식수,125443625,주,공시(표지 기준일),https://www.sec.gov/Archives/edgar/data/900075/000114544313001371/,dei:EntityCommonStockSharesOutstanding 클래스 합,14
Copart,CPRT,2013Q2,2013-04-30,분기말 시가총액,4421887781,USD,계산(종가×주식수),https://query1.finance.yahoo.com/v8/finance/chart/CPRT?interval=1d&events=splits (2013-04-30) ; https://www.sec.gov/Archives/edgar/data/900075/000114544313001371/,종가 35.25 × 주식수 125443625,14
Copart,CPRT,2013Q3,2013-07-31,분기별 매출액,263697000,USD,계산(연간-3분기누적),https://www.sec.gov/Archives/edgar/data/900075/000114544313001938/ ; https://www.sec.gov/Archives/edgar/data/900075/000114544313001371/,연간 1046386000 − 9개월누적 782689000 (SalesRevenueNet),14
Copart,CPRT,2013Q3,2013-07-31,분기별 영업이익,63052000,USD,계산(연간-3분기누적),https://www.sec.gov/Archives/edgar/data/900075/000114544313001938/ ; https://www.sec.gov/Archives/edgar/data/900075/000114544313001371/,연간 282992000 − 9개월누적 219940000 (OperatingIncomeLoss),14
Copart,CPRT,2013Q3,2013-07-31,분기별 당기순이익(지배),41304000,USD,계산(연간-3분기누적),https://www.sec.gov/Archives/edgar/data/900075/000114544313001938/ ; https://www.sec.gov/Archives/edgar/data/900075/000114544313001371/,연간 180025000 − 9개월누적 138721000 (NetIncomeLoss),14
Copart,CPRT,2013Q3,2013-07-31,분기별 영업활동현금흐름,16323000,USD,계산(누적차감),https://www.sec.gov/Archives/edgar/data/900075/000114544313001938/ ; https://www.sec.gov/Archives/edgar/data/900075/000114544313001371/,누적 199326000 − 직전누적 183003000 (시작 2012-08-01),14
Copart,CPRT,2013Q3,2013-07-31,분기말 자산총계,1334481000,USD,공시,https://www.sec.gov/Archives/edgar/data/900075/000114544313001938/,,14
Copart,CPRT,2013Q3,2013-07-31,분기말 부채총계,572080000,USD,공시,https://www.sec.gov/Archives/edgar/data/900075/000114544313001938/,,14
Copart,CPRT,2013Q3,2013-07-31,분기말 총자본(자기자본),762401000,USD,공시(비지배 없음),https://www.sec.gov/Archives/edgar/data/900075/000114544313001938/,"StockholdersEquity, MinorityInterest 태그 없음",14
Copart,CPRT,2013Q3,2013-07-31,분기말 지배지분 자본,762401000,USD,공시,https://www.sec.gov/Archives/edgar/data/900075/000114544313001938/,,14
Copart,CPRT,2013Q3,2013-07-31,분기말 종가,32.51,USD,API,https://query1.finance.yahoo.com/v8/finance/chart/CPRT?interval=1d&events=splits (2013-07-31),분할조정 종가 4.0637 × 이후 분할계수 8,14
Copart,CPRT,2013Q3,2013-09-30,분기말 상장주식수,125515179,주,공시(표지 기준일),https://www.sec.gov/Archives/edgar/data/900075/000114544313001938/,dei:EntityCommonStockSharesOutstanding 클래스 합,14
Copart,CPRT,2013Q3,2013-07-31,분기말 시가총액,4080498469,USD,계산(종가×주식수),https://query1.finance.yahoo.com/v8/finance/chart/CPRT?interval=1d&events=splits (2013-07-31) ; https://www.sec.gov/Archives/edgar/data/900075/000114544313001938/,종가 32.51 × 주식수 125515179,14
Copart,CPRT,2013Q4,2013-10-31,분기별 매출액,279883000,USD,공시,https://www.sec.gov/Archives/edgar/data/900075/000114544313002257/,,14
Copart,CPRT,2013Q4,2013-10-31,분기별 영업이익,64959000,USD,공시,https://www.sec.gov/Archives/edgar/data/900075/000114544313002257/,,14
Copart,CPRT,2013Q4,2013-10-31,분기별 당기순이익(지배),41422000,USD,공시,https://www.sec.gov/Archives/edgar/data/900075/000114544313002257/,,14
Copart,CPRT,2013Q4,2013-10-31,분기별 영업활동현금흐름,67715000,USD,공시,https://www.sec.gov/Archives/edgar/data/900075/000114544313002257/,,14
Copart,CPRT,2013Q4,2013-10-31,분기말 자산총계,1397388000,USD,공시,https://www.sec.gov/Archives/edgar/data/900075/000114544313002257/,,14
Copart,CPRT,2013Q4,2013-10-31,분기말 부채총계,574741000,USD,공시,https://www.sec.gov/Archives/edgar/data/900075/000114544313002257/,,14
Copart,CPRT,2013Q4,2013-10-31,분기말 총자본(자기자본),822647000,USD,공시(비지배 없음),https://www.sec.gov/Archives/edgar/data/900075/000114544313002257/,"StockholdersEquity, MinorityInterest 태그 없음",14
Copart,CPRT,2013Q4,2013-10-31,분기말 지배지분 자본,822647000,USD,공시,https://www.sec.gov/Archives/edgar/data/900075/000114544313002257/,,14
Copart,CPRT,2013Q4,2013-10-31,분기말 종가,32.23,USD,API,https://query1.finance.yahoo.com/v8/finance/chart/CPRT?interval=1d&events=splits (2013-10-31),분할조정 종가 4.0287 × 이후 분할계수 8,14
Copart,CPRT,2013Q4,2013-12-10,분기말 상장주식수,125556302,주,공시(표지 기준일),https://www.sec.gov/Archives/edgar/data/900075/000114544313002257/,dei:EntityCommonStockSharesOutstanding 클래스 합,14
Copart,CPRT,2013Q4,2013-10-31,분기말 시가총액,4046679613,USD,계산(종가×주식수),https://query1.finance.yahoo.com/v8/finance/chart/CPRT?interval=1d&events=splits (2013-10-31) ; https://www.sec.gov/Archives/edgar/data/900075/000114544313002257/,종가 32.23 × 주식수 125556302,14
Copart,CPRT,2014Q1,2014-01-31,분기별 매출액,286434000,USD,공시,https://www.sec.gov/Archives/edgar/data/900075/000114544314000288/,,14
Copart,CPRT,2014Q1,2014-01-31,분기별 영업이익,71484000,USD,공시,https://www.sec.gov/Archives/edgar/data/900075/000114544314000288/,,14
Copart,CPRT,2014Q1,2014-01-31,분기별 당기순이익(지배),45345000,USD,공시,https://www.sec.gov/Archives/edgar/data/900075/000114544314000288/,,14
Copart,CPRT,2014Q1,2014-01-31,분기별 영업활동현금흐름,8076000,USD,계산(누적차감),https://www.sec.gov/Archives/edgar/data/900075/000114544314000288/ ; https://www.sec.gov/Archives/edgar/data/900075/000114544313002257/,누적 75791000 − 직전누적 67715000 (시작 2013-08-01),14
Copart,CPRT,2014Q1,2014-01-31,분기말 자산총계,1438493000,USD,공시,https://www.sec.gov/Archives/edgar/data/900075/000114544314000288/,,14
Copart,CPRT,2014Q1,2014-01-31,분기말 부채총계,557769000,USD,공시,https://www.sec.gov/Archives/edgar/data/900075/000114544314000288/,,14
Copart,CPRT,2014Q1,2014-01-31,분기말 총자본(자기자본),880724000,USD,공시(비지배 없음),https://www.sec.gov/Archives/edgar/data/900075/000114544314000288/,"StockholdersEquity, MinorityInterest 태그 없음",14
Copart,CPRT,2014Q1,2014-01-31,분기말 지배지분 자본,880724000,USD,공시,https://www.sec.gov/Archives/edgar/data/900075/000114544314000288/,,14
Copart,CPRT,2014Q1,2014-01-31,분기말 종가,34.28,USD,API,https://query1.finance.yahoo.com/v8/finance/chart/CPRT?interval=1d&events=splits (2014-01-31),분할조정 종가 4.285 × 이후 분할계수 8,14
Copart,CPRT,2014Q1,2014-03-05,분기말 상장주식수,125868763,주,공시(표지 기준일),https://www.sec.gov/Archives/edgar/data/900075/000114544314000288/,dei:EntityCommonStockSharesOutstanding 클래스 합,14
Copart,CPRT,2014Q1,2014-01-31,분기말 시가총액,4314781196,USD,계산(종가×주식수),https://query1.finance.yahoo.com/v8/finance/chart/CPRT?interval=1d&events=splits (2014-01-31) ; https://www.sec.gov/Archives/edgar/data/900075/000114544314000288/,종가 34.28 × 주식수 125868763,14
Copart,CPRT,2014Q2,2014-04-30,분기별 매출액,309722000,USD,공시,https://www.sec.gov/Archives/edgar/data/900075/000114544314000869/,,14
Copart,CPRT,2014Q2,2014-04-30,분기별 영업이익,62633000,USD,공시,https://www.sec.gov/Archives/edgar/data/900075/000114544314000869/,,14
Copart,CPRT,2014Q2,2014-04-30,분기별 당기순이익(지배),40877000,USD,공시,https://www.sec.gov/Archives/edgar/data/900075/000114544314000869/,,14
Copart,CPRT,2014Q2,2014-04-30,분기별 영업활동현금흐름,131843000,USD,계산(누적차감),https://www.sec.gov/Archives/edgar/data/900075/000114544314000869/ ; https://www.sec.gov/Archives/edgar/data/900075/000114544314000288/,누적 207634000 − 직전누적 75791000 (시작 2013-08-01),14
Copart,CPRT,2014Q2,2014-04-30,분기말 자산총계,1476672000,USD,공시,https://www.sec.gov/Archives/edgar/data/900075/000114544314000869/,,14
Copart,CPRT,2014Q2,2014-04-30,분기말 부채총계,536911000,USD,공시,https://www.sec.gov/Archives/edgar/data/900075/000114544314000869/,,14
Copart,CPRT,2014Q2,2014-04-30,분기말 총자본(자기자본),939761000,USD,공시(비지배 없음),https://www.sec.gov/Archives/edgar/data/900075/000114544314000869/,"StockholdersEquity, MinorityInterest 태그 없음",14
Copart,CPRT,2014Q2,2014-04-30,분기말 지배지분 자본,939761000,USD,공시,https://www.sec.gov/Archives/edgar/data/900075/000114544314000869/,,14
Copart,CPRT,2014Q2,2014-04-30,분기말 종가,36.27,USD,API,https://query1.finance.yahoo.com/v8/finance/chart/CPRT?interval=1d&events=splits (2014-04-30),분할조정 종가 4.5338 × 이후 분할계수 8,14
Copart,CPRT,2014Q2,2014-06-06,분기말 상장주식수,126045670,주,공시(표지 기준일),https://www.sec.gov/Archives/edgar/data/900075/000114544314000869/,dei:EntityCommonStockSharesOutstanding 클래스 합,14
Copart,CPRT,2014Q2,2014-04-30,분기말 시가총액,4571676451,USD,계산(종가×주식수),https://query1.finance.yahoo.com/v8/finance/chart/CPRT?interval=1d&events=splits (2014-04-30) ; https://www.sec.gov/Archives/edgar/data/900075/000114544314000869/,종가 36.27 × 주식수 126045670,14
Copart,CPRT,2014Q3,2014-07-31,분기별 매출액,287450000,USD,계산(연간-3분기누적),https://www.sec.gov/Archives/edgar/data/900075/000114544314001196/ ; https://www.sec.gov/Archives/edgar/data/900075/000114544314000869/,연간 1163489000 − 9개월누적 876039000 (SalesRevenueNet),14
Copart,CPRT,2014Q3,2014-07-31,분기별 영업이익,75858000,USD,계산(연간-3분기누적),https://www.sec.gov/Archives/edgar/data/900075/000114544314001196/ ; https://www.sec.gov/Archives/edgar/data/900075/000114544314000869/,연간 274934000 − 9개월누적 199076000 (OperatingIncomeLoss),14
Copart,CPRT,2014Q3,2014-07-31,분기별 당기순이익(지배),51043000,USD,계산(연간-3분기누적),https://www.sec.gov/Archives/edgar/data/900075/000114544314001196/ ; https://www.sec.gov/Archives/edgar/data/900075/000114544314000869/,연간 178687000 − 9개월누적 127644000 (NetIncomeLoss),14
Copart,CPRT,2014Q3,2014-07-31,분기별 영업활동현금흐름,54960000,USD,계산(누적차감),https://www.sec.gov/Archives/edgar/data/900075/000114544314001196/ ; https://www.sec.gov/Archives/edgar/data/900075/000114544314000869/,누적 262594000 − 직전누적 207634000 (시작 2013-08-01),14
Copart,CPRT,2014Q3,2014-07-31,분기말 자산총계,1506804000,USD,공시,https://www.sec.gov/Archives/edgar/data/900075/000114544314001196/,,14
Copart,CPRT,2014Q3,2014-07-31,분기말 부채총계,503305000,USD,공시,https://www.sec.gov/Archives/edgar/data/900075/000114544314001196/,,14
Copart,CPRT,2014Q3,2014-07-31,분기말 총자본(자기자본),1003499000,USD,공시(비지배 없음),https://www.sec.gov/Archives/edgar/data/900075/000114544314001196/,"StockholdersEquity, MinorityInterest 태그 없음",14
Copart,CPRT,2014Q3,2014-07-31,분기말 지배지분 자본,1003499000,USD,공시,https://www.sec.gov/Archives/edgar/data/900075/000114544314001196/,,14
Copart,CPRT,2014Q3,2014-07-31,분기말 종가,33.38,USD,API,https://query1.finance.yahoo.com/v8/finance/chart/CPRT?interval=1d&events=splits (2014-07-31),분할조정 종가 4.1725 × 이후 분할계수 8,14
Copart,CPRT,2014Q3,2014-09-29,분기말 상장주식수,126244452,주,공시(표지 기준일),https://www.sec.gov/Archives/edgar/data/900075/000114544314001196/,dei:EntityCommonStockSharesOutstanding 클래스 합,14
Copart,CPRT,2014Q3,2014-07-31,분기말 시가총액,4214039808,USD,계산(종가×주식수),https://query1.finance.yahoo.com/v8/finance/chart/CPRT?interval=1d&events=splits (2014-07-31) ; https://www.sec.gov/Archives/edgar/data/900075/000114544314001196/,종가 33.38 × 주식수 126244452,14
Copart,CPRT,2014Q4,2014-10-31,분기별 매출액,290386000,USD,공시,https://www.sec.gov/Archives/edgar/data/900075/000114544314001435/,,14
Copart,CPRT,2014Q4,2014-10-31,분기별 영업이익,82401000,USD,공시,https://www.sec.gov/Archives/edgar/data/900075/000114544314001435/,,14
Copart,CPRT,2014Q4,2014-10-31,분기별 당기순이익(지배),52615000,USD,공시,https://www.sec.gov/Archives/edgar/data/900075/000114544314001435/,,14
Copart,CPRT,2014Q4,2014-10-31,분기별 영업활동현금흐름,83366000,USD,공시,https://www.sec.gov/Archives/edgar/data/900075/000114544314001435/,,14
Copart,CPRT,2014Q4,2014-10-31,분기말 자산총계,1536586000,USD,공시,https://www.sec.gov/Archives/edgar/data/900075/000114544314001435/,,14
Copart,CPRT,2014Q4,2014-10-31,분기말 부채총계,499155000,USD,공시,https://www.sec.gov/Archives/edgar/data/900075/000114544314001435/,,14
Copart,CPRT,2014Q4,2014-10-31,분기말 총자본(자기자본),1037431000,USD,공시(비지배 없음),https://www.sec.gov/Archives/edgar/data/900075/000114544314001435/,"StockholdersEquity, MinorityInterest 태그 없음",14
Copart,CPRT,2014Q4,2014-10-31,분기말 지배지분 자본,1037431000,USD,공시,https://www.sec.gov/Archives/edgar/data/900075/000114544314001435/,,14
Copart,CPRT,2014Q4,2014-10-31,분기말 종가,33.44,USD,API,https://query1.finance.yahoo.com/v8/finance/chart/CPRT?interval=1d&events=splits (2014-10-31),분할조정 종가 4.18 × 이후 분할계수 8,14
Copart,CPRT,2014Q4,2014-11-25,분기말 상장주식수,126335253,주,공시(표지 기준일),https://www.sec.gov/Archives/edgar/data/900075/000114544314001435/,dei:EntityCommonStockSharesOutstanding 클래스 합,14
Copart,CPRT,2014Q4,2014-10-31,분기말 시가총액,4224650860,USD,계산(종가×주식수),https://query1.finance.yahoo.com/v8/finance/chart/CPRT?interval=1d&events=splits (2014-10-31) ; https://www.sec.gov/Archives/edgar/data/900075/000114544314001435/,종가 33.44 × 주식수 126335253,14
Copart,CPRT,2015Q1,2015-01-31,분기별 매출액,276258000,USD,공시,https://www.sec.gov/Archives/edgar/data/900075/000121390015001536/,,14
Copart,CPRT,2015Q1,2015-01-31,분기별 영업이익,80468000,USD,공시,https://www.sec.gov/Archives/edgar/data/900075/000121390015001536/,,14
Copart,CPRT,2015Q1,2015-01-31,분기별 당기순이익(지배),52193000,USD,공시,https://www.sec.gov/Archives/edgar/data/900075/000121390015001536/,,14
Copart,CPRT,2015Q1,2015-01-31,분기별 영업활동현금흐름,5517000,USD,계산(누적차감),https://www.sec.gov/Archives/edgar/data/900075/000121390015001536/ ; https://www.sec.gov/Archives/edgar/data/900075/000114544314001435/,누적 88883000 − 직전누적 83366000 (시작 2014-08-01),14
Copart,CPRT,2015Q1,2015-01-31,분기말 자산총계,1952071000,USD,공시,https://www.sec.gov/Archives/edgar/data/900075/000121390015001536/,,14
Copart,CPRT,2015Q1,2015-01-31,분기말 부채총계,878834000,USD,공시,https://www.sec.gov/Archives/edgar/data/900075/000121390015001536/,,14
Copart,CPRT,2015Q1,2015-01-31,분기말 총자본(자기자본),1073237000,USD,공시(비지배 없음),https://www.sec.gov/Archives/edgar/data/900075/000121390015001536/,"StockholdersEquity, MinorityInterest 태그 없음",14
Copart,CPRT,2015Q1,2015-01-31,분기말 지배지분 자본,1073237000,USD,공시,https://www.sec.gov/Archives/edgar/data/900075/000121390015001536/,,14
Copart,CPRT,2015Q1,2015-01-30,분기말 종가,36.6,USD,API,https://query1.finance.yahoo.com/v8/finance/chart/CPRT?interval=1d&events=splits (2015-01-30),분할조정 종가 4.575 × 이후 분할계수 8,14
Copart,CPRT,2015Q1,2015-03-03,분기말 상장주식수,126439552,주,공시(표지 기준일),https://www.sec.gov/Archives/edgar/data/900075/000121390015001536/,dei:EntityCommonStockSharesOutstanding 클래스 합,14
Copart,CPRT,2015Q1,2015-01-30,분기말 시가총액,4627687603,USD,계산(종가×주식수),https://query1.finance.yahoo.com/v8/finance/chart/CPRT?interval=1d&events=splits (2015-01-30) ; https://www.sec.gov/Archives/edgar/data/900075/000121390015001536/,종가 36.6 × 주식수 126439552,14
Copart,CPRT,2015Q2,2015-04-30,분기별 매출액,297142000,USD,공시,https://www.sec.gov/Archives/edgar/data/900075/000114544315000751/,,14
Copart,CPRT,2015Q2,2015-04-30,분기별 영업이익,94767000,USD,공시,https://www.sec.gov/Archives/edgar/data/900075/000114544315000751/,,14
Copart,CPRT,2015Q2,2015-04-30,분기별 당기순이익(지배),57563000,USD,공시,https://www.sec.gov/Archives/edgar/data/900075/000114544315000751/,,14
Copart,CPRT,2015Q2,2015-04-30,분기별 영업활동현금흐름,114486000,USD,계산(누적차감),https://www.sec.gov/Archives/edgar/data/900075/000114544315000751/ ; https://www.sec.gov/Archives/edgar/data/900075/000121390015001536/,누적 203369000 − 직전누적 88883000 (시작 2014-08-01),14
Copart,CPRT,2015Q2,2015-04-30,분기말 자산총계,2002977000,USD,공시,https://www.sec.gov/Archives/edgar/data/900075/000114544315000751/,,14
Copart,CPRT,2015Q2,2015-04-30,분기말 부채총계,867009000,USD,공시,https://www.sec.gov/Archives/edgar/data/900075/000114544315000751/,,14
Copart,CPRT,2015Q2,2015-04-30,분기말 총자본(자기자본),1135968000,USD,공시(비지배 없음),https://www.sec.gov/Archives/edgar/data/900075/000114544315000751/,"StockholdersEquity, MinorityInterest 태그 없음",14
Copart,CPRT,2015Q2,2015-04-30,분기말 지배지분 자본,1135968000,USD,공시,https://www.sec.gov/Archives/edgar/data/900075/000114544315000751/,,14
Copart,CPRT,2015Q2,2015-04-30,분기말 종가,35.57,USD,API,https://query1.finance.yahoo.com/v8/finance/chart/CPRT?interval=1d&events=splits (2015-04-30),분할조정 종가 4.4462 × 이후 분할계수 8,14
Copart,CPRT,2015Q2,2015-05-27,분기말 상장주식수,126522148,주,공시(표지 기준일),https://www.sec.gov/Archives/edgar/data/900075/000114544315000751/,dei:EntityCommonStockSharesOutstanding 클래스 합,14
Copart,CPRT,2015Q2,2015-04-30,분기말 시가총액,4500392804,USD,계산(종가×주식수),https://query1.finance.yahoo.com/v8/finance/chart/CPRT?interval=1d&events=splits (2015-04-30) ; https://www.sec.gov/Archives/edgar/data/900075/000114544315000751/,종가 35.57 × 주식수 126522148,14
Copart,CPRT,2015Q3,2015-07-31,분기별 매출액,282293000,USD,계산(연간-3분기누적),https://www.sec.gov/Archives/edgar/data/900075/000162828015007286/ ; https://www.sec.gov/Archives/edgar/data/900075/000114544315000751/,연간 1146079000 − 9개월누적 863786000 (SalesRevenueNet),14
Copart,CPRT,2015Q3,2015-07-31,분기별 영업이익,86765000,USD,계산(연간-3분기누적),https://www.sec.gov/Archives/edgar/data/900075/000162828015007286/ ; https://www.sec.gov/Archives/edgar/data/900075/000114544315000751/,연간 344401000 − 9개월누적 257636000 (OperatingIncomeLoss),14
Copart,CPRT,2015Q3,2015-07-31,분기별 당기순이익(지배),57412000,USD,계산(연간-3분기누적),https://www.sec.gov/Archives/edgar/data/900075/000162828015007286/ ; https://www.sec.gov/Archives/edgar/data/900075/000114544315000751/,연간 219783000 − 9개월누적 162371000 (NetIncomeLoss),14
Copart,CPRT,2015Q3,2015-07-31,분기별 영업활동현금흐름,61707000,USD,계산(누적차감),https://www.sec.gov/Archives/edgar/data/900075/000162828015007286/ ; https://www.sec.gov/Archives/edgar/data/900075/000114544315000751/,누적 265076000 − 직전누적 203369000 (시작 2014-08-01),14
Copart,CPRT,2015Q3,2015-07-31,분기말 자산총계,1798660000,USD,공시(재작성 반영),https://www.sec.gov/Archives/edgar/data/900075/000090007517000044/,원 공시 1799952000 (https://www.sec.gov/Archives/edgar/data/900075/000162828015007286/),14
Copart,CPRT,2015Q3,2015-07-31,분기말 부채총계,834196000,USD,공시(재작성 반영),https://www.sec.gov/Archives/edgar/data/900075/000090007516000081/,원 공시 835488000 (https://www.sec.gov/Archives/edgar/data/900075/000162828015007286/),14
Copart,CPRT,2015Q3,2015-07-31,분기말 총자본(자기자본),964464000,USD,공시(비지배 없음),https://www.sec.gov/Archives/edgar/data/900075/000162828015007286/,"StockholdersEquity, MinorityInterest 태그 없음",14
Copart,CPRT,2015Q3,2015-07-31,분기말 지배지분 자본,964464000,USD,공시,https://www.sec.gov/Archives/edgar/data/900075/000162828015007286/,,14
Copart,CPRT,2015Q3,2015-07-31,분기말 종가,36.03,USD,API,https://query1.finance.yahoo.com/v8/finance/chart/CPRT?interval=1d&events=splits (2015-07-31),분할조정 종가 4.5037 × 이후 분할계수 8,14
Copart,CPRT,2015Q3,2015-09-24,분기말 상장주식수,120186984,주,공시(표지 기준일),https://www.sec.gov/Archives/edgar/data/900075/000162828015007286/,dei:EntityCommonStockSharesOutstanding 클래스 합,14
Copart,CPRT,2015Q3,2015-07-31,분기말 시가총액,4330337034,USD,계산(종가×주식수),https://query1.finance.yahoo.com/v8/finance/chart/CPRT?interval=1d&events=splits (2015-07-31) ; https://www.sec.gov/Archives/edgar/data/900075/000162828015007286/,종가 36.03 × 주식수 120186984,14
Copart,CPRT,2015Q4,2015-10-31,분기별 매출액,288838000,USD,공시,https://www.sec.gov/Archives/edgar/data/900075/000162828015008971/,,14
Copart,CPRT,2015Q4,2015-10-31,분기별 영업이익,86246000,USD,공시,https://www.sec.gov/Archives/edgar/data/900075/000162828015008971/,,14
Copart,CPRT,2015Q4,2015-10-31,분기별 당기순이익(지배),52610000,USD,공시(재작성 반영),https://www.sec.gov/Archives/edgar/data/900075/000090007517000044/,원 공시 52413000 (https://www.sec.gov/Archives/edgar/data/900075/000162828015008971/),14
Copart,CPRT,2015Q4,2015-10-31,분기별 영업활동현금흐름,76791000,USD,공시(재작성 반영),https://www.sec.gov/Archives/edgar/data/900075/000090007516000108/,원 공시 76594000 (https://www.sec.gov/Archives/edgar/data/900075/000162828015008971/),14
Copart,CPRT,2015Q4,2015-10-31,분기말 자산총계,1855764000,USD,공시,https://www.sec.gov/Archives/edgar/data/900075/000162828015008971/,,14
Copart,CPRT,2015Q4,2015-10-31,분기말 부채총계,839219000,USD,공시,https://www.sec.gov/Archives/edgar/data/900075/000162828015008971/,,14
Copart,CPRT,2015Q4,2015-10-31,분기말 총자본(자기자본),1016545000,USD,공시(비지배 없음),https://www.sec.gov/Archives/edgar/data/900075/000162828015008971/,"StockholdersEquity, MinorityInterest 태그 없음",14
Copart,CPRT,2015Q4,2015-10-31,분기말 지배지분 자본,1016545000,USD,공시,https://www.sec.gov/Archives/edgar/data/900075/000162828015008971/,,14
Copart,CPRT,2015Q4,2015-10-30,분기말 종가,36.21,USD,API,https://query1.finance.yahoo.com/v8/finance/chart/CPRT?interval=1d&events=splits (2015-10-30),분할조정 종가 4.5262 × 이후 분할계수 8,14
Copart,CPRT,2015Q4,2015-11-23,분기말 상장주식수,120236510,주,공시(표지 기준일),https://www.sec.gov/Archives/edgar/data/900075/000162828015008971/,dei:EntityCommonStockSharesOutstanding 클래스 합,14
Copart,CPRT,2015Q4,2015-10-30,분기말 시가총액,4353764027,USD,계산(종가×주식수),https://query1.finance.yahoo.com/v8/finance/chart/CPRT?interval=1d&events=splits (2015-10-30) ; https://www.sec.gov/Archives/edgar/data/900075/000162828015008971/,종가 36.21 × 주식수 120236510,14
Copart,CPRT,2016Q1,2016-01-31,분기별 매출액,299706000,USD,공시,https://www.sec.gov/Archives/edgar/data/900075/000090007516000018/,,14
Copart,CPRT,2016Q1,2016-01-31,분기별 영업이익,92085000,USD,공시,https://www.sec.gov/Archives/edgar/data/900075/000090007516000018/,,14
Copart,CPRT,2016Q1,2016-01-31,분기별 당기순이익(지배),59007000,USD,공시(재작성 반영),https://www.sec.gov/Archives/edgar/data/900075/000090007517000044/,원 공시 58963000 (https://www.sec.gov/Archives/edgar/data/900075/000090007516000018/),14
Copart,CPRT,2016Q1,2016-01-31,분기별 영업활동현금흐름,6530000,USD,계산(누적차감)(재작성 반영),https://www.sec.gov/Archives/edgar/data/900075/000090007517000013/ ; https://www.sec.gov/Archives/edgar/data/900075/000090007516000108/,누적 83321000 − 직전누적 76791000 (시작 2015-08-01) ; 원 공시 6486000 (https://www.sec.gov/Archives/edgar/data/900075/000090007516000018/ ; https://www.sec.gov/Archives/edgar/data/900075/000162828015008971/),14
Copart,CPRT,2016Q1,2016-01-31,분기말 자산총계,1604364000,USD,공시,https://www.sec.gov/Archives/edgar/data/900075/000090007516000018/,,14
Copart,CPRT,2016Q1,2016-01-31,분기말 부채총계,872964000,USD,공시,https://www.sec.gov/Archives/edgar/data/900075/000090007516000018/,,14
Copart,CPRT,2016Q1,2016-01-31,분기말 총자본(자기자본),731400000,USD,공시(비지배 없음),https://www.sec.gov/Archives/edgar/data/900075/000090007516000018/,"StockholdersEquity, MinorityInterest 태그 없음",14
Copart,CPRT,2016Q1,2016-01-31,분기말 지배지분 자본,731400000,USD,공시,https://www.sec.gov/Archives/edgar/data/900075/000090007516000018/,,14
Copart,CPRT,2016Q1,2016-01-29,분기말 종가,33.51,USD,API,https://query1.finance.yahoo.com/v8/finance/chart/CPRT?interval=1d&events=splits (2016-01-29),분할조정 종가 4.1887 × 이후 분할계수 8,14
Copart,CPRT,2016Q1,2016-02-24,분기말 상장주식수,112000958,주,공시(표지 기준일),https://www.sec.gov/Archives/edgar/data/900075/000090007516000018/,dei:EntityCommonStockSharesOutstanding 클래스 합,14
Copart,CPRT,2016Q1,2016-01-29,분기말 시가총액,3753152103,USD,계산(종가×주식수),https://query1.finance.yahoo.com/v8/finance/chart/CPRT?interval=1d&events=splits (2016-01-29) ; https://www.sec.gov/Archives/edgar/data/900075/000090007516000018/,종가 33.51 × 주식수 112000958,14
Copart,CPRT,2016Q2,2016-04-30,분기별 매출액,347246000,USD,공시,https://www.sec.gov/Archives/edgar/data/900075/000090007516000038/,,14
Copart,CPRT,2016Q2,2016-04-30,분기별 영업이익,121948000,USD,공시,https://www.sec.gov/Archives/edgar/data/900075/000090007516000038/,,14
Copart,CPRT,2016Q2,2016-04-30,분기별 당기순이익(지배),74623000,USD,공시(재작성 반영),https://www.sec.gov/Archives/edgar/data/900075/000090007517000044/,원 공시 74016000 (https://www.sec.gov/Archives/edgar/data/900075/000090007516000038/),14
Copart,CPRT,2016Q2,2016-04-30,분기별 영업활동현금흐름,125025000,USD,계산(누적차감)(재작성 반영),https://www.sec.gov/Archives/edgar/data/900075/000090007517000032/ ; https://www.sec.gov/Archives/edgar/data/900075/000090007517000013/,누적 208346000 − 직전누적 83321000 (시작 2015-08-01) ; 원 공시 124418000 (https://www.sec.gov/Archives/edgar/data/900075/000090007516000038/ ; https://www.sec.gov/Archives/edgar/data/900075/000090007516000018/),14
Copart,CPRT,2016Q2,2016-04-30,분기말 자산총계,1624135000,USD,공시,https://www.sec.gov/Archives/edgar/data/900075/000090007516000038/,,14
Copart,CPRT,2016Q2,2016-04-30,분기말 부채총계,907608000,USD,공시,https://www.sec.gov/Archives/edgar/data/900075/000090007516000038/,,14
Copart,CPRT,2016Q2,2016-04-30,분기말 총자본(자기자본),716527000,USD,공시(비지배 없음),https://www.sec.gov/Archives/edgar/data/900075/000090007516000038/,"StockholdersEquity, MinorityInterest 태그 없음",14
Copart,CPRT,2016Q2,2016-04-30,분기말 지배지분 자본,716527000,USD,공시,https://www.sec.gov/Archives/edgar/data/900075/000090007516000038/,,14
Copart,CPRT,2016Q2,2016-04-29,분기말 종가,42.84,USD,API,https://query1.finance.yahoo.com/v8/finance/chart/CPRT?interval=1d&events=splits (2016-04-29),분할조정 종가 5.355 × 이후 분할계수 8,14
Copart,CPRT,2016Q2,2016-05-25,분기말 상장주식수,109382384,주,공시(표지 기준일),https://www.sec.gov/Archives/edgar/data/900075/000090007516000038/,dei:EntityCommonStockSharesOutstanding 클래스 합,14
Copart,CPRT,2016Q2,2016-04-29,분기말 시가총액,4685941331,USD,계산(종가×주식수),https://query1.finance.yahoo.com/v8/finance/chart/CPRT?interval=1d&events=splits (2016-04-29) ; https://www.sec.gov/Archives/edgar/data/900075/000090007516000038/,종가 42.84 × 주식수 109382384,14
Copart,CPRT,2016Q3,2016-07-31,분기별 매출액,332659000,USD,계산(연간-3분기누적),https://www.sec.gov/Archives/edgar/data/900075/000090007516000081/ ; https://www.sec.gov/Archives/edgar/data/900075/000090007516000038/,연간 1268449000 − 9개월누적 935790000 (Revenues / 9개월 SalesRevenueNet),14
Copart,CPRT,2016Q3,2016-07-31,분기별 영업이익,106191000,USD,계산(연간-3분기누적),https://www.sec.gov/Archives/edgar/data/900075/000090007516000081/ ; https://www.sec.gov/Archives/edgar/data/900075/000090007516000038/,연간 406470000 − 9개월누적 300279000 (OperatingIncomeLoss),14
Copart,CPRT,2016Q3,2016-07-31,분기별 당기순이익(지배),84122000,USD,계산(연간-3분기누적)(재작성 반영),https://www.sec.gov/Archives/edgar/data/900075/000090007516000081/ ; https://www.sec.gov/Archives/edgar/data/900075/000090007517000032/,연간 270360000 − 9개월누적 186238000 (NetIncomeLoss) ; 원 공시 84968000 (https://www.sec.gov/Archives/edgar/data/900075/000090007516000081/ ; https://www.sec.gov/Archives/edgar/data/900075/000090007516000038/),14
Copart,CPRT,2016Q3,2016-07-31,분기별 영업활동현금흐름,124152000,USD,계산(누적차감)(재작성 반영),https://www.sec.gov/Archives/edgar/data/900075/000090007516000081/ ; https://www.sec.gov/Archives/edgar/data/900075/000090007517000032/,누적 332498000 − 직전누적 208346000 (시작 2015-08-01) ; 원 공시 125000000 (https://www.sec.gov/Archives/edgar/data/900075/000090007516000081/ ; https://www.sec.gov/Archives/edgar/data/900075/000090007516000038/),14
Copart,CPRT,2016Q3,2016-07-31,분기말 자산총계,1649820000,USD,공시,https://www.sec.gov/Archives/edgar/data/900075/000090007516000081/,,14
Copart,CPRT,2016Q3,2016-07-31,분기말 부채총계,875364000,USD,공시,https://www.sec.gov/Archives/edgar/data/900075/000090007516000081/,,14
Copart,CPRT,2016Q3,2016-07-31,분기말 총자본(자기자본),774456000,USD,공시(비지배 없음),https://www.sec.gov/Archives/edgar/data/900075/000090007516000081/,"StockholdersEquity, MinorityInterest 태그 없음",14
Copart,CPRT,2016Q3,2016-07-31,분기말 지배지분 자본,774456000,USD,공시,https://www.sec.gov/Archives/edgar/data/900075/000090007516000081/,,14
Copart,CPRT,2016Q3,2016-07-29,분기말 종가,50.44,USD,API,https://query1.finance.yahoo.com/v8/finance/chart/CPRT?interval=1d&events=splits (2016-07-29),분할조정 종가 6.305 × 이후 분할계수 8,14
Copart,CPRT,2016Q3,2016-09-27,분기말 상장주식수,114161199,주,공시(표지 기준일),https://www.sec.gov/Archives/edgar/data/900075/000090007516000081/,dei:EntityCommonStockSharesOutstanding 클래스 합,14
Copart,CPRT,2016Q3,2016-07-29,분기말 시가총액,5758290878,USD,계산(종가×주식수),https://query1.finance.yahoo.com/v8/finance/chart/CPRT?interval=1d&events=splits (2016-07-29) ; https://www.sec.gov/Archives/edgar/data/900075/000090007516000081/,종가 50.44 × 주식수 114161199,14
Copart,CPRT,2016Q4,2016-10-31,분기별 매출액,345991000,USD,공시,https://www.sec.gov/Archives/edgar/data/900075/000090007516000108/,,14
Copart,CPRT,2016Q4,2016-10-31,분기별 영업이익,104824000,USD,공시,https://www.sec.gov/Archives/edgar/data/900075/000090007516000108/,,14
Copart,CPRT,2016Q4,2016-10-31,분기별 당기순이익(지배),167280000,USD,공시,https://www.sec.gov/Archives/edgar/data/900075/000090007516000108/,,14
Copart,CPRT,2016Q4,2016-10-31,분기별 영업활동현금흐름,74293000,USD,공시,https://www.sec.gov/Archives/edgar/data/900075/000090007516000108/,,14
Copart,CPRT,2016Q4,2016-10-31,분기말 자산총계,1770396000,USD,공시,https://www.sec.gov/Archives/edgar/data/900075/000090007516000108/,,14
Copart,CPRT,2016Q4,2016-10-31,분기말 부채총계,962989000,USD,공시,https://www.sec.gov/Archives/edgar/data/900075/000090007516000108/,,14
Copart,CPRT,2016Q4,2016-10-31,분기말 총자본(자기자본),807407000,USD,공시(비지배 없음),https://www.sec.gov/Archives/edgar/data/900075/000090007516000108/,"StockholdersEquity, MinorityInterest 태그 없음",14
Copart,CPRT,2016Q4,2016-10-31,분기말 지배지분 자본,807407000,USD,공시,https://www.sec.gov/Archives/edgar/data/900075/000090007516000108/,,14
Copart,CPRT,2016Q4,2016-10-31,분기말 종가,52.47,USD,API,https://query1.finance.yahoo.com/v8/finance/chart/CPRT?interval=1d&events=splits (2016-10-31),분할조정 종가 6.5588 × 이후 분할계수 8,14
Copart,CPRT,2016Q4,2016-11-29,분기말 상장주식수,114586095,주,공시(표지 기준일),https://www.sec.gov/Archives/edgar/data/900075/000090007516000108/,dei:EntityCommonStockSharesOutstanding 클래스 합,14
Copart,CPRT,2016Q4,2016-10-31,분기말 시가총액,6012332405,USD,계산(종가×주식수),https://query1.finance.yahoo.com/v8/finance/chart/CPRT?interval=1d&events=splits (2016-10-31) ; https://www.sec.gov/Archives/edgar/data/900075/000090007516000108/,종가 52.47 × 주식수 114586095,14
Copart,CPRT,2017Q1,2017-01-31,분기별 매출액,349532000,USD,공시,https://www.sec.gov/Archives/edgar/data/900075/000090007517000013/,,14
Copart,CPRT,2017Q1,2017-01-31,분기별 영업이익,108880000,USD,공시,https://www.sec.gov/Archives/edgar/data/900075/000090007517000013/,,14
Copart,CPRT,2017Q1,2017-01-31,분기별 당기순이익(지배),66066000,USD,공시,https://www.sec.gov/Archives/edgar/data/900075/000090007517000013/,,14
Copart,CPRT,2017Q1,2017-01-31,분기별 영업활동현금흐름,81235000,USD,계산(누적차감),https://www.sec.gov/Archives/edgar/data/900075/000090007517000013/ ; https://www.sec.gov/Archives/edgar/data/900075/000090007516000108/,누적 155528000 − 직전누적 74293000 (시작 2016-08-01),14
Copart,CPRT,2017Q1,2017-01-31,분기말 자산총계,1841241000,USD,공시,https://www.sec.gov/Archives/edgar/data/900075/000090007517000013/,,14
Copart,CPRT,2017Q1,2017-01-31,분기말 부채총계,945538000,USD,공시,https://www.sec.gov/Archives/edgar/data/900075/000090007517000013/,,14
Copart,CPRT,2017Q1,2017-01-31,분기말 총자본(자기자본),895703000,USD,공시(비지배 없음),https://www.sec.gov/Archives/edgar/data/900075/000090007517000013/,"StockholdersEquity, MinorityInterest 태그 없음",14
Copart,CPRT,2017Q1,2017-01-31,분기말 지배지분 자본,895703000,USD,공시,https://www.sec.gov/Archives/edgar/data/900075/000090007517000013/,,14
Copart,CPRT,2017Q1,2017-01-31,분기말 종가,56.74,USD,API,https://query1.finance.yahoo.com/v8/finance/chart/CPRT?interval=1d&events=splits (2017-01-31),분할조정 종가 7.0925 × 이후 분할계수 8,14
Copart,CPRT,2017Q1,2017-02-27,분기말 상장주식수,114847579,주,공시(표지 기준일),https://www.sec.gov/Archives/edgar/data/900075/000090007517000013/,dei:EntityCommonStockSharesOutstanding 클래스 합,14
Copart,CPRT,2017Q1,2017-01-31,분기말 시가총액,6516451632,USD,계산(종가×주식수),https://query1.finance.yahoo.com/v8/finance/chart/CPRT?interval=1d&events=splits (2017-01-31) ; https://www.sec.gov/Archives/edgar/data/900075/000090007517000013/,종가 56.74 × 주식수 114847579,14
Copart,CPRT,2017Q2,2017-04-30,분기별 매출액,373862000,USD,공시,https://www.sec.gov/Archives/edgar/data/900075/000090007517000032/,,14
Copart,CPRT,2017Q2,2017-04-30,분기별 영업이익,136788000,USD,공시,https://www.sec.gov/Archives/edgar/data/900075/000090007517000032/,,14
Copart,CPRT,2017Q2,2017-04-30,분기별 당기순이익(지배),90546000,USD,공시,https://www.sec.gov/Archives/edgar/data/900075/000090007517000032/,,14
Copart,CPRT,2017Q2,2017-04-30,분기별 영업활동현금흐름,192299000,USD,계산(누적차감),https://www.sec.gov/Archives/edgar/data/900075/000090007517000032/ ; https://www.sec.gov/Archives/edgar/data/900075/000090007517000013/,누적 347827000 − 직전누적 155528000 (시작 2016-08-01),14
Copart,CPRT,2017Q2,2017-04-30,분기말 자산총계,1811686000,USD,공시,https://www.sec.gov/Archives/edgar/data/900075/000090007517000032/,,14
Copart,CPRT,2017Q2,2017-04-30,분기말 부채총계,805357000,USD,공시,https://www.sec.gov/Archives/edgar/data/900075/000090007517000032/,,14
Copart,CPRT,2017Q2,2017-04-30,분기말 총자본(자기자본),1006329000,USD,공시(비지배 없음),https://www.sec.gov/Archives/edgar/data/900075/000090007517000032/,"StockholdersEquity, MinorityInterest 태그 없음",14
Copart,CPRT,2017Q2,2017-04-30,분기말 지배지분 자본,1006329000,USD,공시,https://www.sec.gov/Archives/edgar/data/900075/000090007517000032/,,14
Copart,CPRT,2017Q2,2017-04-28,분기말 종가,30.9,USD,API,https://query1.finance.yahoo.com/v8/finance/chart/CPRT?interval=1d&events=splits (2017-04-28),분할조정 종가 7.725 × 이후 분할계수 4,14
Copart,CPRT,2017Q2,2017-05-24,분기말 상장주식수,230331226,주,공시(표지 기준일),https://www.sec.gov/Archives/edgar/data/900075/000090007517000032/,dei:EntityCommonStockSharesOutstanding 클래스 합,14
Copart,CPRT,2017Q2,2017-04-28,분기말 시가총액,7117234883,USD,계산(종가×주식수),https://query1.finance.yahoo.com/v8/finance/chart/CPRT?interval=1d&events=splits (2017-04-28) ; https://www.sec.gov/Archives/edgar/data/900075/000090007517000032/,종가 30.9 × 주식수 230331226,14
Copart,CPRT,2017Q3,2017-07-31,분기별 매출액,378596000,USD,계산(연간-3분기누적),https://www.sec.gov/Archives/edgar/data/900075/000090007517000044/ ; https://www.sec.gov/Archives/edgar/data/900075/000090007517000032/,연간 1447981000 − 9개월누적 1069385000 (Revenues),14
Copart,CPRT,2017Q3,2017-07-31,분기별 영업이익,110807000,USD,계산(연간-3분기누적),https://www.sec.gov/Archives/edgar/data/900075/000090007517000044/ ; https://www.sec.gov/Archives/edgar/data/900075/000090007517000032/,연간 461299000 − 9개월누적 350492000 (OperatingIncomeLoss),14
Copart,CPRT,2017Q3,2017-07-31,분기별 당기순이익(지배),70335000,USD,계산(연간-3분기누적),https://www.sec.gov/Archives/edgar/data/900075/000090007517000044/ ; https://www.sec.gov/Archives/edgar/data/900075/000090007517000032/,연간 394227000 − 9개월누적 323892000 (NetIncomeLoss),14
Copart,CPRT,2017Q3,2017-07-31,분기별 영업활동현금흐름,144231000,USD,계산(누적차감),https://www.sec.gov/Archives/edgar/data/900075/000090007517000044/ ; https://www.sec.gov/Archives/edgar/data/900075/000090007517000032/,누적 492058000 − 직전누적 347827000 (시작 2016-08-01),14
Copart,CPRT,2017Q3,2017-07-31,분기말 자산총계,1982501000,USD,공시,https://www.sec.gov/Archives/edgar/data/900075/000090007517000044/,,14
Copart,CPRT,2017Q3,2017-07-31,분기말 부채총계,883901000,USD,공시,https://www.sec.gov/Archives/edgar/data/900075/000090007517000044/,,14
Copart,CPRT,2017Q3,2017-07-31,분기말 총자본(자기자본),1098600000,USD,공시,https://www.sec.gov/Archives/edgar/data/900075/000090007517000044/,,14
Copart,CPRT,2017Q3,2017-07-31,분기말 지배지분 자본,1098066000,USD,계산(총자본-비지배),https://www.sec.gov/Archives/edgar/data/900075/000090007517000044/,총자본 1098600000 − 비지배 534000,14
Copart,CPRT,2017Q3,2017-07-31,분기말 종가,31.49,USD,API,https://query1.finance.yahoo.com/v8/finance/chart/CPRT?interval=1d&events=splits (2017-07-31),분할조정 종가 7.8725 × 이후 분할계수 4,14
Copart,CPRT,2017Q3,2017-09-26,분기말 상장주식수,230773342,주,공시(표지 기준일),https://www.sec.gov/Archives/edgar/data/900075/000090007517000044/,dei:EntityCommonStockSharesOutstanding 클래스 합,14
Copart,CPRT,2017Q3,2017-07-31,분기말 시가총액,7267052540,USD,계산(종가×주식수),https://query1.finance.yahoo.com/v8/finance/chart/CPRT?interval=1d&events=splits (2017-07-31) ; https://www.sec.gov/Archives/edgar/data/900075/000090007517000044/,종가 31.49 × 주식수 230773342,14
Copart,CPRT,2017Q4,2017-10-31,분기별 매출액,419168000,USD,공시,https://www.sec.gov/Archives/edgar/data/900075/000090007517000062/,,14
Copart,CPRT,2017Q4,2017-10-31,분기별 영업이익,123942000,USD,공시,https://www.sec.gov/Archives/edgar/data/900075/000090007517000062/,,14
Copart,CPRT,2017Q4,2017-10-31,분기별 당기순이익(지배),77515000,USD,공시,https://www.sec.gov/Archives/edgar/data/900075/000090007517000062/,,14
Copart,CPRT,2017Q4,2017-10-31,분기별 영업활동현금흐름,93360000,USD,공시,https://www.sec.gov/Archives/edgar/data/900075/000090007517000062/,,14
Copart,CPRT,2017Q4,2017-10-31,분기말 자산총계,2062670000,USD,공시,https://www.sec.gov/Archives/edgar/data/900075/000090007517000062/,,14
Copart,CPRT,2017Q4,2017-10-31,분기말 부채총계,873761000,USD,공시,https://www.sec.gov/Archives/edgar/data/900075/000090007517000062/,,14
Copart,CPRT,2017Q4,2017-10-31,분기말 총자본(자기자본),미확인,USD,미확인,https://www.sec.gov/Archives/edgar/data/900075/000090007517000062/,자체 검증 실패: 총자본 1188909000 ≠ 지배 1188909000 + 비지배 578000,14
Copart,CPRT,2017Q4,2017-10-31,분기말 지배지분 자본,미확인,USD,미확인,https://www.sec.gov/Archives/edgar/data/900075/000090007517000062/,자체 검증 실패: 총자본 1188909000 ≠ 지배 1188909000 + 비지배 578000,14
Copart,CPRT,2017Q4,2017-10-31,분기말 종가,36.29,USD,API,https://query1.finance.yahoo.com/v8/finance/chart/CPRT?interval=1d&events=splits (2017-10-31),분할조정 종가 9.0725 × 이후 분할계수 4,14
Copart,CPRT,2017Q4,2017-11-27,분기말 상장주식수,231303973,주,공시(표지 기준일),https://www.sec.gov/Archives/edgar/data/900075/000090007517000062/,dei:EntityCommonStockSharesOutstanding 클래스 합,14
Copart,CPRT,2017Q4,2017-10-31,분기말 시가총액,8394021180,USD,계산(종가×주식수),https://query1.finance.yahoo.com/v8/finance/chart/CPRT?interval=1d&events=splits (2017-10-31) ; https://www.sec.gov/Archives/edgar/data/900075/000090007517000062/,종가 36.29 × 주식수 231303973,14
Copart,CPRT,2018Q1,2018-01-31,분기별 매출액,459106000,USD,공시,https://www.sec.gov/Archives/edgar/data/900075/000090007518000015/,,14
Copart,CPRT,2018Q1,2018-01-31,분기별 영업이익,150947000,USD,공시,https://www.sec.gov/Archives/edgar/data/900075/000090007518000015/,,14
Copart,CPRT,2018Q1,2018-01-31,분기별 당기순이익(지배),103256000,USD,공시,https://www.sec.gov/Archives/edgar/data/900075/000090007518000015/,,14
Copart,CPRT,2018Q1,2018-01-31,분기별 영업활동현금흐름,93033000,USD,계산(누적차감),https://www.sec.gov/Archives/edgar/data/900075/000090007518000015/ ; https://www.sec.gov/Archives/edgar/data/900075/000090007517000062/,누적 186393000 − 직전누적 93360000 (시작 2017-08-01),14
Copart,CPRT,2018Q1,2018-01-31,분기말 자산총계,2143541000,USD,공시,https://www.sec.gov/Archives/edgar/data/900075/000090007518000015/,,14
Copart,CPRT,2018Q1,2018-01-31,분기말 부채총계,811750000,USD,공시,https://www.sec.gov/Archives/edgar/data/900075/000090007518000015/,,14
Copart,CPRT,2018Q1,2018-01-31,분기말 총자본(자기자본),미확인,USD,미확인,https://www.sec.gov/Archives/edgar/data/900075/000090007518000015/,자체 검증 실패: 총자본 1331791000 ≠ 지배 1331791000 + 비지배 623000,14
Copart,CPRT,2018Q1,2018-01-31,분기말 지배지분 자본,미확인,USD,미확인,https://www.sec.gov/Archives/edgar/data/900075/000090007518000015/,자체 검증 실패: 총자본 1331791000 ≠ 지배 1331791000 + 비지배 623000,14
Copart,CPRT,2018Q1,2018-01-31,분기말 종가,44.07,USD,API,https://query1.finance.yahoo.com/v8/finance/chart/CPRT?interval=1d&events=splits (2018-01-31),분할조정 종가 11.0175 × 이후 분할계수 4,14
Copart,CPRT,2018Q1,2018-02-26,분기말 상장주식수,231994303,주,공시(표지 기준일),https://www.sec.gov/Archives/edgar/data/900075/000090007518000015/,dei:EntityCommonStockSharesOutstanding 클래스 합,14
Copart,CPRT,2018Q1,2018-01-31,분기말 시가총액,10223988933,USD,계산(종가×주식수),https://query1.finance.yahoo.com/v8/finance/chart/CPRT?interval=1d&events=splits (2018-01-31) ; https://www.sec.gov/Archives/edgar/data/900075/000090007518000015/,종가 44.07 × 주식수 231994303,14
Copart,CPRT,2018Q2,2018-04-30,분기별 매출액,478198000,USD,공시,https://www.sec.gov/Archives/edgar/data/900075/000090007518000025/,,14
Copart,CPRT,2018Q2,2018-04-30,분기별 영업이익,174619000,USD,공시,https://www.sec.gov/Archives/edgar/data/900075/000090007518000025/,,14
Copart,CPRT,2018Q2,2018-04-30,분기별 당기순이익(지배),127348000,USD,공시,https://www.sec.gov/Archives/edgar/data/900075/000090007518000025/,,14
Copart,CPRT,2018Q2,2018-04-30,분기별 영업활동현금흐름,190804000,USD,계산(누적차감),https://www.sec.gov/Archives/edgar/data/900075/000090007518000025/ ; https://www.sec.gov/Archives/edgar/data/900075/000090007518000015/,누적 377197000 − 직전누적 186393000 (시작 2017-08-01),14
Copart,CPRT,2018Q2,2018-04-30,분기말 자산총계,2165193000,USD,공시,https://www.sec.gov/Archives/edgar/data/900075/000090007518000025/,,14
Copart,CPRT,2018Q2,2018-04-30,분기말 부채총계,704381000,USD,공시,https://www.sec.gov/Archives/edgar/data/900075/000090007518000025/,,14
Copart,CPRT,2018Q2,2018-04-30,분기말 총자본(자기자본),미확인,USD,미확인,https://www.sec.gov/Archives/edgar/data/900075/000090007518000025/,자체 검증 실패: 총자본 1460812000 ≠ 지배 1460812000 + 비지배 681000,14
Copart,CPRT,2018Q2,2018-04-30,분기말 지배지분 자본,미확인,USD,미확인,https://www.sec.gov/Archives/edgar/data/900075/000090007518000025/,자체 검증 실패: 총자본 1460812000 ≠ 지배 1460812000 + 비지배 681000,14
Copart,CPRT,2018Q2,2018-04-30,분기말 종가,51.08,USD,API,https://query1.finance.yahoo.com/v8/finance/chart/CPRT?interval=1d&events=splits (2018-04-30),분할조정 종가 12.77 × 이후 분할계수 4,14
Copart,CPRT,2018Q2,2018-05-24,분기말 상장주식수,232278137,주,공시(표지 기준일),https://www.sec.gov/Archives/edgar/data/900075/000090007518000025/,dei:EntityCommonStockSharesOutstanding 클래스 합,14
Copart,CPRT,2018Q2,2018-04-30,분기말 시가총액,11864767238,USD,계산(종가×주식수),https://query1.finance.yahoo.com/v8/finance/chart/CPRT?interval=1d&events=splits (2018-04-30) ; https://www.sec.gov/Archives/edgar/data/900075/000090007518000025/,종가 51.08 × 주식수 232278137,14
Copart,CPRT,2018Q3,2018-07-31,분기별 매출액,449223000,USD,계산(연간-3분기누적),https://www.sec.gov/Archives/edgar/data/900075/000090007518000048/ ; https://www.sec.gov/Archives/edgar/data/900075/000090007518000025/,연간 1805695000 − 9개월누적 1356472000 (Revenues),14
Copart,CPRT,2018Q3,2018-07-31,분기별 영업이익,134837000,USD,계산(연간-3분기누적),https://www.sec.gov/Archives/edgar/data/900075/000090007518000048/ ; https://www.sec.gov/Archives/edgar/data/900075/000090007518000025/,연간 584345000 − 9개월누적 449508000 (OperatingIncomeLoss),14
Copart,CPRT,2018Q3,2018-07-31,분기별 당기순이익(지배),109748000,USD,계산(연간-3분기누적),https://www.sec.gov/Archives/edgar/data/900075/000090007518000048/ ; https://www.sec.gov/Archives/edgar/data/900075/000090007518000025/,연간 417867000 − 9개월누적 308119000 (NetIncomeLoss),14
Copart,CPRT,2018Q3,2018-07-31,분기별 영업활동현금흐름,157872000,USD,계산(누적차감),https://www.sec.gov/Archives/edgar/data/900075/000090007518000048/ ; https://www.sec.gov/Archives/edgar/data/900075/000090007518000025/,누적 535069000 − 직전누적 377197000 (시작 2017-08-01),14
Copart,CPRT,2018Q3,2018-07-31,분기말 자산총계,2307698000,USD,공시,https://www.sec.gov/Archives/edgar/data/900075/000090007518000048/,,14
Copart,CPRT,2018Q3,2018-07-31,분기말 부채총계,726599000,USD,공시,https://www.sec.gov/Archives/edgar/data/900075/000090007518000048/,,14
Copart,CPRT,2018Q3,2018-07-31,분기말 총자본(자기자본),1581099000,USD,공시,https://www.sec.gov/Archives/edgar/data/900075/000090007518000048/,,14
Copart,CPRT,2018Q3,2018-07-31,분기말 지배지분 자본,1581099000,USD,계산(총자본-비지배),https://www.sec.gov/Archives/edgar/data/900075/000090007518000048/,총자본 1581099000 − 비지배 0,14
Copart,CPRT,2018Q3,2018-07-31,분기말 종가,57.39,USD,API,https://query1.finance.yahoo.com/v8/finance/chart/CPRT?interval=1d&events=splits (2018-07-31),분할조정 종가 14.3475 × 이후 분할계수 4,14
Copart,CPRT,2018Q3,2018-09-28,분기말 상장주식수,233916190,주,공시(표지 기준일),https://www.sec.gov/Archives/edgar/data/900075/000090007518000048/,dei:EntityCommonStockSharesOutstanding 클래스 합,14
Copart,CPRT,2018Q3,2018-07-31,분기말 시가총액,13424450144,USD,계산(종가×주식수),https://query1.finance.yahoo.com/v8/finance/chart/CPRT?interval=1d&events=splits (2018-07-31) ; https://www.sec.gov/Archives/edgar/data/900075/000090007518000048/,종가 57.39 × 주식수 233916190,14
Copart,CPRT,2018Q4,2018-10-31,분기별 매출액,461368000,USD,공시,https://www.sec.gov/Archives/edgar/data/900075/000090007518000067/,,14
Copart,CPRT,2018Q4,2018-10-31,분기별 영업이익,151440000,USD,공시,https://www.sec.gov/Archives/edgar/data/900075/000090007518000067/,,14
Copart,CPRT,2018Q4,2018-10-31,분기별 당기순이익(지배),114083000,USD,공시,https://www.sec.gov/Archives/edgar/data/900075/000090007518000067/,,14
Copart,CPRT,2018Q4,2018-10-31,분기별 영업활동현금흐름,107683000,USD,공시,https://www.sec.gov/Archives/edgar/data/900075/000090007518000067/,,14
Copart,CPRT,2018Q4,2018-10-31,분기말 자산총계,2381788000,USD,공시,https://www.sec.gov/Archives/edgar/data/900075/000090007518000067/,,14
Copart,CPRT,2018Q4,2018-10-31,분기말 부채총계,710028000,USD,공시,https://www.sec.gov/Archives/edgar/data/900075/000090007518000067/,,14
Copart,CPRT,2018Q4,2018-10-31,분기말 총자본(자기자본),1671760000,USD,공시(비지배 없음),https://www.sec.gov/Archives/edgar/data/900075/000090007518000067/,"StockholdersEquity, MinorityInterest 태그 없음",14
Copart,CPRT,2018Q4,2018-10-31,분기말 지배지분 자본,1671760000,USD,공시,https://www.sec.gov/Archives/edgar/data/900075/000090007518000067/,,14
Copart,CPRT,2018Q4,2018-10-31,분기말 종가,48.91,USD,API,https://query1.finance.yahoo.com/v8/finance/chart/CPRT?interval=1d&events=splits (2018-10-31),분할조정 종가 12.2275 × 이후 분할계수 4,14
Copart,CPRT,2018Q4,2018-11-28,분기말 상장주식수,234015480,주,공시(표지 기준일),https://www.sec.gov/Archives/edgar/data/900075/000090007518000067/,dei:EntityCommonStockSharesOutstanding 클래스 합,14
Copart,CPRT,2018Q4,2018-10-31,분기말 시가총액,11445697127,USD,계산(종가×주식수),https://query1.finance.yahoo.com/v8/finance/chart/CPRT?interval=1d&events=splits (2018-10-31) ; https://www.sec.gov/Archives/edgar/data/900075/000090007518000067/,종가 48.91 × 주식수 234015480,14
Copart,CPRT,2019Q1,2019-01-31,분기별 매출액,484898000,USD,공시,https://www.sec.gov/Archives/edgar/data/900075/000090007519000008/,,14
Copart,CPRT,2019Q1,2019-01-31,분기별 영업이익,164739000,USD,공시,https://www.sec.gov/Archives/edgar/data/900075/000090007519000008/,,14
Copart,CPRT,2019Q1,2019-01-31,분기별 당기순이익(지배),131373000,USD,공시,https://www.sec.gov/Archives/edgar/data/900075/000090007519000008/,,14
Copart,CPRT,2019Q1,2019-01-31,분기별 영업활동현금흐름,107521000,USD,계산(누적차감),https://www.sec.gov/Archives/edgar/data/900075/000090007519000008/ ; https://www.sec.gov/Archives/edgar/data/900075/000090007518000067/,누적 215204000 − 직전누적 107683000 (시작 2018-08-01),14
Copart,CPRT,2019Q1,2019-01-31,분기말 자산총계,2296905000,USD,공시,https://www.sec.gov/Archives/edgar/data/900075/000090007519000008/,,14
Copart,CPRT,2019Q1,2019-01-31,분기말 부채총계,836952000,USD,공시,https://www.sec.gov/Archives/edgar/data/900075/000090007519000008/,,14
Copart,CPRT,2019Q1,2019-01-31,분기말 총자본(자기자본),1459953000,USD,공시,https://www.sec.gov/Archives/edgar/data/900075/000090007519000008/,,14
Copart,CPRT,2019Q1,2019-01-31,분기말 지배지분 자본,1459953000,USD,공시,https://www.sec.gov/Archives/edgar/data/900075/000090007519000008/,,14
Copart,CPRT,2019Q1,2019-01-31,분기말 종가,50.63,USD,API,https://query1.finance.yahoo.com/v8/finance/chart/CPRT?interval=1d&events=splits (2019-01-31),분할조정 종가 12.6575 × 이후 분할계수 4,14
Copart,CPRT,2019Q1,2019-02-27,분기말 상장주식수,228205906,주,공시(표지 기준일),https://www.sec.gov/Archives/edgar/data/900075/000090007519000008/,dei:EntityCommonStockSharesOutstanding 클래스 합,14
Copart,CPRT,2019Q1,2019-01-31,분기말 시가총액,11554065021,USD,계산(종가×주식수),https://query1.finance.yahoo.com/v8/finance/chart/CPRT?interval=1d&events=splits (2019-01-31) ; https://www.sec.gov/Archives/edgar/data/900075/000090007519000008/,종가 50.63 × 주식수 228205906,14
Copart,CPRT,2019Q2,2019-04-30,분기별 매출액,553116000,USD,공시,https://www.sec.gov/Archives/edgar/data/900075/000090007519000014/,,14
Copart,CPRT,2019Q2,2019-04-30,분기별 영업이익,207494000,USD,공시,https://www.sec.gov/Archives/edgar/data/900075/000090007519000014/,,14
Copart,CPRT,2019Q2,2019-04-30,분기별 당기순이익(지배),192741000,USD,공시,https://www.sec.gov/Archives/edgar/data/900075/000090007519000014/,,14
Copart,CPRT,2019Q2,2019-04-30,분기별 영업활동현금흐름,238292000,USD,계산(누적차감),https://www.sec.gov/Archives/edgar/data/900075/000090007519000014/ ; https://www.sec.gov/Archives/edgar/data/900075/000090007519000008/,누적 453496000 − 직전누적 215204000 (시작 2018-08-01),14
Copart,CPRT,2019Q2,2019-04-30,분기말 자산총계,2391763000,USD,공시,https://www.sec.gov/Archives/edgar/data/900075/000090007519000014/,,14
Copart,CPRT,2019Q2,2019-04-30,분기말 부채총계,772911000,USD,공시,https://www.sec.gov/Archives/edgar/data/900075/000090007519000014/,,14
Copart,CPRT,2019Q2,2019-04-30,분기말 총자본(자기자본),1618852000,USD,공시,https://www.sec.gov/Archives/edgar/data/900075/000090007519000014/,,14
Copart,CPRT,2019Q2,2019-04-30,분기말 지배지분 자본,1618852000,USD,공시,https://www.sec.gov/Archives/edgar/data/900075/000090007519000014/,,14
Copart,CPRT,2019Q2,2019-04-30,분기말 종가,67.32,USD,API,https://query1.finance.yahoo.com/v8/finance/chart/CPRT?interval=1d&events=splits (2019-04-30),분할조정 종가 16.83 × 이후 분할계수 4,14
Copart,CPRT,2019Q2,2019-05-28,분기말 상장주식수,229112884,주,공시(표지 기준일),https://www.sec.gov/Archives/edgar/data/900075/000090007519000014/,dei:EntityCommonStockSharesOutstanding 클래스 합,14
Copart,CPRT,2019Q2,2019-04-30,분기말 시가총액,15423879351,USD,계산(종가×주식수),https://query1.finance.yahoo.com/v8/finance/chart/CPRT?interval=1d&events=splits (2019-04-30) ; https://www.sec.gov/Archives/edgar/data/900075/000090007519000014/,종가 67.32 × 주식수 229112884,14
Copart,CPRT,2019Q3,2019-07-31,분기별 매출액,542575000,USD,계산(연간-3분기누적),https://www.sec.gov/Archives/edgar/data/900075/000090007519000022/ ; https://www.sec.gov/Archives/edgar/data/900075/000090007519000014/,연간 2041957000 − 9개월누적 1499382000 (RevenueFromContractWithCustomerIncludingAssessedTax),14
Copart,CPRT,2019Q3,2019-07-31,분기별 영업이익,192802000,USD,계산(연간-3분기누적),https://www.sec.gov/Archives/edgar/data/900075/000090007519000022/ ; https://www.sec.gov/Archives/edgar/data/900075/000090007519000014/,연간 716475000 − 9개월누적 523673000 (OperatingIncomeLoss),14
Copart,CPRT,2019Q3,2019-07-31,분기별 당기순이익(지배),153496000,USD,계산(연간-3분기누적),https://www.sec.gov/Archives/edgar/data/900075/000090007519000022/ ; https://www.sec.gov/Archives/edgar/data/900075/000090007519000014/,연간 591693000 − 9개월누적 438197000 (NetIncomeLoss),14
Copart,CPRT,2019Q3,2019-07-31,분기별 영업활동현금흐름,193150000,USD,계산(누적차감),https://www.sec.gov/Archives/edgar/data/900075/000090007519000022/ ; https://www.sec.gov/Archives/edgar/data/900075/000090007519000014/,누적 646646000 − 직전누적 453496000 (시작 2018-08-01),14
Copart,CPRT,2019Q3,2019-07-31,분기말 자산총계,2547617000,USD,공시,https://www.sec.gov/Archives/edgar/data/900075/000090007519000022/,,14
Copart,CPRT,2019Q3,2019-07-31,분기말 부채총계,769236000,USD,공시,https://www.sec.gov/Archives/edgar/data/900075/000090007519000022/,,14
Copart,CPRT,2019Q3,2019-07-31,분기말 총자본(자기자본),1778381000,USD,공시,https://www.sec.gov/Archives/edgar/data/900075/000090007519000022/,,14
Copart,CPRT,2019Q3,2019-07-31,분기말 지배지분 자본,1778381000,USD,공시(비지배 없음),https://www.sec.gov/Archives/edgar/data/900075/000090007519000022/,"StockholdersEquityIncludingPortionAttributableToNoncontrollingInterest, MinorityInterest 태그 없음",14
Copart,CPRT,2019Q3,2019-07-31,분기말 종가,77.53,USD,API,https://query1.finance.yahoo.com/v8/finance/chart/CPRT?interval=1d&events=splits (2019-07-31),분할조정 종가 19.3825 × 이후 분할계수 4,14
Copart,CPRT,2019Q3,2019-09-27,분기말 상장주식수,232250144,주,공시(표지 기준일),https://www.sec.gov/Archives/edgar/data/900075/000090007519000022/,dei:EntityCommonStockSharesOutstanding 클래스 합,14
Copart,CPRT,2019Q3,2019-07-31,분기말 시가총액,18006353664,USD,계산(종가×주식수),https://query1.finance.yahoo.com/v8/finance/chart/CPRT?interval=1d&events=splits (2019-07-31) ; https://www.sec.gov/Archives/edgar/data/900075/000090007519000022/,종가 77.53 × 주식수 232250144,14
Copart,CPRT,2019Q4,2019-10-31,분기별 매출액,554424000,USD,공시,https://www.sec.gov/Archives/edgar/data/900075/000090007519000028/,,14
Copart,CPRT,2019Q4,2019-10-31,분기별 영업이익,205391000,USD,공시,https://www.sec.gov/Archives/edgar/data/900075/000090007519000028/,,14
Copart,CPRT,2019Q4,2019-10-31,분기별 당기순이익(지배),218180000,USD,공시,https://www.sec.gov/Archives/edgar/data/900075/000090007519000028/,,14
Copart,CPRT,2019Q4,2019-10-31,분기별 영업활동현금흐름,212458000,USD,공시,https://www.sec.gov/Archives/edgar/data/900075/000090007519000028/,,14
Copart,CPRT,2019Q4,2019-10-31,분기말 자산총계,2855939000,USD,공시,https://www.sec.gov/Archives/edgar/data/900075/000090007519000028/,,14
Copart,CPRT,2019Q4,2019-10-31,분기말 부채총계,929340000,USD,공시,https://www.sec.gov/Archives/edgar/data/900075/000090007519000028/,,14
Copart,CPRT,2019Q4,2019-10-31,분기말 총자본(자기자본),1926599000,USD,공시(비지배 없음),https://www.sec.gov/Archives/edgar/data/900075/000090007519000028/,"StockholdersEquity, MinorityInterest 태그 없음",14
Copart,CPRT,2019Q4,2019-10-31,분기말 지배지분 자본,1926599000,USD,공시,https://www.sec.gov/Archives/edgar/data/900075/000090007519000028/,,14
Copart,CPRT,2019Q4,2019-10-31,분기말 종가,82.64,USD,API,https://query1.finance.yahoo.com/v8/finance/chart/CPRT?interval=1d&events=splits (2019-10-31),분할조정 종가 20.66 × 이후 분할계수 4,14
Copart,CPRT,2019Q4,2019-11-22,분기말 상장주식수,232454206,주,공시(표지 기준일),https://www.sec.gov/Archives/edgar/data/900075/000090007519000028/,dei:EntityCommonStockSharesOutstanding 클래스 합,14
Copart,CPRT,2019Q4,2019-10-31,분기말 시가총액,19210015584,USD,계산(종가×주식수),https://query1.finance.yahoo.com/v8/finance/chart/CPRT?interval=1d&events=splits (2019-10-31) ; https://www.sec.gov/Archives/edgar/data/900075/000090007519000028/,종가 82.64 × 주식수 232454206,14
Copart,CPRT,2020Q1,2020-01-31,분기별 매출액,575140000,USD,공시,https://www.sec.gov/Archives/edgar/data/900075/000090007520000006/,,14
Copart,CPRT,2020Q1,2020-01-31,분기별 영업이익,209892000,USD,공시,https://www.sec.gov/Archives/edgar/data/900075/000090007520000006/,,14
Copart,CPRT,2020Q1,2020-01-31,분기별 당기순이익(지배),168707000,USD,공시,https://www.sec.gov/Archives/edgar/data/900075/000090007520000006/,,14
Copart,CPRT,2020Q1,2020-01-31,분기별 영업활동현금흐름,144462000,USD,계산(누적차감),https://www.sec.gov/Archives/edgar/data/900075/000090007520000006/ ; https://www.sec.gov/Archives/edgar/data/900075/000090007519000028/,누적 356920000 − 직전누적 212458000 (시작 2019-08-01),14
Copart,CPRT,2020Q1,2020-01-31,분기말 자산총계,3048605000,USD,공시,https://www.sec.gov/Archives/edgar/data/900075/000090007520000006/,,14
Copart,CPRT,2020Q1,2020-01-31,분기말 부채총계,923876000,USD,공시,https://www.sec.gov/Archives/edgar/data/900075/000090007520000006/,,14
Copart,CPRT,2020Q1,2020-01-31,분기말 총자본(자기자본),2124729000,USD,공시(비지배 없음),https://www.sec.gov/Archives/edgar/data/900075/000090007520000006/,"StockholdersEquity, MinorityInterest 태그 없음",14
Copart,CPRT,2020Q1,2020-01-31,분기말 지배지분 자본,2124729000,USD,공시,https://www.sec.gov/Archives/edgar/data/900075/000090007520000006/,,14
Copart,CPRT,2020Q1,2020-01-31,분기말 종가,101.46,USD,API,https://query1.finance.yahoo.com/v8/finance/chart/CPRT?interval=1d&events=splits (2020-01-31),분할조정 종가 25.365 × 이후 분할계수 4,14
Copart,CPRT,2020Q1,2020-02-26,분기말 상장주식수,233705480,주,공시(표지 기준일),https://www.sec.gov/Archives/edgar/data/900075/000090007520000006/,dei:EntityCommonStockSharesOutstanding 클래스 합,14
Copart,CPRT,2020Q1,2020-01-31,분기말 시가총액,23711758001,USD,계산(종가×주식수),https://query1.finance.yahoo.com/v8/finance/chart/CPRT?interval=1d&events=splits (2020-01-31) ; https://www.sec.gov/Archives/edgar/data/900075/000090007520000006/,종가 101.46 × 주식수 233705480,14
Copart,CPRT,2020Q2,2020-04-30,분기별 매출액,550360000,USD,공시,https://www.sec.gov/Archives/edgar/data/900075/000090007520000014/,,14
Copart,CPRT,2020Q2,2020-04-30,분기별 영업이익,195101000,USD,공시,https://www.sec.gov/Archives/edgar/data/900075/000090007520000014/,,14
Copart,CPRT,2020Q2,2020-04-30,분기별 당기순이익(지배),147487000,USD,공시,https://www.sec.gov/Archives/edgar/data/900075/000090007520000014/,,14
Copart,CPRT,2020Q2,2020-04-30,분기별 영업활동현금흐름,294048000,USD,계산(누적차감),https://www.sec.gov/Archives/edgar/data/900075/000090007520000014/ ; https://www.sec.gov/Archives/edgar/data/900075/000090007520000006/,누적 650968000 − 직전누적 356920000 (시작 2019-08-01),14
Copart,CPRT,2020Q2,2020-04-30,분기말 자산총계,3161583000,USD,공시,https://www.sec.gov/Archives/edgar/data/900075/000090007520000014/,,14
Copart,CPRT,2020Q2,2020-04-30,분기말 부채총계,880572000,USD,공시,https://www.sec.gov/Archives/edgar/data/900075/000090007520000014/,,14
Copart,CPRT,2020Q2,2020-04-30,분기말 총자본(자기자본),2281011000,USD,공시(비지배 없음),https://www.sec.gov/Archives/edgar/data/900075/000090007520000014/,"StockholdersEquity, MinorityInterest 태그 없음",14
Copart,CPRT,2020Q2,2020-04-30,분기말 지배지분 자본,2281011000,USD,공시,https://www.sec.gov/Archives/edgar/data/900075/000090007520000014/,,14
Copart,CPRT,2020Q2,2020-04-30,분기말 종가,80.11,USD,API,https://query1.finance.yahoo.com/v8/finance/chart/CPRT?interval=1d&events=splits (2020-04-30),분할조정 종가 20.0275 × 이후 분할계수 4,14
Copart,CPRT,2020Q2,2020-05-26,분기말 상장주식수,234777526,주,공시(표지 기준일),https://www.sec.gov/Archives/edgar/data/900075/000090007520000014/,dei:EntityCommonStockSharesOutstanding 클래스 합,14
Copart,CPRT,2020Q2,2020-04-30,분기말 시가총액,18808027608,USD,계산(종가×주식수),https://query1.finance.yahoo.com/v8/finance/chart/CPRT?interval=1d&events=splits (2020-04-30) ; https://www.sec.gov/Archives/edgar/data/900075/000090007520000014/,종가 80.11 × 주식수 234777526,14
Copart,CPRT,2020Q3,2020-07-31,분기별 매출액,525659000,USD,계산(연간-3분기누적),https://www.sec.gov/Archives/edgar/data/900075/000090007520000021/ ; https://www.sec.gov/Archives/edgar/data/900075/000090007520000014/,연간 2205583000 − 9개월누적 1679924000 (RevenueFromContractWithCustomerIncludingAssessedTax),14
Copart,CPRT,2020Q3,2020-07-31,분기별 영업이익,205715000,USD,계산(연간-3분기누적),https://www.sec.gov/Archives/edgar/data/900075/000090007520000021/ ; https://www.sec.gov/Archives/edgar/data/900075/000090007520000014/,연간 816099000 − 9개월누적 610384000 (OperatingIncomeLoss),14
Copart,CPRT,2020Q3,2020-07-31,분기별 당기순이익(지배),165533000,USD,계산(연간-3분기누적),https://www.sec.gov/Archives/edgar/data/900075/000090007520000021/ ; https://www.sec.gov/Archives/edgar/data/900075/000090007520000014/,연간 699907000 − 9개월누적 534374000 (NetIncomeLoss),14
Copart,CPRT,2020Q3,2020-07-31,분기별 영업활동현금흐름,266917000,USD,계산(누적차감),https://www.sec.gov/Archives/edgar/data/900075/000090007520000021/ ; https://www.sec.gov/Archives/edgar/data/900075/000090007520000014/,누적 917885000 − 직전누적 650968000 (시작 2019-08-01),14
Copart,CPRT,2020Q3,2020-07-31,분기말 자산총계,3455261000,USD,공시,https://www.sec.gov/Archives/edgar/data/900075/000090007520000021/,,14
Copart,CPRT,2020Q3,2020-07-31,분기말 부채총계,965745000,USD,공시,https://www.sec.gov/Archives/edgar/data/900075/000090007520000021/,,14
Copart,CPRT,2020Q3,2020-07-31,분기말 총자본(자기자본),2489516000,USD,공시,https://www.sec.gov/Archives/edgar/data/900075/000090007520000021/,,14
Copart,CPRT,2020Q3,2020-07-31,분기말 지배지분 자본,2489516000,USD,공시(비지배 없음),https://www.sec.gov/Archives/edgar/data/900075/000090007520000021/,"StockholdersEquityIncludingPortionAttributableToNoncontrollingInterest, MinorityInterest 태그 없음",14
Copart,CPRT,2020Q3,2020-07-31,분기말 종가,93.25,USD,API,https://query1.finance.yahoo.com/v8/finance/chart/CPRT?interval=1d&events=splits (2020-07-31),분할조정 종가 23.3125 × 이후 분할계수 4,14
Copart,CPRT,2020Q3,2020-09-25,분기말 상장주식수,235971920,주,공시(표지 기준일),https://www.sec.gov/Archives/edgar/data/900075/000090007520000021/,dei:EntityCommonStockSharesOutstanding 클래스 합,14
Copart,CPRT,2020Q3,2020-07-31,분기말 시가총액,22004381540,USD,계산(종가×주식수),https://query1.finance.yahoo.com/v8/finance/chart/CPRT?interval=1d&events=splits (2020-07-31) ; https://www.sec.gov/Archives/edgar/data/900075/000090007520000021/,종가 93.25 × 주식수 235971920,14
Copart,CPRT,2020Q4,2020-10-31,분기별 매출액,592940000,USD,공시,https://www.sec.gov/Archives/edgar/data/900075/000090007520000029/,,14
Copart,CPRT,2020Q4,2020-10-31,분기별 영업이익,248594000,USD,공시,https://www.sec.gov/Archives/edgar/data/900075/000090007520000029/,,14
Copart,CPRT,2020Q4,2020-10-31,분기별 당기순이익(지배),200285000,USD,공시,https://www.sec.gov/Archives/edgar/data/900075/000090007520000029/,,14
Copart,CPRT,2020Q4,2020-10-31,분기별 영업활동현금흐름,258533000,USD,공시,https://www.sec.gov/Archives/edgar/data/900075/000090007520000029/,,14
Copart,CPRT,2020Q4,2020-10-31,분기말 자산총계,3741188000,USD,공시,https://www.sec.gov/Archives/edgar/data/900075/000090007520000029/,,14
Copart,CPRT,2020Q4,2020-10-31,분기말 부채총계,1030355000,USD,공시,https://www.sec.gov/Archives/edgar/data/900075/000090007520000029/,,14
Copart,CPRT,2020Q4,2020-10-31,분기말 총자본(자기자본),2710833000,USD,공시(비지배 없음),https://www.sec.gov/Archives/edgar/data/900075/000090007520000029/,"StockholdersEquity, MinorityInterest 태그 없음",14
Copart,CPRT,2020Q4,2020-10-31,분기말 지배지분 자본,2710833000,USD,공시,https://www.sec.gov/Archives/edgar/data/900075/000090007520000029/,,14
Copart,CPRT,2020Q4,2020-10-30,분기말 종가,110.36,USD,API,https://query1.finance.yahoo.com/v8/finance/chart/CPRT?interval=1d&events=splits (2020-10-30),분할조정 종가 27.59 × 이후 분할계수 4,14
Copart,CPRT,2020Q4,2020-11-19,분기말 상장주식수,236132878,주,공시(표지 기준일),https://www.sec.gov/Archives/edgar/data/900075/000090007520000029/,dei:EntityCommonStockSharesOutstanding 클래스 합,14
Copart,CPRT,2020Q4,2020-10-30,분기말 시가총액,26059624416,USD,계산(종가×주식수),https://query1.finance.yahoo.com/v8/finance/chart/CPRT?interval=1d&events=splits (2020-10-30) ; https://www.sec.gov/Archives/edgar/data/900075/000090007520000029/,종가 110.36 × 주식수 236132878,14
Copart,CPRT,2021Q1,2021-01-31,분기별 매출액,617031000,USD,공시,https://www.sec.gov/Archives/edgar/data/900075/000090007521000007/,,14
Copart,CPRT,2021Q1,2021-01-31,분기별 영업이익,258221000,USD,공시,https://www.sec.gov/Archives/edgar/data/900075/000090007521000007/,,14
Copart,CPRT,2021Q1,2021-01-31,분기별 당기순이익(지배),193440000,USD,공시,https://www.sec.gov/Archives/edgar/data/900075/000090007521000007/,,14
Copart,CPRT,2021Q1,2021-01-31,분기별 영업활동현금흐름,134508000,USD,계산(누적차감),https://www.sec.gov/Archives/edgar/data/900075/000090007521000007/ ; https://www.sec.gov/Archives/edgar/data/900075/000090007520000029/,누적 393041000 − 직전누적 258533000 (시작 2020-08-01),14
Copart,CPRT,2021Q1,2021-01-31,분기말 자산총계,3934438000,USD,공시,https://www.sec.gov/Archives/edgar/data/900075/000090007521000007/,,14
Copart,CPRT,2021Q1,2021-01-31,분기말 부채총계,991846000,USD,공시,https://www.sec.gov/Archives/edgar/data/900075/000090007521000007/,,14
Copart,CPRT,2021Q1,2021-01-31,분기말 총자본(자기자본),2942592000,USD,공시(비지배 없음),https://www.sec.gov/Archives/edgar/data/900075/000090007521000007/,"StockholdersEquity, MinorityInterest 태그 없음",14
Copart,CPRT,2021Q1,2021-01-31,분기말 지배지분 자본,2942592000,USD,공시,https://www.sec.gov/Archives/edgar/data/900075/000090007521000007/,,14
Copart,CPRT,2021Q1,2021-01-29,분기말 종가,109.75,USD,API,https://query1.finance.yahoo.com/v8/finance/chart/CPRT?interval=1d&events=splits (2021-01-29),분할조정 종가 27.4375 × 이후 분할계수 4,14
Copart,CPRT,2021Q1,2021-02-22,분기말 상장주식수,236316965,주,공시(표지 기준일),https://www.sec.gov/Archives/edgar/data/900075/000090007521000007/,dei:EntityCommonStockSharesOutstanding 클래스 합,14
Copart,CPRT,2021Q1,2021-01-29,분기말 시가총액,25935786909,USD,계산(종가×주식수),https://query1.finance.yahoo.com/v8/finance/chart/CPRT?interval=1d&events=splits (2021-01-29) ; https://www.sec.gov/Archives/edgar/data/900075/000090007521000007/,종가 109.75 × 주식수 236316965,14
Copart,CPRT,2021Q2,2021-04-30,분기별 매출액,733910000,USD,공시,https://www.sec.gov/Archives/edgar/data/900075/000090007521000014/,,14
Copart,CPRT,2021Q2,2021-04-30,분기별 영업이익,328111000,USD,공시,https://www.sec.gov/Archives/edgar/data/900075/000090007521000014/,,14
Copart,CPRT,2021Q2,2021-04-30,분기별 당기순이익(지배),286796000,USD,공시,https://www.sec.gov/Archives/edgar/data/900075/000090007521000014/,,14
Copart,CPRT,2021Q2,2021-04-30,분기별 영업활동현금흐름,369164000,USD,계산(누적차감),https://www.sec.gov/Archives/edgar/data/900075/000090007521000014/ ; https://www.sec.gov/Archives/edgar/data/900075/000090007521000007/,누적 762205000 − 직전누적 393041000 (시작 2020-08-01),14
Copart,CPRT,2021Q2,2021-04-30,분기말 자산총계,4281946000,USD,공시,https://www.sec.gov/Archives/edgar/data/900075/000090007521000014/,,14
Copart,CPRT,2021Q2,2021-04-30,분기말 부채총계,1032569000,USD,공시,https://www.sec.gov/Archives/edgar/data/900075/000090007521000014/,,14
Copart,CPRT,2021Q2,2021-04-30,분기말 총자본(자기자본),3249377000,USD,공시(비지배 없음),https://www.sec.gov/Archives/edgar/data/900075/000090007521000014/,"StockholdersEquity, MinorityInterest 태그 없음",14
Copart,CPRT,2021Q2,2021-04-30,분기말 지배지분 자본,3249377000,USD,공시,https://www.sec.gov/Archives/edgar/data/900075/000090007521000014/,,14
Copart,CPRT,2021Q2,2021-04-30,분기말 종가,124.51,USD,API,https://query1.finance.yahoo.com/v8/finance/chart/CPRT?interval=1d&events=splits (2021-04-30),분할조정 종가 31.1275 × 이후 분할계수 4,14
Copart,CPRT,2021Q2,2021-05-20,분기말 상장주식수,236578498,주,공시(표지 기준일),https://www.sec.gov/Archives/edgar/data/900075/000090007521000014/,dei:EntityCommonStockSharesOutstanding 클래스 합,14
Copart,CPRT,2021Q2,2021-04-30,분기말 시가총액,29456388786,USD,계산(종가×주식수),https://query1.finance.yahoo.com/v8/finance/chart/CPRT?interval=1d&events=splits (2021-04-30) ; https://www.sec.gov/Archives/edgar/data/900075/000090007521000014/,종가 124.51 × 주식수 236578498,14
Copart,CPRT,2021Q3,2021-07-31,분기별 매출액,748630000,USD,계산(연간-3분기누적),https://www.sec.gov/Archives/edgar/data/900075/000090007521000022/ ; https://www.sec.gov/Archives/edgar/data/900075/000090007521000014/,연간 2692511000 − 9개월누적 1943881000 (RevenueFromContractWithCustomerIncludingAssessedTax),14
Copart,CPRT,2021Q3,2021-07-31,분기별 영업이익,301500000,USD,계산(연간-3분기누적),https://www.sec.gov/Archives/edgar/data/900075/000090007521000022/ ; https://www.sec.gov/Archives/edgar/data/900075/000090007521000014/,연간 1136426000 − 9개월누적 834926000 (OperatingIncomeLoss),14
Copart,CPRT,2021Q3,2021-07-31,분기별 당기순이익(지배),255974000,USD,"계산(연간-3분기누적, 비지배 없음)",https://www.sec.gov/Archives/edgar/data/900075/000090007521000022/ ; https://www.sec.gov/Archives/edgar/data/900075/000090007521000014/,연간 936495000 − 9개월누적 680521000 (ProfitLoss),14
Copart,CPRT,2021Q3,2021-07-31,분기별 영업활동현금흐름,228686000,USD,계산(누적차감),https://www.sec.gov/Archives/edgar/data/900075/000090007521000022/ ; https://www.sec.gov/Archives/edgar/data/900075/000090007521000014/,누적 990891000 − 직전누적 762205000 (시작 2020-08-01),14
Copart,CPRT,2021Q3,2021-07-31,분기말 자산총계,4562143000,USD,공시,https://www.sec.gov/Archives/edgar/data/900075/000090007521000022/,,14
Copart,CPRT,2021Q3,2021-07-31,분기말 부채총계,1032942000,USD,공시,https://www.sec.gov/Archives/edgar/data/900075/000090007521000022/,,14
Copart,CPRT,2021Q3,2021-07-31,분기말 총자본(자기자본),3529201000,USD,공시,https://www.sec.gov/Archives/edgar/data/900075/000090007521000022/,,14
Copart,CPRT,2021Q3,2021-07-31,분기말 지배지분 자본,3529201000,USD,공시(비지배 없음),https://www.sec.gov/Archives/edgar/data/900075/000090007521000022/,"StockholdersEquityIncludingPortionAttributableToNoncontrollingInterest, MinorityInterest 태그 없음",14
Copart,CPRT,2021Q3,2021-07-30,분기말 종가,147.0,USD,API,https://query1.finance.yahoo.com/v8/finance/chart/CPRT?interval=1d&events=splits (2021-07-30),분할조정 종가 36.75 × 이후 분할계수 4,14
Copart,CPRT,2021Q3,2021-09-23,분기말 상장주식수,237100519,주,공시(표지 기준일),https://www.sec.gov/Archives/edgar/data/900075/000090007521000022/,dei:EntityCommonStockSharesOutstanding 클래스 합,14
Copart,CPRT,2021Q3,2021-07-30,분기말 시가총액,34853776293,USD,계산(종가×주식수),https://query1.finance.yahoo.com/v8/finance/chart/CPRT?interval=1d&events=splits (2021-07-30) ; https://www.sec.gov/Archives/edgar/data/900075/000090007521000022/,종가 147.0 × 주식수 237100519,14
Copart,CPRT,2021Q4,2021-10-31,분기별 매출액,810132000,USD,공시,https://www.sec.gov/Archives/edgar/data/900075/000090007521000032/,,14
Copart,CPRT,2021Q4,2021-10-31,분기별 영업이익,330121000,USD,공시,https://www.sec.gov/Archives/edgar/data/900075/000090007521000032/,,14
Copart,CPRT,2021Q4,2021-10-31,분기별 당기순이익(지배),260363000,USD,공시,https://www.sec.gov/Archives/edgar/data/900075/000090007521000032/,,14
Copart,CPRT,2021Q4,2021-10-31,분기별 영업활동현금흐름,312540000,USD,공시,https://www.sec.gov/Archives/edgar/data/900075/000090007521000032/,,14
Copart,CPRT,2021Q4,2021-10-31,분기말 자산총계,4918852000,USD,공시,https://www.sec.gov/Archives/edgar/data/900075/000090007521000032/,,14
Copart,CPRT,2021Q4,2021-10-31,분기말 부채총계,1125031000,USD,공시,https://www.sec.gov/Archives/edgar/data/900075/000090007521000032/,,14
Copart,CPRT,2021Q4,2021-10-31,분기말 총자본(자기자본),3793821000,USD,공시(비지배 없음),https://www.sec.gov/Archives/edgar/data/900075/000090007521000032/,"StockholdersEquity, MinorityInterest 태그 없음",14
Copart,CPRT,2021Q4,2021-10-31,분기말 지배지분 자본,3793821000,USD,공시,https://www.sec.gov/Archives/edgar/data/900075/000090007521000032/,,14
Copart,CPRT,2021Q4,2021-10-29,분기말 종가,155.29,USD,API,https://query1.finance.yahoo.com/v8/finance/chart/CPRT?interval=1d&events=splits (2021-10-29),분할조정 종가 38.8225 × 이후 분할계수 4,14
Copart,CPRT,2021Q4,2021-11-18,분기말 상장주식수,237188461,주,공시(표지 기준일),https://www.sec.gov/Archives/edgar/data/900075/000090007521000032/,dei:EntityCommonStockSharesOutstanding 클래스 합,14
Copart,CPRT,2021Q4,2021-10-29,분기말 시가총액,36832996109,USD,계산(종가×주식수),https://query1.finance.yahoo.com/v8/finance/chart/CPRT?interval=1d&events=splits (2021-10-29) ; https://www.sec.gov/Archives/edgar/data/900075/000090007521000032/,종가 155.29 × 주식수 237188461,14
Copart,CPRT,2022Q1,2022-01-31,분기별 매출액,867460000,USD,공시,https://www.sec.gov/Archives/edgar/data/900075/000090007522000015/,,14
Copart,CPRT,2022Q1,2022-01-31,분기별 영업이익,347328000,USD,공시,https://www.sec.gov/Archives/edgar/data/900075/000090007522000015/,,14
Copart,CPRT,2022Q1,2022-01-31,분기별 당기순이익(지배),287412000,USD,공시,https://www.sec.gov/Archives/edgar/data/900075/000090007522000015/,,14
Copart,CPRT,2022Q1,2022-01-31,분기별 영업활동현금흐름,134008000,USD,계산(누적차감),https://www.sec.gov/Archives/edgar/data/900075/000090007522000015/ ; https://www.sec.gov/Archives/edgar/data/900075/000090007521000032/,누적 446548000 − 직전누적 312540000 (시작 2021-08-01),14
Copart,CPRT,2022Q1,2022-01-31,분기말 자산총계,5136956000,USD,공시,https://www.sec.gov/Archives/edgar/data/900075/000090007522000015/,,14
Copart,CPRT,2022Q1,2022-01-31,분기말 부채총계,1047100000,USD,공시,https://www.sec.gov/Archives/edgar/data/900075/000090007522000015/,,14
Copart,CPRT,2022Q1,2022-01-31,분기말 총자본(자기자본),4089856000,USD,공시(비지배 없음),https://www.sec.gov/Archives/edgar/data/900075/000090007522000015/,"StockholdersEquity, MinorityInterest 태그 없음",14
Copart,CPRT,2022Q1,2022-01-31,분기말 지배지분 자본,4089856000,USD,공시,https://www.sec.gov/Archives/edgar/data/900075/000090007522000015/,,14
Copart,CPRT,2022Q1,2022-01-31,분기말 종가,129.25,USD,API,https://query1.finance.yahoo.com/v8/finance/chart/CPRT?interval=1d&events=splits (2022-01-31),분할조정 종가 32.3125 × 이후 분할계수 4,14
Copart,CPRT,2022Q1,2022-02-28,분기말 상장주식수,237497303,주,공시(표지 기준일),https://www.sec.gov/Archives/edgar/data/900075/000090007522000015/,dei:EntityCommonStockSharesOutstanding 클래스 합,14
Copart,CPRT,2022Q1,2022-01-31,분기말 시가총액,30696526413,USD,계산(종가×주식수),https://query1.finance.yahoo.com/v8/finance/chart/CPRT?interval=1d&events=splits (2022-01-31) ; https://www.sec.gov/Archives/edgar/data/900075/000090007522000015/,종가 129.25 × 주식수 237497303,14
Copart,CPRT,2022Q2,2022-04-30,분기별 매출액,939941000,USD,공시,https://www.sec.gov/Archives/edgar/data/900075/000090007522000037/,,14
Copart,CPRT,2022Q2,2022-04-30,분기별 영업이익,372755000,USD,공시,https://www.sec.gov/Archives/edgar/data/900075/000090007522000037/,,14
Copart,CPRT,2022Q2,2022-04-30,분기별 당기순이익(지배),278620000,USD,공시,https://www.sec.gov/Archives/edgar/data/900075/000090007522000037/,,14
Copart,CPRT,2022Q2,2022-04-30,분기별 영업활동현금흐름,417306000,USD,계산(누적차감),https://www.sec.gov/Archives/edgar/data/900075/000090007522000037/ ; https://www.sec.gov/Archives/edgar/data/900075/000090007522000015/,누적 863854000 − 직전누적 446548000 (시작 2021-08-01),14
Copart,CPRT,2022Q2,2022-04-30,분기말 자산총계,5443874000,USD,공시,https://www.sec.gov/Archives/edgar/data/900075/000090007522000037/,,14
Copart,CPRT,2022Q2,2022-04-30,분기말 부채총계,1090820000,USD,공시,https://www.sec.gov/Archives/edgar/data/900075/000090007522000037/,,14
Copart,CPRT,2022Q2,2022-04-30,분기말 총자본(자기자본),4353054000,USD,공시(비지배 없음),https://www.sec.gov/Archives/edgar/data/900075/000090007522000037/,"StockholdersEquity, MinorityInterest 태그 없음",14
Copart,CPRT,2022Q2,2022-04-30,분기말 지배지분 자본,4353054000,USD,공시,https://www.sec.gov/Archives/edgar/data/900075/000090007522000037/,,14
Copart,CPRT,2022Q2,2022-04-29,분기말 종가,113.65,USD,API,https://query1.finance.yahoo.com/v8/finance/chart/CPRT?interval=1d&events=splits (2022-04-29),분할조정 종가 28.4125 × 이후 분할계수 4,14
Copart,CPRT,2022Q2,2022-05-24,분기말 상장주식수,237672576,주,공시(표지 기준일),https://www.sec.gov/Archives/edgar/data/900075/000090007522000037/,dei:EntityCommonStockSharesOutstanding 클래스 합,14
Copart,CPRT,2022Q2,2022-04-29,분기말 시가총액,27011488262,USD,계산(종가×주식수),https://query1.finance.yahoo.com/v8/finance/chart/CPRT?interval=1d&events=splits (2022-04-29) ; https://www.sec.gov/Archives/edgar/data/900075/000090007522000037/,종가 113.65 × 주식수 237672576,14
Copart,CPRT,2022Q3,2022-07-31,분기별 매출액,883388000,USD,계산(연간-3분기누적),https://www.sec.gov/Archives/edgar/data/900075/000090007522000050/ ; https://www.sec.gov/Archives/edgar/data/900075/000090007522000037/,연간 3500921000 − 9개월누적 2617533000 (RevenueFromContractWithCustomerIncludingAssessedTax),14
Copart,CPRT,2022Q3,2022-07-31,분기별 영업이익,324793000,USD,계산(연간-3분기누적),https://www.sec.gov/Archives/edgar/data/900075/000090007522000050/ ; https://www.sec.gov/Archives/edgar/data/900075/000090007522000037/,연간 1374997000 − 9개월누적 1050204000 (OperatingIncomeLoss),14
Copart,CPRT,2022Q3,2022-07-31,분기별 당기순이익(지배),263735000,USD,계산(연간-3분기누적),https://www.sec.gov/Archives/edgar/data/900075/000090007522000050/ ; https://www.sec.gov/Archives/edgar/data/900075/000090007522000037/,연간 1090130000 − 9개월누적 826395000 (NetIncomeLoss),14
Copart,CPRT,2022Q3,2022-07-31,분기별 영업활동현금흐름,312829000,USD,계산(누적차감),https://www.sec.gov/Archives/edgar/data/900075/000090007522000050/ ; https://www.sec.gov/Archives/edgar/data/900075/000090007522000037/,누적 1176683000 − 직전누적 863854000 (시작 2021-08-01),14
Copart,CPRT,2022Q3,2022-07-31,분기말 자산총계,5308864000,USD,공시,https://www.sec.gov/Archives/edgar/data/900075/000090007522000050/,,14
Copart,CPRT,2022Q3,2022-07-31,분기말 부채총계,683265000,USD,공시,https://www.sec.gov/Archives/edgar/data/900075/000090007522000050/,,14
Copart,CPRT,2022Q3,2022-07-31,분기말 총자본(자기자본),4625599000,USD,공시,https://www.sec.gov/Archives/edgar/data/900075/000090007522000050/,,14
Copart,CPRT,2022Q3,2022-07-31,분기말 지배지분 자본,4625599000,USD,공시,https://www.sec.gov/Archives/edgar/data/900075/000090007522000050/,,14
Copart,CPRT,2022Q3,2022-07-29,분기말 종가,128.1,USD,API,https://query1.finance.yahoo.com/v8/finance/chart/CPRT?interval=1d&events=splits (2022-07-29),분할조정 종가 32.025 × 이후 분할계수 4,14
Copart,CPRT,2022Q3,2022-09-26,분기말 상장주식수,238056756,주,공시(표지 기준일),https://www.sec.gov/Archives/edgar/data/900075/000090007522000050/,dei:EntityCommonStockSharesOutstanding 클래스 합,14
Copart,CPRT,2022Q3,2022-07-29,분기말 시가총액,30495070444,USD,계산(종가×주식수),https://query1.finance.yahoo.com/v8/finance/chart/CPRT?interval=1d&events=splits (2022-07-29) ; https://www.sec.gov/Archives/edgar/data/900075/000090007522000050/,종가 128.1 × 주식수 238056756,14
Copart,CPRT,2022Q4,2022-10-31,분기별 매출액,893372000,USD,공시,https://www.sec.gov/Archives/edgar/data/900075/000090007522000065/,,14
Copart,CPRT,2022Q4,2022-10-31,분기별 영업이익,311503000,USD,공시,https://www.sec.gov/Archives/edgar/data/900075/000090007522000065/,,14
Copart,CPRT,2022Q4,2022-10-31,분기별 당기순이익(지배),245848000,USD,공시,https://www.sec.gov/Archives/edgar/data/900075/000090007522000065/,,14
Copart,CPRT,2022Q4,2022-10-31,분기별 영업활동현금흐름,311559000,USD,공시,https://www.sec.gov/Archives/edgar/data/900075/000090007522000065/,,14
Copart,CPRT,2022Q4,2022-10-31,분기말 자산총계,5593677000,USD,공시,https://www.sec.gov/Archives/edgar/data/900075/000090007522000065/,,14
Copart,CPRT,2022Q4,2022-10-31,분기말 부채총계,740843000,USD,공시,https://www.sec.gov/Archives/edgar/data/900075/000090007522000065/,,14
Copart,CPRT,2022Q4,2022-10-31,분기말 총자본(자기자본),4852834000,USD,공시(비지배 없음),https://www.sec.gov/Archives/edgar/data/900075/000090007522000065/,"StockholdersEquity, MinorityInterest 태그 없음",14
Copart,CPRT,2022Q4,2022-10-31,분기말 지배지분 자본,4852834000,USD,공시,https://www.sec.gov/Archives/edgar/data/900075/000090007522000065/,,14
Copart,CPRT,2022Q4,2022-10-31,분기말 종가,115.02,USD,API,https://query1.finance.yahoo.com/v8/finance/chart/CPRT?interval=1d&events=splits (2022-10-31),분할조정 종가 28.755 × 이후 분할계수 4,14
Copart,CPRT,2022Q4,2022-11-17,분기말 상장주식수,476300011,주,공시(표지 기준일),https://www.sec.gov/Archives/edgar/data/900075/000090007522000065/,dei:EntityCommonStockSharesOutstanding 클래스 합; 표지 기준일이 분할 후,14
Copart,CPRT,2022Q4,2022-10-31,분기말 시가총액,27392013633,USD,계산(종가×주식수),https://query1.finance.yahoo.com/v8/finance/chart/CPRT?interval=1d&events=splits (2022-10-31) ; https://www.sec.gov/Archives/edgar/data/900075/000090007522000065/,종가 115.02 × 주식수 476300011 ÷ 분할비율 2 (분할일 2022-11-04가 거래일 2022-10-31와 표지 기준일 2022-11-17 사이),14
Copart,CPRT,2023Q1,2023-01-31,분기별 매출액,956724000,USD,공시,https://www.sec.gov/Archives/edgar/data/900075/000090007523000010/,,14
Copart,CPRT,2023Q1,2023-01-31,분기별 영업이익,365525000,USD,공시,https://www.sec.gov/Archives/edgar/data/900075/000090007523000010/,,14
Copart,CPRT,2023Q1,2023-01-31,분기별 당기순이익(지배),293677000,USD,공시,https://www.sec.gov/Archives/edgar/data/900075/000090007523000010/,,14
Copart,CPRT,2023Q1,2023-01-31,분기별 영업활동현금흐름,188274000,USD,계산(누적차감),https://www.sec.gov/Archives/edgar/data/900075/000090007523000010/ ; https://www.sec.gov/Archives/edgar/data/900075/000090007522000065/,누적 499833000 − 직전누적 311559000 (시작 2022-08-01),14
Copart,CPRT,2023Q1,2023-01-31,분기말 자산총계,5932408000,USD,공시,https://www.sec.gov/Archives/edgar/data/900075/000090007523000010/,,14
Copart,CPRT,2023Q1,2023-01-31,분기말 부채총계,718756000,USD,공시,https://www.sec.gov/Archives/edgar/data/900075/000090007523000010/,,14
Copart,CPRT,2023Q1,2023-01-31,분기말 총자본(자기자본),5213652000,USD,공시(비지배 없음),https://www.sec.gov/Archives/edgar/data/900075/000090007523000010/,"StockholdersEquity, MinorityInterest 태그 없음",14
Copart,CPRT,2023Q1,2023-01-31,분기말 지배지분 자본,5213652000,USD,공시,https://www.sec.gov/Archives/edgar/data/900075/000090007523000010/,,14
Copart,CPRT,2023Q1,2023-01-31,분기말 종가,66.61,USD,API,https://query1.finance.yahoo.com/v8/finance/chart/CPRT?interval=1d&events=splits (2023-01-31),분할조정 종가 33.305 × 이후 분할계수 2,14
Copart,CPRT,2023Q1,2023-02-23,분기말 상장주식수,476592516,주,공시(표지 기준일),https://www.sec.gov/Archives/edgar/data/900075/000090007523000010/,dei:EntityCommonStockSharesOutstanding 클래스 합,14
Copart,CPRT,2023Q1,2023-01-31,분기말 시가총액,31745827491,USD,계산(종가×주식수),https://query1.finance.yahoo.com/v8/finance/chart/CPRT?interval=1d&events=splits (2023-01-31) ; https://www.sec.gov/Archives/edgar/data/900075/000090007523000010/,종가 66.61 × 주식수 476592516,14
Copart,CPRT,2023Q2,2023-04-30,분기별 매출액,1021831000,USD,공시,https://www.sec.gov/Archives/edgar/data/900075/000090007523000021/,,14
Copart,CPRT,2023Q2,2023-04-30,분기별 영업이익,418924000,USD,공시,https://www.sec.gov/Archives/edgar/data/900075/000090007523000021/,,14
Copart,CPRT,2023Q2,2023-04-30,분기별 당기순이익(지배),350431000,USD,공시,https://www.sec.gov/Archives/edgar/data/900075/000090007523000021/,,14
Copart,CPRT,2023Q2,2023-04-30,분기별 영업활동현금흐름,505800000,USD,계산(누적차감),https://www.sec.gov/Archives/edgar/data/900075/000090007523000021/ ; https://www.sec.gov/Archives/edgar/data/900075/000090007523000010/,누적 1005633000 − 직전누적 499833000 (시작 2022-08-01),14
Copart,CPRT,2023Q2,2023-04-30,분기말 자산총계,6349805000,USD,공시,https://www.sec.gov/Archives/edgar/data/900075/000090007523000021/,,14
Copart,CPRT,2023Q2,2023-04-30,분기말 부채총계,757383000,USD,공시,https://www.sec.gov/Archives/edgar/data/900075/000090007523000021/,,14
Copart,CPRT,2023Q2,2023-04-30,분기말 총자본(자기자본),5592422000,USD,공시(비지배 없음),https://www.sec.gov/Archives/edgar/data/900075/000090007523000021/,"StockholdersEquity, MinorityInterest 태그 없음",14
Copart,CPRT,2023Q2,2023-04-30,분기말 지배지분 자본,5592422000,USD,공시,https://www.sec.gov/Archives/edgar/data/900075/000090007523000021/,,14
Copart,CPRT,2023Q2,2023-04-28,분기말 종가,79.05,USD,API,https://query1.finance.yahoo.com/v8/finance/chart/CPRT?interval=1d&events=splits (2023-04-28),분할조정 종가 39.525 × 이후 분할계수 2,14
Copart,CPRT,2023Q2,2023-05-24,분기말 상장주식수,477439836,주,공시(표지 기준일),https://www.sec.gov/Archives/edgar/data/900075/000090007523000021/,dei:EntityCommonStockSharesOutstanding 클래스 합,14
Copart,CPRT,2023Q2,2023-04-28,분기말 시가총액,37741619036,USD,계산(종가×주식수),https://query1.finance.yahoo.com/v8/finance/chart/CPRT?interval=1d&events=splits (2023-04-28) ; https://www.sec.gov/Archives/edgar/data/900075/000090007523000021/,종가 79.05 × 주식수 477439836,14
Copart,CPRT,2023Q3,2023-07-31,분기별 매출액,997591000,USD,계산(연간-3분기누적),https://www.sec.gov/Archives/edgar/data/900075/000090007523000034/ ; https://www.sec.gov/Archives/edgar/data/900075/000090007523000021/,연간 3869518000 − 9개월누적 2871927000 (RevenueFromContractWithCustomerIncludingAssessedTax),14
Copart,CPRT,2023Q3,2023-07-31,분기별 영업이익,390617000,USD,계산(연간-3분기누적),https://www.sec.gov/Archives/edgar/data/900075/000090007523000034/ ; https://www.sec.gov/Archives/edgar/data/900075/000090007523000021/,연간 1486569000 − 9개월누적 1095952000 (OperatingIncomeLoss),14
Copart,CPRT,2023Q3,2023-07-31,분기별 당기순이익(지배),347785000,USD,계산(연간-3분기누적),https://www.sec.gov/Archives/edgar/data/900075/000090007523000034/ ; https://www.sec.gov/Archives/edgar/data/900075/000090007523000021/,연간 1237741000 − 9개월누적 889956000 (NetIncomeLoss),14
Copart,CPRT,2023Q3,2023-07-31,분기별 영업활동현금흐름,358577000,USD,계산(누적차감),https://www.sec.gov/Archives/edgar/data/900075/000090007523000034/ ; https://www.sec.gov/Archives/edgar/data/900075/000090007523000021/,누적 1364210000 − 직전누적 1005633000 (시작 2022-08-01),14
Copart,CPRT,2023Q3,2023-07-31,분기말 자산총계,6737879000,USD,공시,https://www.sec.gov/Archives/edgar/data/900075/000090007523000034/,,14
Copart,CPRT,2023Q3,2023-07-31,분기말 부채총계,750439000,USD,공시,https://www.sec.gov/Archives/edgar/data/900075/000090007523000034/,,14
Copart,CPRT,2023Q3,2023-07-31,분기말 총자본(자기자본),5987440000,USD,공시(비지배 없음),https://www.sec.gov/Archives/edgar/data/900075/000090007523000034/,"StockholdersEquity, MinorityInterest 태그 없음",14
Copart,CPRT,2023Q3,2023-07-31,분기말 지배지분 자본,5987440000,USD,공시,https://www.sec.gov/Archives/edgar/data/900075/000090007523000034/,,14
Copart,CPRT,2023Q3,2023-07-31,분기말 종가,88.39,USD,API,https://query1.finance.yahoo.com/v8/finance/chart/CPRT?interval=1d&events=splits (2023-07-31),분할조정 종가 44.195 × 이후 분할계수 2,14
Copart,CPRT,2023Q3,2023-09-27,분기말 상장주식수,957355633,주,공시(표지 기준일),https://www.sec.gov/Archives/edgar/data/900075/000090007523000034/,dei:EntityCommonStockSharesOutstanding 클래스 합; 표지 기준일이 분할 후,14
Copart,CPRT,2023Q3,2023-07-31,분기말 시가총액,42310332200,USD,계산(종가×주식수),https://query1.finance.yahoo.com/v8/finance/chart/CPRT?interval=1d&events=splits (2023-07-31) ; https://www.sec.gov/Archives/edgar/data/900075/000090007523000034/,종가 88.39 × 주식수 957355633 ÷ 분할비율 2 (분할일 2023-08-22가 거래일 2023-07-31와 표지 기준일 2023-09-27 사이),14
Copart,CPRT,2023Q4,2023-10-31,분기별 매출액,1020416000,USD,공시,https://www.sec.gov/Archives/edgar/data/900075/000090007523000043/,,14
Copart,CPRT,2023Q4,2023-10-31,분기별 영업이익,395376000,USD,공시,https://www.sec.gov/Archives/edgar/data/900075/000090007523000043/,,14
Copart,CPRT,2023Q4,2023-10-31,분기별 당기순이익(지배),332527000,USD,공시,https://www.sec.gov/Archives/edgar/data/900075/000090007523000043/,,14
Copart,CPRT,2023Q4,2023-10-31,분기별 영업활동현금흐름,375246000,USD,공시,https://www.sec.gov/Archives/edgar/data/900075/000090007523000043/,,14
Copart,CPRT,2023Q4,2023-10-31,분기말 자산총계,7333786000,USD,공시,https://www.sec.gov/Archives/edgar/data/900075/000090007523000043/,,14
Copart,CPRT,2023Q4,2023-10-31,분기말 부채총계,897147000,USD,공시,https://www.sec.gov/Archives/edgar/data/900075/000090007523000043/,메자닌(일시자본) 25222000 별도,14
Copart,CPRT,2023Q4,2023-10-31,분기말 총자본(자기자본),6411417000,USD,공시,https://www.sec.gov/Archives/edgar/data/900075/000090007523000043/,,14
Copart,CPRT,2023Q4,2023-10-31,분기말 지배지분 자본,6411417000,USD,공시(비지배 없음),https://www.sec.gov/Archives/edgar/data/900075/000090007523000043/,"StockholdersEquityIncludingPortionAttributableToNoncontrollingInterest, MinorityInterest 태그 없음",14
Copart,CPRT,2023Q4,2023-10-31,분기말 종가,43.52,USD,API,https://query1.finance.yahoo.com/v8/finance/chart/CPRT?interval=1d&events=splits (2023-10-31),,14
Copart,CPRT,2023Q4,2023-11-17,분기말 상장주식수,960231442,주,공시(표지 기준일),https://www.sec.gov/Archives/edgar/data/900075/000090007523000043/,dei:EntityCommonStockSharesOutstanding 클래스 합,14
Copart,CPRT,2023Q4,2023-10-31,분기말 시가총액,41789272356,USD,계산(종가×주식수),https://query1.finance.yahoo.com/v8/finance/chart/CPRT?interval=1d&events=splits (2023-10-31) ; https://www.sec.gov/Archives/edgar/data/900075/000090007523000043/,종가 43.52 × 주식수 960231442,14
Copart,CPRT,2024Q1,2024-01-31,분기별 매출액,1020149000,USD,공시,https://www.sec.gov/Archives/edgar/data/900075/000090007524000007/,,14
Copart,CPRT,2024Q1,2024-01-31,분기별 영업이익,379900000,USD,공시,https://www.sec.gov/Archives/edgar/data/900075/000090007524000007/,,14
Copart,CPRT,2024Q1,2024-01-31,분기별 당기순이익(지배),325635000,USD,공시,https://www.sec.gov/Archives/edgar/data/900075/000090007524000007/,,14
Copart,CPRT,2024Q1,2024-01-31,분기별 영업활동현금흐름,161793000,USD,계산(누적차감),https://www.sec.gov/Archives/edgar/data/900075/000090007524000007/ ; https://www.sec.gov/Archives/edgar/data/900075/000090007523000043/,누적 537039000 − 직전누적 375246000 (시작 2023-08-01),14
Copart,CPRT,2024Q1,2024-01-31,분기말 자산총계,7598520000,USD,공시,https://www.sec.gov/Archives/edgar/data/900075/000090007524000007/,,14
Copart,CPRT,2024Q1,2024-01-31,분기말 부채총계,785806000,USD,공시,https://www.sec.gov/Archives/edgar/data/900075/000090007524000007/,메자닌(일시자본) 25114000 별도,14
Copart,CPRT,2024Q1,2024-01-31,분기말 총자본(자기자본),6787600000,USD,공시,https://www.sec.gov/Archives/edgar/data/900075/000090007524000007/,,14
Copart,CPRT,2024Q1,2024-01-31,분기말 지배지분 자본,6787600000,USD,공시(비지배 없음),https://www.sec.gov/Archives/edgar/data/900075/000090007524000007/,"StockholdersEquityIncludingPortionAttributableToNoncontrollingInterest, MinorityInterest 태그 없음",14
Copart,CPRT,2024Q1,2024-01-31,분기말 종가,48.04,USD,API,https://query1.finance.yahoo.com/v8/finance/chart/CPRT?interval=1d&events=splits (2024-01-31),,14
Copart,CPRT,2024Q1,2024-02-26,분기말 상장주식수,961461830,주,공시(표지 기준일),https://www.sec.gov/Archives/edgar/data/900075/000090007524000007/,dei:EntityCommonStockSharesOutstanding 클래스 합,14
Copart,CPRT,2024Q1,2024-01-31,분기말 시가총액,46188626313,USD,계산(종가×주식수),https://query1.finance.yahoo.com/v8/finance/chart/CPRT?interval=1d&events=splits (2024-01-31) ; https://www.sec.gov/Archives/edgar/data/900075/000090007524000007/,종가 48.04 × 주식수 961461830,14
Copart,CPRT,2024Q2,2024-04-30,분기별 매출액,1127259000,USD,공시,https://www.sec.gov/Archives/edgar/data/900075/000090007524000014/,,14
Copart,CPRT,2024Q2,2024-04-30,분기별 영업이익,437203000,USD,공시,https://www.sec.gov/Archives/edgar/data/900075/000090007524000014/,,14
Copart,CPRT,2024Q2,2024-04-30,분기별 당기순이익(지배),382291000,USD,공시,https://www.sec.gov/Archives/edgar/data/900075/000090007524000014/,,14
Copart,CPRT,2024Q2,2024-04-30,분기별 영업활동현금흐름,496304000,USD,계산(누적차감),https://www.sec.gov/Archives/edgar/data/900075/000090007524000014/ ; https://www.sec.gov/Archives/edgar/data/900075/000090007524000007/,누적 1033343000 − 직전누적 537039000 (시작 2023-08-01),14
Copart,CPRT,2024Q2,2024-04-30,분기말 자산총계,8010632000,USD,공시,https://www.sec.gov/Archives/edgar/data/900075/000090007524000014/,,14
Copart,CPRT,2024Q2,2024-04-30,분기말 부채총계,814446000,USD,공시,https://www.sec.gov/Archives/edgar/data/900075/000090007524000014/,메자닌(일시자본) 24933000 별도,14
Copart,CPRT,2024Q2,2024-04-30,분기말 총자본(자기자본),7171253000,USD,공시,https://www.sec.gov/Archives/edgar/data/900075/000090007524000014/,,14
Copart,CPRT,2024Q2,2024-04-30,분기말 지배지분 자본,7171253000,USD,공시(비지배 없음),https://www.sec.gov/Archives/edgar/data/900075/000090007524000014/,"StockholdersEquityIncludingPortionAttributableToNoncontrollingInterest, MinorityInterest 태그 없음",14
Copart,CPRT,2024Q2,2024-04-30,분기말 종가,54.31,USD,API,https://query1.finance.yahoo.com/v8/finance/chart/CPRT?interval=1d&events=splits (2024-04-30),,14
Copart,CPRT,2024Q2,2024-05-22,분기말 상장주식수,962297603,주,공시(표지 기준일),https://www.sec.gov/Archives/edgar/data/900075/000090007524000014/,dei:EntityCommonStockSharesOutstanding 클래스 합,14
Copart,CPRT,2024Q2,2024-04-30,분기말 시가총액,52262382819,USD,계산(종가×주식수),https://query1.finance.yahoo.com/v8/finance/chart/CPRT?interval=1d&events=splits (2024-04-30) ; https://www.sec.gov/Archives/edgar/data/900075/000090007524000014/,종가 54.31 × 주식수 962297603,14
Copart,CPRT,2024Q3,2024-07-31,분기별 매출액,1068999000,USD,계산(연간-3분기누적),https://www.sec.gov/Archives/edgar/data/900075/000090007524000024/ ; https://www.sec.gov/Archives/edgar/data/900075/000090007524000014/,연간 4236823000 − 9개월누적 3167824000 (RevenueFromContractWithCustomerIncludingAssessedTax),14
Copart,CPRT,2024Q3,2024-07-31,분기별 영업이익,359544000,USD,계산(연간-3분기누적),https://www.sec.gov/Archives/edgar/data/900075/000090007524000024/ ; https://www.sec.gov/Archives/edgar/data/900075/000090007524000014/,연간 1572023000 − 9개월누적 1212479000 (OperatingIncomeLoss),14
Copart,CPRT,2024Q3,2024-07-31,분기별 당기순이익(지배),322567000,USD,계산(연간-3분기누적),https://www.sec.gov/Archives/edgar/data/900075/000090007524000024/ ; https://www.sec.gov/Archives/edgar/data/900075/000090007524000014/,연간 1363020000 − 9개월누적 1040453000 (NetIncomeLoss),14
Copart,CPRT,2024Q3,2024-07-31,분기별 영업활동현금흐름,439221000,USD,계산(누적차감),https://www.sec.gov/Archives/edgar/data/900075/000090007524000024/ ; https://www.sec.gov/Archives/edgar/data/900075/000090007524000014/,누적 1472564000 − 직전누적 1033343000 (시작 2023-08-01),14
Copart,CPRT,2024Q3,2024-07-31,분기말 자산총계,8427764000,USD,공시,https://www.sec.gov/Archives/edgar/data/900075/000090007524000024/,,14
Copart,CPRT,2024Q3,2024-07-31,분기말 부채총계,879209000,USD,공시,https://www.sec.gov/Archives/edgar/data/900075/000090007524000024/,메자닌(일시자본) 24544000 별도,14
Copart,CPRT,2024Q3,2024-07-31,분기말 총자본(자기자본),7524011000,USD,공시,https://www.sec.gov/Archives/edgar/data/900075/000090007524000024/,,14
Copart,CPRT,2024Q3,2024-07-31,분기말 지배지분 자본,7524011000,USD,공시(비지배 없음),https://www.sec.gov/Archives/edgar/data/900075/000090007524000024/,"StockholdersEquityIncludingPortionAttributableToNoncontrollingInterest, MinorityInterest 태그 없음",14
Copart,CPRT,2024Q3,2024-07-31,분기말 종가,52.33,USD,API,https://query1.finance.yahoo.com/v8/finance/chart/CPRT?interval=1d&events=splits (2024-07-31),,14
Copart,CPRT,2024Q3,2024-09-26,분기말 상장주식수,963287376,주,공시(표지 기준일),https://www.sec.gov/Archives/edgar/data/900075/000090007524000024/,dei:EntityCommonStockSharesOutstanding 클래스 합,14
Copart,CPRT,2024Q3,2024-07-31,분기말 시가총액,50408828386,USD,계산(종가×주식수),https://query1.finance.yahoo.com/v8/finance/chart/CPRT?interval=1d&events=splits (2024-07-31) ; https://www.sec.gov/Archives/edgar/data/900075/000090007524000024/,종가 52.33 × 주식수 963287376,14
Copart,CPRT,2024Q4,2024-10-31,분기별 매출액,1146829000,USD,공시,https://www.sec.gov/Archives/edgar/data/900075/000090007524000030/,,14
Copart,CPRT,2024Q4,2024-10-31,분기별 영업이익,406367000,USD,공시,https://www.sec.gov/Archives/edgar/data/900075/000090007524000030/,,14
Copart,CPRT,2024Q4,2024-10-31,분기별 당기순이익(지배),362086000,USD,공시,https://www.sec.gov/Archives/edgar/data/900075/000090007524000030/,,14
Copart,CPRT,2024Q4,2024-10-31,분기별 영업활동현금흐름,482274000,USD,공시,https://www.sec.gov/Archives/edgar/data/900075/000090007524000030/,,14
Copart,CPRT,2024Q4,2024-10-31,분기말 자산총계,8869487000,USD,공시,https://www.sec.gov/Archives/edgar/data/900075/000090007524000030/,,14
Copart,CPRT,2024Q4,2024-10-31,분기말 부채총계,949541000,USD,공시,https://www.sec.gov/Archives/edgar/data/900075/000090007524000030/,메자닌(일시자본) 23634000 별도,14
Copart,CPRT,2024Q4,2024-10-31,분기말 총자본(자기자본),7896312000,USD,공시,https://www.sec.gov/Archives/edgar/data/900075/000090007524000030/,,14
Copart,CPRT,2024Q4,2024-10-31,분기말 지배지분 자본,7896312000,USD,공시(비지배 없음),https://www.sec.gov/Archives/edgar/data/900075/000090007524000030/,"StockholdersEquityIncludingPortionAttributableToNoncontrollingInterest, MinorityInterest 태그 없음",14
Copart,CPRT,2024Q4,2024-10-31,분기말 종가,51.47,USD,API,https://query1.finance.yahoo.com/v8/finance/chart/CPRT?interval=1d&events=splits (2024-10-31),,14
Copart,CPRT,2024Q4,2024-11-25,분기말 상장주식수,963528402,주,공시(표지 기준일),https://www.sec.gov/Archives/edgar/data/900075/000090007524000030/,dei:EntityCommonStockSharesOutstanding 클래스 합,14
Copart,CPRT,2024Q4,2024-10-31,분기말 시가총액,49592806851,USD,계산(종가×주식수),https://query1.finance.yahoo.com/v8/finance/chart/CPRT?interval=1d&events=splits (2024-10-31) ; https://www.sec.gov/Archives/edgar/data/900075/000090007524000030/,종가 51.47 × 주식수 963528402,14
Copart,CPRT,2025Q1,2025-01-31,분기별 매출액,1163316000,USD,공시,https://www.sec.gov/Archives/edgar/data/900075/000090007525000007/,,14
Copart,CPRT,2025Q1,2025-01-31,분기별 영업이익,426211000,USD,공시,https://www.sec.gov/Archives/edgar/data/900075/000090007525000007/,,14
Copart,CPRT,2025Q1,2025-01-31,분기별 당기순이익(지배),387400000,USD,공시,https://www.sec.gov/Archives/edgar/data/900075/000090007525000007/,,14
Copart,CPRT,2025Q1,2025-01-31,분기별 영업활동현금흐름,178127000,USD,계산(누적차감),https://www.sec.gov/Archives/edgar/data/900075/000090007525000007/ ; https://www.sec.gov/Archives/edgar/data/900075/000090007524000030/,누적 660401000 − 직전누적 482274000 (시작 2024-08-01),14
Copart,CPRT,2025Q1,2025-01-31,분기말 자산총계,9187347000,USD,공시,https://www.sec.gov/Archives/edgar/data/900075/000090007525000007/,,14
Copart,CPRT,2025Q1,2025-01-31,분기말 부채총계,863315000,USD,공시,https://www.sec.gov/Archives/edgar/data/900075/000090007525000007/,메자닌(일시자본) 22775000 별도,14
Copart,CPRT,2025Q1,2025-01-31,분기말 총자본(자기자본),8301257000,USD,공시,https://www.sec.gov/Archives/edgar/data/900075/000090007525000007/,,14
Copart,CPRT,2025Q1,2025-01-31,분기말 지배지분 자본,8301257000,USD,공시(비지배 없음),https://www.sec.gov/Archives/edgar/data/900075/000090007525000007/,"StockholdersEquityIncludingPortionAttributableToNoncontrollingInterest, MinorityInterest 태그 없음",14
Copart,CPRT,2025Q1,2025-01-31,분기말 종가,57.93,USD,API,https://query1.finance.yahoo.com/v8/finance/chart/CPRT?interval=1d&events=splits (2025-01-31),,14
Copart,CPRT,2025Q1,2025-02-25,분기말 상장주식수,966092956,주,공시(표지 기준일),https://www.sec.gov/Archives/edgar/data/900075/000090007525000007/,dei:EntityCommonStockSharesOutstanding 클래스 합,14
Copart,CPRT,2025Q1,2025-01-31,분기말 시가총액,55965764941,USD,계산(종가×주식수),https://query1.finance.yahoo.com/v8/finance/chart/CPRT?interval=1d&events=splits (2025-01-31) ; https://www.sec.gov/Archives/edgar/data/900075/000090007525000007/,종가 57.93 × 주식수 966092956,14
Copart,CPRT,2025Q2,2025-04-30,분기별 매출액,1211716000,USD,공시,https://www.sec.gov/Archives/edgar/data/900075/000162828025029093/,,14
Copart,CPRT,2025Q2,2025-04-30,분기별 영업이익,451545000,USD,공시,https://www.sec.gov/Archives/edgar/data/900075/000162828025029093/,,14
Copart,CPRT,2025Q2,2025-04-30,분기별 당기순이익(지배),406609000,USD,공시,https://www.sec.gov/Archives/edgar/data/900075/000162828025029093/,,14
Copart,CPRT,2025Q2,2025-04-30,분기별 영업활동현금흐름,700873000,USD,계산(누적차감),https://www.sec.gov/Archives/edgar/data/900075/000162828025029093/ ; https://www.sec.gov/Archives/edgar/data/900075/000090007525000007/,누적 1361274000 − 직전누적 660401000 (시작 2024-08-01),14
Copart,CPRT,2025Q2,2025-04-30,분기말 자산총계,9672222000,USD,공시,https://www.sec.gov/Archives/edgar/data/900075/000162828025029093/,,14
Copart,CPRT,2025Q2,2025-04-30,분기말 부채총계,869525000,USD,공시,https://www.sec.gov/Archives/edgar/data/900075/000162828025029093/,메자닌(일시자본) 21504000 별도,14
Copart,CPRT,2025Q2,2025-04-30,분기말 총자본(자기자본),8781193000,USD,공시,https://www.sec.gov/Archives/edgar/data/900075/000162828025029093/,,14
Copart,CPRT,2025Q2,2025-04-30,분기말 지배지분 자본,8781193000,USD,공시(비지배 없음),https://www.sec.gov/Archives/edgar/data/900075/000162828025029093/,"StockholdersEquityIncludingPortionAttributableToNoncontrollingInterest, MinorityInterest 태그 없음",14
Copart,CPRT,2025Q2,2025-04-30,분기말 종가,61.03,USD,API,https://query1.finance.yahoo.com/v8/finance/chart/CPRT?interval=1d&events=splits (2025-04-30),,14
Copart,CPRT,2025Q2,2025-06-02,분기말 상장주식수,966936214,주,공시(표지 기준일),https://www.sec.gov/Archives/edgar/data/900075/000162828025029093/,dei:EntityCommonStockSharesOutstanding 클래스 합,14
Copart,CPRT,2025Q2,2025-04-30,분기말 시가총액,59012117140,USD,계산(종가×주식수),https://query1.finance.yahoo.com/v8/finance/chart/CPRT?interval=1d&events=splits (2025-04-30) ; https://www.sec.gov/Archives/edgar/data/900075/000162828025029093/,종가 61.03 × 주식수 966936214,14
Copart,CPRT,2025Q3,2025-07-31,분기별 매출액,1125097000,USD,계산(연간-3분기누적),https://www.sec.gov/Archives/edgar/data/900075/000162828025042946/ ; https://www.sec.gov/Archives/edgar/data/900075/000162828025029093/,연간 4646958000 − 9개월누적 3521861000 (RevenueFromContractWithCustomerIncludingAssessedTax),14
Copart,CPRT,2025Q3,2025-07-31,분기별 영업이익,412591000,USD,계산(연간-3분기누적),https://www.sec.gov/Archives/edgar/data/900075/000162828025042946/ ; https://www.sec.gov/Archives/edgar/data/900075/000162828025029093/,연간 1696714000 − 9개월누적 1284123000 (OperatingIncomeLoss),14
Copart,CPRT,2025Q3,2025-07-31,분기별 당기순이익(지배),396354000,USD,계산(연간-3분기누적),https://www.sec.gov/Archives/edgar/data/900075/000162828025042946/ ; https://www.sec.gov/Archives/edgar/data/900075/000162828025029093/,연간 1552449000 − 9개월누적 1156095000 (NetIncomeLoss),14
Copart,CPRT,2025Q3,2025-07-31,분기별 영업활동현금흐름,438476000,USD,계산(누적차감),https://www.sec.gov/Archives/edgar/data/900075/000162828025042946/ ; https://www.sec.gov/Archives/edgar/data/900075/000162828025029093/,누적 1799750000 − 직전누적 1361274000 (시작 2024-08-01),14
Copart,CPRT,2025Q3,2025-07-31,분기말 자산총계,10090902000,USD,공시,https://www.sec.gov/Archives/edgar/data/900075/000162828025042946/,,14
Copart,CPRT,2025Q3,2025-07-31,분기말 부채총계,883411000,USD,공시,https://www.sec.gov/Archives/edgar/data/900075/000162828025042946/,메자닌(일시자본) 20458000 별도,14
Copart,CPRT,2025Q3,2025-07-31,분기말 총자본(자기자본),9187033000,USD,공시,https://www.sec.gov/Archives/edgar/data/900075/000162828025042946/,,14
Copart,CPRT,2025Q3,2025-07-31,분기말 지배지분 자본,9187033000,USD,공시(비지배 없음),https://www.sec.gov/Archives/edgar/data/900075/000162828025042946/,"StockholdersEquityIncludingPortionAttributableToNoncontrollingInterest, MinorityInterest 태그 없음",14
Copart,CPRT,2025Q3,2025-07-31,분기말 종가,45.33,USD,API,https://query1.finance.yahoo.com/v8/finance/chart/CPRT?interval=1d&events=splits (2025-07-31),,14
Copart,CPRT,2025Q3,2025-09-25,분기말 상장주식수,967731528,주,공시(표지 기준일),https://www.sec.gov/Archives/edgar/data/900075/000162828025042946/,dei:EntityCommonStockSharesOutstanding 클래스 합,14
Copart,CPRT,2025Q3,2025-07-31,분기말 시가총액,43867270164,USD,계산(종가×주식수),https://query1.finance.yahoo.com/v8/finance/chart/CPRT?interval=1d&events=splits (2025-07-31) ; https://www.sec.gov/Archives/edgar/data/900075/000162828025042946/,종가 45.33 × 주식수 967731528,14
Copart,CPRT,2025Q4,2025-10-31,분기별 매출액,1155030000,USD,공시,https://www.sec.gov/Archives/edgar/data/900075/000119312525291660/,,14
Copart,CPRT,2025Q4,2025-10-31,분기별 영업이익,430694000,USD,공시,https://www.sec.gov/Archives/edgar/data/900075/000119312525291660/,,14
Copart,CPRT,2025Q4,2025-10-31,분기별 당기순이익(지배),403714000,USD,공시,https://www.sec.gov/Archives/edgar/data/900075/000119312525291660/,,14
Copart,CPRT,2025Q4,2025-10-31,분기별 영업활동현금흐름,535253000,USD,공시,https://www.sec.gov/Archives/edgar/data/900075/000119312525291660/,,14
Copart,CPRT,2025Q4,2025-10-31,분기말 자산총계,10581014000,USD,공시,https://www.sec.gov/Archives/edgar/data/900075/000119312525291660/,,14
Copart,CPRT,2025Q4,2025-10-31,분기말 부채총계,961903000,USD,공시,https://www.sec.gov/Archives/edgar/data/900075/000119312525291660/,메자닌(일시자본) 18954000 별도,14
Copart,CPRT,2025Q4,2025-10-31,분기말 총자본(자기자본),9600157000,USD,공시,https://www.sec.gov/Archives/edgar/data/900075/000119312525291660/,,14
Copart,CPRT,2025Q4,2025-10-31,분기말 지배지분 자본,9600157000,USD,공시(비지배 없음),https://www.sec.gov/Archives/edgar/data/900075/000119312525291660/,"StockholdersEquityIncludingPortionAttributableToNoncontrollingInterest, MinorityInterest 태그 없음",14
Copart,CPRT,2025Q4,2025-10-31,분기말 종가,43.01,USD,API,https://query1.finance.yahoo.com/v8/finance/chart/CPRT?interval=1d&events=splits (2025-10-31),,14
Copart,CPRT,2025Q4,2025-11-20,분기말 상장주식수,968017684,주,공시(표지 기준일),https://www.sec.gov/Archives/edgar/data/900075/000119312525291660/,dei:EntityCommonStockSharesOutstanding 클래스 합,14
Copart,CPRT,2025Q4,2025-10-31,분기말 시가총액,41634440589,USD,계산(종가×주식수),https://query1.finance.yahoo.com/v8/finance/chart/CPRT?interval=1d&events=splits (2025-10-31) ; https://www.sec.gov/Archives/edgar/data/900075/000119312525291660/,종가 43.01 × 주식수 968017684,14
Copart,CPRT,2026Q1,2026-01-31,분기별 매출액,1121674000,USD,공시,https://www.sec.gov/Archives/edgar/data/900075/000119312526088593/,,14
Copart,CPRT,2026Q1,2026-01-31,분기별 영업이익,388710000,USD,공시,https://www.sec.gov/Archives/edgar/data/900075/000119312526088593/,,14
Copart,CPRT,2026Q1,2026-01-31,분기별 당기순이익(지배),350732000,USD,공시,https://www.sec.gov/Archives/edgar/data/900075/000119312526088593/,,14
Copart,CPRT,2026Q1,2026-01-31,분기별 영업활동현금흐름,127500000,USD,계산(누적차감),https://www.sec.gov/Archives/edgar/data/900075/000119312526088593/ ; https://www.sec.gov/Archives/edgar/data/900075/000119312525291660/,누적 662753000 − 직전누적 535253000 (시작 2025-08-01),14
Copart,CPRT,2026Q1,2026-01-31,분기말 자산총계,10594962000,USD,공시,https://www.sec.gov/Archives/edgar/data/900075/000119312526088593/,,14
Copart,CPRT,2026Q1,2026-01-31,분기말 부채총계,787728000,USD,공시,https://www.sec.gov/Archives/edgar/data/900075/000119312526088593/,메자닌(일시자본) 18189000 별도,14
Copart,CPRT,2026Q1,2026-01-31,분기말 총자본(자기자본),9789045000,USD,공시,https://www.sec.gov/Archives/edgar/data/900075/000119312526088593/,,14
Copart,CPRT,2026Q1,2026-01-31,분기말 지배지분 자본,9789045000,USD,공시(비지배 없음),https://www.sec.gov/Archives/edgar/data/900075/000119312526088593/,"StockholdersEquityIncludingPortionAttributableToNoncontrollingInterest, MinorityInterest 태그 없음",14
Copart,CPRT,2026Q1,2026-01-30,분기말 종가,40.58,USD,API,https://query1.finance.yahoo.com/v8/finance/chart/CPRT?interval=1d&events=splits (2026-01-30),,14
Copart,CPRT,2026Q1,2026-03-02,분기말 상장주식수,963308388,주,공시(표지 기준일),https://www.sec.gov/Archives/edgar/data/900075/000119312526088593/,dei:EntityCommonStockSharesOutstanding 클래스 합,14
Copart,CPRT,2026Q1,2026-01-30,분기말 시가총액,39091054385,USD,계산(종가×주식수),https://query1.finance.yahoo.com/v8/finance/chart/CPRT?interval=1d&events=splits (2026-01-30) ; https://www.sec.gov/Archives/edgar/data/900075/000119312526088593/,종가 40.58 × 주식수 963308388,14
Copart,CPRT,2026Q2,2026-04-30,분기별 매출액,1237066000,USD,공시,https://www.sec.gov/Archives/edgar/data/900075/000119312526245578/,,14
Copart,CPRT,2026Q2,2026-04-30,분기별 영업이익,464282000,USD,공시,https://www.sec.gov/Archives/edgar/data/900075/000119312526245578/,,14
Copart,CPRT,2026Q2,2026-04-30,분기별 당기순이익(지배),402401000,USD,공시,https://www.sec.gov/Archives/edgar/data/900075/000119312526245578/,,14
Copart,CPRT,2026Q2,2026-04-30,분기별 영업활동현금흐름,584198000,USD,계산(누적차감),https://www.sec.gov/Archives/edgar/data/900075/000119312526245578/ ; https://www.sec.gov/Archives/edgar/data/900075/000119312526088593/,누적 1246951000 − 직전누적 662753000 (시작 2025-08-01),14
Copart,CPRT,2026Q2,2026-04-30,분기말 자산총계,9649036000,USD,공시,https://www.sec.gov/Archives/edgar/data/900075/000119312526245578/,,14
Copart,CPRT,2026Q2,2026-04-30,분기말 부채총계,857591000,USD,공시,https://www.sec.gov/Archives/edgar/data/900075/000119312526245578/,메자닌(일시자본) 17181000 별도,14
Copart,CPRT,2026Q2,2026-04-30,분기말 총자본(자기자본),8774264000,USD,공시,https://www.sec.gov/Archives/edgar/data/900075/000119312526245578/,,14
Copart,CPRT,2026Q2,2026-04-30,분기말 지배지분 자본,8774264000,USD,공시(비지배 없음),https://www.sec.gov/Archives/edgar/data/900075/000119312526245578/,"StockholdersEquityIncludingPortionAttributableToNoncontrollingInterest, MinorityInterest 태그 없음",14
Copart,CPRT,2026Q2,2026-04-30,분기말 종가,33.11,USD,API,https://query1.finance.yahoo.com/v8/finance/chart/CPRT?interval=1d&events=splits (2026-04-30),,14
Copart,CPRT,2026Q2,2026-05-27,분기말 상장주식수,925811482,주,공시(표지 기준일),https://www.sec.gov/Archives/edgar/data/900075/000119312526245578/,dei:EntityCommonStockSharesOutstanding 클래스 합,14
Copart,CPRT,2026Q2,2026-04-30,분기말 시가총액,30653618169,USD,계산(종가×주식수),https://query1.finance.yahoo.com/v8/finance/chart/CPRT?interval=1d&events=splits (2026-04-30) ; https://www.sec.gov/Archives/edgar/data/900075/000119312526245578/,종가 33.11 × 주식수 925811482,14
