기업,종목코드,기간,기준일,항목,값,통화,값구분,출처,검산,라운드
Deckers,DECK,2010Q1,2010-03-31,분기별 매출액,미확인,USD,미확인,https://www.sec.gov/Archives/edgar/data/910521/000110465910026996/,,29
Deckers,DECK,2010Q1,2010-03-31,분기별 영업이익,28821000,USD,공시(후속 보고서 비교기간),https://www.sec.gov/Archives/edgar/data/910521/000110465911027709/,OperatingIncomeLoss ; 그 분기 보고서에 연결 총계가 없어 2011-05-10 제출본의 비교기간에서 읽었다,29
Deckers,DECK,2010Q1,2010-03-31,분기별 당기순이익(지배),17895000,USD,공시(후속 보고서 비교기간),https://www.sec.gov/Archives/edgar/data/910521/000110465911027709/,NetIncomeLoss ; 그 분기 보고서에 연결 총계가 없어 2011-05-10 제출본의 비교기간에서 읽었다,29
Deckers,DECK,2010Q1,2010-03-31,분기별 영업활동현금흐름,미확인,USD,미확인,https://www.sec.gov/Archives/edgar/data/910521/000110465910026996/,,29
Deckers,DECK,2010Q1,2010-03-31,분기말 자산총계,미확인,USD,미확인,https://www.sec.gov/Archives/edgar/data/910521/000110465910026996/,,29
Deckers,DECK,2010Q1,2010-03-31,분기말 부채총계,미확인,USD,미확인,https://www.sec.gov/Archives/edgar/data/910521/000110465910026996/,,29
Deckers,DECK,2010Q1,2010-03-31,분기말 총자본(자기자본),미확인,USD,미확인,https://www.sec.gov/Archives/edgar/data/910521/000110465910026996/,,29
Deckers,DECK,2010Q1,2010-03-31,분기말 지배지분 자본,미확인,USD,미확인,https://www.sec.gov/Archives/edgar/data/910521/000110465910026996/,,29
Deckers,DECK,2010Q1,2010-03-31,분기말 종가,138.0,USD,API,https://query1.finance.yahoo.com/v8/finance/chart/DECK?interval=1d&events=splits (2010-03-31),분할조정 종가 7.6667 × 이후 분할계수 18,29
Deckers,DECK,2010Q1,2010-03-31,분기말 상장주식수,미확인,,미확인,SEC companyfacts·XBRL 원문 모두 dei 표지 주식수 없음,,29
Deckers,DECK,2010Q1,2010-03-31,분기말 시가총액,미확인,,미확인,SEC companyfacts·XBRL 원문 모두 dei 표지 주식수 없음,,29
Deckers,DECK,2010Q2,2010-06-30,분기별 매출액,미확인,USD,미확인,https://www.sec.gov/Archives/edgar/data/910521/000110465910043090/,,29
Deckers,DECK,2010Q2,2010-06-30,분기별 영업이익,13216000,USD,공시,https://www.sec.gov/Archives/edgar/data/910521/000110465910043090/,,29
Deckers,DECK,2010Q2,2010-06-30,분기별 당기순이익(지배),8966000,USD,공시,https://www.sec.gov/Archives/edgar/data/910521/000110465910043090/,,29
Deckers,DECK,2010Q2,2010-06-30,분기별 영업활동현금흐름,데이터 없음(직전 분기 누적 보고서 없음),USD,데이터 없음(직전 보고서 없음),https://www.sec.gov/Archives/edgar/data/910521/000110465910043090/,,29
Deckers,DECK,2010Q2,2010-06-30,분기말 자산총계,634542000,USD,공시,https://www.sec.gov/Archives/edgar/data/910521/000110465910043090/,,29
Deckers,DECK,2010Q2,2010-06-30,분기말 부채총계,111561000,USD,계산(부채및자본-총자본),https://www.sec.gov/Archives/edgar/data/910521/000110465910043090/,부채및자본 634542000 − 총자본 522981000,29
Deckers,DECK,2010Q2,2010-06-30,분기말 총자본(자기자본),522981000,USD,공시,https://www.sec.gov/Archives/edgar/data/910521/000110465910043090/,,29
Deckers,DECK,2010Q2,2010-06-30,분기말 지배지분 자본,522246000,USD,공시,https://www.sec.gov/Archives/edgar/data/910521/000110465910043090/,,29
Deckers,DECK,2010Q2,2010-06-30,분기말 종가,142.87,USD,API,https://query1.finance.yahoo.com/v8/finance/chart/DECK?interval=1d&events=splits (2010-06-30),분할조정 종가 7.9372 × 이후 분할계수 18,29
Deckers,DECK,2010Q2,2010-07-27,분기말 상장주식수,38671884,주,공시(표지 기준일),https://www.sec.gov/Archives/edgar/data/910521/000110465910043090/,dei:EntityCommonStockSharesOutstanding 클래스 합; 표지 기준일이 분할 후,29
Deckers,DECK,2010Q2,2010-06-30,분기말 시가총액,1841684022,USD,계산(종가×주식수),https://query1.finance.yahoo.com/v8/finance/chart/DECK?interval=1d&events=splits (2010-06-30) ; https://www.sec.gov/Archives/edgar/data/910521/000110465910043090/,종가 142.87 × 주식수 38671884 ÷ 분할비율 3 (분할일 2010-07-06가 거래일 2010-06-30와 표지 기준일 2010-07-27 사이),29
Deckers,DECK,2010Q3,2010-09-30,분기별 매출액,미확인,USD,미확인,https://www.sec.gov/Archives/edgar/data/910521/000110465910057224/,,29
Deckers,DECK,2010Q3,2010-09-30,분기별 영업이익,66314000,USD,공시,https://www.sec.gov/Archives/edgar/data/910521/000110465910057224/,,29
Deckers,DECK,2010Q3,2010-09-30,분기별 당기순이익(지배),42143000,USD,공시,https://www.sec.gov/Archives/edgar/data/910521/000110465910057224/,,29
Deckers,DECK,2010Q3,2010-09-30,분기별 영업활동현금흐름,-66100000,USD,계산(누적차감),https://www.sec.gov/Archives/edgar/data/910521/000110465910057224/ ; https://www.sec.gov/Archives/edgar/data/910521/000110465910043090/,누적 -61926000 − 직전누적 4174000 (시작 2010-01-01),29
Deckers,DECK,2010Q3,2010-09-30,분기말 자산총계,697178000,USD,공시,https://www.sec.gov/Archives/edgar/data/910521/000110465910057224/,,29
Deckers,DECK,2010Q3,2010-09-30,분기말 부채총계,134856000,USD,계산(부채및자본-총자본),https://www.sec.gov/Archives/edgar/data/910521/000110465910057224/,부채및자본 697178000 − 총자본 562322000,29
Deckers,DECK,2010Q3,2010-09-30,분기말 총자본(자기자본),562322000,USD,공시,https://www.sec.gov/Archives/edgar/data/910521/000110465910057224/,,29
Deckers,DECK,2010Q3,2010-09-30,분기말 지배지분 자본,561758000,USD,공시,https://www.sec.gov/Archives/edgar/data/910521/000110465910057224/,,29
Deckers,DECK,2010Q3,2010-09-30,분기말 종가,49.96,USD,API,https://query1.finance.yahoo.com/v8/finance/chart/DECK?interval=1d&events=splits (2010-09-30),분할조정 종가 8.3267 × 이후 분할계수 6,29
Deckers,DECK,2010Q3,2010-10-27,분기말 상장주식수,38544429,주,공시(표지 기준일),https://www.sec.gov/Archives/edgar/data/910521/000110465910057224/,dei:EntityCommonStockSharesOutstanding 클래스 합,29
Deckers,DECK,2010Q3,2010-09-30,분기말 시가총액,1925679673,USD,계산(종가×주식수),https://query1.finance.yahoo.com/v8/finance/chart/DECK?interval=1d&events=splits (2010-09-30) ; https://www.sec.gov/Archives/edgar/data/910521/000110465910057224/,종가 49.96 × 주식수 38544429,29
Deckers,DECK,2010Q4,2010-12-31,분기별 매출액,미확인,USD,미확인,https://www.sec.gov/Archives/edgar/data/910521/000104746911001618/,,29
Deckers,DECK,2010Q4,2010-12-31,분기별 영업이익,140737000,USD,계산(연간-3분기누적),https://www.sec.gov/Archives/edgar/data/910521/000104746911001618/ ; https://www.sec.gov/Archives/edgar/data/910521/000110465910057224/,연간 249088000 − 9개월누적 108351000 (OperatingIncomeLoss),29
Deckers,DECK,2010Q4,2010-12-31,분기별 당기순이익(지배),89231000,USD,계산(연간-3분기누적),https://www.sec.gov/Archives/edgar/data/910521/000104746911001618/ ; https://www.sec.gov/Archives/edgar/data/910521/000110465910057224/,연간 158235000 − 9개월누적 69004000 (NetIncomeLoss),29
Deckers,DECK,2010Q4,2010-12-31,분기별 영업활동현금흐름,201848000,USD,계산(누적차감),https://www.sec.gov/Archives/edgar/data/910521/000104746911001618/ ; https://www.sec.gov/Archives/edgar/data/910521/000110465910057224/,누적 139922000 − 직전누적 -61926000 (시작 2010-01-01),29
Deckers,DECK,2010Q4,2010-12-31,분기말 자산총계,808994000,USD,공시,https://www.sec.gov/Archives/edgar/data/910521/000104746911001618/,,29
Deckers,DECK,2010Q4,2010-12-31,분기말 부채총계,153319000,USD,계산(부채및자본-총자본),https://www.sec.gov/Archives/edgar/data/910521/000104746911001618/,부채및자본 808994000 − 총자본 655675000,29
Deckers,DECK,2010Q4,2010-12-31,분기말 총자본(자기자본),655675000,USD,공시,https://www.sec.gov/Archives/edgar/data/910521/000104746911001618/,,29
Deckers,DECK,2010Q4,2010-12-31,분기말 지배지분 자본,652987000,USD,공시,https://www.sec.gov/Archives/edgar/data/910521/000104746911001618/,,29
Deckers,DECK,2010Q4,2010-12-31,분기말 종가,79.74,USD,API,https://query1.finance.yahoo.com/v8/finance/chart/DECK?interval=1d&events=splits (2010-12-31),분할조정 종가 13.29 × 이후 분할계수 6,29
Deckers,DECK,2010Q4,2011-02-15,분기말 상장주식수,38581395,주,공시(표지 기준일),https://www.sec.gov/Archives/edgar/data/910521/000104746911001618/,dei:EntityCommonStockSharesOutstanding 클래스 합,29
Deckers,DECK,2010Q4,2010-12-31,분기말 시가총액,3076480437,USD,계산(종가×주식수),https://query1.finance.yahoo.com/v8/finance/chart/DECK?interval=1d&events=splits (2010-12-31) ; https://www.sec.gov/Archives/edgar/data/910521/000104746911001618/,종가 79.74 × 주식수 38581395,29
Deckers,DECK,2011Q1,2011-03-31,분기별 매출액,미확인,USD,미확인,https://www.sec.gov/Archives/edgar/data/910521/000110465911027709/,,29
Deckers,DECK,2011Q1,2011-03-31,분기별 영업이익,28195000,USD,공시,https://www.sec.gov/Archives/edgar/data/910521/000110465911027709/,,29
Deckers,DECK,2011Q1,2011-03-31,분기별 당기순이익(지배),19178000,USD,공시,https://www.sec.gov/Archives/edgar/data/910521/000110465911027709/,,29
Deckers,DECK,2011Q1,2011-03-31,분기별 영업활동현금흐름,3583000,USD,공시,https://www.sec.gov/Archives/edgar/data/910521/000110465911027709/,,29
Deckers,DECK,2011Q1,2011-03-31,분기말 자산총계,753930000,USD,공시,https://www.sec.gov/Archives/edgar/data/910521/000110465911027709/,,29
Deckers,DECK,2011Q1,2011-03-31,분기말 부채총계,78723000,USD,계산(부채및자본-총자본),https://www.sec.gov/Archives/edgar/data/910521/000110465911027709/,부채및자본 753930000 − 총자본 675207000,29
Deckers,DECK,2011Q1,2011-03-31,분기말 총자본(자기자본),675207000,USD,공시,https://www.sec.gov/Archives/edgar/data/910521/000110465911027709/,,29
Deckers,DECK,2011Q1,2011-03-31,분기말 지배지분 자본,671864000,USD,공시,https://www.sec.gov/Archives/edgar/data/910521/000110465911027709/,,29
Deckers,DECK,2011Q1,2011-03-31,분기말 종가,86.15,USD,API,https://query1.finance.yahoo.com/v8/finance/chart/DECK?interval=1d&events=splits (2011-03-31),분할조정 종가 14.3583 × 이후 분할계수 6,29
Deckers,DECK,2011Q1,2011-04-29,분기말 상장주식수,38677632,주,공시(표지 기준일),https://www.sec.gov/Archives/edgar/data/910521/000110465911027709/,dei:EntityCommonStockSharesOutstanding 클래스 합,29
Deckers,DECK,2011Q1,2011-03-31,분기말 시가총액,3332077997,USD,계산(종가×주식수),https://query1.finance.yahoo.com/v8/finance/chart/DECK?interval=1d&events=splits (2011-03-31) ; https://www.sec.gov/Archives/edgar/data/910521/000110465911027709/,종가 86.15 × 주식수 38677632,29
Deckers,DECK,2011Q2,2011-06-30,분기별 매출액,미확인,USD,미확인,https://www.sec.gov/Archives/edgar/data/910521/000110465911044870/,,29
Deckers,DECK,2011Q2,2011-06-30,분기별 영업이익,-10798000,USD,공시,https://www.sec.gov/Archives/edgar/data/910521/000110465911044870/,,29
Deckers,DECK,2011Q2,2011-06-30,분기별 당기순이익(지배),-7339000,USD,공시,https://www.sec.gov/Archives/edgar/data/910521/000110465911044870/,,29
Deckers,DECK,2011Q2,2011-06-30,분기별 영업활동현금흐름,-81962000,USD,계산(누적차감),https://www.sec.gov/Archives/edgar/data/910521/000110465911044870/ ; https://www.sec.gov/Archives/edgar/data/910521/000110465911027709/,누적 -78379000 − 직전누적 3583000 (시작 2011-01-01),29
Deckers,DECK,2011Q2,2011-06-30,분기말 자산총계,795127000,USD,공시,https://www.sec.gov/Archives/edgar/data/910521/000110465911044870/,,29
Deckers,DECK,2011Q2,2011-06-30,분기말 부채총계,143026000,USD,계산(부채및자본-총자본),https://www.sec.gov/Archives/edgar/data/910521/000110465911044870/,부채및자본 795127000 − 총자본 652101000,29
Deckers,DECK,2011Q2,2011-06-30,분기말 총자본(자기자본),652101000,USD,공시,https://www.sec.gov/Archives/edgar/data/910521/000110465911044870/,,29
Deckers,DECK,2011Q2,2011-06-30,분기말 지배지분 자본,648947000,USD,공시,https://www.sec.gov/Archives/edgar/data/910521/000110465911044870/,,29
Deckers,DECK,2011Q2,2011-06-30,분기말 종가,88.14,USD,API,https://query1.finance.yahoo.com/v8/finance/chart/DECK?interval=1d&events=splits (2011-06-30),분할조정 종가 14.69 × 이후 분할계수 6,29
Deckers,DECK,2011Q2,2011-07-26,분기말 상장주식수,38516432,주,공시(표지 기준일),https://www.sec.gov/Archives/edgar/data/910521/000110465911044870/,dei:EntityCommonStockSharesOutstanding 클래스 합,29
Deckers,DECK,2011Q2,2011-06-30,분기말 시가총액,3394838316,USD,계산(종가×주식수),https://query1.finance.yahoo.com/v8/finance/chart/DECK?interval=1d&events=splits (2011-06-30) ; https://www.sec.gov/Archives/edgar/data/910521/000110465911044870/,종가 88.14 × 주식수 38516432,29
Deckers,DECK,2011Q3,2011-09-30,분기별 매출액,미확인,USD,미확인,https://www.sec.gov/Archives/edgar/data/910521/000110465911062315/,,29
Deckers,DECK,2011Q3,2011-09-30,분기별 영업이익,90661000,USD,공시,https://www.sec.gov/Archives/edgar/data/910521/000110465911062315/,,29
Deckers,DECK,2011Q3,2011-09-30,분기별 당기순이익(지배),62206000,USD,계산(연결-비지배)(재작성 반영),https://www.sec.gov/Archives/edgar/data/910521/000110465911062315/,3개월 연결 62345000 − 비지배 139000 ; 원 공시 62484000 (https://www.sec.gov/Archives/edgar/data/910521/000110465911062315/),29
Deckers,DECK,2011Q3,2011-09-30,분기별 영업활동현금흐름,-143879000,USD,계산(누적차감),https://www.sec.gov/Archives/edgar/data/910521/000110465911062315/ ; https://www.sec.gov/Archives/edgar/data/910521/000110465911044870/,누적 -222258000 − 직전누적 -78379000 (시작 2011-01-01),29
Deckers,DECK,2011Q3,2011-09-30,분기말 자산총계,1045679000,USD,공시,https://www.sec.gov/Archives/edgar/data/910521/000110465911062315/,,29
Deckers,DECK,2011Q3,2011-09-30,분기말 부채총계,327364000,USD,계산(부채및자본-총자본),https://www.sec.gov/Archives/edgar/data/910521/000110465911062315/,부채및자본 1045679000 − 총자본 718315000,29
Deckers,DECK,2011Q3,2011-09-30,분기말 총자본(자기자본),718315000,USD,공시,https://www.sec.gov/Archives/edgar/data/910521/000110465911062315/,,29
Deckers,DECK,2011Q3,2011-09-30,분기말 지배지분 자본,715300000,USD,공시,https://www.sec.gov/Archives/edgar/data/910521/000110465911062315/,,29
Deckers,DECK,2011Q3,2011-09-30,분기말 종가,93.16,USD,API,https://query1.finance.yahoo.com/v8/finance/chart/DECK?interval=1d&events=splits (2011-09-30),분할조정 종가 15.5267 × 이후 분할계수 6,29
Deckers,DECK,2011Q3,2011-10-27,분기말 상장주식수,38608023,주,공시(표지 기준일),https://www.sec.gov/Archives/edgar/data/910521/000110465911062315/,dei:EntityCommonStockSharesOutstanding 클래스 합,29
Deckers,DECK,2011Q3,2011-09-30,분기말 시가총액,3596723423,USD,계산(종가×주식수),https://query1.finance.yahoo.com/v8/finance/chart/DECK?interval=1d&events=splits (2011-09-30) ; https://www.sec.gov/Archives/edgar/data/910521/000110465911062315/,종가 93.16 × 주식수 38608023,29
Deckers,DECK,2011Q4,2011-12-31,분기별 매출액,미확인,USD,미확인,https://www.sec.gov/Archives/edgar/data/910521/000104746912001917/,,29
Deckers,DECK,2011Q4,2011-12-31,분기별 영업이익,176780000,USD,계산(연간-3분기누적),https://www.sec.gov/Archives/edgar/data/910521/000104746912001917/ ; https://www.sec.gov/Archives/edgar/data/910521/000110465911062315/,연간 284838000 − 9개월누적 108058000 (OperatingIncomeLoss),29
Deckers,DECK,2011Q4,2011-12-31,분기별 당기순이익(지배),124075000,USD,계산(연간(연결-비지배)-3분기누적)(재작성 반영),https://www.sec.gov/Archives/edgar/data/910521/000104746912001917/ ; https://www.sec.gov/Archives/edgar/data/910521/000110465911062315/,연간 연결 201858000 − 비지배 2806000 − (9개월 연결 74650000 − 비지배 -327000) ; 원 공시 124729000 (https://www.sec.gov/Archives/edgar/data/910521/000104746912001917/ ; https://www.sec.gov/Archives/edgar/data/910521/000110465911062315/),29
Deckers,DECK,2011Q4,2011-12-31,분기별 영업활동현금흐름,252349000,USD,계산(누적차감),https://www.sec.gov/Archives/edgar/data/910521/000104746912001917/ ; https://www.sec.gov/Archives/edgar/data/910521/000110465911062315/,누적 30091000 − 직전누적 -222258000 (시작 2011-01-01),29
Deckers,DECK,2011Q4,2011-12-31,분기말 자산총계,1146196000,USD,공시,https://www.sec.gov/Archives/edgar/data/910521/000104746912001917/,,29
Deckers,DECK,2011Q4,2011-12-31,분기말 부채총계,304766000,USD,계산(부채및자본-총자본),https://www.sec.gov/Archives/edgar/data/910521/000104746912001917/,부채및자본 1146196000 − 총자본 841430000,29
Deckers,DECK,2011Q4,2011-12-31,분기말 총자본(자기자본),841430000,USD,공시,https://www.sec.gov/Archives/edgar/data/910521/000104746912001917/,,29
Deckers,DECK,2011Q4,2011-12-31,분기말 지배지분 자본,835936000,USD,공시,https://www.sec.gov/Archives/edgar/data/910521/000104746912001917/,,29
Deckers,DECK,2011Q4,2011-12-30,분기말 종가,75.57,USD,API,https://query1.finance.yahoo.com/v8/finance/chart/DECK?interval=1d&events=splits (2011-12-30),분할조정 종가 12.595 × 이후 분할계수 6,29
Deckers,DECK,2011Q4,2012-02-15,분기말 상장주식수,38693544,주,공시(표지 기준일),https://www.sec.gov/Archives/edgar/data/910521/000104746912001917/,dei:EntityCommonStockSharesOutstanding 클래스 합,29
Deckers,DECK,2011Q4,2011-12-30,분기말 시가총액,2924071120,USD,계산(종가×주식수),https://query1.finance.yahoo.com/v8/finance/chart/DECK?interval=1d&events=splits (2011-12-30) ; https://www.sec.gov/Archives/edgar/data/910521/000104746912001917/,종가 75.57 × 주식수 38693544,29
Deckers,DECK,2012Q1,2012-03-31,분기별 매출액,미확인,USD,미확인,https://www.sec.gov/Archives/edgar/data/910521/000110465912035072/,,29
Deckers,DECK,2012Q1,2012-03-31,분기별 영업이익,11933000,USD,공시,https://www.sec.gov/Archives/edgar/data/910521/000110465912035072/,,29
Deckers,DECK,2012Q1,2012-03-31,분기별 당기순이익(지배),7887000,USD,계산(연결-비지배),https://www.sec.gov/Archives/edgar/data/910521/000110465912035072/,3개월 연결 8035000 − 비지배 148000,29
Deckers,DECK,2012Q1,2012-03-31,분기별 영업활동현금흐름,27070000,USD,공시,https://www.sec.gov/Archives/edgar/data/910521/000110465912035072/,,29
Deckers,DECK,2012Q1,2012-03-31,분기말 자산총계,980371000,USD,공시,https://www.sec.gov/Archives/edgar/data/910521/000110465912035072/,,29
Deckers,DECK,2012Q1,2012-03-31,분기말 부채총계,147212000,USD,계산(부채및자본-총자본),https://www.sec.gov/Archives/edgar/data/910521/000110465912035072/,부채및자본 980371000 − 총자본 833159000,29
Deckers,DECK,2012Q1,2012-03-31,분기말 총자본(자기자본),833159000,USD,공시,https://www.sec.gov/Archives/edgar/data/910521/000110465912035072/,,29
Deckers,DECK,2012Q1,2012-03-31,분기말 지배지분 자본,827517000,USD,공시,https://www.sec.gov/Archives/edgar/data/910521/000110465912035072/,,29
Deckers,DECK,2012Q1,2012-03-30,분기말 종가,63.05,USD,API,https://query1.finance.yahoo.com/v8/finance/chart/DECK?interval=1d&events=splits (2012-03-30),분할조정 종가 10.5083 × 이후 분할계수 6,29
Deckers,DECK,2012Q1,2012-04-26,분기말 상장주식수,38483139,주,공시(표지 기준일),https://www.sec.gov/Archives/edgar/data/910521/000110465912035072/,dei:EntityCommonStockSharesOutstanding 클래스 합,29
Deckers,DECK,2012Q1,2012-03-30,분기말 시가총액,2426361914,USD,계산(종가×주식수),https://query1.finance.yahoo.com/v8/finance/chart/DECK?interval=1d&events=splits (2012-03-30) ; https://www.sec.gov/Archives/edgar/data/910521/000110465912035072/,종가 63.05 × 주식수 38483139,29
Deckers,DECK,2012Q2,2012-06-30,분기별 매출액,미확인,USD,미확인,https://www.sec.gov/Archives/edgar/data/910521/000110465912056452/,,29
Deckers,DECK,2012Q2,2012-06-30,분기별 영업이익,-28708000,USD,공시,https://www.sec.gov/Archives/edgar/data/910521/000110465912056452/,,29
Deckers,DECK,2012Q2,2012-06-30,분기별 당기순이익(지배),-20139000,USD,공시(보통주 귀속),https://www.sec.gov/Archives/edgar/data/910521/000110465912056452/,분기 비지배 태그 없음,29
Deckers,DECK,2012Q2,2012-06-30,분기별 영업활동현금흐름,3498000,USD,계산(누적차감),https://www.sec.gov/Archives/edgar/data/910521/000110465912056452/ ; https://www.sec.gov/Archives/edgar/data/910521/000110465912035072/,누적 30568000 − 직전누적 27070000 (시작 2012-01-01),29
Deckers,DECK,2012Q2,2012-06-30,분기말 자산총계,1025003000,USD,공시,https://www.sec.gov/Archives/edgar/data/910521/000110465912056452/,,29
Deckers,DECK,2012Q2,2012-06-30,분기말 부채총계,304879000,USD,계산(부채및자본-총자본),https://www.sec.gov/Archives/edgar/data/910521/000110465912056452/,부채및자본 1025003000 − 총자본 720124000,29
Deckers,DECK,2012Q2,2012-06-30,분기말 총자본(자기자본),720124000,USD,공시,https://www.sec.gov/Archives/edgar/data/910521/000110465912056452/,,29
Deckers,DECK,2012Q2,2012-06-30,분기말 지배지분 자본,720124000,USD,공시,https://www.sec.gov/Archives/edgar/data/910521/000110465912056452/,,29
Deckers,DECK,2012Q2,2012-06-29,분기말 종가,44.01,USD,API,https://query1.finance.yahoo.com/v8/finance/chart/DECK?interval=1d&events=splits (2012-06-29),분할조정 종가 7.335 × 이후 분할계수 6,29
Deckers,DECK,2012Q2,2012-07-26,분기말 상장주식수,37051455,주,공시(표지 기준일),https://www.sec.gov/Archives/edgar/data/910521/000110465912056452/,dei:EntityCommonStockSharesOutstanding 클래스 합,29
Deckers,DECK,2012Q2,2012-06-29,분기말 시가총액,1630634535,USD,계산(종가×주식수),https://query1.finance.yahoo.com/v8/finance/chart/DECK?interval=1d&events=splits (2012-06-29) ; https://www.sec.gov/Archives/edgar/data/910521/000110465912056452/,종가 44.01 × 주식수 37051455,29
Deckers,DECK,2012Q3,2012-09-30,분기별 매출액,미확인,USD,미확인,https://www.sec.gov/Archives/edgar/data/910521/000110465912076068/,,29
Deckers,DECK,2012Q3,2012-09-30,분기별 영업이익,59609000,USD,공시,https://www.sec.gov/Archives/edgar/data/910521/000110465912076068/,,29
Deckers,DECK,2012Q3,2012-09-30,분기별 당기순이익(지배),43061000,USD,공시(보통주 귀속),https://www.sec.gov/Archives/edgar/data/910521/000110465912076068/,분기 비지배 태그 없음,29
Deckers,DECK,2012Q3,2012-09-30,분기별 영업활동현금흐름,-213953000,USD,계산(누적차감),https://www.sec.gov/Archives/edgar/data/910521/000110465912076068/ ; https://www.sec.gov/Archives/edgar/data/910521/000110465912056452/,누적 -183385000 − 직전누적 30568000 (시작 2012-01-01),29
Deckers,DECK,2012Q3,2012-09-30,분기말 자산총계,1256343000,USD,공시,https://www.sec.gov/Archives/edgar/data/910521/000110465912076068/,,29
Deckers,DECK,2012Q3,2012-09-30,분기말 부채총계,574564000,USD,계산(부채및자본-총자본),https://www.sec.gov/Archives/edgar/data/910521/000110465912076068/,부채및자본 1256343000 − 총자본 681779000,29
Deckers,DECK,2012Q3,2012-09-30,분기말 총자본(자기자본),681779000,USD,공시,https://www.sec.gov/Archives/edgar/data/910521/000110465912076068/,,29
Deckers,DECK,2012Q3,2012-09-30,분기말 지배지분 자본,681779000,USD,공시,https://www.sec.gov/Archives/edgar/data/910521/000110465912076068/,,29
Deckers,DECK,2012Q3,2012-09-28,분기말 종가,36.64,USD,API,https://query1.finance.yahoo.com/v8/finance/chart/DECK?interval=1d&events=splits (2012-09-28),분할조정 종가 6.1067 × 이후 분할계수 6,29
Deckers,DECK,2012Q3,2012-10-26,분기말 상장주식수,35261306,주,공시(표지 기준일),https://www.sec.gov/Archives/edgar/data/910521/000110465912076068/,dei:EntityCommonStockSharesOutstanding 클래스 합,29
Deckers,DECK,2012Q3,2012-09-28,분기말 시가총액,1291974252,USD,계산(종가×주식수),https://query1.finance.yahoo.com/v8/finance/chart/DECK?interval=1d&events=splits (2012-09-28) ; https://www.sec.gov/Archives/edgar/data/910521/000110465912076068/,종가 36.64 × 주식수 35261306,29
Deckers,DECK,2012Q4,2012-12-31,분기별 매출액,미확인,USD,미확인,https://www.sec.gov/Archives/edgar/data/910521/000104746913002068/,,29
Deckers,DECK,2012Q4,2012-12-31,분기별 영업이익,144114000,USD,계산(연간-3분기누적),https://www.sec.gov/Archives/edgar/data/910521/000104746913002068/ ; https://www.sec.gov/Archives/edgar/data/910521/000110465912076068/,연간 186948000 − 9개월누적 42834000 (OperatingIncomeLoss),29
Deckers,DECK,2012Q4,2012-12-31,분기별 당기순이익(지배),98057000,USD,계산(연간(연결-비지배)-3분기누적)(재작성 반영),https://www.sec.gov/Archives/edgar/data/910521/000104746913002068/ ; https://www.sec.gov/Archives/edgar/data/910521/000110465912076068/,연간 연결 129014000 − 비지배 148000 − (9개월 연결 30957000 − 비지배 148000) ; 원 공시 97761000 (https://www.sec.gov/Archives/edgar/data/910521/000104746913002068/ ; https://www.sec.gov/Archives/edgar/data/910521/000110465912076068/),29
Deckers,DECK,2012Q4,2012-12-31,분기별 영업활동현금흐름,347291000,USD,계산(누적차감),https://www.sec.gov/Archives/edgar/data/910521/000104746913002068/ ; https://www.sec.gov/Archives/edgar/data/910521/000110465912076068/,누적 163906000 − 직전누적 -183385000 (시작 2012-01-01),29
Deckers,DECK,2012Q4,2012-12-31,분기말 자산총계,1068064000,USD,공시,https://www.sec.gov/Archives/edgar/data/910521/000104746913002068/,,29
Deckers,DECK,2012Q4,2012-12-31,분기말 부채총계,329263000,USD,계산(부채및자본-총자본),https://www.sec.gov/Archives/edgar/data/910521/000104746913002068/,부채및자본 1068064000 − 총자본 738801000,29
Deckers,DECK,2012Q4,2012-12-31,분기말 총자본(자기자본),738801000,USD,공시,https://www.sec.gov/Archives/edgar/data/910521/000104746913002068/,,29
Deckers,DECK,2012Q4,2012-12-31,분기말 지배지분 자본,738801000,USD,공시,https://www.sec.gov/Archives/edgar/data/910521/000104746913002068/,,29
Deckers,DECK,2012Q4,2012-12-31,분기말 종가,40.27,USD,API,https://query1.finance.yahoo.com/v8/finance/chart/DECK?interval=1d&events=splits (2012-12-31),분할조정 종가 6.7117 × 이후 분할계수 6,29
Deckers,DECK,2012Q4,2013-02-15,분기말 상장주식수,34402209,주,공시(표지 기준일),https://www.sec.gov/Archives/edgar/data/910521/000104746913002068/,dei:EntityCommonStockSharesOutstanding 클래스 합,29
Deckers,DECK,2012Q4,2012-12-31,분기말 시가총액,1385376956,USD,계산(종가×주식수),https://query1.finance.yahoo.com/v8/finance/chart/DECK?interval=1d&events=splits (2012-12-31) ; https://www.sec.gov/Archives/edgar/data/910521/000104746913002068/,종가 40.27 × 주식수 34402209,29
Deckers,DECK,2013Q1,2013-03-31,분기별 매출액,미확인,USD,미확인,https://www.sec.gov/Archives/edgar/data/910521/000110465913040207/,,29
Deckers,DECK,2013Q1,2013-03-31,분기별 영업이익,2652000,USD,공시,https://www.sec.gov/Archives/edgar/data/910521/000110465913040207/,,29
Deckers,DECK,2013Q1,2013-03-31,분기별 당기순이익(지배),1007000,USD,공시(비지배 없음),https://www.sec.gov/Archives/edgar/data/910521/000110465913040207/,,29
Deckers,DECK,2013Q1,2013-03-31,분기별 영업활동현금흐름,15767000,USD,공시,https://www.sec.gov/Archives/edgar/data/910521/000110465913040207/,,29
Deckers,DECK,2013Q1,2013-03-31,분기말 자산총계,917443000,USD,공시,https://www.sec.gov/Archives/edgar/data/910521/000110465913040207/,,29
Deckers,DECK,2013Q1,2013-03-31,분기말 부채총계,172568000,USD,계산(부채및자본-총자본),https://www.sec.gov/Archives/edgar/data/910521/000110465913040207/,부채및자본 917443000 − 총자본 744875000,29
Deckers,DECK,2013Q1,2013-03-31,분기말 총자본(자기자본),744875000,USD,공시(비지배 없음),https://www.sec.gov/Archives/edgar/data/910521/000110465913040207/,"StockholdersEquity, MinorityInterest 태그 없음",29
Deckers,DECK,2013Q1,2013-03-31,분기말 지배지분 자본,744875000,USD,공시,https://www.sec.gov/Archives/edgar/data/910521/000110465913040207/,,29
Deckers,DECK,2013Q1,2013-03-28,분기말 종가,55.69,USD,API,https://query1.finance.yahoo.com/v8/finance/chart/DECK?interval=1d&events=splits (2013-03-28),분할조정 종가 9.2817 × 이후 분할계수 6,29
Deckers,DECK,2013Q1,2013-04-26,분기말 상장주식수,34451650,주,공시(표지 기준일),https://www.sec.gov/Archives/edgar/data/910521/000110465913040207/,dei:EntityCommonStockSharesOutstanding 클래스 합,29
Deckers,DECK,2013Q1,2013-03-28,분기말 시가총액,1918612388,USD,계산(종가×주식수),https://query1.finance.yahoo.com/v8/finance/chart/DECK?interval=1d&events=splits (2013-03-28) ; https://www.sec.gov/Archives/edgar/data/910521/000110465913040207/,종가 55.69 × 주식수 34451650,29
Deckers,DECK,2013Q2,2013-06-30,분기별 매출액,미확인,USD,미확인,https://www.sec.gov/Archives/edgar/data/910521/000110465913062290/,,29
Deckers,DECK,2013Q2,2013-06-30,분기별 영업이익,-42751000,USD,공시,https://www.sec.gov/Archives/edgar/data/910521/000110465913062290/,,29
Deckers,DECK,2013Q2,2013-06-30,분기별 당기순이익(지배),-29275000,USD,공시(비지배 없음),https://www.sec.gov/Archives/edgar/data/910521/000110465913062290/,,29
Deckers,DECK,2013Q2,2013-06-30,분기별 영업활동현금흐름,-13189000,USD,계산(누적차감),https://www.sec.gov/Archives/edgar/data/910521/000110465913062290/ ; https://www.sec.gov/Archives/edgar/data/910521/000110465913040207/,누적 2578000 − 직전누적 15767000 (시작 2013-01-01),29
Deckers,DECK,2013Q2,2013-06-30,분기말 자산총계,1022115000,USD,공시,https://www.sec.gov/Archives/edgar/data/910521/000110465913062290/,,29
Deckers,DECK,2013Q2,2013-06-30,분기말 부채총계,303883000,USD,계산(부채및자본-총자본),https://www.sec.gov/Archives/edgar/data/910521/000110465913062290/,부채및자본 1022115000 − 총자본 718232000,29
Deckers,DECK,2013Q2,2013-06-30,분기말 총자본(자기자본),718232000,USD,공시(비지배 없음),https://www.sec.gov/Archives/edgar/data/910521/000110465913062290/,"StockholdersEquity, MinorityInterest 태그 없음",29
Deckers,DECK,2013Q2,2013-06-30,분기말 지배지분 자본,718232000,USD,공시,https://www.sec.gov/Archives/edgar/data/910521/000110465913062290/,,29
Deckers,DECK,2013Q2,2013-06-28,분기말 종가,50.51,USD,API,https://query1.finance.yahoo.com/v8/finance/chart/DECK?interval=1d&events=splits (2013-06-28),분할조정 종가 8.4183 × 이후 분할계수 6,29
Deckers,DECK,2013Q2,2013-07-26,분기말 상장주식수,34492929,주,공시(표지 기준일),https://www.sec.gov/Archives/edgar/data/910521/000110465913062290/,dei:EntityCommonStockSharesOutstanding 클래스 합,29
Deckers,DECK,2013Q2,2013-06-28,분기말 시가총액,1742237844,USD,계산(종가×주식수),https://query1.finance.yahoo.com/v8/finance/chart/DECK?interval=1d&events=splits (2013-06-28) ; https://www.sec.gov/Archives/edgar/data/910521/000110465913062290/,종가 50.51 × 주식수 34492929,29
Deckers,DECK,2013Q3,2013-09-30,분기별 매출액,미확인,USD,미확인,https://www.sec.gov/Archives/edgar/data/910521/000144530513002976/,,29
Deckers,DECK,2013Q3,2013-09-30,분기별 영업이익,46497000,USD,공시,https://www.sec.gov/Archives/edgar/data/910521/000144530513002976/,,29
Deckers,DECK,2013Q3,2013-09-30,분기별 당기순이익(지배),33060000,USD,계산(연결-비지배),https://www.sec.gov/Archives/edgar/data/910521/000144530513002976/,3개월 연결 33060000 − 비지배 0,29
Deckers,DECK,2013Q3,2013-09-30,분기별 영업활동현금흐름,-158042000,USD,계산(누적차감),https://www.sec.gov/Archives/edgar/data/910521/000144530513002976/ ; https://www.sec.gov/Archives/edgar/data/910521/000110465913062290/,누적 -155464000 − 직전누적 2578000 (시작 2013-01-01),29
Deckers,DECK,2013Q3,2013-09-30,분기말 자산총계,1275938000,USD,공시,https://www.sec.gov/Archives/edgar/data/910521/000144530513002976/,,29
Deckers,DECK,2013Q3,2013-09-30,분기말 부채총계,520109000,USD,계산(부채및자본-총자본),https://www.sec.gov/Archives/edgar/data/910521/000144530513002976/,부채및자본 1275938000 − 총자본 755829000,29
Deckers,DECK,2013Q3,2013-09-30,분기말 총자본(자기자본),755829000,USD,공시(비지배 없음),https://www.sec.gov/Archives/edgar/data/910521/000144530513002976/,"StockholdersEquity, MinorityInterest 태그 없음",29
Deckers,DECK,2013Q3,2013-09-30,분기말 지배지분 자본,755829000,USD,공시,https://www.sec.gov/Archives/edgar/data/910521/000144530513002976/,,29
Deckers,DECK,2013Q3,2013-09-30,분기말 종가,65.92,USD,API,https://query1.finance.yahoo.com/v8/finance/chart/DECK?interval=1d&events=splits (2013-09-30),분할조정 종가 10.9867 × 이후 분할계수 6,29
Deckers,DECK,2013Q3,2013-10-25,분기말 상장주식수,34536737,주,공시(표지 기준일),https://www.sec.gov/Archives/edgar/data/910521/000144530513002976/,dei:EntityCommonStockSharesOutstanding 클래스 합,29
Deckers,DECK,2013Q3,2013-09-30,분기말 시가총액,2276661703,USD,계산(종가×주식수),https://query1.finance.yahoo.com/v8/finance/chart/DECK?interval=1d&events=splits (2013-09-30) ; https://www.sec.gov/Archives/edgar/data/910521/000144530513002976/,종가 65.92 × 주식수 34536737,29
Deckers,DECK,2013Q4,2013-12-31,분기별 매출액,미확인,USD,미확인,https://www.sec.gov/Archives/edgar/data/910521/000144530514000820/,,29
Deckers,DECK,2013Q4,2013-12-31,분기별 영업이익,201499000,USD,계산(연간-3분기누적),https://www.sec.gov/Archives/edgar/data/910521/000144530514000820/ ; https://www.sec.gov/Archives/edgar/data/910521/000144530513002976/,연간 207897000 − 9개월누적 6398000 (OperatingIncomeLoss),29
Deckers,DECK,2013Q4,2013-12-31,분기별 당기순이익(지배),140897000,USD,계산(연간(연결-비지배)-3분기누적),https://www.sec.gov/Archives/edgar/data/910521/000144530514000820/ ; https://www.sec.gov/Archives/edgar/data/910521/000144530513002976/,연간 연결 145689000 − 비지배 0 − (9개월 연결 4792000 − 비지배 0),29
Deckers,DECK,2013Q4,2013-12-31,분기별 영업활동현금흐름,417589000,USD,계산(누적차감),https://www.sec.gov/Archives/edgar/data/910521/000144530514000820/ ; https://www.sec.gov/Archives/edgar/data/910521/000144530513002976/,누적 262125000 − 직전누적 -155464000 (시작 2013-01-01),29
Deckers,DECK,2013Q4,2013-12-31,분기말 자산총계,1259729000,USD,공시,https://www.sec.gov/Archives/edgar/data/910521/000144530514000820/,,29
Deckers,DECK,2013Q4,2013-12-31,분기말 부채총계,371610000,USD,계산(부채및자본-총자본),https://www.sec.gov/Archives/edgar/data/910521/000144530514000820/,부채및자본 1259729000 − 총자본 888119000,29
Deckers,DECK,2013Q4,2013-12-31,분기말 총자본(자기자본),888119000,USD,공시,https://www.sec.gov/Archives/edgar/data/910521/000144530514000820/,,29
Deckers,DECK,2013Q4,2013-12-31,분기말 지배지분 자본,888119000,USD,공시,https://www.sec.gov/Archives/edgar/data/910521/000144530514000820/,,29
Deckers,DECK,2013Q4,2013-12-31,분기말 종가,84.46,USD,API,https://query1.finance.yahoo.com/v8/finance/chart/DECK?interval=1d&events=splits (2013-12-31),분할조정 종가 14.0767 × 이후 분할계수 6,29
Deckers,DECK,2013Q4,2014-02-14,분기말 상장주식수,34620587,주,공시(표지 기준일),https://www.sec.gov/Archives/edgar/data/910521/000144530514000820/,dei:EntityCommonStockSharesOutstanding 클래스 합,29
Deckers,DECK,2013Q4,2013-12-31,분기말 시가총액,2924054778,USD,계산(종가×주식수),https://query1.finance.yahoo.com/v8/finance/chart/DECK?interval=1d&events=splits (2013-12-31) ; https://www.sec.gov/Archives/edgar/data/910521/000144530514000820/,종가 84.46 × 주식수 34620587,29
Deckers,DECK,2014Q1,,분기별 매출액,미확인,,미확인,해당 라벨 보고서 없음,,29
Deckers,DECK,2014Q1,,분기별 영업이익,미확인,,미확인,해당 라벨 보고서 없음,,29
Deckers,DECK,2014Q1,,분기별 당기순이익(지배),미확인,,미확인,해당 라벨 보고서 없음,,29
Deckers,DECK,2014Q1,,분기별 영업활동현금흐름,미확인,,미확인,해당 라벨 보고서 없음,,29
Deckers,DECK,2014Q1,,분기말 자산총계,미확인,,미확인,해당 라벨 보고서 없음,,29
Deckers,DECK,2014Q1,,분기말 부채총계,미확인,,미확인,해당 라벨 보고서 없음,,29
Deckers,DECK,2014Q1,,분기말 총자본(자기자본),미확인,,미확인,해당 라벨 보고서 없음,,29
Deckers,DECK,2014Q1,,분기말 지배지분 자본,미확인,,미확인,해당 라벨 보고서 없음,,29
Deckers,DECK,2014Q1,,분기말 종가,미확인,,미확인,해당 라벨 보고서 없음,,29
Deckers,DECK,2014Q1,,분기말 상장주식수,미확인,,미확인,해당 라벨 보고서 없음,,29
Deckers,DECK,2014Q1,,분기말 시가총액,미확인,,미확인,해당 라벨 보고서 없음,,29
Deckers,DECK,2014Q2,2014-06-30,분기별 매출액,미확인,USD,미확인,https://www.sec.gov/Archives/edgar/data/910521/000091052114000022/,,29
Deckers,DECK,2014Q2,2014-06-30,분기별 영업이익,-50482000,USD,공시,https://www.sec.gov/Archives/edgar/data/910521/000091052114000022/,,29
Deckers,DECK,2014Q2,2014-06-30,분기별 당기순이익(지배),-37062000,USD,공시(비지배 없음),https://www.sec.gov/Archives/edgar/data/910521/000091052114000022/,,29
Deckers,DECK,2014Q2,2014-06-30,분기별 영업활동현금흐름,-64959000,USD,공시,https://www.sec.gov/Archives/edgar/data/910521/000091052114000022/,,29
Deckers,DECK,2014Q2,2014-06-30,분기말 자산총계,1168613000,USD,공시,https://www.sec.gov/Archives/edgar/data/910521/000091052114000022/,,29
Deckers,DECK,2014Q2,2014-06-30,분기말 부채총계,313531000,USD,계산(부채및자본-총자본),https://www.sec.gov/Archives/edgar/data/910521/000091052114000022/,부채및자본 1168613000 − 총자본 855082000,29
Deckers,DECK,2014Q2,2014-06-30,분기말 총자본(자기자본),855082000,USD,공시(비지배 없음),https://www.sec.gov/Archives/edgar/data/910521/000091052114000022/,"StockholdersEquity, MinorityInterest 태그 없음",29
Deckers,DECK,2014Q2,2014-06-30,분기말 지배지분 자본,855082000,USD,공시,https://www.sec.gov/Archives/edgar/data/910521/000091052114000022/,,29
Deckers,DECK,2014Q2,2014-06-30,분기말 종가,86.33,USD,API,https://query1.finance.yahoo.com/v8/finance/chart/DECK?interval=1d&events=splits (2014-06-30),분할조정 종가 14.3883 × 이후 분할계수 6,29
Deckers,DECK,2014Q2,2014-07-25,분기말 상장주식수,34628650,주,공시(표지 기준일),https://www.sec.gov/Archives/edgar/data/910521/000091052114000022/,dei:EntityCommonStockSharesOutstanding 클래스 합,29
Deckers,DECK,2014Q2,2014-06-30,분기말 시가총액,2989491354,USD,계산(종가×주식수),https://query1.finance.yahoo.com/v8/finance/chart/DECK?interval=1d&events=splits (2014-06-30) ; https://www.sec.gov/Archives/edgar/data/910521/000091052114000022/,종가 86.33 × 주식수 34628650,29
Deckers,DECK,2014Q3,2014-09-30,분기별 매출액,미확인,USD,미확인,https://www.sec.gov/Archives/edgar/data/910521/000091052114000030/,,29
Deckers,DECK,2014Q3,2014-09-30,분기별 영업이익,59583000,USD,공시,https://www.sec.gov/Archives/edgar/data/910521/000091052114000030/,,29
Deckers,DECK,2014Q3,2014-09-30,분기별 당기순이익(지배),40730000,USD,공시(비지배 없음),https://www.sec.gov/Archives/edgar/data/910521/000091052114000030/,,29
Deckers,DECK,2014Q3,2014-09-30,분기별 영업활동현금흐름,-194411000,USD,계산(누적차감),https://www.sec.gov/Archives/edgar/data/910521/000091052114000030/ ; https://www.sec.gov/Archives/edgar/data/910521/000091052114000022/,누적 -259370000 − 직전누적 -64959000 (시작 2014-04-01),29
Deckers,DECK,2014Q3,2014-09-30,분기말 자산총계,1402003000,USD,공시,https://www.sec.gov/Archives/edgar/data/910521/000091052114000030/,,29
Deckers,DECK,2014Q3,2014-09-30,분기말 부채총계,505996000,USD,계산(부채및자본-총자본),https://www.sec.gov/Archives/edgar/data/910521/000091052114000030/,부채및자본 1402003000 − 총자본 896007000,29
Deckers,DECK,2014Q3,2014-09-30,분기말 총자본(자기자본),896007000,USD,공시(비지배 없음),https://www.sec.gov/Archives/edgar/data/910521/000091052114000030/,"StockholdersEquity, MinorityInterest 태그 없음",29
Deckers,DECK,2014Q3,2014-09-30,분기말 지배지분 자본,896007000,USD,공시,https://www.sec.gov/Archives/edgar/data/910521/000091052114000030/,,29
Deckers,DECK,2014Q3,2014-09-30,분기말 종가,97.18,USD,API,https://query1.finance.yahoo.com/v8/finance/chart/DECK?interval=1d&events=splits (2014-09-30),분할조정 종가 16.1967 × 이후 분할계수 6,29
Deckers,DECK,2014Q3,2014-10-24,분기말 상장주식수,34635916,주,공시(표지 기준일),https://www.sec.gov/Archives/edgar/data/910521/000091052114000030/,dei:EntityCommonStockSharesOutstanding 클래스 합,29
Deckers,DECK,2014Q3,2014-09-30,분기말 시가총액,3365918317,USD,계산(종가×주식수),https://query1.finance.yahoo.com/v8/finance/chart/DECK?interval=1d&events=splits (2014-09-30) ; https://www.sec.gov/Archives/edgar/data/910521/000091052114000030/,종가 97.18 × 주식수 34635916,29
Deckers,DECK,2014Q4,2014-12-31,분기별 매출액,미확인,USD,미확인,https://www.sec.gov/Archives/edgar/data/910521/000091052115000006/,,29
Deckers,DECK,2014Q4,2014-12-31,분기별 영업이익,214581000,USD,공시,https://www.sec.gov/Archives/edgar/data/910521/000091052115000006/,,29
Deckers,DECK,2014Q4,2014-12-31,분기별 당기순이익(지배),156706000,USD,공시(비지배 없음),https://www.sec.gov/Archives/edgar/data/910521/000091052115000006/,,29
Deckers,DECK,2014Q4,2014-12-31,분기별 영업활동현금흐름,452915000,USD,계산(누적차감)(재작성 반영),https://www.sec.gov/Archives/edgar/data/910521/000091052116000050/ ; https://www.sec.gov/Archives/edgar/data/910521/000091052114000030/,누적 193545000 − 직전누적 -259370000 (시작 2014-04-01) ; 원 공시 452097000 (https://www.sec.gov/Archives/edgar/data/910521/000091052115000006/ ; https://www.sec.gov/Archives/edgar/data/910521/000091052114000030/),29
Deckers,DECK,2014Q4,2014-12-31,분기말 자산총계,1416841000,USD,공시,https://www.sec.gov/Archives/edgar/data/910521/000091052115000006/,,29
Deckers,DECK,2014Q4,2014-12-31,분기말 부채총계,383613000,USD,계산(부채및자본-총자본),https://www.sec.gov/Archives/edgar/data/910521/000091052115000006/,부채및자본 1416841000 − 총자본 1033228000,29
Deckers,DECK,2014Q4,2014-12-31,분기말 총자본(자기자본),1033228000,USD,공시(비지배 없음),https://www.sec.gov/Archives/edgar/data/910521/000091052115000006/,"StockholdersEquity, MinorityInterest 태그 없음",29
Deckers,DECK,2014Q4,2014-12-31,분기말 지배지분 자본,1033228000,USD,공시,https://www.sec.gov/Archives/edgar/data/910521/000091052115000006/,,29
Deckers,DECK,2014Q4,2014-12-31,분기말 종가,91.04,USD,API,https://query1.finance.yahoo.com/v8/finance/chart/DECK?interval=1d&events=splits (2014-12-31),분할조정 종가 15.1733 × 이후 분할계수 6,29
Deckers,DECK,2014Q4,2015-01-30,분기말 상장주식수,34568408,주,공시(표지 기준일),https://www.sec.gov/Archives/edgar/data/910521/000091052115000006/,dei:EntityCommonStockSharesOutstanding 클래스 합,29
Deckers,DECK,2014Q4,2014-12-31,분기말 시가총액,3147107864,USD,계산(종가×주식수),https://query1.finance.yahoo.com/v8/finance/chart/DECK?interval=1d&events=splits (2014-12-31) ; https://www.sec.gov/Archives/edgar/data/910521/000091052115000006/,종가 91.04 × 주식수 34568408,29
Deckers,DECK,2015Q1,2015-03-31,분기별 매출액,미확인,USD,미확인,https://www.sec.gov/Archives/edgar/data/910521/000091052115000018/,,29
Deckers,DECK,2015Q1,2015-03-31,분기별 영업이익,737000,USD,계산(연간-3분기누적),https://www.sec.gov/Archives/edgar/data/910521/000091052115000018/ ; https://www.sec.gov/Archives/edgar/data/910521/000091052115000006/,연간 224419000 − 9개월누적 223682000 (OperatingIncomeLoss),29
Deckers,DECK,2015Q1,2015-03-31,분기별 당기순이익(지배),1406000,USD,계산(연간(연결-비지배)-3분기누적),https://www.sec.gov/Archives/edgar/data/910521/000091052115000018/ ; https://www.sec.gov/Archives/edgar/data/910521/000091052115000006/,"연간 연결 161780000 − 비지배 0 − (9개월 연결 160374000, 비지배 태그 없음)",29
Deckers,DECK,2015Q1,2015-03-31,분기별 영업활동현금흐름,-23891000,USD,계산(누적차감)(재작성 반영),https://www.sec.gov/Archives/edgar/data/910521/000091052115000018/ ; https://www.sec.gov/Archives/edgar/data/910521/000091052116000050/,누적 169654000 − 직전누적 193545000 (시작 2014-04-01) ; 원 공시 -23073000 (https://www.sec.gov/Archives/edgar/data/910521/000091052115000018/ ; https://www.sec.gov/Archives/edgar/data/910521/000091052115000006/),29
Deckers,DECK,2015Q1,2015-03-31,분기말 자산총계,1169933000,USD,공시,https://www.sec.gov/Archives/edgar/data/910521/000091052115000018/,,29
Deckers,DECK,2015Q1,2015-03-31,분기말 부채총계,232921000,USD,계산(부채및자본-총자본),https://www.sec.gov/Archives/edgar/data/910521/000091052115000018/,부채및자본 1169933000 − 총자본 937012000,29
Deckers,DECK,2015Q1,2015-03-31,분기말 총자본(자기자본),937012000,USD,공시,https://www.sec.gov/Archives/edgar/data/910521/000091052115000018/,,29
Deckers,DECK,2015Q1,2015-03-31,분기말 지배지분 자본,937012000,USD,공시,https://www.sec.gov/Archives/edgar/data/910521/000091052115000018/,,29
Deckers,DECK,2015Q1,2015-03-31,분기말 종가,72.87,USD,API,https://query1.finance.yahoo.com/v8/finance/chart/DECK?interval=1d&events=splits (2015-03-31),분할조정 종가 12.145 × 이후 분할계수 6,29
Deckers,DECK,2015Q1,2015-05-15,분기말 상장주식수,33296968,주,공시(표지 기준일),https://www.sec.gov/Archives/edgar/data/910521/000091052115000018/,dei:EntityCommonStockSharesOutstanding 클래스 합,29
Deckers,DECK,2015Q1,2015-03-31,분기말 시가총액,2426350058,USD,계산(종가×주식수),https://query1.finance.yahoo.com/v8/finance/chart/DECK?interval=1d&events=splits (2015-03-31) ; https://www.sec.gov/Archives/edgar/data/910521/000091052115000018/,종가 72.87 × 주식수 33296968,29
Deckers,DECK,2015Q2,2015-06-30,분기별 매출액,미확인,USD,미확인,https://www.sec.gov/Archives/edgar/data/910521/000091052115000032/,,29
Deckers,DECK,2015Q2,2015-06-30,분기별 영업이익,-63708000,USD,공시,https://www.sec.gov/Archives/edgar/data/910521/000091052115000032/,,29
Deckers,DECK,2015Q2,2015-06-30,분기별 당기순이익(지배),-47327000,USD,공시(비지배 없음),https://www.sec.gov/Archives/edgar/data/910521/000091052115000032/,,29
Deckers,DECK,2015Q2,2015-06-30,분기별 영업활동현금흐름,-27020000,USD,공시,https://www.sec.gov/Archives/edgar/data/910521/000091052115000032/,,29
Deckers,DECK,2015Q2,2015-06-30,분기말 자산총계,1253498000,USD,공시,https://www.sec.gov/Archives/edgar/data/910521/000091052115000032/,,29
Deckers,DECK,2015Q2,2015-06-30,분기말 부채총계,405570000,USD,계산(부채및자본-총자본),https://www.sec.gov/Archives/edgar/data/910521/000091052115000032/,부채및자본 1253498000 − 총자본 847928000,29
Deckers,DECK,2015Q2,2015-06-30,분기말 총자본(자기자본),847928000,USD,공시(비지배 없음),https://www.sec.gov/Archives/edgar/data/910521/000091052115000032/,"StockholdersEquity, MinorityInterest 태그 없음",29
Deckers,DECK,2015Q2,2015-06-30,분기말 지배지분 자본,847928000,USD,공시,https://www.sec.gov/Archives/edgar/data/910521/000091052115000032/,,29
Deckers,DECK,2015Q2,2015-06-30,분기말 종가,71.97,USD,API,https://query1.finance.yahoo.com/v8/finance/chart/DECK?interval=1d&events=splits (2015-06-30),분할조정 종가 11.995 × 이후 분할계수 6,29
Deckers,DECK,2015Q2,2015-07-31,분기말 상장주식수,32680352,주,공시(표지 기준일),https://www.sec.gov/Archives/edgar/data/910521/000091052115000032/,dei:EntityCommonStockSharesOutstanding 클래스 합,29
Deckers,DECK,2015Q2,2015-06-30,분기말 시가총액,2352004933,USD,계산(종가×주식수),https://query1.finance.yahoo.com/v8/finance/chart/DECK?interval=1d&events=splits (2015-06-30) ; https://www.sec.gov/Archives/edgar/data/910521/000091052115000032/,종가 71.97 × 주식수 32680352,29
Deckers,DECK,2015Q3,2015-09-30,분기별 매출액,미확인,USD,미확인,https://www.sec.gov/Archives/edgar/data/910521/000091052115000038/,,29
Deckers,DECK,2015Q3,2015-09-30,분기별 영업이익,51213000,USD,공시,https://www.sec.gov/Archives/edgar/data/910521/000091052115000038/,,29
Deckers,DECK,2015Q3,2015-09-30,분기별 당기순이익(지배),36377000,USD,공시(비지배 없음),https://www.sec.gov/Archives/edgar/data/910521/000091052115000038/,,29
Deckers,DECK,2015Q3,2015-09-30,분기별 영업활동현금흐름,-301367000,USD,계산(누적차감),https://www.sec.gov/Archives/edgar/data/910521/000091052115000038/ ; https://www.sec.gov/Archives/edgar/data/910521/000091052115000032/,누적 -328387000 − 직전누적 -27020000 (시작 2015-04-01),29
Deckers,DECK,2015Q3,2015-09-30,분기말 자산총계,1572666000,USD,공시,https://www.sec.gov/Archives/edgar/data/910521/000091052115000038/,,29
Deckers,DECK,2015Q3,2015-09-30,분기말 부채총계,708176000,USD,계산(부채및자본-총자본),https://www.sec.gov/Archives/edgar/data/910521/000091052115000038/,부채및자본 1572666000 − 총자본 864490000,29
Deckers,DECK,2015Q3,2015-09-30,분기말 총자본(자기자본),864490000,USD,공시(비지배 없음),https://www.sec.gov/Archives/edgar/data/910521/000091052115000038/,"StockholdersEquity, MinorityInterest 태그 없음",29
Deckers,DECK,2015Q3,2015-09-30,분기말 지배지분 자본,864490000,USD,공시,https://www.sec.gov/Archives/edgar/data/910521/000091052115000038/,,29
Deckers,DECK,2015Q3,2015-09-30,분기말 종가,58.06,USD,API,https://query1.finance.yahoo.com/v8/finance/chart/DECK?interval=1d&events=splits (2015-09-30),분할조정 종가 9.6767 × 이후 분할계수 6,29
Deckers,DECK,2015Q3,2015-10-30,분기말 상장주식수,32332172,주,공시(표지 기준일),https://www.sec.gov/Archives/edgar/data/910521/000091052115000038/,dei:EntityCommonStockSharesOutstanding 클래스 합,29
Deckers,DECK,2015Q3,2015-09-30,분기말 시가총액,1877205906,USD,계산(종가×주식수),https://query1.finance.yahoo.com/v8/finance/chart/DECK?interval=1d&events=splits (2015-09-30) ; https://www.sec.gov/Archives/edgar/data/910521/000091052115000038/,종가 58.06 × 주식수 32332172,29
Deckers,DECK,2015Q4,2015-12-31,분기별 매출액,미확인,USD,미확인,https://www.sec.gov/Archives/edgar/data/910521/000091052116000050/,,29
Deckers,DECK,2015Q4,2015-12-31,분기별 영업이익,202500000,USD,공시,https://www.sec.gov/Archives/edgar/data/910521/000091052116000050/,,29
Deckers,DECK,2015Q4,2015-12-31,분기별 당기순이익(지배),156921000,USD,공시(비지배 없음),https://www.sec.gov/Archives/edgar/data/910521/000091052116000050/,,29
Deckers,DECK,2015Q4,2015-12-31,분기별 영업활동현금흐름,474018000,USD,계산(누적차감),https://www.sec.gov/Archives/edgar/data/910521/000091052116000050/ ; https://www.sec.gov/Archives/edgar/data/910521/000091052115000038/,누적 145631000 − 직전누적 -328387000 (시작 2015-04-01),29
Deckers,DECK,2015Q4,2015-12-31,분기말 자산총계,1408151000,USD,공시,https://www.sec.gov/Archives/edgar/data/910521/000091052116000050/,,29
Deckers,DECK,2015Q4,2015-12-31,분기말 부채총계,389643000,USD,계산(부채및자본-총자본),https://www.sec.gov/Archives/edgar/data/910521/000091052116000050/,부채및자본 1408151000 − 총자본 1018508000,29
Deckers,DECK,2015Q4,2015-12-31,분기말 총자본(자기자본),1018508000,USD,공시(비지배 없음),https://www.sec.gov/Archives/edgar/data/910521/000091052116000050/,"StockholdersEquity, MinorityInterest 태그 없음",29
Deckers,DECK,2015Q4,2015-12-31,분기말 지배지분 자본,1018508000,USD,공시,https://www.sec.gov/Archives/edgar/data/910521/000091052116000050/,,29
Deckers,DECK,2015Q4,2015-12-31,분기말 종가,47.2,USD,API,https://query1.finance.yahoo.com/v8/finance/chart/DECK?interval=1d&events=splits (2015-12-31),분할조정 종가 7.8667 × 이후 분할계수 6,29
Deckers,DECK,2015Q4,2016-02-05,분기말 상장주식수,32429269,주,공시(표지 기준일),https://www.sec.gov/Archives/edgar/data/910521/000091052116000050/,dei:EntityCommonStockSharesOutstanding 클래스 합,29
Deckers,DECK,2015Q4,2015-12-31,분기말 시가총액,1530661497,USD,계산(종가×주식수),https://query1.finance.yahoo.com/v8/finance/chart/DECK?interval=1d&events=splits (2015-12-31) ; https://www.sec.gov/Archives/edgar/data/910521/000091052116000050/,종가 47.2 × 주식수 32429269,29
Deckers,DECK,2016Q1,2016-03-31,분기별 매출액,미확인,USD,미확인,https://www.sec.gov/Archives/edgar/data/910521/000091052116000058/,,29
Deckers,DECK,2016Q1,2016-03-31,분기별 영업이익,-27878000,USD,계산(연간-3분기누적),https://www.sec.gov/Archives/edgar/data/910521/000091052116000058/ ; https://www.sec.gov/Archives/edgar/data/910521/000091052116000050/,연간 162127000 − 9개월누적 190005000 (OperatingIncomeLoss),29
Deckers,DECK,2016Q1,2016-03-31,분기별 당기순이익(지배),-23706000,USD,"계산(연간-3분기누적, 비지배 없음)",https://www.sec.gov/Archives/edgar/data/910521/000091052116000058/ ; https://www.sec.gov/Archives/edgar/data/910521/000091052116000050/,연간 122265000 − 9개월누적 145971000 (ProfitLoss),29
Deckers,DECK,2016Q1,2016-03-31,분기별 영업활동현금흐름,-20050000,USD,계산(누적차감),https://www.sec.gov/Archives/edgar/data/910521/000091052116000058/ ; https://www.sec.gov/Archives/edgar/data/910521/000091052116000050/,누적 125581000 − 직전누적 145631000 (시작 2015-04-01),29
Deckers,DECK,2016Q1,2016-03-31,분기말 자산총계,1278068000,USD,공시,https://www.sec.gov/Archives/edgar/data/910521/000091052116000058/,,29
Deckers,DECK,2016Q1,2016-03-31,분기말 부채총계,310597000,USD,계산(부채및자본-총자본),https://www.sec.gov/Archives/edgar/data/910521/000091052116000058/,부채및자본 1278068000 − 총자본 967471000,29
Deckers,DECK,2016Q1,2016-03-31,분기말 총자본(자기자본),967471000,USD,공시,https://www.sec.gov/Archives/edgar/data/910521/000091052116000058/,,29
Deckers,DECK,2016Q1,2016-03-31,분기말 지배지분 자본,967471000,USD,공시,https://www.sec.gov/Archives/edgar/data/910521/000091052116000058/,,29
Deckers,DECK,2016Q1,2016-03-31,분기말 종가,59.91,USD,API,https://query1.finance.yahoo.com/v8/finance/chart/DECK?interval=1d&events=splits (2016-03-31),분할조정 종가 9.985 × 이후 분할계수 6,29
Deckers,DECK,2016Q1,2016-05-13,분기말 상장주식수,32023300,주,공시(표지 기준일),https://www.sec.gov/Archives/edgar/data/910521/000091052116000058/,dei:EntityCommonStockSharesOutstanding 클래스 합,29
Deckers,DECK,2016Q1,2016-03-31,분기말 시가총액,1918515903,USD,계산(종가×주식수),https://query1.finance.yahoo.com/v8/finance/chart/DECK?interval=1d&events=splits (2016-03-31) ; https://www.sec.gov/Archives/edgar/data/910521/000091052116000058/,종가 59.91 × 주식수 32023300,29
Deckers,DECK,2016Q2,2016-06-30,분기별 매출액,미확인,USD,미확인,https://www.sec.gov/Archives/edgar/data/910521/000091052116000070/,,29
Deckers,DECK,2016Q2,2016-06-30,분기별 영업이익,-78319000,USD,공시,https://www.sec.gov/Archives/edgar/data/910521/000091052116000070/,,29
Deckers,DECK,2016Q2,2016-06-30,분기별 당기순이익(지배),-58918000,USD,공시(비지배 없음),https://www.sec.gov/Archives/edgar/data/910521/000091052116000070/,,29
Deckers,DECK,2016Q2,2016-06-30,분기별 영업활동현금흐름,-43334000,USD,공시(재작성 반영),https://www.sec.gov/Archives/edgar/data/910521/000091052117000018/,원 공시 -43393000 (https://www.sec.gov/Archives/edgar/data/910521/000091052116000070/),29
Deckers,DECK,2016Q2,2016-06-30,분기말 자산총계,1357745000,USD,공시,https://www.sec.gov/Archives/edgar/data/910521/000091052116000070/,,29
Deckers,DECK,2016Q2,2016-06-30,분기말 부채총계,440501000,USD,계산(부채및자본-총자본),https://www.sec.gov/Archives/edgar/data/910521/000091052116000070/,부채및자본 1357745000 − 총자본 917244000,29
Deckers,DECK,2016Q2,2016-06-30,분기말 총자본(자기자본),917244000,USD,공시(비지배 없음),https://www.sec.gov/Archives/edgar/data/910521/000091052116000070/,"StockholdersEquity, MinorityInterest 태그 없음",29
Deckers,DECK,2016Q2,2016-06-30,분기말 지배지분 자본,917244000,USD,공시,https://www.sec.gov/Archives/edgar/data/910521/000091052116000070/,,29
Deckers,DECK,2016Q2,2016-06-30,분기말 종가,57.52,USD,API,https://query1.finance.yahoo.com/v8/finance/chart/DECK?interval=1d&events=splits (2016-06-30),분할조정 종가 9.5867 × 이후 분할계수 6,29
Deckers,DECK,2016Q2,2016-07-29,분기말 상장주식수,32040112,주,공시(표지 기준일),https://www.sec.gov/Archives/edgar/data/910521/000091052116000070/,dei:EntityCommonStockSharesOutstanding 클래스 합,29
Deckers,DECK,2016Q2,2016-06-30,분기말 시가총액,1842947242,USD,계산(종가×주식수),https://query1.finance.yahoo.com/v8/finance/chart/DECK?interval=1d&events=splits (2016-06-30) ; https://www.sec.gov/Archives/edgar/data/910521/000091052116000070/,종가 57.52 × 주식수 32040112,29
Deckers,DECK,2016Q3,2016-09-30,분기별 매출액,미확인,USD,미확인,https://www.sec.gov/Archives/edgar/data/910521/000091052116000075/,,29
Deckers,DECK,2016Q3,2016-09-30,분기별 영업이익,54023000,USD,공시,https://www.sec.gov/Archives/edgar/data/910521/000091052116000075/,,29
Deckers,DECK,2016Q3,2016-09-30,분기별 당기순이익(지배),39305000,USD,공시(비지배 없음),https://www.sec.gov/Archives/edgar/data/910521/000091052116000075/,,29
Deckers,DECK,2016Q3,2016-09-30,분기별 영업활동현금흐름,-245198000,USD,계산(누적차감)(재작성 반영),https://www.sec.gov/Archives/edgar/data/910521/000091052117000027/ ; https://www.sec.gov/Archives/edgar/data/910521/000091052117000018/,누적 -288532000 − 직전누적 -43334000 (시작 2016-04-01) ; 원 공시 -246223000 (https://www.sec.gov/Archives/edgar/data/910521/000091052116000075/ ; https://www.sec.gov/Archives/edgar/data/910521/000091052116000070/),29
Deckers,DECK,2016Q3,2016-09-30,분기말 자산총계,1572601000,USD,공시,https://www.sec.gov/Archives/edgar/data/910521/000091052116000075/,,29
Deckers,DECK,2016Q3,2016-09-30,분기말 부채총계,615327000,USD,계산(부채및자본-총자본),https://www.sec.gov/Archives/edgar/data/910521/000091052116000075/,부채및자본 1572601000 − 총자본 957274000,29
Deckers,DECK,2016Q3,2016-09-30,분기말 총자본(자기자본),957274000,USD,공시(비지배 없음),https://www.sec.gov/Archives/edgar/data/910521/000091052116000075/,"StockholdersEquity, MinorityInterest 태그 없음",29
Deckers,DECK,2016Q3,2016-09-30,분기말 지배지분 자본,957274000,USD,공시,https://www.sec.gov/Archives/edgar/data/910521/000091052116000075/,,29
Deckers,DECK,2016Q3,2016-09-30,분기말 종가,59.55,USD,API,https://query1.finance.yahoo.com/v8/finance/chart/DECK?interval=1d&events=splits (2016-09-30),분할조정 종가 9.925 × 이후 분할계수 6,29
Deckers,DECK,2016Q3,2016-10-28,분기말 상장주식수,32084838,주,공시(표지 기준일),https://www.sec.gov/Archives/edgar/data/910521/000091052116000075/,dei:EntityCommonStockSharesOutstanding 클래스 합,29
Deckers,DECK,2016Q3,2016-09-30,분기말 시가총액,1910652103,USD,계산(종가×주식수),https://query1.finance.yahoo.com/v8/finance/chart/DECK?interval=1d&events=splits (2016-09-30) ; https://www.sec.gov/Archives/edgar/data/910521/000091052116000075/,종가 59.55 × 주식수 32084838,29
Deckers,DECK,2016Q4,2016-12-31,분기별 매출액,미확인,USD,미확인,https://www.sec.gov/Archives/edgar/data/910521/000091052117000003/,,29
Deckers,DECK,2016Q4,2016-12-31,분기별 영업이익,53250000,USD,공시,https://www.sec.gov/Archives/edgar/data/910521/000091052117000003/,,29
Deckers,DECK,2016Q4,2016-12-31,분기별 당기순이익(지배),41027000,USD,공시,https://www.sec.gov/Archives/edgar/data/910521/000091052117000003/,,29
Deckers,DECK,2016Q4,2016-12-31,분기별 영업활동현금흐름,456593000,USD,계산(누적차감)(재작성 반영),https://www.sec.gov/Archives/edgar/data/910521/000091052118000003/ ; https://www.sec.gov/Archives/edgar/data/910521/000091052117000027/,누적 168061000 − 직전누적 -288532000 (시작 2016-04-01) ; 원 공시 456346000 (https://www.sec.gov/Archives/edgar/data/910521/000091052117000003/ ; https://www.sec.gov/Archives/edgar/data/910521/000091052116000075/),29
Deckers,DECK,2016Q4,2016-12-31,분기말 자산총계,1369305000,USD,공시,https://www.sec.gov/Archives/edgar/data/910521/000091052117000003/,,29
Deckers,DECK,2016Q4,2016-12-31,분기말 부채총계,398807000,USD,계산(부채및자본-총자본),https://www.sec.gov/Archives/edgar/data/910521/000091052117000003/,부채및자본 1369305000 − 총자본 970498000,29
Deckers,DECK,2016Q4,2016-12-31,분기말 총자본(자기자본),970498000,USD,공시(비지배 없음),https://www.sec.gov/Archives/edgar/data/910521/000091052117000003/,"StockholdersEquity, MinorityInterest 태그 없음",29
Deckers,DECK,2016Q4,2016-12-31,분기말 지배지분 자본,970498000,USD,공시,https://www.sec.gov/Archives/edgar/data/910521/000091052117000003/,,29
Deckers,DECK,2016Q4,2016-12-30,분기말 종가,55.39,USD,API,https://query1.finance.yahoo.com/v8/finance/chart/DECK?interval=1d&events=splits (2016-12-30),분할조정 종가 9.2317 × 이후 분할계수 6,29
Deckers,DECK,2016Q4,2017-02-03,분기말 상장주식수,31937390,주,공시(표지 기준일),https://www.sec.gov/Archives/edgar/data/910521/000091052117000003/,dei:EntityCommonStockSharesOutstanding 클래스 합,29
Deckers,DECK,2016Q4,2016-12-30,분기말 시가총액,1769012032,USD,계산(종가×주식수),https://query1.finance.yahoo.com/v8/finance/chart/DECK?interval=1d&events=splits (2016-12-30) ; https://www.sec.gov/Archives/edgar/data/910521/000091052117000003/,종가 55.39 × 주식수 31937390,29
Deckers,DECK,2017Q1,2017-03-31,분기별 매출액,미확인,USD,미확인,https://www.sec.gov/Archives/edgar/data/910521/000091052117000015/,,29
Deckers,DECK,2017Q1,2017-03-31,분기별 영업이익,-30873000,USD,계산(연간-3분기누적),https://www.sec.gov/Archives/edgar/data/910521/000091052117000008/ ; https://www.sec.gov/Archives/edgar/data/910521/000091052117000003/,연간 -1919000 − 9개월누적 28954000 (OperatingIncomeLoss),29
Deckers,DECK,2017Q1,2017-03-31,분기별 당기순이익(지배),미확인,USD,미확인,https://www.sec.gov/Archives/edgar/data/910521/000091052117000015/,,29
Deckers,DECK,2017Q1,2017-03-31,분기별 영업활동현금흐름,30616000,USD,계산(누적차감)(재작성 반영),https://www.sec.gov/Archives/edgar/data/910521/000091052117000008/ ; https://www.sec.gov/Archives/edgar/data/910521/000091052118000003/,누적 198677000 − 직전누적 168061000 (시작 2016-04-01) ; 원 공시 31947000 (https://www.sec.gov/Archives/edgar/data/910521/000091052117000008/ ; https://www.sec.gov/Archives/edgar/data/910521/000091052117000003/),29
Deckers,DECK,2017Q1,2017-03-31,분기말 자산총계,1191780000,USD,공시,https://www.sec.gov/Archives/edgar/data/910521/000091052117000008/,,29
Deckers,DECK,2017Q1,2017-03-31,분기말 부채총계,237525000,USD,계산(부채및자본-총자본),https://www.sec.gov/Archives/edgar/data/910521/000091052117000008/,부채및자본 1191780000 − 총자본 954255000,29
Deckers,DECK,2017Q1,2017-03-31,분기말 총자본(자기자본),954255000,USD,공시(비지배 없음),https://www.sec.gov/Archives/edgar/data/910521/000091052117000008/,"StockholdersEquity, MinorityInterest 태그 없음",29
Deckers,DECK,2017Q1,2017-03-31,분기말 지배지분 자본,954255000,USD,공시,https://www.sec.gov/Archives/edgar/data/910521/000091052117000008/,,29
Deckers,DECK,2017Q1,2017-03-31,분기말 종가,59.73,USD,API,https://query1.finance.yahoo.com/v8/finance/chart/DECK?interval=1d&events=splits (2017-03-31),분할조정 종가 9.955 × 이후 분할계수 6,29
Deckers,DECK,2017Q1,2017-05-12,분기말 상장주식수,31990065,주,공시(표지 기준일),https://www.sec.gov/Archives/edgar/data/910521/000091052117000008/,dei:EntityCommonStockSharesOutstanding 클래스 합,29
Deckers,DECK,2017Q1,2017-03-31,분기말 시가총액,1910766582,USD,계산(종가×주식수),https://query1.finance.yahoo.com/v8/finance/chart/DECK?interval=1d&events=splits (2017-03-31) ; https://www.sec.gov/Archives/edgar/data/910521/000091052117000008/,종가 59.73 × 주식수 31990065,29
Deckers,DECK,2017Q2,2017-06-30,분기별 매출액,209717000,USD,공시(후속 보고서 비교기간),https://www.sec.gov/Archives/edgar/data/910521/000091052118000029/,RevenueFromContractWithCustomerExcludingAssessedTax ; 그 분기 보고서에 연결 총계가 없어 2018-08-09 제출본의 비교기간에서 읽었다,29
Deckers,DECK,2017Q2,2017-06-30,분기별 영업이익,-56256000,USD,공시,https://www.sec.gov/Archives/edgar/data/910521/000091052117000018/,,29
Deckers,DECK,2017Q2,2017-06-30,분기별 당기순이익(지배),-42121000,USD,공시(비지배 없음),https://www.sec.gov/Archives/edgar/data/910521/000091052117000018/,,29
Deckers,DECK,2017Q2,2017-06-30,분기별 영업활동현금흐름,-7348000,USD,공시,https://www.sec.gov/Archives/edgar/data/910521/000091052117000018/,,29
Deckers,DECK,2017Q2,2017-06-30,분기말 자산총계,1272858000,USD,공시,https://www.sec.gov/Archives/edgar/data/910521/000091052117000018/,,29
Deckers,DECK,2017Q2,2017-06-30,분기말 부채총계,359184000,USD,계산(부채및자본-총자본),https://www.sec.gov/Archives/edgar/data/910521/000091052117000018/,부채및자본 1272858000 − 총자본 913674000,29
Deckers,DECK,2017Q2,2017-06-30,분기말 총자본(자기자본),913674000,USD,공시(비지배 없음),https://www.sec.gov/Archives/edgar/data/910521/000091052117000018/,"StockholdersEquity, MinorityInterest 태그 없음",29
Deckers,DECK,2017Q2,2017-06-30,분기말 지배지분 자본,913674000,USD,공시,https://www.sec.gov/Archives/edgar/data/910521/000091052117000018/,,29
Deckers,DECK,2017Q2,2017-06-30,분기말 종가,68.26,USD,API,https://query1.finance.yahoo.com/v8/finance/chart/DECK?interval=1d&events=splits (2017-06-30),분할조정 종가 11.3767 × 이후 분할계수 6,29
Deckers,DECK,2017Q2,2017-08-04,분기말 상장주식수,31998620,주,공시(표지 기준일),https://www.sec.gov/Archives/edgar/data/910521/000091052117000018/,dei:EntityCommonStockSharesOutstanding 클래스 합,29
Deckers,DECK,2017Q2,2017-06-30,분기말 시가총액,2184225801,USD,계산(종가×주식수),https://query1.finance.yahoo.com/v8/finance/chart/DECK?interval=1d&events=splits (2017-06-30) ; https://www.sec.gov/Archives/edgar/data/910521/000091052117000018/,종가 68.26 × 주식수 31998620,29
Deckers,DECK,2017Q3,2017-09-30,분기별 매출액,482460000,USD,공시(후속 보고서 비교기간),https://www.sec.gov/Archives/edgar/data/910521/000091052118000036/,RevenueFromContractWithCustomerExcludingAssessedTax ; 그 분기 보고서에 연결 총계가 없어 2018-11-08 제출본의 비교기간에서 읽었다,29
Deckers,DECK,2017Q3,2017-09-30,분기별 영업이익,67355000,USD,공시,https://www.sec.gov/Archives/edgar/data/910521/000091052117000027/,,29
Deckers,DECK,2017Q3,2017-09-30,분기별 당기순이익(지배),49559000,USD,공시(비지배 없음),https://www.sec.gov/Archives/edgar/data/910521/000091052117000027/,,29
Deckers,DECK,2017Q3,2017-09-30,분기별 영업활동현금흐름,-175442000,USD,계산(누적차감),https://www.sec.gov/Archives/edgar/data/910521/000091052117000027/ ; https://www.sec.gov/Archives/edgar/data/910521/000091052117000018/,누적 -182790000 − 직전누적 -7348000 (시작 2017-04-01),29
Deckers,DECK,2017Q3,2017-09-30,분기말 자산총계,1520288000,USD,공시,https://www.sec.gov/Archives/edgar/data/910521/000091052117000027/,,29
Deckers,DECK,2017Q3,2017-09-30,분기말 부채총계,551462000,USD,계산(부채및자본-총자본),https://www.sec.gov/Archives/edgar/data/910521/000091052117000027/,부채및자본 1520288000 − 총자본 968826000,29
Deckers,DECK,2017Q3,2017-09-30,분기말 총자본(자기자본),968826000,USD,공시(비지배 없음),https://www.sec.gov/Archives/edgar/data/910521/000091052117000027/,"StockholdersEquity, MinorityInterest 태그 없음",29
Deckers,DECK,2017Q3,2017-09-30,분기말 지배지분 자본,968826000,USD,공시,https://www.sec.gov/Archives/edgar/data/910521/000091052117000027/,,29
Deckers,DECK,2017Q3,2017-09-29,분기말 종가,68.41,USD,API,https://query1.finance.yahoo.com/v8/finance/chart/DECK?interval=1d&events=splits (2017-09-29),분할조정 종가 11.4017 × 이후 분할계수 6,29
Deckers,DECK,2017Q3,2017-11-03,분기말 상장주식수,31961417,주,공시(표지 기준일),https://www.sec.gov/Archives/edgar/data/910521/000091052117000027/,dei:EntityCommonStockSharesOutstanding 클래스 합,29
Deckers,DECK,2017Q3,2017-09-29,분기말 시가총액,2186480537,USD,계산(종가×주식수),https://query1.finance.yahoo.com/v8/finance/chart/DECK?interval=1d&events=splits (2017-09-29) ; https://www.sec.gov/Archives/edgar/data/910521/000091052117000027/,종가 68.41 × 주식수 31961417,29
Deckers,DECK,2017Q4,2017-12-31,분기별 매출액,미확인,USD,미확인,https://www.sec.gov/Archives/edgar/data/910521/000091052118000003/,,29
Deckers,DECK,2017Q4,2017-12-31,분기별 영업이익,193191000,USD,공시,https://www.sec.gov/Archives/edgar/data/910521/000091052118000003/,,29
Deckers,DECK,2017Q4,2017-12-31,분기별 당기순이익(지배),86341000,USD,공시(비지배 없음),https://www.sec.gov/Archives/edgar/data/910521/000091052118000003/,,29
Deckers,DECK,2017Q4,2017-12-31,분기별 영업활동현금흐름,435886000,USD,계산(누적차감),https://www.sec.gov/Archives/edgar/data/910521/000091052118000003/ ; https://www.sec.gov/Archives/edgar/data/910521/000091052117000027/,누적 253096000 − 직전누적 -182790000 (시작 2017-04-01),29
Deckers,DECK,2017Q4,2017-12-31,분기말 자산총계,1530963000,USD,공시,https://www.sec.gov/Archives/edgar/data/910521/000091052118000003/,,29
Deckers,DECK,2017Q4,2017-12-31,분기말 부채총계,498094000,USD,계산(부채및자본-총자본),https://www.sec.gov/Archives/edgar/data/910521/000091052118000003/,부채및자본 1530963000 − 총자본 1032869000,29
Deckers,DECK,2017Q4,2017-12-31,분기말 총자본(자기자본),1032869000,USD,공시(비지배 없음),https://www.sec.gov/Archives/edgar/data/910521/000091052118000003/,"StockholdersEquity, MinorityInterest 태그 없음",29
Deckers,DECK,2017Q4,2017-12-31,분기말 지배지분 자본,1032869000,USD,공시,https://www.sec.gov/Archives/edgar/data/910521/000091052118000003/,,29
Deckers,DECK,2017Q4,2017-12-29,분기말 종가,80.25,USD,API,https://query1.finance.yahoo.com/v8/finance/chart/DECK?interval=1d&events=splits (2017-12-29),분할조정 종가 13.375 × 이후 분할계수 6,29
Deckers,DECK,2017Q4,2018-02-02,분기말 상장주식수,31762862,주,공시(표지 기준일),https://www.sec.gov/Archives/edgar/data/910521/000091052118000003/,dei:EntityCommonStockSharesOutstanding 클래스 합,29
Deckers,DECK,2017Q4,2017-12-29,분기말 시가총액,2548969676,USD,계산(종가×주식수),https://query1.finance.yahoo.com/v8/finance/chart/DECK?interval=1d&events=splits (2017-12-29) ; https://www.sec.gov/Archives/edgar/data/910521/000091052118000003/,종가 80.25 × 주식수 31762862,29
Deckers,DECK,2018Q1,2018-03-31,분기별 매출액,400684000,USD,공시(후속 보고서 비교기간),https://www.sec.gov/Archives/edgar/data/910521/000091052119000011/,RevenueFromContractWithCustomerExcludingAssessedTax ; 그 분기 보고서에 연결 총계가 없어 2019-05-30 제출본의 비교기간에서 읽었다,29
Deckers,DECK,2018Q1,2018-03-31,분기별 영업이익,18294000,USD,계산(연간-3분기누적),https://www.sec.gov/Archives/edgar/data/910521/000091052118000015/ ; https://www.sec.gov/Archives/edgar/data/910521/000091052118000003/,연간 222584000 − 9개월누적 204290000 (OperatingIncomeLoss),29
Deckers,DECK,2018Q1,2018-03-31,분기별 당기순이익(지배),20615000,USD,공시(후속 보고서 비교기간),https://www.sec.gov/Archives/edgar/data/910521/000091052119000011/,NetIncomeLoss ; 그 분기 보고서에 연결 총계가 없어 2019-05-30 제출본의 비교기간에서 읽었다,29
Deckers,DECK,2018Q1,2018-03-31,분기별 영업활동현금흐름,74259000,USD,계산(누적차감)(재작성 반영),https://www.sec.gov/Archives/edgar/data/910521/000091052120000016/ ; https://www.sec.gov/Archives/edgar/data/910521/000091052118000003/,누적 327355000 − 직전누적 253096000 (시작 2017-04-01) ; 원 공시 74255000 (https://www.sec.gov/Archives/edgar/data/910521/000091052118000015/ ; https://www.sec.gov/Archives/edgar/data/910521/000091052118000003/),29
Deckers,DECK,2018Q1,2018-03-31,분기말 자산총계,1264379000,USD,공시,https://www.sec.gov/Archives/edgar/data/910521/000091052118000015/,,29
Deckers,DECK,2018Q1,2018-03-31,분기말 부채총계,323600000,USD,계산(부채및자본-총자본),https://www.sec.gov/Archives/edgar/data/910521/000091052118000015/,부채및자본 1264379000 − 총자본 940779000,29
Deckers,DECK,2018Q1,2018-03-31,분기말 총자본(자기자본),940779000,USD,공시(비지배 없음),https://www.sec.gov/Archives/edgar/data/910521/000091052118000015/,"StockholdersEquity, MinorityInterest 태그 없음",29
Deckers,DECK,2018Q1,2018-03-31,분기말 지배지분 자본,940779000,USD,공시,https://www.sec.gov/Archives/edgar/data/910521/000091052118000015/,,29
Deckers,DECK,2018Q1,2018-03-29,분기말 종가,90.03,USD,API,https://query1.finance.yahoo.com/v8/finance/chart/DECK?interval=1d&events=splits (2018-03-29),분할조정 종가 15.005 × 이후 분할계수 6,29
Deckers,DECK,2018Q1,2018-05-11,분기말 상장주식수,30447808,주,공시(표지 기준일),https://www.sec.gov/Archives/edgar/data/910521/000091052118000015/,dei:EntityCommonStockSharesOutstanding 클래스 합,29
Deckers,DECK,2018Q1,2018-03-29,분기말 시가총액,2741216154,USD,계산(종가×주식수),https://query1.finance.yahoo.com/v8/finance/chart/DECK?interval=1d&events=splits (2018-03-29) ; https://www.sec.gov/Archives/edgar/data/910521/000091052118000015/,종가 90.03 × 주식수 30447808,29
Deckers,DECK,2018Q2,2018-06-30,분기별 매출액,250594000,USD,공시,https://www.sec.gov/Archives/edgar/data/910521/000091052118000029/,,29
Deckers,DECK,2018Q2,2018-06-30,분기별 영업이익,-39414000,USD,공시,https://www.sec.gov/Archives/edgar/data/910521/000091052118000029/,,29
Deckers,DECK,2018Q2,2018-06-30,분기별 당기순이익(지배),-30407000,USD,공시,https://www.sec.gov/Archives/edgar/data/910521/000091052118000029/,,29
Deckers,DECK,2018Q2,2018-06-30,분기별 영업활동현금흐름,8073000,USD,공시,https://www.sec.gov/Archives/edgar/data/910521/000091052118000029/,,29
Deckers,DECK,2018Q2,2018-06-30,분기말 자산총계,1386720000,USD,공시,https://www.sec.gov/Archives/edgar/data/910521/000091052118000029/,,29
Deckers,DECK,2018Q2,2018-06-30,분기말 부채총계,484569000,USD,계산(부채및자본-총자본),https://www.sec.gov/Archives/edgar/data/910521/000091052118000029/,부채및자본 1386720000 − 총자본 902151000,29
Deckers,DECK,2018Q2,2018-06-30,분기말 총자본(자기자본),902151000,USD,공시(비지배 없음),https://www.sec.gov/Archives/edgar/data/910521/000091052118000029/,"StockholdersEquity, MinorityInterest 태그 없음",29
Deckers,DECK,2018Q2,2018-06-30,분기말 지배지분 자본,902151000,USD,공시,https://www.sec.gov/Archives/edgar/data/910521/000091052118000029/,,29
Deckers,DECK,2018Q2,2018-06-29,분기말 종가,112.89,USD,API,https://query1.finance.yahoo.com/v8/finance/chart/DECK?interval=1d&events=splits (2018-06-29),분할조정 종가 18.815 × 이후 분할계수 6,29
Deckers,DECK,2018Q2,2018-08-03,분기말 상장주식수,30074045,주,공시(표지 기준일),https://www.sec.gov/Archives/edgar/data/910521/000091052118000029/,dei:EntityCommonStockSharesOutstanding 클래스 합,29
Deckers,DECK,2018Q2,2018-06-29,분기말 시가총액,3395058940,USD,계산(종가×주식수),https://query1.finance.yahoo.com/v8/finance/chart/DECK?interval=1d&events=splits (2018-06-29) ; https://www.sec.gov/Archives/edgar/data/910521/000091052118000029/,종가 112.89 × 주식수 30074045,29
Deckers,DECK,2018Q3,2018-09-30,분기별 매출액,501913000,USD,공시,https://www.sec.gov/Archives/edgar/data/910521/000091052118000036/,,29
Deckers,DECK,2018Q3,2018-09-30,분기별 영업이익,90412000,USD,공시,https://www.sec.gov/Archives/edgar/data/910521/000091052118000036/,,29
Deckers,DECK,2018Q3,2018-09-30,분기별 당기순이익(지배),74372000,USD,공시,https://www.sec.gov/Archives/edgar/data/910521/000091052118000036/,,29
Deckers,DECK,2018Q3,2018-09-30,분기별 영업활동현금흐름,-168809000,USD,계산(누적차감)(재작성 반영),https://www.sec.gov/Archives/edgar/data/910521/000091052119000032/ ; https://www.sec.gov/Archives/edgar/data/910521/000091052118000029/,누적 -160736000 − 직전누적 8073000 (시작 2018-04-01) ; 원 공시 -168810000 (https://www.sec.gov/Archives/edgar/data/910521/000091052118000036/ ; https://www.sec.gov/Archives/edgar/data/910521/000091052118000029/),29
Deckers,DECK,2018Q3,2018-09-30,분기말 자산총계,1423968000,USD,공시,https://www.sec.gov/Archives/edgar/data/910521/000091052118000036/,,29
Deckers,DECK,2018Q3,2018-09-30,분기말 부채총계,577181000,USD,계산(부채및자본-총자본),https://www.sec.gov/Archives/edgar/data/910521/000091052118000036/,부채및자본 1423968000 − 총자본 846787000,29
Deckers,DECK,2018Q3,2018-09-30,분기말 총자본(자기자본),846787000,USD,공시(비지배 없음),https://www.sec.gov/Archives/edgar/data/910521/000091052118000036/,"StockholdersEquity, MinorityInterest 태그 없음",29
Deckers,DECK,2018Q3,2018-09-30,분기말 지배지분 자본,846787000,USD,공시,https://www.sec.gov/Archives/edgar/data/910521/000091052118000036/,,29
Deckers,DECK,2018Q3,2018-09-28,분기말 종가,118.58,USD,API,https://query1.finance.yahoo.com/v8/finance/chart/DECK?interval=1d&events=splits (2018-09-28),분할조정 종가 19.7633 × 이후 분할계수 6,29
Deckers,DECK,2018Q3,2018-11-02,분기말 상장주식수,29122209,주,공시(표지 기준일),https://www.sec.gov/Archives/edgar/data/910521/000091052118000036/,dei:EntityCommonStockSharesOutstanding 클래스 합,29
Deckers,DECK,2018Q3,2018-09-28,분기말 시가총액,3453311543,USD,계산(종가×주식수),https://query1.finance.yahoo.com/v8/finance/chart/DECK?interval=1d&events=splits (2018-09-28) ; https://www.sec.gov/Archives/edgar/data/910521/000091052118000036/,종가 118.58 × 주식수 29122209,29
Deckers,DECK,2018Q4,2018-12-31,분기별 매출액,873800000,USD,공시,https://www.sec.gov/Archives/edgar/data/910521/000091052119000003/,,29
Deckers,DECK,2018Q4,2018-12-31,분기별 영업이익,244718000,USD,공시,https://www.sec.gov/Archives/edgar/data/910521/000091052119000003/,,29
Deckers,DECK,2018Q4,2018-12-31,분기별 당기순이익(지배),196374000,USD,공시,https://www.sec.gov/Archives/edgar/data/910521/000091052119000003/,,29
Deckers,DECK,2018Q4,2018-12-31,분기별 영업활동현금흐름,440476000,USD,계산(누적차감)(재작성 반영),https://www.sec.gov/Archives/edgar/data/910521/000091052119000003/ ; https://www.sec.gov/Archives/edgar/data/910521/000091052119000032/,누적 279740000 − 직전누적 -160736000 (시작 2018-04-01) ; 원 공시 440477000 (https://www.sec.gov/Archives/edgar/data/910521/000091052119000003/ ; https://www.sec.gov/Archives/edgar/data/910521/000091052118000036/),29
Deckers,DECK,2018Q4,2018-12-31,분기말 자산총계,1542451000,USD,공시,https://www.sec.gov/Archives/edgar/data/910521/000091052119000003/,,29
Deckers,DECK,2018Q4,2018-12-31,분기말 부채총계,524570000,USD,계산(부채및자본-총자본),https://www.sec.gov/Archives/edgar/data/910521/000091052119000003/,부채및자본 1542451000 − 총자본 1017881000,29
Deckers,DECK,2018Q4,2018-12-31,분기말 총자본(자기자본),1017881000,USD,공시(비지배 없음),https://www.sec.gov/Archives/edgar/data/910521/000091052119000003/,"StockholdersEquity, MinorityInterest 태그 없음",29
Deckers,DECK,2018Q4,2018-12-31,분기말 지배지분 자본,1017881000,USD,공시,https://www.sec.gov/Archives/edgar/data/910521/000091052119000003/,,29
Deckers,DECK,2018Q4,2018-12-31,분기말 종가,127.95,USD,API,https://query1.finance.yahoo.com/v8/finance/chart/DECK?interval=1d&events=splits (2018-12-31),분할조정 종가 21.325 × 이후 분할계수 6,29
Deckers,DECK,2018Q4,2019-02-01,분기말 상장주식수,29130988,주,공시(표지 기준일),https://www.sec.gov/Archives/edgar/data/910521/000091052119000003/,dei:EntityCommonStockSharesOutstanding 클래스 합,29
Deckers,DECK,2018Q4,2018-12-31,분기말 시가총액,3727309915,USD,계산(종가×주식수),https://query1.finance.yahoo.com/v8/finance/chart/DECK?interval=1d&events=splits (2018-12-31) ; https://www.sec.gov/Archives/edgar/data/910521/000091052119000003/,종가 127.95 × 주식수 29130988,29
Deckers,DECK,2019Q1,2019-03-31,분기별 매출액,394130000,USD,계산(연간-3분기누적),https://www.sec.gov/Archives/edgar/data/910521/000091052119000011/ ; https://www.sec.gov/Archives/edgar/data/910521/000091052119000003/,연간 2020437000 − 9개월누적 1626307000 (RevenueFromContractWithCustomerExcludingAssessedTax),29
Deckers,DECK,2019Q1,2019-03-31,분기별 영업이익,31604000,USD,계산(연간-3분기누적),https://www.sec.gov/Archives/edgar/data/910521/000091052119000011/ ; https://www.sec.gov/Archives/edgar/data/910521/000091052119000003/,연간 327320000 − 9개월누적 295716000 (OperatingIncomeLoss),29
Deckers,DECK,2019Q1,2019-03-31,분기별 당기순이익(지배),23969000,USD,계산(연간-3분기누적),https://www.sec.gov/Archives/edgar/data/910521/000091052119000011/ ; https://www.sec.gov/Archives/edgar/data/910521/000091052119000003/,연간 264308000 − 9개월누적 240339000 (NetIncomeLoss),29
Deckers,DECK,2019Q1,2019-03-31,분기별 영업활동현금흐름,79765000,USD,계산(누적차감),https://www.sec.gov/Archives/edgar/data/910521/000091052119000011/ ; https://www.sec.gov/Archives/edgar/data/910521/000091052119000003/,누적 359505000 − 직전누적 279740000 (시작 2018-04-01),29
Deckers,DECK,2019Q1,2019-03-31,분기말 자산총계,1427206000,USD,공시,https://www.sec.gov/Archives/edgar/data/910521/000091052119000011/,,29
Deckers,DECK,2019Q1,2019-03-31,분기말 부채총계,382076000,USD,계산(부채및자본-총자본),https://www.sec.gov/Archives/edgar/data/910521/000091052119000011/,부채및자본 1427206000 − 총자본 1045130000,29
Deckers,DECK,2019Q1,2019-03-31,분기말 총자본(자기자본),1045130000,USD,공시(비지배 없음),https://www.sec.gov/Archives/edgar/data/910521/000091052119000011/,"StockholdersEquity, MinorityInterest 태그 없음",29
Deckers,DECK,2019Q1,2019-03-31,분기말 지배지분 자본,1045130000,USD,공시,https://www.sec.gov/Archives/edgar/data/910521/000091052119000011/,,29
Deckers,DECK,2019Q1,2019-03-29,분기말 종가,146.99,USD,API,https://query1.finance.yahoo.com/v8/finance/chart/DECK?interval=1d&events=splits (2019-03-29),분할조정 종가 24.4983 × 이후 분할계수 6,29
Deckers,DECK,2019Q1,2019-05-17,분기말 상장주식수,29142002,주,공시(표지 기준일),https://www.sec.gov/Archives/edgar/data/910521/000091052119000011/,dei:EntityCommonStockSharesOutstanding 클래스 합,29
Deckers,DECK,2019Q1,2019-03-29,분기말 시가총액,4283582874,USD,계산(종가×주식수),https://query1.finance.yahoo.com/v8/finance/chart/DECK?interval=1d&events=splits (2019-03-29) ; https://www.sec.gov/Archives/edgar/data/910521/000091052119000011/,종가 146.99 × 주식수 29142002,29
Deckers,DECK,2019Q2,2019-06-30,분기별 매출액,276839000,USD,공시,https://www.sec.gov/Archives/edgar/data/910521/000091052119000024/,,29
Deckers,DECK,2019Q2,2019-06-30,분기별 영업이익,-31417000,USD,공시,https://www.sec.gov/Archives/edgar/data/910521/000091052119000024/,,29
Deckers,DECK,2019Q2,2019-06-30,분기별 당기순이익(지배),-19351000,USD,공시,https://www.sec.gov/Archives/edgar/data/910521/000091052119000024/,,29
Deckers,DECK,2019Q2,2019-06-30,분기별 영업활동현금흐름,-46629000,USD,공시,https://www.sec.gov/Archives/edgar/data/910521/000091052119000024/,,29
Deckers,DECK,2019Q2,2019-06-30,분기말 자산총계,1751056000,USD,공시,https://www.sec.gov/Archives/edgar/data/910521/000091052119000024/,,29
Deckers,DECK,2019Q2,2019-06-30,분기말 부채총계,755777000,USD,계산(부채및자본-총자본),https://www.sec.gov/Archives/edgar/data/910521/000091052119000024/,부채및자본 1751056000 − 총자본 995279000,29
Deckers,DECK,2019Q2,2019-06-30,분기말 총자본(자기자본),995279000,USD,공시(비지배 없음),https://www.sec.gov/Archives/edgar/data/910521/000091052119000024/,"StockholdersEquity, MinorityInterest 태그 없음",29
Deckers,DECK,2019Q2,2019-06-30,분기말 지배지분 자본,995279000,USD,공시,https://www.sec.gov/Archives/edgar/data/910521/000091052119000024/,,29
Deckers,DECK,2019Q2,2019-06-28,분기말 종가,175.97,USD,API,https://query1.finance.yahoo.com/v8/finance/chart/DECK?interval=1d&events=splits (2019-06-28),분할조정 종가 29.3283 × 이후 분할계수 6,29
Deckers,DECK,2019Q2,2019-07-31,분기말 상장주식수,28881327,주,공시(표지 기준일),https://www.sec.gov/Archives/edgar/data/910521/000091052119000024/,dei:EntityCommonStockSharesOutstanding 클래스 합,29
Deckers,DECK,2019Q2,2019-06-28,분기말 시가총액,5082247112,USD,계산(종가×주식수),https://query1.finance.yahoo.com/v8/finance/chart/DECK?interval=1d&events=splits (2019-06-28) ; https://www.sec.gov/Archives/edgar/data/910521/000091052119000024/,종가 175.97 × 주식수 28881327,29
Deckers,DECK,2019Q3,2019-09-30,분기별 매출액,542205000,USD,공시,https://www.sec.gov/Archives/edgar/data/910521/000091052119000032/,,29
Deckers,DECK,2019Q3,2019-09-30,분기별 영업이익,97131000,USD,공시,https://www.sec.gov/Archives/edgar/data/910521/000091052119000032/,,29
Deckers,DECK,2019Q3,2019-09-30,분기별 당기순이익(지배),77810000,USD,공시,https://www.sec.gov/Archives/edgar/data/910521/000091052119000032/,,29
Deckers,DECK,2019Q3,2019-09-30,분기별 영업활동현금흐름,-169527000,USD,계산(누적차감),https://www.sec.gov/Archives/edgar/data/910521/000091052119000032/ ; https://www.sec.gov/Archives/edgar/data/910521/000091052119000024/,누적 -216156000 − 직전누적 -46629000 (시작 2019-04-01),29
Deckers,DECK,2019Q3,2019-09-30,분기말 자산총계,1691659000,USD,공시,https://www.sec.gov/Archives/edgar/data/910521/000091052119000032/,,29
Deckers,DECK,2019Q3,2019-09-30,분기말 부채총계,775355000,USD,계산(부채및자본-총자본),https://www.sec.gov/Archives/edgar/data/910521/000091052119000032/,부채및자본 1691659000 − 총자본 916304000,29
Deckers,DECK,2019Q3,2019-09-30,분기말 총자본(자기자본),916304000,USD,공시(비지배 없음),https://www.sec.gov/Archives/edgar/data/910521/000091052119000032/,"StockholdersEquity, MinorityInterest 태그 없음",29
Deckers,DECK,2019Q3,2019-09-30,분기말 지배지분 자본,916304000,USD,공시,https://www.sec.gov/Archives/edgar/data/910521/000091052119000032/,,29
Deckers,DECK,2019Q3,2019-09-30,분기말 종가,147.36,USD,API,https://query1.finance.yahoo.com/v8/finance/chart/DECK?interval=1d&events=splits (2019-09-30),분할조정 종가 24.56 × 이후 분할계수 6,29
Deckers,DECK,2019Q3,2019-10-31,분기말 상장주식수,27976092,주,공시(표지 기준일),https://www.sec.gov/Archives/edgar/data/910521/000091052119000032/,dei:EntityCommonStockSharesOutstanding 클래스 합,29
Deckers,DECK,2019Q3,2019-09-30,분기말 시가총액,4122556917,USD,계산(종가×주식수),https://query1.finance.yahoo.com/v8/finance/chart/DECK?interval=1d&events=splits (2019-09-30) ; https://www.sec.gov/Archives/edgar/data/910521/000091052119000032/,종가 147.36 × 주식수 27976092,29
Deckers,DECK,2019Q4,2019-12-31,분기별 매출액,938735000,USD,공시,https://www.sec.gov/Archives/edgar/data/910521/000091052120000004/,,29
Deckers,DECK,2019Q4,2019-12-31,분기별 영업이익,255766000,USD,공시,https://www.sec.gov/Archives/edgar/data/910521/000091052120000004/,,29
Deckers,DECK,2019Q4,2019-12-31,분기별 당기순이익(지배),201593000,USD,공시,https://www.sec.gov/Archives/edgar/data/910521/000091052120000004/,,29
Deckers,DECK,2019Q4,2019-12-31,분기별 영업활동현금흐름,454881000,USD,계산(누적차감),https://www.sec.gov/Archives/edgar/data/910521/000091052120000004/ ; https://www.sec.gov/Archives/edgar/data/910521/000091052119000032/,누적 238725000 − 직전누적 -216156000 (시작 2019-04-01),29
Deckers,DECK,2019Q4,2019-12-31,분기말 자산총계,1888351000,USD,공시,https://www.sec.gov/Archives/edgar/data/910521/000091052120000004/,,29
Deckers,DECK,2019Q4,2019-12-31,분기말 부채총계,764604000,USD,계산(부채및자본-총자본),https://www.sec.gov/Archives/edgar/data/910521/000091052120000004/,부채및자본 1888351000 − 총자본 1123747000,29
Deckers,DECK,2019Q4,2019-12-31,분기말 총자본(자기자본),1123747000,USD,공시(비지배 없음),https://www.sec.gov/Archives/edgar/data/910521/000091052120000004/,"StockholdersEquity, MinorityInterest 태그 없음",29
Deckers,DECK,2019Q4,2019-12-31,분기말 지배지분 자본,1123747000,USD,공시,https://www.sec.gov/Archives/edgar/data/910521/000091052120000004/,,29
Deckers,DECK,2019Q4,2019-12-31,분기말 종가,168.86,USD,API,https://query1.finance.yahoo.com/v8/finance/chart/DECK?interval=1d&events=splits (2019-12-31),분할조정 종가 28.1433 × 이후 분할계수 6,29
Deckers,DECK,2019Q4,2020-01-29,분기말 상장주식수,27987587,주,공시(표지 기준일),https://www.sec.gov/Archives/edgar/data/910521/000091052120000004/,dei:EntityCommonStockSharesOutstanding 클래스 합,29
Deckers,DECK,2019Q4,2019-12-31,분기말 시가총액,4725983941,USD,계산(종가×주식수),https://query1.finance.yahoo.com/v8/finance/chart/DECK?interval=1d&events=splits (2019-12-31) ; https://www.sec.gov/Archives/edgar/data/910521/000091052120000004/,종가 168.86 × 주식수 27987587,29
Deckers,DECK,2020Q1,2020-03-31,분기별 매출액,374910000,USD,계산(연간-3분기누적),https://www.sec.gov/Archives/edgar/data/910521/000091052120000016/ ; https://www.sec.gov/Archives/edgar/data/910521/000091052120000004/,연간 2132689000 − 9개월누적 1757779000 (RevenueFromContractWithCustomerExcludingAssessedTax),29
Deckers,DECK,2020Q1,2020-03-31,분기별 영업이익,16655000,USD,계산(연간-3분기누적),https://www.sec.gov/Archives/edgar/data/910521/000091052120000016/ ; https://www.sec.gov/Archives/edgar/data/910521/000091052120000004/,연간 338135000 − 9개월누적 321480000 (OperatingIncomeLoss),29
Deckers,DECK,2020Q1,2020-03-31,분기별 당기순이익(지배),16090000,USD,계산(연간-3분기누적),https://www.sec.gov/Archives/edgar/data/910521/000091052120000016/ ; https://www.sec.gov/Archives/edgar/data/910521/000091052120000004/,연간 276142000 − 9개월누적 260052000 (NetIncomeLoss),29
Deckers,DECK,2020Q1,2020-03-31,분기별 영업활동현금흐름,47609000,USD,계산(누적차감),https://www.sec.gov/Archives/edgar/data/910521/000091052120000016/ ; https://www.sec.gov/Archives/edgar/data/910521/000091052120000004/,누적 286334000 − 직전누적 238725000 (시작 2019-04-01),29
Deckers,DECK,2020Q1,2020-03-31,분기말 자산총계,1765118000,USD,공시,https://www.sec.gov/Archives/edgar/data/910521/000091052120000016/,,29
Deckers,DECK,2020Q1,2020-03-31,분기말 부채총계,624998000,USD,계산(부채및자본-총자본),https://www.sec.gov/Archives/edgar/data/910521/000091052120000016/,부채및자본 1765118000 − 총자본 1140120000,29
Deckers,DECK,2020Q1,2020-03-31,분기말 총자본(자기자본),1140120000,USD,공시(비지배 없음),https://www.sec.gov/Archives/edgar/data/910521/000091052120000016/,"StockholdersEquity, MinorityInterest 태그 없음",29
Deckers,DECK,2020Q1,2020-03-31,분기말 지배지분 자본,1140120000,USD,공시,https://www.sec.gov/Archives/edgar/data/910521/000091052120000016/,,29
Deckers,DECK,2020Q1,2020-03-31,분기말 종가,134.0,USD,API,https://query1.finance.yahoo.com/v8/finance/chart/DECK?interval=1d&events=splits (2020-03-31),분할조정 종가 22.3333 × 이후 분할계수 6,29
Deckers,DECK,2020Q1,2020-05-14,분기말 상장주식수,27999468,주,공시(표지 기준일),https://www.sec.gov/Archives/edgar/data/910521/000091052120000016/,dei:EntityCommonStockSharesOutstanding 클래스 합,29
Deckers,DECK,2020Q1,2020-03-31,분기말 시가총액,3751928712,USD,계산(종가×주식수),https://query1.finance.yahoo.com/v8/finance/chart/DECK?interval=1d&events=splits (2020-03-31) ; https://www.sec.gov/Archives/edgar/data/910521/000091052120000016/,종가 134.0 × 주식수 27999468,29
Deckers,DECK,2020Q2,2020-06-30,분기별 매출액,283169000,USD,공시,https://www.sec.gov/Archives/edgar/data/910521/000091052120000033/,,29
Deckers,DECK,2020Q2,2020-06-30,분기별 영업이익,-7699000,USD,공시,https://www.sec.gov/Archives/edgar/data/910521/000091052120000033/,,29
Deckers,DECK,2020Q2,2020-06-30,분기별 당기순이익(지배),-7973000,USD,공시,https://www.sec.gov/Archives/edgar/data/910521/000091052120000033/,,29
Deckers,DECK,2020Q2,2020-06-30,분기별 영업활동현금흐름,21169000,USD,공시,https://www.sec.gov/Archives/edgar/data/910521/000091052120000033/,,29
Deckers,DECK,2020Q2,2020-06-30,분기말 자산총계,1848566000,USD,공시,https://www.sec.gov/Archives/edgar/data/910521/000091052120000033/,,29
Deckers,DECK,2020Q2,2020-06-30,분기말 부채총계,711638000,USD,계산(부채및자본-총자본),https://www.sec.gov/Archives/edgar/data/910521/000091052120000033/,부채및자본 1848566000 − 총자본 1136928000,29
Deckers,DECK,2020Q2,2020-06-30,분기말 총자본(자기자본),1136928000,USD,공시(비지배 없음),https://www.sec.gov/Archives/edgar/data/910521/000091052120000033/,"StockholdersEquity, MinorityInterest 태그 없음",29
Deckers,DECK,2020Q2,2020-06-30,분기말 지배지분 자본,1136928000,USD,공시,https://www.sec.gov/Archives/edgar/data/910521/000091052120000033/,,29
Deckers,DECK,2020Q2,2020-06-30,분기말 종가,196.39,USD,API,https://query1.finance.yahoo.com/v8/finance/chart/DECK?interval=1d&events=splits (2020-06-30),분할조정 종가 32.7317 × 이후 분할계수 6,29
Deckers,DECK,2020Q2,2020-07-30,분기말 상장주식수,28021361,주,공시(표지 기준일),https://www.sec.gov/Archives/edgar/data/910521/000091052120000033/,dei:EntityCommonStockSharesOutstanding 클래스 합,29
Deckers,DECK,2020Q2,2020-06-30,분기말 시가총액,5503115087,USD,계산(종가×주식수),https://query1.finance.yahoo.com/v8/finance/chart/DECK?interval=1d&events=splits (2020-06-30) ; https://www.sec.gov/Archives/edgar/data/910521/000091052120000033/,종가 196.39 × 주식수 28021361,29
Deckers,DECK,2020Q3,2020-09-30,분기별 매출액,623525000,USD,공시,https://www.sec.gov/Archives/edgar/data/910521/000091052120000042/,,29
Deckers,DECK,2020Q3,2020-09-30,분기별 영업이익,128604000,USD,공시,https://www.sec.gov/Archives/edgar/data/910521/000091052120000042/,,29
Deckers,DECK,2020Q3,2020-09-30,분기별 당기순이익(지배),101554000,USD,공시,https://www.sec.gov/Archives/edgar/data/910521/000091052120000042/,,29
Deckers,DECK,2020Q3,2020-09-30,분기별 영업활동현금흐름,-37130000,USD,계산(누적차감),https://www.sec.gov/Archives/edgar/data/910521/000091052120000042/ ; https://www.sec.gov/Archives/edgar/data/910521/000091052120000033/,누적 -15961000 − 직전누적 21169000 (시작 2020-04-01),29
Deckers,DECK,2020Q3,2020-09-30,분기말 자산총계,2050348000,USD,공시,https://www.sec.gov/Archives/edgar/data/910521/000091052120000042/,,29
Deckers,DECK,2020Q3,2020-09-30,분기말 부채총계,807384000,USD,계산(부채및자본-총자본),https://www.sec.gov/Archives/edgar/data/910521/000091052120000042/,부채및자본 2050348000 − 총자본 1242964000,29
Deckers,DECK,2020Q3,2020-09-30,분기말 총자본(자기자본),1242964000,USD,공시(비지배 없음),https://www.sec.gov/Archives/edgar/data/910521/000091052120000042/,"StockholdersEquity, MinorityInterest 태그 없음",29
Deckers,DECK,2020Q3,2020-09-30,분기말 지배지분 자본,1242964000,USD,공시,https://www.sec.gov/Archives/edgar/data/910521/000091052120000042/,,29
Deckers,DECK,2020Q3,2020-09-30,분기말 종가,220.01,USD,API,https://query1.finance.yahoo.com/v8/finance/chart/DECK?interval=1d&events=splits (2020-09-30),분할조정 종가 36.6683 × 이후 분할계수 6,29
Deckers,DECK,2020Q3,2020-10-29,분기말 상장주식수,28084060,주,공시(표지 기준일),https://www.sec.gov/Archives/edgar/data/910521/000091052120000042/,dei:EntityCommonStockSharesOutstanding 클래스 합,29
Deckers,DECK,2020Q3,2020-09-30,분기말 시가총액,6178774041,USD,계산(종가×주식수),https://query1.finance.yahoo.com/v8/finance/chart/DECK?interval=1d&events=splits (2020-09-30) ; https://www.sec.gov/Archives/edgar/data/910521/000091052120000042/,종가 220.01 × 주식수 28084060,29
Deckers,DECK,2020Q4,2020-12-31,분기별 매출액,1077759000,USD,공시,https://www.sec.gov/Archives/edgar/data/910521/000091052121000010/,,29
Deckers,DECK,2020Q4,2020-12-31,분기별 영업이익,328655000,USD,공시,https://www.sec.gov/Archives/edgar/data/910521/000091052121000010/,,29
Deckers,DECK,2020Q4,2020-12-31,분기별 당기순이익(지배),255536000,USD,공시,https://www.sec.gov/Archives/edgar/data/910521/000091052121000010/,,29
Deckers,DECK,2020Q4,2020-12-31,분기별 영업활동현금흐름,538223000,USD,계산(누적차감),https://www.sec.gov/Archives/edgar/data/910521/000091052121000010/ ; https://www.sec.gov/Archives/edgar/data/910521/000091052120000042/,누적 522262000 − 직전누적 -15961000 (시작 2020-04-01),29
Deckers,DECK,2020Q4,2020-12-31,분기말 자산총계,2387850000,USD,공시,https://www.sec.gov/Archives/edgar/data/910521/000091052121000010/,,29
Deckers,DECK,2020Q4,2020-12-31,분기말 부채총계,867729000,USD,계산(부채및자본-총자본),https://www.sec.gov/Archives/edgar/data/910521/000091052121000010/,부채및자본 2387850000 − 총자본 1520121000,29
Deckers,DECK,2020Q4,2020-12-31,분기말 총자본(자기자본),1520121000,USD,공시(비지배 없음),https://www.sec.gov/Archives/edgar/data/910521/000091052121000010/,"StockholdersEquity, MinorityInterest 태그 없음",29
Deckers,DECK,2020Q4,2020-12-31,분기말 지배지분 자본,1520121000,USD,공시,https://www.sec.gov/Archives/edgar/data/910521/000091052121000010/,,29
Deckers,DECK,2020Q4,2020-12-31,분기말 종가,286.78,USD,API,https://query1.finance.yahoo.com/v8/finance/chart/DECK?interval=1d&events=splits (2020-12-31),분할조정 종가 47.7967 × 이후 분할계수 6,29
Deckers,DECK,2020Q4,2021-01-28,분기말 상장주식수,28169920,주,공시(표지 기준일),https://www.sec.gov/Archives/edgar/data/910521/000091052121000010/,dei:EntityCommonStockSharesOutstanding 클래스 합,29
Deckers,DECK,2020Q4,2020-12-31,분기말 시가총액,8078569658,USD,계산(종가×주식수),https://query1.finance.yahoo.com/v8/finance/chart/DECK?interval=1d&events=splits (2020-12-31) ; https://www.sec.gov/Archives/edgar/data/910521/000091052121000010/,종가 286.78 × 주식수 28169920,29
Deckers,DECK,2021Q1,2021-03-31,분기별 매출액,561188000,USD,계산(연간-3분기누적),https://www.sec.gov/Archives/edgar/data/910521/000091052121000017/ ; https://www.sec.gov/Archives/edgar/data/910521/000091052121000010/,연간 2545641000 − 9개월누적 1984453000 (RevenueFromContractWithCustomerExcludingAssessedTax),29
Deckers,DECK,2021Q1,2021-03-31,분기별 영업이익,54645000,USD,계산(연간-3분기누적),https://www.sec.gov/Archives/edgar/data/910521/000091052121000017/ ; https://www.sec.gov/Archives/edgar/data/910521/000091052121000010/,연간 504205000 − 9개월누적 449560000 (OperatingIncomeLoss),29
Deckers,DECK,2021Q1,2021-03-31,분기별 당기순이익(지배),33458000,USD,계산(연간-3분기누적),https://www.sec.gov/Archives/edgar/data/910521/000091052121000017/ ; https://www.sec.gov/Archives/edgar/data/910521/000091052121000010/,연간 382575000 − 9개월누적 349117000 (NetIncomeLoss),29
Deckers,DECK,2021Q1,2021-03-31,분기별 영업활동현금흐름,73955000,USD,계산(누적차감),https://www.sec.gov/Archives/edgar/data/910521/000091052121000017/ ; https://www.sec.gov/Archives/edgar/data/910521/000091052121000010/,누적 596217000 − 직전누적 522262000 (시작 2020-04-01),29
Deckers,DECK,2021Q1,2021-03-31,분기말 자산총계,2167705000,USD,공시,https://www.sec.gov/Archives/edgar/data/910521/000091052121000017/,,29
Deckers,DECK,2021Q1,2021-03-31,분기말 부채총계,723480000,USD,계산(부채및자본-총자본),https://www.sec.gov/Archives/edgar/data/910521/000091052121000017/,부채및자본 2167705000 − 총자본 1444225000,29
Deckers,DECK,2021Q1,2021-03-31,분기말 총자본(자기자본),1444225000,USD,공시(비지배 없음),https://www.sec.gov/Archives/edgar/data/910521/000091052121000017/,"StockholdersEquity, MinorityInterest 태그 없음",29
Deckers,DECK,2021Q1,2021-03-31,분기말 지배지분 자본,1444225000,USD,공시,https://www.sec.gov/Archives/edgar/data/910521/000091052121000017/,,29
Deckers,DECK,2021Q1,2021-03-31,분기말 종가,330.42,USD,API,https://query1.finance.yahoo.com/v8/finance/chart/DECK?interval=1d&events=splits (2021-03-31),분할조정 종가 55.07 × 이후 분할계수 6,29
Deckers,DECK,2021Q1,2021-05-13,분기말 상장주식수,27813023,주,공시(표지 기준일),https://www.sec.gov/Archives/edgar/data/910521/000091052121000017/,dei:EntityCommonStockSharesOutstanding 클래스 합,29
Deckers,DECK,2021Q1,2021-03-31,분기말 시가총액,9189979060,USD,계산(종가×주식수),https://query1.finance.yahoo.com/v8/finance/chart/DECK?interval=1d&events=splits (2021-03-31) ; https://www.sec.gov/Archives/edgar/data/910521/000091052121000017/,종가 330.42 × 주식수 27813023,29
Deckers,DECK,2021Q2,2021-06-30,분기별 매출액,504678000,USD,공시,https://www.sec.gov/Archives/edgar/data/910521/000091052121000028/,,29
Deckers,DECK,2021Q2,2021-06-30,분기별 영업이익,61832000,USD,공시,https://www.sec.gov/Archives/edgar/data/910521/000091052121000028/,,29
Deckers,DECK,2021Q2,2021-06-30,분기별 당기순이익(지배),48124000,USD,공시,https://www.sec.gov/Archives/edgar/data/910521/000091052121000028/,,29
Deckers,DECK,2021Q2,2021-06-30,분기별 영업활동현금흐름,-36332000,USD,공시,https://www.sec.gov/Archives/edgar/data/910521/000091052121000028/,,29
Deckers,DECK,2021Q2,2021-06-30,분기말 자산총계,2291255000,USD,공시,https://www.sec.gov/Archives/edgar/data/910521/000091052121000028/,,29
Deckers,DECK,2021Q2,2021-06-30,분기말 부채총계,872268000,USD,계산(부채및자본-총자본),https://www.sec.gov/Archives/edgar/data/910521/000091052121000028/,부채및자본 2291255000 − 총자본 1418987000,29
Deckers,DECK,2021Q2,2021-06-30,분기말 총자본(자기자본),1418987000,USD,공시(비지배 없음),https://www.sec.gov/Archives/edgar/data/910521/000091052121000028/,"StockholdersEquity, MinorityInterest 태그 없음",29
Deckers,DECK,2021Q2,2021-06-30,분기말 지배지분 자본,1418987000,USD,공시,https://www.sec.gov/Archives/edgar/data/910521/000091052121000028/,,29
Deckers,DECK,2021Q2,2021-06-30,분기말 종가,384.07,USD,API,https://query1.finance.yahoo.com/v8/finance/chart/DECK?interval=1d&events=splits (2021-06-30),분할조정 종가 64.0117 × 이후 분할계수 6,29
Deckers,DECK,2021Q2,2021-07-29,분기말 상장주식수,27662787,주,공시(표지 기준일),https://www.sec.gov/Archives/edgar/data/910521/000091052121000028/,dei:EntityCommonStockSharesOutstanding 클래스 합,29
Deckers,DECK,2021Q2,2021-06-30,분기말 시가총액,10624446603,USD,계산(종가×주식수),https://query1.finance.yahoo.com/v8/finance/chart/DECK?interval=1d&events=splits (2021-06-30) ; https://www.sec.gov/Archives/edgar/data/910521/000091052121000028/,종가 384.07 × 주식수 27662787,29
Deckers,DECK,2021Q3,2021-09-30,분기별 매출액,721902000,USD,공시,https://www.sec.gov/Archives/edgar/data/910521/000091052121000039/,,29
Deckers,DECK,2021Q3,2021-09-30,분기별 영업이익,128181000,USD,공시,https://www.sec.gov/Archives/edgar/data/910521/000091052121000039/,,29
Deckers,DECK,2021Q3,2021-09-30,분기별 당기순이익(지배),102063000,USD,공시,https://www.sec.gov/Archives/edgar/data/910521/000091052121000039/,,29
Deckers,DECK,2021Q3,2021-09-30,분기별 영업활동현금흐름,-136342000,USD,계산(누적차감),https://www.sec.gov/Archives/edgar/data/910521/000091052121000039/ ; https://www.sec.gov/Archives/edgar/data/910521/000091052121000028/,누적 -172674000 − 직전누적 -36332000 (시작 2021-04-01),29
Deckers,DECK,2021Q3,2021-09-30,분기말 자산총계,2410432000,USD,공시,https://www.sec.gov/Archives/edgar/data/910521/000091052121000039/,,29
Deckers,DECK,2021Q3,2021-09-30,분기말 부채총계,946686000,USD,계산(부채및자본-총자본),https://www.sec.gov/Archives/edgar/data/910521/000091052121000039/,부채및자본 2410432000 − 총자본 1463746000,29
Deckers,DECK,2021Q3,2021-09-30,분기말 총자본(자기자본),1463746000,USD,공시(비지배 없음),https://www.sec.gov/Archives/edgar/data/910521/000091052121000039/,"StockholdersEquity, MinorityInterest 태그 없음",29
Deckers,DECK,2021Q3,2021-09-30,분기말 지배지분 자본,1463746000,USD,공시,https://www.sec.gov/Archives/edgar/data/910521/000091052121000039/,,29
Deckers,DECK,2021Q3,2021-09-30,분기말 종가,360.2,USD,API,https://query1.finance.yahoo.com/v8/finance/chart/DECK?interval=1d&events=splits (2021-09-30),분할조정 종가 60.0333 × 이후 분할계수 6,29
Deckers,DECK,2021Q3,2021-10-21,분기말 상장주식수,27448120,주,공시(표지 기준일),https://www.sec.gov/Archives/edgar/data/910521/000091052121000039/,dei:EntityCommonStockSharesOutstanding 클래스 합,29
Deckers,DECK,2021Q3,2021-09-30,분기말 시가총액,9886812824,USD,계산(종가×주식수),https://query1.finance.yahoo.com/v8/finance/chart/DECK?interval=1d&events=splits (2021-09-30) ; https://www.sec.gov/Archives/edgar/data/910521/000091052121000039/,종가 360.2 × 주식수 27448120,29
Deckers,DECK,2021Q4,2021-12-31,분기별 매출액,1187752000,USD,공시,https://www.sec.gov/Archives/edgar/data/910521/000091052122000007/,,29
Deckers,DECK,2021Q4,2021-12-31,분기별 영업이익,293396000,USD,공시,https://www.sec.gov/Archives/edgar/data/910521/000091052122000007/,,29
Deckers,DECK,2021Q4,2021-12-31,분기별 당기순이익(지배),232943000,USD,공시,https://www.sec.gov/Archives/edgar/data/910521/000091052122000007/,,29
Deckers,DECK,2021Q4,2021-12-31,분기별 영업활동현금흐름,400044000,USD,계산(누적차감),https://www.sec.gov/Archives/edgar/data/910521/000091052122000007/ ; https://www.sec.gov/Archives/edgar/data/910521/000091052121000039/,누적 227370000 − 직전누적 -172674000 (시작 2021-04-01),29
Deckers,DECK,2021Q4,2021-12-31,분기말 자산총계,2547568000,USD,공시,https://www.sec.gov/Archives/edgar/data/910521/000091052122000007/,,29
Deckers,DECK,2021Q4,2021-12-31,분기말 부채총계,982826000,USD,계산(부채및자본-총자본),https://www.sec.gov/Archives/edgar/data/910521/000091052122000007/,부채및자본 2547568000 − 총자본 1564742000,29
Deckers,DECK,2021Q4,2021-12-31,분기말 총자본(자기자본),1564742000,USD,공시(비지배 없음),https://www.sec.gov/Archives/edgar/data/910521/000091052122000007/,"StockholdersEquity, MinorityInterest 태그 없음",29
Deckers,DECK,2021Q4,2021-12-31,분기말 지배지분 자본,1564742000,USD,공시,https://www.sec.gov/Archives/edgar/data/910521/000091052122000007/,,29
Deckers,DECK,2021Q4,2021-12-31,분기말 종가,366.31,USD,API,https://query1.finance.yahoo.com/v8/finance/chart/DECK?interval=1d&events=splits (2021-12-31),분할조정 종가 61.0517 × 이후 분할계수 6,29
Deckers,DECK,2021Q4,2022-01-20,분기말 상장주식수,27241283,주,공시(표지 기준일),https://www.sec.gov/Archives/edgar/data/910521/000091052122000007/,dei:EntityCommonStockSharesOutstanding 클래스 합,29
Deckers,DECK,2021Q4,2021-12-31,분기말 시가총액,9978754376,USD,계산(종가×주식수),https://query1.finance.yahoo.com/v8/finance/chart/DECK?interval=1d&events=splits (2021-12-31) ; https://www.sec.gov/Archives/edgar/data/910521/000091052122000007/,종가 366.31 × 주식수 27241283,29
Deckers,DECK,2022Q1,2022-03-31,분기별 매출액,736007000,USD,계산(연간-3분기누적),https://www.sec.gov/Archives/edgar/data/910521/000091052122000017/ ; https://www.sec.gov/Archives/edgar/data/910521/000091052122000007/,연간 3150339000 − 9개월누적 2414332000 (RevenueFromContractWithCustomerExcludingAssessedTax),29
Deckers,DECK,2022Q1,2022-03-31,분기별 영업이익,81298000,USD,계산(연간-3분기누적),https://www.sec.gov/Archives/edgar/data/910521/000091052122000017/ ; https://www.sec.gov/Archives/edgar/data/910521/000091052122000007/,연간 564707000 − 9개월누적 483409000 (OperatingIncomeLoss),29
Deckers,DECK,2022Q1,2022-03-31,분기별 당기순이익(지배),68819000,USD,계산(연간-3분기누적),https://www.sec.gov/Archives/edgar/data/910521/000091052122000017/ ; https://www.sec.gov/Archives/edgar/data/910521/000091052122000007/,연간 451949000 − 9개월누적 383130000 (NetIncomeLoss),29
Deckers,DECK,2022Q1,2022-03-31,분기별 영업활동현금흐름,-55017000,USD,계산(누적차감),https://www.sec.gov/Archives/edgar/data/910521/000091052122000017/ ; https://www.sec.gov/Archives/edgar/data/910521/000091052122000007/,누적 172353000 − 직전누적 227370000 (시작 2021-04-01),29
Deckers,DECK,2022Q1,2022-03-31,분기말 자산총계,2332250000,USD,공시,https://www.sec.gov/Archives/edgar/data/910521/000091052122000017/,,29
Deckers,DECK,2022Q1,2022-03-31,분기말 부채총계,793425000,USD,계산(부채및자본-총자본),https://www.sec.gov/Archives/edgar/data/910521/000091052122000017/,부채및자본 2332250000 − 총자본 1538825000,29
Deckers,DECK,2022Q1,2022-03-31,분기말 총자본(자기자본),1538825000,USD,공시(비지배 없음),https://www.sec.gov/Archives/edgar/data/910521/000091052122000017/,"StockholdersEquity, MinorityInterest 태그 없음",29
Deckers,DECK,2022Q1,2022-03-31,분기말 지배지분 자본,1538825000,USD,공시,https://www.sec.gov/Archives/edgar/data/910521/000091052122000017/,,29
Deckers,DECK,2022Q1,2022-03-31,분기말 종가,273.77,USD,API,https://query1.finance.yahoo.com/v8/finance/chart/DECK?interval=1d&events=splits (2022-03-31),분할조정 종가 45.6283 × 이후 분할계수 6,29
Deckers,DECK,2022Q1,2022-05-05,분기말 상장주식수,26789861,주,공시(표지 기준일),https://www.sec.gov/Archives/edgar/data/910521/000091052122000017/,dei:EntityCommonStockSharesOutstanding 클래스 합,29
Deckers,DECK,2022Q1,2022-03-31,분기말 시가총액,7334260246,USD,계산(종가×주식수),https://query1.finance.yahoo.com/v8/finance/chart/DECK?interval=1d&events=splits (2022-03-31) ; https://www.sec.gov/Archives/edgar/data/910521/000091052122000017/,종가 273.77 × 주식수 26789861,29
Deckers,DECK,2022Q2,2022-06-30,분기별 매출액,614461000,USD,공시,https://www.sec.gov/Archives/edgar/data/910521/000091052122000032/,,29
Deckers,DECK,2022Q2,2022-06-30,분기별 영업이익,56341000,USD,공시,https://www.sec.gov/Archives/edgar/data/910521/000091052122000032/,,29
Deckers,DECK,2022Q2,2022-06-30,분기별 당기순이익(지배),44849000,USD,공시,https://www.sec.gov/Archives/edgar/data/910521/000091052122000032/,,29
Deckers,DECK,2022Q2,2022-06-30,분기별 영업활동현금흐름,-28921000,USD,공시,https://www.sec.gov/Archives/edgar/data/910521/000091052122000032/,,29
Deckers,DECK,2022Q2,2022-06-30,분기말 자산총계,2513252000,USD,공시,https://www.sec.gov/Archives/edgar/data/910521/000091052122000032/,,29
Deckers,DECK,2022Q2,2022-06-30,분기말 부채총계,1040845000,USD,계산(부채및자본-총자본),https://www.sec.gov/Archives/edgar/data/910521/000091052122000032/,부채및자본 2513252000 − 총자본 1472407000,29
Deckers,DECK,2022Q2,2022-06-30,분기말 총자본(자기자본),1472407000,USD,공시(비지배 없음),https://www.sec.gov/Archives/edgar/data/910521/000091052122000032/,"StockholdersEquity, MinorityInterest 태그 없음",29
Deckers,DECK,2022Q2,2022-06-30,분기말 지배지분 자본,1472407000,USD,공시,https://www.sec.gov/Archives/edgar/data/910521/000091052122000032/,,29
Deckers,DECK,2022Q2,2022-06-30,분기말 종가,255.35,USD,API,https://query1.finance.yahoo.com/v8/finance/chart/DECK?interval=1d&events=splits (2022-06-30),분할조정 종가 42.5583 × 이후 분할계수 6,29
Deckers,DECK,2022Q2,2022-07-14,분기말 상장주식수,26531046,주,공시(표지 기준일),https://www.sec.gov/Archives/edgar/data/910521/000091052122000032/,dei:EntityCommonStockSharesOutstanding 클래스 합,29
Deckers,DECK,2022Q2,2022-06-30,분기말 시가총액,6774702596,USD,계산(종가×주식수),https://query1.finance.yahoo.com/v8/finance/chart/DECK?interval=1d&events=splits (2022-06-30) ; https://www.sec.gov/Archives/edgar/data/910521/000091052122000032/,종가 255.35 × 주식수 26531046,29
Deckers,DECK,2022Q3,2022-09-30,분기별 매출액,875614000,USD,공시,https://www.sec.gov/Archives/edgar/data/910521/000091052122000039/,,29
Deckers,DECK,2022Q3,2022-09-30,분기별 영업이익,127831000,USD,공시,https://www.sec.gov/Archives/edgar/data/910521/000091052122000039/,,29
Deckers,DECK,2022Q3,2022-09-30,분기별 당기순이익(지배),101524000,USD,공시,https://www.sec.gov/Archives/edgar/data/910521/000091052122000039/,,29
Deckers,DECK,2022Q3,2022-09-30,분기별 영업활동현금흐름,-207925000,USD,계산(누적차감),https://www.sec.gov/Archives/edgar/data/910521/000091052122000039/ ; https://www.sec.gov/Archives/edgar/data/910521/000091052122000032/,누적 -236846000 − 직전누적 -28921000 (시작 2022-04-01),29
Deckers,DECK,2022Q3,2022-09-30,분기말 자산총계,2466349000,USD,공시,https://www.sec.gov/Archives/edgar/data/910521/000091052122000039/,,29
Deckers,DECK,2022Q3,2022-09-30,분기말 부채총계,950510000,USD,계산(부채및자본-총자본),https://www.sec.gov/Archives/edgar/data/910521/000091052122000039/,부채및자본 2466349000 − 총자본 1515839000,29
Deckers,DECK,2022Q3,2022-09-30,분기말 총자본(자기자본),1515839000,USD,공시(비지배 없음),https://www.sec.gov/Archives/edgar/data/910521/000091052122000039/,"StockholdersEquity, MinorityInterest 태그 없음",29
Deckers,DECK,2022Q3,2022-09-30,분기말 지배지분 자본,1515839000,USD,공시,https://www.sec.gov/Archives/edgar/data/910521/000091052122000039/,,29
Deckers,DECK,2022Q3,2022-09-30,분기말 종가,312.61,USD,API,https://query1.finance.yahoo.com/v8/finance/chart/DECK?interval=1d&events=splits (2022-09-30),분할조정 종가 52.1017 × 이후 분할계수 6,29
Deckers,DECK,2022Q3,2022-10-13,분기말 상장주식수,26466796,주,공시(표지 기준일),https://www.sec.gov/Archives/edgar/data/910521/000091052122000039/,dei:EntityCommonStockSharesOutstanding 클래스 합,29
Deckers,DECK,2022Q3,2022-09-30,분기말 시가총액,8273785098,USD,계산(종가×주식수),https://query1.finance.yahoo.com/v8/finance/chart/DECK?interval=1d&events=splits (2022-09-30) ; https://www.sec.gov/Archives/edgar/data/910521/000091052122000039/,종가 312.61 × 주식수 26466796,29
Deckers,DECK,2022Q4,2022-12-31,분기별 매출액,1345640000,USD,공시,https://www.sec.gov/Archives/edgar/data/910521/000091052123000005/,,29
Deckers,DECK,2022Q4,2022-12-31,분기별 영업이익,362660000,USD,공시,https://www.sec.gov/Archives/edgar/data/910521/000091052123000005/,,29
Deckers,DECK,2022Q4,2022-12-31,분기별 당기순이익(지배),278662000,USD,공시,https://www.sec.gov/Archives/edgar/data/910521/000091052123000005/,,29
Deckers,DECK,2022Q4,2022-12-31,분기별 영업활동현금흐름,714729000,USD,계산(누적차감),https://www.sec.gov/Archives/edgar/data/910521/000091052123000005/ ; https://www.sec.gov/Archives/edgar/data/910521/000091052122000039/,누적 477883000 − 직전누적 -236846000 (시작 2022-04-01),29
Deckers,DECK,2022Q4,2022-12-31,분기말 자산총계,2809289000,USD,공시,https://www.sec.gov/Archives/edgar/data/910521/000091052123000005/,,29
Deckers,DECK,2022Q4,2022-12-31,분기말 부채총계,1040117000,USD,계산(부채및자본-총자본),https://www.sec.gov/Archives/edgar/data/910521/000091052123000005/,부채및자본 2809289000 − 총자본 1769172000,29
Deckers,DECK,2022Q4,2022-12-31,분기말 총자본(자기자본),1769172000,USD,공시(비지배 없음),https://www.sec.gov/Archives/edgar/data/910521/000091052123000005/,"StockholdersEquity, MinorityInterest 태그 없음",29
Deckers,DECK,2022Q4,2022-12-31,분기말 지배지분 자본,1769172000,USD,공시,https://www.sec.gov/Archives/edgar/data/910521/000091052123000005/,,29
Deckers,DECK,2022Q4,2022-12-30,분기말 종가,399.16,USD,API,https://query1.finance.yahoo.com/v8/finance/chart/DECK?interval=1d&events=splits (2022-12-30),분할조정 종가 66.5267 × 이후 분할계수 6,29
Deckers,DECK,2022Q4,2023-01-19,분기말 상장주식수,26359258,주,공시(표지 기준일),https://www.sec.gov/Archives/edgar/data/910521/000091052123000005/,dei:EntityCommonStockSharesOutstanding 클래스 합,29
Deckers,DECK,2022Q4,2022-12-30,분기말 시가총액,10521561423,USD,계산(종가×주식수),https://query1.finance.yahoo.com/v8/finance/chart/DECK?interval=1d&events=splits (2022-12-30) ; https://www.sec.gov/Archives/edgar/data/910521/000091052123000005/,종가 399.16 × 주식수 26359258,29
Deckers,DECK,2023Q1,2023-03-31,분기별 매출액,791571000,USD,계산(연간-3분기누적),https://www.sec.gov/Archives/edgar/data/910521/000091052123000016/ ; https://www.sec.gov/Archives/edgar/data/910521/000091052123000005/,연간 3627286000 − 9개월누적 2835715000 (RevenueFromContractWithCustomerExcludingAssessedTax),29
Deckers,DECK,2023Q1,2023-03-31,분기별 영업이익,105919000,USD,계산(연간-3분기누적),https://www.sec.gov/Archives/edgar/data/910521/000091052123000016/ ; https://www.sec.gov/Archives/edgar/data/910521/000091052123000005/,연간 652751000 − 9개월누적 546832000 (OperatingIncomeLoss),29
Deckers,DECK,2023Q1,2023-03-31,분기별 당기순이익(지배),91787000,USD,계산(연간-3분기누적),https://www.sec.gov/Archives/edgar/data/910521/000091052123000016/ ; https://www.sec.gov/Archives/edgar/data/910521/000091052123000005/,연간 516822000 − 9개월누적 425035000 (NetIncomeLoss),29
Deckers,DECK,2023Q1,2023-03-31,분기별 영업활동현금흐름,59539000,USD,계산(누적차감),https://www.sec.gov/Archives/edgar/data/910521/000091052123000016/ ; https://www.sec.gov/Archives/edgar/data/910521/000091052123000005/,누적 537422000 − 직전누적 477883000 (시작 2022-04-01),29
Deckers,DECK,2023Q1,2023-03-31,분기말 자산총계,2556203000,USD,공시,https://www.sec.gov/Archives/edgar/data/910521/000091052123000016/,,29
Deckers,DECK,2023Q1,2023-03-31,분기말 부채총계,790470000,USD,계산(부채및자본-총자본),https://www.sec.gov/Archives/edgar/data/910521/000091052123000016/,부채및자본 2556203000 − 총자본 1765733000,29
Deckers,DECK,2023Q1,2023-03-31,분기말 총자본(자기자본),1765733000,USD,공시(비지배 없음),https://www.sec.gov/Archives/edgar/data/910521/000091052123000016/,"StockholdersEquity, MinorityInterest 태그 없음",29
Deckers,DECK,2023Q1,2023-03-31,분기말 지배지분 자본,1765733000,USD,공시,https://www.sec.gov/Archives/edgar/data/910521/000091052123000016/,,29
Deckers,DECK,2023Q1,2023-03-31,분기말 종가,449.55,USD,API,https://query1.finance.yahoo.com/v8/finance/chart/DECK?interval=1d&events=splits (2023-03-31),분할조정 종가 74.925 × 이후 분할계수 6,29
Deckers,DECK,2023Q1,2023-05-11,분기말 상장주식수,26159846,주,공시(표지 기준일),https://www.sec.gov/Archives/edgar/data/910521/000091052123000016/,dei:EntityCommonStockSharesOutstanding 클래스 합,29
Deckers,DECK,2023Q1,2023-03-31,분기말 시가총액,11760158769,USD,계산(종가×주식수),https://query1.finance.yahoo.com/v8/finance/chart/DECK?interval=1d&events=splits (2023-03-31) ; https://www.sec.gov/Archives/edgar/data/910521/000091052123000016/,종가 449.55 × 주식수 26159846,29
Deckers,DECK,2023Q2,2023-06-30,분기별 매출액,675791000,USD,공시,https://www.sec.gov/Archives/edgar/data/910521/000091052123000035/,,29
Deckers,DECK,2023Q2,2023-06-30,분기별 영업이익,70736000,USD,공시,https://www.sec.gov/Archives/edgar/data/910521/000091052123000035/,,29
Deckers,DECK,2023Q2,2023-06-30,분기별 당기순이익(지배),63552000,USD,공시,https://www.sec.gov/Archives/edgar/data/910521/000091052123000035/,,29
Deckers,DECK,2023Q2,2023-06-30,분기별 영업활동현금흐름,125262000,USD,공시,https://www.sec.gov/Archives/edgar/data/910521/000091052123000035/,,29
Deckers,DECK,2023Q2,2023-06-30,분기말 자산총계,2847902000,USD,공시,https://www.sec.gov/Archives/edgar/data/910521/000091052123000035/,,29
Deckers,DECK,2023Q2,2023-06-30,분기말 부채총계,1045781000,USD,계산(부채및자본-총자본),https://www.sec.gov/Archives/edgar/data/910521/000091052123000035/,부채및자본 2847902000 − 총자본 1802121000,29
Deckers,DECK,2023Q2,2023-06-30,분기말 총자본(자기자본),1802121000,USD,공시(비지배 없음),https://www.sec.gov/Archives/edgar/data/910521/000091052123000035/,"StockholdersEquity, MinorityInterest 태그 없음",29
Deckers,DECK,2023Q2,2023-06-30,분기말 지배지분 자본,1802121000,USD,공시,https://www.sec.gov/Archives/edgar/data/910521/000091052123000035/,,29
Deckers,DECK,2023Q2,2023-06-30,분기말 종가,527.66,USD,API,https://query1.finance.yahoo.com/v8/finance/chart/DECK?interval=1d&events=splits (2023-06-30),분할조정 종가 87.9433 × 이후 분할계수 6,29
Deckers,DECK,2023Q2,2023-07-13,분기말 상장주식수,26134458,주,공시(표지 기준일),https://www.sec.gov/Archives/edgar/data/910521/000091052123000035/,dei:EntityCommonStockSharesOutstanding 클래스 합,29
Deckers,DECK,2023Q2,2023-06-30,분기말 시가총액,13790108108,USD,계산(종가×주식수),https://query1.finance.yahoo.com/v8/finance/chart/DECK?interval=1d&events=splits (2023-06-30) ; https://www.sec.gov/Archives/edgar/data/910521/000091052123000035/,종가 527.66 × 주식수 26134458,29
Deckers,DECK,2023Q3,2023-09-30,분기별 매출액,1091907000,USD,공시,https://www.sec.gov/Archives/edgar/data/910521/000091052123000042/,,29
Deckers,DECK,2023Q3,2023-09-30,분기별 영업이익,224617000,USD,공시,https://www.sec.gov/Archives/edgar/data/910521/000091052123000042/,,29
Deckers,DECK,2023Q3,2023-09-30,분기별 당기순이익(지배),178547000,USD,공시,https://www.sec.gov/Archives/edgar/data/910521/000091052123000042/,,29
Deckers,DECK,2023Q3,2023-09-30,분기별 영업활동현금흐름,-3734000,USD,계산(누적차감),https://www.sec.gov/Archives/edgar/data/910521/000091052123000042/ ; https://www.sec.gov/Archives/edgar/data/910521/000091052123000035/,누적 121528000 − 직전누적 125262000 (시작 2023-04-01),29
Deckers,DECK,2023Q3,2023-09-30,분기말 자산총계,2848533000,USD,공시,https://www.sec.gov/Archives/edgar/data/910521/000091052123000042/,,29
Deckers,DECK,2023Q3,2023-09-30,분기말 부채총계,1053403000,USD,계산(부채및자본-총자본),https://www.sec.gov/Archives/edgar/data/910521/000091052123000042/,부채및자본 2848533000 − 총자본 1795130000,29
Deckers,DECK,2023Q3,2023-09-30,분기말 총자본(자기자본),1795130000,USD,공시(비지배 없음),https://www.sec.gov/Archives/edgar/data/910521/000091052123000042/,"StockholdersEquity, MinorityInterest 태그 없음",29
Deckers,DECK,2023Q3,2023-09-30,분기말 지배지분 자본,1795130000,USD,공시,https://www.sec.gov/Archives/edgar/data/910521/000091052123000042/,,29
Deckers,DECK,2023Q3,2023-09-29,분기말 종가,514.09,USD,API,https://query1.finance.yahoo.com/v8/finance/chart/DECK?interval=1d&events=splits (2023-09-29),분할조정 종가 85.6817 × 이후 분할계수 6,29
Deckers,DECK,2023Q3,2023-10-12,분기말 상장주식수,25730874,주,공시(표지 기준일),https://www.sec.gov/Archives/edgar/data/910521/000091052123000042/,dei:EntityCommonStockSharesOutstanding 클래스 합,29
Deckers,DECK,2023Q3,2023-09-29,분기말 시가총액,13227985015,USD,계산(종가×주식수),https://query1.finance.yahoo.com/v8/finance/chart/DECK?interval=1d&events=splits (2023-09-29) ; https://www.sec.gov/Archives/edgar/data/910521/000091052123000042/,종가 514.09 × 주식수 25730874,29
Deckers,DECK,2023Q4,2023-12-31,분기별 매출액,1560307000,USD,공시,https://www.sec.gov/Archives/edgar/data/910521/000091052124000007/,,29
Deckers,DECK,2023Q4,2023-12-31,분기별 영업이익,487899000,USD,공시,https://www.sec.gov/Archives/edgar/data/910521/000091052124000007/,,29
Deckers,DECK,2023Q4,2023-12-31,분기별 당기순이익(지배),389919000,USD,공시,https://www.sec.gov/Archives/edgar/data/910521/000091052124000007/,,29
Deckers,DECK,2023Q4,2023-12-31,분기별 영업활동현금흐름,940330000,USD,계산(누적차감),https://www.sec.gov/Archives/edgar/data/910521/000091052124000007/ ; https://www.sec.gov/Archives/edgar/data/910521/000091052123000042/,누적 1061858000 − 직전누적 121528000 (시작 2023-04-01),29
Deckers,DECK,2023Q4,2023-12-31,분기말 자산총계,3347459000,USD,공시,https://www.sec.gov/Archives/edgar/data/910521/000091052124000007/,,29
Deckers,DECK,2023Q4,2023-12-31,분기말 부채총계,1243269000,USD,계산(부채및자본-총자본),https://www.sec.gov/Archives/edgar/data/910521/000091052124000007/,부채및자본 3347459000 − 총자본 2104190000,29
Deckers,DECK,2023Q4,2023-12-31,분기말 총자본(자기자본),2104190000,USD,공시(비지배 없음),https://www.sec.gov/Archives/edgar/data/910521/000091052124000007/,"StockholdersEquity, MinorityInterest 태그 없음",29
Deckers,DECK,2023Q4,2023-12-31,분기말 지배지분 자본,2104190000,USD,공시,https://www.sec.gov/Archives/edgar/data/910521/000091052124000007/,,29
Deckers,DECK,2023Q4,2023-12-29,분기말 종가,668.43,USD,API,https://query1.finance.yahoo.com/v8/finance/chart/DECK?interval=1d&events=splits (2023-12-29),분할조정 종가 111.405 × 이후 분할계수 6,29
Deckers,DECK,2023Q4,2024-01-18,분기말 상장주식수,25668220,주,공시(표지 기준일),https://www.sec.gov/Archives/edgar/data/910521/000091052124000007/,dei:EntityCommonStockSharesOutstanding 클래스 합,29
Deckers,DECK,2023Q4,2023-12-29,분기말 시가총액,17157408295,USD,계산(종가×주식수),https://query1.finance.yahoo.com/v8/finance/chart/DECK?interval=1d&events=splits (2023-12-29) ; https://www.sec.gov/Archives/edgar/data/910521/000091052124000007/,종가 668.43 × 주식수 25668220,29
Deckers,DECK,2024Q1,2024-03-31,분기별 매출액,959758000,USD,계산(연간-3분기누적),https://www.sec.gov/Archives/edgar/data/910521/000091052124000017/ ; https://www.sec.gov/Archives/edgar/data/910521/000091052124000007/,연간 4287763000 − 9개월누적 3328005000 (RevenueFromContractWithCustomerExcludingAssessedTax),29
Deckers,DECK,2024Q1,2024-03-31,분기별 영업이익,144262000,USD,계산(연간-3분기누적),https://www.sec.gov/Archives/edgar/data/910521/000091052124000017/ ; https://www.sec.gov/Archives/edgar/data/910521/000091052124000007/,연간 927514000 − 9개월누적 783252000 (OperatingIncomeLoss),29
Deckers,DECK,2024Q1,2024-03-31,분기별 당기순이익(지배),127545000,USD,계산(연간-3분기누적),https://www.sec.gov/Archives/edgar/data/910521/000091052124000017/ ; https://www.sec.gov/Archives/edgar/data/910521/000091052124000007/,연간 759563000 − 9개월누적 632018000 (NetIncomeLoss),29
Deckers,DECK,2024Q1,2024-03-31,분기별 영업활동현금흐름,-28674000,USD,계산(누적차감),https://www.sec.gov/Archives/edgar/data/910521/000091052124000017/ ; https://www.sec.gov/Archives/edgar/data/910521/000091052124000007/,누적 1033184000 − 직전누적 1061858000 (시작 2023-04-01),29
Deckers,DECK,2024Q1,2024-03-31,분기말 자산총계,3135579000,USD,공시,https://www.sec.gov/Archives/edgar/data/910521/000091052124000017/,,29
Deckers,DECK,2024Q1,2024-03-31,분기말 부채총계,1028111000,USD,계산(부채및자본-총자본),https://www.sec.gov/Archives/edgar/data/910521/000091052124000017/,부채및자본 3135579000 − 총자본 2107468000,29
Deckers,DECK,2024Q1,2024-03-31,분기말 총자본(자기자본),2107468000,USD,공시(비지배 없음),https://www.sec.gov/Archives/edgar/data/910521/000091052124000017/,"StockholdersEquity, MinorityInterest 태그 없음",29
Deckers,DECK,2024Q1,2024-03-31,분기말 지배지분 자본,2107468000,USD,공시,https://www.sec.gov/Archives/edgar/data/910521/000091052124000017/,,29
Deckers,DECK,2024Q1,2024-03-28,분기말 종가,941.26,USD,API,https://query1.finance.yahoo.com/v8/finance/chart/DECK?interval=1d&events=splits (2024-03-28),분할조정 종가 156.8767 × 이후 분할계수 6,29
Deckers,DECK,2024Q1,2024-05-09,분기말 상장주식수,25442495,주,공시(표지 기준일),https://www.sec.gov/Archives/edgar/data/910521/000091052124000017/,dei:EntityCommonStockSharesOutstanding 클래스 합,29
Deckers,DECK,2024Q1,2024-03-28,분기말 시가총액,23948002844,USD,계산(종가×주식수),https://query1.finance.yahoo.com/v8/finance/chart/DECK?interval=1d&events=splits (2024-03-28) ; https://www.sec.gov/Archives/edgar/data/910521/000091052124000017/,종가 941.26 × 주식수 25442495,29
Deckers,DECK,2024Q2,2024-06-30,분기별 매출액,825347000,USD,공시,https://www.sec.gov/Archives/edgar/data/910521/000091052124000042/,,29
Deckers,DECK,2024Q2,2024-06-30,분기별 영업이익,132807000,USD,공시,https://www.sec.gov/Archives/edgar/data/910521/000091052124000042/,,29
Deckers,DECK,2024Q2,2024-06-30,분기별 당기순이익(지배),115625000,USD,공시,https://www.sec.gov/Archives/edgar/data/910521/000091052124000042/,,29
Deckers,DECK,2024Q2,2024-06-30,분기별 영업활동현금흐름,112650000,USD,공시,https://www.sec.gov/Archives/edgar/data/910521/000091052124000042/,,29
Deckers,DECK,2024Q2,2024-06-30,분기말 자산총계,3306219000,USD,공시,https://www.sec.gov/Archives/edgar/data/910521/000091052124000042/,,29
Deckers,DECK,2024Q2,2024-06-30,분기말 부채총계,1231737000,USD,계산(부채및자본-총자본),https://www.sec.gov/Archives/edgar/data/910521/000091052124000042/,부채및자본 3306219000 − 총자본 2074482000,29
Deckers,DECK,2024Q2,2024-06-30,분기말 총자본(자기자본),2074482000,USD,공시(비지배 없음),https://www.sec.gov/Archives/edgar/data/910521/000091052124000042/,"StockholdersEquity, MinorityInterest 태그 없음",29
Deckers,DECK,2024Q2,2024-06-30,분기말 지배지분 자본,2074482000,USD,공시,https://www.sec.gov/Archives/edgar/data/910521/000091052124000042/,,29
Deckers,DECK,2024Q2,2024-06-28,분기말 종가,967.95,USD,API,https://query1.finance.yahoo.com/v8/finance/chart/DECK?interval=1d&events=splits (2024-06-28),분할조정 종가 161.325 × 이후 분할계수 6,29
Deckers,DECK,2024Q2,2024-07-11,분기말 상장주식수,25410572,주,공시(표지 기준일),https://www.sec.gov/Archives/edgar/data/910521/000091052124000042/,dei:EntityCommonStockSharesOutstanding 클래스 합,29
Deckers,DECK,2024Q2,2024-06-28,분기말 시가총액,24596163167,USD,계산(종가×주식수),https://query1.finance.yahoo.com/v8/finance/chart/DECK?interval=1d&events=splits (2024-06-28) ; https://www.sec.gov/Archives/edgar/data/910521/000091052124000042/,종가 967.95 × 주식수 25410572,29
Deckers,DECK,2024Q3,2024-09-30,분기별 매출액,1311320000,USD,공시,https://www.sec.gov/Archives/edgar/data/910521/000091052124000059/,,29
Deckers,DECK,2024Q3,2024-09-30,분기별 영업이익,305086000,USD,공시,https://www.sec.gov/Archives/edgar/data/910521/000091052124000059/,,29
Deckers,DECK,2024Q3,2024-09-30,분기별 당기순이익(지배),242321000,USD,공시,https://www.sec.gov/Archives/edgar/data/910521/000091052124000059/,,29
Deckers,DECK,2024Q3,2024-09-30,분기별 영업활동현금흐름,-90550000,USD,계산(누적차감),https://www.sec.gov/Archives/edgar/data/910521/000091052124000059/ ; https://www.sec.gov/Archives/edgar/data/910521/000091052124000042/,누적 22100000 − 직전누적 112650000 (시작 2024-04-01),29
Deckers,DECK,2024Q3,2024-09-30,분기말 자산총계,3398136000,USD,공시,https://www.sec.gov/Archives/edgar/data/910521/000091052124000059/,,29
Deckers,DECK,2024Q3,2024-09-30,분기말 부채총계,1174897000,USD,계산(부채및자본-총자본),https://www.sec.gov/Archives/edgar/data/910521/000091052124000059/,부채및자본 3398136000 − 총자본 2223239000,29
Deckers,DECK,2024Q3,2024-09-30,분기말 총자본(자기자본),2223239000,USD,공시(비지배 없음),https://www.sec.gov/Archives/edgar/data/910521/000091052124000059/,"StockholdersEquity, MinorityInterest 태그 없음",29
Deckers,DECK,2024Q3,2024-09-30,분기말 지배지분 자본,2223239000,USD,공시,https://www.sec.gov/Archives/edgar/data/910521/000091052124000059/,,29
Deckers,DECK,2024Q3,2024-09-30,분기말 종가,159.45,USD,API,https://query1.finance.yahoo.com/v8/finance/chart/DECK?interval=1d&events=splits (2024-09-30),,29
Deckers,DECK,2024Q3,2024-10-11,분기말 상장주식수,151921988,주,공시(표지 기준일),https://www.sec.gov/Archives/edgar/data/910521/000091052124000059/,dei:EntityCommonStockSharesOutstanding 클래스 합,29
Deckers,DECK,2024Q3,2024-09-30,분기말 시가총액,24223960987,USD,계산(종가×주식수),https://query1.finance.yahoo.com/v8/finance/chart/DECK?interval=1d&events=splits (2024-09-30) ; https://www.sec.gov/Archives/edgar/data/910521/000091052124000059/,종가 159.45 × 주식수 151921988,29
Deckers,DECK,2024Q4,2024-12-31,분기별 매출액,1827165000,USD,공시,https://www.sec.gov/Archives/edgar/data/910521/000091052125000005/,,29
Deckers,DECK,2024Q4,2024-12-31,분기별 영업이익,567274000,USD,공시,https://www.sec.gov/Archives/edgar/data/910521/000091052125000005/,,29
Deckers,DECK,2024Q4,2024-12-31,분기별 당기순이익(지배),456734000,USD,공시,https://www.sec.gov/Archives/edgar/data/910521/000091052125000005/,,29
Deckers,DECK,2024Q4,2024-12-31,분기별 영업활동현금흐름,1095415000,USD,계산(누적차감),https://www.sec.gov/Archives/edgar/data/910521/000091052125000005/ ; https://www.sec.gov/Archives/edgar/data/910521/000091052124000059/,누적 1117515000 − 직전누적 22100000 (시작 2024-04-01),29
Deckers,DECK,2024Q4,2024-12-31,분기말 자산총계,3964353000,USD,공시,https://www.sec.gov/Archives/edgar/data/910521/000091052125000005/,,29
Deckers,DECK,2024Q4,2024-12-31,분기말 부채총계,1333434000,USD,계산(부채및자본-총자본),https://www.sec.gov/Archives/edgar/data/910521/000091052125000005/,부채및자본 3964353000 − 총자본 2630919000,29
Deckers,DECK,2024Q4,2024-12-31,분기말 총자본(자기자본),2630919000,USD,공시(비지배 없음),https://www.sec.gov/Archives/edgar/data/910521/000091052125000005/,"StockholdersEquity, MinorityInterest 태그 없음",29
Deckers,DECK,2024Q4,2024-12-31,분기말 지배지분 자본,2630919000,USD,공시,https://www.sec.gov/Archives/edgar/data/910521/000091052125000005/,,29
Deckers,DECK,2024Q4,2024-12-31,분기말 종가,203.09,USD,API,https://query1.finance.yahoo.com/v8/finance/chart/DECK?interval=1d&events=splits (2024-12-31),,29
Deckers,DECK,2024Q4,2025-01-16,분기말 상장주식수,151773639,주,공시(표지 기준일),https://www.sec.gov/Archives/edgar/data/910521/000091052125000005/,dei:EntityCommonStockSharesOutstanding 클래스 합,29
Deckers,DECK,2024Q4,2024-12-31,분기말 시가총액,30823708345,USD,계산(종가×주식수),https://query1.finance.yahoo.com/v8/finance/chart/DECK?interval=1d&events=splits (2024-12-31) ; https://www.sec.gov/Archives/edgar/data/910521/000091052125000005/,종가 203.09 × 주식수 151773639,29
Deckers,DECK,2025Q1,2025-03-31,분기별 매출액,1021780000,USD,계산(연간-3분기누적),https://www.sec.gov/Archives/edgar/data/910521/000091052125000017/ ; https://www.sec.gov/Archives/edgar/data/910521/000091052125000005/,연간 4985612000 − 9개월누적 3963832000 (RevenueFromContractWithCustomerExcludingAssessedTax),29
Deckers,DECK,2025Q1,2025-03-31,분기별 영업이익,173925000,USD,계산(연간-3분기누적),https://www.sec.gov/Archives/edgar/data/910521/000091052125000017/ ; https://www.sec.gov/Archives/edgar/data/910521/000091052125000005/,연간 1179092000 − 9개월누적 1005167000 (OperatingIncomeLoss),29
Deckers,DECK,2025Q1,2025-03-31,분기별 당기순이익(지배),151411000,USD,계산(연간-3분기누적),https://www.sec.gov/Archives/edgar/data/910521/000091052125000017/ ; https://www.sec.gov/Archives/edgar/data/910521/000091052125000005/,연간 966091000 − 9개월누적 814680000 (NetIncomeLoss),29
Deckers,DECK,2025Q1,2025-03-31,분기별 영업활동현금흐름,-72992000,USD,계산(누적차감),https://www.sec.gov/Archives/edgar/data/910521/000091052125000017/ ; https://www.sec.gov/Archives/edgar/data/910521/000091052125000005/,누적 1044523000 − 직전누적 1117515000 (시작 2024-04-01),29
Deckers,DECK,2025Q1,2025-03-31,분기말 자산총계,3570252000,USD,공시,https://www.sec.gov/Archives/edgar/data/910521/000091052125000017/,,29
Deckers,DECK,2025Q1,2025-03-31,분기말 부채총계,1057239000,USD,계산(부채및자본-총자본),https://www.sec.gov/Archives/edgar/data/910521/000091052125000017/,부채및자본 3570252000 − 총자본 2513013000,29
Deckers,DECK,2025Q1,2025-03-31,분기말 총자본(자기자본),2513013000,USD,공시(비지배 없음),https://www.sec.gov/Archives/edgar/data/910521/000091052125000017/,"StockholdersEquity, MinorityInterest 태그 없음",29
Deckers,DECK,2025Q1,2025-03-31,분기말 지배지분 자본,2513013000,USD,공시,https://www.sec.gov/Archives/edgar/data/910521/000091052125000017/,,29
Deckers,DECK,2025Q1,2025-03-31,분기말 종가,111.81,USD,API,https://query1.finance.yahoo.com/v8/finance/chart/DECK?interval=1d&events=splits (2025-03-31),,29
Deckers,DECK,2025Q1,2025-05-09,분기말 상장주식수,149435875,주,공시(표지 기준일),https://www.sec.gov/Archives/edgar/data/910521/000091052125000017/,dei:EntityCommonStockSharesOutstanding 클래스 합,29
Deckers,DECK,2025Q1,2025-03-31,분기말 시가총액,16708425184,USD,계산(종가×주식수),https://query1.finance.yahoo.com/v8/finance/chart/DECK?interval=1d&events=splits (2025-03-31) ; https://www.sec.gov/Archives/edgar/data/910521/000091052125000017/,종가 111.81 × 주식수 149435875,29
Deckers,DECK,2025Q2,2025-06-30,분기별 매출액,964538000,USD,공시,https://www.sec.gov/Archives/edgar/data/910521/000091052125000037/,,29
Deckers,DECK,2025Q2,2025-06-30,분기별 영업이익,165287000,USD,공시,https://www.sec.gov/Archives/edgar/data/910521/000091052125000037/,,29
Deckers,DECK,2025Q2,2025-06-30,분기별 당기순이익(지배),139203000,USD,공시,https://www.sec.gov/Archives/edgar/data/910521/000091052125000037/,,29
Deckers,DECK,2025Q2,2025-06-30,분기별 영업활동현금흐름,36146000,USD,공시,https://www.sec.gov/Archives/edgar/data/910521/000091052125000037/,,29
Deckers,DECK,2025Q2,2025-06-30,분기말 자산총계,3839271000,USD,공시,https://www.sec.gov/Archives/edgar/data/910521/000091052125000037/,,29
Deckers,DECK,2025Q2,2025-06-30,분기말 부채총계,1371792000,USD,계산(부채및자본-총자본),https://www.sec.gov/Archives/edgar/data/910521/000091052125000037/,부채및자본 3839271000 − 총자본 2467479000,29
Deckers,DECK,2025Q2,2025-06-30,분기말 총자본(자기자본),2467479000,USD,공시(비지배 없음),https://www.sec.gov/Archives/edgar/data/910521/000091052125000037/,"StockholdersEquity, MinorityInterest 태그 없음",29
Deckers,DECK,2025Q2,2025-06-30,분기말 지배지분 자본,2467479000,USD,공시,https://www.sec.gov/Archives/edgar/data/910521/000091052125000037/,,29
Deckers,DECK,2025Q2,2025-06-30,분기말 종가,103.07,USD,API,https://query1.finance.yahoo.com/v8/finance/chart/DECK?interval=1d&events=splits (2025-06-30),,29
Deckers,DECK,2025Q2,2025-07-10,분기말 상장주식수,148343362,주,공시(표지 기준일),https://www.sec.gov/Archives/edgar/data/910521/000091052125000037/,dei:EntityCommonStockSharesOutstanding 클래스 합,29
Deckers,DECK,2025Q2,2025-06-30,분기말 시가총액,15289750321,USD,계산(종가×주식수),https://query1.finance.yahoo.com/v8/finance/chart/DECK?interval=1d&events=splits (2025-06-30) ; https://www.sec.gov/Archives/edgar/data/910521/000091052125000037/,종가 103.07 × 주식수 148343362,29
Deckers,DECK,2025Q3,2025-09-30,분기별 매출액,1430840000,USD,공시,https://www.sec.gov/Archives/edgar/data/910521/000091052125000044/,,29
Deckers,DECK,2025Q3,2025-09-30,분기별 영업이익,326521000,USD,공시,https://www.sec.gov/Archives/edgar/data/910521/000091052125000044/,,29
Deckers,DECK,2025Q3,2025-09-30,분기별 당기순이익(지배),268152000,USD,공시,https://www.sec.gov/Archives/edgar/data/910521/000091052125000044/,,29
Deckers,DECK,2025Q3,2025-09-30,분기별 영업활동현금흐름,8087000,USD,계산(누적차감),https://www.sec.gov/Archives/edgar/data/910521/000091052125000044/ ; https://www.sec.gov/Archives/edgar/data/910521/000091052125000037/,누적 44233000 − 직전누적 36146000 (시작 2025-04-01),29
Deckers,DECK,2025Q3,2025-09-30,분기말 자산총계,3784279000,USD,공시,https://www.sec.gov/Archives/edgar/data/910521/000091052125000044/,,29
Deckers,DECK,2025Q3,2025-09-30,분기말 부채총계,1318249000,USD,계산(부채및자본-총자본),https://www.sec.gov/Archives/edgar/data/910521/000091052125000044/,부채및자본 3784279000 − 총자본 2466030000,29
Deckers,DECK,2025Q3,2025-09-30,분기말 총자본(자기자본),2466030000,USD,공시(비지배 없음),https://www.sec.gov/Archives/edgar/data/910521/000091052125000044/,"StockholdersEquity, MinorityInterest 태그 없음",29
Deckers,DECK,2025Q3,2025-09-30,분기말 지배지분 자본,2466030000,USD,공시,https://www.sec.gov/Archives/edgar/data/910521/000091052125000044/,,29
Deckers,DECK,2025Q3,2025-09-30,분기말 종가,101.37,USD,API,https://query1.finance.yahoo.com/v8/finance/chart/DECK?interval=1d&events=splits (2025-09-30),,29
Deckers,DECK,2025Q3,2025-10-09,분기말 상장주식수,145744833,주,공시(표지 기준일),https://www.sec.gov/Archives/edgar/data/910521/000091052125000044/,dei:EntityCommonStockSharesOutstanding 클래스 합,29
Deckers,DECK,2025Q3,2025-09-30,분기말 시가총액,14774153721,USD,계산(종가×주식수),https://query1.finance.yahoo.com/v8/finance/chart/DECK?interval=1d&events=splits (2025-09-30) ; https://www.sec.gov/Archives/edgar/data/910521/000091052125000044/,종가 101.37 × 주식수 145744833,29
Deckers,DECK,2025Q4,2025-12-31,분기별 매출액,1957549000,USD,공시,https://www.sec.gov/Archives/edgar/data/910521/000091052126000005/,,29
Deckers,DECK,2025Q4,2025-12-31,분기별 영업이익,614366000,USD,공시,https://www.sec.gov/Archives/edgar/data/910521/000091052126000005/,,29
Deckers,DECK,2025Q4,2025-12-31,분기별 당기순이익(지배),481145000,USD,공시,https://www.sec.gov/Archives/edgar/data/910521/000091052126000005/,,29
Deckers,DECK,2025Q4,2025-12-31,분기별 영업활동현금흐름,1041880000,USD,계산(누적차감),https://www.sec.gov/Archives/edgar/data/910521/000091052126000005/ ; https://www.sec.gov/Archives/edgar/data/910521/000091052125000044/,누적 1086113000 − 직전누적 44233000 (시작 2025-04-01),29
Deckers,DECK,2025Q4,2025-12-31,분기말 자산총계,4102150000,USD,공시,https://www.sec.gov/Archives/edgar/data/910521/000091052126000005/,,29
Deckers,DECK,2025Q4,2025-12-31,분기말 부채총계,1492696000,USD,계산(부채및자본-총자본),https://www.sec.gov/Archives/edgar/data/910521/000091052126000005/,부채및자본 4102150000 − 총자본 2609454000,29
Deckers,DECK,2025Q4,2025-12-31,분기말 총자본(자기자본),2609454000,USD,공시(비지배 없음),https://www.sec.gov/Archives/edgar/data/910521/000091052126000005/,"StockholdersEquity, MinorityInterest 태그 없음",29
Deckers,DECK,2025Q4,2025-12-31,분기말 지배지분 자본,2609454000,USD,공시,https://www.sec.gov/Archives/edgar/data/910521/000091052126000005/,,29
Deckers,DECK,2025Q4,2025-12-31,분기말 종가,103.67,USD,API,https://query1.finance.yahoo.com/v8/finance/chart/DECK?interval=1d&events=splits (2025-12-31),,29
Deckers,DECK,2025Q4,2026-01-13,분기말 상장주식수,141949971,주,공시(표지 기준일),https://www.sec.gov/Archives/edgar/data/910521/000091052126000005/,dei:EntityCommonStockSharesOutstanding 클래스 합,29
Deckers,DECK,2025Q4,2025-12-31,분기말 시가총액,14715953494,USD,계산(종가×주식수),https://query1.finance.yahoo.com/v8/finance/chart/DECK?interval=1d&events=splits (2025-12-31) ; https://www.sec.gov/Archives/edgar/data/910521/000091052126000005/,종가 103.67 × 주식수 141949971,29
Deckers,DECK,2026Q1,2026-03-31,분기별 매출액,1119369000,USD,계산(연간-3분기누적),https://www.sec.gov/Archives/edgar/data/910521/000162828026037664/ ; https://www.sec.gov/Archives/edgar/data/910521/000091052126000005/,연간 5472296000 − 9개월누적 4352927000 (RevenueFromContractWithCustomerExcludingAssessedTax),29
Deckers,DECK,2026Q1,2026-03-31,분기별 영업이익,156729000,USD,계산(연간-3분기누적),https://www.sec.gov/Archives/edgar/data/910521/000162828026037664/ ; https://www.sec.gov/Archives/edgar/data/910521/000091052126000005/,연간 1262903000 − 9개월누적 1106174000 (OperatingIncomeLoss),29
Deckers,DECK,2026Q1,2026-03-31,분기별 당기순이익(지배),135571000,USD,계산(연간-3분기누적),https://www.sec.gov/Archives/edgar/data/910521/000162828026037664/ ; https://www.sec.gov/Archives/edgar/data/910521/000091052126000005/,연간 1024071000 − 9개월누적 888500000 (NetIncomeLoss),29
Deckers,DECK,2026Q1,2026-03-31,분기별 영업활동현금흐름,95842000,USD,계산(누적차감),https://www.sec.gov/Archives/edgar/data/910521/000162828026037664/ ; https://www.sec.gov/Archives/edgar/data/910521/000091052126000005/,누적 1181955000 − 직전누적 1086113000 (시작 2025-04-01),29
Deckers,DECK,2026Q1,2026-03-31,분기말 자산총계,3687765000,USD,공시,https://www.sec.gov/Archives/edgar/data/910521/000162828026037664/,,29
Deckers,DECK,2026Q1,2026-03-31,분기말 부채총계,1188127000,USD,계산(부채및자본-총자본),https://www.sec.gov/Archives/edgar/data/910521/000162828026037664/,부채및자본 3687765000 − 총자본 2499638000,29
Deckers,DECK,2026Q1,2026-03-31,분기말 총자본(자기자본),2499638000,USD,공시(비지배 없음),https://www.sec.gov/Archives/edgar/data/910521/000162828026037664/,"StockholdersEquity, MinorityInterest 태그 없음",29
Deckers,DECK,2026Q1,2026-03-31,분기말 지배지분 자본,2499638000,USD,공시,https://www.sec.gov/Archives/edgar/data/910521/000162828026037664/,,29
Deckers,DECK,2026Q1,2026-03-31,분기말 종가,100.09,USD,API,https://query1.finance.yahoo.com/v8/finance/chart/DECK?interval=1d&events=splits (2026-03-31),,29
Deckers,DECK,2026Q1,2026-05-01,분기말 상장주식수,138880957,주,공시(표지 기준일),https://www.sec.gov/Archives/edgar/data/910521/000162828026037664/,dei:EntityCommonStockSharesOutstanding 클래스 합,29
Deckers,DECK,2026Q1,2026-03-31,분기말 시가총액,13900594986,USD,계산(종가×주식수),https://query1.finance.yahoo.com/v8/finance/chart/DECK?interval=1d&events=splits (2026-03-31) ; https://www.sec.gov/Archives/edgar/data/910521/000162828026037664/,종가 100.09 × 주식수 138880957,29
Deckers,DECK,2026Q2,2026-06-30,분기별 매출액,1019531000,USD,공시,https://www.sec.gov/Archives/edgar/data/910521/000091052126000022/,,29
Deckers,DECK,2026Q2,2026-06-30,분기별 영업이익,155301000,USD,공시,https://www.sec.gov/Archives/edgar/data/910521/000091052126000022/,,29
Deckers,DECK,2026Q2,2026-06-30,분기별 당기순이익(지배),129972000,USD,공시,https://www.sec.gov/Archives/edgar/data/910521/000091052126000022/,,29
Deckers,DECK,2026Q2,2026-06-30,분기별 영업활동현금흐름,47904000,USD,공시,https://www.sec.gov/Archives/edgar/data/910521/000091052126000022/,,29
Deckers,DECK,2026Q2,2026-06-30,분기말 자산총계,3868621000,USD,공시,https://www.sec.gov/Archives/edgar/data/910521/000091052126000022/,,29
Deckers,DECK,2026Q2,2026-06-30,분기말 부채총계,1566939000,USD,계산(부채및자본-총자본),https://www.sec.gov/Archives/edgar/data/910521/000091052126000022/,부채및자본 3868621000 − 총자본 2301682000,29
Deckers,DECK,2026Q2,2026-06-30,분기말 총자본(자기자본),2301682000,USD,공시(비지배 없음),https://www.sec.gov/Archives/edgar/data/910521/000091052126000022/,"StockholdersEquity, MinorityInterest 태그 없음",29
Deckers,DECK,2026Q2,2026-06-30,분기말 지배지분 자본,2301682000,USD,공시,https://www.sec.gov/Archives/edgar/data/910521/000091052126000022/,,29
Deckers,DECK,2026Q2,2026-06-30,분기말 종가,99.29,USD,API,https://query1.finance.yahoo.com/v8/finance/chart/DECK?interval=1d&events=splits (2026-06-30),,29
Deckers,DECK,2026Q2,2026-07-09,분기말 상장주식수,136414227,주,공시(표지 기준일),https://www.sec.gov/Archives/edgar/data/910521/000091052126000022/,dei:EntityCommonStockSharesOutstanding 클래스 합,29
Deckers,DECK,2026Q2,2026-06-30,분기말 시가총액,13544568599,USD,계산(종가×주식수),https://query1.finance.yahoo.com/v8/finance/chart/DECK?interval=1d&events=splits (2026-06-30) ; https://www.sec.gov/Archives/edgar/data/910521/000091052126000022/,종가 99.29 × 주식수 136414227,29
