기업,종목코드,기간,기준일,항목,값,통화,값구분,출처,검산,라운드
Freeport-McMoRan,FCX,2010Q1,2010-03-31,분기별 매출액,미확인,USD,미확인,https://www.sec.gov/Archives/edgar/data/831259/000083125910000029/,,6
Freeport-McMoRan,FCX,2010Q1,2010-03-31,분기별 영업이익,2048000000,USD,공시,https://www.sec.gov/Archives/edgar/data/831259/000083125910000029/,,6
Freeport-McMoRan,FCX,2010Q1,2010-03-31,분기별 당기순이익(지배),945000000,USD,계산(연결-비지배),https://www.sec.gov/Archives/edgar/data/831259/000083125910000029/,3개월 연결 1215000000 − 비지배 270000000,6
Freeport-McMoRan,FCX,2010Q1,2010-03-31,분기별 영업활동현금흐름,1818000000,USD,공시,https://www.sec.gov/Archives/edgar/data/831259/000083125910000029/,,6
Freeport-McMoRan,FCX,2010Q1,2010-03-31,분기말 자산총계,27113000000,USD,공시,https://www.sec.gov/Archives/edgar/data/831259/000083125910000029/,,6
Freeport-McMoRan,FCX,2010Q1,2010-03-31,분기말 부채총계,15280000000,USD,공시,https://www.sec.gov/Archives/edgar/data/831259/000083125910000029/,,6
Freeport-McMoRan,FCX,2010Q1,2010-03-31,분기말 총자본(자기자본),11833000000,USD,공시,https://www.sec.gov/Archives/edgar/data/831259/000083125910000029/,,6
Freeport-McMoRan,FCX,2010Q1,2010-03-31,분기말 지배지분 자본,9992000000,USD,공시,https://www.sec.gov/Archives/edgar/data/831259/000083125910000029/,,6
Freeport-McMoRan,FCX,2010Q1,2010-03-31,분기말 종가,83.54,USD,API,https://query1.finance.yahoo.com/v8/finance/chart/FCX?interval=1d&events=splits (2010-03-31),분할조정 종가 41.77 × 이후 분할계수 2,6
Freeport-McMoRan,FCX,2010Q1,2010-04-30,분기말 상장주식수,432647792,주,공시(표지 기준일),https://www.sec.gov/Archives/edgar/data/831259/000083125910000029/,dei:EntityCommonStockSharesOutstanding 클래스 합,6
Freeport-McMoRan,FCX,2010Q1,2010-03-31,분기말 시가총액,36143396544,USD,계산(종가×주식수),https://query1.finance.yahoo.com/v8/finance/chart/FCX?interval=1d&events=splits (2010-03-31) ; https://www.sec.gov/Archives/edgar/data/831259/000083125910000029/,종가 83.54 × 주식수 432647792,6
Freeport-McMoRan,FCX,2010Q2,2010-06-30,분기별 매출액,미확인,USD,미확인,https://www.sec.gov/Archives/edgar/data/831259/000083125910000048/,,6
Freeport-McMoRan,FCX,2010Q2,2010-06-30,분기별 영업이익,1424000000,USD,공시,https://www.sec.gov/Archives/edgar/data/831259/000083125910000048/,,6
Freeport-McMoRan,FCX,2010Q2,2010-06-30,분기별 당기순이익(지배),664000000,USD,계산(연결-비지배),https://www.sec.gov/Archives/edgar/data/831259/000083125910000048/,3개월 연결 832000000 − 비지배 168000000,6
Freeport-McMoRan,FCX,2010Q2,2010-06-30,분기별 영업활동현금흐름,1064000000,USD,계산(누적차감),https://www.sec.gov/Archives/edgar/data/831259/000083125910000048/ ; https://www.sec.gov/Archives/edgar/data/831259/000083125910000029/,누적 2882000000 − 직전누적 1818000000 (시작 2010-01-01),6
Freeport-McMoRan,FCX,2010Q2,2010-06-30,분기말 자산총계,25979000000,USD,공시,https://www.sec.gov/Archives/edgar/data/831259/000083125910000048/,,6
Freeport-McMoRan,FCX,2010Q2,2010-06-30,분기말 부채총계,13686000000,USD,공시,https://www.sec.gov/Archives/edgar/data/831259/000083125910000048/,,6
Freeport-McMoRan,FCX,2010Q2,2010-06-30,분기말 총자본(자기자본),12293000000,USD,공시,https://www.sec.gov/Archives/edgar/data/831259/000083125910000048/,,6
Freeport-McMoRan,FCX,2010Q2,2010-06-30,분기말 지배지분 자본,10532000000,USD,공시,https://www.sec.gov/Archives/edgar/data/831259/000083125910000048/,,6
Freeport-McMoRan,FCX,2010Q2,2010-06-30,분기말 종가,59.13,USD,API,https://query1.finance.yahoo.com/v8/finance/chart/FCX?interval=1d&events=splits (2010-06-30),분할조정 종가 29.565 × 이후 분할계수 2,6
Freeport-McMoRan,FCX,2010Q2,2010-07-30,분기말 상장주식수,470436600,주,공시(표지 기준일),https://www.sec.gov/Archives/edgar/data/831259/000083125910000048/,dei:EntityCommonStockSharesOutstanding 클래스 합,6
Freeport-McMoRan,FCX,2010Q2,2010-06-30,분기말 시가총액,27816916158,USD,계산(종가×주식수),https://query1.finance.yahoo.com/v8/finance/chart/FCX?interval=1d&events=splits (2010-06-30) ; https://www.sec.gov/Archives/edgar/data/831259/000083125910000048/,종가 59.13 × 주식수 470436600,6
Freeport-McMoRan,FCX,2010Q3,2010-09-30,분기별 매출액,미확인,USD,미확인,https://www.sec.gov/Archives/edgar/data/831259/000083125910000070/,,6
Freeport-McMoRan,FCX,2010Q3,2010-09-30,분기별 영업이익,2499000000,USD,공시,https://www.sec.gov/Archives/edgar/data/831259/000083125910000070/,,6
Freeport-McMoRan,FCX,2010Q3,2010-09-30,분기별 당기순이익(지배),1178000000,USD,계산(연결-비지배),https://www.sec.gov/Archives/edgar/data/831259/000083125910000070/,3개월 연결 1533000000 − 비지배 355000000,6
Freeport-McMoRan,FCX,2010Q3,2010-09-30,분기별 영업활동현금흐름,1336000000,USD,계산(누적차감),https://www.sec.gov/Archives/edgar/data/831259/000083125910000070/ ; https://www.sec.gov/Archives/edgar/data/831259/000083125910000048/,누적 4218000000 − 직전누적 2882000000 (시작 2010-01-01),6
Freeport-McMoRan,FCX,2010Q3,2010-09-30,분기말 자산총계,27951000000,USD,공시,https://www.sec.gov/Archives/edgar/data/831259/000083125910000070/,,6
Freeport-McMoRan,FCX,2010Q3,2010-09-30,분기말 부채총계,14230000000,USD,공시,https://www.sec.gov/Archives/edgar/data/831259/000083125910000070/,,6
Freeport-McMoRan,FCX,2010Q3,2010-09-30,분기말 총자본(자기자본),13721000000,USD,공시,https://www.sec.gov/Archives/edgar/data/831259/000083125910000070/,,6
Freeport-McMoRan,FCX,2010Q3,2010-09-30,분기말 지배지분 자본,11596000000,USD,공시,https://www.sec.gov/Archives/edgar/data/831259/000083125910000070/,,6
Freeport-McMoRan,FCX,2010Q3,2010-09-30,분기말 종가,85.39,USD,API,https://query1.finance.yahoo.com/v8/finance/chart/FCX?interval=1d&events=splits (2010-09-30),분할조정 종가 42.695 × 이후 분할계수 2,6
Freeport-McMoRan,FCX,2010Q3,2010-10-29,분기말 상장주식수,470879306,주,공시(표지 기준일),https://www.sec.gov/Archives/edgar/data/831259/000083125910000070/,dei:EntityCommonStockSharesOutstanding 클래스 합,6
Freeport-McMoRan,FCX,2010Q3,2010-09-30,분기말 시가총액,40208383939,USD,계산(종가×주식수),https://query1.finance.yahoo.com/v8/finance/chart/FCX?interval=1d&events=splits (2010-09-30) ; https://www.sec.gov/Archives/edgar/data/831259/000083125910000070/,종가 85.39 × 주식수 470879306,6
Freeport-McMoRan,FCX,2010Q4,2010-12-31,분기별 매출액,미확인,USD,미확인,https://www.sec.gov/Archives/edgar/data/831259/000083125911000014/,,6
Freeport-McMoRan,FCX,2010Q4,2010-12-31,분기별 영업이익,3097000000,USD,계산(연간-3분기누적),https://www.sec.gov/Archives/edgar/data/831259/000083125911000014/ ; https://www.sec.gov/Archives/edgar/data/831259/000083125910000070/,연간 9068000000 − 9개월누적 5971000000 (OperatingIncomeLoss),6
Freeport-McMoRan,FCX,2010Q4,2010-12-31,분기별 당기순이익(지배),1549000000,USD,계산(연간(연결-비지배)-3분기누적),https://www.sec.gov/Archives/edgar/data/831259/000083125911000014/ ; https://www.sec.gov/Archives/edgar/data/831259/000083125910000070/,연간 연결 5544000000 − 비지배 1208000000 − (9개월 연결 3580000000 − 비지배 793000000),6
Freeport-McMoRan,FCX,2010Q4,2010-12-31,분기별 영업활동현금흐름,데이터 없음(직전 분기 누적 보고서 없음),USD,데이터 없음(직전 보고서 없음),https://www.sec.gov/Archives/edgar/data/831259/000083125911000014/,,6
Freeport-McMoRan,FCX,2010Q4,2010-12-31,분기말 자산총계,29386000000,USD,공시,https://www.sec.gov/Archives/edgar/data/831259/000083125911000014/,,6
Freeport-McMoRan,FCX,2010Q4,2010-12-31,분기말 부채총계,14826000000,USD,공시,https://www.sec.gov/Archives/edgar/data/831259/000083125911000014/,,6
Freeport-McMoRan,FCX,2010Q4,2010-12-31,분기말 총자본(자기자본),14560000000,USD,공시,https://www.sec.gov/Archives/edgar/data/831259/000083125911000014/,,6
Freeport-McMoRan,FCX,2010Q4,2010-12-31,분기말 지배지분 자본,12504000000,USD,공시,https://www.sec.gov/Archives/edgar/data/831259/000083125911000014/,,6
Freeport-McMoRan,FCX,2010Q4,2010-12-31,분기말 종가,120.09,USD,API,https://query1.finance.yahoo.com/v8/finance/chart/FCX?interval=1d&events=splits (2010-12-31),분할조정 종가 60.045 × 이후 분할계수 2,6
Freeport-McMoRan,FCX,2010Q4,2011-01-31,분기말 상장주식수,946498251,주,공시(표지 기준일),https://www.sec.gov/Archives/edgar/data/831259/000083125911000014/,dei:EntityCommonStockSharesOutstanding 클래스 합,6
Freeport-McMoRan,FCX,2010Q4,2010-12-31,분기말 시가총액,113664974963,USD,계산(종가×주식수),https://query1.finance.yahoo.com/v8/finance/chart/FCX?interval=1d&events=splits (2010-12-31) ; https://www.sec.gov/Archives/edgar/data/831259/000083125911000014/,종가 120.09 × 주식수 946498251,6
Freeport-McMoRan,FCX,2011Q1,2011-03-31,분기별 매출액,미확인,USD,미확인,https://www.sec.gov/Archives/edgar/data/831259/000083125911000033/,,6
Freeport-McMoRan,FCX,2011Q1,2011-03-31,분기별 영업이익,2936000000,USD,공시,https://www.sec.gov/Archives/edgar/data/831259/000083125911000033/,,6
Freeport-McMoRan,FCX,2011Q1,2011-03-31,분기별 당기순이익(지배),1499000000,USD,계산(연결-비지배),https://www.sec.gov/Archives/edgar/data/831259/000083125911000033/,3개월 연결 1861000000 − 비지배 362000000,6
Freeport-McMoRan,FCX,2011Q1,2011-03-31,분기별 영업활동현금흐름,2359000000,USD,공시,https://www.sec.gov/Archives/edgar/data/831259/000083125911000033/,,6
Freeport-McMoRan,FCX,2011Q1,2011-03-31,분기말 자산총계,31008000000,USD,공시,https://www.sec.gov/Archives/edgar/data/831259/000083125911000033/,,6
Freeport-McMoRan,FCX,2011Q1,2011-03-31,분기말 부채총계,14917000000,USD,공시,https://www.sec.gov/Archives/edgar/data/831259/000083125911000033/,,6
Freeport-McMoRan,FCX,2011Q1,2011-03-31,분기말 총자본(자기자본),16091000000,USD,공시,https://www.sec.gov/Archives/edgar/data/831259/000083125911000033/,,6
Freeport-McMoRan,FCX,2011Q1,2011-03-31,분기말 지배지분 자본,13801000000,USD,공시,https://www.sec.gov/Archives/edgar/data/831259/000083125911000033/,,6
Freeport-McMoRan,FCX,2011Q1,2011-03-31,분기말 종가,55.55,USD,API,https://query1.finance.yahoo.com/v8/finance/chart/FCX?interval=1d&events=splits (2011-03-31),,6
Freeport-McMoRan,FCX,2011Q1,2011-04-29,분기말 상장주식수,947315321,주,공시(표지 기준일),https://www.sec.gov/Archives/edgar/data/831259/000083125911000033/,dei:EntityCommonStockSharesOutstanding 클래스 합,6
Freeport-McMoRan,FCX,2011Q1,2011-03-31,분기말 시가총액,52623366082,USD,계산(종가×주식수),https://query1.finance.yahoo.com/v8/finance/chart/FCX?interval=1d&events=splits (2011-03-31) ; https://www.sec.gov/Archives/edgar/data/831259/000083125911000033/,종가 55.55 × 주식수 947315321,6
Freeport-McMoRan,FCX,2011Q2,2011-06-30,분기별 매출액,미확인,USD,미확인,https://www.sec.gov/Archives/edgar/data/831259/000083125911000050/,,6
Freeport-McMoRan,FCX,2011Q2,2011-06-30,분기별 영업이익,2757000000,USD,공시,https://www.sec.gov/Archives/edgar/data/831259/000083125911000050/,,6
Freeport-McMoRan,FCX,2011Q2,2011-06-30,분기별 당기순이익(지배),1368000000,USD,계산(연결-비지배),https://www.sec.gov/Archives/edgar/data/831259/000083125911000050/,3개월 연결 1726000000 − 비지배 358000000,6
Freeport-McMoRan,FCX,2011Q2,2011-06-30,분기별 영업활동현금흐름,1680000000,USD,계산(누적차감),https://www.sec.gov/Archives/edgar/data/831259/000083125911000050/ ; https://www.sec.gov/Archives/edgar/data/831259/000083125911000033/,누적 4039000000 − 직전누적 2359000000 (시작 2011-01-01),6
Freeport-McMoRan,FCX,2011Q2,2011-06-30,분기말 자산총계,30579000000,USD,공시,https://www.sec.gov/Archives/edgar/data/831259/000083125911000050/,,6
Freeport-McMoRan,FCX,2011Q2,2011-06-30,분기말 부채총계,13477000000,USD,공시,https://www.sec.gov/Archives/edgar/data/831259/000083125911000050/,,6
Freeport-McMoRan,FCX,2011Q2,2011-06-30,분기말 총자본(자기자본),17102000000,USD,공시,https://www.sec.gov/Archives/edgar/data/831259/000083125911000050/,,6
Freeport-McMoRan,FCX,2011Q2,2011-06-30,분기말 지배지분 자본,14508000000,USD,공시,https://www.sec.gov/Archives/edgar/data/831259/000083125911000050/,,6
Freeport-McMoRan,FCX,2011Q2,2011-06-30,분기말 종가,52.9,USD,API,https://query1.finance.yahoo.com/v8/finance/chart/FCX?interval=1d&events=splits (2011-06-30),,6
Freeport-McMoRan,FCX,2011Q2,2011-07-29,분기말 상장주식수,947880420,주,공시(표지 기준일),https://www.sec.gov/Archives/edgar/data/831259/000083125911000050/,dei:EntityCommonStockSharesOutstanding 클래스 합,6
Freeport-McMoRan,FCX,2011Q2,2011-06-30,분기말 시가총액,50142874218,USD,계산(종가×주식수),https://query1.finance.yahoo.com/v8/finance/chart/FCX?interval=1d&events=splits (2011-06-30) ; https://www.sec.gov/Archives/edgar/data/831259/000083125911000050/,종가 52.9 × 주식수 947880420,6
Freeport-McMoRan,FCX,2011Q3,2011-09-30,분기별 매출액,미확인,USD,미확인,https://www.sec.gov/Archives/edgar/data/831259/000083125911000062/,,6
Freeport-McMoRan,FCX,2011Q3,2011-09-30,분기별 영업이익,2150000000,USD,공시,https://www.sec.gov/Archives/edgar/data/831259/000083125911000062/,,6
Freeport-McMoRan,FCX,2011Q3,2011-09-30,분기별 당기순이익(지배),1053000000,USD,계산(연결-비지배),https://www.sec.gov/Archives/edgar/data/831259/000083125911000062/,3개월 연결 1294000000 − 비지배 241000000,6
Freeport-McMoRan,FCX,2011Q3,2011-09-30,분기별 영업활동현금흐름,1835000000,USD,계산(누적차감),https://www.sec.gov/Archives/edgar/data/831259/000083125911000062/ ; https://www.sec.gov/Archives/edgar/data/831259/000083125911000050/,누적 5874000000 − 직전누적 4039000000 (시작 2011-01-01),6
Freeport-McMoRan,FCX,2011Q3,2011-09-30,분기말 자산총계,31708000000,USD,공시,https://www.sec.gov/Archives/edgar/data/831259/000083125911000062/,,6
Freeport-McMoRan,FCX,2011Q3,2011-09-30,분기말 부채총계,13657000000,USD,공시,https://www.sec.gov/Archives/edgar/data/831259/000083125911000062/,,6
Freeport-McMoRan,FCX,2011Q3,2011-09-30,분기말 총자본(자기자본),18051000000,USD,공시,https://www.sec.gov/Archives/edgar/data/831259/000083125911000062/,,6
Freeport-McMoRan,FCX,2011Q3,2011-09-30,분기말 지배지분 자본,15357000000,USD,공시,https://www.sec.gov/Archives/edgar/data/831259/000083125911000062/,,6
Freeport-McMoRan,FCX,2011Q3,2011-09-30,분기말 종가,30.45,USD,API,https://query1.finance.yahoo.com/v8/finance/chart/FCX?interval=1d&events=splits (2011-09-30),,6
Freeport-McMoRan,FCX,2011Q3,2011-10-31,분기말 상장주식수,947911093,주,공시(표지 기준일),https://www.sec.gov/Archives/edgar/data/831259/000083125911000062/,dei:EntityCommonStockSharesOutstanding 클래스 합,6
Freeport-McMoRan,FCX,2011Q3,2011-09-30,분기말 시가총액,28863892782,USD,계산(종가×주식수),https://query1.finance.yahoo.com/v8/finance/chart/FCX?interval=1d&events=splits (2011-09-30) ; https://www.sec.gov/Archives/edgar/data/831259/000083125911000062/,종가 30.45 × 주식수 947911093,6
Freeport-McMoRan,FCX,2011Q4,2011-12-31,분기별 매출액,미확인,USD,미확인,https://www.sec.gov/Archives/edgar/data/831259/000083125912000014/,,6
Freeport-McMoRan,FCX,2011Q4,2011-12-31,분기별 영업이익,1297000000,USD,계산(연간-3분기누적),https://www.sec.gov/Archives/edgar/data/831259/000083125912000014/ ; https://www.sec.gov/Archives/edgar/data/831259/000083125911000062/,연간 9140000000 − 9개월누적 7843000000 (OperatingIncomeLoss),6
Freeport-McMoRan,FCX,2011Q4,2011-12-31,분기별 당기순이익(지배),640000000,USD,계산(연간(연결-비지배)-3분기누적),https://www.sec.gov/Archives/edgar/data/831259/000083125912000014/ ; https://www.sec.gov/Archives/edgar/data/831259/000083125911000062/,연간 연결 5747000000 − 비지배 1187000000 − (9개월 연결 4881000000 − 비지배 961000000),6
Freeport-McMoRan,FCX,2011Q4,2011-12-31,분기별 영업활동현금흐름,데이터 없음(직전 분기 누적 보고서 없음),USD,데이터 없음(직전 보고서 없음),https://www.sec.gov/Archives/edgar/data/831259/000083125912000014/,,6
Freeport-McMoRan,FCX,2011Q4,2011-12-31,분기말 자산총계,32070000000,USD,공시,https://www.sec.gov/Archives/edgar/data/831259/000083125912000014/,,6
Freeport-McMoRan,FCX,2011Q4,2011-12-31,분기말 부채총계,13517000000,USD,공시,https://www.sec.gov/Archives/edgar/data/831259/000083125912000014/,,6
Freeport-McMoRan,FCX,2011Q4,2011-12-31,분기말 총자본(자기자본),18553000000,USD,공시,https://www.sec.gov/Archives/edgar/data/831259/000083125912000014/,,6
Freeport-McMoRan,FCX,2011Q4,2011-12-31,분기말 지배지분 자본,15642000000,USD,공시,https://www.sec.gov/Archives/edgar/data/831259/000083125912000014/,,6
Freeport-McMoRan,FCX,2011Q4,2011-12-30,분기말 종가,36.79,USD,API,https://query1.finance.yahoo.com/v8/finance/chart/FCX?interval=1d&events=splits (2011-12-30),,6
Freeport-McMoRan,FCX,2011Q4,2012-01-31,분기말 상장주식수,948358926,주,공시(표지 기준일),https://www.sec.gov/Archives/edgar/data/831259/000083125912000014/,dei:EntityCommonStockSharesOutstanding 클래스 합,6
Freeport-McMoRan,FCX,2011Q4,2011-12-30,분기말 시가총액,34890124888,USD,계산(종가×주식수),https://query1.finance.yahoo.com/v8/finance/chart/FCX?interval=1d&events=splits (2011-12-30) ; https://www.sec.gov/Archives/edgar/data/831259/000083125912000014/,종가 36.79 × 주식수 948358926,6
Freeport-McMoRan,FCX,2012Q1,2012-03-31,분기별 매출액,미확인,USD,미확인,https://www.sec.gov/Archives/edgar/data/831259/000083125912000024/,,6
Freeport-McMoRan,FCX,2012Q1,2012-03-31,분기별 영업이익,1734000000,USD,공시,https://www.sec.gov/Archives/edgar/data/831259/000083125912000024/,,6
Freeport-McMoRan,FCX,2012Q1,2012-03-31,분기별 당기순이익(지배),764000000,USD,계산(연결-비지배),https://www.sec.gov/Archives/edgar/data/831259/000083125912000024/,3개월 연결 1001000000 − 비지배 237000000,6
Freeport-McMoRan,FCX,2012Q1,2012-03-31,분기별 영업활동현금흐름,801000000,USD,공시,https://www.sec.gov/Archives/edgar/data/831259/000083125912000024/,,6
Freeport-McMoRan,FCX,2012Q1,2012-03-31,분기말 자산총계,32905000000,USD,공시,https://www.sec.gov/Archives/edgar/data/831259/000083125912000024/,,6
Freeport-McMoRan,FCX,2012Q1,2012-03-31,분기말 부채총계,13606000000,USD,공시,https://www.sec.gov/Archives/edgar/data/831259/000083125912000024/,,6
Freeport-McMoRan,FCX,2012Q1,2012-03-31,분기말 총자본(자기자본),19299000000,USD,공시,https://www.sec.gov/Archives/edgar/data/831259/000083125912000024/,,6
Freeport-McMoRan,FCX,2012Q1,2012-03-31,분기말 지배지분 자본,16135000000,USD,공시,https://www.sec.gov/Archives/edgar/data/831259/000083125912000024/,,6
Freeport-McMoRan,FCX,2012Q1,2012-03-30,분기말 종가,38.04,USD,API,https://query1.finance.yahoo.com/v8/finance/chart/FCX?interval=1d&events=splits (2012-03-30),,6
Freeport-McMoRan,FCX,2012Q1,2012-04-30,분기말 상장주식수,949116060,주,공시(표지 기준일),https://www.sec.gov/Archives/edgar/data/831259/000083125912000024/,dei:EntityCommonStockSharesOutstanding 클래스 합,6
Freeport-McMoRan,FCX,2012Q1,2012-03-30,분기말 시가총액,36104374922,USD,계산(종가×주식수),https://query1.finance.yahoo.com/v8/finance/chart/FCX?interval=1d&events=splits (2012-03-30) ; https://www.sec.gov/Archives/edgar/data/831259/000083125912000024/,종가 38.04 × 주식수 949116060,6
Freeport-McMoRan,FCX,2012Q2,2012-06-30,분기별 매출액,4475000000,USD,공시(후속 보고서 비교기간),https://www.sec.gov/Archives/edgar/data/831259/000083125913000057/,SalesRevenueNet ; 그 분기 보고서에 연결 총계가 없어 2013-08-09 제출본의 비교기간에서 읽었다,6
Freeport-McMoRan,FCX,2012Q2,2012-06-30,분기별 영업이익,1311000000,USD,공시,https://www.sec.gov/Archives/edgar/data/831259/000083125912000036/,,6
Freeport-McMoRan,FCX,2012Q2,2012-06-30,분기별 당기순이익(지배),710000000,USD,계산(연결-비지배),https://www.sec.gov/Archives/edgar/data/831259/000083125912000036/,3개월 연결 894000000 − 비지배 184000000,6
Freeport-McMoRan,FCX,2012Q2,2012-06-30,분기별 영업활동현금흐름,1182000000,USD,계산(누적차감),https://www.sec.gov/Archives/edgar/data/831259/000083125912000036/ ; https://www.sec.gov/Archives/edgar/data/831259/000083125912000024/,누적 1983000000 − 직전누적 801000000 (시작 2012-01-01),6
Freeport-McMoRan,FCX,2012Q2,2012-06-30,분기말 자산총계,33689000000,USD,공시,https://www.sec.gov/Archives/edgar/data/831259/000083125912000036/,,6
Freeport-McMoRan,FCX,2012Q2,2012-06-30,분기말 부채총계,13799000000,USD,공시,https://www.sec.gov/Archives/edgar/data/831259/000083125912000036/,,6
Freeport-McMoRan,FCX,2012Q2,2012-06-30,분기말 총자본(자기자본),19890000000,USD,공시,https://www.sec.gov/Archives/edgar/data/831259/000083125912000036/,,6
Freeport-McMoRan,FCX,2012Q2,2012-06-30,분기말 지배지분 자본,16578000000,USD,공시,https://www.sec.gov/Archives/edgar/data/831259/000083125912000036/,,6
Freeport-McMoRan,FCX,2012Q2,2012-06-29,분기말 종가,34.07,USD,API,https://query1.finance.yahoo.com/v8/finance/chart/FCX?interval=1d&events=splits (2012-06-29),,6
Freeport-McMoRan,FCX,2012Q2,2012-07-31,분기말 상장주식수,949247847,주,공시(표지 기준일),https://www.sec.gov/Archives/edgar/data/831259/000083125912000036/,dei:EntityCommonStockSharesOutstanding 클래스 합,6
Freeport-McMoRan,FCX,2012Q2,2012-06-29,분기말 시가총액,32340874147,USD,계산(종가×주식수),https://query1.finance.yahoo.com/v8/finance/chart/FCX?interval=1d&events=splits (2012-06-29) ; https://www.sec.gov/Archives/edgar/data/831259/000083125912000036/,종가 34.07 × 주식수 949247847,6
Freeport-McMoRan,FCX,2012Q3,2012-09-30,분기별 매출액,4417000000,USD,공시(후속 보고서 비교기간),https://www.sec.gov/Archives/edgar/data/831259/000083125913000071/,SalesRevenueNet ; 그 분기 보고서에 연결 총계가 없어 2013-11-06 제출본의 비교기간에서 읽었다,6
Freeport-McMoRan,FCX,2012Q3,2012-09-30,분기별 영업이익,1411000000,USD,공시,https://www.sec.gov/Archives/edgar/data/831259/000083125912000040/,,6
Freeport-McMoRan,FCX,2012Q3,2012-09-30,분기별 당기순이익(지배),824000000,USD,계산(연결-비지배),https://www.sec.gov/Archives/edgar/data/831259/000083125912000040/,3개월 연결 1140000000 − 비지배 316000000,6
Freeport-McMoRan,FCX,2012Q3,2012-09-30,분기별 영업활동현금흐름,526000000,USD,계산(누적차감),https://www.sec.gov/Archives/edgar/data/831259/000083125912000040/ ; https://www.sec.gov/Archives/edgar/data/831259/000083125912000036/,누적 2509000000 − 직전누적 1983000000 (시작 2012-01-01),6
Freeport-McMoRan,FCX,2012Q3,2012-09-30,분기말 자산총계,34517000000,USD,공시,https://www.sec.gov/Archives/edgar/data/831259/000083125912000040/,,6
Freeport-McMoRan,FCX,2012Q3,2012-09-30,분기말 부채총계,13774000000,USD,공시,https://www.sec.gov/Archives/edgar/data/831259/000083125912000040/,,6
Freeport-McMoRan,FCX,2012Q3,2012-09-30,분기말 총자본(자기자본),20743000000,USD,공시,https://www.sec.gov/Archives/edgar/data/831259/000083125912000040/,,6
Freeport-McMoRan,FCX,2012Q3,2012-09-30,분기말 지배지분 자본,17139000000,USD,공시,https://www.sec.gov/Archives/edgar/data/831259/000083125912000040/,,6
Freeport-McMoRan,FCX,2012Q3,2012-09-28,분기말 종가,39.58,USD,API,https://query1.finance.yahoo.com/v8/finance/chart/FCX?interval=1d&events=splits (2012-09-28),,6
Freeport-McMoRan,FCX,2012Q3,2012-10-31,분기말 상장주식수,949318834,주,공시(표지 기준일),https://www.sec.gov/Archives/edgar/data/831259/000083125912000040/,dei:EntityCommonStockSharesOutstanding 클래스 합,6
Freeport-McMoRan,FCX,2012Q3,2012-09-28,분기말 시가총액,37574039450,USD,계산(종가×주식수),https://query1.finance.yahoo.com/v8/finance/chart/FCX?interval=1d&events=splits (2012-09-28) ; https://www.sec.gov/Archives/edgar/data/831259/000083125912000040/,종가 39.58 × 주식수 949318834,6
Freeport-McMoRan,FCX,2012Q4,2012-12-31,분기별 매출액,미확인,USD,미확인,https://www.sec.gov/Archives/edgar/data/831259/000119312513167531/,,6
Freeport-McMoRan,FCX,2012Q4,2012-12-31,분기별 영업이익,1358000000,USD,계산(연간-3분기누적),https://www.sec.gov/Archives/edgar/data/831259/000083125913000014/ ; https://www.sec.gov/Archives/edgar/data/831259/000083125912000040/,연간 5814000000 − 9개월누적 4456000000 (OperatingIncomeLoss),6
Freeport-McMoRan,FCX,2012Q4,2012-12-31,분기별 당기순이익(지배),743000000,USD,계산(연간(연결-비지배)-3분기누적),https://www.sec.gov/Archives/edgar/data/831259/000083125913000014/ ; https://www.sec.gov/Archives/edgar/data/831259/000083125912000040/,연간 연결 3980000000 − 비지배 939000000 − (9개월 연결 3035000000 − 비지배 737000000),6
Freeport-McMoRan,FCX,2012Q4,2012-12-31,분기별 영업활동현금흐름,1265000000,USD,계산(누적차감),https://www.sec.gov/Archives/edgar/data/831259/000083125913000014/ ; https://www.sec.gov/Archives/edgar/data/831259/000083125912000040/,누적 3774000000 − 직전누적 2509000000 (시작 2012-01-01),6
Freeport-McMoRan,FCX,2012Q4,2012-12-31,분기말 자산총계,35440000000,USD,공시,https://www.sec.gov/Archives/edgar/data/831259/000083125913000014/,,6
Freeport-McMoRan,FCX,2012Q4,2012-12-31,분기말 부채총계,14129000000,USD,공시,https://www.sec.gov/Archives/edgar/data/831259/000083125913000014/,,6
Freeport-McMoRan,FCX,2012Q4,2012-12-31,분기말 총자본(자기자본),21311000000,USD,공시,https://www.sec.gov/Archives/edgar/data/831259/000083125913000014/,,6
Freeport-McMoRan,FCX,2012Q4,2012-12-31,분기말 지배지분 자본,17543000000,USD,공시,https://www.sec.gov/Archives/edgar/data/831259/000083125913000014/,,6
Freeport-McMoRan,FCX,2012Q4,2012-12-31,분기말 종가,34.2,USD,API,https://query1.finance.yahoo.com/v8/finance/chart/FCX?interval=1d&events=splits (2012-12-31),,6
Freeport-McMoRan,FCX,2012Q4,2013-02-15,분기말 상장주식수,949530599,주,공시(표지 기준일),https://www.sec.gov/Archives/edgar/data/831259/000083125913000014/,dei:EntityCommonStockSharesOutstanding 클래스 합,6
Freeport-McMoRan,FCX,2012Q4,2012-12-31,분기말 시가총액,32473946486,USD,계산(종가×주식수),https://query1.finance.yahoo.com/v8/finance/chart/FCX?interval=1d&events=splits (2012-12-31) ; https://www.sec.gov/Archives/edgar/data/831259/000083125913000014/,종가 34.2 × 주식수 949530599,6
Freeport-McMoRan,FCX,2013Q1,2013-03-31,분기별 매출액,4583000000,USD,공시(후속 보고서 비교기간),https://www.sec.gov/Archives/edgar/data/831259/000083125914000022/,SalesRevenueNet ; 그 분기 보고서에 연결 총계가 없어 2014-05-09 제출본의 비교기간에서 읽었다,6
Freeport-McMoRan,FCX,2013Q1,2013-03-31,분기별 영업이익,1355000000,USD,공시,https://www.sec.gov/Archives/edgar/data/831259/000083125913000039/,,6
Freeport-McMoRan,FCX,2013Q1,2013-03-31,분기별 당기순이익(지배),648000000,USD,계산(연결-비지배),https://www.sec.gov/Archives/edgar/data/831259/000083125913000039/,3개월 연결 824000000 − 비지배 176000000,6
Freeport-McMoRan,FCX,2013Q1,2013-03-31,분기별 영업활동현금흐름,831000000,USD,공시,https://www.sec.gov/Archives/edgar/data/831259/000083125913000039/,,6
Freeport-McMoRan,FCX,2013Q1,2013-03-31,분기말 자산총계,42588000000,USD,공시,https://www.sec.gov/Archives/edgar/data/831259/000083125913000039/,,6
Freeport-McMoRan,FCX,2013Q1,2013-03-31,분기말 부채총계,20739000000,USD,공시,https://www.sec.gov/Archives/edgar/data/831259/000083125913000039/,,6
Freeport-McMoRan,FCX,2013Q1,2013-03-31,분기말 총자본(자기자본),21849000000,USD,공시,https://www.sec.gov/Archives/edgar/data/831259/000083125913000039/,,6
Freeport-McMoRan,FCX,2013Q1,2013-03-31,분기말 지배지분 자본,17940000000,USD,공시,https://www.sec.gov/Archives/edgar/data/831259/000083125913000039/,,6
Freeport-McMoRan,FCX,2013Q1,2013-03-28,분기말 종가,33.1,USD,API,https://query1.finance.yahoo.com/v8/finance/chart/FCX?interval=1d&events=splits (2013-03-28),,6
Freeport-McMoRan,FCX,2013Q1,2013-04-30,분기말 상장주식수,949742416,주,공시(표지 기준일),https://www.sec.gov/Archives/edgar/data/831259/000083125913000039/,dei:EntityCommonStockSharesOutstanding 클래스 합,6
Freeport-McMoRan,FCX,2013Q1,2013-03-28,분기말 시가총액,31436473970,USD,계산(종가×주식수),https://query1.finance.yahoo.com/v8/finance/chart/FCX?interval=1d&events=splits (2013-03-28) ; https://www.sec.gov/Archives/edgar/data/831259/000083125913000039/,종가 33.1 × 주식수 949742416,6
Freeport-McMoRan,FCX,2013Q2,2013-06-30,분기별 매출액,4288000000,USD,공시,https://www.sec.gov/Archives/edgar/data/831259/000083125913000057/,,6
Freeport-McMoRan,FCX,2013Q2,2013-06-30,분기별 영업이익,639000000,USD,공시,https://www.sec.gov/Archives/edgar/data/831259/000083125913000057/,,6
Freeport-McMoRan,FCX,2013Q2,2013-06-30,분기별 당기순이익(지배),485000000,USD,계산(연결-비지배)(재작성 반영),https://www.sec.gov/Archives/edgar/data/831259/000083125913000057/,3개월 연결 610000000 − 비지배 125000000 ; 원 공시 482000000 (https://www.sec.gov/Archives/edgar/data/831259/000083125913000057/),6
Freeport-McMoRan,FCX,2013Q2,2013-06-30,분기별 영업활동현금흐름,1034000000,USD,계산(누적차감),https://www.sec.gov/Archives/edgar/data/831259/000083125913000057/ ; https://www.sec.gov/Archives/edgar/data/831259/000083125913000039/,누적 1865000000 − 직전누적 831000000 (시작 2013-01-01),6
Freeport-McMoRan,FCX,2013Q2,2013-06-30,분기말 자산총계,63157000000,USD,공시,https://www.sec.gov/Archives/edgar/data/831259/000083125913000057/,,6
Freeport-McMoRan,FCX,2013Q2,2013-06-30,분기말 부채총계,38508000000,USD,공시,https://www.sec.gov/Archives/edgar/data/831259/000083125913000057/,메자닌(일시자본) 782000000 별도 (원문 us-gaap:TemporaryEquityRedemptionValue 782000000),6
Freeport-McMoRan,FCX,2013Q2,2013-06-30,분기말 총자본(자기자본),23867000000,USD,공시,https://www.sec.gov/Archives/edgar/data/831259/000083125913000057/,,6
Freeport-McMoRan,FCX,2013Q2,2013-06-30,분기말 지배지분 자본,19878000000,USD,공시,https://www.sec.gov/Archives/edgar/data/831259/000083125913000057/,,6
Freeport-McMoRan,FCX,2013Q2,2013-06-28,분기말 종가,27.61,USD,API,https://query1.finance.yahoo.com/v8/finance/chart/FCX?interval=1d&events=splits (2013-06-28),,6
Freeport-McMoRan,FCX,2013Q2,2013-07-31,분기말 상장주식수,1037879851,주,공시(표지 기준일),https://www.sec.gov/Archives/edgar/data/831259/000083125913000057/,dei:EntityCommonStockSharesOutstanding 클래스 합,6
Freeport-McMoRan,FCX,2013Q2,2013-06-28,분기말 시가총액,28655862686,USD,계산(종가×주식수),https://query1.finance.yahoo.com/v8/finance/chart/FCX?interval=1d&events=splits (2013-06-28) ; https://www.sec.gov/Archives/edgar/data/831259/000083125913000057/,종가 27.61 × 주식수 1037879851,6
Freeport-McMoRan,FCX,2013Q3,2013-09-30,분기별 매출액,6165000000,USD,공시,https://www.sec.gov/Archives/edgar/data/831259/000083125913000071/,,6
Freeport-McMoRan,FCX,2013Q3,2013-09-30,분기별 영업이익,1707000000,USD,공시,https://www.sec.gov/Archives/edgar/data/831259/000083125913000071/,,6
Freeport-McMoRan,FCX,2013Q3,2013-09-30,분기별 당기순이익(지배),1048000000,USD,공시(비지배 없음),https://www.sec.gov/Archives/edgar/data/831259/000083125913000071/,,6
Freeport-McMoRan,FCX,2013Q3,2013-09-30,분기별 영업활동현금흐름,1878000000,USD,계산(누적차감),https://www.sec.gov/Archives/edgar/data/831259/000083125913000071/ ; https://www.sec.gov/Archives/edgar/data/831259/000083125913000057/,누적 3743000000 − 직전누적 1865000000 (시작 2013-01-01),6
Freeport-McMoRan,FCX,2013Q3,2013-09-30,분기말 자산총계,62598000000,USD,공시,https://www.sec.gov/Archives/edgar/data/831259/000083125913000071/,,6
Freeport-McMoRan,FCX,2013Q3,2013-09-30,분기말 부채총계,37324000000,USD,공시,https://www.sec.gov/Archives/edgar/data/831259/000083125913000071/,메자닌(일시자본) 720000000 별도 (원문 us-gaap:TemporaryEquityRedemptionValue 720000000),6
Freeport-McMoRan,FCX,2013Q3,2013-09-30,분기말 총자본(자기자본),24554000000,USD,공시,https://www.sec.gov/Archives/edgar/data/831259/000083125913000071/,,6
Freeport-McMoRan,FCX,2013Q3,2013-09-30,분기말 지배지분 자본,20405000000,USD,공시,https://www.sec.gov/Archives/edgar/data/831259/000083125913000071/,,6
Freeport-McMoRan,FCX,2013Q3,2013-09-30,분기말 종가,33.08,USD,API,https://query1.finance.yahoo.com/v8/finance/chart/FCX?interval=1d&events=splits (2013-09-30),,6
Freeport-McMoRan,FCX,2013Q3,2013-10-31,분기말 상장주식수,1038155157,주,공시(표지 기준일),https://www.sec.gov/Archives/edgar/data/831259/000083125913000071/,dei:EntityCommonStockSharesOutstanding 클래스 합,6
Freeport-McMoRan,FCX,2013Q3,2013-09-30,분기말 시가총액,34342172594,USD,계산(종가×주식수),https://query1.finance.yahoo.com/v8/finance/chart/FCX?interval=1d&events=splits (2013-09-30) ; https://www.sec.gov/Archives/edgar/data/831259/000083125913000071/,종가 33.08 × 주식수 1038155157,6
Freeport-McMoRan,FCX,2013Q4,2013-12-31,분기별 매출액,5885000000,USD,계산(연간-3분기누적),https://www.sec.gov/Archives/edgar/data/831259/000083125914000006/ ; https://www.sec.gov/Archives/edgar/data/831259/000083125913000071/,연간 20921000000 − 9개월누적 15036000000 (SalesRevenueNet),6
Freeport-McMoRan,FCX,2013Q4,2013-12-31,분기별 영업이익,1650000000,USD,계산(연간-3분기누적),https://www.sec.gov/Archives/edgar/data/831259/000083125914000006/ ; https://www.sec.gov/Archives/edgar/data/831259/000083125913000071/,연간 5351000000 − 9개월누적 3701000000 (OperatingIncomeLoss),6
Freeport-McMoRan,FCX,2013Q4,2013-12-31,분기별 당기순이익(지배),198000000,USD,계산(연간(연결-비지배)-3분기누적)(재작성 반영),https://www.sec.gov/Archives/edgar/data/831259/000083125914000006/ ; https://www.sec.gov/Archives/edgar/data/831259/000083125913000071/,"연간 연결 3441000000 − 비지배 761000000 − (9개월 연결 2482000000, 비지배 태그 없음) ; 원 공시 176000000 (https://www.sec.gov/Archives/edgar/data/831259/000083125914000006/ ; https://www.sec.gov/Archives/edgar/data/831259/000083125913000071/)",6
Freeport-McMoRan,FCX,2013Q4,2013-12-31,분기별 영업활동현금흐름,2396000000,USD,계산(누적차감),https://www.sec.gov/Archives/edgar/data/831259/000083125914000006/ ; https://www.sec.gov/Archives/edgar/data/831259/000083125913000071/,누적 6139000000 − 직전누적 3743000000 (시작 2013-01-01),6
Freeport-McMoRan,FCX,2013Q4,2013-12-31,분기말 자산총계,63473000000,USD,공시,https://www.sec.gov/Archives/edgar/data/831259/000083125914000006/,,6
Freeport-McMoRan,FCX,2013Q4,2013-12-31,분기말 부채총계,37526000000,USD,공시,https://www.sec.gov/Archives/edgar/data/831259/000083125914000006/,메자닌(일시자본) 716000000 별도 (원문 us-gaap:TemporaryEquityRedemptionValue 716000000),6
Freeport-McMoRan,FCX,2013Q4,2013-12-31,분기말 총자본(자기자본),25231000000,USD,공시,https://www.sec.gov/Archives/edgar/data/831259/000083125914000006/,,6
Freeport-McMoRan,FCX,2013Q4,2013-12-31,분기말 지배지분 자본,20934000000,USD,공시,https://www.sec.gov/Archives/edgar/data/831259/000083125914000006/,,6
Freeport-McMoRan,FCX,2013Q4,2013-12-31,분기말 종가,37.74,USD,API,https://query1.finance.yahoo.com/v8/finance/chart/FCX?interval=1d&events=splits (2013-12-31),,6
Freeport-McMoRan,FCX,2013Q4,2014-02-14,분기말 상장주식수,1038417983,주,공시(표지 기준일),https://www.sec.gov/Archives/edgar/data/831259/000083125914000006/,dei:EntityCommonStockSharesOutstanding 클래스 합,6
Freeport-McMoRan,FCX,2013Q4,2013-12-31,분기말 시가총액,39189894678,USD,계산(종가×주식수),https://query1.finance.yahoo.com/v8/finance/chart/FCX?interval=1d&events=splits (2013-12-31) ; https://www.sec.gov/Archives/edgar/data/831259/000083125914000006/,종가 37.74 × 주식수 1038417983,6
Freeport-McMoRan,FCX,2014Q1,2014-03-31,분기별 매출액,4985000000,USD,공시,https://www.sec.gov/Archives/edgar/data/831259/000083125914000022/,,6
Freeport-McMoRan,FCX,2014Q1,2014-03-31,분기별 영업이익,1111000000,USD,공시,https://www.sec.gov/Archives/edgar/data/831259/000083125914000022/,,6
Freeport-McMoRan,FCX,2014Q1,2014-03-31,분기별 당기순이익(지배),520000000,USD,계산(연결-비지배),https://www.sec.gov/Archives/edgar/data/831259/000083125914000022/,3개월 연결 626000000 − 비지배 106000000,6
Freeport-McMoRan,FCX,2014Q1,2014-03-31,분기별 영업활동현금흐름,1201000000,USD,공시,https://www.sec.gov/Archives/edgar/data/831259/000083125914000022/,,6
Freeport-McMoRan,FCX,2014Q1,2014-03-31,분기말 자산총계,63843000000,USD,공시,https://www.sec.gov/Archives/edgar/data/831259/000083125914000022/,,6
Freeport-McMoRan,FCX,2014Q1,2014-03-31,분기말 부채총계,37617000000,USD,공시,https://www.sec.gov/Archives/edgar/data/831259/000083125914000022/,메자닌(일시자본) 743000000 별도 (원문 us-gaap:TemporaryEquityRedemptionValue 743000000),6
Freeport-McMoRan,FCX,2014Q1,2014-03-31,분기말 총자본(자기자본),25483000000,USD,공시,https://www.sec.gov/Archives/edgar/data/831259/000083125914000022/,,6
Freeport-McMoRan,FCX,2014Q1,2014-03-31,분기말 지배지분 자본,21150000000,USD,공시,https://www.sec.gov/Archives/edgar/data/831259/000083125914000022/,,6
Freeport-McMoRan,FCX,2014Q1,2014-03-31,분기말 종가,33.07,USD,API,https://query1.finance.yahoo.com/v8/finance/chart/FCX?interval=1d&events=splits (2014-03-31),,6
Freeport-McMoRan,FCX,2014Q1,2014-04-30,분기말 상장주식수,1038713778,주,공시(표지 기준일),https://www.sec.gov/Archives/edgar/data/831259/000083125914000022/,dei:EntityCommonStockSharesOutstanding 클래스 합,6
Freeport-McMoRan,FCX,2014Q1,2014-03-31,분기말 시가총액,34350264638,USD,계산(종가×주식수),https://query1.finance.yahoo.com/v8/finance/chart/FCX?interval=1d&events=splits (2014-03-31) ; https://www.sec.gov/Archives/edgar/data/831259/000083125914000022/,종가 33.07 × 주식수 1038713778,6
Freeport-McMoRan,FCX,2014Q2,2014-06-30,분기별 매출액,5522000000,USD,공시,https://www.sec.gov/Archives/edgar/data/831259/000083125914000042/,,6
Freeport-McMoRan,FCX,2014Q2,2014-06-30,분기별 영업이익,1153000000,USD,공시,https://www.sec.gov/Archives/edgar/data/831259/000083125914000042/,,6
Freeport-McMoRan,FCX,2014Q2,2014-06-30,분기별 당기순이익(지배),492000000,USD,계산(연결-비지배),https://www.sec.gov/Archives/edgar/data/831259/000083125914000042/,3개월 연결 660000000 − 비지배 168000000,6
Freeport-McMoRan,FCX,2014Q2,2014-06-30,분기별 영업활동현금흐름,1386000000,USD,계산(누적차감),https://www.sec.gov/Archives/edgar/data/831259/000083125914000042/ ; https://www.sec.gov/Archives/edgar/data/831259/000083125914000022/,누적 2587000000 − 직전누적 1201000000 (시작 2014-01-01),6
Freeport-McMoRan,FCX,2014Q2,2014-06-30,분기말 자산총계,64009000000,USD,공시,https://www.sec.gov/Archives/edgar/data/831259/000083125914000042/,,6
Freeport-McMoRan,FCX,2014Q2,2014-06-30,분기말 부채총계,37597000000,USD,공시,https://www.sec.gov/Archives/edgar/data/831259/000083125914000042/,메자닌(일시자본) 745000000 별도,6
Freeport-McMoRan,FCX,2014Q2,2014-06-30,분기말 총자본(자기자본),25667000000,USD,공시,https://www.sec.gov/Archives/edgar/data/831259/000083125914000042/,,6
Freeport-McMoRan,FCX,2014Q2,2014-06-30,분기말 지배지분 자본,21332000000,USD,공시,https://www.sec.gov/Archives/edgar/data/831259/000083125914000042/,,6
Freeport-McMoRan,FCX,2014Q2,2014-06-30,분기말 종가,36.5,USD,API,https://query1.finance.yahoo.com/v8/finance/chart/FCX?interval=1d&events=splits (2014-06-30),,6
Freeport-McMoRan,FCX,2014Q2,2014-07-31,분기말 상장주식수,1039046081,주,공시(표지 기준일),https://www.sec.gov/Archives/edgar/data/831259/000083125914000042/,dei:EntityCommonStockSharesOutstanding 클래스 합,6
Freeport-McMoRan,FCX,2014Q2,2014-06-30,분기말 시가총액,37925181956,USD,계산(종가×주식수),https://query1.finance.yahoo.com/v8/finance/chart/FCX?interval=1d&events=splits (2014-06-30) ; https://www.sec.gov/Archives/edgar/data/831259/000083125914000042/,종가 36.5 × 주식수 1039046081,6
Freeport-McMoRan,FCX,2014Q3,2014-09-30,분기별 매출액,5696000000,USD,공시,https://www.sec.gov/Archives/edgar/data/831259/000083125914000051/,,6
Freeport-McMoRan,FCX,2014Q3,2014-09-30,분기별 영업이익,1132000000,USD,공시,https://www.sec.gov/Archives/edgar/data/831259/000083125914000051/,,6
Freeport-McMoRan,FCX,2014Q3,2014-09-30,분기별 당기순이익(지배),562000000,USD,계산(연결-비지배),https://www.sec.gov/Archives/edgar/data/831259/000083125914000051/,3개월 연결 704000000 − 비지배 142000000,6
Freeport-McMoRan,FCX,2014Q3,2014-09-30,분기별 영업활동현금흐름,1926000000,USD,계산(누적차감),https://www.sec.gov/Archives/edgar/data/831259/000083125914000051/ ; https://www.sec.gov/Archives/edgar/data/831259/000083125914000042/,누적 4513000000 − 직전누적 2587000000 (시작 2014-01-01),6
Freeport-McMoRan,FCX,2014Q3,2014-09-30,분기말 자산총계,63976000000,USD,공시,https://www.sec.gov/Archives/edgar/data/831259/000083125914000051/,,6
Freeport-McMoRan,FCX,2014Q3,2014-09-30,분기말 부채총계,37261000000,USD,공시,https://www.sec.gov/Archives/edgar/data/831259/000083125914000051/,메자닌(일시자본) 749000000 별도,6
Freeport-McMoRan,FCX,2014Q3,2014-09-30,분기말 총자본(자기자본),25966000000,USD,공시,https://www.sec.gov/Archives/edgar/data/831259/000083125914000051/,,6
Freeport-McMoRan,FCX,2014Q3,2014-09-30,분기말 지배지분 자본,21591000000,USD,공시,https://www.sec.gov/Archives/edgar/data/831259/000083125914000051/,,6
Freeport-McMoRan,FCX,2014Q3,2014-09-30,분기말 종가,32.65,USD,API,https://query1.finance.yahoo.com/v8/finance/chart/FCX?interval=1d&events=splits (2014-09-30),,6
Freeport-McMoRan,FCX,2014Q3,2014-10-31,분기말 상장주식수,1039118147,주,공시(표지 기준일),https://www.sec.gov/Archives/edgar/data/831259/000083125914000051/,dei:EntityCommonStockSharesOutstanding 클래스 합,6
Freeport-McMoRan,FCX,2014Q3,2014-09-30,분기말 시가총액,33927207500,USD,계산(종가×주식수),https://query1.finance.yahoo.com/v8/finance/chart/FCX?interval=1d&events=splits (2014-09-30) ; https://www.sec.gov/Archives/edgar/data/831259/000083125914000051/,종가 32.65 × 주식수 1039118147,6
Freeport-McMoRan,FCX,2014Q4,2014-12-31,분기별 매출액,5235000000,USD,계산(연간-3분기누적),https://www.sec.gov/Archives/edgar/data/831259/000083125915000016/ ; https://www.sec.gov/Archives/edgar/data/831259/000083125914000051/,연간 21438000000 − 9개월누적 16203000000 (SalesRevenueNet),6
Freeport-McMoRan,FCX,2014Q4,2014-12-31,분기별 영업이익,-3299000000,USD,계산(연간-3분기누적),https://www.sec.gov/Archives/edgar/data/831259/000083125915000016/ ; https://www.sec.gov/Archives/edgar/data/831259/000083125914000051/,연간 97000000 − 9개월누적 3396000000 (OperatingIncomeLoss),6
Freeport-McMoRan,FCX,2014Q4,2014-12-31,분기별 당기순이익(지배),-2842000000,USD,계산(연간(연결-비지배)-3분기누적),https://www.sec.gov/Archives/edgar/data/831259/000083125915000016/ ; https://www.sec.gov/Archives/edgar/data/831259/000083125914000051/,연간 연결 -745000000 − 비지배 523000000 − (9개월 연결 1990000000 − 비지배 416000000),6
Freeport-McMoRan,FCX,2014Q4,2014-12-31,분기별 영업활동현금흐름,1118000000,USD,계산(누적차감),https://www.sec.gov/Archives/edgar/data/831259/000083125915000016/ ; https://www.sec.gov/Archives/edgar/data/831259/000083125914000051/,누적 5631000000 − 직전누적 4513000000 (시작 2014-01-01),6
Freeport-McMoRan,FCX,2014Q4,2014-12-31,분기말 자산총계,58674000000,USD,공시(재작성 반영),https://www.sec.gov/Archives/edgar/data/831259/000083125917000012/,원 공시 58795000000 (https://www.sec.gov/Archives/edgar/data/831259/000083125915000016/),6
Freeport-McMoRan,FCX,2014Q4,2014-12-31,분기말 부채총계,35449000000,USD,공시(재작성 반영),https://www.sec.gov/Archives/edgar/data/831259/000083125916000062/,메자닌(일시자본) 751000000 별도 ; 원 공시 35570000000 (https://www.sec.gov/Archives/edgar/data/831259/000083125915000016/),6
Freeport-McMoRan,FCX,2014Q4,2014-12-31,분기말 총자본(자기자본),22474000000,USD,공시,https://www.sec.gov/Archives/edgar/data/831259/000083125915000016/,,6
Freeport-McMoRan,FCX,2014Q4,2014-12-31,분기말 지배지분 자본,18287000000,USD,공시,https://www.sec.gov/Archives/edgar/data/831259/000083125915000016/,,6
Freeport-McMoRan,FCX,2014Q4,2014-12-31,분기말 종가,23.36,USD,API,https://query1.finance.yahoo.com/v8/finance/chart/FCX?interval=1d&events=splits (2014-12-31),,6
Freeport-McMoRan,FCX,2014Q4,2015-02-20,분기말 상장주식수,1039863035,주,공시(표지 기준일),https://www.sec.gov/Archives/edgar/data/831259/000083125915000016/,dei:EntityCommonStockSharesOutstanding 클래스 합,6
Freeport-McMoRan,FCX,2014Q4,2014-12-31,분기말 시가총액,24291200498,USD,계산(종가×주식수),https://query1.finance.yahoo.com/v8/finance/chart/FCX?interval=1d&events=splits (2014-12-31) ; https://www.sec.gov/Archives/edgar/data/831259/000083125915000016/,종가 23.36 × 주식수 1039863035,6
Freeport-McMoRan,FCX,2015Q1,2015-03-31,분기별 매출액,4153000000,USD,공시,https://www.sec.gov/Archives/edgar/data/831259/000083125915000027/,,6
Freeport-McMoRan,FCX,2015Q1,2015-03-31,분기별 영업이익,-2963000000,USD,공시,https://www.sec.gov/Archives/edgar/data/831259/000083125915000027/,,6
Freeport-McMoRan,FCX,2015Q1,2015-03-31,분기별 당기순이익(지배),-2464000000,USD,계산(연결-비지배),https://www.sec.gov/Archives/edgar/data/831259/000083125915000027/,3개월 연결 -2406000000 − 비지배 58000000,6
Freeport-McMoRan,FCX,2015Q1,2015-03-31,분기별 영업활동현금흐름,717000000,USD,공시,https://www.sec.gov/Archives/edgar/data/831259/000083125915000027/,,6
Freeport-McMoRan,FCX,2015Q1,2015-03-31,분기말 자산총계,56065000000,USD,공시,https://www.sec.gov/Archives/edgar/data/831259/000083125915000027/,,6
Freeport-McMoRan,FCX,2015Q1,2015-03-31,분기말 부채총계,35279000000,USD,공시,https://www.sec.gov/Archives/edgar/data/831259/000083125915000027/,메자닌(일시자본) 755000000 별도,6
Freeport-McMoRan,FCX,2015Q1,2015-03-31,분기말 총자본(자기자본),20031000000,USD,공시,https://www.sec.gov/Archives/edgar/data/831259/000083125915000027/,,6
Freeport-McMoRan,FCX,2015Q1,2015-03-31,분기말 지배지분 자본,15793000000,USD,공시,https://www.sec.gov/Archives/edgar/data/831259/000083125915000027/,,6
Freeport-McMoRan,FCX,2015Q1,2015-03-31,분기말 종가,18.95,USD,API,https://query1.finance.yahoo.com/v8/finance/chart/FCX?interval=1d&events=splits (2015-03-31),,6
Freeport-McMoRan,FCX,2015Q1,2015-04-30,분기말 상장주식수,1040044809,주,공시(표지 기준일),https://www.sec.gov/Archives/edgar/data/831259/000083125915000027/,dei:EntityCommonStockSharesOutstanding 클래스 합,6
Freeport-McMoRan,FCX,2015Q1,2015-03-31,분기말 시가총액,19708849131,USD,계산(종가×주식수),https://query1.finance.yahoo.com/v8/finance/chart/FCX?interval=1d&events=splits (2015-03-31) ; https://www.sec.gov/Archives/edgar/data/831259/000083125915000027/,종가 18.95 × 주식수 1040044809,6
Freeport-McMoRan,FCX,2015Q2,2015-06-30,분기별 매출액,4248000000,USD,공시,https://www.sec.gov/Archives/edgar/data/831259/000083125915000043/,,6
Freeport-McMoRan,FCX,2015Q2,2015-06-30,분기별 영업이익,-2374000000,USD,공시,https://www.sec.gov/Archives/edgar/data/831259/000083125915000043/,,6
Freeport-McMoRan,FCX,2015Q2,2015-06-30,분기별 당기순이익(지배),-1841000000,USD,계산(연결-비지배),https://www.sec.gov/Archives/edgar/data/831259/000083125915000043/,3개월 연결 -1799000000 − 비지배 42000000,6
Freeport-McMoRan,FCX,2015Q2,2015-06-30,분기별 영업활동현금흐름,1069000000,USD,계산(누적차감),https://www.sec.gov/Archives/edgar/data/831259/000083125915000043/ ; https://www.sec.gov/Archives/edgar/data/831259/000083125915000027/,누적 1786000000 − 직전누적 717000000 (시작 2015-01-01),6
Freeport-McMoRan,FCX,2015Q2,2015-06-30,분기말 자산총계,54008000000,USD,공시,https://www.sec.gov/Archives/edgar/data/831259/000083125915000043/,,6
Freeport-McMoRan,FCX,2015Q2,2015-06-30,분기말 부채총계,35196000000,USD,공시,https://www.sec.gov/Archives/edgar/data/831259/000083125915000043/,메자닌(일시자본) 757000000 별도,6
Freeport-McMoRan,FCX,2015Q2,2015-06-30,분기말 총자본(자기자본),18055000000,USD,공시,https://www.sec.gov/Archives/edgar/data/831259/000083125915000043/,,6
Freeport-McMoRan,FCX,2015Q2,2015-06-30,분기말 지배지분 자본,13805000000,USD,공시,https://www.sec.gov/Archives/edgar/data/831259/000083125915000043/,,6
Freeport-McMoRan,FCX,2015Q2,2015-06-30,분기말 종가,18.62,USD,API,https://query1.finance.yahoo.com/v8/finance/chart/FCX?interval=1d&events=splits (2015-06-30),,6
Freeport-McMoRan,FCX,2015Q2,2015-07-31,분기말 상장주식수,1040228261,주,공시(표지 기준일),https://www.sec.gov/Archives/edgar/data/831259/000083125915000043/,dei:EntityCommonStockSharesOutstanding 클래스 합,6
Freeport-McMoRan,FCX,2015Q2,2015-06-30,분기말 시가총액,19369050220,USD,계산(종가×주식수),https://query1.finance.yahoo.com/v8/finance/chart/FCX?interval=1d&events=splits (2015-06-30) ; https://www.sec.gov/Archives/edgar/data/831259/000083125915000043/,종가 18.62 × 주식수 1040228261,6
Freeport-McMoRan,FCX,2015Q3,2015-09-30,분기별 매출액,3681000000,USD,공시,https://www.sec.gov/Archives/edgar/data/831259/000083125915000055/,,6
Freeport-McMoRan,FCX,2015Q3,2015-09-30,분기별 영업이익,-3945000000,USD,공시,https://www.sec.gov/Archives/edgar/data/831259/000083125915000055/,,6
Freeport-McMoRan,FCX,2015Q3,2015-09-30,분기별 당기순이익(지배),-3819000000,USD,계산(연결-비지배),https://www.sec.gov/Archives/edgar/data/831259/000083125915000055/,3개월 연결 -3790000000 − 비지배 29000000,6
Freeport-McMoRan,FCX,2015Q3,2015-09-30,분기별 영업활동현금흐름,822000000,USD,계산(누적차감),https://www.sec.gov/Archives/edgar/data/831259/000083125915000055/ ; https://www.sec.gov/Archives/edgar/data/831259/000083125915000043/,누적 2608000000 − 직전누적 1786000000 (시작 2015-01-01),6
Freeport-McMoRan,FCX,2015Q3,2015-09-30,분기말 자산총계,50383000000,USD,공시,https://www.sec.gov/Archives/edgar/data/831259/000083125915000055/,,6
Freeport-McMoRan,FCX,2015Q3,2015-09-30,분기말 부채총계,34417000000,USD,공시,https://www.sec.gov/Archives/edgar/data/831259/000083125915000055/,메자닌(일시자본) 761000000 별도,6
Freeport-McMoRan,FCX,2015Q3,2015-09-30,분기말 총자본(자기자본),15205000000,USD,공시,https://www.sec.gov/Archives/edgar/data/831259/000083125915000055/,,6
Freeport-McMoRan,FCX,2015Q3,2015-09-30,분기말 지배지분 자본,10946000000,USD,공시,https://www.sec.gov/Archives/edgar/data/831259/000083125915000055/,,6
Freeport-McMoRan,FCX,2015Q3,2015-09-30,분기말 종가,9.69,USD,API,https://query1.finance.yahoo.com/v8/finance/chart/FCX?interval=1d&events=splits (2015-09-30),,6
Freeport-McMoRan,FCX,2015Q3,2015-10-30,분기말 상장주식수,1155870213,주,공시(표지 기준일),https://www.sec.gov/Archives/edgar/data/831259/000083125915000055/,dei:EntityCommonStockSharesOutstanding 클래스 합,6
Freeport-McMoRan,FCX,2015Q3,2015-09-30,분기말 시가총액,11200382364,USD,계산(종가×주식수),https://query1.finance.yahoo.com/v8/finance/chart/FCX?interval=1d&events=splits (2015-09-30) ; https://www.sec.gov/Archives/edgar/data/831259/000083125915000055/,종가 9.69 × 주식수 1155870213,6
Freeport-McMoRan,FCX,2015Q4,2015-12-31,분기별 매출액,3795000000,USD,계산(연간-3분기누적),https://www.sec.gov/Archives/edgar/data/831259/000083125916000062/ ; https://www.sec.gov/Archives/edgar/data/831259/000083125915000055/,연간 15877000000 − 9개월누적 12082000000 (SalesRevenueNet),6
Freeport-McMoRan,FCX,2015Q4,2015-12-31,분기별 영업이익,-4100000000,USD,계산(연간-3분기누적),https://www.sec.gov/Archives/edgar/data/831259/000083125916000062/ ; https://www.sec.gov/Archives/edgar/data/831259/000083125915000055/,연간 -13382000000 − 9개월누적 -9282000000 (OperatingIncomeLoss),6
Freeport-McMoRan,FCX,2015Q4,2015-12-31,분기별 당기순이익(지배),-4071000000,USD,계산(연간(연결-비지배)-3분기누적),https://www.sec.gov/Archives/edgar/data/831259/000083125916000062/ ; https://www.sec.gov/Archives/edgar/data/831259/000083125915000055/,연간 연결 -12089000000 − 비지배 106000000 − (9개월 연결 -7995000000 − 비지배 129000000),6
Freeport-McMoRan,FCX,2015Q4,2015-12-31,분기별 영업활동현금흐름,612000000,USD,계산(누적차감),https://www.sec.gov/Archives/edgar/data/831259/000083125916000062/ ; https://www.sec.gov/Archives/edgar/data/831259/000083125915000055/,누적 3220000000 − 직전누적 2608000000 (시작 2015-01-01),6
Freeport-McMoRan,FCX,2015Q4,2015-12-31,분기말 자산총계,46577000000,USD,공시,https://www.sec.gov/Archives/edgar/data/831259/000083125916000062/,,6
Freeport-McMoRan,FCX,2015Q4,2015-12-31,분기말 부채총계,33769000000,USD,공시,https://www.sec.gov/Archives/edgar/data/831259/000083125916000062/,메자닌(일시자본) 764000000 별도,6
Freeport-McMoRan,FCX,2015Q4,2015-12-31,분기말 총자본(자기자본),12044000000,USD,공시,https://www.sec.gov/Archives/edgar/data/831259/000083125916000062/,,6
Freeport-McMoRan,FCX,2015Q4,2015-12-31,분기말 지배지분 자본,7828000000,USD,공시,https://www.sec.gov/Archives/edgar/data/831259/000083125916000062/,,6
Freeport-McMoRan,FCX,2015Q4,2015-12-31,분기말 종가,6.77,USD,API,https://query1.finance.yahoo.com/v8/finance/chart/FCX?interval=1d&events=splits (2015-12-31),,6
Freeport-McMoRan,FCX,2015Q4,2016-02-19,분기말 상장주식수,1251849800,주,공시(표지 기준일),https://www.sec.gov/Archives/edgar/data/831259/000083125916000062/,dei:EntityCommonStockSharesOutstanding 클래스 합,6
Freeport-McMoRan,FCX,2015Q4,2015-12-31,분기말 시가총액,8475023146,USD,계산(종가×주식수),https://query1.finance.yahoo.com/v8/finance/chart/FCX?interval=1d&events=splits (2015-12-31) ; https://www.sec.gov/Archives/edgar/data/831259/000083125916000062/,종가 6.77 × 주식수 1251849800,6
Freeport-McMoRan,FCX,2016Q1,2016-03-31,분기별 매출액,3527000000,USD,공시,https://www.sec.gov/Archives/edgar/data/831259/000083125916000071/,,6
Freeport-McMoRan,FCX,2016Q1,2016-03-31,분기별 영업이익,-3876000000,USD,공시,https://www.sec.gov/Archives/edgar/data/831259/000083125916000071/,,6
Freeport-McMoRan,FCX,2016Q1,2016-03-31,분기별 당기순이익(지배),-4173000000,USD,계산(연결-비지배),https://www.sec.gov/Archives/edgar/data/831259/000083125916000071/,3개월 연결 -4101000000 − 비지배 72000000,6
Freeport-McMoRan,FCX,2016Q1,2016-03-31,분기별 영업활동현금흐름,740000000,USD,공시,https://www.sec.gov/Archives/edgar/data/831259/000083125916000071/,,6
Freeport-McMoRan,FCX,2016Q1,2016-03-31,분기말 자산총계,42664000000,USD,공시,https://www.sec.gov/Archives/edgar/data/831259/000083125916000071/,,6
Freeport-McMoRan,FCX,2016Q1,2016-03-31,분기말 부채총계,33927000000,USD,공시,https://www.sec.gov/Archives/edgar/data/831259/000083125916000071/,메자닌(일시자본) 767000000 별도,6
Freeport-McMoRan,FCX,2016Q1,2016-03-31,분기말 총자본(자기자본),7970000000,USD,공시,https://www.sec.gov/Archives/edgar/data/831259/000083125916000071/,,6
Freeport-McMoRan,FCX,2016Q1,2016-03-31,분기말 지배지분 자본,3692000000,USD,공시,https://www.sec.gov/Archives/edgar/data/831259/000083125916000071/,,6
Freeport-McMoRan,FCX,2016Q1,2016-03-31,분기말 종가,10.34,USD,API,https://query1.finance.yahoo.com/v8/finance/chart/FCX?interval=1d&events=splits (2016-03-31),,6
Freeport-McMoRan,FCX,2016Q1,2016-04-29,분기말 상장주식수,1252141504,주,공시(표지 기준일),https://www.sec.gov/Archives/edgar/data/831259/000083125916000071/,dei:EntityCommonStockSharesOutstanding 클래스 합,6
Freeport-McMoRan,FCX,2016Q1,2016-03-31,분기말 시가총액,12947143151,USD,계산(종가×주식수),https://query1.finance.yahoo.com/v8/finance/chart/FCX?interval=1d&events=splits (2016-03-31) ; https://www.sec.gov/Archives/edgar/data/831259/000083125916000071/,종가 10.34 × 주식수 1252141504,6
Freeport-McMoRan,FCX,2016Q2,2016-06-30,분기별 매출액,3334000000,USD,공시,https://www.sec.gov/Archives/edgar/data/831259/000083125916000089/,,6
Freeport-McMoRan,FCX,2016Q2,2016-06-30,분기별 영업이익,18000000,USD,공시,https://www.sec.gov/Archives/edgar/data/831259/000083125916000089/,,6
Freeport-McMoRan,FCX,2016Q2,2016-06-30,분기별 당기순이익(지배),-479000000,USD,공시(보통주 귀속),https://www.sec.gov/Archives/edgar/data/831259/000083125916000089/,분기 비지배 태그 없음,6
Freeport-McMoRan,FCX,2016Q2,2016-06-30,분기별 영업활동현금흐름,874000000,USD,계산(누적차감),https://www.sec.gov/Archives/edgar/data/831259/000083125916000089/ ; https://www.sec.gov/Archives/edgar/data/831259/000083125916000071/,누적 1614000000 − 직전누적 740000000 (시작 2016-01-01),6
Freeport-McMoRan,FCX,2016Q2,2016-06-30,분기말 자산총계,41296000000,USD,공시,https://www.sec.gov/Archives/edgar/data/831259/000083125916000089/,,6
Freeport-McMoRan,FCX,2016Q2,2016-06-30,분기말 부채총계,32206000000,USD,공시,https://www.sec.gov/Archives/edgar/data/831259/000083125916000089/,메자닌(일시자본) 771000000 별도,6
Freeport-McMoRan,FCX,2016Q2,2016-06-30,분기말 총자본(자기자본),8319000000,USD,공시,https://www.sec.gov/Archives/edgar/data/831259/000083125916000089/,,6
Freeport-McMoRan,FCX,2016Q2,2016-06-30,분기말 지배지분 자본,4003000000,USD,공시,https://www.sec.gov/Archives/edgar/data/831259/000083125916000089/,,6
Freeport-McMoRan,FCX,2016Q2,2016-06-30,분기말 종가,11.14,USD,API,https://query1.finance.yahoo.com/v8/finance/chart/FCX?interval=1d&events=splits (2016-06-30),,6
Freeport-McMoRan,FCX,2016Q2,2016-07-29,분기말 상장주식수,1328258134,주,공시(표지 기준일),https://www.sec.gov/Archives/edgar/data/831259/000083125916000089/,dei:EntityCommonStockSharesOutstanding 클래스 합,6
Freeport-McMoRan,FCX,2016Q2,2016-06-30,분기말 시가총액,14796795613,USD,계산(종가×주식수),https://query1.finance.yahoo.com/v8/finance/chart/FCX?interval=1d&events=splits (2016-06-30) ; https://www.sec.gov/Archives/edgar/data/831259/000083125916000089/,종가 11.14 × 주식수 1328258134,6
Freeport-McMoRan,FCX,2016Q3,2016-09-30,분기별 매출액,3877000000,USD,공시,https://www.sec.gov/Archives/edgar/data/831259/000083125916000105/,,6
Freeport-McMoRan,FCX,2016Q3,2016-09-30,분기별 영업이익,359000000,USD,공시,https://www.sec.gov/Archives/edgar/data/831259/000083125916000105/,,6
Freeport-McMoRan,FCX,2016Q3,2016-09-30,분기별 당기순이익(지배),217000000,USD,공시(보통주 귀속),https://www.sec.gov/Archives/edgar/data/831259/000083125916000105/,분기 비지배 태그 없음,6
Freeport-McMoRan,FCX,2016Q3,2016-09-30,분기별 영업활동현금흐름,980000000,USD,계산(누적차감),https://www.sec.gov/Archives/edgar/data/831259/000083125916000105/ ; https://www.sec.gov/Archives/edgar/data/831259/000083125916000089/,누적 2594000000 − 직전누적 1614000000 (시작 2016-01-01),6
Freeport-McMoRan,FCX,2016Q3,2016-09-30,분기말 자산총계,41400000000,USD,공시,https://www.sec.gov/Archives/edgar/data/831259/000083125916000105/,,6
Freeport-McMoRan,FCX,2016Q3,2016-09-30,분기말 부채총계,31560000000,USD,공시,https://www.sec.gov/Archives/edgar/data/831259/000083125916000105/,메자닌(일시자본) 774000000 별도,6
Freeport-McMoRan,FCX,2016Q3,2016-09-30,분기말 총자본(자기자본),9066000000,USD,공시,https://www.sec.gov/Archives/edgar/data/831259/000083125916000105/,,6
Freeport-McMoRan,FCX,2016Q3,2016-09-30,분기말 지배지분 자본,4732000000,USD,공시,https://www.sec.gov/Archives/edgar/data/831259/000083125916000105/,,6
Freeport-McMoRan,FCX,2016Q3,2016-09-30,분기말 종가,10.86,USD,API,https://query1.finance.yahoo.com/v8/finance/chart/FCX?interval=1d&events=splits (2016-09-30),,6
Freeport-McMoRan,FCX,2016Q3,2016-10-31,분기말 상장주식수,1361688305,주,공시(표지 기준일),https://www.sec.gov/Archives/edgar/data/831259/000083125916000105/,dei:EntityCommonStockSharesOutstanding 클래스 합,6
Freeport-McMoRan,FCX,2016Q3,2016-09-30,분기말 시가총액,14787934992,USD,계산(종가×주식수),https://query1.finance.yahoo.com/v8/finance/chart/FCX?interval=1d&events=splits (2016-09-30) ; https://www.sec.gov/Archives/edgar/data/831259/000083125916000105/,종가 10.86 × 주식수 1361688305,6
Freeport-McMoRan,FCX,2016Q4,2016-12-31,분기별 매출액,4377000000,USD,계산(연간-3분기누적),https://www.sec.gov/Archives/edgar/data/831259/000083125917000012/ ; https://www.sec.gov/Archives/edgar/data/831259/000083125916000105/,연간 14830000000 − 9개월누적 10453000000 (Revenues / 9개월 SalesRevenueNet),6
Freeport-McMoRan,FCX,2016Q4,2016-12-31,분기별 영업이익,703000000,USD,계산(연간-3분기누적),https://www.sec.gov/Archives/edgar/data/831259/000083125917000012/ ; https://www.sec.gov/Archives/edgar/data/831259/000083125916000105/,연간 -2792000000 − 9개월누적 -3495000000 (OperatingIncomeLoss),6
Freeport-McMoRan,FCX,2016Q4,2016-12-31,분기별 당기순이익(지배),680000000,USD,계산(연간(연결-비지배)-3분기누적),https://www.sec.gov/Archives/edgar/data/831259/000083125917000012/ ; https://www.sec.gov/Archives/edgar/data/831259/000083125916000105/,연간 연결 -4025000000 − 비지배 -290000000 − (9개월 연결 -4225000000 − 비지배 190000000),6
Freeport-McMoRan,FCX,2016Q4,2016-12-31,분기별 영업활동현금흐름,1135000000,USD,계산(누적차감),https://www.sec.gov/Archives/edgar/data/831259/000083125917000012/ ; https://www.sec.gov/Archives/edgar/data/831259/000083125916000105/,누적 3729000000 − 직전누적 2594000000 (시작 2016-01-01),6
Freeport-McMoRan,FCX,2016Q4,2016-12-31,분기말 자산총계,37317000000,USD,공시,https://www.sec.gov/Archives/edgar/data/831259/000083125917000012/,,6
Freeport-McMoRan,FCX,2016Q4,2016-12-31,분기말 부채총계,28060000000,USD,공시,https://www.sec.gov/Archives/edgar/data/831259/000083125917000012/,,6
Freeport-McMoRan,FCX,2016Q4,2016-12-31,분기말 총자본(자기자본),9257000000,USD,공시,https://www.sec.gov/Archives/edgar/data/831259/000083125917000012/,,6
Freeport-McMoRan,FCX,2016Q4,2016-12-31,분기말 지배지분 자본,6051000000,USD,공시,https://www.sec.gov/Archives/edgar/data/831259/000083125917000012/,,6
Freeport-McMoRan,FCX,2016Q4,2016-12-30,분기말 종가,13.19,USD,API,https://query1.finance.yahoo.com/v8/finance/chart/FCX?interval=1d&events=splits (2016-12-30),,6
Freeport-McMoRan,FCX,2016Q4,2017-02-15,분기말 상장주식수,1445380168,주,공시(표지 기준일),https://www.sec.gov/Archives/edgar/data/831259/000083125917000012/,dei:EntityCommonStockSharesOutstanding 클래스 합,6
Freeport-McMoRan,FCX,2016Q4,2016-12-30,분기말 시가총액,19064564416,USD,계산(종가×주식수),https://query1.finance.yahoo.com/v8/finance/chart/FCX?interval=1d&events=splits (2016-12-30) ; https://www.sec.gov/Archives/edgar/data/831259/000083125917000012/,종가 13.19 × 주식수 1445380168,6
Freeport-McMoRan,FCX,2017Q1,2017-03-31,분기별 매출액,3341000000,USD,공시,https://www.sec.gov/Archives/edgar/data/831259/000083125917000018/,,6
Freeport-McMoRan,FCX,2017Q1,2017-03-31,분기별 영업이익,580000000,USD,공시,https://www.sec.gov/Archives/edgar/data/831259/000083125917000018/,,6
Freeport-McMoRan,FCX,2017Q1,2017-03-31,분기별 당기순이익(지배),228000000,USD,계산(연결-비지배),https://www.sec.gov/Archives/edgar/data/831259/000083125917000018/,3개월 연결 306000000 − 비지배 78000000,6
Freeport-McMoRan,FCX,2017Q1,2017-03-31,분기별 영업활동현금흐름,792000000,USD,공시,https://www.sec.gov/Archives/edgar/data/831259/000083125917000018/,,6
Freeport-McMoRan,FCX,2017Q1,2017-03-31,분기말 자산총계,36576000000,USD,공시,https://www.sec.gov/Archives/edgar/data/831259/000083125917000018/,,6
Freeport-McMoRan,FCX,2017Q1,2017-03-31,분기말 부채총계,26989000000,USD,공시,https://www.sec.gov/Archives/edgar/data/831259/000083125917000018/,,6
Freeport-McMoRan,FCX,2017Q1,2017-03-31,분기말 총자본(자기자본),9587000000,USD,공시,https://www.sec.gov/Archives/edgar/data/831259/000083125917000018/,,6
Freeport-McMoRan,FCX,2017Q1,2017-03-31,분기말 지배지분 자본,6318000000,USD,공시,https://www.sec.gov/Archives/edgar/data/831259/000083125917000018/,,6
Freeport-McMoRan,FCX,2017Q1,2017-03-31,분기말 종가,13.36,USD,API,https://query1.finance.yahoo.com/v8/finance/chart/FCX?interval=1d&events=splits (2017-03-31),,6
Freeport-McMoRan,FCX,2017Q1,2017-04-28,분기말 상장주식수,1446812870,주,공시(표지 기준일),https://www.sec.gov/Archives/edgar/data/831259/000083125917000018/,dei:EntityCommonStockSharesOutstanding 클래스 합,6
Freeport-McMoRan,FCX,2017Q1,2017-03-31,분기말 시가총액,19329419943,USD,계산(종가×주식수),https://query1.finance.yahoo.com/v8/finance/chart/FCX?interval=1d&events=splits (2017-03-31) ; https://www.sec.gov/Archives/edgar/data/831259/000083125917000018/,종가 13.36 × 주식수 1446812870,6
Freeport-McMoRan,FCX,2017Q2,2017-06-30,분기별 매출액,3711000000,USD,공시,https://www.sec.gov/Archives/edgar/data/831259/000083125917000026/,,6
Freeport-McMoRan,FCX,2017Q2,2017-06-30,분기별 영업이익,669000000,USD,공시,https://www.sec.gov/Archives/edgar/data/831259/000083125917000026/,,6
Freeport-McMoRan,FCX,2017Q2,2017-06-30,분기별 당기순이익(지배),268000000,USD,공시(보통주 귀속),https://www.sec.gov/Archives/edgar/data/831259/000083125917000026/,분기 비지배 태그 없음,6
Freeport-McMoRan,FCX,2017Q2,2017-06-30,분기별 영업활동현금흐름,1037000000,USD,계산(누적차감),https://www.sec.gov/Archives/edgar/data/831259/000083125917000026/ ; https://www.sec.gov/Archives/edgar/data/831259/000083125917000018/,누적 1829000000 − 직전누적 792000000 (시작 2017-01-01),6
Freeport-McMoRan,FCX,2017Q2,2017-06-30,분기말 자산총계,37043000000,USD,공시,https://www.sec.gov/Archives/edgar/data/831259/000083125917000026/,,6
Freeport-McMoRan,FCX,2017Q2,2017-06-30,분기말 부채총계,27050000000,USD,공시,https://www.sec.gov/Archives/edgar/data/831259/000083125917000026/,,6
Freeport-McMoRan,FCX,2017Q2,2017-06-30,분기말 총자본(자기자본),9993000000,USD,공시,https://www.sec.gov/Archives/edgar/data/831259/000083125917000026/,,6
Freeport-McMoRan,FCX,2017Q2,2017-06-30,분기말 지배지분 자본,6673000000,USD,공시,https://www.sec.gov/Archives/edgar/data/831259/000083125917000026/,,6
Freeport-McMoRan,FCX,2017Q2,2017-06-30,분기말 종가,12.01,USD,API,https://query1.finance.yahoo.com/v8/finance/chart/FCX?interval=1d&events=splits (2017-06-30),,6
Freeport-McMoRan,FCX,2017Q2,2017-07-31,분기말 상장주식수,1447307382,주,공시(표지 기준일),https://www.sec.gov/Archives/edgar/data/831259/000083125917000026/,dei:EntityCommonStockSharesOutstanding 클래스 합,6
Freeport-McMoRan,FCX,2017Q2,2017-06-30,분기말 시가총액,17382161658,USD,계산(종가×주식수),https://query1.finance.yahoo.com/v8/finance/chart/FCX?interval=1d&events=splits (2017-06-30) ; https://www.sec.gov/Archives/edgar/data/831259/000083125917000026/,종가 12.01 × 주식수 1447307382,6
Freeport-McMoRan,FCX,2017Q3,2017-09-30,분기별 매출액,4310000000,USD,공시,https://www.sec.gov/Archives/edgar/data/831259/000083125917000032/,,6
Freeport-McMoRan,FCX,2017Q3,2017-09-30,분기별 영업이익,917000000,USD,공시,https://www.sec.gov/Archives/edgar/data/831259/000083125917000032/,,6
Freeport-McMoRan,FCX,2017Q3,2017-09-30,분기별 당기순이익(지배),280000000,USD,공시(보통주 귀속),https://www.sec.gov/Archives/edgar/data/831259/000083125917000032/,분기 비지배 태그 없음,6
Freeport-McMoRan,FCX,2017Q3,2017-09-30,분기별 영업활동현금흐름,1189000000,USD,계산(누적차감),https://www.sec.gov/Archives/edgar/data/831259/000083125917000032/ ; https://www.sec.gov/Archives/edgar/data/831259/000083125917000026/,누적 3018000000 − 직전누적 1829000000 (시작 2017-01-01),6
Freeport-McMoRan,FCX,2017Q3,2017-09-30,분기말 자산총계,37327000000,USD,공시,https://www.sec.gov/Archives/edgar/data/831259/000083125917000032/,,6
Freeport-McMoRan,FCX,2017Q3,2017-09-30,분기말 부채총계,27097000000,USD,공시,https://www.sec.gov/Archives/edgar/data/831259/000083125917000032/,,6
Freeport-McMoRan,FCX,2017Q3,2017-09-30,분기말 총자본(자기자본),10230000000,USD,공시,https://www.sec.gov/Archives/edgar/data/831259/000083125917000032/,,6
Freeport-McMoRan,FCX,2017Q3,2017-09-30,분기말 지배지분 자본,6973000000,USD,공시,https://www.sec.gov/Archives/edgar/data/831259/000083125917000032/,,6
Freeport-McMoRan,FCX,2017Q3,2017-09-29,분기말 종가,14.04,USD,API,https://query1.finance.yahoo.com/v8/finance/chart/FCX?interval=1d&events=splits (2017-09-29),,6
Freeport-McMoRan,FCX,2017Q3,2017-10-31,분기말 상장주식수,1447590668,주,공시(표지 기준일),https://www.sec.gov/Archives/edgar/data/831259/000083125917000032/,dei:EntityCommonStockSharesOutstanding 클래스 합,6
Freeport-McMoRan,FCX,2017Q3,2017-09-29,분기말 시가총액,20324172979,USD,계산(종가×주식수),https://query1.finance.yahoo.com/v8/finance/chart/FCX?interval=1d&events=splits (2017-09-29) ; https://www.sec.gov/Archives/edgar/data/831259/000083125917000032/,종가 14.04 × 주식수 1447590668,6
Freeport-McMoRan,FCX,2017Q4,2017-12-31,분기별 매출액,5041000000,USD,계산(연간-3분기누적),https://www.sec.gov/Archives/edgar/data/831259/000083125918000008/ ; https://www.sec.gov/Archives/edgar/data/831259/000083125917000032/,연간 16403000000 − 9개월누적 11362000000 (Revenues),6
Freeport-McMoRan,FCX,2017Q4,2017-12-31,분기별 영업이익,1467000000,USD,계산(연간-3분기누적),https://www.sec.gov/Archives/edgar/data/831259/000083125918000008/ ; https://www.sec.gov/Archives/edgar/data/831259/000083125917000032/,연간 3633000000 − 9개월누적 2166000000 (OperatingIncomeLoss),6
Freeport-McMoRan,FCX,2017Q4,2017-12-31,분기별 당기순이익(지배),1597000000,USD,계산(연간(연결-비지배)-3분기누적),https://www.sec.gov/Archives/edgar/data/831259/000083125918000008/ ; https://www.sec.gov/Archives/edgar/data/831259/000083125917000032/,연간 연결 2095000000 − 비지배 -278000000 − (9개월 연결 886000000 − 비지배 110000000),6
Freeport-McMoRan,FCX,2017Q4,2017-12-31,분기별 영업활동현금흐름,1664000000,USD,계산(누적차감),https://www.sec.gov/Archives/edgar/data/831259/000083125918000008/ ; https://www.sec.gov/Archives/edgar/data/831259/000083125917000032/,누적 4682000000 − 직전누적 3018000000 (시작 2017-01-01),6
Freeport-McMoRan,FCX,2017Q4,2017-12-31,분기말 자산총계,37302000000,USD,공시,https://www.sec.gov/Archives/edgar/data/831259/000083125918000008/,,6
Freeport-McMoRan,FCX,2017Q4,2017-12-31,분기말 부채총계,26006000000,USD,공시,https://www.sec.gov/Archives/edgar/data/831259/000083125918000008/,,6
Freeport-McMoRan,FCX,2017Q4,2017-12-31,분기말 총자본(자기자본),11296000000,USD,공시,https://www.sec.gov/Archives/edgar/data/831259/000083125918000008/,,6
Freeport-McMoRan,FCX,2017Q4,2017-12-31,분기말 지배지분 자본,7977000000,USD,공시,https://www.sec.gov/Archives/edgar/data/831259/000083125918000008/,,6
Freeport-McMoRan,FCX,2017Q4,2017-12-29,분기말 종가,18.96,USD,API,https://query1.finance.yahoo.com/v8/finance/chart/FCX?interval=1d&events=splits (2017-12-29),,6
Freeport-McMoRan,FCX,2017Q4,2018-01-31,분기말 상장주식수,1447844743,주,공시(표지 기준일),https://www.sec.gov/Archives/edgar/data/831259/000083125918000008/,dei:EntityCommonStockSharesOutstanding 클래스 합,6
Freeport-McMoRan,FCX,2017Q4,2017-12-29,분기말 시가총액,27451136327,USD,계산(종가×주식수),https://query1.finance.yahoo.com/v8/finance/chart/FCX?interval=1d&events=splits (2017-12-29) ; https://www.sec.gov/Archives/edgar/data/831259/000083125918000008/,종가 18.96 × 주식수 1447844743,6
Freeport-McMoRan,FCX,2018Q1,2018-03-31,분기별 매출액,4868000000,USD,공시,https://www.sec.gov/Archives/edgar/data/831259/000083125918000016/,,6
Freeport-McMoRan,FCX,2018Q1,2018-03-31,분기별 영업이익,1459000000,USD,공시,https://www.sec.gov/Archives/edgar/data/831259/000083125918000016/,,6
Freeport-McMoRan,FCX,2018Q1,2018-03-31,분기별 당기순이익(지배),942000000,USD,계산(연결-비지배),https://www.sec.gov/Archives/edgar/data/831259/000083125918000016/,3개월 연결 817000000 − 비지배 -125000000,6
Freeport-McMoRan,FCX,2018Q1,2018-03-31,분기별 영업활동현금흐름,1369000000,USD,공시,https://www.sec.gov/Archives/edgar/data/831259/000083125918000016/,,6
Freeport-McMoRan,FCX,2018Q1,2018-03-31,분기말 자산총계,36637000000,USD,공시,https://www.sec.gov/Archives/edgar/data/831259/000083125918000016/,,6
Freeport-McMoRan,FCX,2018Q1,2018-03-31,분기말 부채총계,24711000000,USD,공시,https://www.sec.gov/Archives/edgar/data/831259/000083125918000016/,,6
Freeport-McMoRan,FCX,2018Q1,2018-03-31,분기말 총자본(자기자본),11926000000,USD,공시,https://www.sec.gov/Archives/edgar/data/831259/000083125918000016/,,6
Freeport-McMoRan,FCX,2018Q1,2018-03-31,분기말 지배지분 자본,8656000000,USD,공시,https://www.sec.gov/Archives/edgar/data/831259/000083125918000016/,,6
Freeport-McMoRan,FCX,2018Q1,2018-03-29,분기말 종가,17.57,USD,API,https://query1.finance.yahoo.com/v8/finance/chart/FCX?interval=1d&events=splits (2018-03-29),,6
Freeport-McMoRan,FCX,2018Q1,2018-04-30,분기말 상장주식수,1448794207,주,공시(표지 기준일),https://www.sec.gov/Archives/edgar/data/831259/000083125918000016/,dei:EntityCommonStockSharesOutstanding 클래스 합,6
Freeport-McMoRan,FCX,2018Q1,2018-03-29,분기말 시가총액,25455314217,USD,계산(종가×주식수),https://query1.finance.yahoo.com/v8/finance/chart/FCX?interval=1d&events=splits (2018-03-29) ; https://www.sec.gov/Archives/edgar/data/831259/000083125918000016/,종가 17.57 × 주식수 1448794207,6
Freeport-McMoRan,FCX,2018Q2,2018-06-30,분기별 매출액,5168000000,USD,공시,https://www.sec.gov/Archives/edgar/data/831259/000083125918000030/,,6
Freeport-McMoRan,FCX,2018Q2,2018-06-30,분기별 영업이익,1664000000,USD,공시,https://www.sec.gov/Archives/edgar/data/831259/000083125918000030/,,6
Freeport-McMoRan,FCX,2018Q2,2018-06-30,분기별 당기순이익(지배),869000000,USD,공시(보통주 귀속),https://www.sec.gov/Archives/edgar/data/831259/000083125918000030/,분기 비지배 태그 없음,6
Freeport-McMoRan,FCX,2018Q2,2018-06-30,분기별 영업활동현금흐름,1309000000,USD,계산(누적차감),https://www.sec.gov/Archives/edgar/data/831259/000083125918000030/ ; https://www.sec.gov/Archives/edgar/data/831259/000083125918000016/,누적 2678000000 − 직전누적 1369000000 (시작 2018-01-01),6
Freeport-McMoRan,FCX,2018Q2,2018-06-30,분기말 자산총계,37028000000,USD,공시,https://www.sec.gov/Archives/edgar/data/831259/000083125918000030/,,6
Freeport-McMoRan,FCX,2018Q2,2018-06-30,분기말 부채총계,24186000000,USD,공시,https://www.sec.gov/Archives/edgar/data/831259/000083125918000030/,,6
Freeport-McMoRan,FCX,2018Q2,2018-06-30,분기말 총자본(자기자본),12842000000,USD,공시,https://www.sec.gov/Archives/edgar/data/831259/000083125918000030/,,6
Freeport-McMoRan,FCX,2018Q2,2018-06-30,분기말 지배지분 자본,9474000000,USD,공시,https://www.sec.gov/Archives/edgar/data/831259/000083125918000030/,,6
Freeport-McMoRan,FCX,2018Q2,2018-06-29,분기말 종가,17.26,USD,API,https://query1.finance.yahoo.com/v8/finance/chart/FCX?interval=1d&events=splits (2018-06-29),,6
Freeport-McMoRan,FCX,2018Q2,2018-07-31,분기말 상장주식수,1449002815,주,공시(표지 기준일),https://www.sec.gov/Archives/edgar/data/831259/000083125918000030/,dei:EntityCommonStockSharesOutstanding 클래스 합,6
Freeport-McMoRan,FCX,2018Q2,2018-06-29,분기말 시가총액,25009788587,USD,계산(종가×주식수),https://query1.finance.yahoo.com/v8/finance/chart/FCX?interval=1d&events=splits (2018-06-29) ; https://www.sec.gov/Archives/edgar/data/831259/000083125918000030/,종가 17.26 × 주식수 1449002815,6
Freeport-McMoRan,FCX,2018Q3,2018-09-30,분기별 매출액,4908000000,USD,공시,https://www.sec.gov/Archives/edgar/data/831259/000083125918000036/,,6
Freeport-McMoRan,FCX,2018Q3,2018-09-30,분기별 영업이익,1315000000,USD,공시,https://www.sec.gov/Archives/edgar/data/831259/000083125918000036/,,6
Freeport-McMoRan,FCX,2018Q3,2018-09-30,분기별 당기순이익(지배),556000000,USD,계산(연결-비지배),https://www.sec.gov/Archives/edgar/data/831259/000083125918000036/,3개월 연결 664000000 − 비지배 108000000,6
Freeport-McMoRan,FCX,2018Q3,2018-09-30,분기별 영업활동현금흐름,1247000000,USD,계산(누적차감),https://www.sec.gov/Archives/edgar/data/831259/000083125918000036/ ; https://www.sec.gov/Archives/edgar/data/831259/000083125918000030/,누적 3925000000 − 직전누적 2678000000 (시작 2018-01-01),6
Freeport-McMoRan,FCX,2018Q3,2018-09-30,분기말 자산총계,37749000000,USD,공시,https://www.sec.gov/Archives/edgar/data/831259/000083125918000036/,,6
Freeport-McMoRan,FCX,2018Q3,2018-09-30,분기말 부채총계,24295000000,USD,공시,https://www.sec.gov/Archives/edgar/data/831259/000083125918000036/,,6
Freeport-McMoRan,FCX,2018Q3,2018-09-30,분기말 총자본(자기자본),13454000000,USD,공시,https://www.sec.gov/Archives/edgar/data/831259/000083125918000036/,,6
Freeport-McMoRan,FCX,2018Q3,2018-09-30,분기말 지배지분 자본,9977000000,USD,공시,https://www.sec.gov/Archives/edgar/data/831259/000083125918000036/,,6
Freeport-McMoRan,FCX,2018Q3,2018-09-28,분기말 종가,13.92,USD,API,https://query1.finance.yahoo.com/v8/finance/chart/FCX?interval=1d&events=splits (2018-09-28),,6
Freeport-McMoRan,FCX,2018Q3,2018-10-31,분기말 상장주식수,1449033664,주,공시(표지 기준일),https://www.sec.gov/Archives/edgar/data/831259/000083125918000036/,dei:EntityCommonStockSharesOutstanding 클래스 합,6
Freeport-McMoRan,FCX,2018Q3,2018-09-28,분기말 시가총액,20170548603,USD,계산(종가×주식수),https://query1.finance.yahoo.com/v8/finance/chart/FCX?interval=1d&events=splits (2018-09-28) ; https://www.sec.gov/Archives/edgar/data/831259/000083125918000036/,종가 13.92 × 주식수 1449033664,6
Freeport-McMoRan,FCX,2018Q4,2018-12-31,분기별 매출액,3684000000,USD,계산(연간-3분기누적),https://www.sec.gov/Archives/edgar/data/831259/000083125919000009/ ; https://www.sec.gov/Archives/edgar/data/831259/000083125918000036/,연간 18628000000 − 9개월누적 14944000000 (Revenues),6
Freeport-McMoRan,FCX,2018Q4,2018-12-31,분기별 영업이익,316000000,USD,계산(연간-3분기누적),https://www.sec.gov/Archives/edgar/data/831259/000083125919000009/ ; https://www.sec.gov/Archives/edgar/data/831259/000083125918000036/,연간 4754000000 − 9개월누적 4438000000 (OperatingIncomeLoss),6
Freeport-McMoRan,FCX,2018Q4,2018-12-31,분기별 당기순이익(지배),485000000,USD,계산(연간(연결-비지배)-3분기누적),https://www.sec.gov/Archives/edgar/data/831259/000083125919000009/ ; https://www.sec.gov/Archives/edgar/data/831259/000083125918000036/,연간 연결 2894000000 − 비지배 292000000 − (9개월 연결 2516000000 − 비지배 399000000),6
Freeport-McMoRan,FCX,2018Q4,2018-12-31,분기별 영업활동현금흐름,-62000000,USD,계산(누적차감),https://www.sec.gov/Archives/edgar/data/831259/000083125919000009/ ; https://www.sec.gov/Archives/edgar/data/831259/000083125918000036/,누적 3863000000 − 직전누적 3925000000 (시작 2018-01-01),6
Freeport-McMoRan,FCX,2018Q4,2018-12-31,분기말 자산총계,42216000000,USD,공시,https://www.sec.gov/Archives/edgar/data/831259/000083125919000009/,,6
Freeport-McMoRan,FCX,2018Q4,2018-12-31,분기말 부채총계,24324000000,USD,공시,https://www.sec.gov/Archives/edgar/data/831259/000083125919000009/,,6
Freeport-McMoRan,FCX,2018Q4,2018-12-31,분기말 총자본(자기자본),17892000000,USD,공시,https://www.sec.gov/Archives/edgar/data/831259/000083125919000009/,,6
Freeport-McMoRan,FCX,2018Q4,2018-12-31,분기말 지배지분 자본,9798000000,USD,공시,https://www.sec.gov/Archives/edgar/data/831259/000083125919000009/,,6
Freeport-McMoRan,FCX,2018Q4,2018-12-31,분기말 종가,10.31,USD,API,https://query1.finance.yahoo.com/v8/finance/chart/FCX?interval=1d&events=splits (2018-12-31),,6
Freeport-McMoRan,FCX,2018Q4,2019-01-31,분기말 상장주식수,1449058885,주,공시(표지 기준일),https://www.sec.gov/Archives/edgar/data/831259/000083125919000009/,dei:EntityCommonStockSharesOutstanding 클래스 합,6
Freeport-McMoRan,FCX,2018Q4,2018-12-31,분기말 시가총액,14939797104,USD,계산(종가×주식수),https://query1.finance.yahoo.com/v8/finance/chart/FCX?interval=1d&events=splits (2018-12-31) ; https://www.sec.gov/Archives/edgar/data/831259/000083125919000009/,종가 10.31 × 주식수 1449058885,6
Freeport-McMoRan,FCX,2019Q1,2019-03-31,분기별 매출액,3792000000,USD,공시,https://www.sec.gov/Archives/edgar/data/831259/000083125919000020/,,6
Freeport-McMoRan,FCX,2019Q1,2019-03-31,분기별 영업이익,321000000,USD,공시,https://www.sec.gov/Archives/edgar/data/831259/000083125919000020/,,6
Freeport-McMoRan,FCX,2019Q1,2019-03-31,분기별 당기순이익(지배),31000000,USD,계산(연결-비지배),https://www.sec.gov/Archives/edgar/data/831259/000083125919000020/,3개월 연결 76000000 − 비지배 45000000,6
Freeport-McMoRan,FCX,2019Q1,2019-03-31,분기별 영업활동현금흐름,534000000,USD,공시,https://www.sec.gov/Archives/edgar/data/831259/000083125919000020/,,6
Freeport-McMoRan,FCX,2019Q1,2019-03-31,분기말 자산총계,41059000000,USD,공시,https://www.sec.gov/Archives/edgar/data/831259/000083125919000020/,,6
Freeport-McMoRan,FCX,2019Q1,2019-03-31,분기말 부채총계,23218000000,USD,공시,https://www.sec.gov/Archives/edgar/data/831259/000083125919000020/,,6
Freeport-McMoRan,FCX,2019Q1,2019-03-31,분기말 총자본(자기자본),17841000000,USD,공시,https://www.sec.gov/Archives/edgar/data/831259/000083125919000020/,,6
Freeport-McMoRan,FCX,2019Q1,2019-03-31,분기말 지배지분 자본,9783000000,USD,공시,https://www.sec.gov/Archives/edgar/data/831259/000083125919000020/,,6
Freeport-McMoRan,FCX,2019Q1,2019-03-29,분기말 종가,12.89,USD,API,https://query1.finance.yahoo.com/v8/finance/chart/FCX?interval=1d&events=splits (2019-03-29),,6
Freeport-McMoRan,FCX,2019Q1,2019-04-30,분기말 상장주식수,1450634551,주,공시(표지 기준일),https://www.sec.gov/Archives/edgar/data/831259/000083125919000020/,dei:EntityCommonStockSharesOutstanding 클래스 합,6
Freeport-McMoRan,FCX,2019Q1,2019-03-29,분기말 시가총액,18698679362,USD,계산(종가×주식수),https://query1.finance.yahoo.com/v8/finance/chart/FCX?interval=1d&events=splits (2019-03-29) ; https://www.sec.gov/Archives/edgar/data/831259/000083125919000020/,종가 12.89 × 주식수 1450634551,6
Freeport-McMoRan,FCX,2019Q2,2019-06-30,분기별 매출액,3546000000,USD,공시,https://www.sec.gov/Archives/edgar/data/831259/000083125919000033/,,6
Freeport-McMoRan,FCX,2019Q2,2019-06-30,분기별 영업이익,33000000,USD,공시,https://www.sec.gov/Archives/edgar/data/831259/000083125919000033/,,6
Freeport-McMoRan,FCX,2019Q2,2019-06-30,분기별 당기순이익(지배),-72000000,USD,계산(연결-비지배),https://www.sec.gov/Archives/edgar/data/831259/000083125919000033/,3개월 연결 -74000000 − 비지배 -2000000,6
Freeport-McMoRan,FCX,2019Q2,2019-06-30,분기별 영업활동현금흐름,554000000,USD,계산(누적차감),https://www.sec.gov/Archives/edgar/data/831259/000083125919000033/ ; https://www.sec.gov/Archives/edgar/data/831259/000083125919000020/,누적 1088000000 − 직전누적 534000000 (시작 2019-01-01),6
Freeport-McMoRan,FCX,2019Q2,2019-06-30,분기말 자산총계,41086000000,USD,공시,https://www.sec.gov/Archives/edgar/data/831259/000083125919000033/,,6
Freeport-McMoRan,FCX,2019Q2,2019-06-30,분기말 부채총계,23269000000,USD,공시,https://www.sec.gov/Archives/edgar/data/831259/000083125919000033/,,6
Freeport-McMoRan,FCX,2019Q2,2019-06-30,분기말 총자본(자기자본),17817000000,USD,공시,https://www.sec.gov/Archives/edgar/data/831259/000083125919000033/,,6
Freeport-McMoRan,FCX,2019Q2,2019-06-30,분기말 지배지분 자본,9709000000,USD,공시,https://www.sec.gov/Archives/edgar/data/831259/000083125919000033/,,6
Freeport-McMoRan,FCX,2019Q2,2019-06-28,분기말 종가,11.61,USD,API,https://query1.finance.yahoo.com/v8/finance/chart/FCX?interval=1d&events=splits (2019-06-28),,6
Freeport-McMoRan,FCX,2019Q2,2019-07-31,분기말 상장주식수,1450890574,주,공시(표지 기준일),https://www.sec.gov/Archives/edgar/data/831259/000083125919000033/,dei:EntityCommonStockSharesOutstanding 클래스 합,6
Freeport-McMoRan,FCX,2019Q2,2019-06-28,분기말 시가총액,16844839564,USD,계산(종가×주식수),https://query1.finance.yahoo.com/v8/finance/chart/FCX?interval=1d&events=splits (2019-06-28) ; https://www.sec.gov/Archives/edgar/data/831259/000083125919000033/,종가 11.61 × 주식수 1450890574,6
Freeport-McMoRan,FCX,2019Q3,2019-09-30,분기별 매출액,3153000000,USD,공시,https://www.sec.gov/Archives/edgar/data/831259/000083125919000039/,,6
Freeport-McMoRan,FCX,2019Q3,2019-09-30,분기별 영업이익,-38000000,USD,공시,https://www.sec.gov/Archives/edgar/data/831259/000083125919000039/,,6
Freeport-McMoRan,FCX,2019Q3,2019-09-30,분기별 당기순이익(지배),-207000000,USD,계산(연결-비지배),https://www.sec.gov/Archives/edgar/data/831259/000083125919000039/,3개월 연결 -234000000 − 비지배 -27000000,6
Freeport-McMoRan,FCX,2019Q3,2019-09-30,분기별 영업활동현금흐름,224000000,USD,계산(누적차감),https://www.sec.gov/Archives/edgar/data/831259/000083125919000039/ ; https://www.sec.gov/Archives/edgar/data/831259/000083125919000033/,누적 1312000000 − 직전누적 1088000000 (시작 2019-01-01),6
Freeport-McMoRan,FCX,2019Q3,2019-09-30,분기말 자산총계,40943000000,USD,공시,https://www.sec.gov/Archives/edgar/data/831259/000083125919000039/,,6
Freeport-McMoRan,FCX,2019Q3,2019-09-30,분기말 부채총계,23401000000,USD,공시,https://www.sec.gov/Archives/edgar/data/831259/000083125919000039/,,6
Freeport-McMoRan,FCX,2019Q3,2019-09-30,분기말 총자본(자기자본),17542000000,USD,공시,https://www.sec.gov/Archives/edgar/data/831259/000083125919000039/,,6
Freeport-McMoRan,FCX,2019Q3,2019-09-30,분기말 지배지분 자본,9444000000,USD,공시,https://www.sec.gov/Archives/edgar/data/831259/000083125919000039/,,6
Freeport-McMoRan,FCX,2019Q3,2019-09-30,분기말 종가,9.57,USD,API,https://query1.finance.yahoo.com/v8/finance/chart/FCX?interval=1d&events=splits (2019-09-30),,6
Freeport-McMoRan,FCX,2019Q3,2019-10-31,분기말 상장주식수,1450913690,주,공시(표지 기준일),https://www.sec.gov/Archives/edgar/data/831259/000083125919000039/,dei:EntityCommonStockSharesOutstanding 클래스 합,6
Freeport-McMoRan,FCX,2019Q3,2019-09-30,분기말 시가총액,13885244013,USD,계산(종가×주식수),https://query1.finance.yahoo.com/v8/finance/chart/FCX?interval=1d&events=splits (2019-09-30) ; https://www.sec.gov/Archives/edgar/data/831259/000083125919000039/,종가 9.57 × 주식수 1450913690,6
Freeport-McMoRan,FCX,2019Q4,2019-12-31,분기별 매출액,3911000000,USD,계산(연간-3분기누적),https://www.sec.gov/Archives/edgar/data/831259/000083125920000004/ ; https://www.sec.gov/Archives/edgar/data/831259/000083125919000039/,연간 14402000000 − 9개월누적 10491000000 (Revenues),6
Freeport-McMoRan,FCX,2019Q4,2019-12-31,분기별 영업이익,775000000,USD,계산(연간-3분기누적),https://www.sec.gov/Archives/edgar/data/831259/000083125920000004/ ; https://www.sec.gov/Archives/edgar/data/831259/000083125919000039/,연간 1091000000 − 9개월누적 316000000 (OperatingIncomeLoss),6
Freeport-McMoRan,FCX,2019Q4,2019-12-31,분기별 당기순이익(지배),9000000,USD,계산(연간(연결-비지배)-3분기누적),https://www.sec.gov/Archives/edgar/data/831259/000083125920000004/ ; https://www.sec.gov/Archives/edgar/data/831259/000083125919000039/,연간 연결 -189000000 − 비지배 50000000 − (9개월 연결 -232000000 − 비지배 16000000),6
Freeport-McMoRan,FCX,2019Q4,2019-12-31,분기별 영업활동현금흐름,170000000,USD,계산(누적차감),https://www.sec.gov/Archives/edgar/data/831259/000083125920000004/ ; https://www.sec.gov/Archives/edgar/data/831259/000083125919000039/,누적 1482000000 − 직전누적 1312000000 (시작 2019-01-01),6
Freeport-McMoRan,FCX,2019Q4,2019-12-31,분기말 자산총계,40809000000,USD,공시,https://www.sec.gov/Archives/edgar/data/831259/000083125920000004/,,6
Freeport-McMoRan,FCX,2019Q4,2019-12-31,분기말 부채총계,23361000000,USD,공시,https://www.sec.gov/Archives/edgar/data/831259/000083125920000004/,,6
Freeport-McMoRan,FCX,2019Q4,2019-12-31,분기말 총자본(자기자본),17448000000,USD,공시,https://www.sec.gov/Archives/edgar/data/831259/000083125920000004/,,6
Freeport-McMoRan,FCX,2019Q4,2019-12-31,분기말 지배지분 자본,9298000000,USD,공시,https://www.sec.gov/Archives/edgar/data/831259/000083125920000004/,,6
Freeport-McMoRan,FCX,2019Q4,2019-12-31,분기말 종가,13.12,USD,API,https://query1.finance.yahoo.com/v8/finance/chart/FCX?interval=1d&events=splits (2019-12-31),,6
Freeport-McMoRan,FCX,2019Q4,2020-01-31,분기말 상장주식수,1450972426,주,공시(표지 기준일),https://www.sec.gov/Archives/edgar/data/831259/000083125920000004/,dei:EntityCommonStockSharesOutstanding 클래스 합,6
Freeport-McMoRan,FCX,2019Q4,2019-12-31,분기말 시가총액,19036758229,USD,계산(종가×주식수),https://query1.finance.yahoo.com/v8/finance/chart/FCX?interval=1d&events=splits (2019-12-31) ; https://www.sec.gov/Archives/edgar/data/831259/000083125920000004/,종가 13.12 × 주식수 1450972426,6
Freeport-McMoRan,FCX,2020Q1,2020-03-31,분기별 매출액,2798000000,USD,공시,https://www.sec.gov/Archives/edgar/data/831259/000083125920000020/,,6
Freeport-McMoRan,FCX,2020Q1,2020-03-31,분기별 영업이익,-473000000,USD,공시,https://www.sec.gov/Archives/edgar/data/831259/000083125920000020/,,6
Freeport-McMoRan,FCX,2020Q1,2020-03-31,분기별 당기순이익(지배),-491000000,USD,계산(연결-비지배),https://www.sec.gov/Archives/edgar/data/831259/000083125920000020/,3개월 연결 -549000000 − 비지배 -58000000,6
Freeport-McMoRan,FCX,2020Q1,2020-03-31,분기별 영업활동현금흐름,-38000000,USD,공시,https://www.sec.gov/Archives/edgar/data/831259/000083125920000020/,,6
Freeport-McMoRan,FCX,2020Q1,2020-03-31,분기말 자산총계,40219000000,USD,공시,https://www.sec.gov/Archives/edgar/data/831259/000083125920000020/,,6
Freeport-McMoRan,FCX,2020Q1,2020-03-31,분기말 부채총계,23256000000,USD,공시,https://www.sec.gov/Archives/edgar/data/831259/000083125920000020/,,6
Freeport-McMoRan,FCX,2020Q1,2020-03-31,분기말 총자본(자기자본),16963000000,USD,공시,https://www.sec.gov/Archives/edgar/data/831259/000083125920000020/,,6
Freeport-McMoRan,FCX,2020Q1,2020-03-31,분기말 지배지분 자본,8855000000,USD,공시,https://www.sec.gov/Archives/edgar/data/831259/000083125920000020/,,6
Freeport-McMoRan,FCX,2020Q1,2020-03-31,분기말 종가,6.75,USD,API,https://query1.finance.yahoo.com/v8/finance/chart/FCX?interval=1d&events=splits (2020-03-31),,6
Freeport-McMoRan,FCX,2020Q1,2020-04-30,분기말 상장주식수,1451970774,주,공시(표지 기준일),https://www.sec.gov/Archives/edgar/data/831259/000083125920000020/,dei:EntityCommonStockSharesOutstanding 클래스 합,6
Freeport-McMoRan,FCX,2020Q1,2020-03-31,분기말 시가총액,9800802724,USD,계산(종가×주식수),https://query1.finance.yahoo.com/v8/finance/chart/FCX?interval=1d&events=splits (2020-03-31) ; https://www.sec.gov/Archives/edgar/data/831259/000083125920000020/,종가 6.75 × 주식수 1451970774,6
Freeport-McMoRan,FCX,2020Q2,2020-06-30,분기별 매출액,3054000000,USD,공시,https://www.sec.gov/Archives/edgar/data/831259/000083125920000032/,,6
Freeport-McMoRan,FCX,2020Q2,2020-06-30,분기별 영업이익,321000000,USD,공시,https://www.sec.gov/Archives/edgar/data/831259/000083125920000032/,,6
Freeport-McMoRan,FCX,2020Q2,2020-06-30,분기별 당기순이익(지배),53000000,USD,계산(연결-비지배),https://www.sec.gov/Archives/edgar/data/831259/000083125920000032/,3개월 연결 124000000 − 비지배 71000000,6
Freeport-McMoRan,FCX,2020Q2,2020-06-30,분기별 영업활동현금흐름,491000000,USD,계산(누적차감),https://www.sec.gov/Archives/edgar/data/831259/000083125920000032/ ; https://www.sec.gov/Archives/edgar/data/831259/000083125920000020/,누적 453000000 − 직전누적 -38000000 (시작 2020-01-01),6
Freeport-McMoRan,FCX,2020Q2,2020-06-30,분기말 자산총계,40230000000,USD,공시,https://www.sec.gov/Archives/edgar/data/831259/000083125920000032/,,6
Freeport-McMoRan,FCX,2020Q2,2020-06-30,분기말 부채총계,23075000000,USD,공시,https://www.sec.gov/Archives/edgar/data/831259/000083125920000032/,,6
Freeport-McMoRan,FCX,2020Q2,2020-06-30,분기말 총자본(자기자본),17155000000,USD,공시,https://www.sec.gov/Archives/edgar/data/831259/000083125920000032/,,6
Freeport-McMoRan,FCX,2020Q2,2020-06-30,분기말 지배지분 자본,8954000000,USD,공시,https://www.sec.gov/Archives/edgar/data/831259/000083125920000032/,,6
Freeport-McMoRan,FCX,2020Q2,2020-06-30,분기말 종가,11.57,USD,API,https://query1.finance.yahoo.com/v8/finance/chart/FCX?interval=1d&events=splits (2020-06-30),,6
Freeport-McMoRan,FCX,2020Q2,2020-07-31,분기말 상장주식수,1452218624,주,공시(표지 기준일),https://www.sec.gov/Archives/edgar/data/831259/000083125920000032/,dei:EntityCommonStockSharesOutstanding 클래스 합,6
Freeport-McMoRan,FCX,2020Q2,2020-06-30,분기말 시가총액,16802169480,USD,계산(종가×주식수),https://query1.finance.yahoo.com/v8/finance/chart/FCX?interval=1d&events=splits (2020-06-30) ; https://www.sec.gov/Archives/edgar/data/831259/000083125920000032/,종가 11.57 × 주식수 1452218624,6
Freeport-McMoRan,FCX,2020Q3,2020-09-30,분기별 매출액,3851000000,USD,공시,https://www.sec.gov/Archives/edgar/data/831259/000083125920000040/,,6
Freeport-McMoRan,FCX,2020Q3,2020-09-30,분기별 영업이익,880000000,USD,공시,https://www.sec.gov/Archives/edgar/data/831259/000083125920000040/,,6
Freeport-McMoRan,FCX,2020Q3,2020-09-30,분기별 당기순이익(지배),329000000,USD,계산(연결-비지배),https://www.sec.gov/Archives/edgar/data/831259/000083125920000040/,3개월 연결 432000000 − 비지배 103000000,6
Freeport-McMoRan,FCX,2020Q3,2020-09-30,분기별 영업활동현금흐름,1237000000,USD,계산(누적차감),https://www.sec.gov/Archives/edgar/data/831259/000083125920000040/ ; https://www.sec.gov/Archives/edgar/data/831259/000083125920000032/,누적 1690000000 − 직전누적 453000000 (시작 2020-01-01),6
Freeport-McMoRan,FCX,2020Q3,2020-09-30,분기말 자산총계,41099000000,USD,공시,https://www.sec.gov/Archives/edgar/data/831259/000083125920000040/,,6
Freeport-McMoRan,FCX,2020Q3,2020-09-30,분기말 부채총계,23537000000,USD,공시,https://www.sec.gov/Archives/edgar/data/831259/000083125920000040/,,6
Freeport-McMoRan,FCX,2020Q3,2020-09-30,분기말 총자본(자기자본),17562000000,USD,공시,https://www.sec.gov/Archives/edgar/data/831259/000083125920000040/,,6
Freeport-McMoRan,FCX,2020Q3,2020-09-30,분기말 지배지분 자본,9236000000,USD,공시,https://www.sec.gov/Archives/edgar/data/831259/000083125920000040/,,6
Freeport-McMoRan,FCX,2020Q3,2020-09-30,분기말 종가,15.64,USD,API,https://query1.finance.yahoo.com/v8/finance/chart/FCX?interval=1d&events=splits (2020-09-30),,6
Freeport-McMoRan,FCX,2020Q3,2020-10-31,분기말 상장주식수,1452868421,주,공시(표지 기준일),https://www.sec.gov/Archives/edgar/data/831259/000083125920000040/,dei:EntityCommonStockSharesOutstanding 클래스 합,6
Freeport-McMoRan,FCX,2020Q3,2020-09-30,분기말 시가총액,22722862104,USD,계산(종가×주식수),https://query1.finance.yahoo.com/v8/finance/chart/FCX?interval=1d&events=splits (2020-09-30) ; https://www.sec.gov/Archives/edgar/data/831259/000083125920000040/,종가 15.64 × 주식수 1452868421,6
Freeport-McMoRan,FCX,2020Q4,2020-12-31,분기별 매출액,4495000000,USD,계산(연간-3분기누적),https://www.sec.gov/Archives/edgar/data/831259/000083125921000009/ ; https://www.sec.gov/Archives/edgar/data/831259/000083125920000040/,연간 14198000000 − 9개월누적 9703000000 (Revenues),6
Freeport-McMoRan,FCX,2020Q4,2020-12-31,분기별 영업이익,1709000000,USD,계산(연간-3분기누적),https://www.sec.gov/Archives/edgar/data/831259/000083125921000009/ ; https://www.sec.gov/Archives/edgar/data/831259/000083125920000040/,연간 2437000000 − 9개월누적 728000000 (OperatingIncomeLoss),6
Freeport-McMoRan,FCX,2020Q4,2020-12-31,분기별 당기순이익(지배),708000000,USD,계산(연간(연결-비지배)-3분기누적),https://www.sec.gov/Archives/edgar/data/831259/000083125921000009/ ; https://www.sec.gov/Archives/edgar/data/831259/000083125920000040/,연간 연결 865000000 − 비지배 266000000 − (9개월 연결 7000000 − 비지배 116000000),6
Freeport-McMoRan,FCX,2020Q4,2020-12-31,분기별 영업활동현금흐름,1327000000,USD,계산(누적차감),https://www.sec.gov/Archives/edgar/data/831259/000083125921000009/ ; https://www.sec.gov/Archives/edgar/data/831259/000083125920000040/,누적 3017000000 − 직전누적 1690000000 (시작 2020-01-01),6
Freeport-McMoRan,FCX,2020Q4,2020-12-31,분기말 자산총계,42144000000,USD,공시,https://www.sec.gov/Archives/edgar/data/831259/000083125921000009/,,6
Freeport-McMoRan,FCX,2020Q4,2020-12-31,분기말 부채총계,23476000000,USD,공시,https://www.sec.gov/Archives/edgar/data/831259/000083125921000009/,,6
Freeport-McMoRan,FCX,2020Q4,2020-12-31,분기말 총자본(자기자본),18668000000,USD,공시,https://www.sec.gov/Archives/edgar/data/831259/000083125921000009/,,6
Freeport-McMoRan,FCX,2020Q4,2020-12-31,분기말 지배지분 자본,10174000000,USD,공시,https://www.sec.gov/Archives/edgar/data/831259/000083125921000009/,,6
Freeport-McMoRan,FCX,2020Q4,2020-12-31,분기말 종가,26.02,USD,API,https://query1.finance.yahoo.com/v8/finance/chart/FCX?interval=1d&events=splits (2020-12-31),,6
Freeport-McMoRan,FCX,2020Q4,2021-01-29,분기말 상장주식수,1458480446,주,공시(표지 기준일),https://www.sec.gov/Archives/edgar/data/831259/000083125921000009/,dei:EntityCommonStockSharesOutstanding 클래스 합,6
Freeport-McMoRan,FCX,2020Q4,2020-12-31,분기말 시가총액,37949661205,USD,계산(종가×주식수),https://query1.finance.yahoo.com/v8/finance/chart/FCX?interval=1d&events=splits (2020-12-31) ; https://www.sec.gov/Archives/edgar/data/831259/000083125921000009/,종가 26.02 × 주식수 1458480446,6
Freeport-McMoRan,FCX,2021Q1,2021-03-31,분기별 매출액,4850000000,USD,공시,https://www.sec.gov/Archives/edgar/data/831259/000083125921000017/,,6
Freeport-McMoRan,FCX,2021Q1,2021-03-31,분기별 영업이익,1532000000,USD,공시,https://www.sec.gov/Archives/edgar/data/831259/000083125921000017/,,6
Freeport-McMoRan,FCX,2021Q1,2021-03-31,분기별 당기순이익(지배),1188000000,USD,계산(연결-비지배)(재작성 반영),https://www.sec.gov/Archives/edgar/data/831259/000083125921000017/,3개월 연결 953000000 − 비지배 -235000000 ; 원 공시 718000000 (https://www.sec.gov/Archives/edgar/data/831259/000083125921000017/),6
Freeport-McMoRan,FCX,2021Q1,2021-03-31,분기별 영업활동현금흐름,1075000000,USD,공시,https://www.sec.gov/Archives/edgar/data/831259/000083125921000017/,,6
Freeport-McMoRan,FCX,2021Q1,2021-03-31,분기말 자산총계,43643000000,USD,공시,https://www.sec.gov/Archives/edgar/data/831259/000083125921000017/,,6
Freeport-McMoRan,FCX,2021Q1,2021-03-31,분기말 부채총계,24070000000,USD,공시,https://www.sec.gov/Archives/edgar/data/831259/000083125921000017/,,6
Freeport-McMoRan,FCX,2021Q1,2021-03-31,분기말 총자본(자기자본),19573000000,USD,공시,https://www.sec.gov/Archives/edgar/data/831259/000083125921000017/,,6
Freeport-McMoRan,FCX,2021Q1,2021-03-31,분기말 지배지분 자본,10920000000,USD,공시,https://www.sec.gov/Archives/edgar/data/831259/000083125921000017/,,6
Freeport-McMoRan,FCX,2021Q1,2021-03-31,분기말 종가,32.93,USD,API,https://query1.finance.yahoo.com/v8/finance/chart/FCX?interval=1d&events=splits (2021-03-31),,6
Freeport-McMoRan,FCX,2021Q1,2021-04-30,분기말 상장주식수,1465526823,주,공시(표지 기준일),https://www.sec.gov/Archives/edgar/data/831259/000083125921000017/,dei:EntityCommonStockSharesOutstanding 클래스 합,6
Freeport-McMoRan,FCX,2021Q1,2021-03-31,분기말 시가총액,48259798281,USD,계산(종가×주식수),https://query1.finance.yahoo.com/v8/finance/chart/FCX?interval=1d&events=splits (2021-03-31) ; https://www.sec.gov/Archives/edgar/data/831259/000083125921000017/,종가 32.93 × 주식수 1465526823,6
Freeport-McMoRan,FCX,2021Q2,2021-06-30,분기별 매출액,5748000000,USD,공시,https://www.sec.gov/Archives/edgar/data/831259/000083125921000029/,,6
Freeport-McMoRan,FCX,2021Q2,2021-06-30,분기별 영업이익,2067000000,USD,공시,https://www.sec.gov/Archives/edgar/data/831259/000083125921000029/,,6
Freeport-McMoRan,FCX,2021Q2,2021-06-30,분기별 당기순이익(지배),1083000000,USD,계산(연결-비지배),https://www.sec.gov/Archives/edgar/data/831259/000083125921000029/,3개월 연결 1331000000 − 비지배 248000000,6
Freeport-McMoRan,FCX,2021Q2,2021-06-30,분기별 영업활동현금흐름,2395000000,USD,계산(누적차감),https://www.sec.gov/Archives/edgar/data/831259/000083125921000029/ ; https://www.sec.gov/Archives/edgar/data/831259/000083125921000017/,누적 3470000000 − 직전누적 1075000000 (시작 2021-01-01),6
Freeport-McMoRan,FCX,2021Q2,2021-06-30,분기말 자산총계,45436000000,USD,공시,https://www.sec.gov/Archives/edgar/data/831259/000083125921000029/,,6
Freeport-McMoRan,FCX,2021Q2,2021-06-30,분기말 부채총계,24501000000,USD,공시,https://www.sec.gov/Archives/edgar/data/831259/000083125921000029/,,6
Freeport-McMoRan,FCX,2021Q2,2021-06-30,분기말 총자본(자기자본),20935000000,USD,공시,https://www.sec.gov/Archives/edgar/data/831259/000083125921000029/,,6
Freeport-McMoRan,FCX,2021Q2,2021-06-30,분기말 지배지분 자본,12011000000,USD,공시,https://www.sec.gov/Archives/edgar/data/831259/000083125921000029/,,6
Freeport-McMoRan,FCX,2021Q2,2021-06-30,분기말 종가,37.11,USD,API,https://query1.finance.yahoo.com/v8/finance/chart/FCX?interval=1d&events=splits (2021-06-30),,6
Freeport-McMoRan,FCX,2021Q2,2021-07-30,분기말 상장주식수,1468064383,주,공시(표지 기준일),https://www.sec.gov/Archives/edgar/data/831259/000083125921000029/,dei:EntityCommonStockSharesOutstanding 클래스 합,6
Freeport-McMoRan,FCX,2021Q2,2021-06-30,분기말 시가총액,54479869253,USD,계산(종가×주식수),https://query1.finance.yahoo.com/v8/finance/chart/FCX?interval=1d&events=splits (2021-06-30) ; https://www.sec.gov/Archives/edgar/data/831259/000083125921000029/,종가 37.11 × 주식수 1468064383,6
Freeport-McMoRan,FCX,2021Q3,2021-09-30,분기별 매출액,6083000000,USD,공시,https://www.sec.gov/Archives/edgar/data/831259/000083125921000038/,,6
Freeport-McMoRan,FCX,2021Q3,2021-09-30,분기별 영업이익,2462000000,USD,공시,https://www.sec.gov/Archives/edgar/data/831259/000083125921000038/,,6
Freeport-McMoRan,FCX,2021Q3,2021-09-30,분기별 당기순이익(지배),1399000000,USD,계산(연결-비지배),https://www.sec.gov/Archives/edgar/data/831259/000083125921000038/,3개월 연결 1723000000 − 비지배 324000000,6
Freeport-McMoRan,FCX,2021Q3,2021-09-30,분기별 영업활동현금흐름,1965000000,USD,계산(누적차감),https://www.sec.gov/Archives/edgar/data/831259/000083125921000038/ ; https://www.sec.gov/Archives/edgar/data/831259/000083125921000029/,누적 5435000000 − 직전누적 3470000000 (시작 2021-01-01),6
Freeport-McMoRan,FCX,2021Q3,2021-09-30,분기말 자산총계,46917000000,USD,공시,https://www.sec.gov/Archives/edgar/data/831259/000083125921000038/,,6
Freeport-McMoRan,FCX,2021Q3,2021-09-30,분기말 부채총계,24386000000,USD,공시,https://www.sec.gov/Archives/edgar/data/831259/000083125921000038/,,6
Freeport-McMoRan,FCX,2021Q3,2021-09-30,분기말 총자본(자기자본),22531000000,USD,공시,https://www.sec.gov/Archives/edgar/data/831259/000083125921000038/,,6
Freeport-McMoRan,FCX,2021Q3,2021-09-30,분기말 지배지분 자본,13353000000,USD,공시,https://www.sec.gov/Archives/edgar/data/831259/000083125921000038/,,6
Freeport-McMoRan,FCX,2021Q3,2021-09-30,분기말 종가,32.53,USD,API,https://query1.finance.yahoo.com/v8/finance/chart/FCX?interval=1d&events=splits (2021-09-30),,6
Freeport-McMoRan,FCX,2021Q3,2021-10-29,분기말 상장주식수,1468473516,주,공시(표지 기준일),https://www.sec.gov/Archives/edgar/data/831259/000083125921000038/,dei:EntityCommonStockSharesOutstanding 클래스 합,6
Freeport-McMoRan,FCX,2021Q3,2021-09-30,분기말 시가총액,47769443475,USD,계산(종가×주식수),https://query1.finance.yahoo.com/v8/finance/chart/FCX?interval=1d&events=splits (2021-09-30) ; https://www.sec.gov/Archives/edgar/data/831259/000083125921000038/,종가 32.53 × 주식수 1468473516,6
Freeport-McMoRan,FCX,2021Q4,2021-12-31,분기별 매출액,6164000000,USD,계산(연간-3분기누적),https://www.sec.gov/Archives/edgar/data/831259/000083125922000009/ ; https://www.sec.gov/Archives/edgar/data/831259/000083125921000038/,연간 22845000000 − 9개월누적 16681000000 (Revenues),6
Freeport-McMoRan,FCX,2021Q4,2021-12-31,분기별 영업이익,2305000000,USD,계산(연간-3분기누적),https://www.sec.gov/Archives/edgar/data/831259/000083125922000009/ ; https://www.sec.gov/Archives/edgar/data/831259/000083125921000038/,연간 8366000000 − 9개월누적 6061000000 (OperatingIncomeLoss),6
Freeport-McMoRan,FCX,2021Q4,2021-12-31,분기별 당기순이익(지배),1106000000,USD,계산(연간(연결-비지배)-3분기누적)(재작성 반영),https://www.sec.gov/Archives/edgar/data/831259/000083125922000009/ ; https://www.sec.gov/Archives/edgar/data/831259/000083125921000038/,연간 연결 5365000000 − 비지배 1059000000 − (9개월 연결 4007000000 − 비지배 807000000) ; 원 공시 3224000000 (https://www.sec.gov/Archives/edgar/data/831259/000083125922000009/ ; https://www.sec.gov/Archives/edgar/data/831259/000083125921000038/),6
Freeport-McMoRan,FCX,2021Q4,2021-12-31,분기별 영업활동현금흐름,2280000000,USD,계산(누적차감),https://www.sec.gov/Archives/edgar/data/831259/000083125922000009/ ; https://www.sec.gov/Archives/edgar/data/831259/000083125921000038/,누적 7715000000 − 직전누적 5435000000 (시작 2021-01-01),6
Freeport-McMoRan,FCX,2021Q4,2021-12-31,분기말 자산총계,48022000000,USD,공시,https://www.sec.gov/Archives/edgar/data/831259/000083125922000009/,,6
Freeport-McMoRan,FCX,2021Q4,2021-12-31,분기말 부채총계,25003000000,USD,공시,https://www.sec.gov/Archives/edgar/data/831259/000083125922000009/,,6
Freeport-McMoRan,FCX,2021Q4,2021-12-31,분기말 총자본(자기자본),23019000000,USD,공시,https://www.sec.gov/Archives/edgar/data/831259/000083125922000009/,,6
Freeport-McMoRan,FCX,2021Q4,2021-12-31,분기말 지배지분 자본,13980000000,USD,공시,https://www.sec.gov/Archives/edgar/data/831259/000083125922000009/,,6
Freeport-McMoRan,FCX,2021Q4,2021-12-31,분기말 종가,41.73,USD,API,https://query1.finance.yahoo.com/v8/finance/chart/FCX?interval=1d&events=splits (2021-12-31),,6
Freeport-McMoRan,FCX,2021Q4,2022-01-31,분기말 상장주식수,1454781055,주,공시(표지 기준일),https://www.sec.gov/Archives/edgar/data/831259/000083125922000012/,dei:EntityCommonStockSharesOutstanding 클래스 합 ; 값은 XBRL 원문(companyfacts 미반영 보고서),6
Freeport-McMoRan,FCX,2021Q4,2021-12-31,분기말 시가총액,60708013425,USD,계산(종가×주식수),https://query1.finance.yahoo.com/v8/finance/chart/FCX?interval=1d&events=splits (2021-12-31) ; https://www.sec.gov/Archives/edgar/data/831259/000083125922000012/,종가 41.73 × 주식수 1454781055 ; 값은 XBRL 원문(companyfacts 미반영 보고서),6
Freeport-McMoRan,FCX,2022Q1,2022-03-31,분기별 매출액,6603000000,USD,공시,https://www.sec.gov/Archives/edgar/data/831259/000083125922000028/,,6
Freeport-McMoRan,FCX,2022Q1,2022-03-31,분기별 영업이익,2809000000,USD,공시,https://www.sec.gov/Archives/edgar/data/831259/000083125922000028/,,6
Freeport-McMoRan,FCX,2022Q1,2022-03-31,분기별 당기순이익(지배),1527000000,USD,계산(연결-비지배)(재작성 반영),https://www.sec.gov/Archives/edgar/data/831259/000083125922000028/,3개월 연결 1904000000 − 비지배 377000000 ; 원 공시 2281000000 (https://www.sec.gov/Archives/edgar/data/831259/000083125922000028/),6
Freeport-McMoRan,FCX,2022Q1,2022-03-31,분기별 영업활동현금흐름,1691000000,USD,공시,https://www.sec.gov/Archives/edgar/data/831259/000083125922000028/,,6
Freeport-McMoRan,FCX,2022Q1,2022-03-31,분기말 자산총계,48832000000,USD,공시,https://www.sec.gov/Archives/edgar/data/831259/000083125922000028/,,6
Freeport-McMoRan,FCX,2022Q1,2022-03-31,분기말 부채총계,24790000000,USD,공시,https://www.sec.gov/Archives/edgar/data/831259/000083125922000028/,,6
Freeport-McMoRan,FCX,2022Q1,2022-03-31,분기말 총자본(자기자본),24042000000,USD,공시,https://www.sec.gov/Archives/edgar/data/831259/000083125922000028/,,6
Freeport-McMoRan,FCX,2022Q1,2022-03-31,분기말 지배지분 자본,14866000000,USD,공시,https://www.sec.gov/Archives/edgar/data/831259/000083125922000028/,,6
Freeport-McMoRan,FCX,2022Q1,2022-03-31,분기말 종가,49.74,USD,API,https://query1.finance.yahoo.com/v8/finance/chart/FCX?interval=1d&events=splits (2022-03-31),,6
Freeport-McMoRan,FCX,2022Q1,2022-04-29,분기말 상장주식수,1449262382,주,공시(표지 기준일),https://www.sec.gov/Archives/edgar/data/831259/000083125922000028/,dei:EntityCommonStockSharesOutstanding 클래스 합,6
Freeport-McMoRan,FCX,2022Q1,2022-03-31,분기말 시가총액,72086310881,USD,계산(종가×주식수),https://query1.finance.yahoo.com/v8/finance/chart/FCX?interval=1d&events=splits (2022-03-31) ; https://www.sec.gov/Archives/edgar/data/831259/000083125922000028/,종가 49.74 × 주식수 1449262382,6
Freeport-McMoRan,FCX,2022Q2,2022-06-30,분기별 매출액,5416000000,USD,공시,https://www.sec.gov/Archives/edgar/data/831259/000083125922000043/,,6
Freeport-McMoRan,FCX,2022Q2,2022-06-30,분기별 영업이익,1736000000,USD,공시,https://www.sec.gov/Archives/edgar/data/831259/000083125922000043/,,6
Freeport-McMoRan,FCX,2022Q2,2022-06-30,분기별 당기순이익(지배),840000000,USD,계산(연결-비지배),https://www.sec.gov/Archives/edgar/data/831259/000083125922000043/,3개월 연결 1038000000 − 비지배 198000000,6
Freeport-McMoRan,FCX,2022Q2,2022-06-30,분기별 영업활동현금흐름,1621000000,USD,계산(누적차감),https://www.sec.gov/Archives/edgar/data/831259/000083125922000043/ ; https://www.sec.gov/Archives/edgar/data/831259/000083125922000028/,누적 3312000000 − 직전누적 1691000000 (시작 2022-01-01),6
Freeport-McMoRan,FCX,2022Q2,2022-06-30,분기말 자산총계,50113000000,USD,공시,https://www.sec.gov/Archives/edgar/data/831259/000083125922000043/,,6
Freeport-McMoRan,FCX,2022Q2,2022-06-30,분기말 부채총계,26066000000,USD,공시,https://www.sec.gov/Archives/edgar/data/831259/000083125922000043/,,6
Freeport-McMoRan,FCX,2022Q2,2022-06-30,분기말 총자본(자기자본),24047000000,USD,공시,https://www.sec.gov/Archives/edgar/data/831259/000083125922000043/,,6
Freeport-McMoRan,FCX,2022Q2,2022-06-30,분기말 지배지분 자본,14889000000,USD,공시,https://www.sec.gov/Archives/edgar/data/831259/000083125922000043/,,6
Freeport-McMoRan,FCX,2022Q2,2022-06-30,분기말 종가,29.26,USD,API,https://query1.finance.yahoo.com/v8/finance/chart/FCX?interval=1d&events=splits (2022-06-30),,6
Freeport-McMoRan,FCX,2022Q2,2022-07-29,분기말 상장주식수,1429270314,주,공시(표지 기준일),https://www.sec.gov/Archives/edgar/data/831259/000083125922000043/,dei:EntityCommonStockSharesOutstanding 클래스 합,6
Freeport-McMoRan,FCX,2022Q2,2022-06-30,분기말 시가총액,41820449388,USD,계산(종가×주식수),https://query1.finance.yahoo.com/v8/finance/chart/FCX?interval=1d&events=splits (2022-06-30) ; https://www.sec.gov/Archives/edgar/data/831259/000083125922000043/,종가 29.26 × 주식수 1429270314,6
Freeport-McMoRan,FCX,2022Q3,2022-09-30,분기별 매출액,5003000000,USD,공시,https://www.sec.gov/Archives/edgar/data/831259/000083125922000049/,,6
Freeport-McMoRan,FCX,2022Q3,2022-09-30,분기별 영업이익,962000000,USD,공시,https://www.sec.gov/Archives/edgar/data/831259/000083125922000049/,,6
Freeport-McMoRan,FCX,2022Q3,2022-09-30,분기별 당기순이익(지배),404000000,USD,계산(연결-비지배),https://www.sec.gov/Archives/edgar/data/831259/000083125922000049/,3개월 연결 560000000 − 비지배 156000000,6
Freeport-McMoRan,FCX,2022Q3,2022-09-30,분기별 영업활동현금흐름,758000000,USD,계산(누적차감),https://www.sec.gov/Archives/edgar/data/831259/000083125922000049/ ; https://www.sec.gov/Archives/edgar/data/831259/000083125922000043/,누적 4070000000 − 직전누적 3312000000 (시작 2022-01-01),6
Freeport-McMoRan,FCX,2022Q3,2022-09-30,분기말 자산총계,49927000000,USD,공시,https://www.sec.gov/Archives/edgar/data/831259/000083125922000049/,,6
Freeport-McMoRan,FCX,2022Q3,2022-09-30,분기말 부채총계,25746000000,USD,공시,https://www.sec.gov/Archives/edgar/data/831259/000083125922000049/,,6
Freeport-McMoRan,FCX,2022Q3,2022-09-30,분기말 총자본(자기자본),24181000000,USD,공시,https://www.sec.gov/Archives/edgar/data/831259/000083125922000049/,,6
Freeport-McMoRan,FCX,2022Q3,2022-09-30,분기말 지배지분 자본,14954000000,USD,공시,https://www.sec.gov/Archives/edgar/data/831259/000083125922000049/,,6
Freeport-McMoRan,FCX,2022Q3,2022-09-30,분기말 종가,27.33,USD,API,https://query1.finance.yahoo.com/v8/finance/chart/FCX?interval=1d&events=splits (2022-09-30),,6
Freeport-McMoRan,FCX,2022Q3,2022-10-31,분기말 상장주식수,1429327191,주,공시(표지 기준일),https://www.sec.gov/Archives/edgar/data/831259/000083125922000049/,dei:EntityCommonStockSharesOutstanding 클래스 합,6
Freeport-McMoRan,FCX,2022Q3,2022-09-30,분기말 시가총액,39063512130,USD,계산(종가×주식수),https://query1.finance.yahoo.com/v8/finance/chart/FCX?interval=1d&events=splits (2022-09-30) ; https://www.sec.gov/Archives/edgar/data/831259/000083125922000049/,종가 27.33 × 주식수 1429327191,6
Freeport-McMoRan,FCX,2022Q4,2022-12-31,분기별 매출액,5758000000,USD,계산(연간-3분기누적),https://www.sec.gov/Archives/edgar/data/831259/000083125923000013/ ; https://www.sec.gov/Archives/edgar/data/831259/000083125922000049/,연간 22780000000 − 9개월누적 17022000000 (Revenues),6
Freeport-McMoRan,FCX,2022Q4,2022-12-31,분기별 영업이익,1530000000,USD,계산(연간-3분기누적),https://www.sec.gov/Archives/edgar/data/831259/000083125923000013/ ; https://www.sec.gov/Archives/edgar/data/831259/000083125922000049/,연간 7037000000 − 9개월누적 5507000000 (OperatingIncomeLoss),6
Freeport-McMoRan,FCX,2022Q4,2022-12-31,분기별 당기순이익(지배),697000000,USD,계산(연간(연결-비지배)-3분기누적),https://www.sec.gov/Archives/edgar/data/831259/000083125923000013/ ; https://www.sec.gov/Archives/edgar/data/831259/000083125922000049/,연간 연결 4479000000 − 비지배 1011000000 − (9개월 연결 3502000000 − 비지배 731000000),6
Freeport-McMoRan,FCX,2022Q4,2022-12-31,분기별 영업활동현금흐름,1069000000,USD,계산(누적차감),https://www.sec.gov/Archives/edgar/data/831259/000083125923000013/ ; https://www.sec.gov/Archives/edgar/data/831259/000083125922000049/,누적 5139000000 − 직전누적 4070000000 (시작 2022-01-01),6
Freeport-McMoRan,FCX,2022Q4,2022-12-31,분기말 자산총계,51093000000,USD,공시,https://www.sec.gov/Archives/edgar/data/831259/000083125923000013/,,6
Freeport-McMoRan,FCX,2022Q4,2022-12-31,분기말 부채총계,26222000000,USD,공시,https://www.sec.gov/Archives/edgar/data/831259/000083125923000013/,,6
Freeport-McMoRan,FCX,2022Q4,2022-12-31,분기말 총자본(자기자본),24871000000,USD,공시,https://www.sec.gov/Archives/edgar/data/831259/000083125923000013/,,6
Freeport-McMoRan,FCX,2022Q4,2022-12-31,분기말 지배지분 자본,15555000000,USD,공시,https://www.sec.gov/Archives/edgar/data/831259/000083125923000013/,,6
Freeport-McMoRan,FCX,2022Q4,2022-12-30,분기말 종가,38.0,USD,API,https://query1.finance.yahoo.com/v8/finance/chart/FCX?interval=1d&events=splits (2022-12-30),,6
Freeport-McMoRan,FCX,2022Q4,2023-01-31,분기말 상장주식수,1430693689,주,공시(표지 기준일),https://www.sec.gov/Archives/edgar/data/831259/000083125923000013/,dei:EntityCommonStockSharesOutstanding 클래스 합,6
Freeport-McMoRan,FCX,2022Q4,2022-12-30,분기말 시가총액,54366360182,USD,계산(종가×주식수),https://query1.finance.yahoo.com/v8/finance/chart/FCX?interval=1d&events=splits (2022-12-30) ; https://www.sec.gov/Archives/edgar/data/831259/000083125923000013/,종가 38.0 × 주식수 1430693689,6
Freeport-McMoRan,FCX,2023Q1,2023-03-31,분기별 매출액,5389000000,USD,공시,https://www.sec.gov/Archives/edgar/data/831259/000083125923000023/,,6
Freeport-McMoRan,FCX,2023Q1,2023-03-31,분기별 영업이익,1601000000,USD,공시,https://www.sec.gov/Archives/edgar/data/831259/000083125923000023/,,6
Freeport-McMoRan,FCX,2023Q1,2023-03-31,분기별 당기순이익(지배),663000000,USD,계산(연결-비지배),https://www.sec.gov/Archives/edgar/data/831259/000083125923000023/,3개월 연결 1049000000 − 비지배 386000000,6
Freeport-McMoRan,FCX,2023Q1,2023-03-31,분기별 영업활동현금흐름,1050000000,USD,공시,https://www.sec.gov/Archives/edgar/data/831259/000083125923000023/,,6
Freeport-McMoRan,FCX,2023Q1,2023-03-31,분기말 자산총계,50909000000,USD,공시,https://www.sec.gov/Archives/edgar/data/831259/000083125923000023/,,6
Freeport-McMoRan,FCX,2023Q1,2023-03-31,분기말 부채총계,25261000000,USD,공시,https://www.sec.gov/Archives/edgar/data/831259/000083125923000023/,,6
Freeport-McMoRan,FCX,2023Q1,2023-03-31,분기말 총자본(자기자본),25648000000,USD,공시,https://www.sec.gov/Archives/edgar/data/831259/000083125923000023/,,6
Freeport-McMoRan,FCX,2023Q1,2023-03-31,분기말 지배지분 자본,16057000000,USD,공시,https://www.sec.gov/Archives/edgar/data/831259/000083125923000023/,,6
Freeport-McMoRan,FCX,2023Q1,2023-03-31,분기말 종가,40.91,USD,API,https://query1.finance.yahoo.com/v8/finance/chart/FCX?interval=1d&events=splits (2023-03-31),,6
Freeport-McMoRan,FCX,2023Q1,2023-04-28,분기말 상장주식수,1433286280,주,공시(표지 기준일),https://www.sec.gov/Archives/edgar/data/831259/000083125923000023/,dei:EntityCommonStockSharesOutstanding 클래스 합,6
Freeport-McMoRan,FCX,2023Q1,2023-03-31,분기말 시가총액,58635741715,USD,계산(종가×주식수),https://query1.finance.yahoo.com/v8/finance/chart/FCX?interval=1d&events=splits (2023-03-31) ; https://www.sec.gov/Archives/edgar/data/831259/000083125923000023/,종가 40.91 × 주식수 1433286280,6
Freeport-McMoRan,FCX,2023Q2,2023-06-30,분기별 매출액,5737000000,USD,공시,https://www.sec.gov/Archives/edgar/data/831259/000083125923000032/,,6
Freeport-McMoRan,FCX,2023Q2,2023-06-30,분기별 영업이익,1410000000,USD,공시,https://www.sec.gov/Archives/edgar/data/831259/000083125923000032/,,6
Freeport-McMoRan,FCX,2023Q2,2023-06-30,분기별 당기순이익(지배),343000000,USD,계산(연결-비지배),https://www.sec.gov/Archives/edgar/data/831259/000083125923000032/,3개월 연결 731000000 − 비지배 388000000,6
Freeport-McMoRan,FCX,2023Q2,2023-06-30,분기별 영업활동현금흐름,1673000000,USD,계산(누적차감),https://www.sec.gov/Archives/edgar/data/831259/000083125923000032/ ; https://www.sec.gov/Archives/edgar/data/831259/000083125923000023/,누적 2723000000 − 직전누적 1050000000 (시작 2023-01-01),6
Freeport-McMoRan,FCX,2023Q2,2023-06-30,분기말 자산총계,50907000000,USD,공시,https://www.sec.gov/Archives/edgar/data/831259/000083125923000032/,,6
Freeport-McMoRan,FCX,2023Q2,2023-06-30,분기말 부채총계,24880000000,USD,공시,https://www.sec.gov/Archives/edgar/data/831259/000083125923000032/,,6
Freeport-McMoRan,FCX,2023Q2,2023-06-30,분기말 총자본(자기자본),26027000000,USD,공시,https://www.sec.gov/Archives/edgar/data/831259/000083125923000032/,,6
Freeport-McMoRan,FCX,2023Q2,2023-06-30,분기말 지배지분 자본,16202000000,USD,공시,https://www.sec.gov/Archives/edgar/data/831259/000083125923000032/,,6
Freeport-McMoRan,FCX,2023Q2,2023-06-30,분기말 종가,40.0,USD,API,https://query1.finance.yahoo.com/v8/finance/chart/FCX?interval=1d&events=splits (2023-06-30),,6
Freeport-McMoRan,FCX,2023Q2,2023-07-31,분기말 상장주식수,1433635627,주,공시(표지 기준일),https://www.sec.gov/Archives/edgar/data/831259/000083125923000032/,dei:EntityCommonStockSharesOutstanding 클래스 합,6
Freeport-McMoRan,FCX,2023Q2,2023-06-30,분기말 시가총액,57345425080,USD,계산(종가×주식수),https://query1.finance.yahoo.com/v8/finance/chart/FCX?interval=1d&events=splits (2023-06-30) ; https://www.sec.gov/Archives/edgar/data/831259/000083125923000032/,종가 40.0 × 주식수 1433635627,6
Freeport-McMoRan,FCX,2023Q3,2023-09-30,분기별 매출액,5824000000,USD,공시,https://www.sec.gov/Archives/edgar/data/831259/000083125923000037/,,6
Freeport-McMoRan,FCX,2023Q3,2023-09-30,분기별 영업이익,1492000000,USD,공시,https://www.sec.gov/Archives/edgar/data/831259/000083125923000037/,,6
Freeport-McMoRan,FCX,2023Q3,2023-09-30,분기별 당기순이익(지배),454000000,USD,계산(연결-비지배),https://www.sec.gov/Archives/edgar/data/831259/000083125923000037/,3개월 연결 964000000 − 비지배 510000000,6
Freeport-McMoRan,FCX,2023Q3,2023-09-30,분기별 영업활동현금흐름,1236000000,USD,계산(누적차감),https://www.sec.gov/Archives/edgar/data/831259/000083125923000037/ ; https://www.sec.gov/Archives/edgar/data/831259/000083125923000032/,누적 3959000000 − 직전누적 2723000000 (시작 2023-01-01),6
Freeport-McMoRan,FCX,2023Q3,2023-09-30,분기말 자산총계,51648000000,USD,공시,https://www.sec.gov/Archives/edgar/data/831259/000083125923000037/,,6
Freeport-McMoRan,FCX,2023Q3,2023-09-30,분기말 부채총계,24971000000,USD,공시,https://www.sec.gov/Archives/edgar/data/831259/000083125923000037/,,6
Freeport-McMoRan,FCX,2023Q3,2023-09-30,분기말 총자본(자기자본),26677000000,USD,공시,https://www.sec.gov/Archives/edgar/data/831259/000083125923000037/,,6
Freeport-McMoRan,FCX,2023Q3,2023-09-30,분기말 지배지분 자본,16459000000,USD,공시,https://www.sec.gov/Archives/edgar/data/831259/000083125923000037/,,6
Freeport-McMoRan,FCX,2023Q3,2023-09-29,분기말 종가,37.29,USD,API,https://query1.finance.yahoo.com/v8/finance/chart/FCX?interval=1d&events=splits (2023-09-29),,6
Freeport-McMoRan,FCX,2023Q3,2023-10-31,분기말 상장주식수,1433977244,주,공시(표지 기준일),https://www.sec.gov/Archives/edgar/data/831259/000083125923000037/,dei:EntityCommonStockSharesOutstanding 클래스 합,6
Freeport-McMoRan,FCX,2023Q3,2023-09-29,분기말 시가총액,53473011429,USD,계산(종가×주식수),https://query1.finance.yahoo.com/v8/finance/chart/FCX?interval=1d&events=splits (2023-09-29) ; https://www.sec.gov/Archives/edgar/data/831259/000083125923000037/,종가 37.29 × 주식수 1433977244,6
Freeport-McMoRan,FCX,2023Q4,2023-12-31,분기별 매출액,5905000000,USD,계산(연간-3분기누적),https://www.sec.gov/Archives/edgar/data/831259/000083125924000011/ ; https://www.sec.gov/Archives/edgar/data/831259/000083125923000037/,연간 22855000000 − 9개월누적 16950000000 (Revenues),6
Freeport-McMoRan,FCX,2023Q4,2023-12-31,분기별 영업이익,1722000000,USD,계산(연간-3분기누적),https://www.sec.gov/Archives/edgar/data/831259/000083125924000011/ ; https://www.sec.gov/Archives/edgar/data/831259/000083125923000037/,연간 6225000000 − 9개월누적 4503000000 (OperatingIncomeLoss),6
Freeport-McMoRan,FCX,2023Q4,2023-12-31,분기별 당기순이익(지배),388000000,USD,계산(연간(연결-비지배)-3분기누적),https://www.sec.gov/Archives/edgar/data/831259/000083125924000011/ ; https://www.sec.gov/Archives/edgar/data/831259/000083125923000037/,연간 연결 3751000000 − 비지배 1903000000 − (9개월 연결 2744000000 − 비지배 1284000000),6
Freeport-McMoRan,FCX,2023Q4,2023-12-31,분기별 영업활동현금흐름,1320000000,USD,계산(누적차감),https://www.sec.gov/Archives/edgar/data/831259/000083125924000011/ ; https://www.sec.gov/Archives/edgar/data/831259/000083125923000037/,누적 5279000000 − 직전누적 3959000000 (시작 2023-01-01),6
Freeport-McMoRan,FCX,2023Q4,2023-12-31,분기말 자산총계,52506000000,USD,공시,https://www.sec.gov/Archives/edgar/data/831259/000083125924000011/,,6
Freeport-McMoRan,FCX,2023Q4,2023-12-31,분기말 부채총계,25196000000,USD,공시,https://www.sec.gov/Archives/edgar/data/831259/000083125924000011/,,6
Freeport-McMoRan,FCX,2023Q4,2023-12-31,분기말 총자본(자기자본),27310000000,USD,공시,https://www.sec.gov/Archives/edgar/data/831259/000083125924000011/,,6
Freeport-McMoRan,FCX,2023Q4,2023-12-31,분기말 지배지분 자본,16693000000,USD,공시,https://www.sec.gov/Archives/edgar/data/831259/000083125924000011/,,6
Freeport-McMoRan,FCX,2023Q4,2023-12-29,분기말 종가,42.57,USD,API,https://query1.finance.yahoo.com/v8/finance/chart/FCX?interval=1d&events=splits (2023-12-29),,6
Freeport-McMoRan,FCX,2023Q4,2024-01-31,분기말 상장주식수,1434409010,주,공시(표지 기준일),https://www.sec.gov/Archives/edgar/data/831259/000083125924000011/,dei:EntityCommonStockSharesOutstanding 클래스 합,6
Freeport-McMoRan,FCX,2023Q4,2023-12-29,분기말 시가총액,61062791556,USD,계산(종가×주식수),https://query1.finance.yahoo.com/v8/finance/chart/FCX?interval=1d&events=splits (2023-12-29) ; https://www.sec.gov/Archives/edgar/data/831259/000083125924000011/,종가 42.57 × 주식수 1434409010,6
Freeport-McMoRan,FCX,2024Q1,2024-03-31,분기별 매출액,6321000000,USD,공시,https://www.sec.gov/Archives/edgar/data/831259/000083125924000019/,,6
Freeport-McMoRan,FCX,2024Q1,2024-03-31,분기별 영업이익,1634000000,USD,공시,https://www.sec.gov/Archives/edgar/data/831259/000083125924000019/,,6
Freeport-McMoRan,FCX,2024Q1,2024-03-31,분기별 당기순이익(지배),473000000,USD,계산(연결-비지배),https://www.sec.gov/Archives/edgar/data/831259/000083125924000019/,3개월 연결 1162000000 − 비지배 689000000,6
Freeport-McMoRan,FCX,2024Q1,2024-03-31,분기별 영업활동현금흐름,1896000000,USD,공시,https://www.sec.gov/Archives/edgar/data/831259/000083125924000019/,,6
Freeport-McMoRan,FCX,2024Q1,2024-03-31,분기말 자산총계,54198000000,USD,공시,https://www.sec.gov/Archives/edgar/data/831259/000083125924000019/,,6
Freeport-McMoRan,FCX,2024Q1,2024-03-31,분기말 부채총계,26093000000,USD,공시,https://www.sec.gov/Archives/edgar/data/831259/000083125924000019/,,6
Freeport-McMoRan,FCX,2024Q1,2024-03-31,분기말 총자본(자기자본),28105000000,USD,공시,https://www.sec.gov/Archives/edgar/data/831259/000083125924000019/,,6
Freeport-McMoRan,FCX,2024Q1,2024-03-31,분기말 지배지분 자본,16973000000,USD,공시,https://www.sec.gov/Archives/edgar/data/831259/000083125924000019/,,6
Freeport-McMoRan,FCX,2024Q1,2024-03-28,분기말 종가,47.02,USD,API,https://query1.finance.yahoo.com/v8/finance/chart/FCX?interval=1d&events=splits (2024-03-28),,6
Freeport-McMoRan,FCX,2024Q1,2024-04-30,분기말 상장주식수,1436489977,주,공시(표지 기준일),https://www.sec.gov/Archives/edgar/data/831259/000083125924000019/,dei:EntityCommonStockSharesOutstanding 클래스 합,6
Freeport-McMoRan,FCX,2024Q1,2024-03-28,분기말 시가총액,67543758719,USD,계산(종가×주식수),https://query1.finance.yahoo.com/v8/finance/chart/FCX?interval=1d&events=splits (2024-03-28) ; https://www.sec.gov/Archives/edgar/data/831259/000083125924000019/,종가 47.02 × 주식수 1436489977,6
Freeport-McMoRan,FCX,2024Q2,2024-06-30,분기별 매출액,6624000000,USD,공시,https://www.sec.gov/Archives/edgar/data/831259/000083125924000031/,,6
Freeport-McMoRan,FCX,2024Q2,2024-06-30,분기별 영업이익,2049000000,USD,공시,https://www.sec.gov/Archives/edgar/data/831259/000083125924000031/,,6
Freeport-McMoRan,FCX,2024Q2,2024-06-30,분기별 당기순이익(지배),616000000,USD,계산(연결-비지배),https://www.sec.gov/Archives/edgar/data/831259/000083125924000031/,3개월 연결 1280000000 − 비지배 664000000,6
Freeport-McMoRan,FCX,2024Q2,2024-06-30,분기별 영업활동현금흐름,1956000000,USD,계산(누적차감),https://www.sec.gov/Archives/edgar/data/831259/000083125924000031/ ; https://www.sec.gov/Archives/edgar/data/831259/000083125924000019/,누적 3852000000 − 직전누적 1896000000 (시작 2024-01-01),6
Freeport-McMoRan,FCX,2024Q2,2024-06-30,분기말 자산총계,54635000000,USD,공시,https://www.sec.gov/Archives/edgar/data/831259/000083125924000031/,,6
Freeport-McMoRan,FCX,2024Q2,2024-06-30,분기말 부채총계,25949000000,USD,공시,https://www.sec.gov/Archives/edgar/data/831259/000083125924000031/,,6
Freeport-McMoRan,FCX,2024Q2,2024-06-30,분기말 총자본(자기자본),28686000000,USD,공시,https://www.sec.gov/Archives/edgar/data/831259/000083125924000031/,,6
Freeport-McMoRan,FCX,2024Q2,2024-06-30,분기말 지배지분 자본,17404000000,USD,공시,https://www.sec.gov/Archives/edgar/data/831259/000083125924000031/,,6
Freeport-McMoRan,FCX,2024Q2,2024-06-28,분기말 종가,48.6,USD,API,https://query1.finance.yahoo.com/v8/finance/chart/FCX?interval=1d&events=splits (2024-06-28),,6
Freeport-McMoRan,FCX,2024Q2,2024-07-31,분기말 상장주식수,1436856316,주,공시(표지 기준일),https://www.sec.gov/Archives/edgar/data/831259/000083125924000031/,dei:EntityCommonStockSharesOutstanding 클래스 합,6
Freeport-McMoRan,FCX,2024Q2,2024-06-28,분기말 시가총액,69831216958,USD,계산(종가×주식수),https://query1.finance.yahoo.com/v8/finance/chart/FCX?interval=1d&events=splits (2024-06-28) ; https://www.sec.gov/Archives/edgar/data/831259/000083125924000031/,종가 48.6 × 주식수 1436856316,6
Freeport-McMoRan,FCX,2024Q3,2024-09-30,분기별 매출액,6790000000,USD,공시,https://www.sec.gov/Archives/edgar/data/831259/000083125924000039/,,6
Freeport-McMoRan,FCX,2024Q3,2024-09-30,분기별 영업이익,1938000000,USD,공시,https://www.sec.gov/Archives/edgar/data/831259/000083125924000039/,,6
Freeport-McMoRan,FCX,2024Q3,2024-09-30,분기별 당기순이익(지배),526000000,USD,계산(연결-비지배),https://www.sec.gov/Archives/edgar/data/831259/000083125924000039/,3개월 연결 1236000000 − 비지배 710000000,6
Freeport-McMoRan,FCX,2024Q3,2024-09-30,분기별 영업활동현금흐름,1872000000,USD,계산(누적차감),https://www.sec.gov/Archives/edgar/data/831259/000083125924000039/ ; https://www.sec.gov/Archives/edgar/data/831259/000083125924000031/,누적 5724000000 − 직전누적 3852000000 (시작 2024-01-01),6
Freeport-McMoRan,FCX,2024Q3,2024-09-30,분기말 자산총계,55400000000,USD,공시,https://www.sec.gov/Archives/edgar/data/831259/000083125924000039/,,6
Freeport-McMoRan,FCX,2024Q3,2024-09-30,분기말 부채총계,26534000000,USD,공시,https://www.sec.gov/Archives/edgar/data/831259/000083125924000039/,,6
Freeport-McMoRan,FCX,2024Q3,2024-09-30,분기말 총자본(자기자본),28866000000,USD,공시,https://www.sec.gov/Archives/edgar/data/831259/000083125924000039/,,6
Freeport-McMoRan,FCX,2024Q3,2024-09-30,분기말 지배지분 자본,17548000000,USD,공시,https://www.sec.gov/Archives/edgar/data/831259/000083125924000039/,,6
Freeport-McMoRan,FCX,2024Q3,2024-09-30,분기말 종가,49.92,USD,API,https://query1.finance.yahoo.com/v8/finance/chart/FCX?interval=1d&events=splits (2024-09-30),,6
Freeport-McMoRan,FCX,2024Q3,2024-10-31,분기말 상장주식수,1436927710,주,공시(표지 기준일),https://www.sec.gov/Archives/edgar/data/831259/000083125924000039/,dei:EntityCommonStockSharesOutstanding 클래스 합,6
Freeport-McMoRan,FCX,2024Q3,2024-09-30,분기말 시가총액,71731431283,USD,계산(종가×주식수),https://query1.finance.yahoo.com/v8/finance/chart/FCX?interval=1d&events=splits (2024-09-30) ; https://www.sec.gov/Archives/edgar/data/831259/000083125924000039/,종가 49.92 × 주식수 1436927710,6
Freeport-McMoRan,FCX,2024Q4,2024-12-31,분기별 매출액,5720000000,USD,계산(연간-3분기누적),https://www.sec.gov/Archives/edgar/data/831259/000083125925000006/ ; https://www.sec.gov/Archives/edgar/data/831259/000083125924000039/,연간 25455000000 − 9개월누적 19735000000 (Revenues),6
Freeport-McMoRan,FCX,2024Q4,2024-12-31,분기별 영업이익,1243000000,USD,계산(연간-3분기누적),https://www.sec.gov/Archives/edgar/data/831259/000083125925000006/ ; https://www.sec.gov/Archives/edgar/data/831259/000083125924000039/,연간 6864000000 − 9개월누적 5621000000 (OperatingIncomeLoss),6
Freeport-McMoRan,FCX,2024Q4,2024-12-31,분기별 당기순이익(지배),274000000,USD,계산(연간(연결-비지배)-3분기누적),https://www.sec.gov/Archives/edgar/data/831259/000083125925000006/ ; https://www.sec.gov/Archives/edgar/data/831259/000083125924000039/,연간 연결 4399000000 − 비지배 2510000000 − (9개월 연결 3678000000 − 비지배 2063000000),6
Freeport-McMoRan,FCX,2024Q4,2024-12-31,분기별 영업활동현금흐름,1436000000,USD,계산(누적차감),https://www.sec.gov/Archives/edgar/data/831259/000083125925000006/ ; https://www.sec.gov/Archives/edgar/data/831259/000083125924000039/,누적 7160000000 − 직전누적 5724000000 (시작 2024-01-01),6
Freeport-McMoRan,FCX,2024Q4,2024-12-31,분기말 자산총계,54848000000,USD,공시,https://www.sec.gov/Archives/edgar/data/831259/000083125925000006/,,6
Freeport-McMoRan,FCX,2024Q4,2024-12-31,분기말 부채총계,26070000000,USD,공시,https://www.sec.gov/Archives/edgar/data/831259/000083125925000006/,,6
Freeport-McMoRan,FCX,2024Q4,2024-12-31,분기말 총자본(자기자본),28778000000,USD,공시,https://www.sec.gov/Archives/edgar/data/831259/000083125925000006/,,6
Freeport-McMoRan,FCX,2024Q4,2024-12-31,분기말 지배지분 자본,17581000000,USD,공시,https://www.sec.gov/Archives/edgar/data/831259/000083125925000006/,,6
Freeport-McMoRan,FCX,2024Q4,2024-12-31,분기말 종가,38.08,USD,API,https://query1.finance.yahoo.com/v8/finance/chart/FCX?interval=1d&events=splits (2024-12-31),,6
Freeport-McMoRan,FCX,2024Q4,2025-01-31,분기말 상장주식수,1437073006,주,공시(표지 기준일),https://www.sec.gov/Archives/edgar/data/831259/000083125925000006/,dei:EntityCommonStockSharesOutstanding 클래스 합,6
Freeport-McMoRan,FCX,2024Q4,2024-12-31,분기말 시가총액,54723740068,USD,계산(종가×주식수),https://query1.finance.yahoo.com/v8/finance/chart/FCX?interval=1d&events=splits (2024-12-31) ; https://www.sec.gov/Archives/edgar/data/831259/000083125925000006/,종가 38.08 × 주식수 1437073006,6
Freeport-McMoRan,FCX,2025Q1,2025-03-31,분기별 매출액,5728000000,USD,공시,https://www.sec.gov/Archives/edgar/data/831259/000083125925000018/,,6
Freeport-McMoRan,FCX,2025Q1,2025-03-31,분기별 영업이익,1303000000,USD,공시,https://www.sec.gov/Archives/edgar/data/831259/000083125925000018/,,6
Freeport-McMoRan,FCX,2025Q1,2025-03-31,분기별 당기순이익(지배),352000000,USD,계산(연결-비지배),https://www.sec.gov/Archives/edgar/data/831259/000083125925000018/,3개월 연결 793000000 − 비지배 441000000,6
Freeport-McMoRan,FCX,2025Q1,2025-03-31,분기별 영업활동현금흐름,1058000000,USD,공시,https://www.sec.gov/Archives/edgar/data/831259/000083125925000018/,,6
Freeport-McMoRan,FCX,2025Q1,2025-03-31,분기말 자산총계,56022000000,USD,공시,https://www.sec.gov/Archives/edgar/data/831259/000083125925000018/,,6
Freeport-McMoRan,FCX,2025Q1,2025-03-31,분기말 부채총계,26808000000,USD,공시,https://www.sec.gov/Archives/edgar/data/831259/000083125925000018/,,6
Freeport-McMoRan,FCX,2025Q1,2025-03-31,분기말 총자본(자기자본),29214000000,USD,공시,https://www.sec.gov/Archives/edgar/data/831259/000083125925000018/,,6
Freeport-McMoRan,FCX,2025Q1,2025-03-31,분기말 지배지분 자본,17688000000,USD,공시,https://www.sec.gov/Archives/edgar/data/831259/000083125925000018/,,6
Freeport-McMoRan,FCX,2025Q1,2025-03-31,분기말 종가,37.86,USD,API,https://query1.finance.yahoo.com/v8/finance/chart/FCX?interval=1d&events=splits (2025-03-31),,6
Freeport-McMoRan,FCX,2025Q1,2025-04-30,분기말 상장주식수,1436200253,주,공시(표지 기준일),https://www.sec.gov/Archives/edgar/data/831259/000083125925000018/,dei:EntityCommonStockSharesOutstanding 클래스 합,6
Freeport-McMoRan,FCX,2025Q1,2025-03-31,분기말 시가총액,54374541579,USD,계산(종가×주식수),https://query1.finance.yahoo.com/v8/finance/chart/FCX?interval=1d&events=splits (2025-03-31) ; https://www.sec.gov/Archives/edgar/data/831259/000083125925000018/,종가 37.86 × 주식수 1436200253,6
Freeport-McMoRan,FCX,2025Q2,2025-06-30,분기별 매출액,7582000000,USD,공시,https://www.sec.gov/Archives/edgar/data/831259/000083125925000031/,,6
Freeport-McMoRan,FCX,2025Q2,2025-06-30,분기별 영업이익,2432000000,USD,공시,https://www.sec.gov/Archives/edgar/data/831259/000083125925000031/,,6
Freeport-McMoRan,FCX,2025Q2,2025-06-30,분기별 당기순이익(지배),772000000,USD,계산(연결-비지배),https://www.sec.gov/Archives/edgar/data/831259/000083125925000031/,3개월 연결 1547000000 − 비지배 775000000,6
Freeport-McMoRan,FCX,2025Q2,2025-06-30,분기별 영업활동현금흐름,2195000000,USD,계산(누적차감),https://www.sec.gov/Archives/edgar/data/831259/000083125925000031/ ; https://www.sec.gov/Archives/edgar/data/831259/000083125925000018/,누적 3253000000 − 직전누적 1058000000 (시작 2025-01-01),6
Freeport-McMoRan,FCX,2025Q2,2025-06-30,분기말 자산총계,56492000000,USD,공시,https://www.sec.gov/Archives/edgar/data/831259/000083125925000031/,,6
Freeport-McMoRan,FCX,2025Q2,2025-06-30,분기말 부채총계,26496000000,USD,공시,https://www.sec.gov/Archives/edgar/data/831259/000083125925000031/,,6
Freeport-McMoRan,FCX,2025Q2,2025-06-30,분기말 총자본(자기자본),29996000000,USD,공시,https://www.sec.gov/Archives/edgar/data/831259/000083125925000031/,,6
Freeport-McMoRan,FCX,2025Q2,2025-06-30,분기말 지배지분 자본,18208000000,USD,공시,https://www.sec.gov/Archives/edgar/data/831259/000083125925000031/,,6
Freeport-McMoRan,FCX,2025Q2,2025-06-30,분기말 종가,43.35,USD,API,https://query1.finance.yahoo.com/v8/finance/chart/FCX?interval=1d&events=splits (2025-06-30),,6
Freeport-McMoRan,FCX,2025Q2,2025-07-31,분기말 상장주식수,1435774134,주,공시(표지 기준일),https://www.sec.gov/Archives/edgar/data/831259/000083125925000031/,dei:EntityCommonStockSharesOutstanding 클래스 합,6
Freeport-McMoRan,FCX,2025Q2,2025-06-30,분기말 시가총액,62240808709,USD,계산(종가×주식수),https://query1.finance.yahoo.com/v8/finance/chart/FCX?interval=1d&events=splits (2025-06-30) ; https://www.sec.gov/Archives/edgar/data/831259/000083125925000031/,종가 43.35 × 주식수 1435774134,6
Freeport-McMoRan,FCX,2025Q3,2025-09-30,분기별 매출액,6972000000,USD,공시,https://www.sec.gov/Archives/edgar/data/831259/000083125925000050/,,6
Freeport-McMoRan,FCX,2025Q3,2025-09-30,분기별 영업이익,1972000000,USD,공시,https://www.sec.gov/Archives/edgar/data/831259/000083125925000050/,,6
Freeport-McMoRan,FCX,2025Q3,2025-09-30,분기별 당기순이익(지배),674000000,USD,계산(연결-비지배),https://www.sec.gov/Archives/edgar/data/831259/000083125925000050/,3개월 연결 1247000000 − 비지배 573000000,6
Freeport-McMoRan,FCX,2025Q3,2025-09-30,분기별 영업활동현금흐름,1664000000,USD,계산(누적차감),https://www.sec.gov/Archives/edgar/data/831259/000083125925000050/ ; https://www.sec.gov/Archives/edgar/data/831259/000083125925000031/,누적 4917000000 − 직전누적 3253000000 (시작 2025-01-01),6
Freeport-McMoRan,FCX,2025Q3,2025-09-30,분기말 자산총계,56828000000,USD,공시,https://www.sec.gov/Archives/edgar/data/831259/000083125925000050/,,6
Freeport-McMoRan,FCX,2025Q3,2025-09-30,분기말 부채총계,26431000000,USD,공시,https://www.sec.gov/Archives/edgar/data/831259/000083125925000050/,,6
Freeport-McMoRan,FCX,2025Q3,2025-09-30,분기말 총자본(자기자본),30397000000,USD,공시,https://www.sec.gov/Archives/edgar/data/831259/000083125925000050/,,6
Freeport-McMoRan,FCX,2025Q3,2025-09-30,분기말 지배지분 자본,18685000000,USD,공시,https://www.sec.gov/Archives/edgar/data/831259/000083125925000050/,,6
Freeport-McMoRan,FCX,2025Q3,2025-09-30,분기말 종가,39.22,USD,API,https://query1.finance.yahoo.com/v8/finance/chart/FCX?interval=1d&events=splits (2025-09-30),,6
Freeport-McMoRan,FCX,2025Q3,2025-10-31,분기말 상장주식수,1435930660,주,공시(표지 기준일),https://www.sec.gov/Archives/edgar/data/831259/000083125925000050/,dei:EntityCommonStockSharesOutstanding 클래스 합,6
Freeport-McMoRan,FCX,2025Q3,2025-09-30,분기말 시가총액,56317200485,USD,계산(종가×주식수),https://query1.finance.yahoo.com/v8/finance/chart/FCX?interval=1d&events=splits (2025-09-30) ; https://www.sec.gov/Archives/edgar/data/831259/000083125925000050/,종가 39.22 × 주식수 1435930660,6
Freeport-McMoRan,FCX,2025Q4,2025-12-31,분기별 매출액,5633000000,USD,계산(연간-3분기누적),https://www.sec.gov/Archives/edgar/data/831259/000083125926000012/ ; https://www.sec.gov/Archives/edgar/data/831259/000083125925000050/,연간 25915000000 − 9개월누적 20282000000 (Revenues),6
Freeport-McMoRan,FCX,2025Q4,2025-12-31,분기별 영업이익,811000000,USD,계산(연간-3분기누적),https://www.sec.gov/Archives/edgar/data/831259/000083125926000012/ ; https://www.sec.gov/Archives/edgar/data/831259/000083125925000050/,연간 6518000000 − 9개월누적 5707000000 (OperatingIncomeLoss),6
Freeport-McMoRan,FCX,2025Q4,2025-12-31,분기별 당기순이익(지배),406000000,USD,계산(연간(연결-비지배)-3분기누적),https://www.sec.gov/Archives/edgar/data/831259/000083125926000012/ ; https://www.sec.gov/Archives/edgar/data/831259/000083125925000050/,연간 연결 4152000000 − 비지배 1948000000 − (9개월 연결 3587000000 − 비지배 1789000000),6
Freeport-McMoRan,FCX,2025Q4,2025-12-31,분기별 영업활동현금흐름,693000000,USD,계산(누적차감),https://www.sec.gov/Archives/edgar/data/831259/000083125926000012/ ; https://www.sec.gov/Archives/edgar/data/831259/000083125925000050/,누적 5610000000 − 직전누적 4917000000 (시작 2025-01-01),6
Freeport-McMoRan,FCX,2025Q4,2025-12-31,분기말 자산총계,58167000000,USD,공시,https://www.sec.gov/Archives/edgar/data/831259/000083125926000012/,,6
Freeport-McMoRan,FCX,2025Q4,2025-12-31,분기말 부채총계,27401000000,USD,공시,https://www.sec.gov/Archives/edgar/data/831259/000083125926000012/,,6
Freeport-McMoRan,FCX,2025Q4,2025-12-31,분기말 총자본(자기자본),30766000000,USD,공시,https://www.sec.gov/Archives/edgar/data/831259/000083125926000012/,,6
Freeport-McMoRan,FCX,2025Q4,2025-12-31,분기말 지배지분 자본,18899000000,USD,공시,https://www.sec.gov/Archives/edgar/data/831259/000083125926000012/,,6
Freeport-McMoRan,FCX,2025Q4,2025-12-31,분기말 종가,50.79,USD,API,https://query1.finance.yahoo.com/v8/finance/chart/FCX?interval=1d&events=splits (2025-12-31),,6
Freeport-McMoRan,FCX,2025Q4,2026-01-31,분기말 상장주식수,1437201606,주,공시(표지 기준일),https://www.sec.gov/Archives/edgar/data/831259/000083125926000012/,dei:EntityCommonStockSharesOutstanding 클래스 합,6
Freeport-McMoRan,FCX,2025Q4,2025-12-31,분기말 시가총액,72995469569,USD,계산(종가×주식수),https://query1.finance.yahoo.com/v8/finance/chart/FCX?interval=1d&events=splits (2025-12-31) ; https://www.sec.gov/Archives/edgar/data/831259/000083125926000012/,종가 50.79 × 주식수 1437201606,6
Freeport-McMoRan,FCX,2026Q1,2026-03-31,분기별 매출액,6234000000,USD,공시,https://www.sec.gov/Archives/edgar/data/831259/000083125926000025/,,6
Freeport-McMoRan,FCX,2026Q1,2026-03-31,분기별 영업이익,2137000000,USD,공시,https://www.sec.gov/Archives/edgar/data/831259/000083125926000025/,,6
Freeport-McMoRan,FCX,2026Q1,2026-03-31,분기별 당기순이익(지배),881000000,USD,계산(연결-비지배),https://www.sec.gov/Archives/edgar/data/831259/000083125926000025/,3개월 연결 1387000000 − 비지배 506000000,6
Freeport-McMoRan,FCX,2026Q1,2026-03-31,분기별 영업활동현금흐름,1495000000,USD,공시,https://www.sec.gov/Archives/edgar/data/831259/000083125926000025/,,6
Freeport-McMoRan,FCX,2026Q1,2026-03-31,분기말 자산총계,58840000000,USD,공시,https://www.sec.gov/Archives/edgar/data/831259/000083125926000025/,,6
Freeport-McMoRan,FCX,2026Q1,2026-03-31,분기말 부채총계,27329000000,USD,공시,https://www.sec.gov/Archives/edgar/data/831259/000083125926000025/,,6
Freeport-McMoRan,FCX,2026Q1,2026-03-31,분기말 총자본(자기자본),31511000000,USD,공시,https://www.sec.gov/Archives/edgar/data/831259/000083125926000025/,,6
Freeport-McMoRan,FCX,2026Q1,2026-03-31,분기말 지배지분 자본,19505000000,USD,공시,https://www.sec.gov/Archives/edgar/data/831259/000083125926000025/,,6
Freeport-McMoRan,FCX,2026Q1,2026-03-31,분기말 종가,58.78,USD,API,https://query1.finance.yahoo.com/v8/finance/chart/FCX?interval=1d&events=splits (2026-03-31),,6
Freeport-McMoRan,FCX,2026Q1,2026-04-30,분기말 상장주식수,1437559865,주,공시(표지 기준일),https://www.sec.gov/Archives/edgar/data/831259/000083125926000025/,dei:EntityCommonStockSharesOutstanding 클래스 합,6
Freeport-McMoRan,FCX,2026Q1,2026-03-31,분기말 시가총액,84499768865,USD,계산(종가×주식수),https://query1.finance.yahoo.com/v8/finance/chart/FCX?interval=1d&events=splits (2026-03-31) ; https://www.sec.gov/Archives/edgar/data/831259/000083125926000025/,종가 58.78 × 주식수 1437559865,6
Freeport-McMoRan,FCX,2026Q2,2026-06-30,분기별 매출액,7029000000,USD,공시,https://www.sec.gov/Archives/edgar/data/831259/000083125926000036/,,6
Freeport-McMoRan,FCX,2026Q2,2026-06-30,분기별 영업이익,2003000000,USD,공시,https://www.sec.gov/Archives/edgar/data/831259/000083125926000036/,,6
Freeport-McMoRan,FCX,2026Q2,2026-06-30,분기별 당기순이익(지배),984000000,USD,공시,https://www.sec.gov/Archives/edgar/data/831259/000083125926000036/,,6
Freeport-McMoRan,FCX,2026Q2,2026-06-30,분기별 영업활동현금흐름,2048000000,USD,계산(누적차감),https://www.sec.gov/Archives/edgar/data/831259/000083125926000036/ ; https://www.sec.gov/Archives/edgar/data/831259/000083125926000025/,누적 3543000000 − 직전누적 1495000000 (시작 2026-01-01),6
Freeport-McMoRan,FCX,2026Q2,2026-06-30,분기말 자산총계,59727000000,USD,공시,https://www.sec.gov/Archives/edgar/data/831259/000083125926000036/,,6
Freeport-McMoRan,FCX,2026Q2,2026-06-30,분기말 부채총계,27505000000,USD,공시,https://www.sec.gov/Archives/edgar/data/831259/000083125926000036/,,6
Freeport-McMoRan,FCX,2026Q2,2026-06-30,분기말 총자본(자기자본),32222000000,USD,공시,https://www.sec.gov/Archives/edgar/data/831259/000083125926000036/,,6
Freeport-McMoRan,FCX,2026Q2,2026-06-30,분기말 지배지분 자본,20109000000,USD,공시,https://www.sec.gov/Archives/edgar/data/831259/000083125926000036/,,6
Freeport-McMoRan,FCX,2026Q2,2026-06-30,분기말 종가,62.89,USD,API,https://query1.finance.yahoo.com/v8/finance/chart/FCX?interval=1d&events=splits (2026-06-30),,6
Freeport-McMoRan,FCX,2026Q2,2026-07-31,분기말 상장주식수,1436017523,주,공시(표지 기준일),https://www.sec.gov/Archives/edgar/data/831259/000083125926000036/,dei:EntityCommonStockSharesOutstanding 클래스 합,6
Freeport-McMoRan,FCX,2026Q2,2026-06-30,분기말 시가총액,90311142021,USD,계산(종가×주식수),https://query1.finance.yahoo.com/v8/finance/chart/FCX?interval=1d&events=splits (2026-06-30) ; https://www.sec.gov/Archives/edgar/data/831259/000083125926000036/,종가 62.89 × 주식수 1436017523,6
