기업,종목코드,기간,기준일,항목,값,통화,값구분,출처,검산,라운드
Kimberly-Clark,KMB,2010Q1,2010-03-31,분기별 매출액,4835000000,USD,공시,https://www.sec.gov/Archives/edgar/data/55785/000005578510000026/,,13
Kimberly-Clark,KMB,2010Q1,2010-03-31,분기별 영업이익,665000000,USD,공시,https://www.sec.gov/Archives/edgar/data/55785/000005578510000026/,,13
Kimberly-Clark,KMB,2010Q1,2010-03-31,분기별 당기순이익(지배),384000000,USD,공시,https://www.sec.gov/Archives/edgar/data/55785/000005578510000026/,,13
Kimberly-Clark,KMB,2010Q1,2010-03-31,분기별 영업활동현금흐름,464000000,USD,공시,https://www.sec.gov/Archives/edgar/data/55785/000005578510000026/,,13
Kimberly-Clark,KMB,2010Q1,2010-03-31,분기말 자산총계,18997000000,USD,공시,https://www.sec.gov/Archives/edgar/data/55785/000005578510000026/,,13
Kimberly-Clark,KMB,2010Q1,2010-03-31,분기말 부채총계,13319000000,USD,계산(부채및자본-총자본),https://www.sec.gov/Archives/edgar/data/55785/000005578510000026/,부채및자본 18997000000 − 총자본 5678000000,13
Kimberly-Clark,KMB,2010Q1,2010-03-31,분기말 총자본(자기자본),5678000000,USD,공시,https://www.sec.gov/Archives/edgar/data/55785/000005578510000026/,,13
Kimberly-Clark,KMB,2010Q1,2010-03-31,분기말 지배지분 자본,5396000000,USD,공시,https://www.sec.gov/Archives/edgar/data/55785/000005578510000026/,,13
Kimberly-Clark,KMB,2010Q1,2010-03-31,분기말 종가,62.88,USD,API,https://query1.finance.yahoo.com/v8/finance/chart/KMB?interval=1d&events=splits (2010-03-31),분할조정 종가 60.2876 × 이후 분할계수 1.043,13
Kimberly-Clark,KMB,2010Q1,2010-03-31,분기말 상장주식수,413971851,주,공시(표지 기준일),https://www.sec.gov/Archives/edgar/data/55785/000005578510000026/,dei:EntityCommonStockSharesOutstanding 클래스 합,13
Kimberly-Clark,KMB,2010Q1,2010-03-31,분기말 시가총액,26030549991,USD,계산(종가×주식수),https://query1.finance.yahoo.com/v8/finance/chart/KMB?interval=1d&events=splits (2010-03-31) ; https://www.sec.gov/Archives/edgar/data/55785/000005578510000026/,종가 62.88 × 주식수 413971851,13
Kimberly-Clark,KMB,2010Q2,2010-06-30,분기별 매출액,4857000000,USD,공시,https://www.sec.gov/Archives/edgar/data/55785/000119312510182676/,,13
Kimberly-Clark,KMB,2010Q2,2010-06-30,분기별 영업이익,711000000,USD,공시,https://www.sec.gov/Archives/edgar/data/55785/000119312510182676/,,13
Kimberly-Clark,KMB,2010Q2,2010-06-30,분기별 당기순이익(지배),498000000,USD,공시,https://www.sec.gov/Archives/edgar/data/55785/000119312510182676/,,13
Kimberly-Clark,KMB,2010Q2,2010-06-30,분기별 영업활동현금흐름,587000000,USD,계산(누적차감),https://www.sec.gov/Archives/edgar/data/55785/000119312510182676/ ; https://www.sec.gov/Archives/edgar/data/55785/000005578510000026/,누적 1051000000 − 직전누적 464000000 (시작 2010-01-01),13
Kimberly-Clark,KMB,2010Q2,2010-06-30,분기말 자산총계,18713000000,USD,공시,https://www.sec.gov/Archives/edgar/data/55785/000119312510182676/,,13
Kimberly-Clark,KMB,2010Q2,2010-06-30,분기말 부채총계,13426000000,USD,계산(부채및자본-총자본),https://www.sec.gov/Archives/edgar/data/55785/000119312510182676/,부채및자본 18713000000 − 총자본 5287000000,13
Kimberly-Clark,KMB,2010Q2,2010-06-30,분기말 총자본(자기자본),5287000000,USD,공시,https://www.sec.gov/Archives/edgar/data/55785/000119312510182676/,,13
Kimberly-Clark,KMB,2010Q2,2010-06-30,분기말 지배지분 자본,5015000000,USD,공시,https://www.sec.gov/Archives/edgar/data/55785/000119312510182676/,,13
Kimberly-Clark,KMB,2010Q2,2010-06-30,분기말 종가,60.63,USD,API,https://query1.finance.yahoo.com/v8/finance/chart/KMB?interval=1d&events=splits (2010-06-30),분할조정 종가 58.1304 × 이후 분할계수 1.043,13
Kimberly-Clark,KMB,2010Q2,2010-07-30,분기말 상장주식수,409312506,주,공시(표지 기준일),https://www.sec.gov/Archives/edgar/data/55785/000119312510182676/,dei:EntityCommonStockSharesOutstanding 클래스 합,13
Kimberly-Clark,KMB,2010Q2,2010-06-30,분기말 시가총액,24816617239,USD,계산(종가×주식수),https://query1.finance.yahoo.com/v8/finance/chart/KMB?interval=1d&events=splits (2010-06-30) ; https://www.sec.gov/Archives/edgar/data/55785/000119312510182676/,종가 60.63 × 주식수 409312506,13
Kimberly-Clark,KMB,2010Q3,2010-09-30,분기별 매출액,4979000000,USD,공시,https://www.sec.gov/Archives/edgar/data/55785/000119312510251479/,,13
Kimberly-Clark,KMB,2010Q3,2010-09-30,분기별 영업이익,698000000,USD,공시,https://www.sec.gov/Archives/edgar/data/55785/000119312510251479/,,13
Kimberly-Clark,KMB,2010Q3,2010-09-30,분기별 당기순이익(지배),469000000,USD,공시,https://www.sec.gov/Archives/edgar/data/55785/000119312510251479/,,13
Kimberly-Clark,KMB,2010Q3,2010-09-30,분기별 영업활동현금흐름,745000000,USD,계산(누적차감),https://www.sec.gov/Archives/edgar/data/55785/000119312510251479/ ; https://www.sec.gov/Archives/edgar/data/55785/000119312510182676/,누적 1796000000 − 직전누적 1051000000 (시작 2010-01-01),13
Kimberly-Clark,KMB,2010Q3,2010-09-30,분기말 자산총계,19486000000,USD,공시,https://www.sec.gov/Archives/edgar/data/55785/000119312510251479/,,13
Kimberly-Clark,KMB,2010Q3,2010-09-30,분기말 부채총계,13552000000,USD,계산(부채및자본-총자본),https://www.sec.gov/Archives/edgar/data/55785/000119312510251479/,부채및자본 19486000000 − 총자본 5934000000,13
Kimberly-Clark,KMB,2010Q3,2010-09-30,분기말 총자본(자기자본),5934000000,USD,공시,https://www.sec.gov/Archives/edgar/data/55785/000119312510251479/,,13
Kimberly-Clark,KMB,2010Q3,2010-09-30,분기말 지배지분 자본,5660000000,USD,공시,https://www.sec.gov/Archives/edgar/data/55785/000119312510251479/,,13
Kimberly-Clark,KMB,2010Q3,2010-09-30,분기말 종가,65.05,USD,API,https://query1.finance.yahoo.com/v8/finance/chart/KMB?interval=1d&events=splits (2010-09-30),분할조정 종가 62.3682 × 이후 분할계수 1.043,13
Kimberly-Clark,KMB,2010Q3,2010-10-29,분기말 상장주식수,407793089,주,공시(표지 기준일),https://www.sec.gov/Archives/edgar/data/55785/000119312510251479/,dei:EntityCommonStockSharesOutstanding 클래스 합,13
Kimberly-Clark,KMB,2010Q3,2010-09-30,분기말 시가총액,26526940439,USD,계산(종가×주식수),https://query1.finance.yahoo.com/v8/finance/chart/KMB?interval=1d&events=splits (2010-09-30) ; https://www.sec.gov/Archives/edgar/data/55785/000119312510251479/,종가 65.05 × 주식수 407793089,13
Kimberly-Clark,KMB,2010Q4,2010-12-31,분기별 매출액,5075000000,USD,계산(연간-3분기누적),https://www.sec.gov/Archives/edgar/data/55785/000119312511043300/ ; https://www.sec.gov/Archives/edgar/data/55785/000119312510251479/,연간 19746000000 − 9개월누적 14671000000 (SalesRevenueNet),13
Kimberly-Clark,KMB,2010Q4,2010-12-31,분기별 영업이익,699000000,USD,계산(연간-3분기누적),https://www.sec.gov/Archives/edgar/data/55785/000119312511043300/ ; https://www.sec.gov/Archives/edgar/data/55785/000119312510251479/,연간 2773000000 − 9개월누적 2074000000 (OperatingIncomeLoss),13
Kimberly-Clark,KMB,2010Q4,2010-12-31,분기별 당기순이익(지배),492000000,USD,계산(연간-3분기누적),https://www.sec.gov/Archives/edgar/data/55785/000119312511043300/ ; https://www.sec.gov/Archives/edgar/data/55785/000119312510251479/,연간 1843000000 − 9개월누적 1351000000 (NetIncomeLoss),13
Kimberly-Clark,KMB,2010Q4,2010-12-31,분기별 영업활동현금흐름,948000000,USD,계산(누적차감),https://www.sec.gov/Archives/edgar/data/55785/000119312511043300/ ; https://www.sec.gov/Archives/edgar/data/55785/000119312510251479/,누적 2744000000 − 직전누적 1796000000 (시작 2010-01-01),13
Kimberly-Clark,KMB,2010Q4,2010-12-31,분기말 자산총계,19864000000,USD,공시,https://www.sec.gov/Archives/edgar/data/55785/000119312511043300/,,13
Kimberly-Clark,KMB,2010Q4,2010-12-31,분기말 부채총계,13662000000,USD,계산(부채및자본-총자본),https://www.sec.gov/Archives/edgar/data/55785/000119312511043300/,부채및자본 19864000000 − 총자본 6202000000,13
Kimberly-Clark,KMB,2010Q4,2010-12-31,분기말 총자본(자기자본),6202000000,USD,공시,https://www.sec.gov/Archives/edgar/data/55785/000119312511043300/,,13
Kimberly-Clark,KMB,2010Q4,2010-12-31,분기말 지배지분 자본,5917000000,USD,공시,https://www.sec.gov/Archives/edgar/data/55785/000119312511043300/,,13
Kimberly-Clark,KMB,2010Q4,2010-12-31,분기말 종가,63.04,USD,API,https://query1.finance.yahoo.com/v8/finance/chart/KMB?interval=1d&events=splits (2010-12-31),분할조정 종가 60.441 × 이후 분할계수 1.043,13
Kimberly-Clark,KMB,2010Q4,2011-02-11,분기말 상장주식수,404377352,주,공시(표지 기준일),https://www.sec.gov/Archives/edgar/data/55785/000119312511043300/,dei:EntityCommonStockSharesOutstanding 클래스 합,13
Kimberly-Clark,KMB,2010Q4,2010-12-31,분기말 시가총액,25491948270,USD,계산(종가×주식수),https://query1.finance.yahoo.com/v8/finance/chart/KMB?interval=1d&events=splits (2010-12-31) ; https://www.sec.gov/Archives/edgar/data/55785/000119312511043300/,종가 63.04 × 주식수 404377352,13
Kimberly-Clark,KMB,2011Q1,2011-03-31,분기별 매출액,5029000000,USD,공시,https://www.sec.gov/Archives/edgar/data/55785/000119312511132240/,,13
Kimberly-Clark,KMB,2011Q1,2011-03-31,분기별 영업이익,544000000,USD,공시,https://www.sec.gov/Archives/edgar/data/55785/000119312511132240/,,13
Kimberly-Clark,KMB,2011Q1,2011-03-31,분기별 당기순이익(지배),350000000,USD,공시,https://www.sec.gov/Archives/edgar/data/55785/000119312511132240/,,13
Kimberly-Clark,KMB,2011Q1,2011-03-31,분기별 영업활동현금흐름,250000000,USD,공시,https://www.sec.gov/Archives/edgar/data/55785/000119312511132240/,,13
Kimberly-Clark,KMB,2011Q1,2011-03-31,분기말 자산총계,19992000000,USD,공시,https://www.sec.gov/Archives/edgar/data/55785/000119312511132240/,,13
Kimberly-Clark,KMB,2011Q1,2011-03-31,분기말 부채총계,14271000000,USD,계산(부채및자본-총자본),https://www.sec.gov/Archives/edgar/data/55785/000119312511132240/,부채및자본 19992000000 − 총자본 5721000000,13
Kimberly-Clark,KMB,2011Q1,2011-03-31,분기말 총자본(자기자본),5721000000,USD,공시,https://www.sec.gov/Archives/edgar/data/55785/000119312511132240/,,13
Kimberly-Clark,KMB,2011Q1,2011-03-31,분기말 지배지분 자본,5434000000,USD,공시,https://www.sec.gov/Archives/edgar/data/55785/000119312511132240/,,13
Kimberly-Clark,KMB,2011Q1,2011-03-31,분기말 종가,65.27,USD,API,https://query1.finance.yahoo.com/v8/finance/chart/KMB?interval=1d&events=splits (2011-03-31),분할조정 종가 62.5791 × 이후 분할계수 1.043,13
Kimberly-Clark,KMB,2011Q1,2011-04-29,분기말 상장주식수,392878022,주,공시(표지 기준일),https://www.sec.gov/Archives/edgar/data/55785/000119312511132240/,dei:EntityCommonStockSharesOutstanding 클래스 합,13
Kimberly-Clark,KMB,2011Q1,2011-03-31,분기말 시가총액,25643148496,USD,계산(종가×주식수),https://query1.finance.yahoo.com/v8/finance/chart/KMB?interval=1d&events=splits (2011-03-31) ; https://www.sec.gov/Archives/edgar/data/55785/000119312511132240/,종가 65.27 × 주식수 392878022,13
Kimberly-Clark,KMB,2011Q2,2011-06-30,분기별 매출액,5259000000,USD,공시,https://www.sec.gov/Archives/edgar/data/55785/000119312511212146/,,13
Kimberly-Clark,KMB,2011Q2,2011-06-30,분기별 영업이익,625000000,USD,공시,https://www.sec.gov/Archives/edgar/data/55785/000119312511212146/,,13
Kimberly-Clark,KMB,2011Q2,2011-06-30,분기별 당기순이익(지배),408000000,USD,공시,https://www.sec.gov/Archives/edgar/data/55785/000119312511212146/,,13
Kimberly-Clark,KMB,2011Q2,2011-06-30,분기별 영업활동현금흐름,771000000,USD,계산(누적차감),https://www.sec.gov/Archives/edgar/data/55785/000119312511212146/ ; https://www.sec.gov/Archives/edgar/data/55785/000119312511132240/,누적 1021000000 − 직전누적 250000000 (시작 2011-01-01),13
Kimberly-Clark,KMB,2011Q2,2011-06-30,분기말 자산총계,20480000000,USD,공시,https://www.sec.gov/Archives/edgar/data/55785/000119312511212146/,,13
Kimberly-Clark,KMB,2011Q2,2011-06-30,분기말 부채총계,14623000000,USD,계산(부채및자본-총자본),https://www.sec.gov/Archives/edgar/data/55785/000119312511212146/,부채및자본 20480000000 − 총자본 5857000000,13
Kimberly-Clark,KMB,2011Q2,2011-06-30,분기말 총자본(자기자본),5857000000,USD,공시,https://www.sec.gov/Archives/edgar/data/55785/000119312511212146/,,13
Kimberly-Clark,KMB,2011Q2,2011-06-30,분기말 지배지분 자본,5556000000,USD,공시,https://www.sec.gov/Archives/edgar/data/55785/000119312511212146/,,13
Kimberly-Clark,KMB,2011Q2,2011-06-30,분기말 종가,66.56,USD,API,https://query1.finance.yahoo.com/v8/finance/chart/KMB?interval=1d&events=splits (2011-06-30),분할조정 종가 63.8159 × 이후 분할계수 1.043,13
Kimberly-Clark,KMB,2011Q2,2011-07-29,분기말 상장주식수,391802755,주,공시(표지 기준일),https://www.sec.gov/Archives/edgar/data/55785/000119312511212146/,dei:EntityCommonStockSharesOutstanding 클래스 합,13
Kimberly-Clark,KMB,2011Q2,2011-06-30,분기말 시가총액,26078391373,USD,계산(종가×주식수),https://query1.finance.yahoo.com/v8/finance/chart/KMB?interval=1d&events=splits (2011-06-30) ; https://www.sec.gov/Archives/edgar/data/55785/000119312511212146/,종가 66.56 × 주식수 391802755,13
Kimberly-Clark,KMB,2011Q3,2011-09-30,분기별 매출액,5382000000,USD,공시,https://www.sec.gov/Archives/edgar/data/55785/000005578511000045/,,13
Kimberly-Clark,KMB,2011Q3,2011-09-30,분기별 영업이익,662000000,USD,공시,https://www.sec.gov/Archives/edgar/data/55785/000005578511000045/,,13
Kimberly-Clark,KMB,2011Q3,2011-09-30,분기별 당기순이익(지배),432000000,USD,공시,https://www.sec.gov/Archives/edgar/data/55785/000005578511000045/,,13
Kimberly-Clark,KMB,2011Q3,2011-09-30,분기별 영업활동현금흐름,750000000,USD,계산(누적차감),https://www.sec.gov/Archives/edgar/data/55785/000005578511000045/ ; https://www.sec.gov/Archives/edgar/data/55785/000119312511212146/,누적 1771000000 − 직전누적 1021000000 (시작 2011-01-01),13
Kimberly-Clark,KMB,2011Q3,2011-09-30,분기말 자산총계,19630000000,USD,공시,https://www.sec.gov/Archives/edgar/data/55785/000005578511000045/,,13
Kimberly-Clark,KMB,2011Q3,2011-09-30,분기말 부채총계,14167000000,USD,계산(부채및자본-총자본),https://www.sec.gov/Archives/edgar/data/55785/000005578511000045/,부채및자본 19630000000 − 총자본 5463000000,13
Kimberly-Clark,KMB,2011Q3,2011-09-30,분기말 총자본(자기자본),5463000000,USD,공시,https://www.sec.gov/Archives/edgar/data/55785/000005578511000045/,,13
Kimberly-Clark,KMB,2011Q3,2011-09-30,분기말 지배지분 자본,5179000000,USD,공시,https://www.sec.gov/Archives/edgar/data/55785/000005578511000045/,,13
Kimberly-Clark,KMB,2011Q3,2011-09-30,분기말 종가,71.01,USD,API,https://query1.finance.yahoo.com/v8/finance/chart/KMB?interval=1d&events=splits (2011-09-30),분할조정 종가 68.0825 × 이후 분할계수 1.043,13
Kimberly-Clark,KMB,2011Q3,2011-10-31,분기말 상장주식수,394097360,주,공시(표지 기준일),https://www.sec.gov/Archives/edgar/data/55785/000005578511000045/,dei:EntityCommonStockSharesOutstanding 클래스 합,13
Kimberly-Clark,KMB,2011Q3,2011-09-30,분기말 시가총액,27984853534,USD,계산(종가×주식수),https://query1.finance.yahoo.com/v8/finance/chart/KMB?interval=1d&events=splits (2011-09-30) ; https://www.sec.gov/Archives/edgar/data/55785/000005578511000045/,종가 71.01 × 주식수 394097360,13
Kimberly-Clark,KMB,2011Q4,2011-12-31,분기별 매출액,5176000000,USD,계산(연간-3분기누적),https://www.sec.gov/Archives/edgar/data/55785/000005578512000021/ ; https://www.sec.gov/Archives/edgar/data/55785/000005578511000045/,연간 20846000000 − 9개월누적 15670000000 (SalesRevenueNet),13
Kimberly-Clark,KMB,2011Q4,2011-12-31,분기별 영업이익,611000000,USD,계산(연간-3분기누적),https://www.sec.gov/Archives/edgar/data/55785/000005578512000021/ ; https://www.sec.gov/Archives/edgar/data/55785/000005578511000045/,연간 2442000000 − 9개월누적 1831000000 (OperatingIncomeLoss),13
Kimberly-Clark,KMB,2011Q4,2011-12-31,분기별 당기순이익(지배),401000000,USD,계산(연간-3분기누적),https://www.sec.gov/Archives/edgar/data/55785/000005578512000021/ ; https://www.sec.gov/Archives/edgar/data/55785/000005578511000045/,연간 1591000000 − 9개월누적 1190000000 (NetIncomeLoss),13
Kimberly-Clark,KMB,2011Q4,2011-12-31,분기별 영업활동현금흐름,517000000,USD,계산(누적차감),https://www.sec.gov/Archives/edgar/data/55785/000005578512000021/ ; https://www.sec.gov/Archives/edgar/data/55785/000005578511000045/,누적 2288000000 − 직전누적 1771000000 (시작 2011-01-01),13
Kimberly-Clark,KMB,2011Q4,2011-12-31,분기말 자산총계,19373000000,USD,공시,https://www.sec.gov/Archives/edgar/data/55785/000005578512000021/,,13
Kimberly-Clark,KMB,2011Q4,2011-12-31,분기말 부채총계,13844000000,USD,계산(부채및자본-총자본),https://www.sec.gov/Archives/edgar/data/55785/000005578512000021/,부채및자본 19373000000 − 총자본 5529000000,13
Kimberly-Clark,KMB,2011Q4,2011-12-31,분기말 총자본(자기자본),5529000000,USD,공시,https://www.sec.gov/Archives/edgar/data/55785/000005578512000021/,,13
Kimberly-Clark,KMB,2011Q4,2011-12-31,분기말 지배지분 자본,5249000000,USD,공시,https://www.sec.gov/Archives/edgar/data/55785/000005578512000021/,,13
Kimberly-Clark,KMB,2011Q4,2011-12-30,분기말 종가,73.56,USD,API,https://query1.finance.yahoo.com/v8/finance/chart/KMB?interval=1d&events=splits (2011-12-30),분할조정 종가 70.5273 × 이후 분할계수 1.043,13
Kimberly-Clark,KMB,2011Q4,2012-02-22,분기말 상장주식수,393683636,주,공시(표지 기준일),https://www.sec.gov/Archives/edgar/data/55785/000005578512000021/,dei:EntityCommonStockSharesOutstanding 클래스 합,13
Kimberly-Clark,KMB,2011Q4,2011-12-30,분기말 시가총액,28959368264,USD,계산(종가×주식수),https://query1.finance.yahoo.com/v8/finance/chart/KMB?interval=1d&events=splits (2011-12-30) ; https://www.sec.gov/Archives/edgar/data/55785/000005578512000021/,종가 73.56 × 주식수 393683636,13
Kimberly-Clark,KMB,2012Q1,2012-03-31,분기별 매출액,5241000000,USD,공시,https://www.sec.gov/Archives/edgar/data/55785/000005578512000046/,,13
Kimberly-Clark,KMB,2012Q1,2012-03-31,분기별 영업이익,700000000,USD,공시,https://www.sec.gov/Archives/edgar/data/55785/000005578512000046/,,13
Kimberly-Clark,KMB,2012Q1,2012-03-31,분기별 당기순이익(지배),468000000,USD,공시,https://www.sec.gov/Archives/edgar/data/55785/000005578512000046/,,13
Kimberly-Clark,KMB,2012Q1,2012-03-31,분기별 영업활동현금흐름,585000000,USD,공시,https://www.sec.gov/Archives/edgar/data/55785/000005578512000046/,,13
Kimberly-Clark,KMB,2012Q1,2012-03-31,분기말 자산총계,19557000000,USD,공시,https://www.sec.gov/Archives/edgar/data/55785/000005578512000046/,,13
Kimberly-Clark,KMB,2012Q1,2012-03-31,분기말 부채총계,13919000000,USD,계산(부채및자본-총자본),https://www.sec.gov/Archives/edgar/data/55785/000005578512000046/,부채및자본 19557000000 − 총자본 5638000000,13
Kimberly-Clark,KMB,2012Q1,2012-03-31,분기말 총자본(자기자본),5638000000,USD,공시,https://www.sec.gov/Archives/edgar/data/55785/000005578512000046/,,13
Kimberly-Clark,KMB,2012Q1,2012-03-31,분기말 지배지분 자본,5353000000,USD,공시,https://www.sec.gov/Archives/edgar/data/55785/000005578512000046/,,13
Kimberly-Clark,KMB,2012Q1,2012-03-30,분기말 종가,73.89,USD,API,https://query1.finance.yahoo.com/v8/finance/chart/KMB?interval=1d&events=splits (2012-03-30),분할조정 종가 70.8437 × 이후 분할계수 1.043,13
Kimberly-Clark,KMB,2012Q1,2012-04-27,분기말 상장주식수,392121472,주,공시(표지 기준일),https://www.sec.gov/Archives/edgar/data/55785/000005578512000046/,dei:EntityCommonStockSharesOutstanding 클래스 합,13
Kimberly-Clark,KMB,2012Q1,2012-03-30,분기말 시가총액,28973855566,USD,계산(종가×주식수),https://query1.finance.yahoo.com/v8/finance/chart/KMB?interval=1d&events=splits (2012-03-30) ; https://www.sec.gov/Archives/edgar/data/55785/000005578512000046/,종가 73.89 × 주식수 392121472,13
Kimberly-Clark,KMB,2012Q2,2012-06-30,분기별 매출액,5269000000,USD,공시,https://www.sec.gov/Archives/edgar/data/55785/000005578512000078/,,13
Kimberly-Clark,KMB,2012Q2,2012-06-30,분기별 영업이익,754000000,USD,공시,https://www.sec.gov/Archives/edgar/data/55785/000005578512000078/,,13
Kimberly-Clark,KMB,2012Q2,2012-06-30,분기별 당기순이익(지배),498000000,USD,공시,https://www.sec.gov/Archives/edgar/data/55785/000005578512000078/,,13
Kimberly-Clark,KMB,2012Q2,2012-06-30,분기별 영업활동현금흐름,740000000,USD,계산(누적차감),https://www.sec.gov/Archives/edgar/data/55785/000005578512000078/ ; https://www.sec.gov/Archives/edgar/data/55785/000005578512000046/,누적 1325000000 − 직전누적 585000000 (시작 2012-01-01),13
Kimberly-Clark,KMB,2012Q2,2012-06-30,분기말 자산총계,19596000000,USD,공시,https://www.sec.gov/Archives/edgar/data/55785/000005578512000078/,,13
Kimberly-Clark,KMB,2012Q2,2012-06-30,분기말 부채총계,13872000000,USD,계산(부채및자본-총자본),https://www.sec.gov/Archives/edgar/data/55785/000005578512000078/,부채및자본 19596000000 − 총자본 5724000000,13
Kimberly-Clark,KMB,2012Q2,2012-06-30,분기말 총자본(자기자본),5724000000,USD,공시,https://www.sec.gov/Archives/edgar/data/55785/000005578512000078/,,13
Kimberly-Clark,KMB,2012Q2,2012-06-30,분기말 지배지분 자본,5437000000,USD,공시,https://www.sec.gov/Archives/edgar/data/55785/000005578512000078/,,13
Kimberly-Clark,KMB,2012Q2,2012-06-29,분기말 종가,83.77,USD,API,https://query1.finance.yahoo.com/v8/finance/chart/KMB?interval=1d&events=splits (2012-06-29),분할조정 종가 80.3164 × 이후 분할계수 1.043,13
Kimberly-Clark,KMB,2012Q2,2012-07-27,분기말 상장주식수,394891086,주,공시(표지 기준일),https://www.sec.gov/Archives/edgar/data/55785/000005578512000078/,dei:EntityCommonStockSharesOutstanding 클래스 합,13
Kimberly-Clark,KMB,2012Q2,2012-06-29,분기말 시가총액,33080026274,USD,계산(종가×주식수),https://query1.finance.yahoo.com/v8/finance/chart/KMB?interval=1d&events=splits (2012-06-29) ; https://www.sec.gov/Archives/edgar/data/55785/000005578512000078/,종가 83.77 × 주식수 394891086,13
Kimberly-Clark,KMB,2012Q3,2012-09-30,분기별 매출액,5246000000,USD,공시,https://www.sec.gov/Archives/edgar/data/55785/000005578512000090/,,13
Kimberly-Clark,KMB,2012Q3,2012-09-30,분기별 영업이익,783000000,USD,공시,https://www.sec.gov/Archives/edgar/data/55785/000005578512000090/,,13
Kimberly-Clark,KMB,2012Q3,2012-09-30,분기별 당기순이익(지배),517000000,USD,공시,https://www.sec.gov/Archives/edgar/data/55785/000005578512000090/,,13
Kimberly-Clark,KMB,2012Q3,2012-09-30,분기별 영업활동현금흐름,844000000,USD,계산(누적차감),https://www.sec.gov/Archives/edgar/data/55785/000005578512000090/ ; https://www.sec.gov/Archives/edgar/data/55785/000005578512000078/,누적 2169000000 − 직전누적 1325000000 (시작 2012-01-01),13
Kimberly-Clark,KMB,2012Q3,2012-09-30,분기말 자산총계,20037000000,USD,공시,https://www.sec.gov/Archives/edgar/data/55785/000005578512000090/,,13
Kimberly-Clark,KMB,2012Q3,2012-09-30,분기말 부채총계,14198000000,USD,계산(부채및자본-총자본),https://www.sec.gov/Archives/edgar/data/55785/000005578512000090/,부채및자본 20037000000 − 총자본 5839000000,13
Kimberly-Clark,KMB,2012Q3,2012-09-30,분기말 총자본(자기자본),5839000000,USD,공시,https://www.sec.gov/Archives/edgar/data/55785/000005578512000090/,,13
Kimberly-Clark,KMB,2012Q3,2012-09-30,분기말 지배지분 자본,5535000000,USD,공시,https://www.sec.gov/Archives/edgar/data/55785/000005578512000090/,,13
Kimberly-Clark,KMB,2012Q3,2012-09-28,분기말 종가,85.78,USD,API,https://query1.finance.yahoo.com/v8/finance/chart/KMB?interval=1d&events=splits (2012-09-28),분할조정 종가 82.2435 × 이후 분할계수 1.043,13
Kimberly-Clark,KMB,2012Q3,2012-10-29,분기말 상장주식수,391285578,주,공시(표지 기준일),https://www.sec.gov/Archives/edgar/data/55785/000005578512000090/,dei:EntityCommonStockSharesOutstanding 클래스 합,13
Kimberly-Clark,KMB,2012Q3,2012-09-28,분기말 시가총액,33564476881,USD,계산(종가×주식수),https://query1.finance.yahoo.com/v8/finance/chart/KMB?interval=1d&events=splits (2012-09-28) ; https://www.sec.gov/Archives/edgar/data/55785/000005578512000090/,종가 85.78 × 주식수 391285578,13
Kimberly-Clark,KMB,2012Q4,2012-12-31,분기별 매출액,5307000000,USD,계산(연간-3분기누적),https://www.sec.gov/Archives/edgar/data/55785/000005578513000011/ ; https://www.sec.gov/Archives/edgar/data/55785/000005578512000090/,연간 21063000000 − 9개월누적 15756000000 (SalesRevenueNet),13
Kimberly-Clark,KMB,2012Q4,2012-12-31,분기별 영업이익,449000000,USD,계산(연간-3분기누적),https://www.sec.gov/Archives/edgar/data/55785/000005578513000011/ ; https://www.sec.gov/Archives/edgar/data/55785/000005578512000090/,연간 2686000000 − 9개월누적 2237000000 (OperatingIncomeLoss),13
Kimberly-Clark,KMB,2012Q4,2012-12-31,분기별 당기순이익(지배),267000000,USD,계산(연간-3분기누적),https://www.sec.gov/Archives/edgar/data/55785/000005578513000011/ ; https://www.sec.gov/Archives/edgar/data/55785/000005578512000090/,연간 1750000000 − 9개월누적 1483000000 (NetIncomeLoss),13
Kimberly-Clark,KMB,2012Q4,2012-12-31,분기별 영업활동현금흐름,1119000000,USD,계산(누적차감),https://www.sec.gov/Archives/edgar/data/55785/000005578513000011/ ; https://www.sec.gov/Archives/edgar/data/55785/000005578512000090/,누적 3288000000 − 직전누적 2169000000 (시작 2012-01-01),13
Kimberly-Clark,KMB,2012Q4,2012-12-31,분기말 자산총계,19873000000,USD,공시,https://www.sec.gov/Archives/edgar/data/55785/000005578513000011/,,13
Kimberly-Clark,KMB,2012Q4,2012-12-31,분기말 부채총계,14586000000,USD,계산(부채및자본-총자본),https://www.sec.gov/Archives/edgar/data/55785/000005578513000011/,부채및자본 19873000000 − 총자본 5287000000,13
Kimberly-Clark,KMB,2012Q4,2012-12-31,분기말 총자본(자기자본),5287000000,USD,공시,https://www.sec.gov/Archives/edgar/data/55785/000005578513000011/,,13
Kimberly-Clark,KMB,2012Q4,2012-12-31,분기말 지배지분 자본,4985000000,USD,공시,https://www.sec.gov/Archives/edgar/data/55785/000005578513000011/,,13
Kimberly-Clark,KMB,2012Q4,2012-12-31,분기말 종가,84.43,USD,API,https://query1.finance.yahoo.com/v8/finance/chart/KMB?interval=1d&events=splits (2012-12-31),분할조정 종가 80.9492 × 이후 분할계수 1.043,13
Kimberly-Clark,KMB,2012Q4,2013-02-15,분기말 상장주식수,387621860,주,공시(표지 기준일),https://www.sec.gov/Archives/edgar/data/55785/000005578513000011/,dei:EntityCommonStockSharesOutstanding 클래스 합,13
Kimberly-Clark,KMB,2012Q4,2012-12-31,분기말 시가총액,32726913640,USD,계산(종가×주식수),https://query1.finance.yahoo.com/v8/finance/chart/KMB?interval=1d&events=splits (2012-12-31) ; https://www.sec.gov/Archives/edgar/data/55785/000005578513000011/,종가 84.43 × 주식수 387621860,13
Kimberly-Clark,KMB,2013Q1,2013-05-02,분기별 매출액,미확인,USD,미확인,https://www.sec.gov/Archives/edgar/data/55785/000005578513000036/,,13
Kimberly-Clark,KMB,2013Q1,2013-05-02,분기별 영업이익,미확인,USD,미확인,https://www.sec.gov/Archives/edgar/data/55785/000005578513000036/,,13
Kimberly-Clark,KMB,2013Q1,2013-05-02,분기별 당기순이익(지배),미확인,USD,미확인,https://www.sec.gov/Archives/edgar/data/55785/000005578513000036/,,13
Kimberly-Clark,KMB,2013Q1,2013-05-02,분기별 영업활동현금흐름,미확인,USD,미확인,https://www.sec.gov/Archives/edgar/data/55785/000005578513000036/,,13
Kimberly-Clark,KMB,2013Q1,2013-05-02,분기말 자산총계,미확인,USD,미확인,https://www.sec.gov/Archives/edgar/data/55785/000005578513000036/,,13
Kimberly-Clark,KMB,2013Q1,2013-05-02,분기말 부채총계,미확인,USD,미확인,https://www.sec.gov/Archives/edgar/data/55785/000005578513000036/,,13
Kimberly-Clark,KMB,2013Q1,2013-05-02,분기말 총자본(자기자본),미확인,USD,미확인,https://www.sec.gov/Archives/edgar/data/55785/000005578513000036/,,13
Kimberly-Clark,KMB,2013Q1,2013-05-02,분기말 지배지분 자본,미확인,USD,미확인,https://www.sec.gov/Archives/edgar/data/55785/000005578513000036/,,13
Kimberly-Clark,KMB,2013Q1,2013-05-02,분기말 종가,104.55,USD,API,https://query1.finance.yahoo.com/v8/finance/chart/KMB?interval=1d&events=splits (2013-05-02),분할조정 종가 100.2397 × 이후 분할계수 1.043,13
Kimberly-Clark,KMB,2013Q1,2013-04-25,분기말 상장주식수,384604275,주,공시(표지 기준일),https://www.sec.gov/Archives/edgar/data/55785/000005578513000036/,dei:EntityCommonStockSharesOutstanding 클래스 합,13
Kimberly-Clark,KMB,2013Q1,2013-05-02,분기말 시가총액,40210376951,USD,계산(종가×주식수),https://query1.finance.yahoo.com/v8/finance/chart/KMB?interval=1d&events=splits (2013-05-02) ; https://www.sec.gov/Archives/edgar/data/55785/000005578513000036/,종가 104.55 × 주식수 384604275,13
Kimberly-Clark,KMB,2013Q2,2013-06-30,분기별 매출액,5267000000,USD,공시,https://www.sec.gov/Archives/edgar/data/55785/000005578513000071/,,13
Kimberly-Clark,KMB,2013Q2,2013-06-30,분기별 영업이익,796000000,USD,공시,https://www.sec.gov/Archives/edgar/data/55785/000005578513000071/,,13
Kimberly-Clark,KMB,2013Q2,2013-06-30,분기별 당기순이익(지배),526000000,USD,공시,https://www.sec.gov/Archives/edgar/data/55785/000005578513000071/,,13
Kimberly-Clark,KMB,2013Q2,2013-06-30,분기별 영업활동현금흐름,데이터 없음(직전 분기 누적 보고서 없음),USD,데이터 없음(직전 보고서 없음),https://www.sec.gov/Archives/edgar/data/55785/000005578513000071/,,13
Kimberly-Clark,KMB,2013Q2,2013-06-30,분기말 자산총계,19514000000,USD,공시,https://www.sec.gov/Archives/edgar/data/55785/000005578513000071/,,13
Kimberly-Clark,KMB,2013Q2,2013-06-30,분기말 부채총계,14854000000,USD,계산(부채및자본-총자본),https://www.sec.gov/Archives/edgar/data/55785/000005578513000071/,부채및자본 19514000000 − 총자본 4660000000,13
Kimberly-Clark,KMB,2013Q2,2013-06-30,분기말 총자본(자기자본),4660000000,USD,공시,https://www.sec.gov/Archives/edgar/data/55785/000005578513000071/,,13
Kimberly-Clark,KMB,2013Q2,2013-06-30,분기말 지배지분 자본,4373000000,USD,공시,https://www.sec.gov/Archives/edgar/data/55785/000005578513000071/,,13
Kimberly-Clark,KMB,2013Q2,2013-06-28,분기말 종가,97.14,USD,API,https://query1.finance.yahoo.com/v8/finance/chart/KMB?interval=1d&events=splits (2013-06-28),분할조정 종가 93.1352 × 이후 분할계수 1.043,13
Kimberly-Clark,KMB,2013Q2,2013-07-26,분기말 상장주식수,383041123,주,공시(표지 기준일),https://www.sec.gov/Archives/edgar/data/55785/000005578513000071/,dei:EntityCommonStockSharesOutstanding 클래스 합,13
Kimberly-Clark,KMB,2013Q2,2013-06-28,분기말 시가총액,37208614688,USD,계산(종가×주식수),https://query1.finance.yahoo.com/v8/finance/chart/KMB?interval=1d&events=splits (2013-06-28) ; https://www.sec.gov/Archives/edgar/data/55785/000005578513000071/,종가 97.14 × 주식수 383041123,13
Kimberly-Clark,KMB,2013Q3,2013-09-30,분기별 매출액,5262000000,USD,공시,https://www.sec.gov/Archives/edgar/data/55785/000005578513000083/,,13
Kimberly-Clark,KMB,2013Q3,2013-09-30,분기별 영업이익,807000000,USD,공시,https://www.sec.gov/Archives/edgar/data/55785/000005578513000083/,,13
Kimberly-Clark,KMB,2013Q3,2013-09-30,분기별 당기순이익(지배),546000000,USD,공시,https://www.sec.gov/Archives/edgar/data/55785/000005578513000083/,,13
Kimberly-Clark,KMB,2013Q3,2013-09-30,분기별 영업활동현금흐름,912000000,USD,계산(누적차감),https://www.sec.gov/Archives/edgar/data/55785/000005578513000083/ ; https://www.sec.gov/Archives/edgar/data/55785/000005578513000071/,누적 2095000000 − 직전누적 1183000000 (시작 2013-01-01),13
Kimberly-Clark,KMB,2013Q3,2013-09-30,분기말 자산총계,19364000000,USD,공시,https://www.sec.gov/Archives/edgar/data/55785/000005578513000083/,,13
Kimberly-Clark,KMB,2013Q3,2013-09-30,분기말 부채총계,14388000000,USD,계산(부채및자본-총자본),https://www.sec.gov/Archives/edgar/data/55785/000005578513000083/,부채및자본 19364000000 − 총자본 4976000000,13
Kimberly-Clark,KMB,2013Q3,2013-09-30,분기말 총자본(자기자본),4976000000,USD,공시,https://www.sec.gov/Archives/edgar/data/55785/000005578513000083/,,13
Kimberly-Clark,KMB,2013Q3,2013-09-30,분기말 지배지분 자본,4667000000,USD,공시,https://www.sec.gov/Archives/edgar/data/55785/000005578513000083/,,13
Kimberly-Clark,KMB,2013Q3,2013-09-30,분기말 종가,94.22,USD,API,https://query1.finance.yahoo.com/v8/finance/chart/KMB?interval=1d&events=splits (2013-09-30),분할조정 종가 90.3356 × 이후 분할계수 1.043,13
Kimberly-Clark,KMB,2013Q3,2013-10-25,분기말 상장주식수,381638993,주,공시(표지 기준일),https://www.sec.gov/Archives/edgar/data/55785/000005578513000083/,dei:EntityCommonStockSharesOutstanding 클래스 합,13
Kimberly-Clark,KMB,2013Q3,2013-09-30,분기말 시가총액,35958025920,USD,계산(종가×주식수),https://query1.finance.yahoo.com/v8/finance/chart/KMB?interval=1d&events=splits (2013-09-30) ; https://www.sec.gov/Archives/edgar/data/55785/000005578513000083/,종가 94.22 × 주식수 381638993,13
Kimberly-Clark,KMB,2013Q4,2013-12-31,분기별 매출액,5305000000,USD,계산(연간-3분기누적),https://www.sec.gov/Archives/edgar/data/55785/000005578514000015/ ; https://www.sec.gov/Archives/edgar/data/55785/000005578513000083/,연간 21152000000 − 9개월누적 15847000000 (SalesRevenueNet),13
Kimberly-Clark,KMB,2013Q4,2013-12-31,분기별 영업이익,822000000,USD,계산(연간-3분기누적),https://www.sec.gov/Archives/edgar/data/55785/000005578514000015/ ; https://www.sec.gov/Archives/edgar/data/55785/000005578513000083/,연간 3208000000 − 9개월누적 2386000000 (OperatingIncomeLoss),13
Kimberly-Clark,KMB,2013Q4,2013-12-31,분기별 당기순이익(지배),539000000,USD,계산(연간-3분기누적),https://www.sec.gov/Archives/edgar/data/55785/000005578514000015/ ; https://www.sec.gov/Archives/edgar/data/55785/000005578513000083/,연간 2142000000 − 9개월누적 1603000000 (NetIncomeLoss),13
Kimberly-Clark,KMB,2013Q4,2013-12-31,분기별 영업활동현금흐름,945000000,USD,계산(누적차감),https://www.sec.gov/Archives/edgar/data/55785/000005578514000015/ ; https://www.sec.gov/Archives/edgar/data/55785/000005578513000083/,누적 3040000000 − 직전누적 2095000000 (시작 2013-01-01),13
Kimberly-Clark,KMB,2013Q4,2013-12-31,분기말 자산총계,18919000000,USD,공시,https://www.sec.gov/Archives/edgar/data/55785/000005578514000015/,,13
Kimberly-Clark,KMB,2013Q4,2013-12-31,분기말 부채총계,13779000000,USD,계산(부채및자본-총자본),https://www.sec.gov/Archives/edgar/data/55785/000005578514000015/,부채및자본 18919000000 − 총자본 5140000000,13
Kimberly-Clark,KMB,2013Q4,2013-12-31,분기말 총자본(자기자본),5140000000,USD,공시,https://www.sec.gov/Archives/edgar/data/55785/000005578514000015/,,13
Kimberly-Clark,KMB,2013Q4,2013-12-31,분기말 지배지분 자본,4856000000,USD,공시,https://www.sec.gov/Archives/edgar/data/55785/000005578514000015/,,13
Kimberly-Clark,KMB,2013Q4,2013-12-31,분기말 종가,104.46,USD,API,https://query1.finance.yahoo.com/v8/finance/chart/KMB?interval=1d&events=splits (2013-12-31),분할조정 종가 100.1534 × 이후 분할계수 1.043,13
Kimberly-Clark,KMB,2013Q4,2014-02-07,분기말 상장주식수,379402894,주,공시(표지 기준일),https://www.sec.gov/Archives/edgar/data/55785/000005578514000015/,dei:EntityCommonStockSharesOutstanding 클래스 합,13
Kimberly-Clark,KMB,2013Q4,2013-12-31,분기말 시가총액,39632426307,USD,계산(종가×주식수),https://query1.finance.yahoo.com/v8/finance/chart/KMB?interval=1d&events=splits (2013-12-31) ; https://www.sec.gov/Archives/edgar/data/55785/000005578514000015/,종가 104.46 × 주식수 379402894,13
Kimberly-Clark,KMB,2014Q1,2014-03-31,분기별 매출액,5278000000,USD,공시,https://www.sec.gov/Archives/edgar/data/55785/000005578514000035/,,13
Kimberly-Clark,KMB,2014Q1,2014-03-31,분기별 영업이익,797000000,USD,공시,https://www.sec.gov/Archives/edgar/data/55785/000005578514000035/,,13
Kimberly-Clark,KMB,2014Q1,2014-03-31,분기별 당기순이익(지배),538000000,USD,공시,https://www.sec.gov/Archives/edgar/data/55785/000005578514000035/,,13
Kimberly-Clark,KMB,2014Q1,2014-03-31,분기별 영업활동현금흐름,437000000,USD,공시,https://www.sec.gov/Archives/edgar/data/55785/000005578514000035/,,13
Kimberly-Clark,KMB,2014Q1,2014-03-31,분기말 자산총계,19002000000,USD,공시,https://www.sec.gov/Archives/edgar/data/55785/000005578514000035/,,13
Kimberly-Clark,KMB,2014Q1,2014-03-31,분기말 부채총계,14077000000,USD,계산(부채및자본-총자본),https://www.sec.gov/Archives/edgar/data/55785/000005578514000035/,부채및자본 19002000000 − 총자본 4925000000,13
Kimberly-Clark,KMB,2014Q1,2014-03-31,분기말 총자본(자기자본),4925000000,USD,공시,https://www.sec.gov/Archives/edgar/data/55785/000005578514000035/,,13
Kimberly-Clark,KMB,2014Q1,2014-03-31,분기말 지배지분 자본,4668000000,USD,공시,https://www.sec.gov/Archives/edgar/data/55785/000005578514000035/,,13
Kimberly-Clark,KMB,2014Q1,2014-03-31,분기말 종가,110.25,USD,API,https://query1.finance.yahoo.com/v8/finance/chart/KMB?interval=1d&events=splits (2014-03-31),분할조정 종가 105.7047 × 이후 분할계수 1.043,13
Kimberly-Clark,KMB,2014Q1,2014-04-14,분기말 상장주식수,376791476,주,공시(표지 기준일),https://www.sec.gov/Archives/edgar/data/55785/000005578514000035/,dei:EntityCommonStockSharesOutstanding 클래스 합,13
Kimberly-Clark,KMB,2014Q1,2014-03-31,분기말 시가총액,41541260229,USD,계산(종가×주식수),https://query1.finance.yahoo.com/v8/finance/chart/KMB?interval=1d&events=splits (2014-03-31) ; https://www.sec.gov/Archives/edgar/data/55785/000005578514000035/,종가 110.25 × 주식수 376791476,13
Kimberly-Clark,KMB,2014Q2,2014-06-30,분기별 매출액,5343000000,USD,공시,https://www.sec.gov/Archives/edgar/data/55785/000005578514000065/,,13
Kimberly-Clark,KMB,2014Q2,2014-06-30,분기별 영업이익,790000000,USD,공시,https://www.sec.gov/Archives/edgar/data/55785/000005578514000065/,,13
Kimberly-Clark,KMB,2014Q2,2014-06-30,분기별 당기순이익(지배),509000000,USD,공시,https://www.sec.gov/Archives/edgar/data/55785/000005578514000065/,,13
Kimberly-Clark,KMB,2014Q2,2014-06-30,분기별 영업활동현금흐름,842000000,USD,계산(누적차감),https://www.sec.gov/Archives/edgar/data/55785/000005578514000065/ ; https://www.sec.gov/Archives/edgar/data/55785/000005578514000035/,누적 1279000000 − 직전누적 437000000 (시작 2014-01-01),13
Kimberly-Clark,KMB,2014Q2,2014-06-30,분기말 자산총계,19377000000,USD,공시,https://www.sec.gov/Archives/edgar/data/55785/000005578514000065/,,13
Kimberly-Clark,KMB,2014Q2,2014-06-30,분기말 부채총계,14481000000,USD,계산(부채및자본-총자본),https://www.sec.gov/Archives/edgar/data/55785/000005578514000065/,부채및자본 19377000000 − 총자본 4896000000,13
Kimberly-Clark,KMB,2014Q2,2014-06-30,분기말 총자본(자기자본),4896000000,USD,공시,https://www.sec.gov/Archives/edgar/data/55785/000005578514000065/,,13
Kimberly-Clark,KMB,2014Q2,2014-06-30,분기말 지배지분 자본,4614000000,USD,공시,https://www.sec.gov/Archives/edgar/data/55785/000005578514000065/,,13
Kimberly-Clark,KMB,2014Q2,2014-06-30,분기말 종가,111.22,USD,API,https://query1.finance.yahoo.com/v8/finance/chart/KMB?interval=1d&events=splits (2014-06-30),분할조정 종가 106.6347 × 이후 분할계수 1.043,13
Kimberly-Clark,KMB,2014Q2,2014-07-15,분기말 상장주식수,373922073,주,공시(표지 기준일),https://www.sec.gov/Archives/edgar/data/55785/000005578514000065/,dei:EntityCommonStockSharesOutstanding 클래스 합,13
Kimberly-Clark,KMB,2014Q2,2014-06-30,분기말 시가총액,41587612959,USD,계산(종가×주식수),https://query1.finance.yahoo.com/v8/finance/chart/KMB?interval=1d&events=splits (2014-06-30) ; https://www.sec.gov/Archives/edgar/data/55785/000005578514000065/,종가 111.22 × 주식수 373922073,13
Kimberly-Clark,KMB,2014Q3,2014-09-30,분기별 매출액,5442000000,USD,공시,https://www.sec.gov/Archives/edgar/data/55785/000005578514000089/,,13
Kimberly-Clark,KMB,2014Q3,2014-09-30,분기별 영업이익,907000000,USD,공시,https://www.sec.gov/Archives/edgar/data/55785/000005578514000089/,,13
Kimberly-Clark,KMB,2014Q3,2014-09-30,분기별 당기순이익(지배),562000000,USD,공시,https://www.sec.gov/Archives/edgar/data/55785/000005578514000089/,,13
Kimberly-Clark,KMB,2014Q3,2014-09-30,분기별 영업활동현금흐름,976000000,USD,계산(누적차감),https://www.sec.gov/Archives/edgar/data/55785/000005578514000089/ ; https://www.sec.gov/Archives/edgar/data/55785/000005578514000065/,누적 2255000000 − 직전누적 1279000000 (시작 2014-01-01),13
Kimberly-Clark,KMB,2014Q3,2014-09-30,분기말 자산총계,18876000000,USD,공시,https://www.sec.gov/Archives/edgar/data/55785/000005578514000089/,,13
Kimberly-Clark,KMB,2014Q3,2014-09-30,분기말 부채총계,14328000000,USD,계산(부채및자본-총자본),https://www.sec.gov/Archives/edgar/data/55785/000005578514000089/,부채및자본 18876000000 − 총자본 4548000000,13
Kimberly-Clark,KMB,2014Q3,2014-09-30,분기말 총자본(자기자본),4548000000,USD,공시,https://www.sec.gov/Archives/edgar/data/55785/000005578514000089/,,13
Kimberly-Clark,KMB,2014Q3,2014-09-30,분기말 지배지분 자본,4265000000,USD,공시,https://www.sec.gov/Archives/edgar/data/55785/000005578514000089/,,13
Kimberly-Clark,KMB,2014Q3,2014-09-30,분기말 종가,107.57,USD,API,https://query1.finance.yahoo.com/v8/finance/chart/KMB?interval=1d&events=splits (2014-09-30),분할조정 종가 103.1352 × 이후 분할계수 1.043,13
Kimberly-Clark,KMB,2014Q3,2014-10-14,분기말 상장주식수,372455181,주,공시(표지 기준일),https://www.sec.gov/Archives/edgar/data/55785/000005578514000089/,dei:EntityCommonStockSharesOutstanding 클래스 합,13
Kimberly-Clark,KMB,2014Q3,2014-09-30,분기말 시가총액,40065003820,USD,계산(종가×주식수),https://query1.finance.yahoo.com/v8/finance/chart/KMB?interval=1d&events=splits (2014-09-30) ; https://www.sec.gov/Archives/edgar/data/55785/000005578514000089/,종가 107.57 × 주식수 372455181,13
Kimberly-Clark,KMB,2014Q4,2014-12-31,분기별 매출액,3661000000,USD,계산(연간-3분기누적),https://www.sec.gov/Archives/edgar/data/55785/000005578515000014/ ; https://www.sec.gov/Archives/edgar/data/55785/000005578514000089/,연간 19724000000 − 9개월누적 16063000000 (SalesRevenueNet),13
Kimberly-Clark,KMB,2014Q4,2014-12-31,분기별 영업이익,27000000,USD,계산(연간-3분기누적),https://www.sec.gov/Archives/edgar/data/55785/000005578515000014/ ; https://www.sec.gov/Archives/edgar/data/55785/000005578514000089/,연간 2521000000 − 9개월누적 2494000000 (OperatingIncomeLoss),13
Kimberly-Clark,KMB,2014Q4,2014-12-31,분기별 당기순이익(지배),-83000000,USD,계산(연간-3분기누적),https://www.sec.gov/Archives/edgar/data/55785/000005578515000014/ ; https://www.sec.gov/Archives/edgar/data/55785/000005578514000089/,연간 1526000000 − 9개월누적 1609000000 (NetIncomeLoss),13
Kimberly-Clark,KMB,2014Q4,2014-12-31,분기별 영업활동현금흐름,590000000,USD,계산(누적차감),https://www.sec.gov/Archives/edgar/data/55785/000005578515000014/ ; https://www.sec.gov/Archives/edgar/data/55785/000005578514000089/,누적 2845000000 − 직전누적 2255000000 (시작 2014-01-01),13
Kimberly-Clark,KMB,2014Q4,2014-12-31,분기말 자산총계,15526000000,USD,공시,https://www.sec.gov/Archives/edgar/data/55785/000005578515000014/,,13
Kimberly-Clark,KMB,2014Q4,2014-12-31,분기말 부채총계,14527000000,USD,계산(부채및자본-총자본),https://www.sec.gov/Archives/edgar/data/55785/000005578515000014/,부채및자본 15526000000 − 총자본 999000000,13
Kimberly-Clark,KMB,2014Q4,2014-12-31,분기말 총자본(자기자본),999000000,USD,공시,https://www.sec.gov/Archives/edgar/data/55785/000005578515000014/,,13
Kimberly-Clark,KMB,2014Q4,2014-12-31,분기말 지배지분 자본,729000000,USD,공시,https://www.sec.gov/Archives/edgar/data/55785/000005578515000014/,,13
Kimberly-Clark,KMB,2014Q4,2014-12-31,분기말 종가,115.54,USD,API,https://query1.finance.yahoo.com/v8/finance/chart/KMB?interval=1d&events=splits (2014-12-31),,13
Kimberly-Clark,KMB,2014Q4,2015-02-11,분기말 상장주식수,365468649,주,공시(표지 기준일),https://www.sec.gov/Archives/edgar/data/55785/000005578515000014/,dei:EntityCommonStockSharesOutstanding 클래스 합,13
Kimberly-Clark,KMB,2014Q4,2014-12-31,분기말 시가총액,42226247705,USD,계산(종가×주식수),https://query1.finance.yahoo.com/v8/finance/chart/KMB?interval=1d&events=splits (2014-12-31) ; https://www.sec.gov/Archives/edgar/data/55785/000005578515000014/,종가 115.54 × 주식수 365468649,13
Kimberly-Clark,KMB,2015Q1,2015-03-31,분기별 매출액,4691000000,USD,공시,https://www.sec.gov/Archives/edgar/data/55785/000005578515000046/,,13
Kimberly-Clark,KMB,2015Q1,2015-03-31,분기별 영업이익,748000000,USD,공시,https://www.sec.gov/Archives/edgar/data/55785/000005578515000046/,,13
Kimberly-Clark,KMB,2015Q1,2015-03-31,분기별 당기순이익(지배),468000000,USD,공시,https://www.sec.gov/Archives/edgar/data/55785/000005578515000046/,,13
Kimberly-Clark,KMB,2015Q1,2015-03-31,분기별 영업활동현금흐름,20000000,USD,공시,https://www.sec.gov/Archives/edgar/data/55785/000005578515000046/,,13
Kimberly-Clark,KMB,2015Q1,2015-03-31,분기말 자산총계,15053000000,USD,공시,https://www.sec.gov/Archives/edgar/data/55785/000005578515000046/,,13
Kimberly-Clark,KMB,2015Q1,2015-03-31,분기말 부채총계,14641000000,USD,계산(부채및자본-총자본),https://www.sec.gov/Archives/edgar/data/55785/000005578515000046/,부채및자본 15053000000 − 총자본 412000000,13
Kimberly-Clark,KMB,2015Q1,2015-03-31,분기말 총자본(자기자본),412000000,USD,공시,https://www.sec.gov/Archives/edgar/data/55785/000005578515000046/,,13
Kimberly-Clark,KMB,2015Q1,2015-03-31,분기말 지배지분 자본,193000000,USD,공시,https://www.sec.gov/Archives/edgar/data/55785/000005578515000046/,,13
Kimberly-Clark,KMB,2015Q1,2015-03-31,분기말 종가,107.11,USD,API,https://query1.finance.yahoo.com/v8/finance/chart/KMB?interval=1d&events=splits (2015-03-31),,13
Kimberly-Clark,KMB,2015Q1,2015-04-14,분기말 상장주식수,364099179,주,공시(표지 기준일),https://www.sec.gov/Archives/edgar/data/55785/000005578515000046/,dei:EntityCommonStockSharesOutstanding 클래스 합,13
Kimberly-Clark,KMB,2015Q1,2015-03-31,분기말 시가총액,38998663063,USD,계산(종가×주식수),https://query1.finance.yahoo.com/v8/finance/chart/KMB?interval=1d&events=splits (2015-03-31) ; https://www.sec.gov/Archives/edgar/data/55785/000005578515000046/,종가 107.11 × 주식수 364099179,13
Kimberly-Clark,KMB,2015Q2,2015-06-30,분기별 매출액,4643000000,USD,공시,https://www.sec.gov/Archives/edgar/data/55785/000005578515000094/,,13
Kimberly-Clark,KMB,2015Q2,2015-06-30,분기별 영업이익,-544000000,USD,공시,https://www.sec.gov/Archives/edgar/data/55785/000005578515000094/,,13
Kimberly-Clark,KMB,2015Q2,2015-06-30,분기별 당기순이익(지배),-305000000,USD,공시,https://www.sec.gov/Archives/edgar/data/55785/000005578515000094/,,13
Kimberly-Clark,KMB,2015Q2,2015-06-30,분기별 영업활동현금흐름,772000000,USD,계산(누적차감),https://www.sec.gov/Archives/edgar/data/55785/000005578515000094/ ; https://www.sec.gov/Archives/edgar/data/55785/000005578515000046/,누적 792000000 − 직전누적 20000000 (시작 2015-01-01),13
Kimberly-Clark,KMB,2015Q2,2015-06-30,분기말 자산총계,15346000000,USD,공시,https://www.sec.gov/Archives/edgar/data/55785/000005578515000094/,,13
Kimberly-Clark,KMB,2015Q2,2015-06-30,분기말 부채총계,14602000000,USD,계산(부채및자본-총자본),https://www.sec.gov/Archives/edgar/data/55785/000005578515000094/,부채및자본 15346000000 − 총자본 744000000,13
Kimberly-Clark,KMB,2015Q2,2015-06-30,분기말 총자본(자기자본),744000000,USD,공시,https://www.sec.gov/Archives/edgar/data/55785/000005578515000094/,,13
Kimberly-Clark,KMB,2015Q2,2015-06-30,분기말 지배지분 자본,516000000,USD,공시,https://www.sec.gov/Archives/edgar/data/55785/000005578515000094/,,13
Kimberly-Clark,KMB,2015Q2,2015-06-30,분기말 종가,105.97,USD,API,https://query1.finance.yahoo.com/v8/finance/chart/KMB?interval=1d&events=splits (2015-06-30),,13
Kimberly-Clark,KMB,2015Q2,2015-07-16,분기말 상장주식수,364275024,주,공시(표지 기준일),https://www.sec.gov/Archives/edgar/data/55785/000005578515000094/,dei:EntityCommonStockSharesOutstanding 클래스 합,13
Kimberly-Clark,KMB,2015Q2,2015-06-30,분기말 시가총액,38602224293,USD,계산(종가×주식수),https://query1.finance.yahoo.com/v8/finance/chart/KMB?interval=1d&events=splits (2015-06-30) ; https://www.sec.gov/Archives/edgar/data/55785/000005578515000094/,종가 105.97 × 주식수 364275024,13
Kimberly-Clark,KMB,2015Q3,2015-09-30,분기별 매출액,4718000000,USD,공시,https://www.sec.gov/Archives/edgar/data/55785/000005578515000118/,,13
Kimberly-Clark,KMB,2015Q3,2015-09-30,분기별 영업이익,779000000,USD,공시,https://www.sec.gov/Archives/edgar/data/55785/000005578515000118/,,13
Kimberly-Clark,KMB,2015Q3,2015-09-30,분기별 당기순이익(지배),517000000,USD,공시,https://www.sec.gov/Archives/edgar/data/55785/000005578515000118/,,13
Kimberly-Clark,KMB,2015Q3,2015-09-30,분기별 영업활동현금흐름,849000000,USD,계산(누적차감),https://www.sec.gov/Archives/edgar/data/55785/000005578515000118/ ; https://www.sec.gov/Archives/edgar/data/55785/000005578515000094/,누적 1641000000 − 직전누적 792000000 (시작 2015-01-01),13
Kimberly-Clark,KMB,2015Q3,2015-09-30,분기말 자산총계,14928000000,USD,공시,https://www.sec.gov/Archives/edgar/data/55785/000005578515000118/,,13
Kimberly-Clark,KMB,2015Q3,2015-09-30,분기말 부채총계,14652000000,USD,계산(부채및자본-총자본),https://www.sec.gov/Archives/edgar/data/55785/000005578515000118/,부채및자본 14928000000 − 총자본 276000000,13
Kimberly-Clark,KMB,2015Q3,2015-09-30,분기말 총자본(자기자본),276000000,USD,공시,https://www.sec.gov/Archives/edgar/data/55785/000005578515000118/,,13
Kimberly-Clark,KMB,2015Q3,2015-09-30,분기말 지배지분 자본,54000000,USD,공시,https://www.sec.gov/Archives/edgar/data/55785/000005578515000118/,,13
Kimberly-Clark,KMB,2015Q3,2015-09-30,분기말 종가,109.04,USD,API,https://query1.finance.yahoo.com/v8/finance/chart/KMB?interval=1d&events=splits (2015-09-30),,13
Kimberly-Clark,KMB,2015Q3,2015-10-14,분기말 상장주식수,362994411,주,공시(표지 기준일),https://www.sec.gov/Archives/edgar/data/55785/000005578515000118/,dei:EntityCommonStockSharesOutstanding 클래스 합,13
Kimberly-Clark,KMB,2015Q3,2015-09-30,분기말 시가총액,39580910575,USD,계산(종가×주식수),https://query1.finance.yahoo.com/v8/finance/chart/KMB?interval=1d&events=splits (2015-09-30) ; https://www.sec.gov/Archives/edgar/data/55785/000005578515000118/,종가 109.04 × 주식수 362994411,13
Kimberly-Clark,KMB,2015Q4,2015-12-31,분기별 매출액,4539000000,USD,계산(연간-3분기누적),https://www.sec.gov/Archives/edgar/data/55785/000005578516000138/ ; https://www.sec.gov/Archives/edgar/data/55785/000005578515000118/,연간 18591000000 − 9개월누적 14052000000 (SalesRevenueNet),13
Kimberly-Clark,KMB,2015Q4,2015-12-31,분기별 영업이익,630000000,USD,계산(연간-3분기누적),https://www.sec.gov/Archives/edgar/data/55785/000005578516000138/ ; https://www.sec.gov/Archives/edgar/data/55785/000005578515000118/,연간 1613000000 − 9개월누적 983000000 (OperatingIncomeLoss),13
Kimberly-Clark,KMB,2015Q4,2015-12-31,분기별 당기순이익(지배),333000000,USD,계산(연간-3분기누적),https://www.sec.gov/Archives/edgar/data/55785/000005578516000138/ ; https://www.sec.gov/Archives/edgar/data/55785/000005578515000118/,연간 1013000000 − 9개월누적 680000000 (NetIncomeLoss),13
Kimberly-Clark,KMB,2015Q4,2015-12-31,분기별 영업활동현금흐름,665000000,USD,계산(누적차감),https://www.sec.gov/Archives/edgar/data/55785/000005578516000138/ ; https://www.sec.gov/Archives/edgar/data/55785/000005578515000118/,누적 2306000000 − 직전누적 1641000000 (시작 2015-01-01),13
Kimberly-Clark,KMB,2015Q4,2015-12-31,분기말 자산총계,14842000000,USD,공시,https://www.sec.gov/Archives/edgar/data/55785/000005578516000138/,,13
Kimberly-Clark,KMB,2015Q4,2015-12-31,분기말 부채총계,14802000000,USD,계산(부채및자본-총자본),https://www.sec.gov/Archives/edgar/data/55785/000005578516000138/,부채및자본 14842000000 − 총자본 40000000,13
Kimberly-Clark,KMB,2015Q4,2015-12-31,분기말 총자본(자기자본),40000000,USD,공시,https://www.sec.gov/Archives/edgar/data/55785/000005578516000138/,,13
Kimberly-Clark,KMB,2015Q4,2015-12-31,분기말 지배지분 자본,-174000000,USD,공시,https://www.sec.gov/Archives/edgar/data/55785/000005578516000138/,,13
Kimberly-Clark,KMB,2015Q4,2015-12-31,분기말 종가,127.3,USD,API,https://query1.finance.yahoo.com/v8/finance/chart/KMB?interval=1d&events=splits (2015-12-31),,13
Kimberly-Clark,KMB,2015Q4,2016-02-04,분기말 상장주식수,360899707,주,공시(표지 기준일),https://www.sec.gov/Archives/edgar/data/55785/000005578516000138/,dei:EntityCommonStockSharesOutstanding 클래스 합,13
Kimberly-Clark,KMB,2015Q4,2015-12-31,분기말 시가총액,45942532701,USD,계산(종가×주식수),https://query1.finance.yahoo.com/v8/finance/chart/KMB?interval=1d&events=splits (2015-12-31) ; https://www.sec.gov/Archives/edgar/data/55785/000005578516000138/,종가 127.3 × 주식수 360899707,13
Kimberly-Clark,KMB,2016Q1,2016-04-22,분기별 매출액,미확인,USD,미확인,https://www.sec.gov/Archives/edgar/data/55785/000005578516000152/,,13
Kimberly-Clark,KMB,2016Q1,2016-04-22,분기별 영업이익,미확인,USD,미확인,https://www.sec.gov/Archives/edgar/data/55785/000005578516000152/,,13
Kimberly-Clark,KMB,2016Q1,2016-04-22,분기별 당기순이익(지배),미확인,USD,미확인,https://www.sec.gov/Archives/edgar/data/55785/000005578516000152/,,13
Kimberly-Clark,KMB,2016Q1,2016-04-22,분기별 영업활동현금흐름,미확인,USD,미확인,https://www.sec.gov/Archives/edgar/data/55785/000005578516000152/,,13
Kimberly-Clark,KMB,2016Q1,2016-04-22,분기말 자산총계,미확인,USD,미확인,https://www.sec.gov/Archives/edgar/data/55785/000005578516000152/,,13
Kimberly-Clark,KMB,2016Q1,2016-04-22,분기말 부채총계,미확인,USD,미확인,https://www.sec.gov/Archives/edgar/data/55785/000005578516000152/,,13
Kimberly-Clark,KMB,2016Q1,2016-04-22,분기말 총자본(자기자본),미확인,USD,미확인,https://www.sec.gov/Archives/edgar/data/55785/000005578516000152/,,13
Kimberly-Clark,KMB,2016Q1,2016-04-22,분기말 지배지분 자본,미확인,USD,미확인,https://www.sec.gov/Archives/edgar/data/55785/000005578516000152/,,13
Kimberly-Clark,KMB,2016Q1,2016-04-22,분기말 종가,126.88,USD,API,https://query1.finance.yahoo.com/v8/finance/chart/KMB?interval=1d&events=splits (2016-04-22),,13
Kimberly-Clark,KMB,2016Q1,2016-04-15,분기말 상장주식수,360127819,주,공시(표지 기준일),https://www.sec.gov/Archives/edgar/data/55785/000005578516000152/,dei:EntityCommonStockSharesOutstanding 클래스 합,13
Kimberly-Clark,KMB,2016Q1,2016-04-22,분기말 시가총액,45693017675,USD,계산(종가×주식수),https://query1.finance.yahoo.com/v8/finance/chart/KMB?interval=1d&events=splits (2016-04-22) ; https://www.sec.gov/Archives/edgar/data/55785/000005578516000152/,종가 126.88 × 주식수 360127819,13
Kimberly-Clark,KMB,2016Q2,2016-06-30,분기별 매출액,4588000000,USD,공시,https://www.sec.gov/Archives/edgar/data/55785/000005578516000181/,,13
Kimberly-Clark,KMB,2016Q2,2016-06-30,분기별 영업이익,838000000,USD,공시,https://www.sec.gov/Archives/edgar/data/55785/000005578516000181/,,13
Kimberly-Clark,KMB,2016Q2,2016-06-30,분기별 당기순이익(지배),566000000,USD,공시,https://www.sec.gov/Archives/edgar/data/55785/000005578516000181/,,13
Kimberly-Clark,KMB,2016Q2,2016-06-30,분기별 영업활동현금흐름,데이터 없음(직전 분기 누적 보고서 없음),USD,데이터 없음(직전 보고서 없음),https://www.sec.gov/Archives/edgar/data/55785/000005578516000181/,,13
Kimberly-Clark,KMB,2016Q2,2016-06-30,분기말 자산총계,14770000000,USD,공시,https://www.sec.gov/Archives/edgar/data/55785/000005578516000181/,,13
Kimberly-Clark,KMB,2016Q2,2016-06-30,분기말 부채총계,14346000000,USD,계산(부채및자본-총자본),https://www.sec.gov/Archives/edgar/data/55785/000005578516000181/,부채및자본 14770000000 − 총자본 424000000,13
Kimberly-Clark,KMB,2016Q2,2016-06-30,분기말 총자본(자기자본),424000000,USD,공시,https://www.sec.gov/Archives/edgar/data/55785/000005578516000181/,,13
Kimberly-Clark,KMB,2016Q2,2016-06-30,분기말 지배지분 자본,196000000,USD,공시,https://www.sec.gov/Archives/edgar/data/55785/000005578516000181/,,13
Kimberly-Clark,KMB,2016Q2,2016-06-30,분기말 종가,137.48,USD,API,https://query1.finance.yahoo.com/v8/finance/chart/KMB?interval=1d&events=splits (2016-06-30),,13
Kimberly-Clark,KMB,2016Q2,2016-07-18,분기말 상장주식수,359636074,주,공시(표지 기준일),https://www.sec.gov/Archives/edgar/data/55785/000005578516000181/,dei:EntityCommonStockSharesOutstanding 클래스 합,13
Kimberly-Clark,KMB,2016Q2,2016-06-30,분기말 시가총액,49442767454,USD,계산(종가×주식수),https://query1.finance.yahoo.com/v8/finance/chart/KMB?interval=1d&events=splits (2016-06-30) ; https://www.sec.gov/Archives/edgar/data/55785/000005578516000181/,종가 137.48 × 주식수 359636074,13
Kimberly-Clark,KMB,2016Q3,2016-09-30,분기별 매출액,4594000000,USD,공시,https://www.sec.gov/Archives/edgar/data/55785/000005578516000194/,,13
Kimberly-Clark,KMB,2016Q3,2016-09-30,분기별 영업이익,836000000,USD,공시,https://www.sec.gov/Archives/edgar/data/55785/000005578516000194/,,13
Kimberly-Clark,KMB,2016Q3,2016-09-30,분기별 당기순이익(지배),550000000,USD,공시,https://www.sec.gov/Archives/edgar/data/55785/000005578516000194/,,13
Kimberly-Clark,KMB,2016Q3,2016-09-30,분기별 영업활동현금흐름,948000000,USD,계산(누적차감),https://www.sec.gov/Archives/edgar/data/55785/000005578516000194/ ; https://www.sec.gov/Archives/edgar/data/55785/000005578516000181/,누적 2361000000 − 직전누적 1413000000 (시작 2016-01-01),13
Kimberly-Clark,KMB,2016Q3,2016-09-30,분기말 자산총계,14899000000,USD,공시,https://www.sec.gov/Archives/edgar/data/55785/000005578516000194/,,13
Kimberly-Clark,KMB,2016Q3,2016-09-30,분기말 부채총계,14348000000,USD,계산(부채및자본-총자본),https://www.sec.gov/Archives/edgar/data/55785/000005578516000194/,부채및자본 14899000000 − 총자본 551000000,13
Kimberly-Clark,KMB,2016Q3,2016-09-30,분기말 총자본(자기자본),551000000,USD,공시,https://www.sec.gov/Archives/edgar/data/55785/000005578516000194/,,13
Kimberly-Clark,KMB,2016Q3,2016-09-30,분기말 지배지분 자본,299000000,USD,공시,https://www.sec.gov/Archives/edgar/data/55785/000005578516000194/,,13
Kimberly-Clark,KMB,2016Q3,2016-09-30,분기말 종가,126.14,USD,API,https://query1.finance.yahoo.com/v8/finance/chart/KMB?interval=1d&events=splits (2016-09-30),,13
Kimberly-Clark,KMB,2016Q3,2016-10-17,분기말 상장주식수,358155430,주,공시(표지 기준일),https://www.sec.gov/Archives/edgar/data/55785/000005578516000194/,dei:EntityCommonStockSharesOutstanding 클래스 합,13
Kimberly-Clark,KMB,2016Q3,2016-09-30,분기말 시가총액,45177725940,USD,계산(종가×주식수),https://query1.finance.yahoo.com/v8/finance/chart/KMB?interval=1d&events=splits (2016-09-30) ; https://www.sec.gov/Archives/edgar/data/55785/000005578516000194/,종가 126.14 × 주식수 358155430,13
Kimberly-Clark,KMB,2016Q4,2016-12-31,분기별 매출액,4629000000,USD,계산(연간-3분기누적)(재작성 반영),https://www.sec.gov/Archives/edgar/data/55785/000005578519000013/ ; https://www.sec.gov/Archives/edgar/data/55785/000005578516000194/,연간 18287000000 − 9개월누적 13658000000 (SalesRevenueNet) ; 원 공시 4544000000 (https://www.sec.gov/Archives/edgar/data/55785/000005578517000017/ ; https://www.sec.gov/Archives/edgar/data/55785/000005578516000194/),13
Kimberly-Clark,KMB,2016Q4,2016-12-31,분기별 영업이익,905000000,USD,계산(연간-3분기누적)(재작성 반영),https://www.sec.gov/Archives/edgar/data/55785/000005578519000013/ ; https://www.sec.gov/Archives/edgar/data/55785/000005578516000194/,연간 3383000000 − 9개월누적 2478000000 (OperatingIncomeLoss) ; 원 공시 839000000 (https://www.sec.gov/Archives/edgar/data/55785/000005578517000017/ ; https://www.sec.gov/Archives/edgar/data/55785/000005578516000194/),13
Kimberly-Clark,KMB,2016Q4,2016-12-31,분기별 당기순이익(지배),505000000,USD,계산(연간-3분기누적),https://www.sec.gov/Archives/edgar/data/55785/000005578517000017/ ; https://www.sec.gov/Archives/edgar/data/55785/000005578516000194/,연간 2166000000 − 9개월누적 1661000000 (NetIncomeLoss),13
Kimberly-Clark,KMB,2016Q4,2016-12-31,분기별 영업활동현금흐름,871000000,USD,계산(누적차감),https://www.sec.gov/Archives/edgar/data/55785/000005578517000017/ ; https://www.sec.gov/Archives/edgar/data/55785/000005578516000194/,누적 3232000000 − 직전누적 2361000000 (시작 2016-01-01),13
Kimberly-Clark,KMB,2016Q4,2016-12-31,분기말 자산총계,14602000000,USD,공시,https://www.sec.gov/Archives/edgar/data/55785/000005578517000017/,,13
Kimberly-Clark,KMB,2016Q4,2016-12-31,분기말 부채총계,14485000000,USD,계산(부채및자본-총자본),https://www.sec.gov/Archives/edgar/data/55785/000005578517000017/,부채및자본 14602000000 − 총자본 117000000,13
Kimberly-Clark,KMB,2016Q4,2016-12-31,분기말 총자본(자기자본),117000000,USD,공시,https://www.sec.gov/Archives/edgar/data/55785/000005578517000017/,,13
Kimberly-Clark,KMB,2016Q4,2016-12-31,분기말 지배지분 자본,-102000000,USD,공시,https://www.sec.gov/Archives/edgar/data/55785/000005578517000017/,,13
Kimberly-Clark,KMB,2016Q4,2016-12-30,분기말 종가,114.12,USD,API,https://query1.finance.yahoo.com/v8/finance/chart/KMB?interval=1d&events=splits (2016-12-30),,13
Kimberly-Clark,KMB,2016Q4,2017-02-01,분기말 상장주식수,356274872,주,공시(표지 기준일),https://www.sec.gov/Archives/edgar/data/55785/000005578517000017/,dei:EntityCommonStockSharesOutstanding 클래스 합,13
Kimberly-Clark,KMB,2016Q4,2016-12-30,분기말 시가총액,40658088393,USD,계산(종가×주식수),https://query1.finance.yahoo.com/v8/finance/chart/KMB?interval=1d&events=splits (2016-12-30) ; https://www.sec.gov/Archives/edgar/data/55785/000005578517000017/,종가 114.12 × 주식수 356274872,13
Kimberly-Clark,KMB,2017Q1,2017-03-31,분기별 매출액,4504000000,USD,공시(재작성 반영),https://www.sec.gov/Archives/edgar/data/55785/000005578518000028/,원 공시 4483000000 (https://www.sec.gov/Archives/edgar/data/55785/000005578517000033/),13
Kimberly-Clark,KMB,2017Q1,2017-03-31,분기별 영업이익,848000000,USD,공시(재작성 반영),https://www.sec.gov/Archives/edgar/data/55785/000005578518000028/,원 공시 834000000 (https://www.sec.gov/Archives/edgar/data/55785/000005578517000033/),13
Kimberly-Clark,KMB,2017Q1,2017-03-31,분기별 당기순이익(지배),563000000,USD,공시,https://www.sec.gov/Archives/edgar/data/55785/000005578517000033/,,13
Kimberly-Clark,KMB,2017Q1,2017-03-31,분기별 영업활동현금흐름,436000000,USD,공시,https://www.sec.gov/Archives/edgar/data/55785/000005578517000033/,,13
Kimberly-Clark,KMB,2017Q1,2017-03-31,분기말 자산총계,14758000000,USD,공시,https://www.sec.gov/Archives/edgar/data/55785/000005578517000033/,,13
Kimberly-Clark,KMB,2017Q1,2017-03-31,분기말 부채총계,14396000000,USD,계산(부채및자본-총자본),https://www.sec.gov/Archives/edgar/data/55785/000005578517000033/,부채및자본 14758000000 − 총자본 362000000,13
Kimberly-Clark,KMB,2017Q1,2017-03-31,분기말 총자본(자기자본),362000000,USD,공시,https://www.sec.gov/Archives/edgar/data/55785/000005578517000033/,,13
Kimberly-Clark,KMB,2017Q1,2017-03-31,분기말 지배지분 자본,136000000,USD,공시,https://www.sec.gov/Archives/edgar/data/55785/000005578517000033/,,13
Kimberly-Clark,KMB,2017Q1,2017-03-31,분기말 종가,131.63,USD,API,https://query1.finance.yahoo.com/v8/finance/chart/KMB?interval=1d&events=splits (2017-03-31),,13
Kimberly-Clark,KMB,2017Q1,2017-04-17,분기말 상장주식수,354928124,주,공시(표지 기준일),https://www.sec.gov/Archives/edgar/data/55785/000005578517000033/,dei:EntityCommonStockSharesOutstanding 클래스 합,13
Kimberly-Clark,KMB,2017Q1,2017-03-31,분기말 시가총액,46719188962,USD,계산(종가×주식수),https://query1.finance.yahoo.com/v8/finance/chart/KMB?interval=1d&events=splits (2017-03-31) ; https://www.sec.gov/Archives/edgar/data/55785/000005578517000033/,종가 131.63 × 주식수 354928124,13
Kimberly-Clark,KMB,2017Q2,2017-06-30,분기별 매출액,4576000000,USD,공시(재작성 반영),https://www.sec.gov/Archives/edgar/data/55785/000005578518000051/,원 공시 4554000000 (https://www.sec.gov/Archives/edgar/data/55785/000005578517000057/),13
Kimberly-Clark,KMB,2017Q2,2017-06-30,분기별 영업이익,814000000,USD,공시(재작성 반영),https://www.sec.gov/Archives/edgar/data/55785/000005578518000051/,원 공시 799000000 (https://www.sec.gov/Archives/edgar/data/55785/000005578517000057/),13
Kimberly-Clark,KMB,2017Q2,2017-06-30,분기별 당기순이익(지배),531000000,USD,공시,https://www.sec.gov/Archives/edgar/data/55785/000005578517000057/,,13
Kimberly-Clark,KMB,2017Q2,2017-06-30,분기별 영업활동현금흐름,825000000,USD,계산(누적차감),https://www.sec.gov/Archives/edgar/data/55785/000005578517000057/ ; https://www.sec.gov/Archives/edgar/data/55785/000005578517000033/,누적 1261000000 − 직전누적 436000000 (시작 2017-01-01),13
Kimberly-Clark,KMB,2017Q2,2017-06-30,분기말 자산총계,15070000000,USD,공시,https://www.sec.gov/Archives/edgar/data/55785/000005578517000057/,,13
Kimberly-Clark,KMB,2017Q2,2017-06-30,분기말 부채총계,14739000000,USD,계산(부채및자본-총자본),https://www.sec.gov/Archives/edgar/data/55785/000005578517000057/,부채및자본 15070000000 − 총자본 331000000,13
Kimberly-Clark,KMB,2017Q2,2017-06-30,분기말 총자본(자기자본),331000000,USD,공시,https://www.sec.gov/Archives/edgar/data/55785/000005578517000057/,,13
Kimberly-Clark,KMB,2017Q2,2017-06-30,분기말 지배지분 자본,102000000,USD,공시,https://www.sec.gov/Archives/edgar/data/55785/000005578517000057/,,13
Kimberly-Clark,KMB,2017Q2,2017-06-30,분기말 종가,129.11,USD,API,https://query1.finance.yahoo.com/v8/finance/chart/KMB?interval=1d&events=splits (2017-06-30),,13
Kimberly-Clark,KMB,2017Q2,2017-07-18,분기말 상장주식수,353302843,주,공시(표지 기준일),https://www.sec.gov/Archives/edgar/data/55785/000005578517000057/,dei:EntityCommonStockSharesOutstanding 클래스 합,13
Kimberly-Clark,KMB,2017Q2,2017-06-30,분기말 시가총액,45614930060,USD,계산(종가×주식수),https://query1.finance.yahoo.com/v8/finance/chart/KMB?interval=1d&events=splits (2017-06-30) ; https://www.sec.gov/Archives/edgar/data/55785/000005578517000057/,종가 129.11 × 주식수 353302843,13
Kimberly-Clark,KMB,2017Q3,2017-09-30,분기별 매출액,4665000000,USD,공시(재작성 반영),https://www.sec.gov/Archives/edgar/data/55785/000005578518000069/,원 공시 4640000000 (https://www.sec.gov/Archives/edgar/data/55785/000005578517000067/),13
Kimberly-Clark,KMB,2017Q3,2017-09-30,분기별 영업이익,868000000,USD,공시(재작성 반영),https://www.sec.gov/Archives/edgar/data/55785/000005578518000069/,원 공시 854000000 (https://www.sec.gov/Archives/edgar/data/55785/000005578517000067/),13
Kimberly-Clark,KMB,2017Q3,2017-09-30,분기별 당기순이익(지배),567000000,USD,공시,https://www.sec.gov/Archives/edgar/data/55785/000005578517000067/,,13
Kimberly-Clark,KMB,2017Q3,2017-09-30,분기별 영업활동현금흐름,805000000,USD,계산(누적차감),https://www.sec.gov/Archives/edgar/data/55785/000005578517000067/ ; https://www.sec.gov/Archives/edgar/data/55785/000005578517000057/,누적 2066000000 − 직전누적 1261000000 (시작 2017-01-01),13
Kimberly-Clark,KMB,2017Q3,2017-09-30,분기말 자산총계,15049000000,USD,공시,https://www.sec.gov/Archives/edgar/data/55785/000005578517000067/,,13
Kimberly-Clark,KMB,2017Q3,2017-09-30,분기말 부채총계,14551000000,USD,계산(부채및자본-총자본),https://www.sec.gov/Archives/edgar/data/55785/000005578517000067/,부채및자본 15049000000 − 총자본 498000000,13
Kimberly-Clark,KMB,2017Q3,2017-09-30,분기말 총자본(자기자본),498000000,USD,공시,https://www.sec.gov/Archives/edgar/data/55785/000005578517000067/,,13
Kimberly-Clark,KMB,2017Q3,2017-09-30,분기말 지배지분 자본,259000000,USD,공시,https://www.sec.gov/Archives/edgar/data/55785/000005578517000067/,,13
Kimberly-Clark,KMB,2017Q3,2017-09-29,분기말 종가,117.68,USD,API,https://query1.finance.yahoo.com/v8/finance/chart/KMB?interval=1d&events=splits (2017-09-29),,13
Kimberly-Clark,KMB,2017Q3,2017-10-16,분기말 상장주식수,351757295,주,공시(표지 기준일),https://www.sec.gov/Archives/edgar/data/55785/000005578517000067/,dei:EntityCommonStockSharesOutstanding 클래스 합,13
Kimberly-Clark,KMB,2017Q3,2017-09-29,분기말 시가총액,41394798476,USD,계산(종가×주식수),https://query1.finance.yahoo.com/v8/finance/chart/KMB?interval=1d&events=splits (2017-09-29) ; https://www.sec.gov/Archives/edgar/data/55785/000005578517000067/,종가 117.68 × 주식수 351757295,13
Kimberly-Clark,KMB,2017Q4,2017-12-31,분기별 매출액,4603000000,USD,계산(연간-3분기누적)(재작성 반영),https://www.sec.gov/Archives/edgar/data/55785/000005578519000013/ ; https://www.sec.gov/Archives/edgar/data/55785/000005578518000069/,연간 18348000000 − 9개월누적 13745000000 (SalesRevenueNet) ; 원 공시 4582000000 (https://www.sec.gov/Archives/edgar/data/55785/000005578518000014/ ; https://www.sec.gov/Archives/edgar/data/55785/000005578517000067/),13
Kimberly-Clark,KMB,2017Q4,2017-12-31,분기별 영업이익,828000000,USD,계산(연간-3분기누적)(재작성 반영),https://www.sec.gov/Archives/edgar/data/55785/000005578520000016/ ; https://www.sec.gov/Archives/edgar/data/55785/000005578518000069/,연간 3358000000 − 9개월누적 2530000000 (OperatingIncomeLoss) ; 원 공시 812000000 (https://www.sec.gov/Archives/edgar/data/55785/000005578518000014/ ; https://www.sec.gov/Archives/edgar/data/55785/000005578517000067/),13
Kimberly-Clark,KMB,2017Q4,2017-12-31,분기별 당기순이익(지배),617000000,USD,계산(연간-3분기누적),https://www.sec.gov/Archives/edgar/data/55785/000005578518000014/ ; https://www.sec.gov/Archives/edgar/data/55785/000005578517000067/,연간 2278000000 − 9개월누적 1661000000 (NetIncomeLoss),13
Kimberly-Clark,KMB,2017Q4,2017-12-31,분기별 영업활동현금흐름,863000000,USD,계산(누적차감),https://www.sec.gov/Archives/edgar/data/55785/000005578518000014/ ; https://www.sec.gov/Archives/edgar/data/55785/000005578517000067/,누적 2929000000 − 직전누적 2066000000 (시작 2017-01-01),13
Kimberly-Clark,KMB,2017Q4,2017-12-31,분기말 자산총계,15151000000,USD,공시,https://www.sec.gov/Archives/edgar/data/55785/000005578518000014/,,13
Kimberly-Clark,KMB,2017Q4,2017-12-31,분기말 부채총계,14269000000,USD,계산(부채및자본-총자본),https://www.sec.gov/Archives/edgar/data/55785/000005578518000014/,부채및자본 15151000000 − 총자본 882000000,13
Kimberly-Clark,KMB,2017Q4,2017-12-31,분기말 총자본(자기자본),882000000,USD,공시,https://www.sec.gov/Archives/edgar/data/55785/000005578518000014/,,13
Kimberly-Clark,KMB,2017Q4,2017-12-31,분기말 지배지분 자본,629000000,USD,공시,https://www.sec.gov/Archives/edgar/data/55785/000005578518000014/,,13
Kimberly-Clark,KMB,2017Q4,2017-12-29,분기말 종가,120.66,USD,API,https://query1.finance.yahoo.com/v8/finance/chart/KMB?interval=1d&events=splits (2017-12-29),,13
Kimberly-Clark,KMB,2017Q4,2018-02-01,분기말 상장주식수,350706285,주,공시(표지 기준일),https://www.sec.gov/Archives/edgar/data/55785/000005578518000014/,dei:EntityCommonStockSharesOutstanding 클래스 합,13
Kimberly-Clark,KMB,2017Q4,2017-12-29,분기말 시가총액,42316220348,USD,계산(종가×주식수),https://query1.finance.yahoo.com/v8/finance/chart/KMB?interval=1d&events=splits (2017-12-29) ; https://www.sec.gov/Archives/edgar/data/55785/000005578518000014/,종가 120.66 × 주식수 350706285,13
Kimberly-Clark,KMB,2018Q1,2018-03-31,분기별 매출액,4731000000,USD,공시,https://www.sec.gov/Archives/edgar/data/55785/000005578518000028/,,13
Kimberly-Clark,KMB,2018Q1,2018-03-31,분기별 영업이익,247000000,USD,공시,https://www.sec.gov/Archives/edgar/data/55785/000005578518000028/,,13
Kimberly-Clark,KMB,2018Q1,2018-03-31,분기별 당기순이익(지배),93000000,USD,공시,https://www.sec.gov/Archives/edgar/data/55785/000005578518000028/,,13
Kimberly-Clark,KMB,2018Q1,2018-03-31,분기별 영업활동현금흐름,542000000,USD,공시,https://www.sec.gov/Archives/edgar/data/55785/000005578518000028/,,13
Kimberly-Clark,KMB,2018Q1,2018-03-31,분기말 자산총계,15303000000,USD,공시,https://www.sec.gov/Archives/edgar/data/55785/000005578518000028/,,13
Kimberly-Clark,KMB,2018Q1,2018-03-31,분기말 부채총계,14748000000,USD,계산(부채및자본-총자본),https://www.sec.gov/Archives/edgar/data/55785/000005578518000028/,부채및자본 15303000000 − 총자본 555000000,13
Kimberly-Clark,KMB,2018Q1,2018-03-31,분기말 총자본(자기자본),555000000,USD,공시,https://www.sec.gov/Archives/edgar/data/55785/000005578518000028/,,13
Kimberly-Clark,KMB,2018Q1,2018-03-31,분기말 지배지분 자본,317000000,USD,공시,https://www.sec.gov/Archives/edgar/data/55785/000005578518000028/,,13
Kimberly-Clark,KMB,2018Q1,2018-03-29,분기말 종가,110.13,USD,API,https://query1.finance.yahoo.com/v8/finance/chart/KMB?interval=1d&events=splits (2018-03-29),,13
Kimberly-Clark,KMB,2018Q1,2018-04-16,분기말 상장주식수,349329075,주,공시(표지 기준일),https://www.sec.gov/Archives/edgar/data/55785/000005578518000028/,dei:EntityCommonStockSharesOutstanding 클래스 합,13
Kimberly-Clark,KMB,2018Q1,2018-03-29,분기말 시가총액,38471611030,USD,계산(종가×주식수),https://query1.finance.yahoo.com/v8/finance/chart/KMB?interval=1d&events=splits (2018-03-29) ; https://www.sec.gov/Archives/edgar/data/55785/000005578518000028/,종가 110.13 × 주식수 349329075,13
Kimberly-Clark,KMB,2018Q2,2018-06-30,분기별 매출액,4604000000,USD,공시,https://www.sec.gov/Archives/edgar/data/55785/000005578518000051/,,13
Kimberly-Clark,KMB,2018Q2,2018-06-30,분기별 영업이익,674000000,USD,공시,https://www.sec.gov/Archives/edgar/data/55785/000005578518000051/,,13
Kimberly-Clark,KMB,2018Q2,2018-06-30,분기별 당기순이익(지배),455000000,USD,공시,https://www.sec.gov/Archives/edgar/data/55785/000005578518000051/,,13
Kimberly-Clark,KMB,2018Q2,2018-06-30,분기별 영업활동현금흐름,787000000,USD,계산(누적차감),https://www.sec.gov/Archives/edgar/data/55785/000005578518000051/ ; https://www.sec.gov/Archives/edgar/data/55785/000005578518000028/,누적 1329000000 − 직전누적 542000000 (시작 2018-01-01),13
Kimberly-Clark,KMB,2018Q2,2018-06-30,분기말 자산총계,14564000000,USD,공시,https://www.sec.gov/Archives/edgar/data/55785/000005578518000051/,,13
Kimberly-Clark,KMB,2018Q2,2018-06-30,분기말 부채총계,14386000000,USD,계산(부채및자본-총자본),https://www.sec.gov/Archives/edgar/data/55785/000005578518000051/,부채및자본 14564000000 − 총자본 178000000,13
Kimberly-Clark,KMB,2018Q2,2018-06-30,분기말 총자본(자기자본),178000000,USD,공시,https://www.sec.gov/Archives/edgar/data/55785/000005578518000051/,,13
Kimberly-Clark,KMB,2018Q2,2018-06-30,분기말 지배지분 자본,-57000000,USD,공시,https://www.sec.gov/Archives/edgar/data/55785/000005578518000051/,,13
Kimberly-Clark,KMB,2018Q2,2018-06-29,분기말 종가,105.34,USD,API,https://query1.finance.yahoo.com/v8/finance/chart/KMB?interval=1d&events=splits (2018-06-29),,13
Kimberly-Clark,KMB,2018Q2,2018-07-17,분기말 상장주식수,347664541,주,공시(표지 기준일),https://www.sec.gov/Archives/edgar/data/55785/000005578518000051/,dei:EntityCommonStockSharesOutstanding 클래스 합,13
Kimberly-Clark,KMB,2018Q2,2018-06-29,분기말 시가총액,36622982749,USD,계산(종가×주식수),https://query1.finance.yahoo.com/v8/finance/chart/KMB?interval=1d&events=splits (2018-06-29) ; https://www.sec.gov/Archives/edgar/data/55785/000005578518000051/,종가 105.34 × 주식수 347664541,13
Kimberly-Clark,KMB,2018Q3,2018-09-30,분기별 매출액,4582000000,USD,공시,https://www.sec.gov/Archives/edgar/data/55785/000005578518000069/,,13
Kimberly-Clark,KMB,2018Q3,2018-09-30,분기별 영업이익,669000000,USD,공시,https://www.sec.gov/Archives/edgar/data/55785/000005578518000069/,,13
Kimberly-Clark,KMB,2018Q3,2018-09-30,분기별 당기순이익(지배),451000000,USD,공시,https://www.sec.gov/Archives/edgar/data/55785/000005578518000069/,,13
Kimberly-Clark,KMB,2018Q3,2018-09-30,분기별 영업활동현금흐름,692000000,USD,계산(누적차감),https://www.sec.gov/Archives/edgar/data/55785/000005578518000069/ ; https://www.sec.gov/Archives/edgar/data/55785/000005578518000051/,누적 2021000000 − 직전누적 1329000000 (시작 2018-01-01),13
Kimberly-Clark,KMB,2018Q3,2018-09-30,분기말 자산총계,14583000000,USD,공시,https://www.sec.gov/Archives/edgar/data/55785/000005578518000069/,,13
Kimberly-Clark,KMB,2018Q3,2018-09-30,분기말 부채총계,14471000000,USD,계산(부채및자본-총자본),https://www.sec.gov/Archives/edgar/data/55785/000005578518000069/,부채및자본 14583000000 − 총자본 112000000,13
Kimberly-Clark,KMB,2018Q3,2018-09-30,분기말 총자본(자기자본),112000000,USD,공시,https://www.sec.gov/Archives/edgar/data/55785/000005578518000069/,,13
Kimberly-Clark,KMB,2018Q3,2018-09-30,분기말 지배지분 자본,-133000000,USD,공시,https://www.sec.gov/Archives/edgar/data/55785/000005578518000069/,,13
Kimberly-Clark,KMB,2018Q3,2018-09-28,분기말 종가,113.64,USD,API,https://query1.finance.yahoo.com/v8/finance/chart/KMB?interval=1d&events=splits (2018-09-28),,13
Kimberly-Clark,KMB,2018Q3,2018-10-15,분기말 상장주식수,346300915,주,공시(표지 기준일),https://www.sec.gov/Archives/edgar/data/55785/000005578518000069/,dei:EntityCommonStockSharesOutstanding 클래스 합,13
Kimberly-Clark,KMB,2018Q3,2018-09-28,분기말 시가총액,39353635981,USD,계산(종가×주식수),https://query1.finance.yahoo.com/v8/finance/chart/KMB?interval=1d&events=splits (2018-09-28) ; https://www.sec.gov/Archives/edgar/data/55785/000005578518000069/,종가 113.64 × 주식수 346300915,13
Kimberly-Clark,KMB,2018Q4,2018-12-31,분기별 매출액,4569000000,USD,계산(연간-3분기누적),https://www.sec.gov/Archives/edgar/data/55785/000005578519000013/ ; https://www.sec.gov/Archives/edgar/data/55785/000005578518000069/,연간 18486000000 − 9개월누적 13917000000 (SalesRevenueNet),13
Kimberly-Clark,KMB,2018Q4,2018-12-31,분기별 영업이익,639000000,USD,계산(연간-3분기누적),https://www.sec.gov/Archives/edgar/data/55785/000005578519000013/ ; https://www.sec.gov/Archives/edgar/data/55785/000005578518000069/,연간 2229000000 − 9개월누적 1590000000 (OperatingIncomeLoss),13
Kimberly-Clark,KMB,2018Q4,2018-12-31,분기별 당기순이익(지배),411000000,USD,계산(연간-3분기누적),https://www.sec.gov/Archives/edgar/data/55785/000005578519000013/ ; https://www.sec.gov/Archives/edgar/data/55785/000005578518000069/,연간 1410000000 − 9개월누적 999000000 (NetIncomeLoss),13
Kimberly-Clark,KMB,2018Q4,2018-12-31,분기별 영업활동현금흐름,949000000,USD,계산(누적차감),https://www.sec.gov/Archives/edgar/data/55785/000005578519000013/ ; https://www.sec.gov/Archives/edgar/data/55785/000005578518000069/,누적 2970000000 − 직전누적 2021000000 (시작 2018-01-01),13
Kimberly-Clark,KMB,2018Q4,2018-12-31,분기말 자산총계,14518000000,USD,공시,https://www.sec.gov/Archives/edgar/data/55785/000005578519000013/,,13
Kimberly-Clark,KMB,2018Q4,2018-12-31,분기말 부채총계,14564000000,USD,계산(부채및자본-총자본),https://www.sec.gov/Archives/edgar/data/55785/000005578519000013/,부채및자본 14518000000 − 총자본 -46000000,13
Kimberly-Clark,KMB,2018Q4,2018-12-31,분기말 총자본(자기자본),-46000000,USD,공시,https://www.sec.gov/Archives/edgar/data/55785/000005578519000013/,,13
Kimberly-Clark,KMB,2018Q4,2018-12-31,분기말 지배지분 자본,-287000000,USD,공시,https://www.sec.gov/Archives/edgar/data/55785/000005578519000013/,,13
Kimberly-Clark,KMB,2018Q4,2018-12-31,분기말 종가,113.94,USD,API,https://query1.finance.yahoo.com/v8/finance/chart/KMB?interval=1d&events=splits (2018-12-31),,13
Kimberly-Clark,KMB,2018Q4,2019-01-31,분기말 상장주식수,344431630,주,공시(표지 기준일),https://www.sec.gov/Archives/edgar/data/55785/000005578519000013/,dei:EntityCommonStockSharesOutstanding 클래스 합,13
Kimberly-Clark,KMB,2018Q4,2018-12-31,분기말 시가총액,39244539922,USD,계산(종가×주식수),https://query1.finance.yahoo.com/v8/finance/chart/KMB?interval=1d&events=splits (2018-12-31) ; https://www.sec.gov/Archives/edgar/data/55785/000005578519000013/,종가 113.94 × 주식수 344431630,13
Kimberly-Clark,KMB,2019Q1,2019-03-31,분기별 매출액,4633000000,USD,공시,https://www.sec.gov/Archives/edgar/data/55785/000005578519000032/,,13
Kimberly-Clark,KMB,2019Q1,2019-03-31,분기별 영업이익,655000000,USD,공시,https://www.sec.gov/Archives/edgar/data/55785/000005578519000032/,,13
Kimberly-Clark,KMB,2019Q1,2019-03-31,분기별 당기순이익(지배),454000000,USD,공시,https://www.sec.gov/Archives/edgar/data/55785/000005578519000032/,,13
Kimberly-Clark,KMB,2019Q1,2019-03-31,분기별 영업활동현금흐름,317000000,USD,공시,https://www.sec.gov/Archives/edgar/data/55785/000005578519000032/,,13
Kimberly-Clark,KMB,2019Q1,2019-03-31,분기말 자산총계,15204000000,USD,공시,https://www.sec.gov/Archives/edgar/data/55785/000005578519000032/,,13
Kimberly-Clark,KMB,2019Q1,2019-03-31,분기말 부채총계,15286000000,USD,계산(부채및자본-총자본),https://www.sec.gov/Archives/edgar/data/55785/000005578519000032/,부채및자본 15204000000 − 총자본 -82000000,13
Kimberly-Clark,KMB,2019Q1,2019-03-31,분기말 총자본(자기자본),-82000000,USD,공시,https://www.sec.gov/Archives/edgar/data/55785/000005578519000032/,,13
Kimberly-Clark,KMB,2019Q1,2019-03-31,분기말 지배지분 자본,-305000000,USD,공시,https://www.sec.gov/Archives/edgar/data/55785/000005578519000032/,,13
Kimberly-Clark,KMB,2019Q1,2019-03-29,분기말 종가,123.9,USD,API,https://query1.finance.yahoo.com/v8/finance/chart/KMB?interval=1d&events=splits (2019-03-29),,13
Kimberly-Clark,KMB,2019Q1,2019-04-15,분기말 상장주식수,343795330,주,공시(표지 기준일),https://www.sec.gov/Archives/edgar/data/55785/000005578519000032/,dei:EntityCommonStockSharesOutstanding 클래스 합,13
Kimberly-Clark,KMB,2019Q1,2019-03-29,분기말 시가총액,42596241387,USD,계산(종가×주식수),https://query1.finance.yahoo.com/v8/finance/chart/KMB?interval=1d&events=splits (2019-03-29) ; https://www.sec.gov/Archives/edgar/data/55785/000005578519000032/,종가 123.9 × 주식수 343795330,13
Kimberly-Clark,KMB,2019Q2,2019-06-30,분기별 매출액,4594000000,USD,공시,https://www.sec.gov/Archives/edgar/data/55785/000005578519000064/,,13
Kimberly-Clark,KMB,2019Q2,2019-06-30,분기별 영업이익,670000000,USD,공시,https://www.sec.gov/Archives/edgar/data/55785/000005578519000064/,,13
Kimberly-Clark,KMB,2019Q2,2019-06-30,분기별 당기순이익(지배),485000000,USD,공시,https://www.sec.gov/Archives/edgar/data/55785/000005578519000064/,,13
Kimberly-Clark,KMB,2019Q2,2019-06-30,분기별 영업활동현금흐름,609000000,USD,계산(누적차감),https://www.sec.gov/Archives/edgar/data/55785/000005578519000064/ ; https://www.sec.gov/Archives/edgar/data/55785/000005578519000032/,누적 926000000 − 직전누적 317000000 (시작 2019-01-01),13
Kimberly-Clark,KMB,2019Q2,2019-06-30,분기말 자산총계,15347000000,USD,공시,https://www.sec.gov/Archives/edgar/data/55785/000005578519000064/,,13
Kimberly-Clark,KMB,2019Q2,2019-06-30,분기말 부채총계,15297000000,USD,계산(부채및자본-총자본),https://www.sec.gov/Archives/edgar/data/55785/000005578519000064/,부채및자본 15347000000 − 총자본 50000000,13
Kimberly-Clark,KMB,2019Q2,2019-06-30,분기말 총자본(자기자본),50000000,USD,공시,https://www.sec.gov/Archives/edgar/data/55785/000005578519000064/,,13
Kimberly-Clark,KMB,2019Q2,2019-06-30,분기말 지배지분 자본,-178000000,USD,공시,https://www.sec.gov/Archives/edgar/data/55785/000005578519000064/,,13
Kimberly-Clark,KMB,2019Q2,2019-06-28,분기말 종가,133.28,USD,API,https://query1.finance.yahoo.com/v8/finance/chart/KMB?interval=1d&events=splits (2019-06-28),,13
Kimberly-Clark,KMB,2019Q2,2019-07-16,분기말 상장주식수,344136273,주,공시(표지 기준일),https://www.sec.gov/Archives/edgar/data/55785/000005578519000064/,dei:EntityCommonStockSharesOutstanding 클래스 합,13
Kimberly-Clark,KMB,2019Q2,2019-06-28,분기말 시가총액,45866482465,USD,계산(종가×주식수),https://query1.finance.yahoo.com/v8/finance/chart/KMB?interval=1d&events=splits (2019-06-28) ; https://www.sec.gov/Archives/edgar/data/55785/000005578519000064/,종가 133.28 × 주식수 344136273,13
Kimberly-Clark,KMB,2019Q3,2019-09-30,분기별 매출액,4640000000,USD,공시,https://www.sec.gov/Archives/edgar/data/55785/000005578519000084/,,13
Kimberly-Clark,KMB,2019Q3,2019-09-30,분기별 영업이익,915000000,USD,공시,https://www.sec.gov/Archives/edgar/data/55785/000005578519000084/,,13
Kimberly-Clark,KMB,2019Q3,2019-09-30,분기별 당기순이익(지배),671000000,USD,공시,https://www.sec.gov/Archives/edgar/data/55785/000005578519000084/,,13
Kimberly-Clark,KMB,2019Q3,2019-09-30,분기별 영업활동현금흐름,886000000,USD,계산(누적차감),https://www.sec.gov/Archives/edgar/data/55785/000005578519000084/ ; https://www.sec.gov/Archives/edgar/data/55785/000005578519000064/,누적 1812000000 − 직전누적 926000000 (시작 2019-01-01),13
Kimberly-Clark,KMB,2019Q3,2019-09-30,분기말 자산총계,15033000000,USD,공시,https://www.sec.gov/Archives/edgar/data/55785/000005578519000084/,,13
Kimberly-Clark,KMB,2019Q3,2019-09-30,분기말 부채총계,14945000000,USD,계산(부채및자본-총자본),https://www.sec.gov/Archives/edgar/data/55785/000005578519000084/,부채및자본 15033000000 − 총자본 88000000,13
Kimberly-Clark,KMB,2019Q3,2019-09-30,분기말 총자본(자기자본),88000000,USD,공시,https://www.sec.gov/Archives/edgar/data/55785/000005578519000084/,,13
Kimberly-Clark,KMB,2019Q3,2019-09-30,분기말 지배지분 자본,-141000000,USD,공시,https://www.sec.gov/Archives/edgar/data/55785/000005578519000084/,,13
Kimberly-Clark,KMB,2019Q3,2019-09-30,분기말 종가,142.05,USD,API,https://query1.finance.yahoo.com/v8/finance/chart/KMB?interval=1d&events=splits (2019-09-30),,13
Kimberly-Clark,KMB,2019Q3,2019-10-15,분기말 상장주식수,342805599,주,공시(표지 기준일),https://www.sec.gov/Archives/edgar/data/55785/000005578519000084/,dei:EntityCommonStockSharesOutstanding 클래스 합,13
Kimberly-Clark,KMB,2019Q3,2019-09-30,분기말 시가총액,48695535338,USD,계산(종가×주식수),https://query1.finance.yahoo.com/v8/finance/chart/KMB?interval=1d&events=splits (2019-09-30) ; https://www.sec.gov/Archives/edgar/data/55785/000005578519000084/,종가 142.05 × 주식수 342805599,13
Kimberly-Clark,KMB,2019Q4,2019-12-31,분기별 매출액,4583000000,USD,계산(연간-3분기누적),https://www.sec.gov/Archives/edgar/data/55785/000005578520000016/ ; https://www.sec.gov/Archives/edgar/data/55785/000005578519000084/,연간 18450000000 − 9개월누적 13867000000 (Revenues),13
Kimberly-Clark,KMB,2019Q4,2019-12-31,분기별 영업이익,751000000,USD,계산(연간-3분기누적),https://www.sec.gov/Archives/edgar/data/55785/000005578520000016/ ; https://www.sec.gov/Archives/edgar/data/55785/000005578519000084/,연간 2991000000 − 9개월누적 2240000000 (OperatingIncomeLoss),13
Kimberly-Clark,KMB,2019Q4,2019-12-31,분기별 당기순이익(지배),547000000,USD,계산(연간-3분기누적),https://www.sec.gov/Archives/edgar/data/55785/000005578520000016/ ; https://www.sec.gov/Archives/edgar/data/55785/000005578519000084/,연간 2157000000 − 9개월누적 1610000000 (NetIncomeLoss),13
Kimberly-Clark,KMB,2019Q4,2019-12-31,분기별 영업활동현금흐름,924000000,USD,계산(누적차감),https://www.sec.gov/Archives/edgar/data/55785/000005578520000016/ ; https://www.sec.gov/Archives/edgar/data/55785/000005578519000084/,누적 2736000000 − 직전누적 1812000000 (시작 2019-01-01),13
Kimberly-Clark,KMB,2019Q4,2019-12-31,분기말 자산총계,15283000000,USD,공시,https://www.sec.gov/Archives/edgar/data/55785/000005578520000016/,,13
Kimberly-Clark,KMB,2019Q4,2019-12-31,분기말 부채총계,15089000000,USD,계산(부채및자본-총자본),https://www.sec.gov/Archives/edgar/data/55785/000005578520000016/,부채및자본 15283000000 − 총자본 194000000,13
Kimberly-Clark,KMB,2019Q4,2019-12-31,분기말 총자본(자기자본),194000000,USD,공시,https://www.sec.gov/Archives/edgar/data/55785/000005578520000016/,,13
Kimberly-Clark,KMB,2019Q4,2019-12-31,분기말 지배지분 자본,-33000000,USD,공시,https://www.sec.gov/Archives/edgar/data/55785/000005578520000016/,,13
Kimberly-Clark,KMB,2019Q4,2019-12-31,분기말 종가,137.55,USD,API,https://query1.finance.yahoo.com/v8/finance/chart/KMB?interval=1d&events=splits (2019-12-31),,13
Kimberly-Clark,KMB,2019Q4,2020-01-31,분기말 상장주식수,341795666,주,공시(표지 기준일),https://www.sec.gov/Archives/edgar/data/55785/000005578520000016/,dei:EntityCommonStockSharesOutstanding 클래스 합,13
Kimberly-Clark,KMB,2019Q4,2019-12-31,분기말 시가총액,47013993858,USD,계산(종가×주식수),https://query1.finance.yahoo.com/v8/finance/chart/KMB?interval=1d&events=splits (2019-12-31) ; https://www.sec.gov/Archives/edgar/data/55785/000005578520000016/,종가 137.55 × 주식수 341795666,13
Kimberly-Clark,KMB,2020Q1,2020-03-31,분기별 매출액,5009000000,USD,공시,https://www.sec.gov/Archives/edgar/data/55785/000005578520000034/,,13
Kimberly-Clark,KMB,2020Q1,2020-03-31,분기별 영업이익,904000000,USD,공시,https://www.sec.gov/Archives/edgar/data/55785/000005578520000034/,,13
Kimberly-Clark,KMB,2020Q1,2020-03-31,분기별 당기순이익(지배),660000000,USD,공시,https://www.sec.gov/Archives/edgar/data/55785/000005578520000034/,,13
Kimberly-Clark,KMB,2020Q1,2020-03-31,분기별 영업활동현금흐름,704000000,USD,공시,https://www.sec.gov/Archives/edgar/data/55785/000005578520000034/,,13
Kimberly-Clark,KMB,2020Q1,2020-03-31,분기말 자산총계,15677000000,USD,공시,https://www.sec.gov/Archives/edgar/data/55785/000005578520000034/,,13
Kimberly-Clark,KMB,2020Q1,2020-03-31,분기말 부채총계,15631000000,USD,계산(부채및자본-총자본),https://www.sec.gov/Archives/edgar/data/55785/000005578520000034/,부채및자본 15677000000 − 총자본 46000000,13
Kimberly-Clark,KMB,2020Q1,2020-03-31,분기말 총자본(자기자본),46000000,USD,공시,https://www.sec.gov/Archives/edgar/data/55785/000005578520000034/,,13
Kimberly-Clark,KMB,2020Q1,2020-03-31,분기말 지배지분 자본,-167000000,USD,공시,https://www.sec.gov/Archives/edgar/data/55785/000005578520000034/,,13
Kimberly-Clark,KMB,2020Q1,2020-03-31,분기말 종가,127.87,USD,API,https://query1.finance.yahoo.com/v8/finance/chart/KMB?interval=1d&events=splits (2020-03-31),,13
Kimberly-Clark,KMB,2020Q1,2020-04-15,분기말 상장주식수,340547119,주,공시(표지 기준일),https://www.sec.gov/Archives/edgar/data/55785/000005578520000034/,dei:EntityCommonStockSharesOutstanding 클래스 합,13
Kimberly-Clark,KMB,2020Q1,2020-03-31,분기말 시가총액,43545760107,USD,계산(종가×주식수),https://query1.finance.yahoo.com/v8/finance/chart/KMB?interval=1d&events=splits (2020-03-31) ; https://www.sec.gov/Archives/edgar/data/55785/000005578520000034/,종가 127.87 × 주식수 340547119,13
Kimberly-Clark,KMB,2020Q2,2020-06-30,분기별 매출액,4612000000,USD,공시,https://www.sec.gov/Archives/edgar/data/55785/000005578520000053/,,13
Kimberly-Clark,KMB,2020Q2,2020-06-30,분기별 영업이익,925000000,USD,공시,https://www.sec.gov/Archives/edgar/data/55785/000005578520000053/,,13
Kimberly-Clark,KMB,2020Q2,2020-06-30,분기별 당기순이익(지배),681000000,USD,공시,https://www.sec.gov/Archives/edgar/data/55785/000005578520000053/,,13
Kimberly-Clark,KMB,2020Q2,2020-06-30,분기별 영업활동현금흐름,1579000000,USD,계산(누적차감),https://www.sec.gov/Archives/edgar/data/55785/000005578520000053/ ; https://www.sec.gov/Archives/edgar/data/55785/000005578520000034/,누적 2283000000 − 직전누적 704000000 (시작 2020-01-01),13
Kimberly-Clark,KMB,2020Q2,2020-06-30,분기말 자산총계,16173000000,USD,공시,https://www.sec.gov/Archives/edgar/data/55785/000005578520000053/,,13
Kimberly-Clark,KMB,2020Q2,2020-06-30,분기말 부채총계,15678000000,USD,계산(부채및자본-총자본),https://www.sec.gov/Archives/edgar/data/55785/000005578520000053/,부채및자본 16173000000 − 총자본 495000000,13
Kimberly-Clark,KMB,2020Q2,2020-06-30,분기말 총자본(자기자본),495000000,USD,공시,https://www.sec.gov/Archives/edgar/data/55785/000005578520000053/,,13
Kimberly-Clark,KMB,2020Q2,2020-06-30,분기말 지배지분 자본,268000000,USD,공시,https://www.sec.gov/Archives/edgar/data/55785/000005578520000053/,,13
Kimberly-Clark,KMB,2020Q2,2020-06-30,분기말 종가,141.35,USD,API,https://query1.finance.yahoo.com/v8/finance/chart/KMB?interval=1d&events=splits (2020-06-30),,13
Kimberly-Clark,KMB,2020Q2,2020-07-16,분기말 상장주식수,341047156,주,공시(표지 기준일),https://www.sec.gov/Archives/edgar/data/55785/000005578520000053/,dei:EntityCommonStockSharesOutstanding 클래스 합,13
Kimberly-Clark,KMB,2020Q2,2020-06-30,분기말 시가총액,48207015501,USD,계산(종가×주식수),https://query1.finance.yahoo.com/v8/finance/chart/KMB?interval=1d&events=splits (2020-06-30) ; https://www.sec.gov/Archives/edgar/data/55785/000005578520000053/,종가 141.35 × 주식수 341047156,13
Kimberly-Clark,KMB,2020Q3,2020-09-30,분기별 매출액,4683000000,USD,공시,https://www.sec.gov/Archives/edgar/data/55785/000005578520000074/,,13
Kimberly-Clark,KMB,2020Q3,2020-09-30,분기별 영업이익,666000000,USD,공시,https://www.sec.gov/Archives/edgar/data/55785/000005578520000074/,,13
Kimberly-Clark,KMB,2020Q3,2020-09-30,분기별 당기순이익(지배),472000000,USD,공시,https://www.sec.gov/Archives/edgar/data/55785/000005578520000074/,,13
Kimberly-Clark,KMB,2020Q3,2020-09-30,분기별 영업활동현금흐름,559000000,USD,계산(누적차감),https://www.sec.gov/Archives/edgar/data/55785/000005578520000074/ ; https://www.sec.gov/Archives/edgar/data/55785/000005578520000053/,누적 2842000000 − 직전누적 2283000000 (시작 2020-01-01),13
Kimberly-Clark,KMB,2020Q3,2020-09-30,분기말 자산총계,16531000000,USD,공시,https://www.sec.gov/Archives/edgar/data/55785/000005578520000074/,,13
Kimberly-Clark,KMB,2020Q3,2020-09-30,분기말 부채총계,15954000000,USD,계산(부채및자본-총자본),https://www.sec.gov/Archives/edgar/data/55785/000005578520000074/,부채및자본 16531000000 − 총자본 577000000,13
Kimberly-Clark,KMB,2020Q3,2020-09-30,분기말 총자본(자기자본),577000000,USD,공시,https://www.sec.gov/Archives/edgar/data/55785/000005578520000074/,,13
Kimberly-Clark,KMB,2020Q3,2020-09-30,분기말 지배지분 자본,335000000,USD,공시,https://www.sec.gov/Archives/edgar/data/55785/000005578520000074/,,13
Kimberly-Clark,KMB,2020Q3,2020-09-30,분기말 종가,147.66,USD,API,https://query1.finance.yahoo.com/v8/finance/chart/KMB?interval=1d&events=splits (2020-09-30),,13
Kimberly-Clark,KMB,2020Q3,2020-10-15,분기말 상장주식수,340136715,주,공시(표지 기준일),https://www.sec.gov/Archives/edgar/data/55785/000005578520000074/,dei:EntityCommonStockSharesOutstanding 클래스 합,13
Kimberly-Clark,KMB,2020Q3,2020-09-30,분기말 시가총액,50224587337,USD,계산(종가×주식수),https://query1.finance.yahoo.com/v8/finance/chart/KMB?interval=1d&events=splits (2020-09-30) ; https://www.sec.gov/Archives/edgar/data/55785/000005578520000074/,종가 147.66 × 주식수 340136715,13
Kimberly-Clark,KMB,2020Q4,2020-12-31,분기별 매출액,4836000000,USD,계산(연간-3분기누적),https://www.sec.gov/Archives/edgar/data/55785/000005578521000016/ ; https://www.sec.gov/Archives/edgar/data/55785/000005578520000074/,연간 19140000000 − 9개월누적 14304000000 (Revenues),13
Kimberly-Clark,KMB,2020Q4,2020-12-31,분기별 영업이익,749000000,USD,계산(연간-3분기누적),https://www.sec.gov/Archives/edgar/data/55785/000005578521000016/ ; https://www.sec.gov/Archives/edgar/data/55785/000005578520000074/,연간 3244000000 − 9개월누적 2495000000 (OperatingIncomeLoss),13
Kimberly-Clark,KMB,2020Q4,2020-12-31,분기별 당기순이익(지배),539000000,USD,계산(연간-3분기누적),https://www.sec.gov/Archives/edgar/data/55785/000005578521000016/ ; https://www.sec.gov/Archives/edgar/data/55785/000005578520000074/,연간 2352000000 − 9개월누적 1813000000 (NetIncomeLoss),13
Kimberly-Clark,KMB,2020Q4,2020-12-31,분기별 영업활동현금흐름,887000000,USD,계산(누적차감),https://www.sec.gov/Archives/edgar/data/55785/000005578521000016/ ; https://www.sec.gov/Archives/edgar/data/55785/000005578520000074/,누적 3729000000 − 직전누적 2842000000 (시작 2020-01-01),13
Kimberly-Clark,KMB,2020Q4,2020-12-31,분기말 자산총계,17523000000,USD,공시,https://www.sec.gov/Archives/edgar/data/55785/000005578521000016/,,13
Kimberly-Clark,KMB,2020Q4,2020-12-31,분기말 부채총계,16654000000,USD,계산(부채및자본-총자본),https://www.sec.gov/Archives/edgar/data/55785/000005578521000016/,부채및자본 17523000000 − 총자본 869000000,13
Kimberly-Clark,KMB,2020Q4,2020-12-31,분기말 총자본(자기자본),869000000,USD,공시,https://www.sec.gov/Archives/edgar/data/55785/000005578521000016/,,13
Kimberly-Clark,KMB,2020Q4,2020-12-31,분기말 지배지분 자본,626000000,USD,공시,https://www.sec.gov/Archives/edgar/data/55785/000005578521000016/,,13
Kimberly-Clark,KMB,2020Q4,2020-12-31,분기말 종가,134.83,USD,API,https://query1.finance.yahoo.com/v8/finance/chart/KMB?interval=1d&events=splits (2020-12-31),,13
Kimberly-Clark,KMB,2020Q4,2021-01-29,분기말 상장주식수,338363924,주,공시(표지 기준일),https://www.sec.gov/Archives/edgar/data/55785/000005578521000016/,dei:EntityCommonStockSharesOutstanding 클래스 합,13
Kimberly-Clark,KMB,2020Q4,2020-12-31,분기말 시가총액,45621607873,USD,계산(종가×주식수),https://query1.finance.yahoo.com/v8/finance/chart/KMB?interval=1d&events=splits (2020-12-31) ; https://www.sec.gov/Archives/edgar/data/55785/000005578521000016/,종가 134.83 × 주식수 338363924,13
Kimberly-Clark,KMB,2021Q1,2021-03-31,분기별 매출액,4743000000,USD,공시,https://www.sec.gov/Archives/edgar/data/55785/000005578521000037/,,13
Kimberly-Clark,KMB,2021Q1,2021-03-31,분기별 영업이익,770000000,USD,공시,https://www.sec.gov/Archives/edgar/data/55785/000005578521000037/,,13
Kimberly-Clark,KMB,2021Q1,2021-03-31,분기별 당기순이익(지배),584000000,USD,공시,https://www.sec.gov/Archives/edgar/data/55785/000005578521000037/,,13
Kimberly-Clark,KMB,2021Q1,2021-03-31,분기별 영업활동현금흐름,321000000,USD,공시,https://www.sec.gov/Archives/edgar/data/55785/000005578521000037/,,13
Kimberly-Clark,KMB,2021Q1,2021-03-31,분기말 자산총계,17226000000,USD,공시,https://www.sec.gov/Archives/edgar/data/55785/000005578521000037/,,13
Kimberly-Clark,KMB,2021Q1,2021-03-31,분기말 부채총계,16480000000,USD,계산(부채및자본-총자본),https://www.sec.gov/Archives/edgar/data/55785/000005578521000037/,부채및자본 17226000000 − 총자본 746000000,13
Kimberly-Clark,KMB,2021Q1,2021-03-31,분기말 총자본(자기자본),746000000,USD,공시,https://www.sec.gov/Archives/edgar/data/55785/000005578521000037/,,13
Kimberly-Clark,KMB,2021Q1,2021-03-31,분기말 지배지분 자본,518000000,USD,공시,https://www.sec.gov/Archives/edgar/data/55785/000005578521000037/,,13
Kimberly-Clark,KMB,2021Q1,2021-03-31,분기말 종가,139.05,USD,API,https://query1.finance.yahoo.com/v8/finance/chart/KMB?interval=1d&events=splits (2021-03-31),,13
Kimberly-Clark,KMB,2021Q1,2021-04-16,분기말 상장주식수,337431588,주,공시(표지 기준일),https://www.sec.gov/Archives/edgar/data/55785/000005578521000037/,dei:EntityCommonStockSharesOutstanding 클래스 합,13
Kimberly-Clark,KMB,2021Q1,2021-03-31,분기말 시가총액,46919862311,USD,계산(종가×주식수),https://query1.finance.yahoo.com/v8/finance/chart/KMB?interval=1d&events=splits (2021-03-31) ; https://www.sec.gov/Archives/edgar/data/55785/000005578521000037/,종가 139.05 × 주식수 337431588,13
Kimberly-Clark,KMB,2021Q2,2021-06-30,분기별 매출액,4722000000,USD,공시,https://www.sec.gov/Archives/edgar/data/55785/000005578521000073/,,13
Kimberly-Clark,KMB,2021Q2,2021-06-30,분기별 영업이익,613000000,USD,공시,https://www.sec.gov/Archives/edgar/data/55785/000005578521000073/,,13
Kimberly-Clark,KMB,2021Q2,2021-06-30,분기별 당기순이익(지배),404000000,USD,공시,https://www.sec.gov/Archives/edgar/data/55785/000005578521000073/,,13
Kimberly-Clark,KMB,2021Q2,2021-06-30,분기별 영업활동현금흐름,565000000,USD,계산(누적차감),https://www.sec.gov/Archives/edgar/data/55785/000005578521000073/ ; https://www.sec.gov/Archives/edgar/data/55785/000005578521000037/,누적 886000000 − 직전누적 321000000 (시작 2021-01-01),13
Kimberly-Clark,KMB,2021Q2,2021-06-30,분기말 자산총계,17827000000,USD,공시,https://www.sec.gov/Archives/edgar/data/55785/000005578521000073/,,13
Kimberly-Clark,KMB,2021Q2,2021-06-30,분기말 부채총계,17069000000,USD,계산(부채및자본-총자본),https://www.sec.gov/Archives/edgar/data/55785/000005578521000073/,부채및자본 17827000000 − 총자본 758000000,13
Kimberly-Clark,KMB,2021Q2,2021-06-30,분기말 총자본(자기자본),758000000,USD,공시,https://www.sec.gov/Archives/edgar/data/55785/000005578521000073/,,13
Kimberly-Clark,KMB,2021Q2,2021-06-30,분기말 지배지분 자본,524000000,USD,공시,https://www.sec.gov/Archives/edgar/data/55785/000005578521000073/,,13
Kimberly-Clark,KMB,2021Q2,2021-06-30,분기말 종가,133.78,USD,API,https://query1.finance.yahoo.com/v8/finance/chart/KMB?interval=1d&events=splits (2021-06-30),,13
Kimberly-Clark,KMB,2021Q2,2021-07-16,분기말 상장주식수,336762087,주,공시(표지 기준일),https://www.sec.gov/Archives/edgar/data/55785/000005578521000073/,dei:EntityCommonStockSharesOutstanding 클래스 합,13
Kimberly-Clark,KMB,2021Q2,2021-06-30,분기말 시가총액,45052031999,USD,계산(종가×주식수),https://query1.finance.yahoo.com/v8/finance/chart/KMB?interval=1d&events=splits (2021-06-30) ; https://www.sec.gov/Archives/edgar/data/55785/000005578521000073/,종가 133.78 × 주식수 336762087,13
Kimberly-Clark,KMB,2021Q3,2021-09-30,분기별 매출액,5010000000,USD,공시,https://www.sec.gov/Archives/edgar/data/55785/000005578521000091/,,13
Kimberly-Clark,KMB,2021Q3,2021-09-30,분기별 영업이익,657000000,USD,공시,https://www.sec.gov/Archives/edgar/data/55785/000005578521000091/,,13
Kimberly-Clark,KMB,2021Q3,2021-09-30,분기별 당기순이익(지배),469000000,USD,공시,https://www.sec.gov/Archives/edgar/data/55785/000005578521000091/,,13
Kimberly-Clark,KMB,2021Q3,2021-09-30,분기별 영업활동현금흐름,782000000,USD,계산(누적차감),https://www.sec.gov/Archives/edgar/data/55785/000005578521000091/ ; https://www.sec.gov/Archives/edgar/data/55785/000005578521000073/,누적 1668000000 − 직전누적 886000000 (시작 2021-01-01),13
Kimberly-Clark,KMB,2021Q3,2021-09-30,분기말 자산총계,17775000000,USD,공시,https://www.sec.gov/Archives/edgar/data/55785/000005578521000091/,,13
Kimberly-Clark,KMB,2021Q3,2021-09-30,분기말 부채총계,17068000000,USD,계산(부채및자본-총자본),https://www.sec.gov/Archives/edgar/data/55785/000005578521000091/,부채및자본 17775000000 − 총자본 707000000,13
Kimberly-Clark,KMB,2021Q3,2021-09-30,분기말 총자본(자기자본),707000000,USD,공시,https://www.sec.gov/Archives/edgar/data/55785/000005578521000091/,,13
Kimberly-Clark,KMB,2021Q3,2021-09-30,분기말 지배지분 자본,474000000,USD,공시,https://www.sec.gov/Archives/edgar/data/55785/000005578521000091/,,13
Kimberly-Clark,KMB,2021Q3,2021-09-30,분기말 종가,132.44,USD,API,https://query1.finance.yahoo.com/v8/finance/chart/KMB?interval=1d&events=splits (2021-09-30),,13
Kimberly-Clark,KMB,2021Q3,2021-10-18,분기말 상장주식수,336716722,주,공시(표지 기준일),https://www.sec.gov/Archives/edgar/data/55785/000005578521000091/,dei:EntityCommonStockSharesOutstanding 클래스 합,13
Kimberly-Clark,KMB,2021Q3,2021-09-30,분기말 시가총액,44594762662,USD,계산(종가×주식수),https://query1.finance.yahoo.com/v8/finance/chart/KMB?interval=1d&events=splits (2021-09-30) ; https://www.sec.gov/Archives/edgar/data/55785/000005578521000091/,종가 132.44 × 주식수 336716722,13
Kimberly-Clark,KMB,2021Q4,2021-12-31,분기별 매출액,4965000000,USD,계산(연간-3분기누적),https://www.sec.gov/Archives/edgar/data/55785/000005578522000010/ ; https://www.sec.gov/Archives/edgar/data/55785/000005578521000091/,연간 19440000000 − 9개월누적 14475000000 (Revenues),13
Kimberly-Clark,KMB,2021Q4,2021-12-31,분기별 영업이익,521000000,USD,계산(연간-3분기누적),https://www.sec.gov/Archives/edgar/data/55785/000005578522000010/ ; https://www.sec.gov/Archives/edgar/data/55785/000005578521000091/,연간 2561000000 − 9개월누적 2040000000 (OperatingIncomeLoss),13
Kimberly-Clark,KMB,2021Q4,2021-12-31,분기별 당기순이익(지배),357000000,USD,계산(연간-3분기누적),https://www.sec.gov/Archives/edgar/data/55785/000005578522000010/ ; https://www.sec.gov/Archives/edgar/data/55785/000005578521000091/,연간 1814000000 − 9개월누적 1457000000 (NetIncomeLoss),13
Kimberly-Clark,KMB,2021Q4,2021-12-31,분기별 영업활동현금흐름,1062000000,USD,계산(누적차감),https://www.sec.gov/Archives/edgar/data/55785/000005578522000010/ ; https://www.sec.gov/Archives/edgar/data/55785/000005578521000091/,누적 2730000000 − 직전누적 1668000000 (시작 2021-01-01),13
Kimberly-Clark,KMB,2021Q4,2021-12-31,분기말 자산총계,17837000000,USD,공시,https://www.sec.gov/Archives/edgar/data/55785/000005578522000010/,,13
Kimberly-Clark,KMB,2021Q4,2021-12-31,분기말 부채총계,17100000000,USD,계산(부채및자본-총자본),https://www.sec.gov/Archives/edgar/data/55785/000005578522000010/,부채및자본 17837000000 − 총자본 737000000,13
Kimberly-Clark,KMB,2021Q4,2021-12-31,분기말 총자본(자기자본),737000000,USD,공시,https://www.sec.gov/Archives/edgar/data/55785/000005578522000010/,,13
Kimberly-Clark,KMB,2021Q4,2021-12-31,분기말 지배지분 자본,514000000,USD,공시,https://www.sec.gov/Archives/edgar/data/55785/000005578522000010/,,13
Kimberly-Clark,KMB,2021Q4,2021-12-31,분기말 종가,142.92,USD,API,https://query1.finance.yahoo.com/v8/finance/chart/KMB?interval=1d&events=splits (2021-12-31),,13
Kimberly-Clark,KMB,2021Q4,2022-01-31,분기말 상장주식수,336993302,주,공시(표지 기준일),https://www.sec.gov/Archives/edgar/data/55785/000005578522000010/,dei:EntityCommonStockSharesOutstanding 클래스 합,13
Kimberly-Clark,KMB,2021Q4,2021-12-31,분기말 시가총액,48163082722,USD,계산(종가×주식수),https://query1.finance.yahoo.com/v8/finance/chart/KMB?interval=1d&events=splits (2021-12-31) ; https://www.sec.gov/Archives/edgar/data/55785/000005578522000010/,종가 142.92 × 주식수 336993302,13
Kimberly-Clark,KMB,2022Q1,2022-03-31,분기별 매출액,5095000000,USD,공시,https://www.sec.gov/Archives/edgar/data/55785/000005578522000035/,,13
Kimberly-Clark,KMB,2022Q1,2022-03-31,분기별 영업이익,693000000,USD,공시,https://www.sec.gov/Archives/edgar/data/55785/000005578522000035/,,13
Kimberly-Clark,KMB,2022Q1,2022-03-31,분기별 당기순이익(지배),523000000,USD,공시,https://www.sec.gov/Archives/edgar/data/55785/000005578522000035/,,13
Kimberly-Clark,KMB,2022Q1,2022-03-31,분기별 영업활동현금흐름,204000000,USD,공시,https://www.sec.gov/Archives/edgar/data/55785/000005578522000035/,,13
Kimberly-Clark,KMB,2022Q1,2022-03-31,분기말 자산총계,18672000000,USD,공시,https://www.sec.gov/Archives/edgar/data/55785/000005578522000035/,,13
Kimberly-Clark,KMB,2022Q1,2022-03-31,분기말 부채총계,17818000000,USD,계산(부채및자본-총자본),https://www.sec.gov/Archives/edgar/data/55785/000005578522000035/,부채및자본 18672000000 − 총자본 854000000,13
Kimberly-Clark,KMB,2022Q1,2022-03-31,분기말 총자본(자기자본),854000000,USD,공시,https://www.sec.gov/Archives/edgar/data/55785/000005578522000035/,,13
Kimberly-Clark,KMB,2022Q1,2022-03-31,분기말 지배지분 자본,705000000,USD,공시,https://www.sec.gov/Archives/edgar/data/55785/000005578522000035/,,13
Kimberly-Clark,KMB,2022Q1,2022-03-31,분기말 종가,123.16,USD,API,https://query1.finance.yahoo.com/v8/finance/chart/KMB?interval=1d&events=splits (2022-03-31),,13
Kimberly-Clark,KMB,2022Q1,2022-04-15,분기말 상장주식수,336925493,주,공시(표지 기준일),https://www.sec.gov/Archives/edgar/data/55785/000005578522000035/,dei:EntityCommonStockSharesOutstanding 클래스 합,13
Kimberly-Clark,KMB,2022Q1,2022-03-31,분기말 시가총액,41495743718,USD,계산(종가×주식수),https://query1.finance.yahoo.com/v8/finance/chart/KMB?interval=1d&events=splits (2022-03-31) ; https://www.sec.gov/Archives/edgar/data/55785/000005578522000035/,종가 123.16 × 주식수 336925493,13
Kimberly-Clark,KMB,2022Q2,2022-06-30,분기별 매출액,5063000000,USD,공시,https://www.sec.gov/Archives/edgar/data/55785/000005578522000055/,,13
Kimberly-Clark,KMB,2022Q2,2022-06-30,분기별 영업이익,621000000,USD,공시,https://www.sec.gov/Archives/edgar/data/55785/000005578522000055/,,13
Kimberly-Clark,KMB,2022Q2,2022-06-30,분기별 당기순이익(지배),437000000,USD,공시,https://www.sec.gov/Archives/edgar/data/55785/000005578522000055/,,13
Kimberly-Clark,KMB,2022Q2,2022-06-30,분기별 영업활동현금흐름,740000000,USD,계산(누적차감),https://www.sec.gov/Archives/edgar/data/55785/000005578522000055/ ; https://www.sec.gov/Archives/edgar/data/55785/000005578522000035/,누적 944000000 − 직전누적 204000000 (시작 2022-01-01),13
Kimberly-Clark,KMB,2022Q2,2022-06-30,분기말 자산총계,18114000000,USD,공시,https://www.sec.gov/Archives/edgar/data/55785/000005578522000055/,,13
Kimberly-Clark,KMB,2022Q2,2022-06-30,분기말 부채총계,17372000000,USD,계산(부채및자본-총자본),https://www.sec.gov/Archives/edgar/data/55785/000005578522000055/,부채및자본 18114000000 − 총자본 742000000,13
Kimberly-Clark,KMB,2022Q2,2022-06-30,분기말 총자본(자기자본),742000000,USD,공시,https://www.sec.gov/Archives/edgar/data/55785/000005578522000055/,,13
Kimberly-Clark,KMB,2022Q2,2022-06-30,분기말 지배지분 자본,593000000,USD,공시,https://www.sec.gov/Archives/edgar/data/55785/000005578522000055/,,13
Kimberly-Clark,KMB,2022Q2,2022-06-30,분기말 종가,135.15,USD,API,https://query1.finance.yahoo.com/v8/finance/chart/KMB?interval=1d&events=splits (2022-06-30),,13
Kimberly-Clark,KMB,2022Q2,2022-07-19,분기말 상장주식수,337622288,주,공시(표지 기준일),https://www.sec.gov/Archives/edgar/data/55785/000005578522000055/,dei:EntityCommonStockSharesOutstanding 클래스 합,13
Kimberly-Clark,KMB,2022Q2,2022-06-30,분기말 시가총액,45629652223,USD,계산(종가×주식수),https://query1.finance.yahoo.com/v8/finance/chart/KMB?interval=1d&events=splits (2022-06-30) ; https://www.sec.gov/Archives/edgar/data/55785/000005578522000055/,종가 135.15 × 주식수 337622288,13
Kimberly-Clark,KMB,2022Q3,2022-09-30,분기별 매출액,5053000000,USD,공시,https://www.sec.gov/Archives/edgar/data/55785/000005578522000074/,,13
Kimberly-Clark,KMB,2022Q3,2022-09-30,분기별 영업이익,655000000,USD,공시,https://www.sec.gov/Archives/edgar/data/55785/000005578522000074/,,13
Kimberly-Clark,KMB,2022Q3,2022-09-30,분기별 당기순이익(지배),467000000,USD,공시,https://www.sec.gov/Archives/edgar/data/55785/000005578522000074/,,13
Kimberly-Clark,KMB,2022Q3,2022-09-30,분기별 영업활동현금흐름,798000000,USD,계산(누적차감),https://www.sec.gov/Archives/edgar/data/55785/000005578522000074/ ; https://www.sec.gov/Archives/edgar/data/55785/000005578522000055/,누적 1742000000 − 직전누적 944000000 (시작 2022-01-01),13
Kimberly-Clark,KMB,2022Q3,2022-09-30,분기말 자산총계,17836000000,USD,공시,https://www.sec.gov/Archives/edgar/data/55785/000005578522000074/,,13
Kimberly-Clark,KMB,2022Q3,2022-09-30,분기말 부채총계,17253000000,USD,계산(부채및자본-총자본),https://www.sec.gov/Archives/edgar/data/55785/000005578522000074/,부채및자본 17836000000 − 총자본 583000000,13
Kimberly-Clark,KMB,2022Q3,2022-09-30,분기말 총자본(자기자본),583000000,USD,공시,https://www.sec.gov/Archives/edgar/data/55785/000005578522000074/,,13
Kimberly-Clark,KMB,2022Q3,2022-09-30,분기말 지배지분 자본,437000000,USD,공시,https://www.sec.gov/Archives/edgar/data/55785/000005578522000074/,,13
Kimberly-Clark,KMB,2022Q3,2022-09-30,분기말 종가,112.54,USD,API,https://query1.finance.yahoo.com/v8/finance/chart/KMB?interval=1d&events=splits (2022-09-30),,13
Kimberly-Clark,KMB,2022Q3,2022-10-18,분기말 상장주식수,337492094,주,공시(표지 기준일),https://www.sec.gov/Archives/edgar/data/55785/000005578522000074/,dei:EntityCommonStockSharesOutstanding 클래스 합,13
Kimberly-Clark,KMB,2022Q3,2022-09-30,분기말 시가총액,37981360259,USD,계산(종가×주식수),https://query1.finance.yahoo.com/v8/finance/chart/KMB?interval=1d&events=splits (2022-09-30) ; https://www.sec.gov/Archives/edgar/data/55785/000005578522000074/,종가 112.54 × 주식수 337492094,13
Kimberly-Clark,KMB,2022Q4,2022-12-31,분기별 매출액,4964000000,USD,계산(연간-3분기누적),https://www.sec.gov/Archives/edgar/data/55785/000005578523000012/ ; https://www.sec.gov/Archives/edgar/data/55785/000005578522000074/,연간 20175000000 − 9개월누적 15211000000 (Revenues),13
Kimberly-Clark,KMB,2022Q4,2022-12-31,분기별 영업이익,712000000,USD,계산(연간-3분기누적),https://www.sec.gov/Archives/edgar/data/55785/000005578523000012/ ; https://www.sec.gov/Archives/edgar/data/55785/000005578522000074/,연간 2681000000 − 9개월누적 1969000000 (OperatingIncomeLoss),13
Kimberly-Clark,KMB,2022Q4,2022-12-31,분기별 당기순이익(지배),507000000,USD,계산(연간-3분기누적),https://www.sec.gov/Archives/edgar/data/55785/000005578523000012/ ; https://www.sec.gov/Archives/edgar/data/55785/000005578522000074/,연간 1934000000 − 9개월누적 1427000000 (NetIncomeLoss),13
Kimberly-Clark,KMB,2022Q4,2022-12-31,분기별 영업활동현금흐름,991000000,USD,계산(누적차감),https://www.sec.gov/Archives/edgar/data/55785/000005578523000012/ ; https://www.sec.gov/Archives/edgar/data/55785/000005578522000074/,누적 2733000000 − 직전누적 1742000000 (시작 2022-01-01),13
Kimberly-Clark,KMB,2022Q4,2022-12-31,분기말 자산총계,17970000000,USD,공시,https://www.sec.gov/Archives/edgar/data/55785/000005578523000012/,,13
Kimberly-Clark,KMB,2022Q4,2022-12-31,분기말 부채총계,17270000000,USD,계산(부채및자본-총자본),https://www.sec.gov/Archives/edgar/data/55785/000005578523000012/,부채및자본 17970000000 − 총자본 700000000,13
Kimberly-Clark,KMB,2022Q4,2022-12-31,분기말 총자본(자기자본),700000000,USD,공시,https://www.sec.gov/Archives/edgar/data/55785/000005578523000012/,,13
Kimberly-Clark,KMB,2022Q4,2022-12-31,분기말 지배지분 자본,547000000,USD,공시,https://www.sec.gov/Archives/edgar/data/55785/000005578523000012/,,13
Kimberly-Clark,KMB,2022Q4,2022-12-30,분기말 종가,135.75,USD,API,https://query1.finance.yahoo.com/v8/finance/chart/KMB?interval=1d&events=splits (2022-12-30),,13
Kimberly-Clark,KMB,2022Q4,2023-01-31,분기말 상장주식수,337507349,주,공시(표지 기준일),https://www.sec.gov/Archives/edgar/data/55785/000005578523000012/,dei:EntityCommonStockSharesOutstanding 클래스 합,13
Kimberly-Clark,KMB,2022Q4,2022-12-30,분기말 시가총액,45816622627,USD,계산(종가×주식수),https://query1.finance.yahoo.com/v8/finance/chart/KMB?interval=1d&events=splits (2022-12-30) ; https://www.sec.gov/Archives/edgar/data/55785/000005578523000012/,종가 135.75 × 주식수 337507349,13
Kimberly-Clark,KMB,2023Q1,2023-03-31,분기별 매출액,5195000000,USD,공시,https://www.sec.gov/Archives/edgar/data/55785/000005578523000029/,,13
Kimberly-Clark,KMB,2023Q1,2023-03-31,분기별 영업이익,787000000,USD,공시,https://www.sec.gov/Archives/edgar/data/55785/000005578523000029/,,13
Kimberly-Clark,KMB,2023Q1,2023-03-31,분기별 당기순이익(지배),566000000,USD,공시,https://www.sec.gov/Archives/edgar/data/55785/000005578523000029/,,13
Kimberly-Clark,KMB,2023Q1,2023-03-31,분기별 영업활동현금흐름,613000000,USD,공시,https://www.sec.gov/Archives/edgar/data/55785/000005578523000029/,,13
Kimberly-Clark,KMB,2023Q1,2023-03-31,분기말 자산총계,18177000000,USD,공시,https://www.sec.gov/Archives/edgar/data/55785/000005578523000029/,,13
Kimberly-Clark,KMB,2023Q1,2023-03-31,분기말 부채총계,17316000000,USD,계산(부채및자본-총자본),https://www.sec.gov/Archives/edgar/data/55785/000005578523000029/,부채및자본 18177000000 − 총자본 861000000,13
Kimberly-Clark,KMB,2023Q1,2023-03-31,분기말 총자본(자기자본),861000000,USD,공시,https://www.sec.gov/Archives/edgar/data/55785/000005578523000029/,,13
Kimberly-Clark,KMB,2023Q1,2023-03-31,분기말 지배지분 자본,719000000,USD,공시,https://www.sec.gov/Archives/edgar/data/55785/000005578523000029/,,13
Kimberly-Clark,KMB,2023Q1,2023-03-31,분기말 종가,134.22,USD,API,https://query1.finance.yahoo.com/v8/finance/chart/KMB?interval=1d&events=splits (2023-03-31),,13
Kimberly-Clark,KMB,2023Q1,2023-04-18,분기말 상장주식수,337381046,주,공시(표지 기준일),https://www.sec.gov/Archives/edgar/data/55785/000005578523000029/,dei:EntityCommonStockSharesOutstanding 클래스 합,13
Kimberly-Clark,KMB,2023Q1,2023-03-31,분기말 시가총액,45283283994,USD,계산(종가×주식수),https://query1.finance.yahoo.com/v8/finance/chart/KMB?interval=1d&events=splits (2023-03-31) ; https://www.sec.gov/Archives/edgar/data/55785/000005578523000029/,종가 134.22 × 주식수 337381046,13
Kimberly-Clark,KMB,2023Q2,2023-06-30,분기별 매출액,5134000000,USD,공시,https://www.sec.gov/Archives/edgar/data/55785/000005578523000054/,,13
Kimberly-Clark,KMB,2023Q2,2023-06-30,분기별 영업이익,113000000,USD,공시,https://www.sec.gov/Archives/edgar/data/55785/000005578523000054/,,13
Kimberly-Clark,KMB,2023Q2,2023-06-30,분기별 당기순이익(지배),102000000,USD,공시,https://www.sec.gov/Archives/edgar/data/55785/000005578523000054/,,13
Kimberly-Clark,KMB,2023Q2,2023-06-30,분기별 영업활동현금흐름,787000000,USD,계산(누적차감),https://www.sec.gov/Archives/edgar/data/55785/000005578523000054/ ; https://www.sec.gov/Archives/edgar/data/55785/000005578523000029/,누적 1400000000 − 직전누적 613000000 (시작 2023-01-01),13
Kimberly-Clark,KMB,2023Q2,2023-06-30,분기말 자산총계,17383000000,USD,공시,https://www.sec.gov/Archives/edgar/data/55785/000005578523000054/,,13
Kimberly-Clark,KMB,2023Q2,2023-06-30,분기말 부채총계,16732000000,USD,계산(부채및자본-총자본),https://www.sec.gov/Archives/edgar/data/55785/000005578523000054/,부채및자본 17383000000 − 총자본 651000000,13
Kimberly-Clark,KMB,2023Q2,2023-06-30,분기말 총자본(자기자본),651000000,USD,공시,https://www.sec.gov/Archives/edgar/data/55785/000005578523000054/,,13
Kimberly-Clark,KMB,2023Q2,2023-06-30,분기말 지배지분 자본,500000000,USD,공시,https://www.sec.gov/Archives/edgar/data/55785/000005578523000054/,,13
Kimberly-Clark,KMB,2023Q2,2023-06-30,분기말 종가,138.06,USD,API,https://query1.finance.yahoo.com/v8/finance/chart/KMB?interval=1d&events=splits (2023-06-30),,13
Kimberly-Clark,KMB,2023Q2,2023-07-18,분기말 상장주식수,338185161,주,공시(표지 기준일),https://www.sec.gov/Archives/edgar/data/55785/000005578523000054/,dei:EntityCommonStockSharesOutstanding 클래스 합,13
Kimberly-Clark,KMB,2023Q2,2023-06-30,분기말 시가총액,46689843328,USD,계산(종가×주식수),https://query1.finance.yahoo.com/v8/finance/chart/KMB?interval=1d&events=splits (2023-06-30) ; https://www.sec.gov/Archives/edgar/data/55785/000005578523000054/,종가 138.06 × 주식수 338185161,13
Kimberly-Clark,KMB,2023Q3,2023-09-30,분기별 매출액,5132000000,USD,공시,https://www.sec.gov/Archives/edgar/data/55785/000005578523000064/,,13
Kimberly-Clark,KMB,2023Q3,2023-09-30,분기별 영업이익,774000000,USD,공시,https://www.sec.gov/Archives/edgar/data/55785/000005578523000064/,,13
Kimberly-Clark,KMB,2023Q3,2023-09-30,분기별 당기순이익(지배),587000000,USD,공시,https://www.sec.gov/Archives/edgar/data/55785/000005578523000064/,,13
Kimberly-Clark,KMB,2023Q3,2023-09-30,분기별 영업활동현금흐름,927000000,USD,계산(누적차감),https://www.sec.gov/Archives/edgar/data/55785/000005578523000064/ ; https://www.sec.gov/Archives/edgar/data/55785/000005578523000054/,누적 2327000000 − 직전누적 1400000000 (시작 2023-01-01),13
Kimberly-Clark,KMB,2023Q3,2023-09-30,분기말 자산총계,17153000000,USD,공시,https://www.sec.gov/Archives/edgar/data/55785/000005578523000064/,,13
Kimberly-Clark,KMB,2023Q3,2023-09-30,분기말 부채총계,16313000000,USD,계산(부채및자본-총자본),https://www.sec.gov/Archives/edgar/data/55785/000005578523000064/,부채및자본 17153000000 − 총자본 840000000,13
Kimberly-Clark,KMB,2023Q3,2023-09-30,분기말 총자본(자기자본),840000000,USD,공시,https://www.sec.gov/Archives/edgar/data/55785/000005578523000064/,,13
Kimberly-Clark,KMB,2023Q3,2023-09-30,분기말 지배지분 자본,680000000,USD,공시,https://www.sec.gov/Archives/edgar/data/55785/000005578523000064/,,13
Kimberly-Clark,KMB,2023Q3,2023-09-29,분기말 종가,120.85,USD,API,https://query1.finance.yahoo.com/v8/finance/chart/KMB?interval=1d&events=splits (2023-09-29),,13
Kimberly-Clark,KMB,2023Q3,2023-10-17,분기말 상장주식수,337941021,주,공시(표지 기준일),https://www.sec.gov/Archives/edgar/data/55785/000005578523000064/,dei:EntityCommonStockSharesOutstanding 클래스 합,13
Kimberly-Clark,KMB,2023Q3,2023-09-29,분기말 시가총액,40840172388,USD,계산(종가×주식수),https://query1.finance.yahoo.com/v8/finance/chart/KMB?interval=1d&events=splits (2023-09-29) ; https://www.sec.gov/Archives/edgar/data/55785/000005578523000064/,종가 120.85 × 주식수 337941021,13
Kimberly-Clark,KMB,2023Q4,2023-12-31,분기별 매출액,4970000000,USD,계산(연간-3분기누적),https://www.sec.gov/Archives/edgar/data/55785/000005578524000018/ ; https://www.sec.gov/Archives/edgar/data/55785/000005578523000064/,연간 20431000000 − 9개월누적 15461000000 (Revenues),13
Kimberly-Clark,KMB,2023Q4,2023-12-31,분기별 영업이익,670000000,USD,계산(연간-3분기누적),https://www.sec.gov/Archives/edgar/data/55785/000005578524000018/ ; https://www.sec.gov/Archives/edgar/data/55785/000005578523000064/,연간 2344000000 − 9개월누적 1674000000 (OperatingIncomeLoss),13
Kimberly-Clark,KMB,2023Q4,2023-12-31,분기별 당기순이익(지배),509000000,USD,계산(연간-3분기누적),https://www.sec.gov/Archives/edgar/data/55785/000005578524000018/ ; https://www.sec.gov/Archives/edgar/data/55785/000005578523000064/,연간 1764000000 − 9개월누적 1255000000 (NetIncomeLoss),13
Kimberly-Clark,KMB,2023Q4,2023-12-31,분기별 영업활동현금흐름,1215000000,USD,계산(누적차감),https://www.sec.gov/Archives/edgar/data/55785/000005578524000018/ ; https://www.sec.gov/Archives/edgar/data/55785/000005578523000064/,누적 3542000000 − 직전누적 2327000000 (시작 2023-01-01),13
Kimberly-Clark,KMB,2023Q4,2023-12-31,분기말 자산총계,17344000000,USD,공시,https://www.sec.gov/Archives/edgar/data/55785/000005578524000018/,,13
Kimberly-Clark,KMB,2023Q4,2023-12-31,분기말 부채총계,16276000000,USD,계산(부채및자본-총자본),https://www.sec.gov/Archives/edgar/data/55785/000005578524000018/,부채및자본 17344000000 − 총자본 1068000000,13
Kimberly-Clark,KMB,2023Q4,2023-12-31,분기말 총자본(자기자본),1068000000,USD,공시,https://www.sec.gov/Archives/edgar/data/55785/000005578524000018/,,13
Kimberly-Clark,KMB,2023Q4,2023-12-31,분기말 지배지분 자본,915000000,USD,공시,https://www.sec.gov/Archives/edgar/data/55785/000005578524000018/,,13
Kimberly-Clark,KMB,2023Q4,2023-12-29,분기말 종가,121.51,USD,API,https://query1.finance.yahoo.com/v8/finance/chart/KMB?interval=1d&events=splits (2023-12-29),,13
Kimberly-Clark,KMB,2023Q4,2024-01-31,분기말 상장주식수,336883198,주,공시(표지 기준일),https://www.sec.gov/Archives/edgar/data/55785/000005578524000018/,dei:EntityCommonStockSharesOutstanding 클래스 합,13
Kimberly-Clark,KMB,2023Q4,2023-12-29,분기말 시가총액,40934677389,USD,계산(종가×주식수),https://query1.finance.yahoo.com/v8/finance/chart/KMB?interval=1d&events=splits (2023-12-29) ; https://www.sec.gov/Archives/edgar/data/55785/000005578524000018/,종가 121.51 × 주식수 336883198,13
Kimberly-Clark,KMB,2024Q1,2024-03-31,분기별 매출액,5149000000,USD,공시,https://www.sec.gov/Archives/edgar/data/55785/000005578524000054/,,13
Kimberly-Clark,KMB,2024Q1,2024-03-31,분기별 영업이익,853000000,USD,공시,https://www.sec.gov/Archives/edgar/data/55785/000005578524000054/,,13
Kimberly-Clark,KMB,2024Q1,2024-03-31,분기별 당기순이익(지배),647000000,USD,공시,https://www.sec.gov/Archives/edgar/data/55785/000005578524000054/,,13
Kimberly-Clark,KMB,2024Q1,2024-03-31,분기별 영업활동현금흐름,438000000,USD,공시,https://www.sec.gov/Archives/edgar/data/55785/000005578524000054/,,13
Kimberly-Clark,KMB,2024Q1,2024-03-31,분기말 자산총계,17092000000,USD,공시,https://www.sec.gov/Archives/edgar/data/55785/000005578524000054/,,13
Kimberly-Clark,KMB,2024Q1,2024-03-31,분기말 부채총계,15908000000,USD,계산(부채및자본-총자본),https://www.sec.gov/Archives/edgar/data/55785/000005578524000054/,부채및자본 17092000000 − 총자본 1184000000,13
Kimberly-Clark,KMB,2024Q1,2024-03-31,분기말 총자본(자기자본),1184000000,USD,공시,https://www.sec.gov/Archives/edgar/data/55785/000005578524000054/,,13
Kimberly-Clark,KMB,2024Q1,2024-03-31,분기말 지배지분 자본,1044000000,USD,공시,https://www.sec.gov/Archives/edgar/data/55785/000005578524000054/,,13
Kimberly-Clark,KMB,2024Q1,2024-03-28,분기말 종가,129.35,USD,API,https://query1.finance.yahoo.com/v8/finance/chart/KMB?interval=1d&events=splits (2024-03-28),,13
Kimberly-Clark,KMB,2024Q1,2024-04-16,분기말 상장주식수,336709077,주,공시(표지 기준일),https://www.sec.gov/Archives/edgar/data/55785/000005578524000054/,dei:EntityCommonStockSharesOutstanding 클래스 합,13
Kimberly-Clark,KMB,2024Q1,2024-03-28,분기말 시가총액,43553319110,USD,계산(종가×주식수),https://query1.finance.yahoo.com/v8/finance/chart/KMB?interval=1d&events=splits (2024-03-28) ; https://www.sec.gov/Archives/edgar/data/55785/000005578524000054/,종가 129.35 × 주식수 336709077,13
Kimberly-Clark,KMB,2024Q2,2024-06-30,분기별 매출액,5029000000,USD,공시,https://www.sec.gov/Archives/edgar/data/55785/000005578524000085/,,13
Kimberly-Clark,KMB,2024Q2,2024-06-30,분기별 영업이익,655000000,USD,공시,https://www.sec.gov/Archives/edgar/data/55785/000005578524000085/,,13
Kimberly-Clark,KMB,2024Q2,2024-06-30,분기별 당기순이익(지배),544000000,USD,공시,https://www.sec.gov/Archives/edgar/data/55785/000005578524000085/,,13
Kimberly-Clark,KMB,2024Q2,2024-06-30,분기별 영업활동현금흐름,1021000000,USD,계산(누적차감),https://www.sec.gov/Archives/edgar/data/55785/000005578524000085/ ; https://www.sec.gov/Archives/edgar/data/55785/000005578524000054/,누적 1459000000 − 직전누적 438000000 (시작 2024-01-01),13
Kimberly-Clark,KMB,2024Q2,2024-06-30,분기말 자산총계,17280000000,USD,공시,https://www.sec.gov/Archives/edgar/data/55785/000005578524000085/,,13
Kimberly-Clark,KMB,2024Q2,2024-06-30,분기말 부채총계,15999000000,USD,계산(부채및자본-총자본),https://www.sec.gov/Archives/edgar/data/55785/000005578524000085/,부채및자본 17280000000 − 총자본 1281000000,13
Kimberly-Clark,KMB,2024Q2,2024-06-30,분기말 총자본(자기자본),1281000000,USD,공시,https://www.sec.gov/Archives/edgar/data/55785/000005578524000085/,,13
Kimberly-Clark,KMB,2024Q2,2024-06-30,분기말 지배지분 자본,1136000000,USD,공시,https://www.sec.gov/Archives/edgar/data/55785/000005578524000085/,,13
Kimberly-Clark,KMB,2024Q2,2024-06-28,분기말 종가,138.2,USD,API,https://query1.finance.yahoo.com/v8/finance/chart/KMB?interval=1d&events=splits (2024-06-28),,13
Kimberly-Clark,KMB,2024Q2,2024-07-16,분기말 상장주식수,336804427,주,공시(표지 기준일),https://www.sec.gov/Archives/edgar/data/55785/000005578524000085/,dei:EntityCommonStockSharesOutstanding 클래스 합,13
Kimberly-Clark,KMB,2024Q2,2024-06-28,분기말 시가총액,46546371811,USD,계산(종가×주식수),https://query1.finance.yahoo.com/v8/finance/chart/KMB?interval=1d&events=splits (2024-06-28) ; https://www.sec.gov/Archives/edgar/data/55785/000005578524000085/,종가 138.2 × 주식수 336804427,13
Kimberly-Clark,KMB,2024Q3,2024-09-30,분기별 매출액,4952000000,USD,공시,https://www.sec.gov/Archives/edgar/data/55785/000005578524000094/,,13
Kimberly-Clark,KMB,2024Q3,2024-09-30,분기별 영업이익,1154000000,USD,공시,https://www.sec.gov/Archives/edgar/data/55785/000005578524000094/,,13
Kimberly-Clark,KMB,2024Q3,2024-09-30,분기별 당기순이익(지배),907000000,USD,공시,https://www.sec.gov/Archives/edgar/data/55785/000005578524000094/,,13
Kimberly-Clark,KMB,2024Q3,2024-09-30,분기별 영업활동현금흐름,958000000,USD,계산(누적차감),https://www.sec.gov/Archives/edgar/data/55785/000005578524000094/ ; https://www.sec.gov/Archives/edgar/data/55785/000005578524000085/,누적 2417000000 − 직전누적 1459000000 (시작 2024-01-01),13
Kimberly-Clark,KMB,2024Q3,2024-09-30,분기말 자산총계,17165000000,USD,공시,https://www.sec.gov/Archives/edgar/data/55785/000005578524000094/,,13
Kimberly-Clark,KMB,2024Q3,2024-09-30,분기말 부채총계,15721000000,USD,계산(부채및자본-총자본),https://www.sec.gov/Archives/edgar/data/55785/000005578524000094/,부채및자본 17165000000 − 총자본 1444000000,13
Kimberly-Clark,KMB,2024Q3,2024-09-30,분기말 총자본(자기자본),1444000000,USD,공시,https://www.sec.gov/Archives/edgar/data/55785/000005578524000094/,,13
Kimberly-Clark,KMB,2024Q3,2024-09-30,분기말 지배지분 자본,1285000000,USD,공시,https://www.sec.gov/Archives/edgar/data/55785/000005578524000094/,,13
Kimberly-Clark,KMB,2024Q3,2024-09-30,분기말 종가,142.28,USD,API,https://query1.finance.yahoo.com/v8/finance/chart/KMB?interval=1d&events=splits (2024-09-30),,13
Kimberly-Clark,KMB,2024Q3,2024-10-15,분기말 상장주식수,333485305,주,공시(표지 기준일),https://www.sec.gov/Archives/edgar/data/55785/000005578524000094/,dei:EntityCommonStockSharesOutstanding 클래스 합,13
Kimberly-Clark,KMB,2024Q3,2024-09-30,분기말 시가총액,47448289195,USD,계산(종가×주식수),https://query1.finance.yahoo.com/v8/finance/chart/KMB?interval=1d&events=splits (2024-09-30) ; https://www.sec.gov/Archives/edgar/data/55785/000005578524000094/,종가 142.28 × 주식수 333485305,13
Kimberly-Clark,KMB,2024Q4,2024-12-31,분기별 매출액,4928000000,USD,계산(연간-3분기누적),https://www.sec.gov/Archives/edgar/data/55785/000005578525000013/ ; https://www.sec.gov/Archives/edgar/data/55785/000005578524000094/,연간 20058000000 − 9개월누적 15130000000 (Revenues),13
Kimberly-Clark,KMB,2024Q4,2024-12-31,분기별 영업이익,548000000,USD,계산(연간-3분기누적),https://www.sec.gov/Archives/edgar/data/55785/000005578525000013/ ; https://www.sec.gov/Archives/edgar/data/55785/000005578524000094/,연간 3210000000 − 9개월누적 2662000000 (OperatingIncomeLoss),13
Kimberly-Clark,KMB,2024Q4,2024-12-31,분기별 당기순이익(지배),447000000,USD,계산(연간-3분기누적),https://www.sec.gov/Archives/edgar/data/55785/000005578525000013/ ; https://www.sec.gov/Archives/edgar/data/55785/000005578524000094/,연간 2545000000 − 9개월누적 2098000000 (NetIncomeLoss),13
Kimberly-Clark,KMB,2024Q4,2024-12-31,분기별 영업활동현금흐름,817000000,USD,계산(누적차감),https://www.sec.gov/Archives/edgar/data/55785/000005578525000013/ ; https://www.sec.gov/Archives/edgar/data/55785/000005578524000094/,누적 3234000000 − 직전누적 2417000000 (시작 2024-01-01),13
Kimberly-Clark,KMB,2024Q4,2024-12-31,분기말 자산총계,16546000000,USD,공시,https://www.sec.gov/Archives/edgar/data/55785/000005578525000013/,,13
Kimberly-Clark,KMB,2024Q4,2024-12-31,분기말 부채총계,15571000000,USD,계산(부채및자본-총자본),https://www.sec.gov/Archives/edgar/data/55785/000005578525000013/,부채및자본 16546000000 − 총자본 975000000,13
Kimberly-Clark,KMB,2024Q4,2024-12-31,분기말 총자본(자기자본),975000000,USD,공시,https://www.sec.gov/Archives/edgar/data/55785/000005578525000013/,,13
Kimberly-Clark,KMB,2024Q4,2024-12-31,분기말 지배지분 자본,840000000,USD,공시,https://www.sec.gov/Archives/edgar/data/55785/000005578525000013/,,13
Kimberly-Clark,KMB,2024Q4,2024-12-31,분기말 종가,131.04,USD,API,https://query1.finance.yahoo.com/v8/finance/chart/KMB?interval=1d&events=splits (2024-12-31),,13
Kimberly-Clark,KMB,2024Q4,2025-01-31,분기말 상장주식수,331684601,주,공시(표지 기준일),https://www.sec.gov/Archives/edgar/data/55785/000005578525000013/,dei:EntityCommonStockSharesOutstanding 클래스 합,13
Kimberly-Clark,KMB,2024Q4,2024-12-31,분기말 시가총액,43463950115,USD,계산(종가×주식수),https://query1.finance.yahoo.com/v8/finance/chart/KMB?interval=1d&events=splits (2024-12-31) ; https://www.sec.gov/Archives/edgar/data/55785/000005578525000013/,종가 131.04 × 주식수 331684601,13
Kimberly-Clark,KMB,2025Q1,2025-03-31,분기별 매출액,4840000000,USD,공시,https://www.sec.gov/Archives/edgar/data/55785/000005578525000039/,,13
Kimberly-Clark,KMB,2025Q1,2025-03-31,분기별 영업이익,769000000,USD,공시,https://www.sec.gov/Archives/edgar/data/55785/000005578525000039/,,13
Kimberly-Clark,KMB,2025Q1,2025-03-31,분기별 당기순이익(지배),567000000,USD,공시,https://www.sec.gov/Archives/edgar/data/55785/000005578525000039/,,13
Kimberly-Clark,KMB,2025Q1,2025-03-31,분기별 영업활동현금흐름,327000000,USD,공시,https://www.sec.gov/Archives/edgar/data/55785/000005578525000039/,,13
Kimberly-Clark,KMB,2025Q1,2025-03-31,분기말 자산총계,16305000000,USD,공시,https://www.sec.gov/Archives/edgar/data/55785/000005578525000039/,,13
Kimberly-Clark,KMB,2025Q1,2025-03-31,분기말 부채총계,15081000000,USD,계산(부채및자본-총자본),https://www.sec.gov/Archives/edgar/data/55785/000005578525000039/,부채및자본 16305000000 − 총자본 1224000000,13
Kimberly-Clark,KMB,2025Q1,2025-03-31,분기말 총자본(자기자본),1224000000,USD,공시,https://www.sec.gov/Archives/edgar/data/55785/000005578525000039/,,13
Kimberly-Clark,KMB,2025Q1,2025-03-31,분기말 지배지분 자본,1101000000,USD,공시,https://www.sec.gov/Archives/edgar/data/55785/000005578525000039/,,13
Kimberly-Clark,KMB,2025Q1,2025-03-31,분기말 종가,142.22,USD,API,https://query1.finance.yahoo.com/v8/finance/chart/KMB?interval=1d&events=splits (2025-03-31),,13
Kimberly-Clark,KMB,2025Q1,2025-04-15,분기말 상장주식수,331816035,주,공시(표지 기준일),https://www.sec.gov/Archives/edgar/data/55785/000005578525000039/,dei:EntityCommonStockSharesOutstanding 클래스 합,13
Kimberly-Clark,KMB,2025Q1,2025-03-31,분기말 시가총액,47190876498,USD,계산(종가×주식수),https://query1.finance.yahoo.com/v8/finance/chart/KMB?interval=1d&events=splits (2025-03-31) ; https://www.sec.gov/Archives/edgar/data/55785/000005578525000039/,종가 142.22 × 주식수 331816035,13
Kimberly-Clark,KMB,2025Q2,2025-06-30,분기별 매출액,4163000000,USD,공시,https://www.sec.gov/Archives/edgar/data/55785/000005578525000080/,,13
Kimberly-Clark,KMB,2025Q2,2025-06-30,분기별 영업이익,592000000,USD,공시,https://www.sec.gov/Archives/edgar/data/55785/000005578525000080/,,13
Kimberly-Clark,KMB,2025Q2,2025-06-30,분기별 당기순이익(지배),509000000,USD,공시,https://www.sec.gov/Archives/edgar/data/55785/000005578525000080/,,13
Kimberly-Clark,KMB,2025Q2,2025-06-30,분기별 영업활동현금흐름,770000000,USD,계산(누적차감),https://www.sec.gov/Archives/edgar/data/55785/000005578525000080/ ; https://www.sec.gov/Archives/edgar/data/55785/000005578525000039/,누적 1097000000 − 직전누적 327000000 (시작 2025-01-01),13
Kimberly-Clark,KMB,2025Q2,2025-06-30,분기말 자산총계,16771000000,USD,공시,https://www.sec.gov/Archives/edgar/data/55785/000005578525000080/,,13
Kimberly-Clark,KMB,2025Q2,2025-06-30,분기말 부채총계,15368000000,USD,계산(부채및자본-총자본),https://www.sec.gov/Archives/edgar/data/55785/000005578525000080/,부채및자본 16771000000 − 총자본 1403000000,13
Kimberly-Clark,KMB,2025Q2,2025-06-30,분기말 총자본(자기자본),1403000000,USD,공시,https://www.sec.gov/Archives/edgar/data/55785/000005578525000080/,,13
Kimberly-Clark,KMB,2025Q2,2025-06-30,분기말 지배지분 자본,1271000000,USD,공시,https://www.sec.gov/Archives/edgar/data/55785/000005578525000080/,,13
Kimberly-Clark,KMB,2025Q2,2025-06-30,분기말 종가,128.92,USD,API,https://query1.finance.yahoo.com/v8/finance/chart/KMB?interval=1d&events=splits (2025-06-30),,13
Kimberly-Clark,KMB,2025Q2,2025-07-25,분기말 상장주식수,331779938,주,공시(표지 기준일),https://www.sec.gov/Archives/edgar/data/55785/000005578525000080/,dei:EntityCommonStockSharesOutstanding 클래스 합,13
Kimberly-Clark,KMB,2025Q2,2025-06-30,분기말 시가총액,42773069607,USD,계산(종가×주식수),https://query1.finance.yahoo.com/v8/finance/chart/KMB?interval=1d&events=splits (2025-06-30) ; https://www.sec.gov/Archives/edgar/data/55785/000005578525000080/,종가 128.92 × 주식수 331779938,13
Kimberly-Clark,KMB,2025Q3,2025-09-30,분기별 매출액,4150000000,USD,공시,https://www.sec.gov/Archives/edgar/data/55785/000162828025047387/,,13
Kimberly-Clark,KMB,2025Q3,2025-09-30,분기별 영업이익,621000000,USD,공시,https://www.sec.gov/Archives/edgar/data/55785/000162828025047387/,,13
Kimberly-Clark,KMB,2025Q3,2025-09-30,분기별 당기순이익(지배),446000000,USD,공시,https://www.sec.gov/Archives/edgar/data/55785/000162828025047387/,,13
Kimberly-Clark,KMB,2025Q3,2025-09-30,분기별 영업활동현금흐름,708000000,USD,계산(누적차감),https://www.sec.gov/Archives/edgar/data/55785/000162828025047387/ ; https://www.sec.gov/Archives/edgar/data/55785/000005578525000080/,누적 1805000000 − 직전누적 1097000000 (시작 2025-01-01),13
Kimberly-Clark,KMB,2025Q3,2025-09-30,분기말 자산총계,16888000000,USD,공시,https://www.sec.gov/Archives/edgar/data/55785/000162828025047387/,,13
Kimberly-Clark,KMB,2025Q3,2025-09-30,분기말 부채총계,15420000000,USD,계산(부채및자본-총자본),https://www.sec.gov/Archives/edgar/data/55785/000162828025047387/,부채및자본 16888000000 − 총자본 1468000000,13
Kimberly-Clark,KMB,2025Q3,2025-09-30,분기말 총자본(자기자본),1468000000,USD,공시,https://www.sec.gov/Archives/edgar/data/55785/000162828025047387/,,13
Kimberly-Clark,KMB,2025Q3,2025-09-30,분기말 지배지분 자본,1332000000,USD,공시,https://www.sec.gov/Archives/edgar/data/55785/000162828025047387/,,13
Kimberly-Clark,KMB,2025Q3,2025-09-30,분기말 종가,124.34,USD,API,https://query1.finance.yahoo.com/v8/finance/chart/KMB?interval=1d&events=splits (2025-09-30),,13
Kimberly-Clark,KMB,2025Q3,2025-10-23,분기말 상장주식수,331858421,주,공시(표지 기준일),https://www.sec.gov/Archives/edgar/data/55785/000162828025047387/,dei:EntityCommonStockSharesOutstanding 클래스 합,13
Kimberly-Clark,KMB,2025Q3,2025-09-30,분기말 시가총액,41263276067,USD,계산(종가×주식수),https://query1.finance.yahoo.com/v8/finance/chart/KMB?interval=1d&events=splits (2025-09-30) ; https://www.sec.gov/Archives/edgar/data/55785/000162828025047387/,종가 124.34 × 주식수 331858421,13
Kimberly-Clark,KMB,2025Q4,2025-12-31,분기별 매출액,4080000000,USD,계산(연간-3분기누적),https://www.sec.gov/Archives/edgar/data/55785/000162828026007567/ ; https://www.sec.gov/Archives/edgar/data/55785/000162828025047387/,연간 16447000000 − 9개월누적 12367000000 (Revenues),13
Kimberly-Clark,KMB,2025Q4,2025-12-31,분기별 영업이익,507000000,USD,계산(연간-3분기누적),https://www.sec.gov/Archives/edgar/data/55785/000162828026007567/ ; https://www.sec.gov/Archives/edgar/data/55785/000162828025047387/,연간 2351000000 − 9개월누적 1844000000 (OperatingIncomeLoss),13
Kimberly-Clark,KMB,2025Q4,2025-12-31,분기별 당기순이익(지배),499000000,USD,계산(연간-3분기누적),https://www.sec.gov/Archives/edgar/data/55785/000162828026007567/ ; https://www.sec.gov/Archives/edgar/data/55785/000162828025047387/,연간 2021000000 − 9개월누적 1522000000 (NetIncomeLoss),13
Kimberly-Clark,KMB,2025Q4,2025-12-31,분기별 영업활동현금흐름,972000000,USD,계산(누적차감),https://www.sec.gov/Archives/edgar/data/55785/000162828026007567/ ; https://www.sec.gov/Archives/edgar/data/55785/000162828025047387/,누적 2777000000 − 직전누적 1805000000 (시작 2025-01-01),13
Kimberly-Clark,KMB,2025Q4,2025-12-31,분기말 자산총계,17098000000,USD,공시,https://www.sec.gov/Archives/edgar/data/55785/000162828026007567/,,13
Kimberly-Clark,KMB,2025Q4,2025-12-31,분기말 부채총계,15468000000,USD,계산(부채및자본-총자본),https://www.sec.gov/Archives/edgar/data/55785/000162828026007567/,부채및자본 17098000000 − 총자본 1630000000,13
Kimberly-Clark,KMB,2025Q4,2025-12-31,분기말 총자본(자기자본),1630000000,USD,공시,https://www.sec.gov/Archives/edgar/data/55785/000162828026007567/,,13
Kimberly-Clark,KMB,2025Q4,2025-12-31,분기말 지배지분 자본,1502000000,USD,공시,https://www.sec.gov/Archives/edgar/data/55785/000162828026007567/,,13
Kimberly-Clark,KMB,2025Q4,2025-12-31,분기말 종가,100.89,USD,API,https://query1.finance.yahoo.com/v8/finance/chart/KMB?interval=1d&events=splits (2025-12-31),,13
Kimberly-Clark,KMB,2025Q4,2026-01-30,분기말 상장주식수,331922371,주,공시(표지 기준일),https://www.sec.gov/Archives/edgar/data/55785/000162828026007567/,dei:EntityCommonStockSharesOutstanding 클래스 합,13
Kimberly-Clark,KMB,2025Q4,2025-12-31,분기말 시가총액,33487648010,USD,계산(종가×주식수),https://query1.finance.yahoo.com/v8/finance/chart/KMB?interval=1d&events=splits (2025-12-31) ; https://www.sec.gov/Archives/edgar/data/55785/000162828026007567/,종가 100.89 × 주식수 331922371,13
Kimberly-Clark,KMB,2026Q1,2026-03-31,분기별 매출액,4163000000,USD,공시,https://www.sec.gov/Archives/edgar/data/55785/000162828026027800/,,13
Kimberly-Clark,KMB,2026Q1,2026-03-31,분기별 영업이익,753000000,USD,공시,https://www.sec.gov/Archives/edgar/data/55785/000162828026027800/,,13
Kimberly-Clark,KMB,2026Q1,2026-03-31,분기별 당기순이익(지배),665000000,USD,공시,https://www.sec.gov/Archives/edgar/data/55785/000162828026027800/,,13
Kimberly-Clark,KMB,2026Q1,2026-03-31,분기별 영업활동현금흐름,745000000,USD,공시,https://www.sec.gov/Archives/edgar/data/55785/000162828026027800/,,13
Kimberly-Clark,KMB,2026Q1,2026-03-31,분기말 자산총계,17184000000,USD,공시,https://www.sec.gov/Archives/edgar/data/55785/000162828026027800/,,13
Kimberly-Clark,KMB,2026Q1,2026-03-31,분기말 부채총계,15270000000,USD,계산(부채및자본-총자본),https://www.sec.gov/Archives/edgar/data/55785/000162828026027800/,부채및자본 17184000000 − 총자본 1914000000,13
Kimberly-Clark,KMB,2026Q1,2026-03-31,분기말 총자본(자기자본),1914000000,USD,공시,https://www.sec.gov/Archives/edgar/data/55785/000162828026027800/,,13
Kimberly-Clark,KMB,2026Q1,2026-03-31,분기말 지배지분 자본,1796000000,USD,공시,https://www.sec.gov/Archives/edgar/data/55785/000162828026027800/,,13
Kimberly-Clark,KMB,2026Q1,2026-03-31,분기말 종가,96.47,USD,API,https://query1.finance.yahoo.com/v8/finance/chart/KMB?interval=1d&events=splits (2026-03-31),,13
Kimberly-Clark,KMB,2026Q1,2026-04-21,분기말 상장주식수,331940357,주,공시(표지 기준일),https://www.sec.gov/Archives/edgar/data/55785/000162828026027800/,dei:EntityCommonStockSharesOutstanding 클래스 합,13
Kimberly-Clark,KMB,2026Q1,2026-03-31,분기말 시가총액,32022286240,USD,계산(종가×주식수),https://query1.finance.yahoo.com/v8/finance/chart/KMB?interval=1d&events=splits (2026-03-31) ; https://www.sec.gov/Archives/edgar/data/55785/000162828026027800/,종가 96.47 × 주식수 331940357,13
Kimberly-Clark,KMB,2026Q2,2026-06-30,분기별 매출액,4189000000,USD,공시,https://www.sec.gov/Archives/edgar/data/55785/000162828026052348/,,13
Kimberly-Clark,KMB,2026Q2,2026-06-30,분기별 영업이익,633000000,USD,공시,https://www.sec.gov/Archives/edgar/data/55785/000162828026052348/,,13
Kimberly-Clark,KMB,2026Q2,2026-06-30,분기별 당기순이익(지배),345000000,USD,공시,https://www.sec.gov/Archives/edgar/data/55785/000162828026052348/,,13
Kimberly-Clark,KMB,2026Q2,2026-06-30,분기별 영업활동현금흐름,908000000,USD,계산(누적차감),https://www.sec.gov/Archives/edgar/data/55785/000162828026052348/ ; https://www.sec.gov/Archives/edgar/data/55785/000162828026027800/,누적 1653000000 − 직전누적 745000000 (시작 2026-01-01),13
Kimberly-Clark,KMB,2026Q2,2026-06-30,분기말 자산총계,18554000000,USD,공시,https://www.sec.gov/Archives/edgar/data/55785/000162828026052348/,,13
Kimberly-Clark,KMB,2026Q2,2026-06-30,분기말 부채총계,16680000000,USD,계산(부채및자본-총자본),https://www.sec.gov/Archives/edgar/data/55785/000162828026052348/,부채및자본 18554000000 − 총자본 1874000000,13
Kimberly-Clark,KMB,2026Q2,2026-06-30,분기말 총자본(자기자본),1874000000,USD,공시,https://www.sec.gov/Archives/edgar/data/55785/000162828026052348/,,13
Kimberly-Clark,KMB,2026Q2,2026-06-30,분기말 지배지분 자본,1750000000,USD,공시,https://www.sec.gov/Archives/edgar/data/55785/000162828026052348/,,13
Kimberly-Clark,KMB,2026Q2,2026-06-30,분기말 종가,109.77,USD,API,https://query1.finance.yahoo.com/v8/finance/chart/KMB?interval=1d&events=splits (2026-06-30),,13
Kimberly-Clark,KMB,2026Q2,2026-07-28,분기말 상장주식수,332579038,주,공시(표지 기준일),https://www.sec.gov/Archives/edgar/data/55785/000162828026052348/,dei:EntityCommonStockSharesOutstanding 클래스 합,13
Kimberly-Clark,KMB,2026Q2,2026-06-30,분기말 시가총액,36507201001,USD,계산(종가×주식수),https://query1.finance.yahoo.com/v8/finance/chart/KMB?interval=1d&events=splits (2026-06-30) ; https://www.sec.gov/Archives/edgar/data/55785/000162828026052348/,종가 109.77 × 주식수 332579038,13
