기업,종목코드,기간,기준일,항목,값,통화,값구분,출처,검산,라운드
Live Nation Entertainment,LYV,2010Q1,2010-03-31,분기별 매출액,723361000,USD,공시(후속 보고서 비교기간),https://www.sec.gov/Archives/edgar/data/1335258/000119312511128635/,Revenues ; 그 분기 보고서에 연결 총계가 없어 2011-05-05 제출본의 비교기간에서 읽었다,12
Live Nation Entertainment,LYV,2010Q1,2010-03-31,분기별 영업이익,-106336000,USD,공시(후속 보고서 비교기간),https://www.sec.gov/Archives/edgar/data/1335258/000119312511128635/,OperatingIncomeLoss ; 그 분기 보고서에 연결 총계가 없어 2011-05-05 제출본의 비교기간에서 읽었다,12
Live Nation Entertainment,LYV,2010Q1,2010-03-31,분기별 당기순이익(지배),-122213000,USD,공시(후속 보고서 비교기간),https://www.sec.gov/Archives/edgar/data/1335258/000119312511128635/,NetIncomeLoss ; 그 분기 보고서에 연결 총계가 없어 2011-05-05 제출본의 비교기간에서 읽었다,12
Live Nation Entertainment,LYV,2010Q1,2010-03-31,분기별 영업활동현금흐름,미확인,USD,미확인,https://www.sec.gov/Archives/edgar/data/1335258/000119312510114828/,,12
Live Nation Entertainment,LYV,2010Q1,2010-03-31,분기말 자산총계,미확인,USD,미확인,https://www.sec.gov/Archives/edgar/data/1335258/000119312510114828/,,12
Live Nation Entertainment,LYV,2010Q1,2010-03-31,분기말 부채총계,미확인,USD,미확인,https://www.sec.gov/Archives/edgar/data/1335258/000119312510114828/,,12
Live Nation Entertainment,LYV,2010Q1,2010-03-31,분기말 총자본(자기자본),미확인,USD,미확인,https://www.sec.gov/Archives/edgar/data/1335258/000119312510114828/,,12
Live Nation Entertainment,LYV,2010Q1,2010-03-31,분기말 지배지분 자본,미확인,USD,미확인,https://www.sec.gov/Archives/edgar/data/1335258/000119312510114828/,,12
Live Nation Entertainment,LYV,2010Q1,2010-03-31,분기말 종가,14.5,USD,API,https://query1.finance.yahoo.com/v8/finance/chart/LYV?interval=1d&events=splits (2010-03-31),,12
Live Nation Entertainment,LYV,2010Q1,2010-03-31,분기말 상장주식수,미확인,,미확인,SEC companyfacts·XBRL 원문 모두 dei 표지 주식수 없음,,12
Live Nation Entertainment,LYV,2010Q1,2010-03-31,분기말 시가총액,미확인,,미확인,SEC companyfacts·XBRL 원문 모두 dei 표지 주식수 없음,,12
Live Nation Entertainment,LYV,2010Q2,2010-06-30,분기별 매출액,1266735000,USD,공시(후속 보고서 비교기간),https://www.sec.gov/Archives/edgar/data/1335258/000119312511214277/,Revenues ; 그 분기 보고서에 연결 총계가 없어 2011-08-08 제출본의 비교기간에서 읽었다,12
Live Nation Entertainment,LYV,2010Q2,2010-06-30,분기별 영업이익,25606000,USD,공시(후속 보고서 비교기간),https://www.sec.gov/Archives/edgar/data/1335258/000119312511214277/,OperatingIncomeLoss ; 그 분기 보고서에 연결 총계가 없어 2011-08-08 제출본의 비교기간에서 읽었다,12
Live Nation Entertainment,LYV,2010Q2,2010-06-30,분기별 당기순이익(지배),-32787000,USD,공시(후속 보고서 비교기간),https://www.sec.gov/Archives/edgar/data/1335258/000119312511214277/,NetIncomeLoss ; 그 분기 보고서에 연결 총계가 없어 2011-08-08 제출본의 비교기간에서 읽었다,12
Live Nation Entertainment,LYV,2010Q2,2010-06-30,분기별 영업활동현금흐름,미확인,USD,미확인,https://www.sec.gov/Archives/edgar/data/1335258/000119312510179526/,,12
Live Nation Entertainment,LYV,2010Q2,2010-06-30,분기말 자산총계,미확인,USD,미확인,https://www.sec.gov/Archives/edgar/data/1335258/000119312510179526/,,12
Live Nation Entertainment,LYV,2010Q2,2010-06-30,분기말 부채총계,미확인,USD,미확인,https://www.sec.gov/Archives/edgar/data/1335258/000119312510179526/,,12
Live Nation Entertainment,LYV,2010Q2,2010-06-30,분기말 총자본(자기자본),미확인,USD,미확인,https://www.sec.gov/Archives/edgar/data/1335258/000119312510179526/,,12
Live Nation Entertainment,LYV,2010Q2,2010-06-30,분기말 지배지분 자본,미확인,USD,미확인,https://www.sec.gov/Archives/edgar/data/1335258/000119312510179526/,,12
Live Nation Entertainment,LYV,2010Q2,2010-06-30,분기말 종가,10.45,USD,API,https://query1.finance.yahoo.com/v8/finance/chart/LYV?interval=1d&events=splits (2010-06-30),,12
Live Nation Entertainment,LYV,2010Q2,2010-06-30,분기말 상장주식수,미확인,,미확인,SEC companyfacts·XBRL 원문 모두 dei 표지 주식수 없음,,12
Live Nation Entertainment,LYV,2010Q2,2010-06-30,분기말 시가총액,미확인,,미확인,SEC companyfacts·XBRL 원문 모두 dei 표지 주식수 없음,,12
Live Nation Entertainment,LYV,2010Q3,2010-09-30,분기별 매출액,1835806000,USD,공시(후속 보고서 비교기간),https://www.sec.gov/Archives/edgar/data/1335258/000119312511295230/,Revenues ; 그 분기 보고서에 연결 총계가 없어 2011-11-03 제출본의 비교기간에서 읽었다,12
Live Nation Entertainment,LYV,2010Q3,2010-09-30,분기별 영업이익,103106000,USD,공시(후속 보고서 비교기간),https://www.sec.gov/Archives/edgar/data/1335258/000119312511295230/,OperatingIncomeLoss ; 그 분기 보고서에 연결 총계가 없어 2011-11-03 제출본의 비교기간에서 읽었다,12
Live Nation Entertainment,LYV,2010Q3,2010-09-30,분기별 당기순이익(지배),51007000,USD,공시(후속 보고서 비교기간),https://www.sec.gov/Archives/edgar/data/1335258/000119312511295230/,NetIncomeLoss ; 그 분기 보고서에 연결 총계가 없어 2011-11-03 제출본의 비교기간에서 읽었다,12
Live Nation Entertainment,LYV,2010Q3,2010-09-30,분기별 영업활동현금흐름,미확인,USD,미확인,https://www.sec.gov/Archives/edgar/data/1335258/000119312510248245/,,12
Live Nation Entertainment,LYV,2010Q3,2010-09-30,분기말 자산총계,미확인,USD,미확인,https://www.sec.gov/Archives/edgar/data/1335258/000119312510248245/,,12
Live Nation Entertainment,LYV,2010Q3,2010-09-30,분기말 부채총계,미확인,USD,미확인,https://www.sec.gov/Archives/edgar/data/1335258/000119312510248245/,,12
Live Nation Entertainment,LYV,2010Q3,2010-09-30,분기말 총자본(자기자본),미확인,USD,미확인,https://www.sec.gov/Archives/edgar/data/1335258/000119312510248245/,,12
Live Nation Entertainment,LYV,2010Q3,2010-09-30,분기말 지배지분 자본,미확인,USD,미확인,https://www.sec.gov/Archives/edgar/data/1335258/000119312510248245/,,12
Live Nation Entertainment,LYV,2010Q3,2010-09-30,분기말 종가,9.88,USD,API,https://query1.finance.yahoo.com/v8/finance/chart/LYV?interval=1d&events=splits (2010-09-30),,12
Live Nation Entertainment,LYV,2010Q3,2010-09-30,분기말 상장주식수,미확인,,미확인,SEC companyfacts·XBRL 원문 모두 dei 표지 주식수 없음,,12
Live Nation Entertainment,LYV,2010Q3,2010-09-30,분기말 시가총액,미확인,,미확인,SEC companyfacts·XBRL 원문 모두 dei 표지 주식수 없음,,12
Live Nation Entertainment,LYV,2010Q4,2010-12-31,분기별 매출액,미확인,USD,미확인,https://www.sec.gov/Archives/edgar/data/1335258/000119312511050243/,,12
Live Nation Entertainment,LYV,2010Q4,2010-12-31,분기별 영업이익,미확인,USD,미확인,https://www.sec.gov/Archives/edgar/data/1335258/000119312511050243/,,12
Live Nation Entertainment,LYV,2010Q4,2010-12-31,분기별 당기순이익(지배),미확인,USD,미확인,https://www.sec.gov/Archives/edgar/data/1335258/000119312511050243/,,12
Live Nation Entertainment,LYV,2010Q4,2010-12-31,분기별 영업활동현금흐름,미확인,USD,미확인,https://www.sec.gov/Archives/edgar/data/1335258/000119312511050243/,,12
Live Nation Entertainment,LYV,2010Q4,2010-12-31,분기말 자산총계,미확인,USD,미확인,https://www.sec.gov/Archives/edgar/data/1335258/000119312511050243/,,12
Live Nation Entertainment,LYV,2010Q4,2010-12-31,분기말 부채총계,미확인,USD,미확인,https://www.sec.gov/Archives/edgar/data/1335258/000119312511050243/,,12
Live Nation Entertainment,LYV,2010Q4,2010-12-31,분기말 총자본(자기자본),미확인,USD,미확인,https://www.sec.gov/Archives/edgar/data/1335258/000119312511050243/,,12
Live Nation Entertainment,LYV,2010Q4,2010-12-31,분기말 지배지분 자본,미확인,USD,미확인,https://www.sec.gov/Archives/edgar/data/1335258/000119312511050243/,,12
Live Nation Entertainment,LYV,2010Q4,2010-12-31,분기말 종가,11.42,USD,API,https://query1.finance.yahoo.com/v8/finance/chart/LYV?interval=1d&events=splits (2010-12-31),,12
Live Nation Entertainment,LYV,2010Q4,2010-12-31,분기말 상장주식수,미확인,,미확인,SEC companyfacts·XBRL 원문 모두 dei 표지 주식수 없음,,12
Live Nation Entertainment,LYV,2010Q4,2010-12-31,분기말 시가총액,미확인,,미확인,SEC companyfacts·XBRL 원문 모두 dei 표지 주식수 없음,,12
Live Nation Entertainment,LYV,2011Q1,2011-03-31,분기별 매출액,849409000,USD,공시,https://www.sec.gov/Archives/edgar/data/1335258/000119312511128635/,,12
Live Nation Entertainment,LYV,2011Q1,2011-03-31,분기별 영업이익,-72161000,USD,공시,https://www.sec.gov/Archives/edgar/data/1335258/000119312511128635/,,12
Live Nation Entertainment,LYV,2011Q1,2011-03-31,분기별 당기순이익(지배),-48460000,USD,공시,https://www.sec.gov/Archives/edgar/data/1335258/000119312511128635/,,12
Live Nation Entertainment,LYV,2011Q1,2011-03-31,분기별 영업활동현금흐름,127768000,USD,공시,https://www.sec.gov/Archives/edgar/data/1335258/000119312511128635/,,12
Live Nation Entertainment,LYV,2011Q1,2011-03-31,분기말 자산총계,5475252000,USD,공시,https://www.sec.gov/Archives/edgar/data/1335258/000119312511128635/,,12
Live Nation Entertainment,LYV,2011Q1,2011-03-31,분기말 부채총계,3875259000,USD,계산(부채및자본-총자본),https://www.sec.gov/Archives/edgar/data/1335258/000119312511128635/,부채및자본 5475252000 − 총자본 1599993000,12
Live Nation Entertainment,LYV,2011Q1,2011-03-31,분기말 총자본(자기자본),1599993000,USD,공시,https://www.sec.gov/Archives/edgar/data/1335258/000119312511128635/,,12
Live Nation Entertainment,LYV,2011Q1,2011-03-31,분기말 지배지분 자본,1454772000,USD,공시,https://www.sec.gov/Archives/edgar/data/1335258/000119312511128635/,,12
Live Nation Entertainment,LYV,2011Q1,2011-03-31,분기말 종가,10.0,USD,API,https://query1.finance.yahoo.com/v8/finance/chart/LYV?interval=1d&events=splits (2011-03-31),,12
Live Nation Entertainment,LYV,2011Q1,2011-04-29,분기말 상장주식수,181859183,주,공시(표지 기준일),https://www.sec.gov/Archives/edgar/data/1335258/000119312511128635/,dei:EntityCommonStockSharesOutstanding 클래스 합,12
Live Nation Entertainment,LYV,2011Q1,2011-03-31,분기말 시가총액,1818591830,USD,계산(종가×주식수),https://query1.finance.yahoo.com/v8/finance/chart/LYV?interval=1d&events=splits (2011-03-31) ; https://www.sec.gov/Archives/edgar/data/1335258/000119312511128635/,종가 10.0 × 주식수 181859183,12
Live Nation Entertainment,LYV,2011Q2,2011-06-30,분기별 매출액,1558882000,USD,공시,https://www.sec.gov/Archives/edgar/data/1335258/000119312511214277/,,12
Live Nation Entertainment,LYV,2011Q2,2011-06-30,분기별 영업이익,52373000,USD,공시,https://www.sec.gov/Archives/edgar/data/1335258/000119312511214277/,,12
Live Nation Entertainment,LYV,2011Q2,2011-06-30,분기별 당기순이익(지배),13257000,USD,공시,https://www.sec.gov/Archives/edgar/data/1335258/000119312511214277/,,12
Live Nation Entertainment,LYV,2011Q2,2011-06-30,분기별 영업활동현금흐름,4897000,USD,계산(누적차감),https://www.sec.gov/Archives/edgar/data/1335258/000119312511214277/ ; https://www.sec.gov/Archives/edgar/data/1335258/000119312511128635/,누적 132665000 − 직전누적 127768000 (시작 2011-01-01),12
Live Nation Entertainment,LYV,2011Q2,2011-06-30,분기말 자산총계,5652228000,USD,공시,https://www.sec.gov/Archives/edgar/data/1335258/000119312511214277/,,12
Live Nation Entertainment,LYV,2011Q2,2011-06-30,분기말 부채총계,3963116000,USD,계산(부채및자본-총자본),https://www.sec.gov/Archives/edgar/data/1335258/000119312511214277/,부채및자본 5652228000 − 총자본 1689112000,12
Live Nation Entertainment,LYV,2011Q2,2011-06-30,분기말 총자본(자기자본),1689112000,USD,공시,https://www.sec.gov/Archives/edgar/data/1335258/000119312511214277/,,12
Live Nation Entertainment,LYV,2011Q2,2011-06-30,분기말 지배지분 자본,1556209000,USD,공시,https://www.sec.gov/Archives/edgar/data/1335258/000119312511214277/,,12
Live Nation Entertainment,LYV,2011Q2,2011-06-30,분기말 종가,11.47,USD,API,https://query1.finance.yahoo.com/v8/finance/chart/LYV?interval=1d&events=splits (2011-06-30),,12
Live Nation Entertainment,LYV,2011Q2,2011-08-04,분기말 상장주식수,189152758,주,공시(표지 기준일),https://www.sec.gov/Archives/edgar/data/1335258/000119312511214277/,dei:EntityCommonStockSharesOutstanding 클래스 합,12
Live Nation Entertainment,LYV,2011Q2,2011-06-30,분기말 시가총액,2169582134,USD,계산(종가×주식수),https://query1.finance.yahoo.com/v8/finance/chart/LYV?interval=1d&events=splits (2011-06-30) ; https://www.sec.gov/Archives/edgar/data/1335258/000119312511214277/,종가 11.47 × 주식수 189152758,12
Live Nation Entertainment,LYV,2011Q3,2011-09-30,분기별 매출액,1790025000,USD,공시,https://www.sec.gov/Archives/edgar/data/1335258/000119312511295230/,,12
Live Nation Entertainment,LYV,2011Q3,2011-09-30,분기별 영업이익,104809000,USD,공시,https://www.sec.gov/Archives/edgar/data/1335258/000119312511295230/,,12
Live Nation Entertainment,LYV,2011Q3,2011-09-30,분기별 당기순이익(지배),51712000,USD,공시,https://www.sec.gov/Archives/edgar/data/1335258/000119312511295230/,,12
Live Nation Entertainment,LYV,2011Q3,2011-09-30,분기별 영업활동현금흐름,-160206000,USD,계산(누적차감),https://www.sec.gov/Archives/edgar/data/1335258/000119312511295230/ ; https://www.sec.gov/Archives/edgar/data/1335258/000119312511214277/,누적 -27541000 − 직전누적 132665000 (시작 2011-01-01),12
Live Nation Entertainment,LYV,2011Q3,2011-09-30,분기말 자산총계,5168701000,USD,공시,https://www.sec.gov/Archives/edgar/data/1335258/000119312511295230/,,12
Live Nation Entertainment,LYV,2011Q3,2011-09-30,분기말 부채총계,3445924000,USD,계산(부채및자본-총자본),https://www.sec.gov/Archives/edgar/data/1335258/000119312511295230/,부채및자본 5168701000 − 총자본 1722777000,12
Live Nation Entertainment,LYV,2011Q3,2011-09-30,분기말 총자본(자기자본),1722777000,USD,공시,https://www.sec.gov/Archives/edgar/data/1335258/000119312511295230/,,12
Live Nation Entertainment,LYV,2011Q3,2011-09-30,분기말 지배지분 자본,1579295000,USD,공시,https://www.sec.gov/Archives/edgar/data/1335258/000119312511295230/,,12
Live Nation Entertainment,LYV,2011Q3,2011-09-30,분기말 종가,8.01,USD,API,https://query1.finance.yahoo.com/v8/finance/chart/LYV?interval=1d&events=splits (2011-09-30),,12
Live Nation Entertainment,LYV,2011Q3,2011-10-28,분기말 상장주식수,189477803,주,공시(표지 기준일),https://www.sec.gov/Archives/edgar/data/1335258/000119312511295230/,dei:EntityCommonStockSharesOutstanding 클래스 합,12
Live Nation Entertainment,LYV,2011Q3,2011-09-30,분기말 시가총액,1517717202,USD,계산(종가×주식수),https://query1.finance.yahoo.com/v8/finance/chart/LYV?interval=1d&events=splits (2011-09-30) ; https://www.sec.gov/Archives/edgar/data/1335258/000119312511295230/,종가 8.01 × 주식수 189477803,12
Live Nation Entertainment,LYV,2011Q4,2011-12-31,분기별 매출액,1185682000,USD,계산(연간-3분기누적),https://www.sec.gov/Archives/edgar/data/1335258/000119312512075895/ ; https://www.sec.gov/Archives/edgar/data/1335258/000119312511295230/,연간 5383998000 − 9개월누적 4198316000 (Revenues),12
Live Nation Entertainment,LYV,2011Q4,2011-12-31,분기별 영업이익,-66684000,USD,계산(연간-3분기누적),https://www.sec.gov/Archives/edgar/data/1335258/000119312512075895/ ; https://www.sec.gov/Archives/edgar/data/1335258/000119312511295230/,연간 18337000 − 9개월누적 85021000 (OperatingIncomeLoss),12
Live Nation Entertainment,LYV,2011Q4,2011-12-31,분기별 당기순이익(지배),-99525000,USD,계산(연간-3분기누적),https://www.sec.gov/Archives/edgar/data/1335258/000119312512075895/ ; https://www.sec.gov/Archives/edgar/data/1335258/000119312511295230/,연간 -83016000 − 9개월누적 16509000 (NetIncomeLoss),12
Live Nation Entertainment,LYV,2011Q4,2011-12-31,분기별 영업활동현금흐름,163246000,USD,계산(누적차감),https://www.sec.gov/Archives/edgar/data/1335258/000119312512075895/ ; https://www.sec.gov/Archives/edgar/data/1335258/000119312511295230/,누적 135705000 − 직전누적 -27541000 (시작 2011-01-01),12
Live Nation Entertainment,LYV,2011Q4,2011-12-31,분기말 자산총계,5077344000,USD,공시(재작성 반영),https://www.sec.gov/Archives/edgar/data/1335258/000119312513077102/,원 공시 5087771000 (https://www.sec.gov/Archives/edgar/data/1335258/000119312512075895/),12
Live Nation Entertainment,LYV,2011Q4,2011-12-31,분기말 부채총계,3452173000,USD,계산(부채및자본-총자본)(재작성 반영),https://www.sec.gov/Archives/edgar/data/1335258/000119312513077102/,부채및자본 5077344000 − 총자본 1616894000 − 메자닌 8277000 ; 메자닌(일시자본) 8277000 별도 ; 원 공시 3462600000 (https://www.sec.gov/Archives/edgar/data/1335258/000119312512075895/),12
Live Nation Entertainment,LYV,2011Q4,2011-12-31,분기말 총자본(자기자본),1616894000,USD,공시,https://www.sec.gov/Archives/edgar/data/1335258/000119312512075895/,,12
Live Nation Entertainment,LYV,2011Q4,2011-12-31,분기말 지배지분 자본,1461103000,USD,공시,https://www.sec.gov/Archives/edgar/data/1335258/000119312512075895/,,12
Live Nation Entertainment,LYV,2011Q4,2011-12-30,분기말 종가,8.31,USD,API,https://query1.finance.yahoo.com/v8/finance/chart/LYV?interval=1d&events=splits (2011-12-30),,12
Live Nation Entertainment,LYV,2011Q4,2012-02-17,분기말 상장주식수,189538617,주,공시(표지 기준일),https://www.sec.gov/Archives/edgar/data/1335258/000119312512075895/,dei:EntityCommonStockSharesOutstanding 클래스 합,12
Live Nation Entertainment,LYV,2011Q4,2011-12-30,분기말 시가총액,1575065907,USD,계산(종가×주식수),https://query1.finance.yahoo.com/v8/finance/chart/LYV?interval=1d&events=splits (2011-12-30) ; https://www.sec.gov/Archives/edgar/data/1335258/000119312512075895/,종가 8.31 × 주식수 189538617,12
Live Nation Entertainment,LYV,2012Q1,2012-03-31,분기별 매출액,867997000,USD,공시,https://www.sec.gov/Archives/edgar/data/1335258/000119312512223061/,,12
Live Nation Entertainment,LYV,2012Q1,2012-03-31,분기별 영업이익,-42803000,USD,공시,https://www.sec.gov/Archives/edgar/data/1335258/000119312512223061/,,12
Live Nation Entertainment,LYV,2012Q1,2012-03-31,분기별 당기순이익(지배),-69150000,USD,공시,https://www.sec.gov/Archives/edgar/data/1335258/000119312512223061/,,12
Live Nation Entertainment,LYV,2012Q1,2012-03-31,분기별 영업활동현금흐름,264772000,USD,공시,https://www.sec.gov/Archives/edgar/data/1335258/000119312512223061/,,12
Live Nation Entertainment,LYV,2012Q1,2012-03-31,분기말 자산총계,5549739000,USD,공시,https://www.sec.gov/Archives/edgar/data/1335258/000119312512223061/,,12
Live Nation Entertainment,LYV,2012Q1,2012-03-31,분기말 부채총계,3965421000,USD,계산(부채및자본-총자본),https://www.sec.gov/Archives/edgar/data/1335258/000119312512223061/,부채및자본 5549739000 − 총자본 1575494000 − 메자닌 8824000 ; 메자닌(일시자본) 8824000 별도,12
Live Nation Entertainment,LYV,2012Q1,2012-03-31,분기말 총자본(자기자본),1575494000,USD,공시,https://www.sec.gov/Archives/edgar/data/1335258/000119312512223061/,,12
Live Nation Entertainment,LYV,2012Q1,2012-03-31,분기말 지배지분 자본,1424127000,USD,공시,https://www.sec.gov/Archives/edgar/data/1335258/000119312512223061/,,12
Live Nation Entertainment,LYV,2012Q1,2012-03-30,분기말 종가,9.4,USD,API,https://query1.finance.yahoo.com/v8/finance/chart/LYV?interval=1d&events=splits (2012-03-30),,12
Live Nation Entertainment,LYV,2012Q1,2012-05-03,분기말 상장주식수,190241133,주,공시(표지 기준일),https://www.sec.gov/Archives/edgar/data/1335258/000119312512223061/,dei:EntityCommonStockSharesOutstanding 클래스 합,12
Live Nation Entertainment,LYV,2012Q1,2012-03-30,분기말 시가총액,1788266650,USD,계산(종가×주식수),https://query1.finance.yahoo.com/v8/finance/chart/LYV?interval=1d&events=splits (2012-03-30) ; https://www.sec.gov/Archives/edgar/data/1335258/000119312512223061/,종가 9.4 × 주식수 190241133,12
Live Nation Entertainment,LYV,2012Q2,2012-06-30,분기별 매출액,1550677000,USD,공시,https://www.sec.gov/Archives/edgar/data/1335258/000119312512341040/,,12
Live Nation Entertainment,LYV,2012Q2,2012-06-30,분기별 영업이익,42968000,USD,공시,https://www.sec.gov/Archives/edgar/data/1335258/000119312512341040/,,12
Live Nation Entertainment,LYV,2012Q2,2012-06-30,분기별 당기순이익(지배),7692000,USD,공시,https://www.sec.gov/Archives/edgar/data/1335258/000119312512341040/,,12
Live Nation Entertainment,LYV,2012Q2,2012-06-30,분기별 영업활동현금흐름,45356000,USD,계산(누적차감),https://www.sec.gov/Archives/edgar/data/1335258/000119312512341040/ ; https://www.sec.gov/Archives/edgar/data/1335258/000119312512223061/,누적 310128000 − 직전누적 264772000 (시작 2012-01-01),12
Live Nation Entertainment,LYV,2012Q2,2012-06-30,분기말 자산총계,5748425000,USD,공시,https://www.sec.gov/Archives/edgar/data/1335258/000119312512341040/,,12
Live Nation Entertainment,LYV,2012Q2,2012-06-30,분기말 부채총계,4151245000,USD,계산(부채및자본-총자본),https://www.sec.gov/Archives/edgar/data/1335258/000119312512341040/,부채및자본 5748425000 − 총자본 1550650000 − 메자닌 46530000 ; 메자닌(일시자본) 46530000 별도,12
Live Nation Entertainment,LYV,2012Q2,2012-06-30,분기말 총자본(자기자본),1550650000,USD,공시,https://www.sec.gov/Archives/edgar/data/1335258/000119312512341040/,,12
Live Nation Entertainment,LYV,2012Q2,2012-06-30,분기말 지배지분 자본,1405873000,USD,공시,https://www.sec.gov/Archives/edgar/data/1335258/000119312512341040/,,12
Live Nation Entertainment,LYV,2012Q2,2012-06-29,분기말 종가,9.18,USD,API,https://query1.finance.yahoo.com/v8/finance/chart/LYV?interval=1d&events=splits (2012-06-29),,12
Live Nation Entertainment,LYV,2012Q2,2012-08-02,분기말 상장주식수,190439143,주,공시(표지 기준일),https://www.sec.gov/Archives/edgar/data/1335258/000119312512341040/,dei:EntityCommonStockSharesOutstanding 클래스 합,12
Live Nation Entertainment,LYV,2012Q2,2012-06-29,분기말 시가총액,1748231333,USD,계산(종가×주식수),https://query1.finance.yahoo.com/v8/finance/chart/LYV?interval=1d&events=splits (2012-06-29) ; https://www.sec.gov/Archives/edgar/data/1335258/000119312512341040/,종가 9.18 × 주식수 190439143,12
Live Nation Entertainment,LYV,2012Q3,2012-09-30,분기별 매출액,1963146000,USD,공시,https://www.sec.gov/Archives/edgar/data/1335258/000119312512451958/,,12
Live Nation Entertainment,LYV,2012Q3,2012-09-30,분기별 영업이익,104515000,USD,공시,https://www.sec.gov/Archives/edgar/data/1335258/000119312512451958/,,12
Live Nation Entertainment,LYV,2012Q3,2012-09-30,분기별 당기순이익(지배),57948000,USD,공시,https://www.sec.gov/Archives/edgar/data/1335258/000119312512451958/,,12
Live Nation Entertainment,LYV,2012Q3,2012-09-30,분기별 영업활동현금흐름,-221089000,USD,계산(누적차감),https://www.sec.gov/Archives/edgar/data/1335258/000119312512451958/ ; https://www.sec.gov/Archives/edgar/data/1335258/000119312512341040/,누적 89039000 − 직전누적 310128000 (시작 2012-01-01),12
Live Nation Entertainment,LYV,2012Q3,2012-09-30,분기말 자산총계,5432248000,USD,공시,https://www.sec.gov/Archives/edgar/data/1335258/000119312512451958/,,12
Live Nation Entertainment,LYV,2012Q3,2012-09-30,분기말 부채총계,3769027000,USD,계산(부채및자본-총자본),https://www.sec.gov/Archives/edgar/data/1335258/000119312512451958/,부채및자본 5432248000 − 총자본 1663221000,12
Live Nation Entertainment,LYV,2012Q3,2012-09-30,분기말 총자본(자기자본),1663221000,USD,공시,https://www.sec.gov/Archives/edgar/data/1335258/000119312512451958/,,12
Live Nation Entertainment,LYV,2012Q3,2012-09-30,분기말 지배지분 자본,1501542000,USD,공시,https://www.sec.gov/Archives/edgar/data/1335258/000119312512451958/,,12
Live Nation Entertainment,LYV,2012Q3,2012-09-28,분기말 종가,8.61,USD,API,https://query1.finance.yahoo.com/v8/finance/chart/LYV?interval=1d&events=splits (2012-09-28),,12
Live Nation Entertainment,LYV,2012Q3,2012-10-31,분기말 상장주식수,190744409,주,공시(표지 기준일),https://www.sec.gov/Archives/edgar/data/1335258/000119312512451958/,dei:EntityCommonStockSharesOutstanding 클래스 합,12
Live Nation Entertainment,LYV,2012Q3,2012-09-28,분기말 시가총액,1642309361,USD,계산(종가×주식수),https://query1.finance.yahoo.com/v8/finance/chart/LYV?interval=1d&events=splits (2012-09-28) ; https://www.sec.gov/Archives/edgar/data/1335258/000119312512451958/,종가 8.61 × 주식수 190744409,12
Live Nation Entertainment,LYV,2012Q4,2012-12-31,분기별 매출액,1437227000,USD,계산(연간-3분기누적),https://www.sec.gov/Archives/edgar/data/1335258/000119312513077102/ ; https://www.sec.gov/Archives/edgar/data/1335258/000119312512451958/,연간 5819047000 − 9개월누적 4381820000 (Revenues),12
Live Nation Entertainment,LYV,2012Q4,2012-12-31,분기별 영업이익,-126319000,USD,계산(연간-3분기누적),https://www.sec.gov/Archives/edgar/data/1335258/000119312513077102/ ; https://www.sec.gov/Archives/edgar/data/1335258/000119312512451958/,연간 -21639000 − 9개월누적 104680000 (OperatingIncomeLoss),12
Live Nation Entertainment,LYV,2012Q4,2012-12-31,분기별 당기순이익(지배),-159717000,USD,계산(연간-3분기누적),https://www.sec.gov/Archives/edgar/data/1335258/000119312513077102/ ; https://www.sec.gov/Archives/edgar/data/1335258/000119312512451958/,연간 -163227000 − 9개월누적 -3510000 (NetIncomeLoss),12
Live Nation Entertainment,LYV,2012Q4,2012-12-31,분기별 영업활동현금흐름,278059000,USD,계산(누적차감),https://www.sec.gov/Archives/edgar/data/1335258/000119312513077102/ ; https://www.sec.gov/Archives/edgar/data/1335258/000119312512451958/,누적 367098000 − 직전누적 89039000 (시작 2012-01-01),12
Live Nation Entertainment,LYV,2012Q4,2012-12-31,분기말 자산총계,5290806000,USD,공시,https://www.sec.gov/Archives/edgar/data/1335258/000119312513077102/,,12
Live Nation Entertainment,LYV,2012Q4,2012-12-31,분기말 부채총계,3782232000,USD,계산(부채및자본-총자본),https://www.sec.gov/Archives/edgar/data/1335258/000119312513077102/,부채및자본 5290806000 − 총자본 1508574000,12
Live Nation Entertainment,LYV,2012Q4,2012-12-31,분기말 총자본(자기자본),1508574000,USD,공시,https://www.sec.gov/Archives/edgar/data/1335258/000119312513077102/,,12
Live Nation Entertainment,LYV,2012Q4,2012-12-31,분기말 지배지분 자본,1355418000,USD,공시,https://www.sec.gov/Archives/edgar/data/1335258/000119312513077102/,,12
Live Nation Entertainment,LYV,2012Q4,2012-12-31,분기말 종가,9.31,USD,API,https://query1.finance.yahoo.com/v8/finance/chart/LYV?interval=1d&events=splits (2012-12-31),,12
Live Nation Entertainment,LYV,2012Q4,2013-02-20,분기말 상장주식수,190742017,주,공시(표지 기준일),https://www.sec.gov/Archives/edgar/data/1335258/000119312513077102/,dei:EntityCommonStockSharesOutstanding 클래스 합,12
Live Nation Entertainment,LYV,2012Q4,2012-12-31,분기말 시가총액,1775808178,USD,계산(종가×주식수),https://query1.finance.yahoo.com/v8/finance/chart/LYV?interval=1d&events=splits (2012-12-31) ; https://www.sec.gov/Archives/edgar/data/1335258/000119312513077102/,종가 9.31 × 주식수 190742017,12
Live Nation Entertainment,LYV,2013Q1,2013-03-31,분기별 매출액,923698000,USD,공시,https://www.sec.gov/Archives/edgar/data/1335258/000133525813000007/,,12
Live Nation Entertainment,LYV,2013Q1,2013-03-31,분기별 영업이익,-33189000,USD,공시,https://www.sec.gov/Archives/edgar/data/1335258/000133525813000007/,,12
Live Nation Entertainment,LYV,2013Q1,2013-03-31,분기별 당기순이익(지배),-63239000,USD,공시,https://www.sec.gov/Archives/edgar/data/1335258/000133525813000007/,,12
Live Nation Entertainment,LYV,2013Q1,2013-03-31,분기별 영업활동현금흐름,270460000,USD,공시,https://www.sec.gov/Archives/edgar/data/1335258/000133525813000007/,,12
Live Nation Entertainment,LYV,2013Q1,2013-03-31,분기말 자산총계,5688283000,USD,공시,https://www.sec.gov/Archives/edgar/data/1335258/000133525813000007/,,12
Live Nation Entertainment,LYV,2013Q1,2013-03-31,분기말 부채총계,4256466000,USD,계산(부채및자본-총자본),https://www.sec.gov/Archives/edgar/data/1335258/000133525813000007/,부채및자본 5688283000 − 총자본 1431817000,12
Live Nation Entertainment,LYV,2013Q1,2013-03-31,분기말 총자본(자기자본),1431817000,USD,공시,https://www.sec.gov/Archives/edgar/data/1335258/000133525813000007/,,12
Live Nation Entertainment,LYV,2013Q1,2013-03-31,분기말 지배지분 자본,1282539000,USD,공시,https://www.sec.gov/Archives/edgar/data/1335258/000133525813000007/,,12
Live Nation Entertainment,LYV,2013Q1,2013-03-28,분기말 종가,12.37,USD,API,https://query1.finance.yahoo.com/v8/finance/chart/LYV?interval=1d&events=splits (2013-03-28),,12
Live Nation Entertainment,LYV,2013Q1,2013-05-01,분기말 상장주식수,194748590,주,공시(표지 기준일),https://www.sec.gov/Archives/edgar/data/1335258/000133525813000007/,dei:EntityCommonStockSharesOutstanding 클래스 합,12
Live Nation Entertainment,LYV,2013Q1,2013-03-28,분기말 시가총액,2409040058,USD,계산(종가×주식수),https://query1.finance.yahoo.com/v8/finance/chart/LYV?interval=1d&events=splits (2013-03-28) ; https://www.sec.gov/Archives/edgar/data/1335258/000133525813000007/,종가 12.37 × 주식수 194748590,12
Live Nation Entertainment,LYV,2013Q2,2013-06-30,분기별 매출액,1679513000,USD,공시,https://www.sec.gov/Archives/edgar/data/1335258/000133525813000021/,,12
Live Nation Entertainment,LYV,2013Q2,2013-06-30,분기별 영업이익,97806000,USD,공시,https://www.sec.gov/Archives/edgar/data/1335258/000133525813000021/,,12
Live Nation Entertainment,LYV,2013Q2,2013-06-30,분기별 당기순이익(지배),58130000,USD,공시,https://www.sec.gov/Archives/edgar/data/1335258/000133525813000021/,,12
Live Nation Entertainment,LYV,2013Q2,2013-06-30,분기별 영업활동현금흐름,109887000,USD,계산(누적차감),https://www.sec.gov/Archives/edgar/data/1335258/000133525813000021/ ; https://www.sec.gov/Archives/edgar/data/1335258/000133525813000007/,누적 380347000 − 직전누적 270460000 (시작 2013-01-01),12
Live Nation Entertainment,LYV,2013Q2,2013-06-30,분기말 자산총계,6082811000,USD,공시,https://www.sec.gov/Archives/edgar/data/1335258/000133525813000021/,,12
Live Nation Entertainment,LYV,2013Q2,2013-06-30,분기말 부채총계,4537573000,USD,계산(부채및자본-총자본),https://www.sec.gov/Archives/edgar/data/1335258/000133525813000021/,부채및자본 6082811000 − 총자본 1545238000,12
Live Nation Entertainment,LYV,2013Q2,2013-06-30,분기말 총자본(자기자본),1545238000,USD,공시,https://www.sec.gov/Archives/edgar/data/1335258/000133525813000021/,,12
Live Nation Entertainment,LYV,2013Q2,2013-06-30,분기말 지배지분 자본,1392271000,USD,공시,https://www.sec.gov/Archives/edgar/data/1335258/000133525813000021/,,12
Live Nation Entertainment,LYV,2013Q2,2013-06-28,분기말 종가,15.5,USD,API,https://query1.finance.yahoo.com/v8/finance/chart/LYV?interval=1d&events=splits (2013-06-28),,12
Live Nation Entertainment,LYV,2013Q2,2013-07-31,분기말 상장주식수,198464533,주,공시(표지 기준일),https://www.sec.gov/Archives/edgar/data/1335258/000133525813000021/,dei:EntityCommonStockSharesOutstanding 클래스 합,12
Live Nation Entertainment,LYV,2013Q2,2013-06-28,분기말 시가총액,3076200262,USD,계산(종가×주식수),https://query1.finance.yahoo.com/v8/finance/chart/LYV?interval=1d&events=splits (2013-06-28) ; https://www.sec.gov/Archives/edgar/data/1335258/000133525813000021/,종가 15.5 × 주식수 198464533,12
Live Nation Entertainment,LYV,2013Q3,2013-09-30,분기별 매출액,2262236000,USD,공시,https://www.sec.gov/Archives/edgar/data/1335258/000133525813000032/,,12
Live Nation Entertainment,LYV,2013Q3,2013-09-30,분기별 영업이익,126037000,USD,공시,https://www.sec.gov/Archives/edgar/data/1335258/000133525813000032/,,12
Live Nation Entertainment,LYV,2013Q3,2013-09-30,분기별 당기순이익(지배),43774000,USD,공시,https://www.sec.gov/Archives/edgar/data/1335258/000133525813000032/,,12
Live Nation Entertainment,LYV,2013Q3,2013-09-30,분기별 영업활동현금흐름,-115809000,USD,계산(누적차감),https://www.sec.gov/Archives/edgar/data/1335258/000133525813000032/ ; https://www.sec.gov/Archives/edgar/data/1335258/000133525813000021/,누적 264538000 − 직전누적 380347000 (시작 2013-01-01),12
Live Nation Entertainment,LYV,2013Q3,2013-09-30,분기말 자산총계,5775560000,USD,공시,https://www.sec.gov/Archives/edgar/data/1335258/000133525813000032/,,12
Live Nation Entertainment,LYV,2013Q3,2013-09-30,분기말 부채총계,4056298000,USD,계산(부채및자본-총자본),https://www.sec.gov/Archives/edgar/data/1335258/000133525813000032/,부채및자본 5775560000 − 총자본 1652582000 − 메자닌 66680000 ; 메자닌(일시자본) 66680000 별도,12
Live Nation Entertainment,LYV,2013Q3,2013-09-30,분기말 총자본(자기자본),1652582000,USD,공시,https://www.sec.gov/Archives/edgar/data/1335258/000133525813000032/,,12
Live Nation Entertainment,LYV,2013Q3,2013-09-30,분기말 지배지분 자본,1489707000,USD,공시,https://www.sec.gov/Archives/edgar/data/1335258/000133525813000032/,,12
Live Nation Entertainment,LYV,2013Q3,2013-09-30,분기말 종가,18.55,USD,API,https://query1.finance.yahoo.com/v8/finance/chart/LYV?interval=1d&events=splits (2013-09-30),,12
Live Nation Entertainment,LYV,2013Q3,2013-10-31,분기말 상장주식수,199291639,주,공시(표지 기준일),https://www.sec.gov/Archives/edgar/data/1335258/000133525813000032/,dei:EntityCommonStockSharesOutstanding 클래스 합,12
Live Nation Entertainment,LYV,2013Q3,2013-09-30,분기말 시가총액,3696859903,USD,계산(종가×주식수),https://query1.finance.yahoo.com/v8/finance/chart/LYV?interval=1d&events=splits (2013-09-30) ; https://www.sec.gov/Archives/edgar/data/1335258/000133525813000032/,종가 18.55 × 주식수 199291639,12
Live Nation Entertainment,LYV,2013Q4,2013-12-31,분기별 매출액,1613100000,USD,계산(연간-3분기누적),https://www.sec.gov/Archives/edgar/data/1335258/000133525814000027/ ; https://www.sec.gov/Archives/edgar/data/1335258/000133525813000032/,연간 6478547000 − 9개월누적 4865447000 (Revenues),12
Live Nation Entertainment,LYV,2013Q4,2013-12-31,분기별 영업이익,-50994000,USD,계산(연간-3분기누적),https://www.sec.gov/Archives/edgar/data/1335258/000133525814000027/ ; https://www.sec.gov/Archives/edgar/data/1335258/000133525813000032/,연간 139660000 − 9개월누적 190654000 (OperatingIncomeLoss),12
Live Nation Entertainment,LYV,2013Q4,2013-12-31,분기별 당기순이익(지배),-82043000,USD,계산(연간-3분기누적),https://www.sec.gov/Archives/edgar/data/1335258/000133525814000027/ ; https://www.sec.gov/Archives/edgar/data/1335258/000133525813000032/,연간 -43378000 − 9개월누적 38665000 (NetIncomeLoss),12
Live Nation Entertainment,LYV,2013Q4,2013-12-31,분기별 영업활동현금흐름,166823000,USD,계산(누적차감)(재작성 반영),https://www.sec.gov/Archives/edgar/data/1335258/000133525816000167/ ; https://www.sec.gov/Archives/edgar/data/1335258/000133525813000032/,누적 431361000 − 직전누적 264538000 (시작 2013-01-01) ; 원 공시 152934000 (https://www.sec.gov/Archives/edgar/data/1335258/000133525814000027/ ; https://www.sec.gov/Archives/edgar/data/1335258/000133525813000032/),12
Live Nation Entertainment,LYV,2013Q4,2013-12-31,분기말 자산총계,5683521000,USD,공시,https://www.sec.gov/Archives/edgar/data/1335258/000133525814000027/,,12
Live Nation Entertainment,LYV,2013Q4,2013-12-31,분기말 부채총계,4032674000,USD,계산(부채및자본-총자본),https://www.sec.gov/Archives/edgar/data/1335258/000133525814000027/,부채및자본 5683521000 − 총자본 1589806000 − 메자닌 61041000 ; 메자닌(일시자본) 61041000 별도,12
Live Nation Entertainment,LYV,2013Q4,2013-12-31,분기말 총자본(자기자본),1589806000,USD,공시,https://www.sec.gov/Archives/edgar/data/1335258/000133525814000027/,,12
Live Nation Entertainment,LYV,2013Q4,2013-12-31,분기말 지배지분 자본,1409228000,USD,공시,https://www.sec.gov/Archives/edgar/data/1335258/000133525814000027/,,12
Live Nation Entertainment,LYV,2013Q4,2013-12-31,분기말 종가,19.76,USD,API,https://query1.finance.yahoo.com/v8/finance/chart/LYV?interval=1d&events=splits (2013-12-31),,12
Live Nation Entertainment,LYV,2013Q4,2014-02-19,분기말 상장주식수,200100820,주,공시(표지 기준일),https://www.sec.gov/Archives/edgar/data/1335258/000133525814000027/,dei:EntityCommonStockSharesOutstanding 클래스 합,12
Live Nation Entertainment,LYV,2013Q4,2013-12-31,분기말 시가총액,3953992203,USD,계산(종가×주식수),https://query1.finance.yahoo.com/v8/finance/chart/LYV?interval=1d&events=splits (2013-12-31) ; https://www.sec.gov/Archives/edgar/data/1335258/000133525814000027/,종가 19.76 × 주식수 200100820,12
Live Nation Entertainment,LYV,2014Q1,2014-03-31,분기별 매출액,1127316000,USD,공시,https://www.sec.gov/Archives/edgar/data/1335258/000133525814000049/,,12
Live Nation Entertainment,LYV,2014Q1,2014-03-31,분기별 영업이익,-12308000,USD,공시,https://www.sec.gov/Archives/edgar/data/1335258/000133525814000049/,,12
Live Nation Entertainment,LYV,2014Q1,2014-03-31,분기별 당기순이익(지배),-32448000,USD,공시,https://www.sec.gov/Archives/edgar/data/1335258/000133525814000049/,,12
Live Nation Entertainment,LYV,2014Q1,2014-03-31,분기별 영업활동현금흐름,366608000,USD,공시(재작성 반영),https://www.sec.gov/Archives/edgar/data/1335258/000133525815000047/,원 공시 365697000 (https://www.sec.gov/Archives/edgar/data/1335258/000133525814000049/),12
Live Nation Entertainment,LYV,2014Q1,2014-03-31,분기말 자산총계,6260175000,USD,공시,https://www.sec.gov/Archives/edgar/data/1335258/000133525814000049/,,12
Live Nation Entertainment,LYV,2014Q1,2014-03-31,분기말 부채총계,4625738000,USD,계산(부채및자본-총자본),https://www.sec.gov/Archives/edgar/data/1335258/000133525814000049/,부채및자본 6260175000 − 총자본 1573428000 − 메자닌 61009000 ; 메자닌(일시자본) 61009000 별도,12
Live Nation Entertainment,LYV,2014Q1,2014-03-31,분기말 총자본(자기자본),1573428000,USD,공시,https://www.sec.gov/Archives/edgar/data/1335258/000133525814000049/,,12
Live Nation Entertainment,LYV,2014Q1,2014-03-31,분기말 지배지분 자본,1394727000,USD,공시,https://www.sec.gov/Archives/edgar/data/1335258/000133525814000049/,,12
Live Nation Entertainment,LYV,2014Q1,2014-03-31,분기말 종가,21.75,USD,API,https://query1.finance.yahoo.com/v8/finance/chart/LYV?interval=1d&events=splits (2014-03-31),,12
Live Nation Entertainment,LYV,2014Q1,2014-04-30,분기말 상장주식수,200443897,주,공시(표지 기준일),https://www.sec.gov/Archives/edgar/data/1335258/000133525814000049/,dei:EntityCommonStockSharesOutstanding 클래스 합,12
Live Nation Entertainment,LYV,2014Q1,2014-03-31,분기말 시가총액,4359654760,USD,계산(종가×주식수),https://query1.finance.yahoo.com/v8/finance/chart/LYV?interval=1d&events=splits (2014-03-31) ; https://www.sec.gov/Archives/edgar/data/1335258/000133525814000049/,종가 21.75 × 주식수 200443897,12
Live Nation Entertainment,LYV,2014Q2,2014-06-30,분기별 매출액,1665785000,USD,공시,https://www.sec.gov/Archives/edgar/data/1335258/000133525814000106/,,12
Live Nation Entertainment,LYV,2014Q2,2014-06-30,분기별 영업이익,55686000,USD,공시,https://www.sec.gov/Archives/edgar/data/1335258/000133525814000106/,,12
Live Nation Entertainment,LYV,2014Q2,2014-06-30,분기별 당기순이익(지배),22934000,USD,공시,https://www.sec.gov/Archives/edgar/data/1335258/000133525814000106/,,12
Live Nation Entertainment,LYV,2014Q2,2014-06-30,분기별 영업활동현금흐름,-26302000,USD,계산(누적차감)(재작성 반영),https://www.sec.gov/Archives/edgar/data/1335258/000133525815000114/ ; https://www.sec.gov/Archives/edgar/data/1335258/000133525815000047/,누적 340306000 − 직전누적 366608000 (시작 2014-01-01) ; 원 공시 -27227000 (https://www.sec.gov/Archives/edgar/data/1335258/000133525814000106/ ; https://www.sec.gov/Archives/edgar/data/1335258/000133525814000049/),12
Live Nation Entertainment,LYV,2014Q2,2014-06-30,분기말 자산총계,6872120000,USD,공시,https://www.sec.gov/Archives/edgar/data/1335258/000133525814000106/,,12
Live Nation Entertainment,LYV,2014Q2,2014-06-30,분기말 부채총계,5184515000,USD,계산(부채및자본-총자본),https://www.sec.gov/Archives/edgar/data/1335258/000133525814000106/,부채및자본 6872120000 − 총자본 1631434000 − 메자닌 56171000 ; 메자닌(일시자본) 56171000 별도,12
Live Nation Entertainment,LYV,2014Q2,2014-06-30,분기말 총자본(자기자본),1631434000,USD,공시,https://www.sec.gov/Archives/edgar/data/1335258/000133525814000106/,,12
Live Nation Entertainment,LYV,2014Q2,2014-06-30,분기말 지배지분 자본,1461784000,USD,공시,https://www.sec.gov/Archives/edgar/data/1335258/000133525814000106/,,12
Live Nation Entertainment,LYV,2014Q2,2014-06-30,분기말 종가,24.69,USD,API,https://query1.finance.yahoo.com/v8/finance/chart/LYV?interval=1d&events=splits (2014-06-30),,12
Live Nation Entertainment,LYV,2014Q2,2014-07-28,분기말 상장주식수,200511675,주,공시(표지 기준일),https://www.sec.gov/Archives/edgar/data/1335258/000133525814000106/,dei:EntityCommonStockSharesOutstanding 클래스 합,12
Live Nation Entertainment,LYV,2014Q2,2014-06-30,분기말 시가총액,4950633256,USD,계산(종가×주식수),https://query1.finance.yahoo.com/v8/finance/chart/LYV?interval=1d&events=splits (2014-06-30) ; https://www.sec.gov/Archives/edgar/data/1335258/000133525814000106/,종가 24.69 × 주식수 200511675,12
Live Nation Entertainment,LYV,2014Q3,2014-09-30,분기별 매출액,2502008000,USD,공시,https://www.sec.gov/Archives/edgar/data/1335258/000133525814000123/,,12
Live Nation Entertainment,LYV,2014Q3,2014-09-30,분기별 영업이익,150604000,USD,공시,https://www.sec.gov/Archives/edgar/data/1335258/000133525814000123/,,12
Live Nation Entertainment,LYV,2014Q3,2014-09-30,분기별 당기순이익(지배),105163000,USD,공시,https://www.sec.gov/Archives/edgar/data/1335258/000133525814000123/,,12
Live Nation Entertainment,LYV,2014Q3,2014-09-30,분기별 영업활동현금흐름,-346835000,USD,계산(누적차감)(재작성 반영),https://www.sec.gov/Archives/edgar/data/1335258/000133525815000127/ ; https://www.sec.gov/Archives/edgar/data/1335258/000133525815000114/,누적 -6529000 − 직전누적 340306000 (시작 2014-01-01) ; 원 공시 -352302000 (https://www.sec.gov/Archives/edgar/data/1335258/000133525814000123/ ; https://www.sec.gov/Archives/edgar/data/1335258/000133525814000106/),12
Live Nation Entertainment,LYV,2014Q3,2014-09-30,분기말 자산총계,6047731000,USD,공시,https://www.sec.gov/Archives/edgar/data/1335258/000133525814000123/,,12
Live Nation Entertainment,LYV,2014Q3,2014-09-30,분기말 부채총계,4292050000,USD,계산(부채및자본-총자본),https://www.sec.gov/Archives/edgar/data/1335258/000133525814000123/,부채및자본 6047731000 − 총자본 1681245000 − 메자닌 74436000 ; 메자닌(일시자본) 74436000 별도,12
Live Nation Entertainment,LYV,2014Q3,2014-09-30,분기말 총자본(자기자본),1681245000,USD,공시,https://www.sec.gov/Archives/edgar/data/1335258/000133525814000123/,,12
Live Nation Entertainment,LYV,2014Q3,2014-09-30,분기말 지배지분 자본,1504725000,USD,공시,https://www.sec.gov/Archives/edgar/data/1335258/000133525814000123/,,12
Live Nation Entertainment,LYV,2014Q3,2014-09-30,분기말 종가,24.02,USD,API,https://query1.finance.yahoo.com/v8/finance/chart/LYV?interval=1d&events=splits (2014-09-30),,12
Live Nation Entertainment,LYV,2014Q3,2014-10-24,분기말 상장주식수,200659004,주,공시(표지 기준일),https://www.sec.gov/Archives/edgar/data/1335258/000133525814000123/,dei:EntityCommonStockSharesOutstanding 클래스 합,12
Live Nation Entertainment,LYV,2014Q3,2014-09-30,분기말 시가총액,4819829276,USD,계산(종가×주식수),https://query1.finance.yahoo.com/v8/finance/chart/LYV?interval=1d&events=splits (2014-09-30) ; https://www.sec.gov/Archives/edgar/data/1335258/000133525814000123/,종가 24.02 × 주식수 200659004,12
Live Nation Entertainment,LYV,2014Q4,2014-12-31,분기별 매출액,1571855000,USD,계산(연간-3분기누적),https://www.sec.gov/Archives/edgar/data/1335258/000133525815000026/ ; https://www.sec.gov/Archives/edgar/data/1335258/000133525814000123/,연간 6866964000 − 9개월누적 5295109000 (Revenues),12
Live Nation Entertainment,LYV,2014Q4,2014-12-31,분기별 영업이익,-186818000,USD,계산(연간-3분기누적),https://www.sec.gov/Archives/edgar/data/1335258/000133525815000026/ ; https://www.sec.gov/Archives/edgar/data/1335258/000133525814000123/,연간 7164000 − 9개월누적 193982000 (OperatingIncomeLoss),12
Live Nation Entertainment,LYV,2014Q4,2014-12-31,분기별 당기순이익(지배),-186456000,USD,계산(연간-3분기누적),https://www.sec.gov/Archives/edgar/data/1335258/000133525815000026/ ; https://www.sec.gov/Archives/edgar/data/1335258/000133525814000123/,연간 -90807000 − 9개월누적 95649000 (NetIncomeLoss),12
Live Nation Entertainment,LYV,2014Q4,2014-12-31,분기별 영업활동현금흐름,298695000,USD,계산(누적차감)(재작성 반영),https://www.sec.gov/Archives/edgar/data/1335258/000133525817000031/ ; https://www.sec.gov/Archives/edgar/data/1335258/000133525815000127/,누적 292166000 − 직전누적 -6529000 (시작 2014-01-01) ; 원 공시 283241000 (https://www.sec.gov/Archives/edgar/data/1335258/000133525815000026/ ; https://www.sec.gov/Archives/edgar/data/1335258/000133525814000123/),12
Live Nation Entertainment,LYV,2014Q4,2014-12-31,분기말 자산총계,5968361000,USD,공시(재작성 반영),https://www.sec.gov/Archives/edgar/data/1335258/000133525816000167/,원 공시 5988361000 (https://www.sec.gov/Archives/edgar/data/1335258/000133525815000026/),12
Live Nation Entertainment,LYV,2014Q4,2014-12-31,분기말 부채총계,4315659000,USD,계산(부채및자본-총자본)(재작성 반영),https://www.sec.gov/Archives/edgar/data/1335258/000133525816000167/,부채및자본 5968361000 − 총자본 1483847000 − 메자닌 168855000 ; 메자닌(일시자본) 168855000 별도 ; 원 공시 4335659000 (https://www.sec.gov/Archives/edgar/data/1335258/000133525815000026/),12
Live Nation Entertainment,LYV,2014Q4,2014-12-31,분기말 총자본(자기자본),1483847000,USD,공시,https://www.sec.gov/Archives/edgar/data/1335258/000133525815000026/,,12
Live Nation Entertainment,LYV,2014Q4,2014-12-31,분기말 지배지분 자본,1296954000,USD,공시,https://www.sec.gov/Archives/edgar/data/1335258/000133525815000026/,,12
Live Nation Entertainment,LYV,2014Q4,2014-12-31,분기말 종가,26.11,USD,API,https://query1.finance.yahoo.com/v8/finance/chart/LYV?interval=1d&events=splits (2014-12-31),,12
Live Nation Entertainment,LYV,2014Q4,2015-02-20,분기말 상장주식수,201500637,주,공시(표지 기준일),https://www.sec.gov/Archives/edgar/data/1335258/000133525815000026/,dei:EntityCommonStockSharesOutstanding 클래스 합,12
Live Nation Entertainment,LYV,2014Q4,2014-12-31,분기말 시가총액,5261181632,USD,계산(종가×주식수),https://query1.finance.yahoo.com/v8/finance/chart/LYV?interval=1d&events=splits (2014-12-31) ; https://www.sec.gov/Archives/edgar/data/1335258/000133525815000026/,종가 26.11 × 주식수 201500637,12
Live Nation Entertainment,LYV,2015Q1,2015-03-31,분기별 매출액,1120312000,USD,공시,https://www.sec.gov/Archives/edgar/data/1335258/000133525815000047/,,12
Live Nation Entertainment,LYV,2015Q1,2015-03-31,분기별 영업이익,-23935000,USD,공시,https://www.sec.gov/Archives/edgar/data/1335258/000133525815000047/,,12
Live Nation Entertainment,LYV,2015Q1,2015-03-31,분기별 당기순이익(지배),-58279000,USD,공시,https://www.sec.gov/Archives/edgar/data/1335258/000133525815000047/,,12
Live Nation Entertainment,LYV,2015Q1,2015-03-31,분기별 영업활동현금흐름,347661000,USD,공시(재작성 반영),https://www.sec.gov/Archives/edgar/data/1335258/000133525816000187/,원 공시 342546000 (https://www.sec.gov/Archives/edgar/data/1335258/000133525815000047/),12
Live Nation Entertainment,LYV,2015Q1,2015-03-31,분기말 자산총계,6338401000,USD,공시,https://www.sec.gov/Archives/edgar/data/1335258/000133525815000047/,,12
Live Nation Entertainment,LYV,2015Q1,2015-03-31,분기말 부채총계,4783033000,USD,계산(부채및자본-총자본),https://www.sec.gov/Archives/edgar/data/1335258/000133525815000047/,부채및자본 6338401000 − 총자본 1388552000 − 메자닌 166816000 ; 메자닌(일시자본) 166816000 별도,12
Live Nation Entertainment,LYV,2015Q1,2015-03-31,분기말 총자본(자기자본),1388552000,USD,공시,https://www.sec.gov/Archives/edgar/data/1335258/000133525815000047/,,12
Live Nation Entertainment,LYV,2015Q1,2015-03-31,분기말 지배지분 자본,1195948000,USD,공시,https://www.sec.gov/Archives/edgar/data/1335258/000133525815000047/,,12
Live Nation Entertainment,LYV,2015Q1,2015-03-31,분기말 종가,25.23,USD,API,https://query1.finance.yahoo.com/v8/finance/chart/LYV?interval=1d&events=splits (2015-03-31),,12
Live Nation Entertainment,LYV,2015Q1,2015-04-24,분기말 상장주식수,201594143,주,공시(표지 기준일),https://www.sec.gov/Archives/edgar/data/1335258/000133525815000047/,dei:EntityCommonStockSharesOutstanding 클래스 합,12
Live Nation Entertainment,LYV,2015Q1,2015-03-31,분기말 시가총액,5086220228,USD,계산(종가×주식수),https://query1.finance.yahoo.com/v8/finance/chart/LYV?interval=1d&events=splits (2015-03-31) ; https://www.sec.gov/Archives/edgar/data/1335258/000133525815000047/,종가 25.23 × 주식수 201594143,12
Live Nation Entertainment,LYV,2015Q2,2015-06-30,분기별 매출액,1765777000,USD,공시,https://www.sec.gov/Archives/edgar/data/1335258/000133525815000114/,,12
Live Nation Entertainment,LYV,2015Q2,2015-06-30,분기별 영업이익,42245000,USD,공시,https://www.sec.gov/Archives/edgar/data/1335258/000133525815000114/,,12
Live Nation Entertainment,LYV,2015Q2,2015-06-30,분기별 당기순이익(지배),15056000,USD,공시,https://www.sec.gov/Archives/edgar/data/1335258/000133525815000114/,,12
Live Nation Entertainment,LYV,2015Q2,2015-06-30,분기별 영업활동현금흐름,14815000,USD,계산(누적차감)(재작성 반영),https://www.sec.gov/Archives/edgar/data/1335258/000133525816000235/ ; https://www.sec.gov/Archives/edgar/data/1335258/000133525816000187/,누적 362476000 − 직전누적 347661000 (시작 2015-01-01) ; 원 공시 14608000 (https://www.sec.gov/Archives/edgar/data/1335258/000133525815000114/ ; https://www.sec.gov/Archives/edgar/data/1335258/000133525815000047/),12
Live Nation Entertainment,LYV,2015Q2,2015-06-30,분기말 자산총계,6713516000,USD,공시,https://www.sec.gov/Archives/edgar/data/1335258/000133525815000114/,,12
Live Nation Entertainment,LYV,2015Q2,2015-06-30,분기말 부채총계,5023406000,USD,계산(부채및자본-총자본),https://www.sec.gov/Archives/edgar/data/1335258/000133525815000114/,부채및자본 6713516000 − 총자본 1444565000 − 메자닌 245545000 ; 메자닌(일시자본) 245545000 별도,12
Live Nation Entertainment,LYV,2015Q2,2015-06-30,분기말 총자본(자기자본),1444565000,USD,공시,https://www.sec.gov/Archives/edgar/data/1335258/000133525815000114/,,12
Live Nation Entertainment,LYV,2015Q2,2015-06-30,분기말 지배지분 자본,1251396000,USD,공시,https://www.sec.gov/Archives/edgar/data/1335258/000133525815000114/,,12
Live Nation Entertainment,LYV,2015Q2,2015-06-30,분기말 종가,27.49,USD,API,https://query1.finance.yahoo.com/v8/finance/chart/LYV?interval=1d&events=splits (2015-06-30),,12
Live Nation Entertainment,LYV,2015Q2,2015-08-04,분기말 상장주식수,202362219,주,공시(표지 기준일),https://www.sec.gov/Archives/edgar/data/1335258/000133525815000114/,dei:EntityCommonStockSharesOutstanding 클래스 합,12
Live Nation Entertainment,LYV,2015Q2,2015-06-30,분기말 시가총액,5562937400,USD,계산(종가×주식수),https://query1.finance.yahoo.com/v8/finance/chart/LYV?interval=1d&events=splits (2015-06-30) ; https://www.sec.gov/Archives/edgar/data/1335258/000133525815000114/,종가 27.49 × 주식수 202362219,12
Live Nation Entertainment,LYV,2015Q3,2015-09-30,분기별 매출액,2622917000,USD,공시,https://www.sec.gov/Archives/edgar/data/1335258/000133525815000127/,,12
Live Nation Entertainment,LYV,2015Q3,2015-09-30,분기별 영업이익,153510000,USD,공시,https://www.sec.gov/Archives/edgar/data/1335258/000133525815000127/,,12
Live Nation Entertainment,LYV,2015Q3,2015-09-30,분기별 당기순이익(지배),89049000,USD,공시,https://www.sec.gov/Archives/edgar/data/1335258/000133525815000127/,,12
Live Nation Entertainment,LYV,2015Q3,2015-09-30,분기별 영업활동현금흐름,-377400000,USD,계산(누적차감)(재작성 반영),https://www.sec.gov/Archives/edgar/data/1335258/000133525816000248/ ; https://www.sec.gov/Archives/edgar/data/1335258/000133525816000235/,누적 -14924000 − 직전누적 362476000 (시작 2015-01-01) ; 원 공시 -379730000 (https://www.sec.gov/Archives/edgar/data/1335258/000133525815000127/ ; https://www.sec.gov/Archives/edgar/data/1335258/000133525815000114/),12
Live Nation Entertainment,LYV,2015Q3,2015-09-30,분기말 자산총계,6265354000,USD,공시,https://www.sec.gov/Archives/edgar/data/1335258/000133525815000127/,,12
Live Nation Entertainment,LYV,2015Q3,2015-09-30,분기말 부채총계,4470457000,USD,계산(부채및자본-총자본),https://www.sec.gov/Archives/edgar/data/1335258/000133525815000127/,부채및자본 6265354000 − 총자본 1547793000 − 메자닌 247104000 ; 메자닌(일시자본) 247104000 별도,12
Live Nation Entertainment,LYV,2015Q3,2015-09-30,분기말 총자본(자기자본),1547793000,USD,공시,https://www.sec.gov/Archives/edgar/data/1335258/000133525815000127/,,12
Live Nation Entertainment,LYV,2015Q3,2015-09-30,분기말 지배지분 자본,1331438000,USD,공시,https://www.sec.gov/Archives/edgar/data/1335258/000133525815000127/,,12
Live Nation Entertainment,LYV,2015Q3,2015-09-30,분기말 종가,24.04,USD,API,https://query1.finance.yahoo.com/v8/finance/chart/LYV?interval=1d&events=splits (2015-09-30),,12
Live Nation Entertainment,LYV,2015Q3,2015-10-22,분기말 상장주식수,202350355,주,공시(표지 기준일),https://www.sec.gov/Archives/edgar/data/1335258/000133525815000127/,dei:EntityCommonStockSharesOutstanding 클래스 합,12
Live Nation Entertainment,LYV,2015Q3,2015-09-30,분기말 시가총액,4864502534,USD,계산(종가×주식수),https://query1.finance.yahoo.com/v8/finance/chart/LYV?interval=1d&events=splits (2015-09-30) ; https://www.sec.gov/Archives/edgar/data/1335258/000133525815000127/,종가 24.04 × 주식수 202350355,12
Live Nation Entertainment,LYV,2015Q4,2015-12-31,분기별 매출액,1736725000,USD,계산(연간-3분기누적),https://www.sec.gov/Archives/edgar/data/1335258/000133525816000167/ ; https://www.sec.gov/Archives/edgar/data/1335258/000133525815000127/,연간 7245731000 − 9개월누적 5509006000 (Revenues),12
Live Nation Entertainment,LYV,2015Q4,2015-12-31,분기별 영업이익,-40448000,USD,계산(연간-3분기누적),https://www.sec.gov/Archives/edgar/data/1335258/000133525816000167/ ; https://www.sec.gov/Archives/edgar/data/1335258/000133525815000127/,연간 131372000 − 9개월누적 171820000 (OperatingIncomeLoss),12
Live Nation Entertainment,LYV,2015Q4,2015-12-31,분기별 당기순이익(지배),-78334000,USD,계산(연간-3분기누적),https://www.sec.gov/Archives/edgar/data/1335258/000133525816000167/ ; https://www.sec.gov/Archives/edgar/data/1335258/000133525815000127/,연간 -32508000 − 9개월누적 45826000 (NetIncomeLoss),12
Live Nation Entertainment,LYV,2015Q4,2015-12-31,분기별 영업활동현금흐름,322778000,USD,계산(누적차감),https://www.sec.gov/Archives/edgar/data/1335258/000133525816000167/ ; https://www.sec.gov/Archives/edgar/data/1335258/000133525815000127/,누적 300202000 − 직전누적 -22576000 (시작 2015-01-01),12
Live Nation Entertainment,LYV,2015Q4,2015-12-31,분기말 자산총계,6156241000,USD,공시,https://www.sec.gov/Archives/edgar/data/1335258/000133525816000167/,,12
Live Nation Entertainment,LYV,2015Q4,2015-12-31,분기말 부채총계,4445607000,USD,계산(부채및자본-총자본),https://www.sec.gov/Archives/edgar/data/1335258/000133525816000167/,부채및자본 6156241000 − 총자본 1446919000 − 메자닌 263715000 ; 메자닌(일시자본) 263715000 별도,12
Live Nation Entertainment,LYV,2015Q4,2015-12-31,분기말 총자본(자기자본),1446919000,USD,공시,https://www.sec.gov/Archives/edgar/data/1335258/000133525816000167/,,12
Live Nation Entertainment,LYV,2015Q4,2015-12-31,분기말 지배지분 자본,1236953000,USD,공시,https://www.sec.gov/Archives/edgar/data/1335258/000133525816000167/,,12
Live Nation Entertainment,LYV,2015Q4,2015-12-31,분기말 종가,24.57,USD,API,https://query1.finance.yahoo.com/v8/finance/chart/LYV?interval=1d&events=splits (2015-12-31),,12
Live Nation Entertainment,LYV,2015Q4,2016-02-19,분기말 상장주식수,202459646,주,공시(표지 기준일),https://www.sec.gov/Archives/edgar/data/1335258/000133525816000167/,dei:EntityCommonStockSharesOutstanding 클래스 합,12
Live Nation Entertainment,LYV,2015Q4,2015-12-31,분기말 시가총액,4974433502,USD,계산(종가×주식수),https://query1.finance.yahoo.com/v8/finance/chart/LYV?interval=1d&events=splits (2015-12-31) ; https://www.sec.gov/Archives/edgar/data/1335258/000133525816000167/,종가 24.57 × 주식수 202459646,12
Live Nation Entertainment,LYV,2016Q1,2016-03-31,분기별 매출액,1207716000,USD,공시,https://www.sec.gov/Archives/edgar/data/1335258/000133525816000187/,,12
Live Nation Entertainment,LYV,2016Q1,2016-03-31,분기별 영업이익,-33290000,USD,공시,https://www.sec.gov/Archives/edgar/data/1335258/000133525816000187/,,12
Live Nation Entertainment,LYV,2016Q1,2016-03-31,분기별 당기순이익(지배),-44518000,USD,공시,https://www.sec.gov/Archives/edgar/data/1335258/000133525816000187/,,12
Live Nation Entertainment,LYV,2016Q1,2016-03-31,분기별 영업활동현금흐름,517398000,USD,공시,https://www.sec.gov/Archives/edgar/data/1335258/000133525816000187/,,12
Live Nation Entertainment,LYV,2016Q1,2016-03-31,분기말 자산총계,6927174000,USD,공시,https://www.sec.gov/Archives/edgar/data/1335258/000133525816000187/,,12
Live Nation Entertainment,LYV,2016Q1,2016-03-31,분기말 부채총계,5258428000,USD,계산(부채및자본-총자본),https://www.sec.gov/Archives/edgar/data/1335258/000133525816000187/,부채및자본 6927174000 − 총자본 1404658000 − 메자닌 264088000 ; 메자닌(일시자본) 264088000 별도,12
Live Nation Entertainment,LYV,2016Q1,2016-03-31,분기말 총자본(자기자본),1404658000,USD,공시,https://www.sec.gov/Archives/edgar/data/1335258/000133525816000187/,,12
Live Nation Entertainment,LYV,2016Q1,2016-03-31,분기말 지배지분 자본,1184388000,USD,공시,https://www.sec.gov/Archives/edgar/data/1335258/000133525816000187/,,12
Live Nation Entertainment,LYV,2016Q1,2016-03-31,분기말 종가,22.31,USD,API,https://query1.finance.yahoo.com/v8/finance/chart/LYV?interval=1d&events=splits (2016-03-31),,12
Live Nation Entertainment,LYV,2016Q1,2016-04-27,분기말 상장주식수,202926816,주,공시(표지 기준일),https://www.sec.gov/Archives/edgar/data/1335258/000133525816000187/,dei:EntityCommonStockSharesOutstanding 클래스 합,12
Live Nation Entertainment,LYV,2016Q1,2016-03-31,분기말 시가총액,4527297265,USD,계산(종가×주식수),https://query1.finance.yahoo.com/v8/finance/chart/LYV?interval=1d&events=splits (2016-03-31) ; https://www.sec.gov/Archives/edgar/data/1335258/000133525816000187/,종가 22.31 × 주식수 202926816,12
Live Nation Entertainment,LYV,2016Q2,2016-06-30,분기별 매출액,2179258000,USD,공시,https://www.sec.gov/Archives/edgar/data/1335258/000133525816000235/,,12
Live Nation Entertainment,LYV,2016Q2,2016-06-30,분기별 영업이익,74159000,USD,공시,https://www.sec.gov/Archives/edgar/data/1335258/000133525816000235/,,12
Live Nation Entertainment,LYV,2016Q2,2016-06-30,분기별 당기순이익(지배),37741000,USD,공시,https://www.sec.gov/Archives/edgar/data/1335258/000133525816000235/,,12
Live Nation Entertainment,LYV,2016Q2,2016-06-30,분기별 영업활동현금흐름,-6423000,USD,계산(누적차감),https://www.sec.gov/Archives/edgar/data/1335258/000133525816000235/ ; https://www.sec.gov/Archives/edgar/data/1335258/000133525816000187/,누적 510975000 − 직전누적 517398000 (시작 2016-01-01),12
Live Nation Entertainment,LYV,2016Q2,2016-06-30,분기말 자산총계,7043426000,USD,공시,https://www.sec.gov/Archives/edgar/data/1335258/000133525816000235/,,12
Live Nation Entertainment,LYV,2016Q2,2016-06-30,분기말 부채총계,5335128000,USD,계산(부채및자본-총자본),https://www.sec.gov/Archives/edgar/data/1335258/000133525816000235/,부채및자본 7043426000 − 총자본 1415782000 − 메자닌 292516000 ; 메자닌(일시자본) 292516000 별도,12
Live Nation Entertainment,LYV,2016Q2,2016-06-30,분기말 총자본(자기자본),1415782000,USD,공시,https://www.sec.gov/Archives/edgar/data/1335258/000133525816000235/,,12
Live Nation Entertainment,LYV,2016Q2,2016-06-30,분기말 지배지분 자본,1188507000,USD,공시,https://www.sec.gov/Archives/edgar/data/1335258/000133525816000235/,,12
Live Nation Entertainment,LYV,2016Q2,2016-06-30,분기말 종가,23.5,USD,API,https://query1.finance.yahoo.com/v8/finance/chart/LYV?interval=1d&events=splits (2016-06-30),,12
Live Nation Entertainment,LYV,2016Q2,2016-07-21,분기말 상장주식수,203085142,주,공시(표지 기준일),https://www.sec.gov/Archives/edgar/data/1335258/000133525816000235/,dei:EntityCommonStockSharesOutstanding 클래스 합,12
Live Nation Entertainment,LYV,2016Q2,2016-06-30,분기말 시가총액,4772500837,USD,계산(종가×주식수),https://query1.finance.yahoo.com/v8/finance/chart/LYV?interval=1d&events=splits (2016-06-30) ; https://www.sec.gov/Archives/edgar/data/1335258/000133525816000235/,종가 23.5 × 주식수 203085142,12
Live Nation Entertainment,LYV,2016Q3,2016-09-30,분기별 매출액,3170416000,USD,공시,https://www.sec.gov/Archives/edgar/data/1335258/000133525816000248/,,12
Live Nation Entertainment,LYV,2016Q3,2016-09-30,분기별 영업이익,191286000,USD,공시,https://www.sec.gov/Archives/edgar/data/1335258/000133525816000248/,,12
Live Nation Entertainment,LYV,2016Q3,2016-09-30,분기별 당기순이익(지배),111079000,USD,공시,https://www.sec.gov/Archives/edgar/data/1335258/000133525816000248/,,12
Live Nation Entertainment,LYV,2016Q3,2016-09-30,분기별 영업활동현금흐름,-391459000,USD,계산(누적차감),https://www.sec.gov/Archives/edgar/data/1335258/000133525816000248/ ; https://www.sec.gov/Archives/edgar/data/1335258/000133525816000235/,누적 119516000 − 직전누적 510975000 (시작 2016-01-01),12
Live Nation Entertainment,LYV,2016Q3,2016-09-30,분기말 자산총계,6417029000,USD,공시,https://www.sec.gov/Archives/edgar/data/1335258/000133525816000248/,,12
Live Nation Entertainment,LYV,2016Q3,2016-09-30,분기말 부채총계,4589208000,USD,계산(부채및자본-총자본),https://www.sec.gov/Archives/edgar/data/1335258/000133525816000248/,부채및자본 6417029000 − 총자본 1519048000 − 메자닌 308773000 ; 메자닌(일시자본) 308773000 별도,12
Live Nation Entertainment,LYV,2016Q3,2016-09-30,분기말 총자본(자기자본),1519048000,USD,공시,https://www.sec.gov/Archives/edgar/data/1335258/000133525816000248/,,12
Live Nation Entertainment,LYV,2016Q3,2016-09-30,분기말 지배지분 자본,1280758000,USD,공시,https://www.sec.gov/Archives/edgar/data/1335258/000133525816000248/,,12
Live Nation Entertainment,LYV,2016Q3,2016-09-30,분기말 종가,27.48,USD,API,https://query1.finance.yahoo.com/v8/finance/chart/LYV?interval=1d&events=splits (2016-09-30),,12
Live Nation Entertainment,LYV,2016Q3,2016-11-01,분기말 상장주식수,203436945,주,공시(표지 기준일),https://www.sec.gov/Archives/edgar/data/1335258/000133525816000248/,dei:EntityCommonStockSharesOutstanding 클래스 합,12
Live Nation Entertainment,LYV,2016Q3,2016-09-30,분기말 시가총액,5590447249,USD,계산(종가×주식수),https://query1.finance.yahoo.com/v8/finance/chart/LYV?interval=1d&events=splits (2016-09-30) ; https://www.sec.gov/Archives/edgar/data/1335258/000133525816000248/,종가 27.48 × 주식수 203436945,12
Live Nation Entertainment,LYV,2016Q4,2016-12-31,분기별 매출액,1268946000,USD,계산(연간-3분기누적)(재작성 반영),https://www.sec.gov/Archives/edgar/data/1335258/000133525819000024/ ; https://www.sec.gov/Archives/edgar/data/1335258/000133525816000248/,연간 7826336000 − 9개월누적 6557390000 (Revenues) ; 원 공시 1797544000 (https://www.sec.gov/Archives/edgar/data/1335258/000133525817000031/ ; https://www.sec.gov/Archives/edgar/data/1335258/000133525816000248/),12
Live Nation Entertainment,LYV,2016Q4,2016-12-31,분기별 영업이익,-37215000,USD,계산(연간-3분기누적),https://www.sec.gov/Archives/edgar/data/1335258/000133525817000031/ ; https://www.sec.gov/Archives/edgar/data/1335258/000133525816000248/,연간 194940000 − 9개월누적 232155000 (OperatingIncomeLoss),12
Live Nation Entertainment,LYV,2016Q4,2016-12-31,분기별 당기순이익(지배),-101360000,USD,계산(연간-3분기누적),https://www.sec.gov/Archives/edgar/data/1335258/000133525817000031/ ; https://www.sec.gov/Archives/edgar/data/1335258/000133525816000248/,연간 2942000 − 9개월누적 104302000 (NetIncomeLoss),12
Live Nation Entertainment,LYV,2016Q4,2016-12-31,분기별 영업활동현금흐름,479223000,USD,계산(누적차감)(재작성 반영),https://www.sec.gov/Archives/edgar/data/1335258/000133525819000024/ ; https://www.sec.gov/Archives/edgar/data/1335258/000133525816000248/,누적 598739000 − 직전누적 119516000 (시작 2016-01-01) ; 원 공시 477974000 (https://www.sec.gov/Archives/edgar/data/1335258/000133525817000031/ ; https://www.sec.gov/Archives/edgar/data/1335258/000133525816000248/),12
Live Nation Entertainment,LYV,2016Q4,2016-12-31,분기말 자산총계,6764266000,USD,공시,https://www.sec.gov/Archives/edgar/data/1335258/000133525817000031/,,12
Live Nation Entertainment,LYV,2016Q4,2016-12-31,분기말 부채총계,5067682000,USD,계산(부채및자본-총자본),https://www.sec.gov/Archives/edgar/data/1335258/000133525817000031/,부채및자본 6764266000 − 총자본 1349516000 − 메자닌 347068000 ; 메자닌(일시자본) 347068000 별도,12
Live Nation Entertainment,LYV,2016Q4,2016-12-31,분기말 총자본(자기자본),1349516000,USD,공시,https://www.sec.gov/Archives/edgar/data/1335258/000133525817000031/,,12
Live Nation Entertainment,LYV,2016Q4,2016-12-31,분기말 지배지분 자본,1126016000,USD,공시,https://www.sec.gov/Archives/edgar/data/1335258/000133525817000031/,,12
Live Nation Entertainment,LYV,2016Q4,2016-12-30,분기말 종가,26.6,USD,API,https://query1.finance.yahoo.com/v8/finance/chart/LYV?interval=1d&events=splits (2016-12-30),,12
Live Nation Entertainment,LYV,2016Q4,2017-02-16,분기말 상장주식수,204764010,주,공시(표지 기준일),https://www.sec.gov/Archives/edgar/data/1335258/000133525817000031/,dei:EntityCommonStockSharesOutstanding 클래스 합,12
Live Nation Entertainment,LYV,2016Q4,2016-12-30,분기말 시가총액,5446722666,USD,계산(종가×주식수),https://query1.finance.yahoo.com/v8/finance/chart/LYV?interval=1d&events=splits (2016-12-30) ; https://www.sec.gov/Archives/edgar/data/1335258/000133525817000031/,종가 26.6 × 주식수 204764010,12
Live Nation Entertainment,LYV,2017Q1,2017-03-31,분기별 매출액,1242879000,USD,공시(재작성 반영),https://www.sec.gov/Archives/edgar/data/1335258/000133525819000024/,원 공시 1413181000 (https://www.sec.gov/Archives/edgar/data/1335258/000133525817000068/),12
Live Nation Entertainment,LYV,2017Q1,2017-03-31,분기별 영업이익,-21366000,USD,공시,https://www.sec.gov/Archives/edgar/data/1335258/000133525817000068/,,12
Live Nation Entertainment,LYV,2017Q1,2017-03-31,분기별 당기순이익(지배),-32993000,USD,공시,https://www.sec.gov/Archives/edgar/data/1335258/000133525817000068/,,12
Live Nation Entertainment,LYV,2017Q1,2017-03-31,분기별 영업활동현금흐름,761737000,USD,공시(재작성 반영),https://www.sec.gov/Archives/edgar/data/1335258/000133525818000064/,원 공시 760701000 (https://www.sec.gov/Archives/edgar/data/1335258/000133525817000068/),12
Live Nation Entertainment,LYV,2017Q1,2017-03-31,분기말 자산총계,7823517000,USD,공시,https://www.sec.gov/Archives/edgar/data/1335258/000133525817000068/,,12
Live Nation Entertainment,LYV,2017Q1,2017-03-31,분기말 부채총계,6144634000,USD,계산(부채및자본-총자본),https://www.sec.gov/Archives/edgar/data/1335258/000133525817000068/,부채및자본 7823517000 − 총자본 1340567000 − 메자닌 338316000 ; 메자닌(일시자본) 338316000 별도,12
Live Nation Entertainment,LYV,2017Q1,2017-03-31,분기말 총자본(자기자본),1340567000,USD,공시,https://www.sec.gov/Archives/edgar/data/1335258/000133525817000068/,,12
Live Nation Entertainment,LYV,2017Q1,2017-03-31,분기말 지배지분 자본,1116743000,USD,공시,https://www.sec.gov/Archives/edgar/data/1335258/000133525817000068/,,12
Live Nation Entertainment,LYV,2017Q1,2017-03-31,분기말 종가,30.37,USD,API,https://query1.finance.yahoo.com/v8/finance/chart/LYV?interval=1d&events=splits (2017-03-31),,12
Live Nation Entertainment,LYV,2017Q1,2017-04-27,분기말 상장주식수,205610934,주,공시(표지 기준일),https://www.sec.gov/Archives/edgar/data/1335258/000133525817000068/,dei:EntityCommonStockSharesOutstanding 클래스 합,12
Live Nation Entertainment,LYV,2017Q1,2017-03-31,분기말 시가총액,6244404066,USD,계산(종가×주식수),https://query1.finance.yahoo.com/v8/finance/chart/LYV?interval=1d&events=splits (2017-03-31) ; https://www.sec.gov/Archives/edgar/data/1335258/000133525817000068/,종가 30.37 × 주식수 205610934,12
Live Nation Entertainment,LYV,2017Q2,2017-06-30,분기별 매출액,2683585000,USD,공시(재작성 반영),https://www.sec.gov/Archives/edgar/data/1335258/000133525819000024/,원 공시 2818693000 (https://www.sec.gov/Archives/edgar/data/1335258/000133525817000116/),12
Live Nation Entertainment,LYV,2017Q2,2017-06-30,분기별 영업이익,113433000,USD,공시,https://www.sec.gov/Archives/edgar/data/1335258/000133525817000116/,,12
Live Nation Entertainment,LYV,2017Q2,2017-06-30,분기별 당기순이익(지배),81478000,USD,공시,https://www.sec.gov/Archives/edgar/data/1335258/000133525817000116/,,12
Live Nation Entertainment,LYV,2017Q2,2017-06-30,분기별 영업활동현금흐름,42972000,USD,계산(누적차감)(재작성 반영),https://www.sec.gov/Archives/edgar/data/1335258/000133525818000113/ ; https://www.sec.gov/Archives/edgar/data/1335258/000133525818000064/,누적 804709000 − 직전누적 761737000 (시작 2017-01-01) ; 원 공시 42938000 (https://www.sec.gov/Archives/edgar/data/1335258/000133525817000116/ ; https://www.sec.gov/Archives/edgar/data/1335258/000133525817000068/),12
Live Nation Entertainment,LYV,2017Q2,2017-06-30,분기말 자산총계,8251426000,USD,공시,https://www.sec.gov/Archives/edgar/data/1335258/000133525817000116/,,12
Live Nation Entertainment,LYV,2017Q2,2017-06-30,분기말 부채총계,6447372000,USD,계산(부채및자본-총자본),https://www.sec.gov/Archives/edgar/data/1335258/000133525817000116/,부채및자본 8251426000 − 총자본 1457223000 − 메자닌 346831000 ; 메자닌(일시자본) 346831000 별도,12
Live Nation Entertainment,LYV,2017Q2,2017-06-30,분기말 총자본(자기자본),1457223000,USD,공시,https://www.sec.gov/Archives/edgar/data/1335258/000133525817000116/,,12
Live Nation Entertainment,LYV,2017Q2,2017-06-30,분기말 지배지분 자본,1226639000,USD,공시,https://www.sec.gov/Archives/edgar/data/1335258/000133525817000116/,,12
Live Nation Entertainment,LYV,2017Q2,2017-06-30,분기말 종가,34.85,USD,API,https://query1.finance.yahoo.com/v8/finance/chart/LYV?interval=1d&events=splits (2017-06-30),,12
Live Nation Entertainment,LYV,2017Q2,2017-08-02,분기말 상장주식수,206137114,주,공시(표지 기준일),https://www.sec.gov/Archives/edgar/data/1335258/000133525817000116/,dei:EntityCommonStockSharesOutstanding 클래스 합,12
Live Nation Entertainment,LYV,2017Q2,2017-06-30,분기말 시가총액,7183878423,USD,계산(종가×주식수),https://query1.finance.yahoo.com/v8/finance/chart/LYV?interval=1d&events=splits (2017-06-30) ; https://www.sec.gov/Archives/edgar/data/1335258/000133525817000116/,종가 34.85 × 주식수 206137114,12
Live Nation Entertainment,LYV,2017Q3,2017-09-30,분기별 매출액,3440308000,USD,공시(재작성 반영),https://www.sec.gov/Archives/edgar/data/1335258/000133525819000024/,원 공시 3559418000 (https://www.sec.gov/Archives/edgar/data/1335258/000133525817000131/),12
Live Nation Entertainment,LYV,2017Q3,2017-09-30,분기별 영업이익,201347000,USD,공시,https://www.sec.gov/Archives/edgar/data/1335258/000133525817000131/,,12
Live Nation Entertainment,LYV,2017Q3,2017-09-30,분기별 당기순이익(지배),136393000,USD,공시,https://www.sec.gov/Archives/edgar/data/1335258/000133525817000131/,,12
Live Nation Entertainment,LYV,2017Q3,2017-09-30,분기별 영업활동현금흐름,-386475000,USD,계산(누적차감)(재작성 반영),https://www.sec.gov/Archives/edgar/data/1335258/000133525818000148/ ; https://www.sec.gov/Archives/edgar/data/1335258/000133525818000113/,누적 418234000 − 직전누적 804709000 (시작 2017-01-01) ; 원 공시 -386377000 (https://www.sec.gov/Archives/edgar/data/1335258/000133525817000131/ ; https://www.sec.gov/Archives/edgar/data/1335258/000133525817000116/),12
Live Nation Entertainment,LYV,2017Q3,2017-09-30,분기말 자산총계,7810524000,USD,공시,https://www.sec.gov/Archives/edgar/data/1335258/000133525817000131/,,12
Live Nation Entertainment,LYV,2017Q3,2017-09-30,분기말 부채총계,5825705000,USD,계산(부채및자본-총자본),https://www.sec.gov/Archives/edgar/data/1335258/000133525817000131/,부채및자본 7810524000 − 총자본 1614542000 − 메자닌 370277000 ; 메자닌(일시자본) 370277000 별도,12
Live Nation Entertainment,LYV,2017Q3,2017-09-30,분기말 총자본(자기자본),1614542000,USD,공시,https://www.sec.gov/Archives/edgar/data/1335258/000133525817000131/,,12
Live Nation Entertainment,LYV,2017Q3,2017-09-30,분기말 지배지분 자본,1378974000,USD,공시,https://www.sec.gov/Archives/edgar/data/1335258/000133525817000131/,,12
Live Nation Entertainment,LYV,2017Q3,2017-09-29,분기말 종가,43.55,USD,API,https://query1.finance.yahoo.com/v8/finance/chart/LYV?interval=1d&events=splits (2017-09-29),,12
Live Nation Entertainment,LYV,2017Q3,2017-10-26,분기말 상장주식수,206799926,주,공시(표지 기준일),https://www.sec.gov/Archives/edgar/data/1335258/000133525817000131/,dei:EntityCommonStockSharesOutstanding 클래스 합,12
Live Nation Entertainment,LYV,2017Q3,2017-09-29,분기말 시가총액,9006136777,USD,계산(종가×주식수),https://query1.finance.yahoo.com/v8/finance/chart/LYV?interval=1d&events=splits (2017-09-29) ; https://www.sec.gov/Archives/edgar/data/1335258/000133525817000131/,종가 43.55 × 주식수 206799926,12
Live Nation Entertainment,LYV,2017Q4,2017-12-31,분기별 매출액,2320450000,USD,계산(연간-3분기누적)(재작성 반영),https://www.sec.gov/Archives/edgar/data/1335258/000133525820000028/ ; https://www.sec.gov/Archives/edgar/data/1335258/000133525818000148/,연간 9687222000 − 9개월누적 7366772000 (Revenues) ; 원 공시 2546156000 (https://www.sec.gov/Archives/edgar/data/1335258/000133525818000023/ ; https://www.sec.gov/Archives/edgar/data/1335258/000133525817000131/),12
Live Nation Entertainment,LYV,2017Q4,2017-12-31,분기별 영업이익,-202017000,USD,계산(연간-3분기누적),https://www.sec.gov/Archives/edgar/data/1335258/000133525818000023/ ; https://www.sec.gov/Archives/edgar/data/1335258/000133525817000131/,연간 91397000 − 9개월누적 293414000 (OperatingIncomeLoss),12
Live Nation Entertainment,LYV,2017Q4,2017-12-31,분기별 당기순이익(지배),-190893000,USD,계산(연간-3분기누적),https://www.sec.gov/Archives/edgar/data/1335258/000133525818000023/ ; https://www.sec.gov/Archives/edgar/data/1335258/000133525817000131/,연간 -6015000 − 9개월누적 184878000 (NetIncomeLoss),12
Live Nation Entertainment,LYV,2017Q4,2017-12-31,분기별 영업활동현금흐름,205288000,USD,계산(누적차감)(재작성 반영),https://www.sec.gov/Archives/edgar/data/1335258/000133525820000028/ ; https://www.sec.gov/Archives/edgar/data/1335258/000133525818000148/,누적 623522000 − 직전누적 418234000 (시작 2017-01-01) ; 원 공시 205744000 (https://www.sec.gov/Archives/edgar/data/1335258/000133525818000023/ ; https://www.sec.gov/Archives/edgar/data/1335258/000133525817000131/),12
Live Nation Entertainment,LYV,2017Q4,2017-12-31,분기말 자산총계,7504263000,USD,공시,https://www.sec.gov/Archives/edgar/data/1335258/000133525818000023/,,12
Live Nation Entertainment,LYV,2017Q4,2017-12-31,분기말 부채총계,5841392000,USD,계산(부채및자본-총자본),https://www.sec.gov/Archives/edgar/data/1335258/000133525818000023/,부채및자본 7504263000 − 총자본 1418144000 − 메자닌 244727000 ; 메자닌(일시자본) 244727000 별도,12
Live Nation Entertainment,LYV,2017Q4,2017-12-31,분기말 총자본(자기자본),1418144000,USD,공시,https://www.sec.gov/Archives/edgar/data/1335258/000133525818000023/,,12
Live Nation Entertainment,LYV,2017Q4,2017-12-31,분기말 지배지분 자본,1181196000,USD,공시,https://www.sec.gov/Archives/edgar/data/1335258/000133525818000023/,,12
Live Nation Entertainment,LYV,2017Q4,2017-12-29,분기말 종가,42.57,USD,API,https://query1.finance.yahoo.com/v8/finance/chart/LYV?interval=1d&events=splits (2017-12-29),,12
Live Nation Entertainment,LYV,2017Q4,2018-02-20,분기말 상장주식수,208168826,주,공시(표지 기준일),https://www.sec.gov/Archives/edgar/data/1335258/000133525818000023/,dei:EntityCommonStockSharesOutstanding 클래스 합,12
Live Nation Entertainment,LYV,2017Q4,2017-12-29,분기말 시가총액,8861746923,USD,계산(종가×주식수),https://query1.finance.yahoo.com/v8/finance/chart/LYV?interval=1d&events=splits (2017-12-29) ; https://www.sec.gov/Archives/edgar/data/1335258/000133525818000023/,종가 42.57 × 주식수 208168826,12
Live Nation Entertainment,LYV,2018Q1,2018-03-31,분기별 매출액,1482384000,USD,공시,https://www.sec.gov/Archives/edgar/data/1335258/000133525818000064/,,12
Live Nation Entertainment,LYV,2018Q1,2018-03-31,분기별 영업이익,-6030000,USD,공시,https://www.sec.gov/Archives/edgar/data/1335258/000133525818000064/,,12
Live Nation Entertainment,LYV,2018Q1,2018-03-31,분기별 당기순이익(지배),-33906000,USD,공시,https://www.sec.gov/Archives/edgar/data/1335258/000133525818000064/,,12
Live Nation Entertainment,LYV,2018Q1,2018-03-31,분기별 영업활동현금흐름,775498000,USD,공시,https://www.sec.gov/Archives/edgar/data/1335258/000133525818000064/,,12
Live Nation Entertainment,LYV,2018Q1,2018-03-31,분기말 자산총계,9117548000,USD,공시,https://www.sec.gov/Archives/edgar/data/1335258/000133525818000064/,,12
Live Nation Entertainment,LYV,2018Q1,2018-03-31,분기말 부채총계,7480627000,USD,계산(부채및자본-총자본),https://www.sec.gov/Archives/edgar/data/1335258/000133525818000064/,부채및자본 9117548000 − 총자본 1372221000 − 메자닌 264700000 ; 메자닌(일시자본) 264700000 별도,12
Live Nation Entertainment,LYV,2018Q1,2018-03-31,분기말 총자본(자기자본),1372221000,USD,공시,https://www.sec.gov/Archives/edgar/data/1335258/000133525818000064/,,12
Live Nation Entertainment,LYV,2018Q1,2018-03-31,분기말 지배지분 자본,1137671000,USD,공시,https://www.sec.gov/Archives/edgar/data/1335258/000133525818000064/,,12
Live Nation Entertainment,LYV,2018Q1,2018-03-29,분기말 종가,42.14,USD,API,https://query1.finance.yahoo.com/v8/finance/chart/LYV?interval=1d&events=splits (2018-03-29),,12
Live Nation Entertainment,LYV,2018Q1,2018-04-26,분기말 상장주식수,208917592,주,공시(표지 기준일),https://www.sec.gov/Archives/edgar/data/1335258/000133525818000064/,dei:EntityCommonStockSharesOutstanding 클래스 합,12
Live Nation Entertainment,LYV,2018Q1,2018-03-29,분기말 시가총액,8803787327,USD,계산(종가×주식수),https://query1.finance.yahoo.com/v8/finance/chart/LYV?interval=1d&events=splits (2018-03-29) ; https://www.sec.gov/Archives/edgar/data/1335258/000133525818000064/,종가 42.14 × 주식수 208917592,12
Live Nation Entertainment,LYV,2018Q2,2018-06-30,분기별 매출액,2868315000,USD,공시,https://www.sec.gov/Archives/edgar/data/1335258/000133525818000113/,,12
Live Nation Entertainment,LYV,2018Q2,2018-06-30,분기별 영업이익,134725000,USD,공시,https://www.sec.gov/Archives/edgar/data/1335258/000133525818000113/,,12
Live Nation Entertainment,LYV,2018Q2,2018-06-30,분기별 당기순이익(지배),69359000,USD,공시,https://www.sec.gov/Archives/edgar/data/1335258/000133525818000113/,,12
Live Nation Entertainment,LYV,2018Q2,2018-06-30,분기별 영업활동현금흐름,-255672000,USD,계산(누적차감),https://www.sec.gov/Archives/edgar/data/1335258/000133525818000113/ ; https://www.sec.gov/Archives/edgar/data/1335258/000133525818000064/,누적 519826000 − 직전누적 775498000 (시작 2018-01-01),12
Live Nation Entertainment,LYV,2018Q2,2018-06-30,분기말 자산총계,8952809000,USD,공시,https://www.sec.gov/Archives/edgar/data/1335258/000133525818000113/,,12
Live Nation Entertainment,LYV,2018Q2,2018-06-30,분기말 부채총계,7254095000,USD,계산(부채및자본-총자본),https://www.sec.gov/Archives/edgar/data/1335258/000133525818000113/,부채및자본 8952809000 − 총자본 1405520000 − 메자닌 293194000 ; 메자닌(일시자본) 293194000 별도,12
Live Nation Entertainment,LYV,2018Q2,2018-06-30,분기말 총자본(자기자본),1405520000,USD,공시,https://www.sec.gov/Archives/edgar/data/1335258/000133525818000113/,,12
Live Nation Entertainment,LYV,2018Q2,2018-06-30,분기말 지배지분 자본,1163049000,USD,공시,https://www.sec.gov/Archives/edgar/data/1335258/000133525818000113/,,12
Live Nation Entertainment,LYV,2018Q2,2018-06-29,분기말 종가,48.57,USD,API,https://query1.finance.yahoo.com/v8/finance/chart/LYV?interval=1d&events=splits (2018-06-29),,12
Live Nation Entertainment,LYV,2018Q2,2018-07-19,분기말 상장주식수,209059875,주,공시(표지 기준일),https://www.sec.gov/Archives/edgar/data/1335258/000133525818000113/,dei:EntityCommonStockSharesOutstanding 클래스 합,12
Live Nation Entertainment,LYV,2018Q2,2018-06-29,분기말 시가총액,10154038129,USD,계산(종가×주식수),https://query1.finance.yahoo.com/v8/finance/chart/LYV?interval=1d&events=splits (2018-06-29) ; https://www.sec.gov/Archives/edgar/data/1335258/000133525818000113/,종가 48.57 × 주식수 209059875,12
Live Nation Entertainment,LYV,2018Q3,2018-09-30,분기별 매출액,3835246000,USD,공시,https://www.sec.gov/Archives/edgar/data/1335258/000133525818000148/,,12
Live Nation Entertainment,LYV,2018Q3,2018-09-30,분기별 영업이익,234219000,USD,공시,https://www.sec.gov/Archives/edgar/data/1335258/000133525818000148/,,12
Live Nation Entertainment,LYV,2018Q3,2018-09-30,분기별 당기순이익(지배),172683000,USD,공시,https://www.sec.gov/Archives/edgar/data/1335258/000133525818000148/,,12
Live Nation Entertainment,LYV,2018Q3,2018-09-30,분기별 영업활동현금흐름,-264250000,USD,계산(누적차감),https://www.sec.gov/Archives/edgar/data/1335258/000133525818000148/ ; https://www.sec.gov/Archives/edgar/data/1335258/000133525818000113/,누적 255576000 − 직전누적 519826000 (시작 2018-01-01),12
Live Nation Entertainment,LYV,2018Q3,2018-09-30,분기말 자산총계,8511699000,USD,공시,https://www.sec.gov/Archives/edgar/data/1335258/000133525818000148/,,12
Live Nation Entertainment,LYV,2018Q3,2018-09-30,분기말 부채총계,6652320000,USD,계산(부채및자본-총자본),https://www.sec.gov/Archives/edgar/data/1335258/000133525818000148/,부채및자본 8511699000 − 총자본 1550929000 − 메자닌 308450000 ; 메자닌(일시자본) 308450000 별도,12
Live Nation Entertainment,LYV,2018Q3,2018-09-30,분기말 총자본(자기자본),1550929000,USD,공시,https://www.sec.gov/Archives/edgar/data/1335258/000133525818000148/,,12
Live Nation Entertainment,LYV,2018Q3,2018-09-30,분기말 지배지분 자본,1317389000,USD,공시,https://www.sec.gov/Archives/edgar/data/1335258/000133525818000148/,,12
Live Nation Entertainment,LYV,2018Q3,2018-09-28,분기말 종가,54.47,USD,API,https://query1.finance.yahoo.com/v8/finance/chart/LYV?interval=1d&events=splits (2018-09-28),,12
Live Nation Entertainment,LYV,2018Q3,2018-10-25,분기말 상장주식수,209545061,주,공시(표지 기준일),https://www.sec.gov/Archives/edgar/data/1335258/000133525818000148/,dei:EntityCommonStockSharesOutstanding 클래스 합,12
Live Nation Entertainment,LYV,2018Q3,2018-09-28,분기말 시가총액,11413919473,USD,계산(종가×주식수),https://query1.finance.yahoo.com/v8/finance/chart/LYV?interval=1d&events=splits (2018-09-28) ; https://www.sec.gov/Archives/edgar/data/1335258/000133525818000148/,종가 54.47 × 주식수 209545061,12
Live Nation Entertainment,LYV,2018Q4,2018-12-31,분기별 매출액,2601855000,USD,계산(연간-3분기누적),https://www.sec.gov/Archives/edgar/data/1335258/000133525819000024/ ; https://www.sec.gov/Archives/edgar/data/1335258/000133525818000148/,연간 10787800000 − 9개월누적 8185945000 (Revenues),12
Live Nation Entertainment,LYV,2018Q4,2018-12-31,분기별 영업이익,-90378000,USD,계산(연간-3분기누적),https://www.sec.gov/Archives/edgar/data/1335258/000133525819000024/ ; https://www.sec.gov/Archives/edgar/data/1335258/000133525818000148/,연간 272536000 − 9개월누적 362914000 (OperatingIncomeLoss),12
Live Nation Entertainment,LYV,2018Q4,2018-12-31,분기별 당기순이익(지배),-147887000,USD,계산(연간-3분기누적),https://www.sec.gov/Archives/edgar/data/1335258/000133525819000024/ ; https://www.sec.gov/Archives/edgar/data/1335258/000133525818000148/,연간 60249000 − 9개월누적 208136000 (NetIncomeLoss),12
Live Nation Entertainment,LYV,2018Q4,2018-12-31,분기별 영업활동현금흐름,686010000,USD,계산(누적차감),https://www.sec.gov/Archives/edgar/data/1335258/000133525819000024/ ; https://www.sec.gov/Archives/edgar/data/1335258/000133525818000148/,누적 941586000 − 직전누적 255576000 (시작 2018-01-01),12
Live Nation Entertainment,LYV,2018Q4,2018-12-31,분기말 자산총계,8496886000,USD,공시,https://www.sec.gov/Archives/edgar/data/1335258/000133525819000024/,,12
Live Nation Entertainment,LYV,2018Q4,2018-12-31,분기말 부채총계,6824788000,USD,계산(부채및자본-총자본),https://www.sec.gov/Archives/edgar/data/1335258/000133525819000024/,부채및자본 8496886000 − 총자본 1342743000 − 메자닌 329355000 ; 메자닌(일시자본) 329355000 별도,12
Live Nation Entertainment,LYV,2018Q4,2018-12-31,분기말 총자본(자기자본),1342743000,USD,공시,https://www.sec.gov/Archives/edgar/data/1335258/000133525819000024/,,12
Live Nation Entertainment,LYV,2018Q4,2018-12-31,분기말 지배지분 자본,1098981000,USD,공시,https://www.sec.gov/Archives/edgar/data/1335258/000133525819000024/,,12
Live Nation Entertainment,LYV,2018Q4,2018-12-31,분기말 종가,49.25,USD,API,https://query1.finance.yahoo.com/v8/finance/chart/LYV?interval=1d&events=splits (2018-12-31),,12
Live Nation Entertainment,LYV,2018Q4,2019-02-21,분기말 상장주식수,210898225,주,공시(표지 기준일),https://www.sec.gov/Archives/edgar/data/1335258/000133525819000024/,dei:EntityCommonStockSharesOutstanding 클래스 합,12
Live Nation Entertainment,LYV,2018Q4,2018-12-31,분기말 시가총액,10386737581,USD,계산(종가×주식수),https://query1.finance.yahoo.com/v8/finance/chart/LYV?interval=1d&events=splits (2018-12-31) ; https://www.sec.gov/Archives/edgar/data/1335258/000133525819000024/,종가 49.25 × 주식수 210898225,12
Live Nation Entertainment,LYV,2019Q1,2019-03-31,분기별 매출액,1727828000,USD,공시,https://www.sec.gov/Archives/edgar/data/1335258/000133525819000044/,,12
Live Nation Entertainment,LYV,2019Q1,2019-03-31,분기별 영업이익,-23863000,USD,공시,https://www.sec.gov/Archives/edgar/data/1335258/000133525819000044/,,12
Live Nation Entertainment,LYV,2019Q1,2019-03-31,분기별 당기순이익(지배),-52444000,USD,공시,https://www.sec.gov/Archives/edgar/data/1335258/000133525819000044/,,12
Live Nation Entertainment,LYV,2019Q1,2019-03-31,분기별 영업활동현금흐름,469050000,USD,공시,https://www.sec.gov/Archives/edgar/data/1335258/000133525819000044/,,12
Live Nation Entertainment,LYV,2019Q1,2019-03-31,분기말 자산총계,10302533000,USD,공시,https://www.sec.gov/Archives/edgar/data/1335258/000133525819000044/,,12
Live Nation Entertainment,LYV,2019Q1,2019-03-31,분기말 부채총계,8719110000,USD,계산(부채및자본-총자본),https://www.sec.gov/Archives/edgar/data/1335258/000133525819000044/,부채및자본 10302533000 − 총자본 1240394000 − 메자닌 343029000 ; 메자닌(일시자본) 343029000 별도,12
Live Nation Entertainment,LYV,2019Q1,2019-03-31,분기말 총자본(자기자본),1240394000,USD,공시,https://www.sec.gov/Archives/edgar/data/1335258/000133525819000044/,,12
Live Nation Entertainment,LYV,2019Q1,2019-03-31,분기말 지배지분 자본,1043208000,USD,공시,https://www.sec.gov/Archives/edgar/data/1335258/000133525819000044/,,12
Live Nation Entertainment,LYV,2019Q1,2019-03-29,분기말 종가,63.54,USD,API,https://query1.finance.yahoo.com/v8/finance/chart/LYV?interval=1d&events=splits (2019-03-29),,12
Live Nation Entertainment,LYV,2019Q1,2019-04-25,분기말 상장주식수,211629280,주,공시(표지 기준일),https://www.sec.gov/Archives/edgar/data/1335258/000133525819000044/,dei:EntityCommonStockSharesOutstanding 클래스 합,12
Live Nation Entertainment,LYV,2019Q1,2019-03-29,분기말 시가총액,13446924451,USD,계산(종가×주식수),https://query1.finance.yahoo.com/v8/finance/chart/LYV?interval=1d&events=splits (2019-03-29) ; https://www.sec.gov/Archives/edgar/data/1335258/000133525819000044/,종가 63.54 × 주식수 211629280,12
Live Nation Entertainment,LYV,2019Q2,2019-06-30,분기별 매출액,3157009000,USD,공시,https://www.sec.gov/Archives/edgar/data/1335258/000133525819000102/,,12
Live Nation Entertainment,LYV,2019Q2,2019-06-30,분기별 영업이익,171586000,USD,공시,https://www.sec.gov/Archives/edgar/data/1335258/000133525819000102/,,12
Live Nation Entertainment,LYV,2019Q2,2019-06-30,분기별 당기순이익(지배),103355000,USD,공시,https://www.sec.gov/Archives/edgar/data/1335258/000133525819000102/,,12
Live Nation Entertainment,LYV,2019Q2,2019-06-30,분기별 영업활동현금흐름,-175727000,USD,계산(누적차감),https://www.sec.gov/Archives/edgar/data/1335258/000133525819000102/ ; https://www.sec.gov/Archives/edgar/data/1335258/000133525819000044/,누적 293323000 − 직전누적 469050000 (시작 2019-01-01),12
Live Nation Entertainment,LYV,2019Q2,2019-06-30,분기말 자산총계,10529387000,USD,공시,https://www.sec.gov/Archives/edgar/data/1335258/000133525819000102/,,12
Live Nation Entertainment,LYV,2019Q2,2019-06-30,분기말 부채총계,8736303000,USD,계산(부채및자본-총자본),https://www.sec.gov/Archives/edgar/data/1335258/000133525819000102/,부채및자본 10529387000 − 총자본 1407756000 − 메자닌 385328000 ; 메자닌(일시자본) 385328000 별도,12
Live Nation Entertainment,LYV,2019Q2,2019-06-30,분기말 총자본(자기자본),1407756000,USD,공시,https://www.sec.gov/Archives/edgar/data/1335258/000133525819000102/,,12
Live Nation Entertainment,LYV,2019Q2,2019-06-30,분기말 지배지분 자본,1174143000,USD,공시,https://www.sec.gov/Archives/edgar/data/1335258/000133525819000102/,,12
Live Nation Entertainment,LYV,2019Q2,2019-06-28,분기말 종가,66.25,USD,API,https://query1.finance.yahoo.com/v8/finance/chart/LYV?interval=1d&events=splits (2019-06-28),,12
Live Nation Entertainment,LYV,2019Q2,2019-07-18,분기말 상장주식수,213147303,주,공시(표지 기준일),https://www.sec.gov/Archives/edgar/data/1335258/000133525819000102/,dei:EntityCommonStockSharesOutstanding 클래스 합,12
Live Nation Entertainment,LYV,2019Q2,2019-06-28,분기말 시가총액,14121008824,USD,계산(종가×주식수),https://query1.finance.yahoo.com/v8/finance/chart/LYV?interval=1d&events=splits (2019-06-28) ; https://www.sec.gov/Archives/edgar/data/1335258/000133525819000102/,종가 66.25 × 주식수 213147303,12
Live Nation Entertainment,LYV,2019Q3,2019-09-30,분기별 매출액,3773684000,USD,공시,https://www.sec.gov/Archives/edgar/data/1335258/000133525819000141/,,12
Live Nation Entertainment,LYV,2019Q3,2019-09-30,분기별 영업이익,260041000,USD,공시,https://www.sec.gov/Archives/edgar/data/1335258/000133525819000141/,,12
Live Nation Entertainment,LYV,2019Q3,2019-09-30,분기별 당기순이익(지배),178925000,USD,공시,https://www.sec.gov/Archives/edgar/data/1335258/000133525819000141/,,12
Live Nation Entertainment,LYV,2019Q3,2019-09-30,분기별 영업활동현금흐름,-260401000,USD,계산(누적차감),https://www.sec.gov/Archives/edgar/data/1335258/000133525819000141/ ; https://www.sec.gov/Archives/edgar/data/1335258/000133525819000102/,누적 32922000 − 직전누적 293323000 (시작 2019-01-01),12
Live Nation Entertainment,LYV,2019Q3,2019-09-30,분기말 자산총계,9967133000,USD,공시,https://www.sec.gov/Archives/edgar/data/1335258/000133525819000141/,,12
Live Nation Entertainment,LYV,2019Q3,2019-09-30,분기말 부채총계,8025485000,USD,계산(부채및자본-총자본),https://www.sec.gov/Archives/edgar/data/1335258/000133525819000141/,부채및자본 9967133000 − 총자본 1522832000 − 메자닌 418816000 ; 메자닌(일시자본) 418816000 별도,12
Live Nation Entertainment,LYV,2019Q3,2019-09-30,분기말 총자본(자기자본),1522832000,USD,공시,https://www.sec.gov/Archives/edgar/data/1335258/000133525819000141/,,12
Live Nation Entertainment,LYV,2019Q3,2019-09-30,분기말 지배지분 자본,1287273000,USD,공시,https://www.sec.gov/Archives/edgar/data/1335258/000133525819000141/,,12
Live Nation Entertainment,LYV,2019Q3,2019-09-30,분기말 종가,66.34,USD,API,https://query1.finance.yahoo.com/v8/finance/chart/LYV?interval=1d&events=splits (2019-09-30),,12
Live Nation Entertainment,LYV,2019Q3,2019-10-24,분기말 상장주식수,213715534,주,공시(표지 기준일),https://www.sec.gov/Archives/edgar/data/1335258/000133525819000141/,dei:EntityCommonStockSharesOutstanding 클래스 합,12
Live Nation Entertainment,LYV,2019Q3,2019-09-30,분기말 시가총액,14177888526,USD,계산(종가×주식수),https://query1.finance.yahoo.com/v8/finance/chart/LYV?interval=1d&events=splits (2019-09-30) ; https://www.sec.gov/Archives/edgar/data/1335258/000133525819000141/,종가 66.34 × 주식수 213715534,12
Live Nation Entertainment,LYV,2019Q4,2019-12-31,분기별 매출액,2889448000,USD,계산(연간-3분기누적),https://www.sec.gov/Archives/edgar/data/1335258/000133525820000028/ ; https://www.sec.gov/Archives/edgar/data/1335258/000133525819000141/,연간 11547969000 − 9개월누적 8658521000 (Revenues),12
Live Nation Entertainment,LYV,2019Q4,2019-12-31,분기별 영업이익,-82920000,USD,계산(연간-3분기누적),https://www.sec.gov/Archives/edgar/data/1335258/000133525820000028/ ; https://www.sec.gov/Archives/edgar/data/1335258/000133525819000141/,연간 324844000 − 9개월누적 407764000 (OperatingIncomeLoss),12
Live Nation Entertainment,LYV,2019Q4,2019-12-31,분기별 당기순이익(지배),-159947000,USD,계산(연간-3분기누적),https://www.sec.gov/Archives/edgar/data/1335258/000133525820000028/ ; https://www.sec.gov/Archives/edgar/data/1335258/000133525819000141/,연간 69889000 − 9개월누적 229836000 (NetIncomeLoss),12
Live Nation Entertainment,LYV,2019Q4,2019-12-31,분기별 영업활동현금흐름,436861000,USD,계산(누적차감),https://www.sec.gov/Archives/edgar/data/1335258/000133525820000028/ ; https://www.sec.gov/Archives/edgar/data/1335258/000133525819000141/,누적 469783000 − 직전누적 32922000 (시작 2019-01-01),12
Live Nation Entertainment,LYV,2019Q4,2019-12-31,분기말 자산총계,10975615000,USD,공시,https://www.sec.gov/Archives/edgar/data/1335258/000133525820000028/,,12
Live Nation Entertainment,LYV,2019Q4,2019-12-31,분기말 부채총계,9062163000,USD,계산(부채및자본-총자본),https://www.sec.gov/Archives/edgar/data/1335258/000133525820000028/,부채및자본 10975615000 − 총자본 1463954000 − 메자닌 449498000 ; 메자닌(일시자본) 449498000 별도,12
Live Nation Entertainment,LYV,2019Q4,2019-12-31,분기말 총자본(자기자본),1463954000,USD,공시,https://www.sec.gov/Archives/edgar/data/1335258/000133525820000028/,,12
Live Nation Entertainment,LYV,2019Q4,2019-12-31,분기말 지배지분 자본,1145820000,USD,공시,https://www.sec.gov/Archives/edgar/data/1335258/000133525820000028/,,12
Live Nation Entertainment,LYV,2019Q4,2019-12-31,분기말 종가,71.47,USD,API,https://query1.finance.yahoo.com/v8/finance/chart/LYV?interval=1d&events=splits (2019-12-31),,12
Live Nation Entertainment,LYV,2019Q4,2020-02-20,분기말 상장주식수,214531042,주,공시(표지 기준일),https://www.sec.gov/Archives/edgar/data/1335258/000133525820000134/,dei:EntityCommonStockSharesOutstanding 클래스 합 ; 값은 XBRL 원문(companyfacts 미반영 보고서),12
Live Nation Entertainment,LYV,2019Q4,2019-12-31,분기말 시가총액,15332533572,USD,계산(종가×주식수),https://query1.finance.yahoo.com/v8/finance/chart/LYV?interval=1d&events=splits (2019-12-31) ; https://www.sec.gov/Archives/edgar/data/1335258/000133525820000134/,종가 71.47 × 주식수 214531042 ; 값은 XBRL 원문(companyfacts 미반영 보고서),12
Live Nation Entertainment,LYV,2020Q1,2020-03-31,분기별 매출액,1365693000,USD,공시,https://www.sec.gov/Archives/edgar/data/1335258/000133525820000081/,,12
Live Nation Entertainment,LYV,2020Q1,2020-03-31,분기별 영업이익,-172670000,USD,공시,https://www.sec.gov/Archives/edgar/data/1335258/000133525820000081/,,12
Live Nation Entertainment,LYV,2020Q1,2020-03-31,분기별 당기순이익(지배),-184784000,USD,공시,https://www.sec.gov/Archives/edgar/data/1335258/000133525820000081/,,12
Live Nation Entertainment,LYV,2020Q1,2020-03-31,분기별 영업활동현금흐름,631675000,USD,공시,https://www.sec.gov/Archives/edgar/data/1335258/000133525820000081/,,12
Live Nation Entertainment,LYV,2020Q1,2020-03-31,분기말 자산총계,11861444000,USD,공시,https://www.sec.gov/Archives/edgar/data/1335258/000133525820000081/,,12
Live Nation Entertainment,LYV,2020Q1,2020-03-31,분기말 부채총계,10187006000,USD,계산(부채및자본-총자본),https://www.sec.gov/Archives/edgar/data/1335258/000133525820000081/,부채및자본 11861444000 − 총자본 1230832000 − 메자닌 443606000 ; 메자닌(일시자본) 443606000 별도,12
Live Nation Entertainment,LYV,2020Q1,2020-03-31,분기말 총자본(자기자본),1230832000,USD,공시,https://www.sec.gov/Archives/edgar/data/1335258/000133525820000081/,,12
Live Nation Entertainment,LYV,2020Q1,2020-03-31,분기말 지배지분 자본,859354000,USD,공시,https://www.sec.gov/Archives/edgar/data/1335258/000133525820000081/,,12
Live Nation Entertainment,LYV,2020Q1,2020-03-31,분기말 종가,45.46,USD,API,https://query1.finance.yahoo.com/v8/finance/chart/LYV?interval=1d&events=splits (2020-03-31),,12
Live Nation Entertainment,LYV,2020Q1,2020-04-30,분기말 상장주식수,215260098,주,공시(표지 기준일),https://www.sec.gov/Archives/edgar/data/1335258/000133525820000081/,dei:EntityCommonStockSharesOutstanding 클래스 합,12
Live Nation Entertainment,LYV,2020Q1,2020-03-31,분기말 시가총액,9785724055,USD,계산(종가×주식수),https://query1.finance.yahoo.com/v8/finance/chart/LYV?interval=1d&events=splits (2020-03-31) ; https://www.sec.gov/Archives/edgar/data/1335258/000133525820000081/,종가 45.46 × 주식수 215260098,12
Live Nation Entertainment,LYV,2020Q2,2020-06-30,분기별 매출액,74084000,USD,공시,https://www.sec.gov/Archives/edgar/data/1335258/000133525820000150/,,12
Live Nation Entertainment,LYV,2020Q2,2020-06-30,분기별 영업이익,-588067000,USD,공시,https://www.sec.gov/Archives/edgar/data/1335258/000133525820000150/,,12
Live Nation Entertainment,LYV,2020Q2,2020-06-30,분기별 당기순이익(지배),-567517000,USD,공시,https://www.sec.gov/Archives/edgar/data/1335258/000133525820000150/,,12
Live Nation Entertainment,LYV,2020Q2,2020-06-30,분기별 영업활동현금흐름,-1022035000,USD,계산(누적차감),https://www.sec.gov/Archives/edgar/data/1335258/000133525820000150/ ; https://www.sec.gov/Archives/edgar/data/1335258/000133525820000081/,누적 -390360000 − 직전누적 631675000 (시작 2020-01-01),12
Live Nation Entertainment,LYV,2020Q2,2020-06-30,분기말 자산총계,11622300000,USD,공시,https://www.sec.gov/Archives/edgar/data/1335258/000133525820000150/,,12
Live Nation Entertainment,LYV,2020Q2,2020-06-30,분기말 부채총계,10604542000,USD,계산(부채및자본-총자본),https://www.sec.gov/Archives/edgar/data/1335258/000133525820000150/,부채및자본 11622300000 − 총자본 683530000 − 메자닌 334228000 ; 메자닌(일시자본) 334228000 별도,12
Live Nation Entertainment,LYV,2020Q2,2020-06-30,분기말 총자본(자기자본),683530000,USD,공시,https://www.sec.gov/Archives/edgar/data/1335258/000133525820000150/,,12
Live Nation Entertainment,LYV,2020Q2,2020-06-30,분기말 지배지분 자본,341925000,USD,공시,https://www.sec.gov/Archives/edgar/data/1335258/000133525820000150/,,12
Live Nation Entertainment,LYV,2020Q2,2020-06-30,분기말 종가,44.33,USD,API,https://query1.finance.yahoo.com/v8/finance/chart/LYV?interval=1d&events=splits (2020-06-30),,12
Live Nation Entertainment,LYV,2020Q2,2020-07-29,분기말 상장주식수,217254777,주,공시(표지 기준일),https://www.sec.gov/Archives/edgar/data/1335258/000133525820000150/,dei:EntityCommonStockSharesOutstanding 클래스 합,12
Live Nation Entertainment,LYV,2020Q2,2020-06-30,분기말 시가총액,9630904264,USD,계산(종가×주식수),https://query1.finance.yahoo.com/v8/finance/chart/LYV?interval=1d&events=splits (2020-06-30) ; https://www.sec.gov/Archives/edgar/data/1335258/000133525820000150/,종가 44.33 × 주식수 217254777,12
Live Nation Entertainment,LYV,2020Q3,2020-09-30,분기별 매출액,184018000,USD,공시,https://www.sec.gov/Archives/edgar/data/1335258/000133525820000163/,,12
Live Nation Entertainment,LYV,2020Q3,2020-09-30,분기별 영업이익,-504441000,USD,공시,https://www.sec.gov/Archives/edgar/data/1335258/000133525820000163/,,12
Live Nation Entertainment,LYV,2020Q3,2020-09-30,분기별 당기순이익(지배),-528902000,USD,공시,https://www.sec.gov/Archives/edgar/data/1335258/000133525820000163/,,12
Live Nation Entertainment,LYV,2020Q3,2020-09-30,분기별 영업활동현금흐름,-566543000,USD,계산(누적차감),https://www.sec.gov/Archives/edgar/data/1335258/000133525820000163/ ; https://www.sec.gov/Archives/edgar/data/1335258/000133525820000150/,누적 -956903000 − 직전누적 -390360000 (시작 2020-01-01),12
Live Nation Entertainment,LYV,2020Q3,2020-09-30,분기말 자산총계,10885431000,USD,공시,https://www.sec.gov/Archives/edgar/data/1335258/000133525820000163/,,12
Live Nation Entertainment,LYV,2020Q3,2020-09-30,분기말 부채총계,10351420000,USD,계산(부채및자본-총자본),https://www.sec.gov/Archives/edgar/data/1335258/000133525820000163/,부채및자본 10885431000 − 총자본 247024000 − 메자닌 286987000 ; 메자닌(일시자본) 286987000 별도,12
Live Nation Entertainment,LYV,2020Q3,2020-09-30,분기말 총자본(자기자본),247024000,USD,공시,https://www.sec.gov/Archives/edgar/data/1335258/000133525820000163/,,12
Live Nation Entertainment,LYV,2020Q3,2020-09-30,분기말 지배지분 자본,-99430000,USD,공시,https://www.sec.gov/Archives/edgar/data/1335258/000133525820000163/,,12
Live Nation Entertainment,LYV,2020Q3,2020-09-30,분기말 종가,53.88,USD,API,https://query1.finance.yahoo.com/v8/finance/chart/LYV?interval=1d&events=splits (2020-09-30),,12
Live Nation Entertainment,LYV,2020Q3,2020-10-29,분기말 상장주식수,217117403,주,공시(표지 기준일),https://www.sec.gov/Archives/edgar/data/1335258/000133525820000163/,dei:EntityCommonStockSharesOutstanding 클래스 합,12
Live Nation Entertainment,LYV,2020Q3,2020-09-30,분기말 시가총액,11698285674,USD,계산(종가×주식수),https://query1.finance.yahoo.com/v8/finance/chart/LYV?interval=1d&events=splits (2020-09-30) ; https://www.sec.gov/Archives/edgar/data/1335258/000133525820000163/,종가 53.88 × 주식수 217117403,12
Live Nation Entertainment,LYV,2020Q4,2020-12-31,분기별 매출액,237383000,USD,계산(연간-3분기누적),https://www.sec.gov/Archives/edgar/data/1335258/000133525821000009/ ; https://www.sec.gov/Archives/edgar/data/1335258/000133525820000163/,연간 1861178000 − 9개월누적 1623795000 (Revenues),12
Live Nation Entertainment,LYV,2020Q4,2020-12-31,분기별 영업이익,-388014000,USD,계산(연간-3분기누적),https://www.sec.gov/Archives/edgar/data/1335258/000133525821000009/ ; https://www.sec.gov/Archives/edgar/data/1335258/000133525820000163/,연간 -1653192000 − 9개월누적 -1265178000 (OperatingIncomeLoss),12
Live Nation Entertainment,LYV,2020Q4,2020-12-31,분기별 당기순이익(지배),-443332000,USD,계산(연간-3분기누적),https://www.sec.gov/Archives/edgar/data/1335258/000133525821000009/ ; https://www.sec.gov/Archives/edgar/data/1335258/000133525820000163/,연간 -1724535000 − 9개월누적 -1281203000 (NetIncomeLoss),12
Live Nation Entertainment,LYV,2020Q4,2020-12-31,분기별 영업활동현금흐름,-126485000,USD,계산(누적차감),https://www.sec.gov/Archives/edgar/data/1335258/000133525821000009/ ; https://www.sec.gov/Archives/edgar/data/1335258/000133525820000163/,누적 -1083388000 − 직전누적 -956903000 (시작 2020-01-01),12
Live Nation Entertainment,LYV,2020Q4,2020-12-31,분기말 자산총계,10589303000,USD,공시,https://www.sec.gov/Archives/edgar/data/1335258/000133525821000009/,,12
Live Nation Entertainment,LYV,2020Q4,2020-12-31,분기말 부채총계,10450606000,USD,계산(부채및자본-총자본),https://www.sec.gov/Archives/edgar/data/1335258/000133525821000009/,부채및자본 10589303000 − 총자본 -133752000 − 메자닌 272449000 ; 메자닌(일시자본) 272449000 별도,12
Live Nation Entertainment,LYV,2020Q4,2020-12-31,분기말 총자본(자기자본),-133752000,USD,공시,https://www.sec.gov/Archives/edgar/data/1335258/000133525821000009/,,12
Live Nation Entertainment,LYV,2020Q4,2020-12-31,분기말 지배지분 자본,-471772000,USD,공시,https://www.sec.gov/Archives/edgar/data/1335258/000133525821000009/,,12
Live Nation Entertainment,LYV,2020Q4,2020-12-31,분기말 종가,73.48,USD,API,https://query1.finance.yahoo.com/v8/finance/chart/LYV?interval=1d&events=splits (2020-12-31),,12
Live Nation Entertainment,LYV,2020Q4,2021-02-22,분기말 상장주식수,218047105,주,공시(표지 기준일),https://www.sec.gov/Archives/edgar/data/1335258/000133525821000009/,dei:EntityCommonStockSharesOutstanding 클래스 합,12
Live Nation Entertainment,LYV,2020Q4,2020-12-31,분기말 시가총액,16022101275,USD,계산(종가×주식수),https://query1.finance.yahoo.com/v8/finance/chart/LYV?interval=1d&events=splits (2020-12-31) ; https://www.sec.gov/Archives/edgar/data/1335258/000133525821000009/,종가 73.48 × 주식수 218047105,12
Live Nation Entertainment,LYV,2021Q1,2021-03-31,분기별 매출액,290609000,USD,공시,https://www.sec.gov/Archives/edgar/data/1335258/000133525821000058/,,12
Live Nation Entertainment,LYV,2021Q1,2021-03-31,분기별 영업이익,-303172000,USD,공시,https://www.sec.gov/Archives/edgar/data/1335258/000133525821000058/,,12
Live Nation Entertainment,LYV,2021Q1,2021-03-31,분기별 당기순이익(지배),-307193000,USD,공시,https://www.sec.gov/Archives/edgar/data/1335258/000133525821000058/,,12
Live Nation Entertainment,LYV,2021Q1,2021-03-31,분기별 영업활동현금흐름,74574000,USD,공시,https://www.sec.gov/Archives/edgar/data/1335258/000133525821000058/,,12
Live Nation Entertainment,LYV,2021Q1,2021-03-31,분기말 자산총계,10919642000,USD,공시,https://www.sec.gov/Archives/edgar/data/1335258/000133525821000058/,,12
Live Nation Entertainment,LYV,2021Q1,2021-03-31,분기말 부채총계,11049372000,USD,계산(부채및자본-총자본),https://www.sec.gov/Archives/edgar/data/1335258/000133525821000058/,부채및자본 10919642000 − 총자본 -394114000 − 메자닌 264384000 ; 메자닌(일시자본) 264384000 별도,12
Live Nation Entertainment,LYV,2021Q1,2021-03-31,분기말 총자본(자기자본),-394114000,USD,공시,https://www.sec.gov/Archives/edgar/data/1335258/000133525821000058/,,12
Live Nation Entertainment,LYV,2021Q1,2021-03-31,분기말 지배지분 자본,-730560000,USD,공시,https://www.sec.gov/Archives/edgar/data/1335258/000133525821000058/,,12
Live Nation Entertainment,LYV,2021Q1,2021-03-31,분기말 종가,84.65,USD,API,https://query1.finance.yahoo.com/v8/finance/chart/LYV?interval=1d&events=splits (2021-03-31),,12
Live Nation Entertainment,LYV,2021Q1,2021-04-29,분기말 상장주식수,218683233,주,공시(표지 기준일),https://www.sec.gov/Archives/edgar/data/1335258/000133525821000058/,dei:EntityCommonStockSharesOutstanding 클래스 합,12
Live Nation Entertainment,LYV,2021Q1,2021-03-31,분기말 시가총액,18511535673,USD,계산(종가×주식수),https://query1.finance.yahoo.com/v8/finance/chart/LYV?interval=1d&events=splits (2021-03-31) ; https://www.sec.gov/Archives/edgar/data/1335258/000133525821000058/,종가 84.65 × 주식수 218683233,12
Live Nation Entertainment,LYV,2021Q2,2021-06-30,분기별 매출액,575946000,USD,공시,https://www.sec.gov/Archives/edgar/data/1335258/000133525821000105/,,12
Live Nation Entertainment,LYV,2021Q2,2021-06-30,분기별 영업이익,-127285000,USD,공시,https://www.sec.gov/Archives/edgar/data/1335258/000133525821000105/,,12
Live Nation Entertainment,LYV,2021Q2,2021-06-30,분기별 당기순이익(지배),-195665000,USD,공시,https://www.sec.gov/Archives/edgar/data/1335258/000133525821000105/,,12
Live Nation Entertainment,LYV,2021Q2,2021-06-30,분기별 영업활동현금흐름,1095415000,USD,계산(누적차감),https://www.sec.gov/Archives/edgar/data/1335258/000133525821000105/ ; https://www.sec.gov/Archives/edgar/data/1335258/000133525821000058/,누적 1169989000 − 직전누적 74574000 (시작 2021-01-01),12
Live Nation Entertainment,LYV,2021Q2,2021-06-30,분기말 자산총계,12245656000,USD,공시,https://www.sec.gov/Archives/edgar/data/1335258/000133525821000105/,,12
Live Nation Entertainment,LYV,2021Q2,2021-06-30,분기말 부채총계,12574492000,USD,계산(부채및자본-총자본),https://www.sec.gov/Archives/edgar/data/1335258/000133525821000105/,부채및자본 12245656000 − 총자본 -579603000 − 메자닌 250767000 ; 메자닌(일시자본) 250767000 별도,12
Live Nation Entertainment,LYV,2021Q2,2021-06-30,분기말 총자본(자기자본),-579603000,USD,공시,https://www.sec.gov/Archives/edgar/data/1335258/000133525821000105/,,12
Live Nation Entertainment,LYV,2021Q2,2021-06-30,분기말 지배지분 자본,-912762000,USD,공시,https://www.sec.gov/Archives/edgar/data/1335258/000133525821000105/,,12
Live Nation Entertainment,LYV,2021Q2,2021-06-30,분기말 종가,87.59,USD,API,https://query1.finance.yahoo.com/v8/finance/chart/LYV?interval=1d&events=splits (2021-06-30),,12
Live Nation Entertainment,LYV,2021Q2,2021-07-27,분기말 상장주식수,218990083,주,공시(표지 기준일),https://www.sec.gov/Archives/edgar/data/1335258/000133525821000105/,dei:EntityCommonStockSharesOutstanding 클래스 합,12
Live Nation Entertainment,LYV,2021Q2,2021-06-30,분기말 시가총액,19181341370,USD,계산(종가×주식수),https://query1.finance.yahoo.com/v8/finance/chart/LYV?interval=1d&events=splits (2021-06-30) ; https://www.sec.gov/Archives/edgar/data/1335258/000133525821000105/,종가 87.59 × 주식수 218990083,12
Live Nation Entertainment,LYV,2021Q3,2021-09-30,분기별 매출액,2698722000,USD,공시,https://www.sec.gov/Archives/edgar/data/1335258/000133525821000136/,,12
Live Nation Entertainment,LYV,2021Q3,2021-09-30,분기별 영업이익,137145000,USD,공시,https://www.sec.gov/Archives/edgar/data/1335258/000133525821000136/,,12
Live Nation Entertainment,LYV,2021Q3,2021-09-30,분기별 당기순이익(지배),46878000,USD,공시,https://www.sec.gov/Archives/edgar/data/1335258/000133525821000136/,,12
Live Nation Entertainment,LYV,2021Q3,2021-09-30,분기별 영업활동현금흐름,-145292000,USD,계산(누적차감),https://www.sec.gov/Archives/edgar/data/1335258/000133525821000136/ ; https://www.sec.gov/Archives/edgar/data/1335258/000133525821000105/,누적 1024697000 − 직전누적 1169989000 (시작 2021-01-01),12
Live Nation Entertainment,LYV,2021Q3,2021-09-30,분기말 자산총계,13330744000,USD,공시,https://www.sec.gov/Archives/edgar/data/1335258/000133525821000136/,,12
Live Nation Entertainment,LYV,2021Q3,2021-09-30,분기말 부채총계,13110173000,USD,계산(부채및자본-총자본),https://www.sec.gov/Archives/edgar/data/1335258/000133525821000136/,부채및자본 13330744000 − 총자본 -41776000 − 메자닌 262347000 ; 메자닌(일시자본) 262347000 별도,12
Live Nation Entertainment,LYV,2021Q3,2021-09-30,분기말 총자본(자기자본),-41776000,USD,공시,https://www.sec.gov/Archives/edgar/data/1335258/000133525821000136/,,12
Live Nation Entertainment,LYV,2021Q3,2021-09-30,분기말 지배지분 자본,-404844000,USD,공시,https://www.sec.gov/Archives/edgar/data/1335258/000133525821000136/,,12
Live Nation Entertainment,LYV,2021Q3,2021-09-30,분기말 종가,91.13,USD,API,https://query1.finance.yahoo.com/v8/finance/chart/LYV?interval=1d&events=splits (2021-09-30),,12
Live Nation Entertainment,LYV,2021Q3,2021-10-28,분기말 상장주식수,224659997,주,공시(표지 기준일),https://www.sec.gov/Archives/edgar/data/1335258/000133525821000136/,dei:EntityCommonStockSharesOutstanding 클래스 합,12
Live Nation Entertainment,LYV,2021Q3,2021-09-30,분기말 시가총액,20473265527,USD,계산(종가×주식수),https://query1.finance.yahoo.com/v8/finance/chart/LYV?interval=1d&events=splits (2021-09-30) ; https://www.sec.gov/Archives/edgar/data/1335258/000133525821000136/,종가 91.13 × 주식수 224659997,12
Live Nation Entertainment,LYV,2021Q4,2021-12-31,분기별 매출액,2703170000,USD,계산(연간-3분기누적),https://www.sec.gov/Archives/edgar/data/1335258/000133525822000019/ ; https://www.sec.gov/Archives/edgar/data/1335258/000133525821000136/,연간 6268447000 − 9개월누적 3565277000 (Revenues),12
Live Nation Entertainment,LYV,2021Q4,2021-12-31,분기별 영업이익,-124546000,USD,계산(연간-3분기누적),https://www.sec.gov/Archives/edgar/data/1335258/000133525822000019/ ; https://www.sec.gov/Archives/edgar/data/1335258/000133525821000136/,연간 -417858000 − 9개월누적 -293312000 (OperatingIncomeLoss),12
Live Nation Entertainment,LYV,2021Q4,2021-12-31,분기별 당기순이익(지배),-194924000,USD,계산(연간-3분기누적),https://www.sec.gov/Archives/edgar/data/1335258/000133525822000019/ ; https://www.sec.gov/Archives/edgar/data/1335258/000133525821000136/,연간 -650904000 − 9개월누적 -455980000 (NetIncomeLoss),12
Live Nation Entertainment,LYV,2021Q4,2021-12-31,분기별 영업활동현금흐름,755871000,USD,계산(누적차감),https://www.sec.gov/Archives/edgar/data/1335258/000133525822000019/ ; https://www.sec.gov/Archives/edgar/data/1335258/000133525821000136/,누적 1780568000 − 직전누적 1024697000 (시작 2021-01-01),12
Live Nation Entertainment,LYV,2021Q4,2021-12-31,분기말 자산총계,14402318000,USD,공시,https://www.sec.gov/Archives/edgar/data/1335258/000133525822000019/,,12
Live Nation Entertainment,LYV,2021Q4,2021-12-31,분기말 부채총계,14038851000,USD,계산(부채및자본-총자본),https://www.sec.gov/Archives/edgar/data/1335258/000133525822000019/,부채및자본 14402318000 − 총자본 -188454000 − 메자닌 551921000 ; 메자닌(일시자본) 551921000 별도,12
Live Nation Entertainment,LYV,2021Q4,2021-12-31,분기말 총자본(자기자본),-188454000,USD,공시,https://www.sec.gov/Archives/edgar/data/1335258/000133525822000019/,,12
Live Nation Entertainment,LYV,2021Q4,2021-12-31,분기말 지배지분 자본,-582651000,USD,공시,https://www.sec.gov/Archives/edgar/data/1335258/000133525822000019/,,12
Live Nation Entertainment,LYV,2021Q4,2021-12-31,분기말 종가,119.69,USD,API,https://query1.finance.yahoo.com/v8/finance/chart/LYV?interval=1d&events=splits (2021-12-31),,12
Live Nation Entertainment,LYV,2021Q4,2022-02-16,분기말 상장주식수,224625821,주,공시(표지 기준일),https://www.sec.gov/Archives/edgar/data/1335258/000133525822000019/,dei:EntityCommonStockSharesOutstanding 클래스 합,12
Live Nation Entertainment,LYV,2021Q4,2021-12-31,분기말 시가총액,26885464515,USD,계산(종가×주식수),https://query1.finance.yahoo.com/v8/finance/chart/LYV?interval=1d&events=splits (2021-12-31) ; https://www.sec.gov/Archives/edgar/data/1335258/000133525822000019/,종가 119.69 × 주식수 224625821,12
Live Nation Entertainment,LYV,2022Q1,2022-03-31,분기별 매출액,1802808000,USD,공시,https://www.sec.gov/Archives/edgar/data/1335258/000133525822000068/,,12
Live Nation Entertainment,LYV,2022Q1,2022-03-31,분기별 영업이익,27060000,USD,공시,https://www.sec.gov/Archives/edgar/data/1335258/000133525822000068/,,12
Live Nation Entertainment,LYV,2022Q1,2022-03-31,분기별 당기순이익(지배),-50182000,USD,공시,https://www.sec.gov/Archives/edgar/data/1335258/000133525822000068/,,12
Live Nation Entertainment,LYV,2022Q1,2022-03-31,분기별 영업활동현금흐름,1198300000,USD,공시,https://www.sec.gov/Archives/edgar/data/1335258/000133525822000068/,,12
Live Nation Entertainment,LYV,2022Q1,2022-03-31,분기말 자산총계,16006602000,USD,공시,https://www.sec.gov/Archives/edgar/data/1335258/000133525822000068/,,12
Live Nation Entertainment,LYV,2022Q1,2022-03-31,분기말 부채총계,15570567000,USD,계산(부채및자본-총자본),https://www.sec.gov/Archives/edgar/data/1335258/000133525822000068/,부채및자본 16006602000 − 총자본 -145617000 − 메자닌 581652000 ; 메자닌(일시자본) 581652000 별도,12
Live Nation Entertainment,LYV,2022Q1,2022-03-31,분기말 총자본(자기자본),-145617000,USD,공시,https://www.sec.gov/Archives/edgar/data/1335258/000133525822000068/,,12
Live Nation Entertainment,LYV,2022Q1,2022-03-31,분기말 지배지분 자본,-517817000,USD,공시,https://www.sec.gov/Archives/edgar/data/1335258/000133525822000068/,,12
Live Nation Entertainment,LYV,2022Q1,2022-03-31,분기말 종가,117.64,USD,API,https://query1.finance.yahoo.com/v8/finance/chart/LYV?interval=1d&events=splits (2022-03-31),,12
Live Nation Entertainment,LYV,2022Q1,2022-04-28,분기말 상장주식수,228063872,주,공시(표지 기준일),https://www.sec.gov/Archives/edgar/data/1335258/000133525822000068/,dei:EntityCommonStockSharesOutstanding 클래스 합,12
Live Nation Entertainment,LYV,2022Q1,2022-03-31,분기말 시가총액,26829433902,USD,계산(종가×주식수),https://query1.finance.yahoo.com/v8/finance/chart/LYV?interval=1d&events=splits (2022-03-31) ; https://www.sec.gov/Archives/edgar/data/1335258/000133525822000068/,종가 117.64 × 주식수 228063872,12
Live Nation Entertainment,LYV,2022Q2,2022-06-30,분기별 매출액,4434174000,USD,공시,https://www.sec.gov/Archives/edgar/data/1335258/000133525822000123/,,12
Live Nation Entertainment,LYV,2022Q2,2022-06-30,분기별 영업이익,318699000,USD,공시,https://www.sec.gov/Archives/edgar/data/1335258/000133525822000123/,,12
Live Nation Entertainment,LYV,2022Q2,2022-06-30,분기별 당기순이익(지배),187800000,USD,공시,https://www.sec.gov/Archives/edgar/data/1335258/000133525822000123/,,12
Live Nation Entertainment,LYV,2022Q2,2022-06-30,분기별 영업활동현금흐름,349138000,USD,계산(누적차감),https://www.sec.gov/Archives/edgar/data/1335258/000133525822000123/ ; https://www.sec.gov/Archives/edgar/data/1335258/000133525822000068/,누적 1547438000 − 직전누적 1198300000 (시작 2022-01-01),12
Live Nation Entertainment,LYV,2022Q2,2022-06-30,분기말 자산총계,16421028000,USD,공시,https://www.sec.gov/Archives/edgar/data/1335258/000133525822000123/,,12
Live Nation Entertainment,LYV,2022Q2,2022-06-30,분기말 부채총계,15821006000,USD,계산(부채및자본-총자본),https://www.sec.gov/Archives/edgar/data/1335258/000133525822000123/,부채및자본 16421028000 − 총자본 34998000 − 메자닌 565024000 ; 메자닌(일시자본) 565024000 별도,12
Live Nation Entertainment,LYV,2022Q2,2022-06-30,분기말 총자본(자기자본),34998000,USD,공시,https://www.sec.gov/Archives/edgar/data/1335258/000133525822000123/,,12
Live Nation Entertainment,LYV,2022Q2,2022-06-30,분기말 지배지분 자본,-410164000,USD,공시,https://www.sec.gov/Archives/edgar/data/1335258/000133525822000123/,,12
Live Nation Entertainment,LYV,2022Q2,2022-06-30,분기말 종가,82.58,USD,API,https://query1.finance.yahoo.com/v8/finance/chart/LYV?interval=1d&events=splits (2022-06-30),,12
Live Nation Entertainment,LYV,2022Q2,2022-07-28,분기말 상장주식수,229971823,주,공시(표지 기준일),https://www.sec.gov/Archives/edgar/data/1335258/000133525822000123/,dei:EntityCommonStockSharesOutstanding 클래스 합,12
Live Nation Entertainment,LYV,2022Q2,2022-06-30,분기말 시가총액,18991073143,USD,계산(종가×주식수),https://query1.finance.yahoo.com/v8/finance/chart/LYV?interval=1d&events=splits (2022-06-30) ; https://www.sec.gov/Archives/edgar/data/1335258/000133525822000123/,종가 82.58 × 주식수 229971823,12
Live Nation Entertainment,LYV,2022Q3,2022-09-30,분기별 매출액,6153535000,USD,공시,https://www.sec.gov/Archives/edgar/data/1335258/000133525822000144/,,12
Live Nation Entertainment,LYV,2022Q3,2022-09-30,분기별 영업이익,506249000,USD,공시,https://www.sec.gov/Archives/edgar/data/1335258/000133525822000144/,,12
Live Nation Entertainment,LYV,2022Q3,2022-09-30,분기별 당기순이익(지배),361402000,USD,공시,https://www.sec.gov/Archives/edgar/data/1335258/000133525822000144/,,12
Live Nation Entertainment,LYV,2022Q3,2022-09-30,분기별 영업활동현금흐름,-619081000,USD,계산(누적차감),https://www.sec.gov/Archives/edgar/data/1335258/000133525822000144/ ; https://www.sec.gov/Archives/edgar/data/1335258/000133525822000123/,누적 928357000 − 직전누적 1547438000 (시작 2022-01-01),12
Live Nation Entertainment,LYV,2022Q3,2022-09-30,분기말 자산총계,15787014000,USD,공시,https://www.sec.gov/Archives/edgar/data/1335258/000133525822000144/,,12
Live Nation Entertainment,LYV,2022Q3,2022-09-30,분기말 부채총계,14789477000,USD,계산(부채및자본-총자본),https://www.sec.gov/Archives/edgar/data/1335258/000133525822000144/,부채및자본 15787014000 − 총자본 398556000 − 메자닌 598981000 ; 메자닌(일시자본) 598981000 별도,12
Live Nation Entertainment,LYV,2022Q3,2022-09-30,분기말 총자본(자기자본),398556000,USD,공시,https://www.sec.gov/Archives/edgar/data/1335258/000133525822000144/,,12
Live Nation Entertainment,LYV,2022Q3,2022-09-30,분기말 지배지분 자본,-74560000,USD,공시,https://www.sec.gov/Archives/edgar/data/1335258/000133525822000144/,,12
Live Nation Entertainment,LYV,2022Q3,2022-09-30,분기말 종가,76.04,USD,API,https://query1.finance.yahoo.com/v8/finance/chart/LYV?interval=1d&events=splits (2022-09-30),,12
Live Nation Entertainment,LYV,2022Q3,2022-10-27,분기말 상장주식수,230879879,주,공시(표지 기준일),https://www.sec.gov/Archives/edgar/data/1335258/000133525822000144/,dei:EntityCommonStockSharesOutstanding 클래스 합,12
Live Nation Entertainment,LYV,2022Q3,2022-09-30,분기말 시가총액,17556105999,USD,계산(종가×주식수),https://query1.finance.yahoo.com/v8/finance/chart/LYV?interval=1d&events=splits (2022-09-30) ; https://www.sec.gov/Archives/edgar/data/1335258/000133525822000144/,종가 76.04 × 주식수 230879879,12
Live Nation Entertainment,LYV,2022Q4,2022-12-31,분기별 매출액,4290737000,USD,계산(연간-3분기누적),https://www.sec.gov/Archives/edgar/data/1335258/000133525823000014/ ; https://www.sec.gov/Archives/edgar/data/1335258/000133525822000144/,연간 16681254000 − 9개월누적 12390517000 (Revenues),12
Live Nation Entertainment,LYV,2022Q4,2022-12-31,분기별 영업이익,-129977000,USD,계산(연간-3분기누적)(재작성 반영),https://www.sec.gov/Archives/edgar/data/1335258/000133525825000028/ ; https://www.sec.gov/Archives/edgar/data/1335258/000133525822000144/,연간 722031000 − 9개월누적 852008000 (OperatingIncomeLoss) ; 원 공시 -119890000 (https://www.sec.gov/Archives/edgar/data/1335258/000133525823000014/ ; https://www.sec.gov/Archives/edgar/data/1335258/000133525822000144/),12
Live Nation Entertainment,LYV,2022Q4,2022-12-31,분기별 당기순이익(지배),-232580000,USD,계산(연간-3분기누적)(재작성 반영),https://www.sec.gov/Archives/edgar/data/1335258/000133525825000028/ ; https://www.sec.gov/Archives/edgar/data/1335258/000133525822000144/,연간 266440000 − 9개월누적 499020000 (NetIncomeLoss) ; 원 공시 -203034000 (https://www.sec.gov/Archives/edgar/data/1335258/000133525823000014/ ; https://www.sec.gov/Archives/edgar/data/1335258/000133525822000144/),12
Live Nation Entertainment,LYV,2022Q4,2022-12-31,분기별 영업활동현금흐름,906690000,USD,계산(누적차감)(재작성 반영),https://www.sec.gov/Archives/edgar/data/1335258/000133525825000028/ ; https://www.sec.gov/Archives/edgar/data/1335258/000133525822000144/,누적 1835047000 − 직전누적 928357000 (시작 2022-01-01) ; 원 공시 903706000 (https://www.sec.gov/Archives/edgar/data/1335258/000133525823000014/ ; https://www.sec.gov/Archives/edgar/data/1335258/000133525822000144/),12
Live Nation Entertainment,LYV,2022Q4,2022-12-31,분기말 자산총계,16460841000,USD,공시,https://www.sec.gov/Archives/edgar/data/1335258/000133525823000014/,,12
Live Nation Entertainment,LYV,2022Q4,2022-12-31,분기말 부채총계,15697278000,USD,계산(부채및자본-총자본),https://www.sec.gov/Archives/edgar/data/1335258/000133525823000014/,부채및자본 16460841000 − 총자본 93797000 − 메자닌 669766000 ; 메자닌(일시자본) 669766000 별도,12
Live Nation Entertainment,LYV,2022Q4,2022-12-31,분기말 총자본(자기자본),93797000,USD,공시,https://www.sec.gov/Archives/edgar/data/1335258/000133525823000014/,,12
Live Nation Entertainment,LYV,2022Q4,2022-12-31,분기말 지배지분 자본,-367569000,USD,공시,https://www.sec.gov/Archives/edgar/data/1335258/000133525823000014/,,12
Live Nation Entertainment,LYV,2022Q4,2022-12-30,분기말 종가,69.74,USD,API,https://query1.finance.yahoo.com/v8/finance/chart/LYV?interval=1d&events=splits (2022-12-30),,12
Live Nation Entertainment,LYV,2022Q4,2023-02-16,분기말 상장주식수,231591254,주,공시(표지 기준일),https://www.sec.gov/Archives/edgar/data/1335258/000133525823000014/,dei:EntityCommonStockSharesOutstanding 클래스 합,12
Live Nation Entertainment,LYV,2022Q4,2022-12-30,분기말 시가총액,16151174054,USD,계산(종가×주식수),https://query1.finance.yahoo.com/v8/finance/chart/LYV?interval=1d&events=splits (2022-12-30) ; https://www.sec.gov/Archives/edgar/data/1335258/000133525823000014/,종가 69.74 × 주식수 231591254,12
Live Nation Entertainment,LYV,2023Q1,2023-03-31,분기별 매출액,3124559000,USD,공시(재작성 반영),https://www.sec.gov/Archives/edgar/data/1335258/000133525825000028/,원 공시 3127390000 (https://www.sec.gov/Archives/edgar/data/1335258/000133525823000055/),12
Live Nation Entertainment,LYV,2023Q1,2023-03-31,분기별 영업이익,131152000,USD,공시(재작성 반영),https://www.sec.gov/Archives/edgar/data/1335258/000133525825000028/,원 공시 142776000 (https://www.sec.gov/Archives/edgar/data/1335258/000133525823000055/),12
Live Nation Entertainment,LYV,2023Q1,2023-03-31,분기별 당기순이익(지배),-1673000,USD,공시(재작성 반영),https://www.sec.gov/Archives/edgar/data/1335258/000133525825000028/,원 공시 -3169000 (https://www.sec.gov/Archives/edgar/data/1335258/000133525823000055/),12
Live Nation Entertainment,LYV,2023Q1,2023-03-31,분기별 영업활동현금흐름,1155848000,USD,공시,https://www.sec.gov/Archives/edgar/data/1335258/000133525823000055/,,12
Live Nation Entertainment,LYV,2023Q1,2023-03-31,분기말 자산총계,18869591000,USD,공시,https://www.sec.gov/Archives/edgar/data/1335258/000133525823000055/,,12
Live Nation Entertainment,LYV,2023Q1,2023-03-31,분기말 부채총계,18080095000,USD,계산(부채및자본-총자본),https://www.sec.gov/Archives/edgar/data/1335258/000133525823000055/,부채및자본 18869591000 − 총자본 79146000 − 메자닌 710350000 ; 메자닌(일시자본) 710350000 별도,12
Live Nation Entertainment,LYV,2023Q1,2023-03-31,분기말 총자본(자기자본),79146000,USD,공시,https://www.sec.gov/Archives/edgar/data/1335258/000133525823000055/,,12
Live Nation Entertainment,LYV,2023Q1,2023-03-31,분기말 지배지분 자본,-460846000,USD,공시,https://www.sec.gov/Archives/edgar/data/1335258/000133525823000055/,,12
Live Nation Entertainment,LYV,2023Q1,2023-03-31,분기말 종가,70.0,USD,API,https://query1.finance.yahoo.com/v8/finance/chart/LYV?interval=1d&events=splits (2023-03-31),,12
Live Nation Entertainment,LYV,2023Q1,2023-04-27,분기말 상장주식수,229891197,주,공시(표지 기준일),https://www.sec.gov/Archives/edgar/data/1335258/000133525823000055/,dei:EntityCommonStockSharesOutstanding 클래스 합,12
Live Nation Entertainment,LYV,2023Q1,2023-03-31,분기말 시가총액,16092383790,USD,계산(종가×주식수),https://query1.finance.yahoo.com/v8/finance/chart/LYV?interval=1d&events=splits (2023-03-31) ; https://www.sec.gov/Archives/edgar/data/1335258/000133525823000055/,종가 70.0 × 주식수 229891197,12
Live Nation Entertainment,LYV,2023Q2,2023-06-30,분기별 매출액,5628514000,USD,공시(재작성 반영),https://www.sec.gov/Archives/edgar/data/1335258/000133525825000028/,원 공시 5630723000 (https://www.sec.gov/Archives/edgar/data/1335258/000133525823000085/),12
Live Nation Entertainment,LYV,2023Q2,2023-06-30,분기별 영업이익,381599000,USD,공시(재작성 반영),https://www.sec.gov/Archives/edgar/data/1335258/000133525825000028/,원 공시 386371000 (https://www.sec.gov/Archives/edgar/data/1335258/000133525823000085/),12
Live Nation Entertainment,LYV,2023Q2,2023-06-30,분기별 당기순이익(지배),270020000,USD,공시(재작성 반영),https://www.sec.gov/Archives/edgar/data/1335258/000133525825000028/,원 공시 293682000 (https://www.sec.gov/Archives/edgar/data/1335258/000133525823000085/),12
Live Nation Entertainment,LYV,2023Q2,2023-06-30,분기별 영업활동현금흐름,491001000,USD,계산(누적차감),https://www.sec.gov/Archives/edgar/data/1335258/000133525823000085/ ; https://www.sec.gov/Archives/edgar/data/1335258/000133525823000055/,누적 1646849000 − 직전누적 1155848000 (시작 2023-01-01),12
Live Nation Entertainment,LYV,2023Q2,2023-06-30,분기말 자산총계,19925090000,USD,공시,https://www.sec.gov/Archives/edgar/data/1335258/000133525823000085/,,12
Live Nation Entertainment,LYV,2023Q2,2023-06-30,분기말 부채총계,18800142000,USD,계산(부채및자본-총자본),https://www.sec.gov/Archives/edgar/data/1335258/000133525823000085/,부채및자본 19925090000 − 총자본 371429000 − 메자닌 753519000 ; 메자닌(일시자본) 753519000 별도,12
Live Nation Entertainment,LYV,2023Q2,2023-06-30,분기말 총자본(자기자본),371429000,USD,공시,https://www.sec.gov/Archives/edgar/data/1335258/000133525823000085/,,12
Live Nation Entertainment,LYV,2023Q2,2023-06-30,분기말 지배지분 자본,-187377000,USD,공시,https://www.sec.gov/Archives/edgar/data/1335258/000133525823000085/,,12
Live Nation Entertainment,LYV,2023Q2,2023-06-30,분기말 종가,91.11,USD,API,https://query1.finance.yahoo.com/v8/finance/chart/LYV?interval=1d&events=splits (2023-06-30),,12
Live Nation Entertainment,LYV,2023Q2,2023-07-21,분기말 상장주식수,230151239,주,공시(표지 기준일),https://www.sec.gov/Archives/edgar/data/1335258/000133525823000085/,dei:EntityCommonStockSharesOutstanding 클래스 합,12
Live Nation Entertainment,LYV,2023Q2,2023-06-30,분기말 시가총액,20969079385,USD,계산(종가×주식수),https://query1.finance.yahoo.com/v8/finance/chart/LYV?interval=1d&events=splits (2023-06-30) ; https://www.sec.gov/Archives/edgar/data/1335258/000133525823000085/,종가 91.11 × 주식수 230151239,12
Live Nation Entertainment,LYV,2023Q3,2023-09-30,분기별 매출액,8154563000,USD,공시(재작성 반영),https://www.sec.gov/Archives/edgar/data/1335258/000133525824000156/,원 공시 8152019000 (https://www.sec.gov/Archives/edgar/data/1335258/000133525823000102/),12
Live Nation Entertainment,LYV,2023Q3,2023-09-30,분기별 영업이익,653658000,USD,공시(재작성 반영),https://www.sec.gov/Archives/edgar/data/1335258/000133525824000156/,원 공시 618532000 (https://www.sec.gov/Archives/edgar/data/1335258/000133525823000102/),12
Live Nation Entertainment,LYV,2023Q3,2023-09-30,분기별 당기순이익(지배),521480000,USD,공시(재작성 반영),https://www.sec.gov/Archives/edgar/data/1335258/000133525824000156/,원 공시 483495000 (https://www.sec.gov/Archives/edgar/data/1335258/000133525823000102/),12
Live Nation Entertainment,LYV,2023Q3,2023-09-30,분기별 영업활동현금흐름,-892228000,USD,계산(누적차감)(재작성 반영),https://www.sec.gov/Archives/edgar/data/1335258/000133525824000156/ ; https://www.sec.gov/Archives/edgar/data/1335258/000133525823000085/,누적 754621000 − 직전누적 1646849000 (시작 2023-01-01) ; 원 공시 -884408000 (https://www.sec.gov/Archives/edgar/data/1335258/000133525823000102/ ; https://www.sec.gov/Archives/edgar/data/1335258/000133525823000085/),12
Live Nation Entertainment,LYV,2023Q3,2023-09-30,분기말 자산총계,19140573000,USD,공시,https://www.sec.gov/Archives/edgar/data/1335258/000133525823000102/,,12
Live Nation Entertainment,LYV,2023Q3,2023-09-30,분기말 부채총계,17439836000,USD,계산(부채및자본-총자본),https://www.sec.gov/Archives/edgar/data/1335258/000133525823000102/,부채및자본 19140573000 − 총자본 864969000 − 메자닌 835768000 ; 메자닌(일시자본) 835768000 별도,12
Live Nation Entertainment,LYV,2023Q3,2023-09-30,분기말 총자본(자기자본),864969000,USD,공시,https://www.sec.gov/Archives/edgar/data/1335258/000133525823000102/,,12
Live Nation Entertainment,LYV,2023Q3,2023-09-30,분기말 지배지분 자본,221751000,USD,공시,https://www.sec.gov/Archives/edgar/data/1335258/000133525823000102/,,12
Live Nation Entertainment,LYV,2023Q3,2023-09-29,분기말 종가,83.04,USD,API,https://query1.finance.yahoo.com/v8/finance/chart/LYV?interval=1d&events=splits (2023-09-29),,12
Live Nation Entertainment,LYV,2023Q3,2023-10-26,분기말 상장주식수,230325360,주,공시(표지 기준일),https://www.sec.gov/Archives/edgar/data/1335258/000133525823000102/,dei:EntityCommonStockSharesOutstanding 클래스 합,12
Live Nation Entertainment,LYV,2023Q3,2023-09-29,분기말 시가총액,19126217894,USD,계산(종가×주식수),https://query1.finance.yahoo.com/v8/finance/chart/LYV?interval=1d&events=splits (2023-09-29) ; https://www.sec.gov/Archives/edgar/data/1335258/000133525823000102/,종가 83.04 × 주식수 230325360,12
Live Nation Entertainment,LYV,2023Q4,2023-12-31,분기별 매출액,5818681000,USD,계산(연간-3분기누적)(재작성 반영),https://www.sec.gov/Archives/edgar/data/1335258/000133525826000009/ ; https://www.sec.gov/Archives/edgar/data/1335258/000133525824000156/,연간 22726317000 − 9개월누적 16907636000 (Revenues) ; 원 공시 5838941000 (https://www.sec.gov/Archives/edgar/data/1335258/000133525824000017/ ; https://www.sec.gov/Archives/edgar/data/1335258/000133525823000102/),12
Live Nation Entertainment,LYV,2023Q4,2023-12-31,분기별 영업이익,-81476000,USD,계산(연간-3분기누적),https://www.sec.gov/Archives/edgar/data/1335258/000133525824000017/ ; https://www.sec.gov/Archives/edgar/data/1335258/000133525823000102/,연간 1066203000 − 9개월누적 1147679000 (OperatingIncomeLoss),12
Live Nation Entertainment,LYV,2023Q4,2023-12-31,분기별 당기순이익(지배),-232934000,USD,계산(연간-3분기누적)(재작성 반영),https://www.sec.gov/Archives/edgar/data/1335258/000133525826000009/ ; https://www.sec.gov/Archives/edgar/data/1335258/000133525824000156/,연간 556893000 − 9개월누적 789827000 (NetIncomeLoss) ; 원 공시 -210728000 (https://www.sec.gov/Archives/edgar/data/1335258/000133525824000017/ ; https://www.sec.gov/Archives/edgar/data/1335258/000133525823000102/),12
Live Nation Entertainment,LYV,2023Q4,2023-12-31,분기별 영업활동현금흐름,608353000,USD,계산(누적차감),https://www.sec.gov/Archives/edgar/data/1335258/000133525824000017/ ; https://www.sec.gov/Archives/edgar/data/1335258/000133525823000102/,누적 1370794000 − 직전누적 762441000 (시작 2023-01-01),12
Live Nation Entertainment,LYV,2023Q4,2023-12-31,분기말 자산총계,19029640000,USD,공시(재작성 반영),https://www.sec.gov/Archives/edgar/data/1335258/000133525825000028/,원 공시 19074045000 (https://www.sec.gov/Archives/edgar/data/1335258/000133525824000017/),12
Live Nation Entertainment,LYV,2023Q4,2023-12-31,분기말 부채총계,17617710000,USD,계산(부채및자본-총자본)(재작성 반영),https://www.sec.gov/Archives/edgar/data/1335258/000133525825000028/,부채및자본 19029640000 − 총자본 552000000 − 메자닌 859930000 ; 메자닌(일시자본) 859930000 별도 ; 원 공시 17593179000 (https://www.sec.gov/Archives/edgar/data/1335258/000133525824000017/),12
Live Nation Entertainment,LYV,2023Q4,2023-12-31,분기말 총자본(자기자본),552000000,USD,공시(재작성 반영),https://www.sec.gov/Archives/edgar/data/1335258/000133525826000009/,원 공시 587157000 (https://www.sec.gov/Archives/edgar/data/1335258/000133525824000017/),12
Live Nation Entertainment,LYV,2023Q4,2023-12-31,분기말 지배지분 자본,-52305000,USD,공시(재작성 반영),https://www.sec.gov/Archives/edgar/data/1335258/000133525825000028/,원 공시 -17148000 (https://www.sec.gov/Archives/edgar/data/1335258/000133525824000017/),12
Live Nation Entertainment,LYV,2023Q4,2023-12-29,분기말 종가,93.6,USD,API,https://query1.finance.yahoo.com/v8/finance/chart/LYV?interval=1d&events=splits (2023-12-29),,12
Live Nation Entertainment,LYV,2023Q4,2024-02-15,분기말 상장주식수,230797704,주,공시(표지 기준일),https://www.sec.gov/Archives/edgar/data/1335258/000133525824000017/,dei:EntityCommonStockSharesOutstanding 클래스 합,12
Live Nation Entertainment,LYV,2023Q4,2023-12-29,분기말 시가총액,21602665094,USD,계산(종가×주식수),https://query1.finance.yahoo.com/v8/finance/chart/LYV?interval=1d&events=splits (2023-12-29) ; https://www.sec.gov/Archives/edgar/data/1335258/000133525824000017/,종가 93.6 × 주식수 230797704,12
Live Nation Entertainment,LYV,2024Q1,2024-03-31,분기별 매출액,3799529000,USD,공시,https://www.sec.gov/Archives/edgar/data/1335258/000133525824000071/,,12
Live Nation Entertainment,LYV,2024Q1,2024-03-31,분기별 영업이익,-41390000,USD,공시(재작성 반영),https://www.sec.gov/Archives/edgar/data/1335258/000133525825000055/,원 공시 -36507000 (https://www.sec.gov/Archives/edgar/data/1335258/000133525824000071/),12
Live Nation Entertainment,LYV,2024Q1,2024-03-31,분기별 당기순이익(지배),-54475000,USD,공시(재작성 반영),https://www.sec.gov/Archives/edgar/data/1335258/000133525825000055/,원 공시 -46733000 (https://www.sec.gov/Archives/edgar/data/1335258/000133525824000071/),12
Live Nation Entertainment,LYV,2024Q1,2024-03-31,분기별 영업활동현금흐름,988870000,USD,공시,https://www.sec.gov/Archives/edgar/data/1335258/000133525824000071/,,12
Live Nation Entertainment,LYV,2024Q1,2024-03-31,분기말 자산총계,20030189000,USD,공시,https://www.sec.gov/Archives/edgar/data/1335258/000133525824000071/,,12
Live Nation Entertainment,LYV,2024Q1,2024-03-31,분기말 부채총계,18577452000,USD,계산(부채및자본-총자본),https://www.sec.gov/Archives/edgar/data/1335258/000133525824000071/,부채및자본 20030189000 − 총자본 469187000 − 메자닌 983550000 ; 메자닌(일시자본) 983550000 별도,12
Live Nation Entertainment,LYV,2024Q1,2024-03-31,분기말 총자본(자기자본),469187000,USD,공시,https://www.sec.gov/Archives/edgar/data/1335258/000133525824000071/,,12
Live Nation Entertainment,LYV,2024Q1,2024-03-31,분기말 지배지분 자본,-114832000,USD,공시,https://www.sec.gov/Archives/edgar/data/1335258/000133525824000071/,,12
Live Nation Entertainment,LYV,2024Q1,2024-03-28,분기말 종가,105.77,USD,API,https://query1.finance.yahoo.com/v8/finance/chart/LYV?interval=1d&events=splits (2024-03-28),,12
Live Nation Entertainment,LYV,2024Q1,2024-04-25,분기말 상장주식수,231442568,주,공시(표지 기준일),https://www.sec.gov/Archives/edgar/data/1335258/000133525824000071/,dei:EntityCommonStockSharesOutstanding 클래스 합,12
Live Nation Entertainment,LYV,2024Q1,2024-03-28,분기말 시가총액,24479680417,USD,계산(종가×주식수),https://query1.finance.yahoo.com/v8/finance/chart/LYV?interval=1d&events=splits (2024-03-28) ; https://www.sec.gov/Archives/edgar/data/1335258/000133525824000071/,종가 105.77 × 주식수 231442568,12
Live Nation Entertainment,LYV,2024Q2,2024-06-30,분기별 매출액,6023416000,USD,공시,https://www.sec.gov/Archives/edgar/data/1335258/000133525824000125/,,12
Live Nation Entertainment,LYV,2024Q2,2024-06-30,분기별 영업이익,465819000,USD,공시,https://www.sec.gov/Archives/edgar/data/1335258/000133525824000125/,,12
Live Nation Entertainment,LYV,2024Q2,2024-06-30,분기별 당기순이익(지배),297970000,USD,공시,https://www.sec.gov/Archives/edgar/data/1335258/000133525824000125/,,12
Live Nation Entertainment,LYV,2024Q2,2024-06-30,분기별 영업활동현금흐름,412084000,USD,계산(누적차감),https://www.sec.gov/Archives/edgar/data/1335258/000133525824000125/ ; https://www.sec.gov/Archives/edgar/data/1335258/000133525824000071/,누적 1400954000 − 직전누적 988870000 (시작 2024-01-01),12
Live Nation Entertainment,LYV,2024Q2,2024-06-30,분기말 자산총계,20453984000,USD,공시,https://www.sec.gov/Archives/edgar/data/1335258/000133525824000125/,,12
Live Nation Entertainment,LYV,2024Q2,2024-06-30,분기말 부채총계,18895912000,USD,계산(부채및자본-총자본),https://www.sec.gov/Archives/edgar/data/1335258/000133525824000125/,부채및자본 20453984000 − 총자본 550973000 − 메자닌 1007099000 ; 메자닌(일시자본) 1007099000 별도,12
Live Nation Entertainment,LYV,2024Q2,2024-06-30,분기말 총자본(자기자본),550973000,USD,공시,https://www.sec.gov/Archives/edgar/data/1335258/000133525824000125/,,12
Live Nation Entertainment,LYV,2024Q2,2024-06-30,분기말 지배지분 자본,-43267000,USD,공시,https://www.sec.gov/Archives/edgar/data/1335258/000133525824000125/,,12
Live Nation Entertainment,LYV,2024Q2,2024-06-28,분기말 종가,93.74,USD,API,https://query1.finance.yahoo.com/v8/finance/chart/LYV?interval=1d&events=splits (2024-06-28),,12
Live Nation Entertainment,LYV,2024Q2,2024-07-23,분기말 상장주식수,232113741,주,공시(표지 기준일),https://www.sec.gov/Archives/edgar/data/1335258/000133525824000125/,dei:EntityCommonStockSharesOutstanding 클래스 합,12
Live Nation Entertainment,LYV,2024Q2,2024-06-28,분기말 시가총액,21758342081,USD,계산(종가×주식수),https://query1.finance.yahoo.com/v8/finance/chart/LYV?interval=1d&events=splits (2024-06-28) ; https://www.sec.gov/Archives/edgar/data/1335258/000133525824000125/,종가 93.74 × 주식수 232113741,12
Live Nation Entertainment,LYV,2024Q3,2024-09-30,분기별 매출액,7651087000,USD,공시,https://www.sec.gov/Archives/edgar/data/1335258/000133525824000156/,,12
Live Nation Entertainment,LYV,2024Q3,2024-09-30,분기별 영업이익,639525000,USD,공시,https://www.sec.gov/Archives/edgar/data/1335258/000133525824000156/,,12
Live Nation Entertainment,LYV,2024Q3,2024-09-30,분기별 당기순이익(지배),451805000,USD,공시,https://www.sec.gov/Archives/edgar/data/1335258/000133525824000156/,,12
Live Nation Entertainment,LYV,2024Q3,2024-09-30,분기별 영업활동현금흐름,-720902000,USD,계산(누적차감),https://www.sec.gov/Archives/edgar/data/1335258/000133525824000156/ ; https://www.sec.gov/Archives/edgar/data/1335258/000133525824000125/,누적 680052000 − 직전누적 1400954000 (시작 2024-01-01),12
Live Nation Entertainment,LYV,2024Q3,2024-09-30,분기말 자산총계,19747070000,USD,공시,https://www.sec.gov/Archives/edgar/data/1335258/000133525824000156/,,12
Live Nation Entertainment,LYV,2024Q3,2024-09-30,분기말 부채총계,17793420000,USD,계산(부채및자본-총자본),https://www.sec.gov/Archives/edgar/data/1335258/000133525824000156/,부채및자본 19747070000 − 총자본 929743000 − 메자닌 1023907000 ; 메자닌(일시자본) 1023907000 별도,12
Live Nation Entertainment,LYV,2024Q3,2024-09-30,분기말 총자본(자기자본),929743000,USD,공시,https://www.sec.gov/Archives/edgar/data/1335258/000133525824000156/,,12
Live Nation Entertainment,LYV,2024Q3,2024-09-30,분기말 지배지분 자본,287966000,USD,공시,https://www.sec.gov/Archives/edgar/data/1335258/000133525824000156/,,12
Live Nation Entertainment,LYV,2024Q3,2024-09-30,분기말 종가,109.49,USD,API,https://query1.finance.yahoo.com/v8/finance/chart/LYV?interval=1d&events=splits (2024-09-30),,12
Live Nation Entertainment,LYV,2024Q3,2024-11-05,분기말 상장주식수,232353685,주,공시(표지 기준일),https://www.sec.gov/Archives/edgar/data/1335258/000133525824000156/,dei:EntityCommonStockSharesOutstanding 클래스 합,12
Live Nation Entertainment,LYV,2024Q3,2024-09-30,분기말 시가총액,25440404971,USD,계산(종가×주식수),https://query1.finance.yahoo.com/v8/finance/chart/LYV?interval=1d&events=splits (2024-09-30) ; https://www.sec.gov/Archives/edgar/data/1335258/000133525824000156/,종가 109.49 × 주식수 232353685,12
Live Nation Entertainment,LYV,2024Q4,2024-12-31,분기별 매출액,5681593000,USD,계산(연간-3분기누적),https://www.sec.gov/Archives/edgar/data/1335258/000133525825000028/ ; https://www.sec.gov/Archives/edgar/data/1335258/000133525824000156/,연간 23155625000 − 9개월누적 17474032000 (Revenues),12
Live Nation Entertainment,LYV,2024Q4,2024-12-31,분기별 영업이익,-239444000,USD,계산(연간-3분기누적),https://www.sec.gov/Archives/edgar/data/1335258/000133525825000028/ ; https://www.sec.gov/Archives/edgar/data/1335258/000133525824000156/,연간 824510000 − 9개월누적 1063954000 (OperatingIncomeLoss),12
Live Nation Entertainment,LYV,2024Q4,2024-12-31,분기별 당기순이익(지배),200987000,USD,계산(연간-3분기누적),https://www.sec.gov/Archives/edgar/data/1335258/000133525825000028/ ; https://www.sec.gov/Archives/edgar/data/1335258/000133525824000156/,연간 896287000 − 9개월누적 695300000 (NetIncomeLoss),12
Live Nation Entertainment,LYV,2024Q4,2024-12-31,분기별 영업활동현금흐름,1045123000,USD,계산(누적차감),https://www.sec.gov/Archives/edgar/data/1335258/000133525825000028/ ; https://www.sec.gov/Archives/edgar/data/1335258/000133525824000156/,누적 1725175000 − 직전누적 680052000 (시작 2024-01-01),12
Live Nation Entertainment,LYV,2024Q4,2024-12-31,분기말 자산총계,19638771000,USD,공시,https://www.sec.gov/Archives/edgar/data/1335258/000133525825000028/,,12
Live Nation Entertainment,LYV,2024Q4,2024-12-31,분기말 부채총계,17693476000,USD,계산(부채및자본-총자본),https://www.sec.gov/Archives/edgar/data/1335258/000133525825000028/,부채및자본 19638771000 − 총자본 818993000 − 메자닌 1126302000 ; 메자닌(일시자본) 1126302000 별도,12
Live Nation Entertainment,LYV,2024Q4,2024-12-31,분기말 총자본(자기자본),818993000,USD,공시,https://www.sec.gov/Archives/edgar/data/1335258/000133525825000028/,,12
Live Nation Entertainment,LYV,2024Q4,2024-12-31,분기말 지배지분 자본,173263000,USD,공시,https://www.sec.gov/Archives/edgar/data/1335258/000133525825000028/,,12
Live Nation Entertainment,LYV,2024Q4,2024-12-31,분기말 종가,129.5,USD,API,https://query1.finance.yahoo.com/v8/finance/chart/LYV?interval=1d&events=splits (2024-12-31),,12
Live Nation Entertainment,LYV,2024Q4,2025-02-13,분기말 상장주식수,233401156,주,공시(표지 기준일),https://www.sec.gov/Archives/edgar/data/1335258/000133525825000028/,dei:EntityCommonStockSharesOutstanding 클래스 합,12
Live Nation Entertainment,LYV,2024Q4,2024-12-31,분기말 시가총액,30225449702,USD,계산(종가×주식수),https://query1.finance.yahoo.com/v8/finance/chart/LYV?interval=1d&events=splits (2024-12-31) ; https://www.sec.gov/Archives/edgar/data/1335258/000133525825000028/,종가 129.5 × 주식수 233401156,12
Live Nation Entertainment,LYV,2025Q1,2025-03-31,분기별 매출액,3382117000,USD,공시,https://www.sec.gov/Archives/edgar/data/1335258/000133525825000055/,,12
Live Nation Entertainment,LYV,2025Q1,2025-03-31,분기별 영업이익,114769000,USD,공시,https://www.sec.gov/Archives/edgar/data/1335258/000133525825000055/,,12
Live Nation Entertainment,LYV,2025Q1,2025-03-31,분기별 당기순이익(지배),23203000,USD,공시,https://www.sec.gov/Archives/edgar/data/1335258/000133525825000055/,,12
Live Nation Entertainment,LYV,2025Q1,2025-03-31,분기별 영업활동현금흐름,1321251000,USD,공시,https://www.sec.gov/Archives/edgar/data/1335258/000133525825000055/,,12
Live Nation Entertainment,LYV,2025Q1,2025-03-31,분기말 자산총계,21827118000,USD,공시,https://www.sec.gov/Archives/edgar/data/1335258/000133525825000055/,,12
Live Nation Entertainment,LYV,2025Q1,2025-03-31,분기말 부채총계,19717758000,USD,계산(부채및자본-총자본),https://www.sec.gov/Archives/edgar/data/1335258/000133525825000055/,부채및자본 21827118000 − 총자본 797805000 − 메자닌 1311555000 ; 메자닌(일시자본) 1311555000 별도,12
Live Nation Entertainment,LYV,2025Q1,2025-03-31,분기말 총자본(자기자본),797805000,USD,공시,https://www.sec.gov/Archives/edgar/data/1335258/000133525825000055/,,12
Live Nation Entertainment,LYV,2025Q1,2025-03-31,분기말 지배지분 자본,105995000,USD,공시,https://www.sec.gov/Archives/edgar/data/1335258/000133525825000055/,,12
Live Nation Entertainment,LYV,2025Q1,2025-03-31,분기말 종가,130.58,USD,API,https://query1.finance.yahoo.com/v8/finance/chart/LYV?interval=1d&events=splits (2025-03-31),,12
Live Nation Entertainment,LYV,2025Q1,2025-04-24,분기말 상장주식수,234089506,주,공시(표지 기준일),https://www.sec.gov/Archives/edgar/data/1335258/000133525825000055/,dei:EntityCommonStockSharesOutstanding 클래스 합,12
Live Nation Entertainment,LYV,2025Q1,2025-03-31,분기말 시가총액,30567407693,USD,계산(종가×주식수),https://query1.finance.yahoo.com/v8/finance/chart/LYV?interval=1d&events=splits (2025-03-31) ; https://www.sec.gov/Archives/edgar/data/1335258/000133525825000055/,종가 130.58 × 주식수 234089506,12
Live Nation Entertainment,LYV,2025Q2,2025-06-30,분기별 매출액,7006641000,USD,공시,https://www.sec.gov/Archives/edgar/data/1335258/000133525825000129/,,12
Live Nation Entertainment,LYV,2025Q2,2025-06-30,분기별 영업이익,486653000,USD,공시,https://www.sec.gov/Archives/edgar/data/1335258/000133525825000129/,,12
Live Nation Entertainment,LYV,2025Q2,2025-06-30,분기별 당기순이익(지배),243411000,USD,공시,https://www.sec.gov/Archives/edgar/data/1335258/000133525825000129/,,12
Live Nation Entertainment,LYV,2025Q2,2025-06-30,분기별 영업활동현금흐름,223471000,USD,계산(누적차감),https://www.sec.gov/Archives/edgar/data/1335258/000133525825000129/ ; https://www.sec.gov/Archives/edgar/data/1335258/000133525825000055/,누적 1544722000 − 직전누적 1321251000 (시작 2025-01-01),12
Live Nation Entertainment,LYV,2025Q2,2025-06-30,분기말 자산총계,23150333000,USD,공시,https://www.sec.gov/Archives/edgar/data/1335258/000133525825000129/,,12
Live Nation Entertainment,LYV,2025Q2,2025-06-30,분기말 부채총계,20844751000,USD,계산(부채및자본-총자본),https://www.sec.gov/Archives/edgar/data/1335258/000133525825000129/,부채및자본 23150333000 − 총자본 927917000 − 메자닌 1377665000 ; 메자닌(일시자본) 1377665000 별도,12
Live Nation Entertainment,LYV,2025Q2,2025-06-30,분기말 총자본(자기자본),927917000,USD,공시,https://www.sec.gov/Archives/edgar/data/1335258/000133525825000129/,,12
Live Nation Entertainment,LYV,2025Q2,2025-06-30,분기말 지배지분 자본,360070000,USD,공시,https://www.sec.gov/Archives/edgar/data/1335258/000133525825000129/,,12
Live Nation Entertainment,LYV,2025Q2,2025-06-30,분기말 종가,151.28,USD,API,https://query1.finance.yahoo.com/v8/finance/chart/LYV?interval=1d&events=splits (2025-06-30),,12
Live Nation Entertainment,LYV,2025Q2,2025-07-31,분기말 상장주식수,234472727,주,공시(표지 기준일),https://www.sec.gov/Archives/edgar/data/1335258/000133525825000129/,dei:EntityCommonStockSharesOutstanding 클래스 합,12
Live Nation Entertainment,LYV,2025Q2,2025-06-30,분기말 시가총액,35471034141,USD,계산(종가×주식수),https://query1.finance.yahoo.com/v8/finance/chart/LYV?interval=1d&events=splits (2025-06-30) ; https://www.sec.gov/Archives/edgar/data/1335258/000133525825000129/,종가 151.28 × 주식수 234472727,12
Live Nation Entertainment,LYV,2025Q3,2025-09-30,분기별 매출액,8499143000,USD,공시,https://www.sec.gov/Archives/edgar/data/1335258/000133525825000151/,,12
Live Nation Entertainment,LYV,2025Q3,2025-09-30,분기별 영업이익,792451000,USD,공시,https://www.sec.gov/Archives/edgar/data/1335258/000133525825000151/,,12
Live Nation Entertainment,LYV,2025Q3,2025-09-30,분기별 당기순이익(지배),431458000,USD,공시,https://www.sec.gov/Archives/edgar/data/1335258/000133525825000151/,,12
Live Nation Entertainment,LYV,2025Q3,2025-09-30,분기별 영업활동현금흐름,-95676000,USD,계산(누적차감),https://www.sec.gov/Archives/edgar/data/1335258/000133525825000151/ ; https://www.sec.gov/Archives/edgar/data/1335258/000133525825000129/,누적 1449046000 − 직전누적 1544722000 (시작 2025-01-01),12
Live Nation Entertainment,LYV,2025Q3,2025-09-30,분기말 자산총계,22887819000,USD,공시,https://www.sec.gov/Archives/edgar/data/1335258/000133525825000151/,,12
Live Nation Entertainment,LYV,2025Q3,2025-09-30,분기말 부채총계,20906292000,USD,계산(부채및자본-총자본),https://www.sec.gov/Archives/edgar/data/1335258/000133525825000151/,부채및자본 22887819000 − 총자본 1128825000 − 메자닌 852702000 ; 메자닌(일시자본) 852702000 별도,12
Live Nation Entertainment,LYV,2025Q3,2025-09-30,분기말 총자본(자기자본),1128825000,USD,공시,https://www.sec.gov/Archives/edgar/data/1335258/000133525825000151/,,12
Live Nation Entertainment,LYV,2025Q3,2025-09-30,분기말 지배지분 자본,521340000,USD,공시,https://www.sec.gov/Archives/edgar/data/1335258/000133525825000151/,,12
Live Nation Entertainment,LYV,2025Q3,2025-09-30,분기말 종가,163.4,USD,API,https://query1.finance.yahoo.com/v8/finance/chart/LYV?interval=1d&events=splits (2025-09-30),,12
Live Nation Entertainment,LYV,2025Q3,2025-10-28,분기말 상장주식수,234741245,주,공시(표지 기준일),https://www.sec.gov/Archives/edgar/data/1335258/000133525825000151/,dei:EntityCommonStockSharesOutstanding 클래스 합,12
Live Nation Entertainment,LYV,2025Q3,2025-09-30,분기말 시가총액,38356719433,USD,계산(종가×주식수),https://query1.finance.yahoo.com/v8/finance/chart/LYV?interval=1d&events=splits (2025-09-30) ; https://www.sec.gov/Archives/edgar/data/1335258/000133525825000151/,종가 163.4 × 주식수 234741245,12
Live Nation Entertainment,LYV,2025Q4,2025-12-31,분기별 매출액,6313505000,USD,계산(연간-3분기누적),https://www.sec.gov/Archives/edgar/data/1335258/000133525826000009/ ; https://www.sec.gov/Archives/edgar/data/1335258/000133525825000151/,연간 25201406000 − 9개월누적 18887901000 (Revenues),12
Live Nation Entertainment,LYV,2025Q4,2025-12-31,분기별 영업이익,-142656000,USD,계산(연간-3분기누적),https://www.sec.gov/Archives/edgar/data/1335258/000133525826000009/ ; https://www.sec.gov/Archives/edgar/data/1335258/000133525825000151/,연간 1251217000 − 9개월누적 1393873000 (OperatingIncomeLoss),12
Live Nation Entertainment,LYV,2025Q4,2025-12-31,분기별 당기순이익(지배),-202100000,USD,계산(연간-3분기누적),https://www.sec.gov/Archives/edgar/data/1335258/000133525826000009/ ; https://www.sec.gov/Archives/edgar/data/1335258/000133525825000151/,연간 495972000 − 9개월누적 698072000 (NetIncomeLoss),12
Live Nation Entertainment,LYV,2025Q4,2025-12-31,분기별 영업활동현금흐름,-53730000,USD,계산(누적차감),https://www.sec.gov/Archives/edgar/data/1335258/000133525826000009/ ; https://www.sec.gov/Archives/edgar/data/1335258/000133525825000151/,누적 1395316000 − 직전누적 1449046000 (시작 2025-01-01),12
Live Nation Entertainment,LYV,2025Q4,2025-12-31,분기말 자산총계,22912533000,USD,공시,https://www.sec.gov/Archives/edgar/data/1335258/000133525826000009/,,12
Live Nation Entertainment,LYV,2025Q4,2025-12-31,분기말 부채총계,21093686000,USD,계산(부채및자본-총자본),https://www.sec.gov/Archives/edgar/data/1335258/000133525826000009/,부채및자본 22912533000 − 총자본 894375000 − 메자닌 924472000 ; 메자닌(일시자본) 924472000 별도,12
Live Nation Entertainment,LYV,2025Q4,2025-12-31,분기말 총자본(자기자본),894375000,USD,공시,https://www.sec.gov/Archives/edgar/data/1335258/000133525826000009/,,12
Live Nation Entertainment,LYV,2025Q4,2025-12-31,분기말 지배지분 자본,271007000,USD,공시,https://www.sec.gov/Archives/edgar/data/1335258/000133525826000009/,,12
Live Nation Entertainment,LYV,2025Q4,2025-12-31,분기말 종가,142.5,USD,API,https://query1.finance.yahoo.com/v8/finance/chart/LYV?interval=1d&events=splits (2025-12-31),,12
Live Nation Entertainment,LYV,2025Q4,2026-02-12,분기말 상장주식수,234801922,주,공시(표지 기준일),https://www.sec.gov/Archives/edgar/data/1335258/000133525826000009/,dei:EntityCommonStockSharesOutstanding 클래스 합,12
Live Nation Entertainment,LYV,2025Q4,2025-12-31,분기말 시가총액,33459273885,USD,계산(종가×주식수),https://query1.finance.yahoo.com/v8/finance/chart/LYV?interval=1d&events=splits (2025-12-31) ; https://www.sec.gov/Archives/edgar/data/1335258/000133525826000009/,종가 142.5 × 주식수 234801922,12
Live Nation Entertainment,LYV,2026Q1,2026-03-31,분기별 매출액,3793029000,USD,공시,https://www.sec.gov/Archives/edgar/data/1335258/000133525826000019/,,12
Live Nation Entertainment,LYV,2026Q1,2026-03-31,분기별 영업이익,-370516000,USD,공시,https://www.sec.gov/Archives/edgar/data/1335258/000133525826000019/,,12
Live Nation Entertainment,LYV,2026Q1,2026-03-31,분기별 당기순이익(지배),-389104000,USD,공시,https://www.sec.gov/Archives/edgar/data/1335258/000133525826000019/,,12
Live Nation Entertainment,LYV,2026Q1,2026-03-31,분기별 영업활동현금흐름,2338835000,USD,공시,https://www.sec.gov/Archives/edgar/data/1335258/000133525826000019/,,12
Live Nation Entertainment,LYV,2026Q1,2026-03-31,분기말 자산총계,26068092000,USD,공시,https://www.sec.gov/Archives/edgar/data/1335258/000133525826000019/,,12
Live Nation Entertainment,LYV,2026Q1,2026-03-31,분기말 부채총계,24634550000,USD,계산(부채및자본-총자본),https://www.sec.gov/Archives/edgar/data/1335258/000133525826000019/,부채및자본 26068092000 − 총자본 481818000 − 메자닌 951724000 ; 메자닌(일시자본) 951724000 별도,12
Live Nation Entertainment,LYV,2026Q1,2026-03-31,분기말 총자본(자기자본),481818000,USD,공시,https://www.sec.gov/Archives/edgar/data/1335258/000133525826000019/,,12
Live Nation Entertainment,LYV,2026Q1,2026-03-31,분기말 지배지분 자본,-139404000,USD,공시,https://www.sec.gov/Archives/edgar/data/1335258/000133525826000019/,,12
Live Nation Entertainment,LYV,2026Q1,2026-03-31,분기말 종가,152.51,USD,API,https://query1.finance.yahoo.com/v8/finance/chart/LYV?interval=1d&events=splits (2026-03-31),,12
Live Nation Entertainment,LYV,2026Q1,2026-04-28,분기말 상장주식수,235547065,주,공시(표지 기준일),https://www.sec.gov/Archives/edgar/data/1335258/000133525826000019/,dei:EntityCommonStockSharesOutstanding 클래스 합,12
Live Nation Entertainment,LYV,2026Q1,2026-03-31,분기말 시가총액,35923282883,USD,계산(종가×주식수),https://query1.finance.yahoo.com/v8/finance/chart/LYV?interval=1d&events=splits (2026-03-31) ; https://www.sec.gov/Archives/edgar/data/1335258/000133525826000019/,종가 152.51 × 주식수 235547065,12
Live Nation Entertainment,LYV,2026Q2,2026-06-30,분기별 매출액,7666858000,USD,공시,https://www.sec.gov/Archives/edgar/data/1335258/000133525826000035/,,12
Live Nation Entertainment,LYV,2026Q2,2026-06-30,분기별 영업이익,521917000,USD,공시,https://www.sec.gov/Archives/edgar/data/1335258/000133525826000035/,,12
Live Nation Entertainment,LYV,2026Q2,2026-06-30,분기별 당기순이익(지배),294446000,USD,공시,https://www.sec.gov/Archives/edgar/data/1335258/000133525826000035/,,12
Live Nation Entertainment,LYV,2026Q2,2026-06-30,분기별 영업활동현금흐름,419273000,USD,계산(누적차감),https://www.sec.gov/Archives/edgar/data/1335258/000133525826000035/ ; https://www.sec.gov/Archives/edgar/data/1335258/000133525826000019/,누적 2758108000 − 직전누적 2338835000 (시작 2026-01-01),12
Live Nation Entertainment,LYV,2026Q2,2026-06-30,분기말 자산총계,28180826000,USD,공시,https://www.sec.gov/Archives/edgar/data/1335258/000133525826000035/,,12
Live Nation Entertainment,LYV,2026Q2,2026-06-30,분기말 부채총계,26361661000,USD,계산(부채및자본-총자본),https://www.sec.gov/Archives/edgar/data/1335258/000133525826000035/,부채및자본 28180826000 − 총자본 755563000 − 메자닌 1063602000 ; 메자닌(일시자본) 1063602000 별도,12
Live Nation Entertainment,LYV,2026Q2,2026-06-30,분기말 총자본(자기자본),755563000,USD,공시,https://www.sec.gov/Archives/edgar/data/1335258/000133525826000035/,,12
Live Nation Entertainment,LYV,2026Q2,2026-06-30,분기말 지배지분 자본,82330000,USD,공시,https://www.sec.gov/Archives/edgar/data/1335258/000133525826000035/,,12
Live Nation Entertainment,LYV,2026Q2,2026-06-30,분기말 종가,183.11,USD,API,https://query1.finance.yahoo.com/v8/finance/chart/LYV?interval=1d&events=splits (2026-06-30),,12
Live Nation Entertainment,LYV,2026Q2,2026-07-23,분기말 상장주식수,235633860,주,공시(표지 기준일),https://www.sec.gov/Archives/edgar/data/1335258/000133525826000035/,dei:EntityCommonStockSharesOutstanding 클래스 합,12
Live Nation Entertainment,LYV,2026Q2,2026-06-30,분기말 시가총액,43146916105,USD,계산(종가×주식수),https://query1.finance.yahoo.com/v8/finance/chart/LYV?interval=1d&events=splits (2026-06-30) ; https://www.sec.gov/Archives/edgar/data/1335258/000133525826000035/,종가 183.11 × 주식수 235633860,12
