기업,종목코드,기간,기준일,항목,값,통화,값구분,출처,검산,라운드
Mondelez International,MDLZ,2010Q1,2010-03-31,분기별 매출액,11318000000,USD,공시,https://www.sec.gov/Archives/edgar/data/1103982/000119312510112381/,,8
Mondelez International,MDLZ,2010Q1,2010-03-31,분기별 영업이익,1206000000,USD,공시,https://www.sec.gov/Archives/edgar/data/1103982/000119312510112381/,,8
Mondelez International,MDLZ,2010Q1,2010-03-31,분기별 당기순이익(지배),1883000000,USD,공시,https://www.sec.gov/Archives/edgar/data/1103982/000119312510112381/,,8
Mondelez International,MDLZ,2010Q1,2010-03-31,분기별 영업활동현금흐름,-5000000,USD,공시,https://www.sec.gov/Archives/edgar/data/1103982/000119312510112381/,,8
Mondelez International,MDLZ,2010Q1,2010-03-31,분기말 자산총계,95709000000,USD,공시,https://www.sec.gov/Archives/edgar/data/1103982/000119312510112381/,,8
Mondelez International,MDLZ,2010Q1,2010-03-31,분기말 부채총계,61215000000,USD,공시,https://www.sec.gov/Archives/edgar/data/1103982/000119312510112381/,,8
Mondelez International,MDLZ,2010Q1,2010-03-31,분기말 총자본(자기자본),34494000000,USD,공시,https://www.sec.gov/Archives/edgar/data/1103982/000119312510112381/,,8
Mondelez International,MDLZ,2010Q1,2010-03-31,분기말 지배지분 자본,34178000000,USD,공시,https://www.sec.gov/Archives/edgar/data/1103982/000119312510112381/,,8
Mondelez International,MDLZ,2010Q1,2010-03-31,분기말 종가,30.24,USD,API,https://query1.finance.yahoo.com/v8/finance/chart/MDLZ?interval=1d&events=splits (2010-03-31),,8
Mondelez International,MDLZ,2010Q1,2010-04-30,분기말 상장주식수,1743483521,주,공시(표지 기준일),https://www.sec.gov/Archives/edgar/data/1103982/000119312510112381/,dei:EntityCommonStockSharesOutstanding 클래스 합,8
Mondelez International,MDLZ,2010Q1,2010-03-31,분기말 시가총액,52722941675,USD,계산(종가×주식수),https://query1.finance.yahoo.com/v8/finance/chart/MDLZ?interval=1d&events=splits (2010-03-31) ; https://www.sec.gov/Archives/edgar/data/1103982/000119312510112381/,종가 30.24 × 주식수 1743483521,8
Mondelez International,MDLZ,2010Q2,2010-06-30,분기별 매출액,12253000000,USD,공시,https://www.sec.gov/Archives/edgar/data/1103982/000119312510193144/,,8
Mondelez International,MDLZ,2010Q2,2010-06-30,분기별 영업이익,1701000000,USD,공시,https://www.sec.gov/Archives/edgar/data/1103982/000119312510193144/,,8
Mondelez International,MDLZ,2010Q2,2010-06-30,분기별 당기순이익(지배),937000000,USD,공시,https://www.sec.gov/Archives/edgar/data/1103982/000119312510193144/,,8
Mondelez International,MDLZ,2010Q2,2010-06-30,분기별 영업활동현금흐름,784000000,USD,계산(누적차감),https://www.sec.gov/Archives/edgar/data/1103982/000119312510193144/ ; https://www.sec.gov/Archives/edgar/data/1103982/000119312510112381/,누적 779000000 − 직전누적 -5000000 (시작 2010-01-01),8
Mondelez International,MDLZ,2010Q2,2010-06-30,분기말 자산총계,91590000000,USD,공시,https://www.sec.gov/Archives/edgar/data/1103982/000119312510193144/,,8
Mondelez International,MDLZ,2010Q2,2010-06-30,분기말 부채총계,58231000000,USD,공시,https://www.sec.gov/Archives/edgar/data/1103982/000119312510193144/,,8
Mondelez International,MDLZ,2010Q2,2010-06-30,분기말 총자본(자기자본),33359000000,USD,공시,https://www.sec.gov/Archives/edgar/data/1103982/000119312510193144/,,8
Mondelez International,MDLZ,2010Q2,2010-06-30,분기말 지배지분 자본,33299000000,USD,공시,https://www.sec.gov/Archives/edgar/data/1103982/000119312510193144/,,8
Mondelez International,MDLZ,2010Q2,2010-06-30,분기말 종가,28.0,USD,API,https://query1.finance.yahoo.com/v8/finance/chart/MDLZ?interval=1d&events=splits (2010-06-30),,8
Mondelez International,MDLZ,2010Q2,2010-07-30,분기말 상장주식수,1744057736,주,공시(표지 기준일),https://www.sec.gov/Archives/edgar/data/1103982/000119312510193144/,dei:EntityCommonStockSharesOutstanding 클래스 합,8
Mondelez International,MDLZ,2010Q2,2010-06-30,분기말 시가총액,48833616608,USD,계산(종가×주식수),https://query1.finance.yahoo.com/v8/finance/chart/MDLZ?interval=1d&events=splits (2010-06-30) ; https://www.sec.gov/Archives/edgar/data/1103982/000119312510193144/,종가 28.0 × 주식수 1744057736,8
Mondelez International,MDLZ,2010Q3,2010-09-30,분기별 매출액,11863000000,USD,공시,https://www.sec.gov/Archives/edgar/data/1103982/000119312510249526/,,8
Mondelez International,MDLZ,2010Q3,2010-09-30,분기별 영업이익,1519000000,USD,공시,https://www.sec.gov/Archives/edgar/data/1103982/000119312510249526/,,8
Mondelez International,MDLZ,2010Q3,2010-09-30,분기별 당기순이익(지배),754000000,USD,공시,https://www.sec.gov/Archives/edgar/data/1103982/000119312510249526/,,8
Mondelez International,MDLZ,2010Q3,2010-09-30,분기별 영업활동현금흐름,445000000,USD,계산(누적차감),https://www.sec.gov/Archives/edgar/data/1103982/000119312510249526/ ; https://www.sec.gov/Archives/edgar/data/1103982/000119312510193144/,누적 1224000000 − 직전누적 779000000 (시작 2010-01-01),8
Mondelez International,MDLZ,2010Q3,2010-09-30,분기말 자산총계,93620000000,USD,공시,https://www.sec.gov/Archives/edgar/data/1103982/000119312510249526/,,8
Mondelez International,MDLZ,2010Q3,2010-09-30,분기말 부채총계,58638000000,USD,공시,https://www.sec.gov/Archives/edgar/data/1103982/000119312510249526/,,8
Mondelez International,MDLZ,2010Q3,2010-09-30,분기말 총자본(자기자본),34982000000,USD,공시,https://www.sec.gov/Archives/edgar/data/1103982/000119312510249526/,,8
Mondelez International,MDLZ,2010Q3,2010-09-30,분기말 지배지분 자본,34880000000,USD,공시,https://www.sec.gov/Archives/edgar/data/1103982/000119312510249526/,,8
Mondelez International,MDLZ,2010Q3,2010-09-30,분기말 종가,30.86,USD,API,https://query1.finance.yahoo.com/v8/finance/chart/MDLZ?interval=1d&events=splits (2010-09-30),,8
Mondelez International,MDLZ,2010Q3,2010-10-29,분기말 상장주식수,1746773569,주,공시(표지 기준일),https://www.sec.gov/Archives/edgar/data/1103982/000119312510249526/,dei:EntityCommonStockSharesOutstanding 클래스 합,8
Mondelez International,MDLZ,2010Q3,2010-09-30,분기말 시가총액,53905432339,USD,계산(종가×주식수),https://query1.finance.yahoo.com/v8/finance/chart/MDLZ?interval=1d&events=splits (2010-09-30) ; https://www.sec.gov/Archives/edgar/data/1103982/000119312510249526/,종가 30.86 × 주식수 1746773569,8
Mondelez International,MDLZ,2010Q4,2010-12-31,분기별 매출액,13773000000,USD,계산(연간-3분기누적),https://www.sec.gov/Archives/edgar/data/1103982/000119312511048979/ ; https://www.sec.gov/Archives/edgar/data/1103982/000119312510249526/,연간 49207000000 − 9개월누적 35434000000 (Revenues),8
Mondelez International,MDLZ,2010Q4,2010-12-31,분기별 영업이익,1240000000,USD,계산(연간-3분기누적),https://www.sec.gov/Archives/edgar/data/1103982/000119312511048979/ ; https://www.sec.gov/Archives/edgar/data/1103982/000119312510249526/,연간 5666000000 − 9개월누적 4426000000 (OperatingIncomeLoss),8
Mondelez International,MDLZ,2010Q4,2010-12-31,분기별 당기순이익(지배),540000000,USD,계산(연간-3분기누적),https://www.sec.gov/Archives/edgar/data/1103982/000119312511048979/ ; https://www.sec.gov/Archives/edgar/data/1103982/000119312510249526/,연간 4114000000 − 9개월누적 3574000000 (NetIncomeLoss),8
Mondelez International,MDLZ,2010Q4,2010-12-31,분기별 영업활동현금흐름,2524000000,USD,계산(누적차감),https://www.sec.gov/Archives/edgar/data/1103982/000119312511048979/ ; https://www.sec.gov/Archives/edgar/data/1103982/000119312510249526/,누적 3748000000 − 직전누적 1224000000 (시작 2010-01-01),8
Mondelez International,MDLZ,2010Q4,2010-12-31,분기말 자산총계,95289000000,USD,공시,https://www.sec.gov/Archives/edgar/data/1103982/000119312511048979/,,8
Mondelez International,MDLZ,2010Q4,2010-12-31,분기말 부채총계,59347000000,USD,공시,https://www.sec.gov/Archives/edgar/data/1103982/000119312511048979/,,8
Mondelez International,MDLZ,2010Q4,2010-12-31,분기말 총자본(자기자본),35942000000,USD,공시,https://www.sec.gov/Archives/edgar/data/1103982/000119312511048979/,,8
Mondelez International,MDLZ,2010Q4,2010-12-31,분기말 지배지분 자본,35834000000,USD,공시,https://www.sec.gov/Archives/edgar/data/1103982/000119312511048979/,,8
Mondelez International,MDLZ,2010Q4,2010-12-31,분기말 종가,31.51,USD,API,https://query1.finance.yahoo.com/v8/finance/chart/MDLZ?interval=1d&events=splits (2010-12-31),,8
Mondelez International,MDLZ,2010Q4,2011-01-31,분기말 상장주식수,1748927248,주,공시(표지 기준일),https://www.sec.gov/Archives/edgar/data/1103982/000119312511048979/,dei:EntityCommonStockSharesOutstanding 클래스 합,8
Mondelez International,MDLZ,2010Q4,2010-12-31,분기말 시가총액,55108697584,USD,계산(종가×주식수),https://query1.finance.yahoo.com/v8/finance/chart/MDLZ?interval=1d&events=splits (2010-12-31) ; https://www.sec.gov/Archives/edgar/data/1103982/000119312511048979/,종가 31.51 × 주식수 1748927248,8
Mondelez International,MDLZ,2011Q1,2011-03-31,분기별 매출액,12573000000,USD,공시,https://www.sec.gov/Archives/edgar/data/1103982/000119312511129883/,,8
Mondelez International,MDLZ,2011Q1,2011-03-31,분기별 영업이익,1646000000,USD,공시,https://www.sec.gov/Archives/edgar/data/1103982/000119312511129883/,,8
Mondelez International,MDLZ,2011Q1,2011-03-31,분기별 당기순이익(지배),799000000,USD,공시,https://www.sec.gov/Archives/edgar/data/1103982/000119312511129883/,,8
Mondelez International,MDLZ,2011Q1,2011-03-31,분기별 영업활동현금흐름,-986000000,USD,공시,https://www.sec.gov/Archives/edgar/data/1103982/000119312511129883/,,8
Mondelez International,MDLZ,2011Q1,2011-03-31,분기말 자산총계,98269000000,USD,공시,https://www.sec.gov/Archives/edgar/data/1103982/000119312511129883/,,8
Mondelez International,MDLZ,2011Q1,2011-03-31,분기말 부채총계,60770000000,USD,공시,https://www.sec.gov/Archives/edgar/data/1103982/000119312511129883/,,8
Mondelez International,MDLZ,2011Q1,2011-03-31,분기말 총자본(자기자본),37499000000,USD,공시,https://www.sec.gov/Archives/edgar/data/1103982/000119312511129883/,,8
Mondelez International,MDLZ,2011Q1,2011-03-31,분기말 지배지분 자본,37381000000,USD,공시,https://www.sec.gov/Archives/edgar/data/1103982/000119312511129883/,,8
Mondelez International,MDLZ,2011Q1,2011-03-31,분기말 종가,31.36,USD,API,https://query1.finance.yahoo.com/v8/finance/chart/MDLZ?interval=1d&events=splits (2011-03-31),,8
Mondelez International,MDLZ,2011Q1,2011-04-29,분기말 상장주식수,1757876206,주,공시(표지 기준일),https://www.sec.gov/Archives/edgar/data/1103982/000119312511129883/,dei:EntityCommonStockSharesOutstanding 클래스 합,8
Mondelez International,MDLZ,2011Q1,2011-03-31,분기말 시가총액,55126997820,USD,계산(종가×주식수),https://query1.finance.yahoo.com/v8/finance/chart/MDLZ?interval=1d&events=splits (2011-03-31) ; https://www.sec.gov/Archives/edgar/data/1103982/000119312511129883/,종가 31.36 × 주식수 1757876206,8
Mondelez International,MDLZ,2011Q2,2011-06-30,분기별 매출액,13878000000,USD,공시,https://www.sec.gov/Archives/edgar/data/1103982/000119312511211716/,,8
Mondelez International,MDLZ,2011Q2,2011-06-30,분기별 영업이익,1806000000,USD,공시,https://www.sec.gov/Archives/edgar/data/1103982/000119312511211716/,,8
Mondelez International,MDLZ,2011Q2,2011-06-30,분기별 당기순이익(지배),976000000,USD,공시,https://www.sec.gov/Archives/edgar/data/1103982/000119312511211716/,,8
Mondelez International,MDLZ,2011Q2,2011-06-30,분기별 영업활동현금흐름,1282000000,USD,계산(누적차감),https://www.sec.gov/Archives/edgar/data/1103982/000119312511211716/ ; https://www.sec.gov/Archives/edgar/data/1103982/000119312511129883/,누적 296000000 − 직전누적 -986000000 (시작 2011-01-01),8
Mondelez International,MDLZ,2011Q2,2011-06-30,분기말 자산총계,99027000000,USD,공시,https://www.sec.gov/Archives/edgar/data/1103982/000119312511211716/,,8
Mondelez International,MDLZ,2011Q2,2011-06-30,분기말 부채총계,59916000000,USD,공시,https://www.sec.gov/Archives/edgar/data/1103982/000119312511211716/,,8
Mondelez International,MDLZ,2011Q2,2011-06-30,분기말 총자본(자기자본),39111000000,USD,공시,https://www.sec.gov/Archives/edgar/data/1103982/000119312511211716/,,8
Mondelez International,MDLZ,2011Q2,2011-06-30,분기말 지배지분 자본,38991000000,USD,공시,https://www.sec.gov/Archives/edgar/data/1103982/000119312511211716/,,8
Mondelez International,MDLZ,2011Q2,2011-06-30,분기말 종가,35.23,USD,API,https://query1.finance.yahoo.com/v8/finance/chart/MDLZ?interval=1d&events=splits (2011-06-30),,8
Mondelez International,MDLZ,2011Q2,2011-07-29,분기말 상장주식수,1766106763,주,공시(표지 기준일),https://www.sec.gov/Archives/edgar/data/1103982/000119312511211716/,dei:EntityCommonStockSharesOutstanding 클래스 합,8
Mondelez International,MDLZ,2011Q2,2011-06-30,분기말 시가총액,62219941260,USD,계산(종가×주식수),https://query1.finance.yahoo.com/v8/finance/chart/MDLZ?interval=1d&events=splits (2011-06-30) ; https://www.sec.gov/Archives/edgar/data/1103982/000119312511211716/,종가 35.23 × 주식수 1766106763,8
Mondelez International,MDLZ,2011Q3,2011-09-30,분기별 매출액,13226000000,USD,공시,https://www.sec.gov/Archives/edgar/data/1103982/000119312511296642/,,8
Mondelez International,MDLZ,2011Q3,2011-09-30,분기별 영업이익,1698000000,USD,공시,https://www.sec.gov/Archives/edgar/data/1103982/000119312511296642/,,8
Mondelez International,MDLZ,2011Q3,2011-09-30,분기별 당기순이익(지배),922000000,USD,공시,https://www.sec.gov/Archives/edgar/data/1103982/000119312511296642/,,8
Mondelez International,MDLZ,2011Q3,2011-09-30,분기별 영업활동현금흐름,1369000000,USD,계산(누적차감),https://www.sec.gov/Archives/edgar/data/1103982/000119312511296642/ ; https://www.sec.gov/Archives/edgar/data/1103982/000119312511211716/,누적 1665000000 − 직전누적 296000000 (시작 2011-01-01),8
Mondelez International,MDLZ,2011Q3,2011-09-30,분기말 자산총계,95832000000,USD,공시,https://www.sec.gov/Archives/edgar/data/1103982/000119312511296642/,,8
Mondelez International,MDLZ,2011Q3,2011-09-30,분기말 부채총계,59132000000,USD,공시,https://www.sec.gov/Archives/edgar/data/1103982/000119312511296642/,,8
Mondelez International,MDLZ,2011Q3,2011-09-30,분기말 총자본(자기자본),36700000000,USD,공시,https://www.sec.gov/Archives/edgar/data/1103982/000119312511296642/,,8
Mondelez International,MDLZ,2011Q3,2011-09-30,분기말 지배지분 자본,36592000000,USD,공시,https://www.sec.gov/Archives/edgar/data/1103982/000119312511296642/,,8
Mondelez International,MDLZ,2011Q3,2011-09-30,분기말 종가,33.58,USD,API,https://query1.finance.yahoo.com/v8/finance/chart/MDLZ?interval=1d&events=splits (2011-09-30),,8
Mondelez International,MDLZ,2011Q3,2011-10-31,분기말 상장주식수,1766748686,주,공시(표지 기준일),https://www.sec.gov/Archives/edgar/data/1103982/000119312511296642/,dei:EntityCommonStockSharesOutstanding 클래스 합,8
Mondelez International,MDLZ,2011Q3,2011-09-30,분기말 시가총액,59327420876,USD,계산(종가×주식수),https://query1.finance.yahoo.com/v8/finance/chart/MDLZ?interval=1d&events=splits (2011-09-30) ; https://www.sec.gov/Archives/edgar/data/1103982/000119312511296642/,종가 33.58 × 주식수 1766748686,8
Mondelez International,MDLZ,2011Q4,2011-12-31,분기별 매출액,14688000000,USD,계산(연간-3분기누적),https://www.sec.gov/Archives/edgar/data/1103982/000119312512080318/ ; https://www.sec.gov/Archives/edgar/data/1103982/000119312511296642/,연간 54365000000 − 9개월누적 39677000000 (Revenues),8
Mondelez International,MDLZ,2011Q4,2011-12-31,분기별 영업이익,1507000000,USD,계산(연간-3분기누적),https://www.sec.gov/Archives/edgar/data/1103982/000119312512080318/ ; https://www.sec.gov/Archives/edgar/data/1103982/000119312511296642/,연간 6657000000 − 9개월누적 5150000000 (OperatingIncomeLoss),8
Mondelez International,MDLZ,2011Q4,2011-12-31,분기별 당기순이익(지배),830000000,USD,계산(연간-3분기누적),https://www.sec.gov/Archives/edgar/data/1103982/000119312512080318/ ; https://www.sec.gov/Archives/edgar/data/1103982/000119312511296642/,연간 3527000000 − 9개월누적 2697000000 (NetIncomeLoss),8
Mondelez International,MDLZ,2011Q4,2011-12-31,분기별 영업활동현금흐름,2855000000,USD,계산(누적차감),https://www.sec.gov/Archives/edgar/data/1103982/000119312512080318/ ; https://www.sec.gov/Archives/edgar/data/1103982/000119312511296642/,누적 4520000000 − 직전누적 1665000000 (시작 2011-01-01),8
Mondelez International,MDLZ,2011Q4,2011-12-31,분기말 자산총계,93837000000,USD,공시,https://www.sec.gov/Archives/edgar/data/1103982/000119312512080318/,,8
Mondelez International,MDLZ,2011Q4,2011-12-31,분기말 부채총계,58509000000,USD,공시,https://www.sec.gov/Archives/edgar/data/1103982/000119312512080318/,,8
Mondelez International,MDLZ,2011Q4,2011-12-31,분기말 총자본(자기자본),35328000000,USD,공시,https://www.sec.gov/Archives/edgar/data/1103982/000119312512080318/,,8
Mondelez International,MDLZ,2011Q4,2011-12-31,분기말 지배지분 자본,35217000000,USD,공시,https://www.sec.gov/Archives/edgar/data/1103982/000119312512080318/,,8
Mondelez International,MDLZ,2011Q4,2011-12-30,분기말 종가,37.36,USD,API,https://query1.finance.yahoo.com/v8/finance/chart/MDLZ?interval=1d&events=splits (2011-12-30),,8
Mondelez International,MDLZ,2011Q4,2012-01-31,분기말 상장주식수,1768235021,주,공시(표지 기준일),https://www.sec.gov/Archives/edgar/data/1103982/000119312512080318/,dei:EntityCommonStockSharesOutstanding 클래스 합,8
Mondelez International,MDLZ,2011Q4,2011-12-30,분기말 시가총액,66061260385,USD,계산(종가×주식수),https://query1.finance.yahoo.com/v8/finance/chart/MDLZ?interval=1d&events=splits (2011-12-30) ; https://www.sec.gov/Archives/edgar/data/1103982/000119312512080318/,종가 37.36 × 주식수 1768235021,8
Mondelez International,MDLZ,2012Q1,2012-03-31,분기별 매출액,13093000000,USD,공시,https://www.sec.gov/Archives/edgar/data/1103982/000119312512210777/,,8
Mondelez International,MDLZ,2012Q1,2012-03-31,분기별 영업이익,1691000000,USD,공시,https://www.sec.gov/Archives/edgar/data/1103982/000119312512210777/,,8
Mondelez International,MDLZ,2012Q1,2012-03-31,분기별 당기순이익(지배),813000000,USD,공시,https://www.sec.gov/Archives/edgar/data/1103982/000119312512210777/,,8
Mondelez International,MDLZ,2012Q1,2012-03-31,분기별 영업활동현금흐름,-851000000,USD,공시,https://www.sec.gov/Archives/edgar/data/1103982/000119312512210777/,,8
Mondelez International,MDLZ,2012Q1,2012-03-31,분기말 자산총계,96647000000,USD,공시,https://www.sec.gov/Archives/edgar/data/1103982/000119312512210777/,,8
Mondelez International,MDLZ,2012Q1,2012-03-31,분기말 부채총계,59556000000,USD,공시,https://www.sec.gov/Archives/edgar/data/1103982/000119312512210777/,,8
Mondelez International,MDLZ,2012Q1,2012-03-31,분기말 총자본(자기자본),37091000000,USD,공시,https://www.sec.gov/Archives/edgar/data/1103982/000119312512210777/,,8
Mondelez International,MDLZ,2012Q1,2012-03-31,분기말 지배지분 자본,36965000000,USD,공시,https://www.sec.gov/Archives/edgar/data/1103982/000119312512210777/,,8
Mondelez International,MDLZ,2012Q1,2012-03-30,분기말 종가,38.01,USD,API,https://query1.finance.yahoo.com/v8/finance/chart/MDLZ?interval=1d&events=splits (2012-03-30),,8
Mondelez International,MDLZ,2012Q1,2012-04-30,분기말 상장주식수,1772988094,주,공시(표지 기준일),https://www.sec.gov/Archives/edgar/data/1103982/000119312512210777/,dei:EntityCommonStockSharesOutstanding 클래스 합,8
Mondelez International,MDLZ,2012Q1,2012-03-30,분기말 시가총액,67391277453,USD,계산(종가×주식수),https://query1.finance.yahoo.com/v8/finance/chart/MDLZ?interval=1d&events=splits (2012-03-30) ; https://www.sec.gov/Archives/edgar/data/1103982/000119312512210777/,종가 38.01 × 주식수 1772988094,8
Mondelez International,MDLZ,2012Q2,2012-06-30,분기별 매출액,13286000000,USD,공시,https://www.sec.gov/Archives/edgar/data/1103982/000119312512333937/,,8
Mondelez International,MDLZ,2012Q2,2012-06-30,분기별 영업이익,1879000000,USD,공시,https://www.sec.gov/Archives/edgar/data/1103982/000119312512333937/,,8
Mondelez International,MDLZ,2012Q2,2012-06-30,분기별 당기순이익(지배),1029000000,USD,공시,https://www.sec.gov/Archives/edgar/data/1103982/000119312512333937/,,8
Mondelez International,MDLZ,2012Q2,2012-06-30,분기별 영업활동현금흐름,2059000000,USD,계산(누적차감),https://www.sec.gov/Archives/edgar/data/1103982/000119312512333937/ ; https://www.sec.gov/Archives/edgar/data/1103982/000119312512210777/,누적 1208000000 − 직전누적 -851000000 (시작 2012-01-01),8
Mondelez International,MDLZ,2012Q2,2012-06-30,분기말 자산총계,97114000000,USD,공시,https://www.sec.gov/Archives/edgar/data/1103982/000119312512333937/,,8
Mondelez International,MDLZ,2012Q2,2012-06-30,분기말 부채총계,60866000000,USD,공시,https://www.sec.gov/Archives/edgar/data/1103982/000119312512333937/,,8
Mondelez International,MDLZ,2012Q2,2012-06-30,분기말 총자본(자기자본),36248000000,USD,공시,https://www.sec.gov/Archives/edgar/data/1103982/000119312512333937/,,8
Mondelez International,MDLZ,2012Q2,2012-06-30,분기말 지배지분 자본,36133000000,USD,공시,https://www.sec.gov/Archives/edgar/data/1103982/000119312512333937/,,8
Mondelez International,MDLZ,2012Q2,2012-06-29,분기말 종가,38.62,USD,API,https://query1.finance.yahoo.com/v8/finance/chart/MDLZ?interval=1d&events=splits (2012-06-29),,8
Mondelez International,MDLZ,2012Q2,2012-07-31,분기말 상장주식수,1774648852,주,공시(표지 기준일),https://www.sec.gov/Archives/edgar/data/1103982/000119312512333937/,dei:EntityCommonStockSharesOutstanding 클래스 합,8
Mondelez International,MDLZ,2012Q2,2012-06-29,분기말 시가총액,68536938664,USD,계산(종가×주식수),https://query1.finance.yahoo.com/v8/finance/chart/MDLZ?interval=1d&events=splits (2012-06-29) ; https://www.sec.gov/Archives/edgar/data/1103982/000119312512333937/,종가 38.62 × 주식수 1774648852,8
Mondelez International,MDLZ,2012Q3,2012-09-30,분기별 매출액,12909000000,USD,공시,https://www.sec.gov/Archives/edgar/data/1103982/000119312512459504/,,8
Mondelez International,MDLZ,2012Q3,2012-09-30,분기별 영업이익,1652000000,USD,공시,https://www.sec.gov/Archives/edgar/data/1103982/000119312512459504/,,8
Mondelez International,MDLZ,2012Q3,2012-09-30,분기별 당기순이익(지배),652000000,USD,공시,https://www.sec.gov/Archives/edgar/data/1103982/000119312512459504/,,8
Mondelez International,MDLZ,2012Q3,2012-09-30,분기별 영업활동현금흐름,967000000,USD,계산(누적차감),https://www.sec.gov/Archives/edgar/data/1103982/000119312512459504/ ; https://www.sec.gov/Archives/edgar/data/1103982/000119312512333937/,누적 2175000000 − 직전누적 1208000000 (시작 2012-01-01),8
Mondelez International,MDLZ,2012Q3,2012-09-30,분기말 자산총계,97779000000,USD,공시,https://www.sec.gov/Archives/edgar/data/1103982/000119312512459504/,,8
Mondelez International,MDLZ,2012Q3,2012-09-30,분기말 부채총계,61101000000,USD,공시,https://www.sec.gov/Archives/edgar/data/1103982/000119312512459504/,,8
Mondelez International,MDLZ,2012Q3,2012-09-30,분기말 총자본(자기자본),36678000000,USD,공시,https://www.sec.gov/Archives/edgar/data/1103982/000119312512459504/,,8
Mondelez International,MDLZ,2012Q3,2012-09-30,분기말 지배지분 자본,36551000000,USD,공시,https://www.sec.gov/Archives/edgar/data/1103982/000119312512459504/,,8
Mondelez International,MDLZ,2012Q3,2012-09-28,분기말 종가,41.35,USD,API,https://query1.finance.yahoo.com/v8/finance/chart/MDLZ?interval=1d&events=splits (2012-09-28),,8
Mondelez International,MDLZ,2012Q3,2012-10-31,분기말 상장주식수,1777088152,주,공시(표지 기준일),https://www.sec.gov/Archives/edgar/data/1103982/000119312512459504/,dei:EntityCommonStockSharesOutstanding 클래스 합,8
Mondelez International,MDLZ,2012Q3,2012-09-28,분기말 시가총액,73482595085,USD,계산(종가×주식수),https://query1.finance.yahoo.com/v8/finance/chart/MDLZ?interval=1d&events=splits (2012-09-28) ; https://www.sec.gov/Archives/edgar/data/1103982/000119312512459504/,종가 41.35 × 주식수 1777088152,8
Mondelez International,MDLZ,2012Q4,2012-12-31,분기별 매출액,-4273000000,USD,계산(연간-3분기누적),https://www.sec.gov/Archives/edgar/data/1103982/000119312513073227/ ; https://www.sec.gov/Archives/edgar/data/1103982/000119312512459504/,연간 35015000000 − 9개월누적 39288000000 (Revenues),8
Mondelez International,MDLZ,2012Q4,2012-12-31,분기별 영업이익,-1585000000,USD,계산(연간-3분기누적),https://www.sec.gov/Archives/edgar/data/1103982/000119312513073227/ ; https://www.sec.gov/Archives/edgar/data/1103982/000119312512459504/,연간 3637000000 − 9개월누적 5222000000 (OperatingIncomeLoss),8
Mondelez International,MDLZ,2012Q4,2012-12-31,분기별 당기순이익(지배),534000000,USD,계산(연간-3분기누적),https://www.sec.gov/Archives/edgar/data/1103982/000119312513073227/ ; https://www.sec.gov/Archives/edgar/data/1103982/000119312512459504/,연간 3028000000 − 9개월누적 2494000000 (NetIncomeLoss),8
Mondelez International,MDLZ,2012Q4,2012-12-31,분기별 영업활동현금흐름,1748000000,USD,계산(누적차감),https://www.sec.gov/Archives/edgar/data/1103982/000119312513073227/ ; https://www.sec.gov/Archives/edgar/data/1103982/000119312512459504/,누적 3923000000 − 직전누적 2175000000 (시작 2012-01-01),8
Mondelez International,MDLZ,2012Q4,2012-12-31,분기말 자산총계,75477000000,USD,공시(재작성 반영),https://www.sec.gov/Archives/edgar/data/1103982/000119312515055355/,원 공시 75478000000 (https://www.sec.gov/Archives/edgar/data/1103982/000119312513073227/),8
Mondelez International,MDLZ,2012Q4,2012-12-31,분기말 부채총계,43061000000,USD,공시(재작성 반영),https://www.sec.gov/Archives/edgar/data/1103982/000119312514079175/,원 공시 43123000000 (https://www.sec.gov/Archives/edgar/data/1103982/000119312513073227/),8
Mondelez International,MDLZ,2012Q4,2012-12-31,분기말 총자본(자기자본),32416000000,USD,공시(재작성 반영),https://www.sec.gov/Archives/edgar/data/1103982/000119312516469394/,원 공시 32355000000 (https://www.sec.gov/Archives/edgar/data/1103982/000119312513073227/),8
Mondelez International,MDLZ,2012Q4,2012-12-31,분기말 지배지분 자본,32276000000,USD,공시(재작성 반영),https://www.sec.gov/Archives/edgar/data/1103982/000119312514079175/,원 공시 32215000000 (https://www.sec.gov/Archives/edgar/data/1103982/000119312513073227/),8
Mondelez International,MDLZ,2012Q4,2012-12-31,분기말 종가,25.45,USD,API,https://query1.finance.yahoo.com/v8/finance/chart/MDLZ?interval=1d&events=splits (2012-12-31),,8
Mondelez International,MDLZ,2012Q4,2013-01-31,분기말 상장주식수,1778287539,주,공시(표지 기준일),https://www.sec.gov/Archives/edgar/data/1103982/000119312513073227/,dei:EntityCommonStockSharesOutstanding 클래스 합,8
Mondelez International,MDLZ,2012Q4,2012-12-31,분기말 시가총액,45257417868,USD,계산(종가×주식수),https://query1.finance.yahoo.com/v8/finance/chart/MDLZ?interval=1d&events=splits (2012-12-31) ; https://www.sec.gov/Archives/edgar/data/1103982/000119312513073227/,종가 25.45 × 주식수 1778287539,8
Mondelez International,MDLZ,2013Q1,2013-03-31,분기별 매출액,8744000000,USD,공시,https://www.sec.gov/Archives/edgar/data/1103982/000119312513207666/,,8
Mondelez International,MDLZ,2013Q1,2013-03-31,분기별 영업이익,834000000,USD,공시,https://www.sec.gov/Archives/edgar/data/1103982/000119312513207666/,,8
Mondelez International,MDLZ,2013Q1,2013-03-31,분기별 당기순이익(지배),568000000,USD,공시,https://www.sec.gov/Archives/edgar/data/1103982/000119312513207666/,,8
Mondelez International,MDLZ,2013Q1,2013-03-31,분기별 영업활동현금흐름,-385000000,USD,공시,https://www.sec.gov/Archives/edgar/data/1103982/000119312513207666/,,8
Mondelez International,MDLZ,2013Q1,2013-03-31,분기말 자산총계,73298000000,USD,공시,https://www.sec.gov/Archives/edgar/data/1103982/000119312513207666/,,8
Mondelez International,MDLZ,2013Q1,2013-03-31,분기말 부채총계,41280000000,USD,공시,https://www.sec.gov/Archives/edgar/data/1103982/000119312513207666/,,8
Mondelez International,MDLZ,2013Q1,2013-03-31,분기말 총자본(자기자본),32018000000,USD,공시,https://www.sec.gov/Archives/edgar/data/1103982/000119312513207666/,,8
Mondelez International,MDLZ,2013Q1,2013-03-31,분기말 지배지분 자본,31874000000,USD,공시,https://www.sec.gov/Archives/edgar/data/1103982/000119312513207666/,,8
Mondelez International,MDLZ,2013Q1,2013-03-28,분기말 종가,30.62,USD,API,https://query1.finance.yahoo.com/v8/finance/chart/MDLZ?interval=1d&events=splits (2013-03-28),,8
Mondelez International,MDLZ,2013Q1,2013-04-30,분기말 상장주식수,1784452636,주,공시(표지 기준일),https://www.sec.gov/Archives/edgar/data/1103982/000119312513207666/,dei:EntityCommonStockSharesOutstanding 클래스 합,8
Mondelez International,MDLZ,2013Q1,2013-03-28,분기말 시가총액,54639939714,USD,계산(종가×주식수),https://query1.finance.yahoo.com/v8/finance/chart/MDLZ?interval=1d&events=splits (2013-03-28) ; https://www.sec.gov/Archives/edgar/data/1103982/000119312513207666/,종가 30.62 × 주식수 1784452636,8
Mondelez International,MDLZ,2013Q2,2013-06-30,분기별 매출액,8595000000,USD,공시,https://www.sec.gov/Archives/edgar/data/1103982/000119312513325952/,,8
Mondelez International,MDLZ,2013Q2,2013-06-30,분기별 영업이익,865000000,USD,공시,https://www.sec.gov/Archives/edgar/data/1103982/000119312513325952/,,8
Mondelez International,MDLZ,2013Q2,2013-06-30,분기별 당기순이익(지배),616000000,USD,공시,https://www.sec.gov/Archives/edgar/data/1103982/000119312513325952/,,8
Mondelez International,MDLZ,2013Q2,2013-06-30,분기별 영업활동현금흐름,803000000,USD,계산(누적차감),https://www.sec.gov/Archives/edgar/data/1103982/000119312513325952/ ; https://www.sec.gov/Archives/edgar/data/1103982/000119312513207666/,누적 418000000 − 직전누적 -385000000 (시작 2013-01-01),8
Mondelez International,MDLZ,2013Q2,2013-06-30,분기말 자산총계,71823000000,USD,공시,https://www.sec.gov/Archives/edgar/data/1103982/000119312513325952/,,8
Mondelez International,MDLZ,2013Q2,2013-06-30,분기말 부채총계,40274000000,USD,공시,https://www.sec.gov/Archives/edgar/data/1103982/000119312513325952/,,8
Mondelez International,MDLZ,2013Q2,2013-06-30,분기말 총자본(자기자본),31549000000,USD,공시,https://www.sec.gov/Archives/edgar/data/1103982/000119312513325952/,,8
Mondelez International,MDLZ,2013Q2,2013-06-30,분기말 지배지분 자본,31407000000,USD,공시,https://www.sec.gov/Archives/edgar/data/1103982/000119312513325952/,,8
Mondelez International,MDLZ,2013Q2,2013-06-28,분기말 종가,28.53,USD,API,https://query1.finance.yahoo.com/v8/finance/chart/MDLZ?interval=1d&events=splits (2013-06-28),,8
Mondelez International,MDLZ,2013Q2,2013-07-31,분기말 상장주식수,1780665630,주,공시(표지 기준일),https://www.sec.gov/Archives/edgar/data/1103982/000119312513325952/,dei:EntityCommonStockSharesOutstanding 클래스 합,8
Mondelez International,MDLZ,2013Q2,2013-06-28,분기말 시가총액,50802390424,USD,계산(종가×주식수),https://query1.finance.yahoo.com/v8/finance/chart/MDLZ?interval=1d&events=splits (2013-06-28) ; https://www.sec.gov/Archives/edgar/data/1103982/000119312513325952/,종가 28.53 × 주식수 1780665630,8
Mondelez International,MDLZ,2013Q3,2013-09-30,분기별 매출액,8472000000,USD,공시,https://www.sec.gov/Archives/edgar/data/1103982/000119312513431957/,,8
Mondelez International,MDLZ,2013Q3,2013-09-30,분기별 영업이익,1262000000,USD,공시,https://www.sec.gov/Archives/edgar/data/1103982/000119312513431957/,,8
Mondelez International,MDLZ,2013Q3,2013-09-30,분기별 당기순이익(지배),1024000000,USD,공시,https://www.sec.gov/Archives/edgar/data/1103982/000119312513431957/,,8
Mondelez International,MDLZ,2013Q3,2013-09-30,분기별 영업활동현금흐름,780000000,USD,계산(누적차감),https://www.sec.gov/Archives/edgar/data/1103982/000119312513431957/ ; https://www.sec.gov/Archives/edgar/data/1103982/000119312513325952/,누적 1198000000 − 직전누적 418000000 (시작 2013-01-01),8
Mondelez International,MDLZ,2013Q3,2013-09-30,분기말 자산총계,74859000000,USD,공시,https://www.sec.gov/Archives/edgar/data/1103982/000119312513431957/,,8
Mondelez International,MDLZ,2013Q3,2013-09-30,분기말 부채총계,42367000000,USD,공시,https://www.sec.gov/Archives/edgar/data/1103982/000119312513431957/,,8
Mondelez International,MDLZ,2013Q3,2013-09-30,분기말 총자본(자기자본),32492000000,USD,공시,https://www.sec.gov/Archives/edgar/data/1103982/000119312513431957/,,8
Mondelez International,MDLZ,2013Q3,2013-09-30,분기말 지배지분 자본,32343000000,USD,공시,https://www.sec.gov/Archives/edgar/data/1103982/000119312513431957/,,8
Mondelez International,MDLZ,2013Q3,2013-09-30,분기말 종가,31.42,USD,API,https://query1.finance.yahoo.com/v8/finance/chart/MDLZ?interval=1d&events=splits (2013-09-30),,8
Mondelez International,MDLZ,2013Q3,2013-10-31,분기말 상장주식수,1753787532,주,공시(표지 기준일),https://www.sec.gov/Archives/edgar/data/1103982/000119312513431957/,dei:EntityCommonStockSharesOutstanding 클래스 합,8
Mondelez International,MDLZ,2013Q3,2013-09-30,분기말 시가총액,55104004255,USD,계산(종가×주식수),https://query1.finance.yahoo.com/v8/finance/chart/MDLZ?interval=1d&events=splits (2013-09-30) ; https://www.sec.gov/Archives/edgar/data/1103982/000119312513431957/,종가 31.42 × 주식수 1753787532,8
Mondelez International,MDLZ,2013Q4,2013-12-31,분기별 매출액,9488000000,USD,계산(연간-3분기누적),https://www.sec.gov/Archives/edgar/data/1103982/000119312514079175/ ; https://www.sec.gov/Archives/edgar/data/1103982/000119312513431957/,연간 35299000000 − 9개월누적 25811000000 (Revenues),8
Mondelez International,MDLZ,2013Q4,2013-12-31,분기별 영업이익,1010000000,USD,계산(연간-3분기누적),https://www.sec.gov/Archives/edgar/data/1103982/000119312514079175/ ; https://www.sec.gov/Archives/edgar/data/1103982/000119312513431957/,연간 3971000000 − 9개월누적 2961000000 (OperatingIncomeLoss),8
Mondelez International,MDLZ,2013Q4,2013-12-31,분기별 당기순이익(지배),1707000000,USD,계산(연간-3분기누적),https://www.sec.gov/Archives/edgar/data/1103982/000119312514079175/ ; https://www.sec.gov/Archives/edgar/data/1103982/000119312513431957/,연간 3915000000 − 9개월누적 2208000000 (NetIncomeLoss),8
Mondelez International,MDLZ,2013Q4,2013-12-31,분기별 영업활동현금흐름,5212000000,USD,계산(누적차감),https://www.sec.gov/Archives/edgar/data/1103982/000119312514079175/ ; https://www.sec.gov/Archives/edgar/data/1103982/000119312513431957/,누적 6410000000 − 직전누적 1198000000 (시작 2013-01-01),8
Mondelez International,MDLZ,2013Q4,2013-12-31,분기말 자산총계,72557000000,USD,공시,https://www.sec.gov/Archives/edgar/data/1103982/000119312514079175/,,8
Mondelez International,MDLZ,2013Q4,2013-12-31,분기말 부채총계,40025000000,USD,공시,https://www.sec.gov/Archives/edgar/data/1103982/000119312514079175/,,8
Mondelez International,MDLZ,2013Q4,2013-12-31,분기말 총자본(자기자본),32532000000,USD,공시,https://www.sec.gov/Archives/edgar/data/1103982/000119312514079175/,,8
Mondelez International,MDLZ,2013Q4,2013-12-31,분기말 지배지분 자본,32373000000,USD,공시,https://www.sec.gov/Archives/edgar/data/1103982/000119312514079175/,,8
Mondelez International,MDLZ,2013Q4,2013-12-31,분기말 종가,35.3,USD,API,https://query1.finance.yahoo.com/v8/finance/chart/MDLZ?interval=1d&events=splits (2013-12-31),,8
Mondelez International,MDLZ,2013Q4,2014-01-31,분기말 상장주식수,1700976286,주,공시(표지 기준일),https://www.sec.gov/Archives/edgar/data/1103982/000119312514079175/,dei:EntityCommonStockSharesOutstanding 클래스 합,8
Mondelez International,MDLZ,2013Q4,2013-12-31,분기말 시가총액,60044462896,USD,계산(종가×주식수),https://query1.finance.yahoo.com/v8/finance/chart/MDLZ?interval=1d&events=splits (2013-12-31) ; https://www.sec.gov/Archives/edgar/data/1103982/000119312514079175/,종가 35.3 × 주식수 1700976286,8
Mondelez International,MDLZ,2014Q1,2014-03-31,분기별 매출액,8641000000,USD,공시,https://www.sec.gov/Archives/edgar/data/1103982/000119312514189125/,,8
Mondelez International,MDLZ,2014Q1,2014-03-31,분기별 영업이익,843000000,USD,공시,https://www.sec.gov/Archives/edgar/data/1103982/000119312514189125/,,8
Mondelez International,MDLZ,2014Q1,2014-03-31,분기별 당기순이익(지배),163000000,USD,공시,https://www.sec.gov/Archives/edgar/data/1103982/000119312514189125/,,8
Mondelez International,MDLZ,2014Q1,2014-03-31,분기별 영업활동현금흐름,-577000000,USD,공시,https://www.sec.gov/Archives/edgar/data/1103982/000119312514189125/,,8
Mondelez International,MDLZ,2014Q1,2014-03-31,분기말 자산총계,72960000000,USD,공시,https://www.sec.gov/Archives/edgar/data/1103982/000119312514189125/,,8
Mondelez International,MDLZ,2014Q1,2014-03-31,분기말 부채총계,41184000000,USD,공시,https://www.sec.gov/Archives/edgar/data/1103982/000119312514189125/,,8
Mondelez International,MDLZ,2014Q1,2014-03-31,분기말 총자본(자기자본),31776000000,USD,공시,https://www.sec.gov/Archives/edgar/data/1103982/000119312514189125/,,8
Mondelez International,MDLZ,2014Q1,2014-03-31,분기말 지배지분 자본,31649000000,USD,공시,https://www.sec.gov/Archives/edgar/data/1103982/000119312514189125/,,8
Mondelez International,MDLZ,2014Q1,2014-03-31,분기말 종가,34.55,USD,API,https://query1.finance.yahoo.com/v8/finance/chart/MDLZ?interval=1d&events=splits (2014-03-31),,8
Mondelez International,MDLZ,2014Q1,2014-04-30,분기말 상장주식수,1691466169,주,공시(표지 기준일),https://www.sec.gov/Archives/edgar/data/1103982/000119312514189125/,dei:EntityCommonStockSharesOutstanding 클래스 합,8
Mondelez International,MDLZ,2014Q1,2014-03-31,분기말 시가총액,58440156139,USD,계산(종가×주식수),https://query1.finance.yahoo.com/v8/finance/chart/MDLZ?interval=1d&events=splits (2014-03-31) ; https://www.sec.gov/Archives/edgar/data/1103982/000119312514189125/,종가 34.55 × 주식수 1691466169,8
Mondelez International,MDLZ,2014Q2,2014-06-30,분기별 매출액,8436000000,USD,공시,https://www.sec.gov/Archives/edgar/data/1103982/000119312514302145/,,8
Mondelez International,MDLZ,2014Q2,2014-06-30,분기별 영업이익,957000000,USD,공시,https://www.sec.gov/Archives/edgar/data/1103982/000119312514302145/,,8
Mondelez International,MDLZ,2014Q2,2014-06-30,분기별 당기순이익(지배),622000000,USD,공시,https://www.sec.gov/Archives/edgar/data/1103982/000119312514302145/,,8
Mondelez International,MDLZ,2014Q2,2014-06-30,분기별 영업활동현금흐름,945000000,USD,계산(누적차감),https://www.sec.gov/Archives/edgar/data/1103982/000119312514302145/ ; https://www.sec.gov/Archives/edgar/data/1103982/000119312514189125/,누적 368000000 − 직전누적 -577000000 (시작 2014-01-01),8
Mondelez International,MDLZ,2014Q2,2014-06-30,분기말 자산총계,72680000000,USD,공시,https://www.sec.gov/Archives/edgar/data/1103982/000119312514302145/,,8
Mondelez International,MDLZ,2014Q2,2014-06-30,분기말 부채총계,40273000000,USD,공시,https://www.sec.gov/Archives/edgar/data/1103982/000119312514302145/,,8
Mondelez International,MDLZ,2014Q2,2014-06-30,분기말 총자본(자기자본),32407000000,USD,공시,https://www.sec.gov/Archives/edgar/data/1103982/000119312514302145/,,8
Mondelez International,MDLZ,2014Q2,2014-06-30,분기말 지배지분 자본,32268000000,USD,공시,https://www.sec.gov/Archives/edgar/data/1103982/000119312514302145/,,8
Mondelez International,MDLZ,2014Q2,2014-06-30,분기말 종가,37.61,USD,API,https://query1.finance.yahoo.com/v8/finance/chart/MDLZ?interval=1d&events=splits (2014-06-30),,8
Mondelez International,MDLZ,2014Q2,2014-07-31,분기말 상장주식수,1685888380,주,공시(표지 기준일),https://www.sec.gov/Archives/edgar/data/1103982/000119312514302145/,dei:EntityCommonStockSharesOutstanding 클래스 합,8
Mondelez International,MDLZ,2014Q2,2014-06-30,분기말 시가총액,63406261972,USD,계산(종가×주식수),https://query1.finance.yahoo.com/v8/finance/chart/MDLZ?interval=1d&events=splits (2014-06-30) ; https://www.sec.gov/Archives/edgar/data/1103982/000119312514302145/,종가 37.61 × 주식수 1685888380,8
Mondelez International,MDLZ,2014Q3,2014-09-30,분기별 매출액,8337000000,USD,공시,https://www.sec.gov/Archives/edgar/data/1103982/000119312514400312/,,8
Mondelez International,MDLZ,2014Q3,2014-09-30,분기별 영업이익,853000000,USD,공시,https://www.sec.gov/Archives/edgar/data/1103982/000119312514400312/,,8
Mondelez International,MDLZ,2014Q3,2014-09-30,분기별 당기순이익(지배),899000000,USD,공시,https://www.sec.gov/Archives/edgar/data/1103982/000119312514400312/,,8
Mondelez International,MDLZ,2014Q3,2014-09-30,분기별 영업활동현금흐름,781000000,USD,계산(누적차감),https://www.sec.gov/Archives/edgar/data/1103982/000119312514400312/ ; https://www.sec.gov/Archives/edgar/data/1103982/000119312514302145/,누적 1149000000 − 직전누적 368000000 (시작 2014-01-01),8
Mondelez International,MDLZ,2014Q3,2014-09-30,분기말 자산총계,69967000000,USD,공시,https://www.sec.gov/Archives/edgar/data/1103982/000119312514400312/,,8
Mondelez International,MDLZ,2014Q3,2014-09-30,분기말 부채총계,39011000000,USD,공시,https://www.sec.gov/Archives/edgar/data/1103982/000119312514400312/,,8
Mondelez International,MDLZ,2014Q3,2014-09-30,분기말 총자본(자기자본),30956000000,USD,공시,https://www.sec.gov/Archives/edgar/data/1103982/000119312514400312/,,8
Mondelez International,MDLZ,2014Q3,2014-09-30,분기말 지배지분 자본,30844000000,USD,공시,https://www.sec.gov/Archives/edgar/data/1103982/000119312514400312/,,8
Mondelez International,MDLZ,2014Q3,2014-09-30,분기말 종가,34.27,USD,API,https://query1.finance.yahoo.com/v8/finance/chart/MDLZ?interval=1d&events=splits (2014-09-30),,8
Mondelez International,MDLZ,2014Q3,2014-10-31,분기말 상장주식수,1679923170,주,공시(표지 기준일),https://www.sec.gov/Archives/edgar/data/1103982/000119312514400312/,dei:EntityCommonStockSharesOutstanding 클래스 합,8
Mondelez International,MDLZ,2014Q3,2014-09-30,분기말 시가총액,57570967036,USD,계산(종가×주식수),https://query1.finance.yahoo.com/v8/finance/chart/MDLZ?interval=1d&events=splits (2014-09-30) ; https://www.sec.gov/Archives/edgar/data/1103982/000119312514400312/,종가 34.27 × 주식수 1679923170,8
Mondelez International,MDLZ,2014Q4,2014-12-31,분기별 매출액,8830000000,USD,계산(연간-3분기누적),https://www.sec.gov/Archives/edgar/data/1103982/000119312515055355/ ; https://www.sec.gov/Archives/edgar/data/1103982/000119312514400312/,연간 34244000000 − 9개월누적 25414000000 (Revenues),8
Mondelez International,MDLZ,2014Q4,2014-12-31,분기별 영업이익,589000000,USD,계산(연간-3분기누적),https://www.sec.gov/Archives/edgar/data/1103982/000119312515055355/ ; https://www.sec.gov/Archives/edgar/data/1103982/000119312514400312/,연간 3242000000 − 9개월누적 2653000000 (OperatingIncomeLoss),8
Mondelez International,MDLZ,2014Q4,2014-12-31,분기별 당기순이익(지배),500000000,USD,계산(연간-3분기누적),https://www.sec.gov/Archives/edgar/data/1103982/000119312515055355/ ; https://www.sec.gov/Archives/edgar/data/1103982/000119312514400312/,연간 2184000000 − 9개월누적 1684000000 (NetIncomeLoss),8
Mondelez International,MDLZ,2014Q4,2014-12-31,분기별 영업활동현금흐름,2413000000,USD,계산(누적차감),https://www.sec.gov/Archives/edgar/data/1103982/000119312515055355/ ; https://www.sec.gov/Archives/edgar/data/1103982/000119312514400312/,누적 3562000000 − 직전누적 1149000000 (시작 2014-01-01),8
Mondelez International,MDLZ,2014Q4,2014-12-31,분기말 자산총계,66771000000,USD,공시(재작성 반영),https://www.sec.gov/Archives/edgar/data/1103982/000119312517055858/,원 공시 66815000000 (https://www.sec.gov/Archives/edgar/data/1103982/000119312515055355/),8
Mondelez International,MDLZ,2014Q4,2014-12-31,분기말 부채총계,38918000000,USD,공시(재작성 반영),https://www.sec.gov/Archives/edgar/data/1103982/000119312516469394/,원 공시 38962000000 (https://www.sec.gov/Archives/edgar/data/1103982/000119312515055355/),8
Mondelez International,MDLZ,2014Q4,2014-12-31,분기말 총자본(자기자본),27853000000,USD,공시,https://www.sec.gov/Archives/edgar/data/1103982/000119312515055355/,,8
Mondelez International,MDLZ,2014Q4,2014-12-31,분기말 지배지분 자본,27750000000,USD,공시,https://www.sec.gov/Archives/edgar/data/1103982/000119312515055355/,,8
Mondelez International,MDLZ,2014Q4,2014-12-31,분기말 종가,36.33,USD,API,https://query1.finance.yahoo.com/v8/finance/chart/MDLZ?interval=1d&events=splits (2014-12-31),,8
Mondelez International,MDLZ,2014Q4,2015-01-31,분기말 상장주식수,1649480188,주,공시(표지 기준일),https://www.sec.gov/Archives/edgar/data/1103982/000119312515055355/,dei:EntityCommonStockSharesOutstanding 클래스 합,8
Mondelez International,MDLZ,2014Q4,2014-12-31,분기말 시가총액,59925615230,USD,계산(종가×주식수),https://query1.finance.yahoo.com/v8/finance/chart/MDLZ?interval=1d&events=splits (2014-12-31) ; https://www.sec.gov/Archives/edgar/data/1103982/000119312515055355/,종가 36.33 × 주식수 1649480188,8
Mondelez International,MDLZ,2015Q1,2015-03-31,분기별 매출액,7762000000,USD,공시,https://www.sec.gov/Archives/edgar/data/1103982/000119312515160034/,,8
Mondelez International,MDLZ,2015Q1,2015-03-31,분기별 영업이익,811000000,USD,공시,https://www.sec.gov/Archives/edgar/data/1103982/000119312515160034/,,8
Mondelez International,MDLZ,2015Q1,2015-03-31,분기별 당기순이익(지배),324000000,USD,공시,https://www.sec.gov/Archives/edgar/data/1103982/000119312515160034/,,8
Mondelez International,MDLZ,2015Q1,2015-03-31,분기별 영업활동현금흐름,-282000000,USD,공시,https://www.sec.gov/Archives/edgar/data/1103982/000119312515160034/,,8
Mondelez International,MDLZ,2015Q1,2015-03-31,분기말 자산총계,64206000000,USD,공시,https://www.sec.gov/Archives/edgar/data/1103982/000119312515160034/,,8
Mondelez International,MDLZ,2015Q1,2015-03-31,분기말 부채총계,39594000000,USD,공시,https://www.sec.gov/Archives/edgar/data/1103982/000119312515160034/,,8
Mondelez International,MDLZ,2015Q1,2015-03-31,분기말 총자본(자기자본),24612000000,USD,공시,https://www.sec.gov/Archives/edgar/data/1103982/000119312515160034/,,8
Mondelez International,MDLZ,2015Q1,2015-03-31,분기말 지배지분 자본,24546000000,USD,공시,https://www.sec.gov/Archives/edgar/data/1103982/000119312515160034/,,8
Mondelez International,MDLZ,2015Q1,2015-03-31,분기말 종가,36.09,USD,API,https://query1.finance.yahoo.com/v8/finance/chart/MDLZ?interval=1d&events=splits (2015-03-31),,8
Mondelez International,MDLZ,2015Q1,2015-04-24,분기말 상장주식수,1626622679,주,공시(표지 기준일),https://www.sec.gov/Archives/edgar/data/1103982/000119312515160034/,dei:EntityCommonStockSharesOutstanding 클래스 합,8
Mondelez International,MDLZ,2015Q1,2015-03-31,분기말 시가총액,58704812485,USD,계산(종가×주식수),https://query1.finance.yahoo.com/v8/finance/chart/MDLZ?interval=1d&events=splits (2015-03-31) ; https://www.sec.gov/Archives/edgar/data/1103982/000119312515160034/,종가 36.09 × 주식수 1626622679,8
Mondelez International,MDLZ,2015Q2,2015-06-30,분기별 매출액,7661000000,USD,공시,https://www.sec.gov/Archives/edgar/data/1103982/000119312515272328/,,8
Mondelez International,MDLZ,2015Q2,2015-06-30,분기별 영업이익,841000000,USD,공시,https://www.sec.gov/Archives/edgar/data/1103982/000119312515272328/,,8
Mondelez International,MDLZ,2015Q2,2015-06-30,분기별 당기순이익(지배),406000000,USD,공시,https://www.sec.gov/Archives/edgar/data/1103982/000119312515272328/,,8
Mondelez International,MDLZ,2015Q2,2015-06-30,분기별 영업활동현금흐름,853000000,USD,계산(누적차감),https://www.sec.gov/Archives/edgar/data/1103982/000119312515272328/ ; https://www.sec.gov/Archives/edgar/data/1103982/000119312515160034/,누적 571000000 − 직전누적 -282000000 (시작 2015-01-01),8
Mondelez International,MDLZ,2015Q2,2015-06-30,분기말 자산총계,65118000000,USD,공시,https://www.sec.gov/Archives/edgar/data/1103982/000119312515272328/,,8
Mondelez International,MDLZ,2015Q2,2015-06-30,분기말 부채총계,40384000000,USD,공시,https://www.sec.gov/Archives/edgar/data/1103982/000119312515272328/,,8
Mondelez International,MDLZ,2015Q2,2015-06-30,분기말 총자본(자기자본),24734000000,USD,공시,https://www.sec.gov/Archives/edgar/data/1103982/000119312515272328/,,8
Mondelez International,MDLZ,2015Q2,2015-06-30,분기말 지배지분 자본,24645000000,USD,공시,https://www.sec.gov/Archives/edgar/data/1103982/000119312515272328/,,8
Mondelez International,MDLZ,2015Q2,2015-06-30,분기말 종가,41.14,USD,API,https://query1.finance.yahoo.com/v8/finance/chart/MDLZ?interval=1d&events=splits (2015-06-30),,8
Mondelez International,MDLZ,2015Q2,2015-07-24,분기말 상장주식수,1611307164,주,공시(표지 기준일),https://www.sec.gov/Archives/edgar/data/1103982/000119312515272328/,dei:EntityCommonStockSharesOutstanding 클래스 합,8
Mondelez International,MDLZ,2015Q2,2015-06-30,분기말 시가총액,66289176727,USD,계산(종가×주식수),https://query1.finance.yahoo.com/v8/finance/chart/MDLZ?interval=1d&events=splits (2015-06-30) ; https://www.sec.gov/Archives/edgar/data/1103982/000119312515272328/,종가 41.14 × 주식수 1611307164,8
Mondelez International,MDLZ,2015Q3,2015-09-30,분기별 매출액,6849000000,USD,공시,https://www.sec.gov/Archives/edgar/data/1103982/000119312515357422/,,8
Mondelez International,MDLZ,2015Q3,2015-09-30,분기별 영업이익,7802000000,USD,공시,https://www.sec.gov/Archives/edgar/data/1103982/000119312515357422/,,8
Mondelez International,MDLZ,2015Q3,2015-09-30,분기별 당기순이익(지배),7266000000,USD,공시,https://www.sec.gov/Archives/edgar/data/1103982/000119312515357422/,,8
Mondelez International,MDLZ,2015Q3,2015-09-30,분기별 영업활동현금흐름,841000000,USD,계산(누적차감),https://www.sec.gov/Archives/edgar/data/1103982/000119312515357422/ ; https://www.sec.gov/Archives/edgar/data/1103982/000119312515272328/,누적 1412000000 − 직전누적 571000000 (시작 2015-01-01),8
Mondelez International,MDLZ,2015Q3,2015-09-30,분기말 자산총계,66390000000,USD,공시,https://www.sec.gov/Archives/edgar/data/1103982/000119312515357422/,,8
Mondelez International,MDLZ,2015Q3,2015-09-30,분기말 부채총계,36438000000,USD,공시,https://www.sec.gov/Archives/edgar/data/1103982/000119312515357422/,,8
Mondelez International,MDLZ,2015Q3,2015-09-30,분기말 총자본(자기자본),29952000000,USD,공시,https://www.sec.gov/Archives/edgar/data/1103982/000119312515357422/,,8
Mondelez International,MDLZ,2015Q3,2015-09-30,분기말 지배지분 자본,29868000000,USD,공시,https://www.sec.gov/Archives/edgar/data/1103982/000119312515357422/,,8
Mondelez International,MDLZ,2015Q3,2015-09-30,분기말 종가,41.87,USD,API,https://query1.finance.yahoo.com/v8/finance/chart/MDLZ?interval=1d&events=splits (2015-09-30),,8
Mondelez International,MDLZ,2015Q3,2015-10-23,분기말 상장주식수,1589167484,주,공시(표지 기준일),https://www.sec.gov/Archives/edgar/data/1103982/000119312515357422/,dei:EntityCommonStockSharesOutstanding 클래스 합,8
Mondelez International,MDLZ,2015Q3,2015-09-30,분기말 시가총액,66538442555,USD,계산(종가×주식수),https://query1.finance.yahoo.com/v8/finance/chart/MDLZ?interval=1d&events=splits (2015-09-30) ; https://www.sec.gov/Archives/edgar/data/1103982/000119312515357422/,종가 41.87 × 주식수 1589167484,8
Mondelez International,MDLZ,2015Q4,2015-12-31,분기별 매출액,7364000000,USD,계산(연간-3분기누적),https://www.sec.gov/Archives/edgar/data/1103982/000119312516469394/ ; https://www.sec.gov/Archives/edgar/data/1103982/000119312515357422/,연간 29636000000 − 9개월누적 22272000000 (Revenues),8
Mondelez International,MDLZ,2015Q4,2015-12-31,분기별 영업이익,-557000000,USD,계산(연간-3분기누적),https://www.sec.gov/Archives/edgar/data/1103982/000119312516469394/ ; https://www.sec.gov/Archives/edgar/data/1103982/000119312515357422/,연간 8897000000 − 9개월누적 9454000000 (OperatingIncomeLoss),8
Mondelez International,MDLZ,2015Q4,2015-12-31,분기별 당기순이익(지배),-729000000,USD,계산(연간-3분기누적),https://www.sec.gov/Archives/edgar/data/1103982/000119312516469394/ ; https://www.sec.gov/Archives/edgar/data/1103982/000119312515357422/,연간 7267000000 − 9개월누적 7996000000 (NetIncomeLoss),8
Mondelez International,MDLZ,2015Q4,2015-12-31,분기별 영업활동현금흐름,2316000000,USD,계산(누적차감),https://www.sec.gov/Archives/edgar/data/1103982/000119312516469394/ ; https://www.sec.gov/Archives/edgar/data/1103982/000119312515357422/,누적 3728000000 − 직전누적 1412000000 (시작 2015-01-01),8
Mondelez International,MDLZ,2015Q4,2015-12-31,분기말 자산총계,62843000000,USD,공시,https://www.sec.gov/Archives/edgar/data/1103982/000119312516469394/,,8
Mondelez International,MDLZ,2015Q4,2015-12-31,분기말 부채총계,34743000000,USD,공시,https://www.sec.gov/Archives/edgar/data/1103982/000119312516469394/,,8
Mondelez International,MDLZ,2015Q4,2015-12-31,분기말 총자본(자기자본),28100000000,USD,공시,https://www.sec.gov/Archives/edgar/data/1103982/000119312516469394/,,8
Mondelez International,MDLZ,2015Q4,2015-12-31,분기말 지배지분 자본,28012000000,USD,공시,https://www.sec.gov/Archives/edgar/data/1103982/000119312516469394/,,8
Mondelez International,MDLZ,2015Q4,2015-12-31,분기말 종가,44.84,USD,API,https://query1.finance.yahoo.com/v8/finance/chart/MDLZ?interval=1d&events=splits (2015-12-31),,8
Mondelez International,MDLZ,2015Q4,2016-02-12,분기말 상장주식수,1568858264,주,공시(표지 기준일),https://www.sec.gov/Archives/edgar/data/1103982/000119312516469394/,dei:EntityCommonStockSharesOutstanding 클래스 합,8
Mondelez International,MDLZ,2015Q4,2015-12-31,분기말 시가총액,70347604558,USD,계산(종가×주식수),https://query1.finance.yahoo.com/v8/finance/chart/MDLZ?interval=1d&events=splits (2015-12-31) ; https://www.sec.gov/Archives/edgar/data/1103982/000119312516469394/,종가 44.84 × 주식수 1568858264,8
Mondelez International,MDLZ,2016Q1,2016-03-31,분기별 매출액,6455000000,USD,공시,https://www.sec.gov/Archives/edgar/data/1103982/000119312516561707/,,8
Mondelez International,MDLZ,2016Q1,2016-03-31,분기별 영업이익,722000000,USD,공시,https://www.sec.gov/Archives/edgar/data/1103982/000119312516561707/,,8
Mondelez International,MDLZ,2016Q1,2016-03-31,분기별 당기순이익(지배),554000000,USD,공시,https://www.sec.gov/Archives/edgar/data/1103982/000119312516561707/,,8
Mondelez International,MDLZ,2016Q1,2016-03-31,분기별 영업활동현금흐름,-454000000,USD,공시,https://www.sec.gov/Archives/edgar/data/1103982/000119312516561707/,,8
Mondelez International,MDLZ,2016Q1,2016-03-31,분기말 자산총계,63975000000,USD,공시,https://www.sec.gov/Archives/edgar/data/1103982/000119312516561707/,,8
Mondelez International,MDLZ,2016Q1,2016-03-31,분기말 부채총계,36113000000,USD,공시,https://www.sec.gov/Archives/edgar/data/1103982/000119312516561707/,,8
Mondelez International,MDLZ,2016Q1,2016-03-31,분기말 총자본(자기자본),27862000000,USD,공시,https://www.sec.gov/Archives/edgar/data/1103982/000119312516561707/,,8
Mondelez International,MDLZ,2016Q1,2016-03-31,분기말 지배지분 자본,27770000000,USD,공시,https://www.sec.gov/Archives/edgar/data/1103982/000119312516561707/,,8
Mondelez International,MDLZ,2016Q1,2016-03-31,분기말 종가,40.12,USD,API,https://query1.finance.yahoo.com/v8/finance/chart/MDLZ?interval=1d&events=splits (2016-03-31),,8
Mondelez International,MDLZ,2016Q1,2016-04-22,분기말 상장주식수,1552060693,주,공시(표지 기준일),https://www.sec.gov/Archives/edgar/data/1103982/000119312516561707/,dei:EntityCommonStockSharesOutstanding 클래스 합,8
Mondelez International,MDLZ,2016Q1,2016-03-31,분기말 시가총액,62268675003,USD,계산(종가×주식수),https://query1.finance.yahoo.com/v8/finance/chart/MDLZ?interval=1d&events=splits (2016-03-31) ; https://www.sec.gov/Archives/edgar/data/1103982/000119312516561707/,종가 40.12 × 주식수 1552060693,8
Mondelez International,MDLZ,2016Q2,2016-06-30,분기별 매출액,6302000000,USD,공시,https://www.sec.gov/Archives/edgar/data/1103982/000119312516660006/,,8
Mondelez International,MDLZ,2016Q2,2016-06-30,분기별 영업이익,638000000,USD,공시,https://www.sec.gov/Archives/edgar/data/1103982/000119312516660006/,,8
Mondelez International,MDLZ,2016Q2,2016-06-30,분기별 당기순이익(지배),464000000,USD,공시,https://www.sec.gov/Archives/edgar/data/1103982/000119312516660006/,,8
Mondelez International,MDLZ,2016Q2,2016-06-30,분기별 영업활동현금흐름,791000000,USD,계산(누적차감),https://www.sec.gov/Archives/edgar/data/1103982/000119312516660006/ ; https://www.sec.gov/Archives/edgar/data/1103982/000119312516561707/,누적 337000000 − 직전누적 -454000000 (시작 2016-01-01),8
Mondelez International,MDLZ,2016Q2,2016-06-30,분기말 자산총계,63271000000,USD,공시,https://www.sec.gov/Archives/edgar/data/1103982/000119312516660006/,,8
Mondelez International,MDLZ,2016Q2,2016-06-30,분기말 부채총계,35595000000,USD,공시,https://www.sec.gov/Archives/edgar/data/1103982/000119312516660006/,,8
Mondelez International,MDLZ,2016Q2,2016-06-30,분기말 총자본(자기자본),27676000000,USD,공시,https://www.sec.gov/Archives/edgar/data/1103982/000119312516660006/,,8
Mondelez International,MDLZ,2016Q2,2016-06-30,분기말 지배지분 자본,27592000000,USD,공시,https://www.sec.gov/Archives/edgar/data/1103982/000119312516660006/,,8
Mondelez International,MDLZ,2016Q2,2016-06-30,분기말 종가,45.51,USD,API,https://query1.finance.yahoo.com/v8/finance/chart/MDLZ?interval=1d&events=splits (2016-06-30),,8
Mondelez International,MDLZ,2016Q2,2016-07-22,분기말 상장주식수,1555535018,주,공시(표지 기준일),https://www.sec.gov/Archives/edgar/data/1103982/000119312516660006/,dei:EntityCommonStockSharesOutstanding 클래스 합,8
Mondelez International,MDLZ,2016Q2,2016-06-30,분기말 시가총액,70792398669,USD,계산(종가×주식수),https://query1.finance.yahoo.com/v8/finance/chart/MDLZ?interval=1d&events=splits (2016-06-30) ; https://www.sec.gov/Archives/edgar/data/1103982/000119312516660006/,종가 45.51 × 주식수 1555535018,8
Mondelez International,MDLZ,2016Q3,2016-09-30,분기별 매출액,6396000000,USD,공시,https://www.sec.gov/Archives/edgar/data/1103982/000119312516747755/,,8
Mondelez International,MDLZ,2016Q3,2016-09-30,분기별 영업이익,702000000,USD,공시,https://www.sec.gov/Archives/edgar/data/1103982/000119312516747755/,,8
Mondelez International,MDLZ,2016Q3,2016-09-30,분기별 당기순이익(지배),548000000,USD,공시,https://www.sec.gov/Archives/edgar/data/1103982/000119312516747755/,,8
Mondelez International,MDLZ,2016Q3,2016-09-30,분기별 영업활동현금흐름,801000000,USD,계산(누적차감),https://www.sec.gov/Archives/edgar/data/1103982/000119312516747755/ ; https://www.sec.gov/Archives/edgar/data/1103982/000119312516660006/,누적 1138000000 − 직전누적 337000000 (시작 2016-01-01),8
Mondelez International,MDLZ,2016Q3,2016-09-30,분기말 자산총계,63265000000,USD,공시,https://www.sec.gov/Archives/edgar/data/1103982/000119312516747755/,,8
Mondelez International,MDLZ,2016Q3,2016-09-30,분기말 부채총계,35688000000,USD,공시,https://www.sec.gov/Archives/edgar/data/1103982/000119312516747755/,,8
Mondelez International,MDLZ,2016Q3,2016-09-30,분기말 총자본(자기자본),27577000000,USD,공시,https://www.sec.gov/Archives/edgar/data/1103982/000119312516747755/,,8
Mondelez International,MDLZ,2016Q3,2016-09-30,분기말 지배지분 자본,27509000000,USD,공시,https://www.sec.gov/Archives/edgar/data/1103982/000119312516747755/,,8
Mondelez International,MDLZ,2016Q3,2016-09-30,분기말 종가,43.9,USD,API,https://query1.finance.yahoo.com/v8/finance/chart/MDLZ?interval=1d&events=splits (2016-09-30),,8
Mondelez International,MDLZ,2016Q3,2016-10-21,분기말 상장주식수,1544411707,주,공시(표지 기준일),https://www.sec.gov/Archives/edgar/data/1103982/000119312516747755/,dei:EntityCommonStockSharesOutstanding 클래스 합,8
Mondelez International,MDLZ,2016Q3,2016-09-30,분기말 시가총액,67799673937,USD,계산(종가×주식수),https://query1.finance.yahoo.com/v8/finance/chart/MDLZ?interval=1d&events=splits (2016-09-30) ; https://www.sec.gov/Archives/edgar/data/1103982/000119312516747755/,종가 43.9 × 주식수 1544411707,8
Mondelez International,MDLZ,2016Q4,2016-12-31,분기별 매출액,6770000000,USD,계산(연간-3분기누적),https://www.sec.gov/Archives/edgar/data/1103982/000119312517055858/ ; https://www.sec.gov/Archives/edgar/data/1103982/000119312516747755/,연간 25923000000 − 9개월누적 19153000000 (Revenues),8
Mondelez International,MDLZ,2016Q4,2016-12-31,분기별 영업이익,507000000,USD,계산(연간-3분기누적),https://www.sec.gov/Archives/edgar/data/1103982/000119312517055858/ ; https://www.sec.gov/Archives/edgar/data/1103982/000119312516747755/,연간 2569000000 − 9개월누적 2062000000 (OperatingIncomeLoss),8
Mondelez International,MDLZ,2016Q4,2016-12-31,분기별 당기순이익(지배),93000000,USD,계산(연간-3분기누적),https://www.sec.gov/Archives/edgar/data/1103982/000119312517055858/ ; https://www.sec.gov/Archives/edgar/data/1103982/000119312516747755/,연간 1659000000 − 9개월누적 1566000000 (NetIncomeLoss),8
Mondelez International,MDLZ,2016Q4,2016-12-31,분기별 영업활동현금흐름,1700000000,USD,계산(누적차감),https://www.sec.gov/Archives/edgar/data/1103982/000119312517055858/ ; https://www.sec.gov/Archives/edgar/data/1103982/000119312516747755/,누적 2838000000 − 직전누적 1138000000 (시작 2016-01-01),8
Mondelez International,MDLZ,2016Q4,2016-12-31,분기말 자산총계,61538000000,USD,공시,https://www.sec.gov/Archives/edgar/data/1103982/000119312517055858/,,8
Mondelez International,MDLZ,2016Q4,2016-12-31,분기말 부채총계,36323000000,USD,공시,https://www.sec.gov/Archives/edgar/data/1103982/000119312517055858/,,8
Mondelez International,MDLZ,2016Q4,2016-12-31,분기말 총자본(자기자본),25215000000,USD,공시,https://www.sec.gov/Archives/edgar/data/1103982/000119312517055858/,,8
Mondelez International,MDLZ,2016Q4,2016-12-31,분기말 지배지분 자본,25161000000,USD,공시,https://www.sec.gov/Archives/edgar/data/1103982/000119312517055858/,,8
Mondelez International,MDLZ,2016Q4,2016-12-30,분기말 종가,44.33,USD,API,https://query1.finance.yahoo.com/v8/finance/chart/MDLZ?interval=1d&events=splits (2016-12-30),,8
Mondelez International,MDLZ,2016Q4,2017-02-17,분기말 상장주식수,1526612169,주,공시(표지 기준일),https://www.sec.gov/Archives/edgar/data/1103982/000119312517055858/,dei:EntityCommonStockSharesOutstanding 클래스 합,8
Mondelez International,MDLZ,2016Q4,2016-12-30,분기말 시가총액,67674717452,USD,계산(종가×주식수),https://query1.finance.yahoo.com/v8/finance/chart/MDLZ?interval=1d&events=splits (2016-12-30) ; https://www.sec.gov/Archives/edgar/data/1103982/000119312517055858/,종가 44.33 × 주식수 1526612169,8
Mondelez International,MDLZ,2017Q1,2017-03-31,분기별 매출액,6414000000,USD,공시,https://www.sec.gov/Archives/edgar/data/1103982/000119312517155252/,,8
Mondelez International,MDLZ,2017Q1,2017-03-31,분기별 영업이익,840000000,USD,공시,https://www.sec.gov/Archives/edgar/data/1103982/000119312517155252/,,8
Mondelez International,MDLZ,2017Q1,2017-03-31,분기별 당기순이익(지배),630000000,USD,공시,https://www.sec.gov/Archives/edgar/data/1103982/000119312517155252/,,8
Mondelez International,MDLZ,2017Q1,2017-03-31,분기별 영업활동현금흐름,-557000000,USD,공시,https://www.sec.gov/Archives/edgar/data/1103982/000119312517155252/,,8
Mondelez International,MDLZ,2017Q1,2017-03-31,분기말 자산총계,62076000000,USD,공시,https://www.sec.gov/Archives/edgar/data/1103982/000119312517155252/,,8
Mondelez International,MDLZ,2017Q1,2017-03-31,분기말 부채총계,36357000000,USD,공시,https://www.sec.gov/Archives/edgar/data/1103982/000119312517155252/,,8
Mondelez International,MDLZ,2017Q1,2017-03-31,분기말 총자본(자기자본),25719000000,USD,공시,https://www.sec.gov/Archives/edgar/data/1103982/000119312517155252/,,8
Mondelez International,MDLZ,2017Q1,2017-03-31,분기말 지배지분 자본,25658000000,USD,공시,https://www.sec.gov/Archives/edgar/data/1103982/000119312517155252/,,8
Mondelez International,MDLZ,2017Q1,2017-03-31,분기말 종가,43.08,USD,API,https://query1.finance.yahoo.com/v8/finance/chart/MDLZ?interval=1d&events=splits (2017-03-31),,8
Mondelez International,MDLZ,2017Q1,2017-04-28,분기말 상장주식수,1517278172,주,공시(표지 기준일),https://www.sec.gov/Archives/edgar/data/1103982/000119312517155252/,dei:EntityCommonStockSharesOutstanding 클래스 합,8
Mondelez International,MDLZ,2017Q1,2017-03-31,분기말 시가총액,65364343650,USD,계산(종가×주식수),https://query1.finance.yahoo.com/v8/finance/chart/MDLZ?interval=1d&events=splits (2017-03-31) ; https://www.sec.gov/Archives/edgar/data/1103982/000119312517155252/,종가 43.08 × 주식수 1517278172,8
Mondelez International,MDLZ,2017Q2,2017-06-30,분기별 매출액,5986000000,USD,공시,https://www.sec.gov/Archives/edgar/data/1103982/000119312517245459/,,8
Mondelez International,MDLZ,2017Q2,2017-06-30,분기별 영업이익,641000000,USD,공시,https://www.sec.gov/Archives/edgar/data/1103982/000119312517245459/,,8
Mondelez International,MDLZ,2017Q2,2017-06-30,분기별 당기순이익(지배),498000000,USD,공시,https://www.sec.gov/Archives/edgar/data/1103982/000119312517245459/,,8
Mondelez International,MDLZ,2017Q2,2017-06-30,분기별 영업활동현금흐름,819000000,USD,계산(누적차감),https://www.sec.gov/Archives/edgar/data/1103982/000119312517245459/ ; https://www.sec.gov/Archives/edgar/data/1103982/000119312517155252/,누적 262000000 − 직전누적 -557000000 (시작 2017-01-01),8
Mondelez International,MDLZ,2017Q2,2017-06-30,분기말 자산총계,62757000000,USD,공시,https://www.sec.gov/Archives/edgar/data/1103982/000119312517245459/,,8
Mondelez International,MDLZ,2017Q2,2017-06-30,분기말 부채총계,36965000000,USD,공시,https://www.sec.gov/Archives/edgar/data/1103982/000119312517245459/,,8
Mondelez International,MDLZ,2017Q2,2017-06-30,분기말 총자본(자기자본),25792000000,USD,공시,https://www.sec.gov/Archives/edgar/data/1103982/000119312517245459/,,8
Mondelez International,MDLZ,2017Q2,2017-06-30,분기말 지배지분 자본,25720000000,USD,공시,https://www.sec.gov/Archives/edgar/data/1103982/000119312517245459/,,8
Mondelez International,MDLZ,2017Q2,2017-06-30,분기말 종가,43.19,USD,API,https://query1.finance.yahoo.com/v8/finance/chart/MDLZ?interval=1d&events=splits (2017-06-30),,8
Mondelez International,MDLZ,2017Q2,2017-07-28,분기말 상장주식수,1507639931,주,공시(표지 기준일),https://www.sec.gov/Archives/edgar/data/1103982/000119312517245459/,dei:EntityCommonStockSharesOutstanding 클래스 합,8
Mondelez International,MDLZ,2017Q2,2017-06-30,분기말 시가총액,65114968620,USD,계산(종가×주식수),https://query1.finance.yahoo.com/v8/finance/chart/MDLZ?interval=1d&events=splits (2017-06-30) ; https://www.sec.gov/Archives/edgar/data/1103982/000119312517245459/,종가 43.19 × 주식수 1507639931,8
Mondelez International,MDLZ,2017Q3,2017-09-30,분기별 매출액,6530000000,USD,공시,https://www.sec.gov/Archives/edgar/data/1103982/000119312517326282/,,8
Mondelez International,MDLZ,2017Q3,2017-09-30,분기별 영업이익,1181000000,USD,공시,https://www.sec.gov/Archives/edgar/data/1103982/000119312517326282/,,8
Mondelez International,MDLZ,2017Q3,2017-09-30,분기별 당기순이익(지배),992000000,USD,공시,https://www.sec.gov/Archives/edgar/data/1103982/000119312517326282/,,8
Mondelez International,MDLZ,2017Q3,2017-09-30,분기별 영업활동현금흐름,535000000,USD,계산(누적차감),https://www.sec.gov/Archives/edgar/data/1103982/000119312517326282/ ; https://www.sec.gov/Archives/edgar/data/1103982/000119312517245459/,누적 797000000 − 직전누적 262000000 (시작 2017-01-01),8
Mondelez International,MDLZ,2017Q3,2017-09-30,분기말 자산총계,63291000000,USD,공시,https://www.sec.gov/Archives/edgar/data/1103982/000119312517326282/,,8
Mondelez International,MDLZ,2017Q3,2017-09-30,분기말 부채총계,37192000000,USD,공시,https://www.sec.gov/Archives/edgar/data/1103982/000119312517326282/,,8
Mondelez International,MDLZ,2017Q3,2017-09-30,분기말 총자본(자기자본),26099000000,USD,공시,https://www.sec.gov/Archives/edgar/data/1103982/000119312517326282/,,8
Mondelez International,MDLZ,2017Q3,2017-09-30,분기말 지배지분 자본,26031000000,USD,공시,https://www.sec.gov/Archives/edgar/data/1103982/000119312517326282/,,8
Mondelez International,MDLZ,2017Q3,2017-09-29,분기말 종가,40.66,USD,API,https://query1.finance.yahoo.com/v8/finance/chart/MDLZ?interval=1d&events=splits (2017-09-29),,8
Mondelez International,MDLZ,2017Q3,2017-10-27,분기말 상장주식수,1494388598,주,공시(표지 기준일),https://www.sec.gov/Archives/edgar/data/1103982/000119312517326282/,dei:EntityCommonStockSharesOutstanding 클래스 합,8
Mondelez International,MDLZ,2017Q3,2017-09-29,분기말 시가총액,60761840395,USD,계산(종가×주식수),https://query1.finance.yahoo.com/v8/finance/chart/MDLZ?interval=1d&events=splits (2017-09-29) ; https://www.sec.gov/Archives/edgar/data/1103982/000119312517326282/,종가 40.66 × 주식수 1494388598,8
Mondelez International,MDLZ,2017Q4,2017-12-31,분기별 매출액,6966000000,USD,계산(연간-3분기누적),https://www.sec.gov/Archives/edgar/data/1103982/000119312518037332/ ; https://www.sec.gov/Archives/edgar/data/1103982/000119312517326282/,연간 25896000000 − 9개월누적 18930000000 (Revenues),8
Mondelez International,MDLZ,2017Q4,2017-12-31,분기별 영업이익,844000000,USD,계산(연간-3분기누적),https://www.sec.gov/Archives/edgar/data/1103982/000119312518037332/ ; https://www.sec.gov/Archives/edgar/data/1103982/000119312517326282/,연간 3506000000 − 9개월누적 2662000000 (OperatingIncomeLoss),8
Mondelez International,MDLZ,2017Q4,2017-12-31,분기별 당기순이익(지배),802000000,USD,계산(연간-3분기누적),https://www.sec.gov/Archives/edgar/data/1103982/000119312518037332/ ; https://www.sec.gov/Archives/edgar/data/1103982/000119312517326282/,연간 2922000000 − 9개월누적 2120000000 (NetIncomeLoss),8
Mondelez International,MDLZ,2017Q4,2017-12-31,분기별 영업활동현금흐름,1796000000,USD,계산(누적차감),https://www.sec.gov/Archives/edgar/data/1103982/000119312518037332/ ; https://www.sec.gov/Archives/edgar/data/1103982/000119312517326282/,누적 2593000000 − 직전누적 797000000 (시작 2017-01-01),8
Mondelez International,MDLZ,2017Q4,2017-12-31,분기말 자산총계,63109000000,USD,공시,https://www.sec.gov/Archives/edgar/data/1103982/000119312518037332/,,8
Mondelez International,MDLZ,2017Q4,2017-12-31,분기말 부채총계,36918000000,USD,공시,https://www.sec.gov/Archives/edgar/data/1103982/000119312518037332/,,8
Mondelez International,MDLZ,2017Q4,2017-12-31,분기말 총자본(자기자본),26191000000,USD,공시,https://www.sec.gov/Archives/edgar/data/1103982/000119312518037332/,,8
Mondelez International,MDLZ,2017Q4,2017-12-31,분기말 지배지분 자본,26111000000,USD,공시,https://www.sec.gov/Archives/edgar/data/1103982/000119312518037332/,,8
Mondelez International,MDLZ,2017Q4,2017-12-29,분기말 종가,42.8,USD,API,https://query1.finance.yahoo.com/v8/finance/chart/MDLZ?interval=1d&events=splits (2017-12-29),,8
Mondelez International,MDLZ,2017Q4,2018-02-02,분기말 상장주식수,1487328466,주,공시(표지 기준일),https://www.sec.gov/Archives/edgar/data/1103982/000119312518037332/,dei:EntityCommonStockSharesOutstanding 클래스 합,8
Mondelez International,MDLZ,2017Q4,2017-12-29,분기말 시가총액,63657658345,USD,계산(종가×주식수),https://query1.finance.yahoo.com/v8/finance/chart/MDLZ?interval=1d&events=splits (2017-12-29) ; https://www.sec.gov/Archives/edgar/data/1103982/000119312518037332/,종가 42.8 × 주식수 1487328466,8
Mondelez International,MDLZ,2018Q1,2018-03-31,분기별 매출액,6765000000,USD,공시,https://www.sec.gov/Archives/edgar/data/1103982/000110398218000005/,,8
Mondelez International,MDLZ,2018Q1,2018-03-31,분기별 영업이익,1224000000,USD,공시,https://www.sec.gov/Archives/edgar/data/1103982/000110398218000005/,,8
Mondelez International,MDLZ,2018Q1,2018-03-31,분기별 당기순이익(지배),938000000,USD,공시,https://www.sec.gov/Archives/edgar/data/1103982/000110398218000005/,,8
Mondelez International,MDLZ,2018Q1,2018-03-31,분기별 영업활동현금흐름,407000000,USD,공시,https://www.sec.gov/Archives/edgar/data/1103982/000110398218000005/,,8
Mondelez International,MDLZ,2018Q1,2018-03-31,분기말 자산총계,64503000000,USD,공시,https://www.sec.gov/Archives/edgar/data/1103982/000110398218000005/,,8
Mondelez International,MDLZ,2018Q1,2018-03-31,분기말 부채총계,37953000000,USD,공시,https://www.sec.gov/Archives/edgar/data/1103982/000110398218000005/,,8
Mondelez International,MDLZ,2018Q1,2018-03-31,분기말 총자본(자기자본),26550000000,USD,공시,https://www.sec.gov/Archives/edgar/data/1103982/000110398218000005/,,8
Mondelez International,MDLZ,2018Q1,2018-03-31,분기말 지배지분 자본,26452000000,USD,공시,https://www.sec.gov/Archives/edgar/data/1103982/000110398218000005/,,8
Mondelez International,MDLZ,2018Q1,2018-03-29,분기말 종가,41.73,USD,API,https://query1.finance.yahoo.com/v8/finance/chart/MDLZ?interval=1d&events=splits (2018-03-29),,8
Mondelez International,MDLZ,2018Q1,2018-04-27,분기말 상장주식수,1475068042,주,공시(표지 기준일),https://www.sec.gov/Archives/edgar/data/1103982/000110398218000005/,dei:EntityCommonStockSharesOutstanding 클래스 합,8
Mondelez International,MDLZ,2018Q1,2018-03-29,분기말 시가총액,61554589393,USD,계산(종가×주식수),https://query1.finance.yahoo.com/v8/finance/chart/MDLZ?interval=1d&events=splits (2018-03-29) ; https://www.sec.gov/Archives/edgar/data/1103982/000110398218000005/,종가 41.73 × 주식수 1475068042,8
Mondelez International,MDLZ,2018Q2,2018-06-30,분기별 매출액,6112000000,USD,공시,https://www.sec.gov/Archives/edgar/data/1103982/000110398218000009/,,8
Mondelez International,MDLZ,2018Q2,2018-06-30,분기별 영업이익,481000000,USD,공시,https://www.sec.gov/Archives/edgar/data/1103982/000110398218000009/,,8
Mondelez International,MDLZ,2018Q2,2018-06-30,분기별 당기순이익(지배),323000000,USD,공시,https://www.sec.gov/Archives/edgar/data/1103982/000110398218000009/,,8
Mondelez International,MDLZ,2018Q2,2018-06-30,분기별 영업활동현금흐름,775000000,USD,계산(누적차감),https://www.sec.gov/Archives/edgar/data/1103982/000110398218000009/ ; https://www.sec.gov/Archives/edgar/data/1103982/000110398218000005/,누적 1182000000 − 직전누적 407000000 (시작 2018-01-01),8
Mondelez International,MDLZ,2018Q2,2018-06-30,분기말 자산총계,62974000000,USD,공시,https://www.sec.gov/Archives/edgar/data/1103982/000110398218000009/,,8
Mondelez International,MDLZ,2018Q2,2018-06-30,분기말 부채총계,37687000000,USD,공시,https://www.sec.gov/Archives/edgar/data/1103982/000110398218000009/,,8
Mondelez International,MDLZ,2018Q2,2018-06-30,분기말 총자본(자기자본),25287000000,USD,공시,https://www.sec.gov/Archives/edgar/data/1103982/000110398218000009/,,8
Mondelez International,MDLZ,2018Q2,2018-06-30,분기말 지배지분 자본,25203000000,USD,공시,https://www.sec.gov/Archives/edgar/data/1103982/000110398218000009/,,8
Mondelez International,MDLZ,2018Q2,2018-06-29,분기말 종가,41.0,USD,API,https://query1.finance.yahoo.com/v8/finance/chart/MDLZ?interval=1d&events=splits (2018-06-29),,8
Mondelez International,MDLZ,2018Q2,2018-07-20,분기말 상장주식수,1466560999,주,공시(표지 기준일),https://www.sec.gov/Archives/edgar/data/1103982/000110398218000009/,dei:EntityCommonStockSharesOutstanding 클래스 합,8
Mondelez International,MDLZ,2018Q2,2018-06-29,분기말 시가총액,60129000959,USD,계산(종가×주식수),https://query1.finance.yahoo.com/v8/finance/chart/MDLZ?interval=1d&events=splits (2018-06-29) ; https://www.sec.gov/Archives/edgar/data/1103982/000110398218000009/,종가 41.0 × 주식수 1466560999,8
Mondelez International,MDLZ,2018Q3,2018-09-30,분기별 매출액,6288000000,USD,공시,https://www.sec.gov/Archives/edgar/data/1103982/000110398218000013/,,8
Mondelez International,MDLZ,2018Q3,2018-09-30,분기별 영업이익,737000000,USD,공시,https://www.sec.gov/Archives/edgar/data/1103982/000110398218000013/,,8
Mondelez International,MDLZ,2018Q3,2018-09-30,분기별 당기순이익(지배),1194000000,USD,공시,https://www.sec.gov/Archives/edgar/data/1103982/000110398218000013/,,8
Mondelez International,MDLZ,2018Q3,2018-09-30,분기별 영업활동현금흐름,703000000,USD,계산(누적차감),https://www.sec.gov/Archives/edgar/data/1103982/000110398218000013/ ; https://www.sec.gov/Archives/edgar/data/1103982/000110398218000009/,누적 1885000000 − 직전누적 1182000000 (시작 2018-01-01),8
Mondelez International,MDLZ,2018Q3,2018-09-30,분기말 자산총계,63918000000,USD,공시,https://www.sec.gov/Archives/edgar/data/1103982/000110398218000013/,,8
Mondelez International,MDLZ,2018Q3,2018-09-30,분기말 부채총계,38386000000,USD,공시,https://www.sec.gov/Archives/edgar/data/1103982/000110398218000013/,,8
Mondelez International,MDLZ,2018Q3,2018-09-30,분기말 총자본(자기자본),25532000000,USD,공시,https://www.sec.gov/Archives/edgar/data/1103982/000110398218000013/,,8
Mondelez International,MDLZ,2018Q3,2018-09-30,분기말 지배지분 자본,25457000000,USD,공시,https://www.sec.gov/Archives/edgar/data/1103982/000110398218000013/,,8
Mondelez International,MDLZ,2018Q3,2018-09-28,분기말 종가,42.96,USD,API,https://query1.finance.yahoo.com/v8/finance/chart/MDLZ?interval=1d&events=splits (2018-09-28),,8
Mondelez International,MDLZ,2018Q3,2018-10-26,분기말 상장주식수,1453835415,주,공시(표지 기준일),https://www.sec.gov/Archives/edgar/data/1103982/000110398218000013/,dei:EntityCommonStockSharesOutstanding 클래스 합,8
Mondelez International,MDLZ,2018Q3,2018-09-28,분기말 시가총액,62456769428,USD,계산(종가×주식수),https://query1.finance.yahoo.com/v8/finance/chart/MDLZ?interval=1d&events=splits (2018-09-28) ; https://www.sec.gov/Archives/edgar/data/1103982/000110398218000013/,종가 42.96 × 주식수 1453835415,8
Mondelez International,MDLZ,2018Q4,2018-12-31,분기별 매출액,6773000000,USD,계산(연간-3분기누적),https://www.sec.gov/Archives/edgar/data/1103982/000110398219000005/ ; https://www.sec.gov/Archives/edgar/data/1103982/000110398218000013/,연간 25938000000 − 9개월누적 19165000000 (Revenues),8
Mondelez International,MDLZ,2018Q4,2018-12-31,분기별 영업이익,870000000,USD,계산(연간-3분기누적),https://www.sec.gov/Archives/edgar/data/1103982/000110398219000005/ ; https://www.sec.gov/Archives/edgar/data/1103982/000110398218000013/,연간 3312000000 − 9개월누적 2442000000 (OperatingIncomeLoss),8
Mondelez International,MDLZ,2018Q4,2018-12-31,분기별 당기순이익(지배),823000000,USD,계산(연간-3분기누적),https://www.sec.gov/Archives/edgar/data/1103982/000110398219000005/ ; https://www.sec.gov/Archives/edgar/data/1103982/000110398218000013/,연간 3381000000 − 9개월누적 2558000000 (NetIncomeLoss),8
Mondelez International,MDLZ,2018Q4,2018-12-31,분기별 영업활동현금흐름,2063000000,USD,계산(누적차감),https://www.sec.gov/Archives/edgar/data/1103982/000110398219000005/ ; https://www.sec.gov/Archives/edgar/data/1103982/000110398218000013/,누적 3948000000 − 직전누적 1885000000 (시작 2018-01-01),8
Mondelez International,MDLZ,2018Q4,2018-12-31,분기말 자산총계,62729000000,USD,공시,https://www.sec.gov/Archives/edgar/data/1103982/000110398219000005/,,8
Mondelez International,MDLZ,2018Q4,2018-12-31,분기말 부채총계,37016000000,USD,공시,https://www.sec.gov/Archives/edgar/data/1103982/000110398219000005/,,8
Mondelez International,MDLZ,2018Q4,2018-12-31,분기말 총자본(자기자본),25713000000,USD,공시,https://www.sec.gov/Archives/edgar/data/1103982/000110398219000005/,,8
Mondelez International,MDLZ,2018Q4,2018-12-31,분기말 지배지분 자본,25637000000,USD,공시,https://www.sec.gov/Archives/edgar/data/1103982/000110398219000005/,,8
Mondelez International,MDLZ,2018Q4,2018-12-31,분기말 종가,40.03,USD,API,https://query1.finance.yahoo.com/v8/finance/chart/MDLZ?interval=1d&events=splits (2018-12-31),,8
Mondelez International,MDLZ,2018Q4,2019-02-01,분기말 상장주식수,1444169449,주,공시(표지 기준일),https://www.sec.gov/Archives/edgar/data/1103982/000110398219000005/,dei:EntityCommonStockSharesOutstanding 클래스 합,8
Mondelez International,MDLZ,2018Q4,2018-12-31,분기말 시가총액,57810103043,USD,계산(종가×주식수),https://query1.finance.yahoo.com/v8/finance/chart/MDLZ?interval=1d&events=splits (2018-12-31) ; https://www.sec.gov/Archives/edgar/data/1103982/000110398219000005/,종가 40.03 × 주식수 1444169449,8
Mondelez International,MDLZ,2019Q1,2019-03-31,분기별 매출액,6538000000,USD,공시,https://www.sec.gov/Archives/edgar/data/1103982/000110398219000010/,,8
Mondelez International,MDLZ,2019Q1,2019-03-31,분기별 영업이익,1036000000,USD,공시,https://www.sec.gov/Archives/edgar/data/1103982/000110398219000010/,,8
Mondelez International,MDLZ,2019Q1,2019-03-31,분기별 당기순이익(지배),914000000,USD,공시,https://www.sec.gov/Archives/edgar/data/1103982/000110398219000010/,,8
Mondelez International,MDLZ,2019Q1,2019-03-31,분기별 영업활동현금흐름,465000000,USD,공시,https://www.sec.gov/Archives/edgar/data/1103982/000110398219000010/,,8
Mondelez International,MDLZ,2019Q1,2019-03-31,분기말 자산총계,64162000000,USD,공시,https://www.sec.gov/Archives/edgar/data/1103982/000110398219000010/,,8
Mondelez International,MDLZ,2019Q1,2019-03-31,분기말 부채총계,38253000000,USD,공시,https://www.sec.gov/Archives/edgar/data/1103982/000110398219000010/,,8
Mondelez International,MDLZ,2019Q1,2019-03-31,분기말 총자본(자기자본),25909000000,USD,공시,https://www.sec.gov/Archives/edgar/data/1103982/000110398219000010/,,8
Mondelez International,MDLZ,2019Q1,2019-03-31,분기말 지배지분 자본,25828000000,USD,공시,https://www.sec.gov/Archives/edgar/data/1103982/000110398219000010/,,8
Mondelez International,MDLZ,2019Q1,2019-03-29,분기말 종가,49.92,USD,API,https://query1.finance.yahoo.com/v8/finance/chart/MDLZ?interval=1d&events=splits (2019-03-29),,8
Mondelez International,MDLZ,2019Q1,2019-04-26,분기말 상장주식수,1440435771,주,공시(표지 기준일),https://www.sec.gov/Archives/edgar/data/1103982/000110398219000010/,dei:EntityCommonStockSharesOutstanding 클래스 합,8
Mondelez International,MDLZ,2019Q1,2019-03-29,분기말 시가총액,71906553688,USD,계산(종가×주식수),https://query1.finance.yahoo.com/v8/finance/chart/MDLZ?interval=1d&events=splits (2019-03-29) ; https://www.sec.gov/Archives/edgar/data/1103982/000110398219000010/,종가 49.92 × 주식수 1440435771,8
Mondelez International,MDLZ,2019Q2,2019-06-30,분기별 매출액,6062000000,USD,공시,https://www.sec.gov/Archives/edgar/data/1103982/000110398219000014/,,8
Mondelez International,MDLZ,2019Q2,2019-06-30,분기별 영업이익,1025000000,USD,공시,https://www.sec.gov/Archives/edgar/data/1103982/000110398219000014/,,8
Mondelez International,MDLZ,2019Q2,2019-06-30,분기별 당기순이익(지배),807000000,USD,공시,https://www.sec.gov/Archives/edgar/data/1103982/000110398219000014/,,8
Mondelez International,MDLZ,2019Q2,2019-06-30,분기별 영업활동현금흐름,581000000,USD,계산(누적차감),https://www.sec.gov/Archives/edgar/data/1103982/000110398219000014/ ; https://www.sec.gov/Archives/edgar/data/1103982/000110398219000010/,누적 1046000000 − 직전누적 465000000 (시작 2019-01-01),8
Mondelez International,MDLZ,2019Q2,2019-06-30,분기말 자산총계,63573000000,USD,공시,https://www.sec.gov/Archives/edgar/data/1103982/000110398219000014/,,8
Mondelez International,MDLZ,2019Q2,2019-06-30,분기말 부채총계,37399000000,USD,공시,https://www.sec.gov/Archives/edgar/data/1103982/000110398219000014/,,8
Mondelez International,MDLZ,2019Q2,2019-06-30,분기말 총자본(자기자본),26174000000,USD,공시,https://www.sec.gov/Archives/edgar/data/1103982/000110398219000014/,,8
Mondelez International,MDLZ,2019Q2,2019-06-30,분기말 지배지분 자본,26093000000,USD,공시,https://www.sec.gov/Archives/edgar/data/1103982/000110398219000014/,,8
Mondelez International,MDLZ,2019Q2,2019-06-28,분기말 종가,53.9,USD,API,https://query1.finance.yahoo.com/v8/finance/chart/MDLZ?interval=1d&events=splits (2019-06-28),,8
Mondelez International,MDLZ,2019Q2,2019-07-26,분기말 상장주식수,1442150501,주,공시(표지 기준일),https://www.sec.gov/Archives/edgar/data/1103982/000110398219000014/,dei:EntityCommonStockSharesOutstanding 클래스 합,8
Mondelez International,MDLZ,2019Q2,2019-06-28,분기말 시가총액,77731912004,USD,계산(종가×주식수),https://query1.finance.yahoo.com/v8/finance/chart/MDLZ?interval=1d&events=splits (2019-06-28) ; https://www.sec.gov/Archives/edgar/data/1103982/000110398219000014/,종가 53.9 × 주식수 1442150501,8
Mondelez International,MDLZ,2019Q3,2019-09-30,분기별 매출액,6355000000,USD,공시,https://www.sec.gov/Archives/edgar/data/1103982/000110398219000017/,,8
Mondelez International,MDLZ,2019Q3,2019-09-30,분기별 영업이익,876000000,USD,공시,https://www.sec.gov/Archives/edgar/data/1103982/000110398219000017/,,8
Mondelez International,MDLZ,2019Q3,2019-09-30,분기별 당기순이익(지배),1423000000,USD,공시,https://www.sec.gov/Archives/edgar/data/1103982/000110398219000017/,,8
Mondelez International,MDLZ,2019Q3,2019-09-30,분기별 영업활동현금흐름,836000000,USD,계산(누적차감),https://www.sec.gov/Archives/edgar/data/1103982/000110398219000017/ ; https://www.sec.gov/Archives/edgar/data/1103982/000110398219000014/,누적 1882000000 − 직전누적 1046000000 (시작 2019-01-01),8
Mondelez International,MDLZ,2019Q3,2019-09-30,분기말 자산총계,63895000000,USD,공시,https://www.sec.gov/Archives/edgar/data/1103982/000110398219000017/,,8
Mondelez International,MDLZ,2019Q3,2019-09-30,분기말 부채총계,37021000000,USD,공시,https://www.sec.gov/Archives/edgar/data/1103982/000110398219000017/,,8
Mondelez International,MDLZ,2019Q3,2019-09-30,분기말 총자본(자기자본),26874000000,USD,공시,https://www.sec.gov/Archives/edgar/data/1103982/000110398219000017/,,8
Mondelez International,MDLZ,2019Q3,2019-09-30,분기말 지배지분 자본,26806000000,USD,공시,https://www.sec.gov/Archives/edgar/data/1103982/000110398219000017/,,8
Mondelez International,MDLZ,2019Q3,2019-09-30,분기말 종가,55.32,USD,API,https://query1.finance.yahoo.com/v8/finance/chart/MDLZ?interval=1d&events=splits (2019-09-30),,8
Mondelez International,MDLZ,2019Q3,2019-10-25,분기말 상장주식수,1439824371,주,공시(표지 기준일),https://www.sec.gov/Archives/edgar/data/1103982/000110398219000017/,dei:EntityCommonStockSharesOutstanding 클래스 합,8
Mondelez International,MDLZ,2019Q3,2019-09-30,분기말 시가총액,79651084204,USD,계산(종가×주식수),https://query1.finance.yahoo.com/v8/finance/chart/MDLZ?interval=1d&events=splits (2019-09-30) ; https://www.sec.gov/Archives/edgar/data/1103982/000110398219000017/,종가 55.32 × 주식수 1439824371,8
Mondelez International,MDLZ,2019Q4,2019-12-31,분기별 매출액,6913000000,USD,계산(연간-3분기누적),https://www.sec.gov/Archives/edgar/data/1103982/000110398220000003/ ; https://www.sec.gov/Archives/edgar/data/1103982/000110398219000017/,연간 25868000000 − 9개월누적 18955000000 (Revenues),8
Mondelez International,MDLZ,2019Q4,2019-12-31,분기별 영업이익,906000000,USD,계산(연간-3분기누적),https://www.sec.gov/Archives/edgar/data/1103982/000110398220000003/ ; https://www.sec.gov/Archives/edgar/data/1103982/000110398219000017/,연간 3843000000 − 9개월누적 2937000000 (OperatingIncomeLoss),8
Mondelez International,MDLZ,2019Q4,2019-12-31,분기별 당기순이익(지배),726000000,USD,계산(연간-3분기누적),https://www.sec.gov/Archives/edgar/data/1103982/000110398220000003/ ; https://www.sec.gov/Archives/edgar/data/1103982/000110398219000017/,연간 3870000000 − 9개월누적 3144000000 (NetIncomeLoss),8
Mondelez International,MDLZ,2019Q4,2019-12-31,분기별 영업활동현금흐름,2083000000,USD,계산(누적차감),https://www.sec.gov/Archives/edgar/data/1103982/000110398220000003/ ; https://www.sec.gov/Archives/edgar/data/1103982/000110398219000017/,누적 3965000000 − 직전누적 1882000000 (시작 2019-01-01),8
Mondelez International,MDLZ,2019Q4,2019-12-31,분기말 자산총계,64515000000,USD,공시(재작성 반영),https://www.sec.gov/Archives/edgar/data/1103982/000110398222000003/,원 공시 64549000000 (https://www.sec.gov/Archives/edgar/data/1103982/000110398220000003/),8
Mondelez International,MDLZ,2019Q4,2019-12-31,분기말 부채총계,37198000000,USD,공시,https://www.sec.gov/Archives/edgar/data/1103982/000110398220000003/,,8
Mondelez International,MDLZ,2019Q4,2019-12-31,분기말 총자본(자기자본),27317000000,USD,공시(재작성 반영),https://www.sec.gov/Archives/edgar/data/1103982/000110398223000006/,원 공시 27351000000 (https://www.sec.gov/Archives/edgar/data/1103982/000110398220000003/),8
Mondelez International,MDLZ,2019Q4,2019-12-31,분기말 지배지분 자본,27241000000,USD,공시(재작성 반영),https://www.sec.gov/Archives/edgar/data/1103982/000110398221000004/,원 공시 27275000000 (https://www.sec.gov/Archives/edgar/data/1103982/000110398220000003/),8
Mondelez International,MDLZ,2019Q4,2019-12-31,분기말 종가,55.08,USD,API,https://query1.finance.yahoo.com/v8/finance/chart/MDLZ?interval=1d&events=splits (2019-12-31),,8
Mondelez International,MDLZ,2019Q4,2020-01-31,분기말 상장주식수,1432943006,주,공시(표지 기준일),https://www.sec.gov/Archives/edgar/data/1103982/000110398220000003/,dei:EntityCommonStockSharesOutstanding 클래스 합,8
Mondelez International,MDLZ,2019Q4,2019-12-31,분기말 시가총액,78926500770,USD,계산(종가×주식수),https://query1.finance.yahoo.com/v8/finance/chart/MDLZ?interval=1d&events=splits (2019-12-31) ; https://www.sec.gov/Archives/edgar/data/1103982/000110398220000003/,종가 55.08 × 주식수 1432943006,8
Mondelez International,MDLZ,2020Q1,2020-03-31,분기별 매출액,6707000000,USD,공시,https://www.sec.gov/Archives/edgar/data/1103982/000110398220000006/,,8
Mondelez International,MDLZ,2020Q1,2020-03-31,분기별 영업이익,856000000,USD,공시,https://www.sec.gov/Archives/edgar/data/1103982/000110398220000006/,,8
Mondelez International,MDLZ,2020Q1,2020-03-31,분기별 당기순이익(지배),753000000,USD,공시,https://www.sec.gov/Archives/edgar/data/1103982/000110398220000006/,,8
Mondelez International,MDLZ,2020Q1,2020-03-31,분기별 영업활동현금흐름,284000000,USD,공시,https://www.sec.gov/Archives/edgar/data/1103982/000110398220000006/,,8
Mondelez International,MDLZ,2020Q1,2020-03-31,분기말 자산총계,63598000000,USD,공시,https://www.sec.gov/Archives/edgar/data/1103982/000110398220000006/,,8
Mondelez International,MDLZ,2020Q1,2020-03-31,분기말 부채총계,37846000000,USD,공시,https://www.sec.gov/Archives/edgar/data/1103982/000110398220000006/,,8
Mondelez International,MDLZ,2020Q1,2020-03-31,분기말 총자본(자기자본),25752000000,USD,공시,https://www.sec.gov/Archives/edgar/data/1103982/000110398220000006/,,8
Mondelez International,MDLZ,2020Q1,2020-03-31,분기말 지배지분 자본,25674000000,USD,공시,https://www.sec.gov/Archives/edgar/data/1103982/000110398220000006/,,8
Mondelez International,MDLZ,2020Q1,2020-03-31,분기말 종가,50.08,USD,API,https://query1.finance.yahoo.com/v8/finance/chart/MDLZ?interval=1d&events=splits (2020-03-31),,8
Mondelez International,MDLZ,2020Q1,2020-04-24,분기말 상장주식수,1427464062,주,공시(표지 기준일),https://www.sec.gov/Archives/edgar/data/1103982/000110398220000006/,dei:EntityCommonStockSharesOutstanding 클래스 합,8
Mondelez International,MDLZ,2020Q1,2020-03-31,분기말 시가총액,71487400225,USD,계산(종가×주식수),https://query1.finance.yahoo.com/v8/finance/chart/MDLZ?interval=1d&events=splits (2020-03-31) ; https://www.sec.gov/Archives/edgar/data/1103982/000110398220000006/,종가 50.08 × 주식수 1427464062,8
Mondelez International,MDLZ,2020Q2,2020-06-30,분기별 매출액,5911000000,USD,공시,https://www.sec.gov/Archives/edgar/data/1103982/000110398220000009/,,8
Mondelez International,MDLZ,2020Q2,2020-06-30,분기별 영업이익,713000000,USD,공시,https://www.sec.gov/Archives/edgar/data/1103982/000110398220000009/,,8
Mondelez International,MDLZ,2020Q2,2020-06-30,분기별 당기순이익(지배),544000000,USD,공시,https://www.sec.gov/Archives/edgar/data/1103982/000110398220000009/,,8
Mondelez International,MDLZ,2020Q2,2020-06-30,분기별 영업활동현금흐름,1274000000,USD,계산(누적차감),https://www.sec.gov/Archives/edgar/data/1103982/000110398220000009/ ; https://www.sec.gov/Archives/edgar/data/1103982/000110398220000006/,누적 1558000000 − 직전누적 284000000 (시작 2020-01-01),8
Mondelez International,MDLZ,2020Q2,2020-06-30,분기말 자산총계,64194000000,USD,공시,https://www.sec.gov/Archives/edgar/data/1103982/000110398220000009/,,8
Mondelez International,MDLZ,2020Q2,2020-06-30,분기말 부채총계,38097000000,USD,공시,https://www.sec.gov/Archives/edgar/data/1103982/000110398220000009/,,8
Mondelez International,MDLZ,2020Q2,2020-06-30,분기말 총자본(자기자본),26097000000,USD,공시,https://www.sec.gov/Archives/edgar/data/1103982/000110398220000009/,,8
Mondelez International,MDLZ,2020Q2,2020-06-30,분기말 지배지분 자본,26018000000,USD,공시,https://www.sec.gov/Archives/edgar/data/1103982/000110398220000009/,,8
Mondelez International,MDLZ,2020Q2,2020-06-30,분기말 종가,51.13,USD,API,https://query1.finance.yahoo.com/v8/finance/chart/MDLZ?interval=1d&events=splits (2020-06-30),,8
Mondelez International,MDLZ,2020Q2,2020-07-24,분기말 상장주식수,1428338344,주,공시(표지 기준일),https://www.sec.gov/Archives/edgar/data/1103982/000110398220000009/,dei:EntityCommonStockSharesOutstanding 클래스 합,8
Mondelez International,MDLZ,2020Q2,2020-06-30,분기말 시가총액,73030939529,USD,계산(종가×주식수),https://query1.finance.yahoo.com/v8/finance/chart/MDLZ?interval=1d&events=splits (2020-06-30) ; https://www.sec.gov/Archives/edgar/data/1103982/000110398220000009/,종가 51.13 × 주식수 1428338344,8
Mondelez International,MDLZ,2020Q3,2020-09-30,분기별 매출액,6665000000,USD,공시,https://www.sec.gov/Archives/edgar/data/1103982/000110398220000014/,,8
Mondelez International,MDLZ,2020Q3,2020-09-30,분기별 영업이익,1135000000,USD,공시,https://www.sec.gov/Archives/edgar/data/1103982/000110398220000014/,,8
Mondelez International,MDLZ,2020Q3,2020-09-30,분기별 당기순이익(지배),1119000000,USD,공시,https://www.sec.gov/Archives/edgar/data/1103982/000110398220000014/,,8
Mondelez International,MDLZ,2020Q3,2020-09-30,분기별 영업활동현금흐름,757000000,USD,계산(누적차감),https://www.sec.gov/Archives/edgar/data/1103982/000110398220000014/ ; https://www.sec.gov/Archives/edgar/data/1103982/000110398220000009/,누적 2315000000 − 직전누적 1558000000 (시작 2020-01-01),8
Mondelez International,MDLZ,2020Q3,2020-09-30,분기말 자산총계,66249000000,USD,공시,https://www.sec.gov/Archives/edgar/data/1103982/000110398220000014/,,8
Mondelez International,MDLZ,2020Q3,2020-09-30,분기말 부채총계,39221000000,USD,공시,https://www.sec.gov/Archives/edgar/data/1103982/000110398220000014/,,8
Mondelez International,MDLZ,2020Q3,2020-09-30,분기말 총자본(자기자본),27028000000,USD,공시,https://www.sec.gov/Archives/edgar/data/1103982/000110398220000014/,,8
Mondelez International,MDLZ,2020Q3,2020-09-30,분기말 지배지분 자본,26943000000,USD,공시,https://www.sec.gov/Archives/edgar/data/1103982/000110398220000014/,,8
Mondelez International,MDLZ,2020Q3,2020-09-30,분기말 종가,57.45,USD,API,https://query1.finance.yahoo.com/v8/finance/chart/MDLZ?interval=1d&events=splits (2020-09-30),,8
Mondelez International,MDLZ,2020Q3,2020-10-30,분기말 상장주식수,1430162763,주,공시(표지 기준일),https://www.sec.gov/Archives/edgar/data/1103982/000110398220000014/,dei:EntityCommonStockSharesOutstanding 클래스 합,8
Mondelez International,MDLZ,2020Q3,2020-09-30,분기말 시가총액,82162850734,USD,계산(종가×주식수),https://query1.finance.yahoo.com/v8/finance/chart/MDLZ?interval=1d&events=splits (2020-09-30) ; https://www.sec.gov/Archives/edgar/data/1103982/000110398220000014/,종가 57.45 × 주식수 1430162763,8
Mondelez International,MDLZ,2020Q4,2020-12-31,분기별 매출액,7298000000,USD,계산(연간-3분기누적),https://www.sec.gov/Archives/edgar/data/1103982/000110398221000004/ ; https://www.sec.gov/Archives/edgar/data/1103982/000110398220000014/,연간 26581000000 − 9개월누적 19283000000 (Revenues),8
Mondelez International,MDLZ,2020Q4,2020-12-31,분기별 영업이익,1149000000,USD,계산(연간-3분기누적),https://www.sec.gov/Archives/edgar/data/1103982/000110398221000004/ ; https://www.sec.gov/Archives/edgar/data/1103982/000110398220000014/,연간 3853000000 − 9개월누적 2704000000 (OperatingIncomeLoss),8
Mondelez International,MDLZ,2020Q4,2020-12-31,분기별 당기순이익(지배),1156000000,USD,계산(연간-3분기누적),https://www.sec.gov/Archives/edgar/data/1103982/000110398221000004/ ; https://www.sec.gov/Archives/edgar/data/1103982/000110398220000014/,연간 3555000000 − 9개월누적 2399000000 (NetIncomeLoss),8
Mondelez International,MDLZ,2020Q4,2020-12-31,분기별 영업활동현금흐름,1649000000,USD,계산(누적차감),https://www.sec.gov/Archives/edgar/data/1103982/000110398221000004/ ; https://www.sec.gov/Archives/edgar/data/1103982/000110398220000014/,누적 3964000000 − 직전누적 2315000000 (시작 2020-01-01),8
Mondelez International,MDLZ,2020Q4,2020-12-31,분기말 자산총계,67810000000,USD,공시,https://www.sec.gov/Archives/edgar/data/1103982/000110398221000004/,,8
Mondelez International,MDLZ,2020Q4,2020-12-31,분기말 부채총계,40156000000,USD,공시,https://www.sec.gov/Archives/edgar/data/1103982/000110398221000004/,,8
Mondelez International,MDLZ,2020Q4,2020-12-31,분기말 총자본(자기자본),27654000000,USD,공시,https://www.sec.gov/Archives/edgar/data/1103982/000110398221000004/,,8
Mondelez International,MDLZ,2020Q4,2020-12-31,분기말 지배지분 자본,27578000000,USD,공시,https://www.sec.gov/Archives/edgar/data/1103982/000110398221000004/,,8
Mondelez International,MDLZ,2020Q4,2020-12-31,분기말 종가,58.47,USD,API,https://query1.finance.yahoo.com/v8/finance/chart/MDLZ?interval=1d&events=splits (2020-12-31),,8
Mondelez International,MDLZ,2020Q4,2021-01-29,분기말 상장주식수,1412114559,주,공시(표지 기준일),https://www.sec.gov/Archives/edgar/data/1103982/000110398221000004/,dei:EntityCommonStockSharesOutstanding 클래스 합,8
Mondelez International,MDLZ,2020Q4,2020-12-31,분기말 시가총액,82566338265,USD,계산(종가×주식수),https://query1.finance.yahoo.com/v8/finance/chart/MDLZ?interval=1d&events=splits (2020-12-31) ; https://www.sec.gov/Archives/edgar/data/1103982/000110398221000004/,종가 58.47 × 주식수 1412114559,8
Mondelez International,MDLZ,2021Q1,2021-03-31,분기별 매출액,7238000000,USD,공시,https://www.sec.gov/Archives/edgar/data/1103982/000110398221000008/,,8
Mondelez International,MDLZ,2021Q1,2021-03-31,분기별 영업이익,1283000000,USD,공시,https://www.sec.gov/Archives/edgar/data/1103982/000110398221000008/,,8
Mondelez International,MDLZ,2021Q1,2021-03-31,분기별 당기순이익(지배),961000000,USD,공시,https://www.sec.gov/Archives/edgar/data/1103982/000110398221000008/,,8
Mondelez International,MDLZ,2021Q1,2021-03-31,분기별 영업활동현금흐름,915000000,USD,공시,https://www.sec.gov/Archives/edgar/data/1103982/000110398221000008/,,8
Mondelez International,MDLZ,2021Q1,2021-03-31,분기말 자산총계,66349000000,USD,공시,https://www.sec.gov/Archives/edgar/data/1103982/000110398221000008/,,8
Mondelez International,MDLZ,2021Q1,2021-03-31,분기말 부채총계,39200000000,USD,공시,https://www.sec.gov/Archives/edgar/data/1103982/000110398221000008/,,8
Mondelez International,MDLZ,2021Q1,2021-03-31,분기말 총자본(자기자본),27149000000,USD,공시,https://www.sec.gov/Archives/edgar/data/1103982/000110398221000008/,,8
Mondelez International,MDLZ,2021Q1,2021-03-31,분기말 지배지분 자본,27075000000,USD,공시,https://www.sec.gov/Archives/edgar/data/1103982/000110398221000008/,,8
Mondelez International,MDLZ,2021Q1,2021-03-31,분기말 종가,58.53,USD,API,https://query1.finance.yahoo.com/v8/finance/chart/MDLZ?interval=1d&events=splits (2021-03-31),,8
Mondelez International,MDLZ,2021Q1,2021-04-23,분기말 상장주식수,1404711224,주,공시(표지 기준일),https://www.sec.gov/Archives/edgar/data/1103982/000110398221000008/,dei:EntityCommonStockSharesOutstanding 클래스 합,8
Mondelez International,MDLZ,2021Q1,2021-03-31,분기말 시가총액,82217747941,USD,계산(종가×주식수),https://query1.finance.yahoo.com/v8/finance/chart/MDLZ?interval=1d&events=splits (2021-03-31) ; https://www.sec.gov/Archives/edgar/data/1103982/000110398221000008/,종가 58.53 × 주식수 1404711224,8
Mondelez International,MDLZ,2021Q2,2021-06-30,분기별 매출액,6642000000,USD,공시,https://www.sec.gov/Archives/edgar/data/1103982/000110398221000013/,,8
Mondelez International,MDLZ,2021Q2,2021-06-30,분기별 영업이익,872000000,USD,공시,https://www.sec.gov/Archives/edgar/data/1103982/000110398221000013/,,8
Mondelez International,MDLZ,2021Q2,2021-06-30,분기별 당기순이익(지배),1078000000,USD,공시,https://www.sec.gov/Archives/edgar/data/1103982/000110398221000013/,,8
Mondelez International,MDLZ,2021Q2,2021-06-30,분기별 영업활동현금흐름,877000000,USD,계산(누적차감),https://www.sec.gov/Archives/edgar/data/1103982/000110398221000013/ ; https://www.sec.gov/Archives/edgar/data/1103982/000110398221000008/,누적 1792000000 − 직전누적 915000000 (시작 2021-01-01),8
Mondelez International,MDLZ,2021Q2,2021-06-30,분기말 자산총계,66477000000,USD,공시,https://www.sec.gov/Archives/edgar/data/1103982/000110398221000013/,,8
Mondelez International,MDLZ,2021Q2,2021-06-30,분기말 부채총계,38857000000,USD,공시,https://www.sec.gov/Archives/edgar/data/1103982/000110398221000013/,,8
Mondelez International,MDLZ,2021Q2,2021-06-30,분기말 총자본(자기자본),27620000000,USD,공시,https://www.sec.gov/Archives/edgar/data/1103982/000110398221000013/,,8
Mondelez International,MDLZ,2021Q2,2021-06-30,분기말 지배지분 자본,27543000000,USD,공시,https://www.sec.gov/Archives/edgar/data/1103982/000110398221000013/,,8
Mondelez International,MDLZ,2021Q2,2021-06-30,분기말 종가,62.44,USD,API,https://query1.finance.yahoo.com/v8/finance/chart/MDLZ?interval=1d&events=splits (2021-06-30),,8
Mondelez International,MDLZ,2021Q2,2021-07-23,분기말 상장주식수,1397817443,주,공시(표지 기준일),https://www.sec.gov/Archives/edgar/data/1103982/000110398221000013/,dei:EntityCommonStockSharesOutstanding 클래스 합,8
Mondelez International,MDLZ,2021Q2,2021-06-30,분기말 시가총액,87279721141,USD,계산(종가×주식수),https://query1.finance.yahoo.com/v8/finance/chart/MDLZ?interval=1d&events=splits (2021-06-30) ; https://www.sec.gov/Archives/edgar/data/1103982/000110398221000013/,종가 62.44 × 주식수 1397817443,8
Mondelez International,MDLZ,2021Q3,2021-09-30,분기별 매출액,7182000000,USD,공시,https://www.sec.gov/Archives/edgar/data/1103982/000110398221000018/,,8
Mondelez International,MDLZ,2021Q3,2021-09-30,분기별 영업이익,1294000000,USD,공시,https://www.sec.gov/Archives/edgar/data/1103982/000110398221000018/,,8
Mondelez International,MDLZ,2021Q3,2021-09-30,분기별 당기순이익(지배),1258000000,USD,공시,https://www.sec.gov/Archives/edgar/data/1103982/000110398221000018/,,8
Mondelez International,MDLZ,2021Q3,2021-09-30,분기별 영업활동현금흐름,928000000,USD,계산(누적차감),https://www.sec.gov/Archives/edgar/data/1103982/000110398221000018/ ; https://www.sec.gov/Archives/edgar/data/1103982/000110398221000013/,누적 2720000000 − 직전누적 1792000000 (시작 2021-01-01),8
Mondelez International,MDLZ,2021Q3,2021-09-30,분기말 자산총계,67317000000,USD,공시,https://www.sec.gov/Archives/edgar/data/1103982/000110398221000018/,,8
Mondelez International,MDLZ,2021Q3,2021-09-30,분기말 부채총계,39563000000,USD,공시,https://www.sec.gov/Archives/edgar/data/1103982/000110398221000018/,,8
Mondelez International,MDLZ,2021Q3,2021-09-30,분기말 총자본(자기자본),27754000000,USD,공시,https://www.sec.gov/Archives/edgar/data/1103982/000110398221000018/,,8
Mondelez International,MDLZ,2021Q3,2021-09-30,분기말 지배지분 자본,27698000000,USD,공시,https://www.sec.gov/Archives/edgar/data/1103982/000110398221000018/,,8
Mondelez International,MDLZ,2021Q3,2021-09-30,분기말 종가,58.18,USD,API,https://query1.finance.yahoo.com/v8/finance/chart/MDLZ?interval=1d&events=splits (2021-09-30),,8
Mondelez International,MDLZ,2021Q3,2021-10-29,분기말 상장주식수,1394972132,주,공시(표지 기준일),https://www.sec.gov/Archives/edgar/data/1103982/000110398221000018/,dei:EntityCommonStockSharesOutstanding 클래스 합,8
Mondelez International,MDLZ,2021Q3,2021-09-30,분기말 시가총액,81159478640,USD,계산(종가×주식수),https://query1.finance.yahoo.com/v8/finance/chart/MDLZ?interval=1d&events=splits (2021-09-30) ; https://www.sec.gov/Archives/edgar/data/1103982/000110398221000018/,종가 58.18 × 주식수 1394972132,8
Mondelez International,MDLZ,2021Q4,2021-12-31,분기별 매출액,7658000000,USD,계산(연간-3분기누적),https://www.sec.gov/Archives/edgar/data/1103982/000110398222000003/ ; https://www.sec.gov/Archives/edgar/data/1103982/000110398221000018/,연간 28720000000 − 9개월누적 21062000000 (Revenues),8
Mondelez International,MDLZ,2021Q4,2021-12-31,분기별 영업이익,1204000000,USD,계산(연간-3분기누적),https://www.sec.gov/Archives/edgar/data/1103982/000110398222000003/ ; https://www.sec.gov/Archives/edgar/data/1103982/000110398221000018/,연간 4653000000 − 9개월누적 3449000000 (OperatingIncomeLoss),8
Mondelez International,MDLZ,2021Q4,2021-12-31,분기별 당기순이익(지배),1003000000,USD,계산(연간-3분기누적),https://www.sec.gov/Archives/edgar/data/1103982/000110398222000003/ ; https://www.sec.gov/Archives/edgar/data/1103982/000110398221000018/,연간 4300000000 − 9개월누적 3297000000 (NetIncomeLoss),8
Mondelez International,MDLZ,2021Q4,2021-12-31,분기별 영업활동현금흐름,1421000000,USD,계산(누적차감),https://www.sec.gov/Archives/edgar/data/1103982/000110398222000003/ ; https://www.sec.gov/Archives/edgar/data/1103982/000110398221000018/,누적 4141000000 − 직전누적 2720000000 (시작 2021-01-01),8
Mondelez International,MDLZ,2021Q4,2021-12-31,분기말 자산총계,67092000000,USD,공시,https://www.sec.gov/Archives/edgar/data/1103982/000110398222000003/,,8
Mondelez International,MDLZ,2021Q4,2021-12-31,분기말 부채총계,38769000000,USD,공시,https://www.sec.gov/Archives/edgar/data/1103982/000110398222000003/,,8
Mondelez International,MDLZ,2021Q4,2021-12-31,분기말 총자본(자기자본),28323000000,USD,공시,https://www.sec.gov/Archives/edgar/data/1103982/000110398222000003/,,8
Mondelez International,MDLZ,2021Q4,2021-12-31,분기말 지배지분 자본,28269000000,USD,공시,https://www.sec.gov/Archives/edgar/data/1103982/000110398222000003/,,8
Mondelez International,MDLZ,2021Q4,2021-12-31,분기말 종가,66.31,USD,API,https://query1.finance.yahoo.com/v8/finance/chart/MDLZ?interval=1d&events=splits (2021-12-31),,8
Mondelez International,MDLZ,2021Q4,2022-01-28,분기말 상장주식수,1388328044,주,공시(표지 기준일),https://www.sec.gov/Archives/edgar/data/1103982/000110398222000003/,dei:EntityCommonStockSharesOutstanding 클래스 합,8
Mondelez International,MDLZ,2021Q4,2021-12-31,분기말 시가총액,92060032598,USD,계산(종가×주식수),https://query1.finance.yahoo.com/v8/finance/chart/MDLZ?interval=1d&events=splits (2021-12-31) ; https://www.sec.gov/Archives/edgar/data/1103982/000110398222000003/,종가 66.31 × 주식수 1388328044,8
Mondelez International,MDLZ,2022Q1,2022-03-31,분기별 매출액,7764000000,USD,공시,https://www.sec.gov/Archives/edgar/data/1103982/000110398222000007/,,8
Mondelez International,MDLZ,2022Q1,2022-03-31,분기별 영업이익,1094000000,USD,공시,https://www.sec.gov/Archives/edgar/data/1103982/000110398222000007/,,8
Mondelez International,MDLZ,2022Q1,2022-03-31,분기별 당기순이익(지배),855000000,USD,공시,https://www.sec.gov/Archives/edgar/data/1103982/000110398222000007/,,8
Mondelez International,MDLZ,2022Q1,2022-03-31,분기별 영업활동현금흐름,1131000000,USD,공시,https://www.sec.gov/Archives/edgar/data/1103982/000110398222000007/,,8
Mondelez International,MDLZ,2022Q1,2022-03-31,분기말 자산총계,67994000000,USD,공시,https://www.sec.gov/Archives/edgar/data/1103982/000110398222000007/,,8
Mondelez International,MDLZ,2022Q1,2022-03-31,분기말 부채총계,39778000000,USD,공시,https://www.sec.gov/Archives/edgar/data/1103982/000110398222000007/,,8
Mondelez International,MDLZ,2022Q1,2022-03-31,분기말 총자본(자기자본),28216000000,USD,공시,https://www.sec.gov/Archives/edgar/data/1103982/000110398222000007/,,8
Mondelez International,MDLZ,2022Q1,2022-03-31,분기말 지배지분 자본,28161000000,USD,공시,https://www.sec.gov/Archives/edgar/data/1103982/000110398222000007/,,8
Mondelez International,MDLZ,2022Q1,2022-03-31,분기말 종가,62.78,USD,API,https://query1.finance.yahoo.com/v8/finance/chart/MDLZ?interval=1d&events=splits (2022-03-31),,8
Mondelez International,MDLZ,2022Q1,2022-04-22,분기말 상장주식수,1383923632,주,공시(표지 기준일),https://www.sec.gov/Archives/edgar/data/1103982/000110398222000007/,dei:EntityCommonStockSharesOutstanding 클래스 합,8
Mondelez International,MDLZ,2022Q1,2022-03-31,분기말 시가총액,86882725617,USD,계산(종가×주식수),https://query1.finance.yahoo.com/v8/finance/chart/MDLZ?interval=1d&events=splits (2022-03-31) ; https://www.sec.gov/Archives/edgar/data/1103982/000110398222000007/,종가 62.78 × 주식수 1383923632,8
Mondelez International,MDLZ,2022Q2,2022-06-30,분기별 매출액,7274000000,USD,공시,https://www.sec.gov/Archives/edgar/data/1103982/000110398222000012/,,8
Mondelez International,MDLZ,2022Q2,2022-06-30,분기별 영업이익,927000000,USD,공시,https://www.sec.gov/Archives/edgar/data/1103982/000110398222000012/,,8
Mondelez International,MDLZ,2022Q2,2022-06-30,분기별 당기순이익(지배),747000000,USD,공시,https://www.sec.gov/Archives/edgar/data/1103982/000110398222000012/,,8
Mondelez International,MDLZ,2022Q2,2022-06-30,분기별 영업활동현금흐름,836000000,USD,계산(누적차감),https://www.sec.gov/Archives/edgar/data/1103982/000110398222000012/ ; https://www.sec.gov/Archives/edgar/data/1103982/000110398222000007/,누적 1967000000 − 직전누적 1131000000 (시작 2022-01-01),8
Mondelez International,MDLZ,2022Q2,2022-06-30,분기말 자산총계,66014000000,USD,공시,https://www.sec.gov/Archives/edgar/data/1103982/000110398222000012/,,8
Mondelez International,MDLZ,2022Q2,2022-06-30,분기말 부채총계,38461000000,USD,공시,https://www.sec.gov/Archives/edgar/data/1103982/000110398222000012/,,8
Mondelez International,MDLZ,2022Q2,2022-06-30,분기말 총자본(자기자본),27553000000,USD,공시,https://www.sec.gov/Archives/edgar/data/1103982/000110398222000012/,,8
Mondelez International,MDLZ,2022Q2,2022-06-30,분기말 지배지분 자본,27511000000,USD,공시,https://www.sec.gov/Archives/edgar/data/1103982/000110398222000012/,,8
Mondelez International,MDLZ,2022Q2,2022-06-30,분기말 종가,62.09,USD,API,https://query1.finance.yahoo.com/v8/finance/chart/MDLZ?interval=1d&events=splits (2022-06-30),,8
Mondelez International,MDLZ,2022Q2,2022-07-22,분기말 상장주식수,1370566113,주,공시(표지 기준일),https://www.sec.gov/Archives/edgar/data/1103982/000110398222000012/,dei:EntityCommonStockSharesOutstanding 클래스 합,8
Mondelez International,MDLZ,2022Q2,2022-06-30,분기말 시가총액,85098449956,USD,계산(종가×주식수),https://query1.finance.yahoo.com/v8/finance/chart/MDLZ?interval=1d&events=splits (2022-06-30) ; https://www.sec.gov/Archives/edgar/data/1103982/000110398222000012/,종가 62.09 × 주식수 1370566113,8
Mondelez International,MDLZ,2022Q3,2022-09-30,분기별 매출액,7763000000,USD,공시,https://www.sec.gov/Archives/edgar/data/1103982/000110398222000018/,,8
Mondelez International,MDLZ,2022Q3,2022-09-30,분기별 영업이익,679000000,USD,공시,https://www.sec.gov/Archives/edgar/data/1103982/000110398222000018/,,8
Mondelez International,MDLZ,2022Q3,2022-09-30,분기별 당기순이익(지배),532000000,USD,공시,https://www.sec.gov/Archives/edgar/data/1103982/000110398222000018/,,8
Mondelez International,MDLZ,2022Q3,2022-09-30,분기별 영업활동현금흐름,549000000,USD,계산(누적차감),https://www.sec.gov/Archives/edgar/data/1103982/000110398222000018/ ; https://www.sec.gov/Archives/edgar/data/1103982/000110398222000012/,누적 2516000000 − 직전누적 1967000000 (시작 2022-01-01),8
Mondelez International,MDLZ,2022Q3,2022-09-30,분기말 자산총계,68036000000,USD,공시,https://www.sec.gov/Archives/edgar/data/1103982/000110398222000018/,,8
Mondelez International,MDLZ,2022Q3,2022-09-30,분기말 부채총계,41366000000,USD,공시,https://www.sec.gov/Archives/edgar/data/1103982/000110398222000018/,,8
Mondelez International,MDLZ,2022Q3,2022-09-30,분기말 총자본(자기자본),26670000000,USD,공시,https://www.sec.gov/Archives/edgar/data/1103982/000110398222000018/,,8
Mondelez International,MDLZ,2022Q3,2022-09-30,분기말 지배지분 자본,26641000000,USD,공시,https://www.sec.gov/Archives/edgar/data/1103982/000110398222000018/,,8
Mondelez International,MDLZ,2022Q3,2022-09-30,분기말 종가,54.83,USD,API,https://query1.finance.yahoo.com/v8/finance/chart/MDLZ?interval=1d&events=splits (2022-09-30),,8
Mondelez International,MDLZ,2022Q3,2022-10-28,분기말 상장주식수,1365618508,주,공시(표지 기준일),https://www.sec.gov/Archives/edgar/data/1103982/000110398222000018/,dei:EntityCommonStockSharesOutstanding 클래스 합,8
Mondelez International,MDLZ,2022Q3,2022-09-30,분기말 시가총액,74876862794,USD,계산(종가×주식수),https://query1.finance.yahoo.com/v8/finance/chart/MDLZ?interval=1d&events=splits (2022-09-30) ; https://www.sec.gov/Archives/edgar/data/1103982/000110398222000018/,종가 54.83 × 주식수 1365618508,8
Mondelez International,MDLZ,2022Q4,2022-12-31,분기별 매출액,8695000000,USD,계산(연간-3분기누적),https://www.sec.gov/Archives/edgar/data/1103982/000110398223000006/ ; https://www.sec.gov/Archives/edgar/data/1103982/000110398222000018/,연간 31496000000 − 9개월누적 22801000000 (Revenues),8
Mondelez International,MDLZ,2022Q4,2022-12-31,분기별 영업이익,834000000,USD,계산(연간-3분기누적),https://www.sec.gov/Archives/edgar/data/1103982/000110398223000006/ ; https://www.sec.gov/Archives/edgar/data/1103982/000110398222000018/,연간 3534000000 − 9개월누적 2700000000 (OperatingIncomeLoss),8
Mondelez International,MDLZ,2022Q4,2022-12-31,분기별 당기순이익(지배),583000000,USD,계산(연간-3분기누적),https://www.sec.gov/Archives/edgar/data/1103982/000110398223000006/ ; https://www.sec.gov/Archives/edgar/data/1103982/000110398222000018/,연간 2717000000 − 9개월누적 2134000000 (NetIncomeLoss),8
Mondelez International,MDLZ,2022Q4,2022-12-31,분기별 영업활동현금흐름,1392000000,USD,계산(누적차감),https://www.sec.gov/Archives/edgar/data/1103982/000110398223000006/ ; https://www.sec.gov/Archives/edgar/data/1103982/000110398222000018/,누적 3908000000 − 직전누적 2516000000 (시작 2022-01-01),8
Mondelez International,MDLZ,2022Q4,2022-12-31,분기말 자산총계,71161000000,USD,공시,https://www.sec.gov/Archives/edgar/data/1103982/000110398223000006/,,8
Mondelez International,MDLZ,2022Q4,2022-12-31,분기말 부채총계,44241000000,USD,공시,https://www.sec.gov/Archives/edgar/data/1103982/000110398223000006/,,8
Mondelez International,MDLZ,2022Q4,2022-12-31,분기말 총자본(자기자본),26920000000,USD,공시,https://www.sec.gov/Archives/edgar/data/1103982/000110398223000006/,,8
Mondelez International,MDLZ,2022Q4,2022-12-31,분기말 지배지분 자본,26883000000,USD,공시,https://www.sec.gov/Archives/edgar/data/1103982/000110398223000006/,,8
Mondelez International,MDLZ,2022Q4,2022-12-30,분기말 종가,66.65,USD,API,https://query1.finance.yahoo.com/v8/finance/chart/MDLZ?interval=1d&events=splits (2022-12-30),,8
Mondelez International,MDLZ,2022Q4,2023-01-31,분기말 상장주식수,1363306849,주,공시(표지 기준일),https://www.sec.gov/Archives/edgar/data/1103982/000110398223000006/,dei:EntityCommonStockSharesOutstanding 클래스 합,8
Mondelez International,MDLZ,2022Q4,2022-12-30,분기말 시가총액,90864401486,USD,계산(종가×주식수),https://query1.finance.yahoo.com/v8/finance/chart/MDLZ?interval=1d&events=splits (2022-12-30) ; https://www.sec.gov/Archives/edgar/data/1103982/000110398223000006/,종가 66.65 × 주식수 1363306849,8
Mondelez International,MDLZ,2023Q1,2023-03-31,분기별 매출액,9166000000,USD,공시,https://www.sec.gov/Archives/edgar/data/1103982/000110398223000018/,,8
Mondelez International,MDLZ,2023Q1,2023-03-31,분기별 영업이익,1505000000,USD,공시,https://www.sec.gov/Archives/edgar/data/1103982/000110398223000018/,,8
Mondelez International,MDLZ,2023Q1,2023-03-31,분기별 당기순이익(지배),2081000000,USD,공시,https://www.sec.gov/Archives/edgar/data/1103982/000110398223000018/,,8
Mondelez International,MDLZ,2023Q1,2023-03-31,분기별 영업활동현금흐름,1123000000,USD,공시,https://www.sec.gov/Archives/edgar/data/1103982/000110398223000018/,,8
Mondelez International,MDLZ,2023Q1,2023-03-31,분기말 자산총계,72786000000,USD,공시,https://www.sec.gov/Archives/edgar/data/1103982/000110398223000018/,,8
Mondelez International,MDLZ,2023Q1,2023-03-31,분기말 부채총계,44512000000,USD,공시,https://www.sec.gov/Archives/edgar/data/1103982/000110398223000018/,,8
Mondelez International,MDLZ,2023Q1,2023-03-31,분기말 총자본(자기자본),28274000000,USD,공시,https://www.sec.gov/Archives/edgar/data/1103982/000110398223000018/,,8
Mondelez International,MDLZ,2023Q1,2023-03-31,분기말 지배지분 자본,28228000000,USD,공시,https://www.sec.gov/Archives/edgar/data/1103982/000110398223000018/,,8
Mondelez International,MDLZ,2023Q1,2023-03-31,분기말 종가,69.72,USD,API,https://query1.finance.yahoo.com/v8/finance/chart/MDLZ?interval=1d&events=splits (2023-03-31),,8
Mondelez International,MDLZ,2023Q1,2023-04-24,분기말 상장주식수,1361853497,주,공시(표지 기준일),https://www.sec.gov/Archives/edgar/data/1103982/000110398223000018/,dei:EntityCommonStockSharesOutstanding 클래스 합,8
Mondelez International,MDLZ,2023Q1,2023-03-31,분기말 시가총액,94948425811,USD,계산(종가×주식수),https://query1.finance.yahoo.com/v8/finance/chart/MDLZ?interval=1d&events=splits (2023-03-31) ; https://www.sec.gov/Archives/edgar/data/1103982/000110398223000018/,종가 69.72 × 주식수 1361853497,8
Mondelez International,MDLZ,2023Q2,2023-06-30,분기별 매출액,8507000000,USD,공시,https://www.sec.gov/Archives/edgar/data/1103982/000110398223000043/,,8
Mondelez International,MDLZ,2023Q2,2023-06-30,분기별 영업이익,1425000000,USD,공시,https://www.sec.gov/Archives/edgar/data/1103982/000110398223000043/,,8
Mondelez International,MDLZ,2023Q2,2023-06-30,분기별 당기순이익(지배),944000000,USD,공시,https://www.sec.gov/Archives/edgar/data/1103982/000110398223000043/,,8
Mondelez International,MDLZ,2023Q2,2023-06-30,분기별 영업활동현금흐름,850000000,USD,계산(누적차감),https://www.sec.gov/Archives/edgar/data/1103982/000110398223000043/ ; https://www.sec.gov/Archives/edgar/data/1103982/000110398223000018/,누적 1973000000 − 직전누적 1123000000 (시작 2023-01-01),8
Mondelez International,MDLZ,2023Q2,2023-06-30,분기말 자산총계,72025000000,USD,공시,https://www.sec.gov/Archives/edgar/data/1103982/000110398223000043/,,8
Mondelez International,MDLZ,2023Q2,2023-06-30,분기말 부채총계,43346000000,USD,공시,https://www.sec.gov/Archives/edgar/data/1103982/000110398223000043/,,8
Mondelez International,MDLZ,2023Q2,2023-06-30,분기말 총자본(자기자본),28679000000,USD,공시,https://www.sec.gov/Archives/edgar/data/1103982/000110398223000043/,,8
Mondelez International,MDLZ,2023Q2,2023-06-30,분기말 지배지분 자본,28647000000,USD,공시,https://www.sec.gov/Archives/edgar/data/1103982/000110398223000043/,,8
Mondelez International,MDLZ,2023Q2,2023-06-30,분기말 종가,72.94,USD,API,https://query1.finance.yahoo.com/v8/finance/chart/MDLZ?interval=1d&events=splits (2023-06-30),,8
Mondelez International,MDLZ,2023Q2,2023-07-24,분기말 상장주식수,1360417919,주,공시(표지 기준일),https://www.sec.gov/Archives/edgar/data/1103982/000110398223000043/,dei:EntityCommonStockSharesOutstanding 클래스 합,8
Mondelez International,MDLZ,2023Q2,2023-06-30,분기말 시가총액,99228883012,USD,계산(종가×주식수),https://query1.finance.yahoo.com/v8/finance/chart/MDLZ?interval=1d&events=splits (2023-06-30) ; https://www.sec.gov/Archives/edgar/data/1103982/000110398223000043/,종가 72.94 × 주식수 1360417919,8
Mondelez International,MDLZ,2023Q3,2023-09-30,분기별 매출액,9029000000,USD,공시,https://www.sec.gov/Archives/edgar/data/1103982/000110398223000075/,,8
Mondelez International,MDLZ,2023Q3,2023-09-30,분기별 영업이익,1379000000,USD,공시,https://www.sec.gov/Archives/edgar/data/1103982/000110398223000075/,,8
Mondelez International,MDLZ,2023Q3,2023-09-30,분기별 당기순이익(지배),984000000,USD,공시,https://www.sec.gov/Archives/edgar/data/1103982/000110398223000075/,,8
Mondelez International,MDLZ,2023Q3,2023-09-30,분기별 영업활동현금흐름,1177000000,USD,계산(누적차감),https://www.sec.gov/Archives/edgar/data/1103982/000110398223000075/ ; https://www.sec.gov/Archives/edgar/data/1103982/000110398223000043/,누적 3150000000 − 직전누적 1973000000 (시작 2023-01-01),8
Mondelez International,MDLZ,2023Q3,2023-09-30,분기말 자산총계,70860000000,USD,공시,https://www.sec.gov/Archives/edgar/data/1103982/000110398223000075/,,8
Mondelez International,MDLZ,2023Q3,2023-09-30,분기말 부채총계,42300000000,USD,공시,https://www.sec.gov/Archives/edgar/data/1103982/000110398223000075/,,8
Mondelez International,MDLZ,2023Q3,2023-09-30,분기말 총자본(자기자본),28560000000,USD,공시,https://www.sec.gov/Archives/edgar/data/1103982/000110398223000075/,,8
Mondelez International,MDLZ,2023Q3,2023-09-30,분기말 지배지분 자본,28535000000,USD,공시,https://www.sec.gov/Archives/edgar/data/1103982/000110398223000075/,,8
Mondelez International,MDLZ,2023Q3,2023-09-29,분기말 종가,69.4,USD,API,https://query1.finance.yahoo.com/v8/finance/chart/MDLZ?interval=1d&events=splits (2023-09-29),,8
Mondelez International,MDLZ,2023Q3,2023-10-27,분기말 상장주식수,1360895585,주,공시(표지 기준일),https://www.sec.gov/Archives/edgar/data/1103982/000110398223000075/,dei:EntityCommonStockSharesOutstanding 클래스 합,8
Mondelez International,MDLZ,2023Q3,2023-09-29,분기말 시가총액,94446153599,USD,계산(종가×주식수),https://query1.finance.yahoo.com/v8/finance/chart/MDLZ?interval=1d&events=splits (2023-09-29) ; https://www.sec.gov/Archives/edgar/data/1103982/000110398223000075/,종가 69.4 × 주식수 1360895585,8
Mondelez International,MDLZ,2023Q4,2023-12-31,분기별 매출액,9314000000,USD,계산(연간-3분기누적),https://www.sec.gov/Archives/edgar/data/1103982/000110398224000019/ ; https://www.sec.gov/Archives/edgar/data/1103982/000110398223000075/,연간 36016000000 − 9개월누적 26702000000 (Revenues),8
Mondelez International,MDLZ,2023Q4,2023-12-31,분기별 영업이익,1193000000,USD,계산(연간-3분기누적),https://www.sec.gov/Archives/edgar/data/1103982/000110398224000019/ ; https://www.sec.gov/Archives/edgar/data/1103982/000110398223000075/,연간 5502000000 − 9개월누적 4309000000 (OperatingIncomeLoss),8
Mondelez International,MDLZ,2023Q4,2023-12-31,분기별 당기순이익(지배),950000000,USD,계산(연간-3분기누적),https://www.sec.gov/Archives/edgar/data/1103982/000110398224000019/ ; https://www.sec.gov/Archives/edgar/data/1103982/000110398223000075/,연간 4959000000 − 9개월누적 4009000000 (NetIncomeLoss),8
Mondelez International,MDLZ,2023Q4,2023-12-31,분기별 영업활동현금흐름,1564000000,USD,계산(누적차감),https://www.sec.gov/Archives/edgar/data/1103982/000110398224000019/ ; https://www.sec.gov/Archives/edgar/data/1103982/000110398223000075/,누적 4714000000 − 직전누적 3150000000 (시작 2023-01-01),8
Mondelez International,MDLZ,2023Q4,2023-12-31,분기말 자산총계,71391000000,USD,공시,https://www.sec.gov/Archives/edgar/data/1103982/000110398224000019/,,8
Mondelez International,MDLZ,2023Q4,2023-12-31,분기말 부채총계,43025000000,USD,공시,https://www.sec.gov/Archives/edgar/data/1103982/000110398224000019/,,8
Mondelez International,MDLZ,2023Q4,2023-12-31,분기말 총자본(자기자본),28366000000,USD,공시,https://www.sec.gov/Archives/edgar/data/1103982/000110398224000019/,,8
Mondelez International,MDLZ,2023Q4,2023-12-31,분기말 지배지분 자본,28332000000,USD,공시,https://www.sec.gov/Archives/edgar/data/1103982/000110398224000019/,,8
Mondelez International,MDLZ,2023Q4,2023-12-29,분기말 종가,72.43,USD,API,https://query1.finance.yahoo.com/v8/finance/chart/MDLZ?interval=1d&events=splits (2023-12-29),,8
Mondelez International,MDLZ,2023Q4,2024-01-30,분기말 상장주식수,1346477411,주,공시(표지 기준일),https://www.sec.gov/Archives/edgar/data/1103982/000110398224000019/,dei:EntityCommonStockSharesOutstanding 클래스 합,8
Mondelez International,MDLZ,2023Q4,2023-12-29,분기말 시가총액,97525358879,USD,계산(종가×주식수),https://query1.finance.yahoo.com/v8/finance/chart/MDLZ?interval=1d&events=splits (2023-12-29) ; https://www.sec.gov/Archives/edgar/data/1103982/000110398224000019/,종가 72.43 × 주식수 1346477411,8
Mondelez International,MDLZ,2024Q1,2024-03-31,분기별 매출액,9290000000,USD,공시,https://www.sec.gov/Archives/edgar/data/1103982/000110398224000055/,,8
Mondelez International,MDLZ,2024Q1,2024-03-31,분기별 영업이익,2727000000,USD,공시,https://www.sec.gov/Archives/edgar/data/1103982/000110398224000055/,,8
Mondelez International,MDLZ,2024Q1,2024-03-31,분기별 당기순이익(지배),1412000000,USD,공시,https://www.sec.gov/Archives/edgar/data/1103982/000110398224000055/,,8
Mondelez International,MDLZ,2024Q1,2024-03-31,분기별 영업활동현금흐름,1324000000,USD,공시,https://www.sec.gov/Archives/edgar/data/1103982/000110398224000055/,,8
Mondelez International,MDLZ,2024Q1,2024-03-31,분기말 자산총계,77624000000,USD,공시,https://www.sec.gov/Archives/edgar/data/1103982/000110398224000055/,,8
Mondelez International,MDLZ,2024Q1,2024-03-31,분기말 부채총계,49110000000,USD,공시,https://www.sec.gov/Archives/edgar/data/1103982/000110398224000055/,,8
Mondelez International,MDLZ,2024Q1,2024-03-31,분기말 총자본(자기자본),28514000000,USD,공시,https://www.sec.gov/Archives/edgar/data/1103982/000110398224000055/,,8
Mondelez International,MDLZ,2024Q1,2024-03-31,분기말 지배지분 자본,28482000000,USD,공시,https://www.sec.gov/Archives/edgar/data/1103982/000110398224000055/,,8
Mondelez International,MDLZ,2024Q1,2024-03-28,분기말 종가,70.0,USD,API,https://query1.finance.yahoo.com/v8/finance/chart/MDLZ?interval=1d&events=splits (2024-03-28),,8
Mondelez International,MDLZ,2024Q1,2024-04-25,분기말 상장주식수,1341359018,주,공시(표지 기준일),https://www.sec.gov/Archives/edgar/data/1103982/000110398224000055/,dei:EntityCommonStockSharesOutstanding 클래스 합,8
Mondelez International,MDLZ,2024Q1,2024-03-28,분기말 시가총액,93895131260,USD,계산(종가×주식수),https://query1.finance.yahoo.com/v8/finance/chart/MDLZ?interval=1d&events=splits (2024-03-28) ; https://www.sec.gov/Archives/edgar/data/1103982/000110398224000055/,종가 70.0 × 주식수 1341359018,8
Mondelez International,MDLZ,2024Q2,2024-06-30,분기별 매출액,8343000000,USD,공시,https://www.sec.gov/Archives/edgar/data/1103982/000110398224000092/,,8
Mondelez International,MDLZ,2024Q2,2024-06-30,분기별 영업이익,854000000,USD,공시,https://www.sec.gov/Archives/edgar/data/1103982/000110398224000092/,,8
Mondelez International,MDLZ,2024Q2,2024-06-30,분기별 당기순이익(지배),601000000,USD,공시,https://www.sec.gov/Archives/edgar/data/1103982/000110398224000092/,,8
Mondelez International,MDLZ,2024Q2,2024-06-30,분기별 영업활동현금흐름,822000000,USD,계산(누적차감),https://www.sec.gov/Archives/edgar/data/1103982/000110398224000092/ ; https://www.sec.gov/Archives/edgar/data/1103982/000110398224000055/,누적 2146000000 − 직전누적 1324000000 (시작 2024-01-01),8
Mondelez International,MDLZ,2024Q2,2024-06-30,분기말 자산총계,73096000000,USD,공시,https://www.sec.gov/Archives/edgar/data/1103982/000110398224000092/,,8
Mondelez International,MDLZ,2024Q2,2024-06-30,분기말 부채총계,45378000000,USD,공시,https://www.sec.gov/Archives/edgar/data/1103982/000110398224000092/,,8
Mondelez International,MDLZ,2024Q2,2024-06-30,분기말 총자본(자기자본),27718000000,USD,공시,https://www.sec.gov/Archives/edgar/data/1103982/000110398224000092/,,8
Mondelez International,MDLZ,2024Q2,2024-06-30,분기말 지배지분 자본,27689000000,USD,공시,https://www.sec.gov/Archives/edgar/data/1103982/000110398224000092/,,8
Mondelez International,MDLZ,2024Q2,2024-06-28,분기말 종가,65.44,USD,API,https://query1.finance.yahoo.com/v8/finance/chart/MDLZ?interval=1d&events=splits (2024-06-28),,8
Mondelez International,MDLZ,2024Q2,2024-07-25,분기말 상장주식수,1335797706,주,공시(표지 기준일),https://www.sec.gov/Archives/edgar/data/1103982/000110398224000092/,dei:EntityCommonStockSharesOutstanding 클래스 합,8
Mondelez International,MDLZ,2024Q2,2024-06-28,분기말 시가총액,87414601881,USD,계산(종가×주식수),https://query1.finance.yahoo.com/v8/finance/chart/MDLZ?interval=1d&events=splits (2024-06-28) ; https://www.sec.gov/Archives/edgar/data/1103982/000110398224000092/,종가 65.44 × 주식수 1335797706,8
Mondelez International,MDLZ,2024Q3,2024-09-30,분기별 매출액,9204000000,USD,공시,https://www.sec.gov/Archives/edgar/data/1103982/000110398224000104/,,8
Mondelez International,MDLZ,2024Q3,2024-09-30,분기별 영업이익,1153000000,USD,공시,https://www.sec.gov/Archives/edgar/data/1103982/000110398224000104/,,8
Mondelez International,MDLZ,2024Q3,2024-09-30,분기별 당기순이익(지배),853000000,USD,공시,https://www.sec.gov/Archives/edgar/data/1103982/000110398224000104/,,8
Mondelez International,MDLZ,2024Q3,2024-09-30,분기별 영업활동현금흐름,1305000000,USD,계산(누적차감),https://www.sec.gov/Archives/edgar/data/1103982/000110398224000104/ ; https://www.sec.gov/Archives/edgar/data/1103982/000110398224000092/,누적 3451000000 − 직전누적 2146000000 (시작 2024-01-01),8
Mondelez International,MDLZ,2024Q3,2024-09-30,분기말 자산총계,72191000000,USD,공시,https://www.sec.gov/Archives/edgar/data/1103982/000110398224000104/,,8
Mondelez International,MDLZ,2024Q3,2024-09-30,분기말 부채총계,44300000000,USD,공시,https://www.sec.gov/Archives/edgar/data/1103982/000110398224000104/,,8
Mondelez International,MDLZ,2024Q3,2024-09-30,분기말 총자본(자기자본),27891000000,USD,공시,https://www.sec.gov/Archives/edgar/data/1103982/000110398224000104/,,8
Mondelez International,MDLZ,2024Q3,2024-09-30,분기말 지배지분 자본,27854000000,USD,공시,https://www.sec.gov/Archives/edgar/data/1103982/000110398224000104/,,8
Mondelez International,MDLZ,2024Q3,2024-09-30,분기말 종가,73.67,USD,API,https://query1.finance.yahoo.com/v8/finance/chart/MDLZ?interval=1d&events=splits (2024-09-30),,8
Mondelez International,MDLZ,2024Q3,2024-10-24,분기말 상장주식수,1337194254,주,공시(표지 기준일),https://www.sec.gov/Archives/edgar/data/1103982/000110398224000104/,dei:EntityCommonStockSharesOutstanding 클래스 합,8
Mondelez International,MDLZ,2024Q3,2024-09-30,분기말 시가총액,98511100692,USD,계산(종가×주식수),https://query1.finance.yahoo.com/v8/finance/chart/MDLZ?interval=1d&events=splits (2024-09-30) ; https://www.sec.gov/Archives/edgar/data/1103982/000110398224000104/,종가 73.67 × 주식수 1337194254,8
Mondelez International,MDLZ,2024Q4,2024-12-31,분기별 매출액,9604000000,USD,계산(연간-3분기누적),https://www.sec.gov/Archives/edgar/data/1103982/000110398225000030/ ; https://www.sec.gov/Archives/edgar/data/1103982/000110398224000104/,연간 36441000000 − 9개월누적 26837000000 (Revenues),8
Mondelez International,MDLZ,2024Q4,2024-12-31,분기별 영업이익,1611000000,USD,계산(연간-3분기누적),https://www.sec.gov/Archives/edgar/data/1103982/000110398225000030/ ; https://www.sec.gov/Archives/edgar/data/1103982/000110398224000104/,연간 6345000000 − 9개월누적 4734000000 (OperatingIncomeLoss),8
Mondelez International,MDLZ,2024Q4,2024-12-31,분기별 당기순이익(지배),1745000000,USD,계산(연간-3분기누적),https://www.sec.gov/Archives/edgar/data/1103982/000110398225000030/ ; https://www.sec.gov/Archives/edgar/data/1103982/000110398224000104/,연간 4611000000 − 9개월누적 2866000000 (NetIncomeLoss),8
Mondelez International,MDLZ,2024Q4,2024-12-31,분기별 영업활동현금흐름,1459000000,USD,계산(누적차감),https://www.sec.gov/Archives/edgar/data/1103982/000110398225000030/ ; https://www.sec.gov/Archives/edgar/data/1103982/000110398224000104/,누적 4910000000 − 직전누적 3451000000 (시작 2024-01-01),8
Mondelez International,MDLZ,2024Q4,2024-12-31,분기말 자산총계,68497000000,USD,공시,https://www.sec.gov/Archives/edgar/data/1103982/000110398225000030/,,8
Mondelez International,MDLZ,2024Q4,2024-12-31,분기말 부채총계,41539000000,USD,공시,https://www.sec.gov/Archives/edgar/data/1103982/000110398225000030/,,8
Mondelez International,MDLZ,2024Q4,2024-12-31,분기말 총자본(자기자본),26958000000,USD,공시,https://www.sec.gov/Archives/edgar/data/1103982/000110398225000030/,,8
Mondelez International,MDLZ,2024Q4,2024-12-31,분기말 지배지분 자본,26932000000,USD,공시,https://www.sec.gov/Archives/edgar/data/1103982/000110398225000030/,,8
Mondelez International,MDLZ,2024Q4,2024-12-31,분기말 종가,59.73,USD,API,https://query1.finance.yahoo.com/v8/finance/chart/MDLZ?interval=1d&events=splits (2024-12-31),,8
Mondelez International,MDLZ,2024Q4,2025-01-31,분기말 상장주식수,1293525167,주,공시(표지 기준일),https://www.sec.gov/Archives/edgar/data/1103982/000110398225000030/,dei:EntityCommonStockSharesOutstanding 클래스 합,8
Mondelez International,MDLZ,2024Q4,2024-12-31,분기말 시가총액,77262258225,USD,계산(종가×주식수),https://query1.finance.yahoo.com/v8/finance/chart/MDLZ?interval=1d&events=splits (2024-12-31) ; https://www.sec.gov/Archives/edgar/data/1103982/000110398225000030/,종가 59.73 × 주식수 1293525167,8
Mondelez International,MDLZ,2025Q1,2025-03-31,분기별 매출액,9313000000,USD,공시,https://www.sec.gov/Archives/edgar/data/1103982/000110398225000127/,,8
Mondelez International,MDLZ,2025Q1,2025-03-31,분기별 영업이익,680000000,USD,공시,https://www.sec.gov/Archives/edgar/data/1103982/000110398225000127/,,8
Mondelez International,MDLZ,2025Q1,2025-03-31,분기별 당기순이익(지배),402000000,USD,공시,https://www.sec.gov/Archives/edgar/data/1103982/000110398225000127/,,8
Mondelez International,MDLZ,2025Q1,2025-03-31,분기별 영업활동현금흐름,1092000000,USD,공시,https://www.sec.gov/Archives/edgar/data/1103982/000110398225000127/,,8
Mondelez International,MDLZ,2025Q1,2025-03-31,분기말 자산총계,68927000000,USD,공시,https://www.sec.gov/Archives/edgar/data/1103982/000110398225000127/,,8
Mondelez International,MDLZ,2025Q1,2025-03-31,분기말 부채총계,43104000000,USD,공시,https://www.sec.gov/Archives/edgar/data/1103982/000110398225000127/,,8
Mondelez International,MDLZ,2025Q1,2025-03-31,분기말 총자본(자기자본),25823000000,USD,공시,https://www.sec.gov/Archives/edgar/data/1103982/000110398225000127/,,8
Mondelez International,MDLZ,2025Q1,2025-03-31,분기말 지배지분 자본,25785000000,USD,공시,https://www.sec.gov/Archives/edgar/data/1103982/000110398225000127/,,8
Mondelez International,MDLZ,2025Q1,2025-03-31,분기말 종가,67.85,USD,API,https://query1.finance.yahoo.com/v8/finance/chart/MDLZ?interval=1d&events=splits (2025-03-31),,8
Mondelez International,MDLZ,2025Q1,2025-04-23,분기말 상장주식수,1294815373,주,공시(표지 기준일),https://www.sec.gov/Archives/edgar/data/1103982/000110398225000127/,dei:EntityCommonStockSharesOutstanding 클래스 합,8
Mondelez International,MDLZ,2025Q1,2025-03-31,분기말 시가총액,87853223058,USD,계산(종가×주식수),https://query1.finance.yahoo.com/v8/finance/chart/MDLZ?interval=1d&events=splits (2025-03-31) ; https://www.sec.gov/Archives/edgar/data/1103982/000110398225000127/,종가 67.85 × 주식수 1294815373,8
Mondelez International,MDLZ,2025Q2,2025-06-30,분기별 매출액,8984000000,USD,공시,https://www.sec.gov/Archives/edgar/data/1103982/000110398225000188/,,8
Mondelez International,MDLZ,2025Q2,2025-06-30,분기별 영업이익,1172000000,USD,공시,https://www.sec.gov/Archives/edgar/data/1103982/000110398225000188/,,8
Mondelez International,MDLZ,2025Q2,2025-06-30,분기별 당기순이익(지배),641000000,USD,공시,https://www.sec.gov/Archives/edgar/data/1103982/000110398225000188/,,8
Mondelez International,MDLZ,2025Q2,2025-06-30,분기별 영업활동현금흐름,308000000,USD,계산(누적차감),https://www.sec.gov/Archives/edgar/data/1103982/000110398225000188/ ; https://www.sec.gov/Archives/edgar/data/1103982/000110398225000127/,누적 1400000000 − 직전누적 1092000000 (시작 2025-01-01),8
Mondelez International,MDLZ,2025Q2,2025-06-30,분기말 자산총계,71020000000,USD,공시,https://www.sec.gov/Archives/edgar/data/1103982/000110398225000188/,,8
Mondelez International,MDLZ,2025Q2,2025-06-30,분기말 부채총계,44773000000,USD,공시,https://www.sec.gov/Archives/edgar/data/1103982/000110398225000188/,,8
Mondelez International,MDLZ,2025Q2,2025-06-30,분기말 총자본(자기자본),26247000000,USD,공시,https://www.sec.gov/Archives/edgar/data/1103982/000110398225000188/,,8
Mondelez International,MDLZ,2025Q2,2025-06-30,분기말 지배지분 자본,26193000000,USD,공시,https://www.sec.gov/Archives/edgar/data/1103982/000110398225000188/,,8
Mondelez International,MDLZ,2025Q2,2025-06-30,분기말 종가,67.44,USD,API,https://query1.finance.yahoo.com/v8/finance/chart/MDLZ?interval=1d&events=splits (2025-06-30),,8
Mondelez International,MDLZ,2025Q2,2025-07-24,분기말 상장주식수,1293945412,주,공시(표지 기준일),https://www.sec.gov/Archives/edgar/data/1103982/000110398225000188/,dei:EntityCommonStockSharesOutstanding 클래스 합,8
Mondelez International,MDLZ,2025Q2,2025-06-30,분기말 시가총액,87263678585,USD,계산(종가×주식수),https://query1.finance.yahoo.com/v8/finance/chart/MDLZ?interval=1d&events=splits (2025-06-30) ; https://www.sec.gov/Archives/edgar/data/1103982/000110398225000188/,종가 67.44 × 주식수 1293945412,8
Mondelez International,MDLZ,2025Q3,2025-09-30,분기별 매출액,9744000000,USD,공시,https://www.sec.gov/Archives/edgar/data/1103982/000162828025046773/,,8
Mondelez International,MDLZ,2025Q3,2025-09-30,분기별 영업이익,744000000,USD,공시,https://www.sec.gov/Archives/edgar/data/1103982/000162828025046773/,,8
Mondelez International,MDLZ,2025Q3,2025-09-30,분기별 당기순이익(지배),743000000,USD,공시,https://www.sec.gov/Archives/edgar/data/1103982/000162828025046773/,,8
Mondelez International,MDLZ,2025Q3,2025-09-30,분기별 영업활동현금흐름,717000000,USD,계산(누적차감),https://www.sec.gov/Archives/edgar/data/1103982/000162828025046773/ ; https://www.sec.gov/Archives/edgar/data/1103982/000110398225000188/,누적 2117000000 − 직전누적 1400000000 (시작 2025-01-01),8
Mondelez International,MDLZ,2025Q3,2025-09-30,분기말 자산총계,71358000000,USD,공시,https://www.sec.gov/Archives/edgar/data/1103982/000162828025046773/,,8
Mondelez International,MDLZ,2025Q3,2025-09-30,분기말 부채총계,45129000000,USD,공시,https://www.sec.gov/Archives/edgar/data/1103982/000162828025046773/,,8
Mondelez International,MDLZ,2025Q3,2025-09-30,분기말 총자본(자기자본),26229000000,USD,공시,https://www.sec.gov/Archives/edgar/data/1103982/000162828025046773/,,8
Mondelez International,MDLZ,2025Q3,2025-09-30,분기말 지배지분 자본,26177000000,USD,공시,https://www.sec.gov/Archives/edgar/data/1103982/000162828025046773/,,8
Mondelez International,MDLZ,2025Q3,2025-09-30,분기말 종가,62.47,USD,API,https://query1.finance.yahoo.com/v8/finance/chart/MDLZ?interval=1d&events=splits (2025-09-30),,8
Mondelez International,MDLZ,2025Q3,2025-10-24,분기말 상장주식수,1290358492,주,공시(표지 기준일),https://www.sec.gov/Archives/edgar/data/1103982/000162828025046773/,dei:EntityCommonStockSharesOutstanding 클래스 합,8
Mondelez International,MDLZ,2025Q3,2025-09-30,분기말 시가총액,80608694995,USD,계산(종가×주식수),https://query1.finance.yahoo.com/v8/finance/chart/MDLZ?interval=1d&events=splits (2025-09-30) ; https://www.sec.gov/Archives/edgar/data/1103982/000162828025046773/,종가 62.47 × 주식수 1290358492,8
Mondelez International,MDLZ,2025Q4,2025-12-31,분기별 매출액,10496000000,USD,계산(연간-3분기누적),https://www.sec.gov/Archives/edgar/data/1103982/000162828026005345/ ; https://www.sec.gov/Archives/edgar/data/1103982/000162828025046773/,연간 38537000000 − 9개월누적 28041000000 (Revenues),8
Mondelez International,MDLZ,2025Q4,2025-12-31,분기별 영업이익,952000000,USD,계산(연간-3분기누적),https://www.sec.gov/Archives/edgar/data/1103982/000162828026005345/ ; https://www.sec.gov/Archives/edgar/data/1103982/000162828025046773/,연간 3548000000 − 9개월누적 2596000000 (OperatingIncomeLoss),8
Mondelez International,MDLZ,2025Q4,2025-12-31,분기별 당기순이익(지배),665000000,USD,계산(연간-3분기누적),https://www.sec.gov/Archives/edgar/data/1103982/000162828026005345/ ; https://www.sec.gov/Archives/edgar/data/1103982/000162828025046773/,연간 2451000000 − 9개월누적 1786000000 (NetIncomeLoss),8
Mondelez International,MDLZ,2025Q4,2025-12-31,분기별 영업활동현금흐름,2397000000,USD,계산(누적차감),https://www.sec.gov/Archives/edgar/data/1103982/000162828026005345/ ; https://www.sec.gov/Archives/edgar/data/1103982/000162828025046773/,누적 4514000000 − 직전누적 2117000000 (시작 2025-01-01),8
Mondelez International,MDLZ,2025Q4,2025-12-31,분기말 자산총계,71487000000,USD,공시,https://www.sec.gov/Archives/edgar/data/1103982/000162828026005345/,,8
Mondelez International,MDLZ,2025Q4,2025-12-31,분기말 부채총계,45596000000,USD,공시,https://www.sec.gov/Archives/edgar/data/1103982/000162828026005345/,,8
Mondelez International,MDLZ,2025Q4,2025-12-31,분기말 총자본(자기자본),25891000000,USD,공시,https://www.sec.gov/Archives/edgar/data/1103982/000162828026005345/,,8
Mondelez International,MDLZ,2025Q4,2025-12-31,분기말 지배지분 자본,25838000000,USD,공시,https://www.sec.gov/Archives/edgar/data/1103982/000162828026005345/,,8
Mondelez International,MDLZ,2025Q4,2025-12-31,분기말 종가,53.83,USD,API,https://query1.finance.yahoo.com/v8/finance/chart/MDLZ?interval=1d&events=splits (2025-12-31),,8
Mondelez International,MDLZ,2025Q4,2026-01-30,분기말 상장주식수,1281845669,주,공시(표지 기준일),https://www.sec.gov/Archives/edgar/data/1103982/000162828026005345/,dei:EntityCommonStockSharesOutstanding 클래스 합,8
Mondelez International,MDLZ,2025Q4,2025-12-31,분기말 시가총액,69001752362,USD,계산(종가×주식수),https://query1.finance.yahoo.com/v8/finance/chart/MDLZ?interval=1d&events=splits (2025-12-31) ; https://www.sec.gov/Archives/edgar/data/1103982/000162828026005345/,종가 53.83 × 주식수 1281845669,8
Mondelez International,MDLZ,2026Q1,2026-03-31,분기별 매출액,10080000000,USD,공시,https://www.sec.gov/Archives/edgar/data/1103982/000162828026027937/,,8
Mondelez International,MDLZ,2026Q1,2026-03-31,분기별 영업이익,808000000,USD,공시,https://www.sec.gov/Archives/edgar/data/1103982/000162828026027937/,,8
Mondelez International,MDLZ,2026Q1,2026-03-31,분기별 당기순이익(지배),560000000,USD,공시,https://www.sec.gov/Archives/edgar/data/1103982/000162828026027937/,,8
Mondelez International,MDLZ,2026Q1,2026-03-31,분기별 영업활동현금흐름,467000000,USD,공시,https://www.sec.gov/Archives/edgar/data/1103982/000162828026027937/,,8
Mondelez International,MDLZ,2026Q1,2026-03-31,분기말 자산총계,71122000000,USD,공시,https://www.sec.gov/Archives/edgar/data/1103982/000162828026027937/,,8
Mondelez International,MDLZ,2026Q1,2026-03-31,분기말 부채총계,45318000000,USD,공시,https://www.sec.gov/Archives/edgar/data/1103982/000162828026027937/,,8
Mondelez International,MDLZ,2026Q1,2026-03-31,분기말 총자본(자기자본),25804000000,USD,공시,https://www.sec.gov/Archives/edgar/data/1103982/000162828026027937/,,8
Mondelez International,MDLZ,2026Q1,2026-03-31,분기말 지배지분 자본,25750000000,USD,공시,https://www.sec.gov/Archives/edgar/data/1103982/000162828026027937/,,8
Mondelez International,MDLZ,2026Q1,2026-03-31,분기말 종가,57.64,USD,API,https://query1.finance.yahoo.com/v8/finance/chart/MDLZ?interval=1d&events=splits (2026-03-31),,8
Mondelez International,MDLZ,2026Q1,2026-04-24,분기말 상장주식수,1283649766,주,공시(표지 기준일),https://www.sec.gov/Archives/edgar/data/1103982/000162828026027937/,dei:EntityCommonStockSharesOutstanding 클래스 합,8
Mondelez International,MDLZ,2026Q1,2026-03-31,분기말 시가총액,73989572512,USD,계산(종가×주식수),https://query1.finance.yahoo.com/v8/finance/chart/MDLZ?interval=1d&events=splits (2026-03-31) ; https://www.sec.gov/Archives/edgar/data/1103982/000162828026027937/,종가 57.64 × 주식수 1283649766,8
Mondelez International,MDLZ,2026Q2,2026-06-30,분기별 매출액,9355000000,USD,공시,https://www.sec.gov/Archives/edgar/data/1103982/000162828026050179/,값은 XBRL 원문(companyfacts 미반영 보고서),8
Mondelez International,MDLZ,2026Q2,2026-06-30,분기별 영업이익,1946000000,USD,공시,https://www.sec.gov/Archives/edgar/data/1103982/000162828026050179/,값은 XBRL 원문(companyfacts 미반영 보고서),8
Mondelez International,MDLZ,2026Q2,2026-06-30,분기별 당기순이익(지배),1548000000,USD,공시,https://www.sec.gov/Archives/edgar/data/1103982/000162828026050179/,값은 XBRL 원문(companyfacts 미반영 보고서),8
Mondelez International,MDLZ,2026Q2,2026-06-30,분기별 영업활동현금흐름,855000000,USD,계산(누적차감),https://www.sec.gov/Archives/edgar/data/1103982/000162828026050179/ ; https://www.sec.gov/Archives/edgar/data/1103982/000162828026027937/,누적 1322000000 − 직전누적 467000000 (시작 2026-01-01) ; 값은 XBRL 원문(companyfacts 미반영 보고서),8
Mondelez International,MDLZ,2026Q2,2026-06-30,분기말 자산총계,71247000000,USD,공시,https://www.sec.gov/Archives/edgar/data/1103982/000162828026050179/,값은 XBRL 원문(companyfacts 미반영 보고서),8
Mondelez International,MDLZ,2026Q2,2026-06-30,분기말 부채총계,44555000000,USD,공시,https://www.sec.gov/Archives/edgar/data/1103982/000162828026050179/,값은 XBRL 원문(companyfacts 미반영 보고서),8
Mondelez International,MDLZ,2026Q2,2026-06-30,분기말 총자본(자기자본),26692000000,USD,공시,https://www.sec.gov/Archives/edgar/data/1103982/000162828026050179/,값은 XBRL 원문(companyfacts 미반영 보고서),8
Mondelez International,MDLZ,2026Q2,2026-06-30,분기말 지배지분 자본,26639000000,USD,공시,https://www.sec.gov/Archives/edgar/data/1103982/000162828026050179/,값은 XBRL 원문(companyfacts 미반영 보고서),8
Mondelez International,MDLZ,2026Q2,2026-06-30,분기말 종가,57.84,USD,API,https://query1.finance.yahoo.com/v8/finance/chart/MDLZ?interval=1d&events=splits (2026-06-30),,8
Mondelez International,MDLZ,2026Q2,2026-07-24,분기말 상장주식수,1276308057,주,공시(표지 기준일),https://www.sec.gov/Archives/edgar/data/1103982/000162828026050179/,dei:EntityCommonStockSharesOutstanding 클래스 합 ; 값은 XBRL 원문(companyfacts 미반영 보고서),8
Mondelez International,MDLZ,2026Q2,2026-06-30,분기말 시가총액,73821658017,USD,계산(종가×주식수),https://query1.finance.yahoo.com/v8/finance/chart/MDLZ?interval=1d&events=splits (2026-06-30) ; https://www.sec.gov/Archives/edgar/data/1103982/000162828026050179/,종가 57.84 × 주식수 1276308057 ; 값은 XBRL 원문(companyfacts 미반영 보고서),8
