기업,종목코드,기간,기준일,항목,값,통화,값구분,출처,검산,라운드
Pfizer,PFE,2010Q1,2010-04-04,분기별 매출액,16750000000,USD,공시,https://www.sec.gov/Archives/edgar/data/78003/000115752310003143/,,5
Pfizer,PFE,2010Q1,2010-04-04,분기별 영업이익,미확인,USD,미확인,SEC companyfacts CIK0000078003: 해당 보고서에 OperatingIncomeLoss 태그 없음(영업이익 미공시) ; SEC companyfacts CIK0000078003: OperatingIncomeLoss 태그 없음(영업이익 미공시),,5
Pfizer,PFE,2010Q1,2010-04-04,분기별 당기순이익(지배),2026000000,USD,공시,https://www.sec.gov/Archives/edgar/data/78003/000115752310003143/,,5
Pfizer,PFE,2010Q1,2010-04-04,분기별 영업활동현금흐름,-6360000000,USD,공시,https://www.sec.gov/Archives/edgar/data/78003/000115752310003143/,,5
Pfizer,PFE,2010Q1,2010-04-04,분기말 자산총계,195113000000,USD,공시,https://www.sec.gov/Archives/edgar/data/78003/000115752310003143/,,5
Pfizer,PFE,2010Q1,2010-04-04,분기말 부채총계,105031000000,USD,공시,https://www.sec.gov/Archives/edgar/data/78003/000115752310003143/,,5
Pfizer,PFE,2010Q1,2010-04-04,분기말 총자본(자기자본),90082000000,USD,공시,https://www.sec.gov/Archives/edgar/data/78003/000115752310003143/,,5
Pfizer,PFE,2010Q1,2010-04-04,분기말 지배지분 자본,89659000000,USD,공시,https://www.sec.gov/Archives/edgar/data/78003/000115752310003143/,,5
Pfizer,PFE,2010Q1,2010-04-01,분기말 종가,17.08,USD,API,https://query1.finance.yahoo.com/v8/finance/chart/PFE?interval=1d&events=splits (2010-04-01),분할조정 종가 16.2049 × 이후 분할계수 1.054,5
Pfizer,PFE,2010Q1,2010-05-10,분기말 상장주식수,8066133809,주,공시(표지 기준일),https://www.sec.gov/Archives/edgar/data/78003/000115752310003143/,dei:EntityCommonStockSharesOutstanding 클래스 합,5
Pfizer,PFE,2010Q1,2010-04-01,분기말 시가총액,137769565458,USD,계산(종가×주식수),https://query1.finance.yahoo.com/v8/finance/chart/PFE?interval=1d&events=splits (2010-04-01) ; https://www.sec.gov/Archives/edgar/data/78003/000115752310003143/,종가 17.08 × 주식수 8066133809,5
Pfizer,PFE,2010Q2,2010-07-04,분기별 매출액,17327000000,USD,공시,https://www.sec.gov/Archives/edgar/data/78003/000115752310005034/,,5
Pfizer,PFE,2010Q2,2010-07-04,분기별 영업이익,미확인,USD,미확인,SEC companyfacts CIK0000078003: 해당 보고서에 OperatingIncomeLoss 태그 없음(영업이익 미공시) ; SEC companyfacts CIK0000078003: OperatingIncomeLoss 태그 없음(영업이익 미공시),,5
Pfizer,PFE,2010Q2,2010-07-04,분기별 당기순이익(지배),2475000000,USD,공시,https://www.sec.gov/Archives/edgar/data/78003/000115752310005034/,,5
Pfizer,PFE,2010Q2,2010-07-04,분기별 영업활동현금흐름,4873000000,USD,계산(누적차감),https://www.sec.gov/Archives/edgar/data/78003/000115752310005034/ ; https://www.sec.gov/Archives/edgar/data/78003/000115752310003143/,누적 -1487000000 − 직전누적 -6360000000 (시작 2010-01-01),5
Pfizer,PFE,2010Q2,2010-07-04,분기말 자산총계,191071000000,USD,공시,https://www.sec.gov/Archives/edgar/data/78003/000115752310005034/,,5
Pfizer,PFE,2010Q2,2010-07-04,분기말 부채총계,104193000000,USD,공시,https://www.sec.gov/Archives/edgar/data/78003/000115752310005034/,,5
Pfizer,PFE,2010Q2,2010-07-04,분기말 총자본(자기자본),86878000000,USD,공시,https://www.sec.gov/Archives/edgar/data/78003/000115752310005034/,,5
Pfizer,PFE,2010Q2,2010-07-04,분기말 지배지분 자본,86439000000,USD,공시,https://www.sec.gov/Archives/edgar/data/78003/000115752310005034/,,5
Pfizer,PFE,2010Q2,2010-07-02,분기말 종가,14.14,USD,API,https://query1.finance.yahoo.com/v8/finance/chart/PFE?interval=1d&events=splits (2010-07-02),분할조정 종가 13.4156 × 이후 분할계수 1.054,5
Pfizer,PFE,2010Q2,2010-08-09,분기말 상장주식수,8038278387,주,공시(표지 기준일),https://www.sec.gov/Archives/edgar/data/78003/000115752310005034/,dei:EntityCommonStockSharesOutstanding 클래스 합,5
Pfizer,PFE,2010Q2,2010-07-02,분기말 시가총액,113661256392,USD,계산(종가×주식수),https://query1.finance.yahoo.com/v8/finance/chart/PFE?interval=1d&events=splits (2010-07-02) ; https://www.sec.gov/Archives/edgar/data/78003/000115752310005034/,종가 14.14 × 주식수 8038278387,5
Pfizer,PFE,2010Q3,2010-10-03,분기별 매출액,16171000000,USD,공시,https://www.sec.gov/Archives/edgar/data/78003/000115752310006832/,,5
Pfizer,PFE,2010Q3,2010-10-03,분기별 영업이익,미확인,USD,미확인,SEC companyfacts CIK0000078003: 해당 보고서에 OperatingIncomeLoss 태그 없음(영업이익 미공시) ; SEC companyfacts CIK0000078003: OperatingIncomeLoss 태그 없음(영업이익 미공시),,5
Pfizer,PFE,2010Q3,2010-10-03,분기별 당기순이익(지배),866000000,USD,공시,https://www.sec.gov/Archives/edgar/data/78003/000115752310006832/,,5
Pfizer,PFE,2010Q3,2010-10-03,분기별 영업활동현금흐름,6683000000,USD,계산(누적차감),https://www.sec.gov/Archives/edgar/data/78003/000115752310006832/ ; https://www.sec.gov/Archives/edgar/data/78003/000115752310005034/,누적 5196000000 − 직전누적 -1487000000 (시작 2010-01-01),5
Pfizer,PFE,2010Q3,2010-10-03,분기말 자산총계,191415000000,USD,공시,https://www.sec.gov/Archives/edgar/data/78003/000115752310006832/,,5
Pfizer,PFE,2010Q3,2010-10-03,분기말 부채총계,103347000000,USD,공시,https://www.sec.gov/Archives/edgar/data/78003/000115752310006832/,,5
Pfizer,PFE,2010Q3,2010-10-03,분기말 총자본(자기자본),88068000000,USD,공시,https://www.sec.gov/Archives/edgar/data/78003/000115752310006832/,,5
Pfizer,PFE,2010Q3,2010-10-03,분기말 지배지분 자본,87635000000,USD,공시,https://www.sec.gov/Archives/edgar/data/78003/000115752310006832/,,5
Pfizer,PFE,2010Q3,2010-10-01,분기말 종가,17.18,USD,API,https://query1.finance.yahoo.com/v8/finance/chart/PFE?interval=1d&events=splits (2010-10-01),분할조정 종가 16.2998 × 이후 분할계수 1.054,5
Pfizer,PFE,2010Q3,2010-11-08,분기말 상장주식수,8009951287,주,공시(표지 기준일),https://www.sec.gov/Archives/edgar/data/78003/000115752310006832/,dei:EntityCommonStockSharesOutstanding 클래스 합,5
Pfizer,PFE,2010Q3,2010-10-01,분기말 시가총액,137610963111,USD,계산(종가×주식수),https://query1.finance.yahoo.com/v8/finance/chart/PFE?interval=1d&events=splits (2010-10-01) ; https://www.sec.gov/Archives/edgar/data/78003/000115752310006832/,종가 17.18 × 주식수 8009951287,5
Pfizer,PFE,2010Q4,2010-12-31,분기별 매출액,17561000000,USD,계산(연간-3분기누적),https://www.sec.gov/Archives/edgar/data/78003/000119312511048877/ ; https://www.sec.gov/Archives/edgar/data/78003/000115752310006832/,연간 67809000000 − 9개월누적 50248000000 (SalesRevenueNet),5
Pfizer,PFE,2010Q4,2010-12-31,분기별 영업이익,미확인,USD,미확인,SEC companyfacts CIK0000078003: 해당 보고서에 OperatingIncomeLoss 태그 없음(영업이익 미공시) ; SEC companyfacts CIK0000078003: OperatingIncomeLoss 태그 없음(영업이익 미공시),,5
Pfizer,PFE,2010Q4,2010-12-31,분기별 당기순이익(지배),2890000000,USD,계산(연간-3분기누적),https://www.sec.gov/Archives/edgar/data/78003/000119312511048877/ ; https://www.sec.gov/Archives/edgar/data/78003/000115752310006832/,연간 8257000000 − 9개월누적 5367000000 (NetIncomeLoss),5
Pfizer,PFE,2010Q4,2010-12-31,분기별 영업활동현금흐름,6258000000,USD,계산(누적차감),https://www.sec.gov/Archives/edgar/data/78003/000119312511048877/ ; https://www.sec.gov/Archives/edgar/data/78003/000115752310006832/,누적 11454000000 − 직전누적 5196000000 (시작 2010-01-01),5
Pfizer,PFE,2010Q4,2010-12-31,분기말 자산총계,195014000000,USD,공시,https://www.sec.gov/Archives/edgar/data/78003/000119312511048877/,,5
Pfizer,PFE,2010Q4,2010-12-31,분기말 부채총계,106749000000,USD,공시,https://www.sec.gov/Archives/edgar/data/78003/000119312511048877/,,5
Pfizer,PFE,2010Q4,2010-12-31,분기말 총자본(자기자본),88265000000,USD,공시,https://www.sec.gov/Archives/edgar/data/78003/000119312511048877/,,5
Pfizer,PFE,2010Q4,2010-12-31,분기말 지배지분 자본,87813000000,USD,공시,https://www.sec.gov/Archives/edgar/data/78003/000119312511048877/,,5
Pfizer,PFE,2010Q4,2010-12-31,분기말 종가,17.51,USD,API,https://query1.finance.yahoo.com/v8/finance/chart/PFE?interval=1d&events=splits (2010-12-31),분할조정 종가 16.6129 × 이후 분할계수 1.054,5
Pfizer,PFE,2010Q4,2011-02-22,분기말 상장주식수,7995220402,주,공시(표지 기준일),https://www.sec.gov/Archives/edgar/data/78003/000119312511048877/,dei:EntityCommonStockSharesOutstanding 클래스 합,5
Pfizer,PFE,2010Q4,2010-12-31,분기말 시가총액,139996309239,USD,계산(종가×주식수),https://query1.finance.yahoo.com/v8/finance/chart/PFE?interval=1d&events=splits (2010-12-31) ; https://www.sec.gov/Archives/edgar/data/78003/000119312511048877/,종가 17.51 × 주식수 7995220402,5
Pfizer,PFE,2011Q1,2011-04-03,분기별 매출액,16502000000,USD,공시,https://www.sec.gov/Archives/edgar/data/78003/000115752311003088/,,5
Pfizer,PFE,2011Q1,2011-04-03,분기별 영업이익,미확인,USD,미확인,SEC companyfacts CIK0000078003: 해당 보고서에 OperatingIncomeLoss 태그 없음(영업이익 미공시) ; SEC companyfacts CIK0000078003: OperatingIncomeLoss 태그 없음(영업이익 미공시),,5
Pfizer,PFE,2011Q1,2011-04-03,분기별 당기순이익(지배),2222000000,USD,공시,https://www.sec.gov/Archives/edgar/data/78003/000115752311003088/,,5
Pfizer,PFE,2011Q1,2011-04-03,분기별 영업활동현금흐름,4642000000,USD,공시,https://www.sec.gov/Archives/edgar/data/78003/000115752311003088/,,5
Pfizer,PFE,2011Q1,2011-04-03,분기말 자산총계,194956000000,USD,공시,https://www.sec.gov/Archives/edgar/data/78003/000115752311003088/,,5
Pfizer,PFE,2011Q1,2011-04-03,분기말 부채총계,104423000000,USD,공시,https://www.sec.gov/Archives/edgar/data/78003/000115752311003088/,,5
Pfizer,PFE,2011Q1,2011-04-03,분기말 총자본(자기자본),90533000000,USD,공시,https://www.sec.gov/Archives/edgar/data/78003/000115752311003088/,,5
Pfizer,PFE,2011Q1,2011-04-03,분기말 지배지분 자본,90067000000,USD,공시,https://www.sec.gov/Archives/edgar/data/78003/000115752311003088/,,5
Pfizer,PFE,2011Q1,2011-04-01,분기말 종가,20.38,USD,API,https://query1.finance.yahoo.com/v8/finance/chart/PFE?interval=1d&events=splits (2011-04-01),분할조정 종가 19.3359 × 이후 분할계수 1.054,5
Pfizer,PFE,2011Q1,2011-05-09,분기말 상장주식수,7901130426,주,공시(표지 기준일),https://www.sec.gov/Archives/edgar/data/78003/000115752311003088/,dei:EntityCommonStockSharesOutstanding 클래스 합,5
Pfizer,PFE,2011Q1,2011-04-01,분기말 시가총액,161025038082,USD,계산(종가×주식수),https://query1.finance.yahoo.com/v8/finance/chart/PFE?interval=1d&events=splits (2011-04-01) ; https://www.sec.gov/Archives/edgar/data/78003/000115752311003088/,종가 20.38 × 주식수 7901130426,5
Pfizer,PFE,2011Q2,2011-07-03,분기별 매출액,16984000000,USD,공시,https://www.sec.gov/Archives/edgar/data/78003/000115752311004964/,,5
Pfizer,PFE,2011Q2,2011-07-03,분기별 영업이익,미확인,USD,미확인,SEC companyfacts CIK0000078003: 해당 보고서에 OperatingIncomeLoss 태그 없음(영업이익 미공시) ; SEC companyfacts CIK0000078003: OperatingIncomeLoss 태그 없음(영업이익 미공시),,5
Pfizer,PFE,2011Q2,2011-07-03,분기별 당기순이익(지배),2610000000,USD,공시,https://www.sec.gov/Archives/edgar/data/78003/000115752311004964/,,5
Pfizer,PFE,2011Q2,2011-07-03,분기별 영업활동현금흐름,5898000000,USD,계산(누적차감),https://www.sec.gov/Archives/edgar/data/78003/000115752311004964/ ; https://www.sec.gov/Archives/edgar/data/78003/000115752311003088/,누적 10540000000 − 직전누적 4642000000 (시작 2011-01-01),5
Pfizer,PFE,2011Q2,2011-07-03,분기말 자산총계,195899000000,USD,공시,https://www.sec.gov/Archives/edgar/data/78003/000115752311004964/,,5
Pfizer,PFE,2011Q2,2011-07-03,분기말 부채총계,106936000000,USD,공시,https://www.sec.gov/Archives/edgar/data/78003/000115752311004964/,,5
Pfizer,PFE,2011Q2,2011-07-03,분기말 총자본(자기자본),88963000000,USD,공시,https://www.sec.gov/Archives/edgar/data/78003/000115752311004964/,,5
Pfizer,PFE,2011Q2,2011-07-03,분기말 지배지분 자본,88481000000,USD,공시,https://www.sec.gov/Archives/edgar/data/78003/000115752311004964/,,5
Pfizer,PFE,2011Q2,2011-07-01,분기말 종가,20.75,USD,API,https://query1.finance.yahoo.com/v8/finance/chart/PFE?interval=1d&events=splits (2011-07-01),분할조정 종가 19.6869 × 이후 분할계수 1.054,5
Pfizer,PFE,2011Q2,2011-08-08,분기말 상장주식수,7802126616,주,공시(표지 기준일),https://www.sec.gov/Archives/edgar/data/78003/000115752311004964/,dei:EntityCommonStockSharesOutstanding 클래스 합,5
Pfizer,PFE,2011Q2,2011-07-01,분기말 시가총액,161894127282,USD,계산(종가×주식수),https://query1.finance.yahoo.com/v8/finance/chart/PFE?interval=1d&events=splits (2011-07-01) ; https://www.sec.gov/Archives/edgar/data/78003/000115752311004964/,종가 20.75 × 주식수 7802126616,5
Pfizer,PFE,2011Q3,2011-10-02,분기별 매출액,17193000000,USD,공시,https://www.sec.gov/Archives/edgar/data/78003/000115752311006714/,,5
Pfizer,PFE,2011Q3,2011-10-02,분기별 영업이익,미확인,USD,미확인,SEC companyfacts CIK0000078003: 해당 보고서에 OperatingIncomeLoss 태그 없음(영업이익 미공시) ; SEC companyfacts CIK0000078003: OperatingIncomeLoss 태그 없음(영업이익 미공시),,5
Pfizer,PFE,2011Q3,2011-10-02,분기별 당기순이익(지배),3738000000,USD,공시,https://www.sec.gov/Archives/edgar/data/78003/000115752311006714/,,5
Pfizer,PFE,2011Q3,2011-10-02,분기별 영업활동현금흐름,4439000000,USD,계산(누적차감),https://www.sec.gov/Archives/edgar/data/78003/000115752311006714/ ; https://www.sec.gov/Archives/edgar/data/78003/000115752311004964/,누적 14979000000 − 직전누적 10540000000 (시작 2011-01-01),5
Pfizer,PFE,2011Q3,2011-10-02,분기말 자산총계,196132000000,USD,공시,https://www.sec.gov/Archives/edgar/data/78003/000115752311006714/,,5
Pfizer,PFE,2011Q3,2011-10-02,분기말 부채총계,105602000000,USD,공시,https://www.sec.gov/Archives/edgar/data/78003/000115752311006714/,,5
Pfizer,PFE,2011Q3,2011-10-02,분기말 총자본(자기자본),90530000000,USD,공시,https://www.sec.gov/Archives/edgar/data/78003/000115752311006714/,,5
Pfizer,PFE,2011Q3,2011-10-02,분기말 지배지분 자본,90047000000,USD,공시,https://www.sec.gov/Archives/edgar/data/78003/000115752311006714/,,5
Pfizer,PFE,2011Q3,2011-09-30,분기말 종가,17.68,USD,API,https://query1.finance.yahoo.com/v8/finance/chart/PFE?interval=1d&events=splits (2011-09-30),분할조정 종가 16.7742 × 이후 분할계수 1.054,5
Pfizer,PFE,2011Q3,2011-11-07,분기말 상장주식수,7686966786,주,공시(표지 기준일),https://www.sec.gov/Archives/edgar/data/78003/000115752311006714/,dei:EntityCommonStockSharesOutstanding 클래스 합,5
Pfizer,PFE,2011Q3,2011-09-30,분기말 시가총액,135905572776,USD,계산(종가×주식수),https://query1.finance.yahoo.com/v8/finance/chart/PFE?interval=1d&events=splits (2011-09-30) ; https://www.sec.gov/Archives/edgar/data/78003/000115752311006714/,종가 17.68 × 주식수 7686966786,5
Pfizer,PFE,2011Q4,2011-12-31,분기별 매출액,16746000000,USD,계산(연간-3분기누적),https://www.sec.gov/Archives/edgar/data/78003/000119312512085703/ ; https://www.sec.gov/Archives/edgar/data/78003/000115752311006714/,연간 67425000000 − 9개월누적 50679000000 (SalesRevenueNet),5
Pfizer,PFE,2011Q4,2011-12-31,분기별 영업이익,미확인,USD,미확인,SEC companyfacts CIK0000078003: 해당 보고서에 OperatingIncomeLoss 태그 없음(영업이익 미공시) ; SEC companyfacts CIK0000078003: OperatingIncomeLoss 태그 없음(영업이익 미공시),,5
Pfizer,PFE,2011Q4,2011-12-31,분기별 당기순이익(지배),1439000000,USD,계산(연간-3분기누적),https://www.sec.gov/Archives/edgar/data/78003/000119312512085703/ ; https://www.sec.gov/Archives/edgar/data/78003/000115752311006714/,연간 10009000000 − 9개월누적 8570000000 (NetIncomeLoss),5
Pfizer,PFE,2011Q4,2011-12-31,분기별 영업활동현금흐름,5261000000,USD,계산(누적차감),https://www.sec.gov/Archives/edgar/data/78003/000119312512085703/ ; https://www.sec.gov/Archives/edgar/data/78003/000115752311006714/,누적 20240000000 − 직전누적 14979000000 (시작 2011-01-01),5
Pfizer,PFE,2011Q4,2011-12-31,분기말 자산총계,188002000000,USD,공시,https://www.sec.gov/Archives/edgar/data/78003/000119312512085703/,,5
Pfizer,PFE,2011Q4,2011-12-31,분기말 부채총계,105381000000,USD,공시,https://www.sec.gov/Archives/edgar/data/78003/000119312512085703/,,5
Pfizer,PFE,2011Q4,2011-12-31,분기말 총자본(자기자본),82621000000,USD,공시,https://www.sec.gov/Archives/edgar/data/78003/000119312512085703/,,5
Pfizer,PFE,2011Q4,2011-12-31,분기말 지배지분 자본,82190000000,USD,공시,https://www.sec.gov/Archives/edgar/data/78003/000119312512085703/,,5
Pfizer,PFE,2011Q4,2011-12-30,분기말 종가,21.64,USD,API,https://query1.finance.yahoo.com/v8/finance/chart/PFE?interval=1d&events=splits (2011-12-30),분할조정 종가 20.5313 × 이후 분할계수 1.054,5
Pfizer,PFE,2011Q4,2012-02-21,분기말 상장주식수,7538520276,주,공시(표지 기준일),https://www.sec.gov/Archives/edgar/data/78003/000119312512085703/,dei:EntityCommonStockSharesOutstanding 클래스 합,5
Pfizer,PFE,2011Q4,2011-12-30,분기말 시가총액,163133578773,USD,계산(종가×주식수),https://query1.finance.yahoo.com/v8/finance/chart/PFE?interval=1d&events=splits (2011-12-30) ; https://www.sec.gov/Archives/edgar/data/78003/000119312512085703/,종가 21.64 × 주식수 7538520276,5
Pfizer,PFE,2012Q1,2012-04-01,분기별 매출액,15405000000,USD,공시,https://www.sec.gov/Archives/edgar/data/78003/000115752312002789/,,5
Pfizer,PFE,2012Q1,2012-04-01,분기별 영업이익,미확인,USD,미확인,SEC companyfacts CIK0000078003: 해당 보고서에 OperatingIncomeLoss 태그 없음(영업이익 미공시) ; SEC companyfacts CIK0000078003: OperatingIncomeLoss 태그 없음(영업이익 미공시),,5
Pfizer,PFE,2012Q1,2012-04-01,분기별 당기순이익(지배),1794000000,USD,공시,https://www.sec.gov/Archives/edgar/data/78003/000115752312002789/,,5
Pfizer,PFE,2012Q1,2012-04-01,분기별 영업활동현금흐름,2774000000,USD,공시,https://www.sec.gov/Archives/edgar/data/78003/000115752312002789/,,5
Pfizer,PFE,2012Q1,2012-04-01,분기말 자산총계,185683000000,USD,공시,https://www.sec.gov/Archives/edgar/data/78003/000115752312002789/,,5
Pfizer,PFE,2012Q1,2012-04-01,분기말 부채총계,102006000000,USD,공시,https://www.sec.gov/Archives/edgar/data/78003/000115752312002789/,,5
Pfizer,PFE,2012Q1,2012-04-01,분기말 총자본(자기자본),83677000000,USD,공시,https://www.sec.gov/Archives/edgar/data/78003/000115752312002789/,,5
Pfizer,PFE,2012Q1,2012-04-01,분기말 지배지분 자본,83256000000,USD,공시,https://www.sec.gov/Archives/edgar/data/78003/000115752312002789/,,5
Pfizer,PFE,2012Q1,2012-03-30,분기말 종가,22.65,USD,API,https://query1.finance.yahoo.com/v8/finance/chart/PFE?interval=1d&events=splits (2012-03-30),분할조정 종가 21.4896 × 이후 분할계수 1.054,5
Pfizer,PFE,2012Q1,2012-05-07,분기말 상장주식수,7488136070,주,공시(표지 기준일),https://www.sec.gov/Archives/edgar/data/78003/000115752312002789/,dei:EntityCommonStockSharesOutstanding 클래스 합,5
Pfizer,PFE,2012Q1,2012-03-30,분기말 시가총액,169606281986,USD,계산(종가×주식수),https://query1.finance.yahoo.com/v8/finance/chart/PFE?interval=1d&events=splits (2012-03-30) ; https://www.sec.gov/Archives/edgar/data/78003/000115752312002789/,종가 22.65 × 주식수 7488136070,5
Pfizer,PFE,2012Q2,2012-07-01,분기별 매출액,15057000000,USD,공시,https://www.sec.gov/Archives/edgar/data/78003/000115752312004450/,,5
Pfizer,PFE,2012Q2,2012-07-01,분기별 영업이익,미확인,USD,미확인,SEC companyfacts CIK0000078003: 해당 보고서에 OperatingIncomeLoss 태그 없음(영업이익 미공시) ; SEC companyfacts CIK0000078003: OperatingIncomeLoss 태그 없음(영업이익 미공시),,5
Pfizer,PFE,2012Q2,2012-07-01,분기별 당기순이익(지배),3253000000,USD,공시,https://www.sec.gov/Archives/edgar/data/78003/000115752312004450/,,5
Pfizer,PFE,2012Q2,2012-07-01,분기별 영업활동현금흐름,4021000000,USD,계산(누적차감),https://www.sec.gov/Archives/edgar/data/78003/000115752312004450/ ; https://www.sec.gov/Archives/edgar/data/78003/000115752312002789/,누적 6795000000 − 직전누적 2774000000 (시작 2012-01-01),5
Pfizer,PFE,2012Q2,2012-07-01,분기말 자산총계,182842000000,USD,공시,https://www.sec.gov/Archives/edgar/data/78003/000115752312004450/,,5
Pfizer,PFE,2012Q2,2012-07-01,분기말 부채총계,102881000000,USD,공시,https://www.sec.gov/Archives/edgar/data/78003/000115752312004450/,,5
Pfizer,PFE,2012Q2,2012-07-01,분기말 총자본(자기자본),79961000000,USD,공시,https://www.sec.gov/Archives/edgar/data/78003/000115752312004450/,,5
Pfizer,PFE,2012Q2,2012-07-01,분기말 지배지분 자본,79547000000,USD,공시,https://www.sec.gov/Archives/edgar/data/78003/000115752312004450/,,5
Pfizer,PFE,2012Q2,2012-06-29,분기말 종가,23.0,USD,API,https://query1.finance.yahoo.com/v8/finance/chart/PFE?interval=1d&events=splits (2012-06-29),분할조정 종가 21.8216 × 이후 분할계수 1.054,5
Pfizer,PFE,2012Q2,2012-08-06,분기말 상장주식수,7469483622,주,공시(표지 기준일),https://www.sec.gov/Archives/edgar/data/78003/000115752312004450/,dei:EntityCommonStockSharesOutstanding 클래스 합,5
Pfizer,PFE,2012Q2,2012-06-29,분기말 시가총액,171798123306,USD,계산(종가×주식수),https://query1.finance.yahoo.com/v8/finance/chart/PFE?interval=1d&events=splits (2012-06-29) ; https://www.sec.gov/Archives/edgar/data/78003/000115752312004450/,종가 23.0 × 주식수 7469483622,5
Pfizer,PFE,2012Q3,2012-09-30,분기별 매출액,13976000000,USD,공시,https://www.sec.gov/Archives/edgar/data/78003/000007800312000008/,,5
Pfizer,PFE,2012Q3,2012-09-30,분기별 영업이익,미확인,USD,미확인,SEC companyfacts CIK0000078003: 해당 보고서에 OperatingIncomeLoss 태그 없음(영업이익 미공시) ; SEC companyfacts CIK0000078003: OperatingIncomeLoss 태그 없음(영업이익 미공시),,5
Pfizer,PFE,2012Q3,2012-09-30,분기별 당기순이익(지배),3208000000,USD,공시,https://www.sec.gov/Archives/edgar/data/78003/000007800312000008/,,5
Pfizer,PFE,2012Q3,2012-09-30,분기별 영업활동현금흐름,5003000000,USD,계산(누적차감),https://www.sec.gov/Archives/edgar/data/78003/000007800312000008/ ; https://www.sec.gov/Archives/edgar/data/78003/000115752312004450/,누적 11798000000 − 직전누적 6795000000 (시작 2012-01-01),5
Pfizer,PFE,2012Q3,2012-09-30,분기말 자산총계,182603000000,USD,공시,https://www.sec.gov/Archives/edgar/data/78003/000007800312000008/,,5
Pfizer,PFE,2012Q3,2012-09-30,분기말 부채총계,100488000000,USD,공시,https://www.sec.gov/Archives/edgar/data/78003/000007800312000008/,,5
Pfizer,PFE,2012Q3,2012-09-30,분기말 총자본(자기자본),82115000000,USD,공시,https://www.sec.gov/Archives/edgar/data/78003/000007800312000008/,,5
Pfizer,PFE,2012Q3,2012-09-30,분기말 지배지분 자본,81703000000,USD,공시,https://www.sec.gov/Archives/edgar/data/78003/000007800312000008/,,5
Pfizer,PFE,2012Q3,2012-09-28,분기말 종가,24.85,USD,API,https://query1.finance.yahoo.com/v8/finance/chart/PFE?interval=1d&events=splits (2012-09-28),분할조정 종가 23.5769 × 이후 분할계수 1.054,5
Pfizer,PFE,2012Q3,2012-11-05,분기말 상장주식수,7362573528,주,공시(표지 기준일),https://www.sec.gov/Archives/edgar/data/78003/000007800312000008/,dei:EntityCommonStockSharesOutstanding 클래스 합,5
Pfizer,PFE,2012Q3,2012-09-28,분기말 시가총액,182959952171,USD,계산(종가×주식수),https://query1.finance.yahoo.com/v8/finance/chart/PFE?interval=1d&events=splits (2012-09-28) ; https://www.sec.gov/Archives/edgar/data/78003/000007800312000008/,종가 24.85 × 주식수 7362573528,5
Pfizer,PFE,2012Q4,2012-12-31,분기별 매출액,15068000000,USD,계산(연간-3분기누적),https://www.sec.gov/Archives/edgar/data/78003/000007800313000006/ ; https://www.sec.gov/Archives/edgar/data/78003/000007800312000008/,연간 58986000000 − 9개월누적 43918000000 (SalesRevenueNet),5
Pfizer,PFE,2012Q4,2012-12-31,분기별 영업이익,미확인,USD,미확인,SEC companyfacts CIK0000078003: 해당 보고서에 OperatingIncomeLoss 태그 없음(영업이익 미공시) ; SEC companyfacts CIK0000078003: OperatingIncomeLoss 태그 없음(영업이익 미공시),,5
Pfizer,PFE,2012Q4,2012-12-31,분기별 당기순이익(지배),6315000000,USD,계산(연간-3분기누적),https://www.sec.gov/Archives/edgar/data/78003/000007800313000006/ ; https://www.sec.gov/Archives/edgar/data/78003/000007800312000008/,연간 14570000000 − 9개월누적 8255000000 (NetIncomeLoss),5
Pfizer,PFE,2012Q4,2012-12-31,분기별 영업활동현금흐름,5256000000,USD,계산(누적차감),https://www.sec.gov/Archives/edgar/data/78003/000007800313000006/ ; https://www.sec.gov/Archives/edgar/data/78003/000007800312000008/,누적 17054000000 − 직전누적 11798000000 (시작 2012-01-01),5
Pfizer,PFE,2012Q4,2012-12-31,분기말 자산총계,185798000000,USD,공시,https://www.sec.gov/Archives/edgar/data/78003/000007800313000006/,,5
Pfizer,PFE,2012Q4,2012-12-31,분기말 부채총계,104120000000,USD,공시,https://www.sec.gov/Archives/edgar/data/78003/000007800313000006/,,5
Pfizer,PFE,2012Q4,2012-12-31,분기말 총자본(자기자본),81678000000,USD,공시,https://www.sec.gov/Archives/edgar/data/78003/000007800313000006/,,5
Pfizer,PFE,2012Q4,2012-12-31,분기말 지배지분 자본,81260000000,USD,공시,https://www.sec.gov/Archives/edgar/data/78003/000007800313000006/,,5
Pfizer,PFE,2012Q4,2012-12-31,분기말 종가,25.08,USD,API,https://query1.finance.yahoo.com/v8/finance/chart/PFE?interval=1d&events=splits (2012-12-31),분할조정 종가 23.7951 × 이후 분할계수 1.054,5
Pfizer,PFE,2012Q4,2013-02-21,분기말 상장주식수,7189061853,주,공시(표지 기준일),https://www.sec.gov/Archives/edgar/data/78003/000007800313000006/,dei:EntityCommonStockSharesOutstanding 클래스 합,5
Pfizer,PFE,2012Q4,2012-12-31,분기말 시가총액,180301671273,USD,계산(종가×주식수),https://query1.finance.yahoo.com/v8/finance/chart/PFE?interval=1d&events=splits (2012-12-31) ; https://www.sec.gov/Archives/edgar/data/78003/000007800313000006/,종가 25.08 × 주식수 7189061853,5
Pfizer,PFE,2013Q1,2013-03-31,분기별 매출액,13500000000,USD,공시,https://www.sec.gov/Archives/edgar/data/78003/000007800313000013/,,5
Pfizer,PFE,2013Q1,2013-03-31,분기별 영업이익,미확인,USD,미확인,SEC companyfacts CIK0000078003: 해당 보고서에 OperatingIncomeLoss 태그 없음(영업이익 미공시) ; SEC companyfacts CIK0000078003: OperatingIncomeLoss 태그 없음(영업이익 미공시),,5
Pfizer,PFE,2013Q1,2013-03-31,분기별 당기순이익(지배),2750000000,USD,공시,https://www.sec.gov/Archives/edgar/data/78003/000007800313000013/,,5
Pfizer,PFE,2013Q1,2013-03-31,분기별 영업활동현금흐름,2241000000,USD,공시,https://www.sec.gov/Archives/edgar/data/78003/000007800313000013/,,5
Pfizer,PFE,2013Q1,2013-03-31,분기말 자산총계,187398000000,USD,공시,https://www.sec.gov/Archives/edgar/data/78003/000007800313000013/,,5
Pfizer,PFE,2013Q1,2013-03-31,분기말 부채총계,104571000000,USD,공시,https://www.sec.gov/Archives/edgar/data/78003/000007800313000013/,,5
Pfizer,PFE,2013Q1,2013-03-31,분기말 총자본(자기자본),82827000000,USD,공시,https://www.sec.gov/Archives/edgar/data/78003/000007800313000013/,,5
Pfizer,PFE,2013Q1,2013-03-31,분기말 지배지분 자본,82250000000,USD,공시,https://www.sec.gov/Archives/edgar/data/78003/000007800313000013/,,5
Pfizer,PFE,2013Q1,2013-03-28,분기말 종가,28.86,USD,API,https://query1.finance.yahoo.com/v8/finance/chart/PFE?interval=1d&events=splits (2013-03-28),분할조정 종가 27.3814 × 이후 분할계수 1.054,5
Pfizer,PFE,2013Q1,2013-05-06,분기말 상장주식수,7093223330,주,공시(표지 기준일),https://www.sec.gov/Archives/edgar/data/78003/000007800313000013/,dei:EntityCommonStockSharesOutstanding 클래스 합,5
Pfizer,PFE,2013Q1,2013-03-28,분기말 시가총액,204710425304,USD,계산(종가×주식수),https://query1.finance.yahoo.com/v8/finance/chart/PFE?interval=1d&events=splits (2013-03-28) ; https://www.sec.gov/Archives/edgar/data/78003/000007800313000013/,종가 28.86 × 주식수 7093223330,5
Pfizer,PFE,2013Q2,2013-06-30,분기별 매출액,12973000000,USD,공시,https://www.sec.gov/Archives/edgar/data/78003/000007800313000017/,,5
Pfizer,PFE,2013Q2,2013-06-30,분기별 영업이익,미확인,USD,미확인,SEC companyfacts CIK0000078003: 해당 보고서에 OperatingIncomeLoss 태그 없음(영업이익 미공시) ; SEC companyfacts CIK0000078003: OperatingIncomeLoss 태그 없음(영업이익 미공시),,5
Pfizer,PFE,2013Q2,2013-06-30,분기별 당기순이익(지배),14095000000,USD,공시,https://www.sec.gov/Archives/edgar/data/78003/000007800313000017/,,5
Pfizer,PFE,2013Q2,2013-06-30,분기별 영업활동현금흐름,3830000000,USD,계산(누적차감),https://www.sec.gov/Archives/edgar/data/78003/000007800313000017/ ; https://www.sec.gov/Archives/edgar/data/78003/000007800313000013/,누적 6071000000 − 직전누적 2241000000 (시작 2013-01-01),5
Pfizer,PFE,2013Q2,2013-06-30,분기말 자산총계,179335000000,USD,공시,https://www.sec.gov/Archives/edgar/data/78003/000007800313000017/,,5
Pfizer,PFE,2013Q2,2013-06-30,분기말 부채총계,100358000000,USD,공시,https://www.sec.gov/Archives/edgar/data/78003/000007800313000017/,,5
Pfizer,PFE,2013Q2,2013-06-30,분기말 총자본(자기자본),78977000000,USD,공시,https://www.sec.gov/Archives/edgar/data/78003/000007800313000017/,,5
Pfizer,PFE,2013Q2,2013-06-30,분기말 지배지분 자본,78547000000,USD,공시,https://www.sec.gov/Archives/edgar/data/78003/000007800313000017/,,5
Pfizer,PFE,2013Q2,2013-06-28,분기말 종가,28.01,USD,API,https://query1.finance.yahoo.com/v8/finance/chart/PFE?interval=1d&events=splits (2013-06-28),분할조정 종가 26.575 × 이후 분할계수 1.054,5
Pfizer,PFE,2013Q2,2013-08-05,분기말 상장주식수,6620299870,주,공시(표지 기준일),https://www.sec.gov/Archives/edgar/data/78003/000007800313000017/,dei:EntityCommonStockSharesOutstanding 클래스 합,5
Pfizer,PFE,2013Q2,2013-06-28,분기말 시가총액,185434599359,USD,계산(종가×주식수),https://query1.finance.yahoo.com/v8/finance/chart/PFE?interval=1d&events=splits (2013-06-28) ; https://www.sec.gov/Archives/edgar/data/78003/000007800313000017/,종가 28.01 × 주식수 6620299870,5
Pfizer,PFE,2013Q3,2013-09-29,분기별 매출액,12643000000,USD,공시,https://www.sec.gov/Archives/edgar/data/78003/000007800313000029/,,5
Pfizer,PFE,2013Q3,2013-09-29,분기별 영업이익,미확인,USD,미확인,SEC companyfacts CIK0000078003: 해당 보고서에 OperatingIncomeLoss 태그 없음(영업이익 미공시) ; SEC companyfacts CIK0000078003: OperatingIncomeLoss 태그 없음(영업이익 미공시),,5
Pfizer,PFE,2013Q3,2013-09-29,분기별 당기순이익(지배),2590000000,USD,공시,https://www.sec.gov/Archives/edgar/data/78003/000007800313000029/,,5
Pfizer,PFE,2013Q3,2013-09-29,분기별 영업활동현금흐름,5908000000,USD,계산(누적차감),https://www.sec.gov/Archives/edgar/data/78003/000007800313000029/ ; https://www.sec.gov/Archives/edgar/data/78003/000007800313000017/,누적 11979000000 − 직전누적 6071000000 (시작 2013-01-01),5
Pfizer,PFE,2013Q3,2013-09-29,분기말 자산총계,175521000000,USD,공시,https://www.sec.gov/Archives/edgar/data/78003/000007800313000029/,,5
Pfizer,PFE,2013Q3,2013-09-29,분기말 부채총계,97167000000,USD,공시,https://www.sec.gov/Archives/edgar/data/78003/000007800313000029/,,5
Pfizer,PFE,2013Q3,2013-09-29,분기말 총자본(자기자본),78354000000,USD,공시,https://www.sec.gov/Archives/edgar/data/78003/000007800313000029/,,5
Pfizer,PFE,2013Q3,2013-09-29,분기말 지배지분 자본,77969000000,USD,공시,https://www.sec.gov/Archives/edgar/data/78003/000007800313000029/,,5
Pfizer,PFE,2013Q3,2013-09-27,분기말 종가,28.88,USD,API,https://query1.finance.yahoo.com/v8/finance/chart/PFE?interval=1d&events=splits (2013-09-27),분할조정 종가 27.4004 × 이후 분할계수 1.054,5
Pfizer,PFE,2013Q3,2013-11-04,분기말 상장주식수,6481070845,주,공시(표지 기준일),https://www.sec.gov/Archives/edgar/data/78003/000007800313000029/,dei:EntityCommonStockSharesOutstanding 클래스 합,5
Pfizer,PFE,2013Q3,2013-09-27,분기말 시가총액,187173326004,USD,계산(종가×주식수),https://query1.finance.yahoo.com/v8/finance/chart/PFE?interval=1d&events=splits (2013-09-27) ; https://www.sec.gov/Archives/edgar/data/78003/000007800313000029/,종가 28.88 × 주식수 6481070845,5
Pfizer,PFE,2013Q4,2013-12-31,분기별 매출액,13558000000,USD,계산(연간-3분기누적),https://www.sec.gov/Archives/edgar/data/78003/000007800314000018/ ; https://www.sec.gov/Archives/edgar/data/78003/000007800313000029/,연간 51584000000 − 9개월누적 38026000000 (SalesRevenueNet),5
Pfizer,PFE,2013Q4,2013-12-31,분기별 영업이익,미확인,USD,미확인,SEC companyfacts CIK0000078003: 해당 보고서에 OperatingIncomeLoss 태그 없음(영업이익 미공시) ; SEC companyfacts CIK0000078003: OperatingIncomeLoss 태그 없음(영업이익 미공시),,5
Pfizer,PFE,2013Q4,2013-12-31,분기별 당기순이익(지배),2568000000,USD,계산(연간-3분기누적),https://www.sec.gov/Archives/edgar/data/78003/000007800314000018/ ; https://www.sec.gov/Archives/edgar/data/78003/000007800313000029/,연간 22003000000 − 9개월누적 19435000000 (NetIncomeLoss),5
Pfizer,PFE,2013Q4,2013-12-31,분기별 영업활동현금흐름,5786000000,USD,계산(누적차감),https://www.sec.gov/Archives/edgar/data/78003/000007800314000018/ ; https://www.sec.gov/Archives/edgar/data/78003/000007800313000029/,누적 17765000000 − 직전누적 11979000000 (시작 2013-01-01),5
Pfizer,PFE,2013Q4,2013-12-31,분기말 자산총계,172101000000,USD,공시,https://www.sec.gov/Archives/edgar/data/78003/000007800314000018/,,5
Pfizer,PFE,2013Q4,2013-12-31,분기말 부채총계,95481000000,USD,공시,https://www.sec.gov/Archives/edgar/data/78003/000007800314000018/,,5
Pfizer,PFE,2013Q4,2013-12-31,분기말 총자본(자기자본),76620000000,USD,공시,https://www.sec.gov/Archives/edgar/data/78003/000007800314000018/,,5
Pfizer,PFE,2013Q4,2013-12-31,분기말 지배지분 자본,76307000000,USD,공시,https://www.sec.gov/Archives/edgar/data/78003/000007800314000018/,,5
Pfizer,PFE,2013Q4,2013-12-31,분기말 종가,30.63,USD,API,https://query1.finance.yahoo.com/v8/finance/chart/PFE?interval=1d&events=splits (2013-12-31),분할조정 종가 29.0607 × 이후 분할계수 1.054,5
Pfizer,PFE,2013Q4,2014-02-21,분기말 상장주식수,6382925343,주,공시(표지 기준일),https://www.sec.gov/Archives/edgar/data/78003/000007800314000018/,dei:EntityCommonStockSharesOutstanding 클래스 합,5
Pfizer,PFE,2013Q4,2013-12-31,분기말 시가총액,195509003256,USD,계산(종가×주식수),https://query1.finance.yahoo.com/v8/finance/chart/PFE?interval=1d&events=splits (2013-12-31) ; https://www.sec.gov/Archives/edgar/data/78003/000007800314000018/,종가 30.63 × 주식수 6382925343,5
Pfizer,PFE,2014Q1,2014-03-30,분기별 매출액,11353000000,USD,공시,https://www.sec.gov/Archives/edgar/data/78003/000007800314000030/,,5
Pfizer,PFE,2014Q1,2014-03-30,분기별 영업이익,미확인,USD,미확인,SEC companyfacts CIK0000078003: 해당 보고서에 OperatingIncomeLoss 태그 없음(영업이익 미공시) ; SEC companyfacts CIK0000078003: OperatingIncomeLoss 태그 없음(영업이익 미공시),,5
Pfizer,PFE,2014Q1,2014-03-30,분기별 당기순이익(지배),2329000000,USD,공시,https://www.sec.gov/Archives/edgar/data/78003/000007800314000030/,,5
Pfizer,PFE,2014Q1,2014-03-30,분기별 영업활동현금흐름,2935000000,USD,공시,https://www.sec.gov/Archives/edgar/data/78003/000007800314000030/,,5
Pfizer,PFE,2014Q1,2014-03-30,분기말 자산총계,171808000000,USD,공시,https://www.sec.gov/Archives/edgar/data/78003/000007800314000030/,,5
Pfizer,PFE,2014Q1,2014-03-30,분기말 부채총계,93740000000,USD,공시,https://www.sec.gov/Archives/edgar/data/78003/000007800314000030/,,5
Pfizer,PFE,2014Q1,2014-03-30,분기말 총자본(자기자본),78068000000,USD,공시,https://www.sec.gov/Archives/edgar/data/78003/000007800314000030/,,5
Pfizer,PFE,2014Q1,2014-03-30,분기말 지배지분 자본,77769000000,USD,공시,https://www.sec.gov/Archives/edgar/data/78003/000007800314000030/,,5
Pfizer,PFE,2014Q1,2014-03-28,분기말 종가,31.88,USD,API,https://query1.finance.yahoo.com/v8/finance/chart/PFE?interval=1d&events=splits (2014-03-28),분할조정 종가 30.2467 × 이후 분할계수 1.054,5
Pfizer,PFE,2014Q1,2014-05-05,분기말 상장주식수,6378718293,주,공시(표지 기준일),https://www.sec.gov/Archives/edgar/data/78003/000007800314000030/,dei:EntityCommonStockSharesOutstanding 클래스 합,5
Pfizer,PFE,2014Q1,2014-03-28,분기말 시가총액,203353539181,USD,계산(종가×주식수),https://query1.finance.yahoo.com/v8/finance/chart/PFE?interval=1d&events=splits (2014-03-28) ; https://www.sec.gov/Archives/edgar/data/78003/000007800314000030/,종가 31.88 × 주식수 6378718293,5
Pfizer,PFE,2014Q2,2014-06-29,분기별 매출액,12773000000,USD,공시,https://www.sec.gov/Archives/edgar/data/78003/000007800314000039/,,5
Pfizer,PFE,2014Q2,2014-06-29,분기별 영업이익,미확인,USD,미확인,SEC companyfacts CIK0000078003: 해당 보고서에 OperatingIncomeLoss 태그 없음(영업이익 미공시) ; SEC companyfacts CIK0000078003: OperatingIncomeLoss 태그 없음(영업이익 미공시),,5
Pfizer,PFE,2014Q2,2014-06-29,분기별 당기순이익(지배),2912000000,USD,공시,https://www.sec.gov/Archives/edgar/data/78003/000007800314000039/,,5
Pfizer,PFE,2014Q2,2014-06-29,분기별 영업활동현금흐름,4087000000,USD,계산(누적차감),https://www.sec.gov/Archives/edgar/data/78003/000007800314000039/ ; https://www.sec.gov/Archives/edgar/data/78003/000007800314000030/,누적 7022000000 − 직전누적 2935000000 (시작 2014-01-01),5
Pfizer,PFE,2014Q2,2014-06-29,분기말 자산총계,172612000000,USD,공시,https://www.sec.gov/Archives/edgar/data/78003/000007800314000039/,,5
Pfizer,PFE,2014Q2,2014-06-29,분기말 부채총계,95656000000,USD,공시,https://www.sec.gov/Archives/edgar/data/78003/000007800314000039/,,5
Pfizer,PFE,2014Q2,2014-06-29,분기말 총자본(자기자본),76956000000,USD,공시,https://www.sec.gov/Archives/edgar/data/78003/000007800314000039/,,5
Pfizer,PFE,2014Q2,2014-06-29,분기말 지배지분 자본,76633000000,USD,공시,https://www.sec.gov/Archives/edgar/data/78003/000007800314000039/,,5
Pfizer,PFE,2014Q2,2014-06-27,분기말 종가,29.67,USD,API,https://query1.finance.yahoo.com/v8/finance/chart/PFE?interval=1d&events=splits (2014-06-27),분할조정 종가 28.1499 × 이후 분할계수 1.054,5
Pfizer,PFE,2014Q2,2014-08-04,분기말 상장주식수,6340863126,주,공시(표지 기준일),https://www.sec.gov/Archives/edgar/data/78003/000007800314000039/,dei:EntityCommonStockSharesOutstanding 클래스 합,5
Pfizer,PFE,2014Q2,2014-06-27,분기말 시가총액,188133408948,USD,계산(종가×주식수),https://query1.finance.yahoo.com/v8/finance/chart/PFE?interval=1d&events=splits (2014-06-27) ; https://www.sec.gov/Archives/edgar/data/78003/000007800314000039/,종가 29.67 × 주식수 6340863126,5
Pfizer,PFE,2014Q3,2014-09-28,분기별 매출액,미확인,USD,미확인,https://www.sec.gov/Archives/edgar/data/78003/000007800314000046/,,5
Pfizer,PFE,2014Q3,2014-09-28,분기별 영업이익,미확인,USD,미확인,SEC companyfacts CIK0000078003: 해당 보고서에 OperatingIncomeLoss 태그 없음(영업이익 미공시) ; SEC companyfacts CIK0000078003: OperatingIncomeLoss 태그 없음(영업이익 미공시),,5
Pfizer,PFE,2014Q3,2014-09-28,분기별 당기순이익(지배),2666000000,USD,공시,https://www.sec.gov/Archives/edgar/data/78003/000007800314000046/,,5
Pfizer,PFE,2014Q3,2014-09-28,분기별 영업활동현금흐름,4463000000,USD,계산(누적차감),https://www.sec.gov/Archives/edgar/data/78003/000007800314000046/ ; https://www.sec.gov/Archives/edgar/data/78003/000007800314000039/,누적 11485000000 − 직전누적 7022000000 (시작 2014-01-01),5
Pfizer,PFE,2014Q3,2014-09-28,분기말 자산총계,171362000000,USD,공시,https://www.sec.gov/Archives/edgar/data/78003/000007800314000046/,,5
Pfizer,PFE,2014Q3,2014-09-28,분기말 부채총계,93057000000,USD,공시,https://www.sec.gov/Archives/edgar/data/78003/000007800314000046/,,5
Pfizer,PFE,2014Q3,2014-09-28,분기말 총자본(자기자본),78305000000,USD,공시,https://www.sec.gov/Archives/edgar/data/78003/000007800314000046/,,5
Pfizer,PFE,2014Q3,2014-09-28,분기말 지배지분 자본,77988000000,USD,공시,https://www.sec.gov/Archives/edgar/data/78003/000007800314000046/,,5
Pfizer,PFE,2014Q3,2014-09-26,분기말 종가,29.72,USD,API,https://query1.finance.yahoo.com/v8/finance/chart/PFE?interval=1d&events=splits (2014-09-26),분할조정 종가 28.1973 × 이후 분할계수 1.054,5
Pfizer,PFE,2014Q3,2014-11-03,분기말 상장주식수,6300657237,주,공시(표지 기준일),https://www.sec.gov/Archives/edgar/data/78003/000007800314000046/,dei:EntityCommonStockSharesOutstanding 클래스 합,5
Pfizer,PFE,2014Q3,2014-09-26,분기말 시가총액,187255533084,USD,계산(종가×주식수),https://query1.finance.yahoo.com/v8/finance/chart/PFE?interval=1d&events=splits (2014-09-26) ; https://www.sec.gov/Archives/edgar/data/78003/000007800314000046/,종가 29.72 × 주식수 6300657237,5
Pfizer,PFE,2014Q4,2014-12-31,분기별 매출액,미확인,USD,미확인,https://www.sec.gov/Archives/edgar/data/78003/000007800315000014/,,5
Pfizer,PFE,2014Q4,2014-12-31,분기별 영업이익,미확인,USD,미확인,SEC companyfacts CIK0000078003: 해당 보고서에 OperatingIncomeLoss 태그 없음(영업이익 미공시) ; SEC companyfacts CIK0000078003: OperatingIncomeLoss 태그 없음(영업이익 미공시),,5
Pfizer,PFE,2014Q4,2014-12-31,분기별 당기순이익(지배),1228000000,USD,계산(연간-3분기누적),https://www.sec.gov/Archives/edgar/data/78003/000007800315000014/ ; https://www.sec.gov/Archives/edgar/data/78003/000007800314000046/,연간 9135000000 − 9개월누적 7907000000 (NetIncomeLoss),5
Pfizer,PFE,2014Q4,2014-12-31,분기별 영업활동현금흐름,5398000000,USD,계산(누적차감),https://www.sec.gov/Archives/edgar/data/78003/000007800315000014/ ; https://www.sec.gov/Archives/edgar/data/78003/000007800314000046/,누적 16883000000 − 직전누적 11485000000 (시작 2014-01-01),5
Pfizer,PFE,2014Q4,2014-12-31,분기말 자산총계,167566000000,USD,공시(재작성 반영),https://www.sec.gov/Archives/edgar/data/78003/000007800316000077/,원 공시 169274000000 (https://www.sec.gov/Archives/edgar/data/78003/000007800315000014/),5
Pfizer,PFE,2014Q4,2014-12-31,분기말 부채총계,95944000000,USD,공시(재작성 반영),https://www.sec.gov/Archives/edgar/data/78003/000007800316000077/,원 공시 97652000000 (https://www.sec.gov/Archives/edgar/data/78003/000007800315000014/),5
Pfizer,PFE,2014Q4,2014-12-31,분기말 총자본(자기자본),71622000000,USD,공시,https://www.sec.gov/Archives/edgar/data/78003/000007800315000014/,,5
Pfizer,PFE,2014Q4,2014-12-31,분기말 지배지분 자본,71301000000,USD,공시,https://www.sec.gov/Archives/edgar/data/78003/000007800315000014/,,5
Pfizer,PFE,2014Q4,2014-12-31,분기말 종가,31.15,USD,API,https://query1.finance.yahoo.com/v8/finance/chart/PFE?interval=1d&events=splits (2014-12-31),분할조정 종가 29.5541 × 이후 분할계수 1.054,5
Pfizer,PFE,2014Q4,2015-02-20,분기말 상장주식수,6128855392,주,공시(표지 기준일),https://www.sec.gov/Archives/edgar/data/78003/000007800315000014/,dei:EntityCommonStockSharesOutstanding 클래스 합,5
Pfizer,PFE,2014Q4,2014-12-31,분기말 시가총액,190913845461,USD,계산(종가×주식수),https://query1.finance.yahoo.com/v8/finance/chart/PFE?interval=1d&events=splits (2014-12-31) ; https://www.sec.gov/Archives/edgar/data/78003/000007800315000014/,종가 31.15 × 주식수 6128855392,5
Pfizer,PFE,2015Q1,2015-03-29,분기별 매출액,미확인,USD,미확인,https://www.sec.gov/Archives/edgar/data/78003/000007800315000026/,,5
Pfizer,PFE,2015Q1,2015-03-29,분기별 영업이익,미확인,USD,미확인,SEC companyfacts CIK0000078003: 해당 보고서에 OperatingIncomeLoss 태그 없음(영업이익 미공시) ; SEC companyfacts CIK0000078003: OperatingIncomeLoss 태그 없음(영업이익 미공시),,5
Pfizer,PFE,2015Q1,2015-03-29,분기별 당기순이익(지배),2376000000,USD,공시,https://www.sec.gov/Archives/edgar/data/78003/000007800315000026/,,5
Pfizer,PFE,2015Q1,2015-03-29,분기별 영업활동현금흐름,685000000,USD,공시,https://www.sec.gov/Archives/edgar/data/78003/000007800315000026/,,5
Pfizer,PFE,2015Q1,2015-03-29,분기말 자산총계,160640000000,USD,공시,https://www.sec.gov/Archives/edgar/data/78003/000007800315000026/,,5
Pfizer,PFE,2015Q1,2015-03-29,분기말 부채총계,93053000000,USD,공시,https://www.sec.gov/Archives/edgar/data/78003/000007800315000026/,,5
Pfizer,PFE,2015Q1,2015-03-29,분기말 총자본(자기자본),67587000000,USD,공시,https://www.sec.gov/Archives/edgar/data/78003/000007800315000026/,,5
Pfizer,PFE,2015Q1,2015-03-29,분기말 지배지분 자본,67304000000,USD,공시,https://www.sec.gov/Archives/edgar/data/78003/000007800315000026/,,5
Pfizer,PFE,2015Q1,2015-03-27,분기말 종가,34.53,USD,API,https://query1.finance.yahoo.com/v8/finance/chart/PFE?interval=1d&events=splits (2015-03-27),분할조정 종가 32.7609 × 이후 분할계수 1.054,5
Pfizer,PFE,2015Q1,2015-05-04,분기말 상장주식수,6157669933,주,공시(표지 기준일),https://www.sec.gov/Archives/edgar/data/78003/000007800315000026/,dei:EntityCommonStockSharesOutstanding 클래스 합,5
Pfizer,PFE,2015Q1,2015-03-27,분기말 시가총액,212624342786,USD,계산(종가×주식수),https://query1.finance.yahoo.com/v8/finance/chart/PFE?interval=1d&events=splits (2015-03-27) ; https://www.sec.gov/Archives/edgar/data/78003/000007800315000026/,종가 34.53 × 주식수 6157669933,5
Pfizer,PFE,2015Q2,2015-06-28,분기별 매출액,미확인,USD,미확인,https://www.sec.gov/Archives/edgar/data/78003/000007800315000034/,,5
Pfizer,PFE,2015Q2,2015-06-28,분기별 영업이익,미확인,USD,미확인,SEC companyfacts CIK0000078003: 해당 보고서에 OperatingIncomeLoss 태그 없음(영업이익 미공시) ; SEC companyfacts CIK0000078003: OperatingIncomeLoss 태그 없음(영업이익 미공시),,5
Pfizer,PFE,2015Q2,2015-06-28,분기별 당기순이익(지배),2626000000,USD,공시,https://www.sec.gov/Archives/edgar/data/78003/000007800315000034/,,5
Pfizer,PFE,2015Q2,2015-06-28,분기별 영업활동현금흐름,4090000000,USD,계산(누적차감),https://www.sec.gov/Archives/edgar/data/78003/000007800315000034/ ; https://www.sec.gov/Archives/edgar/data/78003/000007800315000026/,누적 4775000000 − 직전누적 685000000 (시작 2015-01-01),5
Pfizer,PFE,2015Q2,2015-06-28,분기말 자산총계,160878000000,USD,공시,https://www.sec.gov/Archives/edgar/data/78003/000007800315000034/,,5
Pfizer,PFE,2015Q2,2015-06-28,분기말 부채총계,93698000000,USD,공시,https://www.sec.gov/Archives/edgar/data/78003/000007800315000034/,,5
Pfizer,PFE,2015Q2,2015-06-28,분기말 총자본(자기자본),67180000000,USD,공시,https://www.sec.gov/Archives/edgar/data/78003/000007800315000034/,,5
Pfizer,PFE,2015Q2,2015-06-28,분기말 지배지분 자본,66894000000,USD,공시,https://www.sec.gov/Archives/edgar/data/78003/000007800315000034/,,5
Pfizer,PFE,2015Q2,2015-06-26,분기말 종가,33.92,USD,API,https://query1.finance.yahoo.com/v8/finance/chart/PFE?interval=1d&events=splits (2015-06-26),분할조정 종가 32.1822 × 이후 분할계수 1.054,5
Pfizer,PFE,2015Q2,2015-08-03,분기말 상장주식수,6167347758,주,공시(표지 기준일),https://www.sec.gov/Archives/edgar/data/78003/000007800315000034/,dei:EntityCommonStockSharesOutstanding 클래스 합,5
Pfizer,PFE,2015Q2,2015-06-26,분기말 시가총액,209196435951,USD,계산(종가×주식수),https://query1.finance.yahoo.com/v8/finance/chart/PFE?interval=1d&events=splits (2015-06-26) ; https://www.sec.gov/Archives/edgar/data/78003/000007800315000034/,종가 33.92 × 주식수 6167347758,5
Pfizer,PFE,2015Q3,2015-09-27,분기별 매출액,미확인,USD,미확인,https://www.sec.gov/Archives/edgar/data/78003/000007800315000051/,,5
Pfizer,PFE,2015Q3,2015-09-27,분기별 영업이익,미확인,USD,미확인,SEC companyfacts CIK0000078003: 해당 보고서에 OperatingIncomeLoss 태그 없음(영업이익 미공시) ; SEC companyfacts CIK0000078003: OperatingIncomeLoss 태그 없음(영업이익 미공시),,5
Pfizer,PFE,2015Q3,2015-09-27,분기별 당기순이익(지배),2130000000,USD,공시,https://www.sec.gov/Archives/edgar/data/78003/000007800315000051/,,5
Pfizer,PFE,2015Q3,2015-09-27,분기별 영업활동현금흐름,5024000000,USD,계산(누적차감),https://www.sec.gov/Archives/edgar/data/78003/000007800315000051/ ; https://www.sec.gov/Archives/edgar/data/78003/000007800315000034/,누적 9799000000 − 직전누적 4775000000 (시작 2015-01-01),5
Pfizer,PFE,2015Q3,2015-09-27,분기말 자산총계,170867000000,USD,공시,https://www.sec.gov/Archives/edgar/data/78003/000007800315000051/,,5
Pfizer,PFE,2015Q3,2015-09-27,분기말 부채총계,103743000000,USD,공시,https://www.sec.gov/Archives/edgar/data/78003/000007800315000051/,,5
Pfizer,PFE,2015Q3,2015-09-27,분기말 총자본(자기자본),67124000000,USD,공시,https://www.sec.gov/Archives/edgar/data/78003/000007800315000051/,,5
Pfizer,PFE,2015Q3,2015-09-27,분기말 지배지분 자본,66838000000,USD,공시,https://www.sec.gov/Archives/edgar/data/78003/000007800315000051/,,5
Pfizer,PFE,2015Q3,2015-09-25,분기말 종가,31.89,USD,API,https://query1.finance.yahoo.com/v8/finance/chart/PFE?interval=1d&events=splits (2015-09-25),분할조정 종가 30.2562 × 이후 분할계수 1.054,5
Pfizer,PFE,2015Q3,2015-11-02,분기말 상장주식수,6173001952,주,공시(표지 기준일),https://www.sec.gov/Archives/edgar/data/78003/000007800315000051/,dei:EntityCommonStockSharesOutstanding 클래스 합,5
Pfizer,PFE,2015Q3,2015-09-25,분기말 시가총액,196857032249,USD,계산(종가×주식수),https://query1.finance.yahoo.com/v8/finance/chart/PFE?interval=1d&events=splits (2015-09-25) ; https://www.sec.gov/Archives/edgar/data/78003/000007800315000051/,종가 31.89 × 주식수 6173001952,5
Pfizer,PFE,2015Q4,2015-12-31,분기별 매출액,미확인,USD,미확인,https://www.sec.gov/Archives/edgar/data/78003/000007800316000077/,,5
Pfizer,PFE,2015Q4,2015-12-31,분기별 영업이익,미확인,USD,미확인,SEC companyfacts CIK0000078003: 해당 보고서에 OperatingIncomeLoss 태그 없음(영업이익 미공시) ; SEC companyfacts CIK0000078003: OperatingIncomeLoss 태그 없음(영업이익 미공시),,5
Pfizer,PFE,2015Q4,2015-12-31,분기별 당기순이익(지배),-172000000,USD,계산(연간-3분기누적),https://www.sec.gov/Archives/edgar/data/78003/000007800316000077/ ; https://www.sec.gov/Archives/edgar/data/78003/000007800315000051/,연간 6960000000 − 9개월누적 7132000000 (NetIncomeLoss),5
Pfizer,PFE,2015Q4,2015-12-31,분기별 영업활동현금흐름,4713000000,USD,계산(누적차감),https://www.sec.gov/Archives/edgar/data/78003/000007800316000077/ ; https://www.sec.gov/Archives/edgar/data/78003/000007800315000051/,누적 14512000000 − 직전누적 9799000000 (시작 2015-01-01),5
Pfizer,PFE,2015Q4,2015-12-31,분기말 자산총계,167381000000,USD,공시(재작성 반영),https://www.sec.gov/Archives/edgar/data/78003/000007800317000014/,원 공시 167460000000 (https://www.sec.gov/Archives/edgar/data/78003/000007800316000077/),5
Pfizer,PFE,2015Q4,2015-12-31,분기말 부채총계,102384000000,USD,공시(재작성 반영),https://www.sec.gov/Archives/edgar/data/78003/000007800317000014/,원 공시 102463000000 (https://www.sec.gov/Archives/edgar/data/78003/000007800316000077/),5
Pfizer,PFE,2015Q4,2015-12-31,분기말 총자본(자기자본),64998000000,USD,공시,https://www.sec.gov/Archives/edgar/data/78003/000007800316000077/,,5
Pfizer,PFE,2015Q4,2015-12-31,분기말 지배지분 자본,64720000000,USD,공시,https://www.sec.gov/Archives/edgar/data/78003/000007800316000077/,,5
Pfizer,PFE,2015Q4,2015-12-31,분기말 종가,32.28,USD,API,https://query1.finance.yahoo.com/v8/finance/chart/PFE?interval=1d&events=splits (2015-12-31),분할조정 종가 30.6262 × 이후 분할계수 1.054,5
Pfizer,PFE,2015Q4,2016-02-25,분기말 상장주식수,6184139991,주,공시(표지 기준일),https://www.sec.gov/Archives/edgar/data/78003/000007800316000077/,dei:EntityCommonStockSharesOutstanding 클래스 합,5
Pfizer,PFE,2015Q4,2015-12-31,분기말 시가총액,199624038909,USD,계산(종가×주식수),https://query1.finance.yahoo.com/v8/finance/chart/PFE?interval=1d&events=splits (2015-12-31) ; https://www.sec.gov/Archives/edgar/data/78003/000007800316000077/,종가 32.28 × 주식수 6184139991,5
Pfizer,PFE,2016Q1,2016-04-03,분기별 매출액,미확인,USD,미확인,https://www.sec.gov/Archives/edgar/data/78003/000007800316000096/,,5
Pfizer,PFE,2016Q1,2016-04-03,분기별 영업이익,미확인,USD,미확인,SEC companyfacts CIK0000078003: 해당 보고서에 OperatingIncomeLoss 태그 없음(영업이익 미공시) ; SEC companyfacts CIK0000078003: OperatingIncomeLoss 태그 없음(영업이익 미공시),,5
Pfizer,PFE,2016Q1,2016-04-03,분기별 당기순이익(지배),3016000000,USD,공시,https://www.sec.gov/Archives/edgar/data/78003/000007800316000096/,,5
Pfizer,PFE,2016Q1,2016-04-03,분기별 영업활동현금흐름,1651000000,USD,공시,https://www.sec.gov/Archives/edgar/data/78003/000007800316000096/,,5
Pfizer,PFE,2016Q1,2016-04-03,분기말 자산총계,162929000000,USD,공시,https://www.sec.gov/Archives/edgar/data/78003/000007800316000096/,,5
Pfizer,PFE,2016Q1,2016-04-03,분기말 부채총계,99582000000,USD,공시,https://www.sec.gov/Archives/edgar/data/78003/000007800316000096/,,5
Pfizer,PFE,2016Q1,2016-04-03,분기말 총자본(자기자본),63347000000,USD,공시,https://www.sec.gov/Archives/edgar/data/78003/000007800316000096/,,5
Pfizer,PFE,2016Q1,2016-04-03,분기말 지배지분 자본,63068000000,USD,공시,https://www.sec.gov/Archives/edgar/data/78003/000007800316000096/,,5
Pfizer,PFE,2016Q1,2016-04-01,분기말 종가,30.04,USD,API,https://query1.finance.yahoo.com/v8/finance/chart/PFE?interval=1d&events=splits (2016-04-01),분할조정 종가 28.5009 × 이후 분할계수 1.054,5
Pfizer,PFE,2016Q1,2016-05-09,분기말 상장주식수,6064849361,주,공시(표지 기준일),https://www.sec.gov/Archives/edgar/data/78003/000007800316000096/,dei:EntityCommonStockSharesOutstanding 클래스 합,5
Pfizer,PFE,2016Q1,2016-04-01,분기말 시가총액,182188074804,USD,계산(종가×주식수),https://query1.finance.yahoo.com/v8/finance/chart/PFE?interval=1d&events=splits (2016-04-01) ; https://www.sec.gov/Archives/edgar/data/78003/000007800316000096/,종가 30.04 × 주식수 6064849361,5
Pfizer,PFE,2016Q2,2016-07-03,분기별 매출액,미확인,USD,미확인,https://www.sec.gov/Archives/edgar/data/78003/000007800316000105/,,5
Pfizer,PFE,2016Q2,2016-07-03,분기별 영업이익,미확인,USD,미확인,SEC companyfacts CIK0000078003: 해당 보고서에 OperatingIncomeLoss 태그 없음(영업이익 미공시) ; SEC companyfacts CIK0000078003: OperatingIncomeLoss 태그 없음(영업이익 미공시),,5
Pfizer,PFE,2016Q2,2016-07-03,분기별 당기순이익(지배),2019000000,USD,공시,https://www.sec.gov/Archives/edgar/data/78003/000007800316000105/,,5
Pfizer,PFE,2016Q2,2016-07-03,분기별 영업활동현금흐름,3579000000,USD,계산(누적차감),https://www.sec.gov/Archives/edgar/data/78003/000007800316000105/ ; https://www.sec.gov/Archives/edgar/data/78003/000007800316000096/,누적 5230000000 − 직전누적 1651000000 (시작 2016-01-01),5
Pfizer,PFE,2016Q2,2016-07-03,분기말 자산총계,170658000000,USD,공시,https://www.sec.gov/Archives/edgar/data/78003/000007800316000105/,,5
Pfizer,PFE,2016Q2,2016-07-03,분기말 부채총계,107592000000,USD,공시,https://www.sec.gov/Archives/edgar/data/78003/000007800316000105/,,5
Pfizer,PFE,2016Q2,2016-07-03,분기말 총자본(자기자본),63066000000,USD,공시,https://www.sec.gov/Archives/edgar/data/78003/000007800316000105/,,5
Pfizer,PFE,2016Q2,2016-07-03,분기말 지배지분 자본,62769000000,USD,공시,https://www.sec.gov/Archives/edgar/data/78003/000007800316000105/,,5
Pfizer,PFE,2016Q2,2016-07-01,분기말 종가,35.57,USD,API,https://query1.finance.yahoo.com/v8/finance/chart/PFE?interval=1d&events=splits (2016-07-01),분할조정 종가 33.7476 × 이후 분할계수 1.054,5
Pfizer,PFE,2016Q2,2016-08-08,분기말 상장주식수,6065652424,주,공시(표지 기준일),https://www.sec.gov/Archives/edgar/data/78003/000007800316000105/,dei:EntityCommonStockSharesOutstanding 클래스 합,5
Pfizer,PFE,2016Q2,2016-07-01,분기말 시가총액,215755256722,USD,계산(종가×주식수),https://query1.finance.yahoo.com/v8/finance/chart/PFE?interval=1d&events=splits (2016-07-01) ; https://www.sec.gov/Archives/edgar/data/78003/000007800316000105/,종가 35.57 × 주식수 6065652424,5
Pfizer,PFE,2016Q3,2016-10-02,분기별 매출액,미확인,USD,미확인,https://www.sec.gov/Archives/edgar/data/78003/000007800316000113/,,5
Pfizer,PFE,2016Q3,2016-10-02,분기별 영업이익,미확인,USD,미확인,SEC companyfacts CIK0000078003: 해당 보고서에 OperatingIncomeLoss 태그 없음(영업이익 미공시) ; SEC companyfacts CIK0000078003: OperatingIncomeLoss 태그 없음(영업이익 미공시),,5
Pfizer,PFE,2016Q3,2016-10-02,분기별 당기순이익(지배),1320000000,USD,공시,https://www.sec.gov/Archives/edgar/data/78003/000007800316000113/,,5
Pfizer,PFE,2016Q3,2016-10-02,분기별 영업활동현금흐름,4699000000,USD,계산(누적차감),https://www.sec.gov/Archives/edgar/data/78003/000007800316000113/ ; https://www.sec.gov/Archives/edgar/data/78003/000007800316000105/,누적 9929000000 − 직전누적 5230000000 (시작 2016-01-01),5
Pfizer,PFE,2016Q3,2016-10-02,분기말 자산총계,178430000000,USD,공시,https://www.sec.gov/Archives/edgar/data/78003/000007800316000113/,,5
Pfizer,PFE,2016Q3,2016-10-02,분기말 부채총계,114829000000,USD,공시,https://www.sec.gov/Archives/edgar/data/78003/000007800316000113/,,5
Pfizer,PFE,2016Q3,2016-10-02,분기말 총자본(자기자본),63601000000,USD,공시,https://www.sec.gov/Archives/edgar/data/78003/000007800316000113/,,5
Pfizer,PFE,2016Q3,2016-10-02,분기말 지배지분 자본,63306000000,USD,공시,https://www.sec.gov/Archives/edgar/data/78003/000007800316000113/,,5
Pfizer,PFE,2016Q3,2016-09-30,분기말 종가,33.87,USD,API,https://query1.finance.yahoo.com/v8/finance/chart/PFE?interval=1d&events=splits (2016-09-30),분할조정 종가 32.1347 × 이후 분할계수 1.054,5
Pfizer,PFE,2016Q3,2016-11-07,분기말 상장주식수,6068355132,주,공시(표지 기준일),https://www.sec.gov/Archives/edgar/data/78003/000007800316000113/,dei:EntityCommonStockSharesOutstanding 클래스 합,5
Pfizer,PFE,2016Q3,2016-09-30,분기말 시가총액,205535188321,USD,계산(종가×주식수),https://query1.finance.yahoo.com/v8/finance/chart/PFE?interval=1d&events=splits (2016-09-30) ; https://www.sec.gov/Archives/edgar/data/78003/000007800316000113/,종가 33.87 × 주식수 6068355132,5
Pfizer,PFE,2016Q4,2016-12-31,분기별 매출액,미확인,USD,미확인,https://www.sec.gov/Archives/edgar/data/78003/000007800317000014/,,5
Pfizer,PFE,2016Q4,2016-12-31,분기별 영업이익,미확인,USD,미확인,SEC companyfacts CIK0000078003: 해당 보고서에 OperatingIncomeLoss 태그 없음(영업이익 미공시) ; SEC companyfacts CIK0000078003: OperatingIncomeLoss 태그 없음(영업이익 미공시),,5
Pfizer,PFE,2016Q4,2016-12-31,분기별 당기순이익(지배),860000000,USD,계산(연간-3분기누적),https://www.sec.gov/Archives/edgar/data/78003/000007800317000014/ ; https://www.sec.gov/Archives/edgar/data/78003/000007800316000113/,연간 7215000000 − 9개월누적 6355000000 (NetIncomeLoss),5
Pfizer,PFE,2016Q4,2016-12-31,분기별 영업활동현금흐름,5972000000,USD,계산(누적차감),https://www.sec.gov/Archives/edgar/data/78003/000007800317000014/ ; https://www.sec.gov/Archives/edgar/data/78003/000007800316000113/,누적 15901000000 − 직전누적 9929000000 (시작 2016-01-01),5
Pfizer,PFE,2016Q4,2016-12-31,분기말 자산총계,171615000000,USD,공시,https://www.sec.gov/Archives/edgar/data/78003/000007800317000014/,,5
Pfizer,PFE,2016Q4,2016-12-31,분기말 부채총계,111776000000,USD,공시,https://www.sec.gov/Archives/edgar/data/78003/000007800317000014/,,5
Pfizer,PFE,2016Q4,2016-12-31,분기말 총자본(자기자본),59840000000,USD,공시,https://www.sec.gov/Archives/edgar/data/78003/000007800317000014/,,5
Pfizer,PFE,2016Q4,2016-12-31,분기말 지배지분 자본,59544000000,USD,공시,https://www.sec.gov/Archives/edgar/data/78003/000007800317000014/,,5
Pfizer,PFE,2016Q4,2016-12-30,분기말 종가,32.48,USD,API,https://query1.finance.yahoo.com/v8/finance/chart/PFE?interval=1d&events=splits (2016-12-30),분할조정 종가 30.8159 × 이후 분할계수 1.054,5
Pfizer,PFE,2016Q4,2017-02-21,분기말 상장주식수,5951872174,주,공시(표지 기준일),https://www.sec.gov/Archives/edgar/data/78003/000007800317000014/,dei:EntityCommonStockSharesOutstanding 클래스 합,5
Pfizer,PFE,2016Q4,2016-12-30,분기말 시가총액,193316808212,USD,계산(종가×주식수),https://query1.finance.yahoo.com/v8/finance/chart/PFE?interval=1d&events=splits (2016-12-30) ; https://www.sec.gov/Archives/edgar/data/78003/000007800317000014/,종가 32.48 × 주식수 5951872174,5
Pfizer,PFE,2017Q1,2017-04-02,분기별 매출액,미확인,USD,미확인,https://www.sec.gov/Archives/edgar/data/78003/000007800317000024/,,5
Pfizer,PFE,2017Q1,2017-04-02,분기별 영업이익,미확인,USD,미확인,SEC companyfacts CIK0000078003: 해당 보고서에 OperatingIncomeLoss 태그 없음(영업이익 미공시) ; SEC companyfacts CIK0000078003: OperatingIncomeLoss 태그 없음(영업이익 미공시),,5
Pfizer,PFE,2017Q1,2017-04-02,분기별 당기순이익(지배),3121000000,USD,공시,https://www.sec.gov/Archives/edgar/data/78003/000007800317000024/,,5
Pfizer,PFE,2017Q1,2017-04-02,분기별 영업활동현금흐름,1589000000,USD,공시,https://www.sec.gov/Archives/edgar/data/78003/000007800317000024/,,5
Pfizer,PFE,2017Q1,2017-04-02,분기말 자산총계,168784000000,USD,공시,https://www.sec.gov/Archives/edgar/data/78003/000007800317000024/,,5
Pfizer,PFE,2017Q1,2017-04-02,분기말 부채총계,110038000000,USD,공시,https://www.sec.gov/Archives/edgar/data/78003/000007800317000024/,,5
Pfizer,PFE,2017Q1,2017-04-02,분기말 총자본(자기자본),58746000000,USD,공시,https://www.sec.gov/Archives/edgar/data/78003/000007800317000024/,,5
Pfizer,PFE,2017Q1,2017-04-02,분기말 지배지분 자본,58435000000,USD,공시,https://www.sec.gov/Archives/edgar/data/78003/000007800317000024/,,5
Pfizer,PFE,2017Q1,2017-03-31,분기말 종가,34.21,USD,API,https://query1.finance.yahoo.com/v8/finance/chart/PFE?interval=1d&events=splits (2017-03-31),분할조정 종가 32.4573 × 이후 분할계수 1.054,5
Pfizer,PFE,2017Q1,2017-05-08,분기말 상장주식수,5967844470,주,공시(표지 기준일),https://www.sec.gov/Archives/edgar/data/78003/000007800317000024/,dei:EntityCommonStockSharesOutstanding 클래스 합,5
Pfizer,PFE,2017Q1,2017-03-31,분기말 시가총액,204159959319,USD,계산(종가×주식수),https://query1.finance.yahoo.com/v8/finance/chart/PFE?interval=1d&events=splits (2017-03-31) ; https://www.sec.gov/Archives/edgar/data/78003/000007800317000024/,종가 34.21 × 주식수 5967844470,5
Pfizer,PFE,2017Q2,2017-07-02,분기별 매출액,12896000000,USD,공시(후속 보고서 비교기간),https://www.sec.gov/Archives/edgar/data/78003/000007800318000070/,RevenueFromContractWithCustomerExcludingAssessedTax ; 그 분기 보고서에 연결 총계가 없어 2018-08-09 제출본의 비교기간에서 읽었다,5
Pfizer,PFE,2017Q2,2017-07-02,분기별 영업이익,미확인,USD,미확인,SEC companyfacts CIK0000078003: 해당 보고서에 OperatingIncomeLoss 태그 없음(영업이익 미공시) ; SEC companyfacts CIK0000078003: OperatingIncomeLoss 태그 없음(영업이익 미공시),,5
Pfizer,PFE,2017Q2,2017-07-02,분기별 당기순이익(지배),3073000000,USD,공시,https://www.sec.gov/Archives/edgar/data/78003/000007800317000039/,,5
Pfizer,PFE,2017Q2,2017-07-02,분기별 영업활동현금흐름,3252000000,USD,계산(누적차감),https://www.sec.gov/Archives/edgar/data/78003/000007800317000039/ ; https://www.sec.gov/Archives/edgar/data/78003/000007800317000024/,누적 4841000000 − 직전누적 1589000000 (시작 2017-01-01),5
Pfizer,PFE,2017Q2,2017-07-02,분기말 자산총계,168558000000,USD,공시,https://www.sec.gov/Archives/edgar/data/78003/000007800317000039/,,5
Pfizer,PFE,2017Q2,2017-07-02,분기말 부채총계,109863000000,USD,공시,https://www.sec.gov/Archives/edgar/data/78003/000007800317000039/,,5
Pfizer,PFE,2017Q2,2017-07-02,분기말 총자본(자기자본),58694000000,USD,공시,https://www.sec.gov/Archives/edgar/data/78003/000007800317000039/,,5
Pfizer,PFE,2017Q2,2017-07-02,분기말 지배지분 자본,58368000000,USD,공시,https://www.sec.gov/Archives/edgar/data/78003/000007800317000039/,,5
Pfizer,PFE,2017Q2,2017-06-30,분기말 종가,33.59,USD,API,https://query1.finance.yahoo.com/v8/finance/chart/PFE?interval=1d&events=splits (2017-06-30),분할조정 종가 31.8691 × 이후 분할계수 1.054,5
Pfizer,PFE,2017Q2,2017-08-07,분기말 상장주식수,5947349054,주,공시(표지 기준일),https://www.sec.gov/Archives/edgar/data/78003/000007800317000039/,dei:EntityCommonStockSharesOutstanding 클래스 합,5
Pfizer,PFE,2017Q2,2017-06-30,분기말 시가총액,199771454724,USD,계산(종가×주식수),https://query1.finance.yahoo.com/v8/finance/chart/PFE?interval=1d&events=splits (2017-06-30) ; https://www.sec.gov/Archives/edgar/data/78003/000007800317000039/,종가 33.59 × 주식수 5947349054,5
Pfizer,PFE,2017Q3,2017-10-01,분기별 매출액,13168000000,USD,공시(후속 보고서 비교기간),https://www.sec.gov/Archives/edgar/data/78003/000007800318000091/,RevenueFromContractWithCustomerExcludingAssessedTax ; 그 분기 보고서에 연결 총계가 없어 2018-11-08 제출본의 비교기간에서 읽었다,5
Pfizer,PFE,2017Q3,2017-10-01,분기별 영업이익,미확인,USD,미확인,SEC companyfacts CIK0000078003: 해당 보고서에 OperatingIncomeLoss 태그 없음(영업이익 미공시) ; SEC companyfacts CIK0000078003: OperatingIncomeLoss 태그 없음(영업이익 미공시),,5
Pfizer,PFE,2017Q3,2017-10-01,분기별 당기순이익(지배),2840000000,USD,공시,https://www.sec.gov/Archives/edgar/data/78003/000007800317000049/,,5
Pfizer,PFE,2017Q3,2017-10-01,분기별 영업활동현금흐름,4887000000,USD,계산(누적차감),https://www.sec.gov/Archives/edgar/data/78003/000007800317000049/ ; https://www.sec.gov/Archives/edgar/data/78003/000007800317000039/,누적 9728000000 − 직전누적 4841000000 (시작 2017-01-01),5
Pfizer,PFE,2017Q3,2017-10-01,분기말 자산총계,172151000000,USD,공시,https://www.sec.gov/Archives/edgar/data/78003/000007800317000049/,,5
Pfizer,PFE,2017Q3,2017-10-01,분기말 부채총계,111041000000,USD,공시,https://www.sec.gov/Archives/edgar/data/78003/000007800317000049/,,5
Pfizer,PFE,2017Q3,2017-10-01,분기말 총자본(자기자본),61110000000,USD,공시,https://www.sec.gov/Archives/edgar/data/78003/000007800317000049/,,5
Pfizer,PFE,2017Q3,2017-10-01,분기말 지배지분 자본,60770000000,USD,공시,https://www.sec.gov/Archives/edgar/data/78003/000007800317000049/,,5
Pfizer,PFE,2017Q3,2017-09-29,분기말 종가,35.7,USD,API,https://query1.finance.yahoo.com/v8/finance/chart/PFE?interval=1d&events=splits (2017-09-29),분할조정 종가 33.871 × 이후 분할계수 1.054,5
Pfizer,PFE,2017Q3,2017-11-06,분기말 상장주식수,5960707317,주,공시(표지 기준일),https://www.sec.gov/Archives/edgar/data/78003/000007800317000049/,dei:EntityCommonStockSharesOutstanding 클래스 합,5
Pfizer,PFE,2017Q3,2017-09-29,분기말 시가총액,212797251217,USD,계산(종가×주식수),https://query1.finance.yahoo.com/v8/finance/chart/PFE?interval=1d&events=splits (2017-09-29) ; https://www.sec.gov/Archives/edgar/data/78003/000007800317000049/,종가 35.7 × 주식수 5960707317,5
Pfizer,PFE,2017Q4,2017-12-31,분기별 매출액,미확인,USD,미확인,https://www.sec.gov/Archives/edgar/data/78003/000007800318000027/,,5
Pfizer,PFE,2017Q4,2017-12-31,분기별 영업이익,미확인,USD,미확인,SEC companyfacts CIK0000078003: 해당 보고서에 OperatingIncomeLoss 태그 없음(영업이익 미공시) ; SEC companyfacts CIK0000078003: OperatingIncomeLoss 태그 없음(영업이익 미공시),,5
Pfizer,PFE,2017Q4,2017-12-31,분기별 당기순이익(지배),12274000000,USD,계산(연간-3분기누적),https://www.sec.gov/Archives/edgar/data/78003/000007800318000027/ ; https://www.sec.gov/Archives/edgar/data/78003/000007800317000049/,연간 21308000000 − 9개월누적 9034000000 (NetIncomeLoss),5
Pfizer,PFE,2017Q4,2017-12-31,분기별 영업활동현금흐름,6742000000,USD,계산(누적차감),https://www.sec.gov/Archives/edgar/data/78003/000007800318000027/ ; https://www.sec.gov/Archives/edgar/data/78003/000007800317000049/,누적 16470000000 − 직전누적 9728000000 (시작 2017-01-01),5
Pfizer,PFE,2017Q4,2017-12-31,분기말 자산총계,171797000000,USD,공시,https://www.sec.gov/Archives/edgar/data/78003/000007800318000027/,,5
Pfizer,PFE,2017Q4,2017-12-31,분기말 부채총계,100141000000,USD,공시,https://www.sec.gov/Archives/edgar/data/78003/000007800318000027/,,5
Pfizer,PFE,2017Q4,2017-12-31,분기말 총자본(자기자본),71656000000,USD,공시,https://www.sec.gov/Archives/edgar/data/78003/000007800318000027/,,5
Pfizer,PFE,2017Q4,2017-12-31,분기말 지배지분 자본,71308000000,USD,공시,https://www.sec.gov/Archives/edgar/data/78003/000007800318000027/,,5
Pfizer,PFE,2017Q4,2017-12-29,분기말 종가,36.22,USD,API,https://query1.finance.yahoo.com/v8/finance/chart/PFE?interval=1d&events=splits (2017-12-29),분할조정 종가 34.3643 × 이후 분할계수 1.054,5
Pfizer,PFE,2017Q4,2018-02-20,분기말 상장주식수,5952864751,주,공시(표지 기준일),https://www.sec.gov/Archives/edgar/data/78003/000007800318000027/,dei:EntityCommonStockSharesOutstanding 클래스 합,5
Pfizer,PFE,2017Q4,2017-12-29,분기말 시가총액,215612761281,USD,계산(종가×주식수),https://query1.finance.yahoo.com/v8/finance/chart/PFE?interval=1d&events=splits (2017-12-29) ; https://www.sec.gov/Archives/edgar/data/78003/000007800318000027/,종가 36.22 × 주식수 5952864751,5
Pfizer,PFE,2018Q1,2018-04-01,분기별 매출액,12906000000,USD,공시(후속 보고서 비교기간),https://www.sec.gov/Archives/edgar/data/78003/000007800319000026/,RevenueFromContractWithCustomerExcludingAssessedTax ; 그 분기 보고서에 연결 총계가 없어 2019-05-09 제출본의 비교기간에서 읽었다,5
Pfizer,PFE,2018Q1,2018-04-01,분기별 영업이익,미확인,USD,미확인,SEC companyfacts CIK0000078003: 해당 보고서에 OperatingIncomeLoss 태그 없음(영업이익 미공시) ; SEC companyfacts CIK0000078003: OperatingIncomeLoss 태그 없음(영업이익 미공시),,5
Pfizer,PFE,2018Q1,2018-04-01,분기별 당기순이익(지배),3561000000,USD,공시,https://www.sec.gov/Archives/edgar/data/78003/000007800318000045/,,5
Pfizer,PFE,2018Q1,2018-04-01,분기별 영업활동현금흐름,1983000000,USD,공시,https://www.sec.gov/Archives/edgar/data/78003/000007800318000045/,,5
Pfizer,PFE,2018Q1,2018-04-01,분기말 자산총계,164612000000,USD,공시,https://www.sec.gov/Archives/edgar/data/78003/000007800318000045/,,5
Pfizer,PFE,2018Q1,2018-04-01,분기말 부채총계,94071000000,USD,공시,https://www.sec.gov/Archives/edgar/data/78003/000007800318000045/,,5
Pfizer,PFE,2018Q1,2018-04-01,분기말 총자본(자기자본),70541000000,USD,공시,https://www.sec.gov/Archives/edgar/data/78003/000007800318000045/,,5
Pfizer,PFE,2018Q1,2018-04-01,분기말 지배지분 자본,70184000000,USD,공시,https://www.sec.gov/Archives/edgar/data/78003/000007800318000045/,,5
Pfizer,PFE,2018Q1,2018-03-29,분기말 종가,35.49,USD,API,https://query1.finance.yahoo.com/v8/finance/chart/PFE?interval=1d&events=splits (2018-03-29),분할조정 종가 33.6717 × 이후 분할계수 1.054,5
Pfizer,PFE,2018Q1,2018-05-07,분기말 상장주식수,5849571048,주,공시(표지 기준일),https://www.sec.gov/Archives/edgar/data/78003/000007800318000045/,dei:EntityCommonStockSharesOutstanding 클래스 합,5
Pfizer,PFE,2018Q1,2018-03-29,분기말 시가총액,207601276494,USD,계산(종가×주식수),https://query1.finance.yahoo.com/v8/finance/chart/PFE?interval=1d&events=splits (2018-03-29) ; https://www.sec.gov/Archives/edgar/data/78003/000007800318000045/,종가 35.49 × 주식수 5849571048,5
Pfizer,PFE,2018Q2,2018-07-01,분기별 매출액,13466000000,USD,공시,https://www.sec.gov/Archives/edgar/data/78003/000007800318000070/,,5
Pfizer,PFE,2018Q2,2018-07-01,분기별 영업이익,미확인,USD,미확인,SEC companyfacts CIK0000078003: 해당 보고서에 OperatingIncomeLoss 태그 없음(영업이익 미공시) ; SEC companyfacts CIK0000078003: OperatingIncomeLoss 태그 없음(영업이익 미공시),,5
Pfizer,PFE,2018Q2,2018-07-01,분기별 당기순이익(지배),3872000000,USD,공시,https://www.sec.gov/Archives/edgar/data/78003/000007800318000070/,,5
Pfizer,PFE,2018Q2,2018-07-01,분기별 영업활동현금흐름,3847000000,USD,계산(누적차감),https://www.sec.gov/Archives/edgar/data/78003/000007800318000070/ ; https://www.sec.gov/Archives/edgar/data/78003/000007800318000045/,누적 5830000000 − 직전누적 1983000000 (시작 2018-01-01),5
Pfizer,PFE,2018Q2,2018-07-01,분기말 자산총계,164980000000,USD,공시,https://www.sec.gov/Archives/edgar/data/78003/000007800318000070/,,5
Pfizer,PFE,2018Q2,2018-07-01,분기말 부채총계,94856000000,USD,공시,https://www.sec.gov/Archives/edgar/data/78003/000007800318000070/,,5
Pfizer,PFE,2018Q2,2018-07-01,분기말 총자본(자기자본),70124000000,USD,공시,https://www.sec.gov/Archives/edgar/data/78003/000007800318000070/,,5
Pfizer,PFE,2018Q2,2018-07-01,분기말 지배지분 자본,69778000000,USD,공시,https://www.sec.gov/Archives/edgar/data/78003/000007800318000070/,,5
Pfizer,PFE,2018Q2,2018-06-29,분기말 종가,36.28,USD,API,https://query1.finance.yahoo.com/v8/finance/chart/PFE?interval=1d&events=splits (2018-06-29),분할조정 종가 34.4213 × 이후 분할계수 1.054,5
Pfizer,PFE,2018Q2,2018-08-06,분기말 상장주식수,5862109503,주,공시(표지 기준일),https://www.sec.gov/Archives/edgar/data/78003/000007800318000070/,dei:EntityCommonStockSharesOutstanding 클래스 합,5
Pfizer,PFE,2018Q2,2018-06-29,분기말 시가총액,212677332769,USD,계산(종가×주식수),https://query1.finance.yahoo.com/v8/finance/chart/PFE?interval=1d&events=splits (2018-06-29) ; https://www.sec.gov/Archives/edgar/data/78003/000007800318000070/,종가 36.28 × 주식수 5862109503,5
Pfizer,PFE,2018Q3,2018-09-30,분기별 매출액,13298000000,USD,공시,https://www.sec.gov/Archives/edgar/data/78003/000007800318000091/,,5
Pfizer,PFE,2018Q3,2018-09-30,분기별 영업이익,미확인,USD,미확인,SEC companyfacts CIK0000078003: 해당 보고서에 OperatingIncomeLoss 태그 없음(영업이익 미공시) ; SEC companyfacts CIK0000078003: OperatingIncomeLoss 태그 없음(영업이익 미공시),,5
Pfizer,PFE,2018Q3,2018-09-30,분기별 당기순이익(지배),4114000000,USD,공시,https://www.sec.gov/Archives/edgar/data/78003/000007800318000091/,,5
Pfizer,PFE,2018Q3,2018-09-30,분기별 영업활동현금흐름,5259000000,USD,계산(누적차감),https://www.sec.gov/Archives/edgar/data/78003/000007800318000091/ ; https://www.sec.gov/Archives/edgar/data/78003/000007800318000070/,누적 11089000000 − 직전누적 5830000000 (시작 2018-01-01),5
Pfizer,PFE,2018Q3,2018-09-30,분기말 자산총계,167838000000,USD,공시,https://www.sec.gov/Archives/edgar/data/78003/000007800318000091/,,5
Pfizer,PFE,2018Q3,2018-09-30,분기말 부채총계,96174000000,USD,공시,https://www.sec.gov/Archives/edgar/data/78003/000007800318000091/,,5
Pfizer,PFE,2018Q3,2018-09-30,분기말 총자본(자기자본),71664000000,USD,공시,https://www.sec.gov/Archives/edgar/data/78003/000007800318000091/,,5
Pfizer,PFE,2018Q3,2018-09-30,분기말 지배지분 자본,71319000000,USD,공시,https://www.sec.gov/Archives/edgar/data/78003/000007800318000091/,,5
Pfizer,PFE,2018Q3,2018-09-28,분기말 종가,44.07,USD,API,https://query1.finance.yahoo.com/v8/finance/chart/PFE?interval=1d&events=splits (2018-09-28),분할조정 종가 41.8121 × 이후 분할계수 1.054,5
Pfizer,PFE,2018Q3,2018-11-05,분기말 상장주식수,5780474578,주,공시(표지 기준일),https://www.sec.gov/Archives/edgar/data/78003/000007800318000091/,dei:EntityCommonStockSharesOutstanding 클래스 합,5
Pfizer,PFE,2018Q3,2018-09-28,분기말 시가총액,254745514652,USD,계산(종가×주식수),https://query1.finance.yahoo.com/v8/finance/chart/PFE?interval=1d&events=splits (2018-09-28) ; https://www.sec.gov/Archives/edgar/data/78003/000007800318000091/,종가 44.07 × 주식수 5780474578,5
Pfizer,PFE,2018Q4,2018-12-31,분기별 매출액,13977000000,USD,계산(연간-3분기누적),https://www.sec.gov/Archives/edgar/data/78003/000007800319000015/ ; https://www.sec.gov/Archives/edgar/data/78003/000007800318000091/,연간 53647000000 − 9개월누적 39670000000 (RevenueFromContractWithCustomerExcludingAssessedTax),5
Pfizer,PFE,2018Q4,2018-12-31,분기별 영업이익,미확인,USD,미확인,SEC companyfacts CIK0000078003: 해당 보고서에 OperatingIncomeLoss 태그 없음(영업이익 미공시) ; SEC companyfacts CIK0000078003: OperatingIncomeLoss 태그 없음(영업이익 미공시),,5
Pfizer,PFE,2018Q4,2018-12-31,분기별 당기순이익(지배),-393000000,USD,계산(연간-3분기누적),https://www.sec.gov/Archives/edgar/data/78003/000007800319000015/ ; https://www.sec.gov/Archives/edgar/data/78003/000007800318000091/,연간 11153000000 − 9개월누적 11546000000 (NetIncomeLoss),5
Pfizer,PFE,2018Q4,2018-12-31,분기별 영업활동현금흐름,4738000000,USD,계산(누적차감),https://www.sec.gov/Archives/edgar/data/78003/000007800319000015/ ; https://www.sec.gov/Archives/edgar/data/78003/000007800318000091/,누적 15827000000 − 직전누적 11089000000 (시작 2018-01-01),5
Pfizer,PFE,2018Q4,2018-12-31,분기말 자산총계,159422000000,USD,공시,https://www.sec.gov/Archives/edgar/data/78003/000007800319000015/,,5
Pfizer,PFE,2018Q4,2018-12-31,분기말 부채총계,95664000000,USD,공시,https://www.sec.gov/Archives/edgar/data/78003/000007800319000015/,,5
Pfizer,PFE,2018Q4,2018-12-31,분기말 총자본(자기자본),63758000000,USD,공시,https://www.sec.gov/Archives/edgar/data/78003/000007800319000015/,,5
Pfizer,PFE,2018Q4,2018-12-31,분기말 지배지분 자본,63407000000,USD,공시,https://www.sec.gov/Archives/edgar/data/78003/000007800319000015/,,5
Pfizer,PFE,2018Q4,2018-12-31,분기말 종가,43.65,USD,API,https://query1.finance.yahoo.com/v8/finance/chart/PFE?interval=1d&events=splits (2018-12-31),분할조정 종가 41.4137 × 이후 분할계수 1.054,5
Pfizer,PFE,2018Q4,2019-02-26,분기말 상장주식수,5551804790,주,공시(표지 기준일),https://www.sec.gov/Archives/edgar/data/78003/000007800319000015/,dei:EntityCommonStockSharesOutstanding 클래스 합,5
Pfizer,PFE,2018Q4,2018-12-31,분기말 시가총액,242336279084,USD,계산(종가×주식수),https://query1.finance.yahoo.com/v8/finance/chart/PFE?interval=1d&events=splits (2018-12-31) ; https://www.sec.gov/Archives/edgar/data/78003/000007800319000015/,종가 43.65 × 주식수 5551804790,5
Pfizer,PFE,2019Q1,2019-03-31,분기별 매출액,13118000000,USD,공시,https://www.sec.gov/Archives/edgar/data/78003/000007800319000026/,,5
Pfizer,PFE,2019Q1,2019-03-31,분기별 영업이익,미확인,USD,미확인,SEC companyfacts CIK0000078003: 해당 보고서에 OperatingIncomeLoss 태그 없음(영업이익 미공시) ; SEC companyfacts CIK0000078003: OperatingIncomeLoss 태그 없음(영업이익 미공시),,5
Pfizer,PFE,2019Q1,2019-03-31,분기별 당기순이익(지배),3884000000,USD,공시,https://www.sec.gov/Archives/edgar/data/78003/000007800319000026/,,5
Pfizer,PFE,2019Q1,2019-03-31,분기별 영업활동현금흐름,1698000000,USD,공시,https://www.sec.gov/Archives/edgar/data/78003/000007800319000026/,,5
Pfizer,PFE,2019Q1,2019-03-31,분기말 자산총계,155421000000,USD,공시,https://www.sec.gov/Archives/edgar/data/78003/000007800319000026/,,5
Pfizer,PFE,2019Q1,2019-03-31,분기말 부채총계,96263000000,USD,공시,https://www.sec.gov/Archives/edgar/data/78003/000007800319000026/,,5
Pfizer,PFE,2019Q1,2019-03-31,분기말 총자본(자기자본),59158000000,USD,공시,https://www.sec.gov/Archives/edgar/data/78003/000007800319000026/,,5
Pfizer,PFE,2019Q1,2019-03-31,분기말 지배지분 자본,58806000000,USD,공시,https://www.sec.gov/Archives/edgar/data/78003/000007800319000026/,,5
Pfizer,PFE,2019Q1,2019-03-29,분기말 종가,42.47,USD,API,https://query1.finance.yahoo.com/v8/finance/chart/PFE?interval=1d&events=splits (2019-03-29),분할조정 종가 40.2941 × 이후 분할계수 1.054,5
Pfizer,PFE,2019Q1,2019-05-06,분기말 상장주식수,5559929190,주,공시(표지 기준일),https://www.sec.gov/Archives/edgar/data/78003/000007800319000026/,dei:EntityCommonStockSharesOutstanding 클래스 합,5
Pfizer,PFE,2019Q1,2019-03-29,분기말 시가총액,236130192699,USD,계산(종가×주식수),https://query1.finance.yahoo.com/v8/finance/chart/PFE?interval=1d&events=splits (2019-03-29) ; https://www.sec.gov/Archives/edgar/data/78003/000007800319000026/,종가 42.47 × 주식수 5559929190,5
Pfizer,PFE,2019Q2,2019-06-30,분기별 매출액,13264000000,USD,공시,https://www.sec.gov/Archives/edgar/data/78003/000007800319000064/,,5
Pfizer,PFE,2019Q2,2019-06-30,분기별 영업이익,미확인,USD,미확인,SEC companyfacts CIK0000078003: 해당 보고서에 OperatingIncomeLoss 태그 없음(영업이익 미공시) ; SEC companyfacts CIK0000078003: OperatingIncomeLoss 태그 없음(영업이익 미공시),,5
Pfizer,PFE,2019Q2,2019-06-30,분기별 당기순이익(지배),5046000000,USD,공시,https://www.sec.gov/Archives/edgar/data/78003/000007800319000064/,,5
Pfizer,PFE,2019Q2,2019-06-30,분기별 영업활동현금흐름,2611000000,USD,계산(누적차감),https://www.sec.gov/Archives/edgar/data/78003/000007800319000064/ ; https://www.sec.gov/Archives/edgar/data/78003/000007800319000026/,누적 4309000000 − 직전누적 1698000000 (시작 2019-01-01),5
Pfizer,PFE,2019Q2,2019-06-30,분기말 자산총계,156199000000,USD,공시,https://www.sec.gov/Archives/edgar/data/78003/000007800319000064/,,5
Pfizer,PFE,2019Q2,2019-06-30,분기말 부채총계,96274000000,USD,공시,https://www.sec.gov/Archives/edgar/data/78003/000007800319000064/,,5
Pfizer,PFE,2019Q2,2019-06-30,분기말 총자본(자기자본),59924000000,USD,공시,https://www.sec.gov/Archives/edgar/data/78003/000007800319000064/,,5
Pfizer,PFE,2019Q2,2019-06-30,분기말 지배지분 자본,59568000000,USD,공시,https://www.sec.gov/Archives/edgar/data/78003/000007800319000064/,,5
Pfizer,PFE,2019Q2,2019-06-28,분기말 종가,43.32,USD,API,https://query1.finance.yahoo.com/v8/finance/chart/PFE?interval=1d&events=splits (2019-06-28),분할조정 종가 41.1006 × 이후 분할계수 1.054,5
Pfizer,PFE,2019Q2,2019-08-05,분기말 상장주식수,5531048353,주,공시(표지 기준일),https://www.sec.gov/Archives/edgar/data/78003/000007800319000064/,dei:EntityCommonStockSharesOutstanding 클래스 합,5
Pfizer,PFE,2019Q2,2019-06-28,분기말 시가총액,239605014652,USD,계산(종가×주식수),https://query1.finance.yahoo.com/v8/finance/chart/PFE?interval=1d&events=splits (2019-06-28) ; https://www.sec.gov/Archives/edgar/data/78003/000007800319000064/,종가 43.32 × 주식수 5531048353,5
Pfizer,PFE,2019Q3,2019-09-29,분기별 매출액,12680000000,USD,공시,https://www.sec.gov/Archives/edgar/data/78003/000007800319000082/,,5
Pfizer,PFE,2019Q3,2019-09-29,분기별 영업이익,미확인,USD,미확인,SEC companyfacts CIK0000078003: 해당 보고서에 OperatingIncomeLoss 태그 없음(영업이익 미공시) ; SEC companyfacts CIK0000078003: OperatingIncomeLoss 태그 없음(영업이익 미공시),,5
Pfizer,PFE,2019Q3,2019-09-29,분기별 당기순이익(지배),7680000000,USD,공시,https://www.sec.gov/Archives/edgar/data/78003/000007800319000082/,,5
Pfizer,PFE,2019Q3,2019-09-29,분기별 영업활동현금흐름,4510000000,USD,계산(누적차감),https://www.sec.gov/Archives/edgar/data/78003/000007800319000082/ ; https://www.sec.gov/Archives/edgar/data/78003/000007800319000064/,누적 8819000000 − 직전누적 4309000000 (시작 2019-01-01),5
Pfizer,PFE,2019Q3,2019-09-29,분기말 자산총계,170446000000,USD,공시,https://www.sec.gov/Archives/edgar/data/78003/000007800319000082/,,5
Pfizer,PFE,2019Q3,2019-09-29,분기말 부채총계,105051000000,USD,공시,https://www.sec.gov/Archives/edgar/data/78003/000007800319000082/,,5
Pfizer,PFE,2019Q3,2019-09-29,분기말 총자본(자기자본),65396000000,USD,공시,https://www.sec.gov/Archives/edgar/data/78003/000007800319000082/,,5
Pfizer,PFE,2019Q3,2019-09-29,분기말 지배지분 자본,65103000000,USD,공시,https://www.sec.gov/Archives/edgar/data/78003/000007800319000082/,,5
Pfizer,PFE,2019Q3,2019-09-27,분기말 종가,36.22,USD,API,https://query1.finance.yahoo.com/v8/finance/chart/PFE?interval=1d&events=splits (2019-09-27),분할조정 종가 34.3643 × 이후 분할계수 1.054,5
Pfizer,PFE,2019Q3,2019-11-04,분기말 상장주식수,5534122364,주,공시(표지 기준일),https://www.sec.gov/Archives/edgar/data/78003/000007800319000082/,dei:EntityCommonStockSharesOutstanding 클래스 합,5
Pfizer,PFE,2019Q3,2019-09-27,분기말 시가총액,200445912024,USD,계산(종가×주식수),https://query1.finance.yahoo.com/v8/finance/chart/PFE?interval=1d&events=splits (2019-09-27) ; https://www.sec.gov/Archives/edgar/data/78003/000007800319000082/,종가 36.22 × 주식수 5534122364,5
Pfizer,PFE,2019Q4,2019-12-31,분기별 매출액,12688000000,USD,계산(연간-3분기누적),https://www.sec.gov/Archives/edgar/data/78003/000007800320000014/ ; https://www.sec.gov/Archives/edgar/data/78003/000007800319000082/,연간 51750000000 − 9개월누적 39062000000 (RevenueFromContractWithCustomerExcludingAssessedTax),5
Pfizer,PFE,2019Q4,2019-12-31,분기별 영업이익,미확인,USD,미확인,SEC companyfacts CIK0000078003: 해당 보고서에 OperatingIncomeLoss 태그 없음(영업이익 미공시) ; SEC companyfacts CIK0000078003: OperatingIncomeLoss 태그 없음(영업이익 미공시),,5
Pfizer,PFE,2019Q4,2019-12-31,분기별 당기순이익(지배),-336000000,USD,계산(연간-3분기누적),https://www.sec.gov/Archives/edgar/data/78003/000007800320000014/ ; https://www.sec.gov/Archives/edgar/data/78003/000007800319000082/,연간 16273000000 − 9개월누적 16609000000 (NetIncomeLoss),5
Pfizer,PFE,2019Q4,2019-12-31,분기별 영업활동현금흐름,3769000000,USD,계산(누적차감),https://www.sec.gov/Archives/edgar/data/78003/000007800320000014/ ; https://www.sec.gov/Archives/edgar/data/78003/000007800319000082/,누적 12588000000 − 직전누적 8819000000 (시작 2019-01-01),5
Pfizer,PFE,2019Q4,2019-12-31,분기말 자산총계,167594000000,USD,공시(재작성 반영),https://www.sec.gov/Archives/edgar/data/78003/000007800321000038/,원 공시 167489000000 (https://www.sec.gov/Archives/edgar/data/78003/000007800320000014/),5
Pfizer,PFE,2019Q4,2019-12-31,분기말 부채총계,104148000000,USD,공시(재작성 반영),https://www.sec.gov/Archives/edgar/data/78003/000007800321000038/,원 공시 104042000000 (https://www.sec.gov/Archives/edgar/data/78003/000007800320000014/),5
Pfizer,PFE,2019Q4,2019-12-31,분기말 총자본(자기자본),63447000000,USD,공시,https://www.sec.gov/Archives/edgar/data/78003/000007800320000014/,,5
Pfizer,PFE,2019Q4,2019-12-31,분기말 지배지분 자본,63143000000,USD,공시,https://www.sec.gov/Archives/edgar/data/78003/000007800320000014/,,5
Pfizer,PFE,2019Q4,2019-12-31,분기말 종가,39.18,USD,API,https://query1.finance.yahoo.com/v8/finance/chart/PFE?interval=1d&events=splits (2019-12-31),분할조정 종가 37.1727 × 이후 분할계수 1.054,5
Pfizer,PFE,2019Q4,2020-02-25,분기말 상장주식수,5547639005,주,공시(표지 기준일),https://www.sec.gov/Archives/edgar/data/78003/000007800320000014/,dei:EntityCommonStockSharesOutstanding 클래스 합,5
Pfizer,PFE,2019Q4,2019-12-31,분기말 시가총액,217356496216,USD,계산(종가×주식수),https://query1.finance.yahoo.com/v8/finance/chart/PFE?interval=1d&events=splits (2019-12-31) ; https://www.sec.gov/Archives/edgar/data/78003/000007800320000014/,종가 39.18 × 주식수 5547639005,5
Pfizer,PFE,2020Q1,2020-03-29,분기별 매출액,12028000000,USD,공시,https://www.sec.gov/Archives/edgar/data/78003/000007800320000037/,,5
Pfizer,PFE,2020Q1,2020-03-29,분기별 영업이익,미확인,USD,미확인,SEC companyfacts CIK0000078003: 해당 보고서에 OperatingIncomeLoss 태그 없음(영업이익 미공시) ; SEC companyfacts CIK0000078003: OperatingIncomeLoss 태그 없음(영업이익 미공시),,5
Pfizer,PFE,2020Q1,2020-03-29,분기별 당기순이익(지배),3401000000,USD,공시,https://www.sec.gov/Archives/edgar/data/78003/000007800320000037/,,5
Pfizer,PFE,2020Q1,2020-03-29,분기별 영업활동현금흐름,3133000000,USD,공시,https://www.sec.gov/Archives/edgar/data/78003/000007800320000037/,,5
Pfizer,PFE,2020Q1,2020-03-29,분기말 자산총계,166336000000,USD,공시,https://www.sec.gov/Archives/edgar/data/78003/000007800320000037/,,5
Pfizer,PFE,2020Q1,2020-03-29,분기말 부채총계,100998000000,USD,공시,https://www.sec.gov/Archives/edgar/data/78003/000007800320000037/,,5
Pfizer,PFE,2020Q1,2020-03-29,분기말 총자본(자기자본),65338000000,USD,공시,https://www.sec.gov/Archives/edgar/data/78003/000007800320000037/,,5
Pfizer,PFE,2020Q1,2020-03-29,분기말 지배지분 자본,65026000000,USD,공시,https://www.sec.gov/Archives/edgar/data/78003/000007800320000037/,,5
Pfizer,PFE,2020Q1,2020-03-27,분기말 종가,30.9,USD,API,https://query1.finance.yahoo.com/v8/finance/chart/PFE?interval=1d&events=splits (2020-03-27),분할조정 종가 29.3169 × 이후 분할계수 1.054,5
Pfizer,PFE,2020Q1,2020-05-04,분기말 상장주식수,5554833754,주,공시(표지 기준일),https://www.sec.gov/Archives/edgar/data/78003/000007800320000037/,dei:EntityCommonStockSharesOutstanding 클래스 합,5
Pfizer,PFE,2020Q1,2020-03-27,분기말 시가총액,171644362999,USD,계산(종가×주식수),https://query1.finance.yahoo.com/v8/finance/chart/PFE?interval=1d&events=splits (2020-03-27) ; https://www.sec.gov/Archives/edgar/data/78003/000007800320000037/,종가 30.9 × 주식수 5554833754,5
Pfizer,PFE,2020Q2,2020-06-28,분기별 매출액,11801000000,USD,공시,https://www.sec.gov/Archives/edgar/data/78003/000007800320000060/,,5
Pfizer,PFE,2020Q2,2020-06-28,분기별 영업이익,미확인,USD,미확인,SEC companyfacts CIK0000078003: 해당 보고서에 OperatingIncomeLoss 태그 없음(영업이익 미공시) ; SEC companyfacts CIK0000078003: OperatingIncomeLoss 태그 없음(영업이익 미공시),,5
Pfizer,PFE,2020Q2,2020-06-28,분기별 당기순이익(지배),3426000000,USD,공시,https://www.sec.gov/Archives/edgar/data/78003/000007800320000060/,,5
Pfizer,PFE,2020Q2,2020-06-28,분기별 영업활동현금흐름,3555000000,USD,계산(누적차감),https://www.sec.gov/Archives/edgar/data/78003/000007800320000060/ ; https://www.sec.gov/Archives/edgar/data/78003/000007800320000037/,누적 6688000000 − 직전누적 3133000000 (시작 2020-01-01),5
Pfizer,PFE,2020Q2,2020-06-28,분기말 자산총계,177934000000,USD,공시,https://www.sec.gov/Archives/edgar/data/78003/000007800320000060/,,5
Pfizer,PFE,2020Q2,2020-06-28,분기말 부채총계,113370000000,USD,공시,https://www.sec.gov/Archives/edgar/data/78003/000007800320000060/,,5
Pfizer,PFE,2020Q2,2020-06-28,분기말 총자본(자기자본),64564000000,USD,공시,https://www.sec.gov/Archives/edgar/data/78003/000007800320000060/,,5
Pfizer,PFE,2020Q2,2020-06-28,분기말 지배지분 자본,64336000000,USD,공시,https://www.sec.gov/Archives/edgar/data/78003/000007800320000060/,,5
Pfizer,PFE,2020Q2,2020-06-26,분기말 종가,32.04,USD,API,https://query1.finance.yahoo.com/v8/finance/chart/PFE?interval=1d&events=splits (2020-06-26),분할조정 종가 30.3985 × 이후 분할계수 1.054,5
Pfizer,PFE,2020Q2,2020-08-03,분기말 상장주식수,5556879807,주,공시(표지 기준일),https://www.sec.gov/Archives/edgar/data/78003/000007800320000060/,dei:EntityCommonStockSharesOutstanding 클래스 합,5
Pfizer,PFE,2020Q2,2020-06-26,분기말 시가총액,178042429016,USD,계산(종가×주식수),https://query1.finance.yahoo.com/v8/finance/chart/PFE?interval=1d&events=splits (2020-06-26) ; https://www.sec.gov/Archives/edgar/data/78003/000007800320000060/,종가 32.04 × 주식수 5556879807,5
Pfizer,PFE,2020Q3,2020-09-27,분기별 매출액,12131000000,USD,공시,https://www.sec.gov/Archives/edgar/data/78003/000007800320000070/,,5
Pfizer,PFE,2020Q3,2020-09-27,분기별 영업이익,미확인,USD,미확인,SEC companyfacts CIK0000078003: 해당 보고서에 OperatingIncomeLoss 태그 없음(영업이익 미공시) ; SEC companyfacts CIK0000078003: OperatingIncomeLoss 태그 없음(영업이익 미공시),,5
Pfizer,PFE,2020Q3,2020-09-27,분기별 당기순이익(지배),2194000000,USD,공시,https://www.sec.gov/Archives/edgar/data/78003/000007800320000070/,,5
Pfizer,PFE,2020Q3,2020-09-27,분기별 영업활동현금흐름,2090000000,USD,계산(누적차감),https://www.sec.gov/Archives/edgar/data/78003/000007800320000070/ ; https://www.sec.gov/Archives/edgar/data/78003/000007800320000060/,누적 8778000000 − 직전누적 6688000000 (시작 2020-01-01),5
Pfizer,PFE,2020Q3,2020-09-27,분기말 자산총계,178983000000,USD,공시,https://www.sec.gov/Archives/edgar/data/78003/000007800320000070/,,5
Pfizer,PFE,2020Q3,2020-09-27,분기말 부채총계,113487000000,USD,공시,https://www.sec.gov/Archives/edgar/data/78003/000007800320000070/,,5
Pfizer,PFE,2020Q3,2020-09-27,분기말 총자본(자기자본),65495000000,USD,공시,https://www.sec.gov/Archives/edgar/data/78003/000007800320000070/,,5
Pfizer,PFE,2020Q3,2020-09-27,분기말 지배지분 자본,65259000000,USD,공시,https://www.sec.gov/Archives/edgar/data/78003/000007800320000070/,,5
Pfizer,PFE,2020Q3,2020-09-25,분기말 종가,36.05,USD,API,https://query1.finance.yahoo.com/v8/finance/chart/PFE?interval=1d&events=splits (2020-09-25),분할조정 종가 34.203 × 이후 분할계수 1.054,5
Pfizer,PFE,2020Q3,2020-11-02,분기말 상장주식수,5558396599,주,공시(표지 기준일),https://www.sec.gov/Archives/edgar/data/78003/000007800320000070/,dei:EntityCommonStockSharesOutstanding 클래스 합,5
Pfizer,PFE,2020Q3,2020-09-25,분기말 시가총액,200380197394,USD,계산(종가×주식수),https://query1.finance.yahoo.com/v8/finance/chart/PFE?interval=1d&events=splits (2020-09-25) ; https://www.sec.gov/Archives/edgar/data/78003/000007800320000070/,종가 36.05 × 주식수 5558396599,5
Pfizer,PFE,2020Q4,2020-12-31,분기별 매출액,5947000000,USD,계산(연간-3분기누적),https://www.sec.gov/Archives/edgar/data/78003/000007800321000038/ ; https://www.sec.gov/Archives/edgar/data/78003/000007800320000070/,연간 41908000000 − 9개월누적 35961000000 (RevenueFromContractWithCustomerExcludingAssessedTax),5
Pfizer,PFE,2020Q4,2020-12-31,분기별 영업이익,미확인,USD,미확인,SEC companyfacts CIK0000078003: 해당 보고서에 OperatingIncomeLoss 태그 없음(영업이익 미공시) ; SEC companyfacts CIK0000078003: OperatingIncomeLoss 태그 없음(영업이익 미공시),,5
Pfizer,PFE,2020Q4,2020-12-31,분기별 당기순이익(지배),594000000,USD,계산(연간-3분기누적),https://www.sec.gov/Archives/edgar/data/78003/000007800321000038/ ; https://www.sec.gov/Archives/edgar/data/78003/000007800320000070/,연간 9616000000 − 9개월누적 9022000000 (NetIncomeLoss),5
Pfizer,PFE,2020Q4,2020-12-31,분기별 영업활동현금흐름,5625000000,USD,계산(누적차감),https://www.sec.gov/Archives/edgar/data/78003/000007800321000038/ ; https://www.sec.gov/Archives/edgar/data/78003/000007800320000070/,누적 14403000000 − 직전누적 8778000000 (시작 2020-01-01),5
Pfizer,PFE,2020Q4,2020-12-31,분기말 자산총계,154229000000,USD,공시,https://www.sec.gov/Archives/edgar/data/78003/000007800321000038/,,5
Pfizer,PFE,2020Q4,2020-12-31,분기말 부채총계,90756000000,USD,공시,https://www.sec.gov/Archives/edgar/data/78003/000007800321000038/,,5
Pfizer,PFE,2020Q4,2020-12-31,분기말 총자본(자기자본),63473000000,USD,공시,https://www.sec.gov/Archives/edgar/data/78003/000007800321000038/,,5
Pfizer,PFE,2020Q4,2020-12-31,분기말 지배지분 자본,63238000000,USD,공시,https://www.sec.gov/Archives/edgar/data/78003/000007800321000038/,,5
Pfizer,PFE,2020Q4,2020-12-31,분기말 종가,36.81,USD,API,https://query1.finance.yahoo.com/v8/finance/chart/PFE?interval=1d&events=splits (2020-12-31),,5
Pfizer,PFE,2020Q4,2021-02-23,분기말 상장주식수,5577629491,주,공시(표지 기준일),https://www.sec.gov/Archives/edgar/data/78003/000007800321000038/,dei:EntityCommonStockSharesOutstanding 클래스 합,5
Pfizer,PFE,2020Q4,2020-12-31,분기말 시가총액,205312541564,USD,계산(종가×주식수),https://query1.finance.yahoo.com/v8/finance/chart/PFE?interval=1d&events=splits (2020-12-31) ; https://www.sec.gov/Archives/edgar/data/78003/000007800321000038/,종가 36.81 × 주식수 5577629491,5
Pfizer,PFE,2021Q1,2021-04-04,분기별 매출액,14582000000,USD,공시,https://www.sec.gov/Archives/edgar/data/78003/000007800321000065/,,5
Pfizer,PFE,2021Q1,2021-04-04,분기별 영업이익,미확인,USD,미확인,SEC companyfacts CIK0000078003: 해당 보고서에 OperatingIncomeLoss 태그 없음(영업이익 미공시) ; SEC companyfacts CIK0000078003: OperatingIncomeLoss 태그 없음(영업이익 미공시),,5
Pfizer,PFE,2021Q1,2021-04-04,분기별 당기순이익(지배),4877000000,USD,공시,https://www.sec.gov/Archives/edgar/data/78003/000007800321000065/,,5
Pfizer,PFE,2021Q1,2021-04-04,분기별 영업활동현금흐름,4538000000,USD,공시,https://www.sec.gov/Archives/edgar/data/78003/000007800321000065/,,5
Pfizer,PFE,2021Q1,2021-04-04,분기말 자산총계,158818000000,USD,공시,https://www.sec.gov/Archives/edgar/data/78003/000007800321000065/,,5
Pfizer,PFE,2021Q1,2021-04-04,분기말 부채총계,89953000000,USD,공시,https://www.sec.gov/Archives/edgar/data/78003/000007800321000065/,,5
Pfizer,PFE,2021Q1,2021-04-04,분기말 총자본(자기자본),68865000000,USD,공시,https://www.sec.gov/Archives/edgar/data/78003/000007800321000065/,,5
Pfizer,PFE,2021Q1,2021-04-04,분기말 지배지분 자본,68620000000,USD,공시,https://www.sec.gov/Archives/edgar/data/78003/000007800321000065/,,5
Pfizer,PFE,2021Q1,2021-04-01,분기말 종가,36.3,USD,API,https://query1.finance.yahoo.com/v8/finance/chart/PFE?interval=1d&events=splits (2021-04-01),,5
Pfizer,PFE,2021Q1,2021-05-10,분기말 상장주식수,5597693867,주,공시(표지 기준일),https://www.sec.gov/Archives/edgar/data/78003/000007800321000065/,dei:EntityCommonStockSharesOutstanding 클래스 합,5
Pfizer,PFE,2021Q1,2021-04-01,분기말 시가총액,203196287372,USD,계산(종가×주식수),https://query1.finance.yahoo.com/v8/finance/chart/PFE?interval=1d&events=splits (2021-04-01) ; https://www.sec.gov/Archives/edgar/data/78003/000007800321000065/,종가 36.3 × 주식수 5597693867,5
Pfizer,PFE,2021Q2,2021-07-04,분기별 매출액,18977000000,USD,공시,https://www.sec.gov/Archives/edgar/data/78003/000007800321000093/,,5
Pfizer,PFE,2021Q2,2021-07-04,분기별 영업이익,미확인,USD,미확인,SEC companyfacts CIK0000078003: 해당 보고서에 OperatingIncomeLoss 태그 없음(영업이익 미공시) ; SEC companyfacts CIK0000078003: OperatingIncomeLoss 태그 없음(영업이익 미공시),,5
Pfizer,PFE,2021Q2,2021-07-04,분기별 당기순이익(지배),5563000000,USD,공시,https://www.sec.gov/Archives/edgar/data/78003/000007800321000093/,,5
Pfizer,PFE,2021Q2,2021-07-04,분기별 영업활동현금흐름,11299000000,USD,계산(누적차감),https://www.sec.gov/Archives/edgar/data/78003/000007800321000093/ ; https://www.sec.gov/Archives/edgar/data/78003/000007800321000065/,누적 15837000000 − 직전누적 4538000000 (시작 2021-01-01),5
Pfizer,PFE,2021Q2,2021-07-04,분기말 자산총계,169920000000,USD,공시,https://www.sec.gov/Archives/edgar/data/78003/000007800321000093/,,5
Pfizer,PFE,2021Q2,2021-07-04,분기말 부채총계,99605000000,USD,공시,https://www.sec.gov/Archives/edgar/data/78003/000007800321000093/,,5
Pfizer,PFE,2021Q2,2021-07-04,분기말 총자본(자기자본),70315000000,USD,공시,https://www.sec.gov/Archives/edgar/data/78003/000007800321000093/,,5
Pfizer,PFE,2021Q2,2021-07-04,분기말 지배지분 자본,70042000000,USD,공시,https://www.sec.gov/Archives/edgar/data/78003/000007800321000093/,,5
Pfizer,PFE,2021Q2,2021-07-02,분기말 종가,39.73,USD,API,https://query1.finance.yahoo.com/v8/finance/chart/PFE?interval=1d&events=splits (2021-07-02),,5
Pfizer,PFE,2021Q2,2021-08-09,분기말 상장주식수,5606688356,주,공시(표지 기준일),https://www.sec.gov/Archives/edgar/data/78003/000007800321000093/,dei:EntityCommonStockSharesOutstanding 클래스 합,5
Pfizer,PFE,2021Q2,2021-07-02,분기말 시가총액,222753728384,USD,계산(종가×주식수),https://query1.finance.yahoo.com/v8/finance/chart/PFE?interval=1d&events=splits (2021-07-02) ; https://www.sec.gov/Archives/edgar/data/78003/000007800321000093/,종가 39.73 × 주식수 5606688356,5
Pfizer,PFE,2021Q3,2021-10-03,분기별 매출액,24094000000,USD,공시,https://www.sec.gov/Archives/edgar/data/78003/000007800321000107/,,5
Pfizer,PFE,2021Q3,2021-10-03,분기별 영업이익,미확인,USD,미확인,SEC companyfacts CIK0000078003: 해당 보고서에 OperatingIncomeLoss 태그 없음(영업이익 미공시) ; SEC companyfacts CIK0000078003: OperatingIncomeLoss 태그 없음(영업이익 미공시),,5
Pfizer,PFE,2021Q3,2021-10-03,분기별 당기순이익(지배),8146000000,USD,공시,https://www.sec.gov/Archives/edgar/data/78003/000007800321000107/,,5
Pfizer,PFE,2021Q3,2021-10-03,분기별 영업활동현금흐름,10829000000,USD,계산(누적차감),https://www.sec.gov/Archives/edgar/data/78003/000007800321000107/ ; https://www.sec.gov/Archives/edgar/data/78003/000007800321000093/,누적 26666000000 − 직전누적 15837000000 (시작 2021-01-01),5
Pfizer,PFE,2021Q3,2021-10-03,분기말 자산총계,179188000000,USD,공시,https://www.sec.gov/Archives/edgar/data/78003/000007800321000107/,,5
Pfizer,PFE,2021Q3,2021-10-03,분기말 부채총계,103221000000,USD,공시,https://www.sec.gov/Archives/edgar/data/78003/000007800321000107/,,5
Pfizer,PFE,2021Q3,2021-10-03,분기말 총자본(자기자본),75967000000,USD,공시,https://www.sec.gov/Archives/edgar/data/78003/000007800321000107/,,5
Pfizer,PFE,2021Q3,2021-10-03,분기말 지배지분 자본,75691000000,USD,공시,https://www.sec.gov/Archives/edgar/data/78003/000007800321000107/,,5
Pfizer,PFE,2021Q3,2021-10-01,분기말 종가,42.93,USD,API,https://query1.finance.yahoo.com/v8/finance/chart/PFE?interval=1d&events=splits (2021-10-01),,5
Pfizer,PFE,2021Q3,2021-11-08,분기말 상장주식수,5612866598,주,공시(표지 기준일),https://www.sec.gov/Archives/edgar/data/78003/000007800321000107/,dei:EntityCommonStockSharesOutstanding 클래스 합,5
Pfizer,PFE,2021Q3,2021-10-01,분기말 시가총액,240960363052,USD,계산(종가×주식수),https://query1.finance.yahoo.com/v8/finance/chart/PFE?interval=1d&events=splits (2021-10-01) ; https://www.sec.gov/Archives/edgar/data/78003/000007800321000107/,종가 42.93 × 주식수 5612866598,5
Pfizer,PFE,2021Q4,2021-12-31,분기별 매출액,23635000000,USD,계산(연간-3분기누적),https://www.sec.gov/Archives/edgar/data/78003/000007800322000027/ ; https://www.sec.gov/Archives/edgar/data/78003/000007800321000107/,연간 81288000000 − 9개월누적 57653000000 (RevenueFromContractWithCustomerExcludingAssessedTax),5
Pfizer,PFE,2021Q4,2021-12-31,분기별 영업이익,미확인,USD,미확인,SEC companyfacts CIK0000078003: 해당 보고서에 OperatingIncomeLoss 태그 없음(영업이익 미공시) ; SEC companyfacts CIK0000078003: OperatingIncomeLoss 태그 없음(영업이익 미공시),,5
Pfizer,PFE,2021Q4,2021-12-31,분기별 당기순이익(지배),3393000000,USD,계산(연간-3분기누적),https://www.sec.gov/Archives/edgar/data/78003/000007800322000027/ ; https://www.sec.gov/Archives/edgar/data/78003/000007800321000107/,연간 21979000000 − 9개월누적 18586000000 (NetIncomeLoss),5
Pfizer,PFE,2021Q4,2021-12-31,분기별 영업활동현금흐름,5914000000,USD,계산(누적차감),https://www.sec.gov/Archives/edgar/data/78003/000007800322000027/ ; https://www.sec.gov/Archives/edgar/data/78003/000007800321000107/,누적 32580000000 − 직전누적 26666000000 (시작 2021-01-01),5
Pfizer,PFE,2021Q4,2021-12-31,분기말 자산총계,181476000000,USD,공시,https://www.sec.gov/Archives/edgar/data/78003/000007800322000027/,,5
Pfizer,PFE,2021Q4,2021-12-31,분기말 부채총계,104013000000,USD,공시,https://www.sec.gov/Archives/edgar/data/78003/000007800322000027/,,5
Pfizer,PFE,2021Q4,2021-12-31,분기말 총자본(자기자본),77462000000,USD,공시,https://www.sec.gov/Archives/edgar/data/78003/000007800322000027/,,5
Pfizer,PFE,2021Q4,2021-12-31,분기말 지배지분 자본,77201000000,USD,공시,https://www.sec.gov/Archives/edgar/data/78003/000007800322000027/,,5
Pfizer,PFE,2021Q4,2021-12-31,분기말 종가,59.05,USD,API,https://query1.finance.yahoo.com/v8/finance/chart/PFE?interval=1d&events=splits (2021-12-31),,5
Pfizer,PFE,2021Q4,2022-02-22,분기말 상장주식수,5623346471,주,공시(표지 기준일),https://www.sec.gov/Archives/edgar/data/78003/000007800322000027/,dei:EntityCommonStockSharesOutstanding 클래스 합,5
Pfizer,PFE,2021Q4,2021-12-31,분기말 시가총액,332058609113,USD,계산(종가×주식수),https://query1.finance.yahoo.com/v8/finance/chart/PFE?interval=1d&events=splits (2021-12-31) ; https://www.sec.gov/Archives/edgar/data/78003/000007800322000027/,종가 59.05 × 주식수 5623346471,5
Pfizer,PFE,2022Q1,2022-04-03,분기별 매출액,25661000000,USD,공시,https://www.sec.gov/Archives/edgar/data/78003/000007800322000071/,,5
Pfizer,PFE,2022Q1,2022-04-03,분기별 영업이익,미확인,USD,미확인,SEC companyfacts CIK0000078003: 해당 보고서에 OperatingIncomeLoss 태그 없음(영업이익 미공시) ; SEC companyfacts CIK0000078003: OperatingIncomeLoss 태그 없음(영업이익 미공시),,5
Pfizer,PFE,2022Q1,2022-04-03,분기별 당기순이익(지배),7864000000,USD,공시,https://www.sec.gov/Archives/edgar/data/78003/000007800322000071/,,5
Pfizer,PFE,2022Q1,2022-04-03,분기별 영업활동현금흐름,6541000000,USD,공시,https://www.sec.gov/Archives/edgar/data/78003/000007800322000071/,,5
Pfizer,PFE,2022Q1,2022-04-03,분기말 자산총계,183841000000,USD,공시,https://www.sec.gov/Archives/edgar/data/78003/000007800322000071/,,5
Pfizer,PFE,2022Q1,2022-04-03,분기말 부채총계,101155000000,USD,공시,https://www.sec.gov/Archives/edgar/data/78003/000007800322000071/,,5
Pfizer,PFE,2022Q1,2022-04-03,분기말 총자본(자기자본),82685000000,USD,공시,https://www.sec.gov/Archives/edgar/data/78003/000007800322000071/,,5
Pfizer,PFE,2022Q1,2022-04-03,분기말 지배지분 자본,82424000000,USD,공시,https://www.sec.gov/Archives/edgar/data/78003/000007800322000071/,,5
Pfizer,PFE,2022Q1,2022-04-01,분기말 종가,51.57,USD,API,https://query1.finance.yahoo.com/v8/finance/chart/PFE?interval=1d&events=splits (2022-04-01),,5
Pfizer,PFE,2022Q1,2022-05-06,분기말 상장주식수,5610895801,주,공시(표지 기준일),https://www.sec.gov/Archives/edgar/data/78003/000007800322000071/,dei:EntityCommonStockSharesOutstanding 클래스 합,5
Pfizer,PFE,2022Q1,2022-04-01,분기말 시가총액,289353896458,USD,계산(종가×주식수),https://query1.finance.yahoo.com/v8/finance/chart/PFE?interval=1d&events=splits (2022-04-01) ; https://www.sec.gov/Archives/edgar/data/78003/000007800322000071/,종가 51.57 × 주식수 5610895801,5
Pfizer,PFE,2022Q2,2022-07-03,분기별 매출액,27742000000,USD,공시,https://www.sec.gov/Archives/edgar/data/78003/000007800322000094/,,5
Pfizer,PFE,2022Q2,2022-07-03,분기별 영업이익,미확인,USD,미확인,SEC companyfacts CIK0000078003: 해당 보고서에 OperatingIncomeLoss 태그 없음(영업이익 미공시) ; SEC companyfacts CIK0000078003: OperatingIncomeLoss 태그 없음(영업이익 미공시),,5
Pfizer,PFE,2022Q2,2022-07-03,분기별 당기순이익(지배),9906000000,USD,공시,https://www.sec.gov/Archives/edgar/data/78003/000007800322000094/,,5
Pfizer,PFE,2022Q2,2022-07-03,분기별 영업활동현금흐름,8170000000,USD,계산(누적차감),https://www.sec.gov/Archives/edgar/data/78003/000007800322000094/ ; https://www.sec.gov/Archives/edgar/data/78003/000007800322000071/,누적 14711000000 − 직전누적 6541000000 (시작 2022-01-01),5
Pfizer,PFE,2022Q2,2022-07-03,분기말 자산총계,195290000000,USD,공시,https://www.sec.gov/Archives/edgar/data/78003/000007800322000094/,,5
Pfizer,PFE,2022Q2,2022-07-03,분기말 부채총계,107821000000,USD,공시,https://www.sec.gov/Archives/edgar/data/78003/000007800322000094/,,5
Pfizer,PFE,2022Q2,2022-07-03,분기말 총자본(자기자본),87469000000,USD,공시,https://www.sec.gov/Archives/edgar/data/78003/000007800322000094/,,5
Pfizer,PFE,2022Q2,2022-07-03,분기말 지배지분 자본,87208000000,USD,공시,https://www.sec.gov/Archives/edgar/data/78003/000007800322000094/,,5
Pfizer,PFE,2022Q2,2022-07-01,분기말 종가,52.31,USD,API,https://query1.finance.yahoo.com/v8/finance/chart/PFE?interval=1d&events=splits (2022-07-01),,5
Pfizer,PFE,2022Q2,2022-08-05,분기말 상장주식수,5612351809,주,공시(표지 기준일),https://www.sec.gov/Archives/edgar/data/78003/000007800322000094/,dei:EntityCommonStockSharesOutstanding 클래스 합,5
Pfizer,PFE,2022Q2,2022-07-01,분기말 시가총액,293582123129,USD,계산(종가×주식수),https://query1.finance.yahoo.com/v8/finance/chart/PFE?interval=1d&events=splits (2022-07-01) ; https://www.sec.gov/Archives/edgar/data/78003/000007800322000094/,종가 52.31 × 주식수 5612351809,5
Pfizer,PFE,2022Q3,2022-10-02,분기별 매출액,22638000000,USD,공시,https://www.sec.gov/Archives/edgar/data/78003/000007800322000101/,,5
Pfizer,PFE,2022Q3,2022-10-02,분기별 영업이익,미확인,USD,미확인,SEC companyfacts CIK0000078003: 해당 보고서에 OperatingIncomeLoss 태그 없음(영업이익 미공시) ; SEC companyfacts CIK0000078003: OperatingIncomeLoss 태그 없음(영업이익 미공시),,5
Pfizer,PFE,2022Q3,2022-10-02,분기별 당기순이익(지배),8608000000,USD,공시,https://www.sec.gov/Archives/edgar/data/78003/000007800322000101/,,5
Pfizer,PFE,2022Q3,2022-10-02,분기별 영업활동현금흐름,5974000000,USD,계산(누적차감),https://www.sec.gov/Archives/edgar/data/78003/000007800322000101/ ; https://www.sec.gov/Archives/edgar/data/78003/000007800322000094/,누적 20685000000 − 직전누적 14711000000 (시작 2022-01-01),5
Pfizer,PFE,2022Q3,2022-10-02,분기말 자산총계,195350000000,USD,공시,https://www.sec.gov/Archives/edgar/data/78003/000007800322000101/,,5
Pfizer,PFE,2022Q3,2022-10-02,분기말 부채총계,102459000000,USD,공시,https://www.sec.gov/Archives/edgar/data/78003/000007800322000101/,,5
Pfizer,PFE,2022Q3,2022-10-02,분기말 총자본(자기자본),92891000000,USD,공시,https://www.sec.gov/Archives/edgar/data/78003/000007800322000101/,,5
Pfizer,PFE,2022Q3,2022-10-02,분기말 지배지분 자본,92631000000,USD,공시,https://www.sec.gov/Archives/edgar/data/78003/000007800322000101/,,5
Pfizer,PFE,2022Q3,2022-09-30,분기말 종가,43.76,USD,API,https://query1.finance.yahoo.com/v8/finance/chart/PFE?interval=1d&events=splits (2022-09-30),,5
Pfizer,PFE,2022Q3,2022-11-04,분기말 상장주식수,5613314537,주,공시(표지 기준일),https://www.sec.gov/Archives/edgar/data/78003/000007800322000101/,dei:EntityCommonStockSharesOutstanding 클래스 합,5
Pfizer,PFE,2022Q3,2022-09-30,분기말 시가총액,245638644139,USD,계산(종가×주식수),https://query1.finance.yahoo.com/v8/finance/chart/PFE?interval=1d&events=splits (2022-09-30) ; https://www.sec.gov/Archives/edgar/data/78003/000007800322000101/,종가 43.76 × 주식수 5613314537,5
Pfizer,PFE,2022Q4,2022-12-31,분기별 매출액,24290000000,USD,계산(연간-3분기누적),https://www.sec.gov/Archives/edgar/data/78003/000007800323000024/ ; https://www.sec.gov/Archives/edgar/data/78003/000007800322000101/,연간 100330000000 − 9개월누적 76040000000 (Revenues / 9개월 RevenueFromContractWithCustomerExcludingAssessedTax),5
Pfizer,PFE,2022Q4,2022-12-31,분기별 영업이익,미확인,USD,미확인,SEC companyfacts CIK0000078003: 해당 보고서에 OperatingIncomeLoss 태그 없음(영업이익 미공시) ; SEC companyfacts CIK0000078003: OperatingIncomeLoss 태그 없음(영업이익 미공시),,5
Pfizer,PFE,2022Q4,2022-12-31,분기별 당기순이익(지배),4994000000,USD,계산(연간-3분기누적),https://www.sec.gov/Archives/edgar/data/78003/000007800323000024/ ; https://www.sec.gov/Archives/edgar/data/78003/000007800322000101/,연간 31372000000 − 9개월누적 26378000000 (NetIncomeLoss),5
Pfizer,PFE,2022Q4,2022-12-31,분기별 영업활동현금흐름,8582000000,USD,계산(누적차감),https://www.sec.gov/Archives/edgar/data/78003/000007800323000024/ ; https://www.sec.gov/Archives/edgar/data/78003/000007800322000101/,누적 29267000000 − 직전누적 20685000000 (시작 2022-01-01),5
Pfizer,PFE,2022Q4,2022-12-31,분기말 자산총계,197205000000,USD,공시,https://www.sec.gov/Archives/edgar/data/78003/000007800323000024/,,5
Pfizer,PFE,2022Q4,2022-12-31,분기말 부채총계,101288000000,USD,공시,https://www.sec.gov/Archives/edgar/data/78003/000007800323000024/,,5
Pfizer,PFE,2022Q4,2022-12-31,분기말 총자본(자기자본),95916000000,USD,공시,https://www.sec.gov/Archives/edgar/data/78003/000007800323000024/,,5
Pfizer,PFE,2022Q4,2022-12-31,분기말 지배지분 자본,95661000000,USD,공시,https://www.sec.gov/Archives/edgar/data/78003/000007800323000024/,,5
Pfizer,PFE,2022Q4,2022-12-30,분기말 종가,51.24,USD,API,https://query1.finance.yahoo.com/v8/finance/chart/PFE?interval=1d&events=splits (2022-12-30),,5
Pfizer,PFE,2022Q4,2023-02-21,분기말 상장주식수,5619074621,주,공시(표지 기준일),https://www.sec.gov/Archives/edgar/data/78003/000007800323000024/,dei:EntityCommonStockSharesOutstanding 클래스 합,5
Pfizer,PFE,2022Q4,2022-12-30,분기말 시가총액,287921383580,USD,계산(종가×주식수),https://query1.finance.yahoo.com/v8/finance/chart/PFE?interval=1d&events=splits (2022-12-30) ; https://www.sec.gov/Archives/edgar/data/78003/000007800323000024/,종가 51.24 × 주식수 5619074621,5
Pfizer,PFE,2023Q1,2023-04-02,분기별 매출액,18282000000,USD,공시,https://www.sec.gov/Archives/edgar/data/78003/000162828023017196/,,5
Pfizer,PFE,2023Q1,2023-04-02,분기별 영업이익,미확인,USD,미확인,SEC companyfacts CIK0000078003: 해당 보고서에 OperatingIncomeLoss 태그 없음(영업이익 미공시) ; SEC companyfacts CIK0000078003: OperatingIncomeLoss 태그 없음(영업이익 미공시),,5
Pfizer,PFE,2023Q1,2023-04-02,분기별 당기순이익(지배),5543000000,USD,공시,https://www.sec.gov/Archives/edgar/data/78003/000162828023017196/,,5
Pfizer,PFE,2023Q1,2023-04-02,분기별 영업활동현금흐름,1212000000,USD,공시,https://www.sec.gov/Archives/edgar/data/78003/000162828023017196/,,5
Pfizer,PFE,2023Q1,2023-04-02,분기말 자산총계,195617000000,USD,공시,https://www.sec.gov/Archives/edgar/data/78003/000162828023017196/,,5
Pfizer,PFE,2023Q1,2023-04-02,분기말 부채총계,94381000000,USD,공시,https://www.sec.gov/Archives/edgar/data/78003/000162828023017196/,,5
Pfizer,PFE,2023Q1,2023-04-02,분기말 총자본(자기자본),101236000000,USD,공시,https://www.sec.gov/Archives/edgar/data/78003/000162828023017196/,,5
Pfizer,PFE,2023Q1,2023-04-02,분기말 지배지분 자본,100970000000,USD,공시,https://www.sec.gov/Archives/edgar/data/78003/000162828023017196/,,5
Pfizer,PFE,2023Q1,2023-03-31,분기말 종가,40.8,USD,API,https://query1.finance.yahoo.com/v8/finance/chart/PFE?interval=1d&events=splits (2023-03-31),,5
Pfizer,PFE,2023Q1,2023-05-05,분기말 상장주식수,5645307020,주,공시(표지 기준일),https://www.sec.gov/Archives/edgar/data/78003/000162828023017196/,dei:EntityCommonStockSharesOutstanding 클래스 합,5
Pfizer,PFE,2023Q1,2023-03-31,분기말 시가총액,230328526416,USD,계산(종가×주식수),https://query1.finance.yahoo.com/v8/finance/chart/PFE?interval=1d&events=splits (2023-03-31) ; https://www.sec.gov/Archives/edgar/data/78003/000162828023017196/,종가 40.8 × 주식수 5645307020,5
Pfizer,PFE,2023Q2,2023-07-02,분기별 매출액,12734000000,USD,공시,https://www.sec.gov/Archives/edgar/data/78003/000007800323000088/,,5
Pfizer,PFE,2023Q2,2023-07-02,분기별 영업이익,미확인,USD,미확인,SEC companyfacts CIK0000078003: 해당 보고서에 OperatingIncomeLoss 태그 없음(영업이익 미공시) ; SEC companyfacts CIK0000078003: OperatingIncomeLoss 태그 없음(영업이익 미공시),,5
Pfizer,PFE,2023Q2,2023-07-02,분기별 당기순이익(지배),2327000000,USD,공시,https://www.sec.gov/Archives/edgar/data/78003/000007800323000088/,,5
Pfizer,PFE,2023Q2,2023-07-02,분기별 영업활동현금흐름,-1208000000,USD,계산(누적차감),https://www.sec.gov/Archives/edgar/data/78003/000007800323000088/ ; https://www.sec.gov/Archives/edgar/data/78003/000162828023017196/,누적 4000000 − 직전누적 1212000000 (시작 2023-01-01),5
Pfizer,PFE,2023Q2,2023-07-02,분기말 자산총계,220168000000,USD,공시,https://www.sec.gov/Archives/edgar/data/78003/000007800323000088/,,5
Pfizer,PFE,2023Q2,2023-07-02,분기말 부채총계,120875000000,USD,공시,https://www.sec.gov/Archives/edgar/data/78003/000007800323000088/,,5
Pfizer,PFE,2023Q2,2023-07-02,분기말 총자본(자기자본),99293000000,USD,공시,https://www.sec.gov/Archives/edgar/data/78003/000007800323000088/,,5
Pfizer,PFE,2023Q2,2023-07-02,분기말 지배지분 자본,99019000000,USD,공시,https://www.sec.gov/Archives/edgar/data/78003/000007800323000088/,,5
Pfizer,PFE,2023Q2,2023-06-30,분기말 종가,36.68,USD,API,https://query1.finance.yahoo.com/v8/finance/chart/PFE?interval=1d&events=splits (2023-06-30),,5
Pfizer,PFE,2023Q2,2023-08-04,분기말 상장주식수,5645959570,주,공시(표지 기준일),https://www.sec.gov/Archives/edgar/data/78003/000007800323000088/,dei:EntityCommonStockSharesOutstanding 클래스 합,5
Pfizer,PFE,2023Q2,2023-06-30,분기말 시가총액,207093797028,USD,계산(종가×주식수),https://query1.finance.yahoo.com/v8/finance/chart/PFE?interval=1d&events=splits (2023-06-30) ; https://www.sec.gov/Archives/edgar/data/78003/000007800323000088/,종가 36.68 × 주식수 5645959570,5
Pfizer,PFE,2023Q3,2023-10-01,분기별 매출액,13232000000,USD,공시,https://www.sec.gov/Archives/edgar/data/78003/000007800323000115/,,5
Pfizer,PFE,2023Q3,2023-10-01,분기별 영업이익,미확인,USD,미확인,SEC companyfacts CIK0000078003: 해당 보고서에 OperatingIncomeLoss 태그 없음(영업이익 미공시) ; SEC companyfacts CIK0000078003: OperatingIncomeLoss 태그 없음(영업이익 미공시),,5
Pfizer,PFE,2023Q3,2023-10-01,분기별 당기순이익(지배),-2382000000,USD,공시,https://www.sec.gov/Archives/edgar/data/78003/000007800323000115/,,5
Pfizer,PFE,2023Q3,2023-10-01,분기별 영업활동현금흐름,3456000000,USD,계산(누적차감),https://www.sec.gov/Archives/edgar/data/78003/000007800323000115/ ; https://www.sec.gov/Archives/edgar/data/78003/000007800323000088/,누적 3460000000 − 직전누적 4000000 (시작 2023-01-01),5
Pfizer,PFE,2023Q3,2023-10-01,분기말 자산총계,215021000000,USD,공시,https://www.sec.gov/Archives/edgar/data/78003/000007800323000115/,,5
Pfizer,PFE,2023Q3,2023-10-01,분기말 부채총계,117817000000,USD,공시,https://www.sec.gov/Archives/edgar/data/78003/000007800323000115/,,5
Pfizer,PFE,2023Q3,2023-10-01,분기말 총자본(자기자본),97204000000,USD,공시,https://www.sec.gov/Archives/edgar/data/78003/000007800323000115/,,5
Pfizer,PFE,2023Q3,2023-10-01,분기말 지배지분 자본,96934000000,USD,공시,https://www.sec.gov/Archives/edgar/data/78003/000007800323000115/,,5
Pfizer,PFE,2023Q3,2023-09-29,분기말 종가,33.17,USD,API,https://query1.finance.yahoo.com/v8/finance/chart/PFE?interval=1d&events=splits (2023-09-29),,5
Pfizer,PFE,2023Q3,2023-11-03,분기말 상장주식수,5646413292,주,공시(표지 기준일),https://www.sec.gov/Archives/edgar/data/78003/000007800323000115/,dei:EntityCommonStockSharesOutstanding 클래스 합,5
Pfizer,PFE,2023Q3,2023-09-29,분기말 시가총액,187291528896,USD,계산(종가×주식수),https://query1.finance.yahoo.com/v8/finance/chart/PFE?interval=1d&events=splits (2023-09-29) ; https://www.sec.gov/Archives/edgar/data/78003/000007800323000115/,종가 33.17 × 주식수 5646413292,5
Pfizer,PFE,2023Q4,2023-12-31,분기별 매출액,14249000000,USD,계산(연간-3분기누적),https://www.sec.gov/Archives/edgar/data/78003/000007800324000039/ ; https://www.sec.gov/Archives/edgar/data/78003/000007800323000115/,연간 58496000000 − 9개월누적 44247000000 (Revenues),5
Pfizer,PFE,2023Q4,2023-12-31,분기별 영업이익,미확인,USD,미확인,SEC companyfacts CIK0000078003: 해당 보고서에 OperatingIncomeLoss 태그 없음(영업이익 미공시) ; SEC companyfacts CIK0000078003: OperatingIncomeLoss 태그 없음(영업이익 미공시),,5
Pfizer,PFE,2023Q4,2023-12-31,분기별 당기순이익(지배),-3369000000,USD,계산(연간-3분기누적),https://www.sec.gov/Archives/edgar/data/78003/000007800324000039/ ; https://www.sec.gov/Archives/edgar/data/78003/000007800323000115/,연간 2119000000 − 9개월누적 5488000000 (NetIncomeLoss),5
Pfizer,PFE,2023Q4,2023-12-31,분기별 영업활동현금흐름,5240000000,USD,계산(누적차감),https://www.sec.gov/Archives/edgar/data/78003/000007800324000039/ ; https://www.sec.gov/Archives/edgar/data/78003/000007800323000115/,누적 8700000000 − 직전누적 3460000000 (시작 2023-01-01),5
Pfizer,PFE,2023Q4,2023-12-31,분기말 자산총계,226501000000,USD,공시,https://www.sec.gov/Archives/edgar/data/78003/000007800324000039/,,5
Pfizer,PFE,2023Q4,2023-12-31,분기말 부채총계,137213000000,USD,공시,https://www.sec.gov/Archives/edgar/data/78003/000007800324000039/,,5
Pfizer,PFE,2023Q4,2023-12-31,분기말 총자본(자기자본),89288000000,USD,공시,https://www.sec.gov/Archives/edgar/data/78003/000007800324000039/,,5
Pfizer,PFE,2023Q4,2023-12-31,분기말 지배지분 자본,89014000000,USD,공시,https://www.sec.gov/Archives/edgar/data/78003/000007800324000039/,,5
Pfizer,PFE,2023Q4,2023-12-29,분기말 종가,28.79,USD,API,https://query1.finance.yahoo.com/v8/finance/chart/PFE?interval=1d&events=splits (2023-12-29),,5
Pfizer,PFE,2023Q4,2024-02-15,분기말 상장주식수,5646778425,주,공시(표지 기준일),https://www.sec.gov/Archives/edgar/data/78003/000007800324000039/,dei:EntityCommonStockSharesOutstanding 클래스 합,5
Pfizer,PFE,2023Q4,2023-12-29,분기말 시가총액,162570750856,USD,계산(종가×주식수),https://query1.finance.yahoo.com/v8/finance/chart/PFE?interval=1d&events=splits (2023-12-29) ; https://www.sec.gov/Archives/edgar/data/78003/000007800324000039/,종가 28.79 × 주식수 5646778425,5
Pfizer,PFE,2024Q1,2024-03-31,분기별 매출액,14879000000,USD,공시,https://www.sec.gov/Archives/edgar/data/78003/000007800324000107/,,5
Pfizer,PFE,2024Q1,2024-03-31,분기별 영업이익,미확인,USD,미확인,SEC companyfacts CIK0000078003: 해당 보고서에 OperatingIncomeLoss 태그 없음(영업이익 미공시) ; SEC companyfacts CIK0000078003: OperatingIncomeLoss 태그 없음(영업이익 미공시),,5
Pfizer,PFE,2024Q1,2024-03-31,분기별 당기순이익(지배),3115000000,USD,공시,https://www.sec.gov/Archives/edgar/data/78003/000007800324000107/,,5
Pfizer,PFE,2024Q1,2024-03-31,분기별 영업활동현금흐름,1090000000,USD,공시,https://www.sec.gov/Archives/edgar/data/78003/000007800324000107/,,5
Pfizer,PFE,2024Q1,2024-03-31,분기말 자산총계,221095000000,USD,공시,https://www.sec.gov/Archives/edgar/data/78003/000007800324000107/,,5
Pfizer,PFE,2024Q1,2024-03-31,분기말 부채총계,128537000000,USD,공시,https://www.sec.gov/Archives/edgar/data/78003/000007800324000107/,,5
Pfizer,PFE,2024Q1,2024-03-31,분기말 총자본(자기자본),92558000000,USD,공시,https://www.sec.gov/Archives/edgar/data/78003/000007800324000107/,,5
Pfizer,PFE,2024Q1,2024-03-31,분기말 지배지분 자본,92282000000,USD,공시,https://www.sec.gov/Archives/edgar/data/78003/000007800324000107/,,5
Pfizer,PFE,2024Q1,2024-03-28,분기말 종가,27.75,USD,API,https://query1.finance.yahoo.com/v8/finance/chart/PFE?interval=1d&events=splits (2024-03-28),,5
Pfizer,PFE,2024Q1,2024-05-03,분기말 상장주식수,5666592898,주,공시(표지 기준일),https://www.sec.gov/Archives/edgar/data/78003/000007800324000107/,dei:EntityCommonStockSharesOutstanding 클래스 합,5
Pfizer,PFE,2024Q1,2024-03-28,분기말 시가총액,157247952920,USD,계산(종가×주식수),https://query1.finance.yahoo.com/v8/finance/chart/PFE?interval=1d&events=splits (2024-03-28) ; https://www.sec.gov/Archives/edgar/data/78003/000007800324000107/,종가 27.75 × 주식수 5666592898,5
Pfizer,PFE,2024Q2,2024-06-30,분기별 매출액,13283000000,USD,공시,https://www.sec.gov/Archives/edgar/data/78003/000007800324000166/,,5
Pfizer,PFE,2024Q2,2024-06-30,분기별 영업이익,미확인,USD,미확인,SEC companyfacts CIK0000078003: 해당 보고서에 OperatingIncomeLoss 태그 없음(영업이익 미공시) ; SEC companyfacts CIK0000078003: OperatingIncomeLoss 태그 없음(영업이익 미공시),,5
Pfizer,PFE,2024Q2,2024-06-30,분기별 당기순이익(지배),41000000,USD,공시,https://www.sec.gov/Archives/edgar/data/78003/000007800324000166/,,5
Pfizer,PFE,2024Q2,2024-06-30,분기별 영업활동현금흐름,-1781000000,USD,계산(누적차감),https://www.sec.gov/Archives/edgar/data/78003/000007800324000166/ ; https://www.sec.gov/Archives/edgar/data/78003/000007800324000107/,누적 -691000000 − 직전누적 1090000000 (시작 2024-01-01),5
Pfizer,PFE,2024Q2,2024-06-30,분기말 자산총계,216193000000,USD,공시,https://www.sec.gov/Archives/edgar/data/78003/000007800324000166/,,5
Pfizer,PFE,2024Q2,2024-06-30,분기말 부채총계,128218000000,USD,공시,https://www.sec.gov/Archives/edgar/data/78003/000007800324000166/,,5
Pfizer,PFE,2024Q2,2024-06-30,분기말 총자본(자기자본),87975000000,USD,공시,https://www.sec.gov/Archives/edgar/data/78003/000007800324000166/,,5
Pfizer,PFE,2024Q2,2024-06-30,분기말 지배지분 자본,87700000000,USD,공시,https://www.sec.gov/Archives/edgar/data/78003/000007800324000166/,,5
Pfizer,PFE,2024Q2,2024-06-28,분기말 종가,27.98,USD,API,https://query1.finance.yahoo.com/v8/finance/chart/PFE?interval=1d&events=splits (2024-06-28),,5
Pfizer,PFE,2024Q2,2024-07-31,분기말 상장주식수,5666695064,주,공시(표지 기준일),https://www.sec.gov/Archives/edgar/data/78003/000007800324000166/,dei:EntityCommonStockSharesOutstanding 클래스 합,5
Pfizer,PFE,2024Q2,2024-06-28,분기말 시가총액,158554127891,USD,계산(종가×주식수),https://query1.finance.yahoo.com/v8/finance/chart/PFE?interval=1d&events=splits (2024-06-28) ; https://www.sec.gov/Archives/edgar/data/78003/000007800324000166/,종가 27.98 × 주식수 5666695064,5
Pfizer,PFE,2024Q3,2024-09-29,분기별 매출액,17702000000,USD,공시,https://www.sec.gov/Archives/edgar/data/78003/000007800324000191/,,5
Pfizer,PFE,2024Q3,2024-09-29,분기별 영업이익,미확인,USD,미확인,SEC companyfacts CIK0000078003: 해당 보고서에 OperatingIncomeLoss 태그 없음(영업이익 미공시) ; SEC companyfacts CIK0000078003: OperatingIncomeLoss 태그 없음(영업이익 미공시),,5
Pfizer,PFE,2024Q3,2024-09-29,분기별 당기순이익(지배),4465000000,USD,공시,https://www.sec.gov/Archives/edgar/data/78003/000007800324000191/,,5
Pfizer,PFE,2024Q3,2024-09-29,분기별 영업활동현금흐름,6714000000,USD,계산(누적차감),https://www.sec.gov/Archives/edgar/data/78003/000007800324000191/ ; https://www.sec.gov/Archives/edgar/data/78003/000007800324000166/,누적 6023000000 − 직전누적 -691000000 (시작 2024-01-01),5
Pfizer,PFE,2024Q3,2024-09-29,분기말 자산총계,219476000000,USD,공시,https://www.sec.gov/Archives/edgar/data/78003/000007800324000191/,,5
Pfizer,PFE,2024Q3,2024-09-29,분기말 부채총계,126918000000,USD,공시,https://www.sec.gov/Archives/edgar/data/78003/000007800324000191/,,5
Pfizer,PFE,2024Q3,2024-09-29,분기말 총자본(자기자본),92558000000,USD,공시,https://www.sec.gov/Archives/edgar/data/78003/000007800324000191/,,5
Pfizer,PFE,2024Q3,2024-09-29,분기말 지배지분 자본,92286000000,USD,공시,https://www.sec.gov/Archives/edgar/data/78003/000007800324000191/,,5
Pfizer,PFE,2024Q3,2024-09-27,분기말 종가,29.09,USD,API,https://query1.finance.yahoo.com/v8/finance/chart/PFE?interval=1d&events=splits (2024-09-27),,5
Pfizer,PFE,2024Q3,2024-10-30,분기말 상장주식수,5666990035,주,공시(표지 기준일),https://www.sec.gov/Archives/edgar/data/78003/000007800324000191/,dei:EntityCommonStockSharesOutstanding 클래스 합,5
Pfizer,PFE,2024Q3,2024-09-27,분기말 시가총액,164852740118,USD,계산(종가×주식수),https://query1.finance.yahoo.com/v8/finance/chart/PFE?interval=1d&events=splits (2024-09-27) ; https://www.sec.gov/Archives/edgar/data/78003/000007800324000191/,종가 29.09 × 주식수 5666990035,5
Pfizer,PFE,2024Q4,2024-12-31,분기별 매출액,17763000000,USD,계산(연간-3분기누적),https://www.sec.gov/Archives/edgar/data/78003/000007800325000054/ ; https://www.sec.gov/Archives/edgar/data/78003/000007800324000191/,연간 63627000000 − 9개월누적 45864000000 (Revenues),5
Pfizer,PFE,2024Q4,2024-12-31,분기별 영업이익,미확인,USD,미확인,SEC companyfacts CIK0000078003: 해당 보고서에 OperatingIncomeLoss 태그 없음(영업이익 미공시) ; SEC companyfacts CIK0000078003: OperatingIncomeLoss 태그 없음(영업이익 미공시),,5
Pfizer,PFE,2024Q4,2024-12-31,분기별 당기순이익(지배),410000000,USD,계산(연간-3분기누적),https://www.sec.gov/Archives/edgar/data/78003/000007800325000054/ ; https://www.sec.gov/Archives/edgar/data/78003/000007800324000191/,연간 8031000000 − 9개월누적 7621000000 (NetIncomeLoss),5
Pfizer,PFE,2024Q4,2024-12-31,분기별 영업활동현금흐름,6721000000,USD,계산(누적차감),https://www.sec.gov/Archives/edgar/data/78003/000007800325000054/ ; https://www.sec.gov/Archives/edgar/data/78003/000007800324000191/,누적 12744000000 − 직전누적 6023000000 (시작 2024-01-01),5
Pfizer,PFE,2024Q4,2024-12-31,분기말 자산총계,213396000000,USD,공시,https://www.sec.gov/Archives/edgar/data/78003/000007800325000054/,,5
Pfizer,PFE,2024Q4,2024-12-31,분기말 부채총계,124899000000,USD,공시,https://www.sec.gov/Archives/edgar/data/78003/000007800325000054/,,5
Pfizer,PFE,2024Q4,2024-12-31,분기말 총자본(자기자본),88497000000,USD,공시,https://www.sec.gov/Archives/edgar/data/78003/000007800325000054/,,5
Pfizer,PFE,2024Q4,2024-12-31,분기말 지배지분 자본,88203000000,USD,공시,https://www.sec.gov/Archives/edgar/data/78003/000007800325000054/,,5
Pfizer,PFE,2024Q4,2024-12-31,분기말 종가,26.53,USD,API,https://query1.finance.yahoo.com/v8/finance/chart/PFE?interval=1d&events=splits (2024-12-31),,5
Pfizer,PFE,2024Q4,2025-02-20,분기말 상장주식수,5667340414,주,공시(표지 기준일),https://www.sec.gov/Archives/edgar/data/78003/000007800325000054/,dei:EntityCommonStockSharesOutstanding 클래스 합,5
Pfizer,PFE,2024Q4,2024-12-31,분기말 시가총액,150354541183,USD,계산(종가×주식수),https://query1.finance.yahoo.com/v8/finance/chart/PFE?interval=1d&events=splits (2024-12-31) ; https://www.sec.gov/Archives/edgar/data/78003/000007800325000054/,종가 26.53 × 주식수 5667340414,5
Pfizer,PFE,2025Q1,2025-03-30,분기별 매출액,13715000000,USD,공시,https://www.sec.gov/Archives/edgar/data/78003/000007800325000114/,,5
Pfizer,PFE,2025Q1,2025-03-30,분기별 영업이익,미확인,USD,미확인,SEC companyfacts CIK0000078003: 해당 보고서에 OperatingIncomeLoss 태그 없음(영업이익 미공시) ; SEC companyfacts CIK0000078003: OperatingIncomeLoss 태그 없음(영업이익 미공시),,5
Pfizer,PFE,2025Q1,2025-03-30,분기별 당기순이익(지배),2967000000,USD,공시,https://www.sec.gov/Archives/edgar/data/78003/000007800325000114/,,5
Pfizer,PFE,2025Q1,2025-03-30,분기별 영업활동현금흐름,2335000000,USD,공시,https://www.sec.gov/Archives/edgar/data/78003/000007800325000114/,,5
Pfizer,PFE,2025Q1,2025-03-30,분기말 자산총계,208028000000,USD,공시,https://www.sec.gov/Archives/edgar/data/78003/000007800325000114/,,5
Pfizer,PFE,2025Q1,2025-03-30,분기말 부채총계,117391000000,USD,공시,https://www.sec.gov/Archives/edgar/data/78003/000007800325000114/,,5
Pfizer,PFE,2025Q1,2025-03-30,분기말 총자본(자기자본),90637000000,USD,공시,https://www.sec.gov/Archives/edgar/data/78003/000007800325000114/,,5
Pfizer,PFE,2025Q1,2025-03-30,분기말 지배지분 자본,90338000000,USD,공시,https://www.sec.gov/Archives/edgar/data/78003/000007800325000114/,,5
Pfizer,PFE,2025Q1,2025-03-28,분기말 종가,25.21,USD,API,https://query1.finance.yahoo.com/v8/finance/chart/PFE?interval=1d&events=splits (2025-03-28),,5
Pfizer,PFE,2025Q1,2025-04-30,분기말 상장주식수,5685365587,주,공시(표지 기준일),https://www.sec.gov/Archives/edgar/data/78003/000007800325000114/,dei:EntityCommonStockSharesOutstanding 클래스 합,5
Pfizer,PFE,2025Q1,2025-03-28,분기말 시가총액,143328066448,USD,계산(종가×주식수),https://query1.finance.yahoo.com/v8/finance/chart/PFE?interval=1d&events=splits (2025-03-28) ; https://www.sec.gov/Archives/edgar/data/78003/000007800325000114/,종가 25.21 × 주식수 5685365587,5
Pfizer,PFE,2025Q2,2025-06-29,분기별 매출액,14653000000,USD,공시,https://www.sec.gov/Archives/edgar/data/78003/000007800325000138/,,5
Pfizer,PFE,2025Q2,2025-06-29,분기별 영업이익,미확인,USD,미확인,SEC companyfacts CIK0000078003: 해당 보고서에 OperatingIncomeLoss 태그 없음(영업이익 미공시) ; SEC companyfacts CIK0000078003: OperatingIncomeLoss 태그 없음(영업이익 미공시),,5
Pfizer,PFE,2025Q2,2025-06-29,분기별 당기순이익(지배),2910000000,USD,공시,https://www.sec.gov/Archives/edgar/data/78003/000007800325000138/,,5
Pfizer,PFE,2025Q2,2025-06-29,분기별 영업활동현금흐름,-582000000,USD,계산(누적차감),https://www.sec.gov/Archives/edgar/data/78003/000007800325000138/ ; https://www.sec.gov/Archives/edgar/data/78003/000007800325000114/,누적 1753000000 − 직전누적 2335000000 (시작 2025-01-01),5
Pfizer,PFE,2025Q2,2025-06-29,분기말 자산총계,206095000000,USD,공시,https://www.sec.gov/Archives/edgar/data/78003/000007800325000138/,,5
Pfizer,PFE,2025Q2,2025-06-29,분기말 부채총계,117083000000,USD,공시,https://www.sec.gov/Archives/edgar/data/78003/000007800325000138/,,5
Pfizer,PFE,2025Q2,2025-06-29,분기말 총자본(자기자본),89012000000,USD,공시,https://www.sec.gov/Archives/edgar/data/78003/000007800325000138/,,5
Pfizer,PFE,2025Q2,2025-06-29,분기말 지배지분 자본,88695000000,USD,공시,https://www.sec.gov/Archives/edgar/data/78003/000007800325000138/,,5
Pfizer,PFE,2025Q2,2025-06-27,분기말 종가,24.19,USD,API,https://query1.finance.yahoo.com/v8/finance/chart/PFE?interval=1d&events=splits (2025-06-27),,5
Pfizer,PFE,2025Q2,2025-07-30,분기말 상장주식수,5685550500,주,공시(표지 기준일),https://www.sec.gov/Archives/edgar/data/78003/000007800325000138/,dei:EntityCommonStockSharesOutstanding 클래스 합,5
Pfizer,PFE,2025Q2,2025-06-27,분기말 시가총액,137533466595,USD,계산(종가×주식수),https://query1.finance.yahoo.com/v8/finance/chart/PFE?interval=1d&events=splits (2025-06-27) ; https://www.sec.gov/Archives/edgar/data/78003/000007800325000138/,종가 24.19 × 주식수 5685550500,5
Pfizer,PFE,2025Q3,2025-09-28,분기별 매출액,16654000000,USD,공시,https://www.sec.gov/Archives/edgar/data/78003/000007800325000150/,,5
Pfizer,PFE,2025Q3,2025-09-28,분기별 영업이익,미확인,USD,미확인,SEC companyfacts CIK0000078003: 해당 보고서에 OperatingIncomeLoss 태그 없음(영업이익 미공시) ; SEC companyfacts CIK0000078003: OperatingIncomeLoss 태그 없음(영업이익 미공시),,5
Pfizer,PFE,2025Q3,2025-09-28,분기별 당기순이익(지배),3541000000,USD,공시,https://www.sec.gov/Archives/edgar/data/78003/000007800325000150/,,5
Pfizer,PFE,2025Q3,2025-09-28,분기별 영업활동현금흐름,4603000000,USD,계산(누적차감),https://www.sec.gov/Archives/edgar/data/78003/000007800325000150/ ; https://www.sec.gov/Archives/edgar/data/78003/000007800325000138/,누적 6356000000 − 직전누적 1753000000 (시작 2025-01-01),5
Pfizer,PFE,2025Q3,2025-09-28,분기말 자산총계,208731000000,USD,공시,https://www.sec.gov/Archives/edgar/data/78003/000007800325000150/,,5
Pfizer,PFE,2025Q3,2025-09-28,분기말 부채총계,115635000000,USD,공시,https://www.sec.gov/Archives/edgar/data/78003/000007800325000150/,,5
Pfizer,PFE,2025Q3,2025-09-28,분기말 총자본(자기자본),93096000000,USD,공시,https://www.sec.gov/Archives/edgar/data/78003/000007800325000150/,,5
Pfizer,PFE,2025Q3,2025-09-28,분기말 지배지분 자본,92801000000,USD,공시,https://www.sec.gov/Archives/edgar/data/78003/000007800325000150/,,5
Pfizer,PFE,2025Q3,2025-09-26,분기말 종가,23.76,USD,API,https://query1.finance.yahoo.com/v8/finance/chart/PFE?interval=1d&events=splits (2025-09-26),,5
Pfizer,PFE,2025Q3,2025-10-29,분기말 상장주식수,5685707552,주,공시(표지 기준일),https://www.sec.gov/Archives/edgar/data/78003/000007800325000150/,dei:EntityCommonStockSharesOutstanding 클래스 합,5
Pfizer,PFE,2025Q3,2025-09-26,분기말 시가총액,135092411436,USD,계산(종가×주식수),https://query1.finance.yahoo.com/v8/finance/chart/PFE?interval=1d&events=splits (2025-09-26) ; https://www.sec.gov/Archives/edgar/data/78003/000007800325000150/,종가 23.76 × 주식수 5685707552,5
Pfizer,PFE,2025Q4,2025-12-31,분기별 매출액,17557000000,USD,계산(연간-3분기누적),https://www.sec.gov/Archives/edgar/data/78003/000007800326000026/ ; https://www.sec.gov/Archives/edgar/data/78003/000007800325000150/,연간 62579000000 − 9개월누적 45022000000 (Revenues),5
Pfizer,PFE,2025Q4,2025-12-31,분기별 영업이익,미확인,USD,미확인,SEC companyfacts CIK0000078003: 해당 보고서에 OperatingIncomeLoss 태그 없음(영업이익 미공시) ; SEC companyfacts CIK0000078003: OperatingIncomeLoss 태그 없음(영업이익 미공시),,5
Pfizer,PFE,2025Q4,2025-12-31,분기별 당기순이익(지배),-1648000000,USD,계산(연간-3분기누적),https://www.sec.gov/Archives/edgar/data/78003/000007800326000026/ ; https://www.sec.gov/Archives/edgar/data/78003/000007800325000150/,연간 7771000000 − 9개월누적 9419000000 (NetIncomeLoss),5
Pfizer,PFE,2025Q4,2025-12-31,분기별 영업활동현금흐름,5348000000,USD,계산(누적차감),https://www.sec.gov/Archives/edgar/data/78003/000007800326000026/ ; https://www.sec.gov/Archives/edgar/data/78003/000007800325000150/,누적 11704000000 − 직전누적 6356000000 (시작 2025-01-01),5
Pfizer,PFE,2025Q4,2025-12-31,분기말 자산총계,208160000000,USD,공시,https://www.sec.gov/Archives/edgar/data/78003/000007800326000026/,,5
Pfizer,PFE,2025Q4,2025-12-31,분기말 부채총계,121385000000,USD,공시,https://www.sec.gov/Archives/edgar/data/78003/000007800326000026/,,5
Pfizer,PFE,2025Q4,2025-12-31,분기말 총자본(자기자본),86775000000,USD,공시,https://www.sec.gov/Archives/edgar/data/78003/000007800326000026/,,5
Pfizer,PFE,2025Q4,2025-12-31,분기말 지배지분 자본,86476000000,USD,공시,https://www.sec.gov/Archives/edgar/data/78003/000007800326000026/,,5
Pfizer,PFE,2025Q4,2025-12-31,분기말 종가,24.9,USD,API,https://query1.finance.yahoo.com/v8/finance/chart/PFE?interval=1d&events=splits (2025-12-31),,5
Pfizer,PFE,2025Q4,2026-02-19,분기말 상장주식수,5686267431,주,공시(표지 기준일),https://www.sec.gov/Archives/edgar/data/78003/000007800326000026/,dei:EntityCommonStockSharesOutstanding 클래스 합,5
Pfizer,PFE,2025Q4,2025-12-31,분기말 시가총액,141588059032,USD,계산(종가×주식수),https://query1.finance.yahoo.com/v8/finance/chart/PFE?interval=1d&events=splits (2025-12-31) ; https://www.sec.gov/Archives/edgar/data/78003/000007800326000026/,종가 24.9 × 주식수 5686267431,5
Pfizer,PFE,2026Q1,2026-03-29,분기별 매출액,14451000000,USD,공시,https://www.sec.gov/Archives/edgar/data/78003/000007800326000054/,,5
Pfizer,PFE,2026Q1,2026-03-29,분기별 영업이익,미확인,USD,미확인,SEC companyfacts CIK0000078003: 해당 보고서에 OperatingIncomeLoss 태그 없음(영업이익 미공시) ; SEC companyfacts CIK0000078003: OperatingIncomeLoss 태그 없음(영업이익 미공시),,5
Pfizer,PFE,2026Q1,2026-03-29,분기별 당기순이익(지배),2687000000,USD,공시,https://www.sec.gov/Archives/edgar/data/78003/000007800326000054/,,5
Pfizer,PFE,2026Q1,2026-03-29,분기별 영업활동현금흐름,2615000000,USD,공시,https://www.sec.gov/Archives/edgar/data/78003/000007800326000054/,,5
Pfizer,PFE,2026Q1,2026-03-29,분기말 자산총계,207618000000,USD,공시,https://www.sec.gov/Archives/edgar/data/78003/000007800326000054/,,5
Pfizer,PFE,2026Q1,2026-03-29,분기말 부채총계,117214000000,USD,공시,https://www.sec.gov/Archives/edgar/data/78003/000007800326000054/,,5
Pfizer,PFE,2026Q1,2026-03-29,분기말 총자본(자기자본),90404000000,USD,공시,https://www.sec.gov/Archives/edgar/data/78003/000007800326000054/,,5
Pfizer,PFE,2026Q1,2026-03-29,분기말 지배지분 자본,90101000000,USD,공시,https://www.sec.gov/Archives/edgar/data/78003/000007800326000054/,,5
Pfizer,PFE,2026Q1,2026-03-27,분기말 종가,27.04,USD,API,https://query1.finance.yahoo.com/v8/finance/chart/PFE?interval=1d&events=splits (2026-03-27),,5
Pfizer,PFE,2026Q1,2026-04-29,분기말 상장주식수,5699444169,주,공시(표지 기준일),https://www.sec.gov/Archives/edgar/data/78003/000007800326000054/,dei:EntityCommonStockSharesOutstanding 클래스 합,5
Pfizer,PFE,2026Q1,2026-03-27,분기말 시가총액,154112970330,USD,계산(종가×주식수),https://query1.finance.yahoo.com/v8/finance/chart/PFE?interval=1d&events=splits (2026-03-27) ; https://www.sec.gov/Archives/edgar/data/78003/000007800326000054/,종가 27.04 × 주식수 5699444169,5
Pfizer,PFE,2026Q2,2026-06-28,분기별 매출액,15034000000,USD,공시,https://www.sec.gov/Archives/edgar/data/78003/000007800326000095/,,5
Pfizer,PFE,2026Q2,2026-06-28,분기별 영업이익,미확인,USD,미확인,SEC companyfacts CIK0000078003: 해당 보고서에 OperatingIncomeLoss 태그 없음(영업이익 미공시) ; SEC companyfacts CIK0000078003: OperatingIncomeLoss 태그 없음(영업이익 미공시),,5
Pfizer,PFE,2026Q2,2026-06-28,분기별 당기순이익(지배),-248000000,USD,공시,https://www.sec.gov/Archives/edgar/data/78003/000007800326000095/,,5
Pfizer,PFE,2026Q2,2026-06-28,분기별 영업활동현금흐름,835000000,USD,계산(누적차감),https://www.sec.gov/Archives/edgar/data/78003/000007800326000095/ ; https://www.sec.gov/Archives/edgar/data/78003/000007800326000054/,누적 3450000000 − 직전누적 2615000000 (시작 2026-01-01),5
Pfizer,PFE,2026Q2,2026-06-28,분기말 자산총계,201131000000,USD,공시,https://www.sec.gov/Archives/edgar/data/78003/000007800326000095/,,5
Pfizer,PFE,2026Q2,2026-06-28,분기말 부채총계,115639000000,USD,공시,https://www.sec.gov/Archives/edgar/data/78003/000007800326000095/,,5
Pfizer,PFE,2026Q2,2026-06-28,분기말 총자본(자기자본),85492000000,USD,공시,https://www.sec.gov/Archives/edgar/data/78003/000007800326000095/,,5
Pfizer,PFE,2026Q2,2026-06-28,분기말 지배지분 자본,85190000000,USD,공시,https://www.sec.gov/Archives/edgar/data/78003/000007800326000095/,,5
Pfizer,PFE,2026Q2,2026-06-26,분기말 종가,24.29,USD,API,https://query1.finance.yahoo.com/v8/finance/chart/PFE?interval=1d&events=splits (2026-06-26),,5
Pfizer,PFE,2026Q2,2026-07-29,분기말 상장주식수,5699673589,주,공시(표지 기준일),https://www.sec.gov/Archives/edgar/data/78003/000007800326000095/,dei:EntityCommonStockSharesOutstanding 클래스 합,5
Pfizer,PFE,2026Q2,2026-06-26,분기말 시가총액,138445071477,USD,계산(종가×주식수),https://query1.finance.yahoo.com/v8/finance/chart/PFE?interval=1d&events=splits (2026-06-26) ; https://www.sec.gov/Archives/edgar/data/78003/000007800326000095/,종가 24.29 × 주식수 5699673589,5
