기업,종목코드,기간,기준일,항목,값,통화,값구분,출처,검산,라운드
Snap-on,SNA,2010Q1,2010-04-03,분기별 매출액,621600000,USD,공시(후속 보고서 비교기간),https://www.sec.gov/Archives/edgar/data/91440/000119312511104737/,SalesRevenueNet ; 그 분기 보고서에 연결 총계가 없어 2011-04-21 제출본의 비교기간에서 읽었다,19
Snap-on,SNA,2010Q1,2010-04-03,분기별 영업이익,70000000,USD,공시(후속 보고서 비교기간),https://www.sec.gov/Archives/edgar/data/91440/000119312511104737/,OperatingIncomeLoss ; 그 분기 보고서에 연결 총계가 없어 2011-04-21 제출본의 비교기간에서 읽었다,19
Snap-on,SNA,2010Q1,2010-04-03,분기별 당기순이익(지배),36800000,USD,공시(후속 보고서 비교기간),https://www.sec.gov/Archives/edgar/data/91440/000119312511104737/,NetIncomeLoss ; 그 분기 보고서에 연결 총계가 없어 2011-04-21 제출본의 비교기간에서 읽었다,19
Snap-on,SNA,2010Q1,2010-04-03,분기별 영업활동현금흐름,미확인,USD,미확인,https://www.sec.gov/Archives/edgar/data/91440/000119312510089810/,,19
Snap-on,SNA,2010Q1,2010-04-03,분기말 자산총계,미확인,USD,미확인,https://www.sec.gov/Archives/edgar/data/91440/000119312510089810/,,19
Snap-on,SNA,2010Q1,2010-04-03,분기말 부채총계,미확인,USD,미확인,https://www.sec.gov/Archives/edgar/data/91440/000119312510089810/,,19
Snap-on,SNA,2010Q1,2010-04-03,분기말 총자본(자기자본),미확인,USD,미확인,https://www.sec.gov/Archives/edgar/data/91440/000119312510089810/,,19
Snap-on,SNA,2010Q1,2010-04-03,분기말 지배지분 자본,미확인,USD,미확인,https://www.sec.gov/Archives/edgar/data/91440/000119312510089810/,,19
Snap-on,SNA,2010Q1,2010-04-01,분기말 종가,43.67,USD,API,https://query1.finance.yahoo.com/v8/finance/chart/SNA?interval=1d&events=splits (2010-04-01),,19
Snap-on,SNA,2010Q1,2010-04-03,분기말 상장주식수,미확인,,미확인,SEC companyfacts·XBRL 원문 모두 dei 표지 주식수 없음,,19
Snap-on,SNA,2010Q1,2010-04-03,분기말 시가총액,미확인,,미확인,SEC companyfacts·XBRL 원문 모두 dei 표지 주식수 없음,,19
Snap-on,SNA,2010Q2,2010-07-03,분기별 매출액,647600000,USD,공시,https://www.sec.gov/Archives/edgar/data/91440/000119312510168916/,,19
Snap-on,SNA,2010Q2,2010-07-03,분기별 영업이익,80700000,USD,공시,https://www.sec.gov/Archives/edgar/data/91440/000119312510168916/,,19
Snap-on,SNA,2010Q2,2010-07-03,분기별 당기순이익(지배),45300000,USD,공시,https://www.sec.gov/Archives/edgar/data/91440/000119312510168916/,,19
Snap-on,SNA,2010Q2,2010-07-03,분기별 영업활동현금흐름,데이터 없음(직전 분기 누적 보고서 없음),USD,데이터 없음(직전 보고서 없음),https://www.sec.gov/Archives/edgar/data/91440/000119312510168916/,,19
Snap-on,SNA,2010Q2,2010-07-03,분기말 자산총계,3313300000,USD,공시,https://www.sec.gov/Archives/edgar/data/91440/000119312510168916/,,19
Snap-on,SNA,2010Q2,2010-07-03,분기말 부채총계,2049000000,USD,공시,https://www.sec.gov/Archives/edgar/data/91440/000119312510168916/,,19
Snap-on,SNA,2010Q2,2010-07-03,분기말 총자본(자기자본),1264300000,USD,공시,https://www.sec.gov/Archives/edgar/data/91440/000119312510168916/,,19
Snap-on,SNA,2010Q2,2010-07-03,분기말 지배지분 자본,1248700000,USD,공시,https://www.sec.gov/Archives/edgar/data/91440/000119312510168916/,,19
Snap-on,SNA,2010Q2,2010-07-02,분기말 종가,40.36,USD,API,https://query1.finance.yahoo.com/v8/finance/chart/SNA?interval=1d&events=splits (2010-07-02),,19
Snap-on,SNA,2010Q2,2010-07-23,분기말 상장주식수,58094741,주,공시(표지 기준일),https://www.sec.gov/Archives/edgar/data/91440/000119312510168916/,dei:EntityCommonStockSharesOutstanding 클래스 합,19
Snap-on,SNA,2010Q2,2010-07-02,분기말 시가총액,2344703747,USD,계산(종가×주식수),https://query1.finance.yahoo.com/v8/finance/chart/SNA?interval=1d&events=splits (2010-07-02) ; https://www.sec.gov/Archives/edgar/data/91440/000119312510168916/,종가 40.36 × 주식수 58094741,19
Snap-on,SNA,2010Q3,2010-10-02,분기별 매출액,653100000,USD,공시,https://www.sec.gov/Archives/edgar/data/91440/000119312510234336/,,19
Snap-on,SNA,2010Q3,2010-10-02,분기별 영업이익,83800000,USD,공시,https://www.sec.gov/Archives/edgar/data/91440/000119312510234336/,,19
Snap-on,SNA,2010Q3,2010-10-02,분기별 당기순이익(지배),46500000,USD,공시,https://www.sec.gov/Archives/edgar/data/91440/000119312510234336/,,19
Snap-on,SNA,2010Q3,2010-10-02,분기별 영업활동현금흐름,10200000,USD,계산(누적차감),https://www.sec.gov/Archives/edgar/data/91440/000119312510234336/ ; https://www.sec.gov/Archives/edgar/data/91440/000119312510168916/,누적 76100000 − 직전누적 65900000 (시작 2010-01-03),19
Snap-on,SNA,2010Q3,2010-10-02,분기말 자산총계,3457800000,USD,공시,https://www.sec.gov/Archives/edgar/data/91440/000119312510234336/,,19
Snap-on,SNA,2010Q3,2010-10-02,분기말 부채총계,2060900000,USD,공시,https://www.sec.gov/Archives/edgar/data/91440/000119312510234336/,,19
Snap-on,SNA,2010Q3,2010-10-02,분기말 총자본(자기자본),1396900000,USD,공시,https://www.sec.gov/Archives/edgar/data/91440/000119312510234336/,,19
Snap-on,SNA,2010Q3,2010-10-02,분기말 지배지분 자본,1381300000,USD,공시,https://www.sec.gov/Archives/edgar/data/91440/000119312510234336/,,19
Snap-on,SNA,2010Q3,2010-10-01,분기말 종가,46.64,USD,API,https://query1.finance.yahoo.com/v8/finance/chart/SNA?interval=1d&events=splits (2010-10-01),,19
Snap-on,SNA,2010Q3,2010-10-15,분기말 상장주식수,58157515,주,공시(표지 기준일),https://www.sec.gov/Archives/edgar/data/91440/000119312510234336/,dei:EntityCommonStockSharesOutstanding 클래스 합,19
Snap-on,SNA,2010Q3,2010-10-01,분기말 시가총액,2712466500,USD,계산(종가×주식수),https://query1.finance.yahoo.com/v8/finance/chart/SNA?interval=1d&events=splits (2010-10-01) ; https://www.sec.gov/Archives/edgar/data/91440/000119312510234336/,종가 46.64 × 주식수 58157515,19
Snap-on,SNA,2010Q4,2011-01-01,분기별 매출액,696900000,USD,계산(연간-3분기누적),https://www.sec.gov/Archives/edgar/data/91440/000119312511038686/ ; https://www.sec.gov/Archives/edgar/data/91440/000119312510234336/,연간 2619200000 − 9개월누적 1922300000 (SalesRevenueNet),19
Snap-on,SNA,2010Q4,2011-01-01,분기별 영업이익,96900000,USD,계산(연간-3분기누적),https://www.sec.gov/Archives/edgar/data/91440/000119312511038686/ ; https://www.sec.gov/Archives/edgar/data/91440/000119312510234336/,연간 331400000 − 9개월누적 234500000 (OperatingIncomeLoss),19
Snap-on,SNA,2010Q4,2011-01-01,분기별 당기순이익(지배),57900000,USD,계산(연간-3분기누적),https://www.sec.gov/Archives/edgar/data/91440/000119312511038686/ ; https://www.sec.gov/Archives/edgar/data/91440/000119312510234336/,연간 186500000 − 9개월누적 128600000 (NetIncomeLoss),19
Snap-on,SNA,2010Q4,2011-01-01,분기별 영업활동현금흐름,64300000,USD,계산(누적차감),https://www.sec.gov/Archives/edgar/data/91440/000119312511038686/ ; https://www.sec.gov/Archives/edgar/data/91440/000119312510234336/,누적 140400000 − 직전누적 76100000 (시작 2010-01-03),19
Snap-on,SNA,2010Q4,2011-01-01,분기말 자산총계,3729400000,USD,공시,https://www.sec.gov/Archives/edgar/data/91440/000119312511038686/,,19
Snap-on,SNA,2010Q4,2011-01-01,분기말 부채총계,2325000000,USD,공시,https://www.sec.gov/Archives/edgar/data/91440/000119312511038686/,,19
Snap-on,SNA,2010Q4,2011-01-01,분기말 총자본(자기자본),1404400000,USD,공시,https://www.sec.gov/Archives/edgar/data/91440/000119312511038686/,,19
Snap-on,SNA,2010Q4,2011-01-01,분기말 지배지분 자본,1388500000,USD,공시,https://www.sec.gov/Archives/edgar/data/91440/000119312511038686/,,19
Snap-on,SNA,2010Q4,2010-12-31,분기말 종가,56.58,USD,API,https://query1.finance.yahoo.com/v8/finance/chart/SNA?interval=1d&events=splits (2010-12-31),,19
Snap-on,SNA,2010Q4,2011-02-11,분기말 상장주식수,58284971,주,공시(표지 기준일),https://www.sec.gov/Archives/edgar/data/91440/000119312511038686/,dei:EntityCommonStockSharesOutstanding 클래스 합,19
Snap-on,SNA,2010Q4,2010-12-31,분기말 시가총액,3297763659,USD,계산(종가×주식수),https://query1.finance.yahoo.com/v8/finance/chart/SNA?interval=1d&events=splits (2010-12-31) ; https://www.sec.gov/Archives/edgar/data/91440/000119312511038686/,종가 56.58 × 주식수 58284971,19
Snap-on,SNA,2011Q1,2011-04-02,분기별 매출액,693700000,USD,공시,https://www.sec.gov/Archives/edgar/data/91440/000119312511104737/,,19
Snap-on,SNA,2011Q1,2011-04-02,분기별 영업이익,99800000,USD,공시,https://www.sec.gov/Archives/edgar/data/91440/000119312511104737/,,19
Snap-on,SNA,2011Q1,2011-04-02,분기별 당기순이익(지배),56200000,USD,공시,https://www.sec.gov/Archives/edgar/data/91440/000119312511104737/,,19
Snap-on,SNA,2011Q1,2011-04-02,분기별 영업활동현금흐름,27900000,USD,공시,https://www.sec.gov/Archives/edgar/data/91440/000119312511104737/,,19
Snap-on,SNA,2011Q1,2011-04-02,분기말 자산총계,3840000000,USD,공시,https://www.sec.gov/Archives/edgar/data/91440/000119312511104737/,,19
Snap-on,SNA,2011Q1,2011-04-02,분기말 부채총계,2334400000,USD,공시,https://www.sec.gov/Archives/edgar/data/91440/000119312511104737/,,19
Snap-on,SNA,2011Q1,2011-04-02,분기말 총자본(자기자본),1505600000,USD,공시,https://www.sec.gov/Archives/edgar/data/91440/000119312511104737/,,19
Snap-on,SNA,2011Q1,2011-04-02,분기말 지배지분 자본,1489700000,USD,공시,https://www.sec.gov/Archives/edgar/data/91440/000119312511104737/,,19
Snap-on,SNA,2011Q1,2011-04-01,분기말 종가,61.08,USD,API,https://query1.finance.yahoo.com/v8/finance/chart/SNA?interval=1d&events=splits (2011-04-01),,19
Snap-on,SNA,2011Q1,2011-04-15,분기말 상장주식수,58197452,주,공시(표지 기준일),https://www.sec.gov/Archives/edgar/data/91440/000119312511104737/,dei:EntityCommonStockSharesOutstanding 클래스 합,19
Snap-on,SNA,2011Q1,2011-04-01,분기말 시가총액,3554700368,USD,계산(종가×주식수),https://query1.finance.yahoo.com/v8/finance/chart/SNA?interval=1d&events=splits (2011-04-01) ; https://www.sec.gov/Archives/edgar/data/91440/000119312511104737/,종가 61.08 × 주식수 58197452,19
Snap-on,SNA,2011Q2,2011-07-02,분기별 매출액,726700000,USD,공시,https://www.sec.gov/Archives/edgar/data/91440/000119312511193355/,,19
Snap-on,SNA,2011Q2,2011-07-02,분기별 영업이익,134300000,USD,공시,https://www.sec.gov/Archives/edgar/data/91440/000119312511193355/,,19
Snap-on,SNA,2011Q2,2011-07-02,분기별 당기순이익(지배),78000000,USD,공시,https://www.sec.gov/Archives/edgar/data/91440/000119312511193355/,,19
Snap-on,SNA,2011Q2,2011-07-02,분기별 영업활동현금흐름,-13700000,USD,계산(누적차감),https://www.sec.gov/Archives/edgar/data/91440/000119312511193355/ ; https://www.sec.gov/Archives/edgar/data/91440/000119312511104737/,누적 14200000 − 직전누적 27900000 (시작 2011-01-02),19
Snap-on,SNA,2011Q2,2011-07-02,분기말 자산총계,3826500000,USD,공시,https://www.sec.gov/Archives/edgar/data/91440/000119312511193355/,,19
Snap-on,SNA,2011Q2,2011-07-02,분기말 부채총계,2243600000,USD,공시,https://www.sec.gov/Archives/edgar/data/91440/000119312511193355/,,19
Snap-on,SNA,2011Q2,2011-07-02,분기말 총자본(자기자본),1582900000,USD,공시,https://www.sec.gov/Archives/edgar/data/91440/000119312511193355/,,19
Snap-on,SNA,2011Q2,2011-07-02,분기말 지배지분 자본,1566600000,USD,공시,https://www.sec.gov/Archives/edgar/data/91440/000119312511193355/,,19
Snap-on,SNA,2011Q2,2011-07-01,분기말 종가,63.63,USD,API,https://query1.finance.yahoo.com/v8/finance/chart/SNA?interval=1d&events=splits (2011-07-01),,19
Snap-on,SNA,2011Q2,2011-07-15,분기말 상장주식수,58193741,주,공시(표지 기준일),https://www.sec.gov/Archives/edgar/data/91440/000119312511193355/,dei:EntityCommonStockSharesOutstanding 클래스 합,19
Snap-on,SNA,2011Q2,2011-07-01,분기말 시가총액,3702867740,USD,계산(종가×주식수),https://query1.finance.yahoo.com/v8/finance/chart/SNA?interval=1d&events=splits (2011-07-01) ; https://www.sec.gov/Archives/edgar/data/91440/000119312511193355/,종가 63.63 × 주식수 58193741,19
Snap-on,SNA,2011Q3,2011-10-01,분기별 매출액,697200000,USD,공시,https://www.sec.gov/Archives/edgar/data/91440/000119312511275890/,,19
Snap-on,SNA,2011Q3,2011-10-01,분기별 영업이익,115100000,USD,공시,https://www.sec.gov/Archives/edgar/data/91440/000119312511275890/,,19
Snap-on,SNA,2011Q3,2011-10-01,분기별 당기순이익(지배),67800000,USD,공시,https://www.sec.gov/Archives/edgar/data/91440/000119312511275890/,,19
Snap-on,SNA,2011Q3,2011-10-01,분기별 영업활동현금흐름,42000000,USD,계산(누적차감),https://www.sec.gov/Archives/edgar/data/91440/000119312511275890/ ; https://www.sec.gov/Archives/edgar/data/91440/000119312511193355/,누적 56200000 − 직전누적 14200000 (시작 2011-01-02),19
Snap-on,SNA,2011Q3,2011-10-01,분기말 자산총계,3630100000,USD,공시,https://www.sec.gov/Archives/edgar/data/91440/000119312511275890/,,19
Snap-on,SNA,2011Q3,2011-10-01,분기말 부채총계,2055900000,USD,공시,https://www.sec.gov/Archives/edgar/data/91440/000119312511275890/,,19
Snap-on,SNA,2011Q3,2011-10-01,분기말 총자본(자기자본),1574200000,USD,공시,https://www.sec.gov/Archives/edgar/data/91440/000119312511275890/,,19
Snap-on,SNA,2011Q3,2011-10-01,분기말 지배지분 자본,1557900000,USD,공시,https://www.sec.gov/Archives/edgar/data/91440/000119312511275890/,,19
Snap-on,SNA,2011Q3,2011-09-30,분기말 종가,44.4,USD,API,https://query1.finance.yahoo.com/v8/finance/chart/SNA?interval=1d&events=splits (2011-09-30),,19
Snap-on,SNA,2011Q3,2011-10-14,분기말 상장주식수,58176102,주,공시(표지 기준일),https://www.sec.gov/Archives/edgar/data/91440/000119312511275890/,dei:EntityCommonStockSharesOutstanding 클래스 합,19
Snap-on,SNA,2011Q3,2011-09-30,분기말 시가총액,2583018929,USD,계산(종가×주식수),https://query1.finance.yahoo.com/v8/finance/chart/SNA?interval=1d&events=splits (2011-09-30) ; https://www.sec.gov/Archives/edgar/data/91440/000119312511275890/,종가 44.4 × 주식수 58176102,19
Snap-on,SNA,2011Q4,2011-12-31,분기별 매출액,860900000,USD,계산(연간-3분기누적),https://www.sec.gov/Archives/edgar/data/91440/000119312512064510/ ; https://www.sec.gov/Archives/edgar/data/91440/000119312511275890/,연간 2978500000 − 9개월누적 2117600000 (Revenues / 9개월 SalesRevenueNet),19
Snap-on,SNA,2011Q4,2011-12-31,분기별 영업이익,125900000,USD,계산(연간-3분기누적),https://www.sec.gov/Archives/edgar/data/91440/000119312512064510/ ; https://www.sec.gov/Archives/edgar/data/91440/000119312511275890/,연간 475100000 − 9개월누적 349200000 (OperatingIncomeLoss),19
Snap-on,SNA,2011Q4,2011-12-31,분기별 당기순이익(지배),74300000,USD,계산(연간-3분기누적),https://www.sec.gov/Archives/edgar/data/91440/000119312512064510/ ; https://www.sec.gov/Archives/edgar/data/91440/000119312511275890/,연간 276300000 − 9개월누적 202000000 (NetIncomeLoss),19
Snap-on,SNA,2011Q4,2011-12-31,분기별 영업활동현금흐름,72300000,USD,계산(누적차감),https://www.sec.gov/Archives/edgar/data/91440/000119312512064510/ ; https://www.sec.gov/Archives/edgar/data/91440/000119312511275890/,누적 128500000 − 직전누적 56200000 (시작 2011-01-02),19
Snap-on,SNA,2011Q4,2011-12-31,분기말 자산총계,3672900000,USD,공시,https://www.sec.gov/Archives/edgar/data/91440/000119312512064510/,,19
Snap-on,SNA,2011Q4,2011-12-31,분기말 부채총계,2125600000,USD,공시,https://www.sec.gov/Archives/edgar/data/91440/000119312512064510/,,19
Snap-on,SNA,2011Q4,2011-12-31,분기말 총자본(자기자본),1547300000,USD,공시,https://www.sec.gov/Archives/edgar/data/91440/000119312512064510/,,19
Snap-on,SNA,2011Q4,2011-12-31,분기말 지배지분 자본,1530900000,USD,공시,https://www.sec.gov/Archives/edgar/data/91440/000119312512064510/,,19
Snap-on,SNA,2011Q4,2011-12-30,분기말 종가,50.62,USD,API,https://query1.finance.yahoo.com/v8/finance/chart/SNA?interval=1d&events=splits (2011-12-30),,19
Snap-on,SNA,2011Q4,2012-02-10,분기말 상장주식수,58394314,주,공시(표지 기준일),https://www.sec.gov/Archives/edgar/data/91440/000119312512064510/,dei:EntityCommonStockSharesOutstanding 클래스 합,19
Snap-on,SNA,2011Q4,2011-12-30,분기말 시가총액,2955920175,USD,계산(종가×주식수),https://query1.finance.yahoo.com/v8/finance/chart/SNA?interval=1d&events=splits (2011-12-30) ; https://www.sec.gov/Archives/edgar/data/91440/000119312512064510/,종가 50.62 × 주식수 58394314,19
Snap-on,SNA,2012Q1,2012-03-31,분기별 매출액,735200000,USD,공시,https://www.sec.gov/Archives/edgar/data/91440/000119312512170165/,,19
Snap-on,SNA,2012Q1,2012-03-31,분기별 영업이익,121400000,USD,공시,https://www.sec.gov/Archives/edgar/data/91440/000119312512170165/,,19
Snap-on,SNA,2012Q1,2012-03-31,분기별 당기순이익(지배),71000000,USD,공시,https://www.sec.gov/Archives/edgar/data/91440/000119312512170165/,,19
Snap-on,SNA,2012Q1,2012-03-31,분기별 영업활동현금흐름,65000000,USD,공시,https://www.sec.gov/Archives/edgar/data/91440/000119312512170165/,,19
Snap-on,SNA,2012Q1,2012-03-31,분기말 자산총계,3709900000,USD,공시,https://www.sec.gov/Archives/edgar/data/91440/000119312512170165/,,19
Snap-on,SNA,2012Q1,2012-03-31,분기말 부채총계,2090000000,USD,공시,https://www.sec.gov/Archives/edgar/data/91440/000119312512170165/,,19
Snap-on,SNA,2012Q1,2012-03-31,분기말 총자본(자기자본),1619900000,USD,공시,https://www.sec.gov/Archives/edgar/data/91440/000119312512170165/,,19
Snap-on,SNA,2012Q1,2012-03-31,분기말 지배지분 자본,1603400000,USD,공시,https://www.sec.gov/Archives/edgar/data/91440/000119312512170165/,,19
Snap-on,SNA,2012Q1,2012-03-30,분기말 종가,60.97,USD,API,https://query1.finance.yahoo.com/v8/finance/chart/SNA?interval=1d&events=splits (2012-03-30),,19
Snap-on,SNA,2012Q1,2012-04-13,분기말 상장주식수,58104624,주,공시(표지 기준일),https://www.sec.gov/Archives/edgar/data/91440/000119312512170165/,dei:EntityCommonStockSharesOutstanding 클래스 합,19
Snap-on,SNA,2012Q1,2012-03-30,분기말 시가총액,3542638925,USD,계산(종가×주식수),https://query1.finance.yahoo.com/v8/finance/chart/SNA?interval=1d&events=splits (2012-03-30) ; https://www.sec.gov/Archives/edgar/data/91440/000119312512170165/,종가 60.97 × 주식수 58104624,19
Snap-on,SNA,2012Q2,2012-06-30,분기별 매출액,737900000,USD,공시,https://www.sec.gov/Archives/edgar/data/91440/000119312512307088/,,19
Snap-on,SNA,2012Q2,2012-06-30,분기별 영업이익,130200000,USD,공시,https://www.sec.gov/Archives/edgar/data/91440/000119312512307088/,,19
Snap-on,SNA,2012Q2,2012-06-30,분기별 당기순이익(지배),76400000,USD,공시,https://www.sec.gov/Archives/edgar/data/91440/000119312512307088/,,19
Snap-on,SNA,2012Q2,2012-06-30,분기별 영업활동현금흐름,91700000,USD,계산(누적차감),https://www.sec.gov/Archives/edgar/data/91440/000119312512307088/ ; https://www.sec.gov/Archives/edgar/data/91440/000119312512170165/,누적 156700000 − 직전누적 65000000 (시작 2012-01-01),19
Snap-on,SNA,2012Q2,2012-06-30,분기말 자산총계,3741700000,USD,공시,https://www.sec.gov/Archives/edgar/data/91440/000119312512307088/,,19
Snap-on,SNA,2012Q2,2012-06-30,분기말 부채총계,2091800000,USD,공시,https://www.sec.gov/Archives/edgar/data/91440/000119312512307088/,,19
Snap-on,SNA,2012Q2,2012-06-30,분기말 총자본(자기자본),1649900000,USD,공시,https://www.sec.gov/Archives/edgar/data/91440/000119312512307088/,,19
Snap-on,SNA,2012Q2,2012-06-30,분기말 지배지분 자본,1633400000,USD,공시,https://www.sec.gov/Archives/edgar/data/91440/000119312512307088/,,19
Snap-on,SNA,2012Q2,2012-06-29,분기말 종가,62.25,USD,API,https://query1.finance.yahoo.com/v8/finance/chart/SNA?interval=1d&events=splits (2012-06-29),,19
Snap-on,SNA,2012Q2,2012-07-13,분기말 상장주식수,58160400,주,공시(표지 기준일),https://www.sec.gov/Archives/edgar/data/91440/000119312512307088/,dei:EntityCommonStockSharesOutstanding 클래스 합,19
Snap-on,SNA,2012Q2,2012-06-29,분기말 시가총액,3620484900,USD,계산(종가×주식수),https://query1.finance.yahoo.com/v8/finance/chart/SNA?interval=1d&events=splits (2012-06-29) ; https://www.sec.gov/Archives/edgar/data/91440/000119312512307088/,종가 62.25 × 주식수 58160400,19
Snap-on,SNA,2012Q3,2012-09-29,분기별 매출액,711600000,USD,공시,https://www.sec.gov/Archives/edgar/data/91440/000119312512426871/,,19
Snap-on,SNA,2012Q3,2012-09-29,분기별 영업이익,124100000,USD,공시,https://www.sec.gov/Archives/edgar/data/91440/000119312512426871/,,19
Snap-on,SNA,2012Q3,2012-09-29,분기별 당기순이익(지배),74100000,USD,공시,https://www.sec.gov/Archives/edgar/data/91440/000119312512426871/,,19
Snap-on,SNA,2012Q3,2012-09-29,분기별 영업활동현금흐름,69700000,USD,계산(누적차감),https://www.sec.gov/Archives/edgar/data/91440/000119312512426871/ ; https://www.sec.gov/Archives/edgar/data/91440/000119312512307088/,누적 226400000 − 직전누적 156700000 (시작 2012-01-01),19
Snap-on,SNA,2012Q3,2012-09-29,분기말 자산총계,3871900000,USD,공시,https://www.sec.gov/Archives/edgar/data/91440/000119312512426871/,,19
Snap-on,SNA,2012Q3,2012-09-29,분기말 부채총계,2115600000,USD,공시,https://www.sec.gov/Archives/edgar/data/91440/000119312512426871/,,19
Snap-on,SNA,2012Q3,2012-09-29,분기말 총자본(자기자본),1756300000,USD,공시,https://www.sec.gov/Archives/edgar/data/91440/000119312512426871/,,19
Snap-on,SNA,2012Q3,2012-09-29,분기말 지배지분 자본,1739700000,USD,공시,https://www.sec.gov/Archives/edgar/data/91440/000119312512426871/,,19
Snap-on,SNA,2012Q3,2012-09-28,분기말 종가,71.87,USD,API,https://query1.finance.yahoo.com/v8/finance/chart/SNA?interval=1d&events=splits (2012-09-28),,19
Snap-on,SNA,2012Q3,2012-10-12,분기말 상장주식수,58231199,주,공시(표지 기준일),https://www.sec.gov/Archives/edgar/data/91440/000119312512426871/,dei:EntityCommonStockSharesOutstanding 클래스 합,19
Snap-on,SNA,2012Q3,2012-09-28,분기말 시가총액,4185076272,USD,계산(종가×주식수),https://query1.finance.yahoo.com/v8/finance/chart/SNA?interval=1d&events=splits (2012-09-28) ; https://www.sec.gov/Archives/edgar/data/91440/000119312512426871/,종가 71.87 × 주식수 58231199,19
Snap-on,SNA,2012Q4,2012-12-29,분기별 매출액,914500000,USD,계산(연간-3분기누적),https://www.sec.gov/Archives/edgar/data/91440/000119312513058193/ ; https://www.sec.gov/Archives/edgar/data/91440/000119312512426871/,연간 3099200000 − 9개월누적 2184700000 (Revenues / 9개월 SalesRevenueNet),19
Snap-on,SNA,2012Q4,2012-12-29,분기별 영업이익,140700000,USD,계산(연간-3분기누적),https://www.sec.gov/Archives/edgar/data/91440/000119312513058193/ ; https://www.sec.gov/Archives/edgar/data/91440/000119312512426871/,연간 516400000 − 9개월누적 375700000 (OperatingIncomeLoss),19
Snap-on,SNA,2012Q4,2012-12-29,분기별 당기순이익(지배),84600000,USD,계산(연간-3분기누적),https://www.sec.gov/Archives/edgar/data/91440/000119312513058193/ ; https://www.sec.gov/Archives/edgar/data/91440/000119312512426871/,연간 306100000 − 9개월누적 221500000 (NetIncomeLoss),19
Snap-on,SNA,2012Q4,2012-12-29,분기별 영업활동현금흐름,102900000,USD,계산(누적차감),https://www.sec.gov/Archives/edgar/data/91440/000119312513058193/ ; https://www.sec.gov/Archives/edgar/data/91440/000119312512426871/,누적 329300000 − 직전누적 226400000 (시작 2012-01-01),19
Snap-on,SNA,2012Q4,2012-12-29,분기말 자산총계,3902300000,USD,공시,https://www.sec.gov/Archives/edgar/data/91440/000119312513058193/,,19
Snap-on,SNA,2012Q4,2012-12-29,분기말 부채총계,2083300000,USD,공시,https://www.sec.gov/Archives/edgar/data/91440/000119312513058193/,,19
Snap-on,SNA,2012Q4,2012-12-29,분기말 총자본(자기자본),1819000000,USD,공시,https://www.sec.gov/Archives/edgar/data/91440/000119312513058193/,,19
Snap-on,SNA,2012Q4,2012-12-29,분기말 지배지분 자본,1802100000,USD,공시,https://www.sec.gov/Archives/edgar/data/91440/000119312513058193/,,19
Snap-on,SNA,2012Q4,2012-12-28,분기말 종가,77.34,USD,API,https://query1.finance.yahoo.com/v8/finance/chart/SNA?interval=1d&events=splits (2012-12-28),,19
Snap-on,SNA,2012Q4,2013-02-08,분기말 상장주식수,58271454,주,공시(표지 기준일),https://www.sec.gov/Archives/edgar/data/91440/000119312513058193/,dei:EntityCommonStockSharesOutstanding 클래스 합,19
Snap-on,SNA,2012Q4,2012-12-28,분기말 시가총액,4506714252,USD,계산(종가×주식수),https://query1.finance.yahoo.com/v8/finance/chart/SNA?interval=1d&events=splits (2012-12-28) ; https://www.sec.gov/Archives/edgar/data/91440/000119312513058193/,종가 77.34 × 주식수 58271454,19
Snap-on,SNA,2013Q1,2013-03-30,분기별 매출액,785700000,USD,공시,https://www.sec.gov/Archives/edgar/data/91440/000119312513160206/,,19
Snap-on,SNA,2013Q1,2013-03-30,분기별 영업이익,138300000,USD,공시,https://www.sec.gov/Archives/edgar/data/91440/000119312513160206/,,19
Snap-on,SNA,2013Q1,2013-03-30,분기별 당기순이익(지배),82800000,USD,공시,https://www.sec.gov/Archives/edgar/data/91440/000119312513160206/,,19
Snap-on,SNA,2013Q1,2013-03-30,분기별 영업활동현금흐름,75700000,USD,공시,https://www.sec.gov/Archives/edgar/data/91440/000119312513160206/,,19
Snap-on,SNA,2013Q1,2013-03-30,분기말 자산총계,3903200000,USD,공시,https://www.sec.gov/Archives/edgar/data/91440/000119312513160206/,,19
Snap-on,SNA,2013Q1,2013-03-30,분기말 부채총계,2056800000,USD,공시,https://www.sec.gov/Archives/edgar/data/91440/000119312513160206/,,19
Snap-on,SNA,2013Q1,2013-03-30,분기말 총자본(자기자본),1846400000,USD,공시,https://www.sec.gov/Archives/edgar/data/91440/000119312513160206/,,19
Snap-on,SNA,2013Q1,2013-03-30,분기말 지배지분 자본,1829500000,USD,공시,https://www.sec.gov/Archives/edgar/data/91440/000119312513160206/,,19
Snap-on,SNA,2013Q1,2013-03-28,분기말 종가,82.7,USD,API,https://query1.finance.yahoo.com/v8/finance/chart/SNA?interval=1d&events=splits (2013-03-28),,19
Snap-on,SNA,2013Q1,2013-04-12,분기말 상장주식수,58272882,주,공시(표지 기준일),https://www.sec.gov/Archives/edgar/data/91440/000119312513160206/,dei:EntityCommonStockSharesOutstanding 클래스 합,19
Snap-on,SNA,2013Q1,2013-03-28,분기말 시가총액,4819167341,USD,계산(종가×주식수),https://query1.finance.yahoo.com/v8/finance/chart/SNA?interval=1d&events=splits (2013-03-28) ; https://www.sec.gov/Archives/edgar/data/91440/000119312513160206/,종가 82.7 × 주식수 58272882,19
Snap-on,SNA,2013Q2,2013-06-29,분기별 매출액,808600000,USD,공시,https://www.sec.gov/Archives/edgar/data/91440/000119312513293944/,,19
Snap-on,SNA,2013Q2,2013-06-29,분기별 영업이익,148400000,USD,공시,https://www.sec.gov/Archives/edgar/data/91440/000119312513293944/,,19
Snap-on,SNA,2013Q2,2013-06-29,분기별 당기순이익(지배),88400000,USD,공시,https://www.sec.gov/Archives/edgar/data/91440/000119312513293944/,,19
Snap-on,SNA,2013Q2,2013-06-29,분기별 영업활동현금흐름,110100000,USD,계산(누적차감),https://www.sec.gov/Archives/edgar/data/91440/000119312513293944/ ; https://www.sec.gov/Archives/edgar/data/91440/000119312513160206/,누적 185800000 − 직전누적 75700000 (시작 2012-12-30),19
Snap-on,SNA,2013Q2,2013-06-29,분기말 자산총계,3961500000,USD,공시,https://www.sec.gov/Archives/edgar/data/91440/000119312513293944/,,19
Snap-on,SNA,2013Q2,2013-06-29,분기말 부채총계,2065600000,USD,공시,https://www.sec.gov/Archives/edgar/data/91440/000119312513293944/,,19
Snap-on,SNA,2013Q2,2013-06-29,분기말 총자본(자기자본),1895900000,USD,공시,https://www.sec.gov/Archives/edgar/data/91440/000119312513293944/,,19
Snap-on,SNA,2013Q2,2013-06-29,분기말 지배지분 자본,1878800000,USD,공시,https://www.sec.gov/Archives/edgar/data/91440/000119312513293944/,,19
Snap-on,SNA,2013Q2,2013-06-28,분기말 종가,89.38,USD,API,https://query1.finance.yahoo.com/v8/finance/chart/SNA?interval=1d&events=splits (2013-06-28),,19
Snap-on,SNA,2013Q2,2013-07-12,분기말 상장주식수,58169131,주,공시(표지 기준일),https://www.sec.gov/Archives/edgar/data/91440/000119312513293944/,dei:EntityCommonStockSharesOutstanding 클래스 합,19
Snap-on,SNA,2013Q2,2013-06-28,분기말 시가총액,5199156929,USD,계산(종가×주식수),https://query1.finance.yahoo.com/v8/finance/chart/SNA?interval=1d&events=splits (2013-06-28) ; https://www.sec.gov/Archives/edgar/data/91440/000119312513293944/,종가 89.38 × 주식수 58169131,19
Snap-on,SNA,2013Q3,2013-09-28,분기별 매출액,798300000,USD,공시,https://www.sec.gov/Archives/edgar/data/91440/000119312513401902/,,19
Snap-on,SNA,2013Q3,2013-09-28,분기별 영업이익,142900000,USD,공시,https://www.sec.gov/Archives/edgar/data/91440/000119312513401902/,,19
Snap-on,SNA,2013Q3,2013-09-28,분기별 당기순이익(지배),84600000,USD,공시,https://www.sec.gov/Archives/edgar/data/91440/000119312513401902/,,19
Snap-on,SNA,2013Q3,2013-09-28,분기별 영업활동현금흐름,84300000,USD,계산(누적차감),https://www.sec.gov/Archives/edgar/data/91440/000119312513401902/ ; https://www.sec.gov/Archives/edgar/data/91440/000119312513293944/,누적 270100000 − 직전누적 185800000 (시작 2012-12-30),19
Snap-on,SNA,2013Q3,2013-09-28,분기말 자산총계,4101000000,USD,공시,https://www.sec.gov/Archives/edgar/data/91440/000119312513401902/,,19
Snap-on,SNA,2013Q3,2013-09-28,분기말 부채총계,2094900000,USD,공시,https://www.sec.gov/Archives/edgar/data/91440/000119312513401902/,,19
Snap-on,SNA,2013Q3,2013-09-28,분기말 총자본(자기자본),2006100000,USD,공시,https://www.sec.gov/Archives/edgar/data/91440/000119312513401902/,,19
Snap-on,SNA,2013Q3,2013-09-28,분기말 지배지분 자본,1989200000,USD,공시,https://www.sec.gov/Archives/edgar/data/91440/000119312513401902/,,19
Snap-on,SNA,2013Q3,2013-09-27,분기말 종가,99.72,USD,API,https://query1.finance.yahoo.com/v8/finance/chart/SNA?interval=1d&events=splits (2013-09-27),,19
Snap-on,SNA,2013Q3,2013-10-11,분기말 상장주식수,58149740,주,공시(표지 기준일),https://www.sec.gov/Archives/edgar/data/91440/000119312513401902/,dei:EntityCommonStockSharesOutstanding 클래스 합,19
Snap-on,SNA,2013Q3,2013-09-27,분기말 시가총액,5798692073,USD,계산(종가×주식수),https://query1.finance.yahoo.com/v8/finance/chart/SNA?interval=1d&events=splits (2013-09-27) ; https://www.sec.gov/Archives/edgar/data/91440/000119312513401902/,종가 99.72 × 주식수 58149740,19
Snap-on,SNA,2013Q4,2013-12-28,분기별 매출액,844900000,USD,계산(연간-3분기누적),https://www.sec.gov/Archives/edgar/data/91440/000119312514054235/ ; https://www.sec.gov/Archives/edgar/data/91440/000119312513401902/,연간 3237500000 − 9개월누적 2392600000 (Revenues),19
Snap-on,SNA,2013Q4,2013-12-28,분기별 영업이익,156600000,USD,계산(연간-3분기누적),https://www.sec.gov/Archives/edgar/data/91440/000119312514054235/ ; https://www.sec.gov/Archives/edgar/data/91440/000119312513401902/,연간 586200000 − 9개월누적 429600000 (OperatingIncomeLoss),19
Snap-on,SNA,2013Q4,2013-12-28,분기별 당기순이익(지배),94500000,USD,계산(연간-3분기누적),https://www.sec.gov/Archives/edgar/data/91440/000119312514054235/ ; https://www.sec.gov/Archives/edgar/data/91440/000119312513401902/,연간 350300000 − 9개월누적 255800000 (NetIncomeLoss),19
Snap-on,SNA,2013Q4,2013-12-28,분기별 영업활동현금흐름,122500000,USD,계산(누적차감),https://www.sec.gov/Archives/edgar/data/91440/000119312514054235/ ; https://www.sec.gov/Archives/edgar/data/91440/000119312513401902/,누적 392600000 − 직전누적 270100000 (시작 2012-12-30),19
Snap-on,SNA,2013Q4,2013-12-28,분기말 자산총계,4110000000,USD,공시,https://www.sec.gov/Archives/edgar/data/91440/000119312514054235/,,19
Snap-on,SNA,2013Q4,2013-12-28,분기말 부채총계,1979600000,USD,공시,https://www.sec.gov/Archives/edgar/data/91440/000119312514054235/,,19
Snap-on,SNA,2013Q4,2013-12-28,분기말 총자본(자기자본),2130400000,USD,공시,https://www.sec.gov/Archives/edgar/data/91440/000119312514054235/,,19
Snap-on,SNA,2013Q4,2013-12-28,분기말 지배지분 자본,2113200000,USD,공시,https://www.sec.gov/Archives/edgar/data/91440/000119312514054235/,,19
Snap-on,SNA,2013Q4,2013-12-27,분기말 종가,108.27,USD,API,https://query1.finance.yahoo.com/v8/finance/chart/SNA?interval=1d&events=splits (2013-12-27),,19
Snap-on,SNA,2013Q4,2014-02-07,분기말 상장주식수,58122647,주,공시(표지 기준일),https://www.sec.gov/Archives/edgar/data/91440/000119312514054235/,dei:EntityCommonStockSharesOutstanding 클래스 합,19
Snap-on,SNA,2013Q4,2013-12-27,분기말 시가총액,6292938991,USD,계산(종가×주식수),https://query1.finance.yahoo.com/v8/finance/chart/SNA?interval=1d&events=splits (2013-12-27) ; https://www.sec.gov/Archives/edgar/data/91440/000119312514054235/,종가 108.27 × 주식수 58122647,19
Snap-on,SNA,2014Q1,2014-03-29,분기별 매출액,837700000,USD,공시,https://www.sec.gov/Archives/edgar/data/91440/000119312514146982/,,19
Snap-on,SNA,2014Q1,2014-03-29,분기별 영업이익,156100000,USD,공시,https://www.sec.gov/Archives/edgar/data/91440/000119312514146982/,,19
Snap-on,SNA,2014Q1,2014-03-29,분기별 당기순이익(지배),95900000,USD,공시,https://www.sec.gov/Archives/edgar/data/91440/000119312514146982/,,19
Snap-on,SNA,2014Q1,2014-03-29,분기별 영업활동현금흐름,88300000,USD,공시,https://www.sec.gov/Archives/edgar/data/91440/000119312514146982/,,19
Snap-on,SNA,2014Q1,2014-03-29,분기말 자산총계,4104100000,USD,공시,https://www.sec.gov/Archives/edgar/data/91440/000119312514146982/,,19
Snap-on,SNA,2014Q1,2014-03-29,분기말 부채총계,1900400000,USD,공시,https://www.sec.gov/Archives/edgar/data/91440/000119312514146982/,,19
Snap-on,SNA,2014Q1,2014-03-29,분기말 총자본(자기자본),2203700000,USD,공시,https://www.sec.gov/Archives/edgar/data/91440/000119312514146982/,,19
Snap-on,SNA,2014Q1,2014-03-29,분기말 지배지분 자본,2186700000,USD,공시,https://www.sec.gov/Archives/edgar/data/91440/000119312514146982/,,19
Snap-on,SNA,2014Q1,2014-03-28,분기말 종가,112.2,USD,API,https://query1.finance.yahoo.com/v8/finance/chart/SNA?interval=1d&events=splits (2014-03-28),,19
Snap-on,SNA,2014Q1,2014-04-11,분기말 상장주식수,58239150,주,공시(표지 기준일),https://www.sec.gov/Archives/edgar/data/91440/000119312514146982/,dei:EntityCommonStockSharesOutstanding 클래스 합,19
Snap-on,SNA,2014Q1,2014-03-28,분기말 시가총액,6534432630,USD,계산(종가×주식수),https://query1.finance.yahoo.com/v8/finance/chart/SNA?interval=1d&events=splits (2014-03-28) ; https://www.sec.gov/Archives/edgar/data/91440/000119312514146982/,종가 112.2 × 주식수 58239150,19
Snap-on,SNA,2014Q2,2014-06-28,분기별 매출액,878200000,USD,공시,https://www.sec.gov/Archives/edgar/data/91440/000119312514271225/,,19
Snap-on,SNA,2014Q2,2014-06-28,분기별 영업이익,172900000,USD,공시,https://www.sec.gov/Archives/edgar/data/91440/000119312514271225/,,19
Snap-on,SNA,2014Q2,2014-06-28,분기별 당기순이익(지배),106100000,USD,공시,https://www.sec.gov/Archives/edgar/data/91440/000119312514271225/,,19
Snap-on,SNA,2014Q2,2014-06-28,분기별 영업활동현금흐름,124400000,USD,계산(누적차감),https://www.sec.gov/Archives/edgar/data/91440/000119312514271225/ ; https://www.sec.gov/Archives/edgar/data/91440/000119312514146982/,누적 212700000 − 직전누적 88300000 (시작 2013-12-29),19
Snap-on,SNA,2014Q2,2014-06-28,분기말 자산총계,4228300000,USD,공시,https://www.sec.gov/Archives/edgar/data/91440/000119312514271225/,,19
Snap-on,SNA,2014Q2,2014-06-28,분기말 부채총계,1955500000,USD,공시,https://www.sec.gov/Archives/edgar/data/91440/000119312514271225/,,19
Snap-on,SNA,2014Q2,2014-06-28,분기말 총자본(자기자본),2272800000,USD,공시,https://www.sec.gov/Archives/edgar/data/91440/000119312514271225/,,19
Snap-on,SNA,2014Q2,2014-06-28,분기말 지배지분 자본,2255400000,USD,공시,https://www.sec.gov/Archives/edgar/data/91440/000119312514271225/,,19
Snap-on,SNA,2014Q2,2014-06-27,분기말 종가,118.65,USD,API,https://query1.finance.yahoo.com/v8/finance/chart/SNA?interval=1d&events=splits (2014-06-27),,19
Snap-on,SNA,2014Q2,2014-07-11,분기말 상장주식수,58115201,주,공시(표지 기준일),https://www.sec.gov/Archives/edgar/data/91440/000119312514271225/,dei:EntityCommonStockSharesOutstanding 클래스 합,19
Snap-on,SNA,2014Q2,2014-06-27,분기말 시가총액,6895368599,USD,계산(종가×주식수),https://query1.finance.yahoo.com/v8/finance/chart/SNA?interval=1d&events=splits (2014-06-27) ; https://www.sec.gov/Archives/edgar/data/91440/000119312514271225/,종가 118.65 × 주식수 58115201,19
Snap-on,SNA,2014Q3,2014-09-27,분기별 매출액,859900000,USD,공시,https://www.sec.gov/Archives/edgar/data/91440/000119312514373460/,,19
Snap-on,SNA,2014Q3,2014-09-27,분기별 영업이익,168300000,USD,공시,https://www.sec.gov/Archives/edgar/data/91440/000119312514373460/,,19
Snap-on,SNA,2014Q3,2014-09-27,분기별 당기순이익(지배),103700000,USD,공시,https://www.sec.gov/Archives/edgar/data/91440/000119312514373460/,,19
Snap-on,SNA,2014Q3,2014-09-27,분기별 영업활동현금흐름,88000000,USD,계산(누적차감),https://www.sec.gov/Archives/edgar/data/91440/000119312514373460/ ; https://www.sec.gov/Archives/edgar/data/91440/000119312514271225/,누적 300700000 − 직전누적 212700000 (시작 2013-12-29),19
Snap-on,SNA,2014Q3,2014-09-27,분기말 자산총계,4268500000,USD,공시,https://www.sec.gov/Archives/edgar/data/91440/000119312514373460/,,19
Snap-on,SNA,2014Q3,2014-09-27,분기말 부채총계,1974000000,USD,공시,https://www.sec.gov/Archives/edgar/data/91440/000119312514373460/,,19
Snap-on,SNA,2014Q3,2014-09-27,분기말 총자본(자기자본),2294500000,USD,공시,https://www.sec.gov/Archives/edgar/data/91440/000119312514373460/,,19
Snap-on,SNA,2014Q3,2014-09-27,분기말 지배지분 자본,2277000000,USD,공시,https://www.sec.gov/Archives/edgar/data/91440/000119312514373460/,,19
Snap-on,SNA,2014Q3,2014-09-26,분기말 종가,121.75,USD,API,https://query1.finance.yahoo.com/v8/finance/chart/SNA?interval=1d&events=splits (2014-09-26),,19
Snap-on,SNA,2014Q3,2014-10-10,분기말 상장주식수,58107602,주,공시(표지 기준일),https://www.sec.gov/Archives/edgar/data/91440/000119312514373460/,dei:EntityCommonStockSharesOutstanding 클래스 합,19
Snap-on,SNA,2014Q3,2014-09-26,분기말 시가총액,7074600544,USD,계산(종가×주식수),https://query1.finance.yahoo.com/v8/finance/chart/SNA?interval=1d&events=splits (2014-09-26) ; https://www.sec.gov/Archives/edgar/data/91440/000119312514373460/,종가 121.75 × 주식수 58107602,19
Snap-on,SNA,2014Q4,2015-01-03,분기별 매출액,916800000,USD,계산(연간-3분기누적),https://www.sec.gov/Archives/edgar/data/91440/000119312515046309/ ; https://www.sec.gov/Archives/edgar/data/91440/000119312514373460/,연간 3492600000 − 9개월누적 2575800000 (Revenues),19
Snap-on,SNA,2014Q4,2015-01-03,분기별 영업이익,187400000,USD,계산(연간-3분기누적),https://www.sec.gov/Archives/edgar/data/91440/000119312515046309/ ; https://www.sec.gov/Archives/edgar/data/91440/000119312514373460/,연간 684700000 − 9개월누적 497300000 (OperatingIncomeLoss),19
Snap-on,SNA,2014Q4,2015-01-03,분기별 당기순이익(지배),116200000,USD,계산(연간-3분기누적),https://www.sec.gov/Archives/edgar/data/91440/000119312515046309/ ; https://www.sec.gov/Archives/edgar/data/91440/000119312514373460/,연간 421900000 − 9개월누적 305700000 (NetIncomeLoss),19
Snap-on,SNA,2014Q4,2015-01-03,분기별 영업활동현금흐름,102400000,USD,계산(누적차감)(재작성 반영),https://www.sec.gov/Archives/edgar/data/91440/000119312517036139/ ; https://www.sec.gov/Archives/edgar/data/91440/000119312514373460/,누적 403100000 − 직전누적 300700000 (시작 2013-12-29) ; 원 공시 97200000 (https://www.sec.gov/Archives/edgar/data/91440/000119312515046309/ ; https://www.sec.gov/Archives/edgar/data/91440/000119312514373460/),19
Snap-on,SNA,2014Q4,2015-01-03,분기말 자산총계,4310100000,USD,공시,https://www.sec.gov/Archives/edgar/data/91440/000119312515046309/,,19
Snap-on,SNA,2014Q4,2015-01-03,분기말 부채총계,2084800000,USD,공시,https://www.sec.gov/Archives/edgar/data/91440/000119312515046309/,,19
Snap-on,SNA,2014Q4,2015-01-03,분기말 총자본(자기자본),2225300000,USD,공시,https://www.sec.gov/Archives/edgar/data/91440/000119312515046309/,,19
Snap-on,SNA,2014Q4,2015-01-03,분기말 지배지분 자본,2207800000,USD,공시,https://www.sec.gov/Archives/edgar/data/91440/000119312515046309/,,19
Snap-on,SNA,2014Q4,2015-01-02,분기말 종가,136.29,USD,API,https://query1.finance.yahoo.com/v8/finance/chart/SNA?interval=1d&events=splits (2015-01-02),,19
Snap-on,SNA,2014Q4,2015-02-06,분기말 상장주식수,58124176,주,공시(표지 기준일),https://www.sec.gov/Archives/edgar/data/91440/000119312515046309/,dei:EntityCommonStockSharesOutstanding 클래스 합,19
Snap-on,SNA,2014Q4,2015-01-02,분기말 시가총액,7921743947,USD,계산(종가×주식수),https://query1.finance.yahoo.com/v8/finance/chart/SNA?interval=1d&events=splits (2015-01-02) ; https://www.sec.gov/Archives/edgar/data/91440/000119312515046309/,종가 136.29 × 주식수 58124176,19
Snap-on,SNA,2015Q1,2015-04-04,분기별 매출액,885200000,USD,공시,https://www.sec.gov/Archives/edgar/data/91440/000119312515143380/,,19
Snap-on,SNA,2015Q1,2015-04-04,분기별 영업이익,178200000,USD,공시,https://www.sec.gov/Archives/edgar/data/91440/000119312515143380/,,19
Snap-on,SNA,2015Q1,2015-04-04,분기별 당기순이익(지배),110500000,USD,공시,https://www.sec.gov/Archives/edgar/data/91440/000119312515143380/,,19
Snap-on,SNA,2015Q1,2015-04-04,분기별 영업활동현금흐름,78100000,USD,공시,https://www.sec.gov/Archives/edgar/data/91440/000119312515143380/,,19
Snap-on,SNA,2015Q1,2015-04-04,분기말 자산총계,4262400000,USD,공시,https://www.sec.gov/Archives/edgar/data/91440/000119312515143380/,,19
Snap-on,SNA,2015Q1,2015-04-04,분기말 부채총계,2074100000,USD,공시,https://www.sec.gov/Archives/edgar/data/91440/000119312515143380/,,19
Snap-on,SNA,2015Q1,2015-04-04,분기말 총자본(자기자본),2188300000,USD,공시,https://www.sec.gov/Archives/edgar/data/91440/000119312515143380/,,19
Snap-on,SNA,2015Q1,2015-04-04,분기말 지배지분 자본,2170600000,USD,공시,https://www.sec.gov/Archives/edgar/data/91440/000119312515143380/,,19
Snap-on,SNA,2015Q1,2015-04-02,분기말 종가,147.8,USD,API,https://query1.finance.yahoo.com/v8/finance/chart/SNA?interval=1d&events=splits (2015-04-02),,19
Snap-on,SNA,2015Q1,2015-04-17,분기말 상장주식수,58093809,주,공시(표지 기준일),https://www.sec.gov/Archives/edgar/data/91440/000119312515143380/,dei:EntityCommonStockSharesOutstanding 클래스 합,19
Snap-on,SNA,2015Q1,2015-04-02,분기말 시가총액,8586264970,USD,계산(종가×주식수),https://query1.finance.yahoo.com/v8/finance/chart/SNA?interval=1d&events=splits (2015-04-02) ; https://www.sec.gov/Archives/edgar/data/91440/000119312515143380/,종가 147.8 × 주식수 58093809,19
Snap-on,SNA,2015Q2,2015-07-04,분기별 매출액,910500000,USD,공시,https://www.sec.gov/Archives/edgar/data/91440/000119312515260787/,,19
Snap-on,SNA,2015Q2,2015-07-04,분기별 영업이익,192200000,USD,공시,https://www.sec.gov/Archives/edgar/data/91440/000119312515260787/,,19
Snap-on,SNA,2015Q2,2015-07-04,분기별 당기순이익(지배),120000000,USD,공시,https://www.sec.gov/Archives/edgar/data/91440/000119312515260787/,,19
Snap-on,SNA,2015Q2,2015-07-04,분기별 영업활동현금흐름,160300000,USD,계산(누적차감),https://www.sec.gov/Archives/edgar/data/91440/000119312515260787/ ; https://www.sec.gov/Archives/edgar/data/91440/000119312515143380/,누적 238400000 − 직전누적 78100000 (시작 2015-01-04),19
Snap-on,SNA,2015Q2,2015-07-04,분기말 자산총계,4390700000,USD,공시,https://www.sec.gov/Archives/edgar/data/91440/000119312515260787/,,19
Snap-on,SNA,2015Q2,2015-07-04,분기말 부채총계,2074500000,USD,공시,https://www.sec.gov/Archives/edgar/data/91440/000119312515260787/,,19
Snap-on,SNA,2015Q2,2015-07-04,분기말 총자본(자기자본),2316200000,USD,공시,https://www.sec.gov/Archives/edgar/data/91440/000119312515260787/,,19
Snap-on,SNA,2015Q2,2015-07-04,분기말 지배지분 자본,2298500000,USD,공시,https://www.sec.gov/Archives/edgar/data/91440/000119312515260787/,,19
Snap-on,SNA,2015Q2,2015-07-02,분기말 종가,160.79,USD,API,https://query1.finance.yahoo.com/v8/finance/chart/SNA?interval=1d&events=splits (2015-07-02),,19
Snap-on,SNA,2015Q2,2015-07-17,분기말 상장주식수,58172308,주,공시(표지 기준일),https://www.sec.gov/Archives/edgar/data/91440/000119312515260787/,dei:EntityCommonStockSharesOutstanding 클래스 합,19
Snap-on,SNA,2015Q2,2015-07-02,분기말 시가총액,9353525403,USD,계산(종가×주식수),https://query1.finance.yahoo.com/v8/finance/chart/SNA?interval=1d&events=splits (2015-07-02) ; https://www.sec.gov/Archives/edgar/data/91440/000119312515260787/,종가 160.79 × 주식수 58172308,19
Snap-on,SNA,2015Q3,2015-10-03,분기별 매출액,882600000,USD,공시,https://www.sec.gov/Archives/edgar/data/91440/000119312515350204/,,19
Snap-on,SNA,2015Q3,2015-10-03,분기별 영업이익,187100000,USD,공시,https://www.sec.gov/Archives/edgar/data/91440/000119312515350204/,,19
Snap-on,SNA,2015Q3,2015-10-03,분기별 당기순이익(지배),116800000,USD,공시,https://www.sec.gov/Archives/edgar/data/91440/000119312515350204/,,19
Snap-on,SNA,2015Q3,2015-10-03,분기별 영업활동현금흐름,113700000,USD,계산(누적차감),https://www.sec.gov/Archives/edgar/data/91440/000119312515350204/ ; https://www.sec.gov/Archives/edgar/data/91440/000119312515260787/,누적 352100000 − 직전누적 238400000 (시작 2015-01-04),19
Snap-on,SNA,2015Q3,2015-10-03,분기말 자산총계,4491400000,USD,공시,https://www.sec.gov/Archives/edgar/data/91440/000119312515350204/,,19
Snap-on,SNA,2015Q3,2015-10-03,분기말 부채총계,2112600000,USD,공시,https://www.sec.gov/Archives/edgar/data/91440/000119312515350204/,,19
Snap-on,SNA,2015Q3,2015-10-03,분기말 총자본(자기자본),2378800000,USD,공시,https://www.sec.gov/Archives/edgar/data/91440/000119312515350204/,,19
Snap-on,SNA,2015Q3,2015-10-03,분기말 지배지분 자본,2361000000,USD,공시,https://www.sec.gov/Archives/edgar/data/91440/000119312515350204/,,19
Snap-on,SNA,2015Q3,2015-10-02,분기말 종가,151.31,USD,API,https://query1.finance.yahoo.com/v8/finance/chart/SNA?interval=1d&events=splits (2015-10-02),,19
Snap-on,SNA,2015Q3,2015-10-16,분기말 상장주식수,58073994,주,공시(표지 기준일),https://www.sec.gov/Archives/edgar/data/91440/000119312515350204/,dei:EntityCommonStockSharesOutstanding 클래스 합,19
Snap-on,SNA,2015Q3,2015-10-02,분기말 시가총액,8787176032,USD,계산(종가×주식수),https://query1.finance.yahoo.com/v8/finance/chart/SNA?interval=1d&events=splits (2015-10-02) ; https://www.sec.gov/Archives/edgar/data/91440/000119312515350204/,종가 151.31 × 주식수 58073994,19
Snap-on,SNA,2015Q4,2016-01-02,분기별 매출액,914800000,USD,계산(연간-3분기누적),https://www.sec.gov/Archives/edgar/data/91440/000119312516459788/ ; https://www.sec.gov/Archives/edgar/data/91440/000119312515350204/,연간 3593100000 − 9개월누적 2678300000 (Revenues),19
Snap-on,SNA,2015Q4,2016-01-02,분기별 영업이익,207300000,USD,계산(연간-3분기누적),https://www.sec.gov/Archives/edgar/data/91440/000119312516459788/ ; https://www.sec.gov/Archives/edgar/data/91440/000119312515350204/,연간 764800000 − 9개월누적 557500000 (OperatingIncomeLoss),19
Snap-on,SNA,2015Q4,2016-01-02,분기별 당기순이익(지배),131400000,USD,계산(연간-3분기누적),https://www.sec.gov/Archives/edgar/data/91440/000119312516459788/ ; https://www.sec.gov/Archives/edgar/data/91440/000119312515350204/,연간 478700000 − 9개월누적 347300000 (NetIncomeLoss),19
Snap-on,SNA,2015Q4,2016-01-02,분기별 영업활동현금흐름,155100000,USD,계산(누적차감)(재작성 반영),https://www.sec.gov/Archives/edgar/data/91440/000119312518047130/ ; https://www.sec.gov/Archives/edgar/data/91440/000119312515350204/,누적 507200000 − 직전누적 352100000 (시작 2015-01-04) ; 원 공시 144400000 (https://www.sec.gov/Archives/edgar/data/91440/000119312516459788/ ; https://www.sec.gov/Archives/edgar/data/91440/000119312515350204/),19
Snap-on,SNA,2015Q4,2016-01-02,분기말 자산총계,4331100000,USD,공시(재작성 반영),https://www.sec.gov/Archives/edgar/data/91440/000119312517036139/,원 공시 4486900000 (https://www.sec.gov/Archives/edgar/data/91440/000119312516459788/),19
Snap-on,SNA,2015Q4,2016-01-02,분기말 부채총계,1900400000,USD,공시(재작성 반영),https://www.sec.gov/Archives/edgar/data/91440/000119312517036139/,원 공시 2056200000 (https://www.sec.gov/Archives/edgar/data/91440/000119312516459788/),19
Snap-on,SNA,2015Q4,2016-01-02,분기말 총자본(자기자본),2430700000,USD,공시,https://www.sec.gov/Archives/edgar/data/91440/000119312516459788/,,19
Snap-on,SNA,2015Q4,2016-01-02,분기말 지배지분 자본,2412700000,USD,공시,https://www.sec.gov/Archives/edgar/data/91440/000119312516459788/,,19
Snap-on,SNA,2015Q4,2015-12-31,분기말 종가,171.43,USD,API,https://query1.finance.yahoo.com/v8/finance/chart/SNA?interval=1d&events=splits (2015-12-31),,19
Snap-on,SNA,2015Q4,2016-02-05,분기말 상장주식수,58092025,주,공시(표지 기준일),https://www.sec.gov/Archives/edgar/data/91440/000119312516459788/,dei:EntityCommonStockSharesOutstanding 클래스 합,19
Snap-on,SNA,2015Q4,2015-12-31,분기말 시가총액,9958715846,USD,계산(종가×주식수),https://query1.finance.yahoo.com/v8/finance/chart/SNA?interval=1d&events=splits (2015-12-31) ; https://www.sec.gov/Archives/edgar/data/91440/000119312516459788/,종가 171.43 × 주식수 58092025,19
Snap-on,SNA,2016Q1,2016-04-02,분기별 매출액,900500000,USD,공시,https://www.sec.gov/Archives/edgar/data/91440/000119312516549686/,,19
Snap-on,SNA,2016Q1,2016-04-02,분기별 영업이익,202400000,USD,공시,https://www.sec.gov/Archives/edgar/data/91440/000119312516549686/,,19
Snap-on,SNA,2016Q1,2016-04-02,분기별 당기순이익(지배),128300000,USD,공시,https://www.sec.gov/Archives/edgar/data/91440/000119312516549686/,,19
Snap-on,SNA,2016Q1,2016-04-02,분기별 영업활동현금흐름,141600000,USD,공시,https://www.sec.gov/Archives/edgar/data/91440/000119312516549686/,,19
Snap-on,SNA,2016Q1,2016-04-02,분기말 자산총계,4436400000,USD,공시,https://www.sec.gov/Archives/edgar/data/91440/000119312516549686/,,19
Snap-on,SNA,2016Q1,2016-04-02,분기말 부채총계,1901300000,USD,공시,https://www.sec.gov/Archives/edgar/data/91440/000119312516549686/,,19
Snap-on,SNA,2016Q1,2016-04-02,분기말 총자본(자기자본),2535100000,USD,공시,https://www.sec.gov/Archives/edgar/data/91440/000119312516549686/,,19
Snap-on,SNA,2016Q1,2016-04-02,분기말 지배지분 자본,2517100000,USD,공시,https://www.sec.gov/Archives/edgar/data/91440/000119312516549686/,,19
Snap-on,SNA,2016Q1,2016-04-01,분기말 종가,159.24,USD,API,https://query1.finance.yahoo.com/v8/finance/chart/SNA?interval=1d&events=splits (2016-04-01),,19
Snap-on,SNA,2016Q1,2016-04-15,분기말 상장주식수,58146364,주,공시(표지 기준일),https://www.sec.gov/Archives/edgar/data/91440/000119312516549686/,dei:EntityCommonStockSharesOutstanding 클래스 합,19
Snap-on,SNA,2016Q1,2016-04-01,분기말 시가총액,9259227003,USD,계산(종가×주식수),https://query1.finance.yahoo.com/v8/finance/chart/SNA?interval=1d&events=splits (2016-04-01) ; https://www.sec.gov/Archives/edgar/data/91440/000119312516549686/,종가 159.24 × 주식수 58146364,19
Snap-on,SNA,2016Q2,2016-07-02,분기별 매출액,941600000,USD,공시,https://www.sec.gov/Archives/edgar/data/91440/000119312516653238/,,19
Snap-on,SNA,2016Q2,2016-07-02,분기별 영업이익,215900000,USD,공시,https://www.sec.gov/Archives/edgar/data/91440/000119312516653238/,,19
Snap-on,SNA,2016Q2,2016-07-02,분기별 당기순이익(지배),140100000,USD,공시,https://www.sec.gov/Archives/edgar/data/91440/000119312516653238/,,19
Snap-on,SNA,2016Q2,2016-07-02,분기별 영업활동현금흐름,162100000,USD,계산(누적차감),https://www.sec.gov/Archives/edgar/data/91440/000119312516653238/ ; https://www.sec.gov/Archives/edgar/data/91440/000119312516549686/,누적 303700000 − 직전누적 141600000 (시작 2016-01-03),19
Snap-on,SNA,2016Q2,2016-07-02,분기말 자산총계,4505100000,USD,공시,https://www.sec.gov/Archives/edgar/data/91440/000119312516653238/,,19
Snap-on,SNA,2016Q2,2016-07-02,분기말 부채총계,1903500000,USD,공시,https://www.sec.gov/Archives/edgar/data/91440/000119312516653238/,,19
Snap-on,SNA,2016Q2,2016-07-02,분기말 총자본(자기자본),2601600000,USD,공시,https://www.sec.gov/Archives/edgar/data/91440/000119312516653238/,,19
Snap-on,SNA,2016Q2,2016-07-02,분기말 지배지분 자본,2583600000,USD,공시,https://www.sec.gov/Archives/edgar/data/91440/000119312516653238/,,19
Snap-on,SNA,2016Q2,2016-07-01,분기말 종가,158.0,USD,API,https://query1.finance.yahoo.com/v8/finance/chart/SNA?interval=1d&events=splits (2016-07-01),,19
Snap-on,SNA,2016Q2,2016-07-15,분기말 상장주식수,58086536,주,공시(표지 기준일),https://www.sec.gov/Archives/edgar/data/91440/000119312516653238/,dei:EntityCommonStockSharesOutstanding 클래스 합,19
Snap-on,SNA,2016Q2,2016-07-01,분기말 시가총액,9177672688,USD,계산(종가×주식수),https://query1.finance.yahoo.com/v8/finance/chart/SNA?interval=1d&events=splits (2016-07-01) ; https://www.sec.gov/Archives/edgar/data/91440/000119312516653238/,종가 158.0 × 주식수 58086536,19
Snap-on,SNA,2016Q3,2016-10-01,분기별 매출액,905700000,USD,공시,https://www.sec.gov/Archives/edgar/data/91440/000119312516742417/,,19
Snap-on,SNA,2016Q3,2016-10-01,분기별 영업이익,208200000,USD,공시,https://www.sec.gov/Archives/edgar/data/91440/000119312516742417/,,19
Snap-on,SNA,2016Q3,2016-10-01,분기별 당기순이익(지배),131700000,USD,공시,https://www.sec.gov/Archives/edgar/data/91440/000119312516742417/,,19
Snap-on,SNA,2016Q3,2016-10-01,분기별 영업활동현금흐름,111900000,USD,계산(누적차감),https://www.sec.gov/Archives/edgar/data/91440/000119312516742417/ ; https://www.sec.gov/Archives/edgar/data/91440/000119312516653238/,누적 415600000 − 직전누적 303700000 (시작 2016-01-03),19
Snap-on,SNA,2016Q3,2016-10-01,분기말 자산총계,4600100000,USD,공시,https://www.sec.gov/Archives/edgar/data/91440/000119312516742417/,,19
Snap-on,SNA,2016Q3,2016-10-01,분기말 부채총계,1911500000,USD,공시,https://www.sec.gov/Archives/edgar/data/91440/000119312516742417/,,19
Snap-on,SNA,2016Q3,2016-10-01,분기말 총자본(자기자본),2688600000,USD,공시,https://www.sec.gov/Archives/edgar/data/91440/000119312516742417/,,19
Snap-on,SNA,2016Q3,2016-10-01,분기말 지배지분 자본,2670600000,USD,공시,https://www.sec.gov/Archives/edgar/data/91440/000119312516742417/,,19
Snap-on,SNA,2016Q3,2016-09-30,분기말 종가,151.96,USD,API,https://query1.finance.yahoo.com/v8/finance/chart/SNA?interval=1d&events=splits (2016-09-30),,19
Snap-on,SNA,2016Q3,2016-10-14,분기말 상장주식수,58025101,주,공시(표지 기준일),https://www.sec.gov/Archives/edgar/data/91440/000119312516742417/,dei:EntityCommonStockSharesOutstanding 클래스 합,19
Snap-on,SNA,2016Q3,2016-09-30,분기말 시가총액,8817494348,USD,계산(종가×주식수),https://query1.finance.yahoo.com/v8/finance/chart/SNA?interval=1d&events=splits (2016-09-30) ; https://www.sec.gov/Archives/edgar/data/91440/000119312516742417/,종가 151.96 × 주식수 58025101,19
Snap-on,SNA,2016Q4,2016-12-31,분기별 매출액,964000000,USD,계산(연간-3분기누적),https://www.sec.gov/Archives/edgar/data/91440/000119312517036139/ ; https://www.sec.gov/Archives/edgar/data/91440/000119312516742417/,연간 3711800000 − 9개월누적 2747800000 (Revenues),19
Snap-on,SNA,2016Q4,2016-12-31,분기별 영업이익,234600000,USD,계산(연간-3분기누적)(재작성 반영),https://www.sec.gov/Archives/edgar/data/91440/000009144019000003/ ; https://www.sec.gov/Archives/edgar/data/91440/000119312516742417/,연간 861100000 − 9개월누적 626500000 (OperatingIncomeLoss) ; 원 공시 227700000 (https://www.sec.gov/Archives/edgar/data/91440/000119312517036139/ ; https://www.sec.gov/Archives/edgar/data/91440/000119312516742417/),19
Snap-on,SNA,2016Q4,2016-12-31,분기별 당기순이익(지배),146300000,USD,계산(연간-3분기누적),https://www.sec.gov/Archives/edgar/data/91440/000119312517036139/ ; https://www.sec.gov/Archives/edgar/data/91440/000119312516742417/,연간 546400000 − 9개월누적 400100000 (NetIncomeLoss),19
Snap-on,SNA,2016Q4,2016-12-31,분기별 영업활동현금흐름,160500000,USD,계산(누적차감),https://www.sec.gov/Archives/edgar/data/91440/000119312517036139/ ; https://www.sec.gov/Archives/edgar/data/91440/000119312516742417/,누적 576100000 − 직전누적 415600000 (시작 2016-01-03),19
Snap-on,SNA,2016Q4,2016-12-31,분기말 자산총계,4723200000,USD,공시,https://www.sec.gov/Archives/edgar/data/91440/000119312517036139/,,19
Snap-on,SNA,2016Q4,2016-12-31,분기말 부채총계,2088000000,USD,공시,https://www.sec.gov/Archives/edgar/data/91440/000119312517036139/,,19
Snap-on,SNA,2016Q4,2016-12-31,분기말 총자본(자기자본),2635200000,USD,공시,https://www.sec.gov/Archives/edgar/data/91440/000119312517036139/,,19
Snap-on,SNA,2016Q4,2016-12-31,분기말 지배지분 자본,2617200000,USD,공시,https://www.sec.gov/Archives/edgar/data/91440/000119312517036139/,,19
Snap-on,SNA,2016Q4,2016-12-30,분기말 종가,171.27,USD,API,https://query1.finance.yahoo.com/v8/finance/chart/SNA?interval=1d&events=splits (2016-12-30),,19
Snap-on,SNA,2016Q4,2017-02-03,분기말 상장주식수,57970318,주,공시(표지 기준일),https://www.sec.gov/Archives/edgar/data/91440/000119312517036139/,dei:EntityCommonStockSharesOutstanding 클래스 합,19
Snap-on,SNA,2016Q4,2016-12-30,분기말 시가총액,9928576364,USD,계산(종가×주식수),https://query1.finance.yahoo.com/v8/finance/chart/SNA?interval=1d&events=splits (2016-12-30) ; https://www.sec.gov/Archives/edgar/data/91440/000119312517036139/,종가 171.27 × 주식수 57970318,19
Snap-on,SNA,2017Q1,2017-04-01,분기별 매출액,963900000,USD,공시,https://www.sec.gov/Archives/edgar/data/91440/000119312517130182/,,19
Snap-on,SNA,2017Q1,2017-04-01,분기별 영업이익,222700000,USD,공시(재작성 반영),https://www.sec.gov/Archives/edgar/data/91440/000162828018004528/,원 공시 222000000 (https://www.sec.gov/Archives/edgar/data/91440/000119312517130182/),19
Snap-on,SNA,2017Q1,2017-04-01,분기별 당기순이익(지배),141600000,USD,공시,https://www.sec.gov/Archives/edgar/data/91440/000119312517130182/,,19
Snap-on,SNA,2017Q1,2017-04-01,분기별 영업활동현금흐름,192400000,USD,공시,https://www.sec.gov/Archives/edgar/data/91440/000119312517130182/,,19
Snap-on,SNA,2017Q1,2017-04-01,분기말 자산총계,4877800000,USD,공시,https://www.sec.gov/Archives/edgar/data/91440/000119312517130182/,,19
Snap-on,SNA,2017Q1,2017-04-01,분기말 부채총계,2112000000,USD,공시,https://www.sec.gov/Archives/edgar/data/91440/000119312517130182/,,19
Snap-on,SNA,2017Q1,2017-04-01,분기말 총자본(자기자본),2765800000,USD,공시,https://www.sec.gov/Archives/edgar/data/91440/000119312517130182/,,19
Snap-on,SNA,2017Q1,2017-04-01,분기말 지배지분 자본,2747700000,USD,공시,https://www.sec.gov/Archives/edgar/data/91440/000119312517130182/,,19
Snap-on,SNA,2017Q1,2017-03-31,분기말 종가,168.67,USD,API,https://query1.finance.yahoo.com/v8/finance/chart/SNA?interval=1d&events=splits (2017-03-31),,19
Snap-on,SNA,2017Q1,2017-04-14,분기말 상장주식수,57949110,주,공시(표지 기준일),https://www.sec.gov/Archives/edgar/data/91440/000119312517130182/,dei:EntityCommonStockSharesOutstanding 클래스 합,19
Snap-on,SNA,2017Q1,2017-03-31,분기말 시가총액,9774276384,USD,계산(종가×주식수),https://query1.finance.yahoo.com/v8/finance/chart/SNA?interval=1d&events=splits (2017-03-31) ; https://www.sec.gov/Archives/edgar/data/91440/000119312517130182/,종가 168.67 × 주식수 57949110,19
Snap-on,SNA,2017Q2,2017-07-01,분기별 매출액,999100000,USD,공시,https://www.sec.gov/Archives/edgar/data/91440/000119312517231811/,,19
Snap-on,SNA,2017Q2,2017-07-01,분기별 영업이익,238300000,USD,공시,https://www.sec.gov/Archives/edgar/data/91440/000119312517231811/,,19
Snap-on,SNA,2017Q2,2017-07-01,분기별 당기순이익(지배),153200000,USD,공시,https://www.sec.gov/Archives/edgar/data/91440/000119312517231811/,,19
Snap-on,SNA,2017Q2,2017-07-01,분기별 영업활동현금흐름,127100000,USD,계산(누적차감),https://www.sec.gov/Archives/edgar/data/91440/000119312517231811/ ; https://www.sec.gov/Archives/edgar/data/91440/000119312517130182/,누적 319500000 − 직전누적 192400000 (시작 2017-01-01),19
Snap-on,SNA,2017Q2,2017-07-01,분기말 자산총계,5067100000,USD,공시,https://www.sec.gov/Archives/edgar/data/91440/000119312517231811/,,19
Snap-on,SNA,2017Q2,2017-07-01,분기말 부채총계,2194100000,USD,공시,https://www.sec.gov/Archives/edgar/data/91440/000119312517231811/,,19
Snap-on,SNA,2017Q2,2017-07-01,분기말 총자본(자기자본),2873000000,USD,공시,https://www.sec.gov/Archives/edgar/data/91440/000119312517231811/,,19
Snap-on,SNA,2017Q2,2017-07-01,분기말 지배지분 자본,2854900000,USD,공시,https://www.sec.gov/Archives/edgar/data/91440/000119312517231811/,,19
Snap-on,SNA,2017Q2,2017-06-30,분기말 종가,158.0,USD,API,https://query1.finance.yahoo.com/v8/finance/chart/SNA?interval=1d&events=splits (2017-06-30),,19
Snap-on,SNA,2017Q2,2017-07-14,분기말 상장주식수,57584456,주,공시(표지 기준일),https://www.sec.gov/Archives/edgar/data/91440/000119312517231811/,dei:EntityCommonStockSharesOutstanding 클래스 합,19
Snap-on,SNA,2017Q2,2017-06-30,분기말 시가총액,9098344048,USD,계산(종가×주식수),https://query1.finance.yahoo.com/v8/finance/chart/SNA?interval=1d&events=splits (2017-06-30) ; https://www.sec.gov/Archives/edgar/data/91440/000119312517231811/,종가 158.0 × 주식수 57584456,19
Snap-on,SNA,2017Q3,2017-09-30,분기별 매출액,982800000,USD,공시,https://www.sec.gov/Archives/edgar/data/91440/000119312517313528/,,19
Snap-on,SNA,2017Q3,2017-09-30,분기별 영업이익,208700000,USD,공시(재작성 반영),https://www.sec.gov/Archives/edgar/data/91440/000009144018000013/,원 공시 209100000 (https://www.sec.gov/Archives/edgar/data/91440/000119312517313528/),19
Snap-on,SNA,2017Q3,2017-09-30,분기별 당기순이익(지배),133400000,USD,공시,https://www.sec.gov/Archives/edgar/data/91440/000119312517313528/,,19
Snap-on,SNA,2017Q3,2017-09-30,분기별 영업활동현금흐름,95500000,USD,계산(누적차감),https://www.sec.gov/Archives/edgar/data/91440/000119312517313528/ ; https://www.sec.gov/Archives/edgar/data/91440/000119312517231811/,누적 415000000 − 직전누적 319500000 (시작 2017-01-01),19
Snap-on,SNA,2017Q3,2017-09-30,분기말 자산총계,5256200000,USD,공시,https://www.sec.gov/Archives/edgar/data/91440/000119312517313528/,,19
Snap-on,SNA,2017Q3,2017-09-30,분기말 부채총계,2316200000,USD,공시,https://www.sec.gov/Archives/edgar/data/91440/000119312517313528/,,19
Snap-on,SNA,2017Q3,2017-09-30,분기말 총자본(자기자본),2940000000,USD,공시,https://www.sec.gov/Archives/edgar/data/91440/000119312517313528/,,19
Snap-on,SNA,2017Q3,2017-09-30,분기말 지배지분 자본,2921800000,USD,공시,https://www.sec.gov/Archives/edgar/data/91440/000119312517313528/,,19
Snap-on,SNA,2017Q3,2017-09-29,분기말 종가,149.01,USD,API,https://query1.finance.yahoo.com/v8/finance/chart/SNA?interval=1d&events=splits (2017-09-29),,19
Snap-on,SNA,2017Q3,2017-10-13,분기말 상장주식수,57007188,주,공시(표지 기준일),https://www.sec.gov/Archives/edgar/data/91440/000119312517313528/,dei:EntityCommonStockSharesOutstanding 클래스 합,19
Snap-on,SNA,2017Q3,2017-09-29,분기말 시가총액,8494641084,USD,계산(종가×주식수),https://query1.finance.yahoo.com/v8/finance/chart/SNA?interval=1d&events=splits (2017-09-29) ; https://www.sec.gov/Archives/edgar/data/91440/000119312517313528/,종가 149.01 × 주식수 57007188,19
Snap-on,SNA,2017Q4,2017-12-30,분기별 매출액,1054500000,USD,계산(연간-3분기누적),https://www.sec.gov/Archives/edgar/data/91440/000119312518047130/ ; https://www.sec.gov/Archives/edgar/data/91440/000119312517313528/,연간 4000300000 − 9개월누적 2945800000 (Revenues),19
Snap-on,SNA,2017Q4,2017-12-30,분기별 영업이익,212400000,USD,계산(연간-3분기누적)(재작성 반영),https://www.sec.gov/Archives/edgar/data/91440/000009144020000004/ ; https://www.sec.gov/Archives/edgar/data/91440/000009144018000013/,연간 882100000 − 9개월누적 669700000 (OperatingIncomeLoss) ; 원 공시 212100000 (https://www.sec.gov/Archives/edgar/data/91440/000119312518047130/ ; https://www.sec.gov/Archives/edgar/data/91440/000119312517313528/),19
Snap-on,SNA,2017Q4,2017-12-30,분기별 당기순이익(지배),129500000,USD,계산(연간-3분기누적),https://www.sec.gov/Archives/edgar/data/91440/000119312518047130/ ; https://www.sec.gov/Archives/edgar/data/91440/000119312517313528/,연간 557700000 − 9개월누적 428200000 (NetIncomeLoss),19
Snap-on,SNA,2017Q4,2017-12-30,분기별 영업활동현금흐름,193500000,USD,계산(누적차감),https://www.sec.gov/Archives/edgar/data/91440/000119312518047130/ ; https://www.sec.gov/Archives/edgar/data/91440/000119312517313528/,누적 608500000 − 직전누적 415000000 (시작 2017-01-01),19
Snap-on,SNA,2017Q4,2017-12-30,분기말 자산총계,5249100000,USD,공시,https://www.sec.gov/Archives/edgar/data/91440/000119312518047130/,,19
Snap-on,SNA,2017Q4,2017-12-30,분기말 부채총계,2276800000,USD,공시,https://www.sec.gov/Archives/edgar/data/91440/000119312518047130/,,19
Snap-on,SNA,2017Q4,2017-12-30,분기말 총자본(자기자본),2972300000,USD,공시,https://www.sec.gov/Archives/edgar/data/91440/000119312518047130/,,19
Snap-on,SNA,2017Q4,2017-12-30,분기말 지배지분 자본,2953900000,USD,공시,https://www.sec.gov/Archives/edgar/data/91440/000119312518047130/,,19
Snap-on,SNA,2017Q4,2017-12-29,분기말 종가,174.3,USD,API,https://query1.finance.yahoo.com/v8/finance/chart/SNA?interval=1d&events=splits (2017-12-29),,19
Snap-on,SNA,2017Q4,2018-02-09,분기말 상장주식수,56721048,주,공시(표지 기준일),https://www.sec.gov/Archives/edgar/data/91440/000119312518047130/,dei:EntityCommonStockSharesOutstanding 클래스 합,19
Snap-on,SNA,2017Q4,2017-12-29,분기말 시가총액,9886478666,USD,계산(종가×주식수),https://query1.finance.yahoo.com/v8/finance/chart/SNA?interval=1d&events=splits (2017-12-29) ; https://www.sec.gov/Archives/edgar/data/91440/000119312518047130/,종가 174.3 × 주식수 56721048,19
Snap-on,SNA,2018Q1,2018-03-31,분기별 매출액,1018500000,USD,공시,https://www.sec.gov/Archives/edgar/data/91440/000162828018004528/,,19
Snap-on,SNA,2018Q1,2018-03-31,분기별 영업이익,234600000,USD,공시,https://www.sec.gov/Archives/edgar/data/91440/000162828018004528/,,19
Snap-on,SNA,2018Q1,2018-03-31,분기별 당기순이익(지배),163000000,USD,공시,https://www.sec.gov/Archives/edgar/data/91440/000162828018004528/,,19
Snap-on,SNA,2018Q1,2018-03-31,분기별 영업활동현금흐름,231900000,USD,공시,https://www.sec.gov/Archives/edgar/data/91440/000162828018004528/,,19
Snap-on,SNA,2018Q1,2018-03-31,분기말 자산총계,5317600000,USD,공시,https://www.sec.gov/Archives/edgar/data/91440/000162828018004528/,,19
Snap-on,SNA,2018Q1,2018-03-31,분기말 부채총계,2215300000,USD,공시,https://www.sec.gov/Archives/edgar/data/91440/000162828018004528/,,19
Snap-on,SNA,2018Q1,2018-03-31,분기말 총자본(자기자본),3102300000,USD,공시,https://www.sec.gov/Archives/edgar/data/91440/000162828018004528/,,19
Snap-on,SNA,2018Q1,2018-03-31,분기말 지배지분 자본,3083900000,USD,공시,https://www.sec.gov/Archives/edgar/data/91440/000162828018004528/,,19
Snap-on,SNA,2018Q1,2018-03-29,분기말 종가,147.54,USD,API,https://query1.finance.yahoo.com/v8/finance/chart/SNA?interval=1d&events=splits (2018-03-29),,19
Snap-on,SNA,2018Q1,2018-04-13,분기말 상장주식수,56595222,주,공시(표지 기준일),https://www.sec.gov/Archives/edgar/data/91440/000162828018004528/,dei:EntityCommonStockSharesOutstanding 클래스 합,19
Snap-on,SNA,2018Q1,2018-03-29,분기말 시가총액,8350059054,USD,계산(종가×주식수),https://query1.finance.yahoo.com/v8/finance/chart/SNA?interval=1d&events=splits (2018-03-29) ; https://www.sec.gov/Archives/edgar/data/91440/000162828018004528/,종가 147.54 × 주식수 56595222,19
Snap-on,SNA,2018Q2,2018-06-30,분기별 매출액,1036600000,USD,공시,https://www.sec.gov/Archives/edgar/data/91440/000009144018000008/,,19
Snap-on,SNA,2018Q2,2018-06-30,분기별 영업이익,250900000,USD,공시,https://www.sec.gov/Archives/edgar/data/91440/000009144018000008/,,19
Snap-on,SNA,2018Q2,2018-06-30,분기별 당기순이익(지배),178700000,USD,공시,https://www.sec.gov/Archives/edgar/data/91440/000009144018000008/,,19
Snap-on,SNA,2018Q2,2018-06-30,분기별 영업활동현금흐름,186900000,USD,계산(누적차감),https://www.sec.gov/Archives/edgar/data/91440/000009144018000008/ ; https://www.sec.gov/Archives/edgar/data/91440/000162828018004528/,누적 418800000 − 직전누적 231900000 (시작 2017-12-31),19
Snap-on,SNA,2018Q2,2018-06-30,분기말 자산총계,5272000000,USD,공시,https://www.sec.gov/Archives/edgar/data/91440/000009144018000008/,,19
Snap-on,SNA,2018Q2,2018-06-30,분기말 부채총계,2160400000,USD,공시,https://www.sec.gov/Archives/edgar/data/91440/000009144018000008/,,19
Snap-on,SNA,2018Q2,2018-06-30,분기말 총자본(자기자본),3111600000,USD,공시,https://www.sec.gov/Archives/edgar/data/91440/000009144018000008/,,19
Snap-on,SNA,2018Q2,2018-06-30,분기말 지배지분 자본,3093200000,USD,공시,https://www.sec.gov/Archives/edgar/data/91440/000009144018000008/,,19
Snap-on,SNA,2018Q2,2018-06-29,분기말 종가,160.72,USD,API,https://query1.finance.yahoo.com/v8/finance/chart/SNA?interval=1d&events=splits (2018-06-29),,19
Snap-on,SNA,2018Q2,2018-07-13,분기말 상장주식수,56402181,주,공시(표지 기준일),https://www.sec.gov/Archives/edgar/data/91440/000009144018000008/,dei:EntityCommonStockSharesOutstanding 클래스 합,19
Snap-on,SNA,2018Q2,2018-06-29,분기말 시가총액,9064958530,USD,계산(종가×주식수),https://query1.finance.yahoo.com/v8/finance/chart/SNA?interval=1d&events=splits (2018-06-29) ; https://www.sec.gov/Archives/edgar/data/91440/000009144018000008/,종가 160.72 × 주식수 56402181,19
Snap-on,SNA,2018Q3,2018-09-29,분기별 매출액,980100000,USD,공시,https://www.sec.gov/Archives/edgar/data/91440/000009144018000013/,,19
Snap-on,SNA,2018Q3,2018-09-29,분기별 영업이익,232400000,USD,공시,https://www.sec.gov/Archives/edgar/data/91440/000009144018000013/,,19
Snap-on,SNA,2018Q3,2018-09-29,분기별 당기순이익(지배),163200000,USD,공시,https://www.sec.gov/Archives/edgar/data/91440/000009144018000013/,,19
Snap-on,SNA,2018Q3,2018-09-29,분기별 영업활동현금흐름,129800000,USD,계산(누적차감),https://www.sec.gov/Archives/edgar/data/91440/000009144018000013/ ; https://www.sec.gov/Archives/edgar/data/91440/000009144018000008/,누적 548600000 − 직전누적 418800000 (시작 2017-12-31),19
Snap-on,SNA,2018Q3,2018-09-29,분기말 자산총계,5354800000,USD,공시,https://www.sec.gov/Archives/edgar/data/91440/000009144018000013/,,19
Snap-on,SNA,2018Q3,2018-09-29,분기말 부채총계,2170700000,USD,공시,https://www.sec.gov/Archives/edgar/data/91440/000009144018000013/,,19
Snap-on,SNA,2018Q3,2018-09-29,분기말 총자본(자기자본),3184100000,USD,공시,https://www.sec.gov/Archives/edgar/data/91440/000009144018000013/,,19
Snap-on,SNA,2018Q3,2018-09-29,분기말 지배지분 자본,3164400000,USD,공시,https://www.sec.gov/Archives/edgar/data/91440/000009144018000013/,,19
Snap-on,SNA,2018Q3,2018-09-28,분기말 종가,183.6,USD,API,https://query1.finance.yahoo.com/v8/finance/chart/SNA?interval=1d&events=splits (2018-09-28),,19
Snap-on,SNA,2018Q3,2018-10-12,분기말 상장주식수,56175480,주,공시(표지 기준일),https://www.sec.gov/Archives/edgar/data/91440/000009144018000013/,dei:EntityCommonStockSharesOutstanding 클래스 합,19
Snap-on,SNA,2018Q3,2018-09-28,분기말 시가총액,10313818128,USD,계산(종가×주식수),https://query1.finance.yahoo.com/v8/finance/chart/SNA?interval=1d&events=splits (2018-09-28) ; https://www.sec.gov/Archives/edgar/data/91440/000009144018000013/,종가 183.6 × 주식수 56175480,19
Snap-on,SNA,2018Q4,2018-12-29,분기별 매출액,1035200000,USD,계산(연간-3분기누적),https://www.sec.gov/Archives/edgar/data/91440/000009144019000003/ ; https://www.sec.gov/Archives/edgar/data/91440/000009144018000013/,연간 4070400000 − 9개월누적 3035200000 (Revenues),19
Snap-on,SNA,2018Q4,2018-12-29,분기별 영업이익,238200000,USD,계산(연간-3분기누적),https://www.sec.gov/Archives/edgar/data/91440/000009144019000003/ ; https://www.sec.gov/Archives/edgar/data/91440/000009144018000013/,연간 956100000 − 9개월누적 717900000 (OperatingIncomeLoss),19
Snap-on,SNA,2018Q4,2018-12-29,분기별 당기순이익(지배),175000000,USD,계산(연간-3분기누적),https://www.sec.gov/Archives/edgar/data/91440/000009144019000003/ ; https://www.sec.gov/Archives/edgar/data/91440/000009144018000013/,연간 679900000 − 9개월누적 504900000 (NetIncomeLoss),19
Snap-on,SNA,2018Q4,2018-12-29,분기별 영업활동현금흐름,215900000,USD,계산(누적차감),https://www.sec.gov/Archives/edgar/data/91440/000009144019000003/ ; https://www.sec.gov/Archives/edgar/data/91440/000009144018000013/,누적 764500000 − 직전누적 548600000 (시작 2017-12-31),19
Snap-on,SNA,2018Q4,2018-12-29,분기말 자산총계,5373100000,USD,공시,https://www.sec.gov/Archives/edgar/data/91440/000009144019000003/,,19
Snap-on,SNA,2018Q4,2018-12-29,분기말 부채총계,2254500000,USD,공시,https://www.sec.gov/Archives/edgar/data/91440/000009144019000003/,,19
Snap-on,SNA,2018Q4,2018-12-29,분기말 총자본(자기자본),3118600000,USD,공시,https://www.sec.gov/Archives/edgar/data/91440/000009144019000003/,,19
Snap-on,SNA,2018Q4,2018-12-29,분기말 지배지분 자본,3098800000,USD,공시,https://www.sec.gov/Archives/edgar/data/91440/000009144019000003/,,19
Snap-on,SNA,2018Q4,2018-12-28,분기말 종가,144.25,USD,API,https://query1.finance.yahoo.com/v8/finance/chart/SNA?interval=1d&events=splits (2018-12-28),,19
Snap-on,SNA,2018Q4,2019-02-08,분기말 상장주식수,55616137,주,공시(표지 기준일),https://www.sec.gov/Archives/edgar/data/91440/000009144019000003/,dei:EntityCommonStockSharesOutstanding 클래스 합,19
Snap-on,SNA,2018Q4,2018-12-28,분기말 시가총액,8022627762,USD,계산(종가×주식수),https://query1.finance.yahoo.com/v8/finance/chart/SNA?interval=1d&events=splits (2018-12-28) ; https://www.sec.gov/Archives/edgar/data/91440/000009144019000003/,종가 144.25 × 주식수 55616137,19
Snap-on,SNA,2019Q1,2019-03-30,분기별 매출액,1007300000,USD,공시,https://www.sec.gov/Archives/edgar/data/91440/000009144019000008/,,19
Snap-on,SNA,2019Q1,2019-03-30,분기별 영업이익,249500000,USD,공시,https://www.sec.gov/Archives/edgar/data/91440/000009144019000008/,,19
Snap-on,SNA,2019Q1,2019-03-30,분기별 당기순이익(지배),177900000,USD,공시,https://www.sec.gov/Archives/edgar/data/91440/000009144019000008/,,19
Snap-on,SNA,2019Q1,2019-03-30,분기별 영업활동현금흐름,201300000,USD,공시,https://www.sec.gov/Archives/edgar/data/91440/000009144019000008/,,19
Snap-on,SNA,2019Q1,2019-03-30,분기말 자산총계,5490900000,USD,공시,https://www.sec.gov/Archives/edgar/data/91440/000009144019000008/,,19
Snap-on,SNA,2019Q1,2019-03-30,분기말 부채총계,2273100000,USD,공시,https://www.sec.gov/Archives/edgar/data/91440/000009144019000008/,,19
Snap-on,SNA,2019Q1,2019-03-30,분기말 총자본(자기자본),3217800000,USD,공시,https://www.sec.gov/Archives/edgar/data/91440/000009144019000008/,,19
Snap-on,SNA,2019Q1,2019-03-30,분기말 지배지분 자본,3197600000,USD,공시,https://www.sec.gov/Archives/edgar/data/91440/000009144019000008/,,19
Snap-on,SNA,2019Q1,2019-03-29,분기말 종가,156.52,USD,API,https://query1.finance.yahoo.com/v8/finance/chart/SNA?interval=1d&events=splits (2019-03-29),,19
Snap-on,SNA,2019Q1,2019-04-12,분기말 상장주식수,55404447,주,공시(표지 기준일),https://www.sec.gov/Archives/edgar/data/91440/000009144019000008/,dei:EntityCommonStockSharesOutstanding 클래스 합,19
Snap-on,SNA,2019Q1,2019-03-29,분기말 시가총액,8671904044,USD,계산(종가×주식수),https://query1.finance.yahoo.com/v8/finance/chart/SNA?interval=1d&events=splits (2019-03-29) ; https://www.sec.gov/Archives/edgar/data/91440/000009144019000008/,종가 156.52 × 주식수 55404447,19
Snap-on,SNA,2019Q2,2019-06-29,분기별 매출액,1035400000,USD,공시,https://www.sec.gov/Archives/edgar/data/91440/000009144019000017/,,19
Snap-on,SNA,2019Q2,2019-06-29,분기별 영업이익,250500000,USD,공시,https://www.sec.gov/Archives/edgar/data/91440/000009144019000017/,,19
Snap-on,SNA,2019Q2,2019-06-29,분기별 당기순이익(지배),180400000,USD,공시,https://www.sec.gov/Archives/edgar/data/91440/000009144019000017/,,19
Snap-on,SNA,2019Q2,2019-06-29,분기별 영업활동현금흐름,145500000,USD,계산(누적차감),https://www.sec.gov/Archives/edgar/data/91440/000009144019000017/ ; https://www.sec.gov/Archives/edgar/data/91440/000009144019000008/,누적 346800000 − 직전누적 201300000 (시작 2018-12-30),19
Snap-on,SNA,2019Q2,2019-06-29,분기말 자산총계,5545400000,USD,공시,https://www.sec.gov/Archives/edgar/data/91440/000009144019000017/,,19
Snap-on,SNA,2019Q2,2019-06-29,분기말 부채총계,2236700000,USD,공시,https://www.sec.gov/Archives/edgar/data/91440/000009144019000017/,,19
Snap-on,SNA,2019Q2,2019-06-29,분기말 총자본(자기자본),3308700000,USD,공시,https://www.sec.gov/Archives/edgar/data/91440/000009144019000017/,,19
Snap-on,SNA,2019Q2,2019-06-29,분기말 지배지분 자본,3288100000,USD,공시,https://www.sec.gov/Archives/edgar/data/91440/000009144019000017/,,19
Snap-on,SNA,2019Q2,2019-06-28,분기말 종가,165.64,USD,API,https://query1.finance.yahoo.com/v8/finance/chart/SNA?interval=1d&events=splits (2019-06-28),,19
Snap-on,SNA,2019Q2,2019-07-12,분기말 상장주식수,55210205,주,공시(표지 기준일),https://www.sec.gov/Archives/edgar/data/91440/000009144019000017/,dei:EntityCommonStockSharesOutstanding 클래스 합,19
Snap-on,SNA,2019Q2,2019-06-28,분기말 시가총액,9145018356,USD,계산(종가×주식수),https://query1.finance.yahoo.com/v8/finance/chart/SNA?interval=1d&events=splits (2019-06-28) ; https://www.sec.gov/Archives/edgar/data/91440/000009144019000017/,종가 165.64 × 주식수 55210205,19
Snap-on,SNA,2019Q3,2019-09-28,분기별 매출액,985900000,USD,공시,https://www.sec.gov/Archives/edgar/data/91440/000009144019000022/,,19
Snap-on,SNA,2019Q3,2019-09-28,분기별 영업이익,228700000,USD,공시,https://www.sec.gov/Archives/edgar/data/91440/000009144019000022/,,19
Snap-on,SNA,2019Q3,2019-09-28,분기별 당기순이익(지배),164600000,USD,공시,https://www.sec.gov/Archives/edgar/data/91440/000009144019000022/,,19
Snap-on,SNA,2019Q3,2019-09-28,분기별 영업활동현금흐름,131100000,USD,계산(누적차감),https://www.sec.gov/Archives/edgar/data/91440/000009144019000022/ ; https://www.sec.gov/Archives/edgar/data/91440/000009144019000017/,누적 477900000 − 직전누적 346800000 (시작 2018-12-30),19
Snap-on,SNA,2019Q3,2019-09-28,분기말 자산총계,5596400000,USD,공시,https://www.sec.gov/Archives/edgar/data/91440/000009144019000022/,,19
Snap-on,SNA,2019Q3,2019-09-28,분기말 부채총계,2271200000,USD,공시,https://www.sec.gov/Archives/edgar/data/91440/000009144019000022/,,19
Snap-on,SNA,2019Q3,2019-09-28,분기말 총자본(자기자본),3325200000,USD,공시,https://www.sec.gov/Archives/edgar/data/91440/000009144019000022/,,19
Snap-on,SNA,2019Q3,2019-09-28,분기말 지배지분 자본,3303800000,USD,공시,https://www.sec.gov/Archives/edgar/data/91440/000009144019000022/,,19
Snap-on,SNA,2019Q3,2019-09-27,분기말 종가,155.34,USD,API,https://query1.finance.yahoo.com/v8/finance/chart/SNA?interval=1d&events=splits (2019-09-27),,19
Snap-on,SNA,2019Q3,2019-10-11,분기말 상장주식수,54846349,주,공시(표지 기준일),https://www.sec.gov/Archives/edgar/data/91440/000009144019000022/,dei:EntityCommonStockSharesOutstanding 클래스 합,19
Snap-on,SNA,2019Q3,2019-09-27,분기말 시가총액,8519831854,USD,계산(종가×주식수),https://query1.finance.yahoo.com/v8/finance/chart/SNA?interval=1d&events=splits (2019-09-27) ; https://www.sec.gov/Archives/edgar/data/91440/000009144019000022/,종가 155.34 × 주식수 54846349,19
Snap-on,SNA,2019Q4,2019-12-28,분기별 매출액,1039100000,USD,계산(연간-3분기누적),https://www.sec.gov/Archives/edgar/data/91440/000009144020000004/ ; https://www.sec.gov/Archives/edgar/data/91440/000009144019000022/,연간 4067700000 − 9개월누적 3028600000 (Revenues),19
Snap-on,SNA,2019Q4,2019-12-28,분기별 영업이익,233600000,USD,계산(연간-3분기누적),https://www.sec.gov/Archives/edgar/data/91440/000009144020000004/ ; https://www.sec.gov/Archives/edgar/data/91440/000009144019000022/,연간 962300000 − 9개월누적 728700000 (OperatingIncomeLoss),19
Snap-on,SNA,2019Q4,2019-12-28,분기별 당기순이익(지배),170600000,USD,계산(연간-3분기누적),https://www.sec.gov/Archives/edgar/data/91440/000009144020000004/ ; https://www.sec.gov/Archives/edgar/data/91440/000009144019000022/,연간 693500000 − 9개월누적 522900000 (NetIncomeLoss),19
Snap-on,SNA,2019Q4,2019-12-28,분기별 영업활동현금흐름,196700000,USD,계산(누적차감),https://www.sec.gov/Archives/edgar/data/91440/000009144020000004/ ; https://www.sec.gov/Archives/edgar/data/91440/000009144019000022/,누적 674600000 − 직전누적 477900000 (시작 2018-12-30),19
Snap-on,SNA,2019Q4,2019-12-28,분기말 자산총계,5693500000,USD,공시,https://www.sec.gov/Archives/edgar/data/91440/000009144020000004/,,19
Snap-on,SNA,2019Q4,2019-12-28,분기말 부채총계,2262700000,USD,공시,https://www.sec.gov/Archives/edgar/data/91440/000009144020000004/,,19
Snap-on,SNA,2019Q4,2019-12-28,분기말 총자본(자기자본),3430800000,USD,공시,https://www.sec.gov/Archives/edgar/data/91440/000009144020000004/,,19
Snap-on,SNA,2019Q4,2019-12-28,분기말 지배지분 자본,3409100000,USD,공시,https://www.sec.gov/Archives/edgar/data/91440/000009144020000004/,,19
Snap-on,SNA,2019Q4,2019-12-27,분기말 종가,169.2,USD,API,https://query1.finance.yahoo.com/v8/finance/chart/SNA?interval=1d&events=splits (2019-12-27),,19
Snap-on,SNA,2019Q4,2020-02-07,분기말 상장주식수,54659446,주,공시(표지 기준일),https://www.sec.gov/Archives/edgar/data/91440/000009144020000004/,dei:EntityCommonStockSharesOutstanding 클래스 합,19
Snap-on,SNA,2019Q4,2019-12-27,분기말 시가총액,9248378263,USD,계산(종가×주식수),https://query1.finance.yahoo.com/v8/finance/chart/SNA?interval=1d&events=splits (2019-12-27) ; https://www.sec.gov/Archives/edgar/data/91440/000009144020000004/,종가 169.2 × 주식수 54659446,19
Snap-on,SNA,2020Q1,2020-03-28,분기별 매출액,938100000,USD,공시,https://www.sec.gov/Archives/edgar/data/91440/000009144020000007/,,19
Snap-on,SNA,2020Q1,2020-03-28,분기별 영업이익,195800000,USD,공시,https://www.sec.gov/Archives/edgar/data/91440/000009144020000007/,,19
Snap-on,SNA,2020Q1,2020-03-28,분기별 당기순이익(지배),137200000,USD,공시,https://www.sec.gov/Archives/edgar/data/91440/000009144020000007/,,19
Snap-on,SNA,2020Q1,2020-03-28,분기별 영업활동현금흐름,213400000,USD,공시,https://www.sec.gov/Archives/edgar/data/91440/000009144020000007/,,19
Snap-on,SNA,2020Q1,2020-03-28,분기말 자산총계,5564300000,USD,공시,https://www.sec.gov/Archives/edgar/data/91440/000009144020000007/,,19
Snap-on,SNA,2020Q1,2020-03-28,분기말 부채총계,2210900000,USD,공시,https://www.sec.gov/Archives/edgar/data/91440/000009144020000007/,,19
Snap-on,SNA,2020Q1,2020-03-28,분기말 총자본(자기자본),3353400000,USD,공시,https://www.sec.gov/Archives/edgar/data/91440/000009144020000007/,,19
Snap-on,SNA,2020Q1,2020-03-28,분기말 지배지분 자본,3331300000,USD,공시,https://www.sec.gov/Archives/edgar/data/91440/000009144020000007/,,19
Snap-on,SNA,2020Q1,2020-03-27,분기말 종가,107.85,USD,API,https://query1.finance.yahoo.com/v8/finance/chart/SNA?interval=1d&events=splits (2020-03-27),,19
Snap-on,SNA,2020Q1,2020-04-17,분기말 상장주식수,54354240,주,공시(표지 기준일),https://www.sec.gov/Archives/edgar/data/91440/000009144020000007/,dei:EntityCommonStockSharesOutstanding 클래스 합,19
Snap-on,SNA,2020Q1,2020-03-27,분기말 시가총액,5862104784,USD,계산(종가×주식수),https://query1.finance.yahoo.com/v8/finance/chart/SNA?interval=1d&events=splits (2020-03-27) ; https://www.sec.gov/Archives/edgar/data/91440/000009144020000007/,종가 107.85 × 주식수 54354240,19
Snap-on,SNA,2020Q2,2020-06-27,분기별 매출액,808900000,USD,공시,https://www.sec.gov/Archives/edgar/data/91440/000009144020000025/,,19
Snap-on,SNA,2020Q2,2020-06-27,분기별 영업이익,148700000,USD,공시,https://www.sec.gov/Archives/edgar/data/91440/000009144020000025/,,19
Snap-on,SNA,2020Q2,2020-06-27,분기별 당기순이익(지배),101200000,USD,공시,https://www.sec.gov/Archives/edgar/data/91440/000009144020000025/,,19
Snap-on,SNA,2020Q2,2020-06-27,분기별 영업활동현금흐름,253600000,USD,계산(누적차감),https://www.sec.gov/Archives/edgar/data/91440/000009144020000025/ ; https://www.sec.gov/Archives/edgar/data/91440/000009144020000007/,누적 467000000 − 직전누적 213400000 (시작 2019-12-29),19
Snap-on,SNA,2020Q2,2020-06-27,분기말 자산총계,6113500000,USD,공시,https://www.sec.gov/Archives/edgar/data/91440/000009144020000025/,,19
Snap-on,SNA,2020Q2,2020-06-27,분기말 부채총계,2604900000,USD,공시,https://www.sec.gov/Archives/edgar/data/91440/000009144020000025/,,19
Snap-on,SNA,2020Q2,2020-06-27,분기말 총자본(자기자본),3508600000,USD,공시,https://www.sec.gov/Archives/edgar/data/91440/000009144020000025/,,19
Snap-on,SNA,2020Q2,2020-06-27,분기말 지배지분 자본,3486700000,USD,공시,https://www.sec.gov/Archives/edgar/data/91440/000009144020000025/,,19
Snap-on,SNA,2020Q2,2020-06-26,분기말 종가,133.56,USD,API,https://query1.finance.yahoo.com/v8/finance/chart/SNA?interval=1d&events=splits (2020-06-26),,19
Snap-on,SNA,2020Q2,2020-07-24,분기말 상장주식수,54466147,주,공시(표지 기준일),https://www.sec.gov/Archives/edgar/data/91440/000009144020000025/,dei:EntityCommonStockSharesOutstanding 클래스 합,19
Snap-on,SNA,2020Q2,2020-06-26,분기말 시가총액,7274498593,USD,계산(종가×주식수),https://query1.finance.yahoo.com/v8/finance/chart/SNA?interval=1d&events=splits (2020-06-26) ; https://www.sec.gov/Archives/edgar/data/91440/000009144020000025/,종가 133.56 × 주식수 54466147,19
Snap-on,SNA,2020Q3,2020-09-26,분기별 매출액,1027400000,USD,공시,https://www.sec.gov/Archives/edgar/data/91440/000009144020000028/,,19
Snap-on,SNA,2020Q3,2020-09-26,분기별 영업이익,251300000,USD,공시,https://www.sec.gov/Archives/edgar/data/91440/000009144020000028/,,19
Snap-on,SNA,2020Q3,2020-09-26,분기별 당기순이익(지배),179700000,USD,공시,https://www.sec.gov/Archives/edgar/data/91440/000009144020000028/,,19
Snap-on,SNA,2020Q3,2020-09-26,분기별 영업활동현금흐름,224000000,USD,계산(누적차감),https://www.sec.gov/Archives/edgar/data/91440/000009144020000028/ ; https://www.sec.gov/Archives/edgar/data/91440/000009144020000025/,누적 691000000 − 직전누적 467000000 (시작 2019-12-29),19
Snap-on,SNA,2020Q3,2020-09-26,분기말 자산총계,6267600000,USD,공시,https://www.sec.gov/Archives/edgar/data/91440/000009144020000028/,,19
Snap-on,SNA,2020Q3,2020-09-26,분기말 부채총계,2626800000,USD,공시,https://www.sec.gov/Archives/edgar/data/91440/000009144020000028/,,19
Snap-on,SNA,2020Q3,2020-09-26,분기말 총자본(자기자본),3640800000,USD,공시,https://www.sec.gov/Archives/edgar/data/91440/000009144020000028/,,19
Snap-on,SNA,2020Q3,2020-09-26,분기말 지배지분 자본,3619000000,USD,공시,https://www.sec.gov/Archives/edgar/data/91440/000009144020000028/,,19
Snap-on,SNA,2020Q3,2020-09-25,분기말 종가,142.04,USD,API,https://query1.finance.yahoo.com/v8/finance/chart/SNA?interval=1d&events=splits (2020-09-25),,19
Snap-on,SNA,2020Q3,2020-10-16,분기말 상장주식수,54214557,주,공시(표지 기준일),https://www.sec.gov/Archives/edgar/data/91440/000009144020000028/,dei:EntityCommonStockSharesOutstanding 클래스 합,19
Snap-on,SNA,2020Q3,2020-09-25,분기말 시가총액,7700635676,USD,계산(종가×주식수),https://query1.finance.yahoo.com/v8/finance/chart/SNA?interval=1d&events=splits (2020-09-25) ; https://www.sec.gov/Archives/edgar/data/91440/000009144020000028/,종가 142.04 × 주식수 54214557,19
Snap-on,SNA,2020Q4,2021-01-02,분기별 매출액,1167800000,USD,계산(연간-3분기누적),https://www.sec.gov/Archives/edgar/data/91440/000009144021000005/ ; https://www.sec.gov/Archives/edgar/data/91440/000009144020000028/,연간 3942200000 − 9개월누적 2774400000 (Revenues),19
Snap-on,SNA,2020Q4,2021-01-02,분기별 영업이익,284700000,USD,계산(연간-3분기누적),https://www.sec.gov/Archives/edgar/data/91440/000009144021000005/ ; https://www.sec.gov/Archives/edgar/data/91440/000009144020000028/,연간 880500000 − 9개월누적 595800000 (OperatingIncomeLoss),19
Snap-on,SNA,2020Q4,2021-01-02,분기별 당기순이익(지배),208900000,USD,계산(연간-3분기누적),https://www.sec.gov/Archives/edgar/data/91440/000009144021000005/ ; https://www.sec.gov/Archives/edgar/data/91440/000009144020000028/,연간 627000000 − 9개월누적 418100000 (NetIncomeLoss),19
Snap-on,SNA,2020Q4,2021-01-02,분기별 영업활동현금흐름,317600000,USD,계산(누적차감),https://www.sec.gov/Archives/edgar/data/91440/000009144021000005/ ; https://www.sec.gov/Archives/edgar/data/91440/000009144020000028/,누적 1008600000 − 직전누적 691000000 (시작 2019-12-29),19
Snap-on,SNA,2020Q4,2021-01-02,분기말 자산총계,6557300000,USD,공시,https://www.sec.gov/Archives/edgar/data/91440/000009144021000005/,,19
Snap-on,SNA,2020Q4,2021-01-02,분기말 부채총계,2710700000,USD,공시,https://www.sec.gov/Archives/edgar/data/91440/000009144021000005/,,19
Snap-on,SNA,2020Q4,2021-01-02,분기말 총자본(자기자본),3846600000,USD,공시,https://www.sec.gov/Archives/edgar/data/91440/000009144021000005/,,19
Snap-on,SNA,2020Q4,2021-01-02,분기말 지배지분 자본,3824900000,USD,공시,https://www.sec.gov/Archives/edgar/data/91440/000009144021000005/,,19
Snap-on,SNA,2020Q4,2020-12-31,분기말 종가,171.14,USD,API,https://query1.finance.yahoo.com/v8/finance/chart/SNA?interval=1d&events=splits (2020-12-31),,19
Snap-on,SNA,2020Q4,2021-02-05,분기말 상장주식수,54203094,주,공시(표지 기준일),https://www.sec.gov/Archives/edgar/data/91440/000009144021000005/,dei:EntityCommonStockSharesOutstanding 클래스 합,19
Snap-on,SNA,2020Q4,2020-12-31,분기말 시가총액,9276317507,USD,계산(종가×주식수),https://query1.finance.yahoo.com/v8/finance/chart/SNA?interval=1d&events=splits (2020-12-31) ; https://www.sec.gov/Archives/edgar/data/91440/000009144021000005/,종가 171.14 × 주식수 54203094,19
Snap-on,SNA,2021Q1,2021-04-03,분기별 매출액,1113200000,USD,공시,https://www.sec.gov/Archives/edgar/data/91440/000009144021000011/,,19
Snap-on,SNA,2021Q1,2021-04-03,분기별 영업이익,266200000,USD,공시,https://www.sec.gov/Archives/edgar/data/91440/000009144021000011/,,19
Snap-on,SNA,2021Q1,2021-04-03,분기별 당기순이익(지배),192600000,USD,공시,https://www.sec.gov/Archives/edgar/data/91440/000009144021000011/,,19
Snap-on,SNA,2021Q1,2021-04-03,분기별 영업활동현금흐름,319300000,USD,공시,https://www.sec.gov/Archives/edgar/data/91440/000009144021000011/,,19
Snap-on,SNA,2021Q1,2021-04-03,분기말 자산총계,6673500000,USD,공시,https://www.sec.gov/Archives/edgar/data/91440/000009144021000011/,,19
Snap-on,SNA,2021Q1,2021-04-03,분기말 부채총계,2775600000,USD,공시,https://www.sec.gov/Archives/edgar/data/91440/000009144021000011/,,19
Snap-on,SNA,2021Q1,2021-04-03,분기말 총자본(자기자본),3897900000,USD,공시,https://www.sec.gov/Archives/edgar/data/91440/000009144021000011/,,19
Snap-on,SNA,2021Q1,2021-04-03,분기말 지배지분 자본,3876000000,USD,공시,https://www.sec.gov/Archives/edgar/data/91440/000009144021000011/,,19
Snap-on,SNA,2021Q1,2021-04-01,분기말 종가,231.74,USD,API,https://query1.finance.yahoo.com/v8/finance/chart/SNA?interval=1d&events=splits (2021-04-01),,19
Snap-on,SNA,2021Q1,2021-04-16,분기말 상장주식수,54079984,주,공시(표지 기준일),https://www.sec.gov/Archives/edgar/data/91440/000009144021000011/,dei:EntityCommonStockSharesOutstanding 클래스 합,19
Snap-on,SNA,2021Q1,2021-04-01,분기말 시가총액,12532495492,USD,계산(종가×주식수),https://query1.finance.yahoo.com/v8/finance/chart/SNA?interval=1d&events=splits (2021-04-01) ; https://www.sec.gov/Archives/edgar/data/91440/000009144021000011/,종가 231.74 × 주식수 54079984,19
Snap-on,SNA,2021Q2,2021-07-03,분기별 매출액,1168300000,USD,공시,https://www.sec.gov/Archives/edgar/data/91440/000009144021000023/,,19
Snap-on,SNA,2021Q2,2021-07-03,분기별 영업이익,286000000,USD,공시,https://www.sec.gov/Archives/edgar/data/91440/000009144021000023/,,19
Snap-on,SNA,2021Q2,2021-07-03,분기별 당기순이익(지배),208000000,USD,공시,https://www.sec.gov/Archives/edgar/data/91440/000009144021000023/,,19
Snap-on,SNA,2021Q2,2021-07-03,분기별 영업활동현금흐름,238200000,USD,계산(누적차감),https://www.sec.gov/Archives/edgar/data/91440/000009144021000023/ ; https://www.sec.gov/Archives/edgar/data/91440/000009144021000011/,누적 557500000 − 직전누적 319300000 (시작 2021-01-03),19
Snap-on,SNA,2021Q2,2021-07-03,분기말 자산총계,6791600000,USD,공시,https://www.sec.gov/Archives/edgar/data/91440/000009144021000023/,,19
Snap-on,SNA,2021Q2,2021-07-03,분기말 부채총계,2766100000,USD,공시,https://www.sec.gov/Archives/edgar/data/91440/000009144021000023/,,19
Snap-on,SNA,2021Q2,2021-07-03,분기말 총자본(자기자본),4025500000,USD,공시,https://www.sec.gov/Archives/edgar/data/91440/000009144021000023/,,19
Snap-on,SNA,2021Q2,2021-07-03,분기말 지배지분 자본,4003400000,USD,공시,https://www.sec.gov/Archives/edgar/data/91440/000009144021000023/,,19
Snap-on,SNA,2021Q2,2021-07-02,분기말 종가,223.91,USD,API,https://query1.finance.yahoo.com/v8/finance/chart/SNA?interval=1d&events=splits (2021-07-02),,19
Snap-on,SNA,2021Q2,2021-07-16,분기말 상장주식수,53970510,주,공시(표지 기준일),https://www.sec.gov/Archives/edgar/data/91440/000009144021000023/,dei:EntityCommonStockSharesOutstanding 클래스 합,19
Snap-on,SNA,2021Q2,2021-07-02,분기말 시가총액,12084536894,USD,계산(종가×주식수),https://query1.finance.yahoo.com/v8/finance/chart/SNA?interval=1d&events=splits (2021-07-02) ; https://www.sec.gov/Archives/edgar/data/91440/000009144021000023/,종가 223.91 × 주식수 53970510,19
Snap-on,SNA,2021Q3,2021-10-02,분기별 매출액,1125000000,USD,공시,https://www.sec.gov/Archives/edgar/data/91440/000009144021000029/,,19
Snap-on,SNA,2021Q3,2021-10-02,분기별 영업이익,271900000,USD,공시,https://www.sec.gov/Archives/edgar/data/91440/000009144021000029/,,19
Snap-on,SNA,2021Q3,2021-10-02,분기별 당기순이익(지배),196200000,USD,공시,https://www.sec.gov/Archives/edgar/data/91440/000009144021000029/,,19
Snap-on,SNA,2021Q3,2021-10-02,분기별 영업활동현금흐름,186400000,USD,계산(누적차감),https://www.sec.gov/Archives/edgar/data/91440/000009144021000029/ ; https://www.sec.gov/Archives/edgar/data/91440/000009144021000023/,누적 743900000 − 직전누적 557500000 (시작 2021-01-03),19
Snap-on,SNA,2021Q3,2021-10-02,분기말 자산총계,6580900000,USD,공시,https://www.sec.gov/Archives/edgar/data/91440/000009144021000029/,,19
Snap-on,SNA,2021Q3,2021-10-02,분기말 부채총계,2511600000,USD,공시,https://www.sec.gov/Archives/edgar/data/91440/000009144021000029/,,19
Snap-on,SNA,2021Q3,2021-10-02,분기말 총자본(자기자본),4069300000,USD,공시,https://www.sec.gov/Archives/edgar/data/91440/000009144021000029/,,19
Snap-on,SNA,2021Q3,2021-10-02,분기말 지배지분 자본,4047300000,USD,공시,https://www.sec.gov/Archives/edgar/data/91440/000009144021000029/,,19
Snap-on,SNA,2021Q3,2021-10-01,분기말 종가,209.42,USD,API,https://query1.finance.yahoo.com/v8/finance/chart/SNA?interval=1d&events=splits (2021-10-01),,19
Snap-on,SNA,2021Q3,2021-10-15,분기말 상장주식수,53725444,주,공시(표지 기준일),https://www.sec.gov/Archives/edgar/data/91440/000009144021000029/,dei:EntityCommonStockSharesOutstanding 클래스 합,19
Snap-on,SNA,2021Q3,2021-10-01,분기말 시가총액,11251182482,USD,계산(종가×주식수),https://query1.finance.yahoo.com/v8/finance/chart/SNA?interval=1d&events=splits (2021-10-01) ; https://www.sec.gov/Archives/edgar/data/91440/000009144021000029/,종가 209.42 × 주식수 53725444,19
Snap-on,SNA,2021Q4,2022-01-01,분기별 매출액,1195200000,USD,계산(연간-3분기누적),https://www.sec.gov/Archives/edgar/data/91440/000009144022000005/ ; https://www.sec.gov/Archives/edgar/data/91440/000009144021000029/,연간 4601700000 − 9개월누적 3406500000 (Revenues),19
Snap-on,SNA,2021Q4,2022-01-01,분기별 영업이익,299400000,USD,계산(연간-3분기누적),https://www.sec.gov/Archives/edgar/data/91440/000009144022000005/ ; https://www.sec.gov/Archives/edgar/data/91440/000009144021000029/,연간 1123500000 − 9개월누적 824100000 (OperatingIncomeLoss),19
Snap-on,SNA,2021Q4,2022-01-01,분기별 당기순이익(지배),223700000,USD,계산(연간-3분기누적),https://www.sec.gov/Archives/edgar/data/91440/000009144022000005/ ; https://www.sec.gov/Archives/edgar/data/91440/000009144021000029/,연간 820500000 − 9개월누적 596800000 (NetIncomeLoss),19
Snap-on,SNA,2021Q4,2022-01-01,분기별 영업활동현금흐름,222700000,USD,계산(누적차감),https://www.sec.gov/Archives/edgar/data/91440/000009144022000005/ ; https://www.sec.gov/Archives/edgar/data/91440/000009144021000029/,누적 966600000 − 직전누적 743900000 (시작 2021-01-03),19
Snap-on,SNA,2021Q4,2022-01-01,분기말 자산총계,6759700000,USD,공시,https://www.sec.gov/Archives/edgar/data/91440/000009144022000005/,,19
Snap-on,SNA,2021Q4,2022-01-01,분기말 부채총계,2555900000,USD,공시,https://www.sec.gov/Archives/edgar/data/91440/000009144022000005/,,19
Snap-on,SNA,2021Q4,2022-01-01,분기말 총자본(자기자본),4203800000,USD,공시,https://www.sec.gov/Archives/edgar/data/91440/000009144022000005/,,19
Snap-on,SNA,2021Q4,2022-01-01,분기말 지배지분 자본,4181900000,USD,공시,https://www.sec.gov/Archives/edgar/data/91440/000009144022000005/,,19
Snap-on,SNA,2021Q4,2021-12-31,분기말 종가,215.38,USD,API,https://query1.finance.yahoo.com/v8/finance/chart/SNA?interval=1d&events=splits (2021-12-31),,19
Snap-on,SNA,2021Q4,2022-02-04,분기말 상장주식수,53438639,주,공시(표지 기준일),https://www.sec.gov/Archives/edgar/data/91440/000009144022000005/,dei:EntityCommonStockSharesOutstanding 클래스 합,19
Snap-on,SNA,2021Q4,2021-12-31,분기말 시가총액,11509614068,USD,계산(종가×주식수),https://query1.finance.yahoo.com/v8/finance/chart/SNA?interval=1d&events=splits (2021-12-31) ; https://www.sec.gov/Archives/edgar/data/91440/000009144022000005/,종가 215.38 × 주식수 53438639,19
Snap-on,SNA,2022Q1,2022-04-02,분기별 매출액,1185500000,USD,공시,https://www.sec.gov/Archives/edgar/data/91440/000009144022000014/,,19
Snap-on,SNA,2022Q1,2022-04-02,분기별 영업이익,293500000,USD,공시,https://www.sec.gov/Archives/edgar/data/91440/000009144022000014/,,19
Snap-on,SNA,2022Q1,2022-04-02,분기별 당기순이익(지배),217400000,USD,공시,https://www.sec.gov/Archives/edgar/data/91440/000009144022000014/,,19
Snap-on,SNA,2022Q1,2022-04-02,분기별 영업활동현금흐름,193900000,USD,공시,https://www.sec.gov/Archives/edgar/data/91440/000009144022000014/,,19
Snap-on,SNA,2022Q1,2022-04-02,분기말 자산총계,6895200000,USD,공시,https://www.sec.gov/Archives/edgar/data/91440/000009144022000014/,,19
Snap-on,SNA,2022Q1,2022-04-02,분기말 부채총계,2574600000,USD,공시,https://www.sec.gov/Archives/edgar/data/91440/000009144022000014/,,19
Snap-on,SNA,2022Q1,2022-04-02,분기말 총자본(자기자본),4320600000,USD,공시,https://www.sec.gov/Archives/edgar/data/91440/000009144022000014/,,19
Snap-on,SNA,2022Q1,2022-04-02,분기말 지배지분 자본,4298300000,USD,공시,https://www.sec.gov/Archives/edgar/data/91440/000009144022000014/,,19
Snap-on,SNA,2022Q1,2022-04-01,분기말 종가,203.7,USD,API,https://query1.finance.yahoo.com/v8/finance/chart/SNA?interval=1d&events=splits (2022-04-01),,19
Snap-on,SNA,2022Q1,2022-04-15,분기말 상장주식수,53374248,주,공시(표지 기준일),https://www.sec.gov/Archives/edgar/data/91440/000009144022000014/,dei:EntityCommonStockSharesOutstanding 클래스 합,19
Snap-on,SNA,2022Q1,2022-04-01,분기말 시가총액,10872334318,USD,계산(종가×주식수),https://query1.finance.yahoo.com/v8/finance/chart/SNA?interval=1d&events=splits (2022-04-01) ; https://www.sec.gov/Archives/edgar/data/91440/000009144022000014/,종가 203.7 × 주식수 53374248,19
Snap-on,SNA,2022Q2,2022-07-02,분기별 매출액,1223000000,USD,공시,https://www.sec.gov/Archives/edgar/data/91440/000009144022000026/,,19
Snap-on,SNA,2022Q2,2022-07-02,분기별 영업이익,311900000,USD,공시,https://www.sec.gov/Archives/edgar/data/91440/000009144022000026/,,19
Snap-on,SNA,2022Q2,2022-07-02,분기별 당기순이익(지배),231500000,USD,공시,https://www.sec.gov/Archives/edgar/data/91440/000009144022000026/,,19
Snap-on,SNA,2022Q2,2022-07-02,분기별 영업활동현금흐름,140800000,USD,계산(누적차감),https://www.sec.gov/Archives/edgar/data/91440/000009144022000026/ ; https://www.sec.gov/Archives/edgar/data/91440/000009144022000014/,누적 334700000 − 직전누적 193900000 (시작 2022-01-02),19
Snap-on,SNA,2022Q2,2022-07-02,분기말 자산총계,6864300000,USD,공시,https://www.sec.gov/Archives/edgar/data/91440/000009144022000026/,,19
Snap-on,SNA,2022Q2,2022-07-02,분기말 부채총계,2517500000,USD,공시,https://www.sec.gov/Archives/edgar/data/91440/000009144022000026/,,19
Snap-on,SNA,2022Q2,2022-07-02,분기말 총자본(자기자본),4346800000,USD,공시,https://www.sec.gov/Archives/edgar/data/91440/000009144022000026/,,19
Snap-on,SNA,2022Q2,2022-07-02,분기말 지배지분 자본,4324400000,USD,공시,https://www.sec.gov/Archives/edgar/data/91440/000009144022000026/,,19
Snap-on,SNA,2022Q2,2022-07-01,분기말 종가,198.24,USD,API,https://query1.finance.yahoo.com/v8/finance/chart/SNA?interval=1d&events=splits (2022-07-01),,19
Snap-on,SNA,2022Q2,2022-07-15,분기말 상장주식수,53267889,주,공시(표지 기준일),https://www.sec.gov/Archives/edgar/data/91440/000009144022000026/,dei:EntityCommonStockSharesOutstanding 클래스 합,19
Snap-on,SNA,2022Q2,2022-07-01,분기말 시가총액,10559826315,USD,계산(종가×주식수),https://query1.finance.yahoo.com/v8/finance/chart/SNA?interval=1d&events=splits (2022-07-01) ; https://www.sec.gov/Archives/edgar/data/91440/000009144022000026/,종가 198.24 × 주식수 53267889,19
Snap-on,SNA,2022Q3,2022-10-01,분기별 매출액,1189800000,USD,공시,https://www.sec.gov/Archives/edgar/data/91440/000009144022000031/,,19
Snap-on,SNA,2022Q3,2022-10-01,분기별 영업이익,289900000,USD,공시,https://www.sec.gov/Archives/edgar/data/91440/000009144022000031/,,19
Snap-on,SNA,2022Q3,2022-10-01,분기별 당기순이익(지배),223900000,USD,공시,https://www.sec.gov/Archives/edgar/data/91440/000009144022000031/,,19
Snap-on,SNA,2022Q3,2022-10-01,분기별 영업활동현금흐름,129900000,USD,계산(누적차감),https://www.sec.gov/Archives/edgar/data/91440/000009144022000031/ ; https://www.sec.gov/Archives/edgar/data/91440/000009144022000026/,누적 464600000 − 직전누적 334700000 (시작 2022-01-02),19
Snap-on,SNA,2022Q3,2022-10-01,분기말 자산총계,6835500000,USD,공시,https://www.sec.gov/Archives/edgar/data/91440/000009144022000031/,,19
Snap-on,SNA,2022Q3,2022-10-01,분기말 부채총계,2496000000,USD,공시,https://www.sec.gov/Archives/edgar/data/91440/000009144022000031/,,19
Snap-on,SNA,2022Q3,2022-10-01,분기말 총자본(자기자본),4339500000,USD,공시,https://www.sec.gov/Archives/edgar/data/91440/000009144022000031/,,19
Snap-on,SNA,2022Q3,2022-10-01,분기말 지배지분 자본,4317200000,USD,공시,https://www.sec.gov/Archives/edgar/data/91440/000009144022000031/,,19
Snap-on,SNA,2022Q3,2022-09-30,분기말 종가,201.35,USD,API,https://query1.finance.yahoo.com/v8/finance/chart/SNA?interval=1d&events=splits (2022-09-30),,19
Snap-on,SNA,2022Q3,2022-10-14,분기말 상장주식수,53154639,주,공시(표지 기준일),https://www.sec.gov/Archives/edgar/data/91440/000009144022000031/,dei:EntityCommonStockSharesOutstanding 클래스 합,19
Snap-on,SNA,2022Q3,2022-09-30,분기말 시가총액,10702686563,USD,계산(종가×주식수),https://query1.finance.yahoo.com/v8/finance/chart/SNA?interval=1d&events=splits (2022-09-30) ; https://www.sec.gov/Archives/edgar/data/91440/000009144022000031/,종가 201.35 × 주식수 53154639,19
Snap-on,SNA,2022Q4,2022-12-31,분기별 매출액,1244200000,USD,계산(연간-3분기누적),https://www.sec.gov/Archives/edgar/data/91440/000009144023000005/ ; https://www.sec.gov/Archives/edgar/data/91440/000009144022000031/,연간 4842500000 − 9개월누적 3598300000 (Revenues),19
Snap-on,SNA,2022Q4,2022-12-31,분기별 영업이익,311900000,USD,계산(연간-3분기누적),https://www.sec.gov/Archives/edgar/data/91440/000009144023000005/ ; https://www.sec.gov/Archives/edgar/data/91440/000009144022000031/,연간 1207200000 − 9개월누적 895300000 (OperatingIncomeLoss),19
Snap-on,SNA,2022Q4,2022-12-31,분기별 당기순이익(지배),238900000,USD,계산(연간-3분기누적),https://www.sec.gov/Archives/edgar/data/91440/000009144023000005/ ; https://www.sec.gov/Archives/edgar/data/91440/000009144022000031/,연간 911700000 − 9개월누적 672800000 (NetIncomeLoss),19
Snap-on,SNA,2022Q4,2022-12-31,분기별 영업활동현금흐름,210600000,USD,계산(누적차감),https://www.sec.gov/Archives/edgar/data/91440/000009144023000005/ ; https://www.sec.gov/Archives/edgar/data/91440/000009144022000031/,누적 675200000 − 직전누적 464600000 (시작 2022-01-02),19
Snap-on,SNA,2022Q4,2022-12-31,분기말 자산총계,6972800000,USD,공시,https://www.sec.gov/Archives/edgar/data/91440/000009144023000005/,,19
Snap-on,SNA,2022Q4,2022-12-31,분기말 부채총계,2469300000,USD,공시,https://www.sec.gov/Archives/edgar/data/91440/000009144023000005/,,19
Snap-on,SNA,2022Q4,2022-12-31,분기말 총자본(자기자본),4503500000,USD,공시,https://www.sec.gov/Archives/edgar/data/91440/000009144023000005/,,19
Snap-on,SNA,2022Q4,2022-12-31,분기말 지배지분 자본,4481300000,USD,공시,https://www.sec.gov/Archives/edgar/data/91440/000009144023000005/,,19
Snap-on,SNA,2022Q4,2022-12-30,분기말 종가,228.49,USD,API,https://query1.finance.yahoo.com/v8/finance/chart/SNA?interval=1d&events=splits (2022-12-30),,19
Snap-on,SNA,2022Q4,2023-02-03,분기말 상장주식수,53114455,주,공시(표지 기준일),https://www.sec.gov/Archives/edgar/data/91440/000009144023000005/,dei:EntityCommonStockSharesOutstanding 클래스 합,19
Snap-on,SNA,2022Q4,2022-12-30,분기말 시가총액,12136121823,USD,계산(종가×주식수),https://query1.finance.yahoo.com/v8/finance/chart/SNA?interval=1d&events=splits (2022-12-30) ; https://www.sec.gov/Archives/edgar/data/91440/000009144023000005/,종가 228.49 × 주식수 53114455,19
Snap-on,SNA,2023Q1,2023-04-01,분기별 매출액,1275600000,USD,공시,https://www.sec.gov/Archives/edgar/data/91440/000009144023000011/,,19
Snap-on,SNA,2023Q1,2023-04-01,분기별 영업이익,326100000,USD,공시,https://www.sec.gov/Archives/edgar/data/91440/000009144023000011/,,19
Snap-on,SNA,2023Q1,2023-04-01,분기별 당기순이익(지배),248700000,USD,공시,https://www.sec.gov/Archives/edgar/data/91440/000009144023000011/,,19
Snap-on,SNA,2023Q1,2023-04-01,분기별 영업활동현금흐름,301600000,USD,공시,https://www.sec.gov/Archives/edgar/data/91440/000009144023000011/,,19
Snap-on,SNA,2023Q1,2023-04-01,분기말 자산총계,7125600000,USD,공시,https://www.sec.gov/Archives/edgar/data/91440/000009144023000011/,,19
Snap-on,SNA,2023Q1,2023-04-01,분기말 부채총계,2493200000,USD,공시,https://www.sec.gov/Archives/edgar/data/91440/000009144023000011/,,19
Snap-on,SNA,2023Q1,2023-04-01,분기말 총자본(자기자본),4632400000,USD,공시,https://www.sec.gov/Archives/edgar/data/91440/000009144023000011/,,19
Snap-on,SNA,2023Q1,2023-04-01,분기말 지배지분 자본,4610200000,USD,공시,https://www.sec.gov/Archives/edgar/data/91440/000009144023000011/,,19
Snap-on,SNA,2023Q1,2023-03-31,분기말 종가,246.89,USD,API,https://query1.finance.yahoo.com/v8/finance/chart/SNA?interval=1d&events=splits (2023-03-31),,19
Snap-on,SNA,2023Q1,2023-04-14,분기말 상장주식수,52931821,주,공시(표지 기준일),https://www.sec.gov/Archives/edgar/data/91440/000009144023000011/,dei:EntityCommonStockSharesOutstanding 클래스 합,19
Snap-on,SNA,2023Q1,2023-03-31,분기말 시가총액,13068337287,USD,계산(종가×주식수),https://query1.finance.yahoo.com/v8/finance/chart/SNA?interval=1d&events=splits (2023-03-31) ; https://www.sec.gov/Archives/edgar/data/91440/000009144023000011/,종가 246.89 × 주식수 52931821,19
Snap-on,SNA,2023Q2,2023-07-01,분기별 매출액,1284700000,USD,공시,https://www.sec.gov/Archives/edgar/data/91440/000009144023000025/,,19
Snap-on,SNA,2023Q2,2023-07-01,분기별 영업이익,343900000,USD,공시,https://www.sec.gov/Archives/edgar/data/91440/000009144023000025/,,19
Snap-on,SNA,2023Q2,2023-07-01,분기별 당기순이익(지배),264000000,USD,공시,https://www.sec.gov/Archives/edgar/data/91440/000009144023000025/,,19
Snap-on,SNA,2023Q2,2023-07-01,분기별 영업활동현금흐름,270300000,USD,계산(누적차감),https://www.sec.gov/Archives/edgar/data/91440/000009144023000025/ ; https://www.sec.gov/Archives/edgar/data/91440/000009144023000011/,누적 571900000 − 직전누적 301600000 (시작 2023-01-01),19
Snap-on,SNA,2023Q2,2023-07-01,분기말 자산총계,7230400000,USD,공시,https://www.sec.gov/Archives/edgar/data/91440/000009144023000025/,,19
Snap-on,SNA,2023Q2,2023-07-01,분기말 부채총계,2451100000,USD,공시,https://www.sec.gov/Archives/edgar/data/91440/000009144023000025/,,19
Snap-on,SNA,2023Q2,2023-07-01,분기말 총자본(자기자본),4779300000,USD,공시,https://www.sec.gov/Archives/edgar/data/91440/000009144023000025/,,19
Snap-on,SNA,2023Q2,2023-07-01,분기말 지배지분 자본,4757100000,USD,공시,https://www.sec.gov/Archives/edgar/data/91440/000009144023000025/,,19
Snap-on,SNA,2023Q2,2023-06-30,분기말 종가,288.19,USD,API,https://query1.finance.yahoo.com/v8/finance/chart/SNA?interval=1d&events=splits (2023-06-30),,19
Snap-on,SNA,2023Q2,2023-07-14,분기말 상장주식수,52916548,주,공시(표지 기준일),https://www.sec.gov/Archives/edgar/data/91440/000009144023000025/,dei:EntityCommonStockSharesOutstanding 클래스 합,19
Snap-on,SNA,2023Q2,2023-06-30,분기말 시가총액,15250019968,USD,계산(종가×주식수),https://query1.finance.yahoo.com/v8/finance/chart/SNA?interval=1d&events=splits (2023-06-30) ; https://www.sec.gov/Archives/edgar/data/91440/000009144023000025/,종가 288.19 × 주식수 52916548,19
Snap-on,SNA,2023Q3,2023-09-30,분기별 매출액,1254200000,USD,공시,https://www.sec.gov/Archives/edgar/data/91440/000009144023000033/,,19
Snap-on,SNA,2023Q3,2023-09-30,분기별 영업이익,314600000,USD,공시,https://www.sec.gov/Archives/edgar/data/91440/000009144023000033/,,19
Snap-on,SNA,2023Q3,2023-09-30,분기별 당기순이익(지배),243100000,USD,공시,https://www.sec.gov/Archives/edgar/data/91440/000009144023000033/,,19
Snap-on,SNA,2023Q3,2023-09-30,분기별 영업활동현금흐름,285400000,USD,계산(누적차감),https://www.sec.gov/Archives/edgar/data/91440/000009144023000033/ ; https://www.sec.gov/Archives/edgar/data/91440/000009144023000025/,누적 857300000 − 직전누적 571900000 (시작 2023-01-01),19
Snap-on,SNA,2023Q3,2023-09-30,분기말 자산총계,7304300000,USD,공시,https://www.sec.gov/Archives/edgar/data/91440/000009144023000033/,,19
Snap-on,SNA,2023Q3,2023-09-30,분기말 부채총계,2451900000,USD,공시,https://www.sec.gov/Archives/edgar/data/91440/000009144023000033/,,19
Snap-on,SNA,2023Q3,2023-09-30,분기말 총자본(자기자본),4852400000,USD,공시,https://www.sec.gov/Archives/edgar/data/91440/000009144023000033/,,19
Snap-on,SNA,2023Q3,2023-09-30,분기말 지배지분 자본,4830200000,USD,공시,https://www.sec.gov/Archives/edgar/data/91440/000009144023000033/,,19
Snap-on,SNA,2023Q3,2023-09-29,분기말 종가,255.06,USD,API,https://query1.finance.yahoo.com/v8/finance/chart/SNA?interval=1d&events=splits (2023-09-29),,19
Snap-on,SNA,2023Q3,2023-10-13,분기말 상장주식수,52779959,주,공시(표지 기준일),https://www.sec.gov/Archives/edgar/data/91440/000009144023000033/,dei:EntityCommonStockSharesOutstanding 클래스 합,19
Snap-on,SNA,2023Q3,2023-09-29,분기말 시가총액,13462056343,USD,계산(종가×주식수),https://query1.finance.yahoo.com/v8/finance/chart/SNA?interval=1d&events=splits (2023-09-29) ; https://www.sec.gov/Archives/edgar/data/91440/000009144023000033/,종가 255.06 × 주식수 52779959,19
Snap-on,SNA,2023Q4,2023-12-30,분기별 매출액,1293800000,USD,계산(연간-3분기누적),https://www.sec.gov/Archives/edgar/data/91440/000009144024000005/ ; https://www.sec.gov/Archives/edgar/data/91440/000009144023000033/,연간 5108300000 − 9개월누적 3814500000 (Revenues),19
Snap-on,SNA,2023Q4,2023-12-30,분기별 영업이익,325800000,USD,계산(연간-3분기누적),https://www.sec.gov/Archives/edgar/data/91440/000009144024000005/ ; https://www.sec.gov/Archives/edgar/data/91440/000009144023000033/,연간 1310400000 − 9개월누적 984600000 (OperatingIncomeLoss),19
Snap-on,SNA,2023Q4,2023-12-30,분기별 당기순이익(지배),255300000,USD,계산(연간-3분기누적),https://www.sec.gov/Archives/edgar/data/91440/000009144024000005/ ; https://www.sec.gov/Archives/edgar/data/91440/000009144023000033/,연간 1011100000 − 9개월누적 755800000 (NetIncomeLoss),19
Snap-on,SNA,2023Q4,2023-12-30,분기별 영업활동현금흐름,296900000,USD,계산(누적차감),https://www.sec.gov/Archives/edgar/data/91440/000009144024000005/ ; https://www.sec.gov/Archives/edgar/data/91440/000009144023000033/,누적 1154200000 − 직전누적 857300000 (시작 2023-01-01),19
Snap-on,SNA,2023Q4,2023-12-30,분기말 자산총계,7544900000,USD,공시,https://www.sec.gov/Archives/edgar/data/91440/000009144024000005/,,19
Snap-on,SNA,2023Q4,2023-12-30,분기말 부채총계,2451500000,USD,공시,https://www.sec.gov/Archives/edgar/data/91440/000009144024000005/,,19
Snap-on,SNA,2023Q4,2023-12-30,분기말 총자본(자기자본),5093400000,USD,공시,https://www.sec.gov/Archives/edgar/data/91440/000009144024000005/,,19
Snap-on,SNA,2023Q4,2023-12-30,분기말 지배지분 자본,5071300000,USD,공시,https://www.sec.gov/Archives/edgar/data/91440/000009144024000005/,,19
Snap-on,SNA,2023Q4,2023-12-29,분기말 종가,288.84,USD,API,https://query1.finance.yahoo.com/v8/finance/chart/SNA?interval=1d&events=splits (2023-12-29),,19
Snap-on,SNA,2023Q4,2024-02-09,분기말 상장주식수,52713542,주,공시(표지 기준일),https://www.sec.gov/Archives/edgar/data/91440/000009144024000005/,dei:EntityCommonStockSharesOutstanding 클래스 합,19
Snap-on,SNA,2023Q4,2023-12-29,분기말 시가총액,15225779471,USD,계산(종가×주식수),https://query1.finance.yahoo.com/v8/finance/chart/SNA?interval=1d&events=splits (2023-12-29) ; https://www.sec.gov/Archives/edgar/data/91440/000009144024000005/,종가 288.84 × 주식수 52713542,19
Snap-on,SNA,2024Q1,2024-03-30,분기별 매출액,1281900000,USD,공시,https://www.sec.gov/Archives/edgar/data/91440/000009144024000029/,,19
Snap-on,SNA,2024Q1,2024-03-30,분기별 영업이익,339200000,USD,공시,https://www.sec.gov/Archives/edgar/data/91440/000009144024000029/,,19
Snap-on,SNA,2024Q1,2024-03-30,분기별 당기순이익(지배),263500000,USD,공시,https://www.sec.gov/Archives/edgar/data/91440/000009144024000029/,,19
Snap-on,SNA,2024Q1,2024-03-30,분기별 영업활동현금흐름,348700000,USD,공시,https://www.sec.gov/Archives/edgar/data/91440/000009144024000029/,,19
Snap-on,SNA,2024Q1,2024-03-30,분기말 자산총계,7666800000,USD,공시,https://www.sec.gov/Archives/edgar/data/91440/000009144024000029/,,19
Snap-on,SNA,2024Q1,2024-03-30,분기말 부채총계,2503500000,USD,공시,https://www.sec.gov/Archives/edgar/data/91440/000009144024000029/,,19
Snap-on,SNA,2024Q1,2024-03-30,분기말 총자본(자기자본),5163300000,USD,공시,https://www.sec.gov/Archives/edgar/data/91440/000009144024000029/,,19
Snap-on,SNA,2024Q1,2024-03-30,분기말 지배지분 자본,5141000000,USD,공시,https://www.sec.gov/Archives/edgar/data/91440/000009144024000029/,,19
Snap-on,SNA,2024Q1,2024-03-28,분기말 종가,296.22,USD,API,https://query1.finance.yahoo.com/v8/finance/chart/SNA?interval=1d&events=splits (2024-03-28),,19
Snap-on,SNA,2024Q1,2024-04-12,분기말 상장주식수,52718549,주,공시(표지 기준일),https://www.sec.gov/Archives/edgar/data/91440/000009144024000029/,dei:EntityCommonStockSharesOutstanding 클래스 합,19
Snap-on,SNA,2024Q1,2024-03-28,분기말 시가총액,15616288585,USD,계산(종가×주식수),https://query1.finance.yahoo.com/v8/finance/chart/SNA?interval=1d&events=splits (2024-03-28) ; https://www.sec.gov/Archives/edgar/data/91440/000009144024000029/,종가 296.22 × 주식수 52718549,19
Snap-on,SNA,2024Q2,2024-06-29,분기별 매출액,1279900000,USD,공시,https://www.sec.gov/Archives/edgar/data/91440/000009144024000051/,,19
Snap-on,SNA,2024Q2,2024-06-29,분기별 영업이익,350500000,USD,공시,https://www.sec.gov/Archives/edgar/data/91440/000009144024000051/,,19
Snap-on,SNA,2024Q2,2024-06-29,분기별 당기순이익(지배),271200000,USD,공시,https://www.sec.gov/Archives/edgar/data/91440/000009144024000051/,,19
Snap-on,SNA,2024Q2,2024-06-29,분기별 영업활동현금흐름,301100000,USD,계산(누적차감),https://www.sec.gov/Archives/edgar/data/91440/000009144024000051/ ; https://www.sec.gov/Archives/edgar/data/91440/000009144024000029/,누적 649800000 − 직전누적 348700000 (시작 2023-12-31),19
Snap-on,SNA,2024Q2,2024-06-29,분기말 자산총계,7759900000,USD,공시,https://www.sec.gov/Archives/edgar/data/91440/000009144024000051/,,19
Snap-on,SNA,2024Q2,2024-06-29,분기말 부채총계,2451000000,USD,공시,https://www.sec.gov/Archives/edgar/data/91440/000009144024000051/,,19
Snap-on,SNA,2024Q2,2024-06-29,분기말 총자본(자기자본),5308900000,USD,공시,https://www.sec.gov/Archives/edgar/data/91440/000009144024000051/,,19
Snap-on,SNA,2024Q2,2024-06-29,분기말 지배지분 자본,5286300000,USD,공시,https://www.sec.gov/Archives/edgar/data/91440/000009144024000051/,,19
Snap-on,SNA,2024Q2,2024-06-28,분기말 종가,261.39,USD,API,https://query1.finance.yahoo.com/v8/finance/chart/SNA?interval=1d&events=splits (2024-06-28),,19
Snap-on,SNA,2024Q2,2024-07-12,분기말 상장주식수,52682657,주,공시(표지 기준일),https://www.sec.gov/Archives/edgar/data/91440/000009144024000051/,dei:EntityCommonStockSharesOutstanding 클래스 합,19
Snap-on,SNA,2024Q2,2024-06-28,분기말 시가총액,13770719713,USD,계산(종가×주식수),https://query1.finance.yahoo.com/v8/finance/chart/SNA?interval=1d&events=splits (2024-06-28) ; https://www.sec.gov/Archives/edgar/data/91440/000009144024000051/,종가 261.39 × 주식수 52682657,19
Snap-on,SNA,2024Q3,2024-09-28,분기별 매출액,1247400000,USD,공시,https://www.sec.gov/Archives/edgar/data/91440/000009144024000062/,,19
Snap-on,SNA,2024Q3,2024-09-28,분기별 영업이익,324100000,USD,공시(후속 보고서 비교기간),https://www.sec.gov/Archives/edgar/data/91440/000009144025000081/,OperatingIncomeLoss ; 그 분기 보고서에 연결 총계가 없어 2025-10-16 제출본의 비교기간에서 읽었다,19
Snap-on,SNA,2024Q3,2024-09-28,분기별 당기순이익(지배),251100000,USD,공시,https://www.sec.gov/Archives/edgar/data/91440/000009144024000062/,,19
Snap-on,SNA,2024Q3,2024-09-28,분기별 영업활동현금흐름,274200000,USD,계산(누적차감),https://www.sec.gov/Archives/edgar/data/91440/000009144024000062/ ; https://www.sec.gov/Archives/edgar/data/91440/000009144024000051/,누적 924000000 − 직전누적 649800000 (시작 2023-12-31),19
Snap-on,SNA,2024Q3,2024-09-28,분기말 자산총계,7953300000,USD,공시,https://www.sec.gov/Archives/edgar/data/91440/000009144024000062/,,19
Snap-on,SNA,2024Q3,2024-09-28,분기말 부채총계,2455600000,USD,공시,https://www.sec.gov/Archives/edgar/data/91440/000009144024000062/,,19
Snap-on,SNA,2024Q3,2024-09-28,분기말 총자본(자기자본),5497700000,USD,공시,https://www.sec.gov/Archives/edgar/data/91440/000009144024000062/,,19
Snap-on,SNA,2024Q3,2024-09-28,분기말 지배지분 자본,5475000000,USD,공시,https://www.sec.gov/Archives/edgar/data/91440/000009144024000062/,,19
Snap-on,SNA,2024Q3,2024-09-27,분기말 종가,288.51,USD,API,https://query1.finance.yahoo.com/v8/finance/chart/SNA?interval=1d&events=splits (2024-09-27),,19
Snap-on,SNA,2024Q3,2024-10-11,분기말 상장주식수,52507402,주,공시(표지 기준일),https://www.sec.gov/Archives/edgar/data/91440/000009144024000062/,dei:EntityCommonStockSharesOutstanding 클래스 합,19
Snap-on,SNA,2024Q3,2024-09-27,분기말 시가총액,15148910551,USD,계산(종가×주식수),https://query1.finance.yahoo.com/v8/finance/chart/SNA?interval=1d&events=splits (2024-09-27) ; https://www.sec.gov/Archives/edgar/data/91440/000009144024000062/,종가 288.51 × 주식수 52507402,19
Snap-on,SNA,2024Q4,2024-12-28,분기별 매출액,1299200000,USD,계산(연간-3분기누적),https://www.sec.gov/Archives/edgar/data/91440/000009144025000010/ ; https://www.sec.gov/Archives/edgar/data/91440/000009144024000062/,연간 5108400000 − 9개월누적 3809200000 (Revenues),19
Snap-on,SNA,2024Q4,2024-12-28,분기별 영업이익,331900000,USD,계산(연간-3분기누적),https://www.sec.gov/Archives/edgar/data/91440/000009144025000010/ ; https://www.sec.gov/Archives/edgar/data/91440/000009144025000081/,연간 1345700000 − 9개월누적 1013800000 (OperatingIncomeLoss),19
Snap-on,SNA,2024Q4,2024-12-28,분기별 당기순이익(지배),258100000,USD,계산(연간-3분기누적),https://www.sec.gov/Archives/edgar/data/91440/000009144025000010/ ; https://www.sec.gov/Archives/edgar/data/91440/000009144024000062/,연간 1043900000 − 9개월누적 785800000 (NetIncomeLoss),19
Snap-on,SNA,2024Q4,2024-12-28,분기별 영업활동현금흐름,293500000,USD,계산(누적차감),https://www.sec.gov/Archives/edgar/data/91440/000009144025000010/ ; https://www.sec.gov/Archives/edgar/data/91440/000009144024000062/,누적 1217500000 − 직전누적 924000000 (시작 2023-12-31),19
Snap-on,SNA,2024Q4,2024-12-28,분기말 자산총계,7896800000,USD,공시,https://www.sec.gov/Archives/edgar/data/91440/000009144025000010/,,19
Snap-on,SNA,2024Q4,2024-12-28,분기말 부채총계,2479800000,USD,공시,https://www.sec.gov/Archives/edgar/data/91440/000009144025000010/,,19
Snap-on,SNA,2024Q4,2024-12-28,분기말 총자본(자기자본),5417000000,USD,공시,https://www.sec.gov/Archives/edgar/data/91440/000009144025000010/,,19
Snap-on,SNA,2024Q4,2024-12-28,분기말 지배지분 자본,5394100000,USD,공시,https://www.sec.gov/Archives/edgar/data/91440/000009144025000010/,,19
Snap-on,SNA,2024Q4,2024-12-27,분기말 종가,343.55,USD,API,https://query1.finance.yahoo.com/v8/finance/chart/SNA?interval=1d&events=splits (2024-12-27),,19
Snap-on,SNA,2024Q4,2025-02-07,분기말 상장주식수,52393235,주,공시(표지 기준일),https://www.sec.gov/Archives/edgar/data/91440/000009144025000010/,dei:EntityCommonStockSharesOutstanding 클래스 합,19
Snap-on,SNA,2024Q4,2024-12-27,분기말 시가총액,17999695884,USD,계산(종가×주식수),https://query1.finance.yahoo.com/v8/finance/chart/SNA?interval=1d&events=splits (2024-12-27) ; https://www.sec.gov/Archives/edgar/data/91440/000009144025000010/,종가 343.55 × 주식수 52393235,19
Snap-on,SNA,2025Q1,2025-03-29,분기별 매출액,1243200000,USD,공시,https://www.sec.gov/Archives/edgar/data/91440/000009144025000031/,,19
Snap-on,SNA,2025Q1,2025-03-29,분기별 영업이익,313400000,USD,공시,https://www.sec.gov/Archives/edgar/data/91440/000009144025000031/,,19
Snap-on,SNA,2025Q1,2025-03-29,분기별 당기순이익(지배),240500000,USD,공시,https://www.sec.gov/Archives/edgar/data/91440/000009144025000031/,,19
Snap-on,SNA,2025Q1,2025-03-29,분기별 영업활동현금흐름,298500000,USD,공시,https://www.sec.gov/Archives/edgar/data/91440/000009144025000031/,,19
Snap-on,SNA,2025Q1,2025-03-29,분기말 자산총계,8069000000,USD,공시,https://www.sec.gov/Archives/edgar/data/91440/000009144025000031/,,19
Snap-on,SNA,2025Q1,2025-03-29,분기말 부채총계,2524900000,USD,공시,https://www.sec.gov/Archives/edgar/data/91440/000009144025000031/,,19
Snap-on,SNA,2025Q1,2025-03-29,분기말 총자본(자기자본),5544100000,USD,공시,https://www.sec.gov/Archives/edgar/data/91440/000009144025000031/,,19
Snap-on,SNA,2025Q1,2025-03-29,분기말 지배지분 자본,5520800000,USD,공시,https://www.sec.gov/Archives/edgar/data/91440/000009144025000031/,,19
Snap-on,SNA,2025Q1,2025-03-28,분기말 종가,329.31,USD,API,https://query1.finance.yahoo.com/v8/finance/chart/SNA?interval=1d&events=splits (2025-03-28),,19
Snap-on,SNA,2025Q1,2025-04-11,분기말 상장주식수,52291024,주,공시(표지 기준일),https://www.sec.gov/Archives/edgar/data/91440/000009144025000031/,dei:EntityCommonStockSharesOutstanding 클래스 합,19
Snap-on,SNA,2025Q1,2025-03-28,분기말 시가총액,17219957113,USD,계산(종가×주식수),https://query1.finance.yahoo.com/v8/finance/chart/SNA?interval=1d&events=splits (2025-03-28) ; https://www.sec.gov/Archives/edgar/data/91440/000009144025000031/,종가 329.31 × 주식수 52291024,19
Snap-on,SNA,2025Q2,2025-06-28,분기별 매출액,1281100000,USD,공시,https://www.sec.gov/Archives/edgar/data/91440/000009144025000064/,,19
Snap-on,SNA,2025Q2,2025-06-28,분기별 영업이익,327300000,USD,공시,https://www.sec.gov/Archives/edgar/data/91440/000009144025000064/,,19
Snap-on,SNA,2025Q2,2025-06-28,분기별 당기순이익(지배),250300000,USD,공시,https://www.sec.gov/Archives/edgar/data/91440/000009144025000064/,,19
Snap-on,SNA,2025Q2,2025-06-28,분기별 영업활동현금흐름,237200000,USD,계산(누적차감),https://www.sec.gov/Archives/edgar/data/91440/000009144025000064/ ; https://www.sec.gov/Archives/edgar/data/91440/000009144025000031/,누적 535700000 − 직전누적 298500000 (시작 2024-12-29),19
Snap-on,SNA,2025Q2,2025-06-28,분기말 자산총계,8201800000,USD,공시,https://www.sec.gov/Archives/edgar/data/91440/000009144025000064/,,19
Snap-on,SNA,2025Q2,2025-06-28,분기말 부채총계,2462300000,USD,공시,https://www.sec.gov/Archives/edgar/data/91440/000009144025000064/,,19
Snap-on,SNA,2025Q2,2025-06-28,분기말 총자본(자기자본),5739500000,USD,공시,https://www.sec.gov/Archives/edgar/data/91440/000009144025000064/,,19
Snap-on,SNA,2025Q2,2025-06-28,분기말 지배지분 자본,5715500000,USD,공시,https://www.sec.gov/Archives/edgar/data/91440/000009144025000064/,,19
Snap-on,SNA,2025Q2,2025-06-27,분기말 종가,311.01,USD,API,https://query1.finance.yahoo.com/v8/finance/chart/SNA?interval=1d&events=splits (2025-06-27),,19
Snap-on,SNA,2025Q2,2025-07-11,분기말 상장주식수,52163371,주,공시(표지 기준일),https://www.sec.gov/Archives/edgar/data/91440/000009144025000064/,dei:EntityCommonStockSharesOutstanding 클래스 합,19
Snap-on,SNA,2025Q2,2025-06-27,분기말 시가총액,16223330015,USD,계산(종가×주식수),https://query1.finance.yahoo.com/v8/finance/chart/SNA?interval=1d&events=splits (2025-06-27) ; https://www.sec.gov/Archives/edgar/data/91440/000009144025000064/,종가 311.01 × 주식수 52163371,19
Snap-on,SNA,2025Q3,2025-09-27,분기별 매출액,1291900000,USD,공시,https://www.sec.gov/Archives/edgar/data/91440/000009144025000081/,,19
Snap-on,SNA,2025Q3,2025-09-27,분기별 영업이익,347400000,USD,공시,https://www.sec.gov/Archives/edgar/data/91440/000009144025000081/,,19
Snap-on,SNA,2025Q3,2025-09-27,분기별 당기순이익(지배),265400000,USD,공시,https://www.sec.gov/Archives/edgar/data/91440/000009144025000081/,,19
Snap-on,SNA,2025Q3,2025-09-27,분기별 영업활동현금흐름,277900000,USD,계산(누적차감),https://www.sec.gov/Archives/edgar/data/91440/000009144025000081/ ; https://www.sec.gov/Archives/edgar/data/91440/000009144025000064/,누적 813600000 − 직전누적 535700000 (시작 2024-12-29),19
Snap-on,SNA,2025Q3,2025-09-27,분기말 자산총계,8355600000,USD,공시,https://www.sec.gov/Archives/edgar/data/91440/000009144025000081/,,19
Snap-on,SNA,2025Q3,2025-09-27,분기말 부채총계,2511800000,USD,공시,https://www.sec.gov/Archives/edgar/data/91440/000009144025000081/,,19
Snap-on,SNA,2025Q3,2025-09-27,분기말 총자본(자기자본),5843800000,USD,공시,https://www.sec.gov/Archives/edgar/data/91440/000009144025000081/,,19
Snap-on,SNA,2025Q3,2025-09-27,분기말 지배지분 자본,5819000000,USD,공시,https://www.sec.gov/Archives/edgar/data/91440/000009144025000081/,,19
Snap-on,SNA,2025Q3,2025-09-26,분기말 종가,341.91,USD,API,https://query1.finance.yahoo.com/v8/finance/chart/SNA?interval=1d&events=splits (2025-09-26),,19
Snap-on,SNA,2025Q3,2025-10-10,분기말 상장주식수,52007557,주,공시(표지 기준일),https://www.sec.gov/Archives/edgar/data/91440/000009144025000081/,dei:EntityCommonStockSharesOutstanding 클래스 합,19
Snap-on,SNA,2025Q3,2025-09-26,분기말 시가총액,17781903814,USD,계산(종가×주식수),https://query1.finance.yahoo.com/v8/finance/chart/SNA?interval=1d&events=splits (2025-09-26) ; https://www.sec.gov/Archives/edgar/data/91440/000009144025000081/,종가 341.91 × 주식수 52007557,19
Snap-on,SNA,2025Q4,2026-01-03,분기별 매출액,1339900000,USD,계산(연간-3분기누적),https://www.sec.gov/Archives/edgar/data/91440/000009144026000045/ ; https://www.sec.gov/Archives/edgar/data/91440/000009144025000081/,연간 5156100000 − 9개월누적 3816200000 (Revenues),19
Snap-on,SNA,2025Q4,2026-01-03,분기별 영업이익,339600000,USD,계산(연간-3분기누적),https://www.sec.gov/Archives/edgar/data/91440/000009144026000045/ ; https://www.sec.gov/Archives/edgar/data/91440/000009144025000081/,연간 1327700000 − 9개월누적 988100000 (OperatingIncomeLoss),19
Snap-on,SNA,2025Q4,2026-01-03,분기별 당기순이익(지배),260700000,USD,계산(연간-3분기누적),https://www.sec.gov/Archives/edgar/data/91440/000009144026000045/ ; https://www.sec.gov/Archives/edgar/data/91440/000009144025000081/,연간 1016900000 − 9개월누적 756200000 (NetIncomeLoss),19
Snap-on,SNA,2025Q4,2026-01-03,분기별 영업활동현금흐름,268100000,USD,계산(누적차감),https://www.sec.gov/Archives/edgar/data/91440/000009144026000045/ ; https://www.sec.gov/Archives/edgar/data/91440/000009144025000081/,누적 1081700000 − 직전누적 813600000 (시작 2024-12-29),19
Snap-on,SNA,2025Q4,2026-01-03,분기말 자산총계,8412300000,USD,공시,https://www.sec.gov/Archives/edgar/data/91440/000009144026000045/,,19
Snap-on,SNA,2025Q4,2026-01-03,분기말 부채총계,2455500000,USD,공시,https://www.sec.gov/Archives/edgar/data/91440/000009144026000045/,,19
Snap-on,SNA,2025Q4,2026-01-03,분기말 총자본(자기자본),5956800000,USD,공시,https://www.sec.gov/Archives/edgar/data/91440/000009144026000045/,,19
Snap-on,SNA,2025Q4,2026-01-03,분기말 지배지분 자본,5931800000,USD,공시,https://www.sec.gov/Archives/edgar/data/91440/000009144026000045/,,19
Snap-on,SNA,2025Q4,2026-01-02,분기말 종가,350.95,USD,API,https://query1.finance.yahoo.com/v8/finance/chart/SNA?interval=1d&events=splits (2026-01-02),,19
Snap-on,SNA,2025Q4,2026-02-06,분기말 상장주식수,51913121,주,공시(표지 기준일),https://www.sec.gov/Archives/edgar/data/91440/000009144026000045/,dei:EntityCommonStockSharesOutstanding 클래스 합,19
Snap-on,SNA,2025Q4,2026-01-02,분기말 시가총액,18218909815,USD,계산(종가×주식수),https://query1.finance.yahoo.com/v8/finance/chart/SNA?interval=1d&events=splits (2026-01-02) ; https://www.sec.gov/Archives/edgar/data/91440/000009144026000045/,종가 350.95 × 주식수 51913121,19
Snap-on,SNA,2026Q1,2026-04-04,분기별 매출액,1308300000,USD,공시,https://www.sec.gov/Archives/edgar/data/91440/000009144026000109/,,19
Snap-on,SNA,2026Q1,2026-04-04,분기별 영업이익,318800000,USD,공시,https://www.sec.gov/Archives/edgar/data/91440/000009144026000109/,,19
Snap-on,SNA,2026Q1,2026-04-04,분기별 당기순이익(지배),247000000,USD,공시,https://www.sec.gov/Archives/edgar/data/91440/000009144026000109/,,19
Snap-on,SNA,2026Q1,2026-04-04,분기별 영업활동현금흐름,368700000,USD,공시,https://www.sec.gov/Archives/edgar/data/91440/000009144026000109/,,19
Snap-on,SNA,2026Q1,2026-04-04,분기말 자산총계,8516400000,USD,공시,https://www.sec.gov/Archives/edgar/data/91440/000009144026000109/,,19
Snap-on,SNA,2026Q1,2026-04-04,분기말 부채총계,2533300000,USD,공시,https://www.sec.gov/Archives/edgar/data/91440/000009144026000109/,,19
Snap-on,SNA,2026Q1,2026-04-04,분기말 총자본(자기자본),5983100000,USD,공시,https://www.sec.gov/Archives/edgar/data/91440/000009144026000109/,,19
Snap-on,SNA,2026Q1,2026-04-04,분기말 지배지분 자본,5958100000,USD,공시,https://www.sec.gov/Archives/edgar/data/91440/000009144026000109/,,19
Snap-on,SNA,2026Q1,2026-04-02,분기말 종가,365.58,USD,API,https://query1.finance.yahoo.com/v8/finance/chart/SNA?interval=1d&events=splits (2026-04-02),,19
Snap-on,SNA,2026Q1,2026-04-17,분기말 상장주식수,51801916,주,공시(표지 기준일),https://www.sec.gov/Archives/edgar/data/91440/000009144026000109/,dei:EntityCommonStockSharesOutstanding 클래스 합,19
Snap-on,SNA,2026Q1,2026-04-02,분기말 시가총액,18937744451,USD,계산(종가×주식수),https://query1.finance.yahoo.com/v8/finance/chart/SNA?interval=1d&events=splits (2026-04-02) ; https://www.sec.gov/Archives/edgar/data/91440/000009144026000109/,종가 365.58 × 주식수 51801916,19
Snap-on,SNA,2026Q2,2026-07-04,분기별 매출액,1334800000,USD,공시,https://www.sec.gov/Archives/edgar/data/91440/000009144026000144/,,19
Snap-on,SNA,2026Q2,2026-07-04,분기별 영업이익,336400000,USD,공시,https://www.sec.gov/Archives/edgar/data/91440/000009144026000144/,,19
Snap-on,SNA,2026Q2,2026-07-04,분기별 당기순이익(지배),260600000,USD,공시,https://www.sec.gov/Archives/edgar/data/91440/000009144026000144/,,19
Snap-on,SNA,2026Q2,2026-07-04,분기별 영업활동현금흐름,271500000,USD,계산(누적차감),https://www.sec.gov/Archives/edgar/data/91440/000009144026000144/ ; https://www.sec.gov/Archives/edgar/data/91440/000009144026000109/,누적 640200000 − 직전누적 368700000 (시작 2026-01-04),19
Snap-on,SNA,2026Q2,2026-07-04,분기말 자산총계,8640900000,USD,공시,https://www.sec.gov/Archives/edgar/data/91440/000009144026000144/,,19
Snap-on,SNA,2026Q2,2026-07-04,분기말 부채총계,2574600000,USD,공시,https://www.sec.gov/Archives/edgar/data/91440/000009144026000144/,,19
Snap-on,SNA,2026Q2,2026-07-04,분기말 총자본(자기자본),6066300000,USD,공시,https://www.sec.gov/Archives/edgar/data/91440/000009144026000144/,,19
Snap-on,SNA,2026Q2,2026-07-04,분기말 지배지분 자본,6041300000,USD,공시,https://www.sec.gov/Archives/edgar/data/91440/000009144026000144/,,19
Snap-on,SNA,2026Q2,2026-07-02,분기말 종가,412.09,USD,API,https://query1.finance.yahoo.com/v8/finance/chart/SNA?interval=1d&events=splits (2026-07-02),,19
Snap-on,SNA,2026Q2,2026-07-17,분기말 상장주식수,51727124,주,공시(표지 기준일),https://www.sec.gov/Archives/edgar/data/91440/000009144026000144/,dei:EntityCommonStockSharesOutstanding 클래스 합,19
Snap-on,SNA,2026Q2,2026-07-02,분기말 시가총액,21316230529,USD,계산(종가×주식수),https://query1.finance.yahoo.com/v8/finance/chart/SNA?interval=1d&events=splits (2026-07-02) ; https://www.sec.gov/Archives/edgar/data/91440/000009144026000144/,종가 412.09 × 주식수 51727124,19
