기업,종목코드,기간,기준일,항목,값,통화,값구분,출처,검산,라운드
Tapestry,TPR,2010Q1,2010-03-27,분기별 매출액,830669000,USD,공시,https://www.sec.gov/Archives/edgar/data/1116132/000114420410024723/,,16
Tapestry,TPR,2010Q1,2010-03-27,분기별 영업이익,249122000,USD,공시,https://www.sec.gov/Archives/edgar/data/1116132/000114420410024723/,,16
Tapestry,TPR,2010Q1,2010-03-27,분기별 당기순이익(지배),157636000,USD,공시(비지배 없음),https://www.sec.gov/Archives/edgar/data/1116132/000114420410024723/,,16
Tapestry,TPR,2010Q1,2010-03-27,분기별 영업활동현금흐름,205116000,USD,계산(누적차감),https://www.sec.gov/Archives/edgar/data/1116132/000114420410024723/ ; https://www.sec.gov/Archives/edgar/data/1116132/000114420410005154/,누적 809352000 − 직전누적 604236000 (시작 2009-06-28),16
Tapestry,TPR,2010Q1,2010-03-27,분기말 자산총계,2641987000,USD,공시,https://www.sec.gov/Archives/edgar/data/1116132/000114420410024723/,,16
Tapestry,TPR,2010Q1,2010-03-27,분기말 부채총계,978594000,USD,공시,https://www.sec.gov/Archives/edgar/data/1116132/000114420410024723/,,16
Tapestry,TPR,2010Q1,2010-03-27,분기말 총자본(자기자본),1663393000,USD,공시,https://www.sec.gov/Archives/edgar/data/1116132/000114420410024723/,,16
Tapestry,TPR,2010Q1,2010-03-27,분기말 지배지분 자본,1663393000,USD,공시(비지배 없음),https://www.sec.gov/Archives/edgar/data/1116132/000114420410024723/,"StockholdersEquityIncludingPortionAttributableToNoncontrollingInterest, MinorityInterest 태그 없음",16
Tapestry,TPR,2010Q1,2010-03-26,분기말 종가,40.31,USD,API,https://query1.finance.yahoo.com/v8/finance/chart/TPR?interval=1d&events=splits (2010-03-26),,16
Tapestry,TPR,2010Q1,2010-04-23,분기말 상장주식수,305105043,주,공시(표지 기준일),https://www.sec.gov/Archives/edgar/data/1116132/000114420410024723/,dei:EntityCommonStockSharesOutstanding 클래스 합,16
Tapestry,TPR,2010Q1,2010-03-26,분기말 시가총액,12298784283,USD,계산(종가×주식수),https://query1.finance.yahoo.com/v8/finance/chart/TPR?interval=1d&events=splits (2010-03-26) ; https://www.sec.gov/Archives/edgar/data/1116132/000114420410024723/,종가 40.31 × 주식수 305105043,16
Tapestry,TPR,2010Q2,2010-07-03,분기별 매출액,950525000,USD,계산(연간-3분기누적),https://www.sec.gov/Archives/edgar/data/1116132/000114420410046620/ ; https://www.sec.gov/Archives/edgar/data/1116132/000114420410024723/,연간 3607636000 − 9개월누적 2657111000 (SalesRevenueNet),16
Tapestry,TPR,2010Q2,2010-07-03,분기별 영업이익,296965000,USD,계산(연간-3분기누적),https://www.sec.gov/Archives/edgar/data/1116132/000114420410046620/ ; https://www.sec.gov/Archives/edgar/data/1116132/000114420410024723/,연간 1150171000 − 9개월누적 853206000 (OperatingIncomeLoss),16
Tapestry,TPR,2010Q2,2010-07-03,분기별 당기순이익(지배),미확인,USD,미확인,https://www.sec.gov/Archives/edgar/data/1116132/000114420410046620/,,16
Tapestry,TPR,2010Q2,2010-07-03,분기별 영업활동현금흐름,181525000,USD,계산(누적차감),https://www.sec.gov/Archives/edgar/data/1116132/000114420410046620/ ; https://www.sec.gov/Archives/edgar/data/1116132/000114420410024723/,누적 990877000 − 직전누적 809352000 (시작 2009-06-28),16
Tapestry,TPR,2010Q2,2010-07-03,분기말 자산총계,2467115000,USD,공시,https://www.sec.gov/Archives/edgar/data/1116132/000114420410046620/,,16
Tapestry,TPR,2010Q2,2010-07-03,분기말 부채총계,961822000,USD,공시,https://www.sec.gov/Archives/edgar/data/1116132/000114420410046620/,,16
Tapestry,TPR,2010Q2,2010-07-03,분기말 총자본(자기자본),1505293000,USD,공시(비지배 없음),https://www.sec.gov/Archives/edgar/data/1116132/000114420410046620/,"StockholdersEquity, MinorityInterest 태그 없음",16
Tapestry,TPR,2010Q2,2010-07-03,분기말 지배지분 자본,1505293000,USD,공시,https://www.sec.gov/Archives/edgar/data/1116132/000114420410046620/,,16
Tapestry,TPR,2010Q2,2010-07-02,분기말 종가,35.77,USD,API,https://query1.finance.yahoo.com/v8/finance/chart/TPR?interval=1d&events=splits (2010-07-02),,16
Tapestry,TPR,2010Q2,2010-08-06,분기말 상장주식수,297406007,주,공시(표지 기준일),https://www.sec.gov/Archives/edgar/data/1116132/000114420410046620/,dei:EntityCommonStockSharesOutstanding 클래스 합,16
Tapestry,TPR,2010Q2,2010-07-02,분기말 시가총액,10638212870,USD,계산(종가×주식수),https://query1.finance.yahoo.com/v8/finance/chart/TPR?interval=1d&events=splits (2010-07-02) ; https://www.sec.gov/Archives/edgar/data/1116132/000114420410046620/,종가 35.77 × 주식수 297406007,16
Tapestry,TPR,2010Q3,2010-10-02,분기별 매출액,911669000,USD,공시,https://www.sec.gov/Archives/edgar/data/1116132/000114420410058246/,,16
Tapestry,TPR,2010Q3,2010-10-02,분기별 영업이익,285660000,USD,공시,https://www.sec.gov/Archives/edgar/data/1116132/000114420410058246/,,16
Tapestry,TPR,2010Q3,2010-10-02,분기별 당기순이익(지배),188876000,USD,공시,https://www.sec.gov/Archives/edgar/data/1116132/000114420410058246/,,16
Tapestry,TPR,2010Q3,2010-10-02,분기별 영업활동현금흐름,177456000,USD,공시,https://www.sec.gov/Archives/edgar/data/1116132/000114420410058246/,,16
Tapestry,TPR,2010Q3,2010-10-02,분기말 자산총계,2609830000,USD,공시,https://www.sec.gov/Archives/edgar/data/1116132/000114420410058246/,,16
Tapestry,TPR,2010Q3,2010-10-02,분기말 부채총계,1027157000,USD,공시,https://www.sec.gov/Archives/edgar/data/1116132/000114420410058246/,,16
Tapestry,TPR,2010Q3,2010-10-02,분기말 총자본(자기자본),1582673000,USD,공시(비지배 없음),https://www.sec.gov/Archives/edgar/data/1116132/000114420410058246/,"StockholdersEquity, MinorityInterest 태그 없음",16
Tapestry,TPR,2010Q3,2010-10-02,분기말 지배지분 자본,1582673000,USD,공시,https://www.sec.gov/Archives/edgar/data/1116132/000114420410058246/,,16
Tapestry,TPR,2010Q3,2010-10-01,분기말 종가,43.12,USD,API,https://query1.finance.yahoo.com/v8/finance/chart/TPR?interval=1d&events=splits (2010-10-01),,16
Tapestry,TPR,2010Q3,2010-10-29,분기말 상장주식수,296381251,주,공시(표지 기준일),https://www.sec.gov/Archives/edgar/data/1116132/000114420410058246/,dei:EntityCommonStockSharesOutstanding 클래스 합,16
Tapestry,TPR,2010Q3,2010-10-01,분기말 시가총액,12779959543,USD,계산(종가×주식수),https://query1.finance.yahoo.com/v8/finance/chart/TPR?interval=1d&events=splits (2010-10-01) ; https://www.sec.gov/Archives/edgar/data/1116132/000114420410058246/,종가 43.12 × 주식수 296381251,16
Tapestry,TPR,2010Q4,2011-01-01,분기별 매출액,1264457000,USD,공시,https://www.sec.gov/Archives/edgar/data/1116132/000114420411007005/,,16
Tapestry,TPR,2010Q4,2011-01-01,분기별 영업이익,453335000,USD,공시,https://www.sec.gov/Archives/edgar/data/1116132/000114420411007005/,,16
Tapestry,TPR,2010Q4,2011-01-01,분기별 당기순이익(지배),303428000,USD,공시,https://www.sec.gov/Archives/edgar/data/1116132/000114420411007005/,,16
Tapestry,TPR,2010Q4,2011-01-01,분기별 영업활동현금흐름,407760000,USD,계산(누적차감),https://www.sec.gov/Archives/edgar/data/1116132/000114420411007005/ ; https://www.sec.gov/Archives/edgar/data/1116132/000114420410058246/,누적 585216000 − 직전누적 177456000 (시작 2010-07-04),16
Tapestry,TPR,2010Q4,2011-01-01,분기말 자산총계,2794671000,USD,공시,https://www.sec.gov/Archives/edgar/data/1116132/000114420411007005/,,16
Tapestry,TPR,2010Q4,2011-01-01,분기말 부채총계,1056213000,USD,공시,https://www.sec.gov/Archives/edgar/data/1116132/000114420411007005/,,16
Tapestry,TPR,2010Q4,2011-01-01,분기말 총자본(자기자본),1738458000,USD,공시(비지배 없음),https://www.sec.gov/Archives/edgar/data/1116132/000114420411007005/,"StockholdersEquity, MinorityInterest 태그 없음",16
Tapestry,TPR,2010Q4,2011-01-01,분기말 지배지분 자본,1738458000,USD,공시,https://www.sec.gov/Archives/edgar/data/1116132/000114420411007005/,,16
Tapestry,TPR,2010Q4,2010-12-31,분기말 종가,55.31,USD,API,https://query1.finance.yahoo.com/v8/finance/chart/TPR?interval=1d&events=splits (2010-12-31),,16
Tapestry,TPR,2010Q4,2011-01-25,분기말 상장주식수,295774252,주,공시(표지 기준일),https://www.sec.gov/Archives/edgar/data/1116132/000114420411007005/,dei:EntityCommonStockSharesOutstanding 클래스 합,16
Tapestry,TPR,2010Q4,2010-12-31,분기말 시가총액,16359273878,USD,계산(종가×주식수),https://query1.finance.yahoo.com/v8/finance/chart/TPR?interval=1d&events=splits (2010-12-31) ; https://www.sec.gov/Archives/edgar/data/1116132/000114420411007005/,종가 55.31 × 주식수 295774252,16
Tapestry,TPR,2011Q1,2011-04-02,분기별 매출액,950706000,USD,공시,https://www.sec.gov/Archives/edgar/data/1116132/000114420411028134/,,16
Tapestry,TPR,2011Q1,2011-04-02,분기별 영업이익,253837000,USD,공시,https://www.sec.gov/Archives/edgar/data/1116132/000114420411028134/,,16
Tapestry,TPR,2011Q1,2011-04-02,분기별 당기순이익(지배),186015000,USD,공시,https://www.sec.gov/Archives/edgar/data/1116132/000114420411028134/,,16
Tapestry,TPR,2011Q1,2011-04-02,분기별 영업활동현금흐름,227409000,USD,계산(누적차감),https://www.sec.gov/Archives/edgar/data/1116132/000114420411028134/ ; https://www.sec.gov/Archives/edgar/data/1116132/000114420411007005/,누적 812625000 − 직전누적 585216000 (시작 2010-07-04),16
Tapestry,TPR,2011Q1,2011-04-02,분기말 자산총계,2721865000,USD,공시,https://www.sec.gov/Archives/edgar/data/1116132/000114420411028134/,,16
Tapestry,TPR,2011Q1,2011-04-02,분기말 부채총계,979207000,USD,공시,https://www.sec.gov/Archives/edgar/data/1116132/000114420411028134/,,16
Tapestry,TPR,2011Q1,2011-04-02,분기말 총자본(자기자본),1742658000,USD,공시(비지배 없음),https://www.sec.gov/Archives/edgar/data/1116132/000114420411028134/,"StockholdersEquity, MinorityInterest 태그 없음",16
Tapestry,TPR,2011Q1,2011-04-02,분기말 지배지분 자본,1742658000,USD,공시,https://www.sec.gov/Archives/edgar/data/1116132/000114420411028134/,,16
Tapestry,TPR,2011Q1,2011-04-01,분기말 종가,52.7,USD,API,https://query1.finance.yahoo.com/v8/finance/chart/TPR?interval=1d&events=splits (2011-04-01),,16
Tapestry,TPR,2011Q1,2011-04-29,분기말 상장주식수,293603937,주,공시(표지 기준일),https://www.sec.gov/Archives/edgar/data/1116132/000114420411028134/,dei:EntityCommonStockSharesOutstanding 클래스 합,16
Tapestry,TPR,2011Q1,2011-04-01,분기말 시가총액,15472927480,USD,계산(종가×주식수),https://query1.finance.yahoo.com/v8/finance/chart/TPR?interval=1d&events=splits (2011-04-01) ; https://www.sec.gov/Archives/edgar/data/1116132/000114420411028134/,종가 52.7 × 주식수 293603937,16
Tapestry,TPR,2011Q2,2011-07-02,분기별 매출액,1031675000,USD,계산(연간-3분기누적),https://www.sec.gov/Archives/edgar/data/1116132/000114420411048771/ ; https://www.sec.gov/Archives/edgar/data/1116132/000114420411028134/,연간 4158507000 − 9개월누적 3126832000 (SalesRevenueNet),16
Tapestry,TPR,2011Q2,2011-07-02,분기별 영업이익,312092000,USD,계산(연간-3분기누적),https://www.sec.gov/Archives/edgar/data/1116132/000114420411048771/ ; https://www.sec.gov/Archives/edgar/data/1116132/000114420411028134/,연간 1304924000 − 9개월누적 992832000 (OperatingIncomeLoss),16
Tapestry,TPR,2011Q2,2011-07-02,분기별 당기순이익(지배),202481000,USD,계산(연간-3분기누적),https://www.sec.gov/Archives/edgar/data/1116132/000114420411048771/ ; https://www.sec.gov/Archives/edgar/data/1116132/000114420411028134/,연간 880800000 − 9개월누적 678319000 (NetIncomeLoss),16
Tapestry,TPR,2011Q2,2011-07-02,분기별 영업활동현금흐름,220646000,USD,계산(누적차감),https://www.sec.gov/Archives/edgar/data/1116132/000114420411048771/ ; https://www.sec.gov/Archives/edgar/data/1116132/000114420411028134/,누적 1033271000 − 직전누적 812625000 (시작 2010-07-04),16
Tapestry,TPR,2011Q2,2011-07-02,분기말 자산총계,2635116000,USD,공시,https://www.sec.gov/Archives/edgar/data/1116132/000114420411048771/,,16
Tapestry,TPR,2011Q2,2011-07-02,분기말 부채총계,1022547000,USD,공시,https://www.sec.gov/Archives/edgar/data/1116132/000114420411048771/,,16
Tapestry,TPR,2011Q2,2011-07-02,분기말 총자본(자기자본),1612569000,USD,공시(비지배 없음),https://www.sec.gov/Archives/edgar/data/1116132/000114420411048771/,"StockholdersEquity, MinorityInterest 태그 없음",16
Tapestry,TPR,2011Q2,2011-07-02,분기말 지배지분 자본,1612569000,USD,공시,https://www.sec.gov/Archives/edgar/data/1116132/000114420411048771/,,16
Tapestry,TPR,2011Q2,2011-07-01,분기말 종가,65.99,USD,API,https://query1.finance.yahoo.com/v8/finance/chart/TPR?interval=1d&events=splits (2011-07-01),,16
Tapestry,TPR,2011Q2,2011-08-05,분기말 상장주식수,289023860,주,공시(표지 기준일),https://www.sec.gov/Archives/edgar/data/1116132/000114420411048771/,dei:EntityCommonStockSharesOutstanding 클래스 합,16
Tapestry,TPR,2011Q2,2011-07-01,분기말 시가총액,19072684521,USD,계산(종가×주식수),https://query1.finance.yahoo.com/v8/finance/chart/TPR?interval=1d&events=splits (2011-07-01) ; https://www.sec.gov/Archives/edgar/data/1116132/000114420411048771/,종가 65.99 × 주식수 289023860,16
Tapestry,TPR,2011Q3,2011-10-01,분기별 매출액,1050359000,USD,공시,https://www.sec.gov/Archives/edgar/data/1116132/000114420411062566/,,16
Tapestry,TPR,2011Q3,2011-10-01,분기별 영업이익,321966000,USD,공시,https://www.sec.gov/Archives/edgar/data/1116132/000114420411062566/,,16
Tapestry,TPR,2011Q3,2011-10-01,분기별 당기순이익(지배),214983000,USD,공시,https://www.sec.gov/Archives/edgar/data/1116132/000114420411062566/,,16
Tapestry,TPR,2011Q3,2011-10-01,분기별 영업활동현금흐름,224966000,USD,공시,https://www.sec.gov/Archives/edgar/data/1116132/000114420411062566/,,16
Tapestry,TPR,2011Q3,2011-10-01,분기말 자산총계,2878078000,USD,공시,https://www.sec.gov/Archives/edgar/data/1116132/000114420411062566/,,16
Tapestry,TPR,2011Q3,2011-10-01,분기말 부채총계,1061575000,USD,공시,https://www.sec.gov/Archives/edgar/data/1116132/000114420411062566/,,16
Tapestry,TPR,2011Q3,2011-10-01,분기말 총자본(자기자본),1816503000,USD,공시(비지배 없음),https://www.sec.gov/Archives/edgar/data/1116132/000114420411062566/,"StockholdersEquity, MinorityInterest 태그 없음",16
Tapestry,TPR,2011Q3,2011-10-01,분기말 지배지분 자본,1816503000,USD,공시,https://www.sec.gov/Archives/edgar/data/1116132/000114420411062566/,,16
Tapestry,TPR,2011Q3,2011-09-30,분기말 종가,51.83,USD,API,https://query1.finance.yahoo.com/v8/finance/chart/TPR?interval=1d&events=splits (2011-09-30),,16
Tapestry,TPR,2011Q3,2011-10-28,분기말 상장주식수,291826211,주,공시(표지 기준일),https://www.sec.gov/Archives/edgar/data/1116132/000114420411062566/,dei:EntityCommonStockSharesOutstanding 클래스 합,16
Tapestry,TPR,2011Q3,2011-09-30,분기말 시가총액,15125352516,USD,계산(종가×주식수),https://query1.finance.yahoo.com/v8/finance/chart/TPR?interval=1d&events=splits (2011-09-30) ; https://www.sec.gov/Archives/edgar/data/1116132/000114420411062566/,종가 51.83 × 주식수 291826211,16
Tapestry,TPR,2011Q4,2011-12-31,분기별 매출액,1448649000,USD,공시,https://www.sec.gov/Archives/edgar/data/1116132/000114420412006663/,,16
Tapestry,TPR,2011Q4,2011-12-31,분기별 영업이익,500901000,USD,공시,https://www.sec.gov/Archives/edgar/data/1116132/000114420412006663/,,16
Tapestry,TPR,2011Q4,2011-12-31,분기별 당기순이익(지배),347495000,USD,공시,https://www.sec.gov/Archives/edgar/data/1116132/000114420412006663/,,16
Tapestry,TPR,2011Q4,2011-12-31,분기별 영업활동현금흐름,데이터 없음(직전 분기 누적 보고서 없음),USD,데이터 없음(직전 보고서 없음),https://www.sec.gov/Archives/edgar/data/1116132/000114420412006663/,,16
Tapestry,TPR,2011Q4,2011-12-31,분기말 자산총계,3100885000,USD,공시,https://www.sec.gov/Archives/edgar/data/1116132/000114420412006663/,,16
Tapestry,TPR,2011Q4,2011-12-31,분기말 부채총계,1232159000,USD,공시,https://www.sec.gov/Archives/edgar/data/1116132/000114420412006663/,,16
Tapestry,TPR,2011Q4,2011-12-31,분기말 총자본(자기자본),1868726000,USD,공시(비지배 없음),https://www.sec.gov/Archives/edgar/data/1116132/000114420412006663/,"StockholdersEquity, MinorityInterest 태그 없음",16
Tapestry,TPR,2011Q4,2011-12-31,분기말 지배지분 자본,1868726000,USD,공시,https://www.sec.gov/Archives/edgar/data/1116132/000114420412006663/,,16
Tapestry,TPR,2011Q4,2011-12-30,분기말 종가,61.04,USD,API,https://query1.finance.yahoo.com/v8/finance/chart/TPR?interval=1d&events=splits (2011-12-30),,16
Tapestry,TPR,2011Q4,2012-01-27,분기말 상장주식수,287767818,주,공시(표지 기준일),https://www.sec.gov/Archives/edgar/data/1116132/000114420412006663/,dei:EntityCommonStockSharesOutstanding 클래스 합,16
Tapestry,TPR,2011Q4,2011-12-30,분기말 시가총액,17565347611,USD,계산(종가×주식수),https://query1.finance.yahoo.com/v8/finance/chart/TPR?interval=1d&events=splits (2011-12-30) ; https://www.sec.gov/Archives/edgar/data/1116132/000114420412006663/,종가 61.04 × 주식수 287767818,16
Tapestry,TPR,2012Q1,2012-03-31,분기별 매출액,1108981000,USD,공시,https://www.sec.gov/Archives/edgar/data/1116132/000114420412027248/,,16
Tapestry,TPR,2012Q1,2012-03-31,분기별 영업이익,337492000,USD,공시,https://www.sec.gov/Archives/edgar/data/1116132/000114420412027248/,,16
Tapestry,TPR,2012Q1,2012-03-31,분기별 당기순이익(지배),225002000,USD,공시,https://www.sec.gov/Archives/edgar/data/1116132/000114420412027248/,,16
Tapestry,TPR,2012Q1,2012-03-31,분기별 영업활동현금흐름,102797000,USD,계산(누적차감),https://www.sec.gov/Archives/edgar/data/1116132/000114420412027248/ ; https://www.sec.gov/Archives/edgar/data/1116132/000114420412006663/,누적 938867000 − 직전누적 836070000 (시작 2011-07-01),16
Tapestry,TPR,2012Q1,2012-03-31,분기말 자산총계,2984870000,USD,공시,https://www.sec.gov/Archives/edgar/data/1116132/000114420412027248/,,16
Tapestry,TPR,2012Q1,2012-03-31,분기말 부채총계,1045968000,USD,공시,https://www.sec.gov/Archives/edgar/data/1116132/000114420412027248/,,16
Tapestry,TPR,2012Q1,2012-03-31,분기말 총자본(자기자본),1938902000,USD,공시(비지배 없음),https://www.sec.gov/Archives/edgar/data/1116132/000114420412027248/,"StockholdersEquity, MinorityInterest 태그 없음",16
Tapestry,TPR,2012Q1,2012-03-31,분기말 지배지분 자본,1938902000,USD,공시,https://www.sec.gov/Archives/edgar/data/1116132/000114420412027248/,,16
Tapestry,TPR,2012Q1,2012-03-30,분기말 종가,77.28,USD,API,https://query1.finance.yahoo.com/v8/finance/chart/TPR?interval=1d&events=splits (2012-03-30),,16
Tapestry,TPR,2012Q1,2012-04-27,분기말 상장주식수,287370913,주,공시(표지 기준일),https://www.sec.gov/Archives/edgar/data/1116132/000114420412027248/,dei:EntityCommonStockSharesOutstanding 클래스 합,16
Tapestry,TPR,2012Q1,2012-03-30,분기말 시가총액,22208024157,USD,계산(종가×주식수),https://query1.finance.yahoo.com/v8/finance/chart/TPR?interval=1d&events=splits (2012-03-30) ; https://www.sec.gov/Archives/edgar/data/1116132/000114420412027248/,종가 77.28 × 주식수 287370913,16
Tapestry,TPR,2012Q2,2012-06-30,분기별 매출액,1155191000,USD,계산(연간-3분기누적),https://www.sec.gov/Archives/edgar/data/1116132/000114420412047660/ ; https://www.sec.gov/Archives/edgar/data/1116132/000114420412027248/,연간 4763180000 − 9개월누적 3607989000 (SalesRevenueNet),16
Tapestry,TPR,2012Q2,2012-06-30,분기별 영업이익,351630000,USD,계산(연간-3분기누적),https://www.sec.gov/Archives/edgar/data/1116132/000114420412047660/ ; https://www.sec.gov/Archives/edgar/data/1116132/000114420412027248/,연간 1511989000 − 9개월누적 1160359000 (OperatingIncomeLoss),16
Tapestry,TPR,2012Q2,2012-06-30,분기별 당기순이익(지배),251430000,USD,계산(연간-3분기누적),https://www.sec.gov/Archives/edgar/data/1116132/000114420412047660/ ; https://www.sec.gov/Archives/edgar/data/1116132/000114420412027248/,연간 1038910000 − 9개월누적 787480000 (NetIncomeLoss),16
Tapestry,TPR,2012Q2,2012-06-30,분기별 영업활동현금흐름,데이터 없음(직전 분기 누적 보고서 없음),USD,데이터 없음(직전 보고서 없음),https://www.sec.gov/Archives/edgar/data/1116132/000114420412047660/,,16
Tapestry,TPR,2012Q2,2012-06-30,분기말 자산총계,3104321000,USD,공시,https://www.sec.gov/Archives/edgar/data/1116132/000114420412047660/,,16
Tapestry,TPR,2012Q2,2012-06-30,분기말 부채총계,1111390000,USD,공시,https://www.sec.gov/Archives/edgar/data/1116132/000114420412047660/,,16
Tapestry,TPR,2012Q2,2012-06-30,분기말 총자본(자기자본),1992931000,USD,공시(비지배 없음),https://www.sec.gov/Archives/edgar/data/1116132/000114420412047660/,"StockholdersEquity, MinorityInterest 태그 없음",16
Tapestry,TPR,2012Q2,2012-06-30,분기말 지배지분 자본,1992931000,USD,공시,https://www.sec.gov/Archives/edgar/data/1116132/000114420412047660/,,16
Tapestry,TPR,2012Q2,2012-06-29,분기말 종가,58.48,USD,API,https://query1.finance.yahoo.com/v8/finance/chart/TPR?interval=1d&events=splits (2012-06-29),,16
Tapestry,TPR,2012Q2,2012-08-03,분기말 상장주식수,285186057,주,공시(표지 기준일),https://www.sec.gov/Archives/edgar/data/1116132/000114420412047660/,dei:EntityCommonStockSharesOutstanding 클래스 합,16
Tapestry,TPR,2012Q2,2012-06-29,분기말 시가총액,16677680613,USD,계산(종가×주식수),https://query1.finance.yahoo.com/v8/finance/chart/TPR?interval=1d&events=splits (2012-06-29) ; https://www.sec.gov/Archives/edgar/data/1116132/000114420412047660/,종가 58.48 × 주식수 285186057,16
Tapestry,TPR,2012Q3,2012-09-30,분기별 매출액,미확인,USD,미확인,https://www.sec.gov/Archives/edgar/data/1116132/000114420412060133/,,16
Tapestry,TPR,2012Q3,2012-09-30,분기별 영업이익,미확인,USD,미확인,https://www.sec.gov/Archives/edgar/data/1116132/000114420412060133/,,16
Tapestry,TPR,2012Q3,2012-09-30,분기별 당기순이익(지배),미확인,USD,미확인,https://www.sec.gov/Archives/edgar/data/1116132/000114420412060133/,,16
Tapestry,TPR,2012Q3,2012-09-30,분기별 영업활동현금흐름,미확인,USD,미확인,https://www.sec.gov/Archives/edgar/data/1116132/000114420412060133/,,16
Tapestry,TPR,2012Q3,2012-09-30,분기말 자산총계,미확인,USD,미확인,https://www.sec.gov/Archives/edgar/data/1116132/000114420412060133/,,16
Tapestry,TPR,2012Q3,2012-09-30,분기말 부채총계,미확인,USD,미확인,https://www.sec.gov/Archives/edgar/data/1116132/000114420412060133/,,16
Tapestry,TPR,2012Q3,2012-09-30,분기말 총자본(자기자본),미확인,USD,미확인,https://www.sec.gov/Archives/edgar/data/1116132/000114420412060133/,,16
Tapestry,TPR,2012Q3,2012-09-30,분기말 지배지분 자본,미확인,USD,미확인,https://www.sec.gov/Archives/edgar/data/1116132/000114420412060133/,,16
Tapestry,TPR,2012Q3,2012-09-28,분기말 종가,56.02,USD,API,https://query1.finance.yahoo.com/v8/finance/chart/TPR?interval=1d&events=splits (2012-09-28),,16
Tapestry,TPR,2012Q3,2012-10-26,분기말 상장주식수,283689851,주,공시(표지 기준일),https://www.sec.gov/Archives/edgar/data/1116132/000114420412060133/,dei:EntityCommonStockSharesOutstanding 클래스 합,16
Tapestry,TPR,2012Q3,2012-09-28,분기말 시가총액,15892305453,USD,계산(종가×주식수),https://query1.finance.yahoo.com/v8/finance/chart/TPR?interval=1d&events=splits (2012-09-28) ; https://www.sec.gov/Archives/edgar/data/1116132/000114420412060133/,종가 56.02 × 주식수 283689851,16
Tapestry,TPR,2012Q4,2012-12-29,분기별 매출액,1503774000,USD,공시,https://www.sec.gov/Archives/edgar/data/1116132/000114420413006187/,,16
Tapestry,TPR,2012Q4,2012-12-29,분기별 영업이익,526577000,USD,공시,https://www.sec.gov/Archives/edgar/data/1116132/000114420413006187/,,16
Tapestry,TPR,2012Q4,2012-12-29,분기별 당기순이익(지배),352764000,USD,공시,https://www.sec.gov/Archives/edgar/data/1116132/000114420413006187/,,16
Tapestry,TPR,2012Q4,2012-12-29,분기별 영업활동현금흐름,데이터 없음(직전 분기 누적 보고서 없음),USD,데이터 없음(직전 보고서 없음),https://www.sec.gov/Archives/edgar/data/1116132/000114420413006187/,,16
Tapestry,TPR,2012Q4,2012-12-29,분기말 자산총계,3279429000,USD,공시,https://www.sec.gov/Archives/edgar/data/1116132/000114420413006187/,,16
Tapestry,TPR,2012Q4,2012-12-29,분기말 부채총계,1197097000,USD,공시,https://www.sec.gov/Archives/edgar/data/1116132/000114420413006187/,,16
Tapestry,TPR,2012Q4,2012-12-29,분기말 총자본(자기자본),2082332000,USD,공시(비지배 없음),https://www.sec.gov/Archives/edgar/data/1116132/000114420413006187/,"StockholdersEquity, MinorityInterest 태그 없음",16
Tapestry,TPR,2012Q4,2012-12-29,분기말 지배지분 자본,2082332000,USD,공시,https://www.sec.gov/Archives/edgar/data/1116132/000114420413006187/,,16
Tapestry,TPR,2012Q4,2012-12-28,분기말 종가,54.3,USD,API,https://query1.finance.yahoo.com/v8/finance/chart/TPR?interval=1d&events=splits (2012-12-28),,16
Tapestry,TPR,2012Q4,2013-01-25,분기말 상장주식수,280783767,주,공시(표지 기준일),https://www.sec.gov/Archives/edgar/data/1116132/000114420413006187/,dei:EntityCommonStockSharesOutstanding 클래스 합,16
Tapestry,TPR,2012Q4,2012-12-28,분기말 시가총액,15246558548,USD,계산(종가×주식수),https://query1.finance.yahoo.com/v8/finance/chart/TPR?interval=1d&events=splits (2012-12-28) ; https://www.sec.gov/Archives/edgar/data/1116132/000114420413006187/,종가 54.3 × 주식수 280783767,16
Tapestry,TPR,2013Q1,2013-03-30,분기별 매출액,1187578000,USD,공시,https://www.sec.gov/Archives/edgar/data/1116132/000114420413026859/,,16
Tapestry,TPR,2013Q1,2013-03-30,분기별 영업이익,348493000,USD,공시,https://www.sec.gov/Archives/edgar/data/1116132/000114420413026859/,,16
Tapestry,TPR,2013Q1,2013-03-30,분기별 당기순이익(지배),238932000,USD,공시,https://www.sec.gov/Archives/edgar/data/1116132/000114420413026859/,,16
Tapestry,TPR,2013Q1,2013-03-30,분기별 영업활동현금흐름,209395000,USD,계산(누적차감),https://www.sec.gov/Archives/edgar/data/1116132/000114420413026859/ ; https://www.sec.gov/Archives/edgar/data/1116132/000114420413006187/,누적 1039407000 − 직전누적 830012000 (시작 2012-07-01),16
Tapestry,TPR,2013Q1,2013-03-30,분기말 자산총계,3272120000,USD,공시,https://www.sec.gov/Archives/edgar/data/1116132/000114420413026859/,,16
Tapestry,TPR,2013Q1,2013-03-30,분기말 부채총계,1028155000,USD,공시,https://www.sec.gov/Archives/edgar/data/1116132/000114420413026859/,,16
Tapestry,TPR,2013Q1,2013-03-30,분기말 총자본(자기자본),2243965000,USD,공시(비지배 없음),https://www.sec.gov/Archives/edgar/data/1116132/000114420413026859/,"StockholdersEquity, MinorityInterest 태그 없음",16
Tapestry,TPR,2013Q1,2013-03-30,분기말 지배지분 자본,2243965000,USD,공시,https://www.sec.gov/Archives/edgar/data/1116132/000114420413026859/,,16
Tapestry,TPR,2013Q1,2013-03-28,분기말 종가,49.99,USD,API,https://query1.finance.yahoo.com/v8/finance/chart/TPR?interval=1d&events=splits (2013-03-28),,16
Tapestry,TPR,2013Q1,2013-04-26,분기말 상장주식수,280991712,주,공시(표지 기준일),https://www.sec.gov/Archives/edgar/data/1116132/000114420413026859/,dei:EntityCommonStockSharesOutstanding 클래스 합,16
Tapestry,TPR,2013Q1,2013-03-28,분기말 시가총액,14046775683,USD,계산(종가×주식수),https://query1.finance.yahoo.com/v8/finance/chart/TPR?interval=1d&events=splits (2013-03-28) ; https://www.sec.gov/Archives/edgar/data/1116132/000114420413026859/,종가 49.99 × 주식수 280991712,16
Tapestry,TPR,2013Q2,2013-06-29,분기별 매출액,1222688000,USD,계산(연간-3분기누적),https://www.sec.gov/Archives/edgar/data/1116132/000114420413047469/ ; https://www.sec.gov/Archives/edgar/data/1116132/000114420413026859/,연간 5075390000 − 9개월누적 3852702000 (SalesRevenueNet),16
Tapestry,TPR,2013Q2,2013-06-29,분기별 영업이익,317754000,USD,계산(연간-3분기누적),https://www.sec.gov/Archives/edgar/data/1116132/000114420413047469/ ; https://www.sec.gov/Archives/edgar/data/1116132/000114420413026859/,연간 1524541000 − 9개월누적 1206787000 (OperatingIncomeLoss),16
Tapestry,TPR,2013Q2,2013-06-29,분기별 당기순이익(지배),221343000,USD,계산(연간-3분기누적),https://www.sec.gov/Archives/edgar/data/1116132/000114420413047469/ ; https://www.sec.gov/Archives/edgar/data/1116132/000114420413026859/,연간 1034420000 − 9개월누적 813077000 (NetIncomeLoss),16
Tapestry,TPR,2013Q2,2013-06-29,분기별 영업활동현금흐름,374567000,USD,계산(누적차감),https://www.sec.gov/Archives/edgar/data/1116132/000114420413047469/ ; https://www.sec.gov/Archives/edgar/data/1116132/000114420413026859/,누적 1413974000 − 직전누적 1039407000 (시작 2012-07-01),16
Tapestry,TPR,2013Q2,2013-06-29,분기말 자산총계,3531897000,USD,공시,https://www.sec.gov/Archives/edgar/data/1116132/000114420413047469/,,16
Tapestry,TPR,2013Q2,2013-06-29,분기말 부채총계,1122739000,USD,공시,https://www.sec.gov/Archives/edgar/data/1116132/000114420413047469/,,16
Tapestry,TPR,2013Q2,2013-06-29,분기말 총자본(자기자본),2409158000,USD,공시(비지배 없음),https://www.sec.gov/Archives/edgar/data/1116132/000114420413047469/,"StockholdersEquity, MinorityInterest 태그 없음",16
Tapestry,TPR,2013Q2,2013-06-29,분기말 지배지분 자본,2409158000,USD,공시,https://www.sec.gov/Archives/edgar/data/1116132/000114420413047469/,,16
Tapestry,TPR,2013Q2,2013-06-28,분기말 종가,57.09,USD,API,https://query1.finance.yahoo.com/v8/finance/chart/TPR?interval=1d&events=splits (2013-06-28),,16
Tapestry,TPR,2013Q2,2013-08-02,분기말 상장주식수,281933908,주,공시(표지 기준일),https://www.sec.gov/Archives/edgar/data/1116132/000114420413047469/,dei:EntityCommonStockSharesOutstanding 클래스 합,16
Tapestry,TPR,2013Q2,2013-06-28,분기말 시가총액,16095606808,USD,계산(종가×주식수),https://query1.finance.yahoo.com/v8/finance/chart/TPR?interval=1d&events=splits (2013-06-28) ; https://www.sec.gov/Archives/edgar/data/1116132/000114420413047469/,종가 57.09 × 주식수 281933908,16
Tapestry,TPR,2013Q3,2013-09-28,분기별 매출액,1150760000,USD,공시,https://www.sec.gov/Archives/edgar/data/1116132/000114420413059305/,,16
Tapestry,TPR,2013Q3,2013-09-28,분기별 영업이익,321634000,USD,공시,https://www.sec.gov/Archives/edgar/data/1116132/000114420413059305/,,16
Tapestry,TPR,2013Q3,2013-09-28,분기별 당기순이익(지배),217883000,USD,공시,https://www.sec.gov/Archives/edgar/data/1116132/000114420413059305/,,16
Tapestry,TPR,2013Q3,2013-09-28,분기별 영업활동현금흐름,164100000,USD,공시,https://www.sec.gov/Archives/edgar/data/1116132/000114420413059305/,,16
Tapestry,TPR,2013Q3,2013-09-28,분기말 자산총계,3487390000,USD,공시,https://www.sec.gov/Archives/edgar/data/1116132/000114420413059305/,,16
Tapestry,TPR,2013Q3,2013-09-28,분기말 부채총계,1108819000,USD,공시,https://www.sec.gov/Archives/edgar/data/1116132/000114420413059305/,,16
Tapestry,TPR,2013Q3,2013-09-28,분기말 총자본(자기자본),2378571000,USD,공시(비지배 없음),https://www.sec.gov/Archives/edgar/data/1116132/000114420413059305/,"StockholdersEquity, MinorityInterest 태그 없음",16
Tapestry,TPR,2013Q3,2013-09-28,분기말 지배지분 자본,2378571000,USD,공시,https://www.sec.gov/Archives/edgar/data/1116132/000114420413059305/,,16
Tapestry,TPR,2013Q3,2013-09-27,분기말 종가,54.24,USD,API,https://query1.finance.yahoo.com/v8/finance/chart/TPR?interval=1d&events=splits (2013-09-27),,16
Tapestry,TPR,2013Q3,2013-10-25,분기말 상장주식수,280462835,주,공시(표지 기준일),https://www.sec.gov/Archives/edgar/data/1116132/000114420413059305/,dei:EntityCommonStockSharesOutstanding 클래스 합,16
Tapestry,TPR,2013Q3,2013-09-27,분기말 시가총액,15212304170,USD,계산(종가×주식수),https://query1.finance.yahoo.com/v8/finance/chart/TPR?interval=1d&events=splits (2013-09-27) ; https://www.sec.gov/Archives/edgar/data/1116132/000114420413059305/,종가 54.24 × 주식수 280462835,16
Tapestry,TPR,2013Q4,2013-12-28,분기별 매출액,1419624000,USD,공시,https://www.sec.gov/Archives/edgar/data/1116132/000114420414006197/,,16
Tapestry,TPR,2013Q4,2013-12-28,분기별 영업이익,435943000,USD,공시,https://www.sec.gov/Archives/edgar/data/1116132/000114420414006197/,,16
Tapestry,TPR,2013Q4,2013-12-28,분기별 당기순이익(지배),297438000,USD,공시,https://www.sec.gov/Archives/edgar/data/1116132/000114420414006197/,,16
Tapestry,TPR,2013Q4,2013-12-28,분기별 영업활동현금흐름,400370000,USD,계산(누적차감),https://www.sec.gov/Archives/edgar/data/1116132/000114420414006197/ ; https://www.sec.gov/Archives/edgar/data/1116132/000114420413059305/,누적 564470000 − 직전누적 164100000 (시작 2013-06-30),16
Tapestry,TPR,2013Q4,2013-12-28,분기말 자산총계,3543817000,USD,공시,https://www.sec.gov/Archives/edgar/data/1116132/000114420414006197/,,16
Tapestry,TPR,2013Q4,2013-12-28,분기말 부채총계,1113090000,USD,공시,https://www.sec.gov/Archives/edgar/data/1116132/000114420414006197/,,16
Tapestry,TPR,2013Q4,2013-12-28,분기말 총자본(자기자본),2430727000,USD,공시(비지배 없음),https://www.sec.gov/Archives/edgar/data/1116132/000114420414006197/,"StockholdersEquity, MinorityInterest 태그 없음",16
Tapestry,TPR,2013Q4,2013-12-28,분기말 지배지분 자본,2430727000,USD,공시,https://www.sec.gov/Archives/edgar/data/1116132/000114420414006197/,,16
Tapestry,TPR,2013Q4,2013-12-27,분기말 종가,56.27,USD,API,https://query1.finance.yahoo.com/v8/finance/chart/TPR?interval=1d&events=splits (2013-12-27),,16
Tapestry,TPR,2013Q4,2014-01-24,분기말 상장주식수,277581114,주,공시(표지 기준일),https://www.sec.gov/Archives/edgar/data/1116132/000114420414006197/,dei:EntityCommonStockSharesOutstanding 클래스 합,16
Tapestry,TPR,2013Q4,2013-12-27,분기말 시가총액,15619489285,USD,계산(종가×주식수),https://query1.finance.yahoo.com/v8/finance/chart/TPR?interval=1d&events=splits (2013-12-27) ; https://www.sec.gov/Archives/edgar/data/1116132/000114420414006197/,종가 56.27 × 주식수 277581114,16
Tapestry,TPR,2014Q1,2014-03-29,분기별 매출액,1099626000,USD,공시,https://www.sec.gov/Archives/edgar/data/1116132/000114420414027951/,,16
Tapestry,TPR,2014Q1,2014-03-29,분기별 영업이익,262709000,USD,공시,https://www.sec.gov/Archives/edgar/data/1116132/000114420414027951/,,16
Tapestry,TPR,2014Q1,2014-03-29,분기별 당기순이익(지배),190740000,USD,공시,https://www.sec.gov/Archives/edgar/data/1116132/000114420414027951/,,16
Tapestry,TPR,2014Q1,2014-03-29,분기별 영업활동현금흐름,104867000,USD,계산(누적차감),https://www.sec.gov/Archives/edgar/data/1116132/000114420414027951/ ; https://www.sec.gov/Archives/edgar/data/1116132/000114420414006197/,누적 669337000 − 직전누적 564470000 (시작 2013-06-30),16
Tapestry,TPR,2014Q1,2014-03-29,분기말 자산총계,3580622000,USD,공시,https://www.sec.gov/Archives/edgar/data/1116132/000114420414027951/,,16
Tapestry,TPR,2014Q1,2014-03-29,분기말 부채총계,1191343000,USD,공시,https://www.sec.gov/Archives/edgar/data/1116132/000114420414027951/,,16
Tapestry,TPR,2014Q1,2014-03-29,분기말 총자본(자기자본),2389279000,USD,공시(비지배 없음),https://www.sec.gov/Archives/edgar/data/1116132/000114420414027951/,"StockholdersEquity, MinorityInterest 태그 없음",16
Tapestry,TPR,2014Q1,2014-03-29,분기말 지배지분 자본,2389279000,USD,공시,https://www.sec.gov/Archives/edgar/data/1116132/000114420414027951/,,16
Tapestry,TPR,2014Q1,2014-03-28,분기말 종가,49.67,USD,API,https://query1.finance.yahoo.com/v8/finance/chart/TPR?interval=1d&events=splits (2014-03-28),,16
Tapestry,TPR,2014Q1,2014-04-25,분기말 상장주식수,274172356,주,공시(표지 기준일),https://www.sec.gov/Archives/edgar/data/1116132/000114420414027951/,dei:EntityCommonStockSharesOutstanding 클래스 합,16
Tapestry,TPR,2014Q1,2014-03-28,분기말 시가총액,13618140923,USD,계산(종가×주식수),https://query1.finance.yahoo.com/v8/finance/chart/TPR?interval=1d&events=splits (2014-03-28) ; https://www.sec.gov/Archives/edgar/data/1116132/000114420414027951/,종가 49.67 × 주식수 274172356,16
Tapestry,TPR,2014Q2,2014-06-28,분기별 매출액,1136216000,USD,계산(연간-3분기누적),https://www.sec.gov/Archives/edgar/data/1116132/000111613214000003/ ; https://www.sec.gov/Archives/edgar/data/1116132/000114420414027951/,연간 4806226000 − 9개월누적 3670010000 (SalesRevenueNet),16
Tapestry,TPR,2014Q2,2014-06-28,분기별 영업이익,99788000,USD,계산(연간-3분기누적),https://www.sec.gov/Archives/edgar/data/1116132/000111613214000003/ ; https://www.sec.gov/Archives/edgar/data/1116132/000114420414027951/,연간 1120074000 − 9개월누적 1020286000 (OperatingIncomeLoss),16
Tapestry,TPR,2014Q2,2014-06-28,분기별 당기순이익(지배),75275000,USD,계산(연간-3분기누적),https://www.sec.gov/Archives/edgar/data/1116132/000111613214000003/ ; https://www.sec.gov/Archives/edgar/data/1116132/000114420414027951/,연간 781336000 − 9개월누적 706061000 (NetIncomeLoss),16
Tapestry,TPR,2014Q2,2014-06-28,분기별 영업활동현금흐름,316073000,USD,계산(누적차감),https://www.sec.gov/Archives/edgar/data/1116132/000111613214000003/ ; https://www.sec.gov/Archives/edgar/data/1116132/000114420414027951/,누적 985410000 − 직전누적 669337000 (시작 2013-06-30),16
Tapestry,TPR,2014Q2,2014-06-28,분기말 자산총계,3663131000,USD,공시,https://www.sec.gov/Archives/edgar/data/1116132/000111613214000003/,,16
Tapestry,TPR,2014Q2,2014-06-28,분기말 부채총계,1242478000,USD,공시,https://www.sec.gov/Archives/edgar/data/1116132/000111613214000003/,,16
Tapestry,TPR,2014Q2,2014-06-28,분기말 총자본(자기자본),2420653000,USD,공시(비지배 없음),https://www.sec.gov/Archives/edgar/data/1116132/000111613214000003/,"StockholdersEquity, MinorityInterest 태그 없음",16
Tapestry,TPR,2014Q2,2014-06-28,분기말 지배지분 자본,2420653000,USD,공시,https://www.sec.gov/Archives/edgar/data/1116132/000111613214000003/,,16
Tapestry,TPR,2014Q2,2014-06-27,분기말 종가,34.47,USD,API,https://query1.finance.yahoo.com/v8/finance/chart/TPR?interval=1d&events=splits (2014-06-27),,16
Tapestry,TPR,2014Q2,2014-08-01,분기말 상장주식수,274631764,주,공시(표지 기준일),https://www.sec.gov/Archives/edgar/data/1116132/000111613214000003/,dei:EntityCommonStockSharesOutstanding 클래스 합,16
Tapestry,TPR,2014Q2,2014-06-27,분기말 시가총액,9466556905,USD,계산(종가×주식수),https://query1.finance.yahoo.com/v8/finance/chart/TPR?interval=1d&events=splits (2014-06-27) ; https://www.sec.gov/Archives/edgar/data/1116132/000111613214000003/,종가 34.47 × 주식수 274631764,16
Tapestry,TPR,2014Q3,2014-09-27,분기별 매출액,1038800000,USD,공시,https://www.sec.gov/Archives/edgar/data/1116132/000111613214000006/,,16
Tapestry,TPR,2014Q3,2014-09-27,분기별 영업이익,179800000,USD,공시,https://www.sec.gov/Archives/edgar/data/1116132/000111613214000006/,,16
Tapestry,TPR,2014Q3,2014-09-27,분기별 당기순이익(지배),119100000,USD,공시,https://www.sec.gov/Archives/edgar/data/1116132/000111613214000006/,,16
Tapestry,TPR,2014Q3,2014-09-27,분기별 영업활동현금흐름,138900000,USD,공시,https://www.sec.gov/Archives/edgar/data/1116132/000111613214000006/,,16
Tapestry,TPR,2014Q3,2014-09-27,분기말 자산총계,3671000000,USD,공시,https://www.sec.gov/Archives/edgar/data/1116132/000111613214000006/,,16
Tapestry,TPR,2014Q3,2014-09-27,분기말 부채총계,1230900000,USD,공시,https://www.sec.gov/Archives/edgar/data/1116132/000111613214000006/,,16
Tapestry,TPR,2014Q3,2014-09-27,분기말 총자본(자기자본),2440100000,USD,공시(비지배 없음),https://www.sec.gov/Archives/edgar/data/1116132/000111613214000006/,"StockholdersEquity, MinorityInterest 태그 없음",16
Tapestry,TPR,2014Q3,2014-09-27,분기말 지배지분 자본,2440100000,USD,공시,https://www.sec.gov/Archives/edgar/data/1116132/000111613214000006/,,16
Tapestry,TPR,2014Q3,2014-09-26,분기말 종가,36.33,USD,API,https://query1.finance.yahoo.com/v8/finance/chart/TPR?interval=1d&events=splits (2014-09-26),,16
Tapestry,TPR,2014Q3,2014-10-24,분기말 상장주식수,275590311,주,공시(표지 기준일),https://www.sec.gov/Archives/edgar/data/1116132/000111613214000006/,dei:EntityCommonStockSharesOutstanding 클래스 합,16
Tapestry,TPR,2014Q3,2014-09-26,분기말 시가총액,10012195999,USD,계산(종가×주식수),https://query1.finance.yahoo.com/v8/finance/chart/TPR?interval=1d&events=splits (2014-09-26) ; https://www.sec.gov/Archives/edgar/data/1116132/000111613214000006/,종가 36.33 × 주식수 275590311,16
Tapestry,TPR,2014Q4,2014-12-27,분기별 매출액,1219400000,USD,공시,https://www.sec.gov/Archives/edgar/data/1116132/000111613215000003/,,16
Tapestry,TPR,2014Q4,2014-12-27,분기별 영업이익,275400000,USD,공시,https://www.sec.gov/Archives/edgar/data/1116132/000111613215000003/,,16
Tapestry,TPR,2014Q4,2014-12-27,분기별 당기순이익(지배),183500000,USD,공시,https://www.sec.gov/Archives/edgar/data/1116132/000111613215000003/,,16
Tapestry,TPR,2014Q4,2014-12-27,분기별 영업활동현금흐름,444700000,USD,계산(누적차감),https://www.sec.gov/Archives/edgar/data/1116132/000111613215000003/ ; https://www.sec.gov/Archives/edgar/data/1116132/000111613214000006/,누적 583600000 − 직전누적 138900000 (시작 2014-06-29),16
Tapestry,TPR,2014Q4,2014-12-27,분기말 자산총계,3617200000,USD,공시,https://www.sec.gov/Archives/edgar/data/1116132/000111613215000003/,,16
Tapestry,TPR,2014Q4,2014-12-27,분기말 부채총계,1099200000,USD,공시,https://www.sec.gov/Archives/edgar/data/1116132/000111613215000003/,,16
Tapestry,TPR,2014Q4,2014-12-27,분기말 총자본(자기자본),2518000000,USD,공시(비지배 없음),https://www.sec.gov/Archives/edgar/data/1116132/000111613215000003/,"StockholdersEquity, MinorityInterest 태그 없음",16
Tapestry,TPR,2014Q4,2014-12-27,분기말 지배지분 자본,2518000000,USD,공시,https://www.sec.gov/Archives/edgar/data/1116132/000111613215000003/,,16
Tapestry,TPR,2014Q4,2014-12-26,분기말 종가,37.12,USD,API,https://query1.finance.yahoo.com/v8/finance/chart/TPR?interval=1d&events=splits (2014-12-26),,16
Tapestry,TPR,2014Q4,2015-01-23,분기말 상장주식수,275831049,주,공시(표지 기준일),https://www.sec.gov/Archives/edgar/data/1116132/000111613215000003/,dei:EntityCommonStockSharesOutstanding 클래스 합,16
Tapestry,TPR,2014Q4,2014-12-26,분기말 시가총액,10238848539,USD,계산(종가×주식수),https://query1.finance.yahoo.com/v8/finance/chart/TPR?interval=1d&events=splits (2014-12-26) ; https://www.sec.gov/Archives/edgar/data/1116132/000111613215000003/,종가 37.12 × 주식수 275831049,16
Tapestry,TPR,2015Q1,2015-03-28,분기별 매출액,929300000,USD,공시,https://www.sec.gov/Archives/edgar/data/1116132/000111613215000007/,,16
Tapestry,TPR,2015Q1,2015-03-28,분기별 영업이익,124000000,USD,공시,https://www.sec.gov/Archives/edgar/data/1116132/000111613215000007/,,16
Tapestry,TPR,2015Q1,2015-03-28,분기별 당기순이익(지배),88100000,USD,공시,https://www.sec.gov/Archives/edgar/data/1116132/000111613215000007/,,16
Tapestry,TPR,2015Q1,2015-03-28,분기별 영업활동현금흐름,167200000,USD,계산(누적차감),https://www.sec.gov/Archives/edgar/data/1116132/000111613215000007/ ; https://www.sec.gov/Archives/edgar/data/1116132/000111613215000003/,누적 750800000 − 직전누적 583600000 (시작 2014-06-29),16
Tapestry,TPR,2015Q1,2015-03-28,분기말 자산총계,4512700000,USD,공시,https://www.sec.gov/Archives/edgar/data/1116132/000111613215000007/,,16
Tapestry,TPR,2015Q1,2015-03-28,분기말 부채총계,1972400000,USD,공시,https://www.sec.gov/Archives/edgar/data/1116132/000111613215000007/,,16
Tapestry,TPR,2015Q1,2015-03-28,분기말 총자본(자기자본),2540300000,USD,공시(비지배 없음),https://www.sec.gov/Archives/edgar/data/1116132/000111613215000007/,"StockholdersEquity, MinorityInterest 태그 없음",16
Tapestry,TPR,2015Q1,2015-03-28,분기말 지배지분 자본,2540300000,USD,공시,https://www.sec.gov/Archives/edgar/data/1116132/000111613215000007/,,16
Tapestry,TPR,2015Q1,2015-03-27,분기말 종가,41.31,USD,API,https://query1.finance.yahoo.com/v8/finance/chart/TPR?interval=1d&events=splits (2015-03-27),,16
Tapestry,TPR,2015Q1,2015-04-24,분기말 상장주식수,276287335,주,공시(표지 기준일),https://www.sec.gov/Archives/edgar/data/1116132/000111613215000007/,dei:EntityCommonStockSharesOutstanding 클래스 합,16
Tapestry,TPR,2015Q1,2015-03-27,분기말 시가총액,11413429809,USD,계산(종가×주식수),https://query1.finance.yahoo.com/v8/finance/chart/TPR?interval=1d&events=splits (2015-03-27) ; https://www.sec.gov/Archives/edgar/data/1116132/000111613215000007/,종가 41.31 × 주식수 276287335,16
Tapestry,TPR,2015Q2,2015-06-27,분기별 매출액,1004100000,USD,계산(연간-3분기누적),https://www.sec.gov/Archives/edgar/data/1116132/000111613215000010/ ; https://www.sec.gov/Archives/edgar/data/1116132/000111613215000007/,연간 4191600000 − 9개월누적 3187500000 (SalesRevenueNet),16
Tapestry,TPR,2015Q2,2015-06-27,분기별 영업이익,38800000,USD,계산(연간-3분기누적),https://www.sec.gov/Archives/edgar/data/1116132/000111613215000010/ ; https://www.sec.gov/Archives/edgar/data/1116132/000111613215000007/,연간 618000000 − 9개월누적 579200000 (OperatingIncomeLoss),16
Tapestry,TPR,2015Q2,2015-06-27,분기별 당기순이익(지배),11700000,USD,계산(연간-3분기누적),https://www.sec.gov/Archives/edgar/data/1116132/000111613215000010/ ; https://www.sec.gov/Archives/edgar/data/1116132/000111613215000007/,연간 402400000 − 9개월누적 390700000 (NetIncomeLoss),16
Tapestry,TPR,2015Q2,2015-06-27,분기별 영업활동현금흐름,186600000,USD,계산(누적차감),https://www.sec.gov/Archives/edgar/data/1116132/000111613215000010/ ; https://www.sec.gov/Archives/edgar/data/1116132/000111613215000007/,누적 937400000 − 직전누적 750800000 (시작 2014-06-29),16
Tapestry,TPR,2015Q2,2015-06-27,분기말 자산총계,4666900000,USD,공시,https://www.sec.gov/Archives/edgar/data/1116132/000111613215000010/,,16
Tapestry,TPR,2015Q2,2015-06-27,분기말 부채총계,2177000000,USD,공시,https://www.sec.gov/Archives/edgar/data/1116132/000111613215000010/,,16
Tapestry,TPR,2015Q2,2015-06-27,분기말 총자본(자기자본),2489900000,USD,공시(비지배 없음),https://www.sec.gov/Archives/edgar/data/1116132/000111613215000010/,"StockholdersEquity, MinorityInterest 태그 없음",16
Tapestry,TPR,2015Q2,2015-06-27,분기말 지배지분 자본,2489900000,USD,공시,https://www.sec.gov/Archives/edgar/data/1116132/000111613215000010/,,16
Tapestry,TPR,2015Q2,2015-06-26,분기말 종가,36.12,USD,API,https://query1.finance.yahoo.com/v8/finance/chart/TPR?interval=1d&events=splits (2015-06-26),,16
Tapestry,TPR,2015Q2,2015-07-31,분기말 상장주식수,276627052,주,공시(표지 기준일),https://www.sec.gov/Archives/edgar/data/1116132/000111613215000010/,dei:EntityCommonStockSharesOutstanding 클래스 합,16
Tapestry,TPR,2015Q2,2015-06-26,분기말 시가총액,9991769118,USD,계산(종가×주식수),https://query1.finance.yahoo.com/v8/finance/chart/TPR?interval=1d&events=splits (2015-06-26) ; https://www.sec.gov/Archives/edgar/data/1116132/000111613215000010/,종가 36.12 × 주식수 276627052,16
Tapestry,TPR,2015Q3,2015-09-26,분기별 매출액,1030300000,USD,공시,https://www.sec.gov/Archives/edgar/data/1116132/000111613215000014/,,16
Tapestry,TPR,2015Q3,2015-09-26,분기별 영업이익,141400000,USD,공시,https://www.sec.gov/Archives/edgar/data/1116132/000111613215000014/,,16
Tapestry,TPR,2015Q3,2015-09-26,분기별 당기순이익(지배),96400000,USD,공시,https://www.sec.gov/Archives/edgar/data/1116132/000111613215000014/,,16
Tapestry,TPR,2015Q3,2015-09-26,분기별 영업활동현금흐름,8000000,USD,공시,https://www.sec.gov/Archives/edgar/data/1116132/000111613215000014/,,16
Tapestry,TPR,2015Q3,2015-09-26,분기말 자산총계,4554400000,USD,공시,https://www.sec.gov/Archives/edgar/data/1116132/000111613215000014/,,16
Tapestry,TPR,2015Q3,2015-09-26,분기말 부채총계,2080900000,USD,공시,https://www.sec.gov/Archives/edgar/data/1116132/000111613215000014/,,16
Tapestry,TPR,2015Q3,2015-09-26,분기말 총자본(자기자본),2473500000,USD,공시(비지배 없음),https://www.sec.gov/Archives/edgar/data/1116132/000111613215000014/,"StockholdersEquity, MinorityInterest 태그 없음",16
Tapestry,TPR,2015Q3,2015-09-26,분기말 지배지분 자본,2473500000,USD,공시,https://www.sec.gov/Archives/edgar/data/1116132/000111613215000014/,,16
Tapestry,TPR,2015Q3,2015-09-25,분기말 종가,28.48,USD,API,https://query1.finance.yahoo.com/v8/finance/chart/TPR?interval=1d&events=splits (2015-09-25),,16
Tapestry,TPR,2015Q3,2015-10-23,분기말 상장주식수,277518016,주,공시(표지 기준일),https://www.sec.gov/Archives/edgar/data/1116132/000111613215000014/,dei:EntityCommonStockSharesOutstanding 클래스 합,16
Tapestry,TPR,2015Q3,2015-09-25,분기말 시가총액,7903713096,USD,계산(종가×주식수),https://query1.finance.yahoo.com/v8/finance/chart/TPR?interval=1d&events=splits (2015-09-25) ; https://www.sec.gov/Archives/edgar/data/1116132/000111613215000014/,종가 28.48 × 주식수 277518016,16
Tapestry,TPR,2015Q4,2015-12-26,분기별 매출액,1273800000,USD,공시,https://www.sec.gov/Archives/edgar/data/1116132/000111613216000019/,,16
Tapestry,TPR,2015Q4,2015-12-26,분기별 영업이익,261000000,USD,공시,https://www.sec.gov/Archives/edgar/data/1116132/000111613216000019/,,16
Tapestry,TPR,2015Q4,2015-12-26,분기별 당기순이익(지배),170100000,USD,공시,https://www.sec.gov/Archives/edgar/data/1116132/000111613216000019/,,16
Tapestry,TPR,2015Q4,2015-12-26,분기별 영업활동현금흐름,302000000,USD,계산(누적차감),https://www.sec.gov/Archives/edgar/data/1116132/000111613216000019/ ; https://www.sec.gov/Archives/edgar/data/1116132/000111613215000014/,누적 310000000 − 직전누적 8000000 (시작 2015-06-28),16
Tapestry,TPR,2015Q4,2015-12-26,분기말 자산총계,4603700000,USD,공시,https://www.sec.gov/Archives/edgar/data/1116132/000111613216000019/,,16
Tapestry,TPR,2015Q4,2015-12-26,분기말 부채총계,2036400000,USD,공시,https://www.sec.gov/Archives/edgar/data/1116132/000111613216000019/,,16
Tapestry,TPR,2015Q4,2015-12-26,분기말 총자본(자기자본),2567300000,USD,공시(비지배 없음),https://www.sec.gov/Archives/edgar/data/1116132/000111613216000019/,"StockholdersEquity, MinorityInterest 태그 없음",16
Tapestry,TPR,2015Q4,2015-12-26,분기말 지배지분 자본,2567300000,USD,공시,https://www.sec.gov/Archives/edgar/data/1116132/000111613216000019/,,16
Tapestry,TPR,2015Q4,2015-12-24,분기말 종가,32.65,USD,API,https://query1.finance.yahoo.com/v8/finance/chart/TPR?interval=1d&events=splits (2015-12-24),,16
Tapestry,TPR,2015Q4,2016-01-22,분기말 상장주식수,277696178,주,공시(표지 기준일),https://www.sec.gov/Archives/edgar/data/1116132/000111613216000019/,dei:EntityCommonStockSharesOutstanding 클래스 합,16
Tapestry,TPR,2015Q4,2015-12-24,분기말 시가총액,9066780212,USD,계산(종가×주식수),https://query1.finance.yahoo.com/v8/finance/chart/TPR?interval=1d&events=splits (2015-12-24) ; https://www.sec.gov/Archives/edgar/data/1116132/000111613216000019/,종가 32.65 × 주식수 277696178,16
Tapestry,TPR,2016Q1,2016-03-26,분기별 매출액,1033100000,USD,공시,https://www.sec.gov/Archives/edgar/data/1116132/000111613216000022/,,16
Tapestry,TPR,2016Q1,2016-03-26,분기별 영업이익,134300000,USD,공시,https://www.sec.gov/Archives/edgar/data/1116132/000111613216000022/,,16
Tapestry,TPR,2016Q1,2016-03-26,분기별 당기순이익(지배),112500000,USD,공시,https://www.sec.gov/Archives/edgar/data/1116132/000111613216000022/,,16
Tapestry,TPR,2016Q1,2016-03-26,분기별 영업활동현금흐름,199200000,USD,계산(누적차감),https://www.sec.gov/Archives/edgar/data/1116132/000111613216000022/ ; https://www.sec.gov/Archives/edgar/data/1116132/000111613216000019/,누적 509200000 − 직전누적 310000000 (시작 2015-06-28),16
Tapestry,TPR,2016Q1,2016-03-26,분기말 자산총계,4676500000,USD,공시,https://www.sec.gov/Archives/edgar/data/1116132/000111613216000022/,,16
Tapestry,TPR,2016Q1,2016-03-26,분기말 부채총계,2051100000,USD,공시,https://www.sec.gov/Archives/edgar/data/1116132/000111613216000022/,,16
Tapestry,TPR,2016Q1,2016-03-26,분기말 총자본(자기자본),2625400000,USD,공시(비지배 없음),https://www.sec.gov/Archives/edgar/data/1116132/000111613216000022/,"StockholdersEquity, MinorityInterest 태그 없음",16
Tapestry,TPR,2016Q1,2016-03-26,분기말 지배지분 자본,2625400000,USD,공시,https://www.sec.gov/Archives/edgar/data/1116132/000111613216000022/,,16
Tapestry,TPR,2016Q1,2016-03-24,분기말 종가,38.68,USD,API,https://query1.finance.yahoo.com/v8/finance/chart/TPR?interval=1d&events=splits (2016-03-24),,16
Tapestry,TPR,2016Q1,2016-04-22,분기말 상장주식수,278029674,주,공시(표지 기준일),https://www.sec.gov/Archives/edgar/data/1116132/000111613216000022/,dei:EntityCommonStockSharesOutstanding 클래스 합,16
Tapestry,TPR,2016Q1,2016-03-24,분기말 시가총액,10754187790,USD,계산(종가×주식수),https://query1.finance.yahoo.com/v8/finance/chart/TPR?interval=1d&events=splits (2016-03-24) ; https://www.sec.gov/Archives/edgar/data/1116132/000111613216000022/,종가 38.68 × 주식수 278029674,16
Tapestry,TPR,2016Q2,2016-07-02,분기별 매출액,1154600000,USD,계산(연간-3분기누적),https://www.sec.gov/Archives/edgar/data/1116132/000111613216000026/ ; https://www.sec.gov/Archives/edgar/data/1116132/000111613216000022/,연간 4491800000 − 9개월누적 3337200000 (SalesRevenueNet),16
Tapestry,TPR,2016Q2,2016-07-02,분기별 영업이익,116800000,USD,계산(연간-3분기누적),https://www.sec.gov/Archives/edgar/data/1116132/000111613216000026/ ; https://www.sec.gov/Archives/edgar/data/1116132/000111613216000022/,연간 653500000 − 9개월누적 536700000 (OperatingIncomeLoss),16
Tapestry,TPR,2016Q2,2016-07-02,분기별 당기순이익(지배),81500000,USD,계산(연간-3분기누적),https://www.sec.gov/Archives/edgar/data/1116132/000111613216000026/ ; https://www.sec.gov/Archives/edgar/data/1116132/000111613216000022/,연간 460500000 − 9개월누적 379000000 (NetIncomeLoss),16
Tapestry,TPR,2016Q2,2016-07-02,분기별 영업활동현금흐름,249400000,USD,계산(누적차감),https://www.sec.gov/Archives/edgar/data/1116132/000111613216000026/ ; https://www.sec.gov/Archives/edgar/data/1116132/000111613216000022/,누적 758600000 − 직전누적 509200000 (시작 2015-06-28),16
Tapestry,TPR,2016Q2,2016-07-02,분기말 자산총계,4892700000,USD,공시,https://www.sec.gov/Archives/edgar/data/1116132/000111613216000026/,,16
Tapestry,TPR,2016Q2,2016-07-02,분기말 부채총계,2209800000,USD,공시,https://www.sec.gov/Archives/edgar/data/1116132/000111613216000026/,,16
Tapestry,TPR,2016Q2,2016-07-02,분기말 총자본(자기자본),2682900000,USD,공시(비지배 없음),https://www.sec.gov/Archives/edgar/data/1116132/000111613216000026/,"StockholdersEquity, MinorityInterest 태그 없음",16
Tapestry,TPR,2016Q2,2016-07-02,분기말 지배지분 자본,2682900000,USD,공시,https://www.sec.gov/Archives/edgar/data/1116132/000111613216000026/,,16
Tapestry,TPR,2016Q2,2016-07-01,분기말 종가,40.73,USD,API,https://query1.finance.yahoo.com/v8/finance/chart/TPR?interval=1d&events=splits (2016-07-01),,16
Tapestry,TPR,2016Q2,2016-08-05,분기말 상장주식수,278942860,주,공시(표지 기준일),https://www.sec.gov/Archives/edgar/data/1116132/000111613216000026/,dei:EntityCommonStockSharesOutstanding 클래스 합,16
Tapestry,TPR,2016Q2,2016-07-01,분기말 시가총액,11361342688,USD,계산(종가×주식수),https://query1.finance.yahoo.com/v8/finance/chart/TPR?interval=1d&events=splits (2016-07-01) ; https://www.sec.gov/Archives/edgar/data/1116132/000111613216000026/,종가 40.73 × 주식수 278942860,16
Tapestry,TPR,2016Q3,2016-10-01,분기별 매출액,1037600000,USD,공시,https://www.sec.gov/Archives/edgar/data/1116132/000111613216000033/,,16
Tapestry,TPR,2016Q3,2016-10-01,분기별 영업이익,165900000,USD,공시,https://www.sec.gov/Archives/edgar/data/1116132/000111613216000033/,,16
Tapestry,TPR,2016Q3,2016-10-01,분기별 당기순이익(지배),117400000,USD,공시,https://www.sec.gov/Archives/edgar/data/1116132/000111613216000033/,,16
Tapestry,TPR,2016Q3,2016-10-01,분기별 영업활동현금흐름,-38100000,USD,공시,https://www.sec.gov/Archives/edgar/data/1116132/000111613216000033/,,16
Tapestry,TPR,2016Q3,2016-10-01,분기말 자산총계,4584600000,USD,공시,https://www.sec.gov/Archives/edgar/data/1116132/000111613216000033/,,16
Tapestry,TPR,2016Q3,2016-10-01,분기말 부채총계,1856100000,USD,공시,https://www.sec.gov/Archives/edgar/data/1116132/000111613216000033/,,16
Tapestry,TPR,2016Q3,2016-10-01,분기말 총자본(자기자본),2728500000,USD,공시(비지배 없음),https://www.sec.gov/Archives/edgar/data/1116132/000111613216000033/,"StockholdersEquity, MinorityInterest 태그 없음",16
Tapestry,TPR,2016Q3,2016-10-01,분기말 지배지분 자본,2728500000,USD,공시,https://www.sec.gov/Archives/edgar/data/1116132/000111613216000033/,,16
Tapestry,TPR,2016Q3,2016-09-30,분기말 종가,36.56,USD,API,https://query1.finance.yahoo.com/v8/finance/chart/TPR?interval=1d&events=splits (2016-09-30),,16
Tapestry,TPR,2016Q3,2016-10-28,분기말 상장주식수,280365188,주,공시(표지 기준일),https://www.sec.gov/Archives/edgar/data/1116132/000111613216000033/,dei:EntityCommonStockSharesOutstanding 클래스 합,16
Tapestry,TPR,2016Q3,2016-09-30,분기말 시가총액,10250151273,USD,계산(종가×주식수),https://query1.finance.yahoo.com/v8/finance/chart/TPR?interval=1d&events=splits (2016-09-30) ; https://www.sec.gov/Archives/edgar/data/1116132/000111613216000033/,종가 36.56 × 주식수 280365188,16
Tapestry,TPR,2016Q4,2016-12-31,분기별 매출액,1321700000,USD,공시,https://www.sec.gov/Archives/edgar/data/1116132/000111613217000003/,,16
Tapestry,TPR,2016Q4,2016-12-31,분기별 영업이익,277400000,USD,공시,https://www.sec.gov/Archives/edgar/data/1116132/000111613217000003/,,16
Tapestry,TPR,2016Q4,2016-12-31,분기별 당기순이익(지배),199700000,USD,공시,https://www.sec.gov/Archives/edgar/data/1116132/000111613217000003/,,16
Tapestry,TPR,2016Q4,2016-12-31,분기별 영업활동현금흐름,366200000,USD,계산(누적차감),https://www.sec.gov/Archives/edgar/data/1116132/000111613217000003/ ; https://www.sec.gov/Archives/edgar/data/1116132/000111613216000033/,누적 328100000 − 직전누적 -38100000 (시작 2016-07-03),16
Tapestry,TPR,2016Q4,2016-12-31,분기말 자산총계,4678700000,USD,공시,https://www.sec.gov/Archives/edgar/data/1116132/000111613217000003/,,16
Tapestry,TPR,2016Q4,2016-12-31,분기말 부채총계,1867600000,USD,공시,https://www.sec.gov/Archives/edgar/data/1116132/000111613217000003/,,16
Tapestry,TPR,2016Q4,2016-12-31,분기말 총자본(자기자본),2811100000,USD,공시(비지배 없음),https://www.sec.gov/Archives/edgar/data/1116132/000111613217000003/,"StockholdersEquity, MinorityInterest 태그 없음",16
Tapestry,TPR,2016Q4,2016-12-31,분기말 지배지분 자본,2811100000,USD,공시,https://www.sec.gov/Archives/edgar/data/1116132/000111613217000003/,,16
Tapestry,TPR,2016Q4,2016-12-30,분기말 종가,35.02,USD,API,https://query1.finance.yahoo.com/v8/finance/chart/TPR?interval=1d&events=splits (2016-12-30),,16
Tapestry,TPR,2016Q4,2017-01-27,분기말 상장주식수,280616067,주,공시(표지 기준일),https://www.sec.gov/Archives/edgar/data/1116132/000111613217000003/,dei:EntityCommonStockSharesOutstanding 클래스 합,16
Tapestry,TPR,2016Q4,2016-12-30,분기말 시가총액,9827174666,USD,계산(종가×주식수),https://query1.finance.yahoo.com/v8/finance/chart/TPR?interval=1d&events=splits (2016-12-30) ; https://www.sec.gov/Archives/edgar/data/1116132/000111613217000003/,종가 35.02 × 주식수 280616067,16
Tapestry,TPR,2017Q1,2017-04-01,분기별 매출액,995200000,USD,공시,https://www.sec.gov/Archives/edgar/data/1116132/000111613217000006/,,16
Tapestry,TPR,2017Q1,2017-04-01,분기별 영업이익,151100000,USD,공시,https://www.sec.gov/Archives/edgar/data/1116132/000111613217000006/,,16
Tapestry,TPR,2017Q1,2017-04-01,분기별 당기순이익(지배),122200000,USD,공시,https://www.sec.gov/Archives/edgar/data/1116132/000111613217000006/,,16
Tapestry,TPR,2017Q1,2017-04-01,분기별 영업활동현금흐름,201900000,USD,계산(누적차감),https://www.sec.gov/Archives/edgar/data/1116132/000111613217000006/ ; https://www.sec.gov/Archives/edgar/data/1116132/000111613217000003/,누적 530000000 − 직전누적 328100000 (시작 2016-07-03),16
Tapestry,TPR,2017Q1,2017-04-01,분기말 자산총계,4661000000,USD,공시,https://www.sec.gov/Archives/edgar/data/1116132/000111613217000006/,,16
Tapestry,TPR,2017Q1,2017-04-01,분기말 부채총계,1769100000,USD,공시,https://www.sec.gov/Archives/edgar/data/1116132/000111613217000006/,,16
Tapestry,TPR,2017Q1,2017-04-01,분기말 총자본(자기자본),2891900000,USD,공시(비지배 없음),https://www.sec.gov/Archives/edgar/data/1116132/000111613217000006/,"StockholdersEquity, MinorityInterest 태그 없음",16
Tapestry,TPR,2017Q1,2017-04-01,분기말 지배지분 자본,2891900000,USD,공시,https://www.sec.gov/Archives/edgar/data/1116132/000111613217000006/,,16
Tapestry,TPR,2017Q1,2017-03-31,분기말 종가,41.33,USD,API,https://query1.finance.yahoo.com/v8/finance/chart/TPR?interval=1d&events=splits (2017-03-31),,16
Tapestry,TPR,2017Q1,2017-04-28,분기말 상장주식수,281128639,주,공시(표지 기준일),https://www.sec.gov/Archives/edgar/data/1116132/000111613217000006/,dei:EntityCommonStockSharesOutstanding 클래스 합,16
Tapestry,TPR,2017Q1,2017-03-31,분기말 시가총액,11619046650,USD,계산(종가×주식수),https://query1.finance.yahoo.com/v8/finance/chart/TPR?interval=1d&events=splits (2017-03-31) ; https://www.sec.gov/Archives/edgar/data/1116132/000111613217000006/,종가 41.33 × 주식수 281128639,16
Tapestry,TPR,2017Q2,2017-07-01,분기별 매출액,1133800000,USD,계산(연간-3분기누적),https://www.sec.gov/Archives/edgar/data/1116132/000111613217000011/ ; https://www.sec.gov/Archives/edgar/data/1116132/000111613217000006/,연간 4488300000 − 9개월누적 3354500000 (SalesRevenueNet),16
Tapestry,TPR,2017Q2,2017-07-01,분기별 영업이익,193000000,USD,계산(연간-3분기누적),https://www.sec.gov/Archives/edgar/data/1116132/000111613217000011/ ; https://www.sec.gov/Archives/edgar/data/1116132/000111613217000006/,연간 787400000 − 9개월누적 594400000 (OperatingIncomeLoss),16
Tapestry,TPR,2017Q2,2017-07-01,분기별 당기순이익(지배),151700000,USD,계산(연간-3분기누적),https://www.sec.gov/Archives/edgar/data/1116132/000111613217000011/ ; https://www.sec.gov/Archives/edgar/data/1116132/000111613217000006/,연간 591000000 − 9개월누적 439300000 (NetIncomeLoss),16
Tapestry,TPR,2017Q2,2017-07-01,분기별 영업활동현금흐름,323800000,USD,계산(누적차감),https://www.sec.gov/Archives/edgar/data/1116132/000111613217000011/ ; https://www.sec.gov/Archives/edgar/data/1116132/000111613217000006/,누적 853800000 − 직전누적 530000000 (시작 2016-07-03),16
Tapestry,TPR,2017Q2,2017-07-01,분기말 자산총계,5831600000,USD,공시,https://www.sec.gov/Archives/edgar/data/1116132/000111613217000011/,,16
Tapestry,TPR,2017Q2,2017-07-01,분기말 부채총계,2829700000,USD,공시,https://www.sec.gov/Archives/edgar/data/1116132/000111613217000011/,,16
Tapestry,TPR,2017Q2,2017-07-01,분기말 총자본(자기자본),3001900000,USD,공시(비지배 없음),https://www.sec.gov/Archives/edgar/data/1116132/000111613217000011/,"StockholdersEquity, MinorityInterest 태그 없음",16
Tapestry,TPR,2017Q2,2017-07-01,분기말 지배지분 자본,3001900000,USD,공시,https://www.sec.gov/Archives/edgar/data/1116132/000111613217000011/,,16
Tapestry,TPR,2017Q2,2017-06-30,분기말 종가,47.34,USD,API,https://query1.finance.yahoo.com/v8/finance/chart/TPR?interval=1d&events=splits (2017-06-30),,16
Tapestry,TPR,2017Q2,2017-08-04,분기말 상장주식수,282584704,주,공시(표지 기준일),https://www.sec.gov/Archives/edgar/data/1116132/000111613217000011/,dei:EntityCommonStockSharesOutstanding 클래스 합,16
Tapestry,TPR,2017Q2,2017-06-30,분기말 시가총액,13377559887,USD,계산(종가×주식수),https://query1.finance.yahoo.com/v8/finance/chart/TPR?interval=1d&events=splits (2017-06-30) ; https://www.sec.gov/Archives/edgar/data/1116132/000111613217000011/,종가 47.34 × 주식수 282584704,16
Tapestry,TPR,2017Q3,2017-09-30,분기별 매출액,1288900000,USD,공시,https://www.sec.gov/Archives/edgar/data/1116132/000111613217000016/,,16
Tapestry,TPR,2017Q3,2017-09-30,분기별 영업이익,-21800000,USD,공시,https://www.sec.gov/Archives/edgar/data/1116132/000111613217000016/,,16
Tapestry,TPR,2017Q3,2017-09-30,분기별 당기순이익(지배),-17700000,USD,공시,https://www.sec.gov/Archives/edgar/data/1116132/000111613217000016/,,16
Tapestry,TPR,2017Q3,2017-09-30,분기별 영업활동현금흐름,-103800000,USD,공시,https://www.sec.gov/Archives/edgar/data/1116132/000111613217000016/,,16
Tapestry,TPR,2017Q3,2017-09-30,분기말 자산총계,7454400000,USD,공시,https://www.sec.gov/Archives/edgar/data/1116132/000111613217000016/,,16
Tapestry,TPR,2017Q3,2017-09-30,분기말 부채총계,4514400000,USD,공시,https://www.sec.gov/Archives/edgar/data/1116132/000111613217000016/,,16
Tapestry,TPR,2017Q3,2017-09-30,분기말 총자본(자기자본),2940000000,USD,공시(비지배 없음),https://www.sec.gov/Archives/edgar/data/1116132/000111613217000016/,"StockholdersEquity, MinorityInterest 태그 없음",16
Tapestry,TPR,2017Q3,2017-09-30,분기말 지배지분 자본,2940000000,USD,공시,https://www.sec.gov/Archives/edgar/data/1116132/000111613217000016/,,16
Tapestry,TPR,2017Q3,2017-09-29,분기말 종가,40.28,USD,API,https://query1.finance.yahoo.com/v8/finance/chart/TPR?interval=1d&events=splits (2017-09-29),,16
Tapestry,TPR,2017Q3,2017-10-27,분기말 상장주식수,284375237,주,공시(표지 기준일),https://www.sec.gov/Archives/edgar/data/1116132/000111613217000016/,dei:EntityCommonStockSharesOutstanding 클래스 합,16
Tapestry,TPR,2017Q3,2017-09-29,분기말 시가총액,11454634546,USD,계산(종가×주식수),https://query1.finance.yahoo.com/v8/finance/chart/TPR?interval=1d&events=splits (2017-09-29) ; https://www.sec.gov/Archives/edgar/data/1116132/000111613217000016/,종가 40.28 × 주식수 284375237,16
Tapestry,TPR,2017Q4,2017-12-30,분기별 매출액,1785000000,USD,공시,https://www.sec.gov/Archives/edgar/data/1116132/000111613218000008/,,16
Tapestry,TPR,2017Q4,2017-12-30,분기별 영업이익,346400000,USD,공시,https://www.sec.gov/Archives/edgar/data/1116132/000111613218000008/,,16
Tapestry,TPR,2017Q4,2017-12-30,분기별 당기순이익(지배),63200000,USD,공시,https://www.sec.gov/Archives/edgar/data/1116132/000111613218000008/,,16
Tapestry,TPR,2017Q4,2017-12-30,분기별 영업활동현금흐름,534800000,USD,계산(누적차감),https://www.sec.gov/Archives/edgar/data/1116132/000111613218000008/ ; https://www.sec.gov/Archives/edgar/data/1116132/000111613217000016/,누적 431000000 − 직전누적 -103800000 (시작 2017-07-02),16
Tapestry,TPR,2017Q4,2017-12-30,분기말 자산총계,7481200000,USD,공시,https://www.sec.gov/Archives/edgar/data/1116132/000111613218000008/,,16
Tapestry,TPR,2017Q4,2017-12-30,분기말 부채총계,4531800000,USD,공시,https://www.sec.gov/Archives/edgar/data/1116132/000111613218000008/,,16
Tapestry,TPR,2017Q4,2017-12-30,분기말 총자본(자기자본),2949400000,USD,공시(비지배 없음),https://www.sec.gov/Archives/edgar/data/1116132/000111613218000008/,"StockholdersEquity, MinorityInterest 태그 없음",16
Tapestry,TPR,2017Q4,2017-12-30,분기말 지배지분 자본,2949400000,USD,공시,https://www.sec.gov/Archives/edgar/data/1116132/000111613218000008/,,16
Tapestry,TPR,2017Q4,2017-12-29,분기말 종가,44.23,USD,API,https://query1.finance.yahoo.com/v8/finance/chart/TPR?interval=1d&events=splits (2017-12-29),,16
Tapestry,TPR,2017Q4,2018-01-26,분기말 상장주식수,284882437,주,공시(표지 기준일),https://www.sec.gov/Archives/edgar/data/1116132/000111613218000008/,dei:EntityCommonStockSharesOutstanding 클래스 합,16
Tapestry,TPR,2017Q4,2017-12-29,분기말 시가총액,12600350189,USD,계산(종가×주식수),https://query1.finance.yahoo.com/v8/finance/chart/TPR?interval=1d&events=splits (2017-12-29) ; https://www.sec.gov/Archives/edgar/data/1116132/000111613218000008/,종가 44.23 × 주식수 284882437,16
Tapestry,TPR,2018Q1,2018-03-31,분기별 매출액,1322400000,USD,공시,https://www.sec.gov/Archives/edgar/data/1116132/000111613218000017/,,16
Tapestry,TPR,2018Q1,2018-03-31,분기별 영업이익,159000000,USD,공시,https://www.sec.gov/Archives/edgar/data/1116132/000111613218000017/,,16
Tapestry,TPR,2018Q1,2018-03-31,분기별 당기순이익(지배),140300000,USD,공시,https://www.sec.gov/Archives/edgar/data/1116132/000111613218000017/,,16
Tapestry,TPR,2018Q1,2018-03-31,분기별 영업활동현금흐름,155500000,USD,계산(누적차감),https://www.sec.gov/Archives/edgar/data/1116132/000111613218000017/ ; https://www.sec.gov/Archives/edgar/data/1116132/000111613218000008/,누적 586500000 − 직전누적 431000000 (시작 2017-07-02),16
Tapestry,TPR,2018Q1,2018-03-31,분기말 자산총계,6588000000,USD,공시,https://www.sec.gov/Archives/edgar/data/1116132/000111613218000017/,,16
Tapestry,TPR,2018Q1,2018-03-31,분기말 부채총계,3450000000,USD,공시,https://www.sec.gov/Archives/edgar/data/1116132/000111613218000017/,,16
Tapestry,TPR,2018Q1,2018-03-31,분기말 총자본(자기자본),3138000000,USD,공시(비지배 없음),https://www.sec.gov/Archives/edgar/data/1116132/000111613218000017/,"StockholdersEquity, MinorityInterest 태그 없음",16
Tapestry,TPR,2018Q1,2018-03-31,분기말 지배지분 자본,3138000000,USD,공시,https://www.sec.gov/Archives/edgar/data/1116132/000111613218000017/,,16
Tapestry,TPR,2018Q1,2018-03-29,분기말 종가,52.61,USD,API,https://query1.finance.yahoo.com/v8/finance/chart/TPR?interval=1d&events=splits (2018-03-29),,16
Tapestry,TPR,2018Q1,2018-04-27,분기말 상장주식수,287817710,주,공시(표지 기준일),https://www.sec.gov/Archives/edgar/data/1116132/000111613218000017/,dei:EntityCommonStockSharesOutstanding 클래스 합,16
Tapestry,TPR,2018Q1,2018-03-29,분기말 시가총액,15142089723,USD,계산(종가×주식수),https://query1.finance.yahoo.com/v8/finance/chart/TPR?interval=1d&events=splits (2018-03-29) ; https://www.sec.gov/Archives/edgar/data/1116132/000111613218000017/,종가 52.61 × 주식수 287817710,16
Tapestry,TPR,2018Q2,2018-06-30,분기별 매출액,1483700000,USD,계산(연간-3분기누적),https://www.sec.gov/Archives/edgar/data/1116132/000111613218000021/ ; https://www.sec.gov/Archives/edgar/data/1116132/000111613218000017/,연간 5880000000 − 9개월누적 4396300000 (Revenues / 9개월 SalesRevenueNet),16
Tapestry,TPR,2018Q2,2018-06-30,분기별 영업이익,188400000,USD,계산(연간-3분기누적)(재작성 반영),https://www.sec.gov/Archives/edgar/data/1116132/000111613220000022/ ; https://www.sec.gov/Archives/edgar/data/1116132/000111613218000017/,연간 672000000 − 9개월누적 483600000 (OperatingIncomeLoss) ; 원 공시 187200000 (https://www.sec.gov/Archives/edgar/data/1116132/000111613218000021/ ; https://www.sec.gov/Archives/edgar/data/1116132/000111613218000017/),16
Tapestry,TPR,2018Q2,2018-06-30,분기별 당기순이익(지배),211700000,USD,계산(연간-3분기누적),https://www.sec.gov/Archives/edgar/data/1116132/000111613218000021/ ; https://www.sec.gov/Archives/edgar/data/1116132/000111613218000017/,연간 397500000 − 9개월누적 185800000 (NetIncomeLoss),16
Tapestry,TPR,2018Q2,2018-06-30,분기별 영업활동현금흐름,411000000,USD,계산(누적차감)(재작성 반영),https://www.sec.gov/Archives/edgar/data/1116132/000111613220000022/ ; https://www.sec.gov/Archives/edgar/data/1116132/000111613218000017/,누적 997500000 − 직전누적 586500000 (시작 2017-07-02) ; 원 공시 410200000 (https://www.sec.gov/Archives/edgar/data/1116132/000111613218000021/ ; https://www.sec.gov/Archives/edgar/data/1116132/000111613218000017/),16
Tapestry,TPR,2018Q2,2018-06-30,분기말 자산총계,6678300000,USD,공시,https://www.sec.gov/Archives/edgar/data/1116132/000111613218000021/,,16
Tapestry,TPR,2018Q2,2018-06-30,분기말 부채총계,3433700000,USD,공시,https://www.sec.gov/Archives/edgar/data/1116132/000111613218000021/,,16
Tapestry,TPR,2018Q2,2018-06-30,분기말 총자본(자기자본),3244600000,USD,공시(비지배 없음),https://www.sec.gov/Archives/edgar/data/1116132/000111613218000021/,"StockholdersEquity, MinorityInterest 태그 없음",16
Tapestry,TPR,2018Q2,2018-06-30,분기말 지배지분 자본,3244600000,USD,공시,https://www.sec.gov/Archives/edgar/data/1116132/000111613218000021/,,16
Tapestry,TPR,2018Q2,2018-06-29,분기말 종가,46.71,USD,API,https://query1.finance.yahoo.com/v8/finance/chart/TPR?interval=1d&events=splits (2018-06-29),,16
Tapestry,TPR,2018Q2,2018-08-03,분기말 상장주식수,288038993,주,공시(표지 기준일),https://www.sec.gov/Archives/edgar/data/1116132/000111613218000021/,dei:EntityCommonStockSharesOutstanding 클래스 합,16
Tapestry,TPR,2018Q2,2018-06-29,분기말 시가총액,13454301363,USD,계산(종가×주식수),https://query1.finance.yahoo.com/v8/finance/chart/TPR?interval=1d&events=splits (2018-06-29) ; https://www.sec.gov/Archives/edgar/data/1116132/000111613218000021/,종가 46.71 × 주식수 288038993,16
Tapestry,TPR,2018Q3,2018-09-29,분기별 매출액,1381200000,USD,공시,https://www.sec.gov/Archives/edgar/data/1116132/000111613218000027/,,16
Tapestry,TPR,2018Q3,2018-09-29,분기별 영업이익,162300000,USD,공시(재작성 반영),https://www.sec.gov/Archives/edgar/data/1116132/000111613219000021/,원 공시 157700000 (https://www.sec.gov/Archives/edgar/data/1116132/000111613218000027/),16
Tapestry,TPR,2018Q3,2018-09-29,분기별 당기순이익(지배),122300000,USD,공시,https://www.sec.gov/Archives/edgar/data/1116132/000111613218000027/,,16
Tapestry,TPR,2018Q3,2018-09-29,분기별 영업활동현금흐름,-19100000,USD,공시(재작성 반영),https://www.sec.gov/Archives/edgar/data/1116132/000111613219000021/,원 공시 -19300000 (https://www.sec.gov/Archives/edgar/data/1116132/000111613218000027/),16
Tapestry,TPR,2018Q3,2018-09-29,분기말 자산총계,6703300000,USD,공시,https://www.sec.gov/Archives/edgar/data/1116132/000111613218000027/,,16
Tapestry,TPR,2018Q3,2018-09-29,분기말 부채총계,3393700000,USD,공시,https://www.sec.gov/Archives/edgar/data/1116132/000111613218000027/,,16
Tapestry,TPR,2018Q3,2018-09-29,분기말 총자본(자기자본),3309600000,USD,공시(비지배 없음),https://www.sec.gov/Archives/edgar/data/1116132/000111613218000027/,"StockholdersEquity, MinorityInterest 태그 없음",16
Tapestry,TPR,2018Q3,2018-09-29,분기말 지배지분 자본,3309600000,USD,공시,https://www.sec.gov/Archives/edgar/data/1116132/000111613218000027/,,16
Tapestry,TPR,2018Q3,2018-09-28,분기말 종가,50.27,USD,API,https://query1.finance.yahoo.com/v8/finance/chart/TPR?interval=1d&events=splits (2018-09-28),,16
Tapestry,TPR,2018Q3,2018-10-26,분기말 상장주식수,289795992,주,공시(표지 기준일),https://www.sec.gov/Archives/edgar/data/1116132/000111613218000027/,dei:EntityCommonStockSharesOutstanding 클래스 합,16
Tapestry,TPR,2018Q3,2018-09-28,분기말 시가총액,14568044518,USD,계산(종가×주식수),https://query1.finance.yahoo.com/v8/finance/chart/TPR?interval=1d&events=splits (2018-09-28) ; https://www.sec.gov/Archives/edgar/data/1116132/000111613218000027/,종가 50.27 × 주식수 289795992,16
Tapestry,TPR,2018Q4,2018-12-29,분기별 매출액,1800800000,USD,공시,https://www.sec.gov/Archives/edgar/data/1116132/000111613219000007/,,16
Tapestry,TPR,2018Q4,2018-12-29,분기별 영업이익,376500000,USD,공시(재작성 반영),https://www.sec.gov/Archives/edgar/data/1116132/000111613220000007/,원 공시 380700000 (https://www.sec.gov/Archives/edgar/data/1116132/000111613219000007/),16
Tapestry,TPR,2018Q4,2018-12-29,분기별 당기순이익(지배),254800000,USD,공시,https://www.sec.gov/Archives/edgar/data/1116132/000111613219000007/,,16
Tapestry,TPR,2018Q4,2018-12-29,분기별 영업활동현금흐름,618400000,USD,계산(누적차감)(재작성 반영),https://www.sec.gov/Archives/edgar/data/1116132/000111613220000007/ ; https://www.sec.gov/Archives/edgar/data/1116132/000111613219000021/,누적 599300000 − 직전누적 -19100000 (시작 2018-07-01) ; 원 공시 618300000 (https://www.sec.gov/Archives/edgar/data/1116132/000111613219000007/ ; https://www.sec.gov/Archives/edgar/data/1116132/000111613218000027/),16
Tapestry,TPR,2018Q4,2018-12-29,분기말 자산총계,7119300000,USD,공시,https://www.sec.gov/Archives/edgar/data/1116132/000111613219000007/,,16
Tapestry,TPR,2018Q4,2018-12-29,분기말 부채총계,3630900000,USD,공시,https://www.sec.gov/Archives/edgar/data/1116132/000111613219000007/,,16
Tapestry,TPR,2018Q4,2018-12-29,분기말 총자본(자기자본),3488400000,USD,공시(비지배 없음),https://www.sec.gov/Archives/edgar/data/1116132/000111613219000007/,"StockholdersEquity, MinorityInterest 태그 없음",16
Tapestry,TPR,2018Q4,2018-12-29,분기말 지배지분 자본,3488400000,USD,공시,https://www.sec.gov/Archives/edgar/data/1116132/000111613219000007/,,16
Tapestry,TPR,2018Q4,2018-12-28,분기말 종가,33.81,USD,API,https://query1.finance.yahoo.com/v8/finance/chart/TPR?interval=1d&events=splits (2018-12-28),,16
Tapestry,TPR,2018Q4,2019-01-25,분기말 상장주식수,289978011,주,공시(표지 기준일),https://www.sec.gov/Archives/edgar/data/1116132/000111613219000007/,dei:EntityCommonStockSharesOutstanding 클래스 합,16
Tapestry,TPR,2018Q4,2018-12-28,분기말 시가총액,9804156552,USD,계산(종가×주식수),https://query1.finance.yahoo.com/v8/finance/chart/TPR?interval=1d&events=splits (2018-12-28) ; https://www.sec.gov/Archives/edgar/data/1116132/000111613219000007/,종가 33.81 × 주식수 289978011,16
Tapestry,TPR,2019Q1,2019-03-30,분기별 매출액,1331400000,USD,공시,https://www.sec.gov/Archives/edgar/data/1116132/000111613219000010/,,16
Tapestry,TPR,2019Q1,2019-03-30,분기별 영업이익,109800000,USD,공시(재작성 반영),https://www.sec.gov/Archives/edgar/data/1116132/000111613220000012/,원 공시 105800000 (https://www.sec.gov/Archives/edgar/data/1116132/000111613219000010/),16
Tapestry,TPR,2019Q1,2019-03-30,분기별 당기순이익(지배),117400000,USD,공시,https://www.sec.gov/Archives/edgar/data/1116132/000111613219000010/,,16
Tapestry,TPR,2019Q1,2019-03-30,분기별 영업활동현금흐름,3500000,USD,계산(누적차감)(재작성 반영),https://www.sec.gov/Archives/edgar/data/1116132/000111613220000012/ ; https://www.sec.gov/Archives/edgar/data/1116132/000111613220000007/,누적 602800000 − 직전누적 599300000 (시작 2018-07-01) ; 원 공시 3200000 (https://www.sec.gov/Archives/edgar/data/1116132/000111613219000010/ ; https://www.sec.gov/Archives/edgar/data/1116132/000111613219000007/),16
Tapestry,TPR,2019Q1,2019-03-30,분기말 자산총계,6969900000,USD,공시,https://www.sec.gov/Archives/edgar/data/1116132/000111613219000010/,,16
Tapestry,TPR,2019Q1,2019-03-30,분기말 부채총계,3438700000,USD,공시,https://www.sec.gov/Archives/edgar/data/1116132/000111613219000010/,,16
Tapestry,TPR,2019Q1,2019-03-30,분기말 총자본(자기자본),3531200000,USD,공시(비지배 없음),https://www.sec.gov/Archives/edgar/data/1116132/000111613219000010/,"StockholdersEquity, MinorityInterest 태그 없음",16
Tapestry,TPR,2019Q1,2019-03-30,분기말 지배지분 자본,3531200000,USD,공시,https://www.sec.gov/Archives/edgar/data/1116132/000111613219000010/,,16
Tapestry,TPR,2019Q1,2019-03-29,분기말 종가,32.49,USD,API,https://query1.finance.yahoo.com/v8/finance/chart/TPR?interval=1d&events=splits (2019-03-29),,16
Tapestry,TPR,2019Q1,2019-04-26,분기말 상장주식수,290135955,주,공시(표지 기준일),https://www.sec.gov/Archives/edgar/data/1116132/000111613219000010/,dei:EntityCommonStockSharesOutstanding 클래스 합,16
Tapestry,TPR,2019Q1,2019-03-29,분기말 시가총액,9426517178,USD,계산(종가×주식수),https://query1.finance.yahoo.com/v8/finance/chart/TPR?interval=1d&events=splits (2019-03-29) ; https://www.sec.gov/Archives/edgar/data/1116132/000111613219000010/,종가 32.49 × 주식수 290135955,16
Tapestry,TPR,2019Q2,2019-06-29,분기별 매출액,1513700000,USD,계산(연간-3분기누적),https://www.sec.gov/Archives/edgar/data/1116132/000111613219000016/ ; https://www.sec.gov/Archives/edgar/data/1116132/000111613219000010/,연간 6027100000 − 9개월누적 4513400000 (RevenueFromContractWithCustomerExcludingAssessedTax),16
Tapestry,TPR,2019Q2,2019-06-29,분기별 영업이익,171100000,USD,계산(연간-3분기누적)(재작성 반영),https://www.sec.gov/Archives/edgar/data/1116132/000111613221000020/ ; https://www.sec.gov/Archives/edgar/data/1116132/000111613220000012/,연간 819700000 − 9개월누적 648600000 (OperatingIncomeLoss) ; 원 공시 169900000 (https://www.sec.gov/Archives/edgar/data/1116132/000111613219000016/ ; https://www.sec.gov/Archives/edgar/data/1116132/000111613219000010/),16
Tapestry,TPR,2019Q2,2019-06-29,분기별 당기순이익(지배),148900000,USD,계산(연간-3분기누적),https://www.sec.gov/Archives/edgar/data/1116132/000111613219000016/ ; https://www.sec.gov/Archives/edgar/data/1116132/000111613219000010/,연간 643400000 − 9개월누적 494500000 (NetIncomeLoss),16
Tapestry,TPR,2019Q2,2019-06-29,분기별 영업활동현금흐름,189600000,USD,계산(누적차감)(재작성 반영),https://www.sec.gov/Archives/edgar/data/1116132/000111613221000020/ ; https://www.sec.gov/Archives/edgar/data/1116132/000111613220000012/,누적 792400000 − 직전누적 602800000 (시작 2018-07-01) ; 원 공시 189500000 (https://www.sec.gov/Archives/edgar/data/1116132/000111613219000016/ ; https://www.sec.gov/Archives/edgar/data/1116132/000111613219000010/),16
Tapestry,TPR,2019Q2,2019-06-29,분기말 자산총계,6877300000,USD,공시,https://www.sec.gov/Archives/edgar/data/1116132/000111613219000016/,,16
Tapestry,TPR,2019Q2,2019-06-29,분기말 부채총계,3363900000,USD,공시,https://www.sec.gov/Archives/edgar/data/1116132/000111613219000016/,,16
Tapestry,TPR,2019Q2,2019-06-29,분기말 총자본(자기자본),3513400000,USD,공시(비지배 없음),https://www.sec.gov/Archives/edgar/data/1116132/000111613219000016/,"StockholdersEquity, MinorityInterest 태그 없음",16
Tapestry,TPR,2019Q2,2019-06-29,분기말 지배지분 자본,3513400000,USD,공시,https://www.sec.gov/Archives/edgar/data/1116132/000111613219000016/,,16
Tapestry,TPR,2019Q2,2019-06-28,분기말 종가,31.73,USD,API,https://query1.finance.yahoo.com/v8/finance/chart/TPR?interval=1d&events=splits (2019-06-28),,16
Tapestry,TPR,2019Q2,2019-08-02,분기말 상장주식수,286849656,주,공시(표지 기준일),https://www.sec.gov/Archives/edgar/data/1116132/000111613219000016/,dei:EntityCommonStockSharesOutstanding 클래스 합,16
Tapestry,TPR,2019Q2,2019-06-28,분기말 시가총액,9101739585,USD,계산(종가×주식수),https://query1.finance.yahoo.com/v8/finance/chart/TPR?interval=1d&events=splits (2019-06-28) ; https://www.sec.gov/Archives/edgar/data/1116132/000111613219000016/,종가 31.73 × 주식수 286849656,16
Tapestry,TPR,2019Q3,2019-09-28,분기별 매출액,1357900000,USD,공시,https://www.sec.gov/Archives/edgar/data/1116132/000111613219000021/,,16
Tapestry,TPR,2019Q3,2019-09-28,분기별 영업이익,51600000,USD,공시,https://www.sec.gov/Archives/edgar/data/1116132/000111613219000021/,,16
Tapestry,TPR,2019Q3,2019-09-28,분기별 당기순이익(지배),20000000,USD,공시,https://www.sec.gov/Archives/edgar/data/1116132/000111613219000021/,,16
Tapestry,TPR,2019Q3,2019-09-28,분기별 영업활동현금흐름,5700000,USD,공시,https://www.sec.gov/Archives/edgar/data/1116132/000111613219000021/,,16
Tapestry,TPR,2019Q3,2019-09-28,분기말 자산총계,8450100000,USD,공시,https://www.sec.gov/Archives/edgar/data/1116132/000111613219000021/,,16
Tapestry,TPR,2019Q3,2019-09-28,분기말 부채총계,5363200000,USD,공시,https://www.sec.gov/Archives/edgar/data/1116132/000111613219000021/,,16
Tapestry,TPR,2019Q3,2019-09-28,분기말 총자본(자기자본),3086900000,USD,공시(비지배 없음),https://www.sec.gov/Archives/edgar/data/1116132/000111613219000021/,"StockholdersEquity, MinorityInterest 태그 없음",16
Tapestry,TPR,2019Q3,2019-09-28,분기말 지배지분 자본,3086900000,USD,공시,https://www.sec.gov/Archives/edgar/data/1116132/000111613219000021/,,16
Tapestry,TPR,2019Q3,2019-09-27,분기말 종가,25.99,USD,API,https://query1.finance.yahoo.com/v8/finance/chart/TPR?interval=1d&events=splits (2019-09-27),,16
Tapestry,TPR,2019Q3,2019-10-25,분기말 상장주식수,275935645,주,공시(표지 기준일),https://www.sec.gov/Archives/edgar/data/1116132/000111613219000021/,dei:EntityCommonStockSharesOutstanding 클래스 합,16
Tapestry,TPR,2019Q3,2019-09-27,분기말 시가총액,7171567414,USD,계산(종가×주식수),https://query1.finance.yahoo.com/v8/finance/chart/TPR?interval=1d&events=splits (2019-09-27) ; https://www.sec.gov/Archives/edgar/data/1116132/000111613219000021/,종가 25.99 × 주식수 275935645,16
Tapestry,TPR,2019Q4,2019-12-28,분기별 매출액,1816000000,USD,공시,https://www.sec.gov/Archives/edgar/data/1116132/000111613220000007/,,16
Tapestry,TPR,2019Q4,2019-12-28,분기별 영업이익,363100000,USD,공시,https://www.sec.gov/Archives/edgar/data/1116132/000111613220000007/,,16
Tapestry,TPR,2019Q4,2019-12-28,분기별 당기순이익(지배),298800000,USD,공시,https://www.sec.gov/Archives/edgar/data/1116132/000111613220000007/,,16
Tapestry,TPR,2019Q4,2019-12-28,분기별 영업활동현금흐름,556000000,USD,계산(누적차감),https://www.sec.gov/Archives/edgar/data/1116132/000111613220000007/ ; https://www.sec.gov/Archives/edgar/data/1116132/000111613219000021/,누적 561700000 − 직전누적 5700000 (시작 2019-06-30),16
Tapestry,TPR,2019Q4,2019-12-28,분기말 자산총계,8700100000,USD,공시,https://www.sec.gov/Archives/edgar/data/1116132/000111613220000007/,,16
Tapestry,TPR,2019Q4,2019-12-28,분기말 부채총계,5377700000,USD,공시,https://www.sec.gov/Archives/edgar/data/1116132/000111613220000007/,,16
Tapestry,TPR,2019Q4,2019-12-28,분기말 총자본(자기자본),3322400000,USD,공시(비지배 없음),https://www.sec.gov/Archives/edgar/data/1116132/000111613220000007/,"StockholdersEquity, MinorityInterest 태그 없음",16
Tapestry,TPR,2019Q4,2019-12-28,분기말 지배지분 자본,3322400000,USD,공시,https://www.sec.gov/Archives/edgar/data/1116132/000111613220000007/,,16
Tapestry,TPR,2019Q4,2019-12-27,분기말 종가,26.88,USD,API,https://query1.finance.yahoo.com/v8/finance/chart/TPR?interval=1d&events=splits (2019-12-27),,16
Tapestry,TPR,2019Q4,2020-01-24,분기말 상장주식수,276028807,주,공시(표지 기준일),https://www.sec.gov/Archives/edgar/data/1116132/000111613220000007/,dei:EntityCommonStockSharesOutstanding 클래스 합,16
Tapestry,TPR,2019Q4,2019-12-27,분기말 시가총액,7419654332,USD,계산(종가×주식수),https://query1.finance.yahoo.com/v8/finance/chart/TPR?interval=1d&events=splits (2019-12-27) ; https://www.sec.gov/Archives/edgar/data/1116132/000111613220000007/,종가 26.88 × 주식수 276028807,16
Tapestry,TPR,2020Q1,2020-03-28,분기별 매출액,1072700000,USD,공시,https://www.sec.gov/Archives/edgar/data/1116132/000111613220000012/,,16
Tapestry,TPR,2020Q1,2020-03-28,분기별 영업이익,-685500000,USD,공시,https://www.sec.gov/Archives/edgar/data/1116132/000111613220000012/,,16
Tapestry,TPR,2020Q1,2020-03-28,분기별 당기순이익(지배),-677100000,USD,공시,https://www.sec.gov/Archives/edgar/data/1116132/000111613220000012/,,16
Tapestry,TPR,2020Q1,2020-03-28,분기별 영업활동현금흐름,-115600000,USD,계산(누적차감),https://www.sec.gov/Archives/edgar/data/1116132/000111613220000012/ ; https://www.sec.gov/Archives/edgar/data/1116132/000111613220000007/,누적 446100000 − 직전누적 561700000 (시작 2019-06-30),16
Tapestry,TPR,2020Q1,2020-03-28,분기말 자산총계,7743000000,USD,공시,https://www.sec.gov/Archives/edgar/data/1116132/000111613220000012/,,16
Tapestry,TPR,2020Q1,2020-03-28,분기말 부채총계,5189900000,USD,공시,https://www.sec.gov/Archives/edgar/data/1116132/000111613220000012/,,16
Tapestry,TPR,2020Q1,2020-03-28,분기말 총자본(자기자본),2553100000,USD,공시(비지배 없음),https://www.sec.gov/Archives/edgar/data/1116132/000111613220000012/,"StockholdersEquity, MinorityInterest 태그 없음",16
Tapestry,TPR,2020Q1,2020-03-28,분기말 지배지분 자본,2553100000,USD,공시,https://www.sec.gov/Archives/edgar/data/1116132/000111613220000012/,,16
Tapestry,TPR,2020Q1,2020-03-27,분기말 종가,13.91,USD,API,https://query1.finance.yahoo.com/v8/finance/chart/TPR?interval=1d&events=splits (2020-03-27),,16
Tapestry,TPR,2020Q1,2020-04-24,분기말 상장주식수,276098489,주,공시(표지 기준일),https://www.sec.gov/Archives/edgar/data/1116132/000111613220000012/,dei:EntityCommonStockSharesOutstanding 클래스 합,16
Tapestry,TPR,2020Q1,2020-03-27,분기말 시가총액,3840529982,USD,계산(종가×주식수),https://query1.finance.yahoo.com/v8/finance/chart/TPR?interval=1d&events=splits (2020-03-27) ; https://www.sec.gov/Archives/edgar/data/1116132/000111613220000012/,종가 13.91 × 주식수 276098489,16
Tapestry,TPR,2020Q2,2020-06-27,분기별 매출액,714800000,USD,계산(연간-3분기누적),https://www.sec.gov/Archives/edgar/data/1116132/000111613220000022/ ; https://www.sec.gov/Archives/edgar/data/1116132/000111613220000012/,연간 4961400000 − 9개월누적 4246600000 (RevenueFromContractWithCustomerExcludingAssessedTax),16
Tapestry,TPR,2020Q2,2020-06-27,분기별 영업이익,-280000000,USD,계산(연간-3분기누적),https://www.sec.gov/Archives/edgar/data/1116132/000111613220000022/ ; https://www.sec.gov/Archives/edgar/data/1116132/000111613220000012/,연간 -550800000 − 9개월누적 -270800000 (OperatingIncomeLoss),16
Tapestry,TPR,2020Q2,2020-06-27,분기별 당기순이익(지배),-293800000,USD,계산(연간-3분기누적),https://www.sec.gov/Archives/edgar/data/1116132/000111613220000022/ ; https://www.sec.gov/Archives/edgar/data/1116132/000111613220000012/,연간 -652100000 − 9개월누적 -358300000 (NetIncomeLoss),16
Tapestry,TPR,2020Q2,2020-06-27,분기별 영업활동현금흐름,-39100000,USD,계산(누적차감),https://www.sec.gov/Archives/edgar/data/1116132/000111613220000022/ ; https://www.sec.gov/Archives/edgar/data/1116132/000111613220000012/,누적 407000000 − 직전누적 446100000 (시작 2019-06-30),16
Tapestry,TPR,2020Q2,2020-06-27,분기말 자산총계,7924200000,USD,공시,https://www.sec.gov/Archives/edgar/data/1116132/000111613220000022/,,16
Tapestry,TPR,2020Q2,2020-06-27,분기말 부채총계,5647800000,USD,공시,https://www.sec.gov/Archives/edgar/data/1116132/000111613220000022/,,16
Tapestry,TPR,2020Q2,2020-06-27,분기말 총자본(자기자본),2276400000,USD,공시(비지배 없음),https://www.sec.gov/Archives/edgar/data/1116132/000111613220000022/,"StockholdersEquity, MinorityInterest 태그 없음",16
Tapestry,TPR,2020Q2,2020-06-27,분기말 지배지분 자본,2276400000,USD,공시,https://www.sec.gov/Archives/edgar/data/1116132/000111613220000022/,,16
Tapestry,TPR,2020Q2,2020-06-26,분기말 종가,12.55,USD,API,https://query1.finance.yahoo.com/v8/finance/chart/TPR?interval=1d&events=splits (2020-06-26),,16
Tapestry,TPR,2020Q2,2020-07-31,분기말 상장주식수,276241174,주,공시(표지 기준일),https://www.sec.gov/Archives/edgar/data/1116132/000111613220000022/,dei:EntityCommonStockSharesOutstanding 클래스 합,16
Tapestry,TPR,2020Q2,2020-06-26,분기말 시가총액,3466826734,USD,계산(종가×주식수),https://query1.finance.yahoo.com/v8/finance/chart/TPR?interval=1d&events=splits (2020-06-26) ; https://www.sec.gov/Archives/edgar/data/1116132/000111613220000022/,종가 12.55 × 주식수 276241174,16
Tapestry,TPR,2020Q3,2020-09-26,분기별 매출액,1172200000,USD,공시,https://www.sec.gov/Archives/edgar/data/1116132/000111613220000029/,,16
Tapestry,TPR,2020Q3,2020-09-26,분기별 영업이익,202200000,USD,공시,https://www.sec.gov/Archives/edgar/data/1116132/000111613220000029/,,16
Tapestry,TPR,2020Q3,2020-09-26,분기별 당기순이익(지배),231700000,USD,공시,https://www.sec.gov/Archives/edgar/data/1116132/000111613220000029/,,16
Tapestry,TPR,2020Q3,2020-09-26,분기별 영업활동현금흐름,90000000,USD,공시,https://www.sec.gov/Archives/edgar/data/1116132/000111613220000029/,,16
Tapestry,TPR,2020Q3,2020-09-26,분기말 자산총계,8133400000,USD,공시,https://www.sec.gov/Archives/edgar/data/1116132/000111613220000029/,,16
Tapestry,TPR,2020Q3,2020-09-26,분기말 부채총계,5603300000,USD,공시,https://www.sec.gov/Archives/edgar/data/1116132/000111613220000029/,,16
Tapestry,TPR,2020Q3,2020-09-26,분기말 총자본(자기자본),2530100000,USD,공시(비지배 없음),https://www.sec.gov/Archives/edgar/data/1116132/000111613220000029/,"StockholdersEquity, MinorityInterest 태그 없음",16
Tapestry,TPR,2020Q3,2020-09-26,분기말 지배지분 자본,2530100000,USD,공시,https://www.sec.gov/Archives/edgar/data/1116132/000111613220000029/,,16
Tapestry,TPR,2020Q3,2020-09-25,분기말 종가,16.36,USD,API,https://query1.finance.yahoo.com/v8/finance/chart/TPR?interval=1d&events=splits (2020-09-25),,16
Tapestry,TPR,2020Q3,2020-10-23,분기말 상장주식수,277405451,주,공시(표지 기준일),https://www.sec.gov/Archives/edgar/data/1116132/000111613220000029/,dei:EntityCommonStockSharesOutstanding 클래스 합,16
Tapestry,TPR,2020Q3,2020-09-25,분기말 시가총액,4538353178,USD,계산(종가×주식수),https://query1.finance.yahoo.com/v8/finance/chart/TPR?interval=1d&events=splits (2020-09-25) ; https://www.sec.gov/Archives/edgar/data/1116132/000111613220000029/,종가 16.36 × 주식수 277405451,16
Tapestry,TPR,2020Q4,2020-12-26,분기별 매출액,1685400000,USD,공시,https://www.sec.gov/Archives/edgar/data/1116132/000111613221000007/,,16
Tapestry,TPR,2020Q4,2020-12-26,분기별 영업이익,389400000,USD,공시,https://www.sec.gov/Archives/edgar/data/1116132/000111613221000007/,,16
Tapestry,TPR,2020Q4,2020-12-26,분기별 당기순이익(지배),311000000,USD,공시,https://www.sec.gov/Archives/edgar/data/1116132/000111613221000007/,,16
Tapestry,TPR,2020Q4,2020-12-26,분기별 영업활동현금흐름,656300000,USD,계산(누적차감),https://www.sec.gov/Archives/edgar/data/1116132/000111613221000007/ ; https://www.sec.gov/Archives/edgar/data/1116132/000111613220000029/,누적 746300000 − 직전누적 90000000 (시작 2020-06-28),16
Tapestry,TPR,2020Q4,2020-12-26,분기말 자산총계,8150400000,USD,공시,https://www.sec.gov/Archives/edgar/data/1116132/000111613221000007/,,16
Tapestry,TPR,2020Q4,2020-12-26,분기말 부채총계,5259700000,USD,공시,https://www.sec.gov/Archives/edgar/data/1116132/000111613221000007/,,16
Tapestry,TPR,2020Q4,2020-12-26,분기말 총자본(자기자본),2890700000,USD,공시(비지배 없음),https://www.sec.gov/Archives/edgar/data/1116132/000111613221000007/,"StockholdersEquity, MinorityInterest 태그 없음",16
Tapestry,TPR,2020Q4,2020-12-26,분기말 지배지분 자본,2890700000,USD,공시,https://www.sec.gov/Archives/edgar/data/1116132/000111613221000007/,,16
Tapestry,TPR,2020Q4,2020-12-24,분기말 종가,30.85,USD,API,https://query1.finance.yahoo.com/v8/finance/chart/TPR?interval=1d&events=splits (2020-12-24),,16
Tapestry,TPR,2020Q4,2021-01-22,분기말 상장주식수,277838123,주,공시(표지 기준일),https://www.sec.gov/Archives/edgar/data/1116132/000111613221000007/,dei:EntityCommonStockSharesOutstanding 클래스 합,16
Tapestry,TPR,2020Q4,2020-12-24,분기말 시가총액,8571306095,USD,계산(종가×주식수),https://query1.finance.yahoo.com/v8/finance/chart/TPR?interval=1d&events=splits (2020-12-24) ; https://www.sec.gov/Archives/edgar/data/1116132/000111613221000007/,종가 30.85 × 주식수 277838123,16
Tapestry,TPR,2021Q1,2021-03-27,분기별 매출액,1273300000,USD,공시,https://www.sec.gov/Archives/edgar/data/1116132/000111613221000013/,,16
Tapestry,TPR,2021Q1,2021-03-27,분기별 영업이익,116700000,USD,공시,https://www.sec.gov/Archives/edgar/data/1116132/000111613221000013/,,16
Tapestry,TPR,2021Q1,2021-03-27,분기별 당기순이익(지배),91700000,USD,공시,https://www.sec.gov/Archives/edgar/data/1116132/000111613221000013/,,16
Tapestry,TPR,2021Q1,2021-03-27,분기별 영업활동현금흐름,198300000,USD,계산(누적차감),https://www.sec.gov/Archives/edgar/data/1116132/000111613221000013/ ; https://www.sec.gov/Archives/edgar/data/1116132/000111613221000007/,누적 944600000 − 직전누적 746300000 (시작 2020-06-28),16
Tapestry,TPR,2021Q1,2021-03-27,분기말 자산총계,7966000000,USD,공시,https://www.sec.gov/Archives/edgar/data/1116132/000111613221000013/,,16
Tapestry,TPR,2021Q1,2021-03-27,분기말 부채총계,4951000000,USD,공시,https://www.sec.gov/Archives/edgar/data/1116132/000111613221000013/,,16
Tapestry,TPR,2021Q1,2021-03-27,분기말 총자본(자기자본),3015000000,USD,공시(비지배 없음),https://www.sec.gov/Archives/edgar/data/1116132/000111613221000013/,"StockholdersEquity, MinorityInterest 태그 없음",16
Tapestry,TPR,2021Q1,2021-03-27,분기말 지배지분 자본,3015000000,USD,공시,https://www.sec.gov/Archives/edgar/data/1116132/000111613221000013/,,16
Tapestry,TPR,2021Q1,2021-03-26,분기말 종가,41.8,USD,API,https://query1.finance.yahoo.com/v8/finance/chart/TPR?interval=1d&events=splits (2021-03-26),,16
Tapestry,TPR,2021Q1,2021-04-23,분기말 상장주식수,278858331,주,공시(표지 기준일),https://www.sec.gov/Archives/edgar/data/1116132/000111613221000013/,dei:EntityCommonStockSharesOutstanding 클래스 합,16
Tapestry,TPR,2021Q1,2021-03-26,분기말 시가총액,11656278236,USD,계산(종가×주식수),https://query1.finance.yahoo.com/v8/finance/chart/TPR?interval=1d&events=splits (2021-03-26) ; https://www.sec.gov/Archives/edgar/data/1116132/000111613221000013/,종가 41.8 × 주식수 278858331,16
Tapestry,TPR,2021Q2,2021-07-03,분기별 매출액,1615400000,USD,계산(연간-3분기누적),https://www.sec.gov/Archives/edgar/data/1116132/000111613221000020/ ; https://www.sec.gov/Archives/edgar/data/1116132/000111613221000013/,연간 5746300000 − 9개월누적 4130900000 (RevenueFromContractWithCustomerExcludingAssessedTax),16
Tapestry,TPR,2021Q2,2021-07-03,분기별 영업이익,259700000,USD,계산(연간-3분기누적),https://www.sec.gov/Archives/edgar/data/1116132/000111613221000020/ ; https://www.sec.gov/Archives/edgar/data/1116132/000111613221000013/,연간 968000000 − 9개월누적 708300000 (OperatingIncomeLoss),16
Tapestry,TPR,2021Q2,2021-07-03,분기별 당기순이익(지배),199800000,USD,계산(연간-3분기누적),https://www.sec.gov/Archives/edgar/data/1116132/000111613221000020/ ; https://www.sec.gov/Archives/edgar/data/1116132/000111613221000013/,연간 834200000 − 9개월누적 634400000 (NetIncomeLoss),16
Tapestry,TPR,2021Q2,2021-07-03,분기별 영업활동현금흐름,379100000,USD,계산(누적차감),https://www.sec.gov/Archives/edgar/data/1116132/000111613221000020/ ; https://www.sec.gov/Archives/edgar/data/1116132/000111613221000013/,누적 1323700000 − 직전누적 944600000 (시작 2020-06-28),16
Tapestry,TPR,2021Q2,2021-07-03,분기말 자산총계,8382400000,USD,공시,https://www.sec.gov/Archives/edgar/data/1116132/000111613221000020/,,16
Tapestry,TPR,2021Q2,2021-07-03,분기말 부채총계,5123100000,USD,공시,https://www.sec.gov/Archives/edgar/data/1116132/000111613221000020/,,16
Tapestry,TPR,2021Q2,2021-07-03,분기말 총자본(자기자본),3259300000,USD,공시(비지배 없음),https://www.sec.gov/Archives/edgar/data/1116132/000111613221000020/,"StockholdersEquity, MinorityInterest 태그 없음",16
Tapestry,TPR,2021Q2,2021-07-03,분기말 지배지분 자본,3259300000,USD,공시,https://www.sec.gov/Archives/edgar/data/1116132/000111613221000020/,,16
Tapestry,TPR,2021Q2,2021-07-02,분기말 종가,42.66,USD,API,https://query1.finance.yahoo.com/v8/finance/chart/TPR?interval=1d&events=splits (2021-07-02),,16
Tapestry,TPR,2021Q2,2021-08-06,분기말 상장주식수,279575180,주,공시(표지 기준일),https://www.sec.gov/Archives/edgar/data/1116132/000111613221000020/,dei:EntityCommonStockSharesOutstanding 클래스 합,16
Tapestry,TPR,2021Q2,2021-07-02,분기말 시가총액,11926677179,USD,계산(종가×주식수),https://query1.finance.yahoo.com/v8/finance/chart/TPR?interval=1d&events=splits (2021-07-02) ; https://www.sec.gov/Archives/edgar/data/1116132/000111613221000020/,종가 42.66 × 주식수 279575180,16
Tapestry,TPR,2021Q3,2021-10-02,분기별 매출액,1480900000,USD,공시,https://www.sec.gov/Archives/edgar/data/1116132/000111613221000026/,,16
Tapestry,TPR,2021Q3,2021-10-02,분기별 영업이익,295000000,USD,공시,https://www.sec.gov/Archives/edgar/data/1116132/000111613221000026/,,16
Tapestry,TPR,2021Q3,2021-10-02,분기별 당기순이익(지배),226900000,USD,공시,https://www.sec.gov/Archives/edgar/data/1116132/000111613221000026/,,16
Tapestry,TPR,2021Q3,2021-10-02,분기별 영업활동현금흐름,21800000,USD,공시,https://www.sec.gov/Archives/edgar/data/1116132/000111613221000026/,,16
Tapestry,TPR,2021Q3,2021-10-02,분기말 자산총계,8014100000,USD,공시,https://www.sec.gov/Archives/edgar/data/1116132/000111613221000026/,,16
Tapestry,TPR,2021Q3,2021-10-02,분기말 부채총계,4864100000,USD,공시,https://www.sec.gov/Archives/edgar/data/1116132/000111613221000026/,,16
Tapestry,TPR,2021Q3,2021-10-02,분기말 총자본(자기자본),3150000000,USD,공시(비지배 없음),https://www.sec.gov/Archives/edgar/data/1116132/000111613221000026/,"StockholdersEquity, MinorityInterest 태그 없음",16
Tapestry,TPR,2021Q3,2021-10-02,분기말 지배지분 자본,3150000000,USD,공시,https://www.sec.gov/Archives/edgar/data/1116132/000111613221000026/,,16
Tapestry,TPR,2021Q3,2021-10-01,분기말 종가,38.02,USD,API,https://query1.finance.yahoo.com/v8/finance/chart/TPR?interval=1d&events=splits (2021-10-01),,16
Tapestry,TPR,2021Q3,2021-10-29,분기말 상장주식수,275142657,주,공시(표지 기준일),https://www.sec.gov/Archives/edgar/data/1116132/000111613221000026/,dei:EntityCommonStockSharesOutstanding 클래스 합,16
Tapestry,TPR,2021Q3,2021-10-01,분기말 시가총액,10460923819,USD,계산(종가×주식수),https://query1.finance.yahoo.com/v8/finance/chart/TPR?interval=1d&events=splits (2021-10-01) ; https://www.sec.gov/Archives/edgar/data/1116132/000111613221000026/,종가 38.02 × 주식수 275142657,16
Tapestry,TPR,2021Q4,2022-01-01,분기별 매출액,2141200000,USD,공시,https://www.sec.gov/Archives/edgar/data/1116132/000111613222000007/,,16
Tapestry,TPR,2021Q4,2022-01-01,분기별 영업이익,462800000,USD,공시,https://www.sec.gov/Archives/edgar/data/1116132/000111613222000007/,,16
Tapestry,TPR,2021Q4,2022-01-01,분기별 당기순이익(지배),317900000,USD,공시,https://www.sec.gov/Archives/edgar/data/1116132/000111613222000007/,,16
Tapestry,TPR,2021Q4,2022-01-01,분기별 영업활동현금흐름,646300000,USD,계산(누적차감),https://www.sec.gov/Archives/edgar/data/1116132/000111613222000007/ ; https://www.sec.gov/Archives/edgar/data/1116132/000111613221000026/,누적 668100000 − 직전누적 21800000 (시작 2021-07-04),16
Tapestry,TPR,2021Q4,2022-01-01,분기말 자산총계,7929400000,USD,공시,https://www.sec.gov/Archives/edgar/data/1116132/000111613222000007/,,16
Tapestry,TPR,2021Q4,2022-01-01,분기말 부채총계,5002000000,USD,공시,https://www.sec.gov/Archives/edgar/data/1116132/000111613222000007/,,16
Tapestry,TPR,2021Q4,2022-01-01,분기말 총자본(자기자본),2927400000,USD,공시(비지배 없음),https://www.sec.gov/Archives/edgar/data/1116132/000111613222000007/,"StockholdersEquity, MinorityInterest 태그 없음",16
Tapestry,TPR,2021Q4,2022-01-01,분기말 지배지분 자본,2927400000,USD,공시,https://www.sec.gov/Archives/edgar/data/1116132/000111613222000007/,,16
Tapestry,TPR,2021Q4,2021-12-31,분기말 종가,40.6,USD,API,https://query1.finance.yahoo.com/v8/finance/chart/TPR?interval=1d&events=splits (2021-12-31),,16
Tapestry,TPR,2021Q4,2022-01-28,분기말 상장주식수,263989719,주,공시(표지 기준일),https://www.sec.gov/Archives/edgar/data/1116132/000111613222000007/,dei:EntityCommonStockSharesOutstanding 클래스 합,16
Tapestry,TPR,2021Q4,2021-12-31,분기말 시가총액,10717982591,USD,계산(종가×주식수),https://query1.finance.yahoo.com/v8/finance/chart/TPR?interval=1d&events=splits (2021-12-31) ; https://www.sec.gov/Archives/edgar/data/1116132/000111613222000007/,종가 40.6 × 주식수 263989719,16
Tapestry,TPR,2022Q1,2022-04-02,분기별 매출액,1437500000,USD,공시,https://www.sec.gov/Archives/edgar/data/1116132/000111613222000013/,,16
Tapestry,TPR,2022Q1,2022-04-02,분기별 영업이익,169500000,USD,공시,https://www.sec.gov/Archives/edgar/data/1116132/000111613222000013/,,16
Tapestry,TPR,2022Q1,2022-04-02,분기별 당기순이익(지배),122700000,USD,공시,https://www.sec.gov/Archives/edgar/data/1116132/000111613222000013/,,16
Tapestry,TPR,2022Q1,2022-04-02,분기별 영업활동현금흐름,-51700000,USD,계산(누적차감),https://www.sec.gov/Archives/edgar/data/1116132/000111613222000013/ ; https://www.sec.gov/Archives/edgar/data/1116132/000111613222000007/,누적 616400000 − 직전누적 668100000 (시작 2021-07-04),16
Tapestry,TPR,2022Q1,2022-04-02,분기말 자산총계,7338200000,USD,공시,https://www.sec.gov/Archives/edgar/data/1116132/000111613222000013/,,16
Tapestry,TPR,2022Q1,2022-04-02,분기말 부채총계,4803200000,USD,공시,https://www.sec.gov/Archives/edgar/data/1116132/000111613222000013/,,16
Tapestry,TPR,2022Q1,2022-04-02,분기말 총자본(자기자본),2535000000,USD,공시(비지배 없음),https://www.sec.gov/Archives/edgar/data/1116132/000111613222000013/,"StockholdersEquity, MinorityInterest 태그 없음",16
Tapestry,TPR,2022Q1,2022-04-02,분기말 지배지분 자본,2535000000,USD,공시,https://www.sec.gov/Archives/edgar/data/1116132/000111613222000013/,,16
Tapestry,TPR,2022Q1,2022-04-01,분기말 종가,36.11,USD,API,https://query1.finance.yahoo.com/v8/finance/chart/TPR?interval=1d&events=splits (2022-04-01),,16
Tapestry,TPR,2022Q1,2022-04-29,분기말 상장주식수,251802373,주,공시(표지 기준일),https://www.sec.gov/Archives/edgar/data/1116132/000111613222000013/,dei:EntityCommonStockSharesOutstanding 클래스 합,16
Tapestry,TPR,2022Q1,2022-04-01,분기말 시가총액,9092583689,USD,계산(종가×주식수),https://query1.finance.yahoo.com/v8/finance/chart/TPR?interval=1d&events=splits (2022-04-01) ; https://www.sec.gov/Archives/edgar/data/1116132/000111613222000013/,종가 36.11 × 주식수 251802373,16
Tapestry,TPR,2022Q2,2022-07-02,분기별 매출액,1624900000,USD,계산(연간-3분기누적),https://www.sec.gov/Archives/edgar/data/1116132/000111613222000018/ ; https://www.sec.gov/Archives/edgar/data/1116132/000111613222000013/,연간 6684500000 − 9개월누적 5059600000 (RevenueFromContractWithCustomerExcludingAssessedTax),16
Tapestry,TPR,2022Q2,2022-07-02,분기별 영업이익,248500000,USD,계산(연간-3분기누적),https://www.sec.gov/Archives/edgar/data/1116132/000111613222000018/ ; https://www.sec.gov/Archives/edgar/data/1116132/000111613222000013/,연간 1175800000 − 9개월누적 927300000 (OperatingIncomeLoss),16
Tapestry,TPR,2022Q2,2022-07-02,분기별 당기순이익(지배),188800000,USD,계산(연간-3분기누적),https://www.sec.gov/Archives/edgar/data/1116132/000111613222000018/ ; https://www.sec.gov/Archives/edgar/data/1116132/000111613222000013/,연간 856300000 − 9개월누적 667500000 (NetIncomeLoss),16
Tapestry,TPR,2022Q2,2022-07-02,분기별 영업활동현금흐름,236800000,USD,계산(누적차감),https://www.sec.gov/Archives/edgar/data/1116132/000111613222000018/ ; https://www.sec.gov/Archives/edgar/data/1116132/000111613222000013/,누적 853200000 − 직전누적 616400000 (시작 2021-07-04),16
Tapestry,TPR,2022Q2,2022-07-02,분기말 자산총계,7265300000,USD,공시,https://www.sec.gov/Archives/edgar/data/1116132/000111613222000018/,,16
Tapestry,TPR,2022Q2,2022-07-02,분기말 부채총계,4979800000,USD,공시,https://www.sec.gov/Archives/edgar/data/1116132/000111613222000018/,,16
Tapestry,TPR,2022Q2,2022-07-02,분기말 총자본(자기자본),2285500000,USD,공시(비지배 없음),https://www.sec.gov/Archives/edgar/data/1116132/000111613222000018/,"StockholdersEquity, MinorityInterest 태그 없음",16
Tapestry,TPR,2022Q2,2022-07-02,분기말 지배지분 자본,2285500000,USD,공시,https://www.sec.gov/Archives/edgar/data/1116132/000111613222000018/,,16
Tapestry,TPR,2022Q2,2022-07-01,분기말 종가,30.82,USD,API,https://query1.finance.yahoo.com/v8/finance/chart/TPR?interval=1d&events=splits (2022-07-01),,16
Tapestry,TPR,2022Q2,2022-08-05,분기말 상장주식수,241218609,주,공시(표지 기준일),https://www.sec.gov/Archives/edgar/data/1116132/000111613222000018/,dei:EntityCommonStockSharesOutstanding 클래스 합,16
Tapestry,TPR,2022Q2,2022-07-01,분기말 시가총액,7434357529,USD,계산(종가×주식수),https://query1.finance.yahoo.com/v8/finance/chart/TPR?interval=1d&events=splits (2022-07-01) ; https://www.sec.gov/Archives/edgar/data/1116132/000111613222000018/,종가 30.82 × 주식수 241218609,16
Tapestry,TPR,2022Q3,2022-10-01,분기별 매출액,1506500000,USD,공시,https://www.sec.gov/Archives/edgar/data/1116132/000111613222000026/,,16
Tapestry,TPR,2022Q3,2022-10-01,분기별 영업이익,254300000,USD,공시,https://www.sec.gov/Archives/edgar/data/1116132/000111613222000026/,,16
Tapestry,TPR,2022Q3,2022-10-01,분기별 당기순이익(지배),195300000,USD,공시,https://www.sec.gov/Archives/edgar/data/1116132/000111613222000026/,,16
Tapestry,TPR,2022Q3,2022-10-01,분기별 영업활동현금흐름,-170400000,USD,공시,https://www.sec.gov/Archives/edgar/data/1116132/000111613222000026/,,16
Tapestry,TPR,2022Q3,2022-10-01,분기말 자산총계,7080000000,USD,공시,https://www.sec.gov/Archives/edgar/data/1116132/000111613222000026/,,16
Tapestry,TPR,2022Q3,2022-10-01,분기말 부채총계,4824600000,USD,공시,https://www.sec.gov/Archives/edgar/data/1116132/000111613222000026/,,16
Tapestry,TPR,2022Q3,2022-10-01,분기말 총자본(자기자본),2255400000,USD,공시(비지배 없음),https://www.sec.gov/Archives/edgar/data/1116132/000111613222000026/,"StockholdersEquity, MinorityInterest 태그 없음",16
Tapestry,TPR,2022Q3,2022-10-01,분기말 지배지분 자본,2255400000,USD,공시,https://www.sec.gov/Archives/edgar/data/1116132/000111613222000026/,,16
Tapestry,TPR,2022Q3,2022-09-30,분기말 종가,28.43,USD,API,https://query1.finance.yahoo.com/v8/finance/chart/TPR?interval=1d&events=splits (2022-09-30),,16
Tapestry,TPR,2022Q3,2022-10-28,분기말 상장주식수,240961301,주,공시(표지 기준일),https://www.sec.gov/Archives/edgar/data/1116132/000111613222000026/,dei:EntityCommonStockSharesOutstanding 클래스 합,16
Tapestry,TPR,2022Q3,2022-09-30,분기말 시가총액,6850529787,USD,계산(종가×주식수),https://query1.finance.yahoo.com/v8/finance/chart/TPR?interval=1d&events=splits (2022-09-30) ; https://www.sec.gov/Archives/edgar/data/1116132/000111613222000026/,종가 28.43 × 주식수 240961301,16
Tapestry,TPR,2022Q4,2022-12-31,분기별 매출액,2025400000,USD,공시,https://www.sec.gov/Archives/edgar/data/1116132/000111613223000007/,,16
Tapestry,TPR,2022Q4,2022-12-31,분기별 영업이익,418200000,USD,공시,https://www.sec.gov/Archives/edgar/data/1116132/000111613223000007/,,16
Tapestry,TPR,2022Q4,2022-12-31,분기별 당기순이익(지배),329900000,USD,공시,https://www.sec.gov/Archives/edgar/data/1116132/000111613223000007/,,16
Tapestry,TPR,2022Q4,2022-12-31,분기별 영업활동현금흐름,632800000,USD,계산(누적차감),https://www.sec.gov/Archives/edgar/data/1116132/000111613223000007/ ; https://www.sec.gov/Archives/edgar/data/1116132/000111613222000026/,누적 462400000 − 직전누적 -170400000 (시작 2022-07-03),16
Tapestry,TPR,2022Q4,2022-12-31,분기말 자산총계,7257700000,USD,공시,https://www.sec.gov/Archives/edgar/data/1116132/000111613223000007/,,16
Tapestry,TPR,2022Q4,2022-12-31,분기말 부채총계,4944500000,USD,공시,https://www.sec.gov/Archives/edgar/data/1116132/000111613223000007/,,16
Tapestry,TPR,2022Q4,2022-12-31,분기말 총자본(자기자본),2313200000,USD,공시(비지배 없음),https://www.sec.gov/Archives/edgar/data/1116132/000111613223000007/,"StockholdersEquity, MinorityInterest 태그 없음",16
Tapestry,TPR,2022Q4,2022-12-31,분기말 지배지분 자본,2313200000,USD,공시,https://www.sec.gov/Archives/edgar/data/1116132/000111613223000007/,,16
Tapestry,TPR,2022Q4,2022-12-30,분기말 종가,38.08,USD,API,https://query1.finance.yahoo.com/v8/finance/chart/TPR?interval=1d&events=splits (2022-12-30),,16
Tapestry,TPR,2022Q4,2023-01-27,분기말 상장주식수,236075634,주,공시(표지 기준일),https://www.sec.gov/Archives/edgar/data/1116132/000111613223000007/,dei:EntityCommonStockSharesOutstanding 클래스 합,16
Tapestry,TPR,2022Q4,2022-12-30,분기말 시가총액,8989760143,USD,계산(종가×주식수),https://query1.finance.yahoo.com/v8/finance/chart/TPR?interval=1d&events=splits (2022-12-30) ; https://www.sec.gov/Archives/edgar/data/1116132/000111613223000007/,종가 38.08 × 주식수 236075634,16
Tapestry,TPR,2023Q1,2023-04-01,분기별 매출액,1509500000,USD,공시,https://www.sec.gov/Archives/edgar/data/1116132/000111613223000013/,,16
Tapestry,TPR,2023Q1,2023-04-01,분기별 영업이익,226300000,USD,공시,https://www.sec.gov/Archives/edgar/data/1116132/000111613223000013/,,16
Tapestry,TPR,2023Q1,2023-04-01,분기별 당기순이익(지배),186700000,USD,공시,https://www.sec.gov/Archives/edgar/data/1116132/000111613223000013/,,16
Tapestry,TPR,2023Q1,2023-04-01,분기별 영업활동현금흐름,112400000,USD,계산(누적차감),https://www.sec.gov/Archives/edgar/data/1116132/000111613223000013/ ; https://www.sec.gov/Archives/edgar/data/1116132/000111613223000007/,누적 574800000 − 직전누적 462400000 (시작 2022-07-03),16
Tapestry,TPR,2023Q1,2023-04-01,분기말 자산총계,6984400000,USD,공시,https://www.sec.gov/Archives/edgar/data/1116132/000111613223000013/,,16
Tapestry,TPR,2023Q1,2023-04-01,분기말 부채총계,4721000000,USD,공시,https://www.sec.gov/Archives/edgar/data/1116132/000111613223000013/,,16
Tapestry,TPR,2023Q1,2023-04-01,분기말 총자본(자기자본),2263400000,USD,공시(비지배 없음),https://www.sec.gov/Archives/edgar/data/1116132/000111613223000013/,"StockholdersEquity, MinorityInterest 태그 없음",16
Tapestry,TPR,2023Q1,2023-04-01,분기말 지배지분 자본,2263400000,USD,공시,https://www.sec.gov/Archives/edgar/data/1116132/000111613223000013/,,16
Tapestry,TPR,2023Q1,2023-03-31,분기말 종가,43.11,USD,API,https://query1.finance.yahoo.com/v8/finance/chart/TPR?interval=1d&events=splits (2023-03-31),,16
Tapestry,TPR,2023Q1,2023-04-28,분기말 상장주식수,231797800,주,공시(표지 기준일),https://www.sec.gov/Archives/edgar/data/1116132/000111613223000013/,dei:EntityCommonStockSharesOutstanding 클래스 합,16
Tapestry,TPR,2023Q1,2023-03-31,분기말 시가총액,9992803158,USD,계산(종가×주식수),https://query1.finance.yahoo.com/v8/finance/chart/TPR?interval=1d&events=splits (2023-03-31) ; https://www.sec.gov/Archives/edgar/data/1116132/000111613223000013/,종가 43.11 × 주식수 231797800,16
Tapestry,TPR,2023Q2,2023-07-01,분기별 매출액,1619500000,USD,계산(연간-3분기누적),https://www.sec.gov/Archives/edgar/data/1116132/000111613223000020/ ; https://www.sec.gov/Archives/edgar/data/1116132/000111613223000013/,연간 6660900000 − 9개월누적 5041400000 (RevenueFromContractWithCustomerExcludingAssessedTax),16
Tapestry,TPR,2023Q2,2023-07-01,분기별 영업이익,273600000,USD,계산(연간-3분기누적),https://www.sec.gov/Archives/edgar/data/1116132/000111613223000020/ ; https://www.sec.gov/Archives/edgar/data/1116132/000111613223000013/,연간 1172400000 − 9개월누적 898800000 (OperatingIncomeLoss),16
Tapestry,TPR,2023Q2,2023-07-01,분기별 당기순이익(지배),224100000,USD,계산(연간-3분기누적),https://www.sec.gov/Archives/edgar/data/1116132/000111613223000020/ ; https://www.sec.gov/Archives/edgar/data/1116132/000111613223000013/,연간 936000000 − 9개월누적 711900000 (NetIncomeLoss),16
Tapestry,TPR,2023Q2,2023-07-01,분기별 영업활동현금흐름,400400000,USD,계산(누적차감),https://www.sec.gov/Archives/edgar/data/1116132/000111613223000020/ ; https://www.sec.gov/Archives/edgar/data/1116132/000111613223000013/,누적 975200000 − 직전누적 574800000 (시작 2022-07-03),16
Tapestry,TPR,2023Q2,2023-07-01,분기말 자산총계,7116800000,USD,공시,https://www.sec.gov/Archives/edgar/data/1116132/000111613223000020/,,16
Tapestry,TPR,2023Q2,2023-07-01,분기말 부채총계,4839000000,USD,공시,https://www.sec.gov/Archives/edgar/data/1116132/000111613223000020/,,16
Tapestry,TPR,2023Q2,2023-07-01,분기말 총자본(자기자본),2277800000,USD,공시(비지배 없음),https://www.sec.gov/Archives/edgar/data/1116132/000111613223000020/,"StockholdersEquity, MinorityInterest 태그 없음",16
Tapestry,TPR,2023Q2,2023-07-01,분기말 지배지분 자본,2277800000,USD,공시,https://www.sec.gov/Archives/edgar/data/1116132/000111613223000020/,,16
Tapestry,TPR,2023Q2,2023-06-30,분기말 종가,42.8,USD,API,https://query1.finance.yahoo.com/v8/finance/chart/TPR?interval=1d&events=splits (2023-06-30),,16
Tapestry,TPR,2023Q2,2023-08-04,분기말 상장주식수,227439225,주,공시(표지 기준일),https://www.sec.gov/Archives/edgar/data/1116132/000111613223000020/,dei:EntityCommonStockSharesOutstanding 클래스 합,16
Tapestry,TPR,2023Q2,2023-06-30,분기말 시가총액,9734398830,USD,계산(종가×주식수),https://query1.finance.yahoo.com/v8/finance/chart/TPR?interval=1d&events=splits (2023-06-30) ; https://www.sec.gov/Archives/edgar/data/1116132/000111613223000020/,종가 42.8 × 주식수 227439225,16
Tapestry,TPR,2023Q3,2023-09-30,분기별 매출액,1513200000,USD,공시,https://www.sec.gov/Archives/edgar/data/1116132/000111613223000027/,,16
Tapestry,TPR,2023Q3,2023-09-30,분기별 영업이익,253200000,USD,공시,https://www.sec.gov/Archives/edgar/data/1116132/000111613223000027/,,16
Tapestry,TPR,2023Q3,2023-09-30,분기별 당기순이익(지배),195000000,USD,공시,https://www.sec.gov/Archives/edgar/data/1116132/000111613223000027/,,16
Tapestry,TPR,2023Q3,2023-09-30,분기별 영업활동현금흐름,75300000,USD,공시,https://www.sec.gov/Archives/edgar/data/1116132/000111613223000027/,,16
Tapestry,TPR,2023Q3,2023-09-30,분기말 자산총계,7142500000,USD,공시,https://www.sec.gov/Archives/edgar/data/1116132/000111613223000027/,,16
Tapestry,TPR,2023Q3,2023-09-30,분기말 부채총계,4726800000,USD,공시,https://www.sec.gov/Archives/edgar/data/1116132/000111613223000027/,,16
Tapestry,TPR,2023Q3,2023-09-30,분기말 총자본(자기자본),2415700000,USD,공시(비지배 없음),https://www.sec.gov/Archives/edgar/data/1116132/000111613223000027/,"StockholdersEquity, MinorityInterest 태그 없음",16
Tapestry,TPR,2023Q3,2023-09-30,분기말 지배지분 자본,2415700000,USD,공시,https://www.sec.gov/Archives/edgar/data/1116132/000111613223000027/,,16
Tapestry,TPR,2023Q3,2023-09-29,분기말 종가,28.75,USD,API,https://query1.finance.yahoo.com/v8/finance/chart/TPR?interval=1d&events=splits (2023-09-29),,16
Tapestry,TPR,2023Q3,2023-10-27,분기말 상장주식수,229186423,주,공시(표지 기준일),https://www.sec.gov/Archives/edgar/data/1116132/000111613223000027/,dei:EntityCommonStockSharesOutstanding 클래스 합,16
Tapestry,TPR,2023Q3,2023-09-29,분기말 시가총액,6589109661,USD,계산(종가×주식수),https://query1.finance.yahoo.com/v8/finance/chart/TPR?interval=1d&events=splits (2023-09-29) ; https://www.sec.gov/Archives/edgar/data/1116132/000111613223000027/,종가 28.75 × 주식수 229186423,16
Tapestry,TPR,2023Q4,2023-12-30,분기별 매출액,2084500000,USD,공시,https://www.sec.gov/Archives/edgar/data/1116132/000111613224000007/,,16
Tapestry,TPR,2023Q4,2023-12-30,분기별 영업이익,447600000,USD,공시,https://www.sec.gov/Archives/edgar/data/1116132/000111613224000007/,,16
Tapestry,TPR,2023Q4,2023-12-30,분기별 당기순이익(지배),322300000,USD,공시,https://www.sec.gov/Archives/edgar/data/1116132/000111613224000007/,,16
Tapestry,TPR,2023Q4,2023-12-30,분기별 영업활동현금흐름,826500000,USD,계산(누적차감),https://www.sec.gov/Archives/edgar/data/1116132/000111613224000007/ ; https://www.sec.gov/Archives/edgar/data/1116132/000111613223000027/,누적 901800000 − 직전누적 75300000 (시작 2023-07-02),16
Tapestry,TPR,2023Q4,2023-12-30,분기말 자산총계,13815400000,USD,공시,https://www.sec.gov/Archives/edgar/data/1116132/000111613224000007/,,16
Tapestry,TPR,2023Q4,2023-12-30,분기말 부채총계,11155600000,USD,공시,https://www.sec.gov/Archives/edgar/data/1116132/000111613224000007/,,16
Tapestry,TPR,2023Q4,2023-12-30,분기말 총자본(자기자본),2659800000,USD,공시(비지배 없음),https://www.sec.gov/Archives/edgar/data/1116132/000111613224000007/,"StockholdersEquity, MinorityInterest 태그 없음",16
Tapestry,TPR,2023Q4,2023-12-30,분기말 지배지분 자본,2659800000,USD,공시,https://www.sec.gov/Archives/edgar/data/1116132/000111613224000007/,,16
Tapestry,TPR,2023Q4,2023-12-29,분기말 종가,36.81,USD,API,https://query1.finance.yahoo.com/v8/finance/chart/TPR?interval=1d&events=splits (2023-12-29),,16
Tapestry,TPR,2023Q4,2024-01-26,분기말 상장주식수,229366154,주,공시(표지 기준일),https://www.sec.gov/Archives/edgar/data/1116132/000111613224000007/,dei:EntityCommonStockSharesOutstanding 클래스 합,16
Tapestry,TPR,2023Q4,2023-12-29,분기말 시가총액,8442968129,USD,계산(종가×주식수),https://query1.finance.yahoo.com/v8/finance/chart/TPR?interval=1d&events=splits (2023-12-29) ; https://www.sec.gov/Archives/edgar/data/1116132/000111613224000007/,종가 36.81 × 주식수 229366154,16
Tapestry,TPR,2024Q1,2024-03-30,분기별 매출액,1482400000,USD,공시,https://www.sec.gov/Archives/edgar/data/1116132/000111613224000013/,,16
Tapestry,TPR,2024Q1,2024-03-30,분기별 영업이익,204300000,USD,공시,https://www.sec.gov/Archives/edgar/data/1116132/000111613224000013/,,16
Tapestry,TPR,2024Q1,2024-03-30,분기별 당기순이익(지배),139400000,USD,공시,https://www.sec.gov/Archives/edgar/data/1116132/000111613224000013/,,16
Tapestry,TPR,2024Q1,2024-03-30,분기별 영업활동현금흐름,97800000,USD,계산(누적차감),https://www.sec.gov/Archives/edgar/data/1116132/000111613224000013/ ; https://www.sec.gov/Archives/edgar/data/1116132/000111613224000007/,누적 999600000 − 직전누적 901800000 (시작 2023-07-02),16
Tapestry,TPR,2024Q1,2024-03-30,분기말 자산총계,13727900000,USD,공시,https://www.sec.gov/Archives/edgar/data/1116132/000111613224000013/,,16
Tapestry,TPR,2024Q1,2024-03-30,분기말 부채총계,10952800000,USD,공시,https://www.sec.gov/Archives/edgar/data/1116132/000111613224000013/,,16
Tapestry,TPR,2024Q1,2024-03-30,분기말 총자본(자기자본),2775100000,USD,공시(비지배 없음),https://www.sec.gov/Archives/edgar/data/1116132/000111613224000013/,"StockholdersEquity, MinorityInterest 태그 없음",16
Tapestry,TPR,2024Q1,2024-03-30,분기말 지배지분 자본,2775100000,USD,공시,https://www.sec.gov/Archives/edgar/data/1116132/000111613224000013/,,16
Tapestry,TPR,2024Q1,2024-03-28,분기말 종가,47.48,USD,API,https://query1.finance.yahoo.com/v8/finance/chart/TPR?interval=1d&events=splits (2024-03-28),,16
Tapestry,TPR,2024Q1,2024-04-26,분기말 상장주식수,229773250,주,공시(표지 기준일),https://www.sec.gov/Archives/edgar/data/1116132/000111613224000013/,dei:EntityCommonStockSharesOutstanding 클래스 합,16
Tapestry,TPR,2024Q1,2024-03-28,분기말 시가총액,10909633910,USD,계산(종가×주식수),https://query1.finance.yahoo.com/v8/finance/chart/TPR?interval=1d&events=splits (2024-03-28) ; https://www.sec.gov/Archives/edgar/data/1116132/000111613224000013/,종가 47.48 × 주식수 229773250,16
Tapestry,TPR,2024Q2,2024-06-29,분기별 매출액,1591100000,USD,계산(연간-3분기누적),https://www.sec.gov/Archives/edgar/data/1116132/000111613224000018/ ; https://www.sec.gov/Archives/edgar/data/1116132/000111613224000013/,연간 6671200000 − 9개월누적 5080100000 (RevenueFromContractWithCustomerExcludingAssessedTax),16
Tapestry,TPR,2024Q2,2024-06-29,분기별 영업이익,235000000,USD,계산(연간-3분기누적),https://www.sec.gov/Archives/edgar/data/1116132/000111613224000018/ ; https://www.sec.gov/Archives/edgar/data/1116132/000111613224000013/,연간 1140100000 − 9개월누적 905100000 (OperatingIncomeLoss),16
Tapestry,TPR,2024Q2,2024-06-29,분기별 당기순이익(지배),159300000,USD,계산(연간-3분기누적),https://www.sec.gov/Archives/edgar/data/1116132/000111613224000018/ ; https://www.sec.gov/Archives/edgar/data/1116132/000111613224000013/,연간 816000000 − 9개월누적 656700000 (NetIncomeLoss),16
Tapestry,TPR,2024Q2,2024-06-29,분기별 영업활동현금흐름,256000000,USD,계산(누적차감),https://www.sec.gov/Archives/edgar/data/1116132/000111613224000018/ ; https://www.sec.gov/Archives/edgar/data/1116132/000111613224000013/,누적 1255600000 − 직전누적 999600000 (시작 2023-07-02),16
Tapestry,TPR,2024Q2,2024-06-29,분기말 자산총계,13396300000,USD,공시,https://www.sec.gov/Archives/edgar/data/1116132/000111613224000018/,,16
Tapestry,TPR,2024Q2,2024-06-29,분기말 부채총계,10499400000,USD,공시,https://www.sec.gov/Archives/edgar/data/1116132/000111613224000018/,,16
Tapestry,TPR,2024Q2,2024-06-29,분기말 총자본(자기자본),2896900000,USD,공시(비지배 없음),https://www.sec.gov/Archives/edgar/data/1116132/000111613224000018/,"StockholdersEquity, MinorityInterest 태그 없음",16
Tapestry,TPR,2024Q2,2024-06-29,분기말 지배지분 자본,2896900000,USD,공시,https://www.sec.gov/Archives/edgar/data/1116132/000111613224000018/,,16
Tapestry,TPR,2024Q2,2024-06-28,분기말 종가,42.79,USD,API,https://query1.finance.yahoo.com/v8/finance/chart/TPR?interval=1d&events=splits (2024-06-28),,16
Tapestry,TPR,2024Q2,2024-08-02,분기말 상장주식수,230220721,주,공시(표지 기준일),https://www.sec.gov/Archives/edgar/data/1116132/000111613224000018/,dei:EntityCommonStockSharesOutstanding 클래스 합,16
Tapestry,TPR,2024Q2,2024-06-28,분기말 시가총액,9851144652,USD,계산(종가×주식수),https://query1.finance.yahoo.com/v8/finance/chart/TPR?interval=1d&events=splits (2024-06-28) ; https://www.sec.gov/Archives/edgar/data/1116132/000111613224000018/,종가 42.79 × 주식수 230220721,16
Tapestry,TPR,2024Q3,2024-09-28,분기별 매출액,1507500000,USD,공시,https://www.sec.gov/Archives/edgar/data/1116132/000111613224000023/,,16
Tapestry,TPR,2024Q3,2024-09-28,분기별 영업이익,252000000,USD,공시,https://www.sec.gov/Archives/edgar/data/1116132/000111613224000023/,,16
Tapestry,TPR,2024Q3,2024-09-28,분기별 당기순이익(지배),186600000,USD,공시,https://www.sec.gov/Archives/edgar/data/1116132/000111613224000023/,,16
Tapestry,TPR,2024Q3,2024-09-28,분기별 영업활동현금흐름,119500000,USD,공시,https://www.sec.gov/Archives/edgar/data/1116132/000111613224000023/,,16
Tapestry,TPR,2024Q3,2024-09-28,분기말 자산총계,13728900000,USD,공시,https://www.sec.gov/Archives/edgar/data/1116132/000111613224000023/,,16
Tapestry,TPR,2024Q3,2024-09-28,분기말 부채총계,10747000000,USD,공시,https://www.sec.gov/Archives/edgar/data/1116132/000111613224000023/,,16
Tapestry,TPR,2024Q3,2024-09-28,분기말 총자본(자기자본),2981900000,USD,공시(비지배 없음),https://www.sec.gov/Archives/edgar/data/1116132/000111613224000023/,"StockholdersEquity, MinorityInterest 태그 없음",16
Tapestry,TPR,2024Q3,2024-09-28,분기말 지배지분 자본,2981900000,USD,공시,https://www.sec.gov/Archives/edgar/data/1116132/000111613224000023/,,16
Tapestry,TPR,2024Q3,2024-09-27,분기말 종가,47.94,USD,API,https://query1.finance.yahoo.com/v8/finance/chart/TPR?interval=1d&events=splits (2024-09-27),,16
Tapestry,TPR,2024Q3,2024-10-25,분기말 상장주식수,233035750,주,공시(표지 기준일),https://www.sec.gov/Archives/edgar/data/1116132/000111613224000023/,dei:EntityCommonStockSharesOutstanding 클래스 합,16
Tapestry,TPR,2024Q3,2024-09-27,분기말 시가총액,11171733855,USD,계산(종가×주식수),https://query1.finance.yahoo.com/v8/finance/chart/TPR?interval=1d&events=splits (2024-09-27) ; https://www.sec.gov/Archives/edgar/data/1116132/000111613224000023/,종가 47.94 × 주식수 233035750,16
Tapestry,TPR,2024Q4,2024-12-28,분기별 매출액,2195400000,USD,공시,https://www.sec.gov/Archives/edgar/data/1116132/000111613225000005/,,16
Tapestry,TPR,2024Q4,2024-12-28,분기별 영업이익,492800000,USD,공시,https://www.sec.gov/Archives/edgar/data/1116132/000111613225000005/,,16
Tapestry,TPR,2024Q4,2024-12-28,분기별 당기순이익(지배),310400000,USD,공시,https://www.sec.gov/Archives/edgar/data/1116132/000111613225000005/,,16
Tapestry,TPR,2024Q4,2024-12-28,분기별 영업활동현금흐름,506000000,USD,계산(누적차감),https://www.sec.gov/Archives/edgar/data/1116132/000111613225000005/ ; https://www.sec.gov/Archives/edgar/data/1116132/000111613224000023/,누적 625500000 − 직전누적 119500000 (시작 2024-06-30),16
Tapestry,TPR,2024Q4,2024-12-28,분기말 자산총계,7251900000,USD,공시,https://www.sec.gov/Archives/edgar/data/1116132/000111613225000005/,,16
Tapestry,TPR,2024Q4,2024-12-28,분기말 부채총계,5915400000,USD,공시,https://www.sec.gov/Archives/edgar/data/1116132/000111613225000005/,,16
Tapestry,TPR,2024Q4,2024-12-28,분기말 총자본(자기자본),1336500000,USD,공시(비지배 없음),https://www.sec.gov/Archives/edgar/data/1116132/000111613225000005/,"StockholdersEquity, MinorityInterest 태그 없음",16
Tapestry,TPR,2024Q4,2024-12-28,분기말 지배지분 자본,1336500000,USD,공시,https://www.sec.gov/Archives/edgar/data/1116132/000111613225000005/,,16
Tapestry,TPR,2024Q4,2024-12-27,분기말 종가,65.87,USD,API,https://query1.finance.yahoo.com/v8/finance/chart/TPR?interval=1d&events=splits (2024-12-27),,16
Tapestry,TPR,2024Q4,2025-01-24,분기말 상장주식수,207015475,주,공시(표지 기준일),https://www.sec.gov/Archives/edgar/data/1116132/000111613225000005/,dei:EntityCommonStockSharesOutstanding 클래스 합,16
Tapestry,TPR,2024Q4,2024-12-27,분기말 시가총액,13636109338,USD,계산(종가×주식수),https://query1.finance.yahoo.com/v8/finance/chart/TPR?interval=1d&events=splits (2024-12-27) ; https://www.sec.gov/Archives/edgar/data/1116132/000111613225000005/,종가 65.87 × 주식수 207015475,16
Tapestry,TPR,2025Q1,2025-03-29,분기별 매출액,1584600000,USD,공시,https://www.sec.gov/Archives/edgar/data/1116132/000111613225000013/,,16
Tapestry,TPR,2025Q1,2025-03-29,분기별 영업이익,253700000,USD,공시,https://www.sec.gov/Archives/edgar/data/1116132/000111613225000013/,,16
Tapestry,TPR,2025Q1,2025-03-29,분기별 당기순이익(지배),203300000,USD,공시,https://www.sec.gov/Archives/edgar/data/1116132/000111613225000013/,,16
Tapestry,TPR,2025Q1,2025-03-29,분기별 영업활동현금흐름,144300000,USD,계산(누적차감),https://www.sec.gov/Archives/edgar/data/1116132/000111613225000013/ ; https://www.sec.gov/Archives/edgar/data/1116132/000111613225000005/,누적 769800000 − 직전누적 625500000 (시작 2024-06-30),16
Tapestry,TPR,2025Q1,2025-03-29,분기말 자산총계,7306200000,USD,공시,https://www.sec.gov/Archives/edgar/data/1116132/000111613225000013/,,16
Tapestry,TPR,2025Q1,2025-03-29,분기말 부채총계,5812400000,USD,공시,https://www.sec.gov/Archives/edgar/data/1116132/000111613225000013/,,16
Tapestry,TPR,2025Q1,2025-03-29,분기말 총자본(자기자본),1493800000,USD,공시(비지배 없음),https://www.sec.gov/Archives/edgar/data/1116132/000111613225000013/,"StockholdersEquity, MinorityInterest 태그 없음",16
Tapestry,TPR,2025Q1,2025-03-29,분기말 지배지분 자본,1493800000,USD,공시,https://www.sec.gov/Archives/edgar/data/1116132/000111613225000013/,,16
Tapestry,TPR,2025Q1,2025-03-28,분기말 종가,70.25,USD,API,https://query1.finance.yahoo.com/v8/finance/chart/TPR?interval=1d&events=splits (2025-03-28),,16
Tapestry,TPR,2025Q1,2025-04-25,분기말 상장주식수,207690147,주,공시(표지 기준일),https://www.sec.gov/Archives/edgar/data/1116132/000111613225000013/,dei:EntityCommonStockSharesOutstanding 클래스 합,16
Tapestry,TPR,2025Q1,2025-03-28,분기말 시가총액,14590232827,USD,계산(종가×주식수),https://query1.finance.yahoo.com/v8/finance/chart/TPR?interval=1d&events=splits (2025-03-28) ; https://www.sec.gov/Archives/edgar/data/1116132/000111613225000013/,종가 70.25 × 주식수 207690147,16
Tapestry,TPR,2025Q2,2025-06-28,분기별 매출액,1723200000,USD,계산(연간-3분기누적),https://www.sec.gov/Archives/edgar/data/1116132/000111613225000019/ ; https://www.sec.gov/Archives/edgar/data/1116132/000111613225000013/,연간 7010700000 − 9개월누적 5287500000 (RevenueFromContractWithCustomerExcludingAssessedTax),16
Tapestry,TPR,2025Q2,2025-06-28,분기별 영업이익,-583500000,USD,계산(연간-3분기누적),https://www.sec.gov/Archives/edgar/data/1116132/000111613225000019/ ; https://www.sec.gov/Archives/edgar/data/1116132/000111613225000013/,연간 415000000 − 9개월누적 998500000 (OperatingIncomeLoss),16
Tapestry,TPR,2025Q2,2025-06-28,분기별 당기순이익(지배),-517100000,USD,계산(연간-3분기누적),https://www.sec.gov/Archives/edgar/data/1116132/000111613225000019/ ; https://www.sec.gov/Archives/edgar/data/1116132/000111613225000013/,연간 183200000 − 9개월누적 700300000 (NetIncomeLoss),16
Tapestry,TPR,2025Q2,2025-06-28,분기별 영업활동현금흐름,446800000,USD,계산(누적차감),https://www.sec.gov/Archives/edgar/data/1116132/000111613225000019/ ; https://www.sec.gov/Archives/edgar/data/1116132/000111613225000013/,누적 1216600000 − 직전누적 769800000 (시작 2024-06-30),16
Tapestry,TPR,2025Q2,2025-06-28,분기말 자산총계,6580500000,USD,공시,https://www.sec.gov/Archives/edgar/data/1116132/000111613225000019/,,16
Tapestry,TPR,2025Q2,2025-06-28,분기말 부채총계,5722700000,USD,공시,https://www.sec.gov/Archives/edgar/data/1116132/000111613225000019/,,16
Tapestry,TPR,2025Q2,2025-06-28,분기말 총자본(자기자본),857800000,USD,공시(비지배 없음),https://www.sec.gov/Archives/edgar/data/1116132/000111613225000019/,"StockholdersEquity, MinorityInterest 태그 없음",16
Tapestry,TPR,2025Q2,2025-06-28,분기말 지배지분 자본,857800000,USD,공시,https://www.sec.gov/Archives/edgar/data/1116132/000111613225000019/,,16
Tapestry,TPR,2025Q2,2025-06-27,분기말 종가,87.11,USD,API,https://query1.finance.yahoo.com/v8/finance/chart/TPR?interval=1d&events=splits (2025-06-27),,16
Tapestry,TPR,2025Q2,2025-08-01,분기말 상장주식수,208123628,주,공시(표지 기준일),https://www.sec.gov/Archives/edgar/data/1116132/000111613225000019/,dei:EntityCommonStockSharesOutstanding 클래스 합,16
Tapestry,TPR,2025Q2,2025-06-27,분기말 시가총액,18129649235,USD,계산(종가×주식수),https://query1.finance.yahoo.com/v8/finance/chart/TPR?interval=1d&events=splits (2025-06-27) ; https://www.sec.gov/Archives/edgar/data/1116132/000111613225000019/,종가 87.11 × 주식수 208123628,16
Tapestry,TPR,2025Q3,2025-09-27,분기별 매출액,1704600000,USD,공시,https://www.sec.gov/Archives/edgar/data/1116132/000111613225000025/,,16
Tapestry,TPR,2025Q3,2025-09-27,분기별 영업이익,328200000,USD,공시,https://www.sec.gov/Archives/edgar/data/1116132/000111613225000025/,,16
Tapestry,TPR,2025Q3,2025-09-27,분기별 당기순이익(지배),274800000,USD,공시,https://www.sec.gov/Archives/edgar/data/1116132/000111613225000025/,,16
Tapestry,TPR,2025Q3,2025-09-27,분기별 영업활동현금흐름,112600000,USD,공시,https://www.sec.gov/Archives/edgar/data/1116132/000111613225000025/,,16
Tapestry,TPR,2025Q3,2025-09-27,분기말 자산총계,6363300000,USD,공시,https://www.sec.gov/Archives/edgar/data/1116132/000111613225000025/,,16
Tapestry,TPR,2025Q3,2025-09-27,분기말 부채총계,5963800000,USD,공시,https://www.sec.gov/Archives/edgar/data/1116132/000111613225000025/,,16
Tapestry,TPR,2025Q3,2025-09-27,분기말 총자본(자기자본),399500000,USD,공시(비지배 없음),https://www.sec.gov/Archives/edgar/data/1116132/000111613225000025/,"StockholdersEquity, MinorityInterest 태그 없음",16
Tapestry,TPR,2025Q3,2025-09-27,분기말 지배지분 자본,399500000,USD,공시,https://www.sec.gov/Archives/edgar/data/1116132/000111613225000025/,,16
Tapestry,TPR,2025Q3,2025-09-26,분기말 종가,109.05,USD,API,https://query1.finance.yahoo.com/v8/finance/chart/TPR?interval=1d&events=splits (2025-09-26),,16
Tapestry,TPR,2025Q3,2025-10-24,분기말 상장주식수,204649752,주,공시(표지 기준일),https://www.sec.gov/Archives/edgar/data/1116132/000111613225000025/,dei:EntityCommonStockSharesOutstanding 클래스 합,16
Tapestry,TPR,2025Q3,2025-09-26,분기말 시가총액,22317055456,USD,계산(종가×주식수),https://query1.finance.yahoo.com/v8/finance/chart/TPR?interval=1d&events=splits (2025-09-26) ; https://www.sec.gov/Archives/edgar/data/1116132/000111613225000025/,종가 109.05 × 주식수 204649752,16
Tapestry,TPR,2025Q4,2025-12-27,분기별 매출액,2502400000,USD,공시,https://www.sec.gov/Archives/edgar/data/1116132/000111613226000005/,,16
Tapestry,TPR,2025Q4,2025-12-27,분기별 영업이익,716400000,USD,공시,https://www.sec.gov/Archives/edgar/data/1116132/000111613226000005/,,16
Tapestry,TPR,2025Q4,2025-12-27,분기별 당기순이익(지배),561300000,USD,공시,https://www.sec.gov/Archives/edgar/data/1116132/000111613226000005/,,16
Tapestry,TPR,2025Q4,2025-12-27,분기별 영업활동현금흐름,1081100000,USD,계산(누적차감),https://www.sec.gov/Archives/edgar/data/1116132/000111613226000005/ ; https://www.sec.gov/Archives/edgar/data/1116132/000111613225000025/,누적 1193700000 − 직전누적 112600000 (시작 2025-06-29),16
Tapestry,TPR,2025Q4,2025-12-27,분기말 자산총계,6531000000,USD,공시,https://www.sec.gov/Archives/edgar/data/1116132/000111613226000005/,,16
Tapestry,TPR,2025Q4,2025-12-27,분기말 부채총계,5979800000,USD,공시,https://www.sec.gov/Archives/edgar/data/1116132/000111613226000005/,,16
Tapestry,TPR,2025Q4,2025-12-27,분기말 총자본(자기자본),551200000,USD,공시(비지배 없음),https://www.sec.gov/Archives/edgar/data/1116132/000111613226000005/,"StockholdersEquity, MinorityInterest 태그 없음",16
Tapestry,TPR,2025Q4,2025-12-27,분기말 지배지분 자본,551200000,USD,공시,https://www.sec.gov/Archives/edgar/data/1116132/000111613226000005/,,16
Tapestry,TPR,2025Q4,2025-12-26,분기말 종가,131.3,USD,API,https://query1.finance.yahoo.com/v8/finance/chart/TPR?interval=1d&events=splits (2025-12-26),,16
Tapestry,TPR,2025Q4,2026-01-23,분기말 상장주식수,202464223,주,공시(표지 기준일),https://www.sec.gov/Archives/edgar/data/1116132/000111613226000005/,dei:EntityCommonStockSharesOutstanding 클래스 합,16
Tapestry,TPR,2025Q4,2025-12-26,분기말 시가총액,26583552480,USD,계산(종가×주식수),https://query1.finance.yahoo.com/v8/finance/chart/TPR?interval=1d&events=splits (2025-12-26) ; https://www.sec.gov/Archives/edgar/data/1116132/000111613226000005/,종가 131.3 × 주식수 202464223,16
Tapestry,TPR,2026Q1,2026-03-28,분기별 매출액,1920600000,USD,공시,https://www.sec.gov/Archives/edgar/data/1116132/000111613226000011/,,16
Tapestry,TPR,2026Q1,2026-03-28,분기별 영업이익,427500000,USD,공시,https://www.sec.gov/Archives/edgar/data/1116132/000111613226000011/,,16
Tapestry,TPR,2026Q1,2026-03-28,분기별 당기순이익(지배),343800000,USD,공시,https://www.sec.gov/Archives/edgar/data/1116132/000111613226000011/,,16
Tapestry,TPR,2026Q1,2026-03-28,분기별 영업활동현금흐름,262600000,USD,계산(누적차감),https://www.sec.gov/Archives/edgar/data/1116132/000111613226000011/ ; https://www.sec.gov/Archives/edgar/data/1116132/000111613226000005/,누적 1456300000 − 직전누적 1193700000 (시작 2025-06-29),16
Tapestry,TPR,2026Q1,2026-03-28,분기말 자산총계,6466700000,USD,공시,https://www.sec.gov/Archives/edgar/data/1116132/000111613226000011/,,16
Tapestry,TPR,2026Q1,2026-03-28,분기말 부채총계,5784300000,USD,공시,https://www.sec.gov/Archives/edgar/data/1116132/000111613226000011/,,16
Tapestry,TPR,2026Q1,2026-03-28,분기말 총자본(자기자본),682400000,USD,공시(비지배 없음),https://www.sec.gov/Archives/edgar/data/1116132/000111613226000011/,"StockholdersEquity, MinorityInterest 태그 없음",16
Tapestry,TPR,2026Q1,2026-03-28,분기말 지배지분 자본,682400000,USD,공시,https://www.sec.gov/Archives/edgar/data/1116132/000111613226000011/,,16
Tapestry,TPR,2026Q1,2026-03-27,분기말 종가,138.84,USD,API,https://query1.finance.yahoo.com/v8/finance/chart/TPR?interval=1d&events=splits (2026-03-27),,16
Tapestry,TPR,2026Q1,2026-04-24,분기말 상장주식수,202044714,주,공시(표지 기준일),https://www.sec.gov/Archives/edgar/data/1116132/000111613226000011/,dei:EntityCommonStockSharesOutstanding 클래스 합,16
Tapestry,TPR,2026Q1,2026-03-27,분기말 시가총액,28051888092,USD,계산(종가×주식수),https://query1.finance.yahoo.com/v8/finance/chart/TPR?interval=1d&events=splits (2026-03-27) ; https://www.sec.gov/Archives/edgar/data/1116132/000111613226000011/,종가 138.84 × 주식수 202044714,16
Tapestry,TPR,2026Q2,2026-06-27,분기별 매출액,1876600000,USD,계산(연간-3분기누적),https://www.sec.gov/Archives/edgar/data/1116132/000111613226000018/ ; https://www.sec.gov/Archives/edgar/data/1116132/000111613226000011/,연간 8004200000 − 9개월누적 6127600000 (RevenueFromContractWithCustomerExcludingAssessedTax),16
Tapestry,TPR,2026Q2,2026-06-27,분기별 영업이익,442300000,USD,계산(연간-3분기누적),https://www.sec.gov/Archives/edgar/data/1116132/000111613226000018/ ; https://www.sec.gov/Archives/edgar/data/1116132/000111613226000011/,연간 1914400000 − 9개월누적 1472100000 (OperatingIncomeLoss),16
Tapestry,TPR,2026Q2,2026-06-27,분기별 당기순이익(지배),347800000,USD,계산(연간-3분기누적),https://www.sec.gov/Archives/edgar/data/1116132/000111613226000018/ ; https://www.sec.gov/Archives/edgar/data/1116132/000111613226000011/,연간 1527700000 − 9개월누적 1179900000 (NetIncomeLoss),16
Tapestry,TPR,2026Q2,2026-06-27,분기별 영업활동현금흐름,522200000,USD,계산(누적차감),https://www.sec.gov/Archives/edgar/data/1116132/000111613226000018/ ; https://www.sec.gov/Archives/edgar/data/1116132/000111613226000011/,누적 1978500000 − 직전누적 1456300000 (시작 2025-06-29),16
Tapestry,TPR,2026Q2,2026-06-27,분기말 자산총계,6691700000,USD,공시,https://www.sec.gov/Archives/edgar/data/1116132/000111613226000018/,,16
Tapestry,TPR,2026Q2,2026-06-27,분기말 부채총계,5999600000,USD,공시,https://www.sec.gov/Archives/edgar/data/1116132/000111613226000018/,,16
Tapestry,TPR,2026Q2,2026-06-27,분기말 총자본(자기자본),692100000,USD,공시(비지배 없음),https://www.sec.gov/Archives/edgar/data/1116132/000111613226000018/,"StockholdersEquity, MinorityInterest 태그 없음",16
Tapestry,TPR,2026Q2,2026-06-27,분기말 지배지분 자본,692100000,USD,공시,https://www.sec.gov/Archives/edgar/data/1116132/000111613226000018/,,16
Tapestry,TPR,2026Q2,2026-06-26,분기말 종가,146.0,USD,API,https://query1.finance.yahoo.com/v8/finance/chart/TPR?interval=1d&events=splits (2026-06-26),,16
Tapestry,TPR,2026Q2,2026-07-31,분기말 상장주식수,199391678,주,공시(표지 기준일),https://www.sec.gov/Archives/edgar/data/1116132/000111613226000018/,dei:EntityCommonStockSharesOutstanding 클래스 합,16
Tapestry,TPR,2026Q2,2026-06-26,분기말 시가총액,29111184988,USD,계산(종가×주식수),https://query1.finance.yahoo.com/v8/finance/chart/TPR?interval=1d&events=splits (2026-06-26) ; https://www.sec.gov/Archives/edgar/data/1116132/000111613226000018/,종가 146.0 × 주식수 199391678,16
