기업,종목코드,기간,기준일,항목,값,통화,값구분,출처,검산,라운드
Tractor Supply,TSCO,2010Q1,2010-09-25,분기별 매출액,미확인,USD,미확인,https://www.sec.gov/Archives/edgar/data/916365/000091636510000028/,,22
Tractor Supply,TSCO,2010Q1,2010-09-25,분기별 영업이익,50858000,USD,공시,https://www.sec.gov/Archives/edgar/data/916365/000091636510000028/,,22
Tractor Supply,TSCO,2010Q1,2010-09-25,분기별 당기순이익(지배),32017000,USD,공시,https://www.sec.gov/Archives/edgar/data/916365/000091636510000028/,,22
Tractor Supply,TSCO,2010Q1,2010-09-25,분기별 영업활동현금흐름,23536000,USD,계산(누적차감),https://www.sec.gov/Archives/edgar/data/916365/000091636510000028/ ; https://www.sec.gov/Archives/edgar/data/916365/000091636510000020/,누적 94517000 − 직전누적 70981000 (시작 2009-12-27),22
Tractor Supply,TSCO,2010Q1,2010-09-25,분기말 자산총계,1487968000,USD,공시(재작성 반영),https://www.sec.gov/Archives/edgar/data/916365/000091636511000054/,원 공시 1428058000 (https://www.sec.gov/Archives/edgar/data/916365/000091636510000028/),22
Tractor Supply,TSCO,2010Q1,2010-09-25,분기말 부채총계,595726000,USD,공시(재작성 반영),https://www.sec.gov/Archives/edgar/data/916365/000091636511000054/,원 공시 581715000 (https://www.sec.gov/Archives/edgar/data/916365/000091636510000028/),22
Tractor Supply,TSCO,2010Q1,2010-09-25,분기말 총자본(자기자본),892242000,USD,공시(비지배 없음)(재작성 반영),https://www.sec.gov/Archives/edgar/data/916365/000091636511000054/,"StockholdersEquity, MinorityInterest 태그 없음 ; 원 공시 846343000 (https://www.sec.gov/Archives/edgar/data/916365/000091636510000028/)",22
Tractor Supply,TSCO,2010Q1,2010-09-25,분기말 지배지분 자본,892242000,USD,공시(재작성 반영),https://www.sec.gov/Archives/edgar/data/916365/000091636511000054/,원 공시 846343000 (https://www.sec.gov/Archives/edgar/data/916365/000091636510000028/),22
Tractor Supply,TSCO,2010Q1,2010-09-24,분기말 종가,38.59,USD,API,https://query1.finance.yahoo.com/v8/finance/chart/TSCO?interval=1d&events=splits (2010-09-24),분할조정 종가 3.859 × 이후 분할계수 10,22
Tractor Supply,TSCO,2010Q1,2010-10-23,분기말 상장주식수,72911934,주,공시(표지 기준일),https://www.sec.gov/Archives/edgar/data/916365/000091636510000028/,dei:EntityCommonStockSharesOutstanding 클래스 합,22
Tractor Supply,TSCO,2010Q1,2010-09-24,분기말 시가총액,2813671533,USD,계산(종가×주식수),https://query1.finance.yahoo.com/v8/finance/chart/TSCO?interval=1d&events=splits (2010-09-24) ; https://www.sec.gov/Archives/edgar/data/916365/000091636510000028/,종가 38.59 × 주식수 72911934,22
Tractor Supply,TSCO,2010Q2,,분기별 매출액,미확인,,미확인,해당 라벨 보고서 없음,,22
Tractor Supply,TSCO,2010Q2,,분기별 영업이익,미확인,,미확인,해당 라벨 보고서 없음,,22
Tractor Supply,TSCO,2010Q2,,분기별 당기순이익(지배),미확인,,미확인,해당 라벨 보고서 없음,,22
Tractor Supply,TSCO,2010Q2,,분기별 영업활동현금흐름,미확인,,미확인,해당 라벨 보고서 없음,,22
Tractor Supply,TSCO,2010Q2,,분기말 자산총계,미확인,,미확인,해당 라벨 보고서 없음,,22
Tractor Supply,TSCO,2010Q2,,분기말 부채총계,미확인,,미확인,해당 라벨 보고서 없음,,22
Tractor Supply,TSCO,2010Q2,,분기말 총자본(자기자본),미확인,,미확인,해당 라벨 보고서 없음,,22
Tractor Supply,TSCO,2010Q2,,분기말 지배지분 자본,미확인,,미확인,해당 라벨 보고서 없음,,22
Tractor Supply,TSCO,2010Q2,,분기말 종가,미확인,,미확인,해당 라벨 보고서 없음,,22
Tractor Supply,TSCO,2010Q2,,분기말 상장주식수,미확인,,미확인,해당 라벨 보고서 없음,,22
Tractor Supply,TSCO,2010Q2,,분기말 시가총액,미확인,,미확인,해당 라벨 보고서 없음,,22
Tractor Supply,TSCO,2010Q3,2011-02-23,분기별 매출액,미확인,USD,미확인,https://www.sec.gov/Archives/edgar/data/916365/000091636511000013/,,22
Tractor Supply,TSCO,2010Q3,2011-02-23,분기별 영업이익,미확인,USD,미확인,https://www.sec.gov/Archives/edgar/data/916365/000091636511000013/,,22
Tractor Supply,TSCO,2010Q3,2011-02-23,분기별 당기순이익(지배),미확인,USD,미확인,https://www.sec.gov/Archives/edgar/data/916365/000091636511000013/,,22
Tractor Supply,TSCO,2010Q3,2011-02-23,분기별 영업활동현금흐름,미확인,USD,미확인,https://www.sec.gov/Archives/edgar/data/916365/000091636511000013/,,22
Tractor Supply,TSCO,2010Q3,2011-02-23,분기말 자산총계,미확인,USD,미확인,https://www.sec.gov/Archives/edgar/data/916365/000091636511000013/,,22
Tractor Supply,TSCO,2010Q3,2011-02-23,분기말 부채총계,미확인,USD,미확인,https://www.sec.gov/Archives/edgar/data/916365/000091636511000013/,,22
Tractor Supply,TSCO,2010Q3,2011-02-23,분기말 총자본(자기자본),미확인,USD,미확인,https://www.sec.gov/Archives/edgar/data/916365/000091636511000013/,,22
Tractor Supply,TSCO,2010Q3,2011-02-23,분기말 지배지분 자본,미확인,USD,미확인,https://www.sec.gov/Archives/edgar/data/916365/000091636511000013/,,22
Tractor Supply,TSCO,2010Q3,2011-02-23,분기말 종가,50.29,USD,API,https://query1.finance.yahoo.com/v8/finance/chart/TSCO?interval=1d&events=splits (2011-02-23),분할조정 종가 5.029 × 이후 분할계수 10,22
Tractor Supply,TSCO,2010Q3,2010-07-24,분기말 상장주식수,36299512,주,공시(표지 기준일),https://www.sec.gov/Archives/edgar/data/916365/000091636511000013/,dei:EntityCommonStockSharesOutstanding 클래스 합,22
Tractor Supply,TSCO,2010Q3,2011-02-23,분기말 시가총액,1825502458,USD,계산(종가×주식수),https://query1.finance.yahoo.com/v8/finance/chart/TSCO?interval=1d&events=splits (2011-02-23) ; https://www.sec.gov/Archives/edgar/data/916365/000091636511000013/,종가 50.29 × 주식수 36299512,22
Tractor Supply,TSCO,2010Q4,2011-05-03,분기별 매출액,미확인,USD,미확인,https://www.sec.gov/Archives/edgar/data/916365/000091636511000030/,,22
Tractor Supply,TSCO,2010Q4,2011-05-03,분기별 영업이익,미확인,USD,미확인,https://www.sec.gov/Archives/edgar/data/916365/000091636511000030/,,22
Tractor Supply,TSCO,2010Q4,2011-05-03,분기별 당기순이익(지배),미확인,USD,미확인,https://www.sec.gov/Archives/edgar/data/916365/000091636511000030/,,22
Tractor Supply,TSCO,2010Q4,2011-05-03,분기별 영업활동현금흐름,미확인,USD,미확인,https://www.sec.gov/Archives/edgar/data/916365/000091636511000030/,,22
Tractor Supply,TSCO,2010Q4,2011-05-03,분기말 자산총계,미확인,USD,미확인,https://www.sec.gov/Archives/edgar/data/916365/000091636511000030/,,22
Tractor Supply,TSCO,2010Q4,2011-05-03,분기말 부채총계,미확인,USD,미확인,https://www.sec.gov/Archives/edgar/data/916365/000091636511000030/,,22
Tractor Supply,TSCO,2010Q4,2011-05-03,분기말 총자본(자기자본),미확인,USD,미확인,https://www.sec.gov/Archives/edgar/data/916365/000091636511000030/,,22
Tractor Supply,TSCO,2010Q4,2011-05-03,분기말 지배지분 자본,미확인,USD,미확인,https://www.sec.gov/Archives/edgar/data/916365/000091636511000030/,,22
Tractor Supply,TSCO,2010Q4,2011-05-03,분기말 종가,59.51,USD,API,https://query1.finance.yahoo.com/v8/finance/chart/TSCO?interval=1d&events=splits (2011-05-03),분할조정 종가 5.951 × 이후 분할계수 10,22
Tractor Supply,TSCO,2010Q4,2011-04-23,분기말 상장주식수,72244620,주,공시(표지 기준일),https://www.sec.gov/Archives/edgar/data/916365/000091636511000030/,dei:EntityCommonStockSharesOutstanding 클래스 합,22
Tractor Supply,TSCO,2010Q4,2011-05-03,분기말 시가총액,4299277336,USD,계산(종가×주식수),https://query1.finance.yahoo.com/v8/finance/chart/TSCO?interval=1d&events=splits (2011-05-03) ; https://www.sec.gov/Archives/edgar/data/916365/000091636511000030/,종가 59.51 × 주식수 72244620,22
Tractor Supply,TSCO,2011Q1,2011-08-04,분기별 매출액,미확인,USD,미확인,https://www.sec.gov/Archives/edgar/data/916365/000091636511000040/,,22
Tractor Supply,TSCO,2011Q1,2011-08-04,분기별 영업이익,미확인,USD,미확인,https://www.sec.gov/Archives/edgar/data/916365/000091636511000040/,,22
Tractor Supply,TSCO,2011Q1,2011-08-04,분기별 당기순이익(지배),미확인,USD,미확인,https://www.sec.gov/Archives/edgar/data/916365/000091636511000040/,,22
Tractor Supply,TSCO,2011Q1,2011-08-04,분기별 영업활동현금흐름,미확인,USD,미확인,https://www.sec.gov/Archives/edgar/data/916365/000091636511000040/,,22
Tractor Supply,TSCO,2011Q1,2011-08-04,분기말 자산총계,미확인,USD,미확인,https://www.sec.gov/Archives/edgar/data/916365/000091636511000040/,,22
Tractor Supply,TSCO,2011Q1,2011-08-04,분기말 부채총계,미확인,USD,미확인,https://www.sec.gov/Archives/edgar/data/916365/000091636511000040/,,22
Tractor Supply,TSCO,2011Q1,2011-08-04,분기말 총자본(자기자본),미확인,USD,미확인,https://www.sec.gov/Archives/edgar/data/916365/000091636511000040/,,22
Tractor Supply,TSCO,2011Q1,2011-08-04,분기말 지배지분 자본,미확인,USD,미확인,https://www.sec.gov/Archives/edgar/data/916365/000091636511000040/,,22
Tractor Supply,TSCO,2011Q1,2011-08-04,분기말 종가,60.77,USD,API,https://query1.finance.yahoo.com/v8/finance/chart/TSCO?interval=1d&events=splits (2011-08-04),분할조정 종가 6.077 × 이후 분할계수 10,22
Tractor Supply,TSCO,2011Q1,2011-07-23,분기말 상장주식수,71407144,주,공시(표지 기준일),https://www.sec.gov/Archives/edgar/data/916365/000091636511000040/,dei:EntityCommonStockSharesOutstanding 클래스 합,22
Tractor Supply,TSCO,2011Q1,2011-08-04,분기말 시가총액,4339412141,USD,계산(종가×주식수),https://query1.finance.yahoo.com/v8/finance/chart/TSCO?interval=1d&events=splits (2011-08-04) ; https://www.sec.gov/Archives/edgar/data/916365/000091636511000040/,종가 60.77 × 주식수 71407144,22
Tractor Supply,TSCO,2011Q2,2011-11-03,분기별 매출액,미확인,USD,미확인,https://www.sec.gov/Archives/edgar/data/916365/000091636511000054/,,22
Tractor Supply,TSCO,2011Q2,2011-11-03,분기별 영업이익,미확인,USD,미확인,https://www.sec.gov/Archives/edgar/data/916365/000091636511000054/,,22
Tractor Supply,TSCO,2011Q2,2011-11-03,분기별 당기순이익(지배),미확인,USD,미확인,https://www.sec.gov/Archives/edgar/data/916365/000091636511000054/,,22
Tractor Supply,TSCO,2011Q2,2011-11-03,분기별 영업활동현금흐름,미확인,USD,미확인,https://www.sec.gov/Archives/edgar/data/916365/000091636511000054/,,22
Tractor Supply,TSCO,2011Q2,2011-11-03,분기말 자산총계,미확인,USD,미확인,https://www.sec.gov/Archives/edgar/data/916365/000091636511000054/,,22
Tractor Supply,TSCO,2011Q2,2011-11-03,분기말 부채총계,미확인,USD,미확인,https://www.sec.gov/Archives/edgar/data/916365/000091636511000054/,,22
Tractor Supply,TSCO,2011Q2,2011-11-03,분기말 총자본(자기자본),미확인,USD,미확인,https://www.sec.gov/Archives/edgar/data/916365/000091636511000054/,,22
Tractor Supply,TSCO,2011Q2,2011-11-03,분기말 지배지분 자본,미확인,USD,미확인,https://www.sec.gov/Archives/edgar/data/916365/000091636511000054/,,22
Tractor Supply,TSCO,2011Q2,2011-11-03,분기말 종가,72.77,USD,API,https://query1.finance.yahoo.com/v8/finance/chart/TSCO?interval=1d&events=splits (2011-11-03),분할조정 종가 7.277 × 이후 분할계수 10,22
Tractor Supply,TSCO,2011Q2,2011-10-22,분기말 상장주식수,71024867,주,공시(표지 기준일),https://www.sec.gov/Archives/edgar/data/916365/000091636511000054/,dei:EntityCommonStockSharesOutstanding 클래스 합,22
Tractor Supply,TSCO,2011Q2,2011-11-03,분기말 시가총액,5168479572,USD,계산(종가×주식수),https://query1.finance.yahoo.com/v8/finance/chart/TSCO?interval=1d&events=splits (2011-11-03) ; https://www.sec.gov/Archives/edgar/data/916365/000091636511000054/,종가 72.77 × 주식수 71024867,22
Tractor Supply,TSCO,2011Q3,2012-02-29,분기별 매출액,미확인,USD,미확인,https://www.sec.gov/Archives/edgar/data/916365/000091636512000017/,,22
Tractor Supply,TSCO,2011Q3,2012-02-29,분기별 영업이익,미확인,USD,미확인,https://www.sec.gov/Archives/edgar/data/916365/000091636512000017/,,22
Tractor Supply,TSCO,2011Q3,2012-02-29,분기별 당기순이익(지배),미확인,USD,미확인,https://www.sec.gov/Archives/edgar/data/916365/000091636512000017/,,22
Tractor Supply,TSCO,2011Q3,2012-02-29,분기별 영업활동현금흐름,미확인,USD,미확인,https://www.sec.gov/Archives/edgar/data/916365/000091636512000017/,,22
Tractor Supply,TSCO,2011Q3,2012-02-29,분기말 자산총계,미확인,USD,미확인,https://www.sec.gov/Archives/edgar/data/916365/000091636512000017/,,22
Tractor Supply,TSCO,2011Q3,2012-02-29,분기말 부채총계,미확인,USD,미확인,https://www.sec.gov/Archives/edgar/data/916365/000091636512000017/,,22
Tractor Supply,TSCO,2011Q3,2012-02-29,분기말 총자본(자기자본),미확인,USD,미확인,https://www.sec.gov/Archives/edgar/data/916365/000091636512000017/,,22
Tractor Supply,TSCO,2011Q3,2012-02-29,분기말 지배지분 자본,미확인,USD,미확인,https://www.sec.gov/Archives/edgar/data/916365/000091636512000017/,,22
Tractor Supply,TSCO,2011Q3,2012-02-29,분기말 종가,85.47,USD,API,https://query1.finance.yahoo.com/v8/finance/chart/TSCO?interval=1d&events=splits (2012-02-29),분할조정 종가 8.547 × 이후 분할계수 10,22
Tractor Supply,TSCO,2011Q3,2012-01-28,분기말 상장주식수,71313650,주,공시(표지 기준일),https://www.sec.gov/Archives/edgar/data/916365/000091636512000017/,dei:EntityCommonStockSharesOutstanding 클래스 합,22
Tractor Supply,TSCO,2011Q3,2012-02-29,분기말 시가총액,6095177666,USD,계산(종가×주식수),https://query1.finance.yahoo.com/v8/finance/chart/TSCO?interval=1d&events=splits (2012-02-29) ; https://www.sec.gov/Archives/edgar/data/916365/000091636512000017/,종가 85.47 × 주식수 71313650,22
Tractor Supply,TSCO,2011Q4,2012-05-07,분기별 매출액,미확인,USD,미확인,https://www.sec.gov/Archives/edgar/data/916365/000091636512000052/,,22
Tractor Supply,TSCO,2011Q4,2012-05-07,분기별 영업이익,미확인,USD,미확인,https://www.sec.gov/Archives/edgar/data/916365/000091636512000052/,,22
Tractor Supply,TSCO,2011Q4,2012-05-07,분기별 당기순이익(지배),미확인,USD,미확인,https://www.sec.gov/Archives/edgar/data/916365/000091636512000052/,,22
Tractor Supply,TSCO,2011Q4,2012-05-07,분기별 영업활동현금흐름,미확인,USD,미확인,https://www.sec.gov/Archives/edgar/data/916365/000091636512000052/,,22
Tractor Supply,TSCO,2011Q4,2012-05-07,분기말 자산총계,미확인,USD,미확인,https://www.sec.gov/Archives/edgar/data/916365/000091636512000052/,,22
Tractor Supply,TSCO,2011Q4,2012-05-07,분기말 부채총계,미확인,USD,미확인,https://www.sec.gov/Archives/edgar/data/916365/000091636512000052/,,22
Tractor Supply,TSCO,2011Q4,2012-05-07,분기말 총자본(자기자본),미확인,USD,미확인,https://www.sec.gov/Archives/edgar/data/916365/000091636512000052/,,22
Tractor Supply,TSCO,2011Q4,2012-05-07,분기말 지배지분 자본,미확인,USD,미확인,https://www.sec.gov/Archives/edgar/data/916365/000091636512000052/,,22
Tractor Supply,TSCO,2011Q4,2012-05-07,분기말 종가,95.99,USD,API,https://query1.finance.yahoo.com/v8/finance/chart/TSCO?interval=1d&events=splits (2012-05-07),분할조정 종가 9.599 × 이후 분할계수 10,22
Tractor Supply,TSCO,2011Q4,2012-04-28,분기말 상장주식수,72054245,주,공시(표지 기준일),https://www.sec.gov/Archives/edgar/data/916365/000091636512000052/,dei:EntityCommonStockSharesOutstanding 클래스 합,22
Tractor Supply,TSCO,2011Q4,2012-05-07,분기말 시가총액,6916486978,USD,계산(종가×주식수),https://query1.finance.yahoo.com/v8/finance/chart/TSCO?interval=1d&events=splits (2012-05-07) ; https://www.sec.gov/Archives/edgar/data/916365/000091636512000052/,종가 95.99 × 주식수 72054245,22
Tractor Supply,TSCO,2012Q1,2012-06-30,분기별 매출액,미확인,USD,미확인,https://www.sec.gov/Archives/edgar/data/916365/000091636512000067/,,22
Tractor Supply,TSCO,2012Q1,2012-06-30,분기별 영업이익,169844000,USD,공시,https://www.sec.gov/Archives/edgar/data/916365/000091636512000067/,,22
Tractor Supply,TSCO,2012Q1,2012-06-30,분기별 당기순이익(지배),106621000,USD,공시,https://www.sec.gov/Archives/edgar/data/916365/000091636512000067/,,22
Tractor Supply,TSCO,2012Q1,2012-06-30,분기별 영업활동현금흐름,데이터 없음(직전 분기 누적 보고서 없음),USD,데이터 없음(직전 보고서 없음),https://www.sec.gov/Archives/edgar/data/916365/000091636512000067/,,22
Tractor Supply,TSCO,2012Q1,2012-06-30,분기말 자산총계,1722412000,USD,공시,https://www.sec.gov/Archives/edgar/data/916365/000091636512000067/,,22
Tractor Supply,TSCO,2012Q1,2012-06-30,분기말 부채총계,655273000,USD,공시,https://www.sec.gov/Archives/edgar/data/916365/000091636512000067/,,22
Tractor Supply,TSCO,2012Q1,2012-06-30,분기말 총자본(자기자본),1067139000,USD,공시(비지배 없음),https://www.sec.gov/Archives/edgar/data/916365/000091636512000067/,"StockholdersEquity, MinorityInterest 태그 없음",22
Tractor Supply,TSCO,2012Q1,2012-06-30,분기말 지배지분 자본,1067139000,USD,공시,https://www.sec.gov/Archives/edgar/data/916365/000091636512000067/,,22
Tractor Supply,TSCO,2012Q1,2012-06-29,분기말 종가,83.06,USD,API,https://query1.finance.yahoo.com/v8/finance/chart/TSCO?interval=1d&events=splits (2012-06-29),분할조정 종가 8.306 × 이후 분할계수 10,22
Tractor Supply,TSCO,2012Q1,2012-07-28,분기말 상장주식수,70889653,주,공시(표지 기준일),https://www.sec.gov/Archives/edgar/data/916365/000091636512000067/,dei:EntityCommonStockSharesOutstanding 클래스 합,22
Tractor Supply,TSCO,2012Q1,2012-06-29,분기말 시가총액,5888094578,USD,계산(종가×주식수),https://query1.finance.yahoo.com/v8/finance/chart/TSCO?interval=1d&events=splits (2012-06-29) ; https://www.sec.gov/Archives/edgar/data/916365/000091636512000067/,종가 83.06 × 주식수 70889653,22
Tractor Supply,TSCO,2012Q2,2012-09-29,분기별 매출액,미확인,USD,미확인,https://www.sec.gov/Archives/edgar/data/916365/000091636512000078/,,22
Tractor Supply,TSCO,2012Q2,2012-09-29,분기별 영업이익,77779000,USD,공시,https://www.sec.gov/Archives/edgar/data/916365/000091636512000078/,,22
Tractor Supply,TSCO,2012Q2,2012-09-29,분기별 당기순이익(지배),50021000,USD,공시,https://www.sec.gov/Archives/edgar/data/916365/000091636512000078/,,22
Tractor Supply,TSCO,2012Q2,2012-09-29,분기별 영업활동현금흐름,3671000,USD,계산(누적차감),https://www.sec.gov/Archives/edgar/data/916365/000091636512000078/ ; https://www.sec.gov/Archives/edgar/data/916365/000091636512000067/,누적 155841000 − 직전누적 152170000 (시작 2012-01-01),22
Tractor Supply,TSCO,2012Q2,2012-09-29,분기말 자산총계,1716303000,USD,공시,https://www.sec.gov/Archives/edgar/data/916365/000091636512000078/,,22
Tractor Supply,TSCO,2012Q2,2012-09-29,분기말 부채총계,662090000,USD,공시,https://www.sec.gov/Archives/edgar/data/916365/000091636512000078/,,22
Tractor Supply,TSCO,2012Q2,2012-09-29,분기말 총자본(자기자본),1054213000,USD,공시(비지배 없음),https://www.sec.gov/Archives/edgar/data/916365/000091636512000078/,"StockholdersEquity, MinorityInterest 태그 없음",22
Tractor Supply,TSCO,2012Q2,2012-09-29,분기말 지배지분 자본,1054213000,USD,공시,https://www.sec.gov/Archives/edgar/data/916365/000091636512000078/,,22
Tractor Supply,TSCO,2012Q2,2012-09-28,분기말 종가,98.89,USD,API,https://query1.finance.yahoo.com/v8/finance/chart/TSCO?interval=1d&events=splits (2012-09-28),분할조정 종가 9.889 × 이후 분할계수 10,22
Tractor Supply,TSCO,2012Q2,2012-10-27,분기말 상장주식수,70436783,주,공시(표지 기준일),https://www.sec.gov/Archives/edgar/data/916365/000091636512000078/,dei:EntityCommonStockSharesOutstanding 클래스 합,22
Tractor Supply,TSCO,2012Q2,2012-09-28,분기말 시가총액,6965493471,USD,계산(종가×주식수),https://query1.finance.yahoo.com/v8/finance/chart/TSCO?interval=1d&events=splits (2012-09-28) ; https://www.sec.gov/Archives/edgar/data/916365/000091636512000078/,종가 98.89 × 주식수 70436783,22
Tractor Supply,TSCO,2012Q3,2012-12-29,분기별 매출액,미확인,USD,미확인,https://www.sec.gov/Archives/edgar/data/916365/000091636513000006/,,22
Tractor Supply,TSCO,2012Q3,2012-12-29,분기별 영업이익,124776000,USD,계산(연간-3분기누적),https://www.sec.gov/Archives/edgar/data/916365/000091636513000006/ ; https://www.sec.gov/Archives/edgar/data/916365/000091636512000078/,연간 436792000 − 9개월누적 312016000 (OperatingIncomeLoss),22
Tractor Supply,TSCO,2012Q3,2012-12-29,분기별 당기순이익(지배),79487000,USD,계산(연간-3분기누적),https://www.sec.gov/Archives/edgar/data/916365/000091636513000006/ ; https://www.sec.gov/Archives/edgar/data/916365/000091636512000078/,연간 276457000 − 9개월누적 196970000 (NetIncomeLoss),22
Tractor Supply,TSCO,2012Q3,2012-12-29,분기별 영업활동현금흐름,222461000,USD,계산(누적차감),https://www.sec.gov/Archives/edgar/data/916365/000091636513000006/ ; https://www.sec.gov/Archives/edgar/data/916365/000091636512000078/,누적 378302000 − 직전누적 155841000 (시작 2012-01-01),22
Tractor Supply,TSCO,2012Q3,2012-12-29,분기말 자산총계,1706808000,USD,공시,https://www.sec.gov/Archives/edgar/data/916365/000091636513000006/,,22
Tractor Supply,TSCO,2012Q3,2012-12-29,분기말 부채총계,681834000,USD,공시,https://www.sec.gov/Archives/edgar/data/916365/000091636513000006/,,22
Tractor Supply,TSCO,2012Q3,2012-12-29,분기말 총자본(자기자본),1024974000,USD,공시(비지배 없음),https://www.sec.gov/Archives/edgar/data/916365/000091636513000006/,"StockholdersEquity, MinorityInterest 태그 없음",22
Tractor Supply,TSCO,2012Q3,2012-12-29,분기말 지배지분 자본,1024974000,USD,공시,https://www.sec.gov/Archives/edgar/data/916365/000091636513000006/,,22
Tractor Supply,TSCO,2012Q3,2012-12-28,분기말 종가,87.47,USD,API,https://query1.finance.yahoo.com/v8/finance/chart/TSCO?interval=1d&events=splits (2012-12-28),분할조정 종가 8.747 × 이후 분할계수 10,22
Tractor Supply,TSCO,2012Q3,2013-01-26,분기말 상장주식수,69208915,주,공시(표지 기준일),https://www.sec.gov/Archives/edgar/data/916365/000091636513000006/,dei:EntityCommonStockSharesOutstanding 클래스 합,22
Tractor Supply,TSCO,2012Q3,2012-12-28,분기말 시가총액,6053703795,USD,계산(종가×주식수),https://query1.finance.yahoo.com/v8/finance/chart/TSCO?interval=1d&events=splits (2012-12-28) ; https://www.sec.gov/Archives/edgar/data/916365/000091636513000006/,종가 87.47 × 주식수 69208915,22
Tractor Supply,TSCO,2012Q4,2013-03-30,분기별 매출액,미확인,USD,미확인,https://www.sec.gov/Archives/edgar/data/916365/000091636513000016/,,22
Tractor Supply,TSCO,2012Q4,2013-03-30,분기별 영업이익,67923000,USD,공시,https://www.sec.gov/Archives/edgar/data/916365/000091636513000016/,,22
Tractor Supply,TSCO,2012Q4,2013-03-30,분기별 당기순이익(지배),44006000,USD,공시,https://www.sec.gov/Archives/edgar/data/916365/000091636513000016/,,22
Tractor Supply,TSCO,2012Q4,2013-03-30,분기별 영업활동현금흐름,-95299000,USD,공시,https://www.sec.gov/Archives/edgar/data/916365/000091636513000016/,,22
Tractor Supply,TSCO,2012Q4,2013-03-30,분기말 자산총계,1881328000,USD,공시,https://www.sec.gov/Archives/edgar/data/916365/000091636513000016/,,22
Tractor Supply,TSCO,2012Q4,2013-03-30,분기말 부채총계,851102000,USD,공시,https://www.sec.gov/Archives/edgar/data/916365/000091636513000016/,,22
Tractor Supply,TSCO,2012Q4,2013-03-30,분기말 총자본(자기자본),1030226000,USD,공시(비지배 없음),https://www.sec.gov/Archives/edgar/data/916365/000091636513000016/,"StockholdersEquity, MinorityInterest 태그 없음",22
Tractor Supply,TSCO,2012Q4,2013-03-30,분기말 지배지분 자본,1030226000,USD,공시,https://www.sec.gov/Archives/edgar/data/916365/000091636513000016/,,22
Tractor Supply,TSCO,2012Q4,2013-03-28,분기말 종가,104.13,USD,API,https://query1.finance.yahoo.com/v8/finance/chart/TSCO?interval=1d&events=splits (2013-03-28),분할조정 종가 10.413 × 이후 분할계수 10,22
Tractor Supply,TSCO,2012Q4,2013-04-27,분기말 상장주식수,69788440,주,공시(표지 기준일),https://www.sec.gov/Archives/edgar/data/916365/000091636513000016/,dei:EntityCommonStockSharesOutstanding 클래스 합,22
Tractor Supply,TSCO,2012Q4,2013-03-28,분기말 시가총액,7267070257,USD,계산(종가×주식수),https://query1.finance.yahoo.com/v8/finance/chart/TSCO?interval=1d&events=splits (2013-03-28) ; https://www.sec.gov/Archives/edgar/data/916365/000091636513000016/,종가 104.13 × 주식수 69788440,22
Tractor Supply,TSCO,2013Q1,2013-06-29,분기별 매출액,미확인,USD,미확인,https://www.sec.gov/Archives/edgar/data/916365/000091636513000024/,,22
Tractor Supply,TSCO,2013Q1,2013-06-29,분기별 영업이익,197979000,USD,공시,https://www.sec.gov/Archives/edgar/data/916365/000091636513000024/,,22
Tractor Supply,TSCO,2013Q1,2013-06-29,분기별 당기순이익(지배),123580000,USD,공시,https://www.sec.gov/Archives/edgar/data/916365/000091636513000024/,,22
Tractor Supply,TSCO,2013Q1,2013-06-29,분기별 영업활동현금흐름,158122000,USD,계산(누적차감),https://www.sec.gov/Archives/edgar/data/916365/000091636513000024/ ; https://www.sec.gov/Archives/edgar/data/916365/000091636513000016/,누적 62823000 − 직전누적 -95299000 (시작 2012-12-30),22
Tractor Supply,TSCO,2013Q1,2013-06-29,분기말 자산총계,1846424000,USD,공시,https://www.sec.gov/Archives/edgar/data/916365/000091636513000024/,,22
Tractor Supply,TSCO,2013Q1,2013-06-29,분기말 부채총계,702677000,USD,공시,https://www.sec.gov/Archives/edgar/data/916365/000091636513000024/,,22
Tractor Supply,TSCO,2013Q1,2013-06-29,분기말 총자본(자기자본),1143747000,USD,공시(비지배 없음),https://www.sec.gov/Archives/edgar/data/916365/000091636513000024/,"StockholdersEquity, MinorityInterest 태그 없음",22
Tractor Supply,TSCO,2013Q1,2013-06-29,분기말 지배지분 자본,1143747000,USD,공시,https://www.sec.gov/Archives/edgar/data/916365/000091636513000024/,,22
Tractor Supply,TSCO,2013Q1,2013-06-28,분기말 종가,117.55,USD,API,https://query1.finance.yahoo.com/v8/finance/chart/TSCO?interval=1d&events=splits (2013-06-28),분할조정 종가 11.755 × 이후 분할계수 10,22
Tractor Supply,TSCO,2013Q1,2013-07-27,분기말 상장주식수,69808880,주,공시(표지 기준일),https://www.sec.gov/Archives/edgar/data/916365/000091636513000024/,dei:EntityCommonStockSharesOutstanding 클래스 합,22
Tractor Supply,TSCO,2013Q1,2013-06-28,분기말 시가총액,8206033844,USD,계산(종가×주식수),https://query1.finance.yahoo.com/v8/finance/chart/TSCO?interval=1d&events=splits (2013-06-28) ; https://www.sec.gov/Archives/edgar/data/916365/000091636513000024/,종가 117.55 × 주식수 69808880,22
Tractor Supply,TSCO,2013Q2,2013-09-28,분기별 매출액,미확인,USD,미확인,https://www.sec.gov/Archives/edgar/data/916365/000091636513000056/,,22
Tractor Supply,TSCO,2013Q2,2013-09-28,분기별 영업이익,101670000,USD,공시,https://www.sec.gov/Archives/edgar/data/916365/000091636513000056/,,22
Tractor Supply,TSCO,2013Q2,2013-09-28,분기별 당기순이익(지배),64767000,USD,공시,https://www.sec.gov/Archives/edgar/data/916365/000091636513000056/,,22
Tractor Supply,TSCO,2013Q2,2013-09-28,분기별 영업활동현금흐름,35787000,USD,계산(누적차감),https://www.sec.gov/Archives/edgar/data/916365/000091636513000056/ ; https://www.sec.gov/Archives/edgar/data/916365/000091636513000024/,누적 98610000 − 직전누적 62823000 (시작 2012-12-30),22
Tractor Supply,TSCO,2013Q2,2013-09-28,분기말 자산총계,1919306000,USD,공시,https://www.sec.gov/Archives/edgar/data/916365/000091636513000056/,,22
Tractor Supply,TSCO,2013Q2,2013-09-28,분기말 부채총계,734795000,USD,공시,https://www.sec.gov/Archives/edgar/data/916365/000091636513000056/,,22
Tractor Supply,TSCO,2013Q2,2013-09-28,분기말 총자본(자기자본),1184511000,USD,공시(비지배 없음),https://www.sec.gov/Archives/edgar/data/916365/000091636513000056/,"StockholdersEquity, MinorityInterest 태그 없음",22
Tractor Supply,TSCO,2013Q2,2013-09-28,분기말 지배지분 자본,1184511000,USD,공시,https://www.sec.gov/Archives/edgar/data/916365/000091636513000056/,,22
Tractor Supply,TSCO,2013Q2,2013-09-27,분기말 종가,66.4,USD,API,https://query1.finance.yahoo.com/v8/finance/chart/TSCO?interval=1d&events=splits (2013-09-27),분할조정 종가 13.28 × 이후 분할계수 5,22
Tractor Supply,TSCO,2013Q2,2013-10-26,분기말 상장주식수,139587064,주,공시(표지 기준일),https://www.sec.gov/Archives/edgar/data/916365/000091636513000056/,dei:EntityCommonStockSharesOutstanding 클래스 합,22
Tractor Supply,TSCO,2013Q2,2013-09-27,분기말 시가총액,9268581050,USD,계산(종가×주식수),https://query1.finance.yahoo.com/v8/finance/chart/TSCO?interval=1d&events=splits (2013-09-27) ; https://www.sec.gov/Archives/edgar/data/916365/000091636513000056/,종가 66.4 × 주식수 139587064,22
Tractor Supply,TSCO,2013Q3,,분기별 매출액,미확인,,미확인,해당 라벨 보고서 없음,,22
Tractor Supply,TSCO,2013Q3,,분기별 영업이익,미확인,,미확인,해당 라벨 보고서 없음,,22
Tractor Supply,TSCO,2013Q3,,분기별 당기순이익(지배),미확인,,미확인,해당 라벨 보고서 없음,,22
Tractor Supply,TSCO,2013Q3,,분기별 영업활동현금흐름,미확인,,미확인,해당 라벨 보고서 없음,,22
Tractor Supply,TSCO,2013Q3,,분기말 자산총계,미확인,,미확인,해당 라벨 보고서 없음,,22
Tractor Supply,TSCO,2013Q3,,분기말 부채총계,미확인,,미확인,해당 라벨 보고서 없음,,22
Tractor Supply,TSCO,2013Q3,,분기말 총자본(자기자본),미확인,,미확인,해당 라벨 보고서 없음,,22
Tractor Supply,TSCO,2013Q3,,분기말 지배지분 자본,미확인,,미확인,해당 라벨 보고서 없음,,22
Tractor Supply,TSCO,2013Q3,,분기말 종가,미확인,,미확인,해당 라벨 보고서 없음,,22
Tractor Supply,TSCO,2013Q3,,분기말 상장주식수,미확인,,미확인,해당 라벨 보고서 없음,,22
Tractor Supply,TSCO,2013Q3,,분기말 시가총액,미확인,,미확인,해당 라벨 보고서 없음,,22
Tractor Supply,TSCO,2013Q4,2014-02-19,분기별 매출액,미확인,USD,미확인,https://www.sec.gov/Archives/edgar/data/916365/000091636514000056/,,22
Tractor Supply,TSCO,2013Q4,2014-02-19,분기별 영업이익,미확인,USD,미확인,https://www.sec.gov/Archives/edgar/data/916365/000091636514000056/,,22
Tractor Supply,TSCO,2013Q4,2014-02-19,분기별 당기순이익(지배),미확인,USD,미확인,https://www.sec.gov/Archives/edgar/data/916365/000091636514000056/,,22
Tractor Supply,TSCO,2013Q4,2014-02-19,분기별 영업활동현금흐름,미확인,USD,미확인,https://www.sec.gov/Archives/edgar/data/916365/000091636514000056/,,22
Tractor Supply,TSCO,2013Q4,2014-02-19,분기말 자산총계,미확인,USD,미확인,https://www.sec.gov/Archives/edgar/data/916365/000091636514000056/,,22
Tractor Supply,TSCO,2013Q4,2014-02-19,분기말 부채총계,미확인,USD,미확인,https://www.sec.gov/Archives/edgar/data/916365/000091636514000056/,,22
Tractor Supply,TSCO,2013Q4,2014-02-19,분기말 총자본(자기자본),미확인,USD,미확인,https://www.sec.gov/Archives/edgar/data/916365/000091636514000056/,,22
Tractor Supply,TSCO,2013Q4,2014-02-19,분기말 지배지분 자본,미확인,USD,미확인,https://www.sec.gov/Archives/edgar/data/916365/000091636514000056/,,22
Tractor Supply,TSCO,2013Q4,2014-02-19,분기말 종가,65.62,USD,API,https://query1.finance.yahoo.com/v8/finance/chart/TSCO?interval=1d&events=splits (2014-02-19),분할조정 종가 13.124 × 이후 분할계수 5,22
Tractor Supply,TSCO,2013Q4,2014-01-25,분기말 상장주식수,139559289,주,공시(표지 기준일),https://www.sec.gov/Archives/edgar/data/916365/000091636514000056/,dei:EntityCommonStockSharesOutstanding 클래스 합,22
Tractor Supply,TSCO,2013Q4,2014-02-19,분기말 시가총액,9157880544,USD,계산(종가×주식수),https://query1.finance.yahoo.com/v8/finance/chart/TSCO?interval=1d&events=splits (2014-02-19) ; https://www.sec.gov/Archives/edgar/data/916365/000091636514000056/,종가 65.62 × 주식수 139559289,22
Tractor Supply,TSCO,2014Q1,2014-05-05,분기별 매출액,미확인,USD,미확인,https://www.sec.gov/Archives/edgar/data/916365/000091636514000103/,,22
Tractor Supply,TSCO,2014Q1,2014-05-05,분기별 영업이익,미확인,USD,미확인,https://www.sec.gov/Archives/edgar/data/916365/000091636514000103/,,22
Tractor Supply,TSCO,2014Q1,2014-05-05,분기별 당기순이익(지배),미확인,USD,미확인,https://www.sec.gov/Archives/edgar/data/916365/000091636514000103/,,22
Tractor Supply,TSCO,2014Q1,2014-05-05,분기별 영업활동현금흐름,미확인,USD,미확인,https://www.sec.gov/Archives/edgar/data/916365/000091636514000103/,,22
Tractor Supply,TSCO,2014Q1,2014-05-05,분기말 자산총계,미확인,USD,미확인,https://www.sec.gov/Archives/edgar/data/916365/000091636514000103/,,22
Tractor Supply,TSCO,2014Q1,2014-05-05,분기말 부채총계,미확인,USD,미확인,https://www.sec.gov/Archives/edgar/data/916365/000091636514000103/,,22
Tractor Supply,TSCO,2014Q1,2014-05-05,분기말 총자본(자기자본),미확인,USD,미확인,https://www.sec.gov/Archives/edgar/data/916365/000091636514000103/,,22
Tractor Supply,TSCO,2014Q1,2014-05-05,분기말 지배지분 자본,미확인,USD,미확인,https://www.sec.gov/Archives/edgar/data/916365/000091636514000103/,,22
Tractor Supply,TSCO,2014Q1,2014-05-05,분기말 종가,66.82,USD,API,https://query1.finance.yahoo.com/v8/finance/chart/TSCO?interval=1d&events=splits (2014-05-05),분할조정 종가 13.364 × 이후 분할계수 5,22
Tractor Supply,TSCO,2014Q1,2014-04-26,분기말 상장주식수,138492953,주,공시(표지 기준일),https://www.sec.gov/Archives/edgar/data/916365/000091636514000103/,dei:EntityCommonStockSharesOutstanding 클래스 합,22
Tractor Supply,TSCO,2014Q1,2014-05-05,분기말 시가총액,9254099119,USD,계산(종가×주식수),https://query1.finance.yahoo.com/v8/finance/chart/TSCO?interval=1d&events=splits (2014-05-05) ; https://www.sec.gov/Archives/edgar/data/916365/000091636514000103/,종가 66.82 × 주식수 138492953,22
Tractor Supply,TSCO,2014Q2,2014-08-04,분기별 매출액,미확인,USD,미확인,https://www.sec.gov/Archives/edgar/data/916365/000091636514000121/,,22
Tractor Supply,TSCO,2014Q2,2014-08-04,분기별 영업이익,미확인,USD,미확인,https://www.sec.gov/Archives/edgar/data/916365/000091636514000121/,,22
Tractor Supply,TSCO,2014Q2,2014-08-04,분기별 당기순이익(지배),미확인,USD,미확인,https://www.sec.gov/Archives/edgar/data/916365/000091636514000121/,,22
Tractor Supply,TSCO,2014Q2,2014-08-04,분기별 영업활동현금흐름,미확인,USD,미확인,https://www.sec.gov/Archives/edgar/data/916365/000091636514000121/,,22
Tractor Supply,TSCO,2014Q2,2014-08-04,분기말 자산총계,미확인,USD,미확인,https://www.sec.gov/Archives/edgar/data/916365/000091636514000121/,,22
Tractor Supply,TSCO,2014Q2,2014-08-04,분기말 부채총계,미확인,USD,미확인,https://www.sec.gov/Archives/edgar/data/916365/000091636514000121/,,22
Tractor Supply,TSCO,2014Q2,2014-08-04,분기말 총자본(자기자본),미확인,USD,미확인,https://www.sec.gov/Archives/edgar/data/916365/000091636514000121/,,22
Tractor Supply,TSCO,2014Q2,2014-08-04,분기말 지배지분 자본,미확인,USD,미확인,https://www.sec.gov/Archives/edgar/data/916365/000091636514000121/,,22
Tractor Supply,TSCO,2014Q2,2014-08-04,분기말 종가,61.81,USD,API,https://query1.finance.yahoo.com/v8/finance/chart/TSCO?interval=1d&events=splits (2014-08-04),분할조정 종가 12.362 × 이후 분할계수 5,22
Tractor Supply,TSCO,2014Q2,2014-07-26,분기말 상장주식수,137676558,주,공시(표지 기준일),https://www.sec.gov/Archives/edgar/data/916365/000091636514000121/,dei:EntityCommonStockSharesOutstanding 클래스 합,22
Tractor Supply,TSCO,2014Q2,2014-08-04,분기말 시가총액,8509788050,USD,계산(종가×주식수),https://query1.finance.yahoo.com/v8/finance/chart/TSCO?interval=1d&events=splits (2014-08-04) ; https://www.sec.gov/Archives/edgar/data/916365/000091636514000121/,종가 61.81 × 주식수 137676558,22
Tractor Supply,TSCO,2014Q3,2014-11-03,분기별 매출액,미확인,USD,미확인,https://www.sec.gov/Archives/edgar/data/916365/000091636514000143/,,22
Tractor Supply,TSCO,2014Q3,2014-11-03,분기별 영업이익,미확인,USD,미확인,https://www.sec.gov/Archives/edgar/data/916365/000091636514000143/,,22
Tractor Supply,TSCO,2014Q3,2014-11-03,분기별 당기순이익(지배),미확인,USD,미확인,https://www.sec.gov/Archives/edgar/data/916365/000091636514000143/,,22
Tractor Supply,TSCO,2014Q3,2014-11-03,분기별 영업활동현금흐름,미확인,USD,미확인,https://www.sec.gov/Archives/edgar/data/916365/000091636514000143/,,22
Tractor Supply,TSCO,2014Q3,2014-11-03,분기말 자산총계,미확인,USD,미확인,https://www.sec.gov/Archives/edgar/data/916365/000091636514000143/,,22
Tractor Supply,TSCO,2014Q3,2014-11-03,분기말 부채총계,미확인,USD,미확인,https://www.sec.gov/Archives/edgar/data/916365/000091636514000143/,,22
Tractor Supply,TSCO,2014Q3,2014-11-03,분기말 총자본(자기자본),미확인,USD,미확인,https://www.sec.gov/Archives/edgar/data/916365/000091636514000143/,,22
Tractor Supply,TSCO,2014Q3,2014-11-03,분기말 지배지분 자본,미확인,USD,미확인,https://www.sec.gov/Archives/edgar/data/916365/000091636514000143/,,22
Tractor Supply,TSCO,2014Q3,2014-11-03,분기말 종가,73.42,USD,API,https://query1.finance.yahoo.com/v8/finance/chart/TSCO?interval=1d&events=splits (2014-11-03),분할조정 종가 14.684 × 이후 분할계수 5,22
Tractor Supply,TSCO,2014Q3,2014-10-25,분기말 상장주식수,135938869,주,공시(표지 기준일),https://www.sec.gov/Archives/edgar/data/916365/000091636514000143/,dei:EntityCommonStockSharesOutstanding 클래스 합,22
Tractor Supply,TSCO,2014Q3,2014-11-03,분기말 시가총액,9980631762,USD,계산(종가×주식수),https://query1.finance.yahoo.com/v8/finance/chart/TSCO?interval=1d&events=splits (2014-11-03) ; https://www.sec.gov/Archives/edgar/data/916365/000091636514000143/,종가 73.42 × 주식수 135938869,22
Tractor Supply,TSCO,2014Q4,2014-12-27,분기별 매출액,미확인,USD,미확인,https://www.sec.gov/Archives/edgar/data/916365/000091636515000042/,,22
Tractor Supply,TSCO,2014Q4,2014-12-27,분기별 영업이익,미확인,USD,미확인,https://www.sec.gov/Archives/edgar/data/916365/000091636515000042/,,22
Tractor Supply,TSCO,2014Q4,2014-12-27,분기별 당기순이익(지배),미확인,USD,미확인,https://www.sec.gov/Archives/edgar/data/916365/000091636515000042/,,22
Tractor Supply,TSCO,2014Q4,2014-12-27,분기별 영업활동현금흐름,데이터 없음(직전 분기 누적 보고서 없음),USD,데이터 없음(직전 보고서 없음),https://www.sec.gov/Archives/edgar/data/916365/000091636515000042/,,22
Tractor Supply,TSCO,2014Q4,2014-12-27,분기말 자산총계,2034571000,USD,공시,https://www.sec.gov/Archives/edgar/data/916365/000091636515000042/,,22
Tractor Supply,TSCO,2014Q4,2014-12-27,분기말 부채총계,741010000,USD,공시,https://www.sec.gov/Archives/edgar/data/916365/000091636515000042/,,22
Tractor Supply,TSCO,2014Q4,2014-12-27,분기말 총자본(자기자본),1293561000,USD,공시(비지배 없음),https://www.sec.gov/Archives/edgar/data/916365/000091636515000042/,"StockholdersEquity, MinorityInterest 태그 없음",22
Tractor Supply,TSCO,2014Q4,2014-12-27,분기말 지배지분 자본,1293561000,USD,공시,https://www.sec.gov/Archives/edgar/data/916365/000091636515000042/,,22
Tractor Supply,TSCO,2014Q4,2014-12-26,분기말 종가,77.92,USD,API,https://query1.finance.yahoo.com/v8/finance/chart/TSCO?interval=1d&events=splits (2014-12-26),분할조정 종가 15.584 × 이후 분할계수 5,22
Tractor Supply,TSCO,2014Q4,2015-01-24,분기말 상장주식수,136194193,주,공시(표지 기준일),https://www.sec.gov/Archives/edgar/data/916365/000091636515000042/,dei:EntityCommonStockSharesOutstanding 클래스 합,22
Tractor Supply,TSCO,2014Q4,2014-12-26,분기말 시가총액,10612251519,USD,계산(종가×주식수),https://query1.finance.yahoo.com/v8/finance/chart/TSCO?interval=1d&events=splits (2014-12-26) ; https://www.sec.gov/Archives/edgar/data/916365/000091636515000042/,종가 77.92 × 주식수 136194193,22
Tractor Supply,TSCO,2015Q1,2015-03-28,분기별 매출액,미확인,USD,미확인,https://www.sec.gov/Archives/edgar/data/916365/000091636515000078/,,22
Tractor Supply,TSCO,2015Q1,2015-03-28,분기별 영업이익,92847000,USD,공시,https://www.sec.gov/Archives/edgar/data/916365/000091636515000078/,,22
Tractor Supply,TSCO,2015Q1,2015-03-28,분기별 당기순이익(지배),58040000,USD,공시,https://www.sec.gov/Archives/edgar/data/916365/000091636515000078/,,22
Tractor Supply,TSCO,2015Q1,2015-03-28,분기별 영업활동현금흐름,36313000,USD,공시,https://www.sec.gov/Archives/edgar/data/916365/000091636515000078/,,22
Tractor Supply,TSCO,2015Q1,2015-03-28,분기말 자산총계,2322010000,USD,공시,https://www.sec.gov/Archives/edgar/data/916365/000091636515000078/,,22
Tractor Supply,TSCO,2015Q1,2015-03-28,분기말 부채총계,1007132000,USD,공시,https://www.sec.gov/Archives/edgar/data/916365/000091636515000078/,,22
Tractor Supply,TSCO,2015Q1,2015-03-28,분기말 총자본(자기자본),1314878000,USD,공시(비지배 없음),https://www.sec.gov/Archives/edgar/data/916365/000091636515000078/,"StockholdersEquity, MinorityInterest 태그 없음",22
Tractor Supply,TSCO,2015Q1,2015-03-28,분기말 지배지분 자본,1314878000,USD,공시,https://www.sec.gov/Archives/edgar/data/916365/000091636515000078/,,22
Tractor Supply,TSCO,2015Q1,2015-03-27,분기말 종가,86.17,USD,API,https://query1.finance.yahoo.com/v8/finance/chart/TSCO?interval=1d&events=splits (2015-03-27),분할조정 종가 17.234 × 이후 분할계수 5,22
Tractor Supply,TSCO,2015Q1,2015-04-25,분기말 상장주식수,136426761,주,공시(표지 기준일),https://www.sec.gov/Archives/edgar/data/916365/000091636515000078/,dei:EntityCommonStockSharesOutstanding 클래스 합,22
Tractor Supply,TSCO,2015Q1,2015-03-27,분기말 시가총액,11755893995,USD,계산(종가×주식수),https://query1.finance.yahoo.com/v8/finance/chart/TSCO?interval=1d&events=splits (2015-03-27) ; https://www.sec.gov/Archives/edgar/data/916365/000091636515000078/,종가 86.17 × 주식수 136426761,22
Tractor Supply,TSCO,2015Q2,2015-06-27,분기별 매출액,미확인,USD,미확인,https://www.sec.gov/Archives/edgar/data/916365/000091636515000093/,,22
Tractor Supply,TSCO,2015Q2,2015-06-27,분기별 영업이익,245165000,USD,공시,https://www.sec.gov/Archives/edgar/data/916365/000091636515000093/,,22
Tractor Supply,TSCO,2015Q2,2015-06-27,분기별 당기순이익(지배),153331000,USD,공시,https://www.sec.gov/Archives/edgar/data/916365/000091636515000093/,,22
Tractor Supply,TSCO,2015Q2,2015-06-27,분기별 영업활동현금흐름,197102000,USD,계산(누적차감),https://www.sec.gov/Archives/edgar/data/916365/000091636515000093/ ; https://www.sec.gov/Archives/edgar/data/916365/000091636515000078/,누적 233415000 − 직전누적 36313000 (시작 2014-12-28),22
Tractor Supply,TSCO,2015Q2,2015-06-27,분기말 자산총계,2271270000,USD,공시,https://www.sec.gov/Archives/edgar/data/916365/000091636515000093/,,22
Tractor Supply,TSCO,2015Q2,2015-06-27,분기말 부채총계,887823000,USD,공시,https://www.sec.gov/Archives/edgar/data/916365/000091636515000093/,,22
Tractor Supply,TSCO,2015Q2,2015-06-27,분기말 총자본(자기자본),1383447000,USD,공시(비지배 없음),https://www.sec.gov/Archives/edgar/data/916365/000091636515000093/,"StockholdersEquity, MinorityInterest 태그 없음",22
Tractor Supply,TSCO,2015Q2,2015-06-27,분기말 지배지분 자본,1383447000,USD,공시,https://www.sec.gov/Archives/edgar/data/916365/000091636515000093/,,22
Tractor Supply,TSCO,2015Q2,2015-06-26,분기말 종가,92.75,USD,API,https://query1.finance.yahoo.com/v8/finance/chart/TSCO?interval=1d&events=splits (2015-06-26),분할조정 종가 18.55 × 이후 분할계수 5,22
Tractor Supply,TSCO,2015Q2,2015-07-25,분기말 상장주식수,135819050,주,공시(표지 기준일),https://www.sec.gov/Archives/edgar/data/916365/000091636515000093/,dei:EntityCommonStockSharesOutstanding 클래스 합,22
Tractor Supply,TSCO,2015Q2,2015-06-26,분기말 시가총액,12597216888,USD,계산(종가×주식수),https://query1.finance.yahoo.com/v8/finance/chart/TSCO?interval=1d&events=splits (2015-06-26) ; https://www.sec.gov/Archives/edgar/data/916365/000091636515000093/,종가 92.75 × 주식수 135819050,22
Tractor Supply,TSCO,2015Q3,2015-09-26,분기별 매출액,미확인,USD,미확인,https://www.sec.gov/Archives/edgar/data/916365/000091636515000103/,,22
Tractor Supply,TSCO,2015Q3,2015-09-26,분기별 영업이익,139208000,USD,공시,https://www.sec.gov/Archives/edgar/data/916365/000091636515000103/,,22
Tractor Supply,TSCO,2015Q3,2015-09-26,분기별 당기순이익(지배),87312000,USD,공시,https://www.sec.gov/Archives/edgar/data/916365/000091636515000103/,,22
Tractor Supply,TSCO,2015Q3,2015-09-26,분기별 영업활동현금흐름,10039000,USD,계산(누적차감),https://www.sec.gov/Archives/edgar/data/916365/000091636515000103/ ; https://www.sec.gov/Archives/edgar/data/916365/000091636515000093/,누적 243454000 − 직전누적 233415000 (시작 2014-12-28),22
Tractor Supply,TSCO,2015Q3,2015-09-26,분기말 자산총계,2440586000,USD,공시,https://www.sec.gov/Archives/edgar/data/916365/000091636515000103/,,22
Tractor Supply,TSCO,2015Q3,2015-09-26,분기말 부채총계,1103326000,USD,공시,https://www.sec.gov/Archives/edgar/data/916365/000091636515000103/,,22
Tractor Supply,TSCO,2015Q3,2015-09-26,분기말 총자본(자기자본),1337260000,USD,공시(비지배 없음),https://www.sec.gov/Archives/edgar/data/916365/000091636515000103/,"StockholdersEquity, MinorityInterest 태그 없음",22
Tractor Supply,TSCO,2015Q3,2015-09-26,분기말 지배지분 자본,1337260000,USD,공시,https://www.sec.gov/Archives/edgar/data/916365/000091636515000103/,,22
Tractor Supply,TSCO,2015Q3,2015-09-25,분기말 종가,83.97,USD,API,https://query1.finance.yahoo.com/v8/finance/chart/TSCO?interval=1d&events=splits (2015-09-25),분할조정 종가 16.794 × 이후 분할계수 5,22
Tractor Supply,TSCO,2015Q3,2015-10-24,분기말 상장주식수,134333917,주,공시(표지 기준일),https://www.sec.gov/Archives/edgar/data/916365/000091636515000103/,dei:EntityCommonStockSharesOutstanding 클래스 합,22
Tractor Supply,TSCO,2015Q3,2015-09-25,분기말 시가총액,11280019010,USD,계산(종가×주식수),https://query1.finance.yahoo.com/v8/finance/chart/TSCO?interval=1d&events=splits (2015-09-25) ; https://www.sec.gov/Archives/edgar/data/916365/000091636515000103/,종가 83.97 × 주식수 134333917,22
Tractor Supply,TSCO,2015Q4,2015-12-26,분기별 매출액,미확인,USD,미확인,https://www.sec.gov/Archives/edgar/data/916365/000091636516000140/,,22
Tractor Supply,TSCO,2015Q4,2015-12-26,분기별 영업이익,173288000,USD,계산(연간-3분기누적),https://www.sec.gov/Archives/edgar/data/916365/000091636516000140/ ; https://www.sec.gov/Archives/edgar/data/916365/000091636515000103/,연간 650508000 − 9개월누적 477220000 (OperatingIncomeLoss),22
Tractor Supply,TSCO,2015Q4,2015-12-26,분기별 당기순이익(지배),111712000,USD,계산(연간-3분기누적),https://www.sec.gov/Archives/edgar/data/916365/000091636516000140/ ; https://www.sec.gov/Archives/edgar/data/916365/000091636515000103/,연간 410395000 − 9개월누적 298683000 (NetIncomeLoss),22
Tractor Supply,TSCO,2015Q4,2015-12-26,분기별 영업활동현금흐름,212758000,USD,계산(누적차감)(재작성 반영),https://www.sec.gov/Archives/edgar/data/916365/000091636518000031/ ; https://www.sec.gov/Archives/edgar/data/916365/000091636515000103/,누적 456212000 − 직전누적 243454000 (시작 2014-12-28) ; 원 공시 185726000 (https://www.sec.gov/Archives/edgar/data/916365/000091636516000140/ ; https://www.sec.gov/Archives/edgar/data/916365/000091636515000103/),22
Tractor Supply,TSCO,2015Q4,2015-12-26,분기말 자산총계,2370826000,USD,공시,https://www.sec.gov/Archives/edgar/data/916365/000091636516000140/,,22
Tractor Supply,TSCO,2015Q4,2015-12-26,분기말 부채총계,977532000,USD,공시,https://www.sec.gov/Archives/edgar/data/916365/000091636516000140/,,22
Tractor Supply,TSCO,2015Q4,2015-12-26,분기말 총자본(자기자본),1393294000,USD,공시(비지배 없음),https://www.sec.gov/Archives/edgar/data/916365/000091636516000140/,"StockholdersEquity, MinorityInterest 태그 없음",22
Tractor Supply,TSCO,2015Q4,2015-12-26,분기말 지배지분 자본,1393294000,USD,공시,https://www.sec.gov/Archives/edgar/data/916365/000091636516000140/,,22
Tractor Supply,TSCO,2015Q4,2015-12-24,분기말 종가,85.67,USD,API,https://query1.finance.yahoo.com/v8/finance/chart/TSCO?interval=1d&events=splits (2015-12-24),분할조정 종가 17.134 × 이후 분할계수 5,22
Tractor Supply,TSCO,2015Q4,2016-01-23,분기말 상장주식수,133740424,주,공시(표지 기준일),https://www.sec.gov/Archives/edgar/data/916365/000091636516000140/,dei:EntityCommonStockSharesOutstanding 클래스 합,22
Tractor Supply,TSCO,2015Q4,2015-12-24,분기말 시가총액,11457542124,USD,계산(종가×주식수),https://query1.finance.yahoo.com/v8/finance/chart/TSCO?interval=1d&events=splits (2015-12-24) ; https://www.sec.gov/Archives/edgar/data/916365/000091636516000140/,종가 85.67 × 주식수 133740424,22
Tractor Supply,TSCO,2016Q1,2016-03-26,분기별 매출액,미확인,USD,미확인,https://www.sec.gov/Archives/edgar/data/916365/000091636516000178/,,22
Tractor Supply,TSCO,2016Q1,2016-03-26,분기별 영업이익,108195000,USD,공시,https://www.sec.gov/Archives/edgar/data/916365/000091636516000178/,,22
Tractor Supply,TSCO,2016Q1,2016-03-26,분기별 당기순이익(지배),67668000,USD,공시,https://www.sec.gov/Archives/edgar/data/916365/000091636516000178/,,22
Tractor Supply,TSCO,2016Q1,2016-03-26,분기별 영업활동현금흐름,65644000,USD,공시(재작성 반영),https://www.sec.gov/Archives/edgar/data/916365/000091636517000060/,원 공시 62554000 (https://www.sec.gov/Archives/edgar/data/916365/000091636516000178/),22
Tractor Supply,TSCO,2016Q1,2016-03-26,분기말 자산총계,2564528000,USD,공시,https://www.sec.gov/Archives/edgar/data/916365/000091636516000178/,,22
Tractor Supply,TSCO,2016Q1,2016-03-26,분기말 부채총계,1211825000,USD,공시,https://www.sec.gov/Archives/edgar/data/916365/000091636516000178/,,22
Tractor Supply,TSCO,2016Q1,2016-03-26,분기말 총자본(자기자본),1352703000,USD,공시(비지배 없음),https://www.sec.gov/Archives/edgar/data/916365/000091636516000178/,"StockholdersEquity, MinorityInterest 태그 없음",22
Tractor Supply,TSCO,2016Q1,2016-03-26,분기말 지배지분 자본,1352703000,USD,공시,https://www.sec.gov/Archives/edgar/data/916365/000091636516000178/,,22
Tractor Supply,TSCO,2016Q1,2016-03-24,분기말 종가,88.7,USD,API,https://query1.finance.yahoo.com/v8/finance/chart/TSCO?interval=1d&events=splits (2016-03-24),분할조정 종가 17.74 × 이후 분할계수 5,22
Tractor Supply,TSCO,2016Q1,2016-04-23,분기말 상장주식수,133426962,주,공시(표지 기준일),https://www.sec.gov/Archives/edgar/data/916365/000091636516000178/,dei:EntityCommonStockSharesOutstanding 클래스 합,22
Tractor Supply,TSCO,2016Q1,2016-03-24,분기말 시가총액,11834971529,USD,계산(종가×주식수),https://query1.finance.yahoo.com/v8/finance/chart/TSCO?interval=1d&events=splits (2016-03-24) ; https://www.sec.gov/Archives/edgar/data/916365/000091636516000178/,종가 88.7 × 주식수 133426962,22
Tractor Supply,TSCO,2016Q2,2016-06-25,분기별 매출액,미확인,USD,미확인,https://www.sec.gov/Archives/edgar/data/916365/000091636516000193/,,22
Tractor Supply,TSCO,2016Q2,2016-06-25,분기별 영업이익,249249000,USD,공시,https://www.sec.gov/Archives/edgar/data/916365/000091636516000193/,,22
Tractor Supply,TSCO,2016Q2,2016-06-25,분기별 당기순이익(지배),156425000,USD,공시,https://www.sec.gov/Archives/edgar/data/916365/000091636516000193/,,22
Tractor Supply,TSCO,2016Q2,2016-06-25,분기별 영업활동현금흐름,212554000,USD,계산(누적차감)(재작성 반영),https://www.sec.gov/Archives/edgar/data/916365/000091636517000092/ ; https://www.sec.gov/Archives/edgar/data/916365/000091636517000060/,누적 278198000 − 직전누적 65644000 (시작 2015-12-27) ; 원 공시 205362000 (https://www.sec.gov/Archives/edgar/data/916365/000091636516000193/ ; https://www.sec.gov/Archives/edgar/data/916365/000091636516000178/),22
Tractor Supply,TSCO,2016Q2,2016-06-25,분기말 자산총계,2578766000,USD,공시,https://www.sec.gov/Archives/edgar/data/916365/000091636516000193/,,22
Tractor Supply,TSCO,2016Q2,2016-06-25,분기말 부채총계,1076837000,USD,공시,https://www.sec.gov/Archives/edgar/data/916365/000091636516000193/,,22
Tractor Supply,TSCO,2016Q2,2016-06-25,분기말 총자본(자기자본),1501929000,USD,공시(비지배 없음),https://www.sec.gov/Archives/edgar/data/916365/000091636516000193/,"StockholdersEquity, MinorityInterest 태그 없음",22
Tractor Supply,TSCO,2016Q2,2016-06-25,분기말 지배지분 자본,1501929000,USD,공시,https://www.sec.gov/Archives/edgar/data/916365/000091636516000193/,,22
Tractor Supply,TSCO,2016Q2,2016-06-24,분기말 종가,91.81,USD,API,https://query1.finance.yahoo.com/v8/finance/chart/TSCO?interval=1d&events=splits (2016-06-24),분할조정 종가 18.362 × 이후 분할계수 5,22
Tractor Supply,TSCO,2016Q2,2016-07-23,분기말 상장주식수,133664784,주,공시(표지 기준일),https://www.sec.gov/Archives/edgar/data/916365/000091636516000193/,dei:EntityCommonStockSharesOutstanding 클래스 합,22
Tractor Supply,TSCO,2016Q2,2016-06-24,분기말 시가총액,12271763819,USD,계산(종가×주식수),https://query1.finance.yahoo.com/v8/finance/chart/TSCO?interval=1d&events=splits (2016-06-24) ; https://www.sec.gov/Archives/edgar/data/916365/000091636516000193/,종가 91.81 × 주식수 133664784,22
Tractor Supply,TSCO,2016Q3,2016-09-24,분기별 매출액,미확인,USD,미확인,https://www.sec.gov/Archives/edgar/data/916365/000091636516000207/,,22
Tractor Supply,TSCO,2016Q3,2016-09-24,분기별 영업이익,142020000,USD,공시,https://www.sec.gov/Archives/edgar/data/916365/000091636516000207/,,22
Tractor Supply,TSCO,2016Q3,2016-09-24,분기별 당기순이익(지배),89444000,USD,공시,https://www.sec.gov/Archives/edgar/data/916365/000091636516000207/,,22
Tractor Supply,TSCO,2016Q3,2016-09-24,분기별 영업활동현금흐름,7437000,USD,계산(누적차감)(재작성 반영),https://www.sec.gov/Archives/edgar/data/916365/000091636517000109/ ; https://www.sec.gov/Archives/edgar/data/916365/000091636517000092/,누적 285635000 − 직전누적 278198000 (시작 2015-12-27) ; 원 공시 6082000 (https://www.sec.gov/Archives/edgar/data/916365/000091636516000207/ ; https://www.sec.gov/Archives/edgar/data/916365/000091636516000193/),22
Tractor Supply,TSCO,2016Q3,2016-09-24,분기말 자산총계,2635733000,USD,공시,https://www.sec.gov/Archives/edgar/data/916365/000091636516000207/,,22
Tractor Supply,TSCO,2016Q3,2016-09-24,분기말 부채총계,1170993000,USD,공시,https://www.sec.gov/Archives/edgar/data/916365/000091636516000207/,,22
Tractor Supply,TSCO,2016Q3,2016-09-24,분기말 총자본(자기자본),1464740000,USD,공시(비지배 없음),https://www.sec.gov/Archives/edgar/data/916365/000091636516000207/,"StockholdersEquity, MinorityInterest 태그 없음",22
Tractor Supply,TSCO,2016Q3,2016-09-24,분기말 지배지분 자본,1464740000,USD,공시,https://www.sec.gov/Archives/edgar/data/916365/000091636516000207/,,22
Tractor Supply,TSCO,2016Q3,2016-09-23,분기말 종가,68.36,USD,API,https://query1.finance.yahoo.com/v8/finance/chart/TSCO?interval=1d&events=splits (2016-09-23),분할조정 종가 13.672 × 이후 분할계수 5,22
Tractor Supply,TSCO,2016Q3,2016-10-22,분기말 상장주식수,131249687,주,공시(표지 기준일),https://www.sec.gov/Archives/edgar/data/916365/000091636516000207/,dei:EntityCommonStockSharesOutstanding 클래스 합,22
Tractor Supply,TSCO,2016Q3,2016-09-23,분기말 시가총액,8972228603,USD,계산(종가×주식수),https://query1.finance.yahoo.com/v8/finance/chart/TSCO?interval=1d&events=splits (2016-09-23) ; https://www.sec.gov/Archives/edgar/data/916365/000091636516000207/,종가 68.36 × 주식수 131249687,22
Tractor Supply,TSCO,2016Q4,2016-12-31,분기별 매출액,미확인,USD,미확인,https://www.sec.gov/Archives/edgar/data/916365/000091636517000031/,,22
Tractor Supply,TSCO,2016Q4,2016-12-31,분기별 영업이익,194616000,USD,계산(연간-3분기누적),https://www.sec.gov/Archives/edgar/data/916365/000091636517000031/ ; https://www.sec.gov/Archives/edgar/data/916365/000091636516000207/,연간 694080000 − 9개월누적 499464000 (OperatingIncomeLoss),22
Tractor Supply,TSCO,2016Q4,2016-12-31,분기별 당기순이익(지배),123583000,USD,계산(연간-3분기누적),https://www.sec.gov/Archives/edgar/data/916365/000091636517000031/ ; https://www.sec.gov/Archives/edgar/data/916365/000091636516000207/,연간 437120000 − 9개월누적 313537000 (NetIncomeLoss),22
Tractor Supply,TSCO,2016Q4,2016-12-31,분기별 영업활동현금흐름,365076000,USD,계산(누적차감)(재작성 반영),https://www.sec.gov/Archives/edgar/data/916365/000091636519000035/ ; https://www.sec.gov/Archives/edgar/data/916365/000091636517000109/,누적 650711000 − 직전누적 285635000 (시작 2015-12-27) ; 원 공시 365042000 (https://www.sec.gov/Archives/edgar/data/916365/000091636517000031/ ; https://www.sec.gov/Archives/edgar/data/916365/000091636516000207/),22
Tractor Supply,TSCO,2016Q4,2016-12-31,분기말 자산총계,2674942000,USD,공시,https://www.sec.gov/Archives/edgar/data/916365/000091636517000031/,,22
Tractor Supply,TSCO,2016Q4,2016-12-31,분기말 부채총계,1221724000,USD,공시,https://www.sec.gov/Archives/edgar/data/916365/000091636517000031/,,22
Tractor Supply,TSCO,2016Q4,2016-12-31,분기말 총자본(자기자본),1453218000,USD,공시(비지배 없음),https://www.sec.gov/Archives/edgar/data/916365/000091636517000031/,"StockholdersEquity, MinorityInterest 태그 없음",22
Tractor Supply,TSCO,2016Q4,2016-12-31,분기말 지배지분 자본,1453218000,USD,공시,https://www.sec.gov/Archives/edgar/data/916365/000091636517000031/,,22
Tractor Supply,TSCO,2016Q4,2016-12-30,분기말 종가,75.81,USD,API,https://query1.finance.yahoo.com/v8/finance/chart/TSCO?interval=1d&events=splits (2016-12-30),분할조정 종가 15.162 × 이후 분할계수 5,22
Tractor Supply,TSCO,2016Q4,2017-01-28,분기말 상장주식수,130725876,주,공시(표지 기준일),https://www.sec.gov/Archives/edgar/data/916365/000091636517000031/,dei:EntityCommonStockSharesOutstanding 클래스 합,22
Tractor Supply,TSCO,2016Q4,2016-12-30,분기말 시가총액,9910328660,USD,계산(종가×주식수),https://query1.finance.yahoo.com/v8/finance/chart/TSCO?interval=1d&events=splits (2016-12-30) ; https://www.sec.gov/Archives/edgar/data/916365/000091636517000031/,종가 75.81 × 주식수 130725876,22
Tractor Supply,TSCO,2017Q1,2017-04-01,분기별 매출액,미확인,USD,미확인,https://www.sec.gov/Archives/edgar/data/916365/000091636517000060/,,22
Tractor Supply,TSCO,2017Q1,2017-04-01,분기별 영업이익,96362000,USD,공시,https://www.sec.gov/Archives/edgar/data/916365/000091636517000060/,,22
Tractor Supply,TSCO,2017Q1,2017-04-01,분기별 당기순이익(지배),60311000,USD,공시,https://www.sec.gov/Archives/edgar/data/916365/000091636517000060/,,22
Tractor Supply,TSCO,2017Q1,2017-04-01,분기별 영업활동현금흐름,-141658000,USD,공시,https://www.sec.gov/Archives/edgar/data/916365/000091636517000060/,,22
Tractor Supply,TSCO,2017Q1,2017-04-01,분기말 자산총계,2976402000,USD,공시,https://www.sec.gov/Archives/edgar/data/916365/000091636517000060/,,22
Tractor Supply,TSCO,2017Q1,2017-04-01,분기말 부채총계,1596904000,USD,공시,https://www.sec.gov/Archives/edgar/data/916365/000091636517000060/,,22
Tractor Supply,TSCO,2017Q1,2017-04-01,분기말 총자본(자기자본),1379498000,USD,공시(비지배 없음),https://www.sec.gov/Archives/edgar/data/916365/000091636517000060/,"StockholdersEquity, MinorityInterest 태그 없음",22
Tractor Supply,TSCO,2017Q1,2017-04-01,분기말 지배지분 자본,1379498000,USD,공시,https://www.sec.gov/Archives/edgar/data/916365/000091636517000060/,,22
Tractor Supply,TSCO,2017Q1,2017-03-31,분기말 종가,68.97,USD,API,https://query1.finance.yahoo.com/v8/finance/chart/TSCO?interval=1d&events=splits (2017-03-31),분할조정 종가 13.794 × 이후 분할계수 5,22
Tractor Supply,TSCO,2017Q1,2017-04-29,분기말 상장주식수,128564140,주,공시(표지 기준일),https://www.sec.gov/Archives/edgar/data/916365/000091636517000060/,dei:EntityCommonStockSharesOutstanding 클래스 합,22
Tractor Supply,TSCO,2017Q1,2017-03-31,분기말 시가총액,8867068736,USD,계산(종가×주식수),https://query1.finance.yahoo.com/v8/finance/chart/TSCO?interval=1d&events=splits (2017-03-31) ; https://www.sec.gov/Archives/edgar/data/916365/000091636517000060/,종가 68.97 × 주식수 128564140,22
Tractor Supply,TSCO,2017Q2,2017-07-01,분기별 매출액,미확인,USD,미확인,https://www.sec.gov/Archives/edgar/data/916365/000091636517000092/,,22
Tractor Supply,TSCO,2017Q2,2017-07-01,분기별 영업이익,257925000,USD,공시,https://www.sec.gov/Archives/edgar/data/916365/000091636517000092/,,22
Tractor Supply,TSCO,2017Q2,2017-07-01,분기별 당기순이익(지배),160649000,USD,공시,https://www.sec.gov/Archives/edgar/data/916365/000091636517000092/,,22
Tractor Supply,TSCO,2017Q2,2017-07-01,분기별 영업활동현금흐름,369166000,USD,계산(누적차감),https://www.sec.gov/Archives/edgar/data/916365/000091636517000092/ ; https://www.sec.gov/Archives/edgar/data/916365/000091636517000060/,누적 227508000 − 직전누적 -141658000 (시작 2017-01-01),22
Tractor Supply,TSCO,2017Q2,2017-07-01,분기말 자산총계,2815572000,USD,공시,https://www.sec.gov/Archives/edgar/data/916365/000091636517000092/,,22
Tractor Supply,TSCO,2017Q2,2017-07-01,분기말 부채총계,1433006000,USD,공시,https://www.sec.gov/Archives/edgar/data/916365/000091636517000092/,,22
Tractor Supply,TSCO,2017Q2,2017-07-01,분기말 총자본(자기자본),1382566000,USD,공시(비지배 없음),https://www.sec.gov/Archives/edgar/data/916365/000091636517000092/,"StockholdersEquity, MinorityInterest 태그 없음",22
Tractor Supply,TSCO,2017Q2,2017-07-01,분기말 지배지분 자본,1382566000,USD,공시,https://www.sec.gov/Archives/edgar/data/916365/000091636517000092/,,22
Tractor Supply,TSCO,2017Q2,2017-06-30,분기말 종가,54.21,USD,API,https://query1.finance.yahoo.com/v8/finance/chart/TSCO?interval=1d&events=splits (2017-06-30),분할조정 종가 10.842 × 이후 분할계수 5,22
Tractor Supply,TSCO,2017Q2,2017-07-29,분기말 상장주식수,126695953,주,공시(표지 기준일),https://www.sec.gov/Archives/edgar/data/916365/000091636517000092/,dei:EntityCommonStockSharesOutstanding 클래스 합,22
Tractor Supply,TSCO,2017Q2,2017-06-30,분기말 시가총액,6868187612,USD,계산(종가×주식수),https://query1.finance.yahoo.com/v8/finance/chart/TSCO?interval=1d&events=splits (2017-06-30) ; https://www.sec.gov/Archives/edgar/data/916365/000091636517000092/,종가 54.21 × 주식수 126695953,22
Tractor Supply,TSCO,2017Q3,2017-09-30,분기별 매출액,미확인,USD,미확인,https://www.sec.gov/Archives/edgar/data/916365/000091636517000109/,,22
Tractor Supply,TSCO,2017Q3,2017-09-30,분기별 영업이익,148253000,USD,공시,https://www.sec.gov/Archives/edgar/data/916365/000091636517000109/,,22
Tractor Supply,TSCO,2017Q3,2017-09-30,분기별 당기순이익(지배),91896000,USD,공시,https://www.sec.gov/Archives/edgar/data/916365/000091636517000109/,,22
Tractor Supply,TSCO,2017Q3,2017-09-30,분기별 영업활동현금흐름,113454000,USD,계산(누적차감),https://www.sec.gov/Archives/edgar/data/916365/000091636517000109/ ; https://www.sec.gov/Archives/edgar/data/916365/000091636517000092/,누적 340962000 − 직전누적 227508000 (시작 2017-01-01),22
Tractor Supply,TSCO,2017Q3,2017-09-30,분기말 자산총계,2928351000,USD,공시,https://www.sec.gov/Archives/edgar/data/916365/000091636517000109/,,22
Tractor Supply,TSCO,2017Q3,2017-09-30,분기말 부채총계,1556950000,USD,공시,https://www.sec.gov/Archives/edgar/data/916365/000091636517000109/,,22
Tractor Supply,TSCO,2017Q3,2017-09-30,분기말 총자본(자기자본),1371401000,USD,공시(비지배 없음),https://www.sec.gov/Archives/edgar/data/916365/000091636517000109/,"StockholdersEquity, MinorityInterest 태그 없음",22
Tractor Supply,TSCO,2017Q3,2017-09-30,분기말 지배지분 자본,1371401000,USD,공시,https://www.sec.gov/Archives/edgar/data/916365/000091636517000109/,,22
Tractor Supply,TSCO,2017Q3,2017-09-29,분기말 종가,63.29,USD,API,https://query1.finance.yahoo.com/v8/finance/chart/TSCO?interval=1d&events=splits (2017-09-29),분할조정 종가 12.658 × 이후 분할계수 5,22
Tractor Supply,TSCO,2017Q3,2017-10-28,분기말 상장주식수,125564364,주,공시(표지 기준일),https://www.sec.gov/Archives/edgar/data/916365/000091636517000109/,dei:EntityCommonStockSharesOutstanding 클래스 합,22
Tractor Supply,TSCO,2017Q3,2017-09-29,분기말 시가총액,7946968598,USD,계산(종가×주식수),https://query1.finance.yahoo.com/v8/finance/chart/TSCO?interval=1d&events=splits (2017-09-29) ; https://www.sec.gov/Archives/edgar/data/916365/000091636517000109/,종가 63.29 × 주식수 125564364,22
Tractor Supply,TSCO,2017Q4,2017-12-30,분기별 매출액,미확인,USD,미확인,https://www.sec.gov/Archives/edgar/data/916365/000091636518000031/,,22
Tractor Supply,TSCO,2017Q4,2017-12-30,분기별 영업이익,183842000,USD,계산(연간-3분기누적),https://www.sec.gov/Archives/edgar/data/916365/000091636518000031/ ; https://www.sec.gov/Archives/edgar/data/916365/000091636517000109/,연간 686382000 − 9개월누적 502540000 (OperatingIncomeLoss),22
Tractor Supply,TSCO,2017Q4,2017-12-30,분기별 당기순이익(지배),109743000,USD,계산(연간-3분기누적),https://www.sec.gov/Archives/edgar/data/916365/000091636518000031/ ; https://www.sec.gov/Archives/edgar/data/916365/000091636517000109/,연간 422599000 − 9개월누적 312856000 (NetIncomeLoss),22
Tractor Supply,TSCO,2017Q4,2017-12-30,분기별 영업활동현금흐름,290488000,USD,계산(누적차감),https://www.sec.gov/Archives/edgar/data/916365/000091636518000031/ ; https://www.sec.gov/Archives/edgar/data/916365/000091636517000109/,누적 631450000 − 직전누적 340962000 (시작 2017-01-01),22
Tractor Supply,TSCO,2017Q4,2017-12-30,분기말 자산총계,2868769000,USD,공시,https://www.sec.gov/Archives/edgar/data/916365/000091636518000031/,,22
Tractor Supply,TSCO,2017Q4,2017-12-30,분기말 부채총계,1450096000,USD,공시,https://www.sec.gov/Archives/edgar/data/916365/000091636518000031/,,22
Tractor Supply,TSCO,2017Q4,2017-12-30,분기말 총자본(자기자본),1418673000,USD,공시(비지배 없음),https://www.sec.gov/Archives/edgar/data/916365/000091636518000031/,"StockholdersEquity, MinorityInterest 태그 없음",22
Tractor Supply,TSCO,2017Q4,2017-12-30,분기말 지배지분 자본,1418673000,USD,공시,https://www.sec.gov/Archives/edgar/data/916365/000091636518000031/,,22
Tractor Supply,TSCO,2017Q4,2017-12-29,분기말 종가,74.75,USD,API,https://query1.finance.yahoo.com/v8/finance/chart/TSCO?interval=1d&events=splits (2017-12-29),분할조정 종가 14.95 × 이후 분할계수 5,22
Tractor Supply,TSCO,2017Q4,2018-01-27,분기말 상장주식수,125116910,주,공시(표지 기준일),https://www.sec.gov/Archives/edgar/data/916365/000091636518000031/,dei:EntityCommonStockSharesOutstanding 클래스 합,22
Tractor Supply,TSCO,2017Q4,2017-12-29,분기말 시가총액,9352489022,USD,계산(종가×주식수),https://query1.finance.yahoo.com/v8/finance/chart/TSCO?interval=1d&events=splits (2017-12-29) ; https://www.sec.gov/Archives/edgar/data/916365/000091636518000031/,종가 74.75 × 주식수 125116910,22
Tractor Supply,TSCO,2018Q1,2018-03-31,분기별 매출액,1682901000,USD,공시(후속 보고서 비교기간),https://www.sec.gov/Archives/edgar/data/916365/000091636519000085/,Revenues ; 그 분기 보고서에 연결 총계가 없어 2019-05-09 제출본의 비교기간에서 읽었다,22
Tractor Supply,TSCO,2018Q1,2018-03-31,분기별 영업이익,94749000,USD,공시,https://www.sec.gov/Archives/edgar/data/916365/000091636518000049/,,22
Tractor Supply,TSCO,2018Q1,2018-03-31,분기별 당기순이익(지배),71433000,USD,공시,https://www.sec.gov/Archives/edgar/data/916365/000091636518000049/,,22
Tractor Supply,TSCO,2018Q1,2018-03-31,분기별 영업활동현금흐름,-21863000,USD,공시,https://www.sec.gov/Archives/edgar/data/916365/000091636518000049/,,22
Tractor Supply,TSCO,2018Q1,2018-03-31,분기말 자산총계,3207787000,USD,공시,https://www.sec.gov/Archives/edgar/data/916365/000091636518000049/,,22
Tractor Supply,TSCO,2018Q1,2018-03-31,분기말 부채총계,1894542000,USD,공시,https://www.sec.gov/Archives/edgar/data/916365/000091636518000049/,,22
Tractor Supply,TSCO,2018Q1,2018-03-31,분기말 총자본(자기자본),1313245000,USD,공시(비지배 없음),https://www.sec.gov/Archives/edgar/data/916365/000091636518000049/,"StockholdersEquity, MinorityInterest 태그 없음",22
Tractor Supply,TSCO,2018Q1,2018-03-31,분기말 지배지분 자본,1313245000,USD,공시,https://www.sec.gov/Archives/edgar/data/916365/000091636518000049/,,22
Tractor Supply,TSCO,2018Q1,2018-03-29,분기말 종가,63.02,USD,API,https://query1.finance.yahoo.com/v8/finance/chart/TSCO?interval=1d&events=splits (2018-03-29),분할조정 종가 12.604 × 이후 분할계수 5,22
Tractor Supply,TSCO,2018Q1,2018-04-28,분기말 상장주식수,122050289,주,공시(표지 기준일),https://www.sec.gov/Archives/edgar/data/916365/000091636518000049/,dei:EntityCommonStockSharesOutstanding 클래스 합,22
Tractor Supply,TSCO,2018Q1,2018-03-29,분기말 시가총액,7691609213,USD,계산(종가×주식수),https://query1.finance.yahoo.com/v8/finance/chart/TSCO?interval=1d&events=splits (2018-03-29) ; https://www.sec.gov/Archives/edgar/data/916365/000091636518000049/,종가 63.02 × 주식수 122050289,22
Tractor Supply,TSCO,2018Q2,2018-06-30,분기별 매출액,2213249000,USD,공시(후속 보고서 비교기간),https://www.sec.gov/Archives/edgar/data/916365/000091636519000132/,Revenues ; 그 분기 보고서에 연결 총계가 없어 2019-08-08 제출본의 비교기간에서 읽었다,22
Tractor Supply,TSCO,2018Q2,2018-06-30,분기별 영업이익,273458000,USD,공시,https://www.sec.gov/Archives/edgar/data/916365/000091636518000093/,,22
Tractor Supply,TSCO,2018Q2,2018-06-30,분기별 당기순이익(지배),207289000,USD,공시,https://www.sec.gov/Archives/edgar/data/916365/000091636518000093/,,22
Tractor Supply,TSCO,2018Q2,2018-06-30,분기별 영업활동현금흐름,295877000,USD,계산(누적차감),https://www.sec.gov/Archives/edgar/data/916365/000091636518000093/ ; https://www.sec.gov/Archives/edgar/data/916365/000091636518000049/,누적 274014000 − 직전누적 -21863000 (시작 2017-12-31),22
Tractor Supply,TSCO,2018Q2,2018-06-30,분기말 자산총계,3067406000,USD,공시,https://www.sec.gov/Archives/edgar/data/916365/000091636518000093/,,22
Tractor Supply,TSCO,2018Q2,2018-06-30,분기말 부채총계,1661364000,USD,공시,https://www.sec.gov/Archives/edgar/data/916365/000091636518000093/,,22
Tractor Supply,TSCO,2018Q2,2018-06-30,분기말 총자본(자기자본),1406042000,USD,공시(비지배 없음),https://www.sec.gov/Archives/edgar/data/916365/000091636518000093/,"StockholdersEquity, MinorityInterest 태그 없음",22
Tractor Supply,TSCO,2018Q2,2018-06-30,분기말 지배지분 자본,1406042000,USD,공시,https://www.sec.gov/Archives/edgar/data/916365/000091636518000093/,,22
Tractor Supply,TSCO,2018Q2,2018-06-29,분기말 종가,76.49,USD,API,https://query1.finance.yahoo.com/v8/finance/chart/TSCO?interval=1d&events=splits (2018-06-29),분할조정 종가 15.298 × 이후 분할계수 5,22
Tractor Supply,TSCO,2018Q2,2018-07-28,분기말 상장주식수,121804677,주,공시(표지 기준일),https://www.sec.gov/Archives/edgar/data/916365/000091636518000093/,dei:EntityCommonStockSharesOutstanding 클래스 합,22
Tractor Supply,TSCO,2018Q2,2018-06-29,분기말 시가총액,9316839744,USD,계산(종가×주식수),https://query1.finance.yahoo.com/v8/finance/chart/TSCO?interval=1d&events=splits (2018-06-29) ; https://www.sec.gov/Archives/edgar/data/916365/000091636518000093/,종가 76.49 × 주식수 121804677,22
Tractor Supply,TSCO,2018Q3,2018-09-29,분기별 매출액,1881625000,USD,공시(후속 보고서 비교기간),https://www.sec.gov/Archives/edgar/data/916365/000091636519000155/,Revenues ; 그 분기 보고서에 연결 총계가 없어 2019-11-07 제출본의 비교기간에서 읽었다,22
Tractor Supply,TSCO,2018Q3,2018-09-29,분기별 영업이익,153148000,USD,공시,https://www.sec.gov/Archives/edgar/data/916365/000091636518000114/,,22
Tractor Supply,TSCO,2018Q3,2018-09-29,분기별 당기순이익(지배),116784000,USD,공시,https://www.sec.gov/Archives/edgar/data/916365/000091636518000114/,,22
Tractor Supply,TSCO,2018Q3,2018-09-29,분기별 영업활동현금흐름,79405000,USD,계산(누적차감),https://www.sec.gov/Archives/edgar/data/916365/000091636518000114/ ; https://www.sec.gov/Archives/edgar/data/916365/000091636518000093/,누적 353419000 − 직전누적 274014000 (시작 2017-12-31),22
Tractor Supply,TSCO,2018Q3,2018-09-29,분기말 자산총계,3220934000,USD,공시,https://www.sec.gov/Archives/edgar/data/916365/000091636518000114/,,22
Tractor Supply,TSCO,2018Q3,2018-09-29,분기말 부채총계,1725637000,USD,공시,https://www.sec.gov/Archives/edgar/data/916365/000091636518000114/,,22
Tractor Supply,TSCO,2018Q3,2018-09-29,분기말 총자본(자기자본),1495297000,USD,공시(비지배 없음),https://www.sec.gov/Archives/edgar/data/916365/000091636518000114/,"StockholdersEquity, MinorityInterest 태그 없음",22
Tractor Supply,TSCO,2018Q3,2018-09-29,분기말 지배지분 자본,1495297000,USD,공시,https://www.sec.gov/Archives/edgar/data/916365/000091636518000114/,,22
Tractor Supply,TSCO,2018Q3,2018-09-28,분기말 종가,90.88,USD,API,https://query1.finance.yahoo.com/v8/finance/chart/TSCO?interval=1d&events=splits (2018-09-28),분할조정 종가 18.176 × 이후 분할계수 5,22
Tractor Supply,TSCO,2018Q3,2018-10-27,분기말 상장주식수,122068054,주,공시(표지 기준일),https://www.sec.gov/Archives/edgar/data/916365/000091636518000114/,dei:EntityCommonStockSharesOutstanding 클래스 합,22
Tractor Supply,TSCO,2018Q3,2018-09-28,분기말 시가총액,11093544748,USD,계산(종가×주식수),https://query1.finance.yahoo.com/v8/finance/chart/TSCO?interval=1d&events=splits (2018-09-28) ; https://www.sec.gov/Archives/edgar/data/916365/000091636518000114/,종가 90.88 × 주식수 122068054,22
Tractor Supply,TSCO,2018Q4,2018-12-29,분기별 매출액,미확인,USD,미확인,https://www.sec.gov/Archives/edgar/data/916365/000091636519000035/,,22
Tractor Supply,TSCO,2018Q4,2018-12-29,분기별 영업이익,180382000,USD,계산(연간-3분기누적),https://www.sec.gov/Archives/edgar/data/916365/000091636519000035/ ; https://www.sec.gov/Archives/edgar/data/916365/000091636518000114/,연간 701737000 − 9개월누적 521355000 (OperatingIncomeLoss),22
Tractor Supply,TSCO,2018Q4,2018-12-29,분기별 당기순이익(지배),136851000,USD,계산(연간-3분기누적),https://www.sec.gov/Archives/edgar/data/916365/000091636519000035/ ; https://www.sec.gov/Archives/edgar/data/916365/000091636518000114/,연간 532357000 − 9개월누적 395506000 (NetIncomeLoss),22
Tractor Supply,TSCO,2018Q4,2018-12-29,분기별 영업활동현금흐름,340975000,USD,계산(누적차감),https://www.sec.gov/Archives/edgar/data/916365/000091636519000035/ ; https://www.sec.gov/Archives/edgar/data/916365/000091636518000114/,누적 694394000 − 직전누적 353419000 (시작 2017-12-31),22
Tractor Supply,TSCO,2018Q4,2018-12-29,분기말 자산총계,3085262000,USD,공시,https://www.sec.gov/Archives/edgar/data/916365/000091636519000035/,,22
Tractor Supply,TSCO,2018Q4,2018-12-29,분기말 부채총계,1523442000,USD,공시,https://www.sec.gov/Archives/edgar/data/916365/000091636519000035/,,22
Tractor Supply,TSCO,2018Q4,2018-12-29,분기말 총자본(자기자본),1561820000,USD,공시(비지배 없음),https://www.sec.gov/Archives/edgar/data/916365/000091636519000035/,"StockholdersEquity, MinorityInterest 태그 없음",22
Tractor Supply,TSCO,2018Q4,2018-12-29,분기말 지배지분 자본,1561820000,USD,공시,https://www.sec.gov/Archives/edgar/data/916365/000091636519000035/,,22
Tractor Supply,TSCO,2018Q4,2018-12-28,분기말 종가,83.21,USD,API,https://query1.finance.yahoo.com/v8/finance/chart/TSCO?interval=1d&events=splits (2018-12-28),분할조정 종가 16.642 × 이후 분할계수 5,22
Tractor Supply,TSCO,2018Q4,2019-01-26,분기말 상장주식수,121279792,주,공시(표지 기준일),https://www.sec.gov/Archives/edgar/data/916365/000091636519000035/,dei:EntityCommonStockSharesOutstanding 클래스 합,22
Tractor Supply,TSCO,2018Q4,2018-12-28,분기말 시가총액,10091691492,USD,계산(종가×주식수),https://query1.finance.yahoo.com/v8/finance/chart/TSCO?interval=1d&events=splits (2018-12-28) ; https://www.sec.gov/Archives/edgar/data/916365/000091636519000035/,종가 83.21 × 주식수 121279792,22
Tractor Supply,TSCO,2019Q1,2019-03-30,분기별 매출액,1822220000,USD,공시,https://www.sec.gov/Archives/edgar/data/916365/000091636519000085/,,22
Tractor Supply,TSCO,2019Q1,2019-03-30,분기별 영업이익,103408000,USD,공시,https://www.sec.gov/Archives/edgar/data/916365/000091636519000085/,,22
Tractor Supply,TSCO,2019Q1,2019-03-30,분기별 당기순이익(지배),76832000,USD,공시,https://www.sec.gov/Archives/edgar/data/916365/000091636519000085/,,22
Tractor Supply,TSCO,2019Q1,2019-03-30,분기별 영업활동현금흐름,-13024000,USD,공시,https://www.sec.gov/Archives/edgar/data/916365/000091636519000085/,,22
Tractor Supply,TSCO,2019Q1,2019-03-30,분기말 자산총계,5437201000,USD,공시,https://www.sec.gov/Archives/edgar/data/916365/000091636519000085/,,22
Tractor Supply,TSCO,2019Q1,2019-03-30,분기말 부채총계,3951625000,USD,공시,https://www.sec.gov/Archives/edgar/data/916365/000091636519000085/,,22
Tractor Supply,TSCO,2019Q1,2019-03-30,분기말 총자본(자기자본),1485576000,USD,공시(비지배 없음),https://www.sec.gov/Archives/edgar/data/916365/000091636519000085/,"StockholdersEquity, MinorityInterest 태그 없음",22
Tractor Supply,TSCO,2019Q1,2019-03-30,분기말 지배지분 자본,1485576000,USD,공시,https://www.sec.gov/Archives/edgar/data/916365/000091636519000085/,,22
Tractor Supply,TSCO,2019Q1,2019-03-29,분기말 종가,97.76,USD,API,https://query1.finance.yahoo.com/v8/finance/chart/TSCO?interval=1d&events=splits (2019-03-29),분할조정 종가 19.552 × 이후 분할계수 5,22
Tractor Supply,TSCO,2019Q1,2019-04-27,분기말 상장주식수,120641792,주,공시(표지 기준일),https://www.sec.gov/Archives/edgar/data/916365/000091636519000085/,dei:EntityCommonStockSharesOutstanding 클래스 합,22
Tractor Supply,TSCO,2019Q1,2019-03-29,분기말 시가총액,11793941586,USD,계산(종가×주식수),https://query1.finance.yahoo.com/v8/finance/chart/TSCO?interval=1d&events=splits (2019-03-29) ; https://www.sec.gov/Archives/edgar/data/916365/000091636519000085/,종가 97.76 × 주식수 120641792,22
Tractor Supply,TSCO,2019Q2,2019-06-29,분기별 매출액,2353782000,USD,공시,https://www.sec.gov/Archives/edgar/data/916365/000091636519000132/,,22
Tractor Supply,TSCO,2019Q2,2019-06-29,분기별 영업이익,287557000,USD,공시,https://www.sec.gov/Archives/edgar/data/916365/000091636519000132/,,22
Tractor Supply,TSCO,2019Q2,2019-06-29,분기별 당기순이익(지배),219210000,USD,공시,https://www.sec.gov/Archives/edgar/data/916365/000091636519000132/,,22
Tractor Supply,TSCO,2019Q2,2019-06-29,분기별 영업활동현금흐름,361898000,USD,계산(누적차감),https://www.sec.gov/Archives/edgar/data/916365/000091636519000132/ ; https://www.sec.gov/Archives/edgar/data/916365/000091636519000085/,누적 348874000 − 직전누적 -13024000 (시작 2018-12-30),22
Tractor Supply,TSCO,2019Q2,2019-06-29,분기말 자산총계,5312719000,USD,공시,https://www.sec.gov/Archives/edgar/data/916365/000091636519000132/,,22
Tractor Supply,TSCO,2019Q2,2019-06-29,분기말 부채총계,3767777000,USD,공시,https://www.sec.gov/Archives/edgar/data/916365/000091636519000132/,,22
Tractor Supply,TSCO,2019Q2,2019-06-29,분기말 총자본(자기자본),1544942000,USD,공시(비지배 없음),https://www.sec.gov/Archives/edgar/data/916365/000091636519000132/,"StockholdersEquity, MinorityInterest 태그 없음",22
Tractor Supply,TSCO,2019Q2,2019-06-29,분기말 지배지분 자본,1544942000,USD,공시,https://www.sec.gov/Archives/edgar/data/916365/000091636519000132/,,22
Tractor Supply,TSCO,2019Q2,2019-06-28,분기말 종가,108.8,USD,API,https://query1.finance.yahoo.com/v8/finance/chart/TSCO?interval=1d&events=splits (2019-06-28),분할조정 종가 21.76 × 이후 분할계수 5,22
Tractor Supply,TSCO,2019Q2,2019-07-27,분기말 상장주식수,119264959,주,공시(표지 기준일),https://www.sec.gov/Archives/edgar/data/916365/000091636519000132/,dei:EntityCommonStockSharesOutstanding 클래스 합,22
Tractor Supply,TSCO,2019Q2,2019-06-28,분기말 시가총액,12976027539,USD,계산(종가×주식수),https://query1.finance.yahoo.com/v8/finance/chart/TSCO?interval=1d&events=splits (2019-06-28) ; https://www.sec.gov/Archives/edgar/data/916365/000091636519000132/,종가 108.8 × 주식수 119264959,22
Tractor Supply,TSCO,2019Q3,2019-09-28,분기별 매출액,1984144000,USD,공시,https://www.sec.gov/Archives/edgar/data/916365/000091636519000155/,,22
Tractor Supply,TSCO,2019Q3,2019-09-28,분기별 영업이익,161817000,USD,공시,https://www.sec.gov/Archives/edgar/data/916365/000091636519000155/,,22
Tractor Supply,TSCO,2019Q3,2019-09-28,분기별 당기순이익(지배),122133000,USD,공시,https://www.sec.gov/Archives/edgar/data/916365/000091636519000155/,,22
Tractor Supply,TSCO,2019Q3,2019-09-28,분기별 영업활동현금흐름,65453000,USD,계산(누적차감),https://www.sec.gov/Archives/edgar/data/916365/000091636519000155/ ; https://www.sec.gov/Archives/edgar/data/916365/000091636519000132/,누적 414327000 − 직전누적 348874000 (시작 2018-12-30),22
Tractor Supply,TSCO,2019Q3,2019-09-28,분기말 자산총계,5429296000,USD,공시,https://www.sec.gov/Archives/edgar/data/916365/000091636519000155/,,22
Tractor Supply,TSCO,2019Q3,2019-09-28,분기말 부채총계,3937474000,USD,공시,https://www.sec.gov/Archives/edgar/data/916365/000091636519000155/,,22
Tractor Supply,TSCO,2019Q3,2019-09-28,분기말 총자본(자기자본),1491822000,USD,공시(비지배 없음),https://www.sec.gov/Archives/edgar/data/916365/000091636519000155/,"StockholdersEquity, MinorityInterest 태그 없음",22
Tractor Supply,TSCO,2019Q3,2019-09-28,분기말 지배지분 자본,1491822000,USD,공시,https://www.sec.gov/Archives/edgar/data/916365/000091636519000155/,,22
Tractor Supply,TSCO,2019Q3,2019-09-27,분기말 종가,89.01,USD,API,https://query1.finance.yahoo.com/v8/finance/chart/TSCO?interval=1d&events=splits (2019-09-27),분할조정 종가 17.802 × 이후 분할계수 5,22
Tractor Supply,TSCO,2019Q3,2019-10-26,분기말 상장주식수,118386226,주,공시(표지 기준일),https://www.sec.gov/Archives/edgar/data/916365/000091636519000155/,dei:EntityCommonStockSharesOutstanding 클래스 합,22
Tractor Supply,TSCO,2019Q3,2019-09-27,분기말 시가총액,10537557976,USD,계산(종가×주식수),https://query1.finance.yahoo.com/v8/finance/chart/TSCO?interval=1d&events=splits (2019-09-27) ; https://www.sec.gov/Archives/edgar/data/916365/000091636519000155/,종가 89.01 × 주식수 118386226,22
Tractor Supply,TSCO,2019Q4,2019-12-28,분기별 매출액,2191785000,USD,계산(연간-3분기누적),https://www.sec.gov/Archives/edgar/data/916365/000091636520000050/ ; https://www.sec.gov/Archives/edgar/data/916365/000091636519000155/,연간 8351931000 − 9개월누적 6160146000 (Revenues),22
Tractor Supply,TSCO,2019Q4,2019-12-28,분기별 영업이익,190438000,USD,계산(연간-3분기누적),https://www.sec.gov/Archives/edgar/data/916365/000091636520000050/ ; https://www.sec.gov/Archives/edgar/data/916365/000091636519000155/,연간 743220000 − 9개월누적 552782000 (OperatingIncomeLoss),22
Tractor Supply,TSCO,2019Q4,2019-12-28,분기별 당기순이익(지배),144179000,USD,계산(연간-3분기누적),https://www.sec.gov/Archives/edgar/data/916365/000091636520000050/ ; https://www.sec.gov/Archives/edgar/data/916365/000091636519000155/,연간 562354000 − 9개월누적 418175000 (NetIncomeLoss),22
Tractor Supply,TSCO,2019Q4,2019-12-28,분기별 영업활동현금흐름,397389000,USD,계산(누적차감),https://www.sec.gov/Archives/edgar/data/916365/000091636520000050/ ; https://www.sec.gov/Archives/edgar/data/916365/000091636519000155/,누적 811716000 − 직전누적 414327000 (시작 2018-12-30),22
Tractor Supply,TSCO,2019Q4,2019-12-28,분기말 자산총계,5289268000,USD,공시,https://www.sec.gov/Archives/edgar/data/916365/000091636520000050/,,22
Tractor Supply,TSCO,2019Q4,2019-12-28,분기말 부채총계,3722145000,USD,공시,https://www.sec.gov/Archives/edgar/data/916365/000091636520000050/,,22
Tractor Supply,TSCO,2019Q4,2019-12-28,분기말 총자본(자기자본),1567123000,USD,공시(비지배 없음),https://www.sec.gov/Archives/edgar/data/916365/000091636520000050/,"StockholdersEquity, MinorityInterest 태그 없음",22
Tractor Supply,TSCO,2019Q4,2019-12-28,분기말 지배지분 자본,1567123000,USD,공시,https://www.sec.gov/Archives/edgar/data/916365/000091636520000050/,,22
Tractor Supply,TSCO,2019Q4,2019-12-27,분기말 종가,92.3,USD,API,https://query1.finance.yahoo.com/v8/finance/chart/TSCO?interval=1d&events=splits (2019-12-27),분할조정 종가 18.46 × 이후 분할계수 5,22
Tractor Supply,TSCO,2019Q4,2020-01-25,분기말 상장주식수,117282010,주,공시(표지 기준일),https://www.sec.gov/Archives/edgar/data/916365/000091636520000050/,dei:EntityCommonStockSharesOutstanding 클래스 합,22
Tractor Supply,TSCO,2019Q4,2019-12-27,분기말 시가총액,10825129523,USD,계산(종가×주식수),https://query1.finance.yahoo.com/v8/finance/chart/TSCO?interval=1d&events=splits (2019-12-27) ; https://www.sec.gov/Archives/edgar/data/916365/000091636520000050/,종가 92.3 × 주식수 117282010,22
Tractor Supply,TSCO,2020Q1,2020-03-28,분기별 매출액,1959188000,USD,공시,https://www.sec.gov/Archives/edgar/data/916365/000091636520000107/,,22
Tractor Supply,TSCO,2020Q1,2020-03-28,분기별 영업이익,112538000,USD,공시,https://www.sec.gov/Archives/edgar/data/916365/000091636520000107/,,22
Tractor Supply,TSCO,2020Q1,2020-03-28,분기별 당기순이익(지배),83777000,USD,공시,https://www.sec.gov/Archives/edgar/data/916365/000091636520000107/,,22
Tractor Supply,TSCO,2020Q1,2020-03-28,분기별 영업활동현금흐름,83932000,USD,공시,https://www.sec.gov/Archives/edgar/data/916365/000091636520000107/,,22
Tractor Supply,TSCO,2020Q1,2020-03-28,분기말 자산총계,6002405000,USD,공시,https://www.sec.gov/Archives/edgar/data/916365/000091636520000107/,,22
Tractor Supply,TSCO,2020Q1,2020-03-28,분기말 부채총계,4648682000,USD,공시,https://www.sec.gov/Archives/edgar/data/916365/000091636520000107/,,22
Tractor Supply,TSCO,2020Q1,2020-03-28,분기말 총자본(자기자본),1353723000,USD,공시(비지배 없음),https://www.sec.gov/Archives/edgar/data/916365/000091636520000107/,"StockholdersEquity, MinorityInterest 태그 없음",22
Tractor Supply,TSCO,2020Q1,2020-03-28,분기말 지배지분 자본,1353723000,USD,공시,https://www.sec.gov/Archives/edgar/data/916365/000091636520000107/,,22
Tractor Supply,TSCO,2020Q1,2020-03-27,분기말 종가,83.1,USD,API,https://query1.finance.yahoo.com/v8/finance/chart/TSCO?interval=1d&events=splits (2020-03-27),분할조정 종가 16.62 × 이후 분할계수 5,22
Tractor Supply,TSCO,2020Q1,2020-04-25,분기말 상장주식수,115630120,주,공시(표지 기준일),https://www.sec.gov/Archives/edgar/data/916365/000091636520000107/,dei:EntityCommonStockSharesOutstanding 클래스 합,22
Tractor Supply,TSCO,2020Q1,2020-03-27,분기말 시가총액,9608862972,USD,계산(종가×주식수),https://query1.finance.yahoo.com/v8/finance/chart/TSCO?interval=1d&events=splits (2020-03-27) ; https://www.sec.gov/Archives/edgar/data/916365/000091636520000107/,종가 83.1 × 주식수 115630120,22
Tractor Supply,TSCO,2020Q2,2020-06-27,분기별 매출액,3176327000,USD,공시,https://www.sec.gov/Archives/edgar/data/916365/000091636520000154/,,22
Tractor Supply,TSCO,2020Q2,2020-06-27,분기별 영업이익,447746000,USD,공시,https://www.sec.gov/Archives/edgar/data/916365/000091636520000154/,,22
Tractor Supply,TSCO,2020Q2,2020-06-27,분기별 당기순이익(지배),338678000,USD,공시,https://www.sec.gov/Archives/edgar/data/916365/000091636520000154/,,22
Tractor Supply,TSCO,2020Q2,2020-06-27,분기별 영업활동현금흐름,909206000,USD,계산(누적차감),https://www.sec.gov/Archives/edgar/data/916365/000091636520000154/ ; https://www.sec.gov/Archives/edgar/data/916365/000091636520000107/,누적 993138000 − 직전누적 83932000 (시작 2019-12-29),22
Tractor Supply,TSCO,2020Q2,2020-06-27,분기말 자산총계,6611075000,USD,공시,https://www.sec.gov/Archives/edgar/data/916365/000091636520000154/,,22
Tractor Supply,TSCO,2020Q2,2020-06-27,분기말 부채총계,4915345000,USD,공시,https://www.sec.gov/Archives/edgar/data/916365/000091636520000154/,,22
Tractor Supply,TSCO,2020Q2,2020-06-27,분기말 총자본(자기자본),1695730000,USD,공시(비지배 없음),https://www.sec.gov/Archives/edgar/data/916365/000091636520000154/,"StockholdersEquity, MinorityInterest 태그 없음",22
Tractor Supply,TSCO,2020Q2,2020-06-27,분기말 지배지분 자본,1695730000,USD,공시,https://www.sec.gov/Archives/edgar/data/916365/000091636520000154/,,22
Tractor Supply,TSCO,2020Q2,2020-06-26,분기말 종가,129.98,USD,API,https://query1.finance.yahoo.com/v8/finance/chart/TSCO?interval=1d&events=splits (2020-06-26),분할조정 종가 25.996 × 이후 분할계수 5,22
Tractor Supply,TSCO,2020Q2,2020-07-25,분기말 상장주식수,116223704,주,공시(표지 기준일),https://www.sec.gov/Archives/edgar/data/916365/000091636520000154/,dei:EntityCommonStockSharesOutstanding 클래스 합,22
Tractor Supply,TSCO,2020Q2,2020-06-26,분기말 시가총액,15106757046,USD,계산(종가×주식수),https://query1.finance.yahoo.com/v8/finance/chart/TSCO?interval=1d&events=splits (2020-06-26) ; https://www.sec.gov/Archives/edgar/data/916365/000091636520000154/,종가 129.98 × 주식수 116223704,22
Tractor Supply,TSCO,2020Q3,2020-09-26,분기별 매출액,2606572000,USD,공시,https://www.sec.gov/Archives/edgar/data/916365/000091636520000184/,,22
Tractor Supply,TSCO,2020Q3,2020-09-26,분기별 영업이익,252177000,USD,공시,https://www.sec.gov/Archives/edgar/data/916365/000091636520000184/,,22
Tractor Supply,TSCO,2020Q3,2020-09-26,분기별 당기순이익(지배),190610000,USD,공시,https://www.sec.gov/Archives/edgar/data/916365/000091636520000184/,,22
Tractor Supply,TSCO,2020Q3,2020-09-26,분기별 영업활동현금흐름,11837000,USD,계산(누적차감),https://www.sec.gov/Archives/edgar/data/916365/000091636520000184/ ; https://www.sec.gov/Archives/edgar/data/916365/000091636520000154/,누적 1004975000 − 직전누적 993138000 (시작 2019-12-29),22
Tractor Supply,TSCO,2020Q3,2020-09-26,분기말 자산총계,6860797000,USD,공시,https://www.sec.gov/Archives/edgar/data/916365/000091636520000184/,,22
Tractor Supply,TSCO,2020Q3,2020-09-26,분기말 부채총계,4984931000,USD,공시,https://www.sec.gov/Archives/edgar/data/916365/000091636520000184/,,22
Tractor Supply,TSCO,2020Q3,2020-09-26,분기말 총자본(자기자본),1875866000,USD,공시(비지배 없음),https://www.sec.gov/Archives/edgar/data/916365/000091636520000184/,"StockholdersEquity, MinorityInterest 태그 없음",22
Tractor Supply,TSCO,2020Q3,2020-09-26,분기말 지배지분 자본,1875866000,USD,공시,https://www.sec.gov/Archives/edgar/data/916365/000091636520000184/,,22
Tractor Supply,TSCO,2020Q3,2020-09-25,분기말 종가,139.21,USD,API,https://query1.finance.yahoo.com/v8/finance/chart/TSCO?interval=1d&events=splits (2020-09-25),분할조정 종가 27.842 × 이후 분할계수 5,22
Tractor Supply,TSCO,2020Q3,2020-09-26,분기말 상장주식수,116497394,주,공시(표지 기준일),https://www.sec.gov/Archives/edgar/data/916365/000091636520000184/,dei:EntityCommonStockSharesOutstanding 클래스 합,22
Tractor Supply,TSCO,2020Q3,2020-09-25,분기말 시가총액,16217602219,USD,계산(종가×주식수),https://query1.finance.yahoo.com/v8/finance/chart/TSCO?interval=1d&events=splits (2020-09-25) ; https://www.sec.gov/Archives/edgar/data/916365/000091636520000184/,종가 139.21 × 주식수 116497394,22
Tractor Supply,TSCO,2020Q4,2020-12-26,분기별 매출액,2878265000,USD,계산(연간-3분기누적),https://www.sec.gov/Archives/edgar/data/916365/000091636521000052/ ; https://www.sec.gov/Archives/edgar/data/916365/000091636520000184/,연간 10620352000 − 9개월누적 7742087000 (Revenues),22
Tractor Supply,TSCO,2020Q4,2020-12-26,분기별 영업이익,184467000,USD,계산(연간-3분기누적),https://www.sec.gov/Archives/edgar/data/916365/000091636521000052/ ; https://www.sec.gov/Archives/edgar/data/916365/000091636520000184/,연간 996928000 − 9개월누적 812461000 (OperatingIncomeLoss),22
Tractor Supply,TSCO,2020Q4,2020-12-26,분기별 당기순이익(지배),135893000,USD,계산(연간-3분기누적),https://www.sec.gov/Archives/edgar/data/916365/000091636521000052/ ; https://www.sec.gov/Archives/edgar/data/916365/000091636520000184/,연간 748958000 − 9개월누적 613065000 (NetIncomeLoss),22
Tractor Supply,TSCO,2020Q4,2020-12-26,분기별 영업활동현금흐름,389540000,USD,계산(누적차감),https://www.sec.gov/Archives/edgar/data/916365/000091636521000052/ ; https://www.sec.gov/Archives/edgar/data/916365/000091636520000184/,누적 1394515000 − 직전누적 1004975000 (시작 2019-12-29),22
Tractor Supply,TSCO,2020Q4,2020-12-26,분기말 자산총계,7049116000,USD,공시,https://www.sec.gov/Archives/edgar/data/916365/000091636521000052/,,22
Tractor Supply,TSCO,2020Q4,2020-12-26,분기말 부채총계,5125276000,USD,공시,https://www.sec.gov/Archives/edgar/data/916365/000091636521000052/,,22
Tractor Supply,TSCO,2020Q4,2020-12-26,분기말 총자본(자기자본),1923840000,USD,공시(비지배 없음),https://www.sec.gov/Archives/edgar/data/916365/000091636521000052/,"StockholdersEquity, MinorityInterest 태그 없음",22
Tractor Supply,TSCO,2020Q4,2020-12-26,분기말 지배지분 자본,1923840000,USD,공시,https://www.sec.gov/Archives/edgar/data/916365/000091636521000052/,,22
Tractor Supply,TSCO,2020Q4,2020-12-24,분기말 종가,146.88,USD,API,https://query1.finance.yahoo.com/v8/finance/chart/TSCO?interval=1d&events=splits (2020-12-24),분할조정 종가 29.376 × 이후 분할계수 5,22
Tractor Supply,TSCO,2020Q4,2021-01-23,분기말 상장주식수,116301841,주,공시(표지 기준일),https://www.sec.gov/Archives/edgar/data/916365/000091636521000052/,dei:EntityCommonStockSharesOutstanding 클래스 합,22
Tractor Supply,TSCO,2020Q4,2020-12-24,분기말 시가총액,17082414406,USD,계산(종가×주식수),https://query1.finance.yahoo.com/v8/finance/chart/TSCO?interval=1d&events=splits (2020-12-24) ; https://www.sec.gov/Archives/edgar/data/916365/000091636521000052/,종가 146.88 × 주식수 116301841,22
Tractor Supply,TSCO,2021Q1,2021-03-27,분기별 매출액,2792336000,USD,공시,https://www.sec.gov/Archives/edgar/data/916365/000091636521000091/,,22
Tractor Supply,TSCO,2021Q1,2021-03-27,분기별 영업이익,230536000,USD,공시,https://www.sec.gov/Archives/edgar/data/916365/000091636521000091/,,22
Tractor Supply,TSCO,2021Q1,2021-03-27,분기별 당기순이익(지배),181354000,USD,공시,https://www.sec.gov/Archives/edgar/data/916365/000091636521000091/,,22
Tractor Supply,TSCO,2021Q1,2021-03-27,분기별 영업활동현금흐름,177117000,USD,공시,https://www.sec.gov/Archives/edgar/data/916365/000091636521000091/,,22
Tractor Supply,TSCO,2021Q1,2021-03-27,분기말 자산총계,7359679000,USD,공시,https://www.sec.gov/Archives/edgar/data/916365/000091636521000091/,,22
Tractor Supply,TSCO,2021Q1,2021-03-27,분기말 부채총계,5507380000,USD,공시,https://www.sec.gov/Archives/edgar/data/916365/000091636521000091/,,22
Tractor Supply,TSCO,2021Q1,2021-03-27,분기말 총자본(자기자본),1852299000,USD,공시(비지배 없음),https://www.sec.gov/Archives/edgar/data/916365/000091636521000091/,"StockholdersEquity, MinorityInterest 태그 없음",22
Tractor Supply,TSCO,2021Q1,2021-03-27,분기말 지배지분 자본,1852299000,USD,공시,https://www.sec.gov/Archives/edgar/data/916365/000091636521000091/,,22
Tractor Supply,TSCO,2021Q1,2021-03-26,분기말 종가,178.48,USD,API,https://query1.finance.yahoo.com/v8/finance/chart/TSCO?interval=1d&events=splits (2021-03-26),분할조정 종가 35.696 × 이후 분할계수 5,22
Tractor Supply,TSCO,2021Q1,2021-04-24,분기말 상장주식수,115255974,주,공시(표지 기준일),https://www.sec.gov/Archives/edgar/data/916365/000091636521000091/,dei:EntityCommonStockSharesOutstanding 클래스 합,22
Tractor Supply,TSCO,2021Q1,2021-03-26,분기말 시가총액,20570886240,USD,계산(종가×주식수),https://query1.finance.yahoo.com/v8/finance/chart/TSCO?interval=1d&events=splits (2021-03-26) ; https://www.sec.gov/Archives/edgar/data/916365/000091636521000091/,종가 178.48 × 주식수 115255974,22
Tractor Supply,TSCO,2021Q2,2021-06-26,분기별 매출액,3601559000,USD,공시,https://www.sec.gov/Archives/edgar/data/916365/000091636521000123/,,22
Tractor Supply,TSCO,2021Q2,2021-06-26,분기별 영업이익,485883000,USD,공시,https://www.sec.gov/Archives/edgar/data/916365/000091636521000123/,,22
Tractor Supply,TSCO,2021Q2,2021-06-26,분기별 당기순이익(지배),370022000,USD,공시,https://www.sec.gov/Archives/edgar/data/916365/000091636521000123/,,22
Tractor Supply,TSCO,2021Q2,2021-06-26,분기별 영업활동현금흐름,631790000,USD,계산(누적차감),https://www.sec.gov/Archives/edgar/data/916365/000091636521000123/ ; https://www.sec.gov/Archives/edgar/data/916365/000091636521000091/,누적 808907000 − 직전누적 177117000 (시작 2020-12-27),22
Tractor Supply,TSCO,2021Q2,2021-06-26,분기말 자산총계,7687888000,USD,공시,https://www.sec.gov/Archives/edgar/data/916365/000091636521000123/,,22
Tractor Supply,TSCO,2021Q2,2021-06-26,분기말 부채총계,5707775000,USD,공시,https://www.sec.gov/Archives/edgar/data/916365/000091636521000123/,,22
Tractor Supply,TSCO,2021Q2,2021-06-26,분기말 총자본(자기자본),1980113000,USD,공시(비지배 없음),https://www.sec.gov/Archives/edgar/data/916365/000091636521000123/,"StockholdersEquity, MinorityInterest 태그 없음",22
Tractor Supply,TSCO,2021Q2,2021-06-26,분기말 지배지분 자본,1980113000,USD,공시,https://www.sec.gov/Archives/edgar/data/916365/000091636521000123/,,22
Tractor Supply,TSCO,2021Q2,2021-06-25,분기말 종가,180.29,USD,API,https://query1.finance.yahoo.com/v8/finance/chart/TSCO?interval=1d&events=splits (2021-06-25),분할조정 종가 36.058 × 이후 분할계수 5,22
Tractor Supply,TSCO,2021Q2,2021-07-24,분기말 상장주식수,114338347,주,공시(표지 기준일),https://www.sec.gov/Archives/edgar/data/916365/000091636521000123/,dei:EntityCommonStockSharesOutstanding 클래스 합,22
Tractor Supply,TSCO,2021Q2,2021-06-25,분기말 시가총액,20614060581,USD,계산(종가×주식수),https://query1.finance.yahoo.com/v8/finance/chart/TSCO?interval=1d&events=splits (2021-06-25) ; https://www.sec.gov/Archives/edgar/data/916365/000091636521000123/,종가 180.29 × 주식수 114338347,22
Tractor Supply,TSCO,2021Q3,2021-09-25,분기별 매출액,3017926000,USD,공시,https://www.sec.gov/Archives/edgar/data/916365/000091636521000154/,,22
Tractor Supply,TSCO,2021Q3,2021-09-25,분기별 영업이익,297225000,USD,공시,https://www.sec.gov/Archives/edgar/data/916365/000091636521000154/,,22
Tractor Supply,TSCO,2021Q3,2021-09-25,분기별 당기순이익(지배),224400000,USD,공시,https://www.sec.gov/Archives/edgar/data/916365/000091636521000154/,,22
Tractor Supply,TSCO,2021Q3,2021-09-25,분기별 영업활동현금흐름,62930000,USD,계산(누적차감),https://www.sec.gov/Archives/edgar/data/916365/000091636521000154/ ; https://www.sec.gov/Archives/edgar/data/916365/000091636521000123/,누적 871837000 − 직전누적 808907000 (시작 2020-12-27),22
Tractor Supply,TSCO,2021Q3,2021-09-25,분기말 자산총계,7745194000,USD,공시,https://www.sec.gov/Archives/edgar/data/916365/000091636521000154/,,22
Tractor Supply,TSCO,2021Q3,2021-09-25,분기말 부채총계,5724441000,USD,공시,https://www.sec.gov/Archives/edgar/data/916365/000091636521000154/,,22
Tractor Supply,TSCO,2021Q3,2021-09-25,분기말 총자본(자기자본),2020753000,USD,공시(비지배 없음),https://www.sec.gov/Archives/edgar/data/916365/000091636521000154/,"StockholdersEquity, MinorityInterest 태그 없음",22
Tractor Supply,TSCO,2021Q3,2021-09-25,분기말 지배지분 자본,2020753000,USD,공시,https://www.sec.gov/Archives/edgar/data/916365/000091636521000154/,,22
Tractor Supply,TSCO,2021Q3,2021-09-24,분기말 종가,210.72,USD,API,https://query1.finance.yahoo.com/v8/finance/chart/TSCO?interval=1d&events=splits (2021-09-24),분할조정 종가 42.144 × 이후 분할계수 5,22
Tractor Supply,TSCO,2021Q3,2021-10-23,분기말 상장주식수,113814924,주,공시(표지 기준일),https://www.sec.gov/Archives/edgar/data/916365/000091636521000154/,dei:EntityCommonStockSharesOutstanding 클래스 합,22
Tractor Supply,TSCO,2021Q3,2021-09-24,분기말 시가총액,23983080785,USD,계산(종가×주식수),https://query1.finance.yahoo.com/v8/finance/chart/TSCO?interval=1d&events=splits (2021-09-24) ; https://www.sec.gov/Archives/edgar/data/916365/000091636521000154/,종가 210.72 × 주식수 113814924,22
Tractor Supply,TSCO,2021Q4,2021-12-25,분기별 매출액,3319284000,USD,계산(연간-3분기누적),https://www.sec.gov/Archives/edgar/data/916365/000091636522000049/ ; https://www.sec.gov/Archives/edgar/data/916365/000091636521000154/,연간 12731105000 − 9개월누적 9411821000 (Revenues),22
Tractor Supply,TSCO,2021Q4,2021-12-25,분기별 영업이익,293054000,USD,계산(연간-3분기누적),https://www.sec.gov/Archives/edgar/data/916365/000091636522000049/ ; https://www.sec.gov/Archives/edgar/data/916365/000091636521000154/,연간 1306698000 − 9개월누적 1013644000 (OperatingIncomeLoss),22
Tractor Supply,TSCO,2021Q4,2021-12-25,분기별 당기순이익(지배),221338000,USD,계산(연간-3분기누적),https://www.sec.gov/Archives/edgar/data/916365/000091636522000049/ ; https://www.sec.gov/Archives/edgar/data/916365/000091636521000154/,연간 997114000 − 9개월누적 775776000 (NetIncomeLoss),22
Tractor Supply,TSCO,2021Q4,2021-12-25,분기별 영업활동현금흐름,266883000,USD,계산(누적차감),https://www.sec.gov/Archives/edgar/data/916365/000091636522000049/ ; https://www.sec.gov/Archives/edgar/data/916365/000091636521000154/,누적 1138720000 − 직전누적 871837000 (시작 2020-12-27),22
Tractor Supply,TSCO,2021Q4,2021-12-25,분기말 자산총계,7767467000,USD,공시,https://www.sec.gov/Archives/edgar/data/916365/000091636522000049/,,22
Tractor Supply,TSCO,2021Q4,2021-12-25,분기말 부채총계,5764802000,USD,공시,https://www.sec.gov/Archives/edgar/data/916365/000091636522000049/,,22
Tractor Supply,TSCO,2021Q4,2021-12-25,분기말 총자본(자기자본),2002665000,USD,공시(비지배 없음),https://www.sec.gov/Archives/edgar/data/916365/000091636522000049/,"StockholdersEquity, MinorityInterest 태그 없음",22
Tractor Supply,TSCO,2021Q4,2021-12-25,분기말 지배지분 자본,2002665000,USD,공시,https://www.sec.gov/Archives/edgar/data/916365/000091636522000049/,,22
Tractor Supply,TSCO,2021Q4,2021-12-23,분기말 종가,228.27,USD,API,https://query1.finance.yahoo.com/v8/finance/chart/TSCO?interval=1d&events=splits (2021-12-23),분할조정 종가 45.654 × 이후 분할계수 5,22
Tractor Supply,TSCO,2021Q4,2022-01-22,분기말 상장주식수,112772349,주,공시(표지 기준일),https://www.sec.gov/Archives/edgar/data/916365/000091636522000049/,dei:EntityCommonStockSharesOutstanding 클래스 합,22
Tractor Supply,TSCO,2021Q4,2021-12-23,분기말 시가총액,25742544106,USD,계산(종가×주식수),https://query1.finance.yahoo.com/v8/finance/chart/TSCO?interval=1d&events=splits (2021-12-23) ; https://www.sec.gov/Archives/edgar/data/916365/000091636522000049/,종가 228.27 × 주식수 112772349,22
Tractor Supply,TSCO,2022Q1,2022-03-26,분기별 매출액,3024132000,USD,공시,https://www.sec.gov/Archives/edgar/data/916365/000091636522000057/,,22
Tractor Supply,TSCO,2022Q1,2022-03-26,분기별 영업이익,244286000,USD,공시,https://www.sec.gov/Archives/edgar/data/916365/000091636522000057/,,22
Tractor Supply,TSCO,2022Q1,2022-03-26,분기별 당기순이익(지배),187227000,USD,공시,https://www.sec.gov/Archives/edgar/data/916365/000091636522000057/,,22
Tractor Supply,TSCO,2022Q1,2022-03-26,분기별 영업활동현금흐름,59066000,USD,공시,https://www.sec.gov/Archives/edgar/data/916365/000091636522000057/,,22
Tractor Supply,TSCO,2022Q1,2022-03-26,분기말 자산총계,7686808000,USD,공시,https://www.sec.gov/Archives/edgar/data/916365/000091636522000057/,,22
Tractor Supply,TSCO,2022Q1,2022-03-26,분기말 부채총계,5896786000,USD,공시,https://www.sec.gov/Archives/edgar/data/916365/000091636522000057/,,22
Tractor Supply,TSCO,2022Q1,2022-03-26,분기말 총자본(자기자본),1790022000,USD,공시(비지배 없음),https://www.sec.gov/Archives/edgar/data/916365/000091636522000057/,"StockholdersEquity, MinorityInterest 태그 없음",22
Tractor Supply,TSCO,2022Q1,2022-03-26,분기말 지배지분 자본,1790022000,USD,공시,https://www.sec.gov/Archives/edgar/data/916365/000091636522000057/,,22
Tractor Supply,TSCO,2022Q1,2022-03-25,분기말 종가,232.2,USD,API,https://query1.finance.yahoo.com/v8/finance/chart/TSCO?interval=1d&events=splits (2022-03-25),분할조정 종가 46.44 × 이후 분할계수 5,22
Tractor Supply,TSCO,2022Q1,2022-04-23,분기말 상장주식수,111881628,주,공시(표지 기준일),https://www.sec.gov/Archives/edgar/data/916365/000091636522000057/,dei:EntityCommonStockSharesOutstanding 클래스 합,22
Tractor Supply,TSCO,2022Q1,2022-03-25,분기말 시가총액,25978914022,USD,계산(종가×주식수),https://query1.finance.yahoo.com/v8/finance/chart/TSCO?interval=1d&events=splits (2022-03-25) ; https://www.sec.gov/Archives/edgar/data/916365/000091636522000057/,종가 232.2 × 주식수 111881628,22
Tractor Supply,TSCO,2022Q2,2022-06-25,분기별 매출액,3903406000,USD,공시,https://www.sec.gov/Archives/edgar/data/916365/000091636522000090/,,22
Tractor Supply,TSCO,2022Q2,2022-06-25,분기별 영업이익,525035000,USD,공시,https://www.sec.gov/Archives/edgar/data/916365/000091636522000090/,,22
Tractor Supply,TSCO,2022Q2,2022-06-25,분기별 당기순이익(지배),396478000,USD,공시,https://www.sec.gov/Archives/edgar/data/916365/000091636522000090/,,22
Tractor Supply,TSCO,2022Q2,2022-06-25,분기별 영업활동현금흐름,566539000,USD,계산(누적차감),https://www.sec.gov/Archives/edgar/data/916365/000091636522000090/ ; https://www.sec.gov/Archives/edgar/data/916365/000091636522000057/,누적 625605000 − 직전누적 59066000 (시작 2021-12-26),22
Tractor Supply,TSCO,2022Q2,2022-06-25,분기말 자산총계,7869194000,USD,공시,https://www.sec.gov/Archives/edgar/data/916365/000091636522000090/,,22
Tractor Supply,TSCO,2022Q2,2022-06-25,분기말 부채총계,5955327000,USD,공시,https://www.sec.gov/Archives/edgar/data/916365/000091636522000090/,,22
Tractor Supply,TSCO,2022Q2,2022-06-25,분기말 총자본(자기자본),1913867000,USD,공시(비지배 없음),https://www.sec.gov/Archives/edgar/data/916365/000091636522000090/,"StockholdersEquity, MinorityInterest 태그 없음",22
Tractor Supply,TSCO,2022Q2,2022-06-25,분기말 지배지분 자본,1913867000,USD,공시,https://www.sec.gov/Archives/edgar/data/916365/000091636522000090/,,22
Tractor Supply,TSCO,2022Q2,2022-06-24,분기말 종가,202.97,USD,API,https://query1.finance.yahoo.com/v8/finance/chart/TSCO?interval=1d&events=splits (2022-06-24),분할조정 종가 40.594 × 이후 분할계수 5,22
Tractor Supply,TSCO,2022Q2,2022-07-23,분기말 상장주식수,111000088,주,공시(표지 기준일),https://www.sec.gov/Archives/edgar/data/916365/000091636522000090/,dei:EntityCommonStockSharesOutstanding 클래스 합,22
Tractor Supply,TSCO,2022Q2,2022-06-24,분기말 시가총액,22529687861,USD,계산(종가×주식수),https://query1.finance.yahoo.com/v8/finance/chart/TSCO?interval=1d&events=splits (2022-06-24) ; https://www.sec.gov/Archives/edgar/data/916365/000091636522000090/,종가 202.97 × 주식수 111000088,22
Tractor Supply,TSCO,2022Q3,2022-09-24,분기별 매출액,3270804000,USD,공시,https://www.sec.gov/Archives/edgar/data/916365/000091636522000112/,,22
Tractor Supply,TSCO,2022Q3,2022-09-24,분기별 영업이익,306412000,USD,공시,https://www.sec.gov/Archives/edgar/data/916365/000091636522000112/,,22
Tractor Supply,TSCO,2022Q3,2022-09-24,분기별 당기순이익(지배),234137000,USD,공시,https://www.sec.gov/Archives/edgar/data/916365/000091636522000112/,,22
Tractor Supply,TSCO,2022Q3,2022-09-24,분기별 영업활동현금흐름,725000,USD,계산(누적차감),https://www.sec.gov/Archives/edgar/data/916365/000091636522000112/ ; https://www.sec.gov/Archives/edgar/data/916365/000091636522000090/,누적 626330000 − 직전누적 625605000 (시작 2021-12-26),22
Tractor Supply,TSCO,2022Q3,2022-09-24,분기말 자산총계,7911728000,USD,공시,https://www.sec.gov/Archives/edgar/data/916365/000091636522000112/,,22
Tractor Supply,TSCO,2022Q3,2022-09-24,분기말 부채총계,5970583000,USD,공시,https://www.sec.gov/Archives/edgar/data/916365/000091636522000112/,,22
Tractor Supply,TSCO,2022Q3,2022-09-24,분기말 총자본(자기자본),1941145000,USD,공시(비지배 없음),https://www.sec.gov/Archives/edgar/data/916365/000091636522000112/,"StockholdersEquity, MinorityInterest 태그 없음",22
Tractor Supply,TSCO,2022Q3,2022-09-24,분기말 지배지분 자본,1941145000,USD,공시,https://www.sec.gov/Archives/edgar/data/916365/000091636522000112/,,22
Tractor Supply,TSCO,2022Q3,2022-09-23,분기말 종가,185.59,USD,API,https://query1.finance.yahoo.com/v8/finance/chart/TSCO?interval=1d&events=splits (2022-09-23),분할조정 종가 37.118 × 이후 분할계수 5,22
Tractor Supply,TSCO,2022Q3,2022-10-22,분기말 상장주식수,110463245,주,공시(표지 기준일),https://www.sec.gov/Archives/edgar/data/916365/000091636522000112/,dei:EntityCommonStockSharesOutstanding 클래스 합,22
Tractor Supply,TSCO,2022Q3,2022-09-23,분기말 시가총액,20500873640,USD,계산(종가×주식수),https://query1.finance.yahoo.com/v8/finance/chart/TSCO?interval=1d&events=splits (2022-09-23) ; https://www.sec.gov/Archives/edgar/data/916365/000091636522000112/,종가 185.59 × 주식수 110463245,22
Tractor Supply,TSCO,2022Q4,2022-12-31,분기별 매출액,4006375000,USD,계산(연간-3분기누적),https://www.sec.gov/Archives/edgar/data/916365/000091636523000045/ ; https://www.sec.gov/Archives/edgar/data/916365/000091636522000112/,연간 14204717000 − 9개월누적 10198342000 (Revenues),22
Tractor Supply,TSCO,2022Q4,2022-12-31,분기별 영업이익,359210000,USD,계산(연간-3분기누적),https://www.sec.gov/Archives/edgar/data/916365/000091636523000045/ ; https://www.sec.gov/Archives/edgar/data/916365/000091636522000112/,연간 1434943000 − 9개월누적 1075733000 (OperatingIncomeLoss),22
Tractor Supply,TSCO,2022Q4,2022-12-31,분기별 당기순이익(지배),270870000,USD,계산(연간-3분기누적),https://www.sec.gov/Archives/edgar/data/916365/000091636523000045/ ; https://www.sec.gov/Archives/edgar/data/916365/000091636522000112/,연간 1088712000 − 9개월누적 817842000 (NetIncomeLoss),22
Tractor Supply,TSCO,2022Q4,2022-12-31,분기별 영업활동현금흐름,730649000,USD,계산(누적차감),https://www.sec.gov/Archives/edgar/data/916365/000091636523000045/ ; https://www.sec.gov/Archives/edgar/data/916365/000091636522000112/,누적 1356979000 − 직전누적 626330000 (시작 2021-12-26),22
Tractor Supply,TSCO,2022Q4,2022-12-31,분기말 자산총계,8489990000,USD,공시,https://www.sec.gov/Archives/edgar/data/916365/000091636523000045/,,22
Tractor Supply,TSCO,2022Q4,2022-12-31,분기말 부채총계,6447574000,USD,공시,https://www.sec.gov/Archives/edgar/data/916365/000091636523000045/,,22
Tractor Supply,TSCO,2022Q4,2022-12-31,분기말 총자본(자기자본),2042416000,USD,공시(비지배 없음),https://www.sec.gov/Archives/edgar/data/916365/000091636523000045/,"StockholdersEquity, MinorityInterest 태그 없음",22
Tractor Supply,TSCO,2022Q4,2022-12-31,분기말 지배지분 자본,2042416000,USD,공시,https://www.sec.gov/Archives/edgar/data/916365/000091636523000045/,,22
Tractor Supply,TSCO,2022Q4,2022-12-30,분기말 종가,224.97,USD,API,https://query1.finance.yahoo.com/v8/finance/chart/TSCO?interval=1d&events=splits (2022-12-30),분할조정 종가 44.994 × 이후 분할계수 5,22
Tractor Supply,TSCO,2022Q4,2023-01-28,분기말 상장주식수,110072658,주,공시(표지 기준일),https://www.sec.gov/Archives/edgar/data/916365/000091636523000045/,dei:EntityCommonStockSharesOutstanding 클래스 합,22
Tractor Supply,TSCO,2022Q4,2022-12-30,분기말 시가총액,24763045870,USD,계산(종가×주식수),https://query1.finance.yahoo.com/v8/finance/chart/TSCO?interval=1d&events=splits (2022-12-30) ; https://www.sec.gov/Archives/edgar/data/916365/000091636523000045/,종가 224.97 × 주식수 110072658,22
Tractor Supply,TSCO,2023Q1,2023-04-01,분기별 매출액,3299225000,USD,공시,https://www.sec.gov/Archives/edgar/data/916365/000091636523000057/,,22
Tractor Supply,TSCO,2023Q1,2023-04-01,분기별 영업이익,244440000,USD,공시,https://www.sec.gov/Archives/edgar/data/916365/000091636523000057/,,22
Tractor Supply,TSCO,2023Q1,2023-04-01,분기별 당기순이익(지배),183088000,USD,공시,https://www.sec.gov/Archives/edgar/data/916365/000091636523000057/,,22
Tractor Supply,TSCO,2023Q1,2023-04-01,분기별 영업활동현금흐름,19554000,USD,공시,https://www.sec.gov/Archives/edgar/data/916365/000091636523000057/,,22
Tractor Supply,TSCO,2023Q1,2023-04-01,분기말 자산총계,8848815000,USD,공시,https://www.sec.gov/Archives/edgar/data/916365/000091636523000057/,,22
Tractor Supply,TSCO,2023Q1,2023-04-01,분기말 부채총계,6934269000,USD,공시,https://www.sec.gov/Archives/edgar/data/916365/000091636523000057/,,22
Tractor Supply,TSCO,2023Q1,2023-04-01,분기말 총자본(자기자본),1914546000,USD,공시(비지배 없음),https://www.sec.gov/Archives/edgar/data/916365/000091636523000057/,"StockholdersEquity, MinorityInterest 태그 없음",22
Tractor Supply,TSCO,2023Q1,2023-04-01,분기말 지배지분 자본,1914546000,USD,공시,https://www.sec.gov/Archives/edgar/data/916365/000091636523000057/,,22
Tractor Supply,TSCO,2023Q1,2023-03-31,분기말 종가,235.04,USD,API,https://query1.finance.yahoo.com/v8/finance/chart/TSCO?interval=1d&events=splits (2023-03-31),분할조정 종가 47.008 × 이후 분할계수 5,22
Tractor Supply,TSCO,2023Q1,2023-04-24,분기말 상장주식수,109568348,주,공시(표지 기준일),https://www.sec.gov/Archives/edgar/data/916365/000091636523000057/,dei:EntityCommonStockSharesOutstanding 클래스 합,22
Tractor Supply,TSCO,2023Q1,2023-03-31,분기말 시가총액,25752944514,USD,계산(종가×주식수),https://query1.finance.yahoo.com/v8/finance/chart/TSCO?interval=1d&events=splits (2023-03-31) ; https://www.sec.gov/Archives/edgar/data/916365/000091636523000057/,종가 235.04 × 주식수 109568348,22
Tractor Supply,TSCO,2023Q2,2023-07-01,분기별 매출액,4184695000,USD,공시,https://www.sec.gov/Archives/edgar/data/916365/000091636523000101/,,22
Tractor Supply,TSCO,2023Q2,2023-07-01,분기별 영업이익,559332000,USD,공시,https://www.sec.gov/Archives/edgar/data/916365/000091636523000101/,,22
Tractor Supply,TSCO,2023Q2,2023-07-01,분기별 당기순이익(지배),421234000,USD,공시,https://www.sec.gov/Archives/edgar/data/916365/000091636523000101/,,22
Tractor Supply,TSCO,2023Q2,2023-07-01,분기별 영업활동현금흐름,762767000,USD,계산(누적차감),https://www.sec.gov/Archives/edgar/data/916365/000091636523000101/ ; https://www.sec.gov/Archives/edgar/data/916365/000091636523000057/,누적 782321000 − 직전누적 19554000 (시작 2023-01-01),22
Tractor Supply,TSCO,2023Q2,2023-07-01,분기말 자산총계,9032823000,USD,공시,https://www.sec.gov/Archives/edgar/data/916365/000091636523000101/,,22
Tractor Supply,TSCO,2023Q2,2023-07-01,분기말 부채총계,6945671000,USD,공시,https://www.sec.gov/Archives/edgar/data/916365/000091636523000101/,,22
Tractor Supply,TSCO,2023Q2,2023-07-01,분기말 총자본(자기자본),2087152000,USD,공시(비지배 없음),https://www.sec.gov/Archives/edgar/data/916365/000091636523000101/,"StockholdersEquity, MinorityInterest 태그 없음",22
Tractor Supply,TSCO,2023Q2,2023-07-01,분기말 지배지분 자본,2087152000,USD,공시,https://www.sec.gov/Archives/edgar/data/916365/000091636523000101/,,22
Tractor Supply,TSCO,2023Q2,2023-06-30,분기말 종가,221.1,USD,API,https://query1.finance.yahoo.com/v8/finance/chart/TSCO?interval=1d&events=splits (2023-06-30),분할조정 종가 44.22 × 이후 분할계수 5,22
Tractor Supply,TSCO,2023Q2,2023-07-29,분기말 상장주식수,108807868,주,공시(표지 기준일),https://www.sec.gov/Archives/edgar/data/916365/000091636523000101/,dei:EntityCommonStockSharesOutstanding 클래스 합,22
Tractor Supply,TSCO,2023Q2,2023-06-30,분기말 시가총액,24057419615,USD,계산(종가×주식수),https://query1.finance.yahoo.com/v8/finance/chart/TSCO?interval=1d&events=splits (2023-06-30) ; https://www.sec.gov/Archives/edgar/data/916365/000091636523000101/,종가 221.1 × 주식수 108807868,22
Tractor Supply,TSCO,2023Q3,2023-09-30,분기별 매출액,3411980000,USD,공시,https://www.sec.gov/Archives/edgar/data/916365/000091636523000113/,,22
Tractor Supply,TSCO,2023Q3,2023-09-30,분기별 영업이익,340905000,USD,공시,https://www.sec.gov/Archives/edgar/data/916365/000091636523000113/,,22
Tractor Supply,TSCO,2023Q3,2023-09-30,분기별 당기순이익(지배),255001000,USD,공시,https://www.sec.gov/Archives/edgar/data/916365/000091636523000113/,,22
Tractor Supply,TSCO,2023Q3,2023-09-30,분기별 영업활동현금흐름,155605000,USD,계산(누적차감),https://www.sec.gov/Archives/edgar/data/916365/000091636523000113/ ; https://www.sec.gov/Archives/edgar/data/916365/000091636523000101/,누적 937926000 − 직전누적 782321000 (시작 2023-01-01),22
Tractor Supply,TSCO,2023Q3,2023-09-30,분기말 자산총계,9205014000,USD,공시,https://www.sec.gov/Archives/edgar/data/916365/000091636523000113/,,22
Tractor Supply,TSCO,2023Q3,2023-09-30,분기말 부채총계,7093883000,USD,공시,https://www.sec.gov/Archives/edgar/data/916365/000091636523000113/,,22
Tractor Supply,TSCO,2023Q3,2023-09-30,분기말 총자본(자기자본),2111131000,USD,공시(비지배 없음),https://www.sec.gov/Archives/edgar/data/916365/000091636523000113/,"StockholdersEquity, MinorityInterest 태그 없음",22
Tractor Supply,TSCO,2023Q3,2023-09-30,분기말 지배지분 자본,2111131000,USD,공시,https://www.sec.gov/Archives/edgar/data/916365/000091636523000113/,,22
Tractor Supply,TSCO,2023Q3,2023-09-29,분기말 종가,203.05,USD,API,https://query1.finance.yahoo.com/v8/finance/chart/TSCO?interval=1d&events=splits (2023-09-29),분할조정 종가 40.61 × 이후 분할계수 5,22
Tractor Supply,TSCO,2023Q3,2023-10-28,분기말 상장주식수,108114204,주,공시(표지 기준일),https://www.sec.gov/Archives/edgar/data/916365/000091636523000113/,dei:EntityCommonStockSharesOutstanding 클래스 합,22
Tractor Supply,TSCO,2023Q3,2023-09-29,분기말 시가총액,21952589122,USD,계산(종가×주식수),https://query1.finance.yahoo.com/v8/finance/chart/TSCO?interval=1d&events=splits (2023-09-29) ; https://www.sec.gov/Archives/edgar/data/916365/000091636523000113/,종가 203.05 × 주식수 108114204,22
Tractor Supply,TSCO,2023Q4,2023-12-30,분기별 매출액,3659841000,USD,계산(연간-3분기누적),https://www.sec.gov/Archives/edgar/data/916365/000091636524000046/ ; https://www.sec.gov/Archives/edgar/data/916365/000091636523000113/,연간 14555741000 − 9개월누적 10895900000 (Revenues),22
Tractor Supply,TSCO,2023Q4,2023-12-30,분기별 영업이익,334235000,USD,계산(연간-3분기누적),https://www.sec.gov/Archives/edgar/data/916365/000091636524000046/ ; https://www.sec.gov/Archives/edgar/data/916365/000091636523000113/,연간 1478912000 − 9개월누적 1144677000 (OperatingIncomeLoss),22
Tractor Supply,TSCO,2023Q4,2023-12-30,분기별 당기순이익(지배),247903000,USD,계산(연간-3분기누적),https://www.sec.gov/Archives/edgar/data/916365/000091636524000046/ ; https://www.sec.gov/Archives/edgar/data/916365/000091636523000113/,연간 1107226000 − 9개월누적 859323000 (NetIncomeLoss),22
Tractor Supply,TSCO,2023Q4,2023-12-30,분기별 영업활동현금흐름,396107000,USD,계산(누적차감),https://www.sec.gov/Archives/edgar/data/916365/000091636524000046/ ; https://www.sec.gov/Archives/edgar/data/916365/000091636523000113/,누적 1334033000 − 직전누적 937926000 (시작 2023-01-01),22
Tractor Supply,TSCO,2023Q4,2023-12-30,분기말 자산총계,9188151000,USD,공시,https://www.sec.gov/Archives/edgar/data/916365/000091636524000046/,,22
Tractor Supply,TSCO,2023Q4,2023-12-30,분기말 부채총계,7038389000,USD,공시,https://www.sec.gov/Archives/edgar/data/916365/000091636524000046/,,22
Tractor Supply,TSCO,2023Q4,2023-12-30,분기말 총자본(자기자본),2149762000,USD,공시(비지배 없음),https://www.sec.gov/Archives/edgar/data/916365/000091636524000046/,"StockholdersEquity, MinorityInterest 태그 없음",22
Tractor Supply,TSCO,2023Q4,2023-12-30,분기말 지배지분 자본,2149762000,USD,공시,https://www.sec.gov/Archives/edgar/data/916365/000091636524000046/,,22
Tractor Supply,TSCO,2023Q4,2023-12-29,분기말 종가,215.03,USD,API,https://query1.finance.yahoo.com/v8/finance/chart/TSCO?interval=1d&events=splits (2023-12-29),분할조정 종가 43.006 × 이후 분할계수 5,22
Tractor Supply,TSCO,2023Q4,2024-01-27,분기말 상장주식수,107916530,주,공시(표지 기준일),https://www.sec.gov/Archives/edgar/data/916365/000091636524000046/,dei:EntityCommonStockSharesOutstanding 클래스 합,22
Tractor Supply,TSCO,2023Q4,2023-12-29,분기말 시가총액,23205291446,USD,계산(종가×주식수),https://query1.finance.yahoo.com/v8/finance/chart/TSCO?interval=1d&events=splits (2023-12-29) ; https://www.sec.gov/Archives/edgar/data/916365/000091636524000046/,종가 215.03 × 주식수 107916530,22
Tractor Supply,TSCO,2024Q1,2024-03-30,분기별 매출액,3394834000,USD,공시,https://www.sec.gov/Archives/edgar/data/916365/000091636524000059/,,22
Tractor Supply,TSCO,2024Q1,2024-03-30,분기별 영업이익,263125000,USD,공시,https://www.sec.gov/Archives/edgar/data/916365/000091636524000059/,,22
Tractor Supply,TSCO,2024Q1,2024-03-30,분기별 당기순이익(지배),198167000,USD,공시,https://www.sec.gov/Archives/edgar/data/916365/000091636524000059/,,22
Tractor Supply,TSCO,2024Q1,2024-03-30,분기별 영업활동현금흐름,257408000,USD,공시,https://www.sec.gov/Archives/edgar/data/916365/000091636524000059/,,22
Tractor Supply,TSCO,2024Q1,2024-03-30,분기말 자산총계,9554954000,USD,공시,https://www.sec.gov/Archives/edgar/data/916365/000091636524000059/,,22
Tractor Supply,TSCO,2024Q1,2024-03-30,분기말 부채총계,7430943000,USD,공시,https://www.sec.gov/Archives/edgar/data/916365/000091636524000059/,,22
Tractor Supply,TSCO,2024Q1,2024-03-30,분기말 총자본(자기자본),2124011000,USD,공시(비지배 없음),https://www.sec.gov/Archives/edgar/data/916365/000091636524000059/,"StockholdersEquity, MinorityInterest 태그 없음",22
Tractor Supply,TSCO,2024Q1,2024-03-30,분기말 지배지분 자본,2124011000,USD,공시,https://www.sec.gov/Archives/edgar/data/916365/000091636524000059/,,22
Tractor Supply,TSCO,2024Q1,2024-03-28,분기말 종가,261.72,USD,API,https://query1.finance.yahoo.com/v8/finance/chart/TSCO?interval=1d&events=splits (2024-03-28),분할조정 종가 52.344 × 이후 분할계수 5,22
Tractor Supply,TSCO,2024Q1,2024-04-27,분기말 상장주식수,107810395,주,공시(표지 기준일),https://www.sec.gov/Archives/edgar/data/916365/000091636524000059/,dei:EntityCommonStockSharesOutstanding 클래스 합,22
Tractor Supply,TSCO,2024Q1,2024-03-28,분기말 시가총액,28216136579,USD,계산(종가×주식수),https://query1.finance.yahoo.com/v8/finance/chart/TSCO?interval=1d&events=splits (2024-03-28) ; https://www.sec.gov/Archives/edgar/data/916365/000091636524000059/,종가 261.72 × 주식수 107810395,22
Tractor Supply,TSCO,2024Q2,2024-06-29,분기별 매출액,4246622000,USD,공시,https://www.sec.gov/Archives/edgar/data/916365/000091636524000088/,,22
Tractor Supply,TSCO,2024Q2,2024-06-29,분기별 영업이익,561458000,USD,공시,https://www.sec.gov/Archives/edgar/data/916365/000091636524000088/,,22
Tractor Supply,TSCO,2024Q2,2024-06-29,분기별 당기순이익(지배),425196000,USD,공시,https://www.sec.gov/Archives/edgar/data/916365/000091636524000088/,,22
Tractor Supply,TSCO,2024Q2,2024-06-29,분기별 영업활동현금흐름,559935000,USD,계산(누적차감),https://www.sec.gov/Archives/edgar/data/916365/000091636524000088/ ; https://www.sec.gov/Archives/edgar/data/916365/000091636524000059/,누적 817343000 − 직전누적 257408000 (시작 2023-12-31),22
Tractor Supply,TSCO,2024Q2,2024-06-29,분기말 자산총계,9784524000,USD,공시,https://www.sec.gov/Archives/edgar/data/916365/000091636524000088/,,22
Tractor Supply,TSCO,2024Q2,2024-06-29,분기말 부채총계,7479192000,USD,공시,https://www.sec.gov/Archives/edgar/data/916365/000091636524000088/,,22
Tractor Supply,TSCO,2024Q2,2024-06-29,분기말 총자본(자기자본),2305332000,USD,공시(비지배 없음),https://www.sec.gov/Archives/edgar/data/916365/000091636524000088/,"StockholdersEquity, MinorityInterest 태그 없음",22
Tractor Supply,TSCO,2024Q2,2024-06-29,분기말 지배지분 자본,2305332000,USD,공시,https://www.sec.gov/Archives/edgar/data/916365/000091636524000088/,,22
Tractor Supply,TSCO,2024Q2,2024-06-28,분기말 종가,270.0,USD,API,https://query1.finance.yahoo.com/v8/finance/chart/TSCO?interval=1d&events=splits (2024-06-28),분할조정 종가 54.0 × 이후 분할계수 5,22
Tractor Supply,TSCO,2024Q2,2024-07-27,분기말 상장주식수,107868874,주,공시(표지 기준일),https://www.sec.gov/Archives/edgar/data/916365/000091636524000088/,dei:EntityCommonStockSharesOutstanding 클래스 합,22
Tractor Supply,TSCO,2024Q2,2024-06-28,분기말 시가총액,29124595980,USD,계산(종가×주식수),https://query1.finance.yahoo.com/v8/finance/chart/TSCO?interval=1d&events=splits (2024-06-28) ; https://www.sec.gov/Archives/edgar/data/916365/000091636524000088/,종가 270.0 × 주식수 107868874,22
Tractor Supply,TSCO,2024Q3,2024-09-28,분기별 매출액,3468245000,USD,공시,https://www.sec.gov/Archives/edgar/data/916365/000091636524000110/,,22
Tractor Supply,TSCO,2024Q3,2024-09-28,분기별 영업이익,324599000,USD,공시,https://www.sec.gov/Archives/edgar/data/916365/000091636524000110/,,22
Tractor Supply,TSCO,2024Q3,2024-09-28,분기별 당기순이익(지배),241470000,USD,공시,https://www.sec.gov/Archives/edgar/data/916365/000091636524000110/,,22
Tractor Supply,TSCO,2024Q3,2024-09-28,분기별 영업활동현금흐름,86267000,USD,계산(누적차감),https://www.sec.gov/Archives/edgar/data/916365/000091636524000110/ ; https://www.sec.gov/Archives/edgar/data/916365/000091636524000088/,누적 903610000 − 직전누적 817343000 (시작 2023-12-31),22
Tractor Supply,TSCO,2024Q3,2024-09-28,분기말 자산총계,9767897000,USD,공시,https://www.sec.gov/Archives/edgar/data/916365/000091636524000110/,,22
Tractor Supply,TSCO,2024Q3,2024-09-28,분기말 부채총계,7479137000,USD,공시,https://www.sec.gov/Archives/edgar/data/916365/000091636524000110/,,22
Tractor Supply,TSCO,2024Q3,2024-09-28,분기말 총자본(자기자본),2288760000,USD,공시(비지배 없음),https://www.sec.gov/Archives/edgar/data/916365/000091636524000110/,"StockholdersEquity, MinorityInterest 태그 없음",22
Tractor Supply,TSCO,2024Q3,2024-09-28,분기말 지배지분 자본,2288760000,USD,공시,https://www.sec.gov/Archives/edgar/data/916365/000091636524000110/,,22
Tractor Supply,TSCO,2024Q3,2024-09-27,분기말 종가,286.14,USD,API,https://query1.finance.yahoo.com/v8/finance/chart/TSCO?interval=1d&events=splits (2024-09-27),분할조정 종가 57.228 × 이후 분할계수 5,22
Tractor Supply,TSCO,2024Q3,2024-10-26,분기말 상장주식수,106839001,주,공시(표지 기준일),https://www.sec.gov/Archives/edgar/data/916365/000091636524000110/,dei:EntityCommonStockSharesOutstanding 클래스 합,22
Tractor Supply,TSCO,2024Q3,2024-09-27,분기말 시가총액,30570911746,USD,계산(종가×주식수),https://query1.finance.yahoo.com/v8/finance/chart/TSCO?interval=1d&events=splits (2024-09-27) ; https://www.sec.gov/Archives/edgar/data/916365/000091636524000110/,종가 286.14 × 주식수 106839001,22
Tractor Supply,TSCO,2024Q4,2024-12-28,분기별 매출액,3773531000,USD,계산(연간-3분기누적),https://www.sec.gov/Archives/edgar/data/916365/000091636525000076/ ; https://www.sec.gov/Archives/edgar/data/916365/000091636524000110/,연간 14883231000 − 9개월누적 11109700000 (Revenues),22
Tractor Supply,TSCO,2024Q4,2024-12-28,분기별 영업이익,318349000,USD,계산(연간-3분기누적),https://www.sec.gov/Archives/edgar/data/916365/000091636525000076/ ; https://www.sec.gov/Archives/edgar/data/916365/000091636524000110/,연간 1467532000 − 9개월누적 1149183000 (OperatingIncomeLoss),22
Tractor Supply,TSCO,2024Q4,2024-12-28,분기별 당기순이익(지배),236406000,USD,계산(연간-3분기누적),https://www.sec.gov/Archives/edgar/data/916365/000091636525000076/ ; https://www.sec.gov/Archives/edgar/data/916365/000091636524000110/,연간 1101240000 − 9개월누적 864834000 (NetIncomeLoss),22
Tractor Supply,TSCO,2024Q4,2024-12-28,분기별 영업활동현금흐름,517225000,USD,계산(누적차감),https://www.sec.gov/Archives/edgar/data/916365/000091636525000076/ ; https://www.sec.gov/Archives/edgar/data/916365/000091636524000110/,누적 1420835000 − 직전누적 903610000 (시작 2023-12-31),22
Tractor Supply,TSCO,2024Q4,2024-12-28,분기말 자산총계,9805485000,USD,공시,https://www.sec.gov/Archives/edgar/data/916365/000091636525000076/,,22
Tractor Supply,TSCO,2024Q4,2024-12-28,분기말 부채총계,7535151000,USD,공시,https://www.sec.gov/Archives/edgar/data/916365/000091636525000076/,,22
Tractor Supply,TSCO,2024Q4,2024-12-28,분기말 총자본(자기자본),2270334000,USD,공시(비지배 없음),https://www.sec.gov/Archives/edgar/data/916365/000091636525000076/,"StockholdersEquity, MinorityInterest 태그 없음",22
Tractor Supply,TSCO,2024Q4,2024-12-28,분기말 지배지분 자본,2270334000,USD,공시,https://www.sec.gov/Archives/edgar/data/916365/000091636525000076/,,22
Tractor Supply,TSCO,2024Q4,2024-12-27,분기말 종가,54.56,USD,API,https://query1.finance.yahoo.com/v8/finance/chart/TSCO?interval=1d&events=splits (2024-12-27),,22
Tractor Supply,TSCO,2024Q4,2025-01-25,분기말 상장주식수,531548314,주,공시(표지 기준일),https://www.sec.gov/Archives/edgar/data/916365/000091636525000076/,dei:EntityCommonStockSharesOutstanding 클래스 합,22
Tractor Supply,TSCO,2024Q4,2024-12-27,분기말 시가총액,29001276012,USD,계산(종가×주식수),https://query1.finance.yahoo.com/v8/finance/chart/TSCO?interval=1d&events=splits (2024-12-27) ; https://www.sec.gov/Archives/edgar/data/916365/000091636525000076/,종가 54.56 × 주식수 531548314,22
Tractor Supply,TSCO,2025Q1,2025-03-29,분기별 매출액,3466952000,USD,공시,https://www.sec.gov/Archives/edgar/data/916365/000091636525000089/,,22
Tractor Supply,TSCO,2025Q1,2025-03-29,분기별 영업이익,249137000,USD,공시,https://www.sec.gov/Archives/edgar/data/916365/000091636525000089/,,22
Tractor Supply,TSCO,2025Q1,2025-03-29,분기별 당기순이익(지배),179369000,USD,공시,https://www.sec.gov/Archives/edgar/data/916365/000091636525000089/,,22
Tractor Supply,TSCO,2025Q1,2025-03-29,분기별 영업활동현금흐름,216775000,USD,공시,https://www.sec.gov/Archives/edgar/data/916365/000091636525000089/,,22
Tractor Supply,TSCO,2025Q1,2025-03-29,분기말 자산총계,10385317000,USD,공시,https://www.sec.gov/Archives/edgar/data/916365/000091636525000089/,,22
Tractor Supply,TSCO,2025Q1,2025-03-29,분기말 부채총계,8146777000,USD,공시,https://www.sec.gov/Archives/edgar/data/916365/000091636525000089/,,22
Tractor Supply,TSCO,2025Q1,2025-03-29,분기말 총자본(자기자본),2238540000,USD,공시(비지배 없음),https://www.sec.gov/Archives/edgar/data/916365/000091636525000089/,"StockholdersEquity, MinorityInterest 태그 없음",22
Tractor Supply,TSCO,2025Q1,2025-03-29,분기말 지배지분 자본,2238540000,USD,공시,https://www.sec.gov/Archives/edgar/data/916365/000091636525000089/,,22
Tractor Supply,TSCO,2025Q1,2025-03-28,분기말 종가,53.47,USD,API,https://query1.finance.yahoo.com/v8/finance/chart/TSCO?interval=1d&events=splits (2025-03-28),,22
Tractor Supply,TSCO,2025Q1,2025-04-26,분기말 상장주식수,530202933,주,공시(표지 기준일),https://www.sec.gov/Archives/edgar/data/916365/000091636525000089/,dei:EntityCommonStockSharesOutstanding 클래스 합,22
Tractor Supply,TSCO,2025Q1,2025-03-28,분기말 시가총액,28349950828,USD,계산(종가×주식수),https://query1.finance.yahoo.com/v8/finance/chart/TSCO?interval=1d&events=splits (2025-03-28) ; https://www.sec.gov/Archives/edgar/data/916365/000091636525000089/,종가 53.47 × 주식수 530202933,22
Tractor Supply,TSCO,2025Q2,2025-06-28,분기별 매출액,4439729000,USD,공시,https://www.sec.gov/Archives/edgar/data/916365/000091636525000150/,,22
Tractor Supply,TSCO,2025Q2,2025-06-28,분기별 영업이익,577812000,USD,공시,https://www.sec.gov/Archives/edgar/data/916365/000091636525000150/,,22
Tractor Supply,TSCO,2025Q2,2025-06-28,분기별 당기순이익(지배),430043000,USD,공시,https://www.sec.gov/Archives/edgar/data/916365/000091636525000150/,,22
Tractor Supply,TSCO,2025Q2,2025-06-28,분기별 영업활동현금흐름,785800000,USD,계산(누적차감),https://www.sec.gov/Archives/edgar/data/916365/000091636525000150/ ; https://www.sec.gov/Archives/edgar/data/916365/000091636525000089/,누적 1002575000 − 직전누적 216775000 (시작 2024-12-29),22
Tractor Supply,TSCO,2025Q2,2025-06-28,분기말 자산총계,10558795000,USD,공시,https://www.sec.gov/Archives/edgar/data/916365/000091636525000150/,,22
Tractor Supply,TSCO,2025Q2,2025-06-28,분기말 부채총계,8068486000,USD,공시,https://www.sec.gov/Archives/edgar/data/916365/000091636525000150/,,22
Tractor Supply,TSCO,2025Q2,2025-06-28,분기말 총자본(자기자본),2490309000,USD,공시(비지배 없음),https://www.sec.gov/Archives/edgar/data/916365/000091636525000150/,"StockholdersEquity, MinorityInterest 태그 없음",22
Tractor Supply,TSCO,2025Q2,2025-06-28,분기말 지배지분 자본,2490309000,USD,공시,https://www.sec.gov/Archives/edgar/data/916365/000091636525000150/,,22
Tractor Supply,TSCO,2025Q2,2025-06-27,분기말 종가,51.71,USD,API,https://query1.finance.yahoo.com/v8/finance/chart/TSCO?interval=1d&events=splits (2025-06-27),,22
Tractor Supply,TSCO,2025Q2,2025-07-26,분기말 상장주식수,529951669,주,공시(표지 기준일),https://www.sec.gov/Archives/edgar/data/916365/000091636525000150/,dei:EntityCommonStockSharesOutstanding 클래스 합,22
Tractor Supply,TSCO,2025Q2,2025-06-27,분기말 시가총액,27403800804,USD,계산(종가×주식수),https://query1.finance.yahoo.com/v8/finance/chart/TSCO?interval=1d&events=splits (2025-06-27) ; https://www.sec.gov/Archives/edgar/data/916365/000091636525000150/,종가 51.71 × 주식수 529951669,22
Tractor Supply,TSCO,2025Q3,2025-09-27,분기별 매출액,3719044000,USD,공시,https://www.sec.gov/Archives/edgar/data/916365/000091636525000163/,,22
Tractor Supply,TSCO,2025Q3,2025-09-27,분기별 영업이익,342709000,USD,공시,https://www.sec.gov/Archives/edgar/data/916365/000091636525000163/,,22
Tractor Supply,TSCO,2025Q3,2025-09-27,분기별 당기순이익(지배),259268000,USD,공시,https://www.sec.gov/Archives/edgar/data/916365/000091636525000163/,,22
Tractor Supply,TSCO,2025Q3,2025-09-27,분기별 영업활동현금흐름,307850000,USD,계산(누적차감),https://www.sec.gov/Archives/edgar/data/916365/000091636525000163/ ; https://www.sec.gov/Archives/edgar/data/916365/000091636525000150/,누적 1310425000 − 직전누적 1002575000 (시작 2024-12-29),22
Tractor Supply,TSCO,2025Q3,2025-09-27,분기말 자산총계,10876602000,USD,공시,https://www.sec.gov/Archives/edgar/data/916365/000091636525000163/,,22
Tractor Supply,TSCO,2025Q3,2025-09-27,분기말 부채총계,8303417000,USD,공시,https://www.sec.gov/Archives/edgar/data/916365/000091636525000163/,,22
Tractor Supply,TSCO,2025Q3,2025-09-27,분기말 총자본(자기자본),2573185000,USD,공시(비지배 없음),https://www.sec.gov/Archives/edgar/data/916365/000091636525000163/,"StockholdersEquity, MinorityInterest 태그 없음",22
Tractor Supply,TSCO,2025Q3,2025-09-27,분기말 지배지분 자본,2573185000,USD,공시,https://www.sec.gov/Archives/edgar/data/916365/000091636525000163/,,22
Tractor Supply,TSCO,2025Q3,2025-09-26,분기말 종가,56.52,USD,API,https://query1.finance.yahoo.com/v8/finance/chart/TSCO?interval=1d&events=splits (2025-09-26),,22
Tractor Supply,TSCO,2025Q3,2025-10-25,분기말 상장주식수,528403595,주,공시(표지 기준일),https://www.sec.gov/Archives/edgar/data/916365/000091636525000163/,dei:EntityCommonStockSharesOutstanding 클래스 합,22
Tractor Supply,TSCO,2025Q3,2025-09-26,분기말 시가총액,29865371189,USD,계산(종가×주식수),https://query1.finance.yahoo.com/v8/finance/chart/TSCO?interval=1d&events=splits (2025-09-26) ; https://www.sec.gov/Archives/edgar/data/916365/000091636525000163/,종가 56.52 × 주식수 528403595,22
Tractor Supply,TSCO,2025Q4,2025-12-27,분기별 매출액,3898320000,USD,계산(연간-3분기누적),https://www.sec.gov/Archives/edgar/data/916365/000091636526000014/ ; https://www.sec.gov/Archives/edgar/data/916365/000091636525000163/,연간 15524046000 − 9개월누적 11625726000 (Revenues),22
Tractor Supply,TSCO,2025Q4,2025-12-27,분기별 영업이익,297731000,USD,계산(연간-3분기누적),https://www.sec.gov/Archives/edgar/data/916365/000091636526000014/ ; https://www.sec.gov/Archives/edgar/data/916365/000091636525000163/,연간 1467389000 − 9개월누적 1169658000 (OperatingIncomeLoss),22
Tractor Supply,TSCO,2025Q4,2025-12-27,분기별 당기순이익(지배),227407000,USD,계산(연간-3분기누적),https://www.sec.gov/Archives/edgar/data/916365/000091636526000014/ ; https://www.sec.gov/Archives/edgar/data/916365/000091636525000163/,연간 1096087000 − 9개월누적 868680000 (NetIncomeLoss),22
Tractor Supply,TSCO,2025Q4,2025-12-27,분기별 영업활동현금흐름,324834000,USD,계산(누적차감),https://www.sec.gov/Archives/edgar/data/916365/000091636526000014/ ; https://www.sec.gov/Archives/edgar/data/916365/000091636525000163/,누적 1635259000 − 직전누적 1310425000 (시작 2024-12-29),22
Tractor Supply,TSCO,2025Q4,2025-12-27,분기말 자산총계,10933679000,USD,공시,https://www.sec.gov/Archives/edgar/data/916365/000091636526000014/,,22
Tractor Supply,TSCO,2025Q4,2025-12-27,분기말 부채총계,8352386000,USD,공시,https://www.sec.gov/Archives/edgar/data/916365/000091636526000014/,,22
Tractor Supply,TSCO,2025Q4,2025-12-27,분기말 총자본(자기자본),2581293000,USD,공시(비지배 없음),https://www.sec.gov/Archives/edgar/data/916365/000091636526000014/,"StockholdersEquity, MinorityInterest 태그 없음",22
Tractor Supply,TSCO,2025Q4,2025-12-27,분기말 지배지분 자본,2581293000,USD,공시,https://www.sec.gov/Archives/edgar/data/916365/000091636526000014/,,22
Tractor Supply,TSCO,2025Q4,2025-12-26,분기말 종가,51.39,USD,API,https://query1.finance.yahoo.com/v8/finance/chart/TSCO?interval=1d&events=splits (2025-12-26),,22
Tractor Supply,TSCO,2025Q4,2026-01-24,분기말 상장주식수,526351286,주,공시(표지 기준일),https://www.sec.gov/Archives/edgar/data/916365/000091636526000014/,dei:EntityCommonStockSharesOutstanding 클래스 합,22
Tractor Supply,TSCO,2025Q4,2025-12-26,분기말 시가총액,27049192588,USD,계산(종가×주식수),https://query1.finance.yahoo.com/v8/finance/chart/TSCO?interval=1d&events=splits (2025-12-26) ; https://www.sec.gov/Archives/edgar/data/916365/000091636526000014/,종가 51.39 × 주식수 526351286,22
Tractor Supply,TSCO,2026Q1,2026-03-28,분기별 매출액,3592046000,USD,공시,https://www.sec.gov/Archives/edgar/data/916365/000091636526000024/,,22
Tractor Supply,TSCO,2026Q1,2026-03-28,분기별 영업이익,233431000,USD,공시,https://www.sec.gov/Archives/edgar/data/916365/000091636526000024/,,22
Tractor Supply,TSCO,2026Q1,2026-03-28,분기별 당기순이익(지배),164524000,USD,공시,https://www.sec.gov/Archives/edgar/data/916365/000091636526000024/,,22
Tractor Supply,TSCO,2026Q1,2026-03-28,분기별 영업활동현금흐름,91120000,USD,공시,https://www.sec.gov/Archives/edgar/data/916365/000091636526000024/,,22
Tractor Supply,TSCO,2026Q1,2026-03-28,분기말 자산총계,11662097000,USD,공시,https://www.sec.gov/Archives/edgar/data/916365/000091636526000024/,,22
Tractor Supply,TSCO,2026Q1,2026-03-28,분기말 부채총계,9148348000,USD,공시,https://www.sec.gov/Archives/edgar/data/916365/000091636526000024/,,22
Tractor Supply,TSCO,2026Q1,2026-03-28,분기말 총자본(자기자본),2513749000,USD,공시(비지배 없음),https://www.sec.gov/Archives/edgar/data/916365/000091636526000024/,"StockholdersEquity, MinorityInterest 태그 없음",22
Tractor Supply,TSCO,2026Q1,2026-03-28,분기말 지배지분 자본,2513749000,USD,공시,https://www.sec.gov/Archives/edgar/data/916365/000091636526000024/,,22
Tractor Supply,TSCO,2026Q1,2026-03-27,분기말 종가,44.87,USD,API,https://query1.finance.yahoo.com/v8/finance/chart/TSCO?interval=1d&events=splits (2026-03-27),,22
Tractor Supply,TSCO,2026Q1,2026-04-25,분기말 상장주식수,524449616,주,공시(표지 기준일),https://www.sec.gov/Archives/edgar/data/916365/000091636526000024/,dei:EntityCommonStockSharesOutstanding 클래스 합,22
Tractor Supply,TSCO,2026Q1,2026-03-27,분기말 시가총액,23532054270,USD,계산(종가×주식수),https://query1.finance.yahoo.com/v8/finance/chart/TSCO?interval=1d&events=splits (2026-03-27) ; https://www.sec.gov/Archives/edgar/data/916365/000091636526000024/,종가 44.87 × 주식수 524449616,22
Tractor Supply,TSCO,2026Q2,2026-06-27,분기별 매출액,4541314000,USD,공시,https://www.sec.gov/Archives/edgar/data/916365/000091636526000059/,,22
Tractor Supply,TSCO,2026Q2,2026-06-27,분기별 영업이익,467115000,USD,공시,https://www.sec.gov/Archives/edgar/data/916365/000091636526000059/,,22
Tractor Supply,TSCO,2026Q2,2026-06-27,분기별 당기순이익(지배),360715000,USD,공시,https://www.sec.gov/Archives/edgar/data/916365/000091636526000059/,,22
Tractor Supply,TSCO,2026Q2,2026-06-27,분기별 영업활동현금흐름,562016000,USD,계산(누적차감),https://www.sec.gov/Archives/edgar/data/916365/000091636526000059/ ; https://www.sec.gov/Archives/edgar/data/916365/000091636526000024/,누적 653136000 − 직전누적 91120000 (시작 2025-12-28),22
Tractor Supply,TSCO,2026Q2,2026-06-27,분기말 자산총계,12161821000,USD,공시,https://www.sec.gov/Archives/edgar/data/916365/000091636526000059/,,22
Tractor Supply,TSCO,2026Q2,2026-06-27,분기말 부채총계,9530256000,USD,공시,https://www.sec.gov/Archives/edgar/data/916365/000091636526000059/,,22
Tractor Supply,TSCO,2026Q2,2026-06-27,분기말 총자본(자기자본),2631565000,USD,공시(비지배 없음),https://www.sec.gov/Archives/edgar/data/916365/000091636526000059/,"StockholdersEquity, MinorityInterest 태그 없음",22
Tractor Supply,TSCO,2026Q2,2026-06-27,분기말 지배지분 자본,2631565000,USD,공시,https://www.sec.gov/Archives/edgar/data/916365/000091636526000059/,,22
Tractor Supply,TSCO,2026Q2,2026-06-26,분기말 종가,31.21,USD,API,https://query1.finance.yahoo.com/v8/finance/chart/TSCO?interval=1d&events=splits (2026-06-26),,22
Tractor Supply,TSCO,2026Q2,2026-07-25,분기말 상장주식수,521040137,주,공시(표지 기준일),https://www.sec.gov/Archives/edgar/data/916365/000091636526000059/,dei:EntityCommonStockSharesOutstanding 클래스 합,22
Tractor Supply,TSCO,2026Q2,2026-06-26,분기말 시가총액,16261662676,USD,계산(종가×주식수),https://query1.finance.yahoo.com/v8/finance/chart/TSCO?interval=1d&events=splits (2026-06-26) ; https://www.sec.gov/Archives/edgar/data/916365/000091636526000059/,종가 31.21 × 주식수 521040137,22
