기업,종목코드,기간,기준일,항목,값,통화,값구분,출처,검산,라운드
Take-Two Interactive,TTWO,2010Q1,2010-04-30,분기별 매출액,미확인,USD,미확인,https://www.sec.gov/Archives/edgar/data/946581/000104746910005839/,,12
Take-Two Interactive,TTWO,2010Q1,2010-04-30,분기별 영업이익,미확인,USD,미확인,https://www.sec.gov/Archives/edgar/data/946581/000104746910005839/,,12
Take-Two Interactive,TTWO,2010Q1,2010-04-30,분기별 당기순이익(지배),미확인,USD,미확인,https://www.sec.gov/Archives/edgar/data/946581/000104746910005839/,,12
Take-Two Interactive,TTWO,2010Q1,2010-04-30,분기별 영업활동현금흐름,미확인,USD,미확인,https://www.sec.gov/Archives/edgar/data/946581/000104746910005839/,,12
Take-Two Interactive,TTWO,2010Q1,2010-04-30,분기말 자산총계,미확인,USD,미확인,https://www.sec.gov/Archives/edgar/data/946581/000104746910005839/,,12
Take-Two Interactive,TTWO,2010Q1,2010-04-30,분기말 부채총계,미확인,USD,미확인,https://www.sec.gov/Archives/edgar/data/946581/000104746910005839/,,12
Take-Two Interactive,TTWO,2010Q1,2010-04-30,분기말 총자본(자기자본),미확인,USD,미확인,https://www.sec.gov/Archives/edgar/data/946581/000104746910005839/,,12
Take-Two Interactive,TTWO,2010Q1,2010-04-30,분기말 지배지분 자본,미확인,USD,미확인,https://www.sec.gov/Archives/edgar/data/946581/000104746910005839/,,12
Take-Two Interactive,TTWO,2010Q1,2010-04-30,분기말 종가,10.85,USD,API,https://query1.finance.yahoo.com/v8/finance/chart/TTWO?interval=1d&events=splits (2010-04-30),,12
Take-Two Interactive,TTWO,2010Q1,2010-04-30,분기말 상장주식수,미확인,,미확인,SEC companyfacts·XBRL 원문 모두 dei 표지 주식수 없음,,12
Take-Two Interactive,TTWO,2010Q1,2010-04-30,분기말 시가총액,미확인,,미확인,SEC companyfacts·XBRL 원문 모두 dei 표지 주식수 없음,,12
Take-Two Interactive,TTWO,2010Q2,2010-07-31,분기별 매출액,미확인,USD,미확인,https://www.sec.gov/Archives/edgar/data/946581/000104746910007879/,,12
Take-Two Interactive,TTWO,2010Q2,2010-07-31,분기별 영업이익,20685000,USD,공시,https://www.sec.gov/Archives/edgar/data/946581/000104746910007879/,,12
Take-Two Interactive,TTWO,2010Q2,2010-07-31,분기별 당기순이익(지배),5920000,USD,공시(비지배 없음),https://www.sec.gov/Archives/edgar/data/946581/000104746910007879/,,12
Take-Two Interactive,TTWO,2010Q2,2010-07-31,분기별 영업활동현금흐름,데이터 없음(직전 분기 누적 보고서 없음),USD,데이터 없음(직전 보고서 없음),https://www.sec.gov/Archives/edgar/data/946581/000104746910007879/,,12
Take-Two Interactive,TTWO,2010Q2,2010-07-31,분기말 자산총계,944159000,USD,공시,https://www.sec.gov/Archives/edgar/data/946581/000104746910007879/,,12
Take-Two Interactive,TTWO,2010Q2,2010-07-31,분기말 부채총계,395961000,USD,공시,https://www.sec.gov/Archives/edgar/data/946581/000104746910007879/,,12
Take-Two Interactive,TTWO,2010Q2,2010-07-31,분기말 총자본(자기자본),548198000,USD,공시,https://www.sec.gov/Archives/edgar/data/946581/000104746910007879/,,12
Take-Two Interactive,TTWO,2010Q2,2010-07-31,분기말 지배지분 자본,548198000,USD,공시(비지배 없음),https://www.sec.gov/Archives/edgar/data/946581/000104746910007879/,"StockholdersEquityIncludingPortionAttributableToNoncontrollingInterest, MinorityInterest 태그 없음",12
Take-Two Interactive,TTWO,2010Q2,2010-07-30,분기말 종가,10.25,USD,API,https://query1.finance.yahoo.com/v8/finance/chart/TTWO?interval=1d&events=splits (2010-07-30),,12
Take-Two Interactive,TTWO,2010Q2,2010-08-31,분기말 상장주식수,84977766,주,공시(표지 기준일),https://www.sec.gov/Archives/edgar/data/946581/000104746910007879/,dei:EntityCommonStockSharesOutstanding 클래스 합,12
Take-Two Interactive,TTWO,2010Q2,2010-07-30,분기말 시가총액,871022102,USD,계산(종가×주식수),https://query1.finance.yahoo.com/v8/finance/chart/TTWO?interval=1d&events=splits (2010-07-30) ; https://www.sec.gov/Archives/edgar/data/946581/000104746910007879/,종가 10.25 × 주식수 84977766,12
Take-Two Interactive,TTWO,2010Q3,,분기별 매출액,미확인,,미확인,해당 라벨 보고서 없음,,12
Take-Two Interactive,TTWO,2010Q3,,분기별 영업이익,미확인,,미확인,해당 라벨 보고서 없음,,12
Take-Two Interactive,TTWO,2010Q3,,분기별 당기순이익(지배),미확인,,미확인,해당 라벨 보고서 없음,,12
Take-Two Interactive,TTWO,2010Q3,,분기별 영업활동현금흐름,미확인,,미확인,해당 라벨 보고서 없음,,12
Take-Two Interactive,TTWO,2010Q3,,분기말 자산총계,미확인,,미확인,해당 라벨 보고서 없음,,12
Take-Two Interactive,TTWO,2010Q3,,분기말 부채총계,미확인,,미확인,해당 라벨 보고서 없음,,12
Take-Two Interactive,TTWO,2010Q3,,분기말 총자본(자기자본),미확인,,미확인,해당 라벨 보고서 없음,,12
Take-Two Interactive,TTWO,2010Q3,,분기말 지배지분 자본,미확인,,미확인,해당 라벨 보고서 없음,,12
Take-Two Interactive,TTWO,2010Q3,,분기말 종가,미확인,,미확인,해당 라벨 보고서 없음,,12
Take-Two Interactive,TTWO,2010Q3,,분기말 상장주식수,미확인,,미확인,해당 라벨 보고서 없음,,12
Take-Two Interactive,TTWO,2010Q3,,분기말 시가총액,미확인,,미확인,해당 라벨 보고서 없음,,12
Take-Two Interactive,TTWO,2010Q4,2010-12-31,분기별 매출액,미확인,USD,미확인,https://www.sec.gov/Archives/edgar/data/946581/000104746911000635/,,12
Take-Two Interactive,TTWO,2010Q4,2010-12-31,분기별 영업이익,48682000,USD,공시,https://www.sec.gov/Archives/edgar/data/946581/000104746911000635/,,12
Take-Two Interactive,TTWO,2010Q4,2010-12-31,분기별 당기순이익(지배),40859000,USD,공시(비지배 없음),https://www.sec.gov/Archives/edgar/data/946581/000104746911000635/,,12
Take-Two Interactive,TTWO,2010Q4,2010-12-31,분기별 영업활동현금흐름,데이터 없음(직전 분기 누적 보고서 없음),USD,데이터 없음(직전 보고서 없음),https://www.sec.gov/Archives/edgar/data/946581/000104746911000635/,,12
Take-Two Interactive,TTWO,2010Q4,2010-12-31,분기말 자산총계,976599000,USD,공시,https://www.sec.gov/Archives/edgar/data/946581/000104746911000635/,,12
Take-Two Interactive,TTWO,2010Q4,2010-12-31,분기말 부채총계,357509000,USD,공시,https://www.sec.gov/Archives/edgar/data/946581/000104746911000635/,,12
Take-Two Interactive,TTWO,2010Q4,2010-12-31,분기말 총자본(자기자본),619090000,USD,공시,https://www.sec.gov/Archives/edgar/data/946581/000104746911000635/,,12
Take-Two Interactive,TTWO,2010Q4,2010-12-31,분기말 지배지분 자본,619090000,USD,공시(비지배 없음),https://www.sec.gov/Archives/edgar/data/946581/000104746911000635/,"StockholdersEquityIncludingPortionAttributableToNoncontrollingInterest, MinorityInterest 태그 없음",12
Take-Two Interactive,TTWO,2010Q4,2010-12-31,분기말 종가,12.27,USD,API,https://query1.finance.yahoo.com/v8/finance/chart/TTWO?interval=1d&events=splits (2010-12-31),,12
Take-Two Interactive,TTWO,2010Q4,2011-02-02,분기말 상장주식수,85529946,주,공시(표지 기준일),https://www.sec.gov/Archives/edgar/data/946581/000104746911000635/,dei:EntityCommonStockSharesOutstanding 클래스 합,12
Take-Two Interactive,TTWO,2010Q4,2010-12-31,분기말 시가총액,1049452437,USD,계산(종가×주식수),https://query1.finance.yahoo.com/v8/finance/chart/TTWO?interval=1d&events=splits (2010-12-31) ; https://www.sec.gov/Archives/edgar/data/946581/000104746911000635/,종가 12.27 × 주식수 85529946,12
Take-Two Interactive,TTWO,2011Q1,2011-03-31,분기별 매출액,182255000,USD,공시(후속 보고서 비교기간),https://www.sec.gov/Archives/edgar/data/946581/000104746912006226/,SalesRevenueNet ; 그 분기 보고서에 연결 총계가 없어 2012-05-23 제출본의 비교기간에서 읽었다,12
Take-Two Interactive,TTWO,2011Q1,2011-03-31,분기별 영업이익,-19960000,USD,계산(연간-3분기누적),https://www.sec.gov/Archives/edgar/data/946581/000104746911005488/ ; https://www.sec.gov/Archives/edgar/data/946581/000104746911000635/,연간 77142000 − 9개월누적 97102000 (OperatingIncomeLoss),12
Take-Two Interactive,TTWO,2011Q1,2011-03-31,분기별 당기순이익(지배),-22054000,USD,"계산(연간-3분기누적, 비지배 없음)",https://www.sec.gov/Archives/edgar/data/946581/000104746911005488/ ; https://www.sec.gov/Archives/edgar/data/946581/000104746911000635/,연간 48458000 − 9개월누적 70512000 (ProfitLoss),12
Take-Two Interactive,TTWO,2011Q1,2011-03-31,분기별 영업활동현금흐름,-20373000,USD,계산(누적차감),https://www.sec.gov/Archives/edgar/data/946581/000104746911005488/ ; https://www.sec.gov/Archives/edgar/data/946581/000104746911000635/,누적 134798000 − 직전누적 155171000 (시작 2010-04-01),12
Take-Two Interactive,TTWO,2011Q1,2011-03-31,분기말 자산총계,971659000,USD,공시,https://www.sec.gov/Archives/edgar/data/946581/000104746911005488/,,12
Take-Two Interactive,TTWO,2011Q1,2011-03-31,분기말 부채총계,356380000,USD,공시,https://www.sec.gov/Archives/edgar/data/946581/000104746911005488/,,12
Take-Two Interactive,TTWO,2011Q1,2011-03-31,분기말 총자본(자기자본),615279000,USD,공시,https://www.sec.gov/Archives/edgar/data/946581/000104746911005488/,,12
Take-Two Interactive,TTWO,2011Q1,2011-03-31,분기말 지배지분 자본,615279000,USD,공시(비지배 없음),https://www.sec.gov/Archives/edgar/data/946581/000104746911005488/,"StockholdersEquityIncludingPortionAttributableToNoncontrollingInterest, MinorityInterest 태그 없음",12
Take-Two Interactive,TTWO,2011Q1,2011-03-31,분기말 종가,15.37,USD,API,https://query1.finance.yahoo.com/v8/finance/chart/TTWO?interval=1d&events=splits (2011-03-31),,12
Take-Two Interactive,TTWO,2011Q1,2011-05-23,분기말 상장주식수,86678915,주,공시(표지 기준일),https://www.sec.gov/Archives/edgar/data/946581/000104746911005488/,dei:EntityCommonStockSharesOutstanding 클래스 합,12
Take-Two Interactive,TTWO,2011Q1,2011-03-31,분기말 시가총액,1332254924,USD,계산(종가×주식수),https://query1.finance.yahoo.com/v8/finance/chart/TTWO?interval=1d&events=splits (2011-03-31) ; https://www.sec.gov/Archives/edgar/data/946581/000104746911005488/,종가 15.37 × 주식수 86678915,12
Take-Two Interactive,TTWO,2011Q2,2011-06-30,분기별 매출액,334380000,USD,공시(후속 보고서 비교기간),https://www.sec.gov/Archives/edgar/data/946581/000104746912006226/,SalesRevenueNet ; 그 분기 보고서에 연결 총계가 없어 2012-05-23 제출본의 비교기간에서 읽었다,12
Take-Two Interactive,TTWO,2011Q2,2011-06-30,분기별 영업이익,-1863000,USD,공시,https://www.sec.gov/Archives/edgar/data/946581/000104746911007115/,,12
Take-Two Interactive,TTWO,2011Q2,2011-06-30,분기별 당기순이익(지배),-8713000,USD,공시,https://www.sec.gov/Archives/edgar/data/946581/000104746911007115/,,12
Take-Two Interactive,TTWO,2011Q2,2011-06-30,분기별 영업활동현금흐름,-28406000,USD,공시,https://www.sec.gov/Archives/edgar/data/946581/000104746911007115/,,12
Take-Two Interactive,TTWO,2011Q2,2011-06-30,분기말 자산총계,1003577000,USD,공시,https://www.sec.gov/Archives/edgar/data/946581/000104746911007115/,,12
Take-Two Interactive,TTWO,2011Q2,2011-06-30,분기말 부채총계,388310000,USD,공시,https://www.sec.gov/Archives/edgar/data/946581/000104746911007115/,,12
Take-Two Interactive,TTWO,2011Q2,2011-06-30,분기말 총자본(자기자본),615267000,USD,공시(비지배 없음),https://www.sec.gov/Archives/edgar/data/946581/000104746911007115/,"StockholdersEquity, MinorityInterest 태그 없음",12
Take-Two Interactive,TTWO,2011Q2,2011-06-30,분기말 지배지분 자본,615267000,USD,공시,https://www.sec.gov/Archives/edgar/data/946581/000104746911007115/,,12
Take-Two Interactive,TTWO,2011Q2,2011-06-30,분기말 종가,15.28,USD,API,https://query1.finance.yahoo.com/v8/finance/chart/TTWO?interval=1d&events=splits (2011-06-30),,12
Take-Two Interactive,TTWO,2011Q2,2011-08-03,분기말 상장주식수,86743220,주,공시(표지 기준일),https://www.sec.gov/Archives/edgar/data/946581/000104746911007115/,dei:EntityCommonStockSharesOutstanding 클래스 합,12
Take-Two Interactive,TTWO,2011Q2,2011-06-30,분기말 시가총액,1325436402,USD,계산(종가×주식수),https://query1.finance.yahoo.com/v8/finance/chart/TTWO?interval=1d&events=splits (2011-06-30) ; https://www.sec.gov/Archives/edgar/data/946581/000104746911007115/,종가 15.28 × 주식수 86743220,12
Take-Two Interactive,TTWO,2011Q3,2011-09-30,분기별 매출액,107034000,USD,공시(후속 보고서 비교기간),https://www.sec.gov/Archives/edgar/data/946581/000104746912006226/,SalesRevenueNet ; 그 분기 보고서에 연결 총계가 없어 2012-05-23 제출본의 비교기간에서 읽었다,12
Take-Two Interactive,TTWO,2011Q3,2011-09-30,분기별 영업이익,-41509000,USD,공시,https://www.sec.gov/Archives/edgar/data/946581/000104746911009224/,,12
Take-Two Interactive,TTWO,2011Q3,2011-09-30,분기별 당기순이익(지배),-47371000,USD,공시,https://www.sec.gov/Archives/edgar/data/946581/000104746911009224/,,12
Take-Two Interactive,TTWO,2011Q3,2011-09-30,분기별 영업활동현금흐름,18174000,USD,계산(누적차감),https://www.sec.gov/Archives/edgar/data/946581/000104746911009224/ ; https://www.sec.gov/Archives/edgar/data/946581/000104746911007115/,누적 -10232000 − 직전누적 -28406000 (시작 2011-04-01),12
Take-Two Interactive,TTWO,2011Q3,2011-09-30,분기말 자산총계,931916000,USD,공시,https://www.sec.gov/Archives/edgar/data/946581/000104746911009224/,,12
Take-Two Interactive,TTWO,2011Q3,2011-09-30,분기말 부채총계,366034000,USD,공시,https://www.sec.gov/Archives/edgar/data/946581/000104746911009224/,,12
Take-Two Interactive,TTWO,2011Q3,2011-09-30,분기말 총자본(자기자본),565882000,USD,공시(비지배 없음),https://www.sec.gov/Archives/edgar/data/946581/000104746911009224/,"StockholdersEquity, MinorityInterest 태그 없음",12
Take-Two Interactive,TTWO,2011Q3,2011-09-30,분기말 지배지분 자본,565882000,USD,공시,https://www.sec.gov/Archives/edgar/data/946581/000104746911009224/,,12
Take-Two Interactive,TTWO,2011Q3,2011-09-30,분기말 종가,12.72,USD,API,https://query1.finance.yahoo.com/v8/finance/chart/TTWO?interval=1d&events=splits (2011-09-30),,12
Take-Two Interactive,TTWO,2011Q3,2011-11-03,분기말 상장주식수,86659775,주,공시(표지 기준일),https://www.sec.gov/Archives/edgar/data/946581/000104746911009224/,dei:EntityCommonStockSharesOutstanding 클래스 합,12
Take-Two Interactive,TTWO,2011Q3,2011-09-30,분기말 시가총액,1102312338,USD,계산(종가×주식수),https://query1.finance.yahoo.com/v8/finance/chart/TTWO?interval=1d&events=splits (2011-09-30) ; https://www.sec.gov/Archives/edgar/data/946581/000104746911009224/,종가 12.72 × 주식수 86659775,12
Take-Two Interactive,TTWO,2011Q4,2011-12-31,분기별 매출액,미확인,USD,미확인,https://www.sec.gov/Archives/edgar/data/946581/000104746912000587/,,12
Take-Two Interactive,TTWO,2011Q4,2011-12-31,분기별 영업이익,20248000,USD,공시,https://www.sec.gov/Archives/edgar/data/946581/000104746912000587/,,12
Take-Two Interactive,TTWO,2011Q4,2011-12-31,분기별 당기순이익(지배),14104000,USD,공시,https://www.sec.gov/Archives/edgar/data/946581/000104746912000587/,,12
Take-Two Interactive,TTWO,2011Q4,2011-12-31,분기별 영업활동현금흐름,-44373000,USD,계산(누적차감),https://www.sec.gov/Archives/edgar/data/946581/000104746912000587/ ; https://www.sec.gov/Archives/edgar/data/946581/000104746911009224/,누적 -54605000 − 직전누적 -10232000 (시작 2011-04-01),12
Take-Two Interactive,TTWO,2011Q4,2011-12-31,분기말 자산총계,1140596000,USD,공시,https://www.sec.gov/Archives/edgar/data/946581/000104746912000587/,,12
Take-Two Interactive,TTWO,2011Q4,2011-12-31,분기말 부채총계,499111000,USD,공시,https://www.sec.gov/Archives/edgar/data/946581/000104746912000587/,,12
Take-Two Interactive,TTWO,2011Q4,2011-12-31,분기말 총자본(자기자본),641485000,USD,공시(비지배 없음),https://www.sec.gov/Archives/edgar/data/946581/000104746912000587/,"StockholdersEquity, MinorityInterest 태그 없음",12
Take-Two Interactive,TTWO,2011Q4,2011-12-31,분기말 지배지분 자본,641485000,USD,공시,https://www.sec.gov/Archives/edgar/data/946581/000104746912000587/,,12
Take-Two Interactive,TTWO,2011Q4,2011-12-30,분기말 종가,13.55,USD,API,https://query1.finance.yahoo.com/v8/finance/chart/TTWO?interval=1d&events=splits (2011-12-30),,12
Take-Two Interactive,TTWO,2011Q4,2012-01-31,분기말 상장주식수,89577402,주,공시(표지 기준일),https://www.sec.gov/Archives/edgar/data/946581/000104746912000587/,dei:EntityCommonStockSharesOutstanding 클래스 합,12
Take-Two Interactive,TTWO,2011Q4,2011-12-30,분기말 시가총액,1213773797,USD,계산(종가×주식수),https://query1.finance.yahoo.com/v8/finance/chart/TTWO?interval=1d&events=splits (2011-12-30) ; https://www.sec.gov/Archives/edgar/data/946581/000104746912000587/,종가 13.55 × 주식수 89577402,12
Take-Two Interactive,TTWO,2012Q1,2012-03-31,분기별 매출액,148084000,USD,공시(후속 보고서 비교기간),https://www.sec.gov/Archives/edgar/data/946581/000104746912006226/,SalesRevenueNet ; 그 분기 보고서에 연결 총계가 없어 2012-05-23 제출본의 비교기간에서 읽었다,12
Take-Two Interactive,TTWO,2012Q1,2012-03-31,분기별 영업이익,-61142000,USD,계산(연간-3분기누적),https://www.sec.gov/Archives/edgar/data/946581/000104746912006226/ ; https://www.sec.gov/Archives/edgar/data/946581/000104746912000587/,연간 -84266000 − 9개월누적 -23124000 (OperatingIncomeLoss),12
Take-Two Interactive,TTWO,2012Q1,2012-03-31,분기별 당기순이익(지배),-66836000,USD,계산(연간-3분기누적),https://www.sec.gov/Archives/edgar/data/946581/000104746912006226/ ; https://www.sec.gov/Archives/edgar/data/946581/000104746912000587/,연간 -108816000 − 9개월누적 -41980000 (NetIncomeLoss),12
Take-Two Interactive,TTWO,2012Q1,2012-03-31,분기별 영업활동현금흐름,-30359000,USD,계산(누적차감),https://www.sec.gov/Archives/edgar/data/946581/000104746912006226/ ; https://www.sec.gov/Archives/edgar/data/946581/000104746912000587/,누적 -84964000 − 직전누적 -54605000 (시작 2011-04-01),12
Take-Two Interactive,TTWO,2012Q1,2012-03-31,분기말 자산총계,1149427000,USD,공시,https://www.sec.gov/Archives/edgar/data/946581/000104746912006226/,,12
Take-Two Interactive,TTWO,2012Q1,2012-03-31,분기말 부채총계,553700000,USD,공시,https://www.sec.gov/Archives/edgar/data/946581/000104746912006226/,,12
Take-Two Interactive,TTWO,2012Q1,2012-03-31,분기말 총자본(자기자본),595727000,USD,공시(비지배 없음),https://www.sec.gov/Archives/edgar/data/946581/000104746912006226/,"StockholdersEquity, MinorityInterest 태그 없음",12
Take-Two Interactive,TTWO,2012Q1,2012-03-31,분기말 지배지분 자본,595727000,USD,공시,https://www.sec.gov/Archives/edgar/data/946581/000104746912006226/,,12
Take-Two Interactive,TTWO,2012Q1,2012-03-30,분기말 종가,15.39,USD,API,https://query1.finance.yahoo.com/v8/finance/chart/TTWO?interval=1d&events=splits (2012-03-30),,12
Take-Two Interactive,TTWO,2012Q1,2012-05-21,분기말 상장주식수,89877335,주,공시(표지 기준일),https://www.sec.gov/Archives/edgar/data/946581/000104746912006226/,dei:EntityCommonStockSharesOutstanding 클래스 합,12
Take-Two Interactive,TTWO,2012Q1,2012-03-30,분기말 시가총액,1383212186,USD,계산(종가×주식수),https://query1.finance.yahoo.com/v8/finance/chart/TTWO?interval=1d&events=splits (2012-03-30) ; https://www.sec.gov/Archives/edgar/data/946581/000104746912006226/,종가 15.39 × 주식수 89877335,12
Take-Two Interactive,TTWO,2012Q2,2012-06-30,분기별 매출액,226139000,USD,공시,https://www.sec.gov/Archives/edgar/data/946581/000104746912007602/,,12
Take-Two Interactive,TTWO,2012Q2,2012-06-30,분기별 영업이익,-100882000,USD,공시,https://www.sec.gov/Archives/edgar/data/946581/000104746912007602/,,12
Take-Two Interactive,TTWO,2012Q2,2012-06-30,분기별 당기순이익(지배),-110838000,USD,공시,https://www.sec.gov/Archives/edgar/data/946581/000104746912007602/,,12
Take-Two Interactive,TTWO,2012Q2,2012-06-30,분기별 영업활동현금흐름,-52516000,USD,공시,https://www.sec.gov/Archives/edgar/data/946581/000104746912007602/,,12
Take-Two Interactive,TTWO,2012Q2,2012-06-30,분기말 자산총계,1073137000,USD,공시,https://www.sec.gov/Archives/edgar/data/946581/000104746912007602/,,12
Take-Two Interactive,TTWO,2012Q2,2012-06-30,분기말 부채총계,596102000,USD,공시,https://www.sec.gov/Archives/edgar/data/946581/000104746912007602/,,12
Take-Two Interactive,TTWO,2012Q2,2012-06-30,분기말 총자본(자기자본),477035000,USD,공시(비지배 없음),https://www.sec.gov/Archives/edgar/data/946581/000104746912007602/,"StockholdersEquity, MinorityInterest 태그 없음",12
Take-Two Interactive,TTWO,2012Q2,2012-06-30,분기말 지배지분 자본,477035000,USD,공시,https://www.sec.gov/Archives/edgar/data/946581/000104746912007602/,,12
Take-Two Interactive,TTWO,2012Q2,2012-06-29,분기말 종가,9.46,USD,API,https://query1.finance.yahoo.com/v8/finance/chart/TTWO?interval=1d&events=splits (2012-06-29),,12
Take-Two Interactive,TTWO,2012Q2,2012-07-27,분기말 상장주식수,90160732,주,공시(표지 기준일),https://www.sec.gov/Archives/edgar/data/946581/000104746912007602/,dei:EntityCommonStockSharesOutstanding 클래스 합,12
Take-Two Interactive,TTWO,2012Q2,2012-06-29,분기말 시가총액,852920525,USD,계산(종가×주식수),https://query1.finance.yahoo.com/v8/finance/chart/TTWO?interval=1d&events=splits (2012-06-29) ; https://www.sec.gov/Archives/edgar/data/946581/000104746912007602/,종가 9.46 × 주식수 90160732,12
Take-Two Interactive,TTWO,2012Q3,2012-09-30,분기별 매출액,273084000,USD,공시,https://www.sec.gov/Archives/edgar/data/946581/000104746912009896/,,12
Take-Two Interactive,TTWO,2012Q3,2012-09-30,분기별 영업이익,-3933000,USD,공시,https://www.sec.gov/Archives/edgar/data/946581/000104746912009896/,,12
Take-Two Interactive,TTWO,2012Q3,2012-09-30,분기별 당기순이익(지배),-12491000,USD,공시,https://www.sec.gov/Archives/edgar/data/946581/000104746912009896/,,12
Take-Two Interactive,TTWO,2012Q3,2012-09-30,분기별 영업활동현금흐름,-29802000,USD,계산(누적차감),https://www.sec.gov/Archives/edgar/data/946581/000104746912009896/ ; https://www.sec.gov/Archives/edgar/data/946581/000104746912007602/,누적 -82318000 − 직전누적 -52516000 (시작 2012-04-01),12
Take-Two Interactive,TTWO,2012Q3,2012-09-30,분기말 자산총계,1164745000,USD,공시,https://www.sec.gov/Archives/edgar/data/946581/000104746912009896/,,12
Take-Two Interactive,TTWO,2012Q3,2012-09-30,분기말 부채총계,680236000,USD,공시,https://www.sec.gov/Archives/edgar/data/946581/000104746912009896/,,12
Take-Two Interactive,TTWO,2012Q3,2012-09-30,분기말 총자본(자기자본),484509000,USD,공시(비지배 없음),https://www.sec.gov/Archives/edgar/data/946581/000104746912009896/,"StockholdersEquity, MinorityInterest 태그 없음",12
Take-Two Interactive,TTWO,2012Q3,2012-09-30,분기말 지배지분 자본,484509000,USD,공시,https://www.sec.gov/Archives/edgar/data/946581/000104746912009896/,,12
Take-Two Interactive,TTWO,2012Q3,2012-09-28,분기말 종가,10.44,USD,API,https://query1.finance.yahoo.com/v8/finance/chart/TTWO?interval=1d&events=splits (2012-09-28),,12
Take-Two Interactive,TTWO,2012Q3,2012-10-24,분기말 상장주식수,90753166,주,공시(표지 기준일),https://www.sec.gov/Archives/edgar/data/946581/000104746912009896/,dei:EntityCommonStockSharesOutstanding 클래스 합,12
Take-Two Interactive,TTWO,2012Q3,2012-09-28,분기말 시가총액,947463053,USD,계산(종가×주식수),https://query1.finance.yahoo.com/v8/finance/chart/TTWO?interval=1d&events=splits (2012-09-28) ; https://www.sec.gov/Archives/edgar/data/946581/000104746912009896/,종가 10.44 × 주식수 90753166,12
Take-Two Interactive,TTWO,2012Q4,2012-12-31,분기별 매출액,415773000,USD,공시,https://www.sec.gov/Archives/edgar/data/946581/000104746913000681/,,12
Take-Two Interactive,TTWO,2012Q4,2012-12-31,분기별 영업이익,80992000,USD,공시,https://www.sec.gov/Archives/edgar/data/946581/000104746913000681/,,12
Take-Two Interactive,TTWO,2012Q4,2012-12-31,분기별 당기순이익(지배),71365000,USD,공시,https://www.sec.gov/Archives/edgar/data/946581/000104746913000681/,,12
Take-Two Interactive,TTWO,2012Q4,2012-12-31,분기별 영업활동현금흐름,123780000,USD,계산(누적차감),https://www.sec.gov/Archives/edgar/data/946581/000104746913000681/ ; https://www.sec.gov/Archives/edgar/data/946581/000104746912009896/,누적 41462000 − 직전누적 -82318000 (시작 2012-04-01),12
Take-Two Interactive,TTWO,2012Q4,2012-12-31,분기말 자산총계,1189781000,USD,공시,https://www.sec.gov/Archives/edgar/data/946581/000104746913000681/,,12
Take-Two Interactive,TTWO,2012Q4,2012-12-31,분기말 부채총계,624967000,USD,공시,https://www.sec.gov/Archives/edgar/data/946581/000104746913000681/,,12
Take-Two Interactive,TTWO,2012Q4,2012-12-31,분기말 총자본(자기자본),564814000,USD,공시(비지배 없음),https://www.sec.gov/Archives/edgar/data/946581/000104746913000681/,"StockholdersEquity, MinorityInterest 태그 없음",12
Take-Two Interactive,TTWO,2012Q4,2012-12-31,분기말 지배지분 자본,564814000,USD,공시,https://www.sec.gov/Archives/edgar/data/946581/000104746913000681/,,12
Take-Two Interactive,TTWO,2012Q4,2012-12-31,분기말 종가,11.01,USD,API,https://query1.finance.yahoo.com/v8/finance/chart/TTWO?interval=1d&events=splits (2012-12-31),,12
Take-Two Interactive,TTWO,2012Q4,2013-02-01,분기말 상장주식수,91642586,주,공시(표지 기준일),https://www.sec.gov/Archives/edgar/data/946581/000104746913000681/,dei:EntityCommonStockSharesOutstanding 클래스 합,12
Take-Two Interactive,TTWO,2012Q4,2012-12-31,분기말 시가총액,1008984872,USD,계산(종가×주식수),https://query1.finance.yahoo.com/v8/finance/chart/TTWO?interval=1d&events=splits (2012-12-31) ; https://www.sec.gov/Archives/edgar/data/946581/000104746913000681/,종가 11.01 × 주식수 91642586,12
Take-Two Interactive,TTWO,2013Q1,2013-03-31,분기별 매출액,299487000,USD,계산(연간-3분기누적),https://www.sec.gov/Archives/edgar/data/946581/000104746913006006/ ; https://www.sec.gov/Archives/edgar/data/946581/000104746913000681/,연간 1214483000 − 9개월누적 914996000 (SalesRevenueNet),12
Take-Two Interactive,TTWO,2013Q1,2013-03-31,분기별 영업이익,29062000,USD,계산(연간-3분기누적),https://www.sec.gov/Archives/edgar/data/946581/000104746913006006/ ; https://www.sec.gov/Archives/edgar/data/946581/000104746913000681/,연간 5239000 − 9개월누적 -23823000 (OperatingIncomeLoss),12
Take-Two Interactive,TTWO,2013Q1,2013-03-31,분기별 당기순이익(지배),22473000,USD,계산(연간-3분기누적),https://www.sec.gov/Archives/edgar/data/946581/000104746913006006/ ; https://www.sec.gov/Archives/edgar/data/946581/000104746913000681/,연간 -29491000 − 9개월누적 -51964000 (NetIncomeLoss),12
Take-Two Interactive,TTWO,2013Q1,2013-03-31,분기별 영업활동현금흐름,-46029000,USD,계산(누적차감),https://www.sec.gov/Archives/edgar/data/946581/000104746913006006/ ; https://www.sec.gov/Archives/edgar/data/946581/000104746913000681/,누적 -4567000 − 직전누적 41462000 (시작 2012-04-01),12
Take-Two Interactive,TTWO,2013Q1,2013-03-31,분기말 자산총계,1277839000,USD,공시,https://www.sec.gov/Archives/edgar/data/946581/000104746913006006/,,12
Take-Two Interactive,TTWO,2013Q1,2013-03-31,분기말 부채총계,689844000,USD,공시,https://www.sec.gov/Archives/edgar/data/946581/000104746913006006/,,12
Take-Two Interactive,TTWO,2013Q1,2013-03-31,분기말 총자본(자기자본),587995000,USD,공시(비지배 없음),https://www.sec.gov/Archives/edgar/data/946581/000104746913006006/,"StockholdersEquity, MinorityInterest 태그 없음",12
Take-Two Interactive,TTWO,2013Q1,2013-03-31,분기말 지배지분 자본,587995000,USD,공시,https://www.sec.gov/Archives/edgar/data/946581/000104746913006006/,,12
Take-Two Interactive,TTWO,2013Q1,2013-03-28,분기말 종가,16.15,USD,API,https://query1.finance.yahoo.com/v8/finance/chart/TTWO?interval=1d&events=splits (2013-03-28),,12
Take-Two Interactive,TTWO,2013Q1,2013-05-09,분기말 상장주식수,91870014,주,공시(표지 기준일),https://www.sec.gov/Archives/edgar/data/946581/000104746913006006/,dei:EntityCommonStockSharesOutstanding 클래스 합,12
Take-Two Interactive,TTWO,2013Q1,2013-03-28,분기말 시가총액,1483700726,USD,계산(종가×주식수),https://query1.finance.yahoo.com/v8/finance/chart/TTWO?interval=1d&events=splits (2013-03-28) ; https://www.sec.gov/Archives/edgar/data/946581/000104746913006006/,종가 16.15 × 주식수 91870014,12
Take-Two Interactive,TTWO,2013Q2,2013-06-30,분기별 매출액,142667000,USD,공시,https://www.sec.gov/Archives/edgar/data/946581/000104746913007912/,,12
Take-Two Interactive,TTWO,2013Q2,2013-06-30,분기별 영업이익,-49564000,USD,공시,https://www.sec.gov/Archives/edgar/data/946581/000104746913007912/,,12
Take-Two Interactive,TTWO,2013Q2,2013-06-30,분기별 당기순이익(지배),-61914000,USD,공시,https://www.sec.gov/Archives/edgar/data/946581/000104746913007912/,,12
Take-Two Interactive,TTWO,2013Q2,2013-06-30,분기별 영업활동현금흐름,7201000,USD,공시,https://www.sec.gov/Archives/edgar/data/946581/000104746913007912/,,12
Take-Two Interactive,TTWO,2013Q2,2013-06-30,분기말 자산총계,1448105000,USD,공시,https://www.sec.gov/Archives/edgar/data/946581/000104746913007912/,,12
Take-Two Interactive,TTWO,2013Q2,2013-06-30,분기말 부채총계,841124000,USD,공시,https://www.sec.gov/Archives/edgar/data/946581/000104746913007912/,,12
Take-Two Interactive,TTWO,2013Q2,2013-06-30,분기말 총자본(자기자본),606981000,USD,공시(비지배 없음),https://www.sec.gov/Archives/edgar/data/946581/000104746913007912/,"StockholdersEquity, MinorityInterest 태그 없음",12
Take-Two Interactive,TTWO,2013Q2,2013-06-30,분기말 지배지분 자본,606981000,USD,공시,https://www.sec.gov/Archives/edgar/data/946581/000104746913007912/,,12
Take-Two Interactive,TTWO,2013Q2,2013-06-28,분기말 종가,14.97,USD,API,https://query1.finance.yahoo.com/v8/finance/chart/TTWO?interval=1d&events=splits (2013-06-28),,12
Take-Two Interactive,TTWO,2013Q2,2013-07-26,분기말 상장주식수,92879333,주,공시(표지 기준일),https://www.sec.gov/Archives/edgar/data/946581/000104746913007912/,dei:EntityCommonStockSharesOutstanding 클래스 합,12
Take-Two Interactive,TTWO,2013Q2,2013-06-28,분기말 시가총액,1390403615,USD,계산(종가×주식수),https://query1.finance.yahoo.com/v8/finance/chart/TTWO?interval=1d&events=splits (2013-06-28) ; https://www.sec.gov/Archives/edgar/data/946581/000104746913007912/,종가 14.97 × 주식수 92879333,12
Take-Two Interactive,TTWO,2013Q3,2013-09-30,분기별 매출액,148824000,USD,공시,https://www.sec.gov/Archives/edgar/data/946581/000104746913010066/,,12
Take-Two Interactive,TTWO,2013Q3,2013-09-30,분기별 영업이익,-117891000,USD,공시,https://www.sec.gov/Archives/edgar/data/946581/000104746913010066/,,12
Take-Two Interactive,TTWO,2013Q3,2013-09-30,분기별 당기순이익(지배),-124120000,USD,공시,https://www.sec.gov/Archives/edgar/data/946581/000104746913010066/,,12
Take-Two Interactive,TTWO,2013Q3,2013-09-30,분기별 영업활동현금흐름,127920000,USD,계산(누적차감),https://www.sec.gov/Archives/edgar/data/946581/000104746913010066/ ; https://www.sec.gov/Archives/edgar/data/946581/000104746913007912/,누적 135121000 − 직전누적 7201000 (시작 2013-04-01),12
Take-Two Interactive,TTWO,2013Q3,2013-09-30,분기말 자산총계,2701314000,USD,공시,https://www.sec.gov/Archives/edgar/data/946581/000104746913010066/,,12
Take-Two Interactive,TTWO,2013Q3,2013-09-30,분기말 부채총계,2202452000,USD,공시,https://www.sec.gov/Archives/edgar/data/946581/000104746913010066/,,12
Take-Two Interactive,TTWO,2013Q3,2013-09-30,분기말 총자본(자기자본),498862000,USD,공시(비지배 없음),https://www.sec.gov/Archives/edgar/data/946581/000104746913010066/,"StockholdersEquity, MinorityInterest 태그 없음",12
Take-Two Interactive,TTWO,2013Q3,2013-09-30,분기말 지배지분 자본,498862000,USD,공시,https://www.sec.gov/Archives/edgar/data/946581/000104746913010066/,,12
Take-Two Interactive,TTWO,2013Q3,2013-09-30,분기말 종가,18.17,USD,API,https://query1.finance.yahoo.com/v8/finance/chart/TTWO?interval=1d&events=splits (2013-09-30),,12
Take-Two Interactive,TTWO,2013Q3,2013-10-28,분기말 상장주식수,97101554,주,공시(표지 기준일),https://www.sec.gov/Archives/edgar/data/946581/000104746913010066/,dei:EntityCommonStockSharesOutstanding 클래스 합,12
Take-Two Interactive,TTWO,2013Q3,2013-09-30,분기말 시가총액,1764335236,USD,계산(종가×주식수),https://query1.finance.yahoo.com/v8/finance/chart/TTWO?interval=1d&events=splits (2013-09-30) ; https://www.sec.gov/Archives/edgar/data/946581/000104746913010066/,종가 18.17 × 주식수 97101554,12
Take-Two Interactive,TTWO,2013Q4,2013-12-31,분기별 매출액,1863869000,USD,공시,https://www.sec.gov/Archives/edgar/data/946581/000104746914000555/,,12
Take-Two Interactive,TTWO,2013Q4,2013-12-31,분기별 영업이익,606295000,USD,공시,https://www.sec.gov/Archives/edgar/data/946581/000104746914000555/,,12
Take-Two Interactive,TTWO,2013Q4,2013-12-31,분기별 당기순이익(지배),578426000,USD,공시,https://www.sec.gov/Archives/edgar/data/946581/000104746914000555/,,12
Take-Two Interactive,TTWO,2013Q4,2013-12-31,분기별 영업활동현금흐름,595672000,USD,계산(누적차감),https://www.sec.gov/Archives/edgar/data/946581/000104746914000555/ ; https://www.sec.gov/Archives/edgar/data/946581/000104746913010066/,누적 730793000 − 직전누적 135121000 (시작 2013-04-01),12
Take-Two Interactive,TTWO,2013Q4,2013-12-31,분기말 자산총계,1985351000,USD,공시,https://www.sec.gov/Archives/edgar/data/946581/000104746914000555/,,12
Take-Two Interactive,TTWO,2013Q4,2013-12-31,분기말 부채총계,1163352000,USD,공시,https://www.sec.gov/Archives/edgar/data/946581/000104746914000555/,,12
Take-Two Interactive,TTWO,2013Q4,2013-12-31,분기말 총자본(자기자본),821999000,USD,공시(비지배 없음),https://www.sec.gov/Archives/edgar/data/946581/000104746914000555/,"StockholdersEquity, MinorityInterest 태그 없음",12
Take-Two Interactive,TTWO,2013Q4,2013-12-31,분기말 지배지분 자본,821999000,USD,공시,https://www.sec.gov/Archives/edgar/data/946581/000104746914000555/,,12
Take-Two Interactive,TTWO,2013Q4,2013-12-31,분기말 종가,17.37,USD,API,https://query1.finance.yahoo.com/v8/finance/chart/TTWO?interval=1d&events=splits (2013-12-31),,12
Take-Two Interactive,TTWO,2013Q4,2014-01-31,분기말 상장주식수,98013610,주,공시(표지 기준일),https://www.sec.gov/Archives/edgar/data/946581/000104746914000555/,dei:EntityCommonStockSharesOutstanding 클래스 합,12
Take-Two Interactive,TTWO,2013Q4,2013-12-31,분기말 시가총액,1702496406,USD,계산(종가×주식수),https://query1.finance.yahoo.com/v8/finance/chart/TTWO?interval=1d&events=splits (2013-12-31) ; https://www.sec.gov/Archives/edgar/data/946581/000104746914000555/,종가 17.37 × 주식수 98013610,12
Take-Two Interactive,TTWO,2014Q1,2014-03-31,분기별 매출액,195208000,USD,계산(연간-3분기누적),https://www.sec.gov/Archives/edgar/data/946581/000104746914004898/ ; https://www.sec.gov/Archives/edgar/data/946581/000104746914000555/,연간 2350568000 − 9개월누적 2155360000 (SalesRevenueNet),12
Take-Two Interactive,TTWO,2014Q1,2014-03-31,분기별 영업이익,-23584000,USD,계산(연간-3분기누적),https://www.sec.gov/Archives/edgar/data/946581/000104746914004898/ ; https://www.sec.gov/Archives/edgar/data/946581/000104746914000555/,연간 415256000 − 9개월누적 438840000 (OperatingIncomeLoss),12
Take-Two Interactive,TTWO,2014Q1,2014-03-31,분기별 당기순이익(지배),-30787000,USD,계산(연간-3분기누적),https://www.sec.gov/Archives/edgar/data/946581/000104746914004898/ ; https://www.sec.gov/Archives/edgar/data/946581/000104746914000555/,연간 361605000 − 9개월누적 392392000 (NetIncomeLoss),12
Take-Two Interactive,TTWO,2014Q1,2014-03-31,분기별 영업활동현금흐름,-30531000,USD,계산(누적차감),https://www.sec.gov/Archives/edgar/data/946581/000104746914004898/ ; https://www.sec.gov/Archives/edgar/data/946581/000104746914000555/,누적 700262000 − 직전누적 730793000 (시작 2013-04-01),12
Take-Two Interactive,TTWO,2014Q1,2014-03-31,분기말 자산총계,1799630000,USD,공시,https://www.sec.gov/Archives/edgar/data/946581/000104746914004898/,,12
Take-Two Interactive,TTWO,2014Q1,2014-03-31,분기말 부채총계,997824000,USD,공시,https://www.sec.gov/Archives/edgar/data/946581/000104746914004898/,,12
Take-Two Interactive,TTWO,2014Q1,2014-03-31,분기말 총자본(자기자본),801806000,USD,공시(비지배 없음),https://www.sec.gov/Archives/edgar/data/946581/000104746914004898/,"StockholdersEquity, MinorityInterest 태그 없음",12
Take-Two Interactive,TTWO,2014Q1,2014-03-31,분기말 지배지분 자본,801806000,USD,공시,https://www.sec.gov/Archives/edgar/data/946581/000104746914004898/,,12
Take-Two Interactive,TTWO,2014Q1,2014-03-31,분기말 종가,21.93,USD,API,https://query1.finance.yahoo.com/v8/finance/chart/TTWO?interval=1d&events=splits (2014-03-31),,12
Take-Two Interactive,TTWO,2014Q1,2014-05-07,분기말 상장주식수,98970156,주,공시(표지 기준일),https://www.sec.gov/Archives/edgar/data/946581/000104746914004898/,dei:EntityCommonStockSharesOutstanding 클래스 합,12
Take-Two Interactive,TTWO,2014Q1,2014-03-31,분기말 시가총액,2170415521,USD,계산(종가×주식수),https://query1.finance.yahoo.com/v8/finance/chart/TTWO?interval=1d&events=splits (2014-03-31) ; https://www.sec.gov/Archives/edgar/data/946581/000104746914004898/,종가 21.93 × 주식수 98970156,12
Take-Two Interactive,TTWO,2014Q2,2014-06-30,분기별 매출액,125425000,USD,공시,https://www.sec.gov/Archives/edgar/data/946581/000104746914006667/,,12
Take-Two Interactive,TTWO,2014Q2,2014-06-30,분기별 영업이익,-33209000,USD,공시,https://www.sec.gov/Archives/edgar/data/946581/000104746914006667/,,12
Take-Two Interactive,TTWO,2014Q2,2014-06-30,분기별 당기순이익(지배),-35403000,USD,공시,https://www.sec.gov/Archives/edgar/data/946581/000104746914006667/,,12
Take-Two Interactive,TTWO,2014Q2,2014-06-30,분기별 영업활동현금흐름,-87516000,USD,공시,https://www.sec.gov/Archives/edgar/data/946581/000104746914006667/,,12
Take-Two Interactive,TTWO,2014Q2,2014-06-30,분기말 자산총계,1607736000,USD,공시,https://www.sec.gov/Archives/edgar/data/946581/000104746914006667/,,12
Take-Two Interactive,TTWO,2014Q2,2014-06-30,분기말 부채총계,824699000,USD,공시,https://www.sec.gov/Archives/edgar/data/946581/000104746914006667/,,12
Take-Two Interactive,TTWO,2014Q2,2014-06-30,분기말 총자본(자기자본),783037000,USD,공시(비지배 없음),https://www.sec.gov/Archives/edgar/data/946581/000104746914006667/,"StockholdersEquity, MinorityInterest 태그 없음",12
Take-Two Interactive,TTWO,2014Q2,2014-06-30,분기말 지배지분 자본,783037000,USD,공시,https://www.sec.gov/Archives/edgar/data/946581/000104746914006667/,,12
Take-Two Interactive,TTWO,2014Q2,2014-06-30,분기말 종가,22.24,USD,API,https://query1.finance.yahoo.com/v8/finance/chart/TTWO?interval=1d&events=splits (2014-06-30),,12
Take-Two Interactive,TTWO,2014Q2,2014-08-01,분기말 상장주식수,83470429,주,공시(표지 기준일),https://www.sec.gov/Archives/edgar/data/946581/000104746914006667/,dei:EntityCommonStockSharesOutstanding 클래스 합,12
Take-Two Interactive,TTWO,2014Q2,2014-06-30,분기말 시가총액,1856382341,USD,계산(종가×주식수),https://query1.finance.yahoo.com/v8/finance/chart/TTWO?interval=1d&events=splits (2014-06-30) ; https://www.sec.gov/Archives/edgar/data/946581/000104746914006667/,종가 22.24 × 주식수 83470429,12
Take-Two Interactive,TTWO,2014Q3,2014-09-30,분기별 매출액,126277000,USD,공시,https://www.sec.gov/Archives/edgar/data/946581/000104746914008670/,,12
Take-Two Interactive,TTWO,2014Q3,2014-09-30,분기별 영업이익,-48513000,USD,공시,https://www.sec.gov/Archives/edgar/data/946581/000104746914008670/,,12
Take-Two Interactive,TTWO,2014Q3,2014-09-30,분기별 당기순이익(지배),-41369000,USD,공시,https://www.sec.gov/Archives/edgar/data/946581/000104746914008670/,,12
Take-Two Interactive,TTWO,2014Q3,2014-09-30,분기별 영업활동현금흐름,-44306000,USD,계산(누적차감),https://www.sec.gov/Archives/edgar/data/946581/000104746914008670/ ; https://www.sec.gov/Archives/edgar/data/946581/000104746914006667/,누적 -131822000 − 직전누적 -87516000 (시작 2014-04-01),12
Take-Two Interactive,TTWO,2014Q3,2014-09-30,분기말 자산총계,1665212000,USD,공시,https://www.sec.gov/Archives/edgar/data/946581/000104746914008670/,,12
Take-Two Interactive,TTWO,2014Q3,2014-09-30,분기말 부채총계,910203000,USD,공시,https://www.sec.gov/Archives/edgar/data/946581/000104746914008670/,,12
Take-Two Interactive,TTWO,2014Q3,2014-09-30,분기말 총자본(자기자본),755009000,USD,공시(비지배 없음),https://www.sec.gov/Archives/edgar/data/946581/000104746914008670/,"StockholdersEquity, MinorityInterest 태그 없음",12
Take-Two Interactive,TTWO,2014Q3,2014-09-30,분기말 지배지분 자본,755009000,USD,공시,https://www.sec.gov/Archives/edgar/data/946581/000104746914008670/,,12
Take-Two Interactive,TTWO,2014Q3,2014-09-30,분기말 종가,23.07,USD,API,https://query1.finance.yahoo.com/v8/finance/chart/TTWO?interval=1d&events=splits (2014-09-30),,12
Take-Two Interactive,TTWO,2014Q3,2014-10-24,분기말 상장주식수,84123809,주,공시(표지 기준일),https://www.sec.gov/Archives/edgar/data/946581/000104746914008670/,dei:EntityCommonStockSharesOutstanding 클래스 합,12
Take-Two Interactive,TTWO,2014Q3,2014-09-30,분기말 시가총액,1940736274,USD,계산(종가×주식수),https://query1.finance.yahoo.com/v8/finance/chart/TTWO?interval=1d&events=splits (2014-09-30) ; https://www.sec.gov/Archives/edgar/data/946581/000104746914008670/,종가 23.07 × 주식수 84123809,12
Take-Two Interactive,TTWO,2014Q4,2014-12-31,분기별 매출액,531147000,USD,공시,https://www.sec.gov/Archives/edgar/data/946581/000104746915000639/,,12
Take-Two Interactive,TTWO,2014Q4,2014-12-31,분기별 영업이익,65612000,USD,공시,https://www.sec.gov/Archives/edgar/data/946581/000104746915000639/,,12
Take-Two Interactive,TTWO,2014Q4,2014-12-31,분기별 당기순이익(지배),40093000,USD,공시,https://www.sec.gov/Archives/edgar/data/946581/000104746915000639/,,12
Take-Two Interactive,TTWO,2014Q4,2014-12-31,분기별 영업활동현금흐름,192348000,USD,계산(누적차감),https://www.sec.gov/Archives/edgar/data/946581/000104746915000639/ ; https://www.sec.gov/Archives/edgar/data/946581/000104746914008670/,누적 60526000 − 직전누적 -131822000 (시작 2014-04-01),12
Take-Two Interactive,TTWO,2014Q4,2014-12-31,분기말 자산총계,2253818000,USD,공시,https://www.sec.gov/Archives/edgar/data/946581/000104746915000639/,,12
Take-Two Interactive,TTWO,2014Q4,2014-12-31,분기말 부채총계,1438429000,USD,공시,https://www.sec.gov/Archives/edgar/data/946581/000104746915000639/,,12
Take-Two Interactive,TTWO,2014Q4,2014-12-31,분기말 총자본(자기자본),815389000,USD,공시(비지배 없음),https://www.sec.gov/Archives/edgar/data/946581/000104746915000639/,"StockholdersEquity, MinorityInterest 태그 없음",12
Take-Two Interactive,TTWO,2014Q4,2014-12-31,분기말 지배지분 자본,815389000,USD,공시,https://www.sec.gov/Archives/edgar/data/946581/000104746915000639/,,12
Take-Two Interactive,TTWO,2014Q4,2014-12-31,분기말 종가,28.03,USD,API,https://query1.finance.yahoo.com/v8/finance/chart/TTWO?interval=1d&events=splits (2014-12-31),,12
Take-Two Interactive,TTWO,2014Q4,2015-02-02,분기말 상장주식수,84368648,주,공시(표지 기준일),https://www.sec.gov/Archives/edgar/data/946581/000104746915000639/,dei:EntityCommonStockSharesOutstanding 클래스 합,12
Take-Two Interactive,TTWO,2014Q4,2014-12-31,분기말 시가총액,2364853203,USD,계산(종가×주식수),https://query1.finance.yahoo.com/v8/finance/chart/TTWO?interval=1d&events=splits (2014-12-31) ; https://www.sec.gov/Archives/edgar/data/946581/000104746915000639/,종가 28.03 × 주식수 84368648,12
Take-Two Interactive,TTWO,2015Q1,2015-03-31,분기별 매출액,300089000,USD,계산(연간-3분기누적),https://www.sec.gov/Archives/edgar/data/946581/000104746915004959/ ; https://www.sec.gov/Archives/edgar/data/946581/000104746915000639/,연간 1082938000 − 9개월누적 782849000 (SalesRevenueNet),12
Take-Two Interactive,TTWO,2015Q1,2015-03-31,분기별 영업이익,-242353000,USD,계산(연간-3분기누적),https://www.sec.gov/Archives/edgar/data/946581/000104746915004959/ ; https://www.sec.gov/Archives/edgar/data/946581/000104746915000639/,연간 -258463000 − 9개월누적 -16110000 (OperatingIncomeLoss),12
Take-Two Interactive,TTWO,2015Q1,2015-03-31,분기별 당기순이익(지배),-242791000,USD,계산(연간-3분기누적),https://www.sec.gov/Archives/edgar/data/946581/000104746915004959/ ; https://www.sec.gov/Archives/edgar/data/946581/000104746915000639/,연간 -279470000 − 9개월누적 -36679000 (NetIncomeLoss),12
Take-Two Interactive,TTWO,2015Q1,2015-03-31,분기별 영업활동현금흐름,152288000,USD,계산(누적차감),https://www.sec.gov/Archives/edgar/data/946581/000104746915004959/ ; https://www.sec.gov/Archives/edgar/data/946581/000104746915000639/,누적 212814000 − 직전누적 60526000 (시작 2014-04-01),12
Take-Two Interactive,TTWO,2015Q1,2015-03-31,분기말 자산총계,2228073000,USD,공시(재작성 반영),https://www.sec.gov/Archives/edgar/data/946581/000104746916013278/,원 공시 2231100000 (https://www.sec.gov/Archives/edgar/data/946581/000104746915004959/),12
Take-Two Interactive,TTWO,2015Q1,2015-03-31,분기말 부채총계,1664985000,USD,공시(재작성 반영),https://www.sec.gov/Archives/edgar/data/946581/000104746916013278/,원 공시 1668012000 (https://www.sec.gov/Archives/edgar/data/946581/000104746915004959/),12
Take-Two Interactive,TTWO,2015Q1,2015-03-31,분기말 총자본(자기자본),563088000,USD,공시(비지배 없음),https://www.sec.gov/Archives/edgar/data/946581/000104746915004959/,"StockholdersEquity, MinorityInterest 태그 없음",12
Take-Two Interactive,TTWO,2015Q1,2015-03-31,분기말 지배지분 자본,563088000,USD,공시,https://www.sec.gov/Archives/edgar/data/946581/000104746915004959/,,12
Take-Two Interactive,TTWO,2015Q1,2015-03-31,분기말 종가,25.46,USD,API,https://query1.finance.yahoo.com/v8/finance/chart/TTWO?interval=1d&events=splits (2015-03-31),,12
Take-Two Interactive,TTWO,2015Q1,2015-05-15,분기말 상장주식수,84609452,주,공시(표지 기준일),https://www.sec.gov/Archives/edgar/data/946581/000104746915004959/,dei:EntityCommonStockSharesOutstanding 클래스 합,12
Take-Two Interactive,TTWO,2015Q1,2015-03-31,분기말 시가총액,2154156648,USD,계산(종가×주식수),https://query1.finance.yahoo.com/v8/finance/chart/TTWO?interval=1d&events=splits (2015-03-31) ; https://www.sec.gov/Archives/edgar/data/946581/000104746915004959/,종가 25.46 × 주식수 84609452,12
Take-Two Interactive,TTWO,2015Q2,2015-06-30,분기별 매출액,275297000,USD,공시,https://www.sec.gov/Archives/edgar/data/946581/000104746915006749/,,12
Take-Two Interactive,TTWO,2015Q2,2015-06-30,분기별 영업이익,-62637000,USD,공시,https://www.sec.gov/Archives/edgar/data/946581/000104746915006749/,,12
Take-Two Interactive,TTWO,2015Q2,2015-06-30,분기별 당기순이익(지배),-67023000,USD,공시,https://www.sec.gov/Archives/edgar/data/946581/000104746915006749/,,12
Take-Two Interactive,TTWO,2015Q2,2015-06-30,분기별 영업활동현금흐름,105482000,USD,공시,https://www.sec.gov/Archives/edgar/data/946581/000104746915006749/,,12
Take-Two Interactive,TTWO,2015Q2,2015-06-30,분기말 자산총계,2352604000,USD,공시,https://www.sec.gov/Archives/edgar/data/946581/000104746915006749/,,12
Take-Two Interactive,TTWO,2015Q2,2015-06-30,분기말 부채총계,1825765000,USD,공시,https://www.sec.gov/Archives/edgar/data/946581/000104746915006749/,,12
Take-Two Interactive,TTWO,2015Q2,2015-06-30,분기말 총자본(자기자본),526839000,USD,공시(비지배 없음),https://www.sec.gov/Archives/edgar/data/946581/000104746915006749/,"StockholdersEquity, MinorityInterest 태그 없음",12
Take-Two Interactive,TTWO,2015Q2,2015-06-30,분기말 지배지분 자본,526839000,USD,공시,https://www.sec.gov/Archives/edgar/data/946581/000104746915006749/,,12
Take-Two Interactive,TTWO,2015Q2,2015-06-30,분기말 종가,27.57,USD,API,https://query1.finance.yahoo.com/v8/finance/chart/TTWO?interval=1d&events=splits (2015-06-30),,12
Take-Two Interactive,TTWO,2015Q2,2015-08-05,분기말 상장주식수,85403489,주,공시(표지 기준일),https://www.sec.gov/Archives/edgar/data/946581/000104746915006749/,dei:EntityCommonStockSharesOutstanding 클래스 합,12
Take-Two Interactive,TTWO,2015Q2,2015-06-30,분기말 시가총액,2354574192,USD,계산(종가×주식수),https://query1.finance.yahoo.com/v8/finance/chart/TTWO?interval=1d&events=splits (2015-06-30) ; https://www.sec.gov/Archives/edgar/data/946581/000104746915006749/,종가 27.57 × 주식수 85403489,12
Take-Two Interactive,TTWO,2015Q3,2015-09-30,분기별 매출액,346974000,USD,공시,https://www.sec.gov/Archives/edgar/data/946581/000104746915008367/,,12
Take-Two Interactive,TTWO,2015Q3,2015-09-30,분기별 영업이익,66431000,USD,공시,https://www.sec.gov/Archives/edgar/data/946581/000104746915008367/,,12
Take-Two Interactive,TTWO,2015Q3,2015-09-30,분기별 당기순이익(지배),54735000,USD,공시,https://www.sec.gov/Archives/edgar/data/946581/000104746915008367/,,12
Take-Two Interactive,TTWO,2015Q3,2015-09-30,분기별 영업활동현금흐름,-85468000,USD,계산(누적차감),https://www.sec.gov/Archives/edgar/data/946581/000104746915008367/ ; https://www.sec.gov/Archives/edgar/data/946581/000104746915006749/,누적 20014000 − 직전누적 105482000 (시작 2015-04-01),12
Take-Two Interactive,TTWO,2015Q3,2015-09-30,분기말 자산총계,2416499000,USD,공시,https://www.sec.gov/Archives/edgar/data/946581/000104746915008367/,,12
Take-Two Interactive,TTWO,2015Q3,2015-09-30,분기말 부채총계,1852434000,USD,공시,https://www.sec.gov/Archives/edgar/data/946581/000104746915008367/,,12
Take-Two Interactive,TTWO,2015Q3,2015-09-30,분기말 총자본(자기자본),564065000,USD,공시(비지배 없음),https://www.sec.gov/Archives/edgar/data/946581/000104746915008367/,"StockholdersEquity, MinorityInterest 태그 없음",12
Take-Two Interactive,TTWO,2015Q3,2015-09-30,분기말 지배지분 자본,564065000,USD,공시,https://www.sec.gov/Archives/edgar/data/946581/000104746915008367/,,12
Take-Two Interactive,TTWO,2015Q3,2015-09-30,분기말 종가,28.73,USD,API,https://query1.finance.yahoo.com/v8/finance/chart/TTWO?interval=1d&events=splits (2015-09-30),,12
Take-Two Interactive,TTWO,2015Q3,2015-10-30,분기말 상장주식수,84622403,주,공시(표지 기준일),https://www.sec.gov/Archives/edgar/data/946581/000104746915008367/,dei:EntityCommonStockSharesOutstanding 클래스 합,12
Take-Two Interactive,TTWO,2015Q3,2015-09-30,분기말 시가총액,2431201638,USD,계산(종가×주식수),https://query1.finance.yahoo.com/v8/finance/chart/TTWO?interval=1d&events=splits (2015-09-30) ; https://www.sec.gov/Archives/edgar/data/946581/000104746915008367/,종가 28.73 × 주식수 84622403,12
Take-Two Interactive,TTWO,2015Q4,2015-12-31,분기별 매출액,414221000,USD,공시,https://www.sec.gov/Archives/edgar/data/946581/000104746916010014/,,12
Take-Two Interactive,TTWO,2015Q4,2015-12-31,분기별 영업이익,-59197000,USD,공시,https://www.sec.gov/Archives/edgar/data/946581/000104746916010014/,,12
Take-Two Interactive,TTWO,2015Q4,2015-12-31,분기별 당기순이익(지배),-42413000,USD,공시,https://www.sec.gov/Archives/edgar/data/946581/000104746916010014/,,12
Take-Two Interactive,TTWO,2015Q4,2015-12-31,분기별 영업활동현금흐름,168809000,USD,계산(누적차감),https://www.sec.gov/Archives/edgar/data/946581/000104746916010014/ ; https://www.sec.gov/Archives/edgar/data/946581/000104746915008367/,누적 188823000 − 직전누적 20014000 (시작 2015-04-01),12
Take-Two Interactive,TTWO,2015Q4,2015-12-31,분기말 자산총계,2585009000,USD,공시,https://www.sec.gov/Archives/edgar/data/946581/000104746916010014/,,12
Take-Two Interactive,TTWO,2015Q4,2015-12-31,분기말 부채총계,2058035000,USD,공시,https://www.sec.gov/Archives/edgar/data/946581/000104746916010014/,,12
Take-Two Interactive,TTWO,2015Q4,2015-12-31,분기말 총자본(자기자본),526974000,USD,공시(비지배 없음),https://www.sec.gov/Archives/edgar/data/946581/000104746916010014/,"StockholdersEquity, MinorityInterest 태그 없음",12
Take-Two Interactive,TTWO,2015Q4,2015-12-31,분기말 지배지분 자본,526974000,USD,공시,https://www.sec.gov/Archives/edgar/data/946581/000104746916010014/,,12
Take-Two Interactive,TTWO,2015Q4,2015-12-31,분기말 종가,34.84,USD,API,https://query1.finance.yahoo.com/v8/finance/chart/TTWO?interval=1d&events=splits (2015-12-31),,12
Take-Two Interactive,TTWO,2015Q4,2016-01-29,분기말 상장주식수,84812555,주,공시(표지 기준일),https://www.sec.gov/Archives/edgar/data/946581/000104746916010014/,dei:EntityCommonStockSharesOutstanding 클래스 합,12
Take-Two Interactive,TTWO,2015Q4,2015-12-31,분기말 시가총액,2954869416,USD,계산(종가×주식수),https://query1.finance.yahoo.com/v8/finance/chart/TTWO?interval=1d&events=splits (2015-12-31) ; https://www.sec.gov/Archives/edgar/data/946581/000104746916010014/,종가 34.84 × 주식수 84812555,12
Take-Two Interactive,TTWO,2016Q1,2016-03-31,분기별 매출액,377206000,USD,계산(연간-3분기누적),https://www.sec.gov/Archives/edgar/data/946581/000104746916013278/ ; https://www.sec.gov/Archives/edgar/data/946581/000104746916010014/,연간 1413698000 − 9개월누적 1036492000 (SalesRevenueNet),12
Take-Two Interactive,TTWO,2016Q1,2016-03-31,분기별 영업이익,44575000,USD,계산(연간-3분기누적),https://www.sec.gov/Archives/edgar/data/946581/000104746916013278/ ; https://www.sec.gov/Archives/edgar/data/946581/000104746916010014/,연간 -10828000 − 9개월누적 -55403000 (OperatingIncomeLoss),12
Take-Two Interactive,TTWO,2016Q1,2016-03-31,분기별 당기순이익(지배),46399000,USD,계산(연간-3분기누적),https://www.sec.gov/Archives/edgar/data/946581/000104746916013278/ ; https://www.sec.gov/Archives/edgar/data/946581/000104746916010014/,연간 -8302000 − 9개월누적 -54701000 (NetIncomeLoss),12
Take-Two Interactive,TTWO,2016Q1,2016-03-31,분기별 영업활동현금흐름,72482000,USD,계산(누적차감),https://www.sec.gov/Archives/edgar/data/946581/000104746916013278/ ; https://www.sec.gov/Archives/edgar/data/946581/000104746916010014/,누적 261305000 − 직전누적 188823000 (시작 2015-04-01),12
Take-Two Interactive,TTWO,2016Q1,2016-03-31,분기말 자산총계,2590277000,USD,공시,https://www.sec.gov/Archives/edgar/data/946581/000104746916013278/,,12
Take-Two Interactive,TTWO,2016Q1,2016-03-31,분기말 부채총계,2008892000,USD,공시,https://www.sec.gov/Archives/edgar/data/946581/000104746916013278/,,12
Take-Two Interactive,TTWO,2016Q1,2016-03-31,분기말 총자본(자기자본),581385000,USD,공시(비지배 없음),https://www.sec.gov/Archives/edgar/data/946581/000104746916013278/,"StockholdersEquity, MinorityInterest 태그 없음",12
Take-Two Interactive,TTWO,2016Q1,2016-03-31,분기말 지배지분 자본,581385000,USD,공시,https://www.sec.gov/Archives/edgar/data/946581/000104746916013278/,,12
Take-Two Interactive,TTWO,2016Q1,2016-03-31,분기말 종가,37.67,USD,API,https://query1.finance.yahoo.com/v8/finance/chart/TTWO?interval=1d&events=splits (2016-03-31),,12
Take-Two Interactive,TTWO,2016Q1,2016-05-13,분기말 상장주식수,84834119,주,공시(표지 기준일),https://www.sec.gov/Archives/edgar/data/946581/000104746916013278/,dei:EntityCommonStockSharesOutstanding 클래스 합,12
Take-Two Interactive,TTWO,2016Q1,2016-03-31,분기말 시가총액,3195701263,USD,계산(종가×주식수),https://query1.finance.yahoo.com/v8/finance/chart/TTWO?interval=1d&events=splits (2016-03-31) ; https://www.sec.gov/Archives/edgar/data/946581/000104746916013278/,종가 37.67 × 주식수 84834119,12
Take-Two Interactive,TTWO,2016Q2,2016-06-30,분기별 매출액,311552000,USD,공시,https://www.sec.gov/Archives/edgar/data/946581/000104746916014693/,,12
Take-Two Interactive,TTWO,2016Q2,2016-06-30,분기별 영업이익,-38983000,USD,공시,https://www.sec.gov/Archives/edgar/data/946581/000104746916014693/,,12
Take-Two Interactive,TTWO,2016Q2,2016-06-30,분기별 당기순이익(지배),-38567000,USD,공시,https://www.sec.gov/Archives/edgar/data/946581/000104746916014693/,,12
Take-Two Interactive,TTWO,2016Q2,2016-06-30,분기별 영업활동현금흐름,-47248000,USD,공시,https://www.sec.gov/Archives/edgar/data/946581/000104746916014693/,,12
Take-Two Interactive,TTWO,2016Q2,2016-06-30,분기말 자산총계,2538727000,USD,공시,https://www.sec.gov/Archives/edgar/data/946581/000104746916014693/,,12
Take-Two Interactive,TTWO,2016Q2,2016-06-30,분기말 부채총계,2005187000,USD,공시,https://www.sec.gov/Archives/edgar/data/946581/000104746916014693/,,12
Take-Two Interactive,TTWO,2016Q2,2016-06-30,분기말 총자본(자기자본),533540000,USD,공시(비지배 없음),https://www.sec.gov/Archives/edgar/data/946581/000104746916014693/,"StockholdersEquity, MinorityInterest 태그 없음",12
Take-Two Interactive,TTWO,2016Q2,2016-06-30,분기말 지배지분 자본,533540000,USD,공시,https://www.sec.gov/Archives/edgar/data/946581/000104746916014693/,,12
Take-Two Interactive,TTWO,2016Q2,2016-06-30,분기말 종가,37.92,USD,API,https://query1.finance.yahoo.com/v8/finance/chart/TTWO?interval=1d&events=splits (2016-06-30),,12
Take-Two Interactive,TTWO,2016Q2,2016-07-29,분기말 상장주식수,86015312,주,공시(표지 기준일),https://www.sec.gov/Archives/edgar/data/946581/000104746916014693/,dei:EntityCommonStockSharesOutstanding 클래스 합,12
Take-Two Interactive,TTWO,2016Q2,2016-06-30,분기말 시가총액,3261700631,USD,계산(종가×주식수),https://query1.finance.yahoo.com/v8/finance/chart/TTWO?interval=1d&events=splits (2016-06-30) ; https://www.sec.gov/Archives/edgar/data/946581/000104746916014693/,종가 37.92 × 주식수 86015312,12
Take-Two Interactive,TTWO,2016Q3,2016-09-30,분기별 매출액,420167000,USD,공시,https://www.sec.gov/Archives/edgar/data/946581/000104746916016473/,,12
Take-Two Interactive,TTWO,2016Q3,2016-09-30,분기별 영업이익,47194000,USD,공시,https://www.sec.gov/Archives/edgar/data/946581/000104746916016473/,,12
Take-Two Interactive,TTWO,2016Q3,2016-09-30,분기별 당기순이익(지배),36432000,USD,공시,https://www.sec.gov/Archives/edgar/data/946581/000104746916016473/,,12
Take-Two Interactive,TTWO,2016Q3,2016-09-30,분기별 영업활동현금흐름,-3561000,USD,계산(누적차감),https://www.sec.gov/Archives/edgar/data/946581/000104746916016473/ ; https://www.sec.gov/Archives/edgar/data/946581/000104746916014693/,누적 -50809000 − 직전누적 -47248000 (시작 2016-04-01),12
Take-Two Interactive,TTWO,2016Q3,2016-09-30,분기말 자산총계,2979080000,USD,공시,https://www.sec.gov/Archives/edgar/data/946581/000104746916016473/,,12
Take-Two Interactive,TTWO,2016Q3,2016-09-30,분기말 부채총계,2396327000,USD,공시,https://www.sec.gov/Archives/edgar/data/946581/000104746916016473/,,12
Take-Two Interactive,TTWO,2016Q3,2016-09-30,분기말 총자본(자기자본),582753000,USD,공시(비지배 없음),https://www.sec.gov/Archives/edgar/data/946581/000104746916016473/,"StockholdersEquity, MinorityInterest 태그 없음",12
Take-Two Interactive,TTWO,2016Q3,2016-09-30,분기말 지배지분 자본,582753000,USD,공시,https://www.sec.gov/Archives/edgar/data/946581/000104746916016473/,,12
Take-Two Interactive,TTWO,2016Q3,2016-09-30,분기말 종가,45.08,USD,API,https://query1.finance.yahoo.com/v8/finance/chart/TTWO?interval=1d&events=splits (2016-09-30),,12
Take-Two Interactive,TTWO,2016Q3,2016-10-28,분기말 상장주식수,86560317,주,공시(표지 기준일),https://www.sec.gov/Archives/edgar/data/946581/000104746916016473/,dei:EntityCommonStockSharesOutstanding 클래스 합,12
Take-Two Interactive,TTWO,2016Q3,2016-09-30,분기말 시가총액,3902139090,USD,계산(종가×주식수),https://query1.finance.yahoo.com/v8/finance/chart/TTWO?interval=1d&events=splits (2016-09-30) ; https://www.sec.gov/Archives/edgar/data/946581/000104746916016473/,종가 45.08 × 주식수 86560317,12
Take-Two Interactive,TTWO,2016Q4,2016-12-31,분기별 매출액,476474000,USD,공시(재작성 반영),https://www.sec.gov/Archives/edgar/data/946581/000162828018006877/,원 공시 476473000 (https://www.sec.gov/Archives/edgar/data/946581/000104746917000578/),12
Take-Two Interactive,TTWO,2016Q4,2016-12-31,분기별 영업이익,-28409000,USD,공시,https://www.sec.gov/Archives/edgar/data/946581/000104746917000578/,,12
Take-Two Interactive,TTWO,2016Q4,2016-12-31,분기별 당기순이익(지배),-29842000,USD,공시,https://www.sec.gov/Archives/edgar/data/946581/000104746917000578/,,12
Take-Two Interactive,TTWO,2016Q4,2016-12-31,분기별 영업활동현금흐름,290411000,USD,계산(누적차감),https://www.sec.gov/Archives/edgar/data/946581/000104746917000578/ ; https://www.sec.gov/Archives/edgar/data/946581/000104746916016473/,누적 239602000 − 직전누적 -50809000 (시작 2016-04-01),12
Take-Two Interactive,TTWO,2016Q4,2016-12-31,분기말 자산총계,3089099000,USD,공시,https://www.sec.gov/Archives/edgar/data/946581/000104746917000578/,,12
Take-Two Interactive,TTWO,2016Q4,2016-12-31,분기말 부채총계,2268178000,USD,공시,https://www.sec.gov/Archives/edgar/data/946581/000104746917000578/,,12
Take-Two Interactive,TTWO,2016Q4,2016-12-31,분기말 총자본(자기자본),820921000,USD,공시(비지배 없음),https://www.sec.gov/Archives/edgar/data/946581/000104746917000578/,"StockholdersEquity, MinorityInterest 태그 없음",12
Take-Two Interactive,TTWO,2016Q4,2016-12-31,분기말 지배지분 자본,820921000,USD,공시,https://www.sec.gov/Archives/edgar/data/946581/000104746917000578/,,12
Take-Two Interactive,TTWO,2016Q4,2016-12-30,분기말 종가,49.29,USD,API,https://query1.finance.yahoo.com/v8/finance/chart/TTWO?interval=1d&events=splits (2016-12-30),,12
Take-Two Interactive,TTWO,2016Q4,2017-01-31,분기말 상장주식수,101410198,주,공시(표지 기준일),https://www.sec.gov/Archives/edgar/data/946581/000104746917000578/,dei:EntityCommonStockSharesOutstanding 클래스 합,12
Take-Two Interactive,TTWO,2016Q4,2016-12-30,분기말 시가총액,4998508659,USD,계산(종가×주식수),https://query1.finance.yahoo.com/v8/finance/chart/TTWO?interval=1d&events=splits (2016-12-30) ; https://www.sec.gov/Archives/edgar/data/946581/000104746917000578/,종가 49.29 × 주식수 101410198,12
Take-Two Interactive,TTWO,2017Q1,2017-03-31,분기별 매출액,571556000,USD,계산(연간-3분기누적),https://www.sec.gov/Archives/edgar/data/946581/000162828017005833/ ; https://www.sec.gov/Archives/edgar/data/946581/000104746917000578/,연간 1779748000 − 9개월누적 1208192000 (SalesRevenueNet),12
Take-Two Interactive,TTWO,2017Q1,2017-03-31,분기별 영업이익,111503000,USD,계산(연간-3분기누적),https://www.sec.gov/Archives/edgar/data/946581/000162828017005833/ ; https://www.sec.gov/Archives/edgar/data/946581/000104746917000578/,연간 91305000 − 9개월누적 -20198000 (OperatingIncomeLoss),12
Take-Two Interactive,TTWO,2017Q1,2017-03-31,분기별 당기순이익(지배),99280000,USD,계산(연간-3분기누적),https://www.sec.gov/Archives/edgar/data/946581/000162828017005833/ ; https://www.sec.gov/Archives/edgar/data/946581/000104746917000578/,연간 67303000 − 9개월누적 -31977000 (NetIncomeLoss),12
Take-Two Interactive,TTWO,2017Q1,2017-03-31,분기별 영업활동현금흐름,168301000,USD,계산(누적차감)(재작성 반영),https://www.sec.gov/Archives/edgar/data/946581/000162828019006691/ ; https://www.sec.gov/Archives/edgar/data/946581/000104746917000578/,누적 407903000 − 직전누적 239602000 (시작 2016-04-01) ; 원 공시 91827000 (https://www.sec.gov/Archives/edgar/data/946581/000162828017005833/ ; https://www.sec.gov/Archives/edgar/data/946581/000104746917000578/),12
Take-Two Interactive,TTWO,2017Q1,2017-03-31,분기말 자산총계,3149154000,USD,공시,https://www.sec.gov/Archives/edgar/data/946581/000162828017005833/,,12
Take-Two Interactive,TTWO,2017Q1,2017-03-31,분기말 부채총계,2145426000,USD,공시,https://www.sec.gov/Archives/edgar/data/946581/000162828017005833/,,12
Take-Two Interactive,TTWO,2017Q1,2017-03-31,분기말 총자본(자기자본),1003728000,USD,공시(지배지분 태그),https://www.sec.gov/Archives/edgar/data/946581/000162828017005833/,총자본 태그 값 -47142000이 대차와 맞지 않아 지배지분 값을 총자본으로 씀,12
Take-Two Interactive,TTWO,2017Q1,2017-03-31,분기말 지배지분 자본,1003728000,USD,공시,https://www.sec.gov/Archives/edgar/data/946581/000162828017005833/,,12
Take-Two Interactive,TTWO,2017Q1,2017-03-31,분기말 종가,59.27,USD,API,https://query1.finance.yahoo.com/v8/finance/chart/TTWO?interval=1d&events=splits (2017-03-31),,12
Take-Two Interactive,TTWO,2017Q1,2017-05-16,분기말 상장주식수,103836895,주,공시(표지 기준일),https://www.sec.gov/Archives/edgar/data/946581/000162828017005833/,dei:EntityCommonStockSharesOutstanding 클래스 합,12
Take-Two Interactive,TTWO,2017Q1,2017-03-31,분기말 시가총액,6154412767,USD,계산(종가×주식수),https://query1.finance.yahoo.com/v8/finance/chart/TTWO?interval=1d&events=splits (2017-03-31) ; https://www.sec.gov/Archives/edgar/data/946581/000162828017005833/,종가 59.27 × 주식수 103836895,12
Take-Two Interactive,TTWO,2017Q2,2017-06-30,분기별 매출액,418216000,USD,공시,https://www.sec.gov/Archives/edgar/data/946581/000162828017007899/,,12
Take-Two Interactive,TTWO,2017Q2,2017-06-30,분기별 영업이익,50219000,USD,공시,https://www.sec.gov/Archives/edgar/data/946581/000162828017007899/,,12
Take-Two Interactive,TTWO,2017Q2,2017-06-30,분기별 당기순이익(지배),60276000,USD,공시,https://www.sec.gov/Archives/edgar/data/946581/000162828017007899/,,12
Take-Two Interactive,TTWO,2017Q2,2017-06-30,분기별 영업활동현금흐름,49890000,USD,공시(재작성 반영),https://www.sec.gov/Archives/edgar/data/946581/000162828018010376/,원 공시 -18628000 (https://www.sec.gov/Archives/edgar/data/946581/000162828017007899/),12
Take-Two Interactive,TTWO,2017Q2,2017-06-30,분기말 자산총계,3219570000,USD,공시,https://www.sec.gov/Archives/edgar/data/946581/000162828017007899/,,12
Take-Two Interactive,TTWO,2017Q2,2017-06-30,분기말 부채총계,2119815000,USD,공시,https://www.sec.gov/Archives/edgar/data/946581/000162828017007899/,,12
Take-Two Interactive,TTWO,2017Q2,2017-06-30,분기말 총자본(자기자본),1099755000,USD,공시(지배지분 태그),https://www.sec.gov/Archives/edgar/data/946581/000162828017007899/,총자본 태그 값 -37582000이 대차와 맞지 않아 지배지분 값을 총자본으로 씀,12
Take-Two Interactive,TTWO,2017Q2,2017-06-30,분기말 지배지분 자본,1099755000,USD,공시,https://www.sec.gov/Archives/edgar/data/946581/000162828017007899/,,12
Take-Two Interactive,TTWO,2017Q2,2017-06-30,분기말 종가,73.38,USD,API,https://query1.finance.yahoo.com/v8/finance/chart/TTWO?interval=1d&events=splits (2017-06-30),,12
Take-Two Interactive,TTWO,2017Q2,2017-07-31,분기말 상장주식수,106527814,주,공시(표지 기준일),https://www.sec.gov/Archives/edgar/data/946581/000162828017007899/,dei:EntityCommonStockSharesOutstanding 클래스 합,12
Take-Two Interactive,TTWO,2017Q2,2017-06-30,분기말 시가총액,7817010991,USD,계산(종가×주식수),https://query1.finance.yahoo.com/v8/finance/chart/TTWO?interval=1d&events=splits (2017-06-30) ; https://www.sec.gov/Archives/edgar/data/946581/000162828017007899/,종가 73.38 × 주식수 106527814,12
Take-Two Interactive,TTWO,2017Q3,2017-09-30,분기별 매출액,443562000,USD,공시,https://www.sec.gov/Archives/edgar/data/946581/000162828017011117/,,12
Take-Two Interactive,TTWO,2017Q3,2017-09-30,분기별 영업이익,-11319000,USD,공시,https://www.sec.gov/Archives/edgar/data/946581/000162828017011117/,,12
Take-Two Interactive,TTWO,2017Q3,2017-09-30,분기별 당기순이익(지배),25367000,USD,공시(재작성 반영),https://www.sec.gov/Archives/edgar/data/946581/000162828019013731/,원 공시 -2736000 (https://www.sec.gov/Archives/edgar/data/946581/000162828017011117/),12
Take-Two Interactive,TTWO,2017Q3,2017-09-30,분기별 영업활동현금흐름,82462000,USD,계산(누적차감)(재작성 반영),https://www.sec.gov/Archives/edgar/data/946581/000162828018013920/ ; https://www.sec.gov/Archives/edgar/data/946581/000162828018010376/,누적 132352000 − 직전누적 49890000 (시작 2017-04-01) ; 원 공시 19697000 (https://www.sec.gov/Archives/edgar/data/946581/000162828017011117/ ; https://www.sec.gov/Archives/edgar/data/946581/000162828017007899/),12
Take-Two Interactive,TTWO,2017Q3,2017-09-30,분기말 자산총계,3696380000,USD,공시,https://www.sec.gov/Archives/edgar/data/946581/000162828017011117/,,12
Take-Two Interactive,TTWO,2017Q3,2017-09-30,분기말 부채총계,2223934000,USD,공시,https://www.sec.gov/Archives/edgar/data/946581/000162828017011117/,,12
Take-Two Interactive,TTWO,2017Q3,2017-09-30,분기말 총자본(자기자본),1472446000,USD,공시(지배지분 태그),https://www.sec.gov/Archives/edgar/data/946581/000162828017011117/,총자본 태그 값 -28472000이 대차와 맞지 않아 지배지분 값을 총자본으로 씀,12
Take-Two Interactive,TTWO,2017Q3,2017-09-30,분기말 지배지분 자본,1472446000,USD,공시,https://www.sec.gov/Archives/edgar/data/946581/000162828017011117/,,12
Take-Two Interactive,TTWO,2017Q3,2017-09-29,분기말 종가,102.23,USD,API,https://query1.finance.yahoo.com/v8/finance/chart/TTWO?interval=1d&events=splits (2017-09-29),,12
Take-Two Interactive,TTWO,2017Q3,2017-10-31,분기말 상장주식수,114053077,주,공시(표지 기준일),https://www.sec.gov/Archives/edgar/data/946581/000162828017011117/,dei:EntityCommonStockSharesOutstanding 클래스 합,12
Take-Two Interactive,TTWO,2017Q3,2017-09-29,분기말 시가총액,11659646062,USD,계산(종가×주식수),https://query1.finance.yahoo.com/v8/finance/chart/TTWO?interval=1d&events=splits (2017-09-29) ; https://www.sec.gov/Archives/edgar/data/946581/000162828017011117/,종가 102.23 × 주식수 114053077,12
Take-Two Interactive,TTWO,2017Q4,2017-12-31,분기별 매출액,480840000,USD,공시,https://www.sec.gov/Archives/edgar/data/946581/000162828018001226/,,12
Take-Two Interactive,TTWO,2017Q4,2017-12-31,분기별 영업이익,8852000,USD,공시,https://www.sec.gov/Archives/edgar/data/946581/000162828018001226/,,12
Take-Two Interactive,TTWO,2017Q4,2017-12-31,분기별 당기순이익(지배),25140000,USD,공시,https://www.sec.gov/Archives/edgar/data/946581/000162828018001226/,,12
Take-Two Interactive,TTWO,2017Q4,2017-12-31,분기별 영업활동현금흐름,108721000,USD,계산(누적차감)(재작성 반영),https://www.sec.gov/Archives/edgar/data/946581/000162828019001036/ ; https://www.sec.gov/Archives/edgar/data/946581/000162828018013920/,누적 241073000 − 직전누적 132352000 (시작 2017-04-01) ; 원 공시 203016000 (https://www.sec.gov/Archives/edgar/data/946581/000162828018001226/ ; https://www.sec.gov/Archives/edgar/data/946581/000162828017011117/),12
Take-Two Interactive,TTWO,2017Q4,2017-12-31,분기말 자산총계,3682610000,USD,공시,https://www.sec.gov/Archives/edgar/data/946581/000162828018001226/,,12
Take-Two Interactive,TTWO,2017Q4,2017-12-31,분기말 부채총계,2281790000,USD,공시,https://www.sec.gov/Archives/edgar/data/946581/000162828018001226/,,12
Take-Two Interactive,TTWO,2017Q4,2017-12-31,분기말 총자본(자기자본),1400820000,USD,공시(지배지분 태그),https://www.sec.gov/Archives/edgar/data/946581/000162828018001226/,총자본 태그 값 -31095000이 대차와 맞지 않아 지배지분 값을 총자본으로 씀,12
Take-Two Interactive,TTWO,2017Q4,2017-12-31,분기말 지배지분 자본,1400820000,USD,공시,https://www.sec.gov/Archives/edgar/data/946581/000162828018001226/,,12
Take-Two Interactive,TTWO,2017Q4,2017-12-29,분기말 종가,109.78,USD,API,https://query1.finance.yahoo.com/v8/finance/chart/TTWO?interval=1d&events=splits (2017-12-29),,12
Take-Two Interactive,TTWO,2017Q4,2018-01-31,분기말 상장주식수,114398287,주,공시(표지 기준일),https://www.sec.gov/Archives/edgar/data/946581/000162828018001226/,dei:EntityCommonStockSharesOutstanding 클래스 합,12
Take-Two Interactive,TTWO,2017Q4,2017-12-29,분기말 시가총액,12558643947,USD,계산(종가×주식수),https://query1.finance.yahoo.com/v8/finance/chart/TTWO?interval=1d&events=splits (2017-12-29) ; https://www.sec.gov/Archives/edgar/data/946581/000162828018001226/,종가 109.78 × 주식수 114398287,12
Take-Two Interactive,TTWO,2018Q1,2018-03-31,분기별 매출액,450274000,USD,계산(연간-3분기누적),https://www.sec.gov/Archives/edgar/data/946581/000162828018006877/ ; https://www.sec.gov/Archives/edgar/data/946581/000162828018001226/,연간 1792892000 − 9개월누적 1342618000 (SalesRevenueNet),12
Take-Two Interactive,TTWO,2018Q1,2018-03-31,분기별 영업이익,87825000,USD,계산(연간-3분기누적),https://www.sec.gov/Archives/edgar/data/946581/000162828018006877/ ; https://www.sec.gov/Archives/edgar/data/946581/000162828018001226/,연간 135577000 − 9개월누적 47752000 (OperatingIncomeLoss),12
Take-Two Interactive,TTWO,2018Q1,2018-03-31,분기별 당기순이익(지배),90853000,USD,계산(연간-3분기누적),https://www.sec.gov/Archives/edgar/data/946581/000162828018006877/ ; https://www.sec.gov/Archives/edgar/data/946581/000162828018001226/,연간 173533000 − 9개월누적 82680000 (NetIncomeLoss),12
Take-Two Interactive,TTWO,2018Q1,2018-03-31,분기별 영업활동현금흐름,252454000,USD,계산(누적차감)(재작성 반영),https://www.sec.gov/Archives/edgar/data/946581/000162828020008291/ ; https://www.sec.gov/Archives/edgar/data/946581/000162828019001036/,누적 493527000 − 직전누적 241073000 (시작 2017-04-01) ; 원 공시 189862000 (https://www.sec.gov/Archives/edgar/data/946581/000162828018006877/ ; https://www.sec.gov/Archives/edgar/data/946581/000162828018001226/),12
Take-Two Interactive,TTWO,2018Q1,2018-03-31,분기말 자산총계,3737841000,USD,공시,https://www.sec.gov/Archives/edgar/data/946581/000162828018006877/,,12
Take-Two Interactive,TTWO,2018Q1,2018-03-31,분기말 부채총계,2248871000,USD,공시,https://www.sec.gov/Archives/edgar/data/946581/000162828018006877/,,12
Take-Two Interactive,TTWO,2018Q1,2018-03-31,분기말 총자본(자기자본),1488970000,USD,공시(지배지분 태그),https://www.sec.gov/Archives/edgar/data/946581/000162828018006877/,총자본 태그 값 -15732000이 대차와 맞지 않아 지배지분 값을 총자본으로 씀,12
Take-Two Interactive,TTWO,2018Q1,2018-03-31,분기말 지배지분 자본,1488970000,USD,공시,https://www.sec.gov/Archives/edgar/data/946581/000162828018006877/,,12
Take-Two Interactive,TTWO,2018Q1,2018-03-29,분기말 종가,97.78,USD,API,https://query1.finance.yahoo.com/v8/finance/chart/TTWO?interval=1d&events=splits (2018-03-29),,12
Take-Two Interactive,TTWO,2018Q1,2018-05-04,분기말 상장주식수,114379624,주,공시(표지 기준일),https://www.sec.gov/Archives/edgar/data/946581/000162828018006877/,dei:EntityCommonStockSharesOutstanding 클래스 합,12
Take-Two Interactive,TTWO,2018Q1,2018-03-29,분기말 시가총액,11184039635,USD,계산(종가×주식수),https://query1.finance.yahoo.com/v8/finance/chart/TTWO?interval=1d&events=splits (2018-03-29) ; https://www.sec.gov/Archives/edgar/data/946581/000162828018006877/,종가 97.78 × 주식수 114379624,12
Take-Two Interactive,TTWO,2018Q2,2018-06-30,분기별 매출액,387982000,USD,공시,https://www.sec.gov/Archives/edgar/data/946581/000162828018010376/,,12
Take-Two Interactive,TTWO,2018Q2,2018-06-30,분기별 영업이익,70846000,USD,공시,https://www.sec.gov/Archives/edgar/data/946581/000162828018010376/,,12
Take-Two Interactive,TTWO,2018Q2,2018-06-30,분기별 당기순이익(지배),71693000,USD,공시,https://www.sec.gov/Archives/edgar/data/946581/000162828018010376/,,12
Take-Two Interactive,TTWO,2018Q2,2018-06-30,분기별 영업활동현금흐름,-11183000,USD,공시,https://www.sec.gov/Archives/edgar/data/946581/000162828018010376/,,12
Take-Two Interactive,TTWO,2018Q2,2018-06-30,분기말 자산총계,3456004000,USD,공시,https://www.sec.gov/Archives/edgar/data/946581/000162828018010376/,,12
Take-Two Interactive,TTWO,2018Q2,2018-06-30,분기말 부채총계,1603799000,USD,공시,https://www.sec.gov/Archives/edgar/data/946581/000162828018010376/,,12
Take-Two Interactive,TTWO,2018Q2,2018-06-30,분기말 총자본(자기자본),1852205000,USD,공시(지배지분 태그),https://www.sec.gov/Archives/edgar/data/946581/000162828018010376/,총자본 태그 값 -41015000이 대차와 맞지 않아 지배지분 값을 총자본으로 씀,12
Take-Two Interactive,TTWO,2018Q2,2018-06-30,분기말 지배지분 자본,1852205000,USD,공시,https://www.sec.gov/Archives/edgar/data/946581/000162828018010376/,,12
Take-Two Interactive,TTWO,2018Q2,2018-06-29,분기말 종가,118.36,USD,API,https://query1.finance.yahoo.com/v8/finance/chart/TTWO?interval=1d&events=splits (2018-06-29),,12
Take-Two Interactive,TTWO,2018Q2,2018-07-25,분기말 상장주식수,113828217,주,공시(표지 기준일),https://www.sec.gov/Archives/edgar/data/946581/000162828018010376/,dei:EntityCommonStockSharesOutstanding 클래스 합,12
Take-Two Interactive,TTWO,2018Q2,2018-06-29,분기말 시가총액,13472707764,USD,계산(종가×주식수),https://query1.finance.yahoo.com/v8/finance/chart/TTWO?interval=1d&events=splits (2018-06-29) ; https://www.sec.gov/Archives/edgar/data/946581/000162828018010376/,종가 118.36 × 주식수 113828217,12
Take-Two Interactive,TTWO,2018Q3,2018-09-30,분기별 매출액,492667000,USD,공시,https://www.sec.gov/Archives/edgar/data/946581/000162828018013920/,,12
Take-Two Interactive,TTWO,2018Q3,2018-09-30,분기별 영업이익,25986000,USD,공시,https://www.sec.gov/Archives/edgar/data/946581/000162828018013920/,,12
Take-Two Interactive,TTWO,2018Q3,2018-09-30,분기별 당기순이익(지배),25367000,USD,공시,https://www.sec.gov/Archives/edgar/data/946581/000162828018013920/,,12
Take-Two Interactive,TTWO,2018Q3,2018-09-30,분기별 영업활동현금흐름,-194852000,USD,계산(누적차감),https://www.sec.gov/Archives/edgar/data/946581/000162828018013920/ ; https://www.sec.gov/Archives/edgar/data/946581/000162828018010376/,누적 -206035000 − 직전누적 -11183000 (시작 2018-04-01),12
Take-Two Interactive,TTWO,2018Q3,2018-09-30,분기말 자산총계,3655189000,USD,공시,https://www.sec.gov/Archives/edgar/data/946581/000162828018013920/,,12
Take-Two Interactive,TTWO,2018Q3,2018-09-30,분기말 부채총계,1710750000,USD,공시,https://www.sec.gov/Archives/edgar/data/946581/000162828018013920/,,12
Take-Two Interactive,TTWO,2018Q3,2018-09-30,분기말 총자본(자기자본),1944438000,USD,공시(지배지분 태그)(재작성 반영),https://www.sec.gov/Archives/edgar/data/946581/000162828020001155/,총자본 태그 값 -37199000이 대차와 맞지 않아 지배지분 값을 총자본으로 씀 ; 원 공시 1944439000 (https://www.sec.gov/Archives/edgar/data/946581/000162828018013920/),12
Take-Two Interactive,TTWO,2018Q3,2018-09-30,분기말 지배지분 자본,1944438000,USD,공시(재작성 반영),https://www.sec.gov/Archives/edgar/data/946581/000162828020001155/,원 공시 1944439000 (https://www.sec.gov/Archives/edgar/data/946581/000162828018013920/),12
Take-Two Interactive,TTWO,2018Q3,2018-09-28,분기말 종가,137.99,USD,API,https://query1.finance.yahoo.com/v8/finance/chart/TTWO?interval=1d&events=splits (2018-09-28),,12
Take-Two Interactive,TTWO,2018Q3,2018-10-26,분기말 상장주식수,113872075,주,공시(표지 기준일),https://www.sec.gov/Archives/edgar/data/946581/000162828018013920/,dei:EntityCommonStockSharesOutstanding 클래스 합,12
Take-Two Interactive,TTWO,2018Q3,2018-09-28,분기말 시가총액,15713207629,USD,계산(종가×주식수),https://query1.finance.yahoo.com/v8/finance/chart/TTWO?interval=1d&events=splits (2018-09-28) ; https://www.sec.gov/Archives/edgar/data/946581/000162828018013920/,종가 137.99 × 주식수 113872075,12
Take-Two Interactive,TTWO,2018Q4,2018-12-31,분기별 매출액,1248738000,USD,공시,https://www.sec.gov/Archives/edgar/data/946581/000162828019001036/,,12
Take-Two Interactive,TTWO,2018Q4,2018-12-31,분기별 영업이익,51779000,USD,공시,https://www.sec.gov/Archives/edgar/data/946581/000162828019001036/,,12
Take-Two Interactive,TTWO,2018Q4,2018-12-31,분기별 당기순이익(지배),179948000,USD,공시,https://www.sec.gov/Archives/edgar/data/946581/000162828019001036/,,12
Take-Two Interactive,TTWO,2018Q4,2018-12-31,분기별 영업활동현금흐름,596234000,USD,계산(누적차감),https://www.sec.gov/Archives/edgar/data/946581/000162828019001036/ ; https://www.sec.gov/Archives/edgar/data/946581/000162828018013920/,누적 390199000 − 직전누적 -206035000 (시작 2018-04-01),12
Take-Two Interactive,TTWO,2018Q4,2018-12-31,분기말 자산총계,4387160000,USD,공시,https://www.sec.gov/Archives/edgar/data/946581/000162828019001036/,,12
Take-Two Interactive,TTWO,2018Q4,2018-12-31,분기말 부채총계,2359693000,USD,공시,https://www.sec.gov/Archives/edgar/data/946581/000162828019001036/,,12
Take-Two Interactive,TTWO,2018Q4,2018-12-31,분기말 총자본(자기자본),2027467000,USD,공시(지배지분 태그),https://www.sec.gov/Archives/edgar/data/946581/000162828019001036/,총자본 태그 값 -50954000이 대차와 맞지 않아 지배지분 값을 총자본으로 씀,12
Take-Two Interactive,TTWO,2018Q4,2018-12-31,분기말 지배지분 자본,2027467000,USD,공시,https://www.sec.gov/Archives/edgar/data/946581/000162828019001036/,,12
Take-Two Interactive,TTWO,2018Q4,2018-12-31,분기말 종가,102.94,USD,API,https://query1.finance.yahoo.com/v8/finance/chart/TTWO?interval=1d&events=splits (2018-12-31),,12
Take-Two Interactive,TTWO,2018Q4,2019-01-25,분기말 상장주식수,113161938,주,공시(표지 기준일),https://www.sec.gov/Archives/edgar/data/946581/000162828019001036/,dei:EntityCommonStockSharesOutstanding 클래스 합,12
Take-Two Interactive,TTWO,2018Q4,2018-12-31,분기말 시가총액,11648889898,USD,계산(종가×주식수),https://query1.finance.yahoo.com/v8/finance/chart/TTWO?interval=1d&events=splits (2018-12-31) ; https://www.sec.gov/Archives/edgar/data/946581/000162828019001036/,종가 102.94 × 주식수 113161938,12
Take-Two Interactive,TTWO,2019Q1,2019-03-31,분기별 매출액,539007000,USD,계산(연간-3분기누적),https://www.sec.gov/Archives/edgar/data/946581/000162828019006691/ ; https://www.sec.gov/Archives/edgar/data/946581/000162828019001036/,연간 2668394000 − 9개월누적 2129387000 (RevenueFromContractWithCustomerExcludingAssessedTax),12
Take-Two Interactive,TTWO,2019Q1,2019-03-31,분기별 영업이익,58062000,USD,계산(연간-3분기누적),https://www.sec.gov/Archives/edgar/data/946581/000162828019006691/ ; https://www.sec.gov/Archives/edgar/data/946581/000162828019001036/,연간 206672000 − 9개월누적 148610000 (OperatingIncomeLoss),12
Take-Two Interactive,TTWO,2019Q1,2019-03-31,분기별 당기순이익(지배),56830000,USD,계산(연간-3분기누적),https://www.sec.gov/Archives/edgar/data/946581/000162828019006691/ ; https://www.sec.gov/Archives/edgar/data/946581/000162828019001036/,연간 333837000 − 9개월누적 277007000 (NetIncomeLoss),12
Take-Two Interactive,TTWO,2019Q1,2019-03-31,분기별 영업활동현금흐름,453316000,USD,계산(누적차감),https://www.sec.gov/Archives/edgar/data/946581/000162828019006691/ ; https://www.sec.gov/Archives/edgar/data/946581/000162828019001036/,누적 843515000 − 직전누적 390199000 (시작 2018-04-01),12
Take-Two Interactive,TTWO,2019Q1,2019-03-31,분기말 자산총계,4243065000,USD,공시,https://www.sec.gov/Archives/edgar/data/946581/000162828019006691/,,12
Take-Two Interactive,TTWO,2019Q1,2019-03-31,분기말 부채총계,2202485000,USD,공시,https://www.sec.gov/Archives/edgar/data/946581/000162828019006691/,,12
Take-Two Interactive,TTWO,2019Q1,2019-03-31,분기말 총자본(자기자본),2040580000,USD,공시(지배지분 태그),https://www.sec.gov/Archives/edgar/data/946581/000162828019006691/,총자본 태그 값 -37189000이 대차와 맞지 않아 지배지분 값을 총자본으로 씀,12
Take-Two Interactive,TTWO,2019Q1,2019-03-31,분기말 지배지분 자본,2040580000,USD,공시,https://www.sec.gov/Archives/edgar/data/946581/000162828019006691/,,12
Take-Two Interactive,TTWO,2019Q1,2019-03-29,분기말 종가,94.37,USD,API,https://query1.finance.yahoo.com/v8/finance/chart/TTWO?interval=1d&events=splits (2019-03-29),,12
Take-Two Interactive,TTWO,2019Q1,2019-05-10,분기말 상장주식수,112541501,주,공시(표지 기준일),https://www.sec.gov/Archives/edgar/data/946581/000162828019006691/,dei:EntityCommonStockSharesOutstanding 클래스 합,12
Take-Two Interactive,TTWO,2019Q1,2019-03-29,분기말 시가총액,10620541449,USD,계산(종가×주식수),https://query1.finance.yahoo.com/v8/finance/chart/TTWO?interval=1d&events=splits (2019-03-29) ; https://www.sec.gov/Archives/edgar/data/946581/000162828019006691/,종가 94.37 × 주식수 112541501,12
Take-Two Interactive,TTWO,2019Q2,2019-06-30,분기별 매출액,540459000,USD,공시,https://www.sec.gov/Archives/edgar/data/946581/000162828019010011/,,12
Take-Two Interactive,TTWO,2019Q2,2019-06-30,분기별 영업이익,51730000,USD,공시,https://www.sec.gov/Archives/edgar/data/946581/000162828019010011/,,12
Take-Two Interactive,TTWO,2019Q2,2019-06-30,분기별 당기순이익(지배),46280000,USD,공시,https://www.sec.gov/Archives/edgar/data/946581/000162828019010011/,,12
Take-Two Interactive,TTWO,2019Q2,2019-06-30,분기별 영업활동현금흐름,108535000,USD,공시,https://www.sec.gov/Archives/edgar/data/946581/000162828019010011/,,12
Take-Two Interactive,TTWO,2019Q2,2019-06-30,분기말 자산총계,4366222000,USD,공시,https://www.sec.gov/Archives/edgar/data/946581/000162828019010011/,,12
Take-Two Interactive,TTWO,2019Q2,2019-06-30,분기말 부채총계,2279895000,USD,공시,https://www.sec.gov/Archives/edgar/data/946581/000162828019010011/,,12
Take-Two Interactive,TTWO,2019Q2,2019-06-30,분기말 총자본(자기자본),2086327000,USD,공시(지배지분 태그),https://www.sec.gov/Archives/edgar/data/946581/000162828019010011/,총자본 태그 값 -43988000이 대차와 맞지 않아 지배지분 값을 총자본으로 씀,12
Take-Two Interactive,TTWO,2019Q2,2019-06-30,분기말 지배지분 자본,2086327000,USD,공시,https://www.sec.gov/Archives/edgar/data/946581/000162828019010011/,,12
Take-Two Interactive,TTWO,2019Q2,2019-06-28,분기말 종가,113.53,USD,API,https://query1.finance.yahoo.com/v8/finance/chart/TTWO?interval=1d&events=splits (2019-06-28),,12
Take-Two Interactive,TTWO,2019Q2,2019-07-24,분기말 상장주식수,113178103,주,공시(표지 기준일),https://www.sec.gov/Archives/edgar/data/946581/000162828019010011/,dei:EntityCommonStockSharesOutstanding 클래스 합,12
Take-Two Interactive,TTWO,2019Q2,2019-06-28,분기말 시가총액,12849110034,USD,계산(종가×주식수),https://query1.finance.yahoo.com/v8/finance/chart/TTWO?interval=1d&events=splits (2019-06-28) ; https://www.sec.gov/Archives/edgar/data/946581/000162828019010011/,종가 113.53 × 주식수 113178103,12
Take-Two Interactive,TTWO,2019Q3,2019-09-30,분기별 매출액,857841000,USD,공시,https://www.sec.gov/Archives/edgar/data/946581/000162828019013731/,,12
Take-Two Interactive,TTWO,2019Q3,2019-09-30,분기별 영업이익,74820000,USD,공시,https://www.sec.gov/Archives/edgar/data/946581/000162828019013731/,,12
Take-Two Interactive,TTWO,2019Q3,2019-09-30,분기별 당기순이익(지배),71815000,USD,공시,https://www.sec.gov/Archives/edgar/data/946581/000162828019013731/,,12
Take-Two Interactive,TTWO,2019Q3,2019-09-30,분기별 영업활동현금흐름,35623000,USD,계산(누적차감),https://www.sec.gov/Archives/edgar/data/946581/000162828019013731/ ; https://www.sec.gov/Archives/edgar/data/946581/000162828019010011/,누적 144158000 − 직전누적 108535000 (시작 2019-04-01),12
Take-Two Interactive,TTWO,2019Q3,2019-09-30,분기말 자산총계,4815111000,USD,공시,https://www.sec.gov/Archives/edgar/data/946581/000162828019013731/,,12
Take-Two Interactive,TTWO,2019Q3,2019-09-30,분기말 부채총계,2633348000,USD,공시,https://www.sec.gov/Archives/edgar/data/946581/000162828019013731/,,12
Take-Two Interactive,TTWO,2019Q3,2019-09-30,분기말 총자본(자기자본),2181763000,USD,공시(지배지분 태그),https://www.sec.gov/Archives/edgar/data/946581/000162828019013731/,총자본 태그 값 -54462000이 대차와 맞지 않아 지배지분 값을 총자본으로 씀,12
Take-Two Interactive,TTWO,2019Q3,2019-09-30,분기말 지배지분 자본,2181763000,USD,공시,https://www.sec.gov/Archives/edgar/data/946581/000162828019013731/,,12
Take-Two Interactive,TTWO,2019Q3,2019-09-30,분기말 종가,125.34,USD,API,https://query1.finance.yahoo.com/v8/finance/chart/TTWO?interval=1d&events=splits (2019-09-30),,12
Take-Two Interactive,TTWO,2019Q3,2019-10-28,분기말 상장주식수,113346942,주,공시(표지 기준일),https://www.sec.gov/Archives/edgar/data/946581/000162828019013731/,dei:EntityCommonStockSharesOutstanding 클래스 합,12
Take-Two Interactive,TTWO,2019Q3,2019-09-30,분기말 시가총액,14206905710,USD,계산(종가×주식수),https://query1.finance.yahoo.com/v8/finance/chart/TTWO?interval=1d&events=splits (2019-09-30) ; https://www.sec.gov/Archives/edgar/data/946581/000162828019013731/,종가 125.34 × 주식수 113346942,12
Take-Two Interactive,TTWO,2019Q4,2019-12-31,분기별 매출액,930129000,USD,공시,https://www.sec.gov/Archives/edgar/data/946581/000162828020001155/,,12
Take-Two Interactive,TTWO,2019Q4,2019-12-31,분기별 영업이익,176833000,USD,공시,https://www.sec.gov/Archives/edgar/data/946581/000162828020001155/,,12
Take-Two Interactive,TTWO,2019Q4,2019-12-31,분기별 당기순이익(지배),163642000,USD,공시,https://www.sec.gov/Archives/edgar/data/946581/000162828020001155/,,12
Take-Two Interactive,TTWO,2019Q4,2019-12-31,분기별 영업활동현금흐름,295817000,USD,계산(누적차감),https://www.sec.gov/Archives/edgar/data/946581/000162828020001155/ ; https://www.sec.gov/Archives/edgar/data/946581/000162828019013731/,누적 439975000 − 직전누적 144158000 (시작 2019-04-01),12
Take-Two Interactive,TTWO,2019Q4,2019-12-31,분기말 자산총계,4879633000,USD,공시,https://www.sec.gov/Archives/edgar/data/946581/000162828020001155/,,12
Take-Two Interactive,TTWO,2019Q4,2019-12-31,분기말 부채총계,2477598000,USD,공시,https://www.sec.gov/Archives/edgar/data/946581/000162828020001155/,,12
Take-Two Interactive,TTWO,2019Q4,2019-12-31,분기말 총자본(자기자본),2402035000,USD,공시(비지배 없음),https://www.sec.gov/Archives/edgar/data/946581/000162828020001155/,"StockholdersEquity, MinorityInterest 태그 없음",12
Take-Two Interactive,TTWO,2019Q4,2019-12-31,분기말 지배지분 자본,2402035000,USD,공시,https://www.sec.gov/Archives/edgar/data/946581/000162828020001155/,,12
Take-Two Interactive,TTWO,2019Q4,2019-12-31,분기말 종가,122.43,USD,API,https://query1.finance.yahoo.com/v8/finance/chart/TTWO?interval=1d&events=splits (2019-12-31),,12
Take-Two Interactive,TTWO,2019Q4,2020-01-27,분기말 상장주식수,113424323,주,공시(표지 기준일),https://www.sec.gov/Archives/edgar/data/946581/000162828020001155/,dei:EntityCommonStockSharesOutstanding 클래스 합,12
Take-Two Interactive,TTWO,2019Q4,2019-12-31,분기말 시가총액,13886539865,USD,계산(종가×주식수),https://query1.finance.yahoo.com/v8/finance/chart/TTWO?interval=1d&events=splits (2019-12-31) ; https://www.sec.gov/Archives/edgar/data/946581/000162828020001155/,종가 122.43 × 주식수 113424323,12
Take-Two Interactive,TTWO,2020Q1,2020-03-31,분기별 매출액,760541000,USD,계산(연간-3분기누적),https://www.sec.gov/Archives/edgar/data/946581/000162828020008291/ ; https://www.sec.gov/Archives/edgar/data/946581/000162828020001155/,연간 3088970000 − 9개월누적 2328429000 (RevenueFromContractWithCustomerExcludingAssessedTax),12
Take-Two Interactive,TTWO,2020Q1,2020-03-31,분기별 영업이익,121884000,USD,계산(연간-3분기누적),https://www.sec.gov/Archives/edgar/data/946581/000162828020008291/ ; https://www.sec.gov/Archives/edgar/data/946581/000162828020001155/,연간 425267000 − 9개월누적 303383000 (OperatingIncomeLoss),12
Take-Two Interactive,TTWO,2020Q1,2020-03-31,분기별 당기순이익(지배),122722000,USD,계산(연간-3분기누적),https://www.sec.gov/Archives/edgar/data/946581/000162828020008291/ ; https://www.sec.gov/Archives/edgar/data/946581/000162828020001155/,연간 404459000 − 9개월누적 281737000 (NetIncomeLoss),12
Take-Two Interactive,TTWO,2020Q1,2020-03-31,분기별 영업활동현금흐름,245703000,USD,계산(누적차감),https://www.sec.gov/Archives/edgar/data/946581/000162828020008291/ ; https://www.sec.gov/Archives/edgar/data/946581/000162828020001155/,누적 685678000 − 직전누적 439975000 (시작 2019-04-01),12
Take-Two Interactive,TTWO,2020Q1,2020-03-31,분기말 자산총계,4948832000,USD,공시,https://www.sec.gov/Archives/edgar/data/946581/000162828020008291/,,12
Take-Two Interactive,TTWO,2020Q1,2020-03-31,분기말 부채총계,2409588000,USD,공시,https://www.sec.gov/Archives/edgar/data/946581/000162828020008291/,,12
Take-Two Interactive,TTWO,2020Q1,2020-03-31,분기말 총자본(자기자본),2539244000,USD,공시(비지배 없음),https://www.sec.gov/Archives/edgar/data/946581/000162828020008291/,"StockholdersEquity, MinorityInterest 태그 없음",12
Take-Two Interactive,TTWO,2020Q1,2020-03-31,분기말 지배지분 자본,2539244000,USD,공시,https://www.sec.gov/Archives/edgar/data/946581/000162828020008291/,,12
Take-Two Interactive,TTWO,2020Q1,2020-03-31,분기말 종가,118.61,USD,API,https://query1.finance.yahoo.com/v8/finance/chart/TTWO?interval=1d&events=splits (2020-03-31),,12
Take-Two Interactive,TTWO,2020Q1,2020-05-07,분기말 상장주식수,113942760,주,공시(표지 기준일),https://www.sec.gov/Archives/edgar/data/946581/000162828020008291/,dei:EntityCommonStockSharesOutstanding 클래스 합,12
Take-Two Interactive,TTWO,2020Q1,2020-03-31,분기말 시가총액,13514750764,USD,계산(종가×주식수),https://query1.finance.yahoo.com/v8/finance/chart/TTWO?interval=1d&events=splits (2020-03-31) ; https://www.sec.gov/Archives/edgar/data/946581/000162828020008291/,종가 118.61 × 주식수 113942760,12
Take-Two Interactive,TTWO,2020Q2,2020-06-30,분기별 매출액,831310000,USD,공시,https://www.sec.gov/Archives/edgar/data/946581/000162828020011493/,,12
Take-Two Interactive,TTWO,2020Q2,2020-06-30,분기별 영업이익,82143000,USD,공시,https://www.sec.gov/Archives/edgar/data/946581/000162828020011493/,,12
Take-Two Interactive,TTWO,2020Q2,2020-06-30,분기별 당기순이익(지배),88505000,USD,공시,https://www.sec.gov/Archives/edgar/data/946581/000162828020011493/,,12
Take-Two Interactive,TTWO,2020Q2,2020-06-30,분기별 영업활동현금흐름,445423000,USD,공시,https://www.sec.gov/Archives/edgar/data/946581/000162828020011493/,,12
Take-Two Interactive,TTWO,2020Q2,2020-06-30,분기말 자산총계,5369241000,USD,공시,https://www.sec.gov/Archives/edgar/data/946581/000162828020011493/,,12
Take-Two Interactive,TTWO,2020Q2,2020-06-30,분기말 부채총계,2718213000,USD,공시,https://www.sec.gov/Archives/edgar/data/946581/000162828020011493/,,12
Take-Two Interactive,TTWO,2020Q2,2020-06-30,분기말 총자본(자기자본),2651028000,USD,공시(비지배 없음),https://www.sec.gov/Archives/edgar/data/946581/000162828020011493/,"StockholdersEquity, MinorityInterest 태그 없음",12
Take-Two Interactive,TTWO,2020Q2,2020-06-30,분기말 지배지분 자본,2651028000,USD,공시,https://www.sec.gov/Archives/edgar/data/946581/000162828020011493/,,12
Take-Two Interactive,TTWO,2020Q2,2020-06-30,분기말 종가,139.57,USD,API,https://query1.finance.yahoo.com/v8/finance/chart/TTWO?interval=1d&events=splits (2020-06-30),,12
Take-Two Interactive,TTWO,2020Q2,2020-07-23,분기말 상장주식수,114338838,주,공시(표지 기준일),https://www.sec.gov/Archives/edgar/data/946581/000162828020011493/,dei:EntityCommonStockSharesOutstanding 클래스 합,12
Take-Two Interactive,TTWO,2020Q2,2020-06-30,분기말 시가총액,15958271620,USD,계산(종가×주식수),https://query1.finance.yahoo.com/v8/finance/chart/TTWO?interval=1d&events=splits (2020-06-30) ; https://www.sec.gov/Archives/edgar/data/946581/000162828020011493/,종가 139.57 × 주식수 114338838,12
Take-Two Interactive,TTWO,2020Q3,2020-09-30,분기별 매출액,841142000,USD,공시,https://www.sec.gov/Archives/edgar/data/946581/000162828020015824/,,12
Take-Two Interactive,TTWO,2020Q3,2020-09-30,분기별 영업이익,115367000,USD,공시,https://www.sec.gov/Archives/edgar/data/946581/000162828020015824/,,12
Take-Two Interactive,TTWO,2020Q3,2020-09-30,분기별 당기순이익(지배),99321000,USD,공시,https://www.sec.gov/Archives/edgar/data/946581/000162828020015824/,,12
Take-Two Interactive,TTWO,2020Q3,2020-09-30,분기별 영업활동현금흐름,181322000,USD,계산(누적차감),https://www.sec.gov/Archives/edgar/data/946581/000162828020015824/ ; https://www.sec.gov/Archives/edgar/data/946581/000162828020011493/,누적 626745000 − 직전누적 445423000 (시작 2020-04-01),12
Take-Two Interactive,TTWO,2020Q3,2020-09-30,분기말 자산총계,5836154000,USD,공시,https://www.sec.gov/Archives/edgar/data/946581/000162828020015824/,,12
Take-Two Interactive,TTWO,2020Q3,2020-09-30,분기말 부채총계,2934872000,USD,공시,https://www.sec.gov/Archives/edgar/data/946581/000162828020015824/,,12
Take-Two Interactive,TTWO,2020Q3,2020-09-30,분기말 총자본(자기자본),2901282000,USD,공시(비지배 없음),https://www.sec.gov/Archives/edgar/data/946581/000162828020015824/,"StockholdersEquity, MinorityInterest 태그 없음",12
Take-Two Interactive,TTWO,2020Q3,2020-09-30,분기말 지배지분 자본,2901282000,USD,공시,https://www.sec.gov/Archives/edgar/data/946581/000162828020015824/,,12
Take-Two Interactive,TTWO,2020Q3,2020-09-30,분기말 종가,165.22,USD,API,https://query1.finance.yahoo.com/v8/finance/chart/TTWO?interval=1d&events=splits (2020-09-30),,12
Take-Two Interactive,TTWO,2020Q3,2020-10-23,분기말 상장주식수,115021621,주,공시(표지 기준일),https://www.sec.gov/Archives/edgar/data/946581/000162828020015824/,dei:EntityCommonStockSharesOutstanding 클래스 합,12
Take-Two Interactive,TTWO,2020Q3,2020-09-30,분기말 시가총액,19003872222,USD,계산(종가×주식수),https://query1.finance.yahoo.com/v8/finance/chart/TTWO?interval=1d&events=splits (2020-09-30) ; https://www.sec.gov/Archives/edgar/data/946581/000162828020015824/,종가 165.22 × 주식수 115021621,12
Take-Two Interactive,TTWO,2020Q4,2020-12-31,분기별 매출액,860889000,USD,공시,https://www.sec.gov/Archives/edgar/data/946581/000162828021001632/,,12
Take-Two Interactive,TTWO,2020Q4,2020-12-31,분기별 영업이익,176057000,USD,공시,https://www.sec.gov/Archives/edgar/data/946581/000162828021001632/,,12
Take-Two Interactive,TTWO,2020Q4,2020-12-31,분기별 당기순이익(지배),182248000,USD,공시,https://www.sec.gov/Archives/edgar/data/946581/000162828021001632/,,12
Take-Two Interactive,TTWO,2020Q4,2020-12-31,분기별 영업활동현금흐름,160916000,USD,계산(누적차감),https://www.sec.gov/Archives/edgar/data/946581/000162828021001632/ ; https://www.sec.gov/Archives/edgar/data/946581/000162828020015824/,누적 787661000 − 직전누적 626745000 (시작 2020-04-01),12
Take-Two Interactive,TTWO,2020Q4,2020-12-31,분기말 자산총계,5966099000,USD,공시,https://www.sec.gov/Archives/edgar/data/946581/000162828021001632/,,12
Take-Two Interactive,TTWO,2020Q4,2020-12-31,분기말 부채총계,2810808000,USD,공시,https://www.sec.gov/Archives/edgar/data/946581/000162828021001632/,,12
Take-Two Interactive,TTWO,2020Q4,2020-12-31,분기말 총자본(자기자본),3155291000,USD,공시(비지배 없음),https://www.sec.gov/Archives/edgar/data/946581/000162828021001632/,"StockholdersEquity, MinorityInterest 태그 없음",12
Take-Two Interactive,TTWO,2020Q4,2020-12-31,분기말 지배지분 자본,3155291000,USD,공시,https://www.sec.gov/Archives/edgar/data/946581/000162828021001632/,,12
Take-Two Interactive,TTWO,2020Q4,2020-12-31,분기말 종가,207.79,USD,API,https://query1.finance.yahoo.com/v8/finance/chart/TTWO?interval=1d&events=splits (2020-12-31),,12
Take-Two Interactive,TTWO,2020Q4,2021-01-28,분기말 상장주식수,115177650,주,공시(표지 기준일),https://www.sec.gov/Archives/edgar/data/946581/000162828021001632/,dei:EntityCommonStockSharesOutstanding 클래스 합,12
Take-Two Interactive,TTWO,2020Q4,2020-12-31,분기말 시가총액,23932763894,USD,계산(종가×주식수),https://query1.finance.yahoo.com/v8/finance/chart/TTWO?interval=1d&events=splits (2020-12-31) ; https://www.sec.gov/Archives/edgar/data/946581/000162828021001632/,종가 207.79 × 주식수 115177650,12
Take-Two Interactive,TTWO,2021Q1,2021-03-31,분기별 매출액,839431000,USD,계산(연간-3분기누적),https://www.sec.gov/Archives/edgar/data/946581/000162828021010627/ ; https://www.sec.gov/Archives/edgar/data/946581/000162828021001632/,연간 3372772000 − 9개월누적 2533341000 (RevenueFromContractWithCustomerExcludingAssessedTax),12
Take-Two Interactive,TTWO,2021Q1,2021-03-31,분기별 영업이익,255817000,USD,계산(연간-3분기누적),https://www.sec.gov/Archives/edgar/data/946581/000162828021010627/ ; https://www.sec.gov/Archives/edgar/data/946581/000162828021001632/,연간 629384000 − 9개월누적 373567000 (OperatingIncomeLoss),12
Take-Two Interactive,TTWO,2021Q1,2021-03-31,분기별 당기순이익(지배),218812000,USD,계산(연간-3분기누적),https://www.sec.gov/Archives/edgar/data/946581/000162828021010627/ ; https://www.sec.gov/Archives/edgar/data/946581/000162828021001632/,연간 588886000 − 9개월누적 370074000 (NetIncomeLoss),12
Take-Two Interactive,TTWO,2021Q1,2021-03-31,분기별 영업활동현금흐름,124657000,USD,계산(누적차감),https://www.sec.gov/Archives/edgar/data/946581/000162828021010627/ ; https://www.sec.gov/Archives/edgar/data/946581/000162828021001632/,누적 912318000 − 직전누적 787661000 (시작 2020-04-01),12
Take-Two Interactive,TTWO,2021Q1,2021-03-31,분기말 자산총계,6028218000,USD,공시,https://www.sec.gov/Archives/edgar/data/946581/000162828021010627/,,12
Take-Two Interactive,TTWO,2021Q1,2021-03-31,분기말 부채총계,2696326000,USD,공시,https://www.sec.gov/Archives/edgar/data/946581/000162828021010627/,,12
Take-Two Interactive,TTWO,2021Q1,2021-03-31,분기말 총자본(자기자본),3331892000,USD,공시(비지배 없음),https://www.sec.gov/Archives/edgar/data/946581/000162828021010627/,"StockholdersEquity, MinorityInterest 태그 없음",12
Take-Two Interactive,TTWO,2021Q1,2021-03-31,분기말 지배지분 자본,3331892000,USD,공시,https://www.sec.gov/Archives/edgar/data/946581/000162828021010627/,,12
Take-Two Interactive,TTWO,2021Q1,2021-03-31,분기말 종가,176.7,USD,API,https://query1.finance.yahoo.com/v8/finance/chart/TTWO?interval=1d&events=splits (2021-03-31),,12
Take-Two Interactive,TTWO,2021Q1,2021-05-05,분기말 상장주식수,115656093,주,공시(표지 기준일),https://www.sec.gov/Archives/edgar/data/946581/000162828021010627/,dei:EntityCommonStockSharesOutstanding 클래스 합,12
Take-Two Interactive,TTWO,2021Q1,2021-03-31,분기말 시가총액,20436431633,USD,계산(종가×주식수),https://query1.finance.yahoo.com/v8/finance/chart/TTWO?interval=1d&events=splits (2021-03-31) ; https://www.sec.gov/Archives/edgar/data/946581/000162828021010627/,종가 176.7 × 주식수 115656093,12
Take-Two Interactive,TTWO,2021Q2,2021-06-30,분기별 매출액,813346000,USD,공시,https://www.sec.gov/Archives/edgar/data/946581/000162828021015202/,,12
Take-Two Interactive,TTWO,2021Q2,2021-06-30,분기별 영업이익,170474000,USD,공시,https://www.sec.gov/Archives/edgar/data/946581/000162828021015202/,,12
Take-Two Interactive,TTWO,2021Q2,2021-06-30,분기별 당기순이익(지배),152256000,USD,공시(비지배 없음),https://www.sec.gov/Archives/edgar/data/946581/000162828021015202/,,12
Take-Two Interactive,TTWO,2021Q2,2021-06-30,분기별 영업활동현금흐름,148242000,USD,공시,https://www.sec.gov/Archives/edgar/data/946581/000162828021015202/,,12
Take-Two Interactive,TTWO,2021Q2,2021-06-30,분기말 자산총계,6314255000,USD,공시,https://www.sec.gov/Archives/edgar/data/946581/000162828021015202/,,12
Take-Two Interactive,TTWO,2021Q2,2021-06-30,분기말 부채총계,2682948000,USD,공시,https://www.sec.gov/Archives/edgar/data/946581/000162828021015202/,,12
Take-Two Interactive,TTWO,2021Q2,2021-06-30,분기말 총자본(자기자본),3631307000,USD,공시,https://www.sec.gov/Archives/edgar/data/946581/000162828021015202/,,12
Take-Two Interactive,TTWO,2021Q2,2021-06-30,분기말 지배지분 자본,3618932000,USD,공시,https://www.sec.gov/Archives/edgar/data/946581/000162828021015202/,,12
Take-Two Interactive,TTWO,2021Q2,2021-06-30,분기말 종가,177.02,USD,API,https://query1.finance.yahoo.com/v8/finance/chart/TTWO?interval=1d&events=splits (2021-06-30),,12
Take-Two Interactive,TTWO,2021Q2,2021-07-22,분기말 상장주식수,116518331,주,공시(표지 기준일),https://www.sec.gov/Archives/edgar/data/946581/000162828021015202/,dei:EntityCommonStockSharesOutstanding 클래스 합,12
Take-Two Interactive,TTWO,2021Q2,2021-06-30,분기말 시가총액,20626074954,USD,계산(종가×주식수),https://query1.finance.yahoo.com/v8/finance/chart/TTWO?interval=1d&events=splits (2021-06-30) ; https://www.sec.gov/Archives/edgar/data/946581/000162828021015202/,종가 177.02 × 주식수 116518331,12
Take-Two Interactive,TTWO,2021Q3,2021-09-30,분기별 매출액,858198000,USD,공시,https://www.sec.gov/Archives/edgar/data/946581/000162828021021561/,,12
Take-Two Interactive,TTWO,2021Q3,2021-09-30,분기별 영업이익,20151000,USD,공시,https://www.sec.gov/Archives/edgar/data/946581/000162828021021561/,,12
Take-Two Interactive,TTWO,2021Q3,2021-09-30,분기별 당기순이익(지배),10297000,USD,공시,https://www.sec.gov/Archives/edgar/data/946581/000162828021021561/,,12
Take-Two Interactive,TTWO,2021Q3,2021-09-30,분기별 영업활동현금흐름,135437000,USD,계산(누적차감),https://www.sec.gov/Archives/edgar/data/946581/000162828021021561/ ; https://www.sec.gov/Archives/edgar/data/946581/000162828021015202/,누적 283679000 − 직전누적 148242000 (시작 2021-04-01),12
Take-Two Interactive,TTWO,2021Q3,2021-09-30,분기말 자산총계,6619031000,USD,공시,https://www.sec.gov/Archives/edgar/data/946581/000162828021021561/,,12
Take-Two Interactive,TTWO,2021Q3,2021-09-30,분기말 부채총계,3149363000,USD,공시,https://www.sec.gov/Archives/edgar/data/946581/000162828021021561/,,12
Take-Two Interactive,TTWO,2021Q3,2021-09-30,분기말 총자본(자기자본),3469668000,USD,공시,https://www.sec.gov/Archives/edgar/data/946581/000162828021021561/,,12
Take-Two Interactive,TTWO,2021Q3,2021-09-30,분기말 지배지분 자본,3469668000,USD,공시,https://www.sec.gov/Archives/edgar/data/946581/000162828021021561/,,12
Take-Two Interactive,TTWO,2021Q3,2021-09-30,분기말 종가,154.07,USD,API,https://query1.finance.yahoo.com/v8/finance/chart/TTWO?interval=1d&events=splits (2021-09-30),,12
Take-Two Interactive,TTWO,2021Q3,2021-10-22,분기말 상장주식수,115299786,주,공시(표지 기준일),https://www.sec.gov/Archives/edgar/data/946581/000162828021021561/,dei:EntityCommonStockSharesOutstanding 클래스 합,12
Take-Two Interactive,TTWO,2021Q3,2021-09-30,분기말 시가총액,17764238029,USD,계산(종가×주식수),https://query1.finance.yahoo.com/v8/finance/chart/TTWO?interval=1d&events=splits (2021-09-30) ; https://www.sec.gov/Archives/edgar/data/946581/000162828021021561/,종가 154.07 × 주식수 115299786,12
Take-Two Interactive,TTWO,2021Q4,2021-12-31,분기별 매출액,903252000,USD,공시,https://www.sec.gov/Archives/edgar/data/946581/000162828022001929/,,12
Take-Two Interactive,TTWO,2021Q4,2021-12-31,분기별 영업이익,154106000,USD,공시,https://www.sec.gov/Archives/edgar/data/946581/000162828022001929/,,12
Take-Two Interactive,TTWO,2021Q4,2021-12-31,분기별 당기순이익(지배),144600000,USD,공시(재작성 반영),https://www.sec.gov/Archives/edgar/data/946581/000162828023002448/,원 공시 144497000 (https://www.sec.gov/Archives/edgar/data/946581/000162828022001929/),12
Take-Two Interactive,TTWO,2021Q4,2021-12-31,분기별 영업활동현금흐름,-264518000,USD,계산(누적차감),https://www.sec.gov/Archives/edgar/data/946581/000162828022001929/ ; https://www.sec.gov/Archives/edgar/data/946581/000162828021021561/,누적 19161000 − 직전누적 283679000 (시작 2021-04-01),12
Take-Two Interactive,TTWO,2021Q4,2021-12-31,분기말 자산총계,6357953000,USD,공시,https://www.sec.gov/Archives/edgar/data/946581/000162828022001929/,,12
Take-Two Interactive,TTWO,2021Q4,2021-12-31,분기말 부채총계,2692216000,USD,공시,https://www.sec.gov/Archives/edgar/data/946581/000162828022001929/,,12
Take-Two Interactive,TTWO,2021Q4,2021-12-31,분기말 총자본(자기자본),3665737000,USD,공시,https://www.sec.gov/Archives/edgar/data/946581/000162828022001929/,,12
Take-Two Interactive,TTWO,2021Q4,2021-12-31,분기말 지배지분 자본,3665737000,USD,공시,https://www.sec.gov/Archives/edgar/data/946581/000162828022001929/,,12
Take-Two Interactive,TTWO,2021Q4,2021-12-31,분기말 종가,177.72,USD,API,https://query1.finance.yahoo.com/v8/finance/chart/TTWO?interval=1d&events=splits (2021-12-31),,12
Take-Two Interactive,TTWO,2021Q4,2022-01-26,분기말 상장주식수,115416162,주,공시(표지 기준일),https://www.sec.gov/Archives/edgar/data/946581/000162828022001929/,dei:EntityCommonStockSharesOutstanding 클래스 합,12
Take-Two Interactive,TTWO,2021Q4,2021-12-31,분기말 시가총액,20511760311,USD,계산(종가×주식수),https://query1.finance.yahoo.com/v8/finance/chart/TTWO?interval=1d&events=splits (2021-12-31) ; https://www.sec.gov/Archives/edgar/data/946581/000162828022001929/,종가 177.72 × 주식수 115416162,12
Take-Two Interactive,TTWO,2022Q1,2022-03-31,분기별 매출액,930004000,USD,계산(연간-3분기누적),https://www.sec.gov/Archives/edgar/data/946581/000162828022014580/ ; https://www.sec.gov/Archives/edgar/data/946581/000162828022001929/,연간 3504800000 − 9개월누적 2574796000 (RevenueFromContractWithCustomerExcludingAssessedTax),12
Take-Two Interactive,TTWO,2022Q1,2022-03-31,분기별 영업이익,128864000,USD,계산(연간-3분기누적),https://www.sec.gov/Archives/edgar/data/946581/000162828022014580/ ; https://www.sec.gov/Archives/edgar/data/946581/000162828022001929/,연간 473595000 − 9개월누적 344731000 (OperatingIncomeLoss),12
Take-Two Interactive,TTWO,2022Q1,2022-03-31,분기별 당기순이익(지배),110972000,USD,계산(연간-3분기누적),https://www.sec.gov/Archives/edgar/data/946581/000162828022014580/ ; https://www.sec.gov/Archives/edgar/data/946581/000162828022001929/,연간 418022000 − 9개월누적 307050000 (NetIncomeLoss),12
Take-Two Interactive,TTWO,2022Q1,2022-03-31,분기별 영업활동현금흐름,238823000,USD,계산(누적차감),https://www.sec.gov/Archives/edgar/data/946581/000162828022014580/ ; https://www.sec.gov/Archives/edgar/data/946581/000162828022001929/,누적 257984000 − 직전누적 19161000 (시작 2021-04-01),12
Take-Two Interactive,TTWO,2022Q1,2022-03-31,분기말 자산총계,6546219000,USD,공시,https://www.sec.gov/Archives/edgar/data/946581/000162828022014580/,,12
Take-Two Interactive,TTWO,2022Q1,2022-03-31,분기말 부채총계,2736560000,USD,공시,https://www.sec.gov/Archives/edgar/data/946581/000162828022014580/,,12
Take-Two Interactive,TTWO,2022Q1,2022-03-31,분기말 총자본(자기자본),3809659000,USD,공시,https://www.sec.gov/Archives/edgar/data/946581/000162828022014580/,,12
Take-Two Interactive,TTWO,2022Q1,2022-03-31,분기말 지배지분 자본,3809659000,USD,공시,https://www.sec.gov/Archives/edgar/data/946581/000162828022014580/,,12
Take-Two Interactive,TTWO,2022Q1,2022-03-31,분기말 종가,153.74,USD,API,https://query1.finance.yahoo.com/v8/finance/chart/TTWO?interval=1d&events=splits (2022-03-31),,12
Take-Two Interactive,TTWO,2022Q1,2022-05-05,분기말 상장주식수,115808814,주,공시(표지 기준일),https://www.sec.gov/Archives/edgar/data/946581/000162828022014580/,dei:EntityCommonStockSharesOutstanding 클래스 합,12
Take-Two Interactive,TTWO,2022Q1,2022-03-31,분기말 시가총액,17804447064,USD,계산(종가×주식수),https://query1.finance.yahoo.com/v8/finance/chart/TTWO?interval=1d&events=splits (2022-03-31) ; https://www.sec.gov/Archives/edgar/data/946581/000162828022014580/,종가 153.74 × 주식수 115808814,12
Take-Two Interactive,TTWO,2022Q2,2022-06-30,분기별 매출액,1102400000,USD,공시,https://www.sec.gov/Archives/edgar/data/946581/000162828022021685/,,12
Take-Two Interactive,TTWO,2022Q2,2022-06-30,분기별 영업이익,-37400000,USD,공시,https://www.sec.gov/Archives/edgar/data/946581/000162828022021685/,,12
Take-Two Interactive,TTWO,2022Q2,2022-06-30,분기별 당기순이익(지배),-104000000,USD,공시,https://www.sec.gov/Archives/edgar/data/946581/000162828022021685/,,12
Take-Two Interactive,TTWO,2022Q2,2022-06-30,분기별 영업활동현금흐름,100800000,USD,공시,https://www.sec.gov/Archives/edgar/data/946581/000162828022021685/,,12
Take-Two Interactive,TTWO,2022Q2,2022-06-30,분기말 자산총계,17744900000,USD,공시,https://www.sec.gov/Archives/edgar/data/946581/000162828022021685/,,12
Take-Two Interactive,TTWO,2022Q2,2022-06-30,분기말 부채총계,8082600000,USD,공시,https://www.sec.gov/Archives/edgar/data/946581/000162828022021685/,,12
Take-Two Interactive,TTWO,2022Q2,2022-06-30,분기말 총자본(자기자본),9662300000,USD,공시,https://www.sec.gov/Archives/edgar/data/946581/000162828022021685/,,12
Take-Two Interactive,TTWO,2022Q2,2022-06-30,분기말 지배지분 자본,9662300000,USD,공시,https://www.sec.gov/Archives/edgar/data/946581/000162828022021685/,,12
Take-Two Interactive,TTWO,2022Q2,2022-06-30,분기말 종가,122.53,USD,API,https://query1.finance.yahoo.com/v8/finance/chart/TTWO?interval=1d&events=splits (2022-06-30),,12
Take-Two Interactive,TTWO,2022Q2,2022-07-29,분기말 상장주식수,166690699,주,공시(표지 기준일),https://www.sec.gov/Archives/edgar/data/946581/000162828022021685/,dei:EntityCommonStockSharesOutstanding 클래스 합,12
Take-Two Interactive,TTWO,2022Q2,2022-06-30,분기말 시가총액,20424611348,USD,계산(종가×주식수),https://query1.finance.yahoo.com/v8/finance/chart/TTWO?interval=1d&events=splits (2022-06-30) ; https://www.sec.gov/Archives/edgar/data/946581/000162828022021685/,종가 122.53 × 주식수 166690699,12
Take-Two Interactive,TTWO,2022Q3,2022-09-30,분기별 매출액,1393500000,USD,공시,https://www.sec.gov/Archives/edgar/data/946581/000162828022028716/,,12
Take-Two Interactive,TTWO,2022Q3,2022-09-30,분기별 영업이익,-252500000,USD,공시,https://www.sec.gov/Archives/edgar/data/946581/000162828022028716/,,12
Take-Two Interactive,TTWO,2022Q3,2022-09-30,분기별 당기순이익(지배),-257000000,USD,공시,https://www.sec.gov/Archives/edgar/data/946581/000162828022028716/,,12
Take-Two Interactive,TTWO,2022Q3,2022-09-30,분기별 영업활동현금흐름,54600000,USD,계산(누적차감),https://www.sec.gov/Archives/edgar/data/946581/000162828022028716/ ; https://www.sec.gov/Archives/edgar/data/946581/000162828022021685/,누적 155400000 − 직전누적 100800000 (시작 2022-04-01),12
Take-Two Interactive,TTWO,2022Q3,2022-09-30,분기말 자산총계,17492900000,USD,공시,https://www.sec.gov/Archives/edgar/data/946581/000162828022028716/,,12
Take-Two Interactive,TTWO,2022Q3,2022-09-30,분기말 부채총계,8059400000,USD,공시,https://www.sec.gov/Archives/edgar/data/946581/000162828022028716/,,12
Take-Two Interactive,TTWO,2022Q3,2022-09-30,분기말 총자본(자기자본),9433500000,USD,공시,https://www.sec.gov/Archives/edgar/data/946581/000162828022028716/,,12
Take-Two Interactive,TTWO,2022Q3,2022-09-30,분기말 지배지분 자본,9433500000,USD,공시,https://www.sec.gov/Archives/edgar/data/946581/000162828022028716/,,12
Take-Two Interactive,TTWO,2022Q3,2022-09-30,분기말 종가,109.0,USD,API,https://query1.finance.yahoo.com/v8/finance/chart/TTWO?interval=1d&events=splits (2022-09-30),,12
Take-Two Interactive,TTWO,2022Q3,2022-10-27,분기말 상장주식수,167819126,주,공시(표지 기준일),https://www.sec.gov/Archives/edgar/data/946581/000162828022028716/,dei:EntityCommonStockSharesOutstanding 클래스 합,12
Take-Two Interactive,TTWO,2022Q3,2022-09-30,분기말 시가총액,18292284734,USD,계산(종가×주식수),https://query1.finance.yahoo.com/v8/finance/chart/TTWO?interval=1d&events=splits (2022-09-30) ; https://www.sec.gov/Archives/edgar/data/946581/000162828022028716/,종가 109.0 × 주식수 167819126,12
Take-Two Interactive,TTWO,2022Q4,2022-12-31,분기별 매출액,1407800000,USD,공시,https://www.sec.gov/Archives/edgar/data/946581/000162828023002448/,,12
Take-Two Interactive,TTWO,2022Q4,2022-12-31,분기별 영업이익,-172900000,USD,공시,https://www.sec.gov/Archives/edgar/data/946581/000162828023002448/,,12
Take-Two Interactive,TTWO,2022Q4,2022-12-31,분기별 당기순이익(지배),-153400000,USD,공시,https://www.sec.gov/Archives/edgar/data/946581/000162828023002448/,,12
Take-Two Interactive,TTWO,2022Q4,2022-12-31,분기별 영업활동현금흐름,-119600000,USD,계산(누적차감),https://www.sec.gov/Archives/edgar/data/946581/000162828023002448/ ; https://www.sec.gov/Archives/edgar/data/946581/000162828022028716/,누적 35800000 − 직전누적 155400000 (시작 2022-04-01),12
Take-Two Interactive,TTWO,2022Q4,2022-12-31,분기말 자산총계,16881400000,USD,공시,https://www.sec.gov/Archives/edgar/data/946581/000162828023002448/,,12
Take-Two Interactive,TTWO,2022Q4,2022-12-31,분기말 부채총계,7331000000,USD,공시,https://www.sec.gov/Archives/edgar/data/946581/000162828023002448/,,12
Take-Two Interactive,TTWO,2022Q4,2022-12-31,분기말 총자본(자기자본),9550400000,USD,공시,https://www.sec.gov/Archives/edgar/data/946581/000162828023002448/,,12
Take-Two Interactive,TTWO,2022Q4,2022-12-31,분기말 지배지분 자본,9550400000,USD,공시,https://www.sec.gov/Archives/edgar/data/946581/000162828023002448/,,12
Take-Two Interactive,TTWO,2022Q4,2022-12-30,분기말 종가,104.13,USD,API,https://query1.finance.yahoo.com/v8/finance/chart/TTWO?interval=1d&events=splits (2022-12-30),,12
Take-Two Interactive,TTWO,2022Q4,2023-01-26,분기말 상장주식수,168674529,주,공시(표지 기준일),https://www.sec.gov/Archives/edgar/data/946581/000162828023002448/,dei:EntityCommonStockSharesOutstanding 클래스 합,12
Take-Two Interactive,TTWO,2022Q4,2022-12-30,분기말 시가총액,17564078705,USD,계산(종가×주식수),https://query1.finance.yahoo.com/v8/finance/chart/TTWO?interval=1d&events=splits (2022-12-30) ; https://www.sec.gov/Archives/edgar/data/946581/000162828023002448/,종가 104.13 × 주식수 168674529,12
Take-Two Interactive,TTWO,2023Q1,2023-03-31,분기별 매출액,1446200000,USD,계산(연간-3분기누적),https://www.sec.gov/Archives/edgar/data/946581/000162828023019851/ ; https://www.sec.gov/Archives/edgar/data/946581/000162828023002448/,연간 5349900000 − 9개월누적 3903700000 (RevenueFromContractWithCustomerExcludingAssessedTax),12
Take-Two Interactive,TTWO,2023Q1,2023-03-31,분기별 영업이익,-702400000,USD,계산(연간-3분기누적),https://www.sec.gov/Archives/edgar/data/946581/000162828023019851/ ; https://www.sec.gov/Archives/edgar/data/946581/000162828023002448/,연간 -1165200000 − 9개월누적 -462800000 (OperatingIncomeLoss),12
Take-Two Interactive,TTWO,2023Q1,2023-03-31,분기별 당기순이익(지배),-610300000,USD,계산(연간-3분기누적),https://www.sec.gov/Archives/edgar/data/946581/000162828023019851/ ; https://www.sec.gov/Archives/edgar/data/946581/000162828023002448/,연간 -1124700000 − 9개월누적 -514400000 (NetIncomeLoss),12
Take-Two Interactive,TTWO,2023Q1,2023-03-31,분기별 영업활동현금흐름,-34700000,USD,계산(누적차감),https://www.sec.gov/Archives/edgar/data/946581/000162828023019851/ ; https://www.sec.gov/Archives/edgar/data/946581/000162828023002448/,누적 1100000 − 직전누적 35800000 (시작 2022-04-01),12
Take-Two Interactive,TTWO,2023Q1,2023-03-31,분기말 자산총계,15862100000,USD,공시,https://www.sec.gov/Archives/edgar/data/946581/000162828023019851/,,12
Take-Two Interactive,TTWO,2023Q1,2023-03-31,분기말 부채총계,6819600000,USD,공시,https://www.sec.gov/Archives/edgar/data/946581/000162828023019851/,,12
Take-Two Interactive,TTWO,2023Q1,2023-03-31,분기말 총자본(자기자본),9042500000,USD,공시,https://www.sec.gov/Archives/edgar/data/946581/000162828023019851/,,12
Take-Two Interactive,TTWO,2023Q1,2023-03-31,분기말 지배지분 자본,9042500000,USD,공시,https://www.sec.gov/Archives/edgar/data/946581/000162828023019851/,,12
Take-Two Interactive,TTWO,2023Q1,2023-03-31,분기말 종가,119.3,USD,API,https://query1.finance.yahoo.com/v8/finance/chart/TTWO?interval=1d&events=splits (2023-03-31),,12
Take-Two Interactive,TTWO,2023Q1,2023-05-05,분기말 상장주식수,169333577,주,공시(표지 기준일),https://www.sec.gov/Archives/edgar/data/946581/000162828023019851/,dei:EntityCommonStockSharesOutstanding 클래스 합,12
Take-Two Interactive,TTWO,2023Q1,2023-03-31,분기말 시가총액,20201495736,USD,계산(종가×주식수),https://query1.finance.yahoo.com/v8/finance/chart/TTWO?interval=1d&events=splits (2023-03-31) ; https://www.sec.gov/Archives/edgar/data/946581/000162828023019851/,종가 119.3 × 주식수 169333577,12
Take-Two Interactive,TTWO,2023Q2,2023-06-30,분기별 매출액,1284700000,USD,공시,https://www.sec.gov/Archives/edgar/data/946581/000162828023028326/,,12
Take-Two Interactive,TTWO,2023Q2,2023-06-30,분기별 영업이익,-204300000,USD,공시,https://www.sec.gov/Archives/edgar/data/946581/000162828023028326/,,12
Take-Two Interactive,TTWO,2023Q2,2023-06-30,분기별 당기순이익(지배),-206000000,USD,공시,https://www.sec.gov/Archives/edgar/data/946581/000162828023028326/,,12
Take-Two Interactive,TTWO,2023Q2,2023-06-30,분기별 영업활동현금흐름,5000000,USD,공시,https://www.sec.gov/Archives/edgar/data/946581/000162828023028326/,,12
Take-Two Interactive,TTWO,2023Q2,2023-06-30,분기말 자산총계,15525300000,USD,공시,https://www.sec.gov/Archives/edgar/data/946581/000162828023028326/,,12
Take-Two Interactive,TTWO,2023Q2,2023-06-30,분기말 부채총계,6585100000,USD,공시,https://www.sec.gov/Archives/edgar/data/946581/000162828023028326/,,12
Take-Two Interactive,TTWO,2023Q2,2023-06-30,분기말 총자본(자기자본),8940200000,USD,공시,https://www.sec.gov/Archives/edgar/data/946581/000162828023028326/,,12
Take-Two Interactive,TTWO,2023Q2,2023-06-30,분기말 지배지분 자본,8940200000,USD,공시,https://www.sec.gov/Archives/edgar/data/946581/000162828023028326/,,12
Take-Two Interactive,TTWO,2023Q2,2023-06-30,분기말 종가,147.16,USD,API,https://query1.finance.yahoo.com/v8/finance/chart/TTWO?interval=1d&events=splits (2023-06-30),,12
Take-Two Interactive,TTWO,2023Q2,2023-07-27,분기말 상장주식수,169830769,주,공시(표지 기준일),https://www.sec.gov/Archives/edgar/data/946581/000162828023028326/,dei:EntityCommonStockSharesOutstanding 클래스 합,12
Take-Two Interactive,TTWO,2023Q2,2023-06-30,분기말 시가총액,24992295966,USD,계산(종가×주식수),https://query1.finance.yahoo.com/v8/finance/chart/TTWO?interval=1d&events=splits (2023-06-30) ; https://www.sec.gov/Archives/edgar/data/946581/000162828023028326/,종가 147.16 × 주식수 169830769,12
Take-Two Interactive,TTWO,2023Q3,2023-09-30,분기별 매출액,1299200000,USD,공시,https://www.sec.gov/Archives/edgar/data/946581/000162828023037956/,,12
Take-Two Interactive,TTWO,2023Q3,2023-09-30,분기별 영업이익,-543700000,USD,공시,https://www.sec.gov/Archives/edgar/data/946581/000162828023037956/,,12
Take-Two Interactive,TTWO,2023Q3,2023-09-30,분기별 당기순이익(지배),-543600000,USD,공시,https://www.sec.gov/Archives/edgar/data/946581/000162828023037956/,,12
Take-Two Interactive,TTWO,2023Q3,2023-09-30,분기별 영업활동현금흐름,64800000,USD,계산(누적차감),https://www.sec.gov/Archives/edgar/data/946581/000162828023037956/ ; https://www.sec.gov/Archives/edgar/data/946581/000162828023028326/,누적 69800000 − 직전누적 5000000 (시작 2023-04-01),12
Take-Two Interactive,TTWO,2023Q3,2023-09-30,분기말 자산총계,15207400000,USD,공시,https://www.sec.gov/Archives/edgar/data/946581/000162828023037956/,,12
Take-Two Interactive,TTWO,2023Q3,2023-09-30,분기말 부채총계,6777300000,USD,공시,https://www.sec.gov/Archives/edgar/data/946581/000162828023037956/,,12
Take-Two Interactive,TTWO,2023Q3,2023-09-30,분기말 총자본(자기자본),8430100000,USD,공시,https://www.sec.gov/Archives/edgar/data/946581/000162828023037956/,,12
Take-Two Interactive,TTWO,2023Q3,2023-09-30,분기말 지배지분 자본,8430100000,USD,공시,https://www.sec.gov/Archives/edgar/data/946581/000162828023037956/,,12
Take-Two Interactive,TTWO,2023Q3,2023-09-29,분기말 종가,140.39,USD,API,https://query1.finance.yahoo.com/v8/finance/chart/TTWO?interval=1d&events=splits (2023-09-29),,12
Take-Two Interactive,TTWO,2023Q3,2023-10-27,분기말 상장주식수,170067620,주,공시(표지 기준일),https://www.sec.gov/Archives/edgar/data/946581/000162828023037956/,dei:EntityCommonStockSharesOutstanding 클래스 합,12
Take-Two Interactive,TTWO,2023Q3,2023-09-29,분기말 시가총액,23875793172,USD,계산(종가×주식수),https://query1.finance.yahoo.com/v8/finance/chart/TTWO?interval=1d&events=splits (2023-09-29) ; https://www.sec.gov/Archives/edgar/data/946581/000162828023037956/,종가 140.39 × 주식수 170067620,12
Take-Two Interactive,TTWO,2023Q4,2023-12-31,분기별 매출액,1366300000,USD,공시,https://www.sec.gov/Archives/edgar/data/946581/000162828024003951/,,12
Take-Two Interactive,TTWO,2023Q4,2023-12-31,분기별 영업이익,-129500000,USD,공시,https://www.sec.gov/Archives/edgar/data/946581/000162828024003951/,,12
Take-Two Interactive,TTWO,2023Q4,2023-12-31,분기별 당기순이익(지배),-91600000,USD,공시,https://www.sec.gov/Archives/edgar/data/946581/000162828024003951/,,12
Take-Two Interactive,TTWO,2023Q4,2023-12-31,분기별 영업활동현금흐름,-77000000,USD,계산(누적차감),https://www.sec.gov/Archives/edgar/data/946581/000162828024003951/ ; https://www.sec.gov/Archives/edgar/data/946581/000162828023037956/,누적 -7200000 − 직전누적 69800000 (시작 2023-04-01),12
Take-Two Interactive,TTWO,2023Q4,2023-12-31,분기말 자산총계,14895700000,USD,공시,https://www.sec.gov/Archives/edgar/data/946581/000162828024003951/,,12
Take-Two Interactive,TTWO,2023Q4,2023-12-31,분기말 부채총계,6387100000,USD,공시,https://www.sec.gov/Archives/edgar/data/946581/000162828024003951/,,12
Take-Two Interactive,TTWO,2023Q4,2023-12-31,분기말 총자본(자기자본),8508600000,USD,공시,https://www.sec.gov/Archives/edgar/data/946581/000162828024003951/,,12
Take-Two Interactive,TTWO,2023Q4,2023-12-31,분기말 지배지분 자본,8508600000,USD,공시,https://www.sec.gov/Archives/edgar/data/946581/000162828024003951/,,12
Take-Two Interactive,TTWO,2023Q4,2023-12-29,분기말 종가,160.95,USD,API,https://query1.finance.yahoo.com/v8/finance/chart/TTWO?interval=1d&events=splits (2023-12-29),,12
Take-Two Interactive,TTWO,2023Q4,2024-01-29,분기말 상장주식수,170586411,주,공시(표지 기준일),https://www.sec.gov/Archives/edgar/data/946581/000162828024003951/,dei:EntityCommonStockSharesOutstanding 클래스 합,12
Take-Two Interactive,TTWO,2023Q4,2023-12-29,분기말 시가총액,27455882850,USD,계산(종가×주식수),https://query1.finance.yahoo.com/v8/finance/chart/TTWO?interval=1d&events=splits (2023-12-29) ; https://www.sec.gov/Archives/edgar/data/946581/000162828024003951/,종가 160.95 × 주식수 170586411,12
Take-Two Interactive,TTWO,2024Q1,2024-03-31,분기별 매출액,1399400000,USD,계산(연간-3분기누적),https://www.sec.gov/Archives/edgar/data/946581/000162828024024623/ ; https://www.sec.gov/Archives/edgar/data/946581/000162828024003951/,연간 5349600000 − 9개월누적 3950200000 (RevenueFromContractWithCustomerExcludingAssessedTax),12
Take-Two Interactive,TTWO,2024Q1,2024-03-31,분기별 영업이익,-2713100000,USD,계산(연간-3분기누적),https://www.sec.gov/Archives/edgar/data/946581/000162828024024623/ ; https://www.sec.gov/Archives/edgar/data/946581/000162828024003951/,연간 -3590600000 − 9개월누적 -877500000 (OperatingIncomeLoss),12
Take-Two Interactive,TTWO,2024Q1,2024-03-31,분기별 당기순이익(지배),-2903000000,USD,계산(연간-3분기누적),https://www.sec.gov/Archives/edgar/data/946581/000162828024024623/ ; https://www.sec.gov/Archives/edgar/data/946581/000162828024003951/,연간 -3744200000 − 9개월누적 -841200000 (NetIncomeLoss),12
Take-Two Interactive,TTWO,2024Q1,2024-03-31,분기별 영업활동현금흐름,-8900000,USD,계산(누적차감),https://www.sec.gov/Archives/edgar/data/946581/000162828024024623/ ; https://www.sec.gov/Archives/edgar/data/946581/000162828024003951/,누적 -16100000 − 직전누적 -7200000 (시작 2023-04-01),12
Take-Two Interactive,TTWO,2024Q1,2024-03-31,분기말 자산총계,12216900000,USD,공시,https://www.sec.gov/Archives/edgar/data/946581/000162828024024623/,,12
Take-Two Interactive,TTWO,2024Q1,2024-03-31,분기말 부채총계,6549000000,USD,공시,https://www.sec.gov/Archives/edgar/data/946581/000162828024024623/,,12
Take-Two Interactive,TTWO,2024Q1,2024-03-31,분기말 총자본(자기자본),5667900000,USD,공시,https://www.sec.gov/Archives/edgar/data/946581/000162828024024623/,,12
Take-Two Interactive,TTWO,2024Q1,2024-03-31,분기말 지배지분 자본,5667900000,USD,공시,https://www.sec.gov/Archives/edgar/data/946581/000162828024024623/,,12
Take-Two Interactive,TTWO,2024Q1,2024-03-28,분기말 종가,148.49,USD,API,https://query1.finance.yahoo.com/v8/finance/chart/TTWO?interval=1d&events=splits (2024-03-28),,12
Take-Two Interactive,TTWO,2024Q1,2024-05-06,분기말 상장주식수,171385386,주,공시(표지 기준일),https://www.sec.gov/Archives/edgar/data/946581/000162828024024623/,dei:EntityCommonStockSharesOutstanding 클래스 합,12
Take-Two Interactive,TTWO,2024Q1,2024-03-28,분기말 시가총액,25449015967,USD,계산(종가×주식수),https://query1.finance.yahoo.com/v8/finance/chart/TTWO?interval=1d&events=splits (2024-03-28) ; https://www.sec.gov/Archives/edgar/data/946581/000162828024024623/,종가 148.49 × 주식수 171385386,12
Take-Two Interactive,TTWO,2024Q2,2024-06-30,분기별 매출액,1338200000,USD,공시,https://www.sec.gov/Archives/edgar/data/946581/000162828024036273/,,12
Take-Two Interactive,TTWO,2024Q2,2024-06-30,분기별 영업이익,-184900000,USD,공시,https://www.sec.gov/Archives/edgar/data/946581/000162828024036273/,,12
Take-Two Interactive,TTWO,2024Q2,2024-06-30,분기별 당기순이익(지배),-262000000,USD,공시,https://www.sec.gov/Archives/edgar/data/946581/000162828024036273/,,12
Take-Two Interactive,TTWO,2024Q2,2024-06-30,분기별 영업활동현금흐름,-191000000,USD,공시,https://www.sec.gov/Archives/edgar/data/946581/000162828024036273/,,12
Take-Two Interactive,TTWO,2024Q2,2024-06-30,분기말 자산총계,12944600000,USD,공시,https://www.sec.gov/Archives/edgar/data/946581/000162828024036273/,,12
Take-Two Interactive,TTWO,2024Q2,2024-06-30,분기말 부채총계,6953100000,USD,공시,https://www.sec.gov/Archives/edgar/data/946581/000162828024036273/,,12
Take-Two Interactive,TTWO,2024Q2,2024-06-30,분기말 총자본(자기자본),5991500000,USD,공시,https://www.sec.gov/Archives/edgar/data/946581/000162828024036273/,,12
Take-Two Interactive,TTWO,2024Q2,2024-06-30,분기말 지배지분 자본,5991500000,USD,공시,https://www.sec.gov/Archives/edgar/data/946581/000162828024036273/,,12
Take-Two Interactive,TTWO,2024Q2,2024-06-28,분기말 종가,155.49,USD,API,https://query1.finance.yahoo.com/v8/finance/chart/TTWO?interval=1d&events=splits (2024-06-28),,12
Take-Two Interactive,TTWO,2024Q2,2024-07-29,분기말 상장주식수,175282774,주,공시(표지 기준일),https://www.sec.gov/Archives/edgar/data/946581/000162828024036273/,dei:EntityCommonStockSharesOutstanding 클래스 합,12
Take-Two Interactive,TTWO,2024Q2,2024-06-28,분기말 시가총액,27254718529,USD,계산(종가×주식수),https://query1.finance.yahoo.com/v8/finance/chart/TTWO?interval=1d&events=splits (2024-06-28) ; https://www.sec.gov/Archives/edgar/data/946581/000162828024036273/,종가 155.49 × 주식수 175282774,12
Take-Two Interactive,TTWO,2024Q3,2024-09-30,분기별 매출액,1353100000,USD,공시,https://www.sec.gov/Archives/edgar/data/946581/000162828024045867/,,12
Take-Two Interactive,TTWO,2024Q3,2024-09-30,분기별 영업이익,-297200000,USD,공시,https://www.sec.gov/Archives/edgar/data/946581/000162828024045867/,,12
Take-Two Interactive,TTWO,2024Q3,2024-09-30,분기별 당기순이익(지배),-365500000,USD,공시,https://www.sec.gov/Archives/edgar/data/946581/000162828024045867/,,12
Take-Two Interactive,TTWO,2024Q3,2024-09-30,분기별 영업활동현금흐름,-128400000,USD,계산(누적차감),https://www.sec.gov/Archives/edgar/data/946581/000162828024045867/ ; https://www.sec.gov/Archives/edgar/data/946581/000162828024036273/,누적 -319400000 − 직전누적 -191000000 (시작 2024-04-01),12
Take-Two Interactive,TTWO,2024Q3,2024-09-30,분기말 자산총계,13075300000,USD,공시,https://www.sec.gov/Archives/edgar/data/946581/000162828024045867/,,12
Take-Two Interactive,TTWO,2024Q3,2024-09-30,분기말 부채총계,7276800000,USD,공시,https://www.sec.gov/Archives/edgar/data/946581/000162828024045867/,,12
Take-Two Interactive,TTWO,2024Q3,2024-09-30,분기말 총자본(자기자본),5798500000,USD,공시,https://www.sec.gov/Archives/edgar/data/946581/000162828024045867/,,12
Take-Two Interactive,TTWO,2024Q3,2024-09-30,분기말 지배지분 자본,5798500000,USD,공시,https://www.sec.gov/Archives/edgar/data/946581/000162828024045867/,,12
Take-Two Interactive,TTWO,2024Q3,2024-09-30,분기말 종가,153.71,USD,API,https://query1.finance.yahoo.com/v8/finance/chart/TTWO?interval=1d&events=splits (2024-09-30),,12
Take-Two Interactive,TTWO,2024Q3,2024-10-25,분기말 상장주식수,175627391,주,공시(표지 기준일),https://www.sec.gov/Archives/edgar/data/946581/000162828024045867/,dei:EntityCommonStockSharesOutstanding 클래스 합,12
Take-Two Interactive,TTWO,2024Q3,2024-09-30,분기말 시가총액,26995686271,USD,계산(종가×주식수),https://query1.finance.yahoo.com/v8/finance/chart/TTWO?interval=1d&events=splits (2024-09-30) ; https://www.sec.gov/Archives/edgar/data/946581/000162828024045867/,종가 153.71 × 주식수 175627391,12
Take-Two Interactive,TTWO,2024Q4,2024-12-31,분기별 매출액,1359800000,USD,공시,https://www.sec.gov/Archives/edgar/data/946581/000162828025004308/,,12
Take-Two Interactive,TTWO,2024Q4,2024-12-31,분기별 영업이익,-132100000,USD,공시,https://www.sec.gov/Archives/edgar/data/946581/000162828025004308/,,12
Take-Two Interactive,TTWO,2024Q4,2024-12-31,분기별 당기순이익(지배),-125200000,USD,공시,https://www.sec.gov/Archives/edgar/data/946581/000162828025004308/,,12
Take-Two Interactive,TTWO,2024Q4,2024-12-31,분기별 영업활동현금흐름,-4800000,USD,계산(누적차감),https://www.sec.gov/Archives/edgar/data/946581/000162828025004308/ ; https://www.sec.gov/Archives/edgar/data/946581/000162828024045867/,누적 -324200000 − 직전누적 -319400000 (시작 2024-04-01),12
Take-Two Interactive,TTWO,2024Q4,2024-12-31,분기말 자산총계,12679900000,USD,공시,https://www.sec.gov/Archives/edgar/data/946581/000162828025004308/,,12
Take-Two Interactive,TTWO,2024Q4,2024-12-31,분기말 부채총계,6978000000,USD,공시,https://www.sec.gov/Archives/edgar/data/946581/000162828025004308/,,12
Take-Two Interactive,TTWO,2024Q4,2024-12-31,분기말 총자본(자기자본),5701900000,USD,공시,https://www.sec.gov/Archives/edgar/data/946581/000162828025004308/,,12
Take-Two Interactive,TTWO,2024Q4,2024-12-31,분기말 지배지분 자본,5701900000,USD,공시,https://www.sec.gov/Archives/edgar/data/946581/000162828025004308/,,12
Take-Two Interactive,TTWO,2024Q4,2024-12-31,분기말 종가,184.08,USD,API,https://query1.finance.yahoo.com/v8/finance/chart/TTWO?interval=1d&events=splits (2024-12-31),,12
Take-Two Interactive,TTWO,2024Q4,2025-01-27,분기말 상장주식수,176495706,주,공시(표지 기준일),https://www.sec.gov/Archives/edgar/data/946581/000162828025004308/,dei:EntityCommonStockSharesOutstanding 클래스 합,12
Take-Two Interactive,TTWO,2024Q4,2024-12-31,분기말 시가총액,32489329560,USD,계산(종가×주식수),https://query1.finance.yahoo.com/v8/finance/chart/TTWO?interval=1d&events=splits (2024-12-31) ; https://www.sec.gov/Archives/edgar/data/946581/000162828025004308/,종가 184.08 × 주식수 176495706,12
Take-Two Interactive,TTWO,2025Q1,2025-03-31,분기별 매출액,1582500000,USD,계산(연간-3분기누적),https://www.sec.gov/Archives/edgar/data/946581/000162828025026694/ ; https://www.sec.gov/Archives/edgar/data/946581/000162828025004308/,연간 5633600000 − 9개월누적 4051100000 (RevenueFromContractWithCustomerExcludingAssessedTax),12
Take-Two Interactive,TTWO,2025Q1,2025-03-31,분기별 영업이익,-3776900000,USD,계산(연간-3분기누적),https://www.sec.gov/Archives/edgar/data/946581/000162828025026694/ ; https://www.sec.gov/Archives/edgar/data/946581/000162828025004308/,연간 -4391100000 − 9개월누적 -614200000 (OperatingIncomeLoss),12
Take-Two Interactive,TTWO,2025Q1,2025-03-31,분기별 당기순이익(지배),-3726200000,USD,계산(연간-3분기누적),https://www.sec.gov/Archives/edgar/data/946581/000162828025026694/ ; https://www.sec.gov/Archives/edgar/data/946581/000162828025004308/,연간 -4478900000 − 9개월누적 -752700000 (NetIncomeLoss),12
Take-Two Interactive,TTWO,2025Q1,2025-03-31,분기별 영업활동현금흐름,279000000,USD,계산(누적차감),https://www.sec.gov/Archives/edgar/data/946581/000162828025026694/ ; https://www.sec.gov/Archives/edgar/data/946581/000162828025004308/,누적 -45200000 − 직전누적 -324200000 (시작 2024-04-01),12
Take-Two Interactive,TTWO,2025Q1,2025-03-31,분기말 자산총계,9180700000,USD,공시,https://www.sec.gov/Archives/edgar/data/946581/000162828025026694/,,12
Take-Two Interactive,TTWO,2025Q1,2025-03-31,분기말 부채총계,7043000000,USD,공시,https://www.sec.gov/Archives/edgar/data/946581/000162828025026694/,,12
Take-Two Interactive,TTWO,2025Q1,2025-03-31,분기말 총자본(자기자본),2137700000,USD,공시,https://www.sec.gov/Archives/edgar/data/946581/000162828025026694/,,12
Take-Two Interactive,TTWO,2025Q1,2025-03-31,분기말 지배지분 자본,2137700000,USD,공시,https://www.sec.gov/Archives/edgar/data/946581/000162828025026694/,,12
Take-Two Interactive,TTWO,2025Q1,2025-03-31,분기말 종가,207.25,USD,API,https://query1.finance.yahoo.com/v8/finance/chart/TTWO?interval=1d&events=splits (2025-03-31),,12
Take-Two Interactive,TTWO,2025Q1,2025-05-05,분기말 상장주식수,177424908,주,공시(표지 기준일),https://www.sec.gov/Archives/edgar/data/946581/000162828025026694/,dei:EntityCommonStockSharesOutstanding 클래스 합,12
Take-Two Interactive,TTWO,2025Q1,2025-03-31,분기말 시가총액,36771312183,USD,계산(종가×주식수),https://query1.finance.yahoo.com/v8/finance/chart/TTWO?interval=1d&events=splits (2025-03-31) ; https://www.sec.gov/Archives/edgar/data/946581/000162828025026694/,종가 207.25 × 주식수 177424908,12
Take-Two Interactive,TTWO,2025Q2,2025-06-30,분기별 매출액,1503800000,USD,공시,https://www.sec.gov/Archives/edgar/data/946581/000162828025038963/,,12
Take-Two Interactive,TTWO,2025Q2,2025-06-30,분기별 영업이익,21600000,USD,공시,https://www.sec.gov/Archives/edgar/data/946581/000162828025038963/,,12
Take-Two Interactive,TTWO,2025Q2,2025-06-30,분기별 당기순이익(지배),-11900000,USD,공시,https://www.sec.gov/Archives/edgar/data/946581/000162828025038963/,,12
Take-Two Interactive,TTWO,2025Q2,2025-06-30,분기별 영업활동현금흐름,-44700000,USD,공시,https://www.sec.gov/Archives/edgar/data/946581/000162828025038963/,,12
Take-Two Interactive,TTWO,2025Q2,2025-06-30,분기말 자산총계,9684200000,USD,공시,https://www.sec.gov/Archives/edgar/data/946581/000162828025038963/,,12
Take-Two Interactive,TTWO,2025Q2,2025-06-30,분기말 부채총계,6203300000,USD,공시,https://www.sec.gov/Archives/edgar/data/946581/000162828025038963/,,12
Take-Two Interactive,TTWO,2025Q2,2025-06-30,분기말 총자본(자기자본),3480900000,USD,공시(비지배 없음),https://www.sec.gov/Archives/edgar/data/946581/000162828025038963/,"StockholdersEquity, MinorityInterest 태그 없음",12
Take-Two Interactive,TTWO,2025Q2,2025-06-30,분기말 지배지분 자본,3480900000,USD,공시,https://www.sec.gov/Archives/edgar/data/946581/000162828025038963/,,12
Take-Two Interactive,TTWO,2025Q2,2025-06-30,분기말 종가,242.85,USD,API,https://query1.finance.yahoo.com/v8/finance/chart/TTWO?interval=1d&events=splits (2025-06-30),,12
Take-Two Interactive,TTWO,2025Q2,2025-07-28,분기말 상장주식수,184470212,주,공시(표지 기준일),https://www.sec.gov/Archives/edgar/data/946581/000162828025038963/,dei:EntityCommonStockSharesOutstanding 클래스 합,12
Take-Two Interactive,TTWO,2025Q2,2025-06-30,분기말 시가총액,44798590984,USD,계산(종가×주식수),https://query1.finance.yahoo.com/v8/finance/chart/TTWO?interval=1d&events=splits (2025-06-30) ; https://www.sec.gov/Archives/edgar/data/946581/000162828025038963/,종가 242.85 × 주식수 184470212,12
Take-Two Interactive,TTWO,2025Q3,2025-09-30,분기별 매출액,1773800000,USD,공시,https://www.sec.gov/Archives/edgar/data/946581/000162828025050326/,,12
Take-Two Interactive,TTWO,2025Q3,2025-09-30,분기별 영업이익,-98000000,USD,공시,https://www.sec.gov/Archives/edgar/data/946581/000162828025050326/,,12
Take-Two Interactive,TTWO,2025Q3,2025-09-30,분기별 당기순이익(지배),-133900000,USD,공시,https://www.sec.gov/Archives/edgar/data/946581/000162828025050326/,,12
Take-Two Interactive,TTWO,2025Q3,2025-09-30,분기별 영업활동현금흐름,128400000,USD,계산(누적차감),https://www.sec.gov/Archives/edgar/data/946581/000162828025050326/ ; https://www.sec.gov/Archives/edgar/data/946581/000162828025038963/,누적 83700000 − 직전누적 -44700000 (시작 2025-04-01),12
Take-Two Interactive,TTWO,2025Q3,2025-09-30,분기말 자산총계,10080300000,USD,공시,https://www.sec.gov/Archives/edgar/data/946581/000162828025050326/,,12
Take-Two Interactive,TTWO,2025Q3,2025-09-30,분기말 부채총계,6648400000,USD,공시,https://www.sec.gov/Archives/edgar/data/946581/000162828025050326/,,12
Take-Two Interactive,TTWO,2025Q3,2025-09-30,분기말 총자본(자기자본),3431900000,USD,공시(비지배 없음),https://www.sec.gov/Archives/edgar/data/946581/000162828025050326/,"StockholdersEquity, MinorityInterest 태그 없음",12
Take-Two Interactive,TTWO,2025Q3,2025-09-30,분기말 지배지분 자본,3431900000,USD,공시,https://www.sec.gov/Archives/edgar/data/946581/000162828025050326/,,12
Take-Two Interactive,TTWO,2025Q3,2025-09-30,분기말 종가,258.36,USD,API,https://query1.finance.yahoo.com/v8/finance/chart/TTWO?interval=1d&events=splits (2025-09-30),,12
Take-Two Interactive,TTWO,2025Q3,2025-10-27,분기말 상장주식수,184778832,주,공시(표지 기준일),https://www.sec.gov/Archives/edgar/data/946581/000162828025050326/,dei:EntityCommonStockSharesOutstanding 클래스 합,12
Take-Two Interactive,TTWO,2025Q3,2025-09-30,분기말 시가총액,47739459036,USD,계산(종가×주식수),https://query1.finance.yahoo.com/v8/finance/chart/TTWO?interval=1d&events=splits (2025-09-30) ; https://www.sec.gov/Archives/edgar/data/946581/000162828025050326/,종가 258.36 × 주식수 184778832,12
Take-Two Interactive,TTWO,2025Q4,2025-12-31,분기별 매출액,1699000000,USD,공시,https://www.sec.gov/Archives/edgar/data/946581/000162828026005119/,,12
Take-Two Interactive,TTWO,2025Q4,2025-12-31,분기별 영업이익,-38700000,USD,공시,https://www.sec.gov/Archives/edgar/data/946581/000162828026005119/,,12
Take-Two Interactive,TTWO,2025Q4,2025-12-31,분기별 당기순이익(지배),-92900000,USD,공시,https://www.sec.gov/Archives/edgar/data/946581/000162828026005119/,,12
Take-Two Interactive,TTWO,2025Q4,2025-12-31,분기별 영업활동현금흐름,305200000,USD,계산(누적차감),https://www.sec.gov/Archives/edgar/data/946581/000162828026005119/ ; https://www.sec.gov/Archives/edgar/data/946581/000162828025050326/,누적 388900000 − 직전누적 83700000 (시작 2025-04-01),12
Take-Two Interactive,TTWO,2025Q4,2025-12-31,분기말 자산총계,10010500000,USD,공시,https://www.sec.gov/Archives/edgar/data/946581/000162828026005119/,,12
Take-Two Interactive,TTWO,2025Q4,2025-12-31,분기말 부채총계,6514900000,USD,공시,https://www.sec.gov/Archives/edgar/data/946581/000162828026005119/,,12
Take-Two Interactive,TTWO,2025Q4,2025-12-31,분기말 총자본(자기자본),3495600000,USD,공시(비지배 없음),https://www.sec.gov/Archives/edgar/data/946581/000162828026005119/,"StockholdersEquity, MinorityInterest 태그 없음",12
Take-Two Interactive,TTWO,2025Q4,2025-12-31,분기말 지배지분 자본,3495600000,USD,공시,https://www.sec.gov/Archives/edgar/data/946581/000162828026005119/,,12
Take-Two Interactive,TTWO,2025Q4,2025-12-31,분기말 종가,256.03,USD,API,https://query1.finance.yahoo.com/v8/finance/chart/TTWO?interval=1d&events=splits (2025-12-31),,12
Take-Two Interactive,TTWO,2025Q4,2026-01-26,분기말 상장주식수,185175456,주,공시(표지 기준일),https://www.sec.gov/Archives/edgar/data/946581/000162828026005119/,dei:EntityCommonStockSharesOutstanding 클래스 합,12
Take-Two Interactive,TTWO,2025Q4,2025-12-31,분기말 시가총액,47410472000,USD,계산(종가×주식수),https://query1.finance.yahoo.com/v8/finance/chart/TTWO?interval=1d&events=splits (2025-12-31) ; https://www.sec.gov/Archives/edgar/data/946581/000162828026005119/,종가 256.03 × 주식수 185175456,12
Take-Two Interactive,TTWO,2026Q1,2026-03-31,분기별 매출액,1679800000,USD,계산(연간-3분기누적),https://www.sec.gov/Archives/edgar/data/946581/000162828026037434/ ; https://www.sec.gov/Archives/edgar/data/946581/000162828026005119/,연간 6656400000 − 9개월누적 4976600000 (RevenueFromContractWithCustomerExcludingAssessedTax),12
Take-Two Interactive,TTWO,2026Q1,2026-03-31,분기별 영업이익,10900000,USD,계산(연간-3분기누적),https://www.sec.gov/Archives/edgar/data/946581/000162828026037434/ ; https://www.sec.gov/Archives/edgar/data/946581/000162828026005119/,연간 -104200000 − 9개월누적 -115100000 (OperatingIncomeLoss),12
Take-Two Interactive,TTWO,2026Q1,2026-03-31,분기별 당기순이익(지배),-59500000,USD,계산(연간-3분기누적),https://www.sec.gov/Archives/edgar/data/946581/000162828026037434/ ; https://www.sec.gov/Archives/edgar/data/946581/000162828026005119/,연간 -298200000 − 9개월누적 -238700000 (NetIncomeLoss),12
Take-Two Interactive,TTWO,2026Q1,2026-03-31,분기별 영업활동현금흐름,235400000,USD,계산(누적차감),https://www.sec.gov/Archives/edgar/data/946581/000162828026037434/ ; https://www.sec.gov/Archives/edgar/data/946581/000162828026005119/,누적 624300000 − 직전누적 388900000 (시작 2025-04-01),12
Take-Two Interactive,TTWO,2026Q1,2026-03-31,분기말 자산총계,9383200000,USD,공시,https://www.sec.gov/Archives/edgar/data/946581/000162828026037434/,,12
Take-Two Interactive,TTWO,2026Q1,2026-03-31,분기말 부채총계,5872300000,USD,공시,https://www.sec.gov/Archives/edgar/data/946581/000162828026037434/,,12
Take-Two Interactive,TTWO,2026Q1,2026-03-31,분기말 총자본(자기자본),3510900000,USD,공시,https://www.sec.gov/Archives/edgar/data/946581/000162828026037434/,,12
Take-Two Interactive,TTWO,2026Q1,2026-03-31,분기말 지배지분 자본,3510900000,USD,공시,https://www.sec.gov/Archives/edgar/data/946581/000162828026037434/,,12
Take-Two Interactive,TTWO,2026Q1,2026-03-31,분기말 종가,197.5,USD,API,https://query1.finance.yahoo.com/v8/finance/chart/TTWO?interval=1d&events=splits (2026-03-31),,12
Take-Two Interactive,TTWO,2026Q1,2026-05-11,분기말 상장주식수,185666663,주,공시(표지 기준일),https://www.sec.gov/Archives/edgar/data/946581/000162828026037434/,dei:EntityCommonStockSharesOutstanding 클래스 합,12
Take-Two Interactive,TTWO,2026Q1,2026-03-31,분기말 시가총액,36669165942,USD,계산(종가×주식수),https://query1.finance.yahoo.com/v8/finance/chart/TTWO?interval=1d&events=splits (2026-03-31) ; https://www.sec.gov/Archives/edgar/data/946581/000162828026037434/,종가 197.5 × 주식수 185666663,12
Take-Two Interactive,TTWO,2026Q2,2026-06-30,분기별 매출액,1533900000,USD,공시,https://www.sec.gov/Archives/edgar/data/946581/000162828026054870/,,12
Take-Two Interactive,TTWO,2026Q2,2026-06-30,분기별 영업이익,-35500000,USD,공시,https://www.sec.gov/Archives/edgar/data/946581/000162828026054870/,,12
Take-Two Interactive,TTWO,2026Q2,2026-06-30,분기별 당기순이익(지배),-34100000,USD,공시,https://www.sec.gov/Archives/edgar/data/946581/000162828026054870/,,12
Take-Two Interactive,TTWO,2026Q2,2026-06-30,분기별 영업활동현금흐름,-168800000,USD,공시,https://www.sec.gov/Archives/edgar/data/946581/000162828026054870/,,12
Take-Two Interactive,TTWO,2026Q2,2026-06-30,분기말 자산총계,9064200000,USD,공시,https://www.sec.gov/Archives/edgar/data/946581/000162828026054870/,,12
Take-Two Interactive,TTWO,2026Q2,2026-06-30,분기말 부채총계,5455800000,USD,공시,https://www.sec.gov/Archives/edgar/data/946581/000162828026054870/,,12
Take-Two Interactive,TTWO,2026Q2,2026-06-30,분기말 총자본(자기자본),3608400000,USD,공시,https://www.sec.gov/Archives/edgar/data/946581/000162828026054870/,,12
Take-Two Interactive,TTWO,2026Q2,2026-06-30,분기말 지배지분 자본,3608400000,USD,공시,https://www.sec.gov/Archives/edgar/data/946581/000162828026054870/,,12
Take-Two Interactive,TTWO,2026Q2,2026-06-30,분기말 종가,249.98,USD,API,https://query1.finance.yahoo.com/v8/finance/chart/TTWO?interval=1d&events=splits (2026-06-30),,12
Take-Two Interactive,TTWO,2026Q2,2026-07-27,분기말 상장주식수,186980443,주,공시(표지 기준일),https://www.sec.gov/Archives/edgar/data/946581/000162828026054870/,dei:EntityCommonStockSharesOutstanding 클래스 합,12
Take-Two Interactive,TTWO,2026Q2,2026-06-30,분기말 시가총액,46741371141,USD,계산(종가×주식수),https://query1.finance.yahoo.com/v8/finance/chart/TTWO?interval=1d&events=splits (2026-06-30) ; https://www.sec.gov/Archives/edgar/data/946581/000162828026054870/,종가 249.98 × 주식수 186980443,12
