기업,종목코드,기간,기준일,항목,값,통화,값구분,출처,검산,라운드
United Parcel Service,UPS,2010Q1,2010-03-31,분기별 매출액,11728000000,USD,공시,https://www.sec.gov/Archives/edgar/data/1090727/000119312510112914/,,7
United Parcel Service,UPS,2010Q1,2010-03-31,분기별 영업이익,1012000000,USD,공시(재작성 반영),https://www.sec.gov/Archives/edgar/data/1090727/000119312512081067/,원 공시 1042000000 (https://www.sec.gov/Archives/edgar/data/1090727/000119312510112914/),7
United Parcel Service,UPS,2010Q1,2010-03-31,분기별 당기순이익(지배),515000000,USD,공시(재작성 반영),https://www.sec.gov/Archives/edgar/data/1090727/000119312512081067/,원 공시 533000000 (https://www.sec.gov/Archives/edgar/data/1090727/000119312510112914/),7
United Parcel Service,UPS,2010Q1,2010-03-31,분기별 영업활동현금흐름,1549000000,USD,공시,https://www.sec.gov/Archives/edgar/data/1090727/000119312510112914/,,7
United Parcel Service,UPS,2010Q1,2010-03-31,분기말 자산총계,32504000000,USD,공시,https://www.sec.gov/Archives/edgar/data/1090727/000119312510112914/,,7
United Parcel Service,UPS,2010Q1,2010-03-31,분기말 부채총계,24891000000,USD,계산(부채및자본-총자본),https://www.sec.gov/Archives/edgar/data/1090727/000119312510112914/,부채및자본 32504000000 − 총자본 7613000000,7
United Parcel Service,UPS,2010Q1,2010-03-31,분기말 총자본(자기자본),7613000000,USD,공시,https://www.sec.gov/Archives/edgar/data/1090727/000119312510112914/,,7
United Parcel Service,UPS,2010Q1,2010-03-31,분기말 지배지분 자본,7547000000,USD,공시,https://www.sec.gov/Archives/edgar/data/1090727/000119312510112914/,,7
United Parcel Service,UPS,2010Q1,2010-03-31,분기말 종가,64.41,USD,API,https://query1.finance.yahoo.com/v8/finance/chart/UPS?interval=1d&events=splits (2010-03-31),,7
United Parcel Service,UPS,2010Q1,2010-03-31,분기말 상장주식수,미확인,,미확인,SEC companyfacts·XBRL 원문 모두 dei 표지 주식수 없음,,7
United Parcel Service,UPS,2010Q1,2010-03-31,분기말 시가총액,미확인,,미확인,SEC companyfacts·XBRL 원문 모두 dei 표지 주식수 없음,,7
United Parcel Service,UPS,2010Q2,2010-06-30,분기별 매출액,12204000000,USD,공시,https://www.sec.gov/Archives/edgar/data/1090727/000119312510182606/,,7
United Parcel Service,UPS,2010Q2,2010-06-30,분기별 영업이익,1371000000,USD,공시(재작성 반영),https://www.sec.gov/Archives/edgar/data/1090727/000119312512081067/,원 공시 1402000000 (https://www.sec.gov/Archives/edgar/data/1090727/000119312510182606/),7
United Parcel Service,UPS,2010Q2,2010-06-30,분기별 당기순이익(지배),826000000,USD,공시(재작성 반영),https://www.sec.gov/Archives/edgar/data/1090727/000119312512081067/,원 공시 845000000 (https://www.sec.gov/Archives/edgar/data/1090727/000119312510182606/),7
United Parcel Service,UPS,2010Q2,2010-06-30,분기별 영업활동현금흐름,1463000000,USD,계산(누적차감),https://www.sec.gov/Archives/edgar/data/1090727/000119312510182606/ ; https://www.sec.gov/Archives/edgar/data/1090727/000119312510112914/,누적 3012000000 − 직전누적 1549000000 (시작 2010-01-01),7
United Parcel Service,UPS,2010Q2,2010-06-30,분기말 자산총계,33269000000,USD,공시,https://www.sec.gov/Archives/edgar/data/1090727/000119312510182606/,,7
United Parcel Service,UPS,2010Q2,2010-06-30,분기말 부채총계,25339000000,USD,계산(부채및자본-총자본),https://www.sec.gov/Archives/edgar/data/1090727/000119312510182606/,부채및자본 33269000000 − 총자본 7930000000,7
United Parcel Service,UPS,2010Q2,2010-06-30,분기말 총자본(자기자본),7930000000,USD,공시,https://www.sec.gov/Archives/edgar/data/1090727/000119312510182606/,,7
United Parcel Service,UPS,2010Q2,2010-06-30,분기말 지배지분 자본,7865000000,USD,공시,https://www.sec.gov/Archives/edgar/data/1090727/000119312510182606/,,7
United Parcel Service,UPS,2010Q2,2010-06-30,분기말 종가,56.89,USD,API,https://query1.finance.yahoo.com/v8/finance/chart/UPS?interval=1d&events=splits (2010-06-30),,7
United Parcel Service,UPS,2010Q2,2010-06-30,분기말 상장주식수,미확인,,미확인,SEC companyfacts·XBRL 원문 모두 dei 표지 주식수 없음,,7
United Parcel Service,UPS,2010Q2,2010-06-30,분기말 시가총액,미확인,,미확인,SEC companyfacts·XBRL 원문 모두 dei 표지 주식수 없음,,7
United Parcel Service,UPS,2010Q3,2010-09-30,분기별 매출액,12192000000,USD,공시,https://www.sec.gov/Archives/edgar/data/1090727/000119312510250170/,,7
United Parcel Service,UPS,2010Q3,2010-09-30,분기별 영업이익,1586000000,USD,공시(재작성 반영),https://www.sec.gov/Archives/edgar/data/1090727/000119312512081067/,원 공시 1616000000 (https://www.sec.gov/Archives/edgar/data/1090727/000119312510250170/),7
United Parcel Service,UPS,2010Q3,2010-09-30,분기별 당기순이익(지배),972000000,USD,공시(재작성 반영),https://www.sec.gov/Archives/edgar/data/1090727/000119312512081067/,원 공시 991000000 (https://www.sec.gov/Archives/edgar/data/1090727/000119312510250170/),7
United Parcel Service,UPS,2010Q3,2010-09-30,분기별 영업활동현금흐름,911000000,USD,계산(누적차감),https://www.sec.gov/Archives/edgar/data/1090727/000119312510250170/ ; https://www.sec.gov/Archives/edgar/data/1090727/000119312510182606/,누적 3923000000 − 직전누적 3012000000 (시작 2010-01-01),7
United Parcel Service,UPS,2010Q3,2010-09-30,분기말 자산총계,32907000000,USD,공시,https://www.sec.gov/Archives/edgar/data/1090727/000119312510250170/,,7
United Parcel Service,UPS,2010Q3,2010-09-30,분기말 부채총계,24381000000,USD,계산(부채및자본-총자본),https://www.sec.gov/Archives/edgar/data/1090727/000119312510250170/,부채및자본 32907000000 − 총자본 8526000000,7
United Parcel Service,UPS,2010Q3,2010-09-30,분기말 총자본(자기자본),8526000000,USD,공시,https://www.sec.gov/Archives/edgar/data/1090727/000119312510250170/,,7
United Parcel Service,UPS,2010Q3,2010-09-30,분기말 지배지분 자본,8460000000,USD,공시,https://www.sec.gov/Archives/edgar/data/1090727/000119312510250170/,,7
United Parcel Service,UPS,2010Q3,2010-09-30,분기말 종가,66.69,USD,API,https://query1.finance.yahoo.com/v8/finance/chart/UPS?interval=1d&events=splits (2010-09-30),,7
United Parcel Service,UPS,2010Q3,2010-09-30,분기말 상장주식수,미확인,,미확인,SEC companyfacts·XBRL 원문 모두 dei 표지 주식수 없음,,7
United Parcel Service,UPS,2010Q3,2010-09-30,분기말 시가총액,미확인,,미확인,SEC companyfacts·XBRL 원문 모두 dei 표지 주식수 없음,,7
United Parcel Service,UPS,2010Q4,2010-12-31,분기별 매출액,13421000000,USD,계산(연간-3분기누적),https://www.sec.gov/Archives/edgar/data/1090727/000119312511049356/ ; https://www.sec.gov/Archives/edgar/data/1090727/000119312510250170/,연간 49545000000 − 9개월누적 36124000000 (Revenues),7
United Parcel Service,UPS,2010Q4,2010-12-31,분기별 영업이익,1581000000,USD,계산(연간-3분기누적)(재작성 반영),https://www.sec.gov/Archives/edgar/data/1090727/000109072713000005/ ; https://www.sec.gov/Archives/edgar/data/1090727/000119312510250170/,연간 5641000000 − 9개월누적 4060000000 (OperatingIncomeLoss) ; 원 공시 1814000000 (https://www.sec.gov/Archives/edgar/data/1090727/000119312511049356/ ; https://www.sec.gov/Archives/edgar/data/1090727/000119312510250170/),7
United Parcel Service,UPS,2010Q4,2010-12-31,분기별 당기순이익(지배),969000000,USD,계산(연간-3분기누적)(재작성 반영),https://www.sec.gov/Archives/edgar/data/1090727/000109072713000005/ ; https://www.sec.gov/Archives/edgar/data/1090727/000119312510250170/,연간 3338000000 − 9개월누적 2369000000 (NetIncomeLoss) ; 원 공시 1119000000 (https://www.sec.gov/Archives/edgar/data/1090727/000119312511049356/ ; https://www.sec.gov/Archives/edgar/data/1090727/000119312510250170/),7
United Parcel Service,UPS,2010Q4,2010-12-31,분기별 영업활동현금흐름,-88000000,USD,계산(누적차감),https://www.sec.gov/Archives/edgar/data/1090727/000119312511049356/ ; https://www.sec.gov/Archives/edgar/data/1090727/000119312510250170/,누적 3835000000 − 직전누적 3923000000 (시작 2010-01-01),7
United Parcel Service,UPS,2010Q4,2010-12-31,분기말 자산총계,33597000000,USD,공시,https://www.sec.gov/Archives/edgar/data/1090727/000119312511049356/,,7
United Parcel Service,UPS,2010Q4,2010-12-31,분기말 부채총계,25550000000,USD,계산(부채및자본-총자본),https://www.sec.gov/Archives/edgar/data/1090727/000119312511049356/,부채및자본 33597000000 − 총자본 8047000000,7
United Parcel Service,UPS,2010Q4,2010-12-31,분기말 총자본(자기자본),8047000000,USD,공시,https://www.sec.gov/Archives/edgar/data/1090727/000119312511049356/,,7
United Parcel Service,UPS,2010Q4,2010-12-31,분기말 지배지분 자본,7979000000,USD,공시,https://www.sec.gov/Archives/edgar/data/1090727/000119312511049356/,,7
United Parcel Service,UPS,2010Q4,2010-12-31,분기말 종가,72.58,USD,API,https://query1.finance.yahoo.com/v8/finance/chart/UPS?interval=1d&events=splits (2010-12-31),,7
United Parcel Service,UPS,2010Q4,2010-12-31,분기말 상장주식수,미확인,,미확인,SEC companyfacts·XBRL 원문 모두 dei 표지 주식수 없음,,7
United Parcel Service,UPS,2010Q4,2010-12-31,분기말 시가총액,미확인,,미확인,SEC companyfacts·XBRL 원문 모두 dei 표지 주식수 없음,,7
United Parcel Service,UPS,2011Q1,2011-03-31,분기별 매출액,12582000000,USD,공시,https://www.sec.gov/Archives/edgar/data/1090727/000119312511128327/,,7
United Parcel Service,UPS,2011Q1,2011-03-31,분기별 영업이익,1472000000,USD,공시(재작성 반영),https://www.sec.gov/Archives/edgar/data/1090727/000109072713000005/,원 공시 1426000000 (https://www.sec.gov/Archives/edgar/data/1090727/000119312511128327/),7
United Parcel Service,UPS,2011Q1,2011-03-31,분기별 당기순이익(지배),915000000,USD,공시(재작성 반영),https://www.sec.gov/Archives/edgar/data/1090727/000109072713000005/,원 공시 885000000 (https://www.sec.gov/Archives/edgar/data/1090727/000119312511128327/),7
United Parcel Service,UPS,2011Q1,2011-03-31,분기별 영업활동현금흐름,1281000000,USD,공시,https://www.sec.gov/Archives/edgar/data/1090727/000119312511128327/,,7
United Parcel Service,UPS,2011Q1,2011-03-31,분기말 자산총계,34594000000,USD,공시,https://www.sec.gov/Archives/edgar/data/1090727/000119312511128327/,,7
United Parcel Service,UPS,2011Q1,2011-03-31,분기말 부채총계,26360000000,USD,계산(부채및자본-총자본),https://www.sec.gov/Archives/edgar/data/1090727/000119312511128327/,부채및자본 34594000000 − 총자본 8234000000,7
United Parcel Service,UPS,2011Q1,2011-03-31,분기말 총자본(자기자본),8234000000,USD,공시,https://www.sec.gov/Archives/edgar/data/1090727/000119312511128327/,,7
United Parcel Service,UPS,2011Q1,2011-03-31,분기말 지배지분 자본,8164000000,USD,공시,https://www.sec.gov/Archives/edgar/data/1090727/000119312511128327/,,7
United Parcel Service,UPS,2011Q1,2011-03-31,분기말 종가,74.32,USD,API,https://query1.finance.yahoo.com/v8/finance/chart/UPS?interval=1d&events=splits (2011-03-31),,7
United Parcel Service,UPS,2011Q1,2011-03-31,분기말 상장주식수,미확인,,미확인,SEC companyfacts·XBRL 원문 모두 dei 표지 주식수 없음,,7
United Parcel Service,UPS,2011Q1,2011-03-31,분기말 시가총액,미확인,,미확인,SEC companyfacts·XBRL 원문 모두 dei 표지 주식수 없음,,7
United Parcel Service,UPS,2011Q2,2011-06-30,분기별 매출액,13191000000,USD,공시,https://www.sec.gov/Archives/edgar/data/1090727/000119312511211659/,,7
United Parcel Service,UPS,2011Q2,2011-06-30,분기별 영업이익,1745000000,USD,공시(재작성 반영),https://www.sec.gov/Archives/edgar/data/1090727/000109072713000005/,원 공시 1698000000 (https://www.sec.gov/Archives/edgar/data/1090727/000119312511211659/),7
United Parcel Service,UPS,2011Q2,2011-06-30,분기별 당기순이익(지배),1092000000,USD,공시(재작성 반영),https://www.sec.gov/Archives/edgar/data/1090727/000109072713000005/,원 공시 1063000000 (https://www.sec.gov/Archives/edgar/data/1090727/000119312511211659/),7
United Parcel Service,UPS,2011Q2,2011-06-30,분기별 영업활동현금흐름,2033000000,USD,계산(누적차감),https://www.sec.gov/Archives/edgar/data/1090727/000119312511211659/ ; https://www.sec.gov/Archives/edgar/data/1090727/000119312511128327/,누적 3314000000 − 직전누적 1281000000 (시작 2011-01-01),7
United Parcel Service,UPS,2011Q2,2011-06-30,분기말 자산총계,35152000000,USD,공시,https://www.sec.gov/Archives/edgar/data/1090727/000119312511211659/,,7
United Parcel Service,UPS,2011Q2,2011-06-30,분기말 부채총계,26823000000,USD,계산(부채및자본-총자본),https://www.sec.gov/Archives/edgar/data/1090727/000119312511211659/,부채및자본 35152000000 − 총자본 8329000000,7
United Parcel Service,UPS,2011Q2,2011-06-30,분기말 총자본(자기자본),8329000000,USD,공시,https://www.sec.gov/Archives/edgar/data/1090727/000119312511211659/,,7
United Parcel Service,UPS,2011Q2,2011-06-30,분기말 지배지분 자본,8254000000,USD,공시,https://www.sec.gov/Archives/edgar/data/1090727/000119312511211659/,,7
United Parcel Service,UPS,2011Q2,2011-06-30,분기말 종가,72.93,USD,API,https://query1.finance.yahoo.com/v8/finance/chart/UPS?interval=1d&events=splits (2011-06-30),,7
United Parcel Service,UPS,2011Q2,2011-07-28,분기말 상장주식수,980789052,주,공시(표지 기준일),https://www.sec.gov/Archives/edgar/data/1090727/000119312511211659/,"XBRL 원문 dei:EntityCommonStockSharesOutstanding 2개 클래스 합 ; 클래스별(2011-07-28): CommonClassBMember 736581782, CommonClassAMember 244207270",7
United Parcel Service,UPS,2011Q2,2011-06-30,분기말 시가총액,71528945562,USD,계산(종가×주식수),https://query1.finance.yahoo.com/v8/finance/chart/UPS?interval=1d&events=splits (2011-06-30) ; https://www.sec.gov/Archives/edgar/data/1090727/000119312511211659/,종가 72.93 × 주식수 980789052,7
United Parcel Service,UPS,2011Q3,2011-09-30,분기별 매출액,13166000000,USD,공시,https://www.sec.gov/Archives/edgar/data/1090727/000119312511297241/,,7
United Parcel Service,UPS,2011Q3,2011-09-30,분기별 영업이익,1666000000,USD,공시(재작성 반영),https://www.sec.gov/Archives/edgar/data/1090727/000109072713000005/,원 공시 1619000000 (https://www.sec.gov/Archives/edgar/data/1090727/000119312511297241/),7
United Parcel Service,UPS,2011Q3,2011-09-30,분기별 당기순이익(지배),1072000000,USD,공시(재작성 반영),https://www.sec.gov/Archives/edgar/data/1090727/000109072713000005/,원 공시 1042000000 (https://www.sec.gov/Archives/edgar/data/1090727/000119312511297241/),7
United Parcel Service,UPS,2011Q3,2011-09-30,분기별 영업활동현금흐름,2048000000,USD,계산(누적차감),https://www.sec.gov/Archives/edgar/data/1090727/000119312511297241/ ; https://www.sec.gov/Archives/edgar/data/1090727/000119312511211659/,누적 5362000000 − 직전누적 3314000000 (시작 2011-01-01),7
United Parcel Service,UPS,2011Q3,2011-09-30,분기말 자산총계,35238000000,USD,공시,https://www.sec.gov/Archives/edgar/data/1090727/000119312511297241/,,7
United Parcel Service,UPS,2011Q3,2011-09-30,분기말 부채총계,27369000000,USD,계산(부채및자본-총자본),https://www.sec.gov/Archives/edgar/data/1090727/000119312511297241/,부채및자본 35238000000 − 총자본 7869000000,7
United Parcel Service,UPS,2011Q3,2011-09-30,분기말 총자본(자기자본),7869000000,USD,공시,https://www.sec.gov/Archives/edgar/data/1090727/000119312511297241/,,7
United Parcel Service,UPS,2011Q3,2011-09-30,분기말 지배지분 자본,7798000000,USD,공시,https://www.sec.gov/Archives/edgar/data/1090727/000119312511297241/,,7
United Parcel Service,UPS,2011Q3,2011-09-30,분기말 종가,63.15,USD,API,https://query1.finance.yahoo.com/v8/finance/chart/UPS?interval=1d&events=splits (2011-09-30),,7
United Parcel Service,UPS,2011Q3,2011-10-27,분기말 상장주식수,964988627,주,공시(표지 기준일),https://www.sec.gov/Archives/edgar/data/1090727/000119312511297241/,"XBRL 원문 dei:EntityCommonStockSharesOutstanding 2개 클래스 합 ; 클래스별(2011-10-27): CommonClassBMember 723626266, CommonClassAMember 241362361",7
United Parcel Service,UPS,2011Q3,2011-09-30,분기말 시가총액,60939031795,USD,계산(종가×주식수),https://query1.finance.yahoo.com/v8/finance/chart/UPS?interval=1d&events=splits (2011-09-30) ; https://www.sec.gov/Archives/edgar/data/1090727/000119312511297241/,종가 63.15 × 주식수 964988627,7
United Parcel Service,UPS,2011Q4,2011-12-31,분기별 매출액,14166000000,USD,계산(연간-3분기누적),https://www.sec.gov/Archives/edgar/data/1090727/000119312512081067/ ; https://www.sec.gov/Archives/edgar/data/1090727/000119312511297241/,연간 53105000000 − 9개월누적 38939000000 (Revenues),7
United Parcel Service,UPS,2011Q4,2011-12-31,분기별 영업이익,1197000000,USD,계산(연간-3분기누적)(재작성 반영),https://www.sec.gov/Archives/edgar/data/1090727/000119312512081067/ ; https://www.sec.gov/Archives/edgar/data/1090727/000109072712000026/,연간 6080000000 − 9개월누적 4883000000 (OperatingIncomeLoss) ; 원 공시 1337000000 (https://www.sec.gov/Archives/edgar/data/1090727/000119312512081067/ ; https://www.sec.gov/Archives/edgar/data/1090727/000119312511297241/),7
United Parcel Service,UPS,2011Q4,2011-12-31,분기별 당기순이익(지배),725000000,USD,계산(연간-3분기누적)(재작성 반영),https://www.sec.gov/Archives/edgar/data/1090727/000119312512081067/ ; https://www.sec.gov/Archives/edgar/data/1090727/000109072712000026/,연간 3804000000 − 9개월누적 3079000000 (NetIncomeLoss) ; 원 공시 814000000 (https://www.sec.gov/Archives/edgar/data/1090727/000119312512081067/ ; https://www.sec.gov/Archives/edgar/data/1090727/000119312511297241/),7
United Parcel Service,UPS,2011Q4,2011-12-31,분기별 영업활동현금흐름,1711000000,USD,계산(누적차감),https://www.sec.gov/Archives/edgar/data/1090727/000119312512081067/ ; https://www.sec.gov/Archives/edgar/data/1090727/000119312511297241/,누적 7073000000 − 직전누적 5362000000 (시작 2011-01-01),7
United Parcel Service,UPS,2011Q4,2011-12-31,분기말 자산총계,34701000000,USD,공시,https://www.sec.gov/Archives/edgar/data/1090727/000119312512081067/,,7
United Parcel Service,UPS,2011Q4,2011-12-31,분기말 부채총계,27593000000,USD,계산(부채및자본-총자본),https://www.sec.gov/Archives/edgar/data/1090727/000119312512081067/,부채및자본 34701000000 − 총자본 7108000000,7
United Parcel Service,UPS,2011Q4,2011-12-31,분기말 총자본(자기자본),7108000000,USD,공시,https://www.sec.gov/Archives/edgar/data/1090727/000119312512081067/,,7
United Parcel Service,UPS,2011Q4,2011-12-31,분기말 지배지분 자본,7035000000,USD,공시,https://www.sec.gov/Archives/edgar/data/1090727/000119312512081067/,,7
United Parcel Service,UPS,2011Q4,2011-12-30,분기말 종가,73.19,USD,API,https://query1.finance.yahoo.com/v8/finance/chart/UPS?interval=1d&events=splits (2011-12-30),,7
United Parcel Service,UPS,2011Q4,2012-02-10,분기말 상장주식수,958720394,주,공시(표지 기준일),https://www.sec.gov/Archives/edgar/data/1090727/000119312512081067/,"XBRL 원문 dei:EntityCommonStockSharesOutstanding 2개 클래스 합 ; 클래스별(2012-02-10): CommonClassBMember 722705229, CommonClassAMember 236015165",7
United Parcel Service,UPS,2011Q4,2011-12-30,분기말 시가총액,70168745637,USD,계산(종가×주식수),https://query1.finance.yahoo.com/v8/finance/chart/UPS?interval=1d&events=splits (2011-12-30) ; https://www.sec.gov/Archives/edgar/data/1090727/000119312512081067/,종가 73.19 × 주식수 958720394,7
United Parcel Service,UPS,2012Q1,2012-03-31,분기별 매출액,13136000000,USD,공시,https://www.sec.gov/Archives/edgar/data/1090727/000109072712000004/,,7
United Parcel Service,UPS,2012Q1,2012-03-31,분기별 영업이익,1569000000,USD,공시,https://www.sec.gov/Archives/edgar/data/1090727/000109072712000004/,,7
United Parcel Service,UPS,2012Q1,2012-03-31,분기별 당기순이익(지배),970000000,USD,공시,https://www.sec.gov/Archives/edgar/data/1090727/000109072712000004/,,7
United Parcel Service,UPS,2012Q1,2012-03-31,분기별 영업활동현금흐름,2280000000,USD,공시,https://www.sec.gov/Archives/edgar/data/1090727/000109072712000004/,,7
United Parcel Service,UPS,2012Q1,2012-03-31,분기말 자산총계,35963000000,USD,공시,https://www.sec.gov/Archives/edgar/data/1090727/000109072712000004/,,7
United Parcel Service,UPS,2012Q1,2012-03-31,분기말 부채총계,28464000000,USD,계산(부채및자본-총자본),https://www.sec.gov/Archives/edgar/data/1090727/000109072712000004/,부채및자본 35963000000 − 총자본 7499000000,7
United Parcel Service,UPS,2012Q1,2012-03-31,분기말 총자본(자기자본),7499000000,USD,공시,https://www.sec.gov/Archives/edgar/data/1090727/000109072712000004/,,7
United Parcel Service,UPS,2012Q1,2012-03-31,분기말 지배지분 자본,7423000000,USD,공시,https://www.sec.gov/Archives/edgar/data/1090727/000109072712000004/,,7
United Parcel Service,UPS,2012Q1,2012-03-30,분기말 종가,80.72,USD,API,https://query1.finance.yahoo.com/v8/finance/chart/UPS?interval=1d&events=splits (2012-03-30),,7
United Parcel Service,UPS,2012Q1,2012-04-20,분기말 상장주식수,964988627,주,공시(표지 기준일),https://www.sec.gov/Archives/edgar/data/1090727/000109072712000004/,"XBRL 원문 dei:EntityCommonStockSharesOutstanding 2개 클래스 합 ; 클래스별(2012-04-20): CommonClassAMember 241362361, CommonClassBMember 723626266",7
United Parcel Service,UPS,2012Q1,2012-03-30,분기말 시가총액,77893881971,USD,계산(종가×주식수),https://query1.finance.yahoo.com/v8/finance/chart/UPS?interval=1d&events=splits (2012-03-30) ; https://www.sec.gov/Archives/edgar/data/1090727/000109072712000004/,종가 80.72 × 주식수 964988627,7
United Parcel Service,UPS,2012Q2,2012-06-30,분기별 매출액,13349000000,USD,공시,https://www.sec.gov/Archives/edgar/data/1090727/000109072712000015/,,7
United Parcel Service,UPS,2012Q2,2012-06-30,분기별 영업이익,1790000000,USD,공시,https://www.sec.gov/Archives/edgar/data/1090727/000109072712000015/,,7
United Parcel Service,UPS,2012Q2,2012-06-30,분기별 당기순이익(지배),1116000000,USD,공시,https://www.sec.gov/Archives/edgar/data/1090727/000109072712000015/,,7
United Parcel Service,UPS,2012Q2,2012-06-30,분기별 영업활동현금흐름,1570000000,USD,계산(누적차감),https://www.sec.gov/Archives/edgar/data/1090727/000109072712000015/ ; https://www.sec.gov/Archives/edgar/data/1090727/000109072712000004/,누적 3850000000 − 직전누적 2280000000 (시작 2012-01-01),7
United Parcel Service,UPS,2012Q2,2012-06-30,분기말 자산총계,37177000000,USD,공시,https://www.sec.gov/Archives/edgar/data/1090727/000109072712000015/,,7
United Parcel Service,UPS,2012Q2,2012-06-30,분기말 부채총계,29452000000,USD,계산(부채및자본-총자본),https://www.sec.gov/Archives/edgar/data/1090727/000109072712000015/,부채및자본 37177000000 − 총자본 7725000000,7
United Parcel Service,UPS,2012Q2,2012-06-30,분기말 총자본(자기자본),7725000000,USD,공시,https://www.sec.gov/Archives/edgar/data/1090727/000109072712000015/,,7
United Parcel Service,UPS,2012Q2,2012-06-30,분기말 지배지분 자본,7645000000,USD,공시,https://www.sec.gov/Archives/edgar/data/1090727/000109072712000015/,,7
United Parcel Service,UPS,2012Q2,2012-06-29,분기말 종가,78.76,USD,API,https://query1.finance.yahoo.com/v8/finance/chart/UPS?interval=1d&events=splits (2012-06-29),,7
United Parcel Service,UPS,2012Q2,2012-07-20,분기말 상장주식수,958441057,주,공시(표지 기준일),https://www.sec.gov/Archives/edgar/data/1090727/000109072712000015/,"XBRL 원문 dei:EntityCommonStockSharesOutstanding 2개 클래스 합 ; 클래스별(2012-07-20): CommonClassBMember 726328912, CommonClassAMember 232112145",7
United Parcel Service,UPS,2012Q2,2012-06-29,분기말 시가총액,75486817649,USD,계산(종가×주식수),https://query1.finance.yahoo.com/v8/finance/chart/UPS?interval=1d&events=splits (2012-06-29) ; https://www.sec.gov/Archives/edgar/data/1090727/000109072712000015/,종가 78.76 × 주식수 958441057,7
United Parcel Service,UPS,2012Q3,2012-09-30,분기별 매출액,13071000000,USD,공시,https://www.sec.gov/Archives/edgar/data/1090727/000109072712000026/,,7
United Parcel Service,UPS,2012Q3,2012-09-30,분기별 영업이익,766000000,USD,공시,https://www.sec.gov/Archives/edgar/data/1090727/000109072712000026/,,7
United Parcel Service,UPS,2012Q3,2012-09-30,분기별 당기순이익(지배),469000000,USD,공시,https://www.sec.gov/Archives/edgar/data/1090727/000109072712000026/,,7
United Parcel Service,UPS,2012Q3,2012-09-30,분기별 영업활동현금흐름,1253000000,USD,계산(누적차감),https://www.sec.gov/Archives/edgar/data/1090727/000109072712000026/ ; https://www.sec.gov/Archives/edgar/data/1090727/000109072712000015/,누적 5103000000 − 직전누적 3850000000 (시작 2012-01-01),7
United Parcel Service,UPS,2012Q3,2012-09-30,분기말 자산총계,39064000000,USD,공시,https://www.sec.gov/Archives/edgar/data/1090727/000109072712000026/,,7
United Parcel Service,UPS,2012Q3,2012-09-30,분기말 부채총계,31450000000,USD,계산(부채및자본-총자본),https://www.sec.gov/Archives/edgar/data/1090727/000109072712000026/,부채및자본 39064000000 − 총자본 7614000000,7
United Parcel Service,UPS,2012Q3,2012-09-30,분기말 총자본(자기자본),7614000000,USD,공시,https://www.sec.gov/Archives/edgar/data/1090727/000109072712000026/,,7
United Parcel Service,UPS,2012Q3,2012-09-30,분기말 지배지분 자본,7529000000,USD,공시,https://www.sec.gov/Archives/edgar/data/1090727/000109072712000026/,,7
United Parcel Service,UPS,2012Q3,2012-09-28,분기말 종가,71.57,USD,API,https://query1.finance.yahoo.com/v8/finance/chart/UPS?interval=1d&events=splits (2012-09-28),,7
United Parcel Service,UPS,2012Q3,2012-10-19,분기말 상장주식수,954010737,주,공시(표지 기준일),https://www.sec.gov/Archives/edgar/data/1090727/000109072712000026/,"XBRL 원문 dei:EntityCommonStockSharesOutstanding 2개 클래스 합 ; 클래스별(2012-10-19): CommonClassBMember 723576134, CommonClassAMember 230434603",7
United Parcel Service,UPS,2012Q3,2012-09-28,분기말 시가총액,68278548447,USD,계산(종가×주식수),https://query1.finance.yahoo.com/v8/finance/chart/UPS?interval=1d&events=splits (2012-09-28) ; https://www.sec.gov/Archives/edgar/data/1090727/000109072712000026/,종가 71.57 × 주식수 954010737,7
United Parcel Service,UPS,2012Q4,2012-12-31,분기별 매출액,14571000000,USD,계산(연간-3분기누적),https://www.sec.gov/Archives/edgar/data/1090727/000109072713000005/ ; https://www.sec.gov/Archives/edgar/data/1090727/000109072712000026/,연간 54127000000 − 9개월누적 39556000000 (Revenues),7
United Parcel Service,UPS,2012Q4,2012-12-31,분기별 영업이익,-2782000000,USD,계산(연간-3분기누적),https://www.sec.gov/Archives/edgar/data/1090727/000109072713000005/ ; https://www.sec.gov/Archives/edgar/data/1090727/000109072712000026/,연간 1343000000 − 9개월누적 4125000000 (OperatingIncomeLoss),7
United Parcel Service,UPS,2012Q4,2012-12-31,분기별 당기순이익(지배),-1748000000,USD,계산(연간-3분기누적),https://www.sec.gov/Archives/edgar/data/1090727/000109072713000005/ ; https://www.sec.gov/Archives/edgar/data/1090727/000109072712000026/,연간 807000000 − 9개월누적 2555000000 (NetIncomeLoss),7
United Parcel Service,UPS,2012Q4,2012-12-31,분기별 영업활동현금흐름,2113000000,USD,계산(누적차감),https://www.sec.gov/Archives/edgar/data/1090727/000109072713000005/ ; https://www.sec.gov/Archives/edgar/data/1090727/000109072712000026/,누적 7216000000 − 직전누적 5103000000 (시작 2012-01-01),7
United Parcel Service,UPS,2012Q4,2012-12-31,분기말 자산총계,38863000000,USD,공시,https://www.sec.gov/Archives/edgar/data/1090727/000109072713000005/,,7
United Parcel Service,UPS,2012Q4,2012-12-31,분기말 부채총계,34130000000,USD,계산(부채및자본-총자본),https://www.sec.gov/Archives/edgar/data/1090727/000109072713000005/,부채및자본 38863000000 − 총자본 4733000000,7
United Parcel Service,UPS,2012Q4,2012-12-31,분기말 총자본(자기자본),4733000000,USD,공시,https://www.sec.gov/Archives/edgar/data/1090727/000109072713000005/,,7
United Parcel Service,UPS,2012Q4,2012-12-31,분기말 지배지분 자본,4653000000,USD,공시,https://www.sec.gov/Archives/edgar/data/1090727/000109072713000005/,,7
United Parcel Service,UPS,2012Q4,2012-12-31,분기말 종가,73.73,USD,API,https://query1.finance.yahoo.com/v8/finance/chart/UPS?interval=1d&events=splits (2012-12-31),,7
United Parcel Service,UPS,2012Q4,2013-01-31,분기말 상장주식수,953449942,주,공시(표지 기준일),https://www.sec.gov/Archives/edgar/data/1090727/000109072713000005/,"XBRL 원문 dei:EntityCommonStockSharesOutstanding 2개 클래스 합 ; 클래스별(2013-01-31): CommonClassAMember 223092434, CommonClassBMember 730357508",7
United Parcel Service,UPS,2012Q4,2012-12-31,분기말 시가총액,70297864224,USD,계산(종가×주식수),https://query1.finance.yahoo.com/v8/finance/chart/UPS?interval=1d&events=splits (2012-12-31) ; https://www.sec.gov/Archives/edgar/data/1090727/000109072713000005/,종가 73.73 × 주식수 953449942,7
United Parcel Service,UPS,2013Q1,2013-03-31,분기별 매출액,13434000000,USD,공시,https://www.sec.gov/Archives/edgar/data/1090727/000109072713000012/,,7
United Parcel Service,UPS,2013Q1,2013-03-31,분기별 영업이익,1580000000,USD,공시,https://www.sec.gov/Archives/edgar/data/1090727/000109072713000012/,,7
United Parcel Service,UPS,2013Q1,2013-03-31,분기별 당기순이익(지배),1037000000,USD,공시,https://www.sec.gov/Archives/edgar/data/1090727/000109072713000012/,,7
United Parcel Service,UPS,2013Q1,2013-03-31,분기별 영업활동현금흐름,1758000000,USD,공시,https://www.sec.gov/Archives/edgar/data/1090727/000109072713000012/,,7
United Parcel Service,UPS,2013Q1,2013-03-31,분기말 자산총계,38005000000,USD,공시,https://www.sec.gov/Archives/edgar/data/1090727/000109072713000012/,,7
United Parcel Service,UPS,2013Q1,2013-03-31,분기말 부채총계,33962000000,USD,계산(부채및자본-총자본),https://www.sec.gov/Archives/edgar/data/1090727/000109072713000012/,부채및자본 38005000000 − 총자본 4043000000,7
United Parcel Service,UPS,2013Q1,2013-03-31,분기말 총자본(자기자본),4043000000,USD,공시,https://www.sec.gov/Archives/edgar/data/1090727/000109072713000012/,,7
United Parcel Service,UPS,2013Q1,2013-03-31,분기말 지배지분 자본,4028000000,USD,공시,https://www.sec.gov/Archives/edgar/data/1090727/000109072713000012/,,7
United Parcel Service,UPS,2013Q1,2013-03-28,분기말 종가,85.9,USD,API,https://query1.finance.yahoo.com/v8/finance/chart/UPS?interval=1d&events=splits (2013-03-28),,7
United Parcel Service,UPS,2013Q1,2013-04-24,분기말 상장주식수,944341347,주,공시(표지 기준일),https://www.sec.gov/Archives/edgar/data/1090727/000109072713000012/,"XBRL 원문 dei:EntityCommonStockSharesOutstanding 2개 클래스 합 ; 클래스별(2013-04-24): CommonClassBMember 724684764, CommonClassAMember 219656583",7
United Parcel Service,UPS,2013Q1,2013-03-28,분기말 시가총액,81118921707,USD,계산(종가×주식수),https://query1.finance.yahoo.com/v8/finance/chart/UPS?interval=1d&events=splits (2013-03-28) ; https://www.sec.gov/Archives/edgar/data/1090727/000109072713000012/,종가 85.9 × 주식수 944341347,7
United Parcel Service,UPS,2013Q2,2013-06-30,분기별 매출액,13507000000,USD,공시,https://www.sec.gov/Archives/edgar/data/1090727/000109072713000028/,,7
United Parcel Service,UPS,2013Q2,2013-06-30,분기별 영업이익,1742000000,USD,공시,https://www.sec.gov/Archives/edgar/data/1090727/000109072713000028/,,7
United Parcel Service,UPS,2013Q2,2013-06-30,분기별 당기순이익(지배),1071000000,USD,공시,https://www.sec.gov/Archives/edgar/data/1090727/000109072713000028/,,7
United Parcel Service,UPS,2013Q2,2013-06-30,분기별 영업활동현금흐름,데이터 없음(직전 분기 누적 보고서 없음),USD,데이터 없음(직전 보고서 없음),https://www.sec.gov/Archives/edgar/data/1090727/000109072713000028/,,7
United Parcel Service,UPS,2013Q2,2013-06-30,분기말 자산총계,36703000000,USD,공시,https://www.sec.gov/Archives/edgar/data/1090727/000109072713000028/,,7
United Parcel Service,UPS,2013Q2,2013-06-30,분기말 부채총계,33073000000,USD,계산(부채및자본-총자본),https://www.sec.gov/Archives/edgar/data/1090727/000109072713000028/,부채및자본 36703000000 − 총자본 3630000000,7
United Parcel Service,UPS,2013Q2,2013-06-30,분기말 총자본(자기자본),3630000000,USD,공시,https://www.sec.gov/Archives/edgar/data/1090727/000109072713000028/,,7
United Parcel Service,UPS,2013Q2,2013-06-30,분기말 지배지분 자본,3617000000,USD,공시,https://www.sec.gov/Archives/edgar/data/1090727/000109072713000028/,,7
United Parcel Service,UPS,2013Q2,2013-06-28,분기말 종가,86.48,USD,API,https://query1.finance.yahoo.com/v8/finance/chart/UPS?interval=1d&events=splits (2013-06-28),,7
United Parcel Service,UPS,2013Q2,2013-06-30,분기말 상장주식수,미확인,,미확인,SEC companyfacts·XBRL 원문 모두 dei 표지 주식수 없음,,7
United Parcel Service,UPS,2013Q2,2013-06-30,분기말 시가총액,미확인,,미확인,SEC companyfacts·XBRL 원문 모두 dei 표지 주식수 없음,,7
United Parcel Service,UPS,2013Q3,2013-09-30,분기별 매출액,13521000000,USD,공시,https://www.sec.gov/Archives/edgar/data/1090727/000109072713000033/,,7
United Parcel Service,UPS,2013Q3,2013-09-30,분기별 영업이익,1804000000,USD,공시,https://www.sec.gov/Archives/edgar/data/1090727/000109072713000033/,,7
United Parcel Service,UPS,2013Q3,2013-09-30,분기별 당기순이익(지배),1097000000,USD,공시,https://www.sec.gov/Archives/edgar/data/1090727/000109072713000033/,,7
United Parcel Service,UPS,2013Q3,2013-09-30,분기별 영업활동현금흐름,1629000000,USD,계산(누적차감),https://www.sec.gov/Archives/edgar/data/1090727/000109072713000033/ ; https://www.sec.gov/Archives/edgar/data/1090727/000109072713000028/,누적 5060000000 − 직전누적 3431000000 (시작 2013-01-01),7
United Parcel Service,UPS,2013Q3,2013-09-30,분기말 자산총계,37476000000,USD,공시,https://www.sec.gov/Archives/edgar/data/1090727/000109072713000033/,,7
United Parcel Service,UPS,2013Q3,2013-09-30,분기말 부채총계,33821000000,USD,계산(부채및자본-총자본),https://www.sec.gov/Archives/edgar/data/1090727/000109072713000033/,부채및자본 37476000000 − 총자본 3655000000,7
United Parcel Service,UPS,2013Q3,2013-09-30,분기말 총자본(자기자본),3655000000,USD,공시,https://www.sec.gov/Archives/edgar/data/1090727/000109072713000033/,,7
United Parcel Service,UPS,2013Q3,2013-09-30,분기말 지배지분 자본,3642000000,USD,공시,https://www.sec.gov/Archives/edgar/data/1090727/000109072713000033/,,7
United Parcel Service,UPS,2013Q3,2013-09-30,분기말 종가,91.37,USD,API,https://query1.finance.yahoo.com/v8/finance/chart/UPS?interval=1d&events=splits (2013-09-30),,7
United Parcel Service,UPS,2013Q3,2013-10-28,분기말 상장주식수,928350104,주,공시(표지 기준일),https://www.sec.gov/Archives/edgar/data/1090727/000109072713000033/,"XBRL 원문 dei:EntityCommonStockSharesOutstanding 2개 클래스 합 ; 클래스별(2013-10-28): CommonClassAMember 212580580, CommonClassBMember 715769524",7
United Parcel Service,UPS,2013Q3,2013-09-30,분기말 시가총액,84823349002,USD,계산(종가×주식수),https://query1.finance.yahoo.com/v8/finance/chart/UPS?interval=1d&events=splits (2013-09-30) ; https://www.sec.gov/Archives/edgar/data/1090727/000109072713000033/,종가 91.37 × 주식수 928350104,7
United Parcel Service,UPS,2013Q4,2013-12-31,분기별 매출액,14976000000,USD,계산(연간-3분기누적),https://www.sec.gov/Archives/edgar/data/1090727/000109072714000009/ ; https://www.sec.gov/Archives/edgar/data/1090727/000109072713000033/,연간 55438000000 − 9개월누적 40462000000 (Revenues),7
United Parcel Service,UPS,2013Q4,2013-12-31,분기별 영업이익,1908000000,USD,계산(연간-3분기누적),https://www.sec.gov/Archives/edgar/data/1090727/000109072714000009/ ; https://www.sec.gov/Archives/edgar/data/1090727/000109072713000033/,연간 7034000000 − 9개월누적 5126000000 (OperatingIncomeLoss),7
United Parcel Service,UPS,2013Q4,2013-12-31,분기별 당기순이익(지배),1167000000,USD,계산(연간-3분기누적),https://www.sec.gov/Archives/edgar/data/1090727/000109072714000009/ ; https://www.sec.gov/Archives/edgar/data/1090727/000109072713000033/,연간 4372000000 − 9개월누적 3205000000 (NetIncomeLoss),7
United Parcel Service,UPS,2013Q4,2013-12-31,분기별 영업활동현금흐름,2244000000,USD,계산(누적차감),https://www.sec.gov/Archives/edgar/data/1090727/000109072714000009/ ; https://www.sec.gov/Archives/edgar/data/1090727/000109072713000033/,누적 7304000000 − 직전누적 5060000000 (시작 2013-01-01),7
United Parcel Service,UPS,2013Q4,2013-12-31,분기말 자산총계,36212000000,USD,공시,https://www.sec.gov/Archives/edgar/data/1090727/000109072714000009/,,7
United Parcel Service,UPS,2013Q4,2013-12-31,분기말 부채총계,29724000000,USD,계산(부채및자본-총자본),https://www.sec.gov/Archives/edgar/data/1090727/000109072714000009/,부채및자본 36212000000 − 총자본 6488000000,7
United Parcel Service,UPS,2013Q4,2013-12-31,분기말 총자본(자기자본),6488000000,USD,공시,https://www.sec.gov/Archives/edgar/data/1090727/000109072714000009/,,7
United Parcel Service,UPS,2013Q4,2013-12-31,분기말 지배지분 자본,6474000000,USD,공시,https://www.sec.gov/Archives/edgar/data/1090727/000109072714000009/,,7
United Parcel Service,UPS,2013Q4,2013-12-31,분기말 종가,105.08,USD,API,https://query1.finance.yahoo.com/v8/finance/chart/UPS?interval=1d&events=splits (2013-12-31),,7
United Parcel Service,UPS,2013Q4,2014-01-31,분기말 상장주식수,922908378,주,공시(표지 기준일),https://www.sec.gov/Archives/edgar/data/1090727/000109072714000009/,"XBRL 원문 dei:EntityCommonStockSharesOutstanding 2개 클래스 합 ; 클래스별(2014-01-31): CommonClassBMember 711448882, CommonClassAMember 211459496",7
United Parcel Service,UPS,2013Q4,2013-12-31,분기말 시가총액,96979212360,USD,계산(종가×주식수),https://query1.finance.yahoo.com/v8/finance/chart/UPS?interval=1d&events=splits (2013-12-31) ; https://www.sec.gov/Archives/edgar/data/1090727/000109072714000009/,종가 105.08 × 주식수 922908378,7
United Parcel Service,UPS,2014Q1,2014-03-31,분기별 매출액,13779000000,USD,공시,https://www.sec.gov/Archives/edgar/data/1090727/000109072714000017/,,7
United Parcel Service,UPS,2014Q1,2014-03-31,분기별 영업이익,1513000000,USD,공시,https://www.sec.gov/Archives/edgar/data/1090727/000109072714000017/,,7
United Parcel Service,UPS,2014Q1,2014-03-31,분기별 당기순이익(지배),911000000,USD,공시,https://www.sec.gov/Archives/edgar/data/1090727/000109072714000017/,,7
United Parcel Service,UPS,2014Q1,2014-03-31,분기별 영업활동현금흐름,2267000000,USD,공시,https://www.sec.gov/Archives/edgar/data/1090727/000109072714000017/,,7
United Parcel Service,UPS,2014Q1,2014-03-31,분기말 자산총계,37085000000,USD,공시,https://www.sec.gov/Archives/edgar/data/1090727/000109072714000017/,,7
United Parcel Service,UPS,2014Q1,2014-03-31,분기말 부채총계,30823000000,USD,계산(부채및자본-총자본),https://www.sec.gov/Archives/edgar/data/1090727/000109072714000017/,부채및자본 37085000000 − 총자본 6262000000,7
United Parcel Service,UPS,2014Q1,2014-03-31,분기말 총자본(자기자본),6262000000,USD,공시,https://www.sec.gov/Archives/edgar/data/1090727/000109072714000017/,,7
United Parcel Service,UPS,2014Q1,2014-03-31,분기말 지배지분 자본,6247000000,USD,공시,https://www.sec.gov/Archives/edgar/data/1090727/000109072714000017/,,7
United Parcel Service,UPS,2014Q1,2014-03-31,분기말 종가,97.38,USD,API,https://query1.finance.yahoo.com/v8/finance/chart/UPS?interval=1d&events=splits (2014-03-31),,7
United Parcel Service,UPS,2014Q1,2014-04-29,분기말 상장주식수,915398521,주,공시(표지 기준일),https://www.sec.gov/Archives/edgar/data/1090727/000109072714000017/,"XBRL 원문 dei:EntityCommonStockSharesOutstanding 2개 클래스 합 ; 클래스별(2014-04-29): CommonClassAMember 209212500, CommonClassBMember 706186021",7
United Parcel Service,UPS,2014Q1,2014-03-31,분기말 시가총액,89141507975,USD,계산(종가×주식수),https://query1.finance.yahoo.com/v8/finance/chart/UPS?interval=1d&events=splits (2014-03-31) ; https://www.sec.gov/Archives/edgar/data/1090727/000109072714000017/,종가 97.38 × 주식수 915398521,7
United Parcel Service,UPS,2014Q2,2014-06-30,분기별 매출액,14268000000,USD,공시,https://www.sec.gov/Archives/edgar/data/1090727/000109072714000028/,,7
United Parcel Service,UPS,2014Q2,2014-06-30,분기별 영업이익,747000000,USD,공시,https://www.sec.gov/Archives/edgar/data/1090727/000109072714000028/,,7
United Parcel Service,UPS,2014Q2,2014-06-30,분기별 당기순이익(지배),454000000,USD,공시,https://www.sec.gov/Archives/edgar/data/1090727/000109072714000028/,,7
United Parcel Service,UPS,2014Q2,2014-06-30,분기별 영업활동현금흐름,-435000000,USD,계산(누적차감),https://www.sec.gov/Archives/edgar/data/1090727/000109072714000028/ ; https://www.sec.gov/Archives/edgar/data/1090727/000109072714000017/,누적 1832000000 − 직전누적 2267000000 (시작 2014-01-01),7
United Parcel Service,UPS,2014Q2,2014-06-30,분기말 자산총계,34861000000,USD,공시,https://www.sec.gov/Archives/edgar/data/1090727/000109072714000028/,,7
United Parcel Service,UPS,2014Q2,2014-06-30,분기말 부채총계,29276000000,USD,계산(부채및자본-총자본),https://www.sec.gov/Archives/edgar/data/1090727/000109072714000028/,부채및자본 34861000000 − 총자본 5585000000,7
United Parcel Service,UPS,2014Q2,2014-06-30,분기말 총자본(자기자본),5585000000,USD,공시,https://www.sec.gov/Archives/edgar/data/1090727/000109072714000028/,,7
United Parcel Service,UPS,2014Q2,2014-06-30,분기말 지배지분 자본,5568000000,USD,공시,https://www.sec.gov/Archives/edgar/data/1090727/000109072714000028/,,7
United Parcel Service,UPS,2014Q2,2014-06-30,분기말 종가,102.66,USD,API,https://query1.finance.yahoo.com/v8/finance/chart/UPS?interval=1d&events=splits (2014-06-30),,7
United Parcel Service,UPS,2014Q2,2014-07-29,분기말 상장주식수,913502888,주,공시(표지 기준일),https://www.sec.gov/Archives/edgar/data/1090727/000109072714000028/,"XBRL 원문 dei:EntityCommonStockSharesOutstanding 2개 클래스 합 ; 클래스별(2014-07-29): CommonClassBMember 706356536, CommonClassAMember 207146352",7
United Parcel Service,UPS,2014Q2,2014-06-30,분기말 시가총액,93780206482,USD,계산(종가×주식수),https://query1.finance.yahoo.com/v8/finance/chart/UPS?interval=1d&events=splits (2014-06-30) ; https://www.sec.gov/Archives/edgar/data/1090727/000109072714000028/,종가 102.66 × 주식수 913502888,7
United Parcel Service,UPS,2014Q3,2014-09-30,분기별 매출액,14290000000,USD,공시,https://www.sec.gov/Archives/edgar/data/1090727/000109072714000036/,,7
United Parcel Service,UPS,2014Q3,2014-09-30,분기별 영업이익,1954000000,USD,공시,https://www.sec.gov/Archives/edgar/data/1090727/000109072714000036/,,7
United Parcel Service,UPS,2014Q3,2014-09-30,분기별 당기순이익(지배),1214000000,USD,공시,https://www.sec.gov/Archives/edgar/data/1090727/000109072714000036/,,7
United Parcel Service,UPS,2014Q3,2014-09-30,분기별 영업활동현금흐름,2359000000,USD,계산(누적차감),https://www.sec.gov/Archives/edgar/data/1090727/000109072714000036/ ; https://www.sec.gov/Archives/edgar/data/1090727/000109072714000028/,누적 4191000000 − 직전누적 1832000000 (시작 2014-01-01),7
United Parcel Service,UPS,2014Q3,2014-09-30,분기말 자산총계,35906000000,USD,공시,https://www.sec.gov/Archives/edgar/data/1090727/000109072714000036/,,7
United Parcel Service,UPS,2014Q3,2014-09-30,분기말 부채총계,30262000000,USD,계산(부채및자본-총자본),https://www.sec.gov/Archives/edgar/data/1090727/000109072714000036/,부채및자본 35906000000 − 총자본 5644000000,7
United Parcel Service,UPS,2014Q3,2014-09-30,분기말 총자본(자기자본),5644000000,USD,공시,https://www.sec.gov/Archives/edgar/data/1090727/000109072714000036/,,7
United Parcel Service,UPS,2014Q3,2014-09-30,분기말 지배지분 자본,5627000000,USD,공시,https://www.sec.gov/Archives/edgar/data/1090727/000109072714000036/,,7
United Parcel Service,UPS,2014Q3,2014-09-30,분기말 종가,98.29,USD,API,https://query1.finance.yahoo.com/v8/finance/chart/UPS?interval=1d&events=splits (2014-09-30),,7
United Parcel Service,UPS,2014Q3,2014-11-03,분기말 상장주식수,905226316,주,공시(표지 기준일),https://www.sec.gov/Archives/edgar/data/1090727/000109072714000036/,"XBRL 원문 dei:EntityCommonStockSharesOutstanding 2개 클래스 합 ; 클래스별(2014-11-03): CommonClassBMember 702344384, CommonClassAMember 202881932",7
United Parcel Service,UPS,2014Q3,2014-09-30,분기말 시가총액,88974694600,USD,계산(종가×주식수),https://query1.finance.yahoo.com/v8/finance/chart/UPS?interval=1d&events=splits (2014-09-30) ; https://www.sec.gov/Archives/edgar/data/1090727/000109072714000036/,종가 98.29 × 주식수 905226316,7
United Parcel Service,UPS,2014Q4,2014-12-31,분기별 매출액,15895000000,USD,계산(연간-3분기누적),https://www.sec.gov/Archives/edgar/data/1090727/000109072715000008/ ; https://www.sec.gov/Archives/edgar/data/1090727/000109072714000036/,연간 58232000000 − 9개월누적 42337000000 (Revenues),7
United Parcel Service,UPS,2014Q4,2014-12-31,분기별 영업이익,754000000,USD,계산(연간-3분기누적),https://www.sec.gov/Archives/edgar/data/1090727/000109072715000008/ ; https://www.sec.gov/Archives/edgar/data/1090727/000109072714000036/,연간 4968000000 − 9개월누적 4214000000 (OperatingIncomeLoss),7
United Parcel Service,UPS,2014Q4,2014-12-31,분기별 당기순이익(지배),453000000,USD,계산(연간-3분기누적),https://www.sec.gov/Archives/edgar/data/1090727/000109072715000008/ ; https://www.sec.gov/Archives/edgar/data/1090727/000109072714000036/,연간 3032000000 − 9개월누적 2579000000 (NetIncomeLoss),7
United Parcel Service,UPS,2014Q4,2014-12-31,분기별 영업활동현금흐름,1535000000,USD,계산(누적차감),https://www.sec.gov/Archives/edgar/data/1090727/000109072715000008/ ; https://www.sec.gov/Archives/edgar/data/1090727/000109072714000036/,누적 5726000000 − 직전누적 4191000000 (시작 2014-01-01),7
United Parcel Service,UPS,2014Q4,2014-12-31,분기말 자산총계,35440000000,USD,공시(재작성 반영),https://www.sec.gov/Archives/edgar/data/1090727/000109072717000011/,원 공시 35471000000 (https://www.sec.gov/Archives/edgar/data/1090727/000109072715000008/),7
United Parcel Service,UPS,2014Q4,2014-12-31,분기말 부채총계,33282000000,USD,계산(부채및자본-총자본)(재작성 반영),https://www.sec.gov/Archives/edgar/data/1090727/000109072716000053/,부채및자본 35440000000 − 총자본 2158000000 ; 원 공시 33313000000 (https://www.sec.gov/Archives/edgar/data/1090727/000109072715000008/),7
United Parcel Service,UPS,2014Q4,2014-12-31,분기말 총자본(자기자본),2158000000,USD,공시,https://www.sec.gov/Archives/edgar/data/1090727/000109072715000008/,,7
United Parcel Service,UPS,2014Q4,2014-12-31,분기말 지배지분 자본,2141000000,USD,공시,https://www.sec.gov/Archives/edgar/data/1090727/000109072715000008/,,7
United Parcel Service,UPS,2014Q4,2014-12-31,분기말 종가,111.17,USD,API,https://query1.finance.yahoo.com/v8/finance/chart/UPS?interval=1d&events=splits (2014-12-31),,7
United Parcel Service,UPS,2014Q4,2015-02-18,분기말 상장주식수,902538724,주,공시(표지 기준일),https://www.sec.gov/Archives/edgar/data/1090727/000109072715000008/,"XBRL 원문 dei:EntityCommonStockSharesOutstanding 2개 클래스 합 ; 클래스별(2015-02-18): CommonClassAMember 200480468, CommonClassBMember 702058256",7
United Parcel Service,UPS,2014Q4,2014-12-31,분기말 시가총액,100335229947,USD,계산(종가×주식수),https://query1.finance.yahoo.com/v8/finance/chart/UPS?interval=1d&events=splits (2014-12-31) ; https://www.sec.gov/Archives/edgar/data/1090727/000109072715000008/,종가 111.17 × 주식수 902538724,7
United Parcel Service,UPS,2015Q1,2015-03-31,분기별 매출액,13977000000,USD,공시,https://www.sec.gov/Archives/edgar/data/1090727/000109072715000019/,,7
United Parcel Service,UPS,2015Q1,2015-03-31,분기별 영업이익,1673000000,USD,공시,https://www.sec.gov/Archives/edgar/data/1090727/000109072715000019/,,7
United Parcel Service,UPS,2015Q1,2015-03-31,분기별 당기순이익(지배),1026000000,USD,공시,https://www.sec.gov/Archives/edgar/data/1090727/000109072715000019/,,7
United Parcel Service,UPS,2015Q1,2015-03-31,분기별 영업활동현금흐름,2751000000,USD,공시,https://www.sec.gov/Archives/edgar/data/1090727/000109072715000019/,,7
United Parcel Service,UPS,2015Q1,2015-03-31,분기말 자산총계,37332000000,USD,공시,https://www.sec.gov/Archives/edgar/data/1090727/000109072715000019/,,7
United Parcel Service,UPS,2015Q1,2015-03-31,분기말 부채총계,35485000000,USD,계산(부채및자본-총자본),https://www.sec.gov/Archives/edgar/data/1090727/000109072715000019/,부채및자본 37332000000 − 총자본 1847000000,7
United Parcel Service,UPS,2015Q1,2015-03-31,분기말 총자본(자기자본),1847000000,USD,공시,https://www.sec.gov/Archives/edgar/data/1090727/000109072715000019/,,7
United Parcel Service,UPS,2015Q1,2015-03-31,분기말 지배지분 자본,1829000000,USD,공시,https://www.sec.gov/Archives/edgar/data/1090727/000109072715000019/,,7
United Parcel Service,UPS,2015Q1,2015-03-31,분기말 종가,96.94,USD,API,https://query1.finance.yahoo.com/v8/finance/chart/UPS?interval=1d&events=splits (2015-03-31),,7
United Parcel Service,UPS,2015Q1,2015-04-27,분기말 상장주식수,901246604,주,공시(표지 기준일),https://www.sec.gov/Archives/edgar/data/1090727/000109072715000019/,"XBRL 원문 dei:EntityCommonStockSharesOutstanding 2개 클래스 합 ; 클래스별(2015-04-27): CommonClassAMember 199730607, CommonClassBMember 701515997",7
United Parcel Service,UPS,2015Q1,2015-03-31,분기말 시가총액,87366845792,USD,계산(종가×주식수),https://query1.finance.yahoo.com/v8/finance/chart/UPS?interval=1d&events=splits (2015-03-31) ; https://www.sec.gov/Archives/edgar/data/1090727/000109072715000019/,종가 96.94 × 주식수 901246604,7
United Parcel Service,UPS,2015Q2,2015-06-30,분기별 매출액,14095000000,USD,공시,https://www.sec.gov/Archives/edgar/data/1090727/000109072715000035/,,7
United Parcel Service,UPS,2015Q2,2015-06-30,분기별 영업이익,1960000000,USD,공시,https://www.sec.gov/Archives/edgar/data/1090727/000109072715000035/,,7
United Parcel Service,UPS,2015Q2,2015-06-30,분기별 당기순이익(지배),1230000000,USD,공시,https://www.sec.gov/Archives/edgar/data/1090727/000109072715000035/,,7
United Parcel Service,UPS,2015Q2,2015-06-30,분기별 영업활동현금흐름,1488000000,USD,계산(누적차감),https://www.sec.gov/Archives/edgar/data/1090727/000109072715000035/ ; https://www.sec.gov/Archives/edgar/data/1090727/000109072715000019/,누적 4239000000 − 직전누적 2751000000 (시작 2015-01-01),7
United Parcel Service,UPS,2015Q2,2015-06-30,분기말 자산총계,37251000000,USD,공시,https://www.sec.gov/Archives/edgar/data/1090727/000109072715000035/,,7
United Parcel Service,UPS,2015Q2,2015-06-30,분기말 부채총계,35283000000,USD,계산(부채및자본-총자본),https://www.sec.gov/Archives/edgar/data/1090727/000109072715000035/,부채및자본 37251000000 − 총자본 1968000000,7
United Parcel Service,UPS,2015Q2,2015-06-30,분기말 총자본(자기자본),1968000000,USD,공시,https://www.sec.gov/Archives/edgar/data/1090727/000109072715000035/,,7
United Parcel Service,UPS,2015Q2,2015-06-30,분기말 지배지분 자본,1950000000,USD,공시,https://www.sec.gov/Archives/edgar/data/1090727/000109072715000035/,,7
United Parcel Service,UPS,2015Q2,2015-06-30,분기말 종가,96.91,USD,API,https://query1.finance.yahoo.com/v8/finance/chart/UPS?interval=1d&events=splits (2015-06-30),,7
United Parcel Service,UPS,2015Q2,2015-07-27,분기말 상장주식수,896188544,주,공시(표지 기준일),https://www.sec.gov/Archives/edgar/data/1090727/000109072715000035/,"XBRL 원문 dei:EntityCommonStockSharesOutstanding 2개 클래스 합 ; 클래스별(2015-07-27): CommonClassAMember 197740294, CommonClassBMember 698448250",7
United Parcel Service,UPS,2015Q2,2015-06-30,분기말 시가총액,86849631799,USD,계산(종가×주식수),https://query1.finance.yahoo.com/v8/finance/chart/UPS?interval=1d&events=splits (2015-06-30) ; https://www.sec.gov/Archives/edgar/data/1090727/000109072715000035/,종가 96.91 × 주식수 896188544,7
United Parcel Service,UPS,2015Q3,2015-09-30,분기별 매출액,14237000000,USD,공시,https://www.sec.gov/Archives/edgar/data/1090727/000109072715000043/,,7
United Parcel Service,UPS,2015Q3,2015-09-30,분기별 영업이익,1984000000,USD,공시,https://www.sec.gov/Archives/edgar/data/1090727/000109072715000043/,,7
United Parcel Service,UPS,2015Q3,2015-09-30,분기별 당기순이익(지배),1257000000,USD,공시,https://www.sec.gov/Archives/edgar/data/1090727/000109072715000043/,,7
United Parcel Service,UPS,2015Q3,2015-09-30,분기별 영업활동현금흐름,2176000000,USD,계산(누적차감),https://www.sec.gov/Archives/edgar/data/1090727/000109072715000043/ ; https://www.sec.gov/Archives/edgar/data/1090727/000109072715000035/,누적 6415000000 − 직전누적 4239000000 (시작 2015-01-01),7
United Parcel Service,UPS,2015Q3,2015-09-30,분기말 자산총계,39002000000,USD,공시,https://www.sec.gov/Archives/edgar/data/1090727/000109072715000043/,,7
United Parcel Service,UPS,2015Q3,2015-09-30,분기말 부채총계,37054000000,USD,계산(부채및자본-총자본),https://www.sec.gov/Archives/edgar/data/1090727/000109072715000043/,부채및자본 39002000000 − 총자본 1948000000,7
United Parcel Service,UPS,2015Q3,2015-09-30,분기말 총자본(자기자본),1948000000,USD,공시,https://www.sec.gov/Archives/edgar/data/1090727/000109072715000043/,,7
United Parcel Service,UPS,2015Q3,2015-09-30,분기말 지배지분 자본,1929000000,USD,공시,https://www.sec.gov/Archives/edgar/data/1090727/000109072715000043/,,7
United Parcel Service,UPS,2015Q3,2015-09-30,분기말 종가,98.69,USD,API,https://query1.finance.yahoo.com/v8/finance/chart/UPS?interval=1d&events=splits (2015-09-30),,7
United Parcel Service,UPS,2015Q3,2015-10-26,분기말 상장주식수,890414727,주,공시(표지 기준일),https://www.sec.gov/Archives/edgar/data/1090727/000109072715000043/,"XBRL 원문 dei:EntityCommonStockSharesOutstanding 2개 클래스 합 ; 클래스별(2015-10-26): CommonClassAMember 194272074, CommonClassBMember 696142653",7
United Parcel Service,UPS,2015Q3,2015-09-30,분기말 시가총액,87875029408,USD,계산(종가×주식수),https://query1.finance.yahoo.com/v8/finance/chart/UPS?interval=1d&events=splits (2015-09-30) ; https://www.sec.gov/Archives/edgar/data/1090727/000109072715000043/,종가 98.69 × 주식수 890414727,7
United Parcel Service,UPS,2015Q4,2015-12-31,분기별 매출액,16054000000,USD,계산(연간-3분기누적),https://www.sec.gov/Archives/edgar/data/1090727/000109072716000053/ ; https://www.sec.gov/Archives/edgar/data/1090727/000109072715000043/,연간 58363000000 − 9개월누적 42309000000 (Revenues),7
United Parcel Service,UPS,2015Q4,2015-12-31,분기별 영업이익,2051000000,USD,계산(연간-3분기누적),https://www.sec.gov/Archives/edgar/data/1090727/000109072716000053/ ; https://www.sec.gov/Archives/edgar/data/1090727/000109072715000043/,연간 7668000000 − 9개월누적 5617000000 (OperatingIncomeLoss),7
United Parcel Service,UPS,2015Q4,2015-12-31,분기별 당기순이익(지배),1331000000,USD,계산(연간-3분기누적),https://www.sec.gov/Archives/edgar/data/1090727/000109072716000053/ ; https://www.sec.gov/Archives/edgar/data/1090727/000109072715000043/,연간 4844000000 − 9개월누적 3513000000 (NetIncomeLoss),7
United Parcel Service,UPS,2015Q4,2015-12-31,분기별 영업활동현금흐름,1015000000,USD,계산(누적차감),https://www.sec.gov/Archives/edgar/data/1090727/000109072716000053/ ; https://www.sec.gov/Archives/edgar/data/1090727/000109072715000043/,누적 7430000000 − 직전누적 6415000000 (시작 2015-01-01),7
United Parcel Service,UPS,2015Q4,2015-12-31,분기말 자산총계,38311000000,USD,공시,https://www.sec.gov/Archives/edgar/data/1090727/000109072716000053/,,7
United Parcel Service,UPS,2015Q4,2015-12-31,분기말 부채총계,35820000000,USD,계산(부채및자본-총자본),https://www.sec.gov/Archives/edgar/data/1090727/000109072716000053/,부채및자본 38311000000 − 총자본 2491000000,7
United Parcel Service,UPS,2015Q4,2015-12-31,분기말 총자본(자기자본),2491000000,USD,공시,https://www.sec.gov/Archives/edgar/data/1090727/000109072716000053/,,7
United Parcel Service,UPS,2015Q4,2015-12-31,분기말 지배지분 자본,2470000000,USD,공시,https://www.sec.gov/Archives/edgar/data/1090727/000109072716000053/,,7
United Parcel Service,UPS,2015Q4,2015-12-31,분기말 종가,96.23,USD,API,https://query1.finance.yahoo.com/v8/finance/chart/UPS?interval=1d&events=splits (2015-12-31),,7
United Parcel Service,UPS,2015Q4,2016-02-16,분기말 상장주식수,884391616,주,공시(표지 기준일),https://www.sec.gov/Archives/edgar/data/1090727/000109072716000053/,"XBRL 원문 dei:EntityCommonStockSharesOutstanding 2개 클래스 합 ; 클래스별(2016-02-16): CommonClassAMember 194211012, CommonClassBMember 690180604",7
United Parcel Service,UPS,2015Q4,2015-12-31,분기말 시가총액,85105005208,USD,계산(종가×주식수),https://query1.finance.yahoo.com/v8/finance/chart/UPS?interval=1d&events=splits (2015-12-31) ; https://www.sec.gov/Archives/edgar/data/1090727/000109072716000053/,종가 96.23 × 주식수 884391616,7
United Parcel Service,UPS,2016Q1,2016-03-31,분기별 매출액,14418000000,USD,공시,https://www.sec.gov/Archives/edgar/data/1090727/000109072716000063/,,7
United Parcel Service,UPS,2016Q1,2016-03-31,분기별 영업이익,1823000000,USD,공시,https://www.sec.gov/Archives/edgar/data/1090727/000109072716000063/,,7
United Parcel Service,UPS,2016Q1,2016-03-31,분기별 당기순이익(지배),1131000000,USD,공시,https://www.sec.gov/Archives/edgar/data/1090727/000109072716000063/,,7
United Parcel Service,UPS,2016Q1,2016-03-31,분기별 영업활동현금흐름,2670000000,USD,공시,https://www.sec.gov/Archives/edgar/data/1090727/000109072716000063/,,7
United Parcel Service,UPS,2016Q1,2016-03-31,분기말 자산총계,39168000000,USD,공시,https://www.sec.gov/Archives/edgar/data/1090727/000109072716000063/,,7
United Parcel Service,UPS,2016Q1,2016-03-31,분기말 부채총계,36688000000,USD,계산(부채및자본-총자본),https://www.sec.gov/Archives/edgar/data/1090727/000109072716000063/,부채및자본 39168000000 − 총자본 2480000000,7
United Parcel Service,UPS,2016Q1,2016-03-31,분기말 총자본(자기자본),2480000000,USD,공시,https://www.sec.gov/Archives/edgar/data/1090727/000109072716000063/,,7
United Parcel Service,UPS,2016Q1,2016-03-31,분기말 지배지분 자본,2457000000,USD,공시,https://www.sec.gov/Archives/edgar/data/1090727/000109072716000063/,,7
United Parcel Service,UPS,2016Q1,2016-03-31,분기말 종가,105.47,USD,API,https://query1.finance.yahoo.com/v8/finance/chart/UPS?interval=1d&events=splits (2016-03-31),,7
United Parcel Service,UPS,2016Q1,2016-04-25,분기말 상장주식수,882669115,주,공시(표지 기준일),https://www.sec.gov/Archives/edgar/data/1090727/000109072716000063/,"XBRL 원문 dei:EntityCommonStockSharesOutstanding 2개 클래스 합 ; 클래스별(2016-04-25): CommonClassAMember 192217866, CommonClassBMember 690451249",7
United Parcel Service,UPS,2016Q1,2016-03-31,분기말 시가총액,93095111559,USD,계산(종가×주식수),https://query1.finance.yahoo.com/v8/finance/chart/UPS?interval=1d&events=splits (2016-03-31) ; https://www.sec.gov/Archives/edgar/data/1090727/000109072716000063/,종가 105.47 × 주식수 882669115,7
United Parcel Service,UPS,2016Q2,2016-06-30,분기별 매출액,14629000000,USD,공시,https://www.sec.gov/Archives/edgar/data/1090727/000109072716000074/,,7
United Parcel Service,UPS,2016Q2,2016-06-30,분기별 영업이익,2038000000,USD,공시,https://www.sec.gov/Archives/edgar/data/1090727/000109072716000074/,,7
United Parcel Service,UPS,2016Q2,2016-06-30,분기별 당기순이익(지배),1269000000,USD,공시,https://www.sec.gov/Archives/edgar/data/1090727/000109072716000074/,,7
United Parcel Service,UPS,2016Q2,2016-06-30,분기별 영업활동현금흐름,2023000000,USD,계산(누적차감),https://www.sec.gov/Archives/edgar/data/1090727/000109072716000074/ ; https://www.sec.gov/Archives/edgar/data/1090727/000109072716000063/,누적 4693000000 − 직전누적 2670000000 (시작 2016-01-01),7
United Parcel Service,UPS,2016Q2,2016-06-30,분기말 자산총계,38339000000,USD,공시,https://www.sec.gov/Archives/edgar/data/1090727/000109072716000074/,,7
United Parcel Service,UPS,2016Q2,2016-06-30,분기말 부채총계,35689000000,USD,계산(부채및자본-총자본),https://www.sec.gov/Archives/edgar/data/1090727/000109072716000074/,부채및자본 38339000000 − 총자본 2650000000,7
United Parcel Service,UPS,2016Q2,2016-06-30,분기말 총자본(자기자본),2650000000,USD,공시,https://www.sec.gov/Archives/edgar/data/1090727/000109072716000074/,,7
United Parcel Service,UPS,2016Q2,2016-06-30,분기말 지배지분 자본,2626000000,USD,공시,https://www.sec.gov/Archives/edgar/data/1090727/000109072716000074/,,7
United Parcel Service,UPS,2016Q2,2016-06-30,분기말 종가,107.72,USD,API,https://query1.finance.yahoo.com/v8/finance/chart/UPS?interval=1d&events=splits (2016-06-30),,7
United Parcel Service,UPS,2016Q2,2016-07-27,분기말 상장주식수,878065688,주,공시(표지 기준일),https://www.sec.gov/Archives/edgar/data/1090727/000109072716000074/,"XBRL 원문 dei:EntityCommonStockSharesOutstanding 2개 클래스 합 ; 클래스별(2016-07-27): CommonClassAMember 186794026, CommonClassBMember 691271662",7
United Parcel Service,UPS,2016Q2,2016-06-30,분기말 시가총액,94585235911,USD,계산(종가×주식수),https://query1.finance.yahoo.com/v8/finance/chart/UPS?interval=1d&events=splits (2016-06-30) ; https://www.sec.gov/Archives/edgar/data/1090727/000109072716000074/,종가 107.72 × 주식수 878065688,7
United Parcel Service,UPS,2016Q3,2016-09-30,분기별 매출액,14928000000,USD,공시,https://www.sec.gov/Archives/edgar/data/1090727/000109072716000086/,,7
United Parcel Service,UPS,2016Q3,2016-09-30,분기별 영업이익,2034000000,USD,공시,https://www.sec.gov/Archives/edgar/data/1090727/000109072716000086/,,7
United Parcel Service,UPS,2016Q3,2016-09-30,분기별 당기순이익(지배),1270000000,USD,공시,https://www.sec.gov/Archives/edgar/data/1090727/000109072716000086/,,7
United Parcel Service,UPS,2016Q3,2016-09-30,분기별 영업활동현금흐름,670000000,USD,계산(누적차감),https://www.sec.gov/Archives/edgar/data/1090727/000109072716000086/ ; https://www.sec.gov/Archives/edgar/data/1090727/000109072716000074/,누적 5363000000 − 직전누적 4693000000 (시작 2016-01-01),7
United Parcel Service,UPS,2016Q3,2016-09-30,분기말 자산총계,38342000000,USD,공시,https://www.sec.gov/Archives/edgar/data/1090727/000109072716000086/,,7
United Parcel Service,UPS,2016Q3,2016-09-30,분기말 부채총계,35575000000,USD,계산(부채및자본-총자본),https://www.sec.gov/Archives/edgar/data/1090727/000109072716000086/,부채및자본 38342000000 − 총자본 2767000000,7
United Parcel Service,UPS,2016Q3,2016-09-30,분기말 총자본(자기자본),2767000000,USD,공시,https://www.sec.gov/Archives/edgar/data/1090727/000109072716000086/,,7
United Parcel Service,UPS,2016Q3,2016-09-30,분기말 지배지분 자본,2743000000,USD,공시,https://www.sec.gov/Archives/edgar/data/1090727/000109072716000086/,,7
United Parcel Service,UPS,2016Q3,2016-09-30,분기말 종가,109.36,USD,API,https://query1.finance.yahoo.com/v8/finance/chart/UPS?interval=1d&events=splits (2016-09-30),,7
United Parcel Service,UPS,2016Q3,2016-10-24,분기말 상장주식수,872655471,주,공시(표지 기준일),https://www.sec.gov/Archives/edgar/data/1090727/000109072716000086/,"XBRL 원문 dei:EntityCommonStockSharesOutstanding 2개 클래스 합 ; 클래스별(2016-10-24): CommonClassAMember 183295098, CommonClassBMember 689360373",7
United Parcel Service,UPS,2016Q3,2016-09-30,분기말 시가총액,95433602309,USD,계산(종가×주식수),https://query1.finance.yahoo.com/v8/finance/chart/UPS?interval=1d&events=splits (2016-09-30) ; https://www.sec.gov/Archives/edgar/data/1090727/000109072716000086/,종가 109.36 × 주식수 872655471,7
United Parcel Service,UPS,2016Q4,2016-12-31,분기별 매출액,16931000000,USD,계산(연간-3분기누적),https://www.sec.gov/Archives/edgar/data/1090727/000109072717000011/ ; https://www.sec.gov/Archives/edgar/data/1090727/000109072716000086/,연간 60906000000 − 9개월누적 43975000000 (Revenues),7
United Parcel Service,UPS,2016Q4,2016-12-31,분기별 영업이익,1793000000,USD,계산(연간-3분기누적)(재작성 반영),https://www.sec.gov/Archives/edgar/data/1090727/000109072719000006/ ; https://www.sec.gov/Archives/edgar/data/1090727/000109072716000086/,연간 7688000000 − 9개월누적 5895000000 (OperatingIncomeLoss) ; 원 공시 -428000000 (https://www.sec.gov/Archives/edgar/data/1090727/000109072717000011/ ; https://www.sec.gov/Archives/edgar/data/1090727/000109072716000086/),7
United Parcel Service,UPS,2016Q4,2016-12-31,분기별 당기순이익(지배),-248000000,USD,계산(연간-3분기누적)(재작성 반영),https://www.sec.gov/Archives/edgar/data/1090727/000109072719000006/ ; https://www.sec.gov/Archives/edgar/data/1090727/000109072716000086/,연간 3422000000 − 9개월누적 3670000000 (NetIncomeLoss) ; 원 공시 -239000000 (https://www.sec.gov/Archives/edgar/data/1090727/000109072717000011/ ; https://www.sec.gov/Archives/edgar/data/1090727/000109072716000086/),7
United Parcel Service,UPS,2016Q4,2016-12-31,분기별 영업활동현금흐름,1110000000,USD,계산(누적차감),https://www.sec.gov/Archives/edgar/data/1090727/000109072717000011/ ; https://www.sec.gov/Archives/edgar/data/1090727/000109072716000086/,누적 6473000000 − 직전누적 5363000000 (시작 2016-01-01),7
United Parcel Service,UPS,2016Q4,2016-12-31,분기말 자산총계,40377000000,USD,공시,https://www.sec.gov/Archives/edgar/data/1090727/000109072717000011/,,7
United Parcel Service,UPS,2016Q4,2016-12-31,분기말 부채총계,39948000000,USD,계산(부채및자본-총자본),https://www.sec.gov/Archives/edgar/data/1090727/000109072717000011/,부채및자본 40377000000 − 총자본 429000000,7
United Parcel Service,UPS,2016Q4,2016-12-31,분기말 총자본(자기자본),429000000,USD,공시,https://www.sec.gov/Archives/edgar/data/1090727/000109072717000011/,,7
United Parcel Service,UPS,2016Q4,2016-12-31,분기말 지배지분 자본,405000000,USD,공시,https://www.sec.gov/Archives/edgar/data/1090727/000109072717000011/,,7
United Parcel Service,UPS,2016Q4,2016-12-30,분기말 종가,114.64,USD,API,https://query1.finance.yahoo.com/v8/finance/chart/UPS?interval=1d&events=splits (2016-12-30),,7
United Parcel Service,UPS,2016Q4,2017-02-08,분기말 상장주식수,870029643,주,공시(표지 기준일),https://www.sec.gov/Archives/edgar/data/1090727/000109072717000011/,"XBRL 원문 dei:EntityCommonStockSharesOutstanding 2개 클래스 합 ; 클래스별(2017-02-08): CommonClassAMember 180802416, CommonClassBMember 689227227",7
United Parcel Service,UPS,2016Q4,2016-12-30,분기말 시가총액,99740198274,USD,계산(종가×주식수),https://query1.finance.yahoo.com/v8/finance/chart/UPS?interval=1d&events=splits (2016-12-30) ; https://www.sec.gov/Archives/edgar/data/1090727/000109072717000011/,종가 114.64 × 주식수 870029643,7
United Parcel Service,UPS,2017Q1,2017-03-31,분기별 매출액,15510000000,USD,공시(재작성 반영),https://www.sec.gov/Archives/edgar/data/1090727/000109072718000020/,원 공시 15315000000 (https://www.sec.gov/Archives/edgar/data/1090727/000109072717000020/),7
United Parcel Service,UPS,2017Q1,2017-03-31,분기별 영업이익,1617000000,USD,공시(재작성 반영),https://www.sec.gov/Archives/edgar/data/1090727/000109072719000006/,원 공시 1784000000 (https://www.sec.gov/Archives/edgar/data/1090727/000109072717000020/),7
United Parcel Service,UPS,2017Q1,2017-03-31,분기별 당기순이익(지배),1166000000,USD,공시(재작성 반영),https://www.sec.gov/Archives/edgar/data/1090727/000109072719000006/,원 공시 1158000000 (https://www.sec.gov/Archives/edgar/data/1090727/000109072717000020/),7
United Parcel Service,UPS,2017Q1,2017-03-31,분기별 영업활동현금흐름,239000000,USD,공시,https://www.sec.gov/Archives/edgar/data/1090727/000109072717000020/,,7
United Parcel Service,UPS,2017Q1,2017-03-31,분기말 자산총계,38380000000,USD,공시,https://www.sec.gov/Archives/edgar/data/1090727/000109072717000020/,,7
United Parcel Service,UPS,2017Q1,2017-03-31,분기말 부채총계,37820000000,USD,계산(부채및자본-총자본),https://www.sec.gov/Archives/edgar/data/1090727/000109072717000020/,부채및자본 38380000000 − 총자본 560000000,7
United Parcel Service,UPS,2017Q1,2017-03-31,분기말 총자본(자기자본),560000000,USD,공시,https://www.sec.gov/Archives/edgar/data/1090727/000109072717000020/,,7
United Parcel Service,UPS,2017Q1,2017-03-31,분기말 지배지분 자본,535000000,USD,공시,https://www.sec.gov/Archives/edgar/data/1090727/000109072717000020/,,7
United Parcel Service,UPS,2017Q1,2017-03-31,분기말 종가,107.3,USD,API,https://query1.finance.yahoo.com/v8/finance/chart/UPS?interval=1d&events=splits (2017-03-31),,7
United Parcel Service,UPS,2017Q1,2017-05-01,분기말 상장주식수,867763120,주,공시(표지 기준일),https://www.sec.gov/Archives/edgar/data/1090727/000109072717000020/,"XBRL 원문 dei:EntityCommonStockSharesOutstanding 2개 클래스 합 ; 클래스별(2017-05-01): CommonClassAMember 178992788, CommonClassBMember 688770332",7
United Parcel Service,UPS,2017Q1,2017-03-31,분기말 시가총액,93110982776,USD,계산(종가×주식수),https://query1.finance.yahoo.com/v8/finance/chart/UPS?interval=1d&events=splits (2017-03-31) ; https://www.sec.gov/Archives/edgar/data/1090727/000109072717000020/,종가 107.3 × 주식수 867763120,7
United Parcel Service,UPS,2017Q2,2017-06-30,분기별 매출액,15927000000,USD,공시(재작성 반영),https://www.sec.gov/Archives/edgar/data/1090727/000109072718000032/,원 공시 15750000000 (https://www.sec.gov/Archives/edgar/data/1090727/000109072717000029/),7
United Parcel Service,UPS,2017Q2,2017-06-30,분기별 영업이익,2037000000,USD,공시(재작성 반영),https://www.sec.gov/Archives/edgar/data/1090727/000109072719000006/,원 공시 2216000000 (https://www.sec.gov/Archives/edgar/data/1090727/000109072717000029/),7
United Parcel Service,UPS,2017Q2,2017-06-30,분기별 당기순이익(지배),1384000000,USD,공시,https://www.sec.gov/Archives/edgar/data/1090727/000109072717000029/,,7
United Parcel Service,UPS,2017Q2,2017-06-30,분기별 영업활동현금흐름,2382000000,USD,계산(누적차감),https://www.sec.gov/Archives/edgar/data/1090727/000109072717000029/ ; https://www.sec.gov/Archives/edgar/data/1090727/000109072717000020/,누적 2621000000 − 직전누적 239000000 (시작 2017-01-01),7
United Parcel Service,UPS,2017Q2,2017-06-30,분기말 자산총계,39724000000,USD,공시,https://www.sec.gov/Archives/edgar/data/1090727/000109072717000029/,,7
United Parcel Service,UPS,2017Q2,2017-06-30,분기말 부채총계,38450000000,USD,계산(부채및자본-총자본),https://www.sec.gov/Archives/edgar/data/1090727/000109072717000029/,부채및자본 39724000000 − 총자본 1274000000,7
United Parcel Service,UPS,2017Q2,2017-06-30,분기말 총자본(자기자본),1274000000,USD,공시,https://www.sec.gov/Archives/edgar/data/1090727/000109072717000029/,,7
United Parcel Service,UPS,2017Q2,2017-06-30,분기말 지배지분 자본,1244000000,USD,공시,https://www.sec.gov/Archives/edgar/data/1090727/000109072717000029/,,7
United Parcel Service,UPS,2017Q2,2017-06-30,분기말 종가,110.59,USD,API,https://query1.finance.yahoo.com/v8/finance/chart/UPS?interval=1d&events=splits (2017-06-30),,7
United Parcel Service,UPS,2017Q2,2017-07-24,분기말 상장주식수,865968220,주,공시(표지 기준일),https://www.sec.gov/Archives/edgar/data/1090727/000109072717000029/,"XBRL 원문 dei:EntityCommonStockSharesOutstanding 2개 클래스 합 ; 클래스별(2017-07-24): CommonClassAMember 177194206, CommonClassBMember 688774014",7
United Parcel Service,UPS,2017Q2,2017-06-30,분기말 시가총액,95767425450,USD,계산(종가×주식수),https://query1.finance.yahoo.com/v8/finance/chart/UPS?interval=1d&events=splits (2017-06-30) ; https://www.sec.gov/Archives/edgar/data/1090727/000109072717000029/,종가 110.59 × 주식수 865968220,7
United Parcel Service,UPS,2017Q3,2017-09-30,분기별 매출액,16173000000,USD,공시(재작성 반영),https://www.sec.gov/Archives/edgar/data/1090727/000109072718000039/,원 공시 15978000000 (https://www.sec.gov/Archives/edgar/data/1090727/000109072717000035/),7
United Parcel Service,UPS,2017Q3,2017-09-30,분기별 영업이익,1812000000,USD,공시(재작성 반영),https://www.sec.gov/Archives/edgar/data/1090727/000109072719000006/,원 공시 2035000000 (https://www.sec.gov/Archives/edgar/data/1090727/000109072717000035/),7
United Parcel Service,UPS,2017Q3,2017-09-30,분기별 당기순이익(지배),1259000000,USD,공시(재작성 반영),https://www.sec.gov/Archives/edgar/data/1090727/000109072719000006/,원 공시 1264000000 (https://www.sec.gov/Archives/edgar/data/1090727/000109072717000035/),7
United Parcel Service,UPS,2017Q3,2017-09-30,분기별 영업활동현금흐름,1797000000,USD,계산(누적차감),https://www.sec.gov/Archives/edgar/data/1090727/000109072717000035/ ; https://www.sec.gov/Archives/edgar/data/1090727/000109072717000029/,누적 4418000000 − 직전누적 2621000000 (시작 2017-01-01),7
United Parcel Service,UPS,2017Q3,2017-09-30,분기말 자산총계,41356000000,USD,공시,https://www.sec.gov/Archives/edgar/data/1090727/000109072717000035/,,7
United Parcel Service,UPS,2017Q3,2017-09-30,분기말 부채총계,39817000000,USD,계산(부채및자본-총자본),https://www.sec.gov/Archives/edgar/data/1090727/000109072717000035/,부채및자본 41356000000 − 총자본 1539000000,7
United Parcel Service,UPS,2017Q3,2017-09-30,분기말 총자본(자기자본),1539000000,USD,공시,https://www.sec.gov/Archives/edgar/data/1090727/000109072717000035/,,7
United Parcel Service,UPS,2017Q3,2017-09-30,분기말 지배지분 자본,1509000000,USD,공시,https://www.sec.gov/Archives/edgar/data/1090727/000109072717000035/,,7
United Parcel Service,UPS,2017Q3,2017-09-29,분기말 종가,120.09,USD,API,https://query1.finance.yahoo.com/v8/finance/chart/UPS?interval=1d&events=splits (2017-09-29),,7
United Parcel Service,UPS,2017Q3,2017-10-24,분기말 상장주식수,861731363,주,공시(표지 기준일),https://www.sec.gov/Archives/edgar/data/1090727/000109072717000035/,"XBRL 원문 dei:EntityCommonStockSharesOutstanding 2개 클래스 합 ; 클래스별(2017-10-24): CommonClassAMember 174673900, CommonClassBMember 687057463",7
United Parcel Service,UPS,2017Q3,2017-09-29,분기말 시가총액,103485319383,USD,계산(종가×주식수),https://query1.finance.yahoo.com/v8/finance/chart/UPS?interval=1d&events=splits (2017-09-29) ; https://www.sec.gov/Archives/edgar/data/1090727/000109072717000035/,종가 120.09 × 주식수 861731363,7
United Parcel Service,UPS,2017Q4,2017-12-31,분기별 매출액,18262000000,USD,계산(연간-3분기누적)(재작성 반영),https://www.sec.gov/Archives/edgar/data/1090727/000109072718000009/ ; https://www.sec.gov/Archives/edgar/data/1090727/000109072718000039/,연간 65872000000 − 9개월누적 47610000000 (Revenues) ; 원 공시 18829000000 (https://www.sec.gov/Archives/edgar/data/1090727/000109072718000009/ ; https://www.sec.gov/Archives/edgar/data/1090727/000109072717000035/),7
United Parcel Service,UPS,2017Q4,2017-12-31,분기별 영업이익,2063000000,USD,계산(연간-3분기누적)(재작성 반영),https://www.sec.gov/Archives/edgar/data/1090727/000109072718000009/ ; https://www.sec.gov/Archives/edgar/data/1090727/000109072718000039/,연간 7529000000 − 9개월누적 5466000000 (OperatingIncomeLoss) ; 원 공시 1494000000 (https://www.sec.gov/Archives/edgar/data/1090727/000109072718000009/ ; https://www.sec.gov/Archives/edgar/data/1090727/000109072717000035/),7
United Parcel Service,UPS,2017Q4,2017-12-31,분기별 당기순이익(지배),1096000000,USD,계산(연간-3분기누적)(재작성 반영),https://www.sec.gov/Archives/edgar/data/1090727/000109072720000005/ ; https://www.sec.gov/Archives/edgar/data/1090727/000109072718000039/,연간 4905000000 − 9개월누적 3809000000 (NetIncomeLoss) ; 원 공시 1104000000 (https://www.sec.gov/Archives/edgar/data/1090727/000109072718000009/ ; https://www.sec.gov/Archives/edgar/data/1090727/000109072717000035/),7
United Parcel Service,UPS,2017Q4,2017-12-31,분기별 영업활동현금흐름,-2939000000,USD,계산(누적차감),https://www.sec.gov/Archives/edgar/data/1090727/000109072718000009/ ; https://www.sec.gov/Archives/edgar/data/1090727/000109072717000035/,누적 1479000000 − 직전누적 4418000000 (시작 2017-01-01),7
United Parcel Service,UPS,2017Q4,2017-12-31,분기말 자산총계,45574000000,USD,공시(재작성 반영),https://www.sec.gov/Archives/edgar/data/1090727/000109072720000005/,원 공시 45403000000 (https://www.sec.gov/Archives/edgar/data/1090727/000109072718000009/),7
United Parcel Service,UPS,2017Q4,2017-12-31,분기말 부채총계,44550000000,USD,계산(부채및자본-총자본)(재작성 반영),https://www.sec.gov/Archives/edgar/data/1090727/000109072719000006/,부채및자본 45574000000 − 총자본 1024000000 ; 원 공시 44373000000 (https://www.sec.gov/Archives/edgar/data/1090727/000109072718000009/),7
United Parcel Service,UPS,2017Q4,2017-12-31,분기말 총자본(자기자본),1024000000,USD,공시(재작성 반영),https://www.sec.gov/Archives/edgar/data/1090727/000109072719000006/,원 공시 1030000000 (https://www.sec.gov/Archives/edgar/data/1090727/000109072718000009/),7
United Parcel Service,UPS,2017Q4,2017-12-31,분기말 지배지분 자본,994000000,USD,공시(재작성 반영),https://www.sec.gov/Archives/edgar/data/1090727/000109072719000006/,원 공시 1000000000 (https://www.sec.gov/Archives/edgar/data/1090727/000109072718000009/),7
United Parcel Service,UPS,2017Q4,2017-12-29,분기말 종가,119.15,USD,API,https://query1.finance.yahoo.com/v8/finance/chart/UPS?interval=1d&events=splits (2017-12-29),,7
United Parcel Service,UPS,2017Q4,2018-02-08,분기말 상장주식수,861614779,주,공시(표지 기준일),https://www.sec.gov/Archives/edgar/data/1090727/000109072718000009/,"XBRL 원문 dei:EntityCommonStockSharesOutstanding 2개 클래스 합 ; 클래스별(2018-02-08): CommonClassAMember 173362905, CommonClassBMember 688251874",7
United Parcel Service,UPS,2017Q4,2017-12-29,분기말 시가총액,102661400918,USD,계산(종가×주식수),https://query1.finance.yahoo.com/v8/finance/chart/UPS?interval=1d&events=splits (2017-12-29) ; https://www.sec.gov/Archives/edgar/data/1090727/000109072718000009/,종가 119.15 × 주식수 861614779,7
United Parcel Service,UPS,2018Q1,2018-03-31,분기별 매출액,17113000000,USD,공시,https://www.sec.gov/Archives/edgar/data/1090727/000109072718000020/,,7
United Parcel Service,UPS,2018Q1,2018-03-31,분기별 영업이익,1520000000,USD,공시,https://www.sec.gov/Archives/edgar/data/1090727/000109072718000020/,,7
United Parcel Service,UPS,2018Q1,2018-03-31,분기별 당기순이익(지배),1345000000,USD,공시,https://www.sec.gov/Archives/edgar/data/1090727/000109072718000020/,,7
United Parcel Service,UPS,2018Q1,2018-03-31,분기별 영업활동현금흐름,4067000000,USD,공시,https://www.sec.gov/Archives/edgar/data/1090727/000109072718000020/,,7
United Parcel Service,UPS,2018Q1,2018-03-31,분기말 자산총계,44464000000,USD,공시,https://www.sec.gov/Archives/edgar/data/1090727/000109072718000020/,,7
United Parcel Service,UPS,2018Q1,2018-03-31,분기말 부채총계,43089000000,USD,계산(부채및자본-총자본),https://www.sec.gov/Archives/edgar/data/1090727/000109072718000020/,부채및자본 44464000000 − 총자본 1375000000,7
United Parcel Service,UPS,2018Q1,2018-03-31,분기말 총자본(자기자본),1375000000,USD,공시,https://www.sec.gov/Archives/edgar/data/1090727/000109072718000020/,,7
United Parcel Service,UPS,2018Q1,2018-03-31,분기말 지배지분 자본,1344000000,USD,공시,https://www.sec.gov/Archives/edgar/data/1090727/000109072718000020/,,7
United Parcel Service,UPS,2018Q1,2018-03-29,분기말 종가,104.66,USD,API,https://query1.finance.yahoo.com/v8/finance/chart/UPS?interval=1d&events=splits (2018-03-29),,7
United Parcel Service,UPS,2018Q1,2018-04-24,분기말 상장주식수,861688181,주,공시(표지 기준일),https://www.sec.gov/Archives/edgar/data/1090727/000109072718000020/,"XBRL 원문 dei:EntityCommonStockSharesOutstanding 2개 클래스 합 ; 클래스별(2018-04-24): CommonClassAMember 172128615, CommonClassBMember 689559566",7
United Parcel Service,UPS,2018Q1,2018-03-29,분기말 시가총액,90184285023,USD,계산(종가×주식수),https://query1.finance.yahoo.com/v8/finance/chart/UPS?interval=1d&events=splits (2018-03-29) ; https://www.sec.gov/Archives/edgar/data/1090727/000109072718000020/,종가 104.66 × 주식수 861688181,7
United Parcel Service,UPS,2018Q2,2018-06-30,분기별 매출액,17456000000,USD,공시,https://www.sec.gov/Archives/edgar/data/1090727/000109072718000032/,,7
United Parcel Service,UPS,2018Q2,2018-06-30,분기별 영업이익,1773000000,USD,공시,https://www.sec.gov/Archives/edgar/data/1090727/000109072718000032/,,7
United Parcel Service,UPS,2018Q2,2018-06-30,분기별 당기순이익(지배),1485000000,USD,공시,https://www.sec.gov/Archives/edgar/data/1090727/000109072718000032/,,7
United Parcel Service,UPS,2018Q2,2018-06-30,분기별 영업활동현금흐름,3133000000,USD,계산(누적차감),https://www.sec.gov/Archives/edgar/data/1090727/000109072718000032/ ; https://www.sec.gov/Archives/edgar/data/1090727/000109072718000020/,누적 7200000000 − 직전누적 4067000000 (시작 2018-01-01),7
United Parcel Service,UPS,2018Q2,2018-06-30,분기말 자산총계,45223000000,USD,공시,https://www.sec.gov/Archives/edgar/data/1090727/000109072718000032/,,7
United Parcel Service,UPS,2018Q2,2018-06-30,분기말 부채총계,42867000000,USD,계산(부채및자본-총자본),https://www.sec.gov/Archives/edgar/data/1090727/000109072718000032/,부채및자본 45223000000 − 총자본 2356000000,7
United Parcel Service,UPS,2018Q2,2018-06-30,분기말 총자본(자기자본),2356000000,USD,공시,https://www.sec.gov/Archives/edgar/data/1090727/000109072718000032/,,7
United Parcel Service,UPS,2018Q2,2018-06-30,분기말 지배지분 자본,2328000000,USD,공시,https://www.sec.gov/Archives/edgar/data/1090727/000109072718000032/,,7
United Parcel Service,UPS,2018Q2,2018-06-29,분기말 종가,106.23,USD,API,https://query1.finance.yahoo.com/v8/finance/chart/UPS?interval=1d&events=splits (2018-06-29),,7
United Parcel Service,UPS,2018Q2,2018-07-25,분기말 상장주식수,860344719,주,공시(표지 기준일),https://www.sec.gov/Archives/edgar/data/1090727/000109072718000032/,"XBRL 원문 dei:EntityCommonStockSharesOutstanding 2개 클래스 합 ; 클래스별(2018-07-25): CommonClassAMember 166955793, CommonClassBMember 693388926",7
United Parcel Service,UPS,2018Q2,2018-06-29,분기말 시가총액,91394419499,USD,계산(종가×주식수),https://query1.finance.yahoo.com/v8/finance/chart/UPS?interval=1d&events=splits (2018-06-29) ; https://www.sec.gov/Archives/edgar/data/1090727/000109072718000032/,종가 106.23 × 주식수 860344719,7
United Parcel Service,UPS,2018Q3,2018-09-30,분기별 매출액,17444000000,USD,공시,https://www.sec.gov/Archives/edgar/data/1090727/000109072718000039/,,7
United Parcel Service,UPS,2018Q3,2018-09-30,분기별 영업이익,1727000000,USD,공시,https://www.sec.gov/Archives/edgar/data/1090727/000109072718000039/,,7
United Parcel Service,UPS,2018Q3,2018-09-30,분기별 당기순이익(지배),1508000000,USD,공시,https://www.sec.gov/Archives/edgar/data/1090727/000109072718000039/,,7
United Parcel Service,UPS,2018Q3,2018-09-30,분기별 영업활동현금흐름,2222000000,USD,계산(누적차감),https://www.sec.gov/Archives/edgar/data/1090727/000109072718000039/ ; https://www.sec.gov/Archives/edgar/data/1090727/000109072718000032/,누적 9422000000 − 직전누적 7200000000 (시작 2018-01-01),7
United Parcel Service,UPS,2018Q3,2018-09-30,분기말 자산총계,46689000000,USD,공시,https://www.sec.gov/Archives/edgar/data/1090727/000109072718000039/,,7
United Parcel Service,UPS,2018Q3,2018-09-30,분기말 부채총계,43563000000,USD,계산(부채및자본-총자본),https://www.sec.gov/Archives/edgar/data/1090727/000109072718000039/,부채및자본 46689000000 − 총자본 3126000000,7
United Parcel Service,UPS,2018Q3,2018-09-30,분기말 총자본(자기자본),3126000000,USD,공시,https://www.sec.gov/Archives/edgar/data/1090727/000109072718000039/,,7
United Parcel Service,UPS,2018Q3,2018-09-30,분기말 지배지분 자본,3098000000,USD,공시,https://www.sec.gov/Archives/edgar/data/1090727/000109072718000039/,,7
United Parcel Service,UPS,2018Q3,2018-09-28,분기말 종가,116.75,USD,API,https://query1.finance.yahoo.com/v8/finance/chart/UPS?interval=1d&events=splits (2018-09-28),,7
United Parcel Service,UPS,2018Q3,2018-10-24,분기말 상장주식수,859226168,주,공시(표지 기준일),https://www.sec.gov/Archives/edgar/data/1090727/000109072718000039/,"XBRL 원문 dei:EntityCommonStockSharesOutstanding 2개 클래스 합 ; 클래스별(2018-10-24): CommonClassAMember 164014289, CommonClassBMember 695211879",7
United Parcel Service,UPS,2018Q3,2018-09-28,분기말 시가총액,100314655114,USD,계산(종가×주식수),https://query1.finance.yahoo.com/v8/finance/chart/UPS?interval=1d&events=splits (2018-09-28) ; https://www.sec.gov/Archives/edgar/data/1090727/000109072718000039/,종가 116.75 × 주식수 859226168,7
United Parcel Service,UPS,2018Q4,2018-12-31,분기별 매출액,19848000000,USD,계산(연간-3분기누적),https://www.sec.gov/Archives/edgar/data/1090727/000109072719000006/ ; https://www.sec.gov/Archives/edgar/data/1090727/000109072718000039/,연간 71861000000 − 9개월누적 52013000000 (RevenueFromContractWithCustomerExcludingAssessedTax / 9개월 Revenues),7
United Parcel Service,UPS,2018Q4,2018-12-31,분기별 영업이익,2004000000,USD,계산(연간-3분기누적),https://www.sec.gov/Archives/edgar/data/1090727/000109072719000006/ ; https://www.sec.gov/Archives/edgar/data/1090727/000109072718000039/,연간 7024000000 − 9개월누적 5020000000 (OperatingIncomeLoss),7
United Parcel Service,UPS,2018Q4,2018-12-31,분기별 당기순이익(지배),453000000,USD,계산(연간-3분기누적),https://www.sec.gov/Archives/edgar/data/1090727/000109072719000006/ ; https://www.sec.gov/Archives/edgar/data/1090727/000109072718000039/,연간 4791000000 − 9개월누적 4338000000 (NetIncomeLoss),7
United Parcel Service,UPS,2018Q4,2018-12-31,분기별 영업활동현금흐름,3289000000,USD,계산(누적차감),https://www.sec.gov/Archives/edgar/data/1090727/000109072719000006/ ; https://www.sec.gov/Archives/edgar/data/1090727/000109072718000039/,누적 12711000000 − 직전누적 9422000000 (시작 2018-01-01),7
United Parcel Service,UPS,2018Q4,2018-12-31,분기말 자산총계,50016000000,USD,공시,https://www.sec.gov/Archives/edgar/data/1090727/000109072719000006/,,7
United Parcel Service,UPS,2018Q4,2018-12-31,분기말 부채총계,46979000000,USD,계산(부채및자본-총자본),https://www.sec.gov/Archives/edgar/data/1090727/000109072719000006/,부채및자본 50016000000 − 총자본 3037000000,7
United Parcel Service,UPS,2018Q4,2018-12-31,분기말 총자본(자기자본),3037000000,USD,공시,https://www.sec.gov/Archives/edgar/data/1090727/000109072719000006/,,7
United Parcel Service,UPS,2018Q4,2018-12-31,분기말 지배지분 자본,3021000000,USD,공시,https://www.sec.gov/Archives/edgar/data/1090727/000109072719000006/,,7
United Parcel Service,UPS,2018Q4,2018-12-31,분기말 종가,97.53,USD,API,https://query1.finance.yahoo.com/v8/finance/chart/UPS?interval=1d&events=splits (2018-12-31),,7
United Parcel Service,UPS,2018Q4,2019-02-06,분기말 상장주식수,860228976,주,공시(표지 기준일),https://www.sec.gov/Archives/edgar/data/1090727/000109072719000006/,"XBRL 원문 dei:EntityCommonStockSharesOutstanding 2개 클래스 합 ; 클래스별(2019-02-06): CommonClassAMember 164239863, CommonClassBMember 695989113",7
United Parcel Service,UPS,2018Q4,2018-12-31,분기말 시가총액,83898132029,USD,계산(종가×주식수),https://query1.finance.yahoo.com/v8/finance/chart/UPS?interval=1d&events=splits (2018-12-31) ; https://www.sec.gov/Archives/edgar/data/1090727/000109072719000006/,종가 97.53 × 주식수 860228976,7
United Parcel Service,UPS,2019Q1,2019-03-31,분기별 매출액,17160000000,USD,공시,https://www.sec.gov/Archives/edgar/data/1090727/000109072719000011/,,7
United Parcel Service,UPS,2019Q1,2019-03-31,분기별 영업이익,1394000000,USD,공시,https://www.sec.gov/Archives/edgar/data/1090727/000109072719000011/,,7
United Parcel Service,UPS,2019Q1,2019-03-31,분기별 당기순이익(지배),1111000000,USD,공시,https://www.sec.gov/Archives/edgar/data/1090727/000109072719000011/,,7
United Parcel Service,UPS,2019Q1,2019-03-31,분기별 영업활동현금흐름,2277000000,USD,공시,https://www.sec.gov/Archives/edgar/data/1090727/000109072719000011/,,7
United Parcel Service,UPS,2019Q1,2019-03-31,분기말 자산총계,52061000000,USD,공시,https://www.sec.gov/Archives/edgar/data/1090727/000109072719000011/,,7
United Parcel Service,UPS,2019Q1,2019-03-31,분기말 부채총계,48576000000,USD,계산(부채및자본-총자본),https://www.sec.gov/Archives/edgar/data/1090727/000109072719000011/,부채및자본 52061000000 − 총자본 3485000000,7
United Parcel Service,UPS,2019Q1,2019-03-31,분기말 총자본(자기자본),3485000000,USD,공시,https://www.sec.gov/Archives/edgar/data/1090727/000109072719000011/,,7
United Parcel Service,UPS,2019Q1,2019-03-31,분기말 지배지분 자본,3467000000,USD,공시,https://www.sec.gov/Archives/edgar/data/1090727/000109072719000011/,,7
United Parcel Service,UPS,2019Q1,2019-03-29,분기말 종가,111.74,USD,API,https://query1.finance.yahoo.com/v8/finance/chart/UPS?interval=1d&events=splits (2019-03-29),,7
United Parcel Service,UPS,2019Q1,2019-04-17,분기말 상장주식수,860755624,주,공시(표지 기준일),https://www.sec.gov/Archives/edgar/data/1090727/000109072719000011/,"XBRL 원문 dei:EntityCommonStockSharesOutstanding 2개 클래스 합 ; 클래스별(2019-04-17): CommonClassAMember 163228691, CommonClassBMember 697526933",7
United Parcel Service,UPS,2019Q1,2019-03-29,분기말 시가총액,96180833426,USD,계산(종가×주식수),https://query1.finance.yahoo.com/v8/finance/chart/UPS?interval=1d&events=splits (2019-03-29) ; https://www.sec.gov/Archives/edgar/data/1090727/000109072719000011/,종가 111.74 × 주식수 860755624,7
United Parcel Service,UPS,2019Q2,2019-06-30,분기별 매출액,18048000000,USD,공시,https://www.sec.gov/Archives/edgar/data/1090727/000109072719000045/,,7
United Parcel Service,UPS,2019Q2,2019-06-30,분기별 영업이익,2143000000,USD,공시,https://www.sec.gov/Archives/edgar/data/1090727/000109072719000045/,,7
United Parcel Service,UPS,2019Q2,2019-06-30,분기별 당기순이익(지배),1685000000,USD,공시,https://www.sec.gov/Archives/edgar/data/1090727/000109072719000045/,,7
United Parcel Service,UPS,2019Q2,2019-06-30,분기별 영업활동현금흐름,1930000000,USD,계산(누적차감),https://www.sec.gov/Archives/edgar/data/1090727/000109072719000045/ ; https://www.sec.gov/Archives/edgar/data/1090727/000109072719000011/,누적 4207000000 − 직전누적 2277000000 (시작 2019-01-01),7
United Parcel Service,UPS,2019Q2,2019-06-30,분기말 자산총계,52787000000,USD,공시,https://www.sec.gov/Archives/edgar/data/1090727/000109072719000045/,,7
United Parcel Service,UPS,2019Q2,2019-06-30,분기말 부채총계,48364000000,USD,계산(부채및자본-총자본),https://www.sec.gov/Archives/edgar/data/1090727/000109072719000045/,부채및자본 52787000000 − 총자본 4423000000,7
United Parcel Service,UPS,2019Q2,2019-06-30,분기말 총자본(자기자본),4423000000,USD,공시,https://www.sec.gov/Archives/edgar/data/1090727/000109072719000045/,,7
United Parcel Service,UPS,2019Q2,2019-06-30,분기말 지배지분 자본,4405000000,USD,공시,https://www.sec.gov/Archives/edgar/data/1090727/000109072719000045/,,7
United Parcel Service,UPS,2019Q2,2019-06-28,분기말 종가,103.27,USD,API,https://query1.finance.yahoo.com/v8/finance/chart/UPS?interval=1d&events=splits (2019-06-28),,7
United Parcel Service,UPS,2019Q2,2019-07-16,분기말 상장주식수,858704977,주,공시(표지 기준일),https://www.sec.gov/Archives/edgar/data/1090727/000109072719000045/,"XBRL 원문 dei:EntityCommonStockSharesOutstanding 2개 클래스 합 ; 클래스별(2019-07-16): CommonClassAMember 160370017, CommonClassBMember 698334960",7
United Parcel Service,UPS,2019Q2,2019-06-28,분기말 시가총액,88678462975,USD,계산(종가×주식수),https://query1.finance.yahoo.com/v8/finance/chart/UPS?interval=1d&events=splits (2019-06-28) ; https://www.sec.gov/Archives/edgar/data/1090727/000109072719000045/,종가 103.27 × 주식수 858704977,7
United Parcel Service,UPS,2019Q3,2019-09-30,분기별 매출액,18318000000,USD,공시,https://www.sec.gov/Archives/edgar/data/1090727/000109072719000060/,,7
United Parcel Service,UPS,2019Q3,2019-09-30,분기별 영업이익,2128000000,USD,공시,https://www.sec.gov/Archives/edgar/data/1090727/000109072719000060/,,7
United Parcel Service,UPS,2019Q3,2019-09-30,분기별 당기순이익(지배),1750000000,USD,공시,https://www.sec.gov/Archives/edgar/data/1090727/000109072719000060/,,7
United Parcel Service,UPS,2019Q3,2019-09-30,분기별 영업활동현금흐름,1486000000,USD,계산(누적차감),https://www.sec.gov/Archives/edgar/data/1090727/000109072719000060/ ; https://www.sec.gov/Archives/edgar/data/1090727/000109072719000045/,누적 5693000000 − 직전누적 4207000000 (시작 2019-01-01),7
United Parcel Service,UPS,2019Q3,2019-09-30,분기말 자산총계,53282000000,USD,공시,https://www.sec.gov/Archives/edgar/data/1090727/000109072719000060/,,7
United Parcel Service,UPS,2019Q3,2019-09-30,분기말 부채총계,47708000000,USD,계산(부채및자본-총자본),https://www.sec.gov/Archives/edgar/data/1090727/000109072719000060/,부채및자본 53282000000 − 총자본 5574000000,7
United Parcel Service,UPS,2019Q3,2019-09-30,분기말 총자본(자기자본),5574000000,USD,공시,https://www.sec.gov/Archives/edgar/data/1090727/000109072719000060/,,7
United Parcel Service,UPS,2019Q3,2019-09-30,분기말 지배지분 자본,5558000000,USD,공시,https://www.sec.gov/Archives/edgar/data/1090727/000109072719000060/,,7
United Parcel Service,UPS,2019Q3,2019-09-30,분기말 종가,119.82,USD,API,https://query1.finance.yahoo.com/v8/finance/chart/UPS?interval=1d&events=splits (2019-09-30),,7
United Parcel Service,UPS,2019Q3,2019-10-16,분기말 상장주식수,857822686,주,공시(표지 기준일),https://www.sec.gov/Archives/edgar/data/1090727/000109072719000060/,"XBRL 원문 dei:EntityCommonStockSharesOutstanding 2개 클래스 합 ; 클래스별(2019-10-16): CommonClassAMember 157067643, CommonClassBMember 700755043",7
United Parcel Service,UPS,2019Q3,2019-09-30,분기말 시가총액,102784314237,USD,계산(종가×주식수),https://query1.finance.yahoo.com/v8/finance/chart/UPS?interval=1d&events=splits (2019-09-30) ; https://www.sec.gov/Archives/edgar/data/1090727/000109072719000060/,종가 119.82 × 주식수 857822686,7
United Parcel Service,UPS,2019Q4,2019-12-31,분기별 매출액,20568000000,USD,계산(연간-3분기누적),https://www.sec.gov/Archives/edgar/data/1090727/000109072720000005/ ; https://www.sec.gov/Archives/edgar/data/1090727/000109072719000060/,연간 74094000000 − 9개월누적 53526000000 (RevenueFromContractWithCustomerExcludingAssessedTax / 9개월 Revenues),7
United Parcel Service,UPS,2019Q4,2019-12-31,분기별 영업이익,2133000000,USD,계산(연간-3분기누적),https://www.sec.gov/Archives/edgar/data/1090727/000109072720000005/ ; https://www.sec.gov/Archives/edgar/data/1090727/000109072719000060/,연간 7798000000 − 9개월누적 5665000000 (OperatingIncomeLoss),7
United Parcel Service,UPS,2019Q4,2019-12-31,분기별 당기순이익(지배),-106000000,USD,계산(연간-3분기누적),https://www.sec.gov/Archives/edgar/data/1090727/000109072720000005/ ; https://www.sec.gov/Archives/edgar/data/1090727/000109072719000060/,연간 4440000000 − 9개월누적 4546000000 (NetIncomeLoss),7
United Parcel Service,UPS,2019Q4,2019-12-31,분기별 영업활동현금흐름,2946000000,USD,계산(누적차감),https://www.sec.gov/Archives/edgar/data/1090727/000109072720000005/ ; https://www.sec.gov/Archives/edgar/data/1090727/000109072719000060/,누적 8639000000 − 직전누적 5693000000 (시작 2019-01-01),7
United Parcel Service,UPS,2019Q4,2019-12-31,분기말 자산총계,57857000000,USD,공시,https://www.sec.gov/Archives/edgar/data/1090727/000109072720000005/,,7
United Parcel Service,UPS,2019Q4,2019-12-31,분기말 부채총계,54574000000,USD,계산(부채및자본-총자본),https://www.sec.gov/Archives/edgar/data/1090727/000109072720000005/,부채및자본 57857000000 − 총자본 3283000000,7
United Parcel Service,UPS,2019Q4,2019-12-31,분기말 총자본(자기자본),3283000000,USD,공시,https://www.sec.gov/Archives/edgar/data/1090727/000109072720000005/,,7
United Parcel Service,UPS,2019Q4,2019-12-31,분기말 지배지분 자본,3267000000,USD,공시,https://www.sec.gov/Archives/edgar/data/1090727/000109072720000005/,,7
United Parcel Service,UPS,2019Q4,2019-12-31,분기말 종가,117.06,USD,API,https://query1.finance.yahoo.com/v8/finance/chart/UPS?interval=1d&events=splits (2019-12-31),,7
United Parcel Service,UPS,2019Q4,2020-02-06,분기말 상장주식수,858487676,주,공시(표지 기준일),https://www.sec.gov/Archives/edgar/data/1090727/000109072720000005/,"XBRL 원문 dei:EntityCommonStockSharesOutstanding 2개 클래스 합 ; 클래스별(2020-02-06): CommonClassAMember 156399660, CommonClassBMember 702088016",7
United Parcel Service,UPS,2019Q4,2019-12-31,분기말 시가총액,100494567353,USD,계산(종가×주식수),https://query1.finance.yahoo.com/v8/finance/chart/UPS?interval=1d&events=splits (2019-12-31) ; https://www.sec.gov/Archives/edgar/data/1090727/000109072720000005/,종가 117.06 × 주식수 858487676,7
United Parcel Service,UPS,2020Q1,2020-03-31,분기별 매출액,18035000000,USD,공시,https://www.sec.gov/Archives/edgar/data/1090727/000109072720000023/,,7
United Parcel Service,UPS,2020Q1,2020-03-31,분기별 영업이익,1072000000,USD,공시,https://www.sec.gov/Archives/edgar/data/1090727/000109072720000023/,,7
United Parcel Service,UPS,2020Q1,2020-03-31,분기별 당기순이익(지배),965000000,USD,공시,https://www.sec.gov/Archives/edgar/data/1090727/000109072720000023/,,7
United Parcel Service,UPS,2020Q1,2020-03-31,분기별 영업활동현금흐름,2550000000,USD,공시,https://www.sec.gov/Archives/edgar/data/1090727/000109072720000023/,,7
United Parcel Service,UPS,2020Q1,2020-03-31,분기말 자산총계,60895000000,USD,공시,https://www.sec.gov/Archives/edgar/data/1090727/000109072720000023/,,7
United Parcel Service,UPS,2020Q1,2020-03-31,분기말 부채총계,57582000000,USD,계산(부채및자본-총자본),https://www.sec.gov/Archives/edgar/data/1090727/000109072720000023/,부채및자본 60895000000 − 총자본 3313000000,7
United Parcel Service,UPS,2020Q1,2020-03-31,분기말 총자본(자기자본),3313000000,USD,공시,https://www.sec.gov/Archives/edgar/data/1090727/000109072720000023/,,7
United Parcel Service,UPS,2020Q1,2020-03-31,분기말 지배지분 자본,3299000000,USD,공시,https://www.sec.gov/Archives/edgar/data/1090727/000109072720000023/,,7
United Parcel Service,UPS,2020Q1,2020-03-31,분기말 종가,93.42,USD,API,https://query1.finance.yahoo.com/v8/finance/chart/UPS?interval=1d&events=splits (2020-03-31),,7
United Parcel Service,UPS,2020Q1,2020-04-23,분기말 상장주식수,862176537,주,공시(표지 기준일),https://www.sec.gov/Archives/edgar/data/1090727/000109072720000023/,"XBRL 원문 dei:EntityCommonStockSharesOutstanding 2개 클래스 합 ; 클래스별(2020-04-23): CommonClassAMember 158059668, CommonClassBMember 704116869",7
United Parcel Service,UPS,2020Q1,2020-03-31,분기말 시가총액,80544532087,USD,계산(종가×주식수),https://query1.finance.yahoo.com/v8/finance/chart/UPS?interval=1d&events=splits (2020-03-31) ; https://www.sec.gov/Archives/edgar/data/1090727/000109072720000023/,종가 93.42 × 주식수 862176537,7
United Parcel Service,UPS,2020Q2,2020-06-30,분기별 매출액,20459000000,USD,공시,https://www.sec.gov/Archives/edgar/data/1090727/000109072720000037/,,7
United Parcel Service,UPS,2020Q2,2020-06-30,분기별 영업이익,2212000000,USD,공시,https://www.sec.gov/Archives/edgar/data/1090727/000109072720000037/,,7
United Parcel Service,UPS,2020Q2,2020-06-30,분기별 당기순이익(지배),1768000000,USD,공시,https://www.sec.gov/Archives/edgar/data/1090727/000109072720000037/,,7
United Parcel Service,UPS,2020Q2,2020-06-30,분기별 영업활동현금흐름,3397000000,USD,계산(누적차감),https://www.sec.gov/Archives/edgar/data/1090727/000109072720000037/ ; https://www.sec.gov/Archives/edgar/data/1090727/000109072720000023/,누적 5947000000 − 직전누적 2550000000 (시작 2020-01-01),7
United Parcel Service,UPS,2020Q2,2020-06-30,분기말 자산총계,62057000000,USD,공시,https://www.sec.gov/Archives/edgar/data/1090727/000109072720000037/,,7
United Parcel Service,UPS,2020Q2,2020-06-30,분기말 부채총계,57681000000,USD,계산(부채및자본-총자본),https://www.sec.gov/Archives/edgar/data/1090727/000109072720000037/,부채및자본 62057000000 − 총자본 4376000000,7
United Parcel Service,UPS,2020Q2,2020-06-30,분기말 총자본(자기자본),4376000000,USD,공시,https://www.sec.gov/Archives/edgar/data/1090727/000109072720000037/,,7
United Parcel Service,UPS,2020Q2,2020-06-30,분기말 지배지분 자본,4363000000,USD,공시,https://www.sec.gov/Archives/edgar/data/1090727/000109072720000037/,,7
United Parcel Service,UPS,2020Q2,2020-06-30,분기말 종가,111.18,USD,API,https://query1.finance.yahoo.com/v8/finance/chart/UPS?interval=1d&events=splits (2020-06-30),,7
United Parcel Service,UPS,2020Q2,2020-07-20,분기말 상장주식수,863375484,주,공시(표지 기준일),https://www.sec.gov/Archives/edgar/data/1090727/000109072720000037/,"XBRL 원문 dei:EntityCommonStockSharesOutstanding 2개 클래스 합 ; 클래스별(2020-07-20): CommonClassAMember 156294266, CommonClassBMember 707081218",7
United Parcel Service,UPS,2020Q2,2020-06-30,분기말 시가총액,95990086311,USD,계산(종가×주식수),https://query1.finance.yahoo.com/v8/finance/chart/UPS?interval=1d&events=splits (2020-06-30) ; https://www.sec.gov/Archives/edgar/data/1090727/000109072720000037/,종가 111.18 × 주식수 863375484,7
United Parcel Service,UPS,2020Q3,2020-09-30,분기별 매출액,21238000000,USD,공시,https://www.sec.gov/Archives/edgar/data/1090727/000109072720000047/,,7
United Parcel Service,UPS,2020Q3,2020-09-30,분기별 영업이익,2363000000,USD,공시,https://www.sec.gov/Archives/edgar/data/1090727/000109072720000047/,,7
United Parcel Service,UPS,2020Q3,2020-09-30,분기별 당기순이익(지배),1957000000,USD,공시,https://www.sec.gov/Archives/edgar/data/1090727/000109072720000047/,,7
United Parcel Service,UPS,2020Q3,2020-09-30,분기별 영업활동현금흐름,3336000000,USD,계산(누적차감),https://www.sec.gov/Archives/edgar/data/1090727/000109072720000047/ ; https://www.sec.gov/Archives/edgar/data/1090727/000109072720000037/,누적 9283000000 − 직전누적 5947000000 (시작 2020-01-01),7
United Parcel Service,UPS,2020Q3,2020-09-30,분기말 자산총계,62406000000,USD,공시,https://www.sec.gov/Archives/edgar/data/1090727/000109072720000047/,,7
United Parcel Service,UPS,2020Q3,2020-09-30,분기말 부채총계,56800000000,USD,계산(부채및자본-총자본),https://www.sec.gov/Archives/edgar/data/1090727/000109072720000047/,부채및자본 62406000000 − 총자본 5606000000,7
United Parcel Service,UPS,2020Q3,2020-09-30,분기말 총자본(자기자본),5606000000,USD,공시,https://www.sec.gov/Archives/edgar/data/1090727/000109072720000047/,,7
United Parcel Service,UPS,2020Q3,2020-09-30,분기말 지배지분 자본,5592000000,USD,공시,https://www.sec.gov/Archives/edgar/data/1090727/000109072720000047/,,7
United Parcel Service,UPS,2020Q3,2020-09-30,분기말 종가,166.63,USD,API,https://query1.finance.yahoo.com/v8/finance/chart/UPS?interval=1d&events=splits (2020-09-30),,7
United Parcel Service,UPS,2020Q3,2020-10-20,분기말 상장주식수,864397983,주,공시(표지 기준일),https://www.sec.gov/Archives/edgar/data/1090727/000109072720000047/,"XBRL 원문 dei:EntityCommonStockSharesOutstanding 2개 클래스 합 ; 클래스별(2020-10-20): CommonClassAMember 149181469, CommonClassBMember 715216514",7
United Parcel Service,UPS,2020Q3,2020-09-30,분기말 시가총액,144034635907,USD,계산(종가×주식수),https://query1.finance.yahoo.com/v8/finance/chart/UPS?interval=1d&events=splits (2020-09-30) ; https://www.sec.gov/Archives/edgar/data/1090727/000109072720000047/,종가 166.63 × 주식수 864397983,7
United Parcel Service,UPS,2020Q4,2020-12-31,분기별 매출액,24896000000,USD,계산(연간-3분기누적),https://www.sec.gov/Archives/edgar/data/1090727/000109072721000013/ ; https://www.sec.gov/Archives/edgar/data/1090727/000109072720000047/,연간 84628000000 − 9개월누적 59732000000 (RevenueFromContractWithCustomerExcludingAssessedTax / 9개월 Revenues),7
United Parcel Service,UPS,2020Q4,2020-12-31,분기별 영업이익,2037000000,USD,계산(연간-3분기누적),https://www.sec.gov/Archives/edgar/data/1090727/000109072721000013/ ; https://www.sec.gov/Archives/edgar/data/1090727/000109072720000047/,연간 7684000000 − 9개월누적 5647000000 (OperatingIncomeLoss),7
United Parcel Service,UPS,2020Q4,2020-12-31,분기별 당기순이익(지배),-3347000000,USD,계산(연간-3분기누적),https://www.sec.gov/Archives/edgar/data/1090727/000109072721000013/ ; https://www.sec.gov/Archives/edgar/data/1090727/000109072720000047/,연간 1343000000 − 9개월누적 4690000000 (NetIncomeLoss),7
United Parcel Service,UPS,2020Q4,2020-12-31,분기별 영업활동현금흐름,1176000000,USD,계산(누적차감),https://www.sec.gov/Archives/edgar/data/1090727/000109072721000013/ ; https://www.sec.gov/Archives/edgar/data/1090727/000109072720000047/,누적 10459000000 − 직전누적 9283000000 (시작 2020-01-01),7
United Parcel Service,UPS,2020Q4,2020-12-31,분기말 자산총계,62408000000,USD,공시,https://www.sec.gov/Archives/edgar/data/1090727/000109072721000013/,,7
United Parcel Service,UPS,2020Q4,2020-12-31,분기말 부채총계,61739000000,USD,계산(부채및자본-총자본),https://www.sec.gov/Archives/edgar/data/1090727/000109072721000013/,부채및자본 62408000000 − 총자본 669000000,7
United Parcel Service,UPS,2020Q4,2020-12-31,분기말 총자본(자기자본),669000000,USD,공시,https://www.sec.gov/Archives/edgar/data/1090727/000109072721000013/,,7
United Parcel Service,UPS,2020Q4,2020-12-31,분기말 지배지분 자본,657000000,USD,공시,https://www.sec.gov/Archives/edgar/data/1090727/000109072721000013/,,7
United Parcel Service,UPS,2020Q4,2020-12-31,분기말 종가,168.4,USD,API,https://query1.finance.yahoo.com/v8/finance/chart/UPS?interval=1d&events=splits (2020-12-31),,7
United Parcel Service,UPS,2020Q4,2021-02-05,분기말 상장주식수,867038529,주,공시(표지 기준일),https://www.sec.gov/Archives/edgar/data/1090727/000109072721000013/,"XBRL 원문 dei:EntityCommonStockSharesOutstanding 2개 클래스 합 ; 클래스별(2021-02-05): CommonClassAMember 147531933, CommonClassBMember 719506596",7
United Parcel Service,UPS,2020Q4,2020-12-31,분기말 시가총액,146009288284,USD,계산(종가×주식수),https://query1.finance.yahoo.com/v8/finance/chart/UPS?interval=1d&events=splits (2020-12-31) ; https://www.sec.gov/Archives/edgar/data/1090727/000109072721000013/,종가 168.4 × 주식수 867038529,7
United Parcel Service,UPS,2021Q1,2021-03-31,분기별 매출액,22908000000,USD,공시,https://www.sec.gov/Archives/edgar/data/1090727/000109072721000019/,,7
United Parcel Service,UPS,2021Q1,2021-03-31,분기별 영업이익,2765000000,USD,공시,https://www.sec.gov/Archives/edgar/data/1090727/000109072721000019/,,7
United Parcel Service,UPS,2021Q1,2021-03-31,분기별 당기순이익(지배),4792000000,USD,공시,https://www.sec.gov/Archives/edgar/data/1090727/000109072721000019/,,7
United Parcel Service,UPS,2021Q1,2021-03-31,분기별 영업활동현금흐름,4531000000,USD,공시,https://www.sec.gov/Archives/edgar/data/1090727/000109072721000019/,,7
United Parcel Service,UPS,2021Q1,2021-03-31,분기말 자산총계,63312000000,USD,공시,https://www.sec.gov/Archives/edgar/data/1090727/000109072721000019/,,7
United Parcel Service,UPS,2021Q1,2021-03-31,분기말 부채총계,56153000000,USD,계산(부채및자본-총자본),https://www.sec.gov/Archives/edgar/data/1090727/000109072721000019/,부채및자본 63312000000 − 총자본 7159000000,7
United Parcel Service,UPS,2021Q1,2021-03-31,분기말 총자본(자기자본),7159000000,USD,공시,https://www.sec.gov/Archives/edgar/data/1090727/000109072721000019/,,7
United Parcel Service,UPS,2021Q1,2021-03-31,분기말 지배지분 자본,7147000000,USD,공시,https://www.sec.gov/Archives/edgar/data/1090727/000109072721000019/,,7
United Parcel Service,UPS,2021Q1,2021-03-31,분기말 종가,169.99,USD,API,https://query1.finance.yahoo.com/v8/finance/chart/UPS?interval=1d&events=splits (2021-03-31),,7
United Parcel Service,UPS,2021Q1,2021-04-22,분기말 상장주식수,870532608,주,공시(표지 기준일),https://www.sec.gov/Archives/edgar/data/1090727/000109072721000019/,"XBRL 원문 dei:EntityCommonStockSharesOutstanding 2개 클래스 합 ; 클래스별(2021-04-22): CommonClassAMember 147215404, CommonClassBMember 723317204",7
United Parcel Service,UPS,2021Q1,2021-03-31,분기말 시가총액,147981838034,USD,계산(종가×주식수),https://query1.finance.yahoo.com/v8/finance/chart/UPS?interval=1d&events=splits (2021-03-31) ; https://www.sec.gov/Archives/edgar/data/1090727/000109072721000019/,종가 169.99 × 주식수 870532608,7
United Parcel Service,UPS,2021Q2,2021-06-30,분기별 매출액,23424000000,USD,공시,https://www.sec.gov/Archives/edgar/data/1090727/000109072721000036/,,7
United Parcel Service,UPS,2021Q2,2021-06-30,분기별 영업이익,3258000000,USD,공시,https://www.sec.gov/Archives/edgar/data/1090727/000109072721000036/,,7
United Parcel Service,UPS,2021Q2,2021-06-30,분기별 당기순이익(지배),2676000000,USD,공시,https://www.sec.gov/Archives/edgar/data/1090727/000109072721000036/,,7
United Parcel Service,UPS,2021Q2,2021-06-30,분기별 영업활동현금흐름,3923000000,USD,계산(누적차감),https://www.sec.gov/Archives/edgar/data/1090727/000109072721000036/ ; https://www.sec.gov/Archives/edgar/data/1090727/000109072721000019/,누적 8454000000 − 직전누적 4531000000 (시작 2021-01-01),7
United Parcel Service,UPS,2021Q2,2021-06-30,분기말 자산총계,64869000000,USD,공시,https://www.sec.gov/Archives/edgar/data/1090727/000109072721000036/,,7
United Parcel Service,UPS,2021Q2,2021-06-30,분기말 부채총계,54047000000,USD,계산(부채및자본-총자본),https://www.sec.gov/Archives/edgar/data/1090727/000109072721000036/,부채및자본 64869000000 − 총자본 10822000000,7
United Parcel Service,UPS,2021Q2,2021-06-30,분기말 총자본(자기자본),10822000000,USD,공시,https://www.sec.gov/Archives/edgar/data/1090727/000109072721000036/,,7
United Parcel Service,UPS,2021Q2,2021-06-30,분기말 지배지분 자본,10805000000,USD,공시,https://www.sec.gov/Archives/edgar/data/1090727/000109072721000036/,,7
United Parcel Service,UPS,2021Q2,2021-06-30,분기말 종가,207.97,USD,API,https://query1.finance.yahoo.com/v8/finance/chart/UPS?interval=1d&events=splits (2021-06-30),,7
United Parcel Service,UPS,2021Q2,2021-07-22,분기말 상장주식수,871042255,주,공시(표지 기준일),https://www.sec.gov/Archives/edgar/data/1090727/000109072721000036/,"XBRL 원문 dei:EntityCommonStockSharesOutstanding 2개 클래스 합 ; 클래스별(2021-07-22): CommonClassAMember 142752653, CommonClassBMember 728289602",7
United Parcel Service,UPS,2021Q2,2021-06-30,분기말 시가총액,181150657772,USD,계산(종가×주식수),https://query1.finance.yahoo.com/v8/finance/chart/UPS?interval=1d&events=splits (2021-06-30) ; https://www.sec.gov/Archives/edgar/data/1090727/000109072721000036/,종가 207.97 × 주식수 871042255,7
United Parcel Service,UPS,2021Q3,2021-09-30,분기별 매출액,23184000000,USD,공시,https://www.sec.gov/Archives/edgar/data/1090727/000109072721000042/,,7
United Parcel Service,UPS,2021Q3,2021-09-30,분기별 영업이익,2896000000,USD,공시,https://www.sec.gov/Archives/edgar/data/1090727/000109072721000042/,,7
United Parcel Service,UPS,2021Q3,2021-09-30,분기별 당기순이익(지배),2329000000,USD,공시,https://www.sec.gov/Archives/edgar/data/1090727/000109072721000042/,,7
United Parcel Service,UPS,2021Q3,2021-09-30,분기별 영업활동현금흐름,3307000000,USD,계산(누적차감),https://www.sec.gov/Archives/edgar/data/1090727/000109072721000042/ ; https://www.sec.gov/Archives/edgar/data/1090727/000109072721000036/,누적 11761000000 − 직전누적 8454000000 (시작 2021-01-01),7
United Parcel Service,UPS,2021Q3,2021-09-30,분기말 자산총계,65739000000,USD,공시,https://www.sec.gov/Archives/edgar/data/1090727/000109072721000042/,,7
United Parcel Service,UPS,2021Q3,2021-09-30,분기말 부채총계,53682000000,USD,계산(부채및자본-총자본),https://www.sec.gov/Archives/edgar/data/1090727/000109072721000042/,부채및자본 65739000000 − 총자본 12057000000,7
United Parcel Service,UPS,2021Q3,2021-09-30,분기말 총자본(자기자본),12057000000,USD,공시,https://www.sec.gov/Archives/edgar/data/1090727/000109072721000042/,,7
United Parcel Service,UPS,2021Q3,2021-09-30,분기말 지배지분 자본,12041000000,USD,공시,https://www.sec.gov/Archives/edgar/data/1090727/000109072721000042/,,7
United Parcel Service,UPS,2021Q3,2021-09-30,분기말 종가,182.1,USD,API,https://query1.finance.yahoo.com/v8/finance/chart/UPS?interval=1d&events=splits (2021-09-30),,7
United Parcel Service,UPS,2021Q3,2021-10-24,분기말 상장주식수,869142150,주,공시(표지 기준일),https://www.sec.gov/Archives/edgar/data/1090727/000109072721000042/,"XBRL 원문 dei:EntityCommonStockSharesOutstanding 2개 클래스 합 ; 클래스별(2021-10-24): CommonClassAMember 139983977, CommonClassBMember 729158173",7
United Parcel Service,UPS,2021Q3,2021-09-30,분기말 시가총액,158270785515,USD,계산(종가×주식수),https://query1.finance.yahoo.com/v8/finance/chart/UPS?interval=1d&events=splits (2021-09-30) ; https://www.sec.gov/Archives/edgar/data/1090727/000109072721000042/,종가 182.1 × 주식수 869142150,7
United Parcel Service,UPS,2021Q4,2021-12-31,분기별 매출액,27771000000,USD,계산(연간-3분기누적),https://www.sec.gov/Archives/edgar/data/1090727/000109072722000007/ ; https://www.sec.gov/Archives/edgar/data/1090727/000109072721000042/,연간 97287000000 − 9개월누적 69516000000 (RevenueFromContractWithCustomerExcludingAssessedTax),7
United Parcel Service,UPS,2021Q4,2021-12-31,분기별 영업이익,3891000000,USD,계산(연간-3분기누적),https://www.sec.gov/Archives/edgar/data/1090727/000109072722000007/ ; https://www.sec.gov/Archives/edgar/data/1090727/000109072721000042/,연간 12810000000 − 9개월누적 8919000000 (OperatingIncomeLoss),7
United Parcel Service,UPS,2021Q4,2021-12-31,분기별 당기순이익(지배),3093000000,USD,계산(연간-3분기누적),https://www.sec.gov/Archives/edgar/data/1090727/000109072722000007/ ; https://www.sec.gov/Archives/edgar/data/1090727/000109072721000042/,연간 12890000000 − 9개월누적 9797000000 (NetIncomeLoss),7
United Parcel Service,UPS,2021Q4,2021-12-31,분기별 영업활동현금흐름,3246000000,USD,계산(누적차감),https://www.sec.gov/Archives/edgar/data/1090727/000109072722000007/ ; https://www.sec.gov/Archives/edgar/data/1090727/000109072721000042/,누적 15007000000 − 직전누적 11761000000 (시작 2021-01-01),7
United Parcel Service,UPS,2021Q4,2021-12-31,분기말 자산총계,69405000000,USD,공시,https://www.sec.gov/Archives/edgar/data/1090727/000109072722000007/,,7
United Parcel Service,UPS,2021Q4,2021-12-31,분기말 부채총계,55136000000,USD,계산(부채및자본-총자본),https://www.sec.gov/Archives/edgar/data/1090727/000109072722000007/,부채및자본 69405000000 − 총자본 14269000000,7
United Parcel Service,UPS,2021Q4,2021-12-31,분기말 총자본(자기자본),14269000000,USD,공시,https://www.sec.gov/Archives/edgar/data/1090727/000109072722000007/,,7
United Parcel Service,UPS,2021Q4,2021-12-31,분기말 지배지분 자본,14253000000,USD,공시,https://www.sec.gov/Archives/edgar/data/1090727/000109072722000007/,,7
United Parcel Service,UPS,2021Q4,2021-12-31,분기말 종가,214.34,USD,API,https://query1.finance.yahoo.com/v8/finance/chart/UPS?interval=1d&events=splits (2021-12-31),,7
United Parcel Service,UPS,2021Q4,2022-02-06,분기말 상장주식수,870391403,주,공시(표지 기준일),https://www.sec.gov/Archives/edgar/data/1090727/000109072722000007/,"XBRL 원문 dei:EntityCommonStockSharesOutstanding 2개 클래스 합 ; 클래스별(2022-02-06): CommonClassAMember 137837443, CommonClassBMember 732553960",7
United Parcel Service,UPS,2021Q4,2021-12-31,분기말 시가총액,186559693319,USD,계산(종가×주식수),https://query1.finance.yahoo.com/v8/finance/chart/UPS?interval=1d&events=splits (2021-12-31) ; https://www.sec.gov/Archives/edgar/data/1090727/000109072722000007/,종가 214.34 × 주식수 870391403,7
United Parcel Service,UPS,2022Q1,2022-03-31,분기별 매출액,24378000000,USD,공시,https://www.sec.gov/Archives/edgar/data/1090727/000109072722000022/,,7
United Parcel Service,UPS,2022Q1,2022-03-31,분기별 영업이익,3251000000,USD,공시,https://www.sec.gov/Archives/edgar/data/1090727/000109072722000022/,,7
United Parcel Service,UPS,2022Q1,2022-03-31,분기별 당기순이익(지배),2662000000,USD,공시,https://www.sec.gov/Archives/edgar/data/1090727/000109072722000022/,,7
United Parcel Service,UPS,2022Q1,2022-03-31,분기별 영업활동현금흐름,4480000000,USD,공시,https://www.sec.gov/Archives/edgar/data/1090727/000109072722000022/,,7
United Parcel Service,UPS,2022Q1,2022-03-31,분기말 자산총계,70113000000,USD,공시,https://www.sec.gov/Archives/edgar/data/1090727/000109072722000022/,,7
United Parcel Service,UPS,2022Q1,2022-03-31,분기말 부채총계,54679000000,USD,계산(부채및자본-총자본),https://www.sec.gov/Archives/edgar/data/1090727/000109072722000022/,부채및자본 70113000000 − 총자본 15434000000,7
United Parcel Service,UPS,2022Q1,2022-03-31,분기말 총자본(자기자본),15434000000,USD,공시,https://www.sec.gov/Archives/edgar/data/1090727/000109072722000022/,,7
United Parcel Service,UPS,2022Q1,2022-03-31,분기말 지배지분 자본,15416000000,USD,공시,https://www.sec.gov/Archives/edgar/data/1090727/000109072722000022/,,7
United Parcel Service,UPS,2022Q1,2022-03-31,분기말 종가,214.46,USD,API,https://query1.finance.yahoo.com/v8/finance/chart/UPS?interval=1d&events=splits (2022-03-31),,7
United Parcel Service,UPS,2022Q1,2022-04-22,분기말 상장주식수,873766348,주,공시(표지 기준일),https://www.sec.gov/Archives/edgar/data/1090727/000109072722000022/,"XBRL 원문 dei:EntityCommonStockSharesOutstanding 2개 클래스 합 ; 클래스별(2022-04-22): CommonClassAMember 139328843, CommonClassBMember 734437505",7
United Parcel Service,UPS,2022Q1,2022-03-31,분기말 시가총액,187387930992,USD,계산(종가×주식수),https://query1.finance.yahoo.com/v8/finance/chart/UPS?interval=1d&events=splits (2022-03-31) ; https://www.sec.gov/Archives/edgar/data/1090727/000109072722000022/,종가 214.46 × 주식수 873766348,7
United Parcel Service,UPS,2022Q2,2022-06-30,분기별 매출액,24766000000,USD,공시,https://www.sec.gov/Archives/edgar/data/1090727/000109072722000034/,,7
United Parcel Service,UPS,2022Q2,2022-06-30,분기별 영업이익,3535000000,USD,공시,https://www.sec.gov/Archives/edgar/data/1090727/000109072722000034/,,7
United Parcel Service,UPS,2022Q2,2022-06-30,분기별 당기순이익(지배),2849000000,USD,공시,https://www.sec.gov/Archives/edgar/data/1090727/000109072722000034/,,7
United Parcel Service,UPS,2022Q2,2022-06-30,분기별 영업활동현금흐름,3813000000,USD,계산(누적차감),https://www.sec.gov/Archives/edgar/data/1090727/000109072722000034/ ; https://www.sec.gov/Archives/edgar/data/1090727/000109072722000022/,누적 8293000000 − 직전누적 4480000000 (시작 2022-01-01),7
United Parcel Service,UPS,2022Q2,2022-06-30,분기말 자산총계,70089000000,USD,공시,https://www.sec.gov/Archives/edgar/data/1090727/000109072722000034/,,7
United Parcel Service,UPS,2022Q2,2022-06-30,분기말 부채총계,53779000000,USD,계산(부채및자본-총자본),https://www.sec.gov/Archives/edgar/data/1090727/000109072722000034/,부채및자본 70089000000 − 총자본 16310000000,7
United Parcel Service,UPS,2022Q2,2022-06-30,분기말 총자본(자기자본),16310000000,USD,공시,https://www.sec.gov/Archives/edgar/data/1090727/000109072722000034/,,7
United Parcel Service,UPS,2022Q2,2022-06-30,분기말 지배지분 자본,16289000000,USD,공시,https://www.sec.gov/Archives/edgar/data/1090727/000109072722000034/,,7
United Parcel Service,UPS,2022Q2,2022-06-30,분기말 종가,182.54,USD,API,https://query1.finance.yahoo.com/v8/finance/chart/UPS?interval=1d&events=splits (2022-06-30),,7
United Parcel Service,UPS,2022Q2,2022-07-22,분기말 상장주식수,868668033,주,공시(표지 기준일),https://www.sec.gov/Archives/edgar/data/1090727/000109072722000034/,"XBRL 원문 dei:EntityCommonStockSharesOutstanding 2개 클래스 합 ; 클래스별(2022-07-22): CommonClassAMember 136813849, CommonClassBMember 731854184",7
United Parcel Service,UPS,2022Q2,2022-06-30,분기말 시가총액,158566662744,USD,계산(종가×주식수),https://query1.finance.yahoo.com/v8/finance/chart/UPS?interval=1d&events=splits (2022-06-30) ; https://www.sec.gov/Archives/edgar/data/1090727/000109072722000034/,종가 182.54 × 주식수 868668033,7
United Parcel Service,UPS,2022Q3,2022-09-30,분기별 매출액,24161000000,USD,공시,https://www.sec.gov/Archives/edgar/data/1090727/000109072722000047/,,7
United Parcel Service,UPS,2022Q3,2022-09-30,분기별 영업이익,3113000000,USD,공시,https://www.sec.gov/Archives/edgar/data/1090727/000109072722000047/,,7
United Parcel Service,UPS,2022Q3,2022-09-30,분기별 당기순이익(지배),2584000000,USD,공시,https://www.sec.gov/Archives/edgar/data/1090727/000109072722000047/,,7
United Parcel Service,UPS,2022Q3,2022-09-30,분기별 영업활동현금흐름,2479000000,USD,계산(누적차감),https://www.sec.gov/Archives/edgar/data/1090727/000109072722000047/ ; https://www.sec.gov/Archives/edgar/data/1090727/000109072722000034/,누적 10772000000 − 직전누적 8293000000 (시작 2022-01-01),7
United Parcel Service,UPS,2022Q3,2022-09-30,분기말 자산총계,69544000000,USD,공시,https://www.sec.gov/Archives/edgar/data/1090727/000109072722000047/,,7
United Parcel Service,UPS,2022Q3,2022-09-30,분기말 부채총계,52556000000,USD,계산(부채및자본-총자본),https://www.sec.gov/Archives/edgar/data/1090727/000109072722000047/,부채및자본 69544000000 − 총자본 16988000000,7
United Parcel Service,UPS,2022Q3,2022-09-30,분기말 총자본(자기자본),16988000000,USD,공시,https://www.sec.gov/Archives/edgar/data/1090727/000109072722000047/,,7
United Parcel Service,UPS,2022Q3,2022-09-30,분기말 지배지분 자본,16968000000,USD,공시,https://www.sec.gov/Archives/edgar/data/1090727/000109072722000047/,,7
United Parcel Service,UPS,2022Q3,2022-09-30,분기말 종가,161.54,USD,API,https://query1.finance.yahoo.com/v8/finance/chart/UPS?interval=1d&events=splits (2022-09-30),,7
United Parcel Service,UPS,2022Q3,2022-10-21,분기말 상장주식수,864918158,주,공시(표지 기준일),https://www.sec.gov/Archives/edgar/data/1090727/000109072722000047/,"XBRL 원문 dei:EntityCommonStockSharesOutstanding 2개 클래스 합 ; 클래스별(2022-10-21): CommonClassAMember 135097238, CommonClassBMember 729820920",7
United Parcel Service,UPS,2022Q3,2022-09-30,분기말 시가총액,139718879243,USD,계산(종가×주식수),https://query1.finance.yahoo.com/v8/finance/chart/UPS?interval=1d&events=splits (2022-09-30) ; https://www.sec.gov/Archives/edgar/data/1090727/000109072722000047/,종가 161.54 × 주식수 864918158,7
United Parcel Service,UPS,2022Q4,2022-12-31,분기별 매출액,27033000000,USD,계산(연간-3분기누적),https://www.sec.gov/Archives/edgar/data/1090727/000109072723000006/ ; https://www.sec.gov/Archives/edgar/data/1090727/000109072722000047/,연간 100338000000 − 9개월누적 73305000000 (RevenueFromContractWithCustomerExcludingAssessedTax),7
United Parcel Service,UPS,2022Q4,2022-12-31,분기별 영업이익,3195000000,USD,계산(연간-3분기누적),https://www.sec.gov/Archives/edgar/data/1090727/000109072723000006/ ; https://www.sec.gov/Archives/edgar/data/1090727/000109072722000047/,연간 13094000000 − 9개월누적 9899000000 (OperatingIncomeLoss),7
United Parcel Service,UPS,2022Q4,2022-12-31,분기별 당기순이익(지배),3453000000,USD,계산(연간-3분기누적),https://www.sec.gov/Archives/edgar/data/1090727/000109072723000006/ ; https://www.sec.gov/Archives/edgar/data/1090727/000109072722000047/,연간 11548000000 − 9개월누적 8095000000 (NetIncomeLoss),7
United Parcel Service,UPS,2022Q4,2022-12-31,분기별 영업활동현금흐름,3332000000,USD,계산(누적차감),https://www.sec.gov/Archives/edgar/data/1090727/000109072723000006/ ; https://www.sec.gov/Archives/edgar/data/1090727/000109072722000047/,누적 14104000000 − 직전누적 10772000000 (시작 2022-01-01),7
United Parcel Service,UPS,2022Q4,2022-12-31,분기말 자산총계,71124000000,USD,공시,https://www.sec.gov/Archives/edgar/data/1090727/000109072723000006/,,7
United Parcel Service,UPS,2022Q4,2022-12-31,분기말 부채총계,51321000000,USD,계산(부채및자본-총자본),https://www.sec.gov/Archives/edgar/data/1090727/000109072723000006/,부채및자본 71124000000 − 총자본 19803000000,7
United Parcel Service,UPS,2022Q4,2022-12-31,분기말 총자본(자기자본),19803000000,USD,공시,https://www.sec.gov/Archives/edgar/data/1090727/000109072723000006/,,7
United Parcel Service,UPS,2022Q4,2022-12-31,분기말 지배지분 자본,19786000000,USD,공시,https://www.sec.gov/Archives/edgar/data/1090727/000109072723000006/,,7
United Parcel Service,UPS,2022Q4,2022-12-30,분기말 종가,173.84,USD,API,https://query1.finance.yahoo.com/v8/finance/chart/UPS?interval=1d&events=splits (2022-12-30),,7
United Parcel Service,UPS,2022Q4,2023-02-03,분기말 상장주식수,858740988,주,공시(표지 기준일),https://www.sec.gov/Archives/edgar/data/1090727/000109072723000006/,"XBRL 원문 dei:EntityCommonStockSharesOutstanding 2개 클래스 합 ; 클래스별(2023-02-03): CommonClassAMember 133935649, CommonClassBMember 724805339",7
United Parcel Service,UPS,2022Q4,2022-12-30,분기말 시가총액,149283533354,USD,계산(종가×주식수),https://query1.finance.yahoo.com/v8/finance/chart/UPS?interval=1d&events=splits (2022-12-30) ; https://www.sec.gov/Archives/edgar/data/1090727/000109072723000006/,종가 173.84 × 주식수 858740988,7
United Parcel Service,UPS,2023Q1,2023-03-31,분기별 매출액,22925000000,USD,공시,https://www.sec.gov/Archives/edgar/data/1090727/000109072723000025/,,7
United Parcel Service,UPS,2023Q1,2023-03-31,분기별 영업이익,2541000000,USD,공시,https://www.sec.gov/Archives/edgar/data/1090727/000109072723000025/,,7
United Parcel Service,UPS,2023Q1,2023-03-31,분기별 당기순이익(지배),1895000000,USD,공시,https://www.sec.gov/Archives/edgar/data/1090727/000109072723000025/,,7
United Parcel Service,UPS,2023Q1,2023-03-31,분기별 영업활동현금흐름,2357000000,USD,공시,https://www.sec.gov/Archives/edgar/data/1090727/000109072723000025/,,7
United Parcel Service,UPS,2023Q1,2023-03-31,분기말 자산총계,72189000000,USD,공시,https://www.sec.gov/Archives/edgar/data/1090727/000109072723000025/,,7
United Parcel Service,UPS,2023Q1,2023-03-31,분기말 부채총계,52136000000,USD,계산(부채및자본-총자본),https://www.sec.gov/Archives/edgar/data/1090727/000109072723000025/,부채및자본 72189000000 − 총자본 20053000000,7
United Parcel Service,UPS,2023Q1,2023-03-31,분기말 총자본(자기자본),20053000000,USD,공시,https://www.sec.gov/Archives/edgar/data/1090727/000109072723000025/,,7
United Parcel Service,UPS,2023Q1,2023-03-31,분기말 지배지분 자본,20038000000,USD,공시,https://www.sec.gov/Archives/edgar/data/1090727/000109072723000025/,,7
United Parcel Service,UPS,2023Q1,2023-03-31,분기말 종가,193.99,USD,API,https://query1.finance.yahoo.com/v8/finance/chart/UPS?interval=1d&events=splits (2023-03-31),,7
United Parcel Service,UPS,2023Q1,2023-04-24,분기말 상장주식수,858886345,주,공시(표지 기준일),https://www.sec.gov/Archives/edgar/data/1090727/000109072723000025/,"XBRL 원문 dei:EntityCommonStockSharesOutstanding 2개 클래스 합 ; 클래스별(2023-04-24): CommonClassAMember 134106663, CommonClassBMember 724779682",7
United Parcel Service,UPS,2023Q1,2023-03-31,분기말 시가총액,166615362067,USD,계산(종가×주식수),https://query1.finance.yahoo.com/v8/finance/chart/UPS?interval=1d&events=splits (2023-03-31) ; https://www.sec.gov/Archives/edgar/data/1090727/000109072723000025/,종가 193.99 × 주식수 858886345,7
United Parcel Service,UPS,2023Q2,2023-06-30,분기별 매출액,22055000000,USD,공시,https://www.sec.gov/Archives/edgar/data/1090727/000109072723000038/,,7
United Parcel Service,UPS,2023Q2,2023-06-30,분기별 영업이익,2780000000,USD,공시,https://www.sec.gov/Archives/edgar/data/1090727/000109072723000038/,,7
United Parcel Service,UPS,2023Q2,2023-06-30,분기별 당기순이익(지배),2081000000,USD,공시,https://www.sec.gov/Archives/edgar/data/1090727/000109072723000038/,,7
United Parcel Service,UPS,2023Q2,2023-06-30,분기별 영업활동현금흐름,3237000000,USD,계산(누적차감),https://www.sec.gov/Archives/edgar/data/1090727/000109072723000038/ ; https://www.sec.gov/Archives/edgar/data/1090727/000109072723000025/,누적 5594000000 − 직전누적 2357000000 (시작 2023-01-01),7
United Parcel Service,UPS,2023Q2,2023-06-30,분기말 자산총계,70347000000,USD,공시,https://www.sec.gov/Archives/edgar/data/1090727/000109072723000038/,,7
United Parcel Service,UPS,2023Q2,2023-06-30,분기말 부채총계,50310000000,USD,계산(부채및자본-총자본),https://www.sec.gov/Archives/edgar/data/1090727/000109072723000038/,부채및자본 70347000000 − 총자본 20037000000,7
United Parcel Service,UPS,2023Q2,2023-06-30,분기말 총자본(자기자본),20037000000,USD,공시,https://www.sec.gov/Archives/edgar/data/1090727/000109072723000038/,,7
United Parcel Service,UPS,2023Q2,2023-06-30,분기말 지배지분 자본,20019000000,USD,공시,https://www.sec.gov/Archives/edgar/data/1090727/000109072723000038/,,7
United Parcel Service,UPS,2023Q2,2023-06-30,분기말 종가,179.25,USD,API,https://query1.finance.yahoo.com/v8/finance/chart/UPS?interval=1d&events=splits (2023-06-30),,7
United Parcel Service,UPS,2023Q2,2023-07-24,분기말 상장주식수,854449889,주,공시(표지 기준일),https://www.sec.gov/Archives/edgar/data/1090727/000109072723000038/,"XBRL 원문 dei:EntityCommonStockSharesOutstanding 2개 클래스 합 ; 클래스별(2023-07-24): CommonClassAMember 131174099, CommonClassBMember 723275790",7
United Parcel Service,UPS,2023Q2,2023-06-30,분기말 시가총액,153160142603,USD,계산(종가×주식수),https://query1.finance.yahoo.com/v8/finance/chart/UPS?interval=1d&events=splits (2023-06-30) ; https://www.sec.gov/Archives/edgar/data/1090727/000109072723000038/,종가 179.25 × 주식수 854449889,7
United Parcel Service,UPS,2023Q3,2023-09-30,분기별 매출액,21061000000,USD,공시,https://www.sec.gov/Archives/edgar/data/1090727/000109072723000054/,,7
United Parcel Service,UPS,2023Q3,2023-09-30,분기별 영업이익,1343000000,USD,공시,https://www.sec.gov/Archives/edgar/data/1090727/000109072723000054/,,7
United Parcel Service,UPS,2023Q3,2023-09-30,분기별 당기순이익(지배),1127000000,USD,공시,https://www.sec.gov/Archives/edgar/data/1090727/000109072723000054/,,7
United Parcel Service,UPS,2023Q3,2023-09-30,분기별 영업활동현금흐름,2233000000,USD,계산(누적차감),https://www.sec.gov/Archives/edgar/data/1090727/000109072723000054/ ; https://www.sec.gov/Archives/edgar/data/1090727/000109072723000038/,누적 7827000000 − 직전누적 5594000000 (시작 2023-01-01),7
United Parcel Service,UPS,2023Q3,2023-09-30,분기말 자산총계,70281000000,USD,공시,https://www.sec.gov/Archives/edgar/data/1090727/000109072723000054/,,7
United Parcel Service,UPS,2023Q3,2023-09-30,분기말 부채총계,51101000000,USD,계산(부채및자본-총자본),https://www.sec.gov/Archives/edgar/data/1090727/000109072723000054/,부채및자본 70281000000 − 총자본 19180000000,7
United Parcel Service,UPS,2023Q3,2023-09-30,분기말 총자본(자기자본),19180000000,USD,공시,https://www.sec.gov/Archives/edgar/data/1090727/000109072723000054/,,7
United Parcel Service,UPS,2023Q3,2023-09-30,분기말 지배지분 자본,19168000000,USD,공시,https://www.sec.gov/Archives/edgar/data/1090727/000109072723000054/,,7
United Parcel Service,UPS,2023Q3,2023-09-29,분기말 종가,155.87,USD,API,https://query1.finance.yahoo.com/v8/finance/chart/UPS?interval=1d&events=splits (2023-09-29),,7
United Parcel Service,UPS,2023Q3,2023-10-19,분기말 상장주식수,851925589,주,공시(표지 기준일),https://www.sec.gov/Archives/edgar/data/1090727/000109072723000054/,"XBRL 원문 dei:EntityCommonStockSharesOutstanding 2개 클래스 합 ; 클래스별(2023-10-19): CommonClassAMember 128669028, CommonClassBMember 723256561",7
United Parcel Service,UPS,2023Q3,2023-09-29,분기말 시가총액,132789641557,USD,계산(종가×주식수),https://query1.finance.yahoo.com/v8/finance/chart/UPS?interval=1d&events=splits (2023-09-29) ; https://www.sec.gov/Archives/edgar/data/1090727/000109072723000054/,종가 155.87 × 주식수 851925589,7
United Parcel Service,UPS,2023Q4,2023-12-31,분기별 매출액,24917000000,USD,계산(연간-3분기누적),https://www.sec.gov/Archives/edgar/data/1090727/000109072724000008/ ; https://www.sec.gov/Archives/edgar/data/1090727/000109072723000054/,연간 90958000000 − 9개월누적 66041000000 (RevenueFromContractWithCustomerExcludingAssessedTax),7
United Parcel Service,UPS,2023Q4,2023-12-31,분기별 영업이익,2477000000,USD,계산(연간-3분기누적),https://www.sec.gov/Archives/edgar/data/1090727/000109072724000008/ ; https://www.sec.gov/Archives/edgar/data/1090727/000109072723000054/,연간 9141000000 − 9개월누적 6664000000 (OperatingIncomeLoss),7
United Parcel Service,UPS,2023Q4,2023-12-31,분기별 당기순이익(지배),1605000000,USD,계산(연간-3분기누적),https://www.sec.gov/Archives/edgar/data/1090727/000109072724000008/ ; https://www.sec.gov/Archives/edgar/data/1090727/000109072723000054/,연간 6708000000 − 9개월누적 5103000000 (NetIncomeLoss),7
United Parcel Service,UPS,2023Q4,2023-12-31,분기별 영업활동현금흐름,2411000000,USD,계산(누적차감),https://www.sec.gov/Archives/edgar/data/1090727/000109072724000008/ ; https://www.sec.gov/Archives/edgar/data/1090727/000109072723000054/,누적 10238000000 − 직전누적 7827000000 (시작 2023-01-01),7
United Parcel Service,UPS,2023Q4,2023-12-31,분기말 자산총계,70857000000,USD,공시,https://www.sec.gov/Archives/edgar/data/1090727/000109072724000008/,,7
United Parcel Service,UPS,2023Q4,2023-12-31,분기말 부채총계,53543000000,USD,계산(부채및자본-총자본),https://www.sec.gov/Archives/edgar/data/1090727/000109072724000008/,부채및자본 70857000000 − 총자본 17314000000,7
United Parcel Service,UPS,2023Q4,2023-12-31,분기말 총자본(자기자본),17314000000,USD,공시,https://www.sec.gov/Archives/edgar/data/1090727/000109072724000008/,,7
United Parcel Service,UPS,2023Q4,2023-12-31,분기말 지배지분 자본,17306000000,USD,공시,https://www.sec.gov/Archives/edgar/data/1090727/000109072724000008/,,7
United Parcel Service,UPS,2023Q4,2023-12-29,분기말 종가,157.23,USD,API,https://query1.finance.yahoo.com/v8/finance/chart/UPS?interval=1d&events=splits (2023-12-29),,7
United Parcel Service,UPS,2023Q4,2024-02-02,분기말 상장주식수,852653061,주,공시(표지 기준일),https://www.sec.gov/Archives/edgar/data/1090727/000109072724000008/,"XBRL 원문 dei:EntityCommonStockSharesOutstanding 2개 클래스 합 ; 클래스별(2024-02-02): CommonClassAMember 125836384, CommonClassBMember 726816677",7
United Parcel Service,UPS,2023Q4,2023-12-29,분기말 시가총액,134062640781,USD,계산(종가×주식수),https://query1.finance.yahoo.com/v8/finance/chart/UPS?interval=1d&events=splits (2023-12-29) ; https://www.sec.gov/Archives/edgar/data/1090727/000109072724000008/,종가 157.23 × 주식수 852653061,7
United Parcel Service,UPS,2024Q1,2024-03-31,분기별 매출액,21706000000,USD,공시,https://www.sec.gov/Archives/edgar/data/1090727/000109072724000028/,,7
United Parcel Service,UPS,2024Q1,2024-03-31,분기별 영업이익,1613000000,USD,공시,https://www.sec.gov/Archives/edgar/data/1090727/000109072724000028/,,7
United Parcel Service,UPS,2024Q1,2024-03-31,분기별 당기순이익(지배),1113000000,USD,공시,https://www.sec.gov/Archives/edgar/data/1090727/000109072724000028/,,7
United Parcel Service,UPS,2024Q1,2024-03-31,분기별 영업활동현금흐름,3316000000,USD,공시,https://www.sec.gov/Archives/edgar/data/1090727/000109072724000028/,,7
United Parcel Service,UPS,2024Q1,2024-03-31,분기말 자산총계,67628000000,USD,공시,https://www.sec.gov/Archives/edgar/data/1090727/000109072724000028/,,7
United Parcel Service,UPS,2024Q1,2024-03-31,분기말 부채총계,50695000000,USD,계산(부채및자본-총자본),https://www.sec.gov/Archives/edgar/data/1090727/000109072724000028/,부채및자본 67628000000 − 총자본 16933000000,7
United Parcel Service,UPS,2024Q1,2024-03-31,분기말 총자본(자기자본),16933000000,USD,공시,https://www.sec.gov/Archives/edgar/data/1090727/000109072724000028/,,7
United Parcel Service,UPS,2024Q1,2024-03-31,분기말 지배지분 자본,16909000000,USD,공시,https://www.sec.gov/Archives/edgar/data/1090727/000109072724000028/,,7
United Parcel Service,UPS,2024Q1,2024-03-28,분기말 종가,148.63,USD,API,https://query1.finance.yahoo.com/v8/finance/chart/UPS?interval=1d&events=splits (2024-03-28),,7
United Parcel Service,UPS,2024Q1,2024-04-17,분기말 상장주식수,855558947,주,공시(표지 기준일),https://www.sec.gov/Archives/edgar/data/1090727/000109072724000028/,"XBRL 원문 dei:EntityCommonStockSharesOutstanding 2개 클래스 합 ; 클래스별(2024-04-17): CommonClassAMember 126159503, CommonClassBMember 729399444",7
United Parcel Service,UPS,2024Q1,2024-03-28,분기말 시가총액,127161726293,USD,계산(종가×주식수),https://query1.finance.yahoo.com/v8/finance/chart/UPS?interval=1d&events=splits (2024-03-28) ; https://www.sec.gov/Archives/edgar/data/1090727/000109072724000028/,종가 148.63 × 주식수 855558947,7
United Parcel Service,UPS,2024Q2,2024-06-30,분기별 매출액,21818000000,USD,공시,https://www.sec.gov/Archives/edgar/data/1090727/000109072724000045/,,7
United Parcel Service,UPS,2024Q2,2024-06-30,분기별 영업이익,1944000000,USD,공시,https://www.sec.gov/Archives/edgar/data/1090727/000109072724000045/,,7
United Parcel Service,UPS,2024Q2,2024-06-30,분기별 당기순이익(지배),1409000000,USD,공시,https://www.sec.gov/Archives/edgar/data/1090727/000109072724000045/,,7
United Parcel Service,UPS,2024Q2,2024-06-30,분기별 영업활동현금흐름,1993000000,USD,계산(누적차감),https://www.sec.gov/Archives/edgar/data/1090727/000109072724000045/ ; https://www.sec.gov/Archives/edgar/data/1090727/000109072724000028/,누적 5309000000 − 직전누적 3316000000 (시작 2024-01-01),7
United Parcel Service,UPS,2024Q2,2024-06-30,분기말 자산총계,69418000000,USD,공시,https://www.sec.gov/Archives/edgar/data/1090727/000109072724000045/,,7
United Parcel Service,UPS,2024Q2,2024-06-30,분기말 부채총계,52365000000,USD,계산(부채및자본-총자본),https://www.sec.gov/Archives/edgar/data/1090727/000109072724000045/,부채및자본 69418000000 − 총자본 17053000000,7
United Parcel Service,UPS,2024Q2,2024-06-30,분기말 총자본(자기자본),17053000000,USD,공시,https://www.sec.gov/Archives/edgar/data/1090727/000109072724000045/,,7
United Parcel Service,UPS,2024Q2,2024-06-30,분기말 지배지분 자본,17030000000,USD,공시,https://www.sec.gov/Archives/edgar/data/1090727/000109072724000045/,,7
United Parcel Service,UPS,2024Q2,2024-06-28,분기말 종가,136.85,USD,API,https://query1.finance.yahoo.com/v8/finance/chart/UPS?interval=1d&events=splits (2024-06-28),,7
United Parcel Service,UPS,2024Q2,2024-07-17,분기말 상장주식수,856577824,주,공시(표지 기준일),https://www.sec.gov/Archives/edgar/data/1090727/000109072724000045/,"XBRL 원문 dei:EntityCommonStockSharesOutstanding 2개 클래스 합 ; 클래스별(2024-07-17): CommonClassAMember 124068795, CommonClassBMember 732509029",7
United Parcel Service,UPS,2024Q2,2024-06-28,분기말 시가총액,117222675214,USD,계산(종가×주식수),https://query1.finance.yahoo.com/v8/finance/chart/UPS?interval=1d&events=splits (2024-06-28) ; https://www.sec.gov/Archives/edgar/data/1090727/000109072724000045/,종가 136.85 × 주식수 856577824,7
United Parcel Service,UPS,2024Q3,2024-09-30,분기별 매출액,22245000000,USD,공시,https://www.sec.gov/Archives/edgar/data/1090727/000109072724000064/,,7
United Parcel Service,UPS,2024Q3,2024-09-30,분기별 영업이익,1985000000,USD,공시,https://www.sec.gov/Archives/edgar/data/1090727/000109072724000064/,,7
United Parcel Service,UPS,2024Q3,2024-09-30,분기별 당기순이익(지배),1539000000,USD,공시,https://www.sec.gov/Archives/edgar/data/1090727/000109072724000064/,,7
United Parcel Service,UPS,2024Q3,2024-09-30,분기별 영업활동현금흐름,1498000000,USD,계산(누적차감),https://www.sec.gov/Archives/edgar/data/1090727/000109072724000064/ ; https://www.sec.gov/Archives/edgar/data/1090727/000109072724000045/,누적 6807000000 − 직전누적 5309000000 (시작 2024-01-01),7
United Parcel Service,UPS,2024Q3,2024-09-30,분기말 자산총계,68263000000,USD,공시,https://www.sec.gov/Archives/edgar/data/1090727/000109072724000064/,,7
United Parcel Service,UPS,2024Q3,2024-09-30,분기말 부채총계,51379000000,USD,계산(부채및자본-총자본),https://www.sec.gov/Archives/edgar/data/1090727/000109072724000064/,부채및자본 68263000000 − 총자본 16884000000,7
United Parcel Service,UPS,2024Q3,2024-09-30,분기말 총자본(자기자본),16884000000,USD,공시,https://www.sec.gov/Archives/edgar/data/1090727/000109072724000064/,,7
United Parcel Service,UPS,2024Q3,2024-09-30,분기말 지배지분 자본,16857000000,USD,공시,https://www.sec.gov/Archives/edgar/data/1090727/000109072724000064/,,7
United Parcel Service,UPS,2024Q3,2024-09-30,분기말 종가,136.34,USD,API,https://query1.finance.yahoo.com/v8/finance/chart/UPS?interval=1d&events=splits (2024-09-30),,7
United Parcel Service,UPS,2024Q3,2024-10-16,분기말 상장주식수,853369558,주,공시(표지 기준일),https://www.sec.gov/Archives/edgar/data/1090727/000109072724000064/,"XBRL 원문 dei:EntityCommonStockSharesOutstanding 2개 클래스 합 ; 클래스별(2024-10-16): CommonClassAMember 121999871, CommonClassBMember 731369687",7
United Parcel Service,UPS,2024Q3,2024-09-30,분기말 시가총액,116348405538,USD,계산(종가×주식수),https://query1.finance.yahoo.com/v8/finance/chart/UPS?interval=1d&events=splits (2024-09-30) ; https://www.sec.gov/Archives/edgar/data/1090727/000109072724000064/,종가 136.34 × 주식수 853369558,7
United Parcel Service,UPS,2024Q4,2024-12-31,분기별 매출액,25301000000,USD,계산(연간-3분기누적),https://www.sec.gov/Archives/edgar/data/1090727/000109072725000019/ ; https://www.sec.gov/Archives/edgar/data/1090727/000109072724000064/,연간 91070000000 − 9개월누적 65769000000 (RevenueFromContractWithCustomerExcludingAssessedTax),7
United Parcel Service,UPS,2024Q4,2024-12-31,분기별 영업이익,2926000000,USD,계산(연간-3분기누적),https://www.sec.gov/Archives/edgar/data/1090727/000109072725000019/ ; https://www.sec.gov/Archives/edgar/data/1090727/000109072724000064/,연간 8468000000 − 9개월누적 5542000000 (OperatingIncomeLoss),7
United Parcel Service,UPS,2024Q4,2024-12-31,분기별 당기순이익(지배),1721000000,USD,계산(연간-3분기누적),https://www.sec.gov/Archives/edgar/data/1090727/000109072725000019/ ; https://www.sec.gov/Archives/edgar/data/1090727/000109072724000064/,연간 5782000000 − 9개월누적 4061000000 (NetIncomeLoss),7
United Parcel Service,UPS,2024Q4,2024-12-31,분기별 영업활동현금흐름,3315000000,USD,계산(누적차감),https://www.sec.gov/Archives/edgar/data/1090727/000109072725000019/ ; https://www.sec.gov/Archives/edgar/data/1090727/000109072724000064/,누적 10122000000 − 직전누적 6807000000 (시작 2024-01-01),7
United Parcel Service,UPS,2024Q4,2024-12-31,분기말 자산총계,70070000000,USD,공시,https://www.sec.gov/Archives/edgar/data/1090727/000109072725000019/,,7
United Parcel Service,UPS,2024Q4,2024-12-31,분기말 부채총계,53327000000,USD,계산(부채및자본-총자본),https://www.sec.gov/Archives/edgar/data/1090727/000109072725000019/,부채및자본 70070000000 − 총자본 16743000000,7
United Parcel Service,UPS,2024Q4,2024-12-31,분기말 총자본(자기자본),16743000000,USD,공시,https://www.sec.gov/Archives/edgar/data/1090727/000109072725000019/,,7
United Parcel Service,UPS,2024Q4,2024-12-31,분기말 지배지분 자본,16718000000,USD,공시,https://www.sec.gov/Archives/edgar/data/1090727/000109072725000019/,,7
United Parcel Service,UPS,2024Q4,2024-12-31,분기말 종가,126.1,USD,API,https://query1.finance.yahoo.com/v8/finance/chart/UPS?interval=1d&events=splits (2024-12-31),,7
United Parcel Service,UPS,2024Q4,2025-02-03,분기말 상장주식수,854171950,주,공시(표지 기준일),https://www.sec.gov/Archives/edgar/data/1090727/000109072725000019/,"XBRL 원문 dei:EntityCommonStockSharesOutstanding 2개 클래스 합 ; 클래스별(2025-02-03): CommonClassAMember 114298155, CommonClassBMember 739873795",7
United Parcel Service,UPS,2024Q4,2024-12-31,분기말 시가총액,107711082895,USD,계산(종가×주식수),https://query1.finance.yahoo.com/v8/finance/chart/UPS?interval=1d&events=splits (2024-12-31) ; https://www.sec.gov/Archives/edgar/data/1090727/000109072725000019/,종가 126.1 × 주식수 854171950,7
United Parcel Service,UPS,2025Q1,2025-03-31,분기별 매출액,21546000000,USD,공시,https://www.sec.gov/Archives/edgar/data/1090727/000109072725000049/,,7
United Parcel Service,UPS,2025Q1,2025-03-31,분기별 영업이익,1666000000,USD,공시,https://www.sec.gov/Archives/edgar/data/1090727/000109072725000049/,,7
United Parcel Service,UPS,2025Q1,2025-03-31,분기별 당기순이익(지배),1187000000,USD,공시,https://www.sec.gov/Archives/edgar/data/1090727/000109072725000049/,,7
United Parcel Service,UPS,2025Q1,2025-03-31,분기별 영업활동현금흐름,2318000000,USD,공시,https://www.sec.gov/Archives/edgar/data/1090727/000109072725000049/,,7
United Parcel Service,UPS,2025Q1,2025-03-31,분기말 자산총계,68466000000,USD,공시,https://www.sec.gov/Archives/edgar/data/1090727/000109072725000049/,,7
United Parcel Service,UPS,2025Q1,2025-03-31,분기말 부채총계,52782000000,USD,계산(부채및자본-총자본),https://www.sec.gov/Archives/edgar/data/1090727/000109072725000049/,부채및자본 68466000000 − 총자본 15684000000,7
United Parcel Service,UPS,2025Q1,2025-03-31,분기말 총자본(자기자본),15684000000,USD,공시,https://www.sec.gov/Archives/edgar/data/1090727/000109072725000049/,,7
United Parcel Service,UPS,2025Q1,2025-03-31,분기말 지배지분 자본,15660000000,USD,공시,https://www.sec.gov/Archives/edgar/data/1090727/000109072725000049/,,7
United Parcel Service,UPS,2025Q1,2025-03-31,분기말 종가,109.99,USD,API,https://query1.finance.yahoo.com/v8/finance/chart/UPS?interval=1d&events=splits (2025-03-31),,7
United Parcel Service,UPS,2025Q1,2025-04-15,분기말 상장주식수,846797806,주,공시(표지 기준일),https://www.sec.gov/Archives/edgar/data/1090727/000109072725000049/,"XBRL 원문 dei:EntityCommonStockSharesOutstanding 2개 클래스 합 ; 클래스별(2025-04-15): CommonClassAMember 113070725, CommonClassBMember 733727081",7
United Parcel Service,UPS,2025Q1,2025-03-31,분기말 시가총액,93139290682,USD,계산(종가×주식수),https://query1.finance.yahoo.com/v8/finance/chart/UPS?interval=1d&events=splits (2025-03-31) ; https://www.sec.gov/Archives/edgar/data/1090727/000109072725000049/,종가 109.99 × 주식수 846797806,7
United Parcel Service,UPS,2025Q2,2025-06-30,분기별 매출액,21221000000,USD,공시,https://www.sec.gov/Archives/edgar/data/1090727/000109072725000064/,,7
United Parcel Service,UPS,2025Q2,2025-06-30,분기별 영업이익,1822000000,USD,공시,https://www.sec.gov/Archives/edgar/data/1090727/000109072725000064/,,7
United Parcel Service,UPS,2025Q2,2025-06-30,분기별 당기순이익(지배),1283000000,USD,공시(비지배 없음),https://www.sec.gov/Archives/edgar/data/1090727/000109072725000064/,,7
United Parcel Service,UPS,2025Q2,2025-06-30,분기별 영업활동현금흐름,348000000,USD,계산(누적차감),https://www.sec.gov/Archives/edgar/data/1090727/000109072725000064/ ; https://www.sec.gov/Archives/edgar/data/1090727/000109072725000049/,누적 2666000000 − 직전누적 2318000000 (시작 2025-01-01),7
United Parcel Service,UPS,2025Q2,2025-06-30,분기말 자산총계,70923000000,USD,공시,https://www.sec.gov/Archives/edgar/data/1090727/000109072725000064/,,7
United Parcel Service,UPS,2025Q2,2025-06-30,분기말 부채총계,55146000000,USD,계산(부채및자본-총자본),https://www.sec.gov/Archives/edgar/data/1090727/000109072725000064/,부채및자본 70923000000 − 총자본 15777000000,7
United Parcel Service,UPS,2025Q2,2025-06-30,분기말 총자본(자기자본),15777000000,USD,공시,https://www.sec.gov/Archives/edgar/data/1090727/000109072725000064/,,7
United Parcel Service,UPS,2025Q2,2025-06-30,분기말 지배지분 자본,15750000000,USD,공시,https://www.sec.gov/Archives/edgar/data/1090727/000109072725000064/,,7
United Parcel Service,UPS,2025Q2,2025-06-30,분기말 종가,100.94,USD,API,https://query1.finance.yahoo.com/v8/finance/chart/UPS?interval=1d&events=splits (2025-06-30),,7
United Parcel Service,UPS,2025Q2,2025-07-21,분기말 상장주식수,847569642,주,공시(표지 기준일),https://www.sec.gov/Archives/edgar/data/1090727/000109072725000064/,"XBRL 원문 dei:EntityCommonStockSharesOutstanding 2개 클래스 합 ; 클래스별(2025-07-21): CommonClassAMember 111526738, CommonClassBMember 736042904",7
United Parcel Service,UPS,2025Q2,2025-06-30,분기말 시가총액,85553679663,USD,계산(종가×주식수),https://query1.finance.yahoo.com/v8/finance/chart/UPS?interval=1d&events=splits (2025-06-30) ; https://www.sec.gov/Archives/edgar/data/1090727/000109072725000064/,종가 100.94 × 주식수 847569642,7
United Parcel Service,UPS,2025Q3,2025-09-30,분기별 매출액,21415000000,USD,공시,https://www.sec.gov/Archives/edgar/data/1090727/000162828025049661/,,7
United Parcel Service,UPS,2025Q3,2025-09-30,분기별 영업이익,1804000000,USD,공시,https://www.sec.gov/Archives/edgar/data/1090727/000162828025049661/,,7
United Parcel Service,UPS,2025Q3,2025-09-30,분기별 당기순이익(지배),1311000000,USD,공시(비지배 없음),https://www.sec.gov/Archives/edgar/data/1090727/000162828025049661/,,7
United Parcel Service,UPS,2025Q3,2025-09-30,분기별 영업활동현금흐름,2482000000,USD,계산(누적차감),https://www.sec.gov/Archives/edgar/data/1090727/000162828025049661/ ; https://www.sec.gov/Archives/edgar/data/1090727/000109072725000064/,누적 5148000000 − 직전누적 2666000000 (시작 2025-01-01),7
United Parcel Service,UPS,2025Q3,2025-09-30,분기말 자산총계,71392000000,USD,공시,https://www.sec.gov/Archives/edgar/data/1090727/000162828025049661/,,7
United Parcel Service,UPS,2025Q3,2025-09-30,분기말 부채총계,55544000000,USD,계산(부채및자본-총자본),https://www.sec.gov/Archives/edgar/data/1090727/000162828025049661/,부채및자본 71392000000 − 총자본 15848000000,7
United Parcel Service,UPS,2025Q3,2025-09-30,분기말 총자본(자기자본),15848000000,USD,공시,https://www.sec.gov/Archives/edgar/data/1090727/000162828025049661/,,7
United Parcel Service,UPS,2025Q3,2025-09-30,분기말 지배지분 자본,15823000000,USD,공시,https://www.sec.gov/Archives/edgar/data/1090727/000162828025049661/,,7
United Parcel Service,UPS,2025Q3,2025-09-30,분기말 종가,83.53,USD,API,https://query1.finance.yahoo.com/v8/finance/chart/UPS?interval=1d&events=splits (2025-09-30),,7
United Parcel Service,UPS,2025Q3,2025-10-16,분기말 상장주식수,848385599,주,공시(표지 기준일),https://www.sec.gov/Archives/edgar/data/1090727/000162828025049661/,"XBRL 원문 dei:EntityCommonStockSharesOutstanding 2개 클래스 합 ; 클래스별(2025-10-16): CommonClassAMember 109395545, CommonClassBMember 738990054",7
United Parcel Service,UPS,2025Q3,2025-09-30,분기말 시가총액,70865649084,USD,계산(종가×주식수),https://query1.finance.yahoo.com/v8/finance/chart/UPS?interval=1d&events=splits (2025-09-30) ; https://www.sec.gov/Archives/edgar/data/1090727/000162828025049661/,종가 83.53 × 주식수 848385599,7
United Parcel Service,UPS,2025Q4,2025-12-31,분기별 매출액,24479000000,USD,계산(연간-3분기누적),https://www.sec.gov/Archives/edgar/data/1090727/000162828026008432/ ; https://www.sec.gov/Archives/edgar/data/1090727/000162828025049661/,연간 88661000000 − 9개월누적 64182000000 (RevenueFromContractWithCustomerExcludingAssessedTax),7
United Parcel Service,UPS,2025Q4,2025-12-31,분기별 영업이익,2575000000,USD,계산(연간-3분기누적),https://www.sec.gov/Archives/edgar/data/1090727/000162828026008432/ ; https://www.sec.gov/Archives/edgar/data/1090727/000162828025049661/,연간 7867000000 − 9개월누적 5292000000 (OperatingIncomeLoss),7
United Parcel Service,UPS,2025Q4,2025-12-31,분기별 당기순이익(지배),1791000000,USD,계산(연간-3분기누적),https://www.sec.gov/Archives/edgar/data/1090727/000162828026008432/ ; https://www.sec.gov/Archives/edgar/data/1090727/000162828025049661/,연간 5572000000 − 9개월누적 3781000000 (NetIncomeLoss),7
United Parcel Service,UPS,2025Q4,2025-12-31,분기별 영업활동현금흐름,3302000000,USD,계산(누적차감),https://www.sec.gov/Archives/edgar/data/1090727/000162828026008432/ ; https://www.sec.gov/Archives/edgar/data/1090727/000162828025049661/,누적 8450000000 − 직전누적 5148000000 (시작 2025-01-01),7
United Parcel Service,UPS,2025Q4,2025-12-31,분기말 자산총계,73090000000,USD,공시,https://www.sec.gov/Archives/edgar/data/1090727/000162828026008432/,,7
United Parcel Service,UPS,2025Q4,2025-12-31,분기말 부채총계,56835000000,USD,계산(부채및자본-총자본),https://www.sec.gov/Archives/edgar/data/1090727/000162828026008432/,부채및자본 73090000000 − 총자본 16255000000,7
United Parcel Service,UPS,2025Q4,2025-12-31,분기말 총자본(자기자본),16255000000,USD,공시,https://www.sec.gov/Archives/edgar/data/1090727/000162828026008432/,,7
United Parcel Service,UPS,2025Q4,2025-12-31,분기말 지배지분 자본,16227000000,USD,공시,https://www.sec.gov/Archives/edgar/data/1090727/000162828026008432/,,7
United Parcel Service,UPS,2025Q4,2025-12-31,분기말 종가,99.19,USD,API,https://query1.finance.yahoo.com/v8/finance/chart/UPS?interval=1d&events=splits (2025-12-31),,7
United Parcel Service,UPS,2025Q4,2026-02-02,분기말 상장주식수,849101714,주,공시(표지 기준일),https://www.sec.gov/Archives/edgar/data/1090727/000162828026008432/,"XBRL 원문 dei:EntityCommonStockSharesOutstanding 2개 클래스 합 ; 클래스별(2026-02-02): CommonClassAMember 105245883, CommonClassBMember 743855831",7
United Parcel Service,UPS,2025Q4,2025-12-31,분기말 시가총액,84222399012,USD,계산(종가×주식수),https://query1.finance.yahoo.com/v8/finance/chart/UPS?interval=1d&events=splits (2025-12-31) ; https://www.sec.gov/Archives/edgar/data/1090727/000162828026008432/,종가 99.19 × 주식수 849101714,7
United Parcel Service,UPS,2026Q1,2026-03-31,분기별 매출액,21202000000,USD,공시,https://www.sec.gov/Archives/edgar/data/1090727/000162828026031154/,,7
United Parcel Service,UPS,2026Q1,2026-03-31,분기별 영업이익,1267000000,USD,공시,https://www.sec.gov/Archives/edgar/data/1090727/000162828026031154/,,7
United Parcel Service,UPS,2026Q1,2026-03-31,분기별 당기순이익(지배),864000000,USD,공시,https://www.sec.gov/Archives/edgar/data/1090727/000162828026031154/,,7
United Parcel Service,UPS,2026Q1,2026-03-31,분기별 영업활동현금흐름,2224000000,USD,공시,https://www.sec.gov/Archives/edgar/data/1090727/000162828026031154/,,7
United Parcel Service,UPS,2026Q1,2026-03-31,분기말 자산총계,71809000000,USD,공시,https://www.sec.gov/Archives/edgar/data/1090727/000162828026031154/,,7
United Parcel Service,UPS,2026Q1,2026-03-31,분기말 부채총계,56018000000,USD,계산(부채및자본-총자본),https://www.sec.gov/Archives/edgar/data/1090727/000162828026031154/,부채및자본 71809000000 − 총자본 15791000000,7
United Parcel Service,UPS,2026Q1,2026-03-31,분기말 총자본(자기자본),15791000000,USD,공시,https://www.sec.gov/Archives/edgar/data/1090727/000162828026031154/,,7
United Parcel Service,UPS,2026Q1,2026-03-31,분기말 지배지분 자본,15763000000,USD,공시,https://www.sec.gov/Archives/edgar/data/1090727/000162828026031154/,,7
United Parcel Service,UPS,2026Q1,2026-03-31,분기말 종가,98.38,USD,API,https://query1.finance.yahoo.com/v8/finance/chart/UPS?interval=1d&events=splits (2026-03-31),,7
United Parcel Service,UPS,2026Q1,2026-04-16,분기말 상장주식수,850006279,주,공시(표지 기준일),https://www.sec.gov/Archives/edgar/data/1090727/000162828026031154/,"XBRL 원문 dei:EntityCommonStockSharesOutstanding 2개 클래스 합 ; 클래스별(2026-04-16): CommonClassAMember 103424463, CommonClassBMember 746581816",7
United Parcel Service,UPS,2026Q1,2026-03-31,분기말 시가총액,83623617728,USD,계산(종가×주식수),https://query1.finance.yahoo.com/v8/finance/chart/UPS?interval=1d&events=splits (2026-03-31) ; https://www.sec.gov/Archives/edgar/data/1090727/000162828026031154/,종가 98.38 × 주식수 850006279,7
United Parcel Service,UPS,2026Q2,2026-06-30,분기별 매출액,22834000000,USD,공시,https://www.sec.gov/Archives/edgar/data/1090727/000162828026053249/,,7
United Parcel Service,UPS,2026Q2,2026-06-30,분기별 영업이익,930000000,USD,공시,https://www.sec.gov/Archives/edgar/data/1090727/000162828026053249/,,7
United Parcel Service,UPS,2026Q2,2026-06-30,분기별 당기순이익(지배),604000000,USD,공시,https://www.sec.gov/Archives/edgar/data/1090727/000162828026053249/,,7
United Parcel Service,UPS,2026Q2,2026-06-30,분기별 영업활동현금흐름,859000000,USD,계산(누적차감),https://www.sec.gov/Archives/edgar/data/1090727/000162828026053249/ ; https://www.sec.gov/Archives/edgar/data/1090727/000162828026031154/,누적 3083000000 − 직전누적 2224000000 (시작 2026-01-01),7
United Parcel Service,UPS,2026Q2,2026-06-30,분기말 자산총계,71267000000,USD,공시,https://www.sec.gov/Archives/edgar/data/1090727/000162828026053249/,,7
United Parcel Service,UPS,2026Q2,2026-06-30,분기말 부채총계,56168000000,USD,계산(부채및자본-총자본),https://www.sec.gov/Archives/edgar/data/1090727/000162828026053249/,부채및자본 71267000000 − 총자본 15099000000,7
United Parcel Service,UPS,2026Q2,2026-06-30,분기말 총자본(자기자본),15099000000,USD,공시,https://www.sec.gov/Archives/edgar/data/1090727/000162828026053249/,,7
United Parcel Service,UPS,2026Q2,2026-06-30,분기말 지배지분 자본,15067000000,USD,공시,https://www.sec.gov/Archives/edgar/data/1090727/000162828026053249/,,7
United Parcel Service,UPS,2026Q2,2026-06-30,분기말 종가,107.5,USD,API,https://query1.finance.yahoo.com/v8/finance/chart/UPS?interval=1d&events=splits (2026-06-30),,7
United Parcel Service,UPS,2026Q2,2026-07-17,분기말 상장주식수,850781582,주,공시(표지 기준일),https://www.sec.gov/Archives/edgar/data/1090727/000162828026053249/,"XBRL 원문 dei:EntityCommonStockSharesOutstanding 2개 클래스 합 ; 클래스별(2026-07-17): CommonClassAMember 101432177, CommonClassBMember 749349405",7
United Parcel Service,UPS,2026Q2,2026-06-30,분기말 시가총액,91459020065,USD,계산(종가×주식수),https://query1.finance.yahoo.com/v8/finance/chart/UPS?interval=1d&events=splits (2026-06-30) ; https://www.sec.gov/Archives/edgar/data/1090727/000162828026053249/,종가 107.5 × 주식수 850781582,7
