기업,종목코드,기간,기준일,항목,값,통화,값구분,출처,검산,라운드
Vistra,VST,2010Q1,,분기별 매출액,데이터 없음(최초 보고기간 이전),USD,데이터 없음(최초 보고기간 전),https://data.sec.gov/submissions/CIK0001692819.json (최초 보고기간 2017Q1),,11
Vistra,VST,2010Q1,,분기별 영업이익,데이터 없음(최초 보고기간 이전),USD,데이터 없음(최초 보고기간 전),https://data.sec.gov/submissions/CIK0001692819.json (최초 보고기간 2017Q1),,11
Vistra,VST,2010Q1,,분기별 당기순이익(지배),데이터 없음(최초 보고기간 이전),USD,데이터 없음(최초 보고기간 전),https://data.sec.gov/submissions/CIK0001692819.json (최초 보고기간 2017Q1),,11
Vistra,VST,2010Q1,,분기별 영업활동현금흐름,데이터 없음(최초 보고기간 이전),USD,데이터 없음(최초 보고기간 전),https://data.sec.gov/submissions/CIK0001692819.json (최초 보고기간 2017Q1),,11
Vistra,VST,2010Q1,,분기말 자산총계,데이터 없음(최초 보고기간 이전),USD,데이터 없음(최초 보고기간 전),https://data.sec.gov/submissions/CIK0001692819.json (최초 보고기간 2017Q1),,11
Vistra,VST,2010Q1,,분기말 부채총계,데이터 없음(최초 보고기간 이전),USD,데이터 없음(최초 보고기간 전),https://data.sec.gov/submissions/CIK0001692819.json (최초 보고기간 2017Q1),,11
Vistra,VST,2010Q1,,분기말 총자본(자기자본),데이터 없음(최초 보고기간 이전),USD,데이터 없음(최초 보고기간 전),https://data.sec.gov/submissions/CIK0001692819.json (최초 보고기간 2017Q1),,11
Vistra,VST,2010Q1,,분기말 지배지분 자본,데이터 없음(최초 보고기간 이전),USD,데이터 없음(최초 보고기간 전),https://data.sec.gov/submissions/CIK0001692819.json (최초 보고기간 2017Q1),,11
Vistra,VST,2010Q1,,분기말 종가,데이터 없음(상장 전),,데이터 없음(상장 전),https://query1.finance.yahoo.com/v8/finance/chart/VST (최초 거래일 이전),,11
Vistra,VST,2010Q1,,분기말 상장주식수,데이터 없음(상장 전),,데이터 없음(상장 전),https://query1.finance.yahoo.com/v8/finance/chart/VST (최초 거래일 이전),,11
Vistra,VST,2010Q1,,분기말 시가총액,데이터 없음(상장 전),,데이터 없음(상장 전),https://query1.finance.yahoo.com/v8/finance/chart/VST (최초 거래일 이전),,11
Vistra,VST,2010Q2,,분기별 매출액,데이터 없음(최초 보고기간 이전),USD,데이터 없음(최초 보고기간 전),https://data.sec.gov/submissions/CIK0001692819.json (최초 보고기간 2017Q1),,11
Vistra,VST,2010Q2,,분기별 영업이익,데이터 없음(최초 보고기간 이전),USD,데이터 없음(최초 보고기간 전),https://data.sec.gov/submissions/CIK0001692819.json (최초 보고기간 2017Q1),,11
Vistra,VST,2010Q2,,분기별 당기순이익(지배),데이터 없음(최초 보고기간 이전),USD,데이터 없음(최초 보고기간 전),https://data.sec.gov/submissions/CIK0001692819.json (최초 보고기간 2017Q1),,11
Vistra,VST,2010Q2,,분기별 영업활동현금흐름,데이터 없음(최초 보고기간 이전),USD,데이터 없음(최초 보고기간 전),https://data.sec.gov/submissions/CIK0001692819.json (최초 보고기간 2017Q1),,11
Vistra,VST,2010Q2,,분기말 자산총계,데이터 없음(최초 보고기간 이전),USD,데이터 없음(최초 보고기간 전),https://data.sec.gov/submissions/CIK0001692819.json (최초 보고기간 2017Q1),,11
Vistra,VST,2010Q2,,분기말 부채총계,데이터 없음(최초 보고기간 이전),USD,데이터 없음(최초 보고기간 전),https://data.sec.gov/submissions/CIK0001692819.json (최초 보고기간 2017Q1),,11
Vistra,VST,2010Q2,,분기말 총자본(자기자본),데이터 없음(최초 보고기간 이전),USD,데이터 없음(최초 보고기간 전),https://data.sec.gov/submissions/CIK0001692819.json (최초 보고기간 2017Q1),,11
Vistra,VST,2010Q2,,분기말 지배지분 자본,데이터 없음(최초 보고기간 이전),USD,데이터 없음(최초 보고기간 전),https://data.sec.gov/submissions/CIK0001692819.json (최초 보고기간 2017Q1),,11
Vistra,VST,2010Q2,,분기말 종가,데이터 없음(상장 전),,데이터 없음(상장 전),https://query1.finance.yahoo.com/v8/finance/chart/VST (최초 거래일 이전),,11
Vistra,VST,2010Q2,,분기말 상장주식수,데이터 없음(상장 전),,데이터 없음(상장 전),https://query1.finance.yahoo.com/v8/finance/chart/VST (최초 거래일 이전),,11
Vistra,VST,2010Q2,,분기말 시가총액,데이터 없음(상장 전),,데이터 없음(상장 전),https://query1.finance.yahoo.com/v8/finance/chart/VST (최초 거래일 이전),,11
Vistra,VST,2010Q3,,분기별 매출액,데이터 없음(최초 보고기간 이전),USD,데이터 없음(최초 보고기간 전),https://data.sec.gov/submissions/CIK0001692819.json (최초 보고기간 2017Q1),,11
Vistra,VST,2010Q3,,분기별 영업이익,데이터 없음(최초 보고기간 이전),USD,데이터 없음(최초 보고기간 전),https://data.sec.gov/submissions/CIK0001692819.json (최초 보고기간 2017Q1),,11
Vistra,VST,2010Q3,,분기별 당기순이익(지배),데이터 없음(최초 보고기간 이전),USD,데이터 없음(최초 보고기간 전),https://data.sec.gov/submissions/CIK0001692819.json (최초 보고기간 2017Q1),,11
Vistra,VST,2010Q3,,분기별 영업활동현금흐름,데이터 없음(최초 보고기간 이전),USD,데이터 없음(최초 보고기간 전),https://data.sec.gov/submissions/CIK0001692819.json (최초 보고기간 2017Q1),,11
Vistra,VST,2010Q3,,분기말 자산총계,데이터 없음(최초 보고기간 이전),USD,데이터 없음(최초 보고기간 전),https://data.sec.gov/submissions/CIK0001692819.json (최초 보고기간 2017Q1),,11
Vistra,VST,2010Q3,,분기말 부채총계,데이터 없음(최초 보고기간 이전),USD,데이터 없음(최초 보고기간 전),https://data.sec.gov/submissions/CIK0001692819.json (최초 보고기간 2017Q1),,11
Vistra,VST,2010Q3,,분기말 총자본(자기자본),데이터 없음(최초 보고기간 이전),USD,데이터 없음(최초 보고기간 전),https://data.sec.gov/submissions/CIK0001692819.json (최초 보고기간 2017Q1),,11
Vistra,VST,2010Q3,,분기말 지배지분 자본,데이터 없음(최초 보고기간 이전),USD,데이터 없음(최초 보고기간 전),https://data.sec.gov/submissions/CIK0001692819.json (최초 보고기간 2017Q1),,11
Vistra,VST,2010Q3,,분기말 종가,데이터 없음(상장 전),,데이터 없음(상장 전),https://query1.finance.yahoo.com/v8/finance/chart/VST (최초 거래일 이전),,11
Vistra,VST,2010Q3,,분기말 상장주식수,데이터 없음(상장 전),,데이터 없음(상장 전),https://query1.finance.yahoo.com/v8/finance/chart/VST (최초 거래일 이전),,11
Vistra,VST,2010Q3,,분기말 시가총액,데이터 없음(상장 전),,데이터 없음(상장 전),https://query1.finance.yahoo.com/v8/finance/chart/VST (최초 거래일 이전),,11
Vistra,VST,2010Q4,,분기별 매출액,데이터 없음(최초 보고기간 이전),USD,데이터 없음(최초 보고기간 전),https://data.sec.gov/submissions/CIK0001692819.json (최초 보고기간 2017Q1),,11
Vistra,VST,2010Q4,,분기별 영업이익,데이터 없음(최초 보고기간 이전),USD,데이터 없음(최초 보고기간 전),https://data.sec.gov/submissions/CIK0001692819.json (최초 보고기간 2017Q1),,11
Vistra,VST,2010Q4,,분기별 당기순이익(지배),데이터 없음(최초 보고기간 이전),USD,데이터 없음(최초 보고기간 전),https://data.sec.gov/submissions/CIK0001692819.json (최초 보고기간 2017Q1),,11
Vistra,VST,2010Q4,,분기별 영업활동현금흐름,데이터 없음(최초 보고기간 이전),USD,데이터 없음(최초 보고기간 전),https://data.sec.gov/submissions/CIK0001692819.json (최초 보고기간 2017Q1),,11
Vistra,VST,2010Q4,,분기말 자산총계,데이터 없음(최초 보고기간 이전),USD,데이터 없음(최초 보고기간 전),https://data.sec.gov/submissions/CIK0001692819.json (최초 보고기간 2017Q1),,11
Vistra,VST,2010Q4,,분기말 부채총계,데이터 없음(최초 보고기간 이전),USD,데이터 없음(최초 보고기간 전),https://data.sec.gov/submissions/CIK0001692819.json (최초 보고기간 2017Q1),,11
Vistra,VST,2010Q4,,분기말 총자본(자기자본),데이터 없음(최초 보고기간 이전),USD,데이터 없음(최초 보고기간 전),https://data.sec.gov/submissions/CIK0001692819.json (최초 보고기간 2017Q1),,11
Vistra,VST,2010Q4,,분기말 지배지분 자본,데이터 없음(최초 보고기간 이전),USD,데이터 없음(최초 보고기간 전),https://data.sec.gov/submissions/CIK0001692819.json (최초 보고기간 2017Q1),,11
Vistra,VST,2010Q4,,분기말 종가,데이터 없음(상장 전),,데이터 없음(상장 전),https://query1.finance.yahoo.com/v8/finance/chart/VST (최초 거래일 이전),,11
Vistra,VST,2010Q4,,분기말 상장주식수,데이터 없음(상장 전),,데이터 없음(상장 전),https://query1.finance.yahoo.com/v8/finance/chart/VST (최초 거래일 이전),,11
Vistra,VST,2010Q4,,분기말 시가총액,데이터 없음(상장 전),,데이터 없음(상장 전),https://query1.finance.yahoo.com/v8/finance/chart/VST (최초 거래일 이전),,11
Vistra,VST,2011Q1,,분기별 매출액,데이터 없음(최초 보고기간 이전),USD,데이터 없음(최초 보고기간 전),https://data.sec.gov/submissions/CIK0001692819.json (최초 보고기간 2017Q1),,11
Vistra,VST,2011Q1,,분기별 영업이익,데이터 없음(최초 보고기간 이전),USD,데이터 없음(최초 보고기간 전),https://data.sec.gov/submissions/CIK0001692819.json (최초 보고기간 2017Q1),,11
Vistra,VST,2011Q1,,분기별 당기순이익(지배),데이터 없음(최초 보고기간 이전),USD,데이터 없음(최초 보고기간 전),https://data.sec.gov/submissions/CIK0001692819.json (최초 보고기간 2017Q1),,11
Vistra,VST,2011Q1,,분기별 영업활동현금흐름,데이터 없음(최초 보고기간 이전),USD,데이터 없음(최초 보고기간 전),https://data.sec.gov/submissions/CIK0001692819.json (최초 보고기간 2017Q1),,11
Vistra,VST,2011Q1,,분기말 자산총계,데이터 없음(최초 보고기간 이전),USD,데이터 없음(최초 보고기간 전),https://data.sec.gov/submissions/CIK0001692819.json (최초 보고기간 2017Q1),,11
Vistra,VST,2011Q1,,분기말 부채총계,데이터 없음(최초 보고기간 이전),USD,데이터 없음(최초 보고기간 전),https://data.sec.gov/submissions/CIK0001692819.json (최초 보고기간 2017Q1),,11
Vistra,VST,2011Q1,,분기말 총자본(자기자본),데이터 없음(최초 보고기간 이전),USD,데이터 없음(최초 보고기간 전),https://data.sec.gov/submissions/CIK0001692819.json (최초 보고기간 2017Q1),,11
Vistra,VST,2011Q1,,분기말 지배지분 자본,데이터 없음(최초 보고기간 이전),USD,데이터 없음(최초 보고기간 전),https://data.sec.gov/submissions/CIK0001692819.json (최초 보고기간 2017Q1),,11
Vistra,VST,2011Q1,,분기말 종가,데이터 없음(상장 전),,데이터 없음(상장 전),https://query1.finance.yahoo.com/v8/finance/chart/VST (최초 거래일 이전),,11
Vistra,VST,2011Q1,,분기말 상장주식수,데이터 없음(상장 전),,데이터 없음(상장 전),https://query1.finance.yahoo.com/v8/finance/chart/VST (최초 거래일 이전),,11
Vistra,VST,2011Q1,,분기말 시가총액,데이터 없음(상장 전),,데이터 없음(상장 전),https://query1.finance.yahoo.com/v8/finance/chart/VST (최초 거래일 이전),,11
Vistra,VST,2011Q2,,분기별 매출액,데이터 없음(최초 보고기간 이전),USD,데이터 없음(최초 보고기간 전),https://data.sec.gov/submissions/CIK0001692819.json (최초 보고기간 2017Q1),,11
Vistra,VST,2011Q2,,분기별 영업이익,데이터 없음(최초 보고기간 이전),USD,데이터 없음(최초 보고기간 전),https://data.sec.gov/submissions/CIK0001692819.json (최초 보고기간 2017Q1),,11
Vistra,VST,2011Q2,,분기별 당기순이익(지배),데이터 없음(최초 보고기간 이전),USD,데이터 없음(최초 보고기간 전),https://data.sec.gov/submissions/CIK0001692819.json (최초 보고기간 2017Q1),,11
Vistra,VST,2011Q2,,분기별 영업활동현금흐름,데이터 없음(최초 보고기간 이전),USD,데이터 없음(최초 보고기간 전),https://data.sec.gov/submissions/CIK0001692819.json (최초 보고기간 2017Q1),,11
Vistra,VST,2011Q2,,분기말 자산총계,데이터 없음(최초 보고기간 이전),USD,데이터 없음(최초 보고기간 전),https://data.sec.gov/submissions/CIK0001692819.json (최초 보고기간 2017Q1),,11
Vistra,VST,2011Q2,,분기말 부채총계,데이터 없음(최초 보고기간 이전),USD,데이터 없음(최초 보고기간 전),https://data.sec.gov/submissions/CIK0001692819.json (최초 보고기간 2017Q1),,11
Vistra,VST,2011Q2,,분기말 총자본(자기자본),데이터 없음(최초 보고기간 이전),USD,데이터 없음(최초 보고기간 전),https://data.sec.gov/submissions/CIK0001692819.json (최초 보고기간 2017Q1),,11
Vistra,VST,2011Q2,,분기말 지배지분 자본,데이터 없음(최초 보고기간 이전),USD,데이터 없음(최초 보고기간 전),https://data.sec.gov/submissions/CIK0001692819.json (최초 보고기간 2017Q1),,11
Vistra,VST,2011Q2,,분기말 종가,데이터 없음(상장 전),,데이터 없음(상장 전),https://query1.finance.yahoo.com/v8/finance/chart/VST (최초 거래일 이전),,11
Vistra,VST,2011Q2,,분기말 상장주식수,데이터 없음(상장 전),,데이터 없음(상장 전),https://query1.finance.yahoo.com/v8/finance/chart/VST (최초 거래일 이전),,11
Vistra,VST,2011Q2,,분기말 시가총액,데이터 없음(상장 전),,데이터 없음(상장 전),https://query1.finance.yahoo.com/v8/finance/chart/VST (최초 거래일 이전),,11
Vistra,VST,2011Q3,,분기별 매출액,데이터 없음(최초 보고기간 이전),USD,데이터 없음(최초 보고기간 전),https://data.sec.gov/submissions/CIK0001692819.json (최초 보고기간 2017Q1),,11
Vistra,VST,2011Q3,,분기별 영업이익,데이터 없음(최초 보고기간 이전),USD,데이터 없음(최초 보고기간 전),https://data.sec.gov/submissions/CIK0001692819.json (최초 보고기간 2017Q1),,11
Vistra,VST,2011Q3,,분기별 당기순이익(지배),데이터 없음(최초 보고기간 이전),USD,데이터 없음(최초 보고기간 전),https://data.sec.gov/submissions/CIK0001692819.json (최초 보고기간 2017Q1),,11
Vistra,VST,2011Q3,,분기별 영업활동현금흐름,데이터 없음(최초 보고기간 이전),USD,데이터 없음(최초 보고기간 전),https://data.sec.gov/submissions/CIK0001692819.json (최초 보고기간 2017Q1),,11
Vistra,VST,2011Q3,,분기말 자산총계,데이터 없음(최초 보고기간 이전),USD,데이터 없음(최초 보고기간 전),https://data.sec.gov/submissions/CIK0001692819.json (최초 보고기간 2017Q1),,11
Vistra,VST,2011Q3,,분기말 부채총계,데이터 없음(최초 보고기간 이전),USD,데이터 없음(최초 보고기간 전),https://data.sec.gov/submissions/CIK0001692819.json (최초 보고기간 2017Q1),,11
Vistra,VST,2011Q3,,분기말 총자본(자기자본),데이터 없음(최초 보고기간 이전),USD,데이터 없음(최초 보고기간 전),https://data.sec.gov/submissions/CIK0001692819.json (최초 보고기간 2017Q1),,11
Vistra,VST,2011Q3,,분기말 지배지분 자본,데이터 없음(최초 보고기간 이전),USD,데이터 없음(최초 보고기간 전),https://data.sec.gov/submissions/CIK0001692819.json (최초 보고기간 2017Q1),,11
Vistra,VST,2011Q3,,분기말 종가,데이터 없음(상장 전),,데이터 없음(상장 전),https://query1.finance.yahoo.com/v8/finance/chart/VST (최초 거래일 이전),,11
Vistra,VST,2011Q3,,분기말 상장주식수,데이터 없음(상장 전),,데이터 없음(상장 전),https://query1.finance.yahoo.com/v8/finance/chart/VST (최초 거래일 이전),,11
Vistra,VST,2011Q3,,분기말 시가총액,데이터 없음(상장 전),,데이터 없음(상장 전),https://query1.finance.yahoo.com/v8/finance/chart/VST (최초 거래일 이전),,11
Vistra,VST,2011Q4,,분기별 매출액,데이터 없음(최초 보고기간 이전),USD,데이터 없음(최초 보고기간 전),https://data.sec.gov/submissions/CIK0001692819.json (최초 보고기간 2017Q1),,11
Vistra,VST,2011Q4,,분기별 영업이익,데이터 없음(최초 보고기간 이전),USD,데이터 없음(최초 보고기간 전),https://data.sec.gov/submissions/CIK0001692819.json (최초 보고기간 2017Q1),,11
Vistra,VST,2011Q4,,분기별 당기순이익(지배),데이터 없음(최초 보고기간 이전),USD,데이터 없음(최초 보고기간 전),https://data.sec.gov/submissions/CIK0001692819.json (최초 보고기간 2017Q1),,11
Vistra,VST,2011Q4,,분기별 영업활동현금흐름,데이터 없음(최초 보고기간 이전),USD,데이터 없음(최초 보고기간 전),https://data.sec.gov/submissions/CIK0001692819.json (최초 보고기간 2017Q1),,11
Vistra,VST,2011Q4,,분기말 자산총계,데이터 없음(최초 보고기간 이전),USD,데이터 없음(최초 보고기간 전),https://data.sec.gov/submissions/CIK0001692819.json (최초 보고기간 2017Q1),,11
Vistra,VST,2011Q4,,분기말 부채총계,데이터 없음(최초 보고기간 이전),USD,데이터 없음(최초 보고기간 전),https://data.sec.gov/submissions/CIK0001692819.json (최초 보고기간 2017Q1),,11
Vistra,VST,2011Q4,,분기말 총자본(자기자본),데이터 없음(최초 보고기간 이전),USD,데이터 없음(최초 보고기간 전),https://data.sec.gov/submissions/CIK0001692819.json (최초 보고기간 2017Q1),,11
Vistra,VST,2011Q4,,분기말 지배지분 자본,데이터 없음(최초 보고기간 이전),USD,데이터 없음(최초 보고기간 전),https://data.sec.gov/submissions/CIK0001692819.json (최초 보고기간 2017Q1),,11
Vistra,VST,2011Q4,,분기말 종가,데이터 없음(상장 전),,데이터 없음(상장 전),https://query1.finance.yahoo.com/v8/finance/chart/VST (최초 거래일 이전),,11
Vistra,VST,2011Q4,,분기말 상장주식수,데이터 없음(상장 전),,데이터 없음(상장 전),https://query1.finance.yahoo.com/v8/finance/chart/VST (최초 거래일 이전),,11
Vistra,VST,2011Q4,,분기말 시가총액,데이터 없음(상장 전),,데이터 없음(상장 전),https://query1.finance.yahoo.com/v8/finance/chart/VST (최초 거래일 이전),,11
Vistra,VST,2012Q1,,분기별 매출액,데이터 없음(최초 보고기간 이전),USD,데이터 없음(최초 보고기간 전),https://data.sec.gov/submissions/CIK0001692819.json (최초 보고기간 2017Q1),,11
Vistra,VST,2012Q1,,분기별 영업이익,데이터 없음(최초 보고기간 이전),USD,데이터 없음(최초 보고기간 전),https://data.sec.gov/submissions/CIK0001692819.json (최초 보고기간 2017Q1),,11
Vistra,VST,2012Q1,,분기별 당기순이익(지배),데이터 없음(최초 보고기간 이전),USD,데이터 없음(최초 보고기간 전),https://data.sec.gov/submissions/CIK0001692819.json (최초 보고기간 2017Q1),,11
Vistra,VST,2012Q1,,분기별 영업활동현금흐름,데이터 없음(최초 보고기간 이전),USD,데이터 없음(최초 보고기간 전),https://data.sec.gov/submissions/CIK0001692819.json (최초 보고기간 2017Q1),,11
Vistra,VST,2012Q1,,분기말 자산총계,데이터 없음(최초 보고기간 이전),USD,데이터 없음(최초 보고기간 전),https://data.sec.gov/submissions/CIK0001692819.json (최초 보고기간 2017Q1),,11
Vistra,VST,2012Q1,,분기말 부채총계,데이터 없음(최초 보고기간 이전),USD,데이터 없음(최초 보고기간 전),https://data.sec.gov/submissions/CIK0001692819.json (최초 보고기간 2017Q1),,11
Vistra,VST,2012Q1,,분기말 총자본(자기자본),데이터 없음(최초 보고기간 이전),USD,데이터 없음(최초 보고기간 전),https://data.sec.gov/submissions/CIK0001692819.json (최초 보고기간 2017Q1),,11
Vistra,VST,2012Q1,,분기말 지배지분 자본,데이터 없음(최초 보고기간 이전),USD,데이터 없음(최초 보고기간 전),https://data.sec.gov/submissions/CIK0001692819.json (최초 보고기간 2017Q1),,11
Vistra,VST,2012Q1,,분기말 종가,데이터 없음(상장 전),,데이터 없음(상장 전),https://query1.finance.yahoo.com/v8/finance/chart/VST (최초 거래일 이전),,11
Vistra,VST,2012Q1,,분기말 상장주식수,데이터 없음(상장 전),,데이터 없음(상장 전),https://query1.finance.yahoo.com/v8/finance/chart/VST (최초 거래일 이전),,11
Vistra,VST,2012Q1,,분기말 시가총액,데이터 없음(상장 전),,데이터 없음(상장 전),https://query1.finance.yahoo.com/v8/finance/chart/VST (최초 거래일 이전),,11
Vistra,VST,2012Q2,,분기별 매출액,데이터 없음(최초 보고기간 이전),USD,데이터 없음(최초 보고기간 전),https://data.sec.gov/submissions/CIK0001692819.json (최초 보고기간 2017Q1),,11
Vistra,VST,2012Q2,,분기별 영업이익,데이터 없음(최초 보고기간 이전),USD,데이터 없음(최초 보고기간 전),https://data.sec.gov/submissions/CIK0001692819.json (최초 보고기간 2017Q1),,11
Vistra,VST,2012Q2,,분기별 당기순이익(지배),데이터 없음(최초 보고기간 이전),USD,데이터 없음(최초 보고기간 전),https://data.sec.gov/submissions/CIK0001692819.json (최초 보고기간 2017Q1),,11
Vistra,VST,2012Q2,,분기별 영업활동현금흐름,데이터 없음(최초 보고기간 이전),USD,데이터 없음(최초 보고기간 전),https://data.sec.gov/submissions/CIK0001692819.json (최초 보고기간 2017Q1),,11
Vistra,VST,2012Q2,,분기말 자산총계,데이터 없음(최초 보고기간 이전),USD,데이터 없음(최초 보고기간 전),https://data.sec.gov/submissions/CIK0001692819.json (최초 보고기간 2017Q1),,11
Vistra,VST,2012Q2,,분기말 부채총계,데이터 없음(최초 보고기간 이전),USD,데이터 없음(최초 보고기간 전),https://data.sec.gov/submissions/CIK0001692819.json (최초 보고기간 2017Q1),,11
Vistra,VST,2012Q2,,분기말 총자본(자기자본),데이터 없음(최초 보고기간 이전),USD,데이터 없음(최초 보고기간 전),https://data.sec.gov/submissions/CIK0001692819.json (최초 보고기간 2017Q1),,11
Vistra,VST,2012Q2,,분기말 지배지분 자본,데이터 없음(최초 보고기간 이전),USD,데이터 없음(최초 보고기간 전),https://data.sec.gov/submissions/CIK0001692819.json (최초 보고기간 2017Q1),,11
Vistra,VST,2012Q2,,분기말 종가,데이터 없음(상장 전),,데이터 없음(상장 전),https://query1.finance.yahoo.com/v8/finance/chart/VST (최초 거래일 이전),,11
Vistra,VST,2012Q2,,분기말 상장주식수,데이터 없음(상장 전),,데이터 없음(상장 전),https://query1.finance.yahoo.com/v8/finance/chart/VST (최초 거래일 이전),,11
Vistra,VST,2012Q2,,분기말 시가총액,데이터 없음(상장 전),,데이터 없음(상장 전),https://query1.finance.yahoo.com/v8/finance/chart/VST (최초 거래일 이전),,11
Vistra,VST,2012Q3,,분기별 매출액,데이터 없음(최초 보고기간 이전),USD,데이터 없음(최초 보고기간 전),https://data.sec.gov/submissions/CIK0001692819.json (최초 보고기간 2017Q1),,11
Vistra,VST,2012Q3,,분기별 영업이익,데이터 없음(최초 보고기간 이전),USD,데이터 없음(최초 보고기간 전),https://data.sec.gov/submissions/CIK0001692819.json (최초 보고기간 2017Q1),,11
Vistra,VST,2012Q3,,분기별 당기순이익(지배),데이터 없음(최초 보고기간 이전),USD,데이터 없음(최초 보고기간 전),https://data.sec.gov/submissions/CIK0001692819.json (최초 보고기간 2017Q1),,11
Vistra,VST,2012Q3,,분기별 영업활동현금흐름,데이터 없음(최초 보고기간 이전),USD,데이터 없음(최초 보고기간 전),https://data.sec.gov/submissions/CIK0001692819.json (최초 보고기간 2017Q1),,11
Vistra,VST,2012Q3,,분기말 자산총계,데이터 없음(최초 보고기간 이전),USD,데이터 없음(최초 보고기간 전),https://data.sec.gov/submissions/CIK0001692819.json (최초 보고기간 2017Q1),,11
Vistra,VST,2012Q3,,분기말 부채총계,데이터 없음(최초 보고기간 이전),USD,데이터 없음(최초 보고기간 전),https://data.sec.gov/submissions/CIK0001692819.json (최초 보고기간 2017Q1),,11
Vistra,VST,2012Q3,,분기말 총자본(자기자본),데이터 없음(최초 보고기간 이전),USD,데이터 없음(최초 보고기간 전),https://data.sec.gov/submissions/CIK0001692819.json (최초 보고기간 2017Q1),,11
Vistra,VST,2012Q3,,분기말 지배지분 자본,데이터 없음(최초 보고기간 이전),USD,데이터 없음(최초 보고기간 전),https://data.sec.gov/submissions/CIK0001692819.json (최초 보고기간 2017Q1),,11
Vistra,VST,2012Q3,,분기말 종가,데이터 없음(상장 전),,데이터 없음(상장 전),https://query1.finance.yahoo.com/v8/finance/chart/VST (최초 거래일 이전),,11
Vistra,VST,2012Q3,,분기말 상장주식수,데이터 없음(상장 전),,데이터 없음(상장 전),https://query1.finance.yahoo.com/v8/finance/chart/VST (최초 거래일 이전),,11
Vistra,VST,2012Q3,,분기말 시가총액,데이터 없음(상장 전),,데이터 없음(상장 전),https://query1.finance.yahoo.com/v8/finance/chart/VST (최초 거래일 이전),,11
Vistra,VST,2012Q4,,분기별 매출액,데이터 없음(최초 보고기간 이전),USD,데이터 없음(최초 보고기간 전),https://data.sec.gov/submissions/CIK0001692819.json (최초 보고기간 2017Q1),,11
Vistra,VST,2012Q4,,분기별 영업이익,데이터 없음(최초 보고기간 이전),USD,데이터 없음(최초 보고기간 전),https://data.sec.gov/submissions/CIK0001692819.json (최초 보고기간 2017Q1),,11
Vistra,VST,2012Q4,,분기별 당기순이익(지배),데이터 없음(최초 보고기간 이전),USD,데이터 없음(최초 보고기간 전),https://data.sec.gov/submissions/CIK0001692819.json (최초 보고기간 2017Q1),,11
Vistra,VST,2012Q4,,분기별 영업활동현금흐름,데이터 없음(최초 보고기간 이전),USD,데이터 없음(최초 보고기간 전),https://data.sec.gov/submissions/CIK0001692819.json (최초 보고기간 2017Q1),,11
Vistra,VST,2012Q4,,분기말 자산총계,데이터 없음(최초 보고기간 이전),USD,데이터 없음(최초 보고기간 전),https://data.sec.gov/submissions/CIK0001692819.json (최초 보고기간 2017Q1),,11
Vistra,VST,2012Q4,,분기말 부채총계,데이터 없음(최초 보고기간 이전),USD,데이터 없음(최초 보고기간 전),https://data.sec.gov/submissions/CIK0001692819.json (최초 보고기간 2017Q1),,11
Vistra,VST,2012Q4,,분기말 총자본(자기자본),데이터 없음(최초 보고기간 이전),USD,데이터 없음(최초 보고기간 전),https://data.sec.gov/submissions/CIK0001692819.json (최초 보고기간 2017Q1),,11
Vistra,VST,2012Q4,,분기말 지배지분 자본,데이터 없음(최초 보고기간 이전),USD,데이터 없음(최초 보고기간 전),https://data.sec.gov/submissions/CIK0001692819.json (최초 보고기간 2017Q1),,11
Vistra,VST,2012Q4,,분기말 종가,데이터 없음(상장 전),,데이터 없음(상장 전),https://query1.finance.yahoo.com/v8/finance/chart/VST (최초 거래일 이전),,11
Vistra,VST,2012Q4,,분기말 상장주식수,데이터 없음(상장 전),,데이터 없음(상장 전),https://query1.finance.yahoo.com/v8/finance/chart/VST (최초 거래일 이전),,11
Vistra,VST,2012Q4,,분기말 시가총액,데이터 없음(상장 전),,데이터 없음(상장 전),https://query1.finance.yahoo.com/v8/finance/chart/VST (최초 거래일 이전),,11
Vistra,VST,2013Q1,,분기별 매출액,데이터 없음(최초 보고기간 이전),USD,데이터 없음(최초 보고기간 전),https://data.sec.gov/submissions/CIK0001692819.json (최초 보고기간 2017Q1),,11
Vistra,VST,2013Q1,,분기별 영업이익,데이터 없음(최초 보고기간 이전),USD,데이터 없음(최초 보고기간 전),https://data.sec.gov/submissions/CIK0001692819.json (최초 보고기간 2017Q1),,11
Vistra,VST,2013Q1,,분기별 당기순이익(지배),데이터 없음(최초 보고기간 이전),USD,데이터 없음(최초 보고기간 전),https://data.sec.gov/submissions/CIK0001692819.json (최초 보고기간 2017Q1),,11
Vistra,VST,2013Q1,,분기별 영업활동현금흐름,데이터 없음(최초 보고기간 이전),USD,데이터 없음(최초 보고기간 전),https://data.sec.gov/submissions/CIK0001692819.json (최초 보고기간 2017Q1),,11
Vistra,VST,2013Q1,,분기말 자산총계,데이터 없음(최초 보고기간 이전),USD,데이터 없음(최초 보고기간 전),https://data.sec.gov/submissions/CIK0001692819.json (최초 보고기간 2017Q1),,11
Vistra,VST,2013Q1,,분기말 부채총계,데이터 없음(최초 보고기간 이전),USD,데이터 없음(최초 보고기간 전),https://data.sec.gov/submissions/CIK0001692819.json (최초 보고기간 2017Q1),,11
Vistra,VST,2013Q1,,분기말 총자본(자기자본),데이터 없음(최초 보고기간 이전),USD,데이터 없음(최초 보고기간 전),https://data.sec.gov/submissions/CIK0001692819.json (최초 보고기간 2017Q1),,11
Vistra,VST,2013Q1,,분기말 지배지분 자본,데이터 없음(최초 보고기간 이전),USD,데이터 없음(최초 보고기간 전),https://data.sec.gov/submissions/CIK0001692819.json (최초 보고기간 2017Q1),,11
Vistra,VST,2013Q1,,분기말 종가,데이터 없음(상장 전),,데이터 없음(상장 전),https://query1.finance.yahoo.com/v8/finance/chart/VST (최초 거래일 이전),,11
Vistra,VST,2013Q1,,분기말 상장주식수,데이터 없음(상장 전),,데이터 없음(상장 전),https://query1.finance.yahoo.com/v8/finance/chart/VST (최초 거래일 이전),,11
Vistra,VST,2013Q1,,분기말 시가총액,데이터 없음(상장 전),,데이터 없음(상장 전),https://query1.finance.yahoo.com/v8/finance/chart/VST (최초 거래일 이전),,11
Vistra,VST,2013Q2,,분기별 매출액,데이터 없음(최초 보고기간 이전),USD,데이터 없음(최초 보고기간 전),https://data.sec.gov/submissions/CIK0001692819.json (최초 보고기간 2017Q1),,11
Vistra,VST,2013Q2,,분기별 영업이익,데이터 없음(최초 보고기간 이전),USD,데이터 없음(최초 보고기간 전),https://data.sec.gov/submissions/CIK0001692819.json (최초 보고기간 2017Q1),,11
Vistra,VST,2013Q2,,분기별 당기순이익(지배),데이터 없음(최초 보고기간 이전),USD,데이터 없음(최초 보고기간 전),https://data.sec.gov/submissions/CIK0001692819.json (최초 보고기간 2017Q1),,11
Vistra,VST,2013Q2,,분기별 영업활동현금흐름,데이터 없음(최초 보고기간 이전),USD,데이터 없음(최초 보고기간 전),https://data.sec.gov/submissions/CIK0001692819.json (최초 보고기간 2017Q1),,11
Vistra,VST,2013Q2,,분기말 자산총계,데이터 없음(최초 보고기간 이전),USD,데이터 없음(최초 보고기간 전),https://data.sec.gov/submissions/CIK0001692819.json (최초 보고기간 2017Q1),,11
Vistra,VST,2013Q2,,분기말 부채총계,데이터 없음(최초 보고기간 이전),USD,데이터 없음(최초 보고기간 전),https://data.sec.gov/submissions/CIK0001692819.json (최초 보고기간 2017Q1),,11
Vistra,VST,2013Q2,,분기말 총자본(자기자본),데이터 없음(최초 보고기간 이전),USD,데이터 없음(최초 보고기간 전),https://data.sec.gov/submissions/CIK0001692819.json (최초 보고기간 2017Q1),,11
Vistra,VST,2013Q2,,분기말 지배지분 자본,데이터 없음(최초 보고기간 이전),USD,데이터 없음(최초 보고기간 전),https://data.sec.gov/submissions/CIK0001692819.json (최초 보고기간 2017Q1),,11
Vistra,VST,2013Q2,,분기말 종가,데이터 없음(상장 전),,데이터 없음(상장 전),https://query1.finance.yahoo.com/v8/finance/chart/VST (최초 거래일 이전),,11
Vistra,VST,2013Q2,,분기말 상장주식수,데이터 없음(상장 전),,데이터 없음(상장 전),https://query1.finance.yahoo.com/v8/finance/chart/VST (최초 거래일 이전),,11
Vistra,VST,2013Q2,,분기말 시가총액,데이터 없음(상장 전),,데이터 없음(상장 전),https://query1.finance.yahoo.com/v8/finance/chart/VST (최초 거래일 이전),,11
Vistra,VST,2013Q3,,분기별 매출액,데이터 없음(최초 보고기간 이전),USD,데이터 없음(최초 보고기간 전),https://data.sec.gov/submissions/CIK0001692819.json (최초 보고기간 2017Q1),,11
Vistra,VST,2013Q3,,분기별 영업이익,데이터 없음(최초 보고기간 이전),USD,데이터 없음(최초 보고기간 전),https://data.sec.gov/submissions/CIK0001692819.json (최초 보고기간 2017Q1),,11
Vistra,VST,2013Q3,,분기별 당기순이익(지배),데이터 없음(최초 보고기간 이전),USD,데이터 없음(최초 보고기간 전),https://data.sec.gov/submissions/CIK0001692819.json (최초 보고기간 2017Q1),,11
Vistra,VST,2013Q3,,분기별 영업활동현금흐름,데이터 없음(최초 보고기간 이전),USD,데이터 없음(최초 보고기간 전),https://data.sec.gov/submissions/CIK0001692819.json (최초 보고기간 2017Q1),,11
Vistra,VST,2013Q3,,분기말 자산총계,데이터 없음(최초 보고기간 이전),USD,데이터 없음(최초 보고기간 전),https://data.sec.gov/submissions/CIK0001692819.json (최초 보고기간 2017Q1),,11
Vistra,VST,2013Q3,,분기말 부채총계,데이터 없음(최초 보고기간 이전),USD,데이터 없음(최초 보고기간 전),https://data.sec.gov/submissions/CIK0001692819.json (최초 보고기간 2017Q1),,11
Vistra,VST,2013Q3,,분기말 총자본(자기자본),데이터 없음(최초 보고기간 이전),USD,데이터 없음(최초 보고기간 전),https://data.sec.gov/submissions/CIK0001692819.json (최초 보고기간 2017Q1),,11
Vistra,VST,2013Q3,,분기말 지배지분 자본,데이터 없음(최초 보고기간 이전),USD,데이터 없음(최초 보고기간 전),https://data.sec.gov/submissions/CIK0001692819.json (최초 보고기간 2017Q1),,11
Vistra,VST,2013Q3,,분기말 종가,데이터 없음(상장 전),,데이터 없음(상장 전),https://query1.finance.yahoo.com/v8/finance/chart/VST (최초 거래일 이전),,11
Vistra,VST,2013Q3,,분기말 상장주식수,데이터 없음(상장 전),,데이터 없음(상장 전),https://query1.finance.yahoo.com/v8/finance/chart/VST (최초 거래일 이전),,11
Vistra,VST,2013Q3,,분기말 시가총액,데이터 없음(상장 전),,데이터 없음(상장 전),https://query1.finance.yahoo.com/v8/finance/chart/VST (최초 거래일 이전),,11
Vistra,VST,2013Q4,,분기별 매출액,데이터 없음(최초 보고기간 이전),USD,데이터 없음(최초 보고기간 전),https://data.sec.gov/submissions/CIK0001692819.json (최초 보고기간 2017Q1),,11
Vistra,VST,2013Q4,,분기별 영업이익,데이터 없음(최초 보고기간 이전),USD,데이터 없음(최초 보고기간 전),https://data.sec.gov/submissions/CIK0001692819.json (최초 보고기간 2017Q1),,11
Vistra,VST,2013Q4,,분기별 당기순이익(지배),데이터 없음(최초 보고기간 이전),USD,데이터 없음(최초 보고기간 전),https://data.sec.gov/submissions/CIK0001692819.json (최초 보고기간 2017Q1),,11
Vistra,VST,2013Q4,,분기별 영업활동현금흐름,데이터 없음(최초 보고기간 이전),USD,데이터 없음(최초 보고기간 전),https://data.sec.gov/submissions/CIK0001692819.json (최초 보고기간 2017Q1),,11
Vistra,VST,2013Q4,,분기말 자산총계,데이터 없음(최초 보고기간 이전),USD,데이터 없음(최초 보고기간 전),https://data.sec.gov/submissions/CIK0001692819.json (최초 보고기간 2017Q1),,11
Vistra,VST,2013Q4,,분기말 부채총계,데이터 없음(최초 보고기간 이전),USD,데이터 없음(최초 보고기간 전),https://data.sec.gov/submissions/CIK0001692819.json (최초 보고기간 2017Q1),,11
Vistra,VST,2013Q4,,분기말 총자본(자기자본),데이터 없음(최초 보고기간 이전),USD,데이터 없음(최초 보고기간 전),https://data.sec.gov/submissions/CIK0001692819.json (최초 보고기간 2017Q1),,11
Vistra,VST,2013Q4,,분기말 지배지분 자본,데이터 없음(최초 보고기간 이전),USD,데이터 없음(최초 보고기간 전),https://data.sec.gov/submissions/CIK0001692819.json (최초 보고기간 2017Q1),,11
Vistra,VST,2013Q4,,분기말 종가,데이터 없음(상장 전),,데이터 없음(상장 전),https://query1.finance.yahoo.com/v8/finance/chart/VST (최초 거래일 이전),,11
Vistra,VST,2013Q4,,분기말 상장주식수,데이터 없음(상장 전),,데이터 없음(상장 전),https://query1.finance.yahoo.com/v8/finance/chart/VST (최초 거래일 이전),,11
Vistra,VST,2013Q4,,분기말 시가총액,데이터 없음(상장 전),,데이터 없음(상장 전),https://query1.finance.yahoo.com/v8/finance/chart/VST (최초 거래일 이전),,11
Vistra,VST,2014Q1,,분기별 매출액,데이터 없음(최초 보고기간 이전),USD,데이터 없음(최초 보고기간 전),https://data.sec.gov/submissions/CIK0001692819.json (최초 보고기간 2017Q1),,11
Vistra,VST,2014Q1,,분기별 영업이익,데이터 없음(최초 보고기간 이전),USD,데이터 없음(최초 보고기간 전),https://data.sec.gov/submissions/CIK0001692819.json (최초 보고기간 2017Q1),,11
Vistra,VST,2014Q1,,분기별 당기순이익(지배),데이터 없음(최초 보고기간 이전),USD,데이터 없음(최초 보고기간 전),https://data.sec.gov/submissions/CIK0001692819.json (최초 보고기간 2017Q1),,11
Vistra,VST,2014Q1,,분기별 영업활동현금흐름,데이터 없음(최초 보고기간 이전),USD,데이터 없음(최초 보고기간 전),https://data.sec.gov/submissions/CIK0001692819.json (최초 보고기간 2017Q1),,11
Vistra,VST,2014Q1,,분기말 자산총계,데이터 없음(최초 보고기간 이전),USD,데이터 없음(최초 보고기간 전),https://data.sec.gov/submissions/CIK0001692819.json (최초 보고기간 2017Q1),,11
Vistra,VST,2014Q1,,분기말 부채총계,데이터 없음(최초 보고기간 이전),USD,데이터 없음(최초 보고기간 전),https://data.sec.gov/submissions/CIK0001692819.json (최초 보고기간 2017Q1),,11
Vistra,VST,2014Q1,,분기말 총자본(자기자본),데이터 없음(최초 보고기간 이전),USD,데이터 없음(최초 보고기간 전),https://data.sec.gov/submissions/CIK0001692819.json (최초 보고기간 2017Q1),,11
Vistra,VST,2014Q1,,분기말 지배지분 자본,데이터 없음(최초 보고기간 이전),USD,데이터 없음(최초 보고기간 전),https://data.sec.gov/submissions/CIK0001692819.json (최초 보고기간 2017Q1),,11
Vistra,VST,2014Q1,,분기말 종가,데이터 없음(상장 전),,데이터 없음(상장 전),https://query1.finance.yahoo.com/v8/finance/chart/VST (최초 거래일 이전),,11
Vistra,VST,2014Q1,,분기말 상장주식수,데이터 없음(상장 전),,데이터 없음(상장 전),https://query1.finance.yahoo.com/v8/finance/chart/VST (최초 거래일 이전),,11
Vistra,VST,2014Q1,,분기말 시가총액,데이터 없음(상장 전),,데이터 없음(상장 전),https://query1.finance.yahoo.com/v8/finance/chart/VST (최초 거래일 이전),,11
Vistra,VST,2014Q2,,분기별 매출액,데이터 없음(최초 보고기간 이전),USD,데이터 없음(최초 보고기간 전),https://data.sec.gov/submissions/CIK0001692819.json (최초 보고기간 2017Q1),,11
Vistra,VST,2014Q2,,분기별 영업이익,데이터 없음(최초 보고기간 이전),USD,데이터 없음(최초 보고기간 전),https://data.sec.gov/submissions/CIK0001692819.json (최초 보고기간 2017Q1),,11
Vistra,VST,2014Q2,,분기별 당기순이익(지배),데이터 없음(최초 보고기간 이전),USD,데이터 없음(최초 보고기간 전),https://data.sec.gov/submissions/CIK0001692819.json (최초 보고기간 2017Q1),,11
Vistra,VST,2014Q2,,분기별 영업활동현금흐름,데이터 없음(최초 보고기간 이전),USD,데이터 없음(최초 보고기간 전),https://data.sec.gov/submissions/CIK0001692819.json (최초 보고기간 2017Q1),,11
Vistra,VST,2014Q2,,분기말 자산총계,데이터 없음(최초 보고기간 이전),USD,데이터 없음(최초 보고기간 전),https://data.sec.gov/submissions/CIK0001692819.json (최초 보고기간 2017Q1),,11
Vistra,VST,2014Q2,,분기말 부채총계,데이터 없음(최초 보고기간 이전),USD,데이터 없음(최초 보고기간 전),https://data.sec.gov/submissions/CIK0001692819.json (최초 보고기간 2017Q1),,11
Vistra,VST,2014Q2,,분기말 총자본(자기자본),데이터 없음(최초 보고기간 이전),USD,데이터 없음(최초 보고기간 전),https://data.sec.gov/submissions/CIK0001692819.json (최초 보고기간 2017Q1),,11
Vistra,VST,2014Q2,,분기말 지배지분 자본,데이터 없음(최초 보고기간 이전),USD,데이터 없음(최초 보고기간 전),https://data.sec.gov/submissions/CIK0001692819.json (최초 보고기간 2017Q1),,11
Vistra,VST,2014Q2,,분기말 종가,데이터 없음(상장 전),,데이터 없음(상장 전),https://query1.finance.yahoo.com/v8/finance/chart/VST (최초 거래일 이전),,11
Vistra,VST,2014Q2,,분기말 상장주식수,데이터 없음(상장 전),,데이터 없음(상장 전),https://query1.finance.yahoo.com/v8/finance/chart/VST (최초 거래일 이전),,11
Vistra,VST,2014Q2,,분기말 시가총액,데이터 없음(상장 전),,데이터 없음(상장 전),https://query1.finance.yahoo.com/v8/finance/chart/VST (최초 거래일 이전),,11
Vistra,VST,2014Q3,,분기별 매출액,데이터 없음(최초 보고기간 이전),USD,데이터 없음(최초 보고기간 전),https://data.sec.gov/submissions/CIK0001692819.json (최초 보고기간 2017Q1),,11
Vistra,VST,2014Q3,,분기별 영업이익,데이터 없음(최초 보고기간 이전),USD,데이터 없음(최초 보고기간 전),https://data.sec.gov/submissions/CIK0001692819.json (최초 보고기간 2017Q1),,11
Vistra,VST,2014Q3,,분기별 당기순이익(지배),데이터 없음(최초 보고기간 이전),USD,데이터 없음(최초 보고기간 전),https://data.sec.gov/submissions/CIK0001692819.json (최초 보고기간 2017Q1),,11
Vistra,VST,2014Q3,,분기별 영업활동현금흐름,데이터 없음(최초 보고기간 이전),USD,데이터 없음(최초 보고기간 전),https://data.sec.gov/submissions/CIK0001692819.json (최초 보고기간 2017Q1),,11
Vistra,VST,2014Q3,,분기말 자산총계,데이터 없음(최초 보고기간 이전),USD,데이터 없음(최초 보고기간 전),https://data.sec.gov/submissions/CIK0001692819.json (최초 보고기간 2017Q1),,11
Vistra,VST,2014Q3,,분기말 부채총계,데이터 없음(최초 보고기간 이전),USD,데이터 없음(최초 보고기간 전),https://data.sec.gov/submissions/CIK0001692819.json (최초 보고기간 2017Q1),,11
Vistra,VST,2014Q3,,분기말 총자본(자기자본),데이터 없음(최초 보고기간 이전),USD,데이터 없음(최초 보고기간 전),https://data.sec.gov/submissions/CIK0001692819.json (최초 보고기간 2017Q1),,11
Vistra,VST,2014Q3,,분기말 지배지분 자본,데이터 없음(최초 보고기간 이전),USD,데이터 없음(최초 보고기간 전),https://data.sec.gov/submissions/CIK0001692819.json (최초 보고기간 2017Q1),,11
Vistra,VST,2014Q3,,분기말 종가,데이터 없음(상장 전),,데이터 없음(상장 전),https://query1.finance.yahoo.com/v8/finance/chart/VST (최초 거래일 이전),,11
Vistra,VST,2014Q3,,분기말 상장주식수,데이터 없음(상장 전),,데이터 없음(상장 전),https://query1.finance.yahoo.com/v8/finance/chart/VST (최초 거래일 이전),,11
Vistra,VST,2014Q3,,분기말 시가총액,데이터 없음(상장 전),,데이터 없음(상장 전),https://query1.finance.yahoo.com/v8/finance/chart/VST (최초 거래일 이전),,11
Vistra,VST,2014Q4,,분기별 매출액,데이터 없음(최초 보고기간 이전),USD,데이터 없음(최초 보고기간 전),https://data.sec.gov/submissions/CIK0001692819.json (최초 보고기간 2017Q1),,11
Vistra,VST,2014Q4,,분기별 영업이익,데이터 없음(최초 보고기간 이전),USD,데이터 없음(최초 보고기간 전),https://data.sec.gov/submissions/CIK0001692819.json (최초 보고기간 2017Q1),,11
Vistra,VST,2014Q4,,분기별 당기순이익(지배),데이터 없음(최초 보고기간 이전),USD,데이터 없음(최초 보고기간 전),https://data.sec.gov/submissions/CIK0001692819.json (최초 보고기간 2017Q1),,11
Vistra,VST,2014Q4,,분기별 영업활동현금흐름,데이터 없음(최초 보고기간 이전),USD,데이터 없음(최초 보고기간 전),https://data.sec.gov/submissions/CIK0001692819.json (최초 보고기간 2017Q1),,11
Vistra,VST,2014Q4,,분기말 자산총계,데이터 없음(최초 보고기간 이전),USD,데이터 없음(최초 보고기간 전),https://data.sec.gov/submissions/CIK0001692819.json (최초 보고기간 2017Q1),,11
Vistra,VST,2014Q4,,분기말 부채총계,데이터 없음(최초 보고기간 이전),USD,데이터 없음(최초 보고기간 전),https://data.sec.gov/submissions/CIK0001692819.json (최초 보고기간 2017Q1),,11
Vistra,VST,2014Q4,,분기말 총자본(자기자본),데이터 없음(최초 보고기간 이전),USD,데이터 없음(최초 보고기간 전),https://data.sec.gov/submissions/CIK0001692819.json (최초 보고기간 2017Q1),,11
Vistra,VST,2014Q4,,분기말 지배지분 자본,데이터 없음(최초 보고기간 이전),USD,데이터 없음(최초 보고기간 전),https://data.sec.gov/submissions/CIK0001692819.json (최초 보고기간 2017Q1),,11
Vistra,VST,2014Q4,,분기말 종가,데이터 없음(상장 전),,데이터 없음(상장 전),https://query1.finance.yahoo.com/v8/finance/chart/VST (최초 거래일 이전),,11
Vistra,VST,2014Q4,,분기말 상장주식수,데이터 없음(상장 전),,데이터 없음(상장 전),https://query1.finance.yahoo.com/v8/finance/chart/VST (최초 거래일 이전),,11
Vistra,VST,2014Q4,,분기말 시가총액,데이터 없음(상장 전),,데이터 없음(상장 전),https://query1.finance.yahoo.com/v8/finance/chart/VST (최초 거래일 이전),,11
Vistra,VST,2015Q1,,분기별 매출액,데이터 없음(최초 보고기간 이전),USD,데이터 없음(최초 보고기간 전),https://data.sec.gov/submissions/CIK0001692819.json (최초 보고기간 2017Q1),,11
Vistra,VST,2015Q1,,분기별 영업이익,데이터 없음(최초 보고기간 이전),USD,데이터 없음(최초 보고기간 전),https://data.sec.gov/submissions/CIK0001692819.json (최초 보고기간 2017Q1),,11
Vistra,VST,2015Q1,,분기별 당기순이익(지배),데이터 없음(최초 보고기간 이전),USD,데이터 없음(최초 보고기간 전),https://data.sec.gov/submissions/CIK0001692819.json (최초 보고기간 2017Q1),,11
Vistra,VST,2015Q1,,분기별 영업활동현금흐름,데이터 없음(최초 보고기간 이전),USD,데이터 없음(최초 보고기간 전),https://data.sec.gov/submissions/CIK0001692819.json (최초 보고기간 2017Q1),,11
Vistra,VST,2015Q1,,분기말 자산총계,데이터 없음(최초 보고기간 이전),USD,데이터 없음(최초 보고기간 전),https://data.sec.gov/submissions/CIK0001692819.json (최초 보고기간 2017Q1),,11
Vistra,VST,2015Q1,,분기말 부채총계,데이터 없음(최초 보고기간 이전),USD,데이터 없음(최초 보고기간 전),https://data.sec.gov/submissions/CIK0001692819.json (최초 보고기간 2017Q1),,11
Vistra,VST,2015Q1,,분기말 총자본(자기자본),데이터 없음(최초 보고기간 이전),USD,데이터 없음(최초 보고기간 전),https://data.sec.gov/submissions/CIK0001692819.json (최초 보고기간 2017Q1),,11
Vistra,VST,2015Q1,,분기말 지배지분 자본,데이터 없음(최초 보고기간 이전),USD,데이터 없음(최초 보고기간 전),https://data.sec.gov/submissions/CIK0001692819.json (최초 보고기간 2017Q1),,11
Vistra,VST,2015Q1,,분기말 종가,데이터 없음(상장 전),,데이터 없음(상장 전),https://query1.finance.yahoo.com/v8/finance/chart/VST (최초 거래일 이전),,11
Vistra,VST,2015Q1,,분기말 상장주식수,데이터 없음(상장 전),,데이터 없음(상장 전),https://query1.finance.yahoo.com/v8/finance/chart/VST (최초 거래일 이전),,11
Vistra,VST,2015Q1,,분기말 시가총액,데이터 없음(상장 전),,데이터 없음(상장 전),https://query1.finance.yahoo.com/v8/finance/chart/VST (최초 거래일 이전),,11
Vistra,VST,2015Q2,,분기별 매출액,데이터 없음(최초 보고기간 이전),USD,데이터 없음(최초 보고기간 전),https://data.sec.gov/submissions/CIK0001692819.json (최초 보고기간 2017Q1),,11
Vistra,VST,2015Q2,,분기별 영업이익,데이터 없음(최초 보고기간 이전),USD,데이터 없음(최초 보고기간 전),https://data.sec.gov/submissions/CIK0001692819.json (최초 보고기간 2017Q1),,11
Vistra,VST,2015Q2,,분기별 당기순이익(지배),데이터 없음(최초 보고기간 이전),USD,데이터 없음(최초 보고기간 전),https://data.sec.gov/submissions/CIK0001692819.json (최초 보고기간 2017Q1),,11
Vistra,VST,2015Q2,,분기별 영업활동현금흐름,데이터 없음(최초 보고기간 이전),USD,데이터 없음(최초 보고기간 전),https://data.sec.gov/submissions/CIK0001692819.json (최초 보고기간 2017Q1),,11
Vistra,VST,2015Q2,,분기말 자산총계,데이터 없음(최초 보고기간 이전),USD,데이터 없음(최초 보고기간 전),https://data.sec.gov/submissions/CIK0001692819.json (최초 보고기간 2017Q1),,11
Vistra,VST,2015Q2,,분기말 부채총계,데이터 없음(최초 보고기간 이전),USD,데이터 없음(최초 보고기간 전),https://data.sec.gov/submissions/CIK0001692819.json (최초 보고기간 2017Q1),,11
Vistra,VST,2015Q2,,분기말 총자본(자기자본),데이터 없음(최초 보고기간 이전),USD,데이터 없음(최초 보고기간 전),https://data.sec.gov/submissions/CIK0001692819.json (최초 보고기간 2017Q1),,11
Vistra,VST,2015Q2,,분기말 지배지분 자본,데이터 없음(최초 보고기간 이전),USD,데이터 없음(최초 보고기간 전),https://data.sec.gov/submissions/CIK0001692819.json (최초 보고기간 2017Q1),,11
Vistra,VST,2015Q2,,분기말 종가,데이터 없음(상장 전),,데이터 없음(상장 전),https://query1.finance.yahoo.com/v8/finance/chart/VST (최초 거래일 이전),,11
Vistra,VST,2015Q2,,분기말 상장주식수,데이터 없음(상장 전),,데이터 없음(상장 전),https://query1.finance.yahoo.com/v8/finance/chart/VST (최초 거래일 이전),,11
Vistra,VST,2015Q2,,분기말 시가총액,데이터 없음(상장 전),,데이터 없음(상장 전),https://query1.finance.yahoo.com/v8/finance/chart/VST (최초 거래일 이전),,11
Vistra,VST,2015Q3,,분기별 매출액,데이터 없음(최초 보고기간 이전),USD,데이터 없음(최초 보고기간 전),https://data.sec.gov/submissions/CIK0001692819.json (최초 보고기간 2017Q1),,11
Vistra,VST,2015Q3,,분기별 영업이익,데이터 없음(최초 보고기간 이전),USD,데이터 없음(최초 보고기간 전),https://data.sec.gov/submissions/CIK0001692819.json (최초 보고기간 2017Q1),,11
Vistra,VST,2015Q3,,분기별 당기순이익(지배),데이터 없음(최초 보고기간 이전),USD,데이터 없음(최초 보고기간 전),https://data.sec.gov/submissions/CIK0001692819.json (최초 보고기간 2017Q1),,11
Vistra,VST,2015Q3,,분기별 영업활동현금흐름,데이터 없음(최초 보고기간 이전),USD,데이터 없음(최초 보고기간 전),https://data.sec.gov/submissions/CIK0001692819.json (최초 보고기간 2017Q1),,11
Vistra,VST,2015Q3,,분기말 자산총계,데이터 없음(최초 보고기간 이전),USD,데이터 없음(최초 보고기간 전),https://data.sec.gov/submissions/CIK0001692819.json (최초 보고기간 2017Q1),,11
Vistra,VST,2015Q3,,분기말 부채총계,데이터 없음(최초 보고기간 이전),USD,데이터 없음(최초 보고기간 전),https://data.sec.gov/submissions/CIK0001692819.json (최초 보고기간 2017Q1),,11
Vistra,VST,2015Q3,,분기말 총자본(자기자본),데이터 없음(최초 보고기간 이전),USD,데이터 없음(최초 보고기간 전),https://data.sec.gov/submissions/CIK0001692819.json (최초 보고기간 2017Q1),,11
Vistra,VST,2015Q3,,분기말 지배지분 자본,데이터 없음(최초 보고기간 이전),USD,데이터 없음(최초 보고기간 전),https://data.sec.gov/submissions/CIK0001692819.json (최초 보고기간 2017Q1),,11
Vistra,VST,2015Q3,,분기말 종가,데이터 없음(상장 전),,데이터 없음(상장 전),https://query1.finance.yahoo.com/v8/finance/chart/VST (최초 거래일 이전),,11
Vistra,VST,2015Q3,,분기말 상장주식수,데이터 없음(상장 전),,데이터 없음(상장 전),https://query1.finance.yahoo.com/v8/finance/chart/VST (최초 거래일 이전),,11
Vistra,VST,2015Q3,,분기말 시가총액,데이터 없음(상장 전),,데이터 없음(상장 전),https://query1.finance.yahoo.com/v8/finance/chart/VST (최초 거래일 이전),,11
Vistra,VST,2015Q4,,분기별 매출액,데이터 없음(최초 보고기간 이전),USD,데이터 없음(최초 보고기간 전),https://data.sec.gov/submissions/CIK0001692819.json (최초 보고기간 2017Q1),,11
Vistra,VST,2015Q4,,분기별 영업이익,데이터 없음(최초 보고기간 이전),USD,데이터 없음(최초 보고기간 전),https://data.sec.gov/submissions/CIK0001692819.json (최초 보고기간 2017Q1),,11
Vistra,VST,2015Q4,,분기별 당기순이익(지배),데이터 없음(최초 보고기간 이전),USD,데이터 없음(최초 보고기간 전),https://data.sec.gov/submissions/CIK0001692819.json (최초 보고기간 2017Q1),,11
Vistra,VST,2015Q4,,분기별 영업활동현금흐름,데이터 없음(최초 보고기간 이전),USD,데이터 없음(최초 보고기간 전),https://data.sec.gov/submissions/CIK0001692819.json (최초 보고기간 2017Q1),,11
Vistra,VST,2015Q4,,분기말 자산총계,데이터 없음(최초 보고기간 이전),USD,데이터 없음(최초 보고기간 전),https://data.sec.gov/submissions/CIK0001692819.json (최초 보고기간 2017Q1),,11
Vistra,VST,2015Q4,,분기말 부채총계,데이터 없음(최초 보고기간 이전),USD,데이터 없음(최초 보고기간 전),https://data.sec.gov/submissions/CIK0001692819.json (최초 보고기간 2017Q1),,11
Vistra,VST,2015Q4,,분기말 총자본(자기자본),데이터 없음(최초 보고기간 이전),USD,데이터 없음(최초 보고기간 전),https://data.sec.gov/submissions/CIK0001692819.json (최초 보고기간 2017Q1),,11
Vistra,VST,2015Q4,,분기말 지배지분 자본,데이터 없음(최초 보고기간 이전),USD,데이터 없음(최초 보고기간 전),https://data.sec.gov/submissions/CIK0001692819.json (최초 보고기간 2017Q1),,11
Vistra,VST,2015Q4,,분기말 종가,데이터 없음(상장 전),,데이터 없음(상장 전),https://query1.finance.yahoo.com/v8/finance/chart/VST (최초 거래일 이전),,11
Vistra,VST,2015Q4,,분기말 상장주식수,데이터 없음(상장 전),,데이터 없음(상장 전),https://query1.finance.yahoo.com/v8/finance/chart/VST (최초 거래일 이전),,11
Vistra,VST,2015Q4,,분기말 시가총액,데이터 없음(상장 전),,데이터 없음(상장 전),https://query1.finance.yahoo.com/v8/finance/chart/VST (최초 거래일 이전),,11
Vistra,VST,2016Q1,,분기별 매출액,데이터 없음(최초 보고기간 이전),USD,데이터 없음(최초 보고기간 전),https://data.sec.gov/submissions/CIK0001692819.json (최초 보고기간 2017Q1),,11
Vistra,VST,2016Q1,,분기별 영업이익,데이터 없음(최초 보고기간 이전),USD,데이터 없음(최초 보고기간 전),https://data.sec.gov/submissions/CIK0001692819.json (최초 보고기간 2017Q1),,11
Vistra,VST,2016Q1,,분기별 당기순이익(지배),데이터 없음(최초 보고기간 이전),USD,데이터 없음(최초 보고기간 전),https://data.sec.gov/submissions/CIK0001692819.json (최초 보고기간 2017Q1),,11
Vistra,VST,2016Q1,,분기별 영업활동현금흐름,데이터 없음(최초 보고기간 이전),USD,데이터 없음(최초 보고기간 전),https://data.sec.gov/submissions/CIK0001692819.json (최초 보고기간 2017Q1),,11
Vistra,VST,2016Q1,,분기말 자산총계,데이터 없음(최초 보고기간 이전),USD,데이터 없음(최초 보고기간 전),https://data.sec.gov/submissions/CIK0001692819.json (최초 보고기간 2017Q1),,11
Vistra,VST,2016Q1,,분기말 부채총계,데이터 없음(최초 보고기간 이전),USD,데이터 없음(최초 보고기간 전),https://data.sec.gov/submissions/CIK0001692819.json (최초 보고기간 2017Q1),,11
Vistra,VST,2016Q1,,분기말 총자본(자기자본),데이터 없음(최초 보고기간 이전),USD,데이터 없음(최초 보고기간 전),https://data.sec.gov/submissions/CIK0001692819.json (최초 보고기간 2017Q1),,11
Vistra,VST,2016Q1,,분기말 지배지분 자본,데이터 없음(최초 보고기간 이전),USD,데이터 없음(최초 보고기간 전),https://data.sec.gov/submissions/CIK0001692819.json (최초 보고기간 2017Q1),,11
Vistra,VST,2016Q1,,분기말 종가,데이터 없음(상장 전),,데이터 없음(상장 전),https://query1.finance.yahoo.com/v8/finance/chart/VST (최초 거래일 이전),,11
Vistra,VST,2016Q1,,분기말 상장주식수,데이터 없음(상장 전),,데이터 없음(상장 전),https://query1.finance.yahoo.com/v8/finance/chart/VST (최초 거래일 이전),,11
Vistra,VST,2016Q1,,분기말 시가총액,데이터 없음(상장 전),,데이터 없음(상장 전),https://query1.finance.yahoo.com/v8/finance/chart/VST (최초 거래일 이전),,11
Vistra,VST,2016Q2,,분기별 매출액,데이터 없음(최초 보고기간 이전),USD,데이터 없음(최초 보고기간 전),https://data.sec.gov/submissions/CIK0001692819.json (최초 보고기간 2017Q1),,11
Vistra,VST,2016Q2,,분기별 영업이익,데이터 없음(최초 보고기간 이전),USD,데이터 없음(최초 보고기간 전),https://data.sec.gov/submissions/CIK0001692819.json (최초 보고기간 2017Q1),,11
Vistra,VST,2016Q2,,분기별 당기순이익(지배),데이터 없음(최초 보고기간 이전),USD,데이터 없음(최초 보고기간 전),https://data.sec.gov/submissions/CIK0001692819.json (최초 보고기간 2017Q1),,11
Vistra,VST,2016Q2,,분기별 영업활동현금흐름,데이터 없음(최초 보고기간 이전),USD,데이터 없음(최초 보고기간 전),https://data.sec.gov/submissions/CIK0001692819.json (최초 보고기간 2017Q1),,11
Vistra,VST,2016Q2,,분기말 자산총계,데이터 없음(최초 보고기간 이전),USD,데이터 없음(최초 보고기간 전),https://data.sec.gov/submissions/CIK0001692819.json (최초 보고기간 2017Q1),,11
Vistra,VST,2016Q2,,분기말 부채총계,데이터 없음(최초 보고기간 이전),USD,데이터 없음(최초 보고기간 전),https://data.sec.gov/submissions/CIK0001692819.json (최초 보고기간 2017Q1),,11
Vistra,VST,2016Q2,,분기말 총자본(자기자본),데이터 없음(최초 보고기간 이전),USD,데이터 없음(최초 보고기간 전),https://data.sec.gov/submissions/CIK0001692819.json (최초 보고기간 2017Q1),,11
Vistra,VST,2016Q2,,분기말 지배지분 자본,데이터 없음(최초 보고기간 이전),USD,데이터 없음(최초 보고기간 전),https://data.sec.gov/submissions/CIK0001692819.json (최초 보고기간 2017Q1),,11
Vistra,VST,2016Q2,,분기말 종가,데이터 없음(상장 전),,데이터 없음(상장 전),https://query1.finance.yahoo.com/v8/finance/chart/VST (최초 거래일 이전),,11
Vistra,VST,2016Q2,,분기말 상장주식수,데이터 없음(상장 전),,데이터 없음(상장 전),https://query1.finance.yahoo.com/v8/finance/chart/VST (최초 거래일 이전),,11
Vistra,VST,2016Q2,,분기말 시가총액,데이터 없음(상장 전),,데이터 없음(상장 전),https://query1.finance.yahoo.com/v8/finance/chart/VST (최초 거래일 이전),,11
Vistra,VST,2016Q3,,분기별 매출액,데이터 없음(최초 보고기간 이전),USD,데이터 없음(최초 보고기간 전),https://data.sec.gov/submissions/CIK0001692819.json (최초 보고기간 2017Q1),,11
Vistra,VST,2016Q3,,분기별 영업이익,데이터 없음(최초 보고기간 이전),USD,데이터 없음(최초 보고기간 전),https://data.sec.gov/submissions/CIK0001692819.json (최초 보고기간 2017Q1),,11
Vistra,VST,2016Q3,,분기별 당기순이익(지배),데이터 없음(최초 보고기간 이전),USD,데이터 없음(최초 보고기간 전),https://data.sec.gov/submissions/CIK0001692819.json (최초 보고기간 2017Q1),,11
Vistra,VST,2016Q3,,분기별 영업활동현금흐름,데이터 없음(최초 보고기간 이전),USD,데이터 없음(최초 보고기간 전),https://data.sec.gov/submissions/CIK0001692819.json (최초 보고기간 2017Q1),,11
Vistra,VST,2016Q3,,분기말 자산총계,데이터 없음(최초 보고기간 이전),USD,데이터 없음(최초 보고기간 전),https://data.sec.gov/submissions/CIK0001692819.json (최초 보고기간 2017Q1),,11
Vistra,VST,2016Q3,,분기말 부채총계,데이터 없음(최초 보고기간 이전),USD,데이터 없음(최초 보고기간 전),https://data.sec.gov/submissions/CIK0001692819.json (최초 보고기간 2017Q1),,11
Vistra,VST,2016Q3,,분기말 총자본(자기자본),데이터 없음(최초 보고기간 이전),USD,데이터 없음(최초 보고기간 전),https://data.sec.gov/submissions/CIK0001692819.json (최초 보고기간 2017Q1),,11
Vistra,VST,2016Q3,,분기말 지배지분 자본,데이터 없음(최초 보고기간 이전),USD,데이터 없음(최초 보고기간 전),https://data.sec.gov/submissions/CIK0001692819.json (최초 보고기간 2017Q1),,11
Vistra,VST,2016Q3,,분기말 종가,데이터 없음(상장 전),,데이터 없음(상장 전),https://query1.finance.yahoo.com/v8/finance/chart/VST (최초 거래일 이전),,11
Vistra,VST,2016Q3,,분기말 상장주식수,데이터 없음(상장 전),,데이터 없음(상장 전),https://query1.finance.yahoo.com/v8/finance/chart/VST (최초 거래일 이전),,11
Vistra,VST,2016Q3,,분기말 시가총액,데이터 없음(상장 전),,데이터 없음(상장 전),https://query1.finance.yahoo.com/v8/finance/chart/VST (최초 거래일 이전),,11
Vistra,VST,2016Q4,,분기별 매출액,데이터 없음(최초 보고기간 이전),USD,데이터 없음(최초 보고기간 전),https://data.sec.gov/submissions/CIK0001692819.json (최초 보고기간 2017Q1),,11
Vistra,VST,2016Q4,,분기별 영업이익,데이터 없음(최초 보고기간 이전),USD,데이터 없음(최초 보고기간 전),https://data.sec.gov/submissions/CIK0001692819.json (최초 보고기간 2017Q1),,11
Vistra,VST,2016Q4,,분기별 당기순이익(지배),데이터 없음(최초 보고기간 이전),USD,데이터 없음(최초 보고기간 전),https://data.sec.gov/submissions/CIK0001692819.json (최초 보고기간 2017Q1),,11
Vistra,VST,2016Q4,,분기별 영업활동현금흐름,데이터 없음(최초 보고기간 이전),USD,데이터 없음(최초 보고기간 전),https://data.sec.gov/submissions/CIK0001692819.json (최초 보고기간 2017Q1),,11
Vistra,VST,2016Q4,,분기말 자산총계,데이터 없음(최초 보고기간 이전),USD,데이터 없음(최초 보고기간 전),https://data.sec.gov/submissions/CIK0001692819.json (최초 보고기간 2017Q1),,11
Vistra,VST,2016Q4,,분기말 부채총계,데이터 없음(최초 보고기간 이전),USD,데이터 없음(최초 보고기간 전),https://data.sec.gov/submissions/CIK0001692819.json (최초 보고기간 2017Q1),,11
Vistra,VST,2016Q4,,분기말 총자본(자기자본),데이터 없음(최초 보고기간 이전),USD,데이터 없음(최초 보고기간 전),https://data.sec.gov/submissions/CIK0001692819.json (최초 보고기간 2017Q1),,11
Vistra,VST,2016Q4,,분기말 지배지분 자본,데이터 없음(최초 보고기간 이전),USD,데이터 없음(최초 보고기간 전),https://data.sec.gov/submissions/CIK0001692819.json (최초 보고기간 2017Q1),,11
Vistra,VST,2016Q4,,분기말 종가,데이터 없음(상장 전),,데이터 없음(상장 전),https://query1.finance.yahoo.com/v8/finance/chart/VST (최초 거래일 이전),,11
Vistra,VST,2016Q4,,분기말 상장주식수,데이터 없음(상장 전),,데이터 없음(상장 전),https://query1.finance.yahoo.com/v8/finance/chart/VST (최초 거래일 이전),,11
Vistra,VST,2016Q4,,분기말 시가총액,데이터 없음(상장 전),,데이터 없음(상장 전),https://query1.finance.yahoo.com/v8/finance/chart/VST (최초 거래일 이전),,11
Vistra,VST,2017Q1,2017-03-31,분기별 매출액,1357000000,USD,공시(후속 보고서 비교기간),https://www.sec.gov/Archives/edgar/data/1692819/000169281918000022/,Revenues ; 그 분기 보고서에 연결 총계가 없어 2018-05-04 제출본의 비교기간에서 읽었다,11
Vistra,VST,2017Q1,2017-03-31,분기별 영업이익,155000000,USD,공시(후속 보고서 비교기간),https://www.sec.gov/Archives/edgar/data/1692819/000169281918000022/,OperatingIncomeLoss ; 그 분기 보고서에 연결 총계가 없어 2018-05-04 제출본의 비교기간에서 읽었다,11
Vistra,VST,2017Q1,2017-03-31,분기별 당기순이익(지배),미확인,USD,미확인,https://www.sec.gov/Archives/edgar/data/1692819/000169281917000004/,,11
Vistra,VST,2017Q1,2017-03-31,분기별 영업활동현금흐름,미확인,USD,미확인,https://www.sec.gov/Archives/edgar/data/1692819/000169281917000004/,,11
Vistra,VST,2017Q1,2017-03-31,분기말 자산총계,14715000000,USD,공시,https://www.sec.gov/Archives/edgar/data/1692819/000169281917000004/,,11
Vistra,VST,2017Q1,2017-03-31,분기말 부채총계,8035000000,USD,공시,https://www.sec.gov/Archives/edgar/data/1692819/000169281917000004/,,11
Vistra,VST,2017Q1,2017-03-31,분기말 총자본(자기자본),6680000000,USD,공시,https://www.sec.gov/Archives/edgar/data/1692819/000169281917000004/,,11
Vistra,VST,2017Q1,2017-03-31,분기말 지배지분 자본,6680000000,USD,공시(비지배 없음),https://www.sec.gov/Archives/edgar/data/1692819/000169281917000004/,"StockholdersEquityIncludingPortionAttributableToNoncontrollingInterest, MinorityInterest 태그 없음",11
Vistra,VST,2017Q1,2017-03-31,분기말 종가,16.3,USD,API,https://query1.finance.yahoo.com/v8/finance/chart/VST?interval=1d&events=splits (2017-03-31),,11
Vistra,VST,2017Q1,2017-05-16,분기말 상장주식수,427587401,주,공시(표지 기준일),https://www.sec.gov/Archives/edgar/data/1692819/000169281917000004/,dei:EntityCommonStockSharesOutstanding 클래스 합,11
Vistra,VST,2017Q1,2017-03-31,분기말 시가총액,6969674636,USD,계산(종가×주식수),https://query1.finance.yahoo.com/v8/finance/chart/VST?interval=1d&events=splits (2017-03-31) ; https://www.sec.gov/Archives/edgar/data/1692819/000169281917000004/,종가 16.3 × 주식수 427587401,11
Vistra,VST,2017Q2,2017-06-30,분기별 매출액,1296000000,USD,공시(후속 보고서 비교기간),https://www.sec.gov/Archives/edgar/data/1692819/000169281918000045/,Revenues ; 그 분기 보고서에 연결 총계가 없어 2018-08-06 제출본의 비교기간에서 읽었다,11
Vistra,VST,2017Q2,2017-06-30,분기별 영업이익,53000000,USD,공시(후속 보고서 비교기간),https://www.sec.gov/Archives/edgar/data/1692819/000169281918000045/,OperatingIncomeLoss ; 그 분기 보고서에 연결 총계가 없어 2018-08-06 제출본의 비교기간에서 읽었다,11
Vistra,VST,2017Q2,2017-06-30,분기별 당기순이익(지배),-26000000,USD,공시(후속 보고서 비교기간),https://www.sec.gov/Archives/edgar/data/1692819/000169281918000045/,NetIncomeLoss ; 그 분기 보고서에 연결 총계가 없어 2018-08-06 제출본의 비교기간에서 읽었다,11
Vistra,VST,2017Q2,2017-06-30,분기별 영업활동현금흐름,미확인,USD,미확인,https://www.sec.gov/Archives/edgar/data/1692819/000169281917000010/,,11
Vistra,VST,2017Q2,2017-06-30,분기말 자산총계,14784000000,USD,공시,https://www.sec.gov/Archives/edgar/data/1692819/000169281917000010/,,11
Vistra,VST,2017Q2,2017-06-30,분기말 부채총계,8126000000,USD,공시,https://www.sec.gov/Archives/edgar/data/1692819/000169281917000010/,,11
Vistra,VST,2017Q2,2017-06-30,분기말 총자본(자기자본),6658000000,USD,공시,https://www.sec.gov/Archives/edgar/data/1692819/000169281917000010/,,11
Vistra,VST,2017Q2,2017-06-30,분기말 지배지분 자본,6658000000,USD,공시(비지배 없음),https://www.sec.gov/Archives/edgar/data/1692819/000169281917000010/,"StockholdersEquityIncludingPortionAttributableToNoncontrollingInterest, MinorityInterest 태그 없음",11
Vistra,VST,2017Q2,2017-06-30,분기말 종가,16.79,USD,API,https://query1.finance.yahoo.com/v8/finance/chart/VST?interval=1d&events=splits (2017-06-30),,11
Vistra,VST,2017Q2,2017-08-03,분기말 상장주식수,427589702,주,공시(표지 기준일),https://www.sec.gov/Archives/edgar/data/1692819/000169281917000010/,dei:EntityCommonStockSharesOutstanding 클래스 합,11
Vistra,VST,2017Q2,2017-06-30,분기말 시가총액,7179231097,USD,계산(종가×주식수),https://query1.finance.yahoo.com/v8/finance/chart/VST?interval=1d&events=splits (2017-06-30) ; https://www.sec.gov/Archives/edgar/data/1692819/000169281917000010/,종가 16.79 × 주식수 427589702,11
Vistra,VST,2017Q3,2017-09-30,분기별 매출액,1833000000,USD,공시(후속 보고서 비교기간),https://www.sec.gov/Archives/edgar/data/1692819/000169281918000048/,Revenues ; 그 분기 보고서에 연결 총계가 없어 2018-11-02 제출본의 비교기간에서 읽었다,11
Vistra,VST,2017Q3,2017-09-30,분기별 영업이익,452000000,USD,공시(후속 보고서 비교기간),https://www.sec.gov/Archives/edgar/data/1692819/000169281918000048/,OperatingIncomeLoss ; 그 분기 보고서에 연결 총계가 없어 2018-11-02 제출본의 비교기간에서 읽었다,11
Vistra,VST,2017Q3,2017-09-30,분기별 당기순이익(지배),273000000,USD,공시(후속 보고서 비교기간),https://www.sec.gov/Archives/edgar/data/1692819/000169281918000048/,NetIncomeLoss ; 그 분기 보고서에 연결 총계가 없어 2018-11-02 제출본의 비교기간에서 읽었다,11
Vistra,VST,2017Q3,2017-09-30,분기별 영업활동현금흐름,미확인,USD,미확인,https://www.sec.gov/Archives/edgar/data/1692819/000169281917000022/,,11
Vistra,VST,2017Q3,2017-09-30,분기말 자산총계,15000000000,USD,공시,https://www.sec.gov/Archives/edgar/data/1692819/000169281917000022/,,11
Vistra,VST,2017Q3,2017-09-30,분기말 부채총계,8065000000,USD,공시,https://www.sec.gov/Archives/edgar/data/1692819/000169281917000022/,,11
Vistra,VST,2017Q3,2017-09-30,분기말 총자본(자기자본),6935000000,USD,공시,https://www.sec.gov/Archives/edgar/data/1692819/000169281917000022/,,11
Vistra,VST,2017Q3,2017-09-30,분기말 지배지분 자본,6935000000,USD,공시(비지배 없음),https://www.sec.gov/Archives/edgar/data/1692819/000169281917000022/,"StockholdersEquityIncludingPortionAttributableToNoncontrollingInterest, MinorityInterest 태그 없음",11
Vistra,VST,2017Q3,2017-09-29,분기말 종가,18.69,USD,API,https://query1.finance.yahoo.com/v8/finance/chart/VST?interval=1d&events=splits (2017-09-29),,11
Vistra,VST,2017Q3,2017-10-31,분기말 상장주식수,428210147,주,공시(표지 기준일),https://www.sec.gov/Archives/edgar/data/1692819/000169281917000022/,dei:EntityCommonStockSharesOutstanding 클래스 합,11
Vistra,VST,2017Q3,2017-09-29,분기말 시가총액,8003247647,USD,계산(종가×주식수),https://query1.finance.yahoo.com/v8/finance/chart/VST?interval=1d&events=splits (2017-09-29) ; https://www.sec.gov/Archives/edgar/data/1692819/000169281917000022/,종가 18.69 × 주식수 428210147,11
Vistra,VST,2017Q4,2017-12-31,분기별 매출액,미확인,USD,미확인,https://www.sec.gov/Archives/edgar/data/1692819/000169281918000018/,,11
Vistra,VST,2017Q4,2017-12-31,분기별 영업이익,미확인,USD,미확인,https://www.sec.gov/Archives/edgar/data/1692819/000169281918000018/,,11
Vistra,VST,2017Q4,2017-12-31,분기별 당기순이익(지배),미확인,USD,미확인,https://www.sec.gov/Archives/edgar/data/1692819/000169281918000018/,,11
Vistra,VST,2017Q4,2017-12-31,분기별 영업활동현금흐름,미확인,USD,미확인,https://www.sec.gov/Archives/edgar/data/1692819/000169281918000018/,,11
Vistra,VST,2017Q4,2017-12-31,분기말 자산총계,14600000000,USD,공시,https://www.sec.gov/Archives/edgar/data/1692819/000169281918000018/,,11
Vistra,VST,2017Q4,2017-12-31,분기말 부채총계,8258000000,USD,공시,https://www.sec.gov/Archives/edgar/data/1692819/000169281918000018/,,11
Vistra,VST,2017Q4,2017-12-31,분기말 총자본(자기자본),6342000000,USD,공시(비지배 없음),https://www.sec.gov/Archives/edgar/data/1692819/000169281918000018/,"StockholdersEquity, MinorityInterest 태그 없음",11
Vistra,VST,2017Q4,2017-12-31,분기말 지배지분 자본,6342000000,USD,공시,https://www.sec.gov/Archives/edgar/data/1692819/000169281918000018/,,11
Vistra,VST,2017Q4,2017-12-29,분기말 종가,18.32,USD,API,https://query1.finance.yahoo.com/v8/finance/chart/VST?interval=1d&events=splits (2017-12-29),,11
Vistra,VST,2017Q4,2018-02-21,분기말 상장주식수,428447631,주,공시(표지 기준일),https://www.sec.gov/Archives/edgar/data/1692819/000169281918000018/,dei:EntityCommonStockSharesOutstanding 클래스 합,11
Vistra,VST,2017Q4,2017-12-29,분기말 시가총액,7849160600,USD,계산(종가×주식수),https://query1.finance.yahoo.com/v8/finance/chart/VST?interval=1d&events=splits (2017-12-29) ; https://www.sec.gov/Archives/edgar/data/1692819/000169281918000018/,종가 18.32 × 주식수 428447631,11
Vistra,VST,2018Q1,2018-03-31,분기별 매출액,765000000,USD,공시,https://www.sec.gov/Archives/edgar/data/1692819/000169281918000022/,,11
Vistra,VST,2018Q1,2018-03-31,분기별 영업이익,-394000000,USD,공시,https://www.sec.gov/Archives/edgar/data/1692819/000169281918000022/,,11
Vistra,VST,2018Q1,2018-03-31,분기별 당기순이익(지배),-306000000,USD,공시(비지배 없음),https://www.sec.gov/Archives/edgar/data/1692819/000169281918000022/,,11
Vistra,VST,2018Q1,2018-03-31,분기별 영업활동현금흐름,-22000000,USD,공시,https://www.sec.gov/Archives/edgar/data/1692819/000169281918000022/,,11
Vistra,VST,2018Q1,2018-03-31,분기말 자산총계,14776000000,USD,공시,https://www.sec.gov/Archives/edgar/data/1692819/000169281918000022/,,11
Vistra,VST,2018Q1,2018-03-31,분기말 부채총계,8716000000,USD,공시,https://www.sec.gov/Archives/edgar/data/1692819/000169281918000022/,,11
Vistra,VST,2018Q1,2018-03-31,분기말 총자본(자기자본),6060000000,USD,공시,https://www.sec.gov/Archives/edgar/data/1692819/000169281918000022/,,11
Vistra,VST,2018Q1,2018-03-31,분기말 지배지분 자본,6060000000,USD,공시(비지배 없음),https://www.sec.gov/Archives/edgar/data/1692819/000169281918000022/,"StockholdersEquityIncludingPortionAttributableToNoncontrollingInterest, MinorityInterest 태그 없음",11
Vistra,VST,2018Q1,2018-03-29,분기말 종가,20.83,USD,API,https://query1.finance.yahoo.com/v8/finance/chart/VST?interval=1d&events=splits (2018-03-29),,11
Vistra,VST,2018Q1,2018-05-01,분기말 상장주식수,522955994,주,공시(표지 기준일),https://www.sec.gov/Archives/edgar/data/1692819/000169281918000022/,dei:EntityCommonStockSharesOutstanding 클래스 합,11
Vistra,VST,2018Q1,2018-03-29,분기말 시가총액,10893173355,USD,계산(종가×주식수),https://query1.finance.yahoo.com/v8/finance/chart/VST?interval=1d&events=splits (2018-03-29) ; https://www.sec.gov/Archives/edgar/data/1692819/000169281918000022/,종가 20.83 × 주식수 522955994,11
Vistra,VST,2018Q2,2018-06-30,분기별 매출액,2574000000,USD,공시,https://www.sec.gov/Archives/edgar/data/1692819/000169281918000045/,,11
Vistra,VST,2018Q2,2018-06-30,분기별 영업이익,231000000,USD,공시,https://www.sec.gov/Archives/edgar/data/1692819/000169281918000045/,,11
Vistra,VST,2018Q2,2018-06-30,분기별 당기순이익(지배),108000000,USD,공시,https://www.sec.gov/Archives/edgar/data/1692819/000169281918000045/,,11
Vistra,VST,2018Q2,2018-06-30,분기별 영업활동현금흐름,-7000000,USD,계산(누적차감),https://www.sec.gov/Archives/edgar/data/1692819/000169281918000045/ ; https://www.sec.gov/Archives/edgar/data/1692819/000169281918000022/,누적 -29000000 − 직전누적 -22000000 (시작 2018-01-01),11
Vistra,VST,2018Q2,2018-06-30,분기말 자산총계,26470000000,USD,공시,https://www.sec.gov/Archives/edgar/data/1692819/000169281918000045/,,11
Vistra,VST,2018Q2,2018-06-30,분기말 부채총계,18050000000,USD,공시,https://www.sec.gov/Archives/edgar/data/1692819/000169281918000045/,,11
Vistra,VST,2018Q2,2018-06-30,분기말 총자본(자기자본),8420000000,USD,공시,https://www.sec.gov/Archives/edgar/data/1692819/000169281918000045/,,11
Vistra,VST,2018Q2,2018-06-30,분기말 지배지분 자본,8413000000,USD,공시,https://www.sec.gov/Archives/edgar/data/1692819/000169281918000045/,,11
Vistra,VST,2018Q2,2018-06-29,분기말 종가,23.66,USD,API,https://query1.finance.yahoo.com/v8/finance/chart/VST?interval=1d&events=splits (2018-06-29),,11
Vistra,VST,2018Q2,2018-08-02,분기말 상장주식수,518617157,주,공시(표지 기준일),https://www.sec.gov/Archives/edgar/data/1692819/000169281918000045/,dei:EntityCommonStockSharesOutstanding 클래스 합,11
Vistra,VST,2018Q2,2018-06-29,분기말 시가총액,12270481935,USD,계산(종가×주식수),https://query1.finance.yahoo.com/v8/finance/chart/VST?interval=1d&events=splits (2018-06-29) ; https://www.sec.gov/Archives/edgar/data/1692819/000169281918000045/,종가 23.66 × 주식수 518617157,11
Vistra,VST,2018Q3,2018-09-30,분기별 매출액,3243000000,USD,공시,https://www.sec.gov/Archives/edgar/data/1692819/000169281918000048/,,11
Vistra,VST,2018Q3,2018-09-30,분기별 영업이익,650000000,USD,공시,https://www.sec.gov/Archives/edgar/data/1692819/000169281918000048/,,11
Vistra,VST,2018Q3,2018-09-30,분기별 당기순이익(지배),330000000,USD,공시,https://www.sec.gov/Archives/edgar/data/1692819/000169281918000048/,,11
Vistra,VST,2018Q3,2018-09-30,분기별 영업활동현금흐름,892000000,USD,계산(누적차감),https://www.sec.gov/Archives/edgar/data/1692819/000169281918000048/ ; https://www.sec.gov/Archives/edgar/data/1692819/000169281918000045/,누적 863000000 − 직전누적 -29000000 (시작 2018-01-01),11
Vistra,VST,2018Q3,2018-09-30,분기말 자산총계,25888000000,USD,공시,https://www.sec.gov/Archives/edgar/data/1692819/000169281918000048/,,11
Vistra,VST,2018Q3,2018-09-30,분기말 부채총계,17483000000,USD,공시,https://www.sec.gov/Archives/edgar/data/1692819/000169281918000048/,,11
Vistra,VST,2018Q3,2018-09-30,분기말 총자본(자기자본),8405000000,USD,공시,https://www.sec.gov/Archives/edgar/data/1692819/000169281918000048/,,11
Vistra,VST,2018Q3,2018-09-30,분기말 지배지분 자본,8399000000,USD,공시,https://www.sec.gov/Archives/edgar/data/1692819/000169281918000048/,,11
Vistra,VST,2018Q3,2018-09-28,분기말 종가,24.88,USD,API,https://query1.finance.yahoo.com/v8/finance/chart/VST?interval=1d&events=splits (2018-09-28),,11
Vistra,VST,2018Q3,2018-10-31,분기말 상장주식수,504446340,주,공시(표지 기준일),https://www.sec.gov/Archives/edgar/data/1692819/000169281918000048/,dei:EntityCommonStockSharesOutstanding 클래스 합,11
Vistra,VST,2018Q3,2018-09-28,분기말 시가총액,12550624939,USD,계산(종가×주식수),https://query1.finance.yahoo.com/v8/finance/chart/VST?interval=1d&events=splits (2018-09-28) ; https://www.sec.gov/Archives/edgar/data/1692819/000169281918000048/,종가 24.88 × 주식수 504446340,11
Vistra,VST,2018Q4,2018-12-31,분기별 매출액,2563000000,USD,계산(연간-3분기누적),https://www.sec.gov/Archives/edgar/data/1692819/000169281919000005/ ; https://www.sec.gov/Archives/edgar/data/1692819/000169281918000048/,연간 9144000000 − 9개월누적 6581000000 (Revenues),11
Vistra,VST,2018Q4,2018-12-31,분기별 영업이익,6000000,USD,계산(연간-3분기누적),https://www.sec.gov/Archives/edgar/data/1692819/000169281919000005/ ; https://www.sec.gov/Archives/edgar/data/1692819/000169281918000048/,연간 491000000 − 9개월누적 485000000 (OperatingIncomeLoss),11
Vistra,VST,2018Q4,2018-12-31,분기별 당기순이익(지배),-186000000,USD,계산(연간-3분기누적),https://www.sec.gov/Archives/edgar/data/1692819/000169281919000005/ ; https://www.sec.gov/Archives/edgar/data/1692819/000169281918000048/,연간 -54000000 − 9개월누적 132000000 (NetIncomeLoss),11
Vistra,VST,2018Q4,2018-12-31,분기별 영업활동현금흐름,608000000,USD,계산(누적차감),https://www.sec.gov/Archives/edgar/data/1692819/000169281919000005/ ; https://www.sec.gov/Archives/edgar/data/1692819/000169281918000048/,누적 1471000000 − 직전누적 863000000 (시작 2018-01-01),11
Vistra,VST,2018Q4,2018-12-31,분기말 자산총계,26024000000,USD,공시,https://www.sec.gov/Archives/edgar/data/1692819/000169281919000005/,,11
Vistra,VST,2018Q4,2018-12-31,분기말 부채총계,18157000000,USD,공시,https://www.sec.gov/Archives/edgar/data/1692819/000169281919000005/,,11
Vistra,VST,2018Q4,2018-12-31,분기말 총자본(자기자본),7867000000,USD,공시,https://www.sec.gov/Archives/edgar/data/1692819/000169281919000005/,,11
Vistra,VST,2018Q4,2018-12-31,분기말 지배지분 자본,7863000000,USD,공시,https://www.sec.gov/Archives/edgar/data/1692819/000169281919000005/,,11
Vistra,VST,2018Q4,2018-12-31,분기말 종가,22.89,USD,API,https://query1.finance.yahoo.com/v8/finance/chart/VST?interval=1d&events=splits (2018-12-31),,11
Vistra,VST,2018Q4,2019-02-25,분기말 상장주식수,485894408,주,공시(표지 기준일),https://www.sec.gov/Archives/edgar/data/1692819/000169281919000005/,dei:EntityCommonStockSharesOutstanding 클래스 합,11
Vistra,VST,2018Q4,2018-12-31,분기말 시가총액,11122122999,USD,계산(종가×주식수),https://query1.finance.yahoo.com/v8/finance/chart/VST?interval=1d&events=splits (2018-12-31) ; https://www.sec.gov/Archives/edgar/data/1692819/000169281919000005/,종가 22.89 × 주식수 485894408,11
Vistra,VST,2019Q1,2019-03-31,분기별 매출액,2923000000,USD,공시,https://www.sec.gov/Archives/edgar/data/1692819/000169281919000008/,,11
Vistra,VST,2019Q1,2019-03-31,분기별 영업이익,490000000,USD,공시,https://www.sec.gov/Archives/edgar/data/1692819/000169281919000008/,,11
Vistra,VST,2019Q1,2019-03-31,분기별 당기순이익(지배),225000000,USD,공시,https://www.sec.gov/Archives/edgar/data/1692819/000169281919000008/,,11
Vistra,VST,2019Q1,2019-03-31,분기별 영업활동현금흐름,388000000,USD,공시,https://www.sec.gov/Archives/edgar/data/1692819/000169281919000008/,,11
Vistra,VST,2019Q1,2019-03-31,분기말 자산총계,25568000000,USD,공시,https://www.sec.gov/Archives/edgar/data/1692819/000169281919000008/,,11
Vistra,VST,2019Q1,2019-03-31,분기말 부채총계,17762000000,USD,공시,https://www.sec.gov/Archives/edgar/data/1692819/000169281919000008/,,11
Vistra,VST,2019Q1,2019-03-31,분기말 총자본(자기자본),7806000000,USD,공시,https://www.sec.gov/Archives/edgar/data/1692819/000169281919000008/,,11
Vistra,VST,2019Q1,2019-03-31,분기말 지배지분 자본,7804000000,USD,공시,https://www.sec.gov/Archives/edgar/data/1692819/000169281919000008/,,11
Vistra,VST,2019Q1,2019-03-29,분기말 종가,26.03,USD,API,https://query1.finance.yahoo.com/v8/finance/chart/VST?interval=1d&events=splits (2019-03-29),,11
Vistra,VST,2019Q1,2019-04-30,분기말 상장주식수,482614988,주,공시(표지 기준일),https://www.sec.gov/Archives/edgar/data/1692819/000169281919000008/,dei:EntityCommonStockSharesOutstanding 클래스 합,11
Vistra,VST,2019Q1,2019-03-29,분기말 시가총액,12562468138,USD,계산(종가×주식수),https://query1.finance.yahoo.com/v8/finance/chart/VST?interval=1d&events=splits (2019-03-29) ; https://www.sec.gov/Archives/edgar/data/1692819/000169281919000008/,종가 26.03 × 주식수 482614988,11
Vistra,VST,2019Q2,2019-06-30,분기별 매출액,2832000000,USD,공시,https://www.sec.gov/Archives/edgar/data/1692819/000169281919000015/,,11
Vistra,VST,2019Q2,2019-06-30,분기별 영업이익,729000000,USD,공시,https://www.sec.gov/Archives/edgar/data/1692819/000169281919000015/,,11
Vistra,VST,2019Q2,2019-06-30,분기별 당기순이익(지배),356000000,USD,공시,https://www.sec.gov/Archives/edgar/data/1692819/000169281919000015/,,11
Vistra,VST,2019Q2,2019-06-30,분기별 영업활동현금흐름,494000000,USD,계산(누적차감),https://www.sec.gov/Archives/edgar/data/1692819/000169281919000015/ ; https://www.sec.gov/Archives/edgar/data/1692819/000169281919000008/,누적 882000000 − 직전누적 388000000 (시작 2019-01-01),11
Vistra,VST,2019Q2,2019-06-30,분기말 자산총계,26520000000,USD,공시,https://www.sec.gov/Archives/edgar/data/1692819/000169281919000015/,,11
Vistra,VST,2019Q2,2019-06-30,분기말 부채총계,18616000000,USD,공시,https://www.sec.gov/Archives/edgar/data/1692819/000169281919000015/,,11
Vistra,VST,2019Q2,2019-06-30,분기말 총자본(자기자본),7904000000,USD,공시,https://www.sec.gov/Archives/edgar/data/1692819/000169281919000015/,,11
Vistra,VST,2019Q2,2019-06-30,분기말 지배지분 자본,7904000000,USD,공시,https://www.sec.gov/Archives/edgar/data/1692819/000169281919000015/,,11
Vistra,VST,2019Q2,2019-06-28,분기말 종가,22.64,USD,API,https://query1.finance.yahoo.com/v8/finance/chart/VST?interval=1d&events=splits (2019-06-28),,11
Vistra,VST,2019Q2,2019-07-31,분기말 상장주식수,491679984,주,공시(표지 기준일),https://www.sec.gov/Archives/edgar/data/1692819/000169281919000015/,dei:EntityCommonStockSharesOutstanding 클래스 합,11
Vistra,VST,2019Q2,2019-06-28,분기말 시가총액,11131634838,USD,계산(종가×주식수),https://query1.finance.yahoo.com/v8/finance/chart/VST?interval=1d&events=splits (2019-06-28) ; https://www.sec.gov/Archives/edgar/data/1692819/000169281919000015/,종가 22.64 × 주식수 491679984,11
Vistra,VST,2019Q3,2019-09-30,분기별 매출액,3194000000,USD,공시,https://www.sec.gov/Archives/edgar/data/1692819/000169281919000018/,,11
Vistra,VST,2019Q3,2019-09-30,분기별 영업이익,440000000,USD,공시,https://www.sec.gov/Archives/edgar/data/1692819/000169281919000018/,,11
Vistra,VST,2019Q3,2019-09-30,분기별 당기순이익(지배),113000000,USD,공시,https://www.sec.gov/Archives/edgar/data/1692819/000169281919000018/,,11
Vistra,VST,2019Q3,2019-09-30,분기별 영업활동현금흐름,941000000,USD,계산(누적차감),https://www.sec.gov/Archives/edgar/data/1692819/000169281919000018/ ; https://www.sec.gov/Archives/edgar/data/1692819/000169281919000015/,누적 1823000000 − 직전누적 882000000 (시작 2019-01-01),11
Vistra,VST,2019Q3,2019-09-30,분기말 자산총계,26443000000,USD,공시,https://www.sec.gov/Archives/edgar/data/1692819/000169281919000018/,,11
Vistra,VST,2019Q3,2019-09-30,분기말 부채총계,18651000000,USD,공시,https://www.sec.gov/Archives/edgar/data/1692819/000169281919000018/,,11
Vistra,VST,2019Q3,2019-09-30,분기말 총자본(자기자본),7792000000,USD,공시,https://www.sec.gov/Archives/edgar/data/1692819/000169281919000018/,,11
Vistra,VST,2019Q3,2019-09-30,분기말 지배지분 자본,7792000000,USD,공시,https://www.sec.gov/Archives/edgar/data/1692819/000169281919000018/,,11
Vistra,VST,2019Q3,2019-09-30,분기말 종가,26.73,USD,API,https://query1.finance.yahoo.com/v8/finance/chart/VST?interval=1d&events=splits (2019-09-30),,11
Vistra,VST,2019Q3,2019-10-31,분기말 상장주식수,487394276,주,공시(표지 기준일),https://www.sec.gov/Archives/edgar/data/1692819/000169281919000018/,dei:EntityCommonStockSharesOutstanding 클래스 합,11
Vistra,VST,2019Q3,2019-09-30,분기말 시가총액,13028048997,USD,계산(종가×주식수),https://query1.finance.yahoo.com/v8/finance/chart/VST?interval=1d&events=splits (2019-09-30) ; https://www.sec.gov/Archives/edgar/data/1692819/000169281919000018/,종가 26.73 × 주식수 487394276,11
Vistra,VST,2019Q4,2019-12-31,분기별 매출액,2860000000,USD,계산(연간-3분기누적),https://www.sec.gov/Archives/edgar/data/1692819/000169281920000005/ ; https://www.sec.gov/Archives/edgar/data/1692819/000169281919000018/,연간 11809000000 − 9개월누적 8949000000 (Revenues),11
Vistra,VST,2019Q4,2019-12-31,분기별 영업이익,334000000,USD,계산(연간-3분기누적),https://www.sec.gov/Archives/edgar/data/1692819/000169281920000005/ ; https://www.sec.gov/Archives/edgar/data/1692819/000169281919000018/,연간 1993000000 − 9개월누적 1659000000 (OperatingIncomeLoss),11
Vistra,VST,2019Q4,2019-12-31,분기별 당기순이익(지배),234000000,USD,계산(연간-3분기누적),https://www.sec.gov/Archives/edgar/data/1692819/000169281920000005/ ; https://www.sec.gov/Archives/edgar/data/1692819/000169281919000018/,연간 928000000 − 9개월누적 694000000 (NetIncomeLoss),11
Vistra,VST,2019Q4,2019-12-31,분기별 영업활동현금흐름,913000000,USD,계산(누적차감),https://www.sec.gov/Archives/edgar/data/1692819/000169281920000005/ ; https://www.sec.gov/Archives/edgar/data/1692819/000169281919000018/,누적 2736000000 − 직전누적 1823000000 (시작 2019-01-01),11
Vistra,VST,2019Q4,2019-12-31,분기말 자산총계,26616000000,USD,공시,https://www.sec.gov/Archives/edgar/data/1692819/000169281920000005/,,11
Vistra,VST,2019Q4,2019-12-31,분기말 부채총계,18656000000,USD,공시,https://www.sec.gov/Archives/edgar/data/1692819/000169281920000005/,,11
Vistra,VST,2019Q4,2019-12-31,분기말 총자본(자기자본),7960000000,USD,공시,https://www.sec.gov/Archives/edgar/data/1692819/000169281920000005/,,11
Vistra,VST,2019Q4,2019-12-31,분기말 지배지분 자본,7959000000,USD,공시,https://www.sec.gov/Archives/edgar/data/1692819/000169281920000005/,,11
Vistra,VST,2019Q4,2019-12-31,분기말 종가,22.99,USD,API,https://query1.finance.yahoo.com/v8/finance/chart/VST?interval=1d&events=splits (2019-12-31),,11
Vistra,VST,2019Q4,2020-02-24,분기말 상장주식수,487734006,주,공시(표지 기준일),https://www.sec.gov/Archives/edgar/data/1692819/000169281920000005/,dei:EntityCommonStockSharesOutstanding 클래스 합,11
Vistra,VST,2019Q4,2019-12-31,분기말 시가총액,11213004798,USD,계산(종가×주식수),https://query1.finance.yahoo.com/v8/finance/chart/VST?interval=1d&events=splits (2019-12-31) ; https://www.sec.gov/Archives/edgar/data/1692819/000169281920000005/,종가 22.99 × 주식수 487734006,11
Vistra,VST,2020Q1,2020-03-31,분기별 매출액,2858000000,USD,공시,https://www.sec.gov/Archives/edgar/data/1692819/000169281920000010/,,11
Vistra,VST,2020Q1,2020-03-31,분기별 영업이익,391000000,USD,공시,https://www.sec.gov/Archives/edgar/data/1692819/000169281920000010/,,11
Vistra,VST,2020Q1,2020-03-31,분기별 당기순이익(지배),56000000,USD,공시,https://www.sec.gov/Archives/edgar/data/1692819/000169281920000010/,,11
Vistra,VST,2020Q1,2020-03-31,분기별 영업활동현금흐름,552000000,USD,공시,https://www.sec.gov/Archives/edgar/data/1692819/000169281920000010/,,11
Vistra,VST,2020Q1,2020-03-31,분기말 자산총계,26669000000,USD,공시,https://www.sec.gov/Archives/edgar/data/1692819/000169281920000010/,,11
Vistra,VST,2020Q1,2020-03-31,분기말 부채총계,18743000000,USD,공시,https://www.sec.gov/Archives/edgar/data/1692819/000169281920000010/,,11
Vistra,VST,2020Q1,2020-03-31,분기말 총자본(자기자본),7926000000,USD,공시,https://www.sec.gov/Archives/edgar/data/1692819/000169281920000010/,,11
Vistra,VST,2020Q1,2020-03-31,분기말 지배지분 자본,7936000000,USD,공시,https://www.sec.gov/Archives/edgar/data/1692819/000169281920000010/,,11
Vistra,VST,2020Q1,2020-03-31,분기말 종가,15.96,USD,API,https://query1.finance.yahoo.com/v8/finance/chart/VST?interval=1d&events=splits (2020-03-31),,11
Vistra,VST,2020Q1,2020-04-30,분기말 상장주식수,488578428,주,공시(표지 기준일),https://www.sec.gov/Archives/edgar/data/1692819/000169281920000010/,dei:EntityCommonStockSharesOutstanding 클래스 합,11
Vistra,VST,2020Q1,2020-03-31,분기말 시가총액,7797711711,USD,계산(종가×주식수),https://query1.finance.yahoo.com/v8/finance/chart/VST?interval=1d&events=splits (2020-03-31) ; https://www.sec.gov/Archives/edgar/data/1692819/000169281920000010/,종가 15.96 × 주식수 488578428,11
Vistra,VST,2020Q2,2020-06-30,분기별 매출액,2509000000,USD,공시,https://www.sec.gov/Archives/edgar/data/1692819/000169281920000015/,,11
Vistra,VST,2020Q2,2020-06-30,분기별 영업이익,377000000,USD,공시,https://www.sec.gov/Archives/edgar/data/1692819/000169281920000015/,,11
Vistra,VST,2020Q2,2020-06-30,분기별 당기순이익(지배),166000000,USD,공시,https://www.sec.gov/Archives/edgar/data/1692819/000169281920000015/,,11
Vistra,VST,2020Q2,2020-06-30,분기별 영업활동현금흐름,757000000,USD,계산(누적차감),https://www.sec.gov/Archives/edgar/data/1692819/000169281920000015/ ; https://www.sec.gov/Archives/edgar/data/1692819/000169281920000010/,누적 1309000000 − 직전누적 552000000 (시작 2020-01-01),11
Vistra,VST,2020Q2,2020-06-30,분기말 자산총계,26307000000,USD,공시,https://www.sec.gov/Archives/edgar/data/1692819/000169281920000015/,,11
Vistra,VST,2020Q2,2020-06-30,분기말 부채총계,18263000000,USD,공시,https://www.sec.gov/Archives/edgar/data/1692819/000169281920000015/,,11
Vistra,VST,2020Q2,2020-06-30,분기말 총자본(자기자본),8044000000,USD,공시,https://www.sec.gov/Archives/edgar/data/1692819/000169281920000015/,,11
Vistra,VST,2020Q2,2020-06-30,분기말 지배지분 자본,8056000000,USD,공시,https://www.sec.gov/Archives/edgar/data/1692819/000169281920000015/,,11
Vistra,VST,2020Q2,2020-06-30,분기말 종가,18.62,USD,API,https://query1.finance.yahoo.com/v8/finance/chart/VST?interval=1d&events=splits (2020-06-30),,11
Vistra,VST,2020Q2,2020-07-31,분기말 상장주식수,488780072,주,공시(표지 기준일),https://www.sec.gov/Archives/edgar/data/1692819/000169281920000015/,dei:EntityCommonStockSharesOutstanding 클래스 합,11
Vistra,VST,2020Q2,2020-06-30,분기말 시가총액,9101084941,USD,계산(종가×주식수),https://query1.finance.yahoo.com/v8/finance/chart/VST?interval=1d&events=splits (2020-06-30) ; https://www.sec.gov/Archives/edgar/data/1692819/000169281920000015/,종가 18.62 × 주식수 488780072,11
Vistra,VST,2020Q3,2020-09-30,분기별 매출액,3552000000,USD,공시,https://www.sec.gov/Archives/edgar/data/1692819/000169281920000019/,,11
Vistra,VST,2020Q3,2020-09-30,분기별 영업이익,676000000,USD,공시,https://www.sec.gov/Archives/edgar/data/1692819/000169281920000019/,,11
Vistra,VST,2020Q3,2020-09-30,분기별 당기순이익(지배),443000000,USD,공시,https://www.sec.gov/Archives/edgar/data/1692819/000169281920000019/,,11
Vistra,VST,2020Q3,2020-09-30,분기별 영업활동현금흐름,1041000000,USD,계산(누적차감),https://www.sec.gov/Archives/edgar/data/1692819/000169281920000019/ ; https://www.sec.gov/Archives/edgar/data/1692819/000169281920000015/,누적 2350000000 − 직전누적 1309000000 (시작 2020-01-01),11
Vistra,VST,2020Q3,2020-09-30,분기말 자산총계,25499000000,USD,공시,https://www.sec.gov/Archives/edgar/data/1692819/000169281920000019/,,11
Vistra,VST,2020Q3,2020-09-30,분기말 부채총계,17068000000,USD,공시,https://www.sec.gov/Archives/edgar/data/1692819/000169281920000019/,,11
Vistra,VST,2020Q3,2020-09-30,분기말 총자본(자기자본),8431000000,USD,공시,https://www.sec.gov/Archives/edgar/data/1692819/000169281920000019/,,11
Vistra,VST,2020Q3,2020-09-30,분기말 지배지분 자본,8444000000,USD,공시,https://www.sec.gov/Archives/edgar/data/1692819/000169281920000019/,,11
Vistra,VST,2020Q3,2020-09-30,분기말 종가,18.86,USD,API,https://query1.finance.yahoo.com/v8/finance/chart/VST?interval=1d&events=splits (2020-09-30),,11
Vistra,VST,2020Q3,2020-10-30,분기말 상장주식수,489133516,주,공시(표지 기준일),https://www.sec.gov/Archives/edgar/data/1692819/000169281920000019/,dei:EntityCommonStockSharesOutstanding 클래스 합,11
Vistra,VST,2020Q3,2020-09-30,분기말 시가총액,9225058112,USD,계산(종가×주식수),https://query1.finance.yahoo.com/v8/finance/chart/VST?interval=1d&events=splits (2020-09-30) ; https://www.sec.gov/Archives/edgar/data/1692819/000169281920000019/,종가 18.86 × 주식수 489133516,11
Vistra,VST,2020Q4,2020-12-31,분기별 매출액,2524000000,USD,계산(연간-3분기누적),https://www.sec.gov/Archives/edgar/data/1692819/000169281921000004/ ; https://www.sec.gov/Archives/edgar/data/1692819/000169281920000019/,연간 11443000000 − 9개월누적 8919000000 (Revenues),11
Vistra,VST,2020Q4,2020-12-31,분기별 영업이익,76000000,USD,계산(연간-3분기누적),https://www.sec.gov/Archives/edgar/data/1692819/000169281921000004/ ; https://www.sec.gov/Archives/edgar/data/1692819/000169281920000019/,연간 1519000000 − 9개월누적 1443000000 (OperatingIncomeLoss),11
Vistra,VST,2020Q4,2020-12-31,분기별 당기순이익(지배),-29000000,USD,계산(연간-3분기누적),https://www.sec.gov/Archives/edgar/data/1692819/000169281921000004/ ; https://www.sec.gov/Archives/edgar/data/1692819/000169281920000019/,연간 636000000 − 9개월누적 665000000 (NetIncomeLoss),11
Vistra,VST,2020Q4,2020-12-31,분기별 영업활동현금흐름,987000000,USD,계산(누적차감),https://www.sec.gov/Archives/edgar/data/1692819/000169281921000004/ ; https://www.sec.gov/Archives/edgar/data/1692819/000169281920000019/,누적 3337000000 − 직전누적 2350000000 (시작 2020-01-01),11
Vistra,VST,2020Q4,2020-12-31,분기말 자산총계,25208000000,USD,공시,https://www.sec.gov/Archives/edgar/data/1692819/000169281921000004/,,11
Vistra,VST,2020Q4,2020-12-31,분기말 부채총계,16847000000,USD,공시,https://www.sec.gov/Archives/edgar/data/1692819/000169281921000004/,,11
Vistra,VST,2020Q4,2020-12-31,분기말 총자본(자기자본),8361000000,USD,공시,https://www.sec.gov/Archives/edgar/data/1692819/000169281921000004/,,11
Vistra,VST,2020Q4,2020-12-31,분기말 지배지분 자본,8371000000,USD,공시,https://www.sec.gov/Archives/edgar/data/1692819/000169281921000004/,,11
Vistra,VST,2020Q4,2020-12-31,분기말 종가,19.66,USD,API,https://query1.finance.yahoo.com/v8/finance/chart/VST?interval=1d&events=splits (2020-12-31),,11
Vistra,VST,2020Q4,2021-02-23,분기말 상장주식수,483716012,주,공시(표지 기준일),https://www.sec.gov/Archives/edgar/data/1692819/000169281921000004/,dei:EntityCommonStockSharesOutstanding 클래스 합,11
Vistra,VST,2020Q4,2020-12-31,분기말 시가총액,9509856796,USD,계산(종가×주식수),https://query1.finance.yahoo.com/v8/finance/chart/VST?interval=1d&events=splits (2020-12-31) ; https://www.sec.gov/Archives/edgar/data/1692819/000169281921000004/,종가 19.66 × 주식수 483716012,11
Vistra,VST,2021Q1,2021-03-31,분기별 매출액,3207000000,USD,공시,https://www.sec.gov/Archives/edgar/data/1692819/000169281921000007/,,11
Vistra,VST,2021Q1,2021-03-31,분기별 영업이익,-2583000000,USD,공시,https://www.sec.gov/Archives/edgar/data/1692819/000169281921000007/,,11
Vistra,VST,2021Q1,2021-03-31,분기별 당기순이익(지배),-2043000000,USD,공시,https://www.sec.gov/Archives/edgar/data/1692819/000169281921000007/,,11
Vistra,VST,2021Q1,2021-03-31,분기별 영업활동현금흐름,-1653000000,USD,공시,https://www.sec.gov/Archives/edgar/data/1692819/000169281921000007/,,11
Vistra,VST,2021Q1,2021-03-31,분기말 자산총계,25886000000,USD,공시,https://www.sec.gov/Archives/edgar/data/1692819/000169281921000007/,,11
Vistra,VST,2021Q1,2021-03-31,분기말 부채총계,19793000000,USD,공시,https://www.sec.gov/Archives/edgar/data/1692819/000169281921000007/,,11
Vistra,VST,2021Q1,2021-03-31,분기말 총자본(자기자본),6093000000,USD,공시,https://www.sec.gov/Archives/edgar/data/1692819/000169281921000007/,,11
Vistra,VST,2021Q1,2021-03-31,분기말 지배지분 자본,6100000000,USD,공시,https://www.sec.gov/Archives/edgar/data/1692819/000169281921000007/,,11
Vistra,VST,2021Q1,2021-03-31,분기말 종가,17.68,USD,API,https://query1.finance.yahoo.com/v8/finance/chart/VST?interval=1d&events=splits (2021-03-31),,11
Vistra,VST,2021Q1,2021-05-04,분기말 상장주식수,482055018,주,공시(표지 기준일),https://www.sec.gov/Archives/edgar/data/1692819/000169281921000007/,dei:EntityCommonStockSharesOutstanding 클래스 합,11
Vistra,VST,2021Q1,2021-03-31,분기말 시가총액,8522732718,USD,계산(종가×주식수),https://query1.finance.yahoo.com/v8/finance/chart/VST?interval=1d&events=splits (2021-03-31) ; https://www.sec.gov/Archives/edgar/data/1692819/000169281921000007/,종가 17.68 × 주식수 482055018,11
Vistra,VST,2021Q2,2021-06-30,분기별 매출액,2565000000,USD,공시,https://www.sec.gov/Archives/edgar/data/1692819/000169281921000011/,,11
Vistra,VST,2021Q2,2021-06-30,분기별 영업이익,62000000,USD,공시,https://www.sec.gov/Archives/edgar/data/1692819/000169281921000011/,,11
Vistra,VST,2021Q2,2021-06-30,분기별 당기순이익(지배),36000000,USD,공시,https://www.sec.gov/Archives/edgar/data/1692819/000169281921000011/,,11
Vistra,VST,2021Q2,2021-06-30,분기별 영업활동현금흐름,596000000,USD,계산(누적차감),https://www.sec.gov/Archives/edgar/data/1692819/000169281921000011/ ; https://www.sec.gov/Archives/edgar/data/1692819/000169281921000007/,누적 -1057000000 − 직전누적 -1653000000 (시작 2021-01-01),11
Vistra,VST,2021Q2,2021-06-30,분기말 자산총계,27015000000,USD,공시,https://www.sec.gov/Archives/edgar/data/1692819/000169281921000011/,,11
Vistra,VST,2021Q2,2021-06-30,분기말 부채총계,20947000000,USD,공시,https://www.sec.gov/Archives/edgar/data/1692819/000169281921000011/,,11
Vistra,VST,2021Q2,2021-06-30,분기말 총자본(자기자본),6068000000,USD,공시,https://www.sec.gov/Archives/edgar/data/1692819/000169281921000011/,,11
Vistra,VST,2021Q2,2021-06-30,분기말 지배지분 자본,6076000000,USD,공시,https://www.sec.gov/Archives/edgar/data/1692819/000169281921000011/,,11
Vistra,VST,2021Q2,2021-06-30,분기말 종가,18.55,USD,API,https://query1.finance.yahoo.com/v8/finance/chart/VST?interval=1d&events=splits (2021-06-30),,11
Vistra,VST,2021Q2,2021-08-03,분기말 상장주식수,482518768,주,공시(표지 기준일),https://www.sec.gov/Archives/edgar/data/1692819/000169281921000011/,dei:EntityCommonStockSharesOutstanding 클래스 합,11
Vistra,VST,2021Q2,2021-06-30,분기말 시가총액,8950723146,USD,계산(종가×주식수),https://query1.finance.yahoo.com/v8/finance/chart/VST?interval=1d&events=splits (2021-06-30) ; https://www.sec.gov/Archives/edgar/data/1692819/000169281921000011/,종가 18.55 × 주식수 482518768,11
Vistra,VST,2021Q3,2021-09-30,분기별 매출액,2991000000,USD,공시,https://www.sec.gov/Archives/edgar/data/1692819/000169281921000015/,,11
Vistra,VST,2021Q3,2021-09-30,분기별 영업이익,119000000,USD,공시,https://www.sec.gov/Archives/edgar/data/1692819/000169281921000015/,,11
Vistra,VST,2021Q3,2021-09-30,분기별 당기순이익(지배),7000000,USD,공시,https://www.sec.gov/Archives/edgar/data/1692819/000169281921000015/,,11
Vistra,VST,2021Q3,2021-09-30,분기별 영업활동현금흐름,564000000,USD,계산(누적차감),https://www.sec.gov/Archives/edgar/data/1692819/000169281921000015/ ; https://www.sec.gov/Archives/edgar/data/1692819/000169281921000011/,누적 -493000000 − 직전누적 -1057000000 (시작 2021-01-01),11
Vistra,VST,2021Q3,2021-09-30,분기말 자산총계,29932000000,USD,공시,https://www.sec.gov/Archives/edgar/data/1692819/000169281921000015/,,11
Vistra,VST,2021Q3,2021-09-30,분기말 부채총계,23901000000,USD,공시,https://www.sec.gov/Archives/edgar/data/1692819/000169281921000015/,,11
Vistra,VST,2021Q3,2021-09-30,분기말 총자본(자기자본),6031000000,USD,공시,https://www.sec.gov/Archives/edgar/data/1692819/000169281921000015/,,11
Vistra,VST,2021Q3,2021-09-30,분기말 지배지분 자본,6036000000,USD,공시,https://www.sec.gov/Archives/edgar/data/1692819/000169281921000015/,,11
Vistra,VST,2021Q3,2021-09-30,분기말 종가,17.1,USD,API,https://query1.finance.yahoo.com/v8/finance/chart/VST?interval=1d&events=splits (2021-09-30),,11
Vistra,VST,2021Q3,2021-11-02,분기말 상장주식수,482627520,주,공시(표지 기준일),https://www.sec.gov/Archives/edgar/data/1692819/000169281921000015/,dei:EntityCommonStockSharesOutstanding 클래스 합,11
Vistra,VST,2021Q3,2021-09-30,분기말 시가총액,8252930592,USD,계산(종가×주식수),https://query1.finance.yahoo.com/v8/finance/chart/VST?interval=1d&events=splits (2021-09-30) ; https://www.sec.gov/Archives/edgar/data/1692819/000169281921000015/,종가 17.1 × 주식수 482627520,11
Vistra,VST,2021Q4,2021-12-31,분기별 매출액,3314000000,USD,계산(연간-3분기누적),https://www.sec.gov/Archives/edgar/data/1692819/000169281922000005/ ; https://www.sec.gov/Archives/edgar/data/1692819/000169281921000015/,연간 12077000000 − 9개월누적 8763000000 (Revenues),11
Vistra,VST,2021Q4,2021-12-31,분기별 영업이익,886000000,USD,계산(연간-3분기누적),https://www.sec.gov/Archives/edgar/data/1692819/000169281922000005/ ; https://www.sec.gov/Archives/edgar/data/1692819/000169281921000015/,연간 -1515000000 − 9개월누적 -2401000000 (OperatingIncomeLoss),11
Vistra,VST,2021Q4,2021-12-31,분기별 당기순이익(지배),726000000,USD,계산(연간-3분기누적),https://www.sec.gov/Archives/edgar/data/1692819/000169281922000005/ ; https://www.sec.gov/Archives/edgar/data/1692819/000169281921000015/,연간 -1274000000 − 9개월누적 -2000000000 (NetIncomeLoss),11
Vistra,VST,2021Q4,2021-12-31,분기별 영업활동현금흐름,287000000,USD,계산(누적차감),https://www.sec.gov/Archives/edgar/data/1692819/000169281922000005/ ; https://www.sec.gov/Archives/edgar/data/1692819/000169281921000015/,누적 -206000000 − 직전누적 -493000000 (시작 2021-01-01),11
Vistra,VST,2021Q4,2021-12-31,분기말 자산총계,29683000000,USD,공시,https://www.sec.gov/Archives/edgar/data/1692819/000169281922000005/,,11
Vistra,VST,2021Q4,2021-12-31,분기말 부채총계,21391000000,USD,공시,https://www.sec.gov/Archives/edgar/data/1692819/000169281922000005/,,11
Vistra,VST,2021Q4,2021-12-31,분기말 총자본(자기자본),8292000000,USD,공시,https://www.sec.gov/Archives/edgar/data/1692819/000169281922000005/,,11
Vistra,VST,2021Q4,2021-12-31,분기말 지배지분 자본,8291000000,USD,공시,https://www.sec.gov/Archives/edgar/data/1692819/000169281922000005/,,11
Vistra,VST,2021Q4,2021-12-31,분기말 종가,22.77,USD,API,https://query1.finance.yahoo.com/v8/finance/chart/VST?interval=1d&events=splits (2021-12-31),,11
Vistra,VST,2021Q4,2022-02-22,분기말 상장주식수,448803986,주,공시(표지 기준일),https://www.sec.gov/Archives/edgar/data/1692819/000169281922000005/,dei:EntityCommonStockSharesOutstanding 클래스 합,11
Vistra,VST,2021Q4,2021-12-31,분기말 시가총액,10219266761,USD,계산(종가×주식수),https://query1.finance.yahoo.com/v8/finance/chart/VST?interval=1d&events=splits (2021-12-31) ; https://www.sec.gov/Archives/edgar/data/1692819/000169281922000005/,종가 22.77 × 주식수 448803986,11
Vistra,VST,2022Q1,2022-03-31,분기별 매출액,3125000000,USD,공시,https://www.sec.gov/Archives/edgar/data/1692819/000169281922000011/,,11
Vistra,VST,2022Q1,2022-03-31,분기별 영업이익,-288000000,USD,공시,https://www.sec.gov/Archives/edgar/data/1692819/000169281922000011/,,11
Vistra,VST,2022Q1,2022-03-31,분기별 당기순이익(지배),-285000000,USD,공시,https://www.sec.gov/Archives/edgar/data/1692819/000169281922000011/,,11
Vistra,VST,2022Q1,2022-03-31,분기별 영업활동현금흐름,591000000,USD,공시,https://www.sec.gov/Archives/edgar/data/1692819/000169281922000011/,,11
Vistra,VST,2022Q1,2022-03-31,분기말 자산총계,32833000000,USD,공시,https://www.sec.gov/Archives/edgar/data/1692819/000169281922000011/,,11
Vistra,VST,2022Q1,2022-03-31,분기말 부채총계,25531000000,USD,공시,https://www.sec.gov/Archives/edgar/data/1692819/000169281922000011/,,11
Vistra,VST,2022Q1,2022-03-31,분기말 총자본(자기자본),7302000000,USD,공시,https://www.sec.gov/Archives/edgar/data/1692819/000169281922000011/,,11
Vistra,VST,2022Q1,2022-03-31,분기말 지배지분 자본,7300000000,USD,공시,https://www.sec.gov/Archives/edgar/data/1692819/000169281922000011/,,11
Vistra,VST,2022Q1,2022-03-31,분기말 종가,23.25,USD,API,https://query1.finance.yahoo.com/v8/finance/chart/VST?interval=1d&events=splits (2022-03-31),,11
Vistra,VST,2022Q1,2022-05-03,분기말 상장주식수,431822253,주,공시(표지 기준일),https://www.sec.gov/Archives/edgar/data/1692819/000169281922000011/,dei:EntityCommonStockSharesOutstanding 클래스 합,11
Vistra,VST,2022Q1,2022-03-31,분기말 시가총액,10039867382,USD,계산(종가×주식수),https://query1.finance.yahoo.com/v8/finance/chart/VST?interval=1d&events=splits (2022-03-31) ; https://www.sec.gov/Archives/edgar/data/1692819/000169281922000011/,종가 23.25 × 주식수 431822253,11
Vistra,VST,2022Q2,2022-06-30,분기별 매출액,1588000000,USD,공시,https://www.sec.gov/Archives/edgar/data/1692819/000169281922000017/,,11
Vistra,VST,2022Q2,2022-06-30,분기별 영업이익,-1683000000,USD,공시,https://www.sec.gov/Archives/edgar/data/1692819/000169281922000017/,,11
Vistra,VST,2022Q2,2022-06-30,분기별 당기순이익(지배),-1365000000,USD,공시,https://www.sec.gov/Archives/edgar/data/1692819/000169281922000017/,,11
Vistra,VST,2022Q2,2022-06-30,분기별 영업활동현금흐름,-1314000000,USD,계산(누적차감),https://www.sec.gov/Archives/edgar/data/1692819/000169281922000017/ ; https://www.sec.gov/Archives/edgar/data/1692819/000169281922000011/,누적 -723000000 − 직전누적 591000000 (시작 2022-01-01),11
Vistra,VST,2022Q2,2022-06-30,분기말 자산총계,37468000000,USD,공시,https://www.sec.gov/Archives/edgar/data/1692819/000169281922000017/,,11
Vistra,VST,2022Q2,2022-06-30,분기말 부채총계,32065000000,USD,공시,https://www.sec.gov/Archives/edgar/data/1692819/000169281922000017/,,11
Vistra,VST,2022Q2,2022-06-30,분기말 총자본(자기자본),5403000000,USD,공시,https://www.sec.gov/Archives/edgar/data/1692819/000169281922000017/,,11
Vistra,VST,2022Q2,2022-06-30,분기말 지배지분 자본,5392000000,USD,공시,https://www.sec.gov/Archives/edgar/data/1692819/000169281922000017/,,11
Vistra,VST,2022Q2,2022-06-30,분기말 종가,22.85,USD,API,https://query1.finance.yahoo.com/v8/finance/chart/VST?interval=1d&events=splits (2022-06-30),,11
Vistra,VST,2022Q2,2022-08-02,분기말 상장주식수,416348199,주,공시(표지 기준일),https://www.sec.gov/Archives/edgar/data/1692819/000169281922000017/,dei:EntityCommonStockSharesOutstanding 클래스 합,11
Vistra,VST,2022Q2,2022-06-30,분기말 시가총액,9513556347,USD,계산(종가×주식수),https://query1.finance.yahoo.com/v8/finance/chart/VST?interval=1d&events=splits (2022-06-30) ; https://www.sec.gov/Archives/edgar/data/1692819/000169281922000017/,종가 22.85 × 주식수 416348199,11
Vistra,VST,2022Q3,2022-09-30,분기별 매출액,5146000000,USD,공시,https://www.sec.gov/Archives/edgar/data/1692819/000169281922000024/,,11
Vistra,VST,2022Q3,2022-09-30,분기별 영업이익,894000000,USD,공시,https://www.sec.gov/Archives/edgar/data/1692819/000169281922000024/,,11
Vistra,VST,2022Q3,2022-09-30,분기별 당기순이익(지배),668000000,USD,공시,https://www.sec.gov/Archives/edgar/data/1692819/000169281922000024/,,11
Vistra,VST,2022Q3,2022-09-30,분기별 영업활동현금흐름,815000000,USD,계산(누적차감),https://www.sec.gov/Archives/edgar/data/1692819/000169281922000024/ ; https://www.sec.gov/Archives/edgar/data/1692819/000169281922000017/,누적 92000000 − 직전누적 -723000000 (시작 2022-01-01),11
Vistra,VST,2022Q3,2022-09-30,분기말 자산총계,35175000000,USD,공시,https://www.sec.gov/Archives/edgar/data/1692819/000169281922000024/,,11
Vistra,VST,2022Q3,2022-09-30,분기말 부채총계,29574000000,USD,공시,https://www.sec.gov/Archives/edgar/data/1692819/000169281922000024/,,11
Vistra,VST,2022Q3,2022-09-30,분기말 총자본(자기자본),5601000000,USD,공시,https://www.sec.gov/Archives/edgar/data/1692819/000169281922000024/,,11
Vistra,VST,2022Q3,2022-09-30,분기말 지배지분 자본,5582000000,USD,공시,https://www.sec.gov/Archives/edgar/data/1692819/000169281922000024/,,11
Vistra,VST,2022Q3,2022-09-30,분기말 종가,21.0,USD,API,https://query1.finance.yahoo.com/v8/finance/chart/VST?interval=1d&events=splits (2022-09-30),,11
Vistra,VST,2022Q3,2022-11-01,분기말 상장주식수,397953513,주,공시(표지 기준일),https://www.sec.gov/Archives/edgar/data/1692819/000169281922000024/,dei:EntityCommonStockSharesOutstanding 클래스 합,11
Vistra,VST,2022Q3,2022-09-30,분기말 시가총액,8357023773,USD,계산(종가×주식수),https://query1.finance.yahoo.com/v8/finance/chart/VST?interval=1d&events=splits (2022-09-30) ; https://www.sec.gov/Archives/edgar/data/1692819/000169281922000024/,종가 21.0 × 주식수 397953513,11
Vistra,VST,2022Q4,2022-12-31,분기별 매출액,3869000000,USD,계산(연간-3분기누적),https://www.sec.gov/Archives/edgar/data/1692819/000169281923000005/ ; https://www.sec.gov/Archives/edgar/data/1692819/000169281922000024/,연간 13728000000 − 9개월누적 9859000000 (Revenues),11
Vistra,VST,2022Q4,2022-12-31,분기별 영업이익,-98000000,USD,계산(연간-3분기누적),https://www.sec.gov/Archives/edgar/data/1692819/000169281923000005/ ; https://www.sec.gov/Archives/edgar/data/1692819/000169281922000024/,연간 -1177000000 − 9개월누적 -1079000000 (OperatingIncomeLoss),11
Vistra,VST,2022Q4,2022-12-31,분기별 당기순이익(지배),-246000000,USD,계산(연간-3분기누적),https://www.sec.gov/Archives/edgar/data/1692819/000169281923000005/ ; https://www.sec.gov/Archives/edgar/data/1692819/000169281922000024/,연간 -1227000000 − 9개월누적 -981000000 (NetIncomeLoss),11
Vistra,VST,2022Q4,2022-12-31,분기별 영업활동현금흐름,393000000,USD,계산(누적차감),https://www.sec.gov/Archives/edgar/data/1692819/000169281923000005/ ; https://www.sec.gov/Archives/edgar/data/1692819/000169281922000024/,누적 485000000 − 직전누적 92000000 (시작 2022-01-01),11
Vistra,VST,2022Q4,2022-12-31,분기말 자산총계,32787000000,USD,공시,https://www.sec.gov/Archives/edgar/data/1692819/000169281923000005/,,11
Vistra,VST,2022Q4,2022-12-31,분기말 부채총계,27869000000,USD,공시,https://www.sec.gov/Archives/edgar/data/1692819/000169281923000005/,,11
Vistra,VST,2022Q4,2022-12-31,분기말 총자본(자기자본),4918000000,USD,공시,https://www.sec.gov/Archives/edgar/data/1692819/000169281923000005/,,11
Vistra,VST,2022Q4,2022-12-31,분기말 지배지분 자본,4902000000,USD,공시,https://www.sec.gov/Archives/edgar/data/1692819/000169281923000005/,,11
Vistra,VST,2022Q4,2022-12-30,분기말 종가,23.2,USD,API,https://query1.finance.yahoo.com/v8/finance/chart/VST?interval=1d&events=splits (2022-12-30),,11
Vistra,VST,2022Q4,2023-02-23,분기말 상장주식수,381453001,주,공시(표지 기준일),https://www.sec.gov/Archives/edgar/data/1692819/000169281923000005/,dei:EntityCommonStockSharesOutstanding 클래스 합,11
Vistra,VST,2022Q4,2022-12-30,분기말 시가총액,8849709623,USD,계산(종가×주식수),https://query1.finance.yahoo.com/v8/finance/chart/VST?interval=1d&events=splits (2022-12-30) ; https://www.sec.gov/Archives/edgar/data/1692819/000169281923000005/,종가 23.2 × 주식수 381453001,11
Vistra,VST,2023Q1,2023-03-31,분기별 매출액,4425000000,USD,공시,https://www.sec.gov/Archives/edgar/data/1692819/000162828023016662/,,11
Vistra,VST,2023Q1,2023-03-31,분기별 영업이익,1131000000,USD,공시,https://www.sec.gov/Archives/edgar/data/1692819/000162828023016662/,,11
Vistra,VST,2023Q1,2023-03-31,분기별 당기순이익(지배),699000000,USD,공시,https://www.sec.gov/Archives/edgar/data/1692819/000162828023016662/,,11
Vistra,VST,2023Q1,2023-03-31,분기별 영업활동현금흐름,1435000000,USD,공시,https://www.sec.gov/Archives/edgar/data/1692819/000162828023016662/,,11
Vistra,VST,2023Q1,2023-03-31,분기말 자산총계,31117000000,USD,공시,https://www.sec.gov/Archives/edgar/data/1692819/000162828023016662/,,11
Vistra,VST,2023Q1,2023-03-31,분기말 부채총계,25901000000,USD,공시,https://www.sec.gov/Archives/edgar/data/1692819/000162828023016662/,,11
Vistra,VST,2023Q1,2023-03-31,분기말 총자본(자기자본),5216000000,USD,공시,https://www.sec.gov/Archives/edgar/data/1692819/000162828023016662/,,11
Vistra,VST,2023Q1,2023-03-31,분기말 지배지분 자본,5201000000,USD,공시,https://www.sec.gov/Archives/edgar/data/1692819/000162828023016662/,,11
Vistra,VST,2023Q1,2023-03-31,분기말 종가,24.0,USD,API,https://query1.finance.yahoo.com/v8/finance/chart/VST?interval=1d&events=splits (2023-03-31),,11
Vistra,VST,2023Q1,2023-05-04,분기말 상장주식수,373027363,주,공시(표지 기준일),https://www.sec.gov/Archives/edgar/data/1692819/000162828023016662/,dei:EntityCommonStockSharesOutstanding 클래스 합,11
Vistra,VST,2023Q1,2023-03-31,분기말 시가총액,8952656712,USD,계산(종가×주식수),https://query1.finance.yahoo.com/v8/finance/chart/VST?interval=1d&events=splits (2023-03-31) ; https://www.sec.gov/Archives/edgar/data/1692819/000162828023016662/,종가 24.0 × 주식수 373027363,11
Vistra,VST,2023Q2,2023-06-30,분기별 매출액,3189000000,USD,공시,https://www.sec.gov/Archives/edgar/data/1692819/000162828023028436/,,11
Vistra,VST,2023Q2,2023-06-30,분기별 영업이익,591000000,USD,공시,https://www.sec.gov/Archives/edgar/data/1692819/000162828023028436/,,11
Vistra,VST,2023Q2,2023-06-30,분기별 당기순이익(지배),476000000,USD,공시,https://www.sec.gov/Archives/edgar/data/1692819/000162828023028436/,,11
Vistra,VST,2023Q2,2023-06-30,분기별 영업활동현금흐름,1577000000,USD,계산(누적차감),https://www.sec.gov/Archives/edgar/data/1692819/000162828023028436/ ; https://www.sec.gov/Archives/edgar/data/1692819/000162828023016662/,누적 3012000000 − 직전누적 1435000000 (시작 2023-01-01),11
Vistra,VST,2023Q2,2023-06-30,분기말 자산총계,30472000000,USD,공시,https://www.sec.gov/Archives/edgar/data/1692819/000162828023028436/,,11
Vistra,VST,2023Q2,2023-06-30,분기말 부채총계,25098000000,USD,공시,https://www.sec.gov/Archives/edgar/data/1692819/000162828023028436/,,11
Vistra,VST,2023Q2,2023-06-30,분기말 총자본(자기자본),5374000000,USD,공시,https://www.sec.gov/Archives/edgar/data/1692819/000162828023028436/,,11
Vistra,VST,2023Q2,2023-06-30,분기말 지배지분 자본,5359000000,USD,공시,https://www.sec.gov/Archives/edgar/data/1692819/000162828023028436/,,11
Vistra,VST,2023Q2,2023-06-30,분기말 종가,26.25,USD,API,https://query1.finance.yahoo.com/v8/finance/chart/VST?interval=1d&events=splits (2023-06-30),,11
Vistra,VST,2023Q2,2023-08-04,분기말 상장주식수,367570248,주,공시(표지 기준일),https://www.sec.gov/Archives/edgar/data/1692819/000162828023028436/,dei:EntityCommonStockSharesOutstanding 클래스 합,11
Vistra,VST,2023Q2,2023-06-30,분기말 시가총액,9648719010,USD,계산(종가×주식수),https://query1.finance.yahoo.com/v8/finance/chart/VST?interval=1d&events=splits (2023-06-30) ; https://www.sec.gov/Archives/edgar/data/1692819/000162828023028436/,종가 26.25 × 주식수 367570248,11
Vistra,VST,2023Q3,2023-09-30,분기별 매출액,4086000000,USD,공시,https://www.sec.gov/Archives/edgar/data/1692819/000162828023037205/,,11
Vistra,VST,2023Q3,2023-09-30,분기별 영업이익,834000000,USD,공시,https://www.sec.gov/Archives/edgar/data/1692819/000162828023037205/,,11
Vistra,VST,2023Q3,2023-09-30,분기별 당기순이익(지배),502000000,USD,공시,https://www.sec.gov/Archives/edgar/data/1692819/000162828023037205/,,11
Vistra,VST,2023Q3,2023-09-30,분기별 영업활동현금흐름,1560000000,USD,계산(누적차감),https://www.sec.gov/Archives/edgar/data/1692819/000162828023037205/ ; https://www.sec.gov/Archives/edgar/data/1692819/000162828023028436/,누적 4572000000 − 직전누적 3012000000 (시작 2023-01-01),11
Vistra,VST,2023Q3,2023-09-30,분기말 자산총계,31945000000,USD,공시,https://www.sec.gov/Archives/edgar/data/1692819/000162828023037205/,,11
Vistra,VST,2023Q3,2023-09-30,분기말 부채총계,26424000000,USD,공시,https://www.sec.gov/Archives/edgar/data/1692819/000162828023037205/,,11
Vistra,VST,2023Q3,2023-09-30,분기말 총자본(자기자본),5521000000,USD,공시,https://www.sec.gov/Archives/edgar/data/1692819/000162828023037205/,,11
Vistra,VST,2023Q3,2023-09-30,분기말 지배지분 자본,5506000000,USD,공시,https://www.sec.gov/Archives/edgar/data/1692819/000162828023037205/,,11
Vistra,VST,2023Q3,2023-09-29,분기말 종가,33.18,USD,API,https://query1.finance.yahoo.com/v8/finance/chart/VST?interval=1d&events=splits (2023-09-29),,11
Vistra,VST,2023Q3,2023-11-02,분기말 상장주식수,357552337,주,공시(표지 기준일),https://www.sec.gov/Archives/edgar/data/1692819/000162828023037205/,dei:EntityCommonStockSharesOutstanding 클래스 합,11
Vistra,VST,2023Q3,2023-09-29,분기말 시가총액,11863586542,USD,계산(종가×주식수),https://query1.finance.yahoo.com/v8/finance/chart/VST?interval=1d&events=splits (2023-09-29) ; https://www.sec.gov/Archives/edgar/data/1692819/000162828023037205/,종가 33.18 × 주식수 357552337,11
Vistra,VST,2023Q4,2023-12-31,분기별 매출액,3078000000,USD,계산(연간-3분기누적),https://www.sec.gov/Archives/edgar/data/1692819/000169281924000012/ ; https://www.sec.gov/Archives/edgar/data/1692819/000162828023037205/,연간 14779000000 − 9개월누적 11701000000 (Revenues),11
Vistra,VST,2023Q4,2023-12-31,분기별 영업이익,102000000,USD,계산(연간-3분기누적),https://www.sec.gov/Archives/edgar/data/1692819/000169281924000012/ ; https://www.sec.gov/Archives/edgar/data/1692819/000162828023037205/,연간 2661000000 − 9개월누적 2559000000 (OperatingIncomeLoss),11
Vistra,VST,2023Q4,2023-12-31,분기별 당기순이익(지배),-184000000,USD,계산(연간-3분기누적),https://www.sec.gov/Archives/edgar/data/1692819/000169281924000012/ ; https://www.sec.gov/Archives/edgar/data/1692819/000162828023037205/,연간 1493000000 − 9개월누적 1677000000 (NetIncomeLoss),11
Vistra,VST,2023Q4,2023-12-31,분기별 영업활동현금흐름,881000000,USD,계산(누적차감),https://www.sec.gov/Archives/edgar/data/1692819/000169281924000012/ ; https://www.sec.gov/Archives/edgar/data/1692819/000162828023037205/,누적 5453000000 − 직전누적 4572000000 (시작 2023-01-01),11
Vistra,VST,2023Q4,2023-12-31,분기말 자산총계,32966000000,USD,공시,https://www.sec.gov/Archives/edgar/data/1692819/000169281924000012/,,11
Vistra,VST,2023Q4,2023-12-31,분기말 부채총계,27644000000,USD,공시,https://www.sec.gov/Archives/edgar/data/1692819/000169281924000012/,,11
Vistra,VST,2023Q4,2023-12-31,분기말 총자본(자기자본),5322000000,USD,공시,https://www.sec.gov/Archives/edgar/data/1692819/000169281924000012/,,11
Vistra,VST,2023Q4,2023-12-31,분기말 지배지분 자본,5307000000,USD,공시,https://www.sec.gov/Archives/edgar/data/1692819/000169281924000012/,,11
Vistra,VST,2023Q4,2023-12-29,분기말 종가,38.52,USD,API,https://query1.finance.yahoo.com/v8/finance/chart/VST?interval=1d&events=splits (2023-12-29),,11
Vistra,VST,2023Q4,2024-02-23,분기말 상장주식수,347885110,주,공시(표지 기준일),https://www.sec.gov/Archives/edgar/data/1692819/000169281924000012/,dei:EntityCommonStockSharesOutstanding 클래스 합,11
Vistra,VST,2023Q4,2023-12-29,분기말 시가총액,13400534437,USD,계산(종가×주식수),https://query1.finance.yahoo.com/v8/finance/chart/VST?interval=1d&events=splits (2023-12-29) ; https://www.sec.gov/Archives/edgar/data/1692819/000169281924000012/,종가 38.52 × 주식수 347885110,11
Vistra,VST,2024Q1,2024-03-31,분기별 매출액,3054000000,USD,공시,https://www.sec.gov/Archives/edgar/data/1692819/000169281924000033/,,11
Vistra,VST,2024Q1,2024-03-31,분기별 영업이익,86000000,USD,공시,https://www.sec.gov/Archives/edgar/data/1692819/000169281924000033/,,11
Vistra,VST,2024Q1,2024-03-31,분기별 당기순이익(지배),-35000000,USD,공시,https://www.sec.gov/Archives/edgar/data/1692819/000169281924000033/,,11
Vistra,VST,2024Q1,2024-03-31,분기별 영업활동현금흐름,312000000,USD,공시,https://www.sec.gov/Archives/edgar/data/1692819/000169281924000033/,,11
Vistra,VST,2024Q1,2024-03-31,분기말 자산총계,38178000000,USD,공시,https://www.sec.gov/Archives/edgar/data/1692819/000169281924000033/,,11
Vistra,VST,2024Q1,2024-03-31,분기말 부채총계,30894000000,USD,공시,https://www.sec.gov/Archives/edgar/data/1692819/000169281924000033/,,11
Vistra,VST,2024Q1,2024-03-31,분기말 총자본(자기자본),7284000000,USD,공시,https://www.sec.gov/Archives/edgar/data/1692819/000169281924000033/,,11
Vistra,VST,2024Q1,2024-03-31,분기말 지배지분 자본,5656000000,USD,공시,https://www.sec.gov/Archives/edgar/data/1692819/000169281924000033/,,11
Vistra,VST,2024Q1,2024-03-28,분기말 종가,69.65,USD,API,https://query1.finance.yahoo.com/v8/finance/chart/VST?interval=1d&events=splits (2024-03-28),,11
Vistra,VST,2024Q1,2024-05-03,분기말 상장주식수,347460001,주,공시(표지 기준일),https://www.sec.gov/Archives/edgar/data/1692819/000169281924000033/,dei:EntityCommonStockSharesOutstanding 클래스 합,11
Vistra,VST,2024Q1,2024-03-28,분기말 시가총액,24200589070,USD,계산(종가×주식수),https://query1.finance.yahoo.com/v8/finance/chart/VST?interval=1d&events=splits (2024-03-28) ; https://www.sec.gov/Archives/edgar/data/1692819/000169281924000033/,종가 69.65 × 주식수 347460001,11
Vistra,VST,2024Q2,2024-06-30,분기별 매출액,3845000000,USD,공시,https://www.sec.gov/Archives/edgar/data/1692819/000169281924000061/,,11
Vistra,VST,2024Q2,2024-06-30,분기별 영업이익,808000000,USD,공시,https://www.sec.gov/Archives/edgar/data/1692819/000169281924000061/,,11
Vistra,VST,2024Q2,2024-06-30,분기별 당기순이익(지배),365000000,USD,공시,https://www.sec.gov/Archives/edgar/data/1692819/000169281924000061/,,11
Vistra,VST,2024Q2,2024-06-30,분기별 영업활동현금흐름,1196000000,USD,계산(누적차감),https://www.sec.gov/Archives/edgar/data/1692819/000169281924000061/ ; https://www.sec.gov/Archives/edgar/data/1692819/000169281924000033/,누적 1508000000 − 직전누적 312000000 (시작 2024-01-01),11
Vistra,VST,2024Q2,2024-06-30,분기말 자산총계,39125000000,USD,공시,https://www.sec.gov/Archives/edgar/data/1692819/000169281924000061/,,11
Vistra,VST,2024Q2,2024-06-30,분기말 부채총계,31818000000,USD,공시,https://www.sec.gov/Archives/edgar/data/1692819/000169281924000061/,,11
Vistra,VST,2024Q2,2024-06-30,분기말 총자본(자기자본),7307000000,USD,공시,https://www.sec.gov/Archives/edgar/data/1692819/000169281924000061/,,11
Vistra,VST,2024Q2,2024-06-30,분기말 지배지분 자본,5593000000,USD,공시,https://www.sec.gov/Archives/edgar/data/1692819/000169281924000061/,,11
Vistra,VST,2024Q2,2024-06-28,분기말 종가,85.98,USD,API,https://query1.finance.yahoo.com/v8/finance/chart/VST?interval=1d&events=splits (2024-06-28),,11
Vistra,VST,2024Q2,2024-08-05,분기말 상장주식수,343561403,주,공시(표지 기준일),https://www.sec.gov/Archives/edgar/data/1692819/000169281924000061/,dei:EntityCommonStockSharesOutstanding 클래스 합,11
Vistra,VST,2024Q2,2024-06-28,분기말 시가총액,29539409430,USD,계산(종가×주식수),https://query1.finance.yahoo.com/v8/finance/chart/VST?interval=1d&events=splits (2024-06-28) ; https://www.sec.gov/Archives/edgar/data/1692819/000169281924000061/,종가 85.98 × 주식수 343561403,11
Vistra,VST,2024Q3,2024-09-30,분기별 매출액,6288000000,USD,공시,https://www.sec.gov/Archives/edgar/data/1692819/000169281924000069/,,11
Vistra,VST,2024Q3,2024-09-30,분기별 영업이익,2588000000,USD,공시,https://www.sec.gov/Archives/edgar/data/1692819/000169281924000069/,,11
Vistra,VST,2024Q3,2024-09-30,분기별 당기순이익(지배),1888000000,USD,공시,https://www.sec.gov/Archives/edgar/data/1692819/000169281924000069/,,11
Vistra,VST,2024Q3,2024-09-30,분기별 영업활동현금흐름,1702000000,USD,계산(누적차감),https://www.sec.gov/Archives/edgar/data/1692819/000169281924000069/ ; https://www.sec.gov/Archives/edgar/data/1692819/000169281924000061/,누적 3210000000 − 직전누적 1508000000 (시작 2024-01-01),11
Vistra,VST,2024Q3,2024-09-30,분기말 자산총계,37878000000,USD,공시,https://www.sec.gov/Archives/edgar/data/1692819/000169281924000069/,,11
Vistra,VST,2024Q3,2024-09-30,분기말 부채총계,29225000000,USD,공시,https://www.sec.gov/Archives/edgar/data/1692819/000169281924000069/,메자닌(일시자본) 3198000000 별도,11
Vistra,VST,2024Q3,2024-09-30,분기말 총자본(자기자본),5455000000,USD,공시,https://www.sec.gov/Archives/edgar/data/1692819/000169281924000069/,,11
Vistra,VST,2024Q3,2024-09-30,분기말 지배지분 자본,5441000000,USD,공시,https://www.sec.gov/Archives/edgar/data/1692819/000169281924000069/,,11
Vistra,VST,2024Q3,2024-09-30,분기말 종가,118.54,USD,API,https://query1.finance.yahoo.com/v8/finance/chart/VST?interval=1d&events=splits (2024-09-30),,11
Vistra,VST,2024Q3,2024-11-04,분기말 상장주식수,340226219,주,공시(표지 기준일),https://www.sec.gov/Archives/edgar/data/1692819/000169281924000069/,dei:EntityCommonStockSharesOutstanding 클래스 합,11
Vistra,VST,2024Q3,2024-09-30,분기말 시가총액,40330416000,USD,계산(종가×주식수),https://query1.finance.yahoo.com/v8/finance/chart/VST?interval=1d&events=splits (2024-09-30) ; https://www.sec.gov/Archives/edgar/data/1692819/000169281924000069/,종가 118.54 × 주식수 340226219,11
Vistra,VST,2024Q4,2024-12-31,분기별 매출액,4037000000,USD,계산(연간-3분기누적),https://www.sec.gov/Archives/edgar/data/1692819/000169281925000013/ ; https://www.sec.gov/Archives/edgar/data/1692819/000169281924000069/,연간 17224000000 − 9개월누적 13187000000 (Revenues),11
Vistra,VST,2024Q4,2024-12-31,분기별 영업이익,599000000,USD,계산(연간-3분기누적),https://www.sec.gov/Archives/edgar/data/1692819/000169281925000013/ ; https://www.sec.gov/Archives/edgar/data/1692819/000169281924000069/,연간 4081000000 − 9개월누적 3482000000 (OperatingIncomeLoss),11
Vistra,VST,2024Q4,2024-12-31,분기별 당기순이익(지배),441000000,USD,계산(연간-3분기누적),https://www.sec.gov/Archives/edgar/data/1692819/000169281925000013/ ; https://www.sec.gov/Archives/edgar/data/1692819/000169281924000069/,연간 2659000000 − 9개월누적 2218000000 (NetIncomeLoss),11
Vistra,VST,2024Q4,2024-12-31,분기별 영업활동현금흐름,1353000000,USD,계산(누적차감),https://www.sec.gov/Archives/edgar/data/1692819/000169281925000013/ ; https://www.sec.gov/Archives/edgar/data/1692819/000169281924000069/,누적 4563000000 − 직전누적 3210000000 (시작 2024-01-01),11
Vistra,VST,2024Q4,2024-12-31,분기말 자산총계,37770000000,USD,공시,https://www.sec.gov/Archives/edgar/data/1692819/000169281925000013/,,11
Vistra,VST,2024Q4,2024-12-31,분기말 부채총계,32187000000,USD,공시,https://www.sec.gov/Archives/edgar/data/1692819/000169281925000013/,,11
Vistra,VST,2024Q4,2024-12-31,분기말 총자본(자기자본),5583000000,USD,공시,https://www.sec.gov/Archives/edgar/data/1692819/000169281925000013/,,11
Vistra,VST,2024Q4,2024-12-31,분기말 지배지분 자본,5570000000,USD,공시,https://www.sec.gov/Archives/edgar/data/1692819/000169281925000013/,,11
Vistra,VST,2024Q4,2024-12-31,분기말 종가,137.87,USD,API,https://query1.finance.yahoo.com/v8/finance/chart/VST?interval=1d&events=splits (2024-12-31),,11
Vistra,VST,2024Q4,2025-02-24,분기말 상장주식수,338963642,주,공시(표지 기준일),https://www.sec.gov/Archives/edgar/data/1692819/000169281925000013/,dei:EntityCommonStockSharesOutstanding 클래스 합,11
Vistra,VST,2024Q4,2024-12-31,분기말 시가총액,46732917323,USD,계산(종가×주식수),https://query1.finance.yahoo.com/v8/finance/chart/VST?interval=1d&events=splits (2024-12-31) ; https://www.sec.gov/Archives/edgar/data/1692819/000169281925000013/,종가 137.87 × 주식수 338963642,11
Vistra,VST,2025Q1,2025-03-31,분기별 매출액,3933000000,USD,공시,https://www.sec.gov/Archives/edgar/data/1692819/000169281925000035/,,11
Vistra,VST,2025Q1,2025-03-31,분기별 영업이익,-120000000,USD,공시,https://www.sec.gov/Archives/edgar/data/1692819/000169281925000035/,,11
Vistra,VST,2025Q1,2025-03-31,분기별 당기순이익(지배),-268000000,USD,공시,https://www.sec.gov/Archives/edgar/data/1692819/000169281925000035/,,11
Vistra,VST,2025Q1,2025-03-31,분기별 영업활동현금흐름,599000000,USD,공시,https://www.sec.gov/Archives/edgar/data/1692819/000169281925000035/,,11
Vistra,VST,2025Q1,2025-03-31,분기말 자산총계,38228000000,USD,공시,https://www.sec.gov/Archives/edgar/data/1692819/000169281925000035/,,11
Vistra,VST,2025Q1,2025-03-31,분기말 부채총계,33390000000,USD,공시,https://www.sec.gov/Archives/edgar/data/1692819/000169281925000035/,,11
Vistra,VST,2025Q1,2025-03-31,분기말 총자본(자기자본),4838000000,USD,공시,https://www.sec.gov/Archives/edgar/data/1692819/000169281925000035/,,11
Vistra,VST,2025Q1,2025-03-31,분기말 지배지분 자본,4825000000,USD,공시,https://www.sec.gov/Archives/edgar/data/1692819/000169281925000035/,,11
Vistra,VST,2025Q1,2025-03-31,분기말 종가,117.44,USD,API,https://query1.finance.yahoo.com/v8/finance/chart/VST?interval=1d&events=splits (2025-03-31),,11
Vistra,VST,2025Q1,2025-05-02,분기말 상장주식수,339331954,주,공시(표지 기준일),https://www.sec.gov/Archives/edgar/data/1692819/000169281925000035/,dei:EntityCommonStockSharesOutstanding 클래스 합,11
Vistra,VST,2025Q1,2025-03-31,분기말 시가총액,39851144678,USD,계산(종가×주식수),https://query1.finance.yahoo.com/v8/finance/chart/VST?interval=1d&events=splits (2025-03-31) ; https://www.sec.gov/Archives/edgar/data/1692819/000169281925000035/,종가 117.44 × 주식수 339331954,11
Vistra,VST,2025Q2,2025-06-30,분기별 매출액,4250000000,USD,공시,https://www.sec.gov/Archives/edgar/data/1692819/000169281925000085/,,11
Vistra,VST,2025Q2,2025-06-30,분기별 영업이익,515000000,USD,공시,https://www.sec.gov/Archives/edgar/data/1692819/000169281925000085/,,11
Vistra,VST,2025Q2,2025-06-30,분기별 당기순이익(지배),327000000,USD,공시,https://www.sec.gov/Archives/edgar/data/1692819/000169281925000085/,,11
Vistra,VST,2025Q2,2025-06-30,분기별 영업활동현금흐름,572000000,USD,계산(누적차감),https://www.sec.gov/Archives/edgar/data/1692819/000169281925000085/ ; https://www.sec.gov/Archives/edgar/data/1692819/000169281925000035/,누적 1171000000 − 직전누적 599000000 (시작 2025-01-01),11
Vistra,VST,2025Q2,2025-06-30,분기말 자산총계,38146000000,USD,공시,https://www.sec.gov/Archives/edgar/data/1692819/000169281925000085/,,11
Vistra,VST,2025Q2,2025-06-30,분기말 부채총계,33310000000,USD,공시,https://www.sec.gov/Archives/edgar/data/1692819/000169281925000085/,,11
Vistra,VST,2025Q2,2025-06-30,분기말 총자본(자기자본),4836000000,USD,공시,https://www.sec.gov/Archives/edgar/data/1692819/000169281925000085/,,11
Vistra,VST,2025Q2,2025-06-30,분기말 지배지분 자본,4823000000,USD,공시,https://www.sec.gov/Archives/edgar/data/1692819/000169281925000085/,,11
Vistra,VST,2025Q2,2025-06-30,분기말 종가,193.81,USD,API,https://query1.finance.yahoo.com/v8/finance/chart/VST?interval=1d&events=splits (2025-06-30),,11
Vistra,VST,2025Q2,2025-08-01,분기말 상장주식수,338820324,주,공시(표지 기준일),https://www.sec.gov/Archives/edgar/data/1692819/000169281925000085/,dei:EntityCommonStockSharesOutstanding 클래스 합,11
Vistra,VST,2025Q2,2025-06-30,분기말 시가총액,65666766994,USD,계산(종가×주식수),https://query1.finance.yahoo.com/v8/finance/chart/VST?interval=1d&events=splits (2025-06-30) ; https://www.sec.gov/Archives/edgar/data/1692819/000169281925000085/,종가 193.81 × 주식수 338820324,11
Vistra,VST,2025Q3,2025-09-30,분기별 매출액,4971000000,USD,공시,https://www.sec.gov/Archives/edgar/data/1692819/000169281925000094/,,11
Vistra,VST,2025Q3,2025-09-30,분기별 영업이익,1037000000,USD,공시,https://www.sec.gov/Archives/edgar/data/1692819/000169281925000094/,,11
Vistra,VST,2025Q3,2025-09-30,분기별 당기순이익(지배),652000000,USD,공시,https://www.sec.gov/Archives/edgar/data/1692819/000169281925000094/,,11
Vistra,VST,2025Q3,2025-09-30,분기별 영업활동현금흐름,1467000000,USD,계산(누적차감),https://www.sec.gov/Archives/edgar/data/1692819/000169281925000094/ ; https://www.sec.gov/Archives/edgar/data/1692819/000169281925000085/,누적 2638000000 − 직전누적 1171000000 (시작 2025-01-01),11
Vistra,VST,2025Q3,2025-09-30,분기말 자산총계,38020000000,USD,공시,https://www.sec.gov/Archives/edgar/data/1692819/000169281925000094/,,11
Vistra,VST,2025Q3,2025-09-30,분기말 부채총계,32797000000,USD,공시,https://www.sec.gov/Archives/edgar/data/1692819/000169281925000094/,,11
Vistra,VST,2025Q3,2025-09-30,분기말 총자본(자기자본),5223000000,USD,공시,https://www.sec.gov/Archives/edgar/data/1692819/000169281925000094/,,11
Vistra,VST,2025Q3,2025-09-30,분기말 지배지분 자본,5210000000,USD,공시,https://www.sec.gov/Archives/edgar/data/1692819/000169281925000094/,,11
Vistra,VST,2025Q3,2025-09-30,분기말 종가,195.92,USD,API,https://query1.finance.yahoo.com/v8/finance/chart/VST?interval=1d&events=splits (2025-09-30),,11
Vistra,VST,2025Q3,2025-10-31,분기말 상장주식수,338825490,주,공시(표지 기준일),https://www.sec.gov/Archives/edgar/data/1692819/000169281925000094/,dei:EntityCommonStockSharesOutstanding 클래스 합,11
Vistra,VST,2025Q3,2025-09-30,분기말 시가총액,66382690001,USD,계산(종가×주식수),https://query1.finance.yahoo.com/v8/finance/chart/VST?interval=1d&events=splits (2025-09-30) ; https://www.sec.gov/Archives/edgar/data/1692819/000169281925000094/,종가 195.92 × 주식수 338825490,11
Vistra,VST,2025Q4,2025-12-31,분기별 매출액,4584000000,USD,계산(연간-3분기누적),https://www.sec.gov/Archives/edgar/data/1692819/000169281926000006/ ; https://www.sec.gov/Archives/edgar/data/1692819/000169281925000094/,연간 17738000000 − 9개월누적 13154000000 (Revenues),11
Vistra,VST,2025Q4,2025-12-31,분기별 영업이익,474000000,USD,계산(연간-3분기누적),https://www.sec.gov/Archives/edgar/data/1692819/000169281926000006/ ; https://www.sec.gov/Archives/edgar/data/1692819/000169281925000094/,연간 1906000000 − 9개월누적 1432000000 (OperatingIncomeLoss),11
Vistra,VST,2025Q4,2025-12-31,분기별 당기순이익(지배),233000000,USD,계산(연간-3분기누적),https://www.sec.gov/Archives/edgar/data/1692819/000169281926000006/ ; https://www.sec.gov/Archives/edgar/data/1692819/000169281925000094/,연간 944000000 − 9개월누적 711000000 (NetIncomeLoss),11
Vistra,VST,2025Q4,2025-12-31,분기별 영업활동현금흐름,1432000000,USD,계산(누적차감),https://www.sec.gov/Archives/edgar/data/1692819/000169281926000006/ ; https://www.sec.gov/Archives/edgar/data/1692819/000169281925000094/,누적 4070000000 − 직전누적 2638000000 (시작 2025-01-01),11
Vistra,VST,2025Q4,2025-12-31,분기말 자산총계,41550000000,USD,공시,https://www.sec.gov/Archives/edgar/data/1692819/000169281926000006/,,11
Vistra,VST,2025Q4,2025-12-31,분기말 부채총계,36440000000,USD,공시,https://www.sec.gov/Archives/edgar/data/1692819/000169281926000006/,,11
Vistra,VST,2025Q4,2025-12-31,분기말 총자본(자기자본),5110000000,USD,공시,https://www.sec.gov/Archives/edgar/data/1692819/000169281926000006/,,11
Vistra,VST,2025Q4,2025-12-31,분기말 지배지분 자본,5097000000,USD,공시,https://www.sec.gov/Archives/edgar/data/1692819/000169281926000006/,,11
Vistra,VST,2025Q4,2025-12-31,분기말 종가,161.33,USD,API,https://query1.finance.yahoo.com/v8/finance/chart/VST?interval=1d&events=splits (2025-12-31),,11
Vistra,VST,2025Q4,2026-02-18,분기말 상장주식수,336954256,주,공시(표지 기준일),https://www.sec.gov/Archives/edgar/data/1692819/000169281926000006/,dei:EntityCommonStockSharesOutstanding 클래스 합,11
Vistra,VST,2025Q4,2025-12-31,분기말 시가총액,54360830120,USD,계산(종가×주식수),https://query1.finance.yahoo.com/v8/finance/chart/VST?interval=1d&events=splits (2025-12-31) ; https://www.sec.gov/Archives/edgar/data/1692819/000169281926000006/,종가 161.33 × 주식수 336954256,11
Vistra,VST,2026Q1,2026-03-31,분기별 매출액,5640000000,USD,공시,https://www.sec.gov/Archives/edgar/data/1692819/000169281926000014/,,11
Vistra,VST,2026Q1,2026-03-31,분기별 영업이익,1499000000,USD,공시,https://www.sec.gov/Archives/edgar/data/1692819/000169281926000014/,,11
Vistra,VST,2026Q1,2026-03-31,분기별 당기순이익(지배),1029000000,USD,공시,https://www.sec.gov/Archives/edgar/data/1692819/000169281926000014/,,11
Vistra,VST,2026Q1,2026-03-31,분기별 영업활동현금흐름,1199000000,USD,공시,https://www.sec.gov/Archives/edgar/data/1692819/000169281926000014/,,11
Vistra,VST,2026Q1,2026-03-31,분기말 자산총계,41308000000,USD,공시,https://www.sec.gov/Archives/edgar/data/1692819/000169281926000014/,,11
Vistra,VST,2026Q1,2026-03-31,분기말 부채총계,35698000000,USD,공시,https://www.sec.gov/Archives/edgar/data/1692819/000169281926000014/,,11
Vistra,VST,2026Q1,2026-03-31,분기말 총자본(자기자본),5610000000,USD,공시,https://www.sec.gov/Archives/edgar/data/1692819/000169281926000014/,,11
Vistra,VST,2026Q1,2026-03-31,분기말 지배지분 자본,5597000000,USD,공시,https://www.sec.gov/Archives/edgar/data/1692819/000169281926000014/,,11
Vistra,VST,2026Q1,2026-03-31,분기말 종가,150.33,USD,API,https://query1.finance.yahoo.com/v8/finance/chart/VST?interval=1d&events=splits (2026-03-31),,11
Vistra,VST,2026Q1,2026-05-01,분기말 상장주식수,337182468,주,공시(표지 기준일),https://www.sec.gov/Archives/edgar/data/1692819/000169281926000014/,dei:EntityCommonStockSharesOutstanding 클래스 합,11
Vistra,VST,2026Q1,2026-03-31,분기말 시가총액,50688640414,USD,계산(종가×주식수),https://query1.finance.yahoo.com/v8/finance/chart/VST?interval=1d&events=splits (2026-03-31) ; https://www.sec.gov/Archives/edgar/data/1692819/000169281926000014/,종가 150.33 × 주식수 337182468,11
Vistra,VST,2026Q2,2026-06-30,분기별 매출액,4017000000,USD,공시,https://www.sec.gov/Archives/edgar/data/1692819/000169281926000019/,,11
Vistra,VST,2026Q2,2026-06-30,분기별 영업이익,553000000,USD,공시,https://www.sec.gov/Archives/edgar/data/1692819/000169281926000019/,,11
Vistra,VST,2026Q2,2026-06-30,분기별 당기순이익(지배),305000000,USD,공시,https://www.sec.gov/Archives/edgar/data/1692819/000169281926000019/,,11
Vistra,VST,2026Q2,2026-06-30,분기별 영업활동현금흐름,1023000000,USD,계산(누적차감),https://www.sec.gov/Archives/edgar/data/1692819/000169281926000019/ ; https://www.sec.gov/Archives/edgar/data/1692819/000169281926000014/,누적 2222000000 − 직전누적 1199000000 (시작 2026-01-01),11
Vistra,VST,2026Q2,2026-06-30,분기말 자산총계,42603000000,USD,공시,https://www.sec.gov/Archives/edgar/data/1692819/000169281926000019/,,11
Vistra,VST,2026Q2,2026-06-30,분기말 부채총계,37109000000,USD,공시,https://www.sec.gov/Archives/edgar/data/1692819/000169281926000019/,,11
Vistra,VST,2026Q2,2026-06-30,분기말 총자본(자기자본),5494000000,USD,공시,https://www.sec.gov/Archives/edgar/data/1692819/000169281926000019/,,11
Vistra,VST,2026Q2,2026-06-30,분기말 지배지분 자본,5482000000,USD,공시,https://www.sec.gov/Archives/edgar/data/1692819/000169281926000019/,,11
Vistra,VST,2026Q2,2026-06-30,분기말 종가,158.63,USD,API,https://query1.finance.yahoo.com/v8/finance/chart/VST?interval=1d&events=splits (2026-06-30),,11
Vistra,VST,2026Q2,2026-08-03,분기말 상장주식수,335635195,주,공시(표지 기준일),https://www.sec.gov/Archives/edgar/data/1692819/000169281926000019/,dei:EntityCommonStockSharesOutstanding 클래스 합,11
Vistra,VST,2026Q2,2026-06-30,분기말 시가총액,53241810983,USD,계산(종가×주식수),https://query1.finance.yahoo.com/v8/finance/chart/VST?interval=1d&events=splits (2026-06-30) ; https://www.sec.gov/Archives/edgar/data/1692819/000169281926000019/,종가 158.63 × 주식수 335635195,11
