기업,종목코드,기간,기준일,항목,값,통화,값구분,출처,검산,라운드
Workday,WDAY,2010Q1,,분기별 매출액,데이터 없음(최초 보고기간 이전),USD,데이터 없음(최초 보고기간 전),https://data.sec.gov/submissions/CIK0001327811.json (최초 보고기간 2012Q3),,11
Workday,WDAY,2010Q1,,분기별 영업이익,데이터 없음(최초 보고기간 이전),USD,데이터 없음(최초 보고기간 전),https://data.sec.gov/submissions/CIK0001327811.json (최초 보고기간 2012Q3),,11
Workday,WDAY,2010Q1,,분기별 당기순이익(지배),데이터 없음(최초 보고기간 이전),USD,데이터 없음(최초 보고기간 전),https://data.sec.gov/submissions/CIK0001327811.json (최초 보고기간 2012Q3),,11
Workday,WDAY,2010Q1,,분기별 영업활동현금흐름,데이터 없음(최초 보고기간 이전),USD,데이터 없음(최초 보고기간 전),https://data.sec.gov/submissions/CIK0001327811.json (최초 보고기간 2012Q3),,11
Workday,WDAY,2010Q1,,분기말 자산총계,데이터 없음(최초 보고기간 이전),USD,데이터 없음(최초 보고기간 전),https://data.sec.gov/submissions/CIK0001327811.json (최초 보고기간 2012Q3),,11
Workday,WDAY,2010Q1,,분기말 부채총계,데이터 없음(최초 보고기간 이전),USD,데이터 없음(최초 보고기간 전),https://data.sec.gov/submissions/CIK0001327811.json (최초 보고기간 2012Q3),,11
Workday,WDAY,2010Q1,,분기말 총자본(자기자본),데이터 없음(최초 보고기간 이전),USD,데이터 없음(최초 보고기간 전),https://data.sec.gov/submissions/CIK0001327811.json (최초 보고기간 2012Q3),,11
Workday,WDAY,2010Q1,,분기말 지배지분 자본,데이터 없음(최초 보고기간 이전),USD,데이터 없음(최초 보고기간 전),https://data.sec.gov/submissions/CIK0001327811.json (최초 보고기간 2012Q3),,11
Workday,WDAY,2010Q1,,분기말 종가,데이터 없음(상장 전),,데이터 없음(상장 전),https://query1.finance.yahoo.com/v8/finance/chart/WDAY (최초 거래일 이전),,11
Workday,WDAY,2010Q1,,분기말 상장주식수,데이터 없음(상장 전),,데이터 없음(상장 전),https://query1.finance.yahoo.com/v8/finance/chart/WDAY (최초 거래일 이전),,11
Workday,WDAY,2010Q1,,분기말 시가총액,데이터 없음(상장 전),,데이터 없음(상장 전),https://query1.finance.yahoo.com/v8/finance/chart/WDAY (최초 거래일 이전),,11
Workday,WDAY,2010Q2,,분기별 매출액,데이터 없음(최초 보고기간 이전),USD,데이터 없음(최초 보고기간 전),https://data.sec.gov/submissions/CIK0001327811.json (최초 보고기간 2012Q3),,11
Workday,WDAY,2010Q2,,분기별 영업이익,데이터 없음(최초 보고기간 이전),USD,데이터 없음(최초 보고기간 전),https://data.sec.gov/submissions/CIK0001327811.json (최초 보고기간 2012Q3),,11
Workday,WDAY,2010Q2,,분기별 당기순이익(지배),데이터 없음(최초 보고기간 이전),USD,데이터 없음(최초 보고기간 전),https://data.sec.gov/submissions/CIK0001327811.json (최초 보고기간 2012Q3),,11
Workday,WDAY,2010Q2,,분기별 영업활동현금흐름,데이터 없음(최초 보고기간 이전),USD,데이터 없음(최초 보고기간 전),https://data.sec.gov/submissions/CIK0001327811.json (최초 보고기간 2012Q3),,11
Workday,WDAY,2010Q2,,분기말 자산총계,데이터 없음(최초 보고기간 이전),USD,데이터 없음(최초 보고기간 전),https://data.sec.gov/submissions/CIK0001327811.json (최초 보고기간 2012Q3),,11
Workday,WDAY,2010Q2,,분기말 부채총계,데이터 없음(최초 보고기간 이전),USD,데이터 없음(최초 보고기간 전),https://data.sec.gov/submissions/CIK0001327811.json (최초 보고기간 2012Q3),,11
Workday,WDAY,2010Q2,,분기말 총자본(자기자본),데이터 없음(최초 보고기간 이전),USD,데이터 없음(최초 보고기간 전),https://data.sec.gov/submissions/CIK0001327811.json (최초 보고기간 2012Q3),,11
Workday,WDAY,2010Q2,,분기말 지배지분 자본,데이터 없음(최초 보고기간 이전),USD,데이터 없음(최초 보고기간 전),https://data.sec.gov/submissions/CIK0001327811.json (최초 보고기간 2012Q3),,11
Workday,WDAY,2010Q2,,분기말 종가,데이터 없음(상장 전),,데이터 없음(상장 전),https://query1.finance.yahoo.com/v8/finance/chart/WDAY (최초 거래일 이전),,11
Workday,WDAY,2010Q2,,분기말 상장주식수,데이터 없음(상장 전),,데이터 없음(상장 전),https://query1.finance.yahoo.com/v8/finance/chart/WDAY (최초 거래일 이전),,11
Workday,WDAY,2010Q2,,분기말 시가총액,데이터 없음(상장 전),,데이터 없음(상장 전),https://query1.finance.yahoo.com/v8/finance/chart/WDAY (최초 거래일 이전),,11
Workday,WDAY,2010Q3,,분기별 매출액,데이터 없음(최초 보고기간 이전),USD,데이터 없음(최초 보고기간 전),https://data.sec.gov/submissions/CIK0001327811.json (최초 보고기간 2012Q3),,11
Workday,WDAY,2010Q3,,분기별 영업이익,데이터 없음(최초 보고기간 이전),USD,데이터 없음(최초 보고기간 전),https://data.sec.gov/submissions/CIK0001327811.json (최초 보고기간 2012Q3),,11
Workday,WDAY,2010Q3,,분기별 당기순이익(지배),데이터 없음(최초 보고기간 이전),USD,데이터 없음(최초 보고기간 전),https://data.sec.gov/submissions/CIK0001327811.json (최초 보고기간 2012Q3),,11
Workday,WDAY,2010Q3,,분기별 영업활동현금흐름,데이터 없음(최초 보고기간 이전),USD,데이터 없음(최초 보고기간 전),https://data.sec.gov/submissions/CIK0001327811.json (최초 보고기간 2012Q3),,11
Workday,WDAY,2010Q3,,분기말 자산총계,데이터 없음(최초 보고기간 이전),USD,데이터 없음(최초 보고기간 전),https://data.sec.gov/submissions/CIK0001327811.json (최초 보고기간 2012Q3),,11
Workday,WDAY,2010Q3,,분기말 부채총계,데이터 없음(최초 보고기간 이전),USD,데이터 없음(최초 보고기간 전),https://data.sec.gov/submissions/CIK0001327811.json (최초 보고기간 2012Q3),,11
Workday,WDAY,2010Q3,,분기말 총자본(자기자본),데이터 없음(최초 보고기간 이전),USD,데이터 없음(최초 보고기간 전),https://data.sec.gov/submissions/CIK0001327811.json (최초 보고기간 2012Q3),,11
Workday,WDAY,2010Q3,,분기말 지배지분 자본,데이터 없음(최초 보고기간 이전),USD,데이터 없음(최초 보고기간 전),https://data.sec.gov/submissions/CIK0001327811.json (최초 보고기간 2012Q3),,11
Workday,WDAY,2010Q3,,분기말 종가,데이터 없음(상장 전),,데이터 없음(상장 전),https://query1.finance.yahoo.com/v8/finance/chart/WDAY (최초 거래일 이전),,11
Workday,WDAY,2010Q3,,분기말 상장주식수,데이터 없음(상장 전),,데이터 없음(상장 전),https://query1.finance.yahoo.com/v8/finance/chart/WDAY (최초 거래일 이전),,11
Workday,WDAY,2010Q3,,분기말 시가총액,데이터 없음(상장 전),,데이터 없음(상장 전),https://query1.finance.yahoo.com/v8/finance/chart/WDAY (최초 거래일 이전),,11
Workday,WDAY,2010Q4,,분기별 매출액,데이터 없음(최초 보고기간 이전),USD,데이터 없음(최초 보고기간 전),https://data.sec.gov/submissions/CIK0001327811.json (최초 보고기간 2012Q3),,11
Workday,WDAY,2010Q4,,분기별 영업이익,데이터 없음(최초 보고기간 이전),USD,데이터 없음(최초 보고기간 전),https://data.sec.gov/submissions/CIK0001327811.json (최초 보고기간 2012Q3),,11
Workday,WDAY,2010Q4,,분기별 당기순이익(지배),데이터 없음(최초 보고기간 이전),USD,데이터 없음(최초 보고기간 전),https://data.sec.gov/submissions/CIK0001327811.json (최초 보고기간 2012Q3),,11
Workday,WDAY,2010Q4,,분기별 영업활동현금흐름,데이터 없음(최초 보고기간 이전),USD,데이터 없음(최초 보고기간 전),https://data.sec.gov/submissions/CIK0001327811.json (최초 보고기간 2012Q3),,11
Workday,WDAY,2010Q4,,분기말 자산총계,데이터 없음(최초 보고기간 이전),USD,데이터 없음(최초 보고기간 전),https://data.sec.gov/submissions/CIK0001327811.json (최초 보고기간 2012Q3),,11
Workday,WDAY,2010Q4,,분기말 부채총계,데이터 없음(최초 보고기간 이전),USD,데이터 없음(최초 보고기간 전),https://data.sec.gov/submissions/CIK0001327811.json (최초 보고기간 2012Q3),,11
Workday,WDAY,2010Q4,,분기말 총자본(자기자본),데이터 없음(최초 보고기간 이전),USD,데이터 없음(최초 보고기간 전),https://data.sec.gov/submissions/CIK0001327811.json (최초 보고기간 2012Q3),,11
Workday,WDAY,2010Q4,,분기말 지배지분 자본,데이터 없음(최초 보고기간 이전),USD,데이터 없음(최초 보고기간 전),https://data.sec.gov/submissions/CIK0001327811.json (최초 보고기간 2012Q3),,11
Workday,WDAY,2010Q4,,분기말 종가,데이터 없음(상장 전),,데이터 없음(상장 전),https://query1.finance.yahoo.com/v8/finance/chart/WDAY (최초 거래일 이전),,11
Workday,WDAY,2010Q4,,분기말 상장주식수,데이터 없음(상장 전),,데이터 없음(상장 전),https://query1.finance.yahoo.com/v8/finance/chart/WDAY (최초 거래일 이전),,11
Workday,WDAY,2010Q4,,분기말 시가총액,데이터 없음(상장 전),,데이터 없음(상장 전),https://query1.finance.yahoo.com/v8/finance/chart/WDAY (최초 거래일 이전),,11
Workday,WDAY,2011Q1,,분기별 매출액,데이터 없음(최초 보고기간 이전),USD,데이터 없음(최초 보고기간 전),https://data.sec.gov/submissions/CIK0001327811.json (최초 보고기간 2012Q3),,11
Workday,WDAY,2011Q1,,분기별 영업이익,데이터 없음(최초 보고기간 이전),USD,데이터 없음(최초 보고기간 전),https://data.sec.gov/submissions/CIK0001327811.json (최초 보고기간 2012Q3),,11
Workday,WDAY,2011Q1,,분기별 당기순이익(지배),데이터 없음(최초 보고기간 이전),USD,데이터 없음(최초 보고기간 전),https://data.sec.gov/submissions/CIK0001327811.json (최초 보고기간 2012Q3),,11
Workday,WDAY,2011Q1,,분기별 영업활동현금흐름,데이터 없음(최초 보고기간 이전),USD,데이터 없음(최초 보고기간 전),https://data.sec.gov/submissions/CIK0001327811.json (최초 보고기간 2012Q3),,11
Workday,WDAY,2011Q1,,분기말 자산총계,데이터 없음(최초 보고기간 이전),USD,데이터 없음(최초 보고기간 전),https://data.sec.gov/submissions/CIK0001327811.json (최초 보고기간 2012Q3),,11
Workday,WDAY,2011Q1,,분기말 부채총계,데이터 없음(최초 보고기간 이전),USD,데이터 없음(최초 보고기간 전),https://data.sec.gov/submissions/CIK0001327811.json (최초 보고기간 2012Q3),,11
Workday,WDAY,2011Q1,,분기말 총자본(자기자본),데이터 없음(최초 보고기간 이전),USD,데이터 없음(최초 보고기간 전),https://data.sec.gov/submissions/CIK0001327811.json (최초 보고기간 2012Q3),,11
Workday,WDAY,2011Q1,,분기말 지배지분 자본,데이터 없음(최초 보고기간 이전),USD,데이터 없음(최초 보고기간 전),https://data.sec.gov/submissions/CIK0001327811.json (최초 보고기간 2012Q3),,11
Workday,WDAY,2011Q1,,분기말 종가,데이터 없음(상장 전),,데이터 없음(상장 전),https://query1.finance.yahoo.com/v8/finance/chart/WDAY (최초 거래일 이전),,11
Workday,WDAY,2011Q1,,분기말 상장주식수,데이터 없음(상장 전),,데이터 없음(상장 전),https://query1.finance.yahoo.com/v8/finance/chart/WDAY (최초 거래일 이전),,11
Workday,WDAY,2011Q1,,분기말 시가총액,데이터 없음(상장 전),,데이터 없음(상장 전),https://query1.finance.yahoo.com/v8/finance/chart/WDAY (최초 거래일 이전),,11
Workday,WDAY,2011Q2,,분기별 매출액,데이터 없음(최초 보고기간 이전),USD,데이터 없음(최초 보고기간 전),https://data.sec.gov/submissions/CIK0001327811.json (최초 보고기간 2012Q3),,11
Workday,WDAY,2011Q2,,분기별 영업이익,데이터 없음(최초 보고기간 이전),USD,데이터 없음(최초 보고기간 전),https://data.sec.gov/submissions/CIK0001327811.json (최초 보고기간 2012Q3),,11
Workday,WDAY,2011Q2,,분기별 당기순이익(지배),데이터 없음(최초 보고기간 이전),USD,데이터 없음(최초 보고기간 전),https://data.sec.gov/submissions/CIK0001327811.json (최초 보고기간 2012Q3),,11
Workday,WDAY,2011Q2,,분기별 영업활동현금흐름,데이터 없음(최초 보고기간 이전),USD,데이터 없음(최초 보고기간 전),https://data.sec.gov/submissions/CIK0001327811.json (최초 보고기간 2012Q3),,11
Workday,WDAY,2011Q2,,분기말 자산총계,데이터 없음(최초 보고기간 이전),USD,데이터 없음(최초 보고기간 전),https://data.sec.gov/submissions/CIK0001327811.json (최초 보고기간 2012Q3),,11
Workday,WDAY,2011Q2,,분기말 부채총계,데이터 없음(최초 보고기간 이전),USD,데이터 없음(최초 보고기간 전),https://data.sec.gov/submissions/CIK0001327811.json (최초 보고기간 2012Q3),,11
Workday,WDAY,2011Q2,,분기말 총자본(자기자본),데이터 없음(최초 보고기간 이전),USD,데이터 없음(최초 보고기간 전),https://data.sec.gov/submissions/CIK0001327811.json (최초 보고기간 2012Q3),,11
Workday,WDAY,2011Q2,,분기말 지배지분 자본,데이터 없음(최초 보고기간 이전),USD,데이터 없음(최초 보고기간 전),https://data.sec.gov/submissions/CIK0001327811.json (최초 보고기간 2012Q3),,11
Workday,WDAY,2011Q2,,분기말 종가,데이터 없음(상장 전),,데이터 없음(상장 전),https://query1.finance.yahoo.com/v8/finance/chart/WDAY (최초 거래일 이전),,11
Workday,WDAY,2011Q2,,분기말 상장주식수,데이터 없음(상장 전),,데이터 없음(상장 전),https://query1.finance.yahoo.com/v8/finance/chart/WDAY (최초 거래일 이전),,11
Workday,WDAY,2011Q2,,분기말 시가총액,데이터 없음(상장 전),,데이터 없음(상장 전),https://query1.finance.yahoo.com/v8/finance/chart/WDAY (최초 거래일 이전),,11
Workday,WDAY,2011Q3,,분기별 매출액,데이터 없음(최초 보고기간 이전),USD,데이터 없음(최초 보고기간 전),https://data.sec.gov/submissions/CIK0001327811.json (최초 보고기간 2012Q3),,11
Workday,WDAY,2011Q3,,분기별 영업이익,데이터 없음(최초 보고기간 이전),USD,데이터 없음(최초 보고기간 전),https://data.sec.gov/submissions/CIK0001327811.json (최초 보고기간 2012Q3),,11
Workday,WDAY,2011Q3,,분기별 당기순이익(지배),데이터 없음(최초 보고기간 이전),USD,데이터 없음(최초 보고기간 전),https://data.sec.gov/submissions/CIK0001327811.json (최초 보고기간 2012Q3),,11
Workday,WDAY,2011Q3,,분기별 영업활동현금흐름,데이터 없음(최초 보고기간 이전),USD,데이터 없음(최초 보고기간 전),https://data.sec.gov/submissions/CIK0001327811.json (최초 보고기간 2012Q3),,11
Workday,WDAY,2011Q3,,분기말 자산총계,데이터 없음(최초 보고기간 이전),USD,데이터 없음(최초 보고기간 전),https://data.sec.gov/submissions/CIK0001327811.json (최초 보고기간 2012Q3),,11
Workday,WDAY,2011Q3,,분기말 부채총계,데이터 없음(최초 보고기간 이전),USD,데이터 없음(최초 보고기간 전),https://data.sec.gov/submissions/CIK0001327811.json (최초 보고기간 2012Q3),,11
Workday,WDAY,2011Q3,,분기말 총자본(자기자본),데이터 없음(최초 보고기간 이전),USD,데이터 없음(최초 보고기간 전),https://data.sec.gov/submissions/CIK0001327811.json (최초 보고기간 2012Q3),,11
Workday,WDAY,2011Q3,,분기말 지배지분 자본,데이터 없음(최초 보고기간 이전),USD,데이터 없음(최초 보고기간 전),https://data.sec.gov/submissions/CIK0001327811.json (최초 보고기간 2012Q3),,11
Workday,WDAY,2011Q3,,분기말 종가,데이터 없음(상장 전),,데이터 없음(상장 전),https://query1.finance.yahoo.com/v8/finance/chart/WDAY (최초 거래일 이전),,11
Workday,WDAY,2011Q3,,분기말 상장주식수,데이터 없음(상장 전),,데이터 없음(상장 전),https://query1.finance.yahoo.com/v8/finance/chart/WDAY (최초 거래일 이전),,11
Workday,WDAY,2011Q3,,분기말 시가총액,데이터 없음(상장 전),,데이터 없음(상장 전),https://query1.finance.yahoo.com/v8/finance/chart/WDAY (최초 거래일 이전),,11
Workday,WDAY,2011Q4,,분기별 매출액,데이터 없음(최초 보고기간 이전),USD,데이터 없음(최초 보고기간 전),https://data.sec.gov/submissions/CIK0001327811.json (최초 보고기간 2012Q3),,11
Workday,WDAY,2011Q4,,분기별 영업이익,데이터 없음(최초 보고기간 이전),USD,데이터 없음(최초 보고기간 전),https://data.sec.gov/submissions/CIK0001327811.json (최초 보고기간 2012Q3),,11
Workday,WDAY,2011Q4,,분기별 당기순이익(지배),데이터 없음(최초 보고기간 이전),USD,데이터 없음(최초 보고기간 전),https://data.sec.gov/submissions/CIK0001327811.json (최초 보고기간 2012Q3),,11
Workday,WDAY,2011Q4,,분기별 영업활동현금흐름,데이터 없음(최초 보고기간 이전),USD,데이터 없음(최초 보고기간 전),https://data.sec.gov/submissions/CIK0001327811.json (최초 보고기간 2012Q3),,11
Workday,WDAY,2011Q4,,분기말 자산총계,데이터 없음(최초 보고기간 이전),USD,데이터 없음(최초 보고기간 전),https://data.sec.gov/submissions/CIK0001327811.json (최초 보고기간 2012Q3),,11
Workday,WDAY,2011Q4,,분기말 부채총계,데이터 없음(최초 보고기간 이전),USD,데이터 없음(최초 보고기간 전),https://data.sec.gov/submissions/CIK0001327811.json (최초 보고기간 2012Q3),,11
Workday,WDAY,2011Q4,,분기말 총자본(자기자본),데이터 없음(최초 보고기간 이전),USD,데이터 없음(최초 보고기간 전),https://data.sec.gov/submissions/CIK0001327811.json (최초 보고기간 2012Q3),,11
Workday,WDAY,2011Q4,,분기말 지배지분 자본,데이터 없음(최초 보고기간 이전),USD,데이터 없음(최초 보고기간 전),https://data.sec.gov/submissions/CIK0001327811.json (최초 보고기간 2012Q3),,11
Workday,WDAY,2011Q4,,분기말 종가,데이터 없음(상장 전),,데이터 없음(상장 전),https://query1.finance.yahoo.com/v8/finance/chart/WDAY (최초 거래일 이전),,11
Workday,WDAY,2011Q4,,분기말 상장주식수,데이터 없음(상장 전),,데이터 없음(상장 전),https://query1.finance.yahoo.com/v8/finance/chart/WDAY (최초 거래일 이전),,11
Workday,WDAY,2011Q4,,분기말 시가총액,데이터 없음(상장 전),,데이터 없음(상장 전),https://query1.finance.yahoo.com/v8/finance/chart/WDAY (최초 거래일 이전),,11
Workday,WDAY,2012Q1,,분기별 매출액,데이터 없음(최초 보고기간 이전),USD,데이터 없음(최초 보고기간 전),https://data.sec.gov/submissions/CIK0001327811.json (최초 보고기간 2012Q3),,11
Workday,WDAY,2012Q1,,분기별 영업이익,데이터 없음(최초 보고기간 이전),USD,데이터 없음(최초 보고기간 전),https://data.sec.gov/submissions/CIK0001327811.json (최초 보고기간 2012Q3),,11
Workday,WDAY,2012Q1,,분기별 당기순이익(지배),데이터 없음(최초 보고기간 이전),USD,데이터 없음(최초 보고기간 전),https://data.sec.gov/submissions/CIK0001327811.json (최초 보고기간 2012Q3),,11
Workday,WDAY,2012Q1,,분기별 영업활동현금흐름,데이터 없음(최초 보고기간 이전),USD,데이터 없음(최초 보고기간 전),https://data.sec.gov/submissions/CIK0001327811.json (최초 보고기간 2012Q3),,11
Workday,WDAY,2012Q1,,분기말 자산총계,데이터 없음(최초 보고기간 이전),USD,데이터 없음(최초 보고기간 전),https://data.sec.gov/submissions/CIK0001327811.json (최초 보고기간 2012Q3),,11
Workday,WDAY,2012Q1,,분기말 부채총계,데이터 없음(최초 보고기간 이전),USD,데이터 없음(최초 보고기간 전),https://data.sec.gov/submissions/CIK0001327811.json (최초 보고기간 2012Q3),,11
Workday,WDAY,2012Q1,,분기말 총자본(자기자본),데이터 없음(최초 보고기간 이전),USD,데이터 없음(최초 보고기간 전),https://data.sec.gov/submissions/CIK0001327811.json (최초 보고기간 2012Q3),,11
Workday,WDAY,2012Q1,,분기말 지배지분 자본,데이터 없음(최초 보고기간 이전),USD,데이터 없음(최초 보고기간 전),https://data.sec.gov/submissions/CIK0001327811.json (최초 보고기간 2012Q3),,11
Workday,WDAY,2012Q1,,분기말 종가,데이터 없음(상장 전),,데이터 없음(상장 전),https://query1.finance.yahoo.com/v8/finance/chart/WDAY (최초 거래일 이전),,11
Workday,WDAY,2012Q1,,분기말 상장주식수,데이터 없음(상장 전),,데이터 없음(상장 전),https://query1.finance.yahoo.com/v8/finance/chart/WDAY (최초 거래일 이전),,11
Workday,WDAY,2012Q1,,분기말 시가총액,데이터 없음(상장 전),,데이터 없음(상장 전),https://query1.finance.yahoo.com/v8/finance/chart/WDAY (최초 거래일 이전),,11
Workday,WDAY,2012Q2,,분기별 매출액,데이터 없음(최초 보고기간 이전),USD,데이터 없음(최초 보고기간 전),https://data.sec.gov/submissions/CIK0001327811.json (최초 보고기간 2012Q3),,11
Workday,WDAY,2012Q2,,분기별 영업이익,데이터 없음(최초 보고기간 이전),USD,데이터 없음(최초 보고기간 전),https://data.sec.gov/submissions/CIK0001327811.json (최초 보고기간 2012Q3),,11
Workday,WDAY,2012Q2,,분기별 당기순이익(지배),데이터 없음(최초 보고기간 이전),USD,데이터 없음(최초 보고기간 전),https://data.sec.gov/submissions/CIK0001327811.json (최초 보고기간 2012Q3),,11
Workday,WDAY,2012Q2,,분기별 영업활동현금흐름,데이터 없음(최초 보고기간 이전),USD,데이터 없음(최초 보고기간 전),https://data.sec.gov/submissions/CIK0001327811.json (최초 보고기간 2012Q3),,11
Workday,WDAY,2012Q2,,분기말 자산총계,데이터 없음(최초 보고기간 이전),USD,데이터 없음(최초 보고기간 전),https://data.sec.gov/submissions/CIK0001327811.json (최초 보고기간 2012Q3),,11
Workday,WDAY,2012Q2,,분기말 부채총계,데이터 없음(최초 보고기간 이전),USD,데이터 없음(최초 보고기간 전),https://data.sec.gov/submissions/CIK0001327811.json (최초 보고기간 2012Q3),,11
Workday,WDAY,2012Q2,,분기말 총자본(자기자본),데이터 없음(최초 보고기간 이전),USD,데이터 없음(최초 보고기간 전),https://data.sec.gov/submissions/CIK0001327811.json (최초 보고기간 2012Q3),,11
Workday,WDAY,2012Q2,,분기말 지배지분 자본,데이터 없음(최초 보고기간 이전),USD,데이터 없음(최초 보고기간 전),https://data.sec.gov/submissions/CIK0001327811.json (최초 보고기간 2012Q3),,11
Workday,WDAY,2012Q2,,분기말 종가,데이터 없음(상장 전),,데이터 없음(상장 전),https://query1.finance.yahoo.com/v8/finance/chart/WDAY (최초 거래일 이전),,11
Workday,WDAY,2012Q2,,분기말 상장주식수,데이터 없음(상장 전),,데이터 없음(상장 전),https://query1.finance.yahoo.com/v8/finance/chart/WDAY (최초 거래일 이전),,11
Workday,WDAY,2012Q2,,분기말 시가총액,데이터 없음(상장 전),,데이터 없음(상장 전),https://query1.finance.yahoo.com/v8/finance/chart/WDAY (최초 거래일 이전),,11
Workday,WDAY,2012Q3,2012-10-31,분기별 매출액,72618000,USD,공시,https://www.sec.gov/Archives/edgar/data/1327811/000119312512495545/,,11
Workday,WDAY,2012Q3,2012-10-31,분기별 영업이익,-40868000,USD,공시,https://www.sec.gov/Archives/edgar/data/1327811/000119312512495545/,,11
Workday,WDAY,2012Q3,2012-10-31,분기별 당기순이익(지배),-41471000,USD,공시,https://www.sec.gov/Archives/edgar/data/1327811/000119312512495545/,,11
Workday,WDAY,2012Q3,2012-10-31,분기별 영업활동현금흐름,데이터 없음(직전 분기 누적 보고서 없음),USD,데이터 없음(직전 보고서 없음),https://www.sec.gov/Archives/edgar/data/1327811/000119312512495545/,,11
Workday,WDAY,2012Q3,2012-10-31,분기말 자산총계,950148000,USD,공시,https://www.sec.gov/Archives/edgar/data/1327811/000119312512495545/,,11
Workday,WDAY,2012Q3,2012-10-31,분기말 부채총계,334647000,USD,공시,https://www.sec.gov/Archives/edgar/data/1327811/000119312512495545/,,11
Workday,WDAY,2012Q3,2012-10-31,분기말 총자본(자기자본),615501000,USD,공시(비지배 없음),https://www.sec.gov/Archives/edgar/data/1327811/000119312512495545/,"StockholdersEquity, MinorityInterest 태그 없음",11
Workday,WDAY,2012Q3,2012-10-31,분기말 지배지분 자본,615501000,USD,공시,https://www.sec.gov/Archives/edgar/data/1327811/000119312512495545/,,11
Workday,WDAY,2012Q3,2012-10-31,분기말 종가,48.5,USD,API,https://query1.finance.yahoo.com/v8/finance/chart/WDAY?interval=1d&events=splits (2012-10-31),,11
Workday,WDAY,2012Q3,2012-11-30,분기말 상장주식수,166000000,주,공시(표지 기준일),https://www.sec.gov/Archives/edgar/data/1327811/000119312512495545/,dei:EntityCommonStockSharesOutstanding 클래스 합,11
Workday,WDAY,2012Q3,2012-10-31,분기말 시가총액,8051000000,USD,계산(종가×주식수),https://query1.finance.yahoo.com/v8/finance/chart/WDAY?interval=1d&events=splits (2012-10-31) ; https://www.sec.gov/Archives/edgar/data/1327811/000119312512495545/,종가 48.5 × 주식수 166000000,11
Workday,WDAY,2012Q4,2013-01-31,분기별 매출액,81519000,USD,계산(연간-3분기누적),https://www.sec.gov/Archives/edgar/data/1327811/000119312513122351/ ; https://www.sec.gov/Archives/edgar/data/1327811/000119312512495545/,연간 273657000 − 9개월누적 192138000 (Revenues),11
Workday,WDAY,2012Q4,2013-01-31,분기별 영업이익,-30678000,USD,계산(연간-3분기누적),https://www.sec.gov/Archives/edgar/data/1327811/000119312513122351/ ; https://www.sec.gov/Archives/edgar/data/1327811/000119312512495545/,연간 -117863000 − 9개월누적 -87185000 (OperatingIncomeLoss),11
Workday,WDAY,2012Q4,2013-01-31,분기별 당기순이익(지배),-30944000,USD,계산(연간-3분기누적),https://www.sec.gov/Archives/edgar/data/1327811/000119312513122351/ ; https://www.sec.gov/Archives/edgar/data/1327811/000119312512495545/,연간 -119758000 − 9개월누적 -88814000 (NetIncomeLoss),11
Workday,WDAY,2012Q4,2013-01-31,분기별 영업활동현금흐름,5940000,USD,계산(누적차감),https://www.sec.gov/Archives/edgar/data/1327811/000119312513122351/ ; https://www.sec.gov/Archives/edgar/data/1327811/000119312512495545/,누적 11214000 − 직전누적 5274000 (시작 2012-02-01),11
Workday,WDAY,2012Q4,2013-01-31,분기말 자산총계,959080000,USD,공시,https://www.sec.gov/Archives/edgar/data/1327811/000119312513122351/,,11
Workday,WDAY,2012Q4,2013-01-31,분기말 부채총계,366797000,USD,공시,https://www.sec.gov/Archives/edgar/data/1327811/000119312513122351/,,11
Workday,WDAY,2012Q4,2013-01-31,분기말 총자본(자기자본),592283000,USD,공시(비지배 없음),https://www.sec.gov/Archives/edgar/data/1327811/000119312513122351/,"StockholdersEquity, MinorityInterest 태그 없음",11
Workday,WDAY,2012Q4,2013-01-31,분기말 지배지분 자본,592283000,USD,공시,https://www.sec.gov/Archives/edgar/data/1327811/000119312513122351/,,11
Workday,WDAY,2012Q4,2013-01-31,분기말 종가,53.42,USD,API,https://query1.finance.yahoo.com/v8/finance/chart/WDAY?interval=1d&events=splits (2013-01-31),,11
Workday,WDAY,2012Q4,2013-02-28,분기말 상장주식수,166000000,주,공시(표지 기준일),https://www.sec.gov/Archives/edgar/data/1327811/000119312513122351/,dei:EntityCommonStockSharesOutstanding 클래스 합,11
Workday,WDAY,2012Q4,2013-01-31,분기말 시가총액,8867720000,USD,계산(종가×주식수),https://query1.finance.yahoo.com/v8/finance/chart/WDAY?interval=1d&events=splits (2013-01-31) ; https://www.sec.gov/Archives/edgar/data/1327811/000119312513122351/,종가 53.42 × 주식수 166000000,11
Workday,WDAY,2013Q1,2013-04-30,분기별 매출액,91645000,USD,공시(후속 보고서 비교기간),https://www.sec.gov/Archives/edgar/data/1327811/000119312514124249/,Revenues ; 그 분기 보고서에 연결 총계가 없어 2014-03-31 제출본의 비교기간에서 읽었다,11
Workday,WDAY,2013Q1,2013-04-30,분기별 영업이익,-32624000,USD,공시,https://www.sec.gov/Archives/edgar/data/1327811/000119312513248710/,,11
Workday,WDAY,2013Q1,2013-04-30,분기별 당기순이익(지배),-33015000,USD,공시,https://www.sec.gov/Archives/edgar/data/1327811/000119312513248710/,,11
Workday,WDAY,2013Q1,2013-04-30,분기별 영업활동현금흐름,17310000,USD,공시,https://www.sec.gov/Archives/edgar/data/1327811/000119312513248710/,,11
Workday,WDAY,2013Q1,2013-04-30,분기말 자산총계,981255000,USD,공시,https://www.sec.gov/Archives/edgar/data/1327811/000119312513248710/,,11
Workday,WDAY,2013Q1,2013-04-30,분기말 부채총계,409470000,USD,공시,https://www.sec.gov/Archives/edgar/data/1327811/000119312513248710/,,11
Workday,WDAY,2013Q1,2013-04-30,분기말 총자본(자기자본),571785000,USD,공시(비지배 없음),https://www.sec.gov/Archives/edgar/data/1327811/000119312513248710/,"StockholdersEquity, MinorityInterest 태그 없음",11
Workday,WDAY,2013Q1,2013-04-30,분기말 지배지분 자본,571785000,USD,공시,https://www.sec.gov/Archives/edgar/data/1327811/000119312513248710/,,11
Workday,WDAY,2013Q1,2013-04-30,분기말 종가,62.65,USD,API,https://query1.finance.yahoo.com/v8/finance/chart/WDAY?interval=1d&events=splits (2013-04-30),,11
Workday,WDAY,2013Q1,2013-05-31,분기말 상장주식수,173000000,주,공시(표지 기준일),https://www.sec.gov/Archives/edgar/data/1327811/000119312513248710/,dei:EntityCommonStockSharesOutstanding 클래스 합,11
Workday,WDAY,2013Q1,2013-04-30,분기말 시가총액,10838450000,USD,계산(종가×주식수),https://query1.finance.yahoo.com/v8/finance/chart/WDAY?interval=1d&events=splits (2013-04-30) ; https://www.sec.gov/Archives/edgar/data/1327811/000119312513248710/,종가 62.65 × 주식수 173000000,11
Workday,WDAY,2013Q2,2013-07-31,분기별 매출액,107555000,USD,공시(후속 보고서 비교기간),https://www.sec.gov/Archives/edgar/data/1327811/000119312514124249/,Revenues ; 그 분기 보고서에 연결 총계가 없어 2014-03-31 제출본의 비교기간에서 읽었다,11
Workday,WDAY,2013Q2,2013-07-31,분기별 영업이익,-32283000,USD,공시,https://www.sec.gov/Archives/edgar/data/1327811/000119312513360085/,,11
Workday,WDAY,2013Q2,2013-07-31,분기별 당기순이익(지배),-35978000,USD,공시,https://www.sec.gov/Archives/edgar/data/1327811/000119312513360085/,,11
Workday,WDAY,2013Q2,2013-07-31,분기별 영업활동현금흐름,-12916000,USD,계산(누적차감),https://www.sec.gov/Archives/edgar/data/1327811/000119312513360085/ ; https://www.sec.gov/Archives/edgar/data/1327811/000119312513248710/,누적 4394000 − 직전누적 17310000 (시작 2013-02-01),11
Workday,WDAY,2013Q2,2013-07-31,분기말 자산총계,1505973000,USD,공시,https://www.sec.gov/Archives/edgar/data/1327811/000119312513360085/,,11
Workday,WDAY,2013Q2,2013-07-31,분기말 부채총계,867232000,USD,공시,https://www.sec.gov/Archives/edgar/data/1327811/000119312513360085/,,11
Workday,WDAY,2013Q2,2013-07-31,분기말 총자본(자기자본),638741000,USD,공시(비지배 없음),https://www.sec.gov/Archives/edgar/data/1327811/000119312513360085/,"StockholdersEquity, MinorityInterest 태그 없음",11
Workday,WDAY,2013Q2,2013-07-31,분기말 지배지분 자본,638741000,USD,공시,https://www.sec.gov/Archives/edgar/data/1327811/000119312513360085/,,11
Workday,WDAY,2013Q2,2013-07-31,분기말 종가,68.29,USD,API,https://query1.finance.yahoo.com/v8/finance/chart/WDAY?interval=1d&events=splits (2013-07-31),,11
Workday,WDAY,2013Q2,2013-08-31,분기말 상장주식수,174000000,주,공시(표지 기준일),https://www.sec.gov/Archives/edgar/data/1327811/000119312513360085/,dei:EntityCommonStockSharesOutstanding 클래스 합,11
Workday,WDAY,2013Q2,2013-07-31,분기말 시가총액,11882460000,USD,계산(종가×주식수),https://query1.finance.yahoo.com/v8/finance/chart/WDAY?interval=1d&events=splits (2013-07-31) ; https://www.sec.gov/Archives/edgar/data/1327811/000119312513360085/,종가 68.29 × 주식수 174000000,11
Workday,WDAY,2013Q3,2013-10-31,분기별 매출액,127872000,USD,공시(후속 보고서 비교기간),https://www.sec.gov/Archives/edgar/data/1327811/000119312514124249/,Revenues ; 그 분기 보고서에 연결 총계가 없어 2014-03-31 제출본의 비교기간에서 읽었다,11
Workday,WDAY,2013Q3,2013-10-31,분기별 영업이익,-40399000,USD,공시,https://www.sec.gov/Archives/edgar/data/1327811/000119312513459380/,,11
Workday,WDAY,2013Q3,2013-10-31,분기별 당기순이익(지배),-47534000,USD,공시,https://www.sec.gov/Archives/edgar/data/1327811/000119312513459380/,,11
Workday,WDAY,2013Q3,2013-10-31,분기별 영업활동현금흐름,7076000,USD,계산(누적차감),https://www.sec.gov/Archives/edgar/data/1327811/000119312513459380/ ; https://www.sec.gov/Archives/edgar/data/1327811/000119312513360085/,누적 11470000 − 직전누적 4394000 (시작 2013-02-01),11
Workday,WDAY,2013Q3,2013-10-31,분기말 자산총계,1528185000,USD,공시,https://www.sec.gov/Archives/edgar/data/1327811/000119312513459380/,,11
Workday,WDAY,2013Q3,2013-10-31,분기말 부채총계,914783000,USD,공시,https://www.sec.gov/Archives/edgar/data/1327811/000119312513459380/,,11
Workday,WDAY,2013Q3,2013-10-31,분기말 총자본(자기자본),613402000,USD,공시(비지배 없음),https://www.sec.gov/Archives/edgar/data/1327811/000119312513459380/,"StockholdersEquity, MinorityInterest 태그 없음",11
Workday,WDAY,2013Q3,2013-10-31,분기말 지배지분 자본,613402000,USD,공시,https://www.sec.gov/Archives/edgar/data/1327811/000119312513459380/,,11
Workday,WDAY,2013Q3,2013-10-31,분기말 종가,74.87,USD,API,https://query1.finance.yahoo.com/v8/finance/chart/WDAY?interval=1d&events=splits (2013-10-31),,11
Workday,WDAY,2013Q3,2013-10-31,분기말 상장주식수,175000000,주,공시(표지 기준일),https://www.sec.gov/Archives/edgar/data/1327811/000119312513459380/,dei:EntityCommonStockSharesOutstanding 클래스 합,11
Workday,WDAY,2013Q3,2013-10-31,분기말 시가총액,13102250000,USD,계산(종가×주식수),https://query1.finance.yahoo.com/v8/finance/chart/WDAY?interval=1d&events=splits (2013-10-31) ; https://www.sec.gov/Archives/edgar/data/1327811/000119312513459380/,종가 74.87 × 주식수 175000000,11
Workday,WDAY,2013Q4,2014-01-31,분기별 매출액,미확인,USD,미확인,https://www.sec.gov/Archives/edgar/data/1327811/000119312514124249/,,11
Workday,WDAY,2013Q4,2014-01-31,분기별 영업이익,-47976000,USD,계산(연간-3분기누적),https://www.sec.gov/Archives/edgar/data/1327811/000119312514124249/ ; https://www.sec.gov/Archives/edgar/data/1327811/000119312513459380/,연간 -153282000 − 9개월누적 -105306000 (OperatingIncomeLoss),11
Workday,WDAY,2013Q4,2014-01-31,분기별 당기순이익(지배),-55982000,USD,계산(연간-3분기누적),https://www.sec.gov/Archives/edgar/data/1327811/000119312514124249/ ; https://www.sec.gov/Archives/edgar/data/1327811/000119312513459380/,연간 -172509000 − 9개월누적 -116527000 (NetIncomeLoss),11
Workday,WDAY,2013Q4,2014-01-31,분기별 영업활동현금흐름,34793000,USD,계산(누적차감),https://www.sec.gov/Archives/edgar/data/1327811/000119312514124249/ ; https://www.sec.gov/Archives/edgar/data/1327811/000119312513459380/,누적 46263000 − 직전누적 11470000 (시작 2013-02-01),11
Workday,WDAY,2013Q4,2014-01-31,분기말 자산총계,2176265000,USD,공시,https://www.sec.gov/Archives/edgar/data/1327811/000119312514124249/,,11
Workday,WDAY,2013Q4,2014-01-31,분기말 부채총계,989048000,USD,공시,https://www.sec.gov/Archives/edgar/data/1327811/000119312514124249/,,11
Workday,WDAY,2013Q4,2014-01-31,분기말 총자본(자기자본),1187217000,USD,공시(비지배 없음),https://www.sec.gov/Archives/edgar/data/1327811/000119312514124249/,"StockholdersEquity, MinorityInterest 태그 없음",11
Workday,WDAY,2013Q4,2014-01-31,분기말 지배지분 자본,1187217000,USD,공시,https://www.sec.gov/Archives/edgar/data/1327811/000119312514124249/,,11
Workday,WDAY,2013Q4,2014-01-31,분기말 종가,89.54,USD,API,https://query1.finance.yahoo.com/v8/finance/chart/WDAY?interval=1d&events=splits (2014-01-31),,11
Workday,WDAY,2013Q4,2014-02-28,분기말 상장주식수,184000000,주,공시(표지 기준일),https://www.sec.gov/Archives/edgar/data/1327811/000119312514124249/,dei:EntityCommonStockSharesOutstanding 클래스 합,11
Workday,WDAY,2013Q4,2014-01-31,분기말 시가총액,16475360000,USD,계산(종가×주식수),https://query1.finance.yahoo.com/v8/finance/chart/WDAY?interval=1d&events=splits (2014-01-31) ; https://www.sec.gov/Archives/edgar/data/1327811/000119312514124249/,종가 89.54 × 주식수 184000000,11
Workday,WDAY,2014Q1,2014-04-30,분기별 매출액,159737000,USD,공시,https://www.sec.gov/Archives/edgar/data/1327811/000119312514228909/,,11
Workday,WDAY,2014Q1,2014-04-30,분기별 영업이익,-52083000,USD,공시,https://www.sec.gov/Archives/edgar/data/1327811/000119312514228909/,,11
Workday,WDAY,2014Q1,2014-04-30,분기별 당기순이익(지배),-59389000,USD,공시(비지배 없음),https://www.sec.gov/Archives/edgar/data/1327811/000119312514228909/,,11
Workday,WDAY,2014Q1,2014-04-30,분기별 영업활동현금흐름,21697000,USD,공시,https://www.sec.gov/Archives/edgar/data/1327811/000119312514228909/,,11
Workday,WDAY,2014Q1,2014-04-30,분기말 자산총계,2206690000,USD,공시,https://www.sec.gov/Archives/edgar/data/1327811/000119312514228909/,,11
Workday,WDAY,2014Q1,2014-04-30,분기말 부채총계,1051254000,USD,공시,https://www.sec.gov/Archives/edgar/data/1327811/000119312514228909/,,11
Workday,WDAY,2014Q1,2014-04-30,분기말 총자본(자기자본),1155436000,USD,공시(비지배 없음),https://www.sec.gov/Archives/edgar/data/1327811/000119312514228909/,"StockholdersEquity, MinorityInterest 태그 없음",11
Workday,WDAY,2014Q1,2014-04-30,분기말 지배지분 자본,1155436000,USD,공시,https://www.sec.gov/Archives/edgar/data/1327811/000119312514228909/,,11
Workday,WDAY,2014Q1,2014-04-30,분기말 종가,73.07,USD,API,https://query1.finance.yahoo.com/v8/finance/chart/WDAY?interval=1d&events=splits (2014-04-30),,11
Workday,WDAY,2014Q1,2014-05-31,분기말 상장주식수,185000000,주,공시(표지 기준일),https://www.sec.gov/Archives/edgar/data/1327811/000119312514228909/,dei:EntityCommonStockSharesOutstanding 클래스 합,11
Workday,WDAY,2014Q1,2014-04-30,분기말 시가총액,13517950000,USD,계산(종가×주식수),https://query1.finance.yahoo.com/v8/finance/chart/WDAY?interval=1d&events=splits (2014-04-30) ; https://www.sec.gov/Archives/edgar/data/1327811/000119312514228909/,종가 73.07 × 주식수 185000000,11
Workday,WDAY,2014Q2,2014-07-31,분기별 매출액,186780000,USD,공시,https://www.sec.gov/Archives/edgar/data/1327811/000119312514329149/,,11
Workday,WDAY,2014Q2,2014-07-31,분기별 영업이익,-61769000,USD,공시,https://www.sec.gov/Archives/edgar/data/1327811/000119312514329149/,,11
Workday,WDAY,2014Q2,2014-07-31,분기별 당기순이익(지배),-69215000,USD,공시(비지배 없음),https://www.sec.gov/Archives/edgar/data/1327811/000119312514329149/,,11
Workday,WDAY,2014Q2,2014-07-31,분기별 영업활동현금흐름,-9011000,USD,계산(누적차감),https://www.sec.gov/Archives/edgar/data/1327811/000119312514329149/ ; https://www.sec.gov/Archives/edgar/data/1327811/000119312514228909/,누적 12686000 − 직전누적 21697000 (시작 2014-02-01),11
Workday,WDAY,2014Q2,2014-07-31,분기말 자산총계,2194898000,USD,공시,https://www.sec.gov/Archives/edgar/data/1327811/000119312514329149/,,11
Workday,WDAY,2014Q2,2014-07-31,분기말 부채총계,1056057000,USD,공시,https://www.sec.gov/Archives/edgar/data/1327811/000119312514329149/,,11
Workday,WDAY,2014Q2,2014-07-31,분기말 총자본(자기자본),1138841000,USD,공시(비지배 없음),https://www.sec.gov/Archives/edgar/data/1327811/000119312514329149/,"StockholdersEquity, MinorityInterest 태그 없음",11
Workday,WDAY,2014Q2,2014-07-31,분기말 지배지분 자본,1138841000,USD,공시,https://www.sec.gov/Archives/edgar/data/1327811/000119312514329149/,,11
Workday,WDAY,2014Q2,2014-07-31,분기말 종가,83.84,USD,API,https://query1.finance.yahoo.com/v8/finance/chart/WDAY?interval=1d&events=splits (2014-07-31),,11
Workday,WDAY,2014Q2,2014-08-15,분기말 상장주식수,186000000,주,공시(표지 기준일),https://www.sec.gov/Archives/edgar/data/1327811/000119312514329149/,dei:EntityCommonStockSharesOutstanding 클래스 합,11
Workday,WDAY,2014Q2,2014-07-31,분기말 시가총액,15594240000,USD,계산(종가×주식수),https://query1.finance.yahoo.com/v8/finance/chart/WDAY?interval=1d&events=splits (2014-07-31) ; https://www.sec.gov/Archives/edgar/data/1327811/000119312514329149/,종가 83.84 × 주식수 186000000,11
Workday,WDAY,2014Q3,2014-10-31,분기별 매출액,215070000,USD,공시,https://www.sec.gov/Archives/edgar/data/1327811/000132781114000007/,,11
Workday,WDAY,2014Q3,2014-10-31,분기별 영업이익,-51466000,USD,공시,https://www.sec.gov/Archives/edgar/data/1327811/000132781114000007/,,11
Workday,WDAY,2014Q3,2014-10-31,분기별 당기순이익(지배),-59912000,USD,공시(비지배 없음),https://www.sec.gov/Archives/edgar/data/1327811/000132781114000007/,,11
Workday,WDAY,2014Q3,2014-10-31,분기별 영업활동현금흐름,41042000,USD,계산(누적차감),https://www.sec.gov/Archives/edgar/data/1327811/000132781114000007/ ; https://www.sec.gov/Archives/edgar/data/1327811/000119312514329149/,누적 53728000 − 직전누적 12686000 (시작 2014-02-01),11
Workday,WDAY,2014Q3,2014-10-31,분기말 자산총계,2232318000,USD,공시,https://www.sec.gov/Archives/edgar/data/1327811/000132781114000007/,,11
Workday,WDAY,2014Q3,2014-10-31,분기말 부채총계,1103102000,USD,공시,https://www.sec.gov/Archives/edgar/data/1327811/000132781114000007/,,11
Workday,WDAY,2014Q3,2014-10-31,분기말 총자본(자기자본),1129216000,USD,공시(비지배 없음),https://www.sec.gov/Archives/edgar/data/1327811/000132781114000007/,"StockholdersEquity, MinorityInterest 태그 없음",11
Workday,WDAY,2014Q3,2014-10-31,분기말 지배지분 자본,1129216000,USD,공시,https://www.sec.gov/Archives/edgar/data/1327811/000132781114000007/,,11
Workday,WDAY,2014Q3,2014-10-31,분기말 종가,95.48,USD,API,https://query1.finance.yahoo.com/v8/finance/chart/WDAY?interval=1d&events=splits (2014-10-31),,11
Workday,WDAY,2014Q3,2014-11-30,분기말 상장주식수,187000000,주,공시(표지 기준일),https://www.sec.gov/Archives/edgar/data/1327811/000132781114000007/,dei:EntityCommonStockSharesOutstanding 클래스 합,11
Workday,WDAY,2014Q3,2014-10-31,분기말 시가총액,17854760000,USD,계산(종가×주식수),https://query1.finance.yahoo.com/v8/finance/chart/WDAY?interval=1d&events=splits (2014-10-31) ; https://www.sec.gov/Archives/edgar/data/1327811/000132781114000007/,종가 95.48 × 주식수 187000000,11
Workday,WDAY,2014Q4,2015-01-31,분기별 매출액,226273000,USD,계산(연간-3분기누적),https://www.sec.gov/Archives/edgar/data/1327811/000132781115000006/ ; https://www.sec.gov/Archives/edgar/data/1327811/000132781114000007/,연간 787860000 − 9개월누적 561587000 (Revenues),11
Workday,WDAY,2014Q4,2015-01-31,분기별 영업이익,-50384000,USD,계산(연간-3분기누적),https://www.sec.gov/Archives/edgar/data/1327811/000132781115000006/ ; https://www.sec.gov/Archives/edgar/data/1327811/000132781114000007/,연간 -215702000 − 9개월누적 -165318000 (OperatingIncomeLoss),11
Workday,WDAY,2014Q4,2015-01-31,분기별 당기순이익(지배),-59466000,USD,"계산(연간-3분기누적, 비지배 없음)",https://www.sec.gov/Archives/edgar/data/1327811/000132781115000006/ ; https://www.sec.gov/Archives/edgar/data/1327811/000132781114000007/,연간 -247982000 − 9개월누적 -188516000 (ProfitLoss),11
Workday,WDAY,2014Q4,2015-01-31,분기별 영업활동현금흐름,48275000,USD,계산(누적차감),https://www.sec.gov/Archives/edgar/data/1327811/000132781115000006/ ; https://www.sec.gov/Archives/edgar/data/1327811/000132781114000007/,누적 102003000 − 직전누적 53728000 (시작 2014-02-01),11
Workday,WDAY,2014Q4,2015-01-31,분기말 자산총계,2358633000,USD,공시,https://www.sec.gov/Archives/edgar/data/1327811/000132781115000006/,,11
Workday,WDAY,2014Q4,2015-01-31,분기말 부채총계,1232658000,USD,공시,https://www.sec.gov/Archives/edgar/data/1327811/000132781115000006/,,11
Workday,WDAY,2014Q4,2015-01-31,분기말 총자본(자기자본),1125975000,USD,공시(비지배 없음),https://www.sec.gov/Archives/edgar/data/1327811/000132781115000006/,"StockholdersEquity, MinorityInterest 태그 없음",11
Workday,WDAY,2014Q4,2015-01-31,분기말 지배지분 자본,1125975000,USD,공시,https://www.sec.gov/Archives/edgar/data/1327811/000132781115000006/,,11
Workday,WDAY,2014Q4,2015-01-30,분기말 종가,79.46,USD,API,https://query1.finance.yahoo.com/v8/finance/chart/WDAY?interval=1d&events=splits (2015-01-30),,11
Workday,WDAY,2014Q4,2015-02-28,분기말 상장주식수,189000000,주,공시(표지 기준일),https://www.sec.gov/Archives/edgar/data/1327811/000132781115000006/,dei:EntityCommonStockSharesOutstanding 클래스 합,11
Workday,WDAY,2014Q4,2015-01-30,분기말 시가총액,15017940000,USD,계산(종가×주식수),https://query1.finance.yahoo.com/v8/finance/chart/WDAY?interval=1d&events=splits (2015-01-30) ; https://www.sec.gov/Archives/edgar/data/1327811/000132781115000006/,종가 79.46 × 주식수 189000000,11
Workday,WDAY,2015Q1,2015-04-30,분기별 매출액,250957000,USD,공시,https://www.sec.gov/Archives/edgar/data/1327811/000132781115000014/,,11
Workday,WDAY,2015Q1,2015-04-30,분기별 영업이익,-53404000,USD,공시,https://www.sec.gov/Archives/edgar/data/1327811/000132781115000014/,,11
Workday,WDAY,2015Q1,2015-04-30,분기별 당기순이익(지배),-61558000,USD,공시(비지배 없음),https://www.sec.gov/Archives/edgar/data/1327811/000132781115000014/,,11
Workday,WDAY,2015Q1,2015-04-30,분기별 영업활동현금흐름,94059000,USD,공시,https://www.sec.gov/Archives/edgar/data/1327811/000132781115000014/,,11
Workday,WDAY,2015Q1,2015-04-30,분기말 자산총계,2382561000,USD,공시,https://www.sec.gov/Archives/edgar/data/1327811/000132781115000014/,,11
Workday,WDAY,2015Q1,2015-04-30,분기말 부채총계,1266534000,USD,공시,https://www.sec.gov/Archives/edgar/data/1327811/000132781115000014/,,11
Workday,WDAY,2015Q1,2015-04-30,분기말 총자본(자기자본),1116027000,USD,공시(비지배 없음),https://www.sec.gov/Archives/edgar/data/1327811/000132781115000014/,"StockholdersEquity, MinorityInterest 태그 없음",11
Workday,WDAY,2015Q1,2015-04-30,분기말 지배지분 자본,1116027000,USD,공시,https://www.sec.gov/Archives/edgar/data/1327811/000132781115000014/,,11
Workday,WDAY,2015Q1,2015-04-30,분기말 종가,91.21,USD,API,https://query1.finance.yahoo.com/v8/finance/chart/WDAY?interval=1d&events=splits (2015-04-30),,11
Workday,WDAY,2015Q1,2015-05-31,분기말 상장주식수,191000000,주,공시(표지 기준일),https://www.sec.gov/Archives/edgar/data/1327811/000132781115000014/,dei:EntityCommonStockSharesOutstanding 클래스 합,11
Workday,WDAY,2015Q1,2015-04-30,분기말 시가총액,17421110000,USD,계산(종가×주식수),https://query1.finance.yahoo.com/v8/finance/chart/WDAY?interval=1d&events=splits (2015-04-30) ; https://www.sec.gov/Archives/edgar/data/1327811/000132781115000014/,종가 91.21 × 주식수 191000000,11
Workday,WDAY,2015Q2,2015-07-31,분기별 매출액,282696000,USD,공시,https://www.sec.gov/Archives/edgar/data/1327811/000132781115000021/,,11
Workday,WDAY,2015Q2,2015-07-31,분기별 영업이익,-67640000,USD,공시,https://www.sec.gov/Archives/edgar/data/1327811/000132781115000021/,,11
Workday,WDAY,2015Q2,2015-07-31,분기별 당기순이익(지배),-69421000,USD,공시(비지배 없음),https://www.sec.gov/Archives/edgar/data/1327811/000132781115000021/,,11
Workday,WDAY,2015Q2,2015-07-31,분기별 영업활동현금흐름,15511000,USD,계산(누적차감),https://www.sec.gov/Archives/edgar/data/1327811/000132781115000021/ ; https://www.sec.gov/Archives/edgar/data/1327811/000132781115000014/,누적 109570000 − 직전누적 94059000 (시작 2015-02-01),11
Workday,WDAY,2015Q2,2015-07-31,분기말 자산총계,2443884000,USD,공시,https://www.sec.gov/Archives/edgar/data/1327811/000132781115000021/,,11
Workday,WDAY,2015Q2,2015-07-31,분기말 부채총계,1311909000,USD,공시,https://www.sec.gov/Archives/edgar/data/1327811/000132781115000021/,,11
Workday,WDAY,2015Q2,2015-07-31,분기말 총자본(자기자본),1131975000,USD,공시(비지배 없음),https://www.sec.gov/Archives/edgar/data/1327811/000132781115000021/,"StockholdersEquity, MinorityInterest 태그 없음",11
Workday,WDAY,2015Q2,2015-07-31,분기말 지배지분 자본,1131975000,USD,공시,https://www.sec.gov/Archives/edgar/data/1327811/000132781115000021/,,11
Workday,WDAY,2015Q2,2015-07-31,분기말 종가,84.33,USD,API,https://query1.finance.yahoo.com/v8/finance/chart/WDAY?interval=1d&events=splits (2015-07-31),,11
Workday,WDAY,2015Q2,2015-08-31,분기말 상장주식수,192000000,주,공시(표지 기준일),https://www.sec.gov/Archives/edgar/data/1327811/000132781115000021/,dei:EntityCommonStockSharesOutstanding 클래스 합,11
Workday,WDAY,2015Q2,2015-07-31,분기말 시가총액,16191360000,USD,계산(종가×주식수),https://query1.finance.yahoo.com/v8/finance/chart/WDAY?interval=1d&events=splits (2015-07-31) ; https://www.sec.gov/Archives/edgar/data/1327811/000132781115000021/,종가 84.33 × 주식수 192000000,11
Workday,WDAY,2015Q3,2015-10-31,분기별 매출액,305266000,USD,공시,https://www.sec.gov/Archives/edgar/data/1327811/000132781115000027/,,11
Workday,WDAY,2015Q3,2015-10-31,분기별 영업이익,-70174000,USD,공시,https://www.sec.gov/Archives/edgar/data/1327811/000132781115000027/,,11
Workday,WDAY,2015Q3,2015-10-31,분기별 당기순이익(지배),-77811000,USD,공시(비지배 없음),https://www.sec.gov/Archives/edgar/data/1327811/000132781115000027/,,11
Workday,WDAY,2015Q3,2015-10-31,분기별 영업활동현금흐름,50576000,USD,계산(누적차감)(재작성 반영),https://www.sec.gov/Archives/edgar/data/1327811/000132781116000062/ ; https://www.sec.gov/Archives/edgar/data/1327811/000132781115000021/,누적 160146000 − 직전누적 109570000 (시작 2015-02-01) ; 원 공시 55146000 (https://www.sec.gov/Archives/edgar/data/1327811/000132781115000027/ ; https://www.sec.gov/Archives/edgar/data/1327811/000132781115000021/),11
Workday,WDAY,2015Q3,2015-10-31,분기말 자산총계,2511153000,USD,공시,https://www.sec.gov/Archives/edgar/data/1327811/000132781115000027/,,11
Workday,WDAY,2015Q3,2015-10-31,분기말 부채총계,1385626000,USD,공시,https://www.sec.gov/Archives/edgar/data/1327811/000132781115000027/,,11
Workday,WDAY,2015Q3,2015-10-31,분기말 총자본(자기자본),1125527000,USD,공시(비지배 없음),https://www.sec.gov/Archives/edgar/data/1327811/000132781115000027/,"StockholdersEquity, MinorityInterest 태그 없음",11
Workday,WDAY,2015Q3,2015-10-31,분기말 지배지분 자본,1125527000,USD,공시,https://www.sec.gov/Archives/edgar/data/1327811/000132781115000027/,,11
Workday,WDAY,2015Q3,2015-10-30,분기말 종가,78.97,USD,API,https://query1.finance.yahoo.com/v8/finance/chart/WDAY?interval=1d&events=splits (2015-10-30),,11
Workday,WDAY,2015Q3,2015-11-30,분기말 상장주식수,194000000,주,공시(표지 기준일),https://www.sec.gov/Archives/edgar/data/1327811/000132781115000027/,dei:EntityCommonStockSharesOutstanding 클래스 합,11
Workday,WDAY,2015Q3,2015-10-30,분기말 시가총액,15320180000,USD,계산(종가×주식수),https://query1.finance.yahoo.com/v8/finance/chart/WDAY?interval=1d&events=splits (2015-10-30) ; https://www.sec.gov/Archives/edgar/data/1327811/000132781115000027/,종가 78.97 × 주식수 194000000,11
Workday,WDAY,2015Q4,2016-01-31,분기별 매출액,317771000,USD,계산(연간-3분기누적)(재작성 반영),https://www.sec.gov/Archives/edgar/data/1327811/000132781118000009/ ; https://www.sec.gov/Archives/edgar/data/1327811/000132781115000027/,연간 1156690000 − 9개월누적 838919000 (Revenues) ; 원 공시 323427000 (https://www.sec.gov/Archives/edgar/data/1327811/000132781116000032/ ; https://www.sec.gov/Archives/edgar/data/1327811/000132781115000027/),11
Workday,WDAY,2015Q4,2016-01-31,분기별 영업이익,-58571000,USD,계산(연간-3분기누적)(재작성 반영),https://www.sec.gov/Archives/edgar/data/1327811/000132781118000009/ ; https://www.sec.gov/Archives/edgar/data/1327811/000132781115000027/,연간 -249789000 − 9개월누적 -191218000 (OperatingIncomeLoss) ; 원 공시 -73441000 (https://www.sec.gov/Archives/edgar/data/1327811/000132781116000032/ ; https://www.sec.gov/Archives/edgar/data/1327811/000132781115000027/),11
Workday,WDAY,2015Q4,2016-01-31,분기별 당기순이익(지배),-66258000,USD,"계산(연간-3분기누적, 비지배 없음)(재작성 반영)",https://www.sec.gov/Archives/edgar/data/1327811/000132781118000009/ ; https://www.sec.gov/Archives/edgar/data/1327811/000132781115000027/,연간 -275048000 − 9개월누적 -208790000 (ProfitLoss) ; 원 공시 -81128000 (https://www.sec.gov/Archives/edgar/data/1327811/000132781116000032/ ; https://www.sec.gov/Archives/edgar/data/1327811/000132781115000027/),11
Workday,WDAY,2015Q4,2016-01-31,분기별 영업활동현금흐름,98491000,USD,계산(누적차감)(재작성 반영),https://www.sec.gov/Archives/edgar/data/1327811/000132781116000032/ ; https://www.sec.gov/Archives/edgar/data/1327811/000132781116000062/,누적 258637000 − 직전누적 160146000 (시작 2015-02-01) ; 원 공시 93921000 (https://www.sec.gov/Archives/edgar/data/1327811/000132781116000032/ ; https://www.sec.gov/Archives/edgar/data/1327811/000132781115000027/),11
Workday,WDAY,2015Q4,2016-01-31,분기말 자산총계,2730094000,USD,공시,https://www.sec.gov/Archives/edgar/data/1327811/000132781116000032/,,11
Workday,WDAY,2015Q4,2016-01-31,분기말 부채총계,1593937000,USD,공시,https://www.sec.gov/Archives/edgar/data/1327811/000132781116000032/,,11
Workday,WDAY,2015Q4,2016-01-31,분기말 총자본(자기자본),1136157000,USD,공시(비지배 없음),https://www.sec.gov/Archives/edgar/data/1327811/000132781116000032/,"StockholdersEquity, MinorityInterest 태그 없음",11
Workday,WDAY,2015Q4,2016-01-31,분기말 지배지분 자본,1136157000,USD,공시,https://www.sec.gov/Archives/edgar/data/1327811/000132781116000032/,,11
Workday,WDAY,2015Q4,2016-01-29,분기말 종가,63.01,USD,API,https://query1.finance.yahoo.com/v8/finance/chart/WDAY?interval=1d&events=splits (2016-01-29),,11
Workday,WDAY,2015Q4,2016-02-29,분기말 상장주식수,195000000,주,공시(표지 기준일),https://www.sec.gov/Archives/edgar/data/1327811/000132781116000032/,dei:EntityCommonStockSharesOutstanding 클래스 합,11
Workday,WDAY,2015Q4,2016-01-29,분기말 시가총액,12286950000,USD,계산(종가×주식수),https://query1.finance.yahoo.com/v8/finance/chart/WDAY?interval=1d&events=splits (2016-01-29) ; https://www.sec.gov/Archives/edgar/data/1327811/000132781116000032/,종가 63.01 × 주식수 195000000,11
Workday,WDAY,2016Q1,2016-04-30,분기별 매출액,347677000,USD,공시(재작성 반영),https://www.sec.gov/Archives/edgar/data/1327811/000132781118000009/,원 공시 345430000 (https://www.sec.gov/Archives/edgar/data/1327811/000132781116000041/),11
Workday,WDAY,2016Q1,2016-04-30,분기별 영업이익,-71530000,USD,공시(재작성 반영),https://www.sec.gov/Archives/edgar/data/1327811/000132781118000009/,원 공시 -73649000 (https://www.sec.gov/Archives/edgar/data/1327811/000132781116000041/),11
Workday,WDAY,2016Q1,2016-04-30,분기별 당기순이익(지배),-78503000,USD,공시(비지배 없음)(재작성 반영),https://www.sec.gov/Archives/edgar/data/1327811/000132781118000009/,원 공시 -80622000 (https://www.sec.gov/Archives/edgar/data/1327811/000132781116000041/),11
Workday,WDAY,2016Q1,2016-04-30,분기별 영업활동현금흐름,162817000,USD,공시(재작성 반영),https://www.sec.gov/Archives/edgar/data/1327811/000132781117000015/,원 공시 161466000 (https://www.sec.gov/Archives/edgar/data/1327811/000132781116000041/),11
Workday,WDAY,2016Q1,2016-04-30,분기말 자산총계,2776153000,USD,공시,https://www.sec.gov/Archives/edgar/data/1327811/000132781116000041/,,11
Workday,WDAY,2016Q1,2016-04-30,분기말 부채총계,1647997000,USD,공시,https://www.sec.gov/Archives/edgar/data/1327811/000132781116000041/,,11
Workday,WDAY,2016Q1,2016-04-30,분기말 총자본(자기자본),1128156000,USD,공시(비지배 없음),https://www.sec.gov/Archives/edgar/data/1327811/000132781116000041/,"StockholdersEquity, MinorityInterest 태그 없음",11
Workday,WDAY,2016Q1,2016-04-30,분기말 지배지분 자본,1128156000,USD,공시,https://www.sec.gov/Archives/edgar/data/1327811/000132781116000041/,,11
Workday,WDAY,2016Q1,2016-04-29,분기말 종가,74.98,USD,API,https://query1.finance.yahoo.com/v8/finance/chart/WDAY?interval=1d&events=splits (2016-04-29),,11
Workday,WDAY,2016Q1,2016-05-31,분기말 상장주식수,197000000,주,공시(표지 기준일),https://www.sec.gov/Archives/edgar/data/1327811/000132781116000041/,dei:EntityCommonStockSharesOutstanding 클래스 합,11
Workday,WDAY,2016Q1,2016-04-29,분기말 시가총액,14771060000,USD,계산(종가×주식수),https://query1.finance.yahoo.com/v8/finance/chart/WDAY?interval=1d&events=splits (2016-04-29) ; https://www.sec.gov/Archives/edgar/data/1327811/000132781116000041/,종가 74.98 × 주식수 197000000,11
Workday,WDAY,2016Q2,2016-07-31,분기별 매출액,373657000,USD,공시(재작성 반영),https://www.sec.gov/Archives/edgar/data/1327811/000132781118000009/,원 공시 377723000 (https://www.sec.gov/Archives/edgar/data/1327811/000132781116000050/),11
Workday,WDAY,2016Q2,2016-07-31,분기별 영업이익,-86685000,USD,공시(재작성 반영),https://www.sec.gov/Archives/edgar/data/1327811/000132781118000009/,원 공시 -86897000 (https://www.sec.gov/Archives/edgar/data/1327811/000132781116000050/),11
Workday,WDAY,2016Q2,2016-07-31,분기별 당기순이익(지배),-107813000,USD,공시(비지배 없음)(재작성 반영),https://www.sec.gov/Archives/edgar/data/1327811/000132781118000009/,원 공시 -108025000 (https://www.sec.gov/Archives/edgar/data/1327811/000132781116000050/),11
Workday,WDAY,2016Q2,2016-07-31,분기별 영업활동현금흐름,6522000,USD,계산(누적차감)(재작성 반영),https://www.sec.gov/Archives/edgar/data/1327811/000132781117000023/ ; https://www.sec.gov/Archives/edgar/data/1327811/000132781117000015/,누적 169339000 − 직전누적 162817000 (시작 2016-02-01) ; 원 공시 6258000 (https://www.sec.gov/Archives/edgar/data/1327811/000132781116000050/ ; https://www.sec.gov/Archives/edgar/data/1327811/000132781116000041/),11
Workday,WDAY,2016Q2,2016-07-31,분기말 자산총계,2829804000,USD,공시,https://www.sec.gov/Archives/edgar/data/1327811/000132781116000050/,,11
Workday,WDAY,2016Q2,2016-07-31,분기말 부채총계,1688958000,USD,공시,https://www.sec.gov/Archives/edgar/data/1327811/000132781116000050/,,11
Workday,WDAY,2016Q2,2016-07-31,분기말 총자본(자기자본),1140846000,USD,공시(비지배 없음),https://www.sec.gov/Archives/edgar/data/1327811/000132781116000050/,"StockholdersEquity, MinorityInterest 태그 없음",11
Workday,WDAY,2016Q2,2016-07-31,분기말 지배지분 자본,1140846000,USD,공시,https://www.sec.gov/Archives/edgar/data/1327811/000132781116000050/,,11
Workday,WDAY,2016Q2,2016-07-29,분기말 종가,83.34,USD,API,https://query1.finance.yahoo.com/v8/finance/chart/WDAY?interval=1d&events=splits (2016-07-29),,11
Workday,WDAY,2016Q2,2016-08-31,분기말 상장주식수,200000000,주,공시(표지 기준일),https://www.sec.gov/Archives/edgar/data/1327811/000132781116000050/,dei:EntityCommonStockSharesOutstanding 클래스 합,11
Workday,WDAY,2016Q2,2016-07-29,분기말 시가총액,16668000000,USD,계산(종가×주식수),https://query1.finance.yahoo.com/v8/finance/chart/WDAY?interval=1d&events=splits (2016-07-29) ; https://www.sec.gov/Archives/edgar/data/1327811/000132781116000050/,종가 83.34 × 주식수 200000000,11
Workday,WDAY,2016Q3,2016-10-31,분기별 매출액,413522000,USD,공시(재작성 반영),https://www.sec.gov/Archives/edgar/data/1327811/000132781118000009/,원 공시 409582000 (https://www.sec.gov/Archives/edgar/data/1327811/000132781116000062/),11
Workday,WDAY,2016Q3,2016-10-31,분기별 영업이익,-105932000,USD,공시(재작성 반영),https://www.sec.gov/Archives/edgar/data/1327811/000132781118000009/,원 공시 -109884000 (https://www.sec.gov/Archives/edgar/data/1327811/000132781116000062/),11
Workday,WDAY,2016Q3,2016-10-31,분기별 당기순이익(지배),-110114000,USD,공시(비지배 없음)(재작성 반영),https://www.sec.gov/Archives/edgar/data/1327811/000132781118000009/,원 공시 -114066000 (https://www.sec.gov/Archives/edgar/data/1327811/000132781116000062/),11
Workday,WDAY,2016Q3,2016-10-31,분기별 영업활동현금흐름,71556000,USD,계산(누적차감)(재작성 반영),https://www.sec.gov/Archives/edgar/data/1327811/000132781117000032/ ; https://www.sec.gov/Archives/edgar/data/1327811/000132781117000023/,누적 240895000 − 직전누적 169339000 (시작 2016-02-01) ; 원 공시 71459000 (https://www.sec.gov/Archives/edgar/data/1327811/000132781116000062/ ; https://www.sec.gov/Archives/edgar/data/1327811/000132781116000050/),11
Workday,WDAY,2016Q3,2016-10-31,분기말 자산총계,2922569000,USD,공시,https://www.sec.gov/Archives/edgar/data/1327811/000132781116000062/,,11
Workday,WDAY,2016Q3,2016-10-31,분기말 부채총계,1785110000,USD,공시,https://www.sec.gov/Archives/edgar/data/1327811/000132781116000062/,,11
Workday,WDAY,2016Q3,2016-10-31,분기말 총자본(자기자본),1137459000,USD,공시(비지배 없음),https://www.sec.gov/Archives/edgar/data/1327811/000132781116000062/,"StockholdersEquity, MinorityInterest 태그 없음",11
Workday,WDAY,2016Q3,2016-10-31,분기말 지배지분 자본,1137459000,USD,공시,https://www.sec.gov/Archives/edgar/data/1327811/000132781116000062/,,11
Workday,WDAY,2016Q3,2016-10-31,분기말 종가,86.68,USD,API,https://query1.finance.yahoo.com/v8/finance/chart/WDAY?interval=1d&events=splits (2016-10-31),,11
Workday,WDAY,2016Q3,2016-11-30,분기말 상장주식수,201000000,주,공시(표지 기준일),https://www.sec.gov/Archives/edgar/data/1327811/000132781116000062/,dei:EntityCommonStockSharesOutstanding 클래스 합,11
Workday,WDAY,2016Q3,2016-10-31,분기말 시가총액,17422680000,USD,계산(종가×주식수),https://query1.finance.yahoo.com/v8/finance/chart/WDAY?interval=1d&events=splits (2016-10-31) ; https://www.sec.gov/Archives/edgar/data/1327811/000132781116000062/,종가 86.68 × 주식수 201000000,11
Workday,WDAY,2016Q4,2017-01-31,분기별 매출액,439584000,USD,계산(연간-3분기누적)(재작성 반영),https://www.sec.gov/Archives/edgar/data/1327811/000132781118000009/ ; https://www.sec.gov/Archives/edgar/data/1327811/000132781117000032/,연간 1574440000 − 9개월누적 1134856000 (Revenues) ; 원 공시 436672000 (https://www.sec.gov/Archives/edgar/data/1327811/000132781117000008/ ; https://www.sec.gov/Archives/edgar/data/1327811/000132781116000062/),11
Workday,WDAY,2016Q4,2017-01-31,분기별 영업이익,-88939000,USD,계산(연간-3분기누적)(재작성 반영),https://www.sec.gov/Archives/edgar/data/1327811/000132781119000038/ ; https://www.sec.gov/Archives/edgar/data/1327811/000132781117000032/,연간 -353086000 − 9개월누적 -264147000 (OperatingIncomeLoss) ; 원 공시 -106235000 (https://www.sec.gov/Archives/edgar/data/1327811/000132781117000008/ ; https://www.sec.gov/Archives/edgar/data/1327811/000132781116000062/),11
Workday,WDAY,2016Q4,2017-01-31,분기별 당기순이익(지배),-88269000,USD,"계산(연간-3분기누적, 비지배 없음)(재작성 반영)",https://www.sec.gov/Archives/edgar/data/1327811/000132781119000038/ ; https://www.sec.gov/Archives/edgar/data/1327811/000132781117000032/,연간 -384699000 − 9개월누적 -296430000 (ProfitLoss) ; 원 공시 -105565000 (https://www.sec.gov/Archives/edgar/data/1327811/000132781117000008/ ; https://www.sec.gov/Archives/edgar/data/1327811/000132781116000062/),11
Workday,WDAY,2016Q4,2017-01-31,분기별 영업활동현금흐름,109731000,USD,계산(누적차감)(재작성 반영),https://www.sec.gov/Archives/edgar/data/1327811/000132781119000038/ ; https://www.sec.gov/Archives/edgar/data/1327811/000132781117000032/,누적 350626000 − 직전누적 240895000 (시작 2016-02-01) ; 원 공시 109472000 (https://www.sec.gov/Archives/edgar/data/1327811/000132781117000008/ ; https://www.sec.gov/Archives/edgar/data/1327811/000132781116000062/),11
Workday,WDAY,2016Q4,2017-01-31,분기말 자산총계,3268282000,USD,공시(재작성 반영),https://www.sec.gov/Archives/edgar/data/1327811/000132781118000009/,원 공시 3166424000 (https://www.sec.gov/Archives/edgar/data/1327811/000132781117000008/),11
Workday,WDAY,2016Q4,2017-01-31,분기말 부채총계,1991674000,USD,공시(재작성 반영),https://www.sec.gov/Archives/edgar/data/1327811/000132781118000009/,원 공시 2003518000 (https://www.sec.gov/Archives/edgar/data/1327811/000132781117000008/),11
Workday,WDAY,2016Q4,2017-01-31,분기말 총자본(자기자본),1276608000,USD,공시(비지배 없음)(재작성 반영),https://www.sec.gov/Archives/edgar/data/1327811/000132781119000038/,"StockholdersEquity, MinorityInterest 태그 없음 ; 원 공시 1162906000 (https://www.sec.gov/Archives/edgar/data/1327811/000132781117000008/)",11
Workday,WDAY,2016Q4,2017-01-31,분기말 지배지분 자본,1276608000,USD,공시(재작성 반영),https://www.sec.gov/Archives/edgar/data/1327811/000132781119000038/,원 공시 1162906000 (https://www.sec.gov/Archives/edgar/data/1327811/000132781117000008/),11
Workday,WDAY,2016Q4,2017-01-31,분기말 종가,83.09,USD,API,https://query1.finance.yahoo.com/v8/finance/chart/WDAY?interval=1d&events=splits (2017-01-31),,11
Workday,WDAY,2016Q4,2017-02-28,분기말 상장주식수,203000000,주,공시(표지 기준일),https://www.sec.gov/Archives/edgar/data/1327811/000132781117000008/,dei:EntityCommonStockSharesOutstanding 클래스 합,11
Workday,WDAY,2016Q4,2017-01-31,분기말 시가총액,16867270000,USD,계산(종가×주식수),https://query1.finance.yahoo.com/v8/finance/chart/WDAY?interval=1d&events=splits (2017-01-31) ; https://www.sec.gov/Archives/edgar/data/1327811/000132781117000008/,종가 83.09 × 주식수 203000000,11
Workday,WDAY,2017Q1,2017-04-30,분기별 매출액,479861000,USD,공시,https://www.sec.gov/Archives/edgar/data/1327811/000132781117000015/,,11
Workday,WDAY,2017Q1,2017-04-30,분기별 영업이익,-60200000,USD,공시,https://www.sec.gov/Archives/edgar/data/1327811/000132781117000015/,,11
Workday,WDAY,2017Q1,2017-04-30,분기별 당기순이익(지배),-64044000,USD,공시(비지배 없음),https://www.sec.gov/Archives/edgar/data/1327811/000132781117000015/,,11
Workday,WDAY,2017Q1,2017-04-30,분기별 영업활동현금흐름,180022000,USD,공시,https://www.sec.gov/Archives/edgar/data/1327811/000132781117000015/,,11
Workday,WDAY,2017Q1,2017-04-30,분기말 자산총계,3308741000,USD,공시,https://www.sec.gov/Archives/edgar/data/1327811/000132781117000015/,,11
Workday,WDAY,2017Q1,2017-04-30,분기말 부채총계,1987884000,USD,공시,https://www.sec.gov/Archives/edgar/data/1327811/000132781117000015/,,11
Workday,WDAY,2017Q1,2017-04-30,분기말 총자본(자기자본),1320857000,USD,공시(비지배 없음),https://www.sec.gov/Archives/edgar/data/1327811/000132781117000015/,"StockholdersEquity, MinorityInterest 태그 없음",11
Workday,WDAY,2017Q1,2017-04-30,분기말 지배지분 자본,1320857000,USD,공시,https://www.sec.gov/Archives/edgar/data/1327811/000132781117000015/,,11
Workday,WDAY,2017Q1,2017-04-28,분기말 종가,87.4,USD,API,https://query1.finance.yahoo.com/v8/finance/chart/WDAY?interval=1d&events=splits (2017-04-28),,11
Workday,WDAY,2017Q1,2017-05-31,분기말 상장주식수,207000000,주,공시(표지 기준일),https://www.sec.gov/Archives/edgar/data/1327811/000132781117000015/,dei:EntityCommonStockSharesOutstanding 클래스 합,11
Workday,WDAY,2017Q1,2017-04-28,분기말 시가총액,18091800000,USD,계산(종가×주식수),https://query1.finance.yahoo.com/v8/finance/chart/WDAY?interval=1d&events=splits (2017-04-28) ; https://www.sec.gov/Archives/edgar/data/1327811/000132781117000015/,종가 87.4 × 주식수 207000000,11
Workday,WDAY,2017Q2,2017-07-31,분기별 매출액,525320000,USD,공시,https://www.sec.gov/Archives/edgar/data/1327811/000132781117000023/,,11
Workday,WDAY,2017Q2,2017-07-31,분기별 영업이익,-81629000,USD,공시,https://www.sec.gov/Archives/edgar/data/1327811/000132781117000023/,,11
Workday,WDAY,2017Q2,2017-07-31,분기별 당기순이익(지배),-82532000,USD,공시(비지배 없음),https://www.sec.gov/Archives/edgar/data/1327811/000132781117000023/,,11
Workday,WDAY,2017Q2,2017-07-31,분기별 영업활동현금흐름,15126000,USD,계산(누적차감),https://www.sec.gov/Archives/edgar/data/1327811/000132781117000023/ ; https://www.sec.gov/Archives/edgar/data/1327811/000132781117000015/,누적 195148000 − 직전누적 180022000 (시작 2017-02-01),11
Workday,WDAY,2017Q2,2017-07-31,분기말 자산총계,3407127000,USD,공시,https://www.sec.gov/Archives/edgar/data/1327811/000132781117000023/,,11
Workday,WDAY,2017Q2,2017-07-31,분기말 부채총계,2036730000,USD,공시,https://www.sec.gov/Archives/edgar/data/1327811/000132781117000023/,,11
Workday,WDAY,2017Q2,2017-07-31,분기말 총자본(자기자본),1370397000,USD,공시(비지배 없음),https://www.sec.gov/Archives/edgar/data/1327811/000132781117000023/,"StockholdersEquity, MinorityInterest 태그 없음",11
Workday,WDAY,2017Q2,2017-07-31,분기말 지배지분 자본,1370397000,USD,공시,https://www.sec.gov/Archives/edgar/data/1327811/000132781117000023/,,11
Workday,WDAY,2017Q2,2017-07-31,분기말 종가,102.11,USD,API,https://query1.finance.yahoo.com/v8/finance/chart/WDAY?interval=1d&events=splits (2017-07-31),,11
Workday,WDAY,2017Q2,2017-07-31,분기말 상장주식수,208000000,주,공시(표지 기준일),https://www.sec.gov/Archives/edgar/data/1327811/000132781117000023/,dei:EntityCommonStockSharesOutstanding 클래스 합,11
Workday,WDAY,2017Q2,2017-07-31,분기말 시가총액,21238880000,USD,계산(종가×주식수),https://query1.finance.yahoo.com/v8/finance/chart/WDAY?interval=1d&events=splits (2017-07-31) ; https://www.sec.gov/Archives/edgar/data/1327811/000132781117000023/,종가 102.11 × 주식수 208000000,11
Workday,WDAY,2017Q3,2017-10-31,분기별 매출액,555389000,USD,공시,https://www.sec.gov/Archives/edgar/data/1327811/000132781117000032/,,11
Workday,WDAY,2017Q3,2017-10-31,분기별 영업이익,-80059000,USD,공시,https://www.sec.gov/Archives/edgar/data/1327811/000132781117000032/,,11
Workday,WDAY,2017Q3,2017-10-31,분기별 당기순이익(지배),-85546000,USD,공시(비지배 없음),https://www.sec.gov/Archives/edgar/data/1327811/000132781117000032/,,11
Workday,WDAY,2017Q3,2017-10-31,분기별 영업활동현금흐름,144031000,USD,계산(누적차감),https://www.sec.gov/Archives/edgar/data/1327811/000132781117000032/ ; https://www.sec.gov/Archives/edgar/data/1327811/000132781117000023/,누적 339179000 − 직전누적 195148000 (시작 2017-02-01),11
Workday,WDAY,2017Q3,2017-10-31,분기말 자산총계,4564716000,USD,공시,https://www.sec.gov/Archives/edgar/data/1327811/000132781117000032/,,11
Workday,WDAY,2017Q3,2017-10-31,분기말 부채총계,3024442000,USD,공시,https://www.sec.gov/Archives/edgar/data/1327811/000132781117000032/,,11
Workday,WDAY,2017Q3,2017-10-31,분기말 총자본(자기자본),1540274000,USD,공시(비지배 없음),https://www.sec.gov/Archives/edgar/data/1327811/000132781117000032/,"StockholdersEquity, MinorityInterest 태그 없음",11
Workday,WDAY,2017Q3,2017-10-31,분기말 지배지분 자본,1540274000,USD,공시,https://www.sec.gov/Archives/edgar/data/1327811/000132781117000032/,,11
Workday,WDAY,2017Q3,2017-10-31,분기말 종가,110.99,USD,API,https://query1.finance.yahoo.com/v8/finance/chart/WDAY?interval=1d&events=splits (2017-10-31),,11
Workday,WDAY,2017Q3,2017-10-31,분기말 상장주식수,210000000,주,공시(표지 기준일),https://www.sec.gov/Archives/edgar/data/1327811/000132781117000032/,dei:EntityCommonStockSharesOutstanding 클래스 합,11
Workday,WDAY,2017Q3,2017-10-31,분기말 시가총액,23307900000,USD,계산(종가×주식수),https://query1.finance.yahoo.com/v8/finance/chart/WDAY?interval=1d&events=splits (2017-10-31) ; https://www.sec.gov/Archives/edgar/data/1327811/000132781117000032/,종가 110.99 × 주식수 210000000,11
Workday,WDAY,2017Q4,2018-01-31,분기별 매출액,582480000,USD,계산(연간-3분기누적),https://www.sec.gov/Archives/edgar/data/1327811/000132781118000009/ ; https://www.sec.gov/Archives/edgar/data/1327811/000132781117000032/,연간 2143050000 − 9개월누적 1560570000 (Revenues),11
Workday,WDAY,2017Q4,2018-01-31,분기별 영업이익,-81335000,USD,계산(연간-3분기누적),https://www.sec.gov/Archives/edgar/data/1327811/000132781118000009/ ; https://www.sec.gov/Archives/edgar/data/1327811/000132781117000032/,연간 -303223000 − 9개월누적 -221888000 (OperatingIncomeLoss),11
Workday,WDAY,2017Q4,2018-01-31,분기별 당기순이익(지배),-89100000,USD,"계산(연간-3분기누적, 비지배 없음)",https://www.sec.gov/Archives/edgar/data/1327811/000132781118000009/ ; https://www.sec.gov/Archives/edgar/data/1327811/000132781117000032/,연간 -321222000 − 9개월누적 -232122000 (ProfitLoss),11
Workday,WDAY,2017Q4,2018-01-31,분기별 영업활동현금흐름,126548000,USD,계산(누적차감),https://www.sec.gov/Archives/edgar/data/1327811/000132781118000009/ ; https://www.sec.gov/Archives/edgar/data/1327811/000132781117000032/,누적 465727000 − 직전누적 339179000 (시작 2017-02-01),11
Workday,WDAY,2017Q4,2018-01-31,분기말 자산총계,4947424000,USD,공시,https://www.sec.gov/Archives/edgar/data/1327811/000132781118000009/,,11
Workday,WDAY,2017Q4,2018-01-31,분기말 부채총계,3367059000,USD,공시,https://www.sec.gov/Archives/edgar/data/1327811/000132781118000009/,,11
Workday,WDAY,2017Q4,2018-01-31,분기말 총자본(자기자본),1580365000,USD,공시(비지배 없음),https://www.sec.gov/Archives/edgar/data/1327811/000132781118000009/,"StockholdersEquity, MinorityInterest 태그 없음",11
Workday,WDAY,2017Q4,2018-01-31,분기말 지배지분 자본,1580365000,USD,공시,https://www.sec.gov/Archives/edgar/data/1327811/000132781118000009/,,11
Workday,WDAY,2017Q4,2018-01-31,분기말 종가,119.89,USD,API,https://query1.finance.yahoo.com/v8/finance/chart/WDAY?interval=1d&events=splits (2018-01-31),,11
Workday,WDAY,2017Q4,2018-02-28,분기말 상장주식수,212000000,주,공시(표지 기준일),https://www.sec.gov/Archives/edgar/data/1327811/000132781118000009/,dei:EntityCommonStockSharesOutstanding 클래스 합,11
Workday,WDAY,2017Q4,2018-01-31,분기말 시가총액,25416680000,USD,계산(종가×주식수),https://query1.finance.yahoo.com/v8/finance/chart/WDAY?interval=1d&events=splits (2018-01-31) ; https://www.sec.gov/Archives/edgar/data/1327811/000132781118000009/,종가 119.89 × 주식수 212000000,11
Workday,WDAY,2018Q1,2018-04-30,분기별 매출액,618643000,USD,공시,https://www.sec.gov/Archives/edgar/data/1327811/000132781118000022/,,11
Workday,WDAY,2018Q1,2018-04-30,분기별 영업이익,-71264000,USD,공시,https://www.sec.gov/Archives/edgar/data/1327811/000132781118000022/,,11
Workday,WDAY,2018Q1,2018-04-30,분기별 당기순이익(지배),-74410000,USD,공시(비지배 없음),https://www.sec.gov/Archives/edgar/data/1327811/000132781118000022/,,11
Workday,WDAY,2018Q1,2018-04-30,분기별 영업활동현금흐름,184233000,USD,공시,https://www.sec.gov/Archives/edgar/data/1327811/000132781118000022/,,11
Workday,WDAY,2018Q1,2018-04-30,분기말 자산총계,4927832000,USD,공시,https://www.sec.gov/Archives/edgar/data/1327811/000132781118000022/,,11
Workday,WDAY,2018Q1,2018-04-30,분기말 부채총계,3270532000,USD,공시,https://www.sec.gov/Archives/edgar/data/1327811/000132781118000022/,,11
Workday,WDAY,2018Q1,2018-04-30,분기말 총자본(자기자본),1657300000,USD,공시(비지배 없음),https://www.sec.gov/Archives/edgar/data/1327811/000132781118000022/,"StockholdersEquity, MinorityInterest 태그 없음",11
Workday,WDAY,2018Q1,2018-04-30,분기말 지배지분 자본,1657300000,USD,공시,https://www.sec.gov/Archives/edgar/data/1327811/000132781118000022/,,11
Workday,WDAY,2018Q1,2018-04-30,분기말 종가,124.84,USD,API,https://query1.finance.yahoo.com/v8/finance/chart/WDAY?interval=1d&events=splits (2018-04-30),,11
Workday,WDAY,2018Q1,2018-05-31,분기말 상장주식수,216000000,주,공시(표지 기준일),https://www.sec.gov/Archives/edgar/data/1327811/000132781118000022/,dei:EntityCommonStockSharesOutstanding 클래스 합,11
Workday,WDAY,2018Q1,2018-04-30,분기말 시가총액,26965440000,USD,계산(종가×주식수),https://query1.finance.yahoo.com/v8/finance/chart/WDAY?interval=1d&events=splits (2018-04-30) ; https://www.sec.gov/Archives/edgar/data/1327811/000132781118000022/,종가 124.84 × 주식수 216000000,11
Workday,WDAY,2018Q2,2018-07-31,분기별 매출액,671720000,USD,공시,https://www.sec.gov/Archives/edgar/data/1327811/000132781118000024/,,11
Workday,WDAY,2018Q2,2018-07-31,분기별 영업이익,-88982000,USD,공시,https://www.sec.gov/Archives/edgar/data/1327811/000132781118000024/,,11
Workday,WDAY,2018Q2,2018-07-31,분기별 당기순이익(지배),-86156000,USD,공시(비지배 없음),https://www.sec.gov/Archives/edgar/data/1327811/000132781118000024/,,11
Workday,WDAY,2018Q2,2018-07-31,분기별 영업활동현금흐름,57616000,USD,계산(누적차감),https://www.sec.gov/Archives/edgar/data/1327811/000132781118000024/ ; https://www.sec.gov/Archives/edgar/data/1327811/000132781118000022/,누적 241849000 − 직전누적 184233000 (시작 2018-02-01),11
Workday,WDAY,2018Q2,2018-07-31,분기말 자산총계,4765060000,USD,공시,https://www.sec.gov/Archives/edgar/data/1327811/000132781118000024/,,11
Workday,WDAY,2018Q2,2018-07-31,분기말 부채총계,2989836000,USD,공시,https://www.sec.gov/Archives/edgar/data/1327811/000132781118000024/,,11
Workday,WDAY,2018Q2,2018-07-31,분기말 총자본(자기자본),1775224000,USD,공시(비지배 없음),https://www.sec.gov/Archives/edgar/data/1327811/000132781118000024/,"StockholdersEquity, MinorityInterest 태그 없음",11
Workday,WDAY,2018Q2,2018-07-31,분기말 지배지분 자본,1775224000,USD,공시,https://www.sec.gov/Archives/edgar/data/1327811/000132781118000024/,,11
Workday,WDAY,2018Q2,2018-07-31,분기말 종가,124.02,USD,API,https://query1.finance.yahoo.com/v8/finance/chart/WDAY?interval=1d&events=splits (2018-07-31),,11
Workday,WDAY,2018Q2,2018-08-31,분기말 상장주식수,217000000,주,공시(표지 기준일),https://www.sec.gov/Archives/edgar/data/1327811/000132781118000024/,dei:EntityCommonStockSharesOutstanding 클래스 합,11
Workday,WDAY,2018Q2,2018-07-31,분기말 시가총액,26912340000,USD,계산(종가×주식수),https://query1.finance.yahoo.com/v8/finance/chart/WDAY?interval=1d&events=splits (2018-07-31) ; https://www.sec.gov/Archives/edgar/data/1327811/000132781118000024/,종가 124.02 × 주식수 217000000,11
Workday,WDAY,2018Q3,2018-10-31,분기별 매출액,743189000,USD,공시,https://www.sec.gov/Archives/edgar/data/1327811/000132781118000058/,,11
Workday,WDAY,2018Q3,2018-10-31,분기별 영업이익,-182755000,USD,공시,https://www.sec.gov/Archives/edgar/data/1327811/000132781118000058/,,11
Workday,WDAY,2018Q3,2018-10-31,분기별 당기순이익(지배),-153331000,USD,공시(비지배 없음),https://www.sec.gov/Archives/edgar/data/1327811/000132781118000058/,,11
Workday,WDAY,2018Q3,2018-10-31,분기별 영업활동현금흐름,114296000,USD,계산(누적차감),https://www.sec.gov/Archives/edgar/data/1327811/000132781118000058/ ; https://www.sec.gov/Archives/edgar/data/1327811/000132781118000024/,누적 356145000 − 직전누적 241849000 (시작 2018-02-01),11
Workday,WDAY,2018Q3,2018-10-31,분기말 자산총계,5000299000,USD,공시,https://www.sec.gov/Archives/edgar/data/1327811/000132781118000058/,,11
Workday,WDAY,2018Q3,2018-10-31,분기말 부채총계,3167150000,USD,공시,https://www.sec.gov/Archives/edgar/data/1327811/000132781118000058/,,11
Workday,WDAY,2018Q3,2018-10-31,분기말 총자본(자기자본),1833149000,USD,공시(비지배 없음),https://www.sec.gov/Archives/edgar/data/1327811/000132781118000058/,"StockholdersEquity, MinorityInterest 태그 없음",11
Workday,WDAY,2018Q3,2018-10-31,분기말 지배지분 자본,1833149000,USD,공시,https://www.sec.gov/Archives/edgar/data/1327811/000132781118000058/,,11
Workday,WDAY,2018Q3,2018-10-31,분기말 종가,133.02,USD,API,https://query1.finance.yahoo.com/v8/finance/chart/WDAY?interval=1d&events=splits (2018-10-31),,11
Workday,WDAY,2018Q3,2018-11-30,분기말 상장주식수,220000000,주,공시(표지 기준일),https://www.sec.gov/Archives/edgar/data/1327811/000132781118000058/,dei:EntityCommonStockSharesOutstanding 클래스 합,11
Workday,WDAY,2018Q3,2018-10-31,분기말 시가총액,29264400000,USD,계산(종가×주식수),https://query1.finance.yahoo.com/v8/finance/chart/WDAY?interval=1d&events=splits (2018-10-31) ; https://www.sec.gov/Archives/edgar/data/1327811/000132781118000058/,종가 133.02 × 주식수 220000000,11
Workday,WDAY,2018Q4,2019-01-31,분기별 매출액,788628000,USD,계산(연간-3분기누적),https://www.sec.gov/Archives/edgar/data/1327811/000132781119000038/ ; https://www.sec.gov/Archives/edgar/data/1327811/000132781118000058/,연간 2822180000 − 9개월누적 2033552000 (RevenueFromContractWithCustomerExcludingAssessedTax),11
Workday,WDAY,2018Q4,2019-01-31,분기별 영업이익,-120283000,USD,계산(연간-3분기누적),https://www.sec.gov/Archives/edgar/data/1327811/000132781119000038/ ; https://www.sec.gov/Archives/edgar/data/1327811/000132781118000058/,연간 -463284000 − 9개월누적 -343001000 (OperatingIncomeLoss),11
Workday,WDAY,2018Q4,2019-01-31,분기별 당기순이익(지배),-104361000,USD,"계산(연간-3분기누적, 비지배 없음)",https://www.sec.gov/Archives/edgar/data/1327811/000132781119000038/ ; https://www.sec.gov/Archives/edgar/data/1327811/000132781118000058/,연간 -418258000 − 9개월누적 -313897000 (ProfitLoss),11
Workday,WDAY,2018Q4,2019-01-31,분기별 영업활동현금흐름,250513000,USD,계산(누적차감),https://www.sec.gov/Archives/edgar/data/1327811/000132781119000038/ ; https://www.sec.gov/Archives/edgar/data/1327811/000132781118000058/,누적 606658000 − 직전누적 356145000 (시작 2018-02-01),11
Workday,WDAY,2018Q4,2019-01-31,분기말 자산총계,5520746000,USD,공시,https://www.sec.gov/Archives/edgar/data/1327811/000132781119000038/,,11
Workday,WDAY,2018Q4,2019-01-31,분기말 부채총계,3562304000,USD,공시,https://www.sec.gov/Archives/edgar/data/1327811/000132781119000038/,,11
Workday,WDAY,2018Q4,2019-01-31,분기말 총자본(자기자본),1958442000,USD,공시(비지배 없음),https://www.sec.gov/Archives/edgar/data/1327811/000132781119000038/,"StockholdersEquity, MinorityInterest 태그 없음",11
Workday,WDAY,2018Q4,2019-01-31,분기말 지배지분 자본,1958442000,USD,공시,https://www.sec.gov/Archives/edgar/data/1327811/000132781119000038/,,11
Workday,WDAY,2018Q4,2019-01-31,분기말 종가,181.53,USD,API,https://query1.finance.yahoo.com/v8/finance/chart/WDAY?interval=1d&events=splits (2019-01-31),,11
Workday,WDAY,2018Q4,2019-02-28,분기말 상장주식수,222000000,주,공시(표지 기준일),https://www.sec.gov/Archives/edgar/data/1327811/000132781119000038/,"XBRL 원문 dei:EntityCommonStockSharesOutstanding 2개 클래스 합 ; 클래스별(2019-02-28): CommonClassAMember 157000000, CommonClassBMember 65000000",11
Workday,WDAY,2018Q4,2019-01-31,분기말 시가총액,40299660000,USD,계산(종가×주식수),https://query1.finance.yahoo.com/v8/finance/chart/WDAY?interval=1d&events=splits (2019-01-31) ; https://www.sec.gov/Archives/edgar/data/1327811/000132781119000038/,종가 181.53 × 주식수 222000000,11
Workday,WDAY,2019Q1,2019-04-30,분기별 매출액,825055000,USD,공시,https://www.sec.gov/Archives/edgar/data/1327811/000132781119000092/,,11
Workday,WDAY,2019Q1,2019-04-30,분기별 영업이익,-123386000,USD,공시,https://www.sec.gov/Archives/edgar/data/1327811/000132781119000092/,,11
Workday,WDAY,2019Q1,2019-04-30,분기별 당기순이익(지배),-116275000,USD,공시(비지배 없음),https://www.sec.gov/Archives/edgar/data/1327811/000132781119000092/,,11
Workday,WDAY,2019Q1,2019-04-30,분기별 영업활동현금흐름,209163000,USD,공시,https://www.sec.gov/Archives/edgar/data/1327811/000132781119000092/,,11
Workday,WDAY,2019Q1,2019-04-30,분기말 자산총계,5824174000,USD,공시,https://www.sec.gov/Archives/edgar/data/1327811/000132781119000092/,,11
Workday,WDAY,2019Q1,2019-04-30,분기말 부채총계,3779426000,USD,공시,https://www.sec.gov/Archives/edgar/data/1327811/000132781119000092/,,11
Workday,WDAY,2019Q1,2019-04-30,분기말 총자본(자기자본),2044748000,USD,공시(비지배 없음),https://www.sec.gov/Archives/edgar/data/1327811/000132781119000092/,"StockholdersEquity, MinorityInterest 태그 없음",11
Workday,WDAY,2019Q1,2019-04-30,분기말 지배지분 자본,2044748000,USD,공시,https://www.sec.gov/Archives/edgar/data/1327811/000132781119000092/,,11
Workday,WDAY,2019Q1,2019-04-30,분기말 종가,205.63,USD,API,https://query1.finance.yahoo.com/v8/finance/chart/WDAY?interval=1d&events=splits (2019-04-30),,11
Workday,WDAY,2019Q1,2019-05-28,분기말 상장주식수,226000000,주,공시(표지 기준일),https://www.sec.gov/Archives/edgar/data/1327811/000132781119000092/,"XBRL 원문 dei:EntityCommonStockSharesOutstanding 2개 클래스 합 ; 클래스별(2019-05-28): CommonClassAMember 162000000, CommonClassBMember 64000000",11
Workday,WDAY,2019Q1,2019-04-30,분기말 시가총액,46472380000,USD,계산(종가×주식수),https://query1.finance.yahoo.com/v8/finance/chart/WDAY?interval=1d&events=splits (2019-04-30) ; https://www.sec.gov/Archives/edgar/data/1327811/000132781119000092/,종가 205.63 × 주식수 226000000,11
Workday,WDAY,2019Q2,2019-07-31,분기별 매출액,887752000,USD,공시,https://www.sec.gov/Archives/edgar/data/1327811/000132781119000156/,,11
Workday,WDAY,2019Q2,2019-07-31,분기별 영업이익,-122497000,USD,공시,https://www.sec.gov/Archives/edgar/data/1327811/000132781119000156/,,11
Workday,WDAY,2019Q2,2019-07-31,분기별 당기순이익(지배),-120712000,USD,공시(비지배 없음),https://www.sec.gov/Archives/edgar/data/1327811/000132781119000156/,,11
Workday,WDAY,2019Q2,2019-07-31,분기별 영업활동현금흐름,100319000,USD,계산(누적차감),https://www.sec.gov/Archives/edgar/data/1327811/000132781119000156/ ; https://www.sec.gov/Archives/edgar/data/1327811/000132781119000092/,누적 309482000 − 직전누적 209163000 (시작 2019-02-01),11
Workday,WDAY,2019Q2,2019-07-31,분기말 자산총계,5992156000,USD,공시,https://www.sec.gov/Archives/edgar/data/1327811/000132781119000156/,,11
Workday,WDAY,2019Q2,2019-07-31,분기말 부채총계,3781871000,USD,공시,https://www.sec.gov/Archives/edgar/data/1327811/000132781119000156/,,11
Workday,WDAY,2019Q2,2019-07-31,분기말 총자본(자기자본),2210285000,USD,공시(비지배 없음),https://www.sec.gov/Archives/edgar/data/1327811/000132781119000156/,"StockholdersEquity, MinorityInterest 태그 없음",11
Workday,WDAY,2019Q2,2019-07-31,분기말 지배지분 자본,2210285000,USD,공시,https://www.sec.gov/Archives/edgar/data/1327811/000132781119000156/,,11
Workday,WDAY,2019Q2,2019-07-31,분기말 종가,199.98,USD,API,https://query1.finance.yahoo.com/v8/finance/chart/WDAY?interval=1d&events=splits (2019-07-31),,11
Workday,WDAY,2019Q2,2019-08-28,분기말 상장주식수,228000000,주,공시(표지 기준일),https://www.sec.gov/Archives/edgar/data/1327811/000132781119000156/,"XBRL 원문 dei:EntityCommonStockSharesOutstanding 2개 클래스 합 ; 클래스별(2019-08-28): CommonClassAMember 164000000, CommonClassBMember 64000000",11
Workday,WDAY,2019Q2,2019-07-31,분기말 시가총액,45595440000,USD,계산(종가×주식수),https://query1.finance.yahoo.com/v8/finance/chart/WDAY?interval=1d&events=splits (2019-07-31) ; https://www.sec.gov/Archives/edgar/data/1327811/000132781119000156/,종가 199.98 × 주식수 228000000,11
Workday,WDAY,2019Q3,2019-10-31,분기별 매출액,938100000,USD,공시,https://www.sec.gov/Archives/edgar/data/1327811/000132781119000196/,,11
Workday,WDAY,2019Q3,2019-10-31,분기별 영업이익,-110250000,USD,공시,https://www.sec.gov/Archives/edgar/data/1327811/000132781119000196/,,11
Workday,WDAY,2019Q3,2019-10-31,분기별 당기순이익(지배),-115729000,USD,공시(비지배 없음),https://www.sec.gov/Archives/edgar/data/1327811/000132781119000196/,,11
Workday,WDAY,2019Q3,2019-10-31,분기별 영업활동현금흐름,258002000,USD,계산(누적차감),https://www.sec.gov/Archives/edgar/data/1327811/000132781119000196/ ; https://www.sec.gov/Archives/edgar/data/1327811/000132781119000156/,누적 567484000 − 직전누적 309482000 (시작 2019-02-01),11
Workday,WDAY,2019Q3,2019-10-31,분기말 자산총계,6155645000,USD,공시,https://www.sec.gov/Archives/edgar/data/1327811/000132781119000196/,,11
Workday,WDAY,2019Q3,2019-10-31,분기말 부채총계,3836466000,USD,공시,https://www.sec.gov/Archives/edgar/data/1327811/000132781119000196/,,11
Workday,WDAY,2019Q3,2019-10-31,분기말 총자본(자기자본),2319179000,USD,공시(비지배 없음),https://www.sec.gov/Archives/edgar/data/1327811/000132781119000196/,"StockholdersEquity, MinorityInterest 태그 없음",11
Workday,WDAY,2019Q3,2019-10-31,분기말 지배지분 자본,2319179000,USD,공시,https://www.sec.gov/Archives/edgar/data/1327811/000132781119000196/,,11
Workday,WDAY,2019Q3,2019-10-31,분기말 종가,162.16,USD,API,https://query1.finance.yahoo.com/v8/finance/chart/WDAY?interval=1d&events=splits (2019-10-31),,11
Workday,WDAY,2019Q3,2019-12-02,분기말 상장주식수,230000000,주,공시(표지 기준일),https://www.sec.gov/Archives/edgar/data/1327811/000132781119000196/,"XBRL 원문 dei:EntityCommonStockSharesOutstanding 2개 클래스 합 ; 클래스별(2019-12-02): CommonClassAMember 167000000, CommonClassBMember 63000000",11
Workday,WDAY,2019Q3,2019-10-31,분기말 시가총액,37296800000,USD,계산(종가×주식수),https://query1.finance.yahoo.com/v8/finance/chart/WDAY?interval=1d&events=splits (2019-10-31) ; https://www.sec.gov/Archives/edgar/data/1327811/000132781119000196/,종가 162.16 × 주식수 230000000,11
Workday,WDAY,2019Q4,2020-01-31,분기별 매출액,976299000,USD,계산(연간-3분기누적),https://www.sec.gov/Archives/edgar/data/1327811/000132781120000022/ ; https://www.sec.gov/Archives/edgar/data/1327811/000132781119000196/,연간 3627206000 − 9개월누적 2650907000 (RevenueFromContractWithCustomerExcludingAssessedTax),11
Workday,WDAY,2019Q4,2020-01-31,분기별 영업이익,-146097000,USD,계산(연간-3분기누적),https://www.sec.gov/Archives/edgar/data/1327811/000132781120000022/ ; https://www.sec.gov/Archives/edgar/data/1327811/000132781119000196/,연간 -502230000 − 9개월누적 -356133000 (OperatingIncomeLoss),11
Workday,WDAY,2019Q4,2020-01-31,분기별 당기순이익(지배),-127958000,USD,"계산(연간-3분기누적, 비지배 없음)",https://www.sec.gov/Archives/edgar/data/1327811/000132781120000022/ ; https://www.sec.gov/Archives/edgar/data/1327811/000132781119000196/,연간 -480674000 − 9개월누적 -352716000 (ProfitLoss),11
Workday,WDAY,2019Q4,2020-01-31,분기별 영업활동현금흐름,297114000,USD,계산(누적차감),https://www.sec.gov/Archives/edgar/data/1327811/000132781120000022/ ; https://www.sec.gov/Archives/edgar/data/1327811/000132781119000196/,누적 864598000 − 직전누적 567484000 (시작 2019-02-01),11
Workday,WDAY,2019Q4,2020-01-31,분기말 자산총계,6816365000,USD,공시,https://www.sec.gov/Archives/edgar/data/1327811/000132781120000022/,,11
Workday,WDAY,2019Q4,2020-01-31,분기말 부채총계,4329814000,USD,공시,https://www.sec.gov/Archives/edgar/data/1327811/000132781120000022/,,11
Workday,WDAY,2019Q4,2020-01-31,분기말 총자본(자기자본),2486551000,USD,공시(비지배 없음),https://www.sec.gov/Archives/edgar/data/1327811/000132781120000022/,"StockholdersEquity, MinorityInterest 태그 없음",11
Workday,WDAY,2019Q4,2020-01-31,분기말 지배지분 자본,2486551000,USD,공시,https://www.sec.gov/Archives/edgar/data/1327811/000132781120000022/,,11
Workday,WDAY,2019Q4,2020-01-31,분기말 종가,184.63,USD,API,https://query1.finance.yahoo.com/v8/finance/chart/WDAY?interval=1d&events=splits (2020-01-31),,11
Workday,WDAY,2019Q4,2020-02-28,분기말 상장주식수,232000000,주,공시(표지 기준일),https://www.sec.gov/Archives/edgar/data/1327811/000132781120000022/,"XBRL 원문 dei:EntityCommonStockSharesOutstanding 2개 클래스 합 ; 클래스별(2020-02-28): CommonClassAMember 170000000, CommonClassBMember 62000000",11
Workday,WDAY,2019Q4,2020-01-31,분기말 시가총액,42834160000,USD,계산(종가×주식수),https://query1.finance.yahoo.com/v8/finance/chart/WDAY?interval=1d&events=splits (2020-01-31) ; https://www.sec.gov/Archives/edgar/data/1327811/000132781120000022/,종가 184.63 × 주식수 232000000,11
Workday,WDAY,2020Q1,2020-04-30,분기별 매출액,1018385000,USD,공시,https://www.sec.gov/Archives/edgar/data/1327811/000132781120000070/,,11
Workday,WDAY,2020Q1,2020-04-30,분기별 영업이익,-144457000,USD,공시,https://www.sec.gov/Archives/edgar/data/1327811/000132781120000070/,,11
Workday,WDAY,2020Q1,2020-04-30,분기별 당기순이익(지배),-158368000,USD,공시(비지배 없음),https://www.sec.gov/Archives/edgar/data/1327811/000132781120000070/,,11
Workday,WDAY,2020Q1,2020-04-30,분기별 영업활동현금흐름,263683000,USD,공시,https://www.sec.gov/Archives/edgar/data/1327811/000132781120000070/,,11
Workday,WDAY,2020Q1,2020-04-30,분기말 자산총계,7227503000,USD,공시,https://www.sec.gov/Archives/edgar/data/1327811/000132781120000070/,,11
Workday,WDAY,2020Q1,2020-04-30,분기말 부채총계,4625499000,USD,공시,https://www.sec.gov/Archives/edgar/data/1327811/000132781120000070/,,11
Workday,WDAY,2020Q1,2020-04-30,분기말 총자본(자기자본),2602004000,USD,공시(비지배 없음),https://www.sec.gov/Archives/edgar/data/1327811/000132781120000070/,"StockholdersEquity, MinorityInterest 태그 없음",11
Workday,WDAY,2020Q1,2020-04-30,분기말 지배지분 자본,2602004000,USD,공시,https://www.sec.gov/Archives/edgar/data/1327811/000132781120000070/,,11
Workday,WDAY,2020Q1,2020-04-30,분기말 종가,153.9,USD,API,https://query1.finance.yahoo.com/v8/finance/chart/WDAY?interval=1d&events=splits (2020-04-30),,11
Workday,WDAY,2020Q1,2020-05-26,분기말 상장주식수,235000000,주,공시(표지 기준일),https://www.sec.gov/Archives/edgar/data/1327811/000132781120000070/,"XBRL 원문 dei:EntityCommonStockSharesOutstanding 2개 클래스 합 ; 클래스별(2020-05-26): CommonClassAMember 174000000, CommonClassBMember 61000000",11
Workday,WDAY,2020Q1,2020-04-30,분기말 시가총액,36166500000,USD,계산(종가×주식수),https://query1.finance.yahoo.com/v8/finance/chart/WDAY?interval=1d&events=splits (2020-04-30) ; https://www.sec.gov/Archives/edgar/data/1327811/000132781120000070/,종가 153.9 × 주식수 235000000,11
Workday,WDAY,2020Q2,2020-07-31,분기별 매출액,1061967000,USD,공시,https://www.sec.gov/Archives/edgar/data/1327811/000132781120000129/,,11
Workday,WDAY,2020Q2,2020-07-31,분기별 영업이익,-16754000,USD,공시,https://www.sec.gov/Archives/edgar/data/1327811/000132781120000129/,,11
Workday,WDAY,2020Q2,2020-07-31,분기별 당기순이익(지배),-28016000,USD,공시(비지배 없음),https://www.sec.gov/Archives/edgar/data/1327811/000132781120000129/,,11
Workday,WDAY,2020Q2,2020-07-31,분기별 영업활동현금흐름,157210000,USD,계산(누적차감),https://www.sec.gov/Archives/edgar/data/1327811/000132781120000129/ ; https://www.sec.gov/Archives/edgar/data/1327811/000132781120000070/,누적 420893000 − 직전누적 263683000 (시작 2020-02-01),11
Workday,WDAY,2020Q2,2020-07-31,분기말 자산총계,7501451000,USD,공시,https://www.sec.gov/Archives/edgar/data/1327811/000132781120000129/,,11
Workday,WDAY,2020Q2,2020-07-31,분기말 부채총계,4662973000,USD,공시,https://www.sec.gov/Archives/edgar/data/1327811/000132781120000129/,,11
Workday,WDAY,2020Q2,2020-07-31,분기말 총자본(자기자본),2838478000,USD,공시(비지배 없음),https://www.sec.gov/Archives/edgar/data/1327811/000132781120000129/,"StockholdersEquity, MinorityInterest 태그 없음",11
Workday,WDAY,2020Q2,2020-07-31,분기말 지배지분 자본,2838478000,USD,공시,https://www.sec.gov/Archives/edgar/data/1327811/000132781120000129/,,11
Workday,WDAY,2020Q2,2020-07-31,분기말 종가,180.92,USD,API,https://query1.finance.yahoo.com/v8/finance/chart/WDAY?interval=1d&events=splits (2020-07-31),,11
Workday,WDAY,2020Q2,2020-08-26,분기말 상장주식수,237000000,주,공시(표지 기준일),https://www.sec.gov/Archives/edgar/data/1327811/000132781120000129/,"XBRL 원문 dei:EntityCommonStockSharesOutstanding 2개 클래스 합 ; 클래스별(2020-08-26): CommonClassAMember 177000000, CommonClassBMember 60000000",11
Workday,WDAY,2020Q2,2020-07-31,분기말 시가총액,42878040000,USD,계산(종가×주식수),https://query1.finance.yahoo.com/v8/finance/chart/WDAY?interval=1d&events=splits (2020-07-31) ; https://www.sec.gov/Archives/edgar/data/1327811/000132781120000129/,종가 180.92 × 주식수 237000000,11
Workday,WDAY,2020Q3,2020-10-31,분기별 매출액,1105960000,USD,공시,https://www.sec.gov/Archives/edgar/data/1327811/000132781120000167/,,11
Workday,WDAY,2020Q3,2020-10-31,분기별 영업이익,-14077000,USD,공시,https://www.sec.gov/Archives/edgar/data/1327811/000132781120000167/,,11
Workday,WDAY,2020Q3,2020-10-31,분기별 당기순이익(지배),-24340000,USD,공시,https://www.sec.gov/Archives/edgar/data/1327811/000132781120000167/,,11
Workday,WDAY,2020Q3,2020-10-31,분기별 영업활동현금흐름,293802000,USD,계산(누적차감),https://www.sec.gov/Archives/edgar/data/1327811/000132781120000167/ ; https://www.sec.gov/Archives/edgar/data/1327811/000132781120000129/,누적 714695000 − 직전누적 420893000 (시작 2020-02-01),11
Workday,WDAY,2020Q3,2020-10-31,분기말 자산총계,7845027000,USD,공시,https://www.sec.gov/Archives/edgar/data/1327811/000132781120000167/,,11
Workday,WDAY,2020Q3,2020-10-31,분기말 부채총계,4766973000,USD,공시,https://www.sec.gov/Archives/edgar/data/1327811/000132781120000167/,,11
Workday,WDAY,2020Q3,2020-10-31,분기말 총자본(자기자본),3078054000,USD,공시(비지배 없음),https://www.sec.gov/Archives/edgar/data/1327811/000132781120000167/,"StockholdersEquity, MinorityInterest 태그 없음",11
Workday,WDAY,2020Q3,2020-10-31,분기말 지배지분 자본,3078054000,USD,공시,https://www.sec.gov/Archives/edgar/data/1327811/000132781120000167/,,11
Workday,WDAY,2020Q3,2020-10-30,분기말 종가,210.12,USD,API,https://query1.finance.yahoo.com/v8/finance/chart/WDAY?interval=1d&events=splits (2020-10-30),,11
Workday,WDAY,2020Q3,2020-11-18,분기말 상장주식수,240000000,주,공시(표지 기준일),https://www.sec.gov/Archives/edgar/data/1327811/000132781120000167/,"XBRL 원문 dei:EntityCommonStockSharesOutstanding 2개 클래스 합 ; 클래스별(2020-11-18): CommonClassAMember 180000000, CommonClassBMember 60000000",11
Workday,WDAY,2020Q3,2020-10-30,분기말 시가총액,50428800000,USD,계산(종가×주식수),https://query1.finance.yahoo.com/v8/finance/chart/WDAY?interval=1d&events=splits (2020-10-30) ; https://www.sec.gov/Archives/edgar/data/1327811/000132781120000167/,종가 210.12 × 주식수 240000000,11
Workday,WDAY,2020Q4,2021-01-31,분기별 매출액,1131684000,USD,계산(연간-3분기누적),https://www.sec.gov/Archives/edgar/data/1327811/000132781121000020/ ; https://www.sec.gov/Archives/edgar/data/1327811/000132781120000167/,연간 4317996000 − 9개월누적 3186312000 (RevenueFromContractWithCustomerExcludingAssessedTax),11
Workday,WDAY,2020Q4,2021-01-31,분기별 영업이익,-73311000,USD,계산(연간-3분기누적),https://www.sec.gov/Archives/edgar/data/1327811/000132781121000020/ ; https://www.sec.gov/Archives/edgar/data/1327811/000132781120000167/,연간 -248599000 − 9개월누적 -175288000 (OperatingIncomeLoss),11
Workday,WDAY,2020Q4,2021-01-31,분기별 당기순이익(지배),-71707000,USD,계산(연간-3분기누적),https://www.sec.gov/Archives/edgar/data/1327811/000132781121000020/ ; https://www.sec.gov/Archives/edgar/data/1327811/000132781120000167/,연간 -282431000 − 9개월누적 -210724000 (NetIncomeLoss),11
Workday,WDAY,2020Q4,2021-01-31,분기별 영업활동현금흐름,553746000,USD,계산(누적차감),https://www.sec.gov/Archives/edgar/data/1327811/000132781121000020/ ; https://www.sec.gov/Archives/edgar/data/1327811/000132781120000167/,누적 1268441000 − 직전누적 714695000 (시작 2020-02-01),11
Workday,WDAY,2020Q4,2021-01-31,분기말 자산총계,8718411000,USD,공시,https://www.sec.gov/Archives/edgar/data/1327811/000132781121000020/,,11
Workday,WDAY,2020Q4,2021-01-31,분기말 부채총계,5440577000,USD,공시,https://www.sec.gov/Archives/edgar/data/1327811/000132781121000020/,,11
Workday,WDAY,2020Q4,2021-01-31,분기말 총자본(자기자본),3277834000,USD,공시(비지배 없음),https://www.sec.gov/Archives/edgar/data/1327811/000132781121000020/,"StockholdersEquity, MinorityInterest 태그 없음",11
Workday,WDAY,2020Q4,2021-01-31,분기말 지배지분 자본,3277834000,USD,공시,https://www.sec.gov/Archives/edgar/data/1327811/000132781121000020/,,11
Workday,WDAY,2020Q4,2021-01-29,분기말 종가,227.53,USD,API,https://query1.finance.yahoo.com/v8/finance/chart/WDAY?interval=1d&events=splits (2021-01-29),,11
Workday,WDAY,2020Q4,2021-02-26,분기말 상장주식수,243000000,주,공시(표지 기준일),https://www.sec.gov/Archives/edgar/data/1327811/000132781121000020/,"XBRL 원문 dei:EntityCommonStockSharesOutstanding 2개 클래스 합 ; 클래스별(2021-02-26): CommonClassAMember 184000000, CommonClassBMember 59000000",11
Workday,WDAY,2020Q4,2021-01-29,분기말 시가총액,55289790000,USD,계산(종가×주식수),https://query1.finance.yahoo.com/v8/finance/chart/WDAY?interval=1d&events=splits (2021-01-29) ; https://www.sec.gov/Archives/edgar/data/1327811/000132781121000020/,종가 227.53 × 주식수 243000000,11
Workday,WDAY,2021Q1,2021-04-30,분기별 매출액,1175033000,USD,공시,https://www.sec.gov/Archives/edgar/data/1327811/000132781121000054/,,11
Workday,WDAY,2021Q1,2021-04-30,분기별 영업이익,-38313000,USD,공시,https://www.sec.gov/Archives/edgar/data/1327811/000132781121000054/,,11
Workday,WDAY,2021Q1,2021-04-30,분기별 당기순이익(지배),-46522000,USD,공시,https://www.sec.gov/Archives/edgar/data/1327811/000132781121000054/,,11
Workday,WDAY,2021Q1,2021-04-30,분기별 영업활동현금흐름,452428000,USD,공시,https://www.sec.gov/Archives/edgar/data/1327811/000132781121000054/,,11
Workday,WDAY,2021Q1,2021-04-30,분기말 자산총계,8624007000,USD,공시,https://www.sec.gov/Archives/edgar/data/1327811/000132781121000054/,,11
Workday,WDAY,2021Q1,2021-04-30,분기말 부채총계,5218566000,USD,공시,https://www.sec.gov/Archives/edgar/data/1327811/000132781121000054/,,11
Workday,WDAY,2021Q1,2021-04-30,분기말 총자본(자기자본),3405441000,USD,공시(비지배 없음),https://www.sec.gov/Archives/edgar/data/1327811/000132781121000054/,"StockholdersEquity, MinorityInterest 태그 없음",11
Workday,WDAY,2021Q1,2021-04-30,분기말 지배지분 자본,3405441000,USD,공시,https://www.sec.gov/Archives/edgar/data/1327811/000132781121000054/,,11
Workday,WDAY,2021Q1,2021-04-30,분기말 종가,247.0,USD,API,https://query1.finance.yahoo.com/v8/finance/chart/WDAY?interval=1d&events=splits (2021-04-30),,11
Workday,WDAY,2021Q1,2021-05-24,분기말 상장주식수,247000000,주,공시(표지 기준일),https://www.sec.gov/Archives/edgar/data/1327811/000132781121000054/,"XBRL 원문 dei:EntityCommonStockSharesOutstanding 2개 클래스 합 ; 클래스별(2021-05-24): CommonClassAMember 189000000, CommonClassBMember 58000000",11
Workday,WDAY,2021Q1,2021-04-30,분기말 시가총액,61009000000,USD,계산(종가×주식수),https://query1.finance.yahoo.com/v8/finance/chart/WDAY?interval=1d&events=splits (2021-04-30) ; https://www.sec.gov/Archives/edgar/data/1327811/000132781121000054/,종가 247.0 × 주식수 247000000,11
Workday,WDAY,2021Q2,2021-07-31,분기별 매출액,1260361000,USD,공시,https://www.sec.gov/Archives/edgar/data/1327811/000132781121000133/,,11
Workday,WDAY,2021Q2,2021-07-31,분기별 영업이익,-1120000,USD,공시,https://www.sec.gov/Archives/edgar/data/1327811/000132781121000133/,,11
Workday,WDAY,2021Q2,2021-07-31,분기별 당기순이익(지배),105736000,USD,공시,https://www.sec.gov/Archives/edgar/data/1327811/000132781121000133/,,11
Workday,WDAY,2021Q2,2021-07-31,분기별 영업활동현금흐름,198473000,USD,계산(누적차감),https://www.sec.gov/Archives/edgar/data/1327811/000132781121000133/ ; https://www.sec.gov/Archives/edgar/data/1327811/000132781121000054/,누적 650901000 − 직전누적 452428000 (시작 2021-02-01),11
Workday,WDAY,2021Q2,2021-07-31,분기말 자산총계,9113845000,USD,공시,https://www.sec.gov/Archives/edgar/data/1327811/000132781121000133/,,11
Workday,WDAY,2021Q2,2021-07-31,분기말 부채총계,5245855000,USD,공시,https://www.sec.gov/Archives/edgar/data/1327811/000132781121000133/,,11
Workday,WDAY,2021Q2,2021-07-31,분기말 총자본(자기자본),3867990000,USD,공시(비지배 없음),https://www.sec.gov/Archives/edgar/data/1327811/000132781121000133/,"StockholdersEquity, MinorityInterest 태그 없음",11
Workday,WDAY,2021Q2,2021-07-31,분기말 지배지분 자본,3867990000,USD,공시,https://www.sec.gov/Archives/edgar/data/1327811/000132781121000133/,,11
Workday,WDAY,2021Q2,2021-07-30,분기말 종가,234.4,USD,API,https://query1.finance.yahoo.com/v8/finance/chart/WDAY?interval=1d&events=splits (2021-07-30),,11
Workday,WDAY,2021Q2,2021-08-24,분기말 상장주식수,248000000,주,공시(표지 기준일),https://www.sec.gov/Archives/edgar/data/1327811/000132781121000133/,"XBRL 원문 dei:EntityCommonStockSharesOutstanding 2개 클래스 합 ; 클래스별(2021-08-24): CommonClassAMember 191000000, CommonClassBMember 57000000",11
Workday,WDAY,2021Q2,2021-07-30,분기말 시가총액,58131200000,USD,계산(종가×주식수),https://query1.finance.yahoo.com/v8/finance/chart/WDAY?interval=1d&events=splits (2021-07-30) ; https://www.sec.gov/Archives/edgar/data/1327811/000132781121000133/,종가 234.4 × 주식수 248000000,11
Workday,WDAY,2021Q3,2021-10-31,분기별 매출액,1327263000,USD,공시,https://www.sec.gov/Archives/edgar/data/1327811/000132781121000174/,,11
Workday,WDAY,2021Q3,2021-10-31,분기별 영업이익,23945000,USD,공시,https://www.sec.gov/Archives/edgar/data/1327811/000132781121000174/,,11
Workday,WDAY,2021Q3,2021-10-31,분기별 당기순이익(지배),43412000,USD,공시,https://www.sec.gov/Archives/edgar/data/1327811/000132781121000174/,,11
Workday,WDAY,2021Q3,2021-10-31,분기별 영업활동현금흐름,384654000,USD,계산(누적차감),https://www.sec.gov/Archives/edgar/data/1327811/000132781121000174/ ; https://www.sec.gov/Archives/edgar/data/1327811/000132781121000133/,누적 1035555000 − 직전누적 650901000 (시작 2021-02-01),11
Workday,WDAY,2021Q3,2021-10-31,분기말 자산총계,9440883000,USD,공시,https://www.sec.gov/Archives/edgar/data/1327811/000132781121000174/,,11
Workday,WDAY,2021Q3,2021-10-31,분기말 부채총계,5225067000,USD,공시,https://www.sec.gov/Archives/edgar/data/1327811/000132781121000174/,,11
Workday,WDAY,2021Q3,2021-10-31,분기말 총자본(자기자본),4215816000,USD,공시(비지배 없음),https://www.sec.gov/Archives/edgar/data/1327811/000132781121000174/,"StockholdersEquity, MinorityInterest 태그 없음",11
Workday,WDAY,2021Q3,2021-10-31,분기말 지배지분 자본,4215816000,USD,공시,https://www.sec.gov/Archives/edgar/data/1327811/000132781121000174/,,11
Workday,WDAY,2021Q3,2021-10-29,분기말 종가,289.98,USD,API,https://query1.finance.yahoo.com/v8/finance/chart/WDAY?interval=1d&events=splits (2021-10-29),,11
Workday,WDAY,2021Q3,2021-11-16,분기말 상장주식수,250000000,주,공시(표지 기준일),https://www.sec.gov/Archives/edgar/data/1327811/000132781121000174/,"XBRL 원문 dei:EntityCommonStockSharesOutstanding 2개 클래스 합 ; 클래스별(2021-11-16): CommonClassAMember 193000000, CommonClassBMember 57000000",11
Workday,WDAY,2021Q3,2021-10-29,분기말 시가총액,72495000000,USD,계산(종가×주식수),https://query1.finance.yahoo.com/v8/finance/chart/WDAY?interval=1d&events=splits (2021-10-29) ; https://www.sec.gov/Archives/edgar/data/1327811/000132781121000174/,종가 289.98 × 주식수 250000000,11
Workday,WDAY,2021Q4,2022-01-31,분기별 매출액,1376141000,USD,계산(연간-3분기누적),https://www.sec.gov/Archives/edgar/data/1327811/000132781122000030/ ; https://www.sec.gov/Archives/edgar/data/1327811/000132781121000174/,연간 5138798000 − 9개월누적 3762657000 (RevenueFromContractWithCustomerExcludingAssessedTax),11
Workday,WDAY,2021Q4,2022-01-31,분기별 영업이익,-100962000,USD,계산(연간-3분기누적),https://www.sec.gov/Archives/edgar/data/1327811/000132781122000030/ ; https://www.sec.gov/Archives/edgar/data/1327811/000132781121000174/,연간 -116450000 − 9개월누적 -15488000 (OperatingIncomeLoss),11
Workday,WDAY,2021Q4,2022-01-31,분기별 당기순이익(지배),-73253000,USD,계산(연간-3분기누적),https://www.sec.gov/Archives/edgar/data/1327811/000132781122000030/ ; https://www.sec.gov/Archives/edgar/data/1327811/000132781121000174/,연간 29373000 − 9개월누적 102626000 (NetIncomeLoss),11
Workday,WDAY,2021Q4,2022-01-31,분기별 영업활동현금흐름,615149000,USD,계산(누적차감),https://www.sec.gov/Archives/edgar/data/1327811/000132781122000030/ ; https://www.sec.gov/Archives/edgar/data/1327811/000132781121000174/,누적 1650704000 − 직전누적 1035555000 (시작 2021-02-01),11
Workday,WDAY,2021Q4,2022-01-31,분기말 자산총계,10498505000,USD,공시,https://www.sec.gov/Archives/edgar/data/1327811/000132781122000030/,,11
Workday,WDAY,2021Q4,2022-01-31,분기말 부채총계,5963423000,USD,공시,https://www.sec.gov/Archives/edgar/data/1327811/000132781122000030/,,11
Workday,WDAY,2021Q4,2022-01-31,분기말 총자본(자기자본),4535082000,USD,공시(비지배 없음),https://www.sec.gov/Archives/edgar/data/1327811/000132781122000030/,"StockholdersEquity, MinorityInterest 태그 없음",11
Workday,WDAY,2021Q4,2022-01-31,분기말 지배지분 자본,4535082000,USD,공시,https://www.sec.gov/Archives/edgar/data/1327811/000132781122000030/,,11
Workday,WDAY,2021Q4,2022-01-31,분기말 종가,253.01,USD,API,https://query1.finance.yahoo.com/v8/finance/chart/WDAY?interval=1d&events=splits (2022-01-31),,11
Workday,WDAY,2021Q4,2022-02-24,분기말 상장주식수,251000000,주,공시(표지 기준일),https://www.sec.gov/Archives/edgar/data/1327811/000132781122000030/,"XBRL 원문 dei:EntityCommonStockSharesOutstanding 2개 클래스 합 ; 클래스별(2022-02-24): CommonClassAMember 196000000, CommonClassBMember 55000000",11
Workday,WDAY,2021Q4,2022-01-31,분기말 시가총액,63505510000,USD,계산(종가×주식수),https://query1.finance.yahoo.com/v8/finance/chart/WDAY?interval=1d&events=splits (2022-01-31) ; https://www.sec.gov/Archives/edgar/data/1327811/000132781122000030/,종가 253.01 × 주식수 251000000,11
Workday,WDAY,2022Q1,2022-04-30,분기별 매출액,1434657000,USD,공시,https://www.sec.gov/Archives/edgar/data/1327811/000132781122000091/,,11
Workday,WDAY,2022Q1,2022-04-30,분기별 영업이익,-72843000,USD,공시,https://www.sec.gov/Archives/edgar/data/1327811/000132781122000091/,,11
Workday,WDAY,2022Q1,2022-04-30,분기별 당기순이익(지배),-102173000,USD,공시,https://www.sec.gov/Archives/edgar/data/1327811/000132781122000091/,,11
Workday,WDAY,2022Q1,2022-04-30,분기별 영업활동현금흐름,439717000,USD,공시,https://www.sec.gov/Archives/edgar/data/1327811/000132781122000091/,,11
Workday,WDAY,2022Q1,2022-04-30,분기말 자산총계,12799106000,USD,공시,https://www.sec.gov/Archives/edgar/data/1327811/000132781122000091/,,11
Workday,WDAY,2022Q1,2022-04-30,분기말 부채총계,8018299000,USD,공시,https://www.sec.gov/Archives/edgar/data/1327811/000132781122000091/,,11
Workday,WDAY,2022Q1,2022-04-30,분기말 총자본(자기자본),4780807000,USD,공시(비지배 없음),https://www.sec.gov/Archives/edgar/data/1327811/000132781122000091/,"StockholdersEquity, MinorityInterest 태그 없음",11
Workday,WDAY,2022Q1,2022-04-30,분기말 지배지분 자본,4780807000,USD,공시,https://www.sec.gov/Archives/edgar/data/1327811/000132781122000091/,,11
Workday,WDAY,2022Q1,2022-04-29,분기말 종가,206.7,USD,API,https://query1.finance.yahoo.com/v8/finance/chart/WDAY?interval=1d&events=splits (2022-04-29),,11
Workday,WDAY,2022Q1,2022-05-24,분기말 상장주식수,254000000,주,공시(표지 기준일),https://www.sec.gov/Archives/edgar/data/1327811/000132781122000091/,"XBRL 원문 dei:EntityCommonStockSharesOutstanding 2개 클래스 합 ; 클래스별(2022-05-24): CommonClassAMember 199000000, CommonClassBMember 55000000",11
Workday,WDAY,2022Q1,2022-04-29,분기말 시가총액,52501800000,USD,계산(종가×주식수),https://query1.finance.yahoo.com/v8/finance/chart/WDAY?interval=1d&events=splits (2022-04-29) ; https://www.sec.gov/Archives/edgar/data/1327811/000132781122000091/,종가 206.7 × 주식수 254000000,11
Workday,WDAY,2022Q2,2022-07-31,분기별 매출액,1535798000,USD,공시,https://www.sec.gov/Archives/edgar/data/1327811/000132781122000154/,,11
Workday,WDAY,2022Q2,2022-07-31,분기별 영업이익,-34078000,USD,공시,https://www.sec.gov/Archives/edgar/data/1327811/000132781122000154/,,11
Workday,WDAY,2022Q2,2022-07-31,분기별 당기순이익(지배),-64158000,USD,공시,https://www.sec.gov/Archives/edgar/data/1327811/000132781122000154/,,11
Workday,WDAY,2022Q2,2022-07-31,분기별 영업활동현금흐름,114358000,USD,계산(누적차감),https://www.sec.gov/Archives/edgar/data/1327811/000132781122000154/ ; https://www.sec.gov/Archives/edgar/data/1327811/000132781122000091/,누적 554075000 − 직전누적 439717000 (시작 2022-02-01),11
Workday,WDAY,2022Q2,2022-07-31,분기말 자산총계,13249550000,USD,공시,https://www.sec.gov/Archives/edgar/data/1327811/000132781122000154/,,11
Workday,WDAY,2022Q2,2022-07-31,분기말 부채총계,8121742000,USD,공시,https://www.sec.gov/Archives/edgar/data/1327811/000132781122000154/,,11
Workday,WDAY,2022Q2,2022-07-31,분기말 총자본(자기자본),5127808000,USD,공시(비지배 없음),https://www.sec.gov/Archives/edgar/data/1327811/000132781122000154/,"StockholdersEquity, MinorityInterest 태그 없음",11
Workday,WDAY,2022Q2,2022-07-31,분기말 지배지분 자본,5127808000,USD,공시,https://www.sec.gov/Archives/edgar/data/1327811/000132781122000154/,,11
Workday,WDAY,2022Q2,2022-07-29,분기말 종가,155.1,USD,API,https://query1.finance.yahoo.com/v8/finance/chart/WDAY?interval=1d&events=splits (2022-07-29),,11
Workday,WDAY,2022Q2,2022-08-23,분기말 상장주식수,256000000,주,공시(표지 기준일),https://www.sec.gov/Archives/edgar/data/1327811/000132781122000154/,"XBRL 원문 dei:EntityCommonStockSharesOutstanding 2개 클래스 합 ; 클래스별(2022-08-23): CommonClassAMember 201000000, CommonClassBMember 55000000",11
Workday,WDAY,2022Q2,2022-07-29,분기말 시가총액,39705600000,USD,계산(종가×주식수),https://query1.finance.yahoo.com/v8/finance/chart/WDAY?interval=1d&events=splits (2022-07-29) ; https://www.sec.gov/Archives/edgar/data/1327811/000132781122000154/,종가 155.1 × 주식수 256000000,11
Workday,WDAY,2022Q3,2022-10-31,분기별 매출액,1599103000,USD,공시,https://www.sec.gov/Archives/edgar/data/1327811/000132781122000184/,,11
Workday,WDAY,2022Q3,2022-10-31,분기별 영업이익,-26321000,USD,공시,https://www.sec.gov/Archives/edgar/data/1327811/000132781122000184/,,11
Workday,WDAY,2022Q3,2022-10-31,분기별 당기순이익(지배),-74721000,USD,공시,https://www.sec.gov/Archives/edgar/data/1327811/000132781122000184/,,11
Workday,WDAY,2022Q3,2022-10-31,분기별 영업활동현금흐름,408668000,USD,계산(누적차감),https://www.sec.gov/Archives/edgar/data/1327811/000132781122000184/ ; https://www.sec.gov/Archives/edgar/data/1327811/000132781122000154/,누적 962743000 − 직전누적 554075000 (시작 2022-02-01),11
Workday,WDAY,2022Q3,2022-10-31,분기말 자산총계,12389787000,USD,공시,https://www.sec.gov/Archives/edgar/data/1327811/000132781122000184/,,11
Workday,WDAY,2022Q3,2022-10-31,분기말 부채총계,6980679000,USD,공시,https://www.sec.gov/Archives/edgar/data/1327811/000132781122000184/,,11
Workday,WDAY,2022Q3,2022-10-31,분기말 총자본(자기자본),5409108000,USD,공시(비지배 없음),https://www.sec.gov/Archives/edgar/data/1327811/000132781122000184/,"StockholdersEquity, MinorityInterest 태그 없음",11
Workday,WDAY,2022Q3,2022-10-31,분기말 지배지분 자본,5409108000,USD,공시,https://www.sec.gov/Archives/edgar/data/1327811/000132781122000184/,,11
Workday,WDAY,2022Q3,2022-10-31,분기말 종가,155.82,USD,API,https://query1.finance.yahoo.com/v8/finance/chart/WDAY?interval=1d&events=splits (2022-10-31),,11
Workday,WDAY,2022Q3,2022-11-23,분기말 상장주식수,257000000,주,공시(표지 기준일),https://www.sec.gov/Archives/edgar/data/1327811/000132781122000184/,"XBRL 원문 dei:EntityCommonStockSharesOutstanding 2개 클래스 합 ; 클래스별(2022-11-23): CommonClassAMember 202000000, CommonClassBMember 55000000",11
Workday,WDAY,2022Q3,2022-10-31,분기말 시가총액,40045740000,USD,계산(종가×주식수),https://query1.finance.yahoo.com/v8/finance/chart/WDAY?interval=1d&events=splits (2022-10-31) ; https://www.sec.gov/Archives/edgar/data/1327811/000132781122000184/,종가 155.82 × 주식수 257000000,11
Workday,WDAY,2022Q4,2023-01-31,분기별 매출액,1646260000,USD,계산(연간-3분기누적),https://www.sec.gov/Archives/edgar/data/1327811/000132781123000024/ ; https://www.sec.gov/Archives/edgar/data/1327811/000132781122000184/,연간 6215818000 − 9개월누적 4569558000 (RevenueFromContractWithCustomerExcludingAssessedTax),11
Workday,WDAY,2022Q4,2023-01-31,분기별 영업이익,-88958000,USD,계산(연간-3분기누적),https://www.sec.gov/Archives/edgar/data/1327811/000132781123000024/ ; https://www.sec.gov/Archives/edgar/data/1327811/000132781122000184/,연간 -222200000 − 9개월누적 -133242000 (OperatingIncomeLoss),11
Workday,WDAY,2022Q4,2023-01-31,분기별 당기순이익(지배),-125697000,USD,계산(연간-3분기누적),https://www.sec.gov/Archives/edgar/data/1327811/000132781123000024/ ; https://www.sec.gov/Archives/edgar/data/1327811/000132781122000184/,연간 -366749000 − 9개월누적 -241052000 (NetIncomeLoss),11
Workday,WDAY,2022Q4,2023-01-31,분기별 영업활동현금흐름,694452000,USD,계산(누적차감),https://www.sec.gov/Archives/edgar/data/1327811/000132781123000024/ ; https://www.sec.gov/Archives/edgar/data/1327811/000132781122000184/,누적 1657195000 − 직전누적 962743000 (시작 2022-02-01),11
Workday,WDAY,2022Q4,2023-01-31,분기말 자산총계,13486238000,USD,공시,https://www.sec.gov/Archives/edgar/data/1327811/000132781123000024/,,11
Workday,WDAY,2022Q4,2023-01-31,분기말 부채총계,7900670000,USD,공시,https://www.sec.gov/Archives/edgar/data/1327811/000132781123000024/,,11
Workday,WDAY,2022Q4,2023-01-31,분기말 총자본(자기자본),5585568000,USD,공시(비지배 없음),https://www.sec.gov/Archives/edgar/data/1327811/000132781123000024/,"StockholdersEquity, MinorityInterest 태그 없음",11
Workday,WDAY,2022Q4,2023-01-31,분기말 지배지분 자본,5585568000,USD,공시,https://www.sec.gov/Archives/edgar/data/1327811/000132781123000024/,,11
Workday,WDAY,2022Q4,2023-01-31,분기말 종가,181.43,USD,API,https://query1.finance.yahoo.com/v8/finance/chart/WDAY?interval=1d&events=splits (2023-01-31),,11
Workday,WDAY,2022Q4,2023-02-23,분기말 상장주식수,259000000,주,공시(표지 기준일),https://www.sec.gov/Archives/edgar/data/1327811/000132781123000024/,"XBRL 원문 dei:EntityCommonStockSharesOutstanding 2개 클래스 합 ; 클래스별(2023-02-23): CommonClassAMember 204000000, CommonClassBMember 55000000",11
Workday,WDAY,2022Q4,2023-01-31,분기말 시가총액,46990370000,USD,계산(종가×주식수),https://query1.finance.yahoo.com/v8/finance/chart/WDAY?interval=1d&events=splits (2023-01-31) ; https://www.sec.gov/Archives/edgar/data/1327811/000132781123000024/,종가 181.43 × 주식수 259000000,11
Workday,WDAY,2023Q1,2023-04-30,분기별 매출액,1684312000,USD,공시,https://www.sec.gov/Archives/edgar/data/1327811/000132781123000078/,,11
Workday,WDAY,2023Q1,2023-04-30,분기별 영업이익,-19800000,USD,공시,https://www.sec.gov/Archives/edgar/data/1327811/000132781123000078/,,11
Workday,WDAY,2023Q1,2023-04-30,분기별 당기순이익(지배),0,USD,공시(재작성 반영),https://www.sec.gov/Archives/edgar/data/1327811/000132781124000093/,원 공시 136000 (https://www.sec.gov/Archives/edgar/data/1327811/000132781123000078/),11
Workday,WDAY,2023Q1,2023-04-30,분기별 영업활동현금흐름,277316000,USD,공시,https://www.sec.gov/Archives/edgar/data/1327811/000132781123000078/,,11
Workday,WDAY,2023Q1,2023-04-30,분기말 자산총계,13252796000,USD,공시,https://www.sec.gov/Archives/edgar/data/1327811/000132781123000078/,,11
Workday,WDAY,2023Q1,2023-04-30,분기말 부채총계,7310933000,USD,공시,https://www.sec.gov/Archives/edgar/data/1327811/000132781123000078/,,11
Workday,WDAY,2023Q1,2023-04-30,분기말 총자본(자기자본),5941863000,USD,공시(비지배 없음),https://www.sec.gov/Archives/edgar/data/1327811/000132781123000078/,"StockholdersEquity, MinorityInterest 태그 없음",11
Workday,WDAY,2023Q1,2023-04-30,분기말 지배지분 자본,5941863000,USD,공시,https://www.sec.gov/Archives/edgar/data/1327811/000132781123000078/,,11
Workday,WDAY,2023Q1,2023-04-28,분기말 종가,186.14,USD,API,https://query1.finance.yahoo.com/v8/finance/chart/WDAY?interval=1d&events=splits (2023-04-28),,11
Workday,WDAY,2023Q1,2023-05-23,분기말 상장주식수,261000000,주,공시(표지 기준일),https://www.sec.gov/Archives/edgar/data/1327811/000132781123000078/,"XBRL 원문 dei:EntityCommonStockSharesOutstanding 2개 클래스 합 ; 클래스별(2023-05-23): CommonClassAMember 206000000, CommonClassBMember 55000000",11
Workday,WDAY,2023Q1,2023-04-28,분기말 시가총액,48582540000,USD,계산(종가×주식수),https://query1.finance.yahoo.com/v8/finance/chart/WDAY?interval=1d&events=splits (2023-04-28) ; https://www.sec.gov/Archives/edgar/data/1327811/000132781123000078/,종가 186.14 × 주식수 261000000,11
Workday,WDAY,2023Q2,2023-07-31,분기별 매출액,1786766000,USD,공시,https://www.sec.gov/Archives/edgar/data/1327811/000132781123000150/,,11
Workday,WDAY,2023Q2,2023-07-31,분기별 영업이익,36257000,USD,공시,https://www.sec.gov/Archives/edgar/data/1327811/000132781123000150/,,11
Workday,WDAY,2023Q2,2023-07-31,분기별 당기순이익(지배),78660000,USD,공시,https://www.sec.gov/Archives/edgar/data/1327811/000132781123000150/,,11
Workday,WDAY,2023Q2,2023-07-31,분기별 영업활동현금흐름,425264000,USD,계산(누적차감),https://www.sec.gov/Archives/edgar/data/1327811/000132781123000150/ ; https://www.sec.gov/Archives/edgar/data/1327811/000132781123000078/,누적 702580000 − 직전누적 277316000 (시작 2023-02-01),11
Workday,WDAY,2023Q2,2023-07-31,분기말 자산총계,13735315000,USD,공시,https://www.sec.gov/Archives/edgar/data/1327811/000132781123000150/,,11
Workday,WDAY,2023Q2,2023-07-31,분기말 부채총계,7460762000,USD,공시,https://www.sec.gov/Archives/edgar/data/1327811/000132781123000150/,,11
Workday,WDAY,2023Q2,2023-07-31,분기말 총자본(자기자본),6274553000,USD,공시(비지배 없음),https://www.sec.gov/Archives/edgar/data/1327811/000132781123000150/,"StockholdersEquity, MinorityInterest 태그 없음",11
Workday,WDAY,2023Q2,2023-07-31,분기말 지배지분 자본,6274553000,USD,공시,https://www.sec.gov/Archives/edgar/data/1327811/000132781123000150/,,11
Workday,WDAY,2023Q2,2023-07-31,분기말 종가,237.13,USD,API,https://query1.finance.yahoo.com/v8/finance/chart/WDAY?interval=1d&events=splits (2023-07-31),,11
Workday,WDAY,2023Q2,2023-08-22,분기말 상장주식수,262000000,주,공시(표지 기준일),https://www.sec.gov/Archives/edgar/data/1327811/000132781123000150/,"XBRL 원문 dei:EntityCommonStockSharesOutstanding 2개 클래스 합 ; 클래스별(2023-08-22): CommonClassAMember 207000000, CommonClassBMember 55000000",11
Workday,WDAY,2023Q2,2023-07-31,분기말 시가총액,62128060000,USD,계산(종가×주식수),https://query1.finance.yahoo.com/v8/finance/chart/WDAY?interval=1d&events=splits (2023-07-31) ; https://www.sec.gov/Archives/edgar/data/1327811/000132781123000150/,종가 237.13 × 주식수 262000000,11
Workday,WDAY,2023Q3,2023-10-31,분기별 매출액,1865675000,USD,공시,https://www.sec.gov/Archives/edgar/data/1327811/000132781123000202/,,11
Workday,WDAY,2023Q3,2023-10-31,분기별 영업이익,87855000,USD,공시,https://www.sec.gov/Archives/edgar/data/1327811/000132781123000202/,,11
Workday,WDAY,2023Q3,2023-10-31,분기별 당기순이익(지배),113709000,USD,공시,https://www.sec.gov/Archives/edgar/data/1327811/000132781123000202/,,11
Workday,WDAY,2023Q3,2023-10-31,분기별 영업활동현금흐름,450775000,USD,계산(누적차감),https://www.sec.gov/Archives/edgar/data/1327811/000132781123000202/ ; https://www.sec.gov/Archives/edgar/data/1327811/000132781123000150/,누적 1153355000 − 직전누적 702580000 (시작 2023-02-01),11
Workday,WDAY,2023Q3,2023-10-31,분기말 자산총계,13925933000,USD,공시,https://www.sec.gov/Archives/edgar/data/1327811/000132781123000202/,,11
Workday,WDAY,2023Q3,2023-10-31,분기말 부채총계,7301016000,USD,공시,https://www.sec.gov/Archives/edgar/data/1327811/000132781123000202/,,11
Workday,WDAY,2023Q3,2023-10-31,분기말 총자본(자기자본),6624917000,USD,공시(비지배 없음),https://www.sec.gov/Archives/edgar/data/1327811/000132781123000202/,"StockholdersEquity, MinorityInterest 태그 없음",11
Workday,WDAY,2023Q3,2023-10-31,분기말 지배지분 자본,6624917000,USD,공시,https://www.sec.gov/Archives/edgar/data/1327811/000132781123000202/,,11
Workday,WDAY,2023Q3,2023-10-31,분기말 종가,211.71,USD,API,https://query1.finance.yahoo.com/v8/finance/chart/WDAY?interval=1d&events=splits (2023-10-31),,11
Workday,WDAY,2023Q3,2023-11-22,분기말 상장주식수,263000000,주,공시(표지 기준일),https://www.sec.gov/Archives/edgar/data/1327811/000132781123000202/,"XBRL 원문 dei:EntityCommonStockSharesOutstanding 2개 클래스 합 ; 클래스별(2023-11-22): CommonClassAMember 209000000, CommonClassBMember 54000000",11
Workday,WDAY,2023Q3,2023-10-31,분기말 시가총액,55679730000,USD,계산(종가×주식수),https://query1.finance.yahoo.com/v8/finance/chart/WDAY?interval=1d&events=splits (2023-10-31) ; https://www.sec.gov/Archives/edgar/data/1327811/000132781123000202/,종가 211.71 × 주식수 263000000,11
Workday,WDAY,2023Q4,2024-01-31,분기별 매출액,1922247000,USD,계산(연간-3분기누적),https://www.sec.gov/Archives/edgar/data/1327811/000132781124000044/ ; https://www.sec.gov/Archives/edgar/data/1327811/000132781123000202/,연간 7259000000 − 9개월누적 5336753000 (RevenueFromContractWithCustomerExcludingAssessedTax),11
Workday,WDAY,2023Q4,2024-01-31,분기별 영업이익,78688000,USD,계산(연간-3분기누적),https://www.sec.gov/Archives/edgar/data/1327811/000132781124000044/ ; https://www.sec.gov/Archives/edgar/data/1327811/000132781123000202/,연간 183000000 − 9개월누적 104312000 (OperatingIncomeLoss),11
Workday,WDAY,2023Q4,2024-01-31,분기별 당기순이익(지배),1188495000,USD,계산(연간-3분기누적),https://www.sec.gov/Archives/edgar/data/1327811/000132781124000044/ ; https://www.sec.gov/Archives/edgar/data/1327811/000132781123000202/,연간 1381000000 − 9개월누적 192505000 (NetIncomeLoss),11
Workday,WDAY,2023Q4,2024-01-31,분기별 영업활동현금흐름,995645000,USD,계산(누적차감),https://www.sec.gov/Archives/edgar/data/1327811/000132781124000044/ ; https://www.sec.gov/Archives/edgar/data/1327811/000132781123000202/,누적 2149000000 − 직전누적 1153355000 (시작 2023-02-01),11
Workday,WDAY,2023Q4,2024-01-31,분기말 자산총계,16452000000,USD,공시,https://www.sec.gov/Archives/edgar/data/1327811/000132781124000044/,,11
Workday,WDAY,2023Q4,2024-01-31,분기말 부채총계,8370000000,USD,공시,https://www.sec.gov/Archives/edgar/data/1327811/000132781124000044/,,11
Workday,WDAY,2023Q4,2024-01-31,분기말 총자본(자기자본),8082000000,USD,공시(비지배 없음),https://www.sec.gov/Archives/edgar/data/1327811/000132781124000044/,"StockholdersEquity, MinorityInterest 태그 없음",11
Workday,WDAY,2023Q4,2024-01-31,분기말 지배지분 자본,8082000000,USD,공시,https://www.sec.gov/Archives/edgar/data/1327811/000132781124000044/,,11
Workday,WDAY,2023Q4,2024-01-31,분기말 종가,291.07,USD,API,https://query1.finance.yahoo.com/v8/finance/chart/WDAY?interval=1d&events=splits (2024-01-31),,11
Workday,WDAY,2023Q4,2024-03-06,분기말 상장주식수,264000000,주,공시(표지 기준일),https://www.sec.gov/Archives/edgar/data/1327811/000132781124000044/,"XBRL 원문 dei:EntityCommonStockSharesOutstanding 2개 클래스 합 ; 클래스별(2024-03-06): CommonClassAMember 211000000, CommonClassBMember 53000000",11
Workday,WDAY,2023Q4,2024-01-31,분기말 시가총액,76842480000,USD,계산(종가×주식수),https://query1.finance.yahoo.com/v8/finance/chart/WDAY?interval=1d&events=splits (2024-01-31) ; https://www.sec.gov/Archives/edgar/data/1327811/000132781124000044/,종가 291.07 × 주식수 264000000,11
Workday,WDAY,2024Q1,2024-04-30,분기별 매출액,1990000000,USD,공시,https://www.sec.gov/Archives/edgar/data/1327811/000132781124000093/,,11
Workday,WDAY,2024Q1,2024-04-30,분기별 영업이익,64000000,USD,공시,https://www.sec.gov/Archives/edgar/data/1327811/000132781124000093/,,11
Workday,WDAY,2024Q1,2024-04-30,분기별 당기순이익(지배),107000000,USD,공시,https://www.sec.gov/Archives/edgar/data/1327811/000132781124000093/,,11
Workday,WDAY,2024Q1,2024-04-30,분기별 영업활동현금흐름,372000000,USD,공시,https://www.sec.gov/Archives/edgar/data/1327811/000132781124000093/,,11
Workday,WDAY,2024Q1,2024-04-30,분기말 자산총계,15941000000,USD,공시,https://www.sec.gov/Archives/edgar/data/1327811/000132781124000093/,,11
Workday,WDAY,2024Q1,2024-04-30,분기말 부채총계,7778000000,USD,공시,https://www.sec.gov/Archives/edgar/data/1327811/000132781124000093/,,11
Workday,WDAY,2024Q1,2024-04-30,분기말 총자본(자기자본),8163000000,USD,공시(비지배 없음),https://www.sec.gov/Archives/edgar/data/1327811/000132781124000093/,"StockholdersEquity, MinorityInterest 태그 없음",11
Workday,WDAY,2024Q1,2024-04-30,분기말 지배지분 자본,8163000000,USD,공시,https://www.sec.gov/Archives/edgar/data/1327811/000132781124000093/,,11
Workday,WDAY,2024Q1,2024-04-30,분기말 종가,244.73,USD,API,https://query1.finance.yahoo.com/v8/finance/chart/WDAY?interval=1d&events=splits (2024-04-30),,11
Workday,WDAY,2024Q1,2024-05-24,분기말 상장주식수,265000000,주,공시(표지 기준일),https://www.sec.gov/Archives/edgar/data/1327811/000132781124000093/,"XBRL 원문 dei:EntityCommonStockSharesOutstanding 2개 클래스 합 ; 클래스별(2024-05-24): CommonClassAMember 212000000, CommonClassBMember 53000000",11
Workday,WDAY,2024Q1,2024-04-30,분기말 시가총액,64853450000,USD,계산(종가×주식수),https://query1.finance.yahoo.com/v8/finance/chart/WDAY?interval=1d&events=splits (2024-04-30) ; https://www.sec.gov/Archives/edgar/data/1327811/000132781124000093/,종가 244.73 × 주식수 265000000,11
Workday,WDAY,2024Q2,2024-07-31,분기별 매출액,2085000000,USD,공시,https://www.sec.gov/Archives/edgar/data/1327811/000132781124000165/,,11
Workday,WDAY,2024Q2,2024-07-31,분기별 영업이익,111000000,USD,공시,https://www.sec.gov/Archives/edgar/data/1327811/000132781124000165/,,11
Workday,WDAY,2024Q2,2024-07-31,분기별 당기순이익(지배),132000000,USD,공시,https://www.sec.gov/Archives/edgar/data/1327811/000132781124000165/,,11
Workday,WDAY,2024Q2,2024-07-31,분기별 영업활동현금흐름,571000000,USD,계산(누적차감),https://www.sec.gov/Archives/edgar/data/1327811/000132781124000165/ ; https://www.sec.gov/Archives/edgar/data/1327811/000132781124000093/,누적 943000000 − 직전누적 372000000 (시작 2024-02-01),11
Workday,WDAY,2024Q2,2024-07-31,분기말 자산총계,16234000000,USD,공시,https://www.sec.gov/Archives/edgar/data/1327811/000132781124000165/,,11
Workday,WDAY,2024Q2,2024-07-31,분기말 부채총계,7889000000,USD,공시,https://www.sec.gov/Archives/edgar/data/1327811/000132781124000165/,,11
Workday,WDAY,2024Q2,2024-07-31,분기말 총자본(자기자본),8345000000,USD,공시(비지배 없음),https://www.sec.gov/Archives/edgar/data/1327811/000132781124000165/,"StockholdersEquity, MinorityInterest 태그 없음",11
Workday,WDAY,2024Q2,2024-07-31,분기말 지배지분 자본,8345000000,USD,공시,https://www.sec.gov/Archives/edgar/data/1327811/000132781124000165/,,11
Workday,WDAY,2024Q2,2024-07-31,분기말 종가,227.12,USD,API,https://query1.finance.yahoo.com/v8/finance/chart/WDAY?interval=1d&events=splits (2024-07-31),,11
Workday,WDAY,2024Q2,2024-08-26,분기말 상장주식수,265000000,주,공시(표지 기준일),https://www.sec.gov/Archives/edgar/data/1327811/000132781124000165/,"XBRL 원문 dei:EntityCommonStockSharesOutstanding 2개 클래스 합 ; 클래스별(2024-08-26): CommonClassAMember 213000000, CommonClassBMember 52000000",11
Workday,WDAY,2024Q2,2024-07-31,분기말 시가총액,60186800000,USD,계산(종가×주식수),https://query1.finance.yahoo.com/v8/finance/chart/WDAY?interval=1d&events=splits (2024-07-31) ; https://www.sec.gov/Archives/edgar/data/1327811/000132781124000165/,종가 227.12 × 주식수 265000000,11
Workday,WDAY,2024Q3,2024-10-31,분기별 매출액,2160000000,USD,공시,https://www.sec.gov/Archives/edgar/data/1327811/000132781124000242/,,11
Workday,WDAY,2024Q3,2024-10-31,분기별 영업이익,165000000,USD,공시,https://www.sec.gov/Archives/edgar/data/1327811/000132781124000242/,,11
Workday,WDAY,2024Q3,2024-10-31,분기별 당기순이익(지배),193000000,USD,공시,https://www.sec.gov/Archives/edgar/data/1327811/000132781124000242/,,11
Workday,WDAY,2024Q3,2024-10-31,분기별 영업활동현금흐름,406000000,USD,계산(누적차감),https://www.sec.gov/Archives/edgar/data/1327811/000132781124000242/ ; https://www.sec.gov/Archives/edgar/data/1327811/000132781124000165/,누적 1349000000 − 직전누적 943000000 (시작 2024-02-01),11
Workday,WDAY,2024Q3,2024-10-31,분기말 자산총계,16424000000,USD,공시,https://www.sec.gov/Archives/edgar/data/1327811/000132781124000242/,,11
Workday,WDAY,2024Q3,2024-10-31,분기말 부채총계,7800000000,USD,공시,https://www.sec.gov/Archives/edgar/data/1327811/000132781124000242/,,11
Workday,WDAY,2024Q3,2024-10-31,분기말 총자본(자기자본),8624000000,USD,공시(비지배 없음),https://www.sec.gov/Archives/edgar/data/1327811/000132781124000242/,"StockholdersEquity, MinorityInterest 태그 없음",11
Workday,WDAY,2024Q3,2024-10-31,분기말 지배지분 자본,8624000000,USD,공시,https://www.sec.gov/Archives/edgar/data/1327811/000132781124000242/,,11
Workday,WDAY,2024Q3,2024-10-31,분기말 종가,233.85,USD,API,https://query1.finance.yahoo.com/v8/finance/chart/WDAY?interval=1d&events=splits (2024-10-31),,11
Workday,WDAY,2024Q3,2024-11-29,분기말 상장주식수,266000000,주,공시(표지 기준일),https://www.sec.gov/Archives/edgar/data/1327811/000132781124000242/,"XBRL 원문 dei:EntityCommonStockSharesOutstanding 2개 클래스 합 ; 클래스별(2024-11-29): CommonClassAMember 214000000, CommonClassBMember 52000000",11
Workday,WDAY,2024Q3,2024-10-31,분기말 시가총액,62204100000,USD,계산(종가×주식수),https://query1.finance.yahoo.com/v8/finance/chart/WDAY?interval=1d&events=splits (2024-10-31) ; https://www.sec.gov/Archives/edgar/data/1327811/000132781124000242/,종가 233.85 × 주식수 266000000,11
Workday,WDAY,2024Q4,2025-01-31,분기별 매출액,2211000000,USD,계산(연간-3분기누적),https://www.sec.gov/Archives/edgar/data/1327811/000132781125000056/ ; https://www.sec.gov/Archives/edgar/data/1327811/000132781124000242/,연간 8446000000 − 9개월누적 6235000000 (RevenueFromContractWithCustomerExcludingAssessedTax),11
Workday,WDAY,2024Q4,2025-01-31,분기별 영업이익,75000000,USD,계산(연간-3분기누적),https://www.sec.gov/Archives/edgar/data/1327811/000132781125000056/ ; https://www.sec.gov/Archives/edgar/data/1327811/000132781124000242/,연간 415000000 − 9개월누적 340000000 (OperatingIncomeLoss),11
Workday,WDAY,2024Q4,2025-01-31,분기별 당기순이익(지배),94000000,USD,계산(연간-3분기누적),https://www.sec.gov/Archives/edgar/data/1327811/000132781125000056/ ; https://www.sec.gov/Archives/edgar/data/1327811/000132781124000242/,연간 526000000 − 9개월누적 432000000 (NetIncomeLoss),11
Workday,WDAY,2024Q4,2025-01-31,분기별 영업활동현금흐름,1112000000,USD,계산(누적차감),https://www.sec.gov/Archives/edgar/data/1327811/000132781125000056/ ; https://www.sec.gov/Archives/edgar/data/1327811/000132781124000242/,누적 2461000000 − 직전누적 1349000000 (시작 2024-02-01),11
Workday,WDAY,2024Q4,2025-01-31,분기말 자산총계,17977000000,USD,공시,https://www.sec.gov/Archives/edgar/data/1327811/000132781125000056/,,11
Workday,WDAY,2024Q4,2025-01-31,분기말 부채총계,8943000000,USD,공시,https://www.sec.gov/Archives/edgar/data/1327811/000132781125000056/,,11
Workday,WDAY,2024Q4,2025-01-31,분기말 총자본(자기자본),9034000000,USD,공시(비지배 없음),https://www.sec.gov/Archives/edgar/data/1327811/000132781125000056/,"StockholdersEquity, MinorityInterest 태그 없음",11
Workday,WDAY,2024Q4,2025-01-31,분기말 지배지분 자본,9034000000,USD,공시,https://www.sec.gov/Archives/edgar/data/1327811/000132781125000056/,,11
Workday,WDAY,2024Q4,2025-01-31,분기말 종가,262.06,USD,API,https://query1.finance.yahoo.com/v8/finance/chart/WDAY?interval=1d&events=splits (2025-01-31),,11
Workday,WDAY,2024Q4,2025-03-07,분기말 상장주식수,266000000,주,공시(표지 기준일),https://www.sec.gov/Archives/edgar/data/1327811/000132781125000056/,"XBRL 원문 dei:EntityCommonStockSharesOutstanding 2개 클래스 합 ; 클래스별(2025-03-07): CommonClassAMember 215000000, CommonClassBMember 51000000",11
Workday,WDAY,2024Q4,2025-01-31,분기말 시가총액,69707960000,USD,계산(종가×주식수),https://query1.finance.yahoo.com/v8/finance/chart/WDAY?interval=1d&events=splits (2025-01-31) ; https://www.sec.gov/Archives/edgar/data/1327811/000132781125000056/,종가 262.06 × 주식수 266000000,11
Workday,WDAY,2025Q1,2025-04-30,분기별 매출액,2240000000,USD,공시,https://www.sec.gov/Archives/edgar/data/1327811/000132781125000107/,,11
Workday,WDAY,2025Q1,2025-04-30,분기별 영업이익,39000000,USD,공시,https://www.sec.gov/Archives/edgar/data/1327811/000132781125000107/,,11
Workday,WDAY,2025Q1,2025-04-30,분기별 당기순이익(지배),68000000,USD,공시,https://www.sec.gov/Archives/edgar/data/1327811/000132781125000107/,,11
Workday,WDAY,2025Q1,2025-04-30,분기별 영업활동현금흐름,457000000,USD,공시,https://www.sec.gov/Archives/edgar/data/1327811/000132781125000107/,,11
Workday,WDAY,2025Q1,2025-04-30,분기말 자산총계,17212000000,USD,공시,https://www.sec.gov/Archives/edgar/data/1327811/000132781125000107/,,11
Workday,WDAY,2025Q1,2025-04-30,분기말 부채총계,8293000000,USD,공시,https://www.sec.gov/Archives/edgar/data/1327811/000132781125000107/,,11
Workday,WDAY,2025Q1,2025-04-30,분기말 총자본(자기자본),8919000000,USD,공시(비지배 없음),https://www.sec.gov/Archives/edgar/data/1327811/000132781125000107/,"StockholdersEquity, MinorityInterest 태그 없음",11
Workday,WDAY,2025Q1,2025-04-30,분기말 지배지분 자본,8919000000,USD,공시,https://www.sec.gov/Archives/edgar/data/1327811/000132781125000107/,,11
Workday,WDAY,2025Q1,2025-04-30,분기말 종가,245.0,USD,API,https://query1.finance.yahoo.com/v8/finance/chart/WDAY?interval=1d&events=splits (2025-04-30),,11
Workday,WDAY,2025Q1,2025-05-21,분기말 상장주식수,267000000,주,공시(표지 기준일),https://www.sec.gov/Archives/edgar/data/1327811/000132781125000107/,"XBRL 원문 dei:EntityCommonStockSharesOutstanding 2개 클래스 합 ; 클래스별(2025-05-21): CommonClassAMember 216000000, CommonClassBMember 51000000",11
Workday,WDAY,2025Q1,2025-04-30,분기말 시가총액,65415000000,USD,계산(종가×주식수),https://query1.finance.yahoo.com/v8/finance/chart/WDAY?interval=1d&events=splits (2025-04-30) ; https://www.sec.gov/Archives/edgar/data/1327811/000132781125000107/,종가 245.0 × 주식수 267000000,11
Workday,WDAY,2025Q2,2025-07-31,분기별 매출액,2348000000,USD,공시,https://www.sec.gov/Archives/edgar/data/1327811/000132781125000184/,,11
Workday,WDAY,2025Q2,2025-07-31,분기별 영업이익,248000000,USD,공시,https://www.sec.gov/Archives/edgar/data/1327811/000132781125000184/,,11
Workday,WDAY,2025Q2,2025-07-31,분기별 당기순이익(지배),228000000,USD,공시,https://www.sec.gov/Archives/edgar/data/1327811/000132781125000184/,,11
Workday,WDAY,2025Q2,2025-07-31,분기별 영업활동현금흐름,616000000,USD,계산(누적차감),https://www.sec.gov/Archives/edgar/data/1327811/000132781125000184/ ; https://www.sec.gov/Archives/edgar/data/1327811/000132781125000107/,누적 1073000000 − 직전누적 457000000 (시작 2025-02-01),11
Workday,WDAY,2025Q2,2025-07-31,분기말 자산총계,17961000000,USD,공시,https://www.sec.gov/Archives/edgar/data/1327811/000132781125000184/,,11
Workday,WDAY,2025Q2,2025-07-31,분기말 부채총계,8789000000,USD,공시,https://www.sec.gov/Archives/edgar/data/1327811/000132781125000184/,,11
Workday,WDAY,2025Q2,2025-07-31,분기말 총자본(자기자본),9172000000,USD,공시(비지배 없음),https://www.sec.gov/Archives/edgar/data/1327811/000132781125000184/,"StockholdersEquity, MinorityInterest 태그 없음",11
Workday,WDAY,2025Q2,2025-07-31,분기말 지배지분 자본,9172000000,USD,공시,https://www.sec.gov/Archives/edgar/data/1327811/000132781125000184/,,11
Workday,WDAY,2025Q2,2025-07-31,분기말 종가,229.38,USD,API,https://query1.finance.yahoo.com/v8/finance/chart/WDAY?interval=1d&events=splits (2025-07-31),,11
Workday,WDAY,2025Q2,2025-08-20,분기말 상장주식수,267000000,주,공시(표지 기준일),https://www.sec.gov/Archives/edgar/data/1327811/000132781125000184/,"XBRL 원문 dei:EntityCommonStockSharesOutstanding 2개 클래스 합 ; 클래스별(2025-08-20): CommonClassAMember 217000000, CommonClassBMember 50000000",11
Workday,WDAY,2025Q2,2025-07-31,분기말 시가총액,61244460000,USD,계산(종가×주식수),https://query1.finance.yahoo.com/v8/finance/chart/WDAY?interval=1d&events=splits (2025-07-31) ; https://www.sec.gov/Archives/edgar/data/1327811/000132781125000184/,종가 229.38 × 주식수 267000000,11
Workday,WDAY,2025Q3,2025-10-31,분기별 매출액,2432000000,USD,공시,https://www.sec.gov/Archives/edgar/data/1327811/000132781125000198/,,11
Workday,WDAY,2025Q3,2025-10-31,분기별 영업이익,259000000,USD,공시,https://www.sec.gov/Archives/edgar/data/1327811/000132781125000198/,,11
Workday,WDAY,2025Q3,2025-10-31,분기별 당기순이익(지배),252000000,USD,공시,https://www.sec.gov/Archives/edgar/data/1327811/000132781125000198/,,11
Workday,WDAY,2025Q3,2025-10-31,분기별 영업활동현금흐름,588000000,USD,계산(누적차감),https://www.sec.gov/Archives/edgar/data/1327811/000132781125000198/ ; https://www.sec.gov/Archives/edgar/data/1327811/000132781125000184/,누적 1661000000 − 직전누적 1073000000 (시작 2025-02-01),11
Workday,WDAY,2025Q3,2025-10-31,분기말 자산총계,17751000000,USD,공시,https://www.sec.gov/Archives/edgar/data/1327811/000132781125000198/,,11
Workday,WDAY,2025Q3,2025-10-31,분기말 부채총계,8872000000,USD,공시,https://www.sec.gov/Archives/edgar/data/1327811/000132781125000198/,,11
Workday,WDAY,2025Q3,2025-10-31,분기말 총자본(자기자본),8879000000,USD,공시(비지배 없음),https://www.sec.gov/Archives/edgar/data/1327811/000132781125000198/,"StockholdersEquity, MinorityInterest 태그 없음",11
Workday,WDAY,2025Q3,2025-10-31,분기말 지배지분 자본,8879000000,USD,공시,https://www.sec.gov/Archives/edgar/data/1327811/000132781125000198/,,11
Workday,WDAY,2025Q3,2025-10-31,분기말 종가,239.92,USD,API,https://query1.finance.yahoo.com/v8/finance/chart/WDAY?interval=1d&events=splits (2025-10-31),,11
Workday,WDAY,2025Q3,2025-11-24,분기말 상장주식수,263000000,주,공시(표지 기준일),https://www.sec.gov/Archives/edgar/data/1327811/000132781125000198/,"XBRL 원문 dei:EntityCommonStockSharesOutstanding 2개 클래스 합 ; 클래스별(2025-11-24): CommonClassAMember 213000000, CommonClassBMember 50000000",11
Workday,WDAY,2025Q3,2025-10-31,분기말 시가총액,63098960000,USD,계산(종가×주식수),https://query1.finance.yahoo.com/v8/finance/chart/WDAY?interval=1d&events=splits (2025-10-31) ; https://www.sec.gov/Archives/edgar/data/1327811/000132781125000198/,종가 239.92 × 주식수 263000000,11
Workday,WDAY,2025Q4,2026-01-31,분기별 매출액,2532000000,USD,계산(연간-3분기누적),https://www.sec.gov/Archives/edgar/data/1327811/000132781126000014/ ; https://www.sec.gov/Archives/edgar/data/1327811/000132781125000198/,연간 9552000000 − 9개월누적 7020000000 (RevenueFromContractWithCustomerExcludingAssessedTax),11
Workday,WDAY,2025Q4,2026-01-31,분기별 영업이익,174000000,USD,계산(연간-3분기누적),https://www.sec.gov/Archives/edgar/data/1327811/000132781126000014/ ; https://www.sec.gov/Archives/edgar/data/1327811/000132781125000198/,연간 721000000 − 9개월누적 547000000 (OperatingIncomeLoss),11
Workday,WDAY,2025Q4,2026-01-31,분기별 당기순이익(지배),145000000,USD,계산(연간-3분기누적),https://www.sec.gov/Archives/edgar/data/1327811/000132781126000014/ ; https://www.sec.gov/Archives/edgar/data/1327811/000132781125000198/,연간 693000000 − 9개월누적 548000000 (NetIncomeLoss),11
Workday,WDAY,2025Q4,2026-01-31,분기별 영업활동현금흐름,1278000000,USD,계산(누적차감),https://www.sec.gov/Archives/edgar/data/1327811/000132781126000014/ ; https://www.sec.gov/Archives/edgar/data/1327811/000132781125000198/,누적 2939000000 − 직전누적 1661000000 (시작 2025-02-01),11
Workday,WDAY,2025Q4,2026-01-31,분기말 자산총계,18074000000,USD,공시,https://www.sec.gov/Archives/edgar/data/1327811/000132781126000014/,,11
Workday,WDAY,2025Q4,2026-01-31,분기말 부채총계,10269000000,USD,공시,https://www.sec.gov/Archives/edgar/data/1327811/000132781126000014/,,11
Workday,WDAY,2025Q4,2026-01-31,분기말 총자본(자기자본),7805000000,USD,공시(비지배 없음),https://www.sec.gov/Archives/edgar/data/1327811/000132781126000014/,"StockholdersEquity, MinorityInterest 태그 없음",11
Workday,WDAY,2025Q4,2026-01-31,분기말 지배지분 자본,7805000000,USD,공시,https://www.sec.gov/Archives/edgar/data/1327811/000132781126000014/,,11
Workday,WDAY,2025Q4,2026-01-30,분기말 종가,175.63,USD,API,https://query1.finance.yahoo.com/v8/finance/chart/WDAY?interval=1d&events=splits (2026-01-30),,11
Workday,WDAY,2025Q4,2026-03-04,분기말 상장주식수,257000000,주,공시(표지 기준일),https://www.sec.gov/Archives/edgar/data/1327811/000132781126000014/,"XBRL 원문 dei:EntityCommonStockSharesOutstanding 2개 클래스 합 ; 클래스별(2026-03-04): CommonClassAMember 210000000, CommonClassBMember 47000000",11
Workday,WDAY,2025Q4,2026-01-30,분기말 시가총액,45136910000,USD,계산(종가×주식수),https://query1.finance.yahoo.com/v8/finance/chart/WDAY?interval=1d&events=splits (2026-01-30) ; https://www.sec.gov/Archives/edgar/data/1327811/000132781126000014/,종가 175.63 × 주식수 257000000,11
Workday,WDAY,2026Q1,2026-04-30,분기별 매출액,2542000000,USD,공시,https://www.sec.gov/Archives/edgar/data/1327811/000132781126000026/,,11
Workday,WDAY,2026Q1,2026-04-30,분기별 영업이익,338000000,USD,공시,https://www.sec.gov/Archives/edgar/data/1327811/000132781126000026/,,11
Workday,WDAY,2026Q1,2026-04-30,분기별 당기순이익(지배),222000000,USD,공시,https://www.sec.gov/Archives/edgar/data/1327811/000132781126000026/,,11
Workday,WDAY,2026Q1,2026-04-30,분기별 영업활동현금흐름,696000000,USD,공시,https://www.sec.gov/Archives/edgar/data/1327811/000132781126000026/,,11
Workday,WDAY,2026Q1,2026-04-30,분기말 자산총계,16091000000,USD,공시,https://www.sec.gov/Archives/edgar/data/1327811/000132781126000026/,,11
Workday,WDAY,2026Q1,2026-04-30,분기말 부채총계,9408000000,USD,공시,https://www.sec.gov/Archives/edgar/data/1327811/000132781126000026/,,11
Workday,WDAY,2026Q1,2026-04-30,분기말 총자본(자기자본),6683000000,USD,공시(비지배 없음),https://www.sec.gov/Archives/edgar/data/1327811/000132781126000026/,"StockholdersEquity, MinorityInterest 태그 없음",11
Workday,WDAY,2026Q1,2026-04-30,분기말 지배지분 자본,6683000000,USD,공시,https://www.sec.gov/Archives/edgar/data/1327811/000132781126000026/,,11
Workday,WDAY,2026Q1,2026-04-30,분기말 종가,122.4,USD,API,https://query1.finance.yahoo.com/v8/finance/chart/WDAY?interval=1d&events=splits (2026-04-30),,11
Workday,WDAY,2026Q1,2026-05-20,분기말 상장주식수,247000000,주,공시(표지 기준일),https://www.sec.gov/Archives/edgar/data/1327811/000132781126000026/,"XBRL 원문 dei:EntityCommonStockSharesOutstanding 2개 클래스 합 ; 클래스별(2026-05-20): CommonClassAMember 201000000, CommonClassBMember 46000000",11
Workday,WDAY,2026Q1,2026-04-30,분기말 시가총액,30232800000,USD,계산(종가×주식수),https://query1.finance.yahoo.com/v8/finance/chart/WDAY?interval=1d&events=splits (2026-04-30) ; https://www.sec.gov/Archives/edgar/data/1327811/000132781126000026/,종가 122.4 × 주식수 247000000,11
Workday,WDAY,2026Q2,2026-07-31,분기별 매출액,2649000000,USD,공시,https://www.sec.gov/Archives/edgar/data/1327811/000132781126000044/,,11
Workday,WDAY,2026Q2,2026-07-31,분기별 영업이익,313000000,USD,공시,https://www.sec.gov/Archives/edgar/data/1327811/000132781126000044/,,11
Workday,WDAY,2026Q2,2026-07-31,분기별 당기순이익(지배),632000000,USD,공시,https://www.sec.gov/Archives/edgar/data/1327811/000132781126000044/,,11
Workday,WDAY,2026Q2,2026-07-31,분기별 영업활동현금흐름,519000000,USD,계산(누적차감),https://www.sec.gov/Archives/edgar/data/1327811/000132781126000044/ ; https://www.sec.gov/Archives/edgar/data/1327811/000132781126000026/,누적 1215000000 − 직전누적 696000000 (시작 2026-02-01),11
Workday,WDAY,2026Q2,2026-07-31,분기말 자산총계,15857000000,USD,공시,https://www.sec.gov/Archives/edgar/data/1327811/000132781126000044/,,11
Workday,WDAY,2026Q2,2026-07-31,분기말 부채총계,9397000000,USD,공시,https://www.sec.gov/Archives/edgar/data/1327811/000132781126000044/,,11
Workday,WDAY,2026Q2,2026-07-31,분기말 총자본(자기자본),6460000000,USD,공시(비지배 없음),https://www.sec.gov/Archives/edgar/data/1327811/000132781126000044/,"StockholdersEquity, MinorityInterest 태그 없음",11
Workday,WDAY,2026Q2,2026-07-31,분기말 지배지분 자본,6460000000,USD,공시,https://www.sec.gov/Archives/edgar/data/1327811/000132781126000044/,,11
Workday,WDAY,2026Q2,2026-07-31,분기말 종가,160.34,USD,API,https://query1.finance.yahoo.com/v8/finance/chart/WDAY?interval=1d&events=splits (2026-07-31),,11
Workday,WDAY,2026Q2,2026-08-25,분기말 상장주식수,241000000,주,공시(표지 기준일),https://www.sec.gov/Archives/edgar/data/1327811/000132781126000044/,"XBRL 원문 dei:EntityCommonStockSharesOutstanding 2개 클래스 합 ; 클래스별(2026-08-25): CommonClassAMember 196000000, CommonClassBMember 45000000",11
Workday,WDAY,2026Q2,2026-07-31,분기말 시가총액,38641940000,USD,계산(종가×주식수),https://query1.finance.yahoo.com/v8/finance/chart/WDAY?interval=1d&events=splits (2026-07-31) ; https://www.sec.gov/Archives/edgar/data/1327811/000132781126000044/,종가 160.34 × 주식수 241000000,11
