기업,종목코드,기간,기준일,항목,값,통화,값구분,출처,검산,라운드
Zoetis,ZTS,2010Q1,,분기별 매출액,데이터 없음(최초 보고기간 이전),USD,데이터 없음(최초 보고기간 전),https://data.sec.gov/submissions/CIK0001555280.json (최초 보고기간 2012Q4),,14
Zoetis,ZTS,2010Q1,,분기별 영업이익,데이터 없음(최초 보고기간 이전),USD,데이터 없음(최초 보고기간 전),https://data.sec.gov/submissions/CIK0001555280.json (최초 보고기간 2012Q4),,14
Zoetis,ZTS,2010Q1,,분기별 당기순이익(지배),데이터 없음(최초 보고기간 이전),USD,데이터 없음(최초 보고기간 전),https://data.sec.gov/submissions/CIK0001555280.json (최초 보고기간 2012Q4),,14
Zoetis,ZTS,2010Q1,,분기별 영업활동현금흐름,데이터 없음(최초 보고기간 이전),USD,데이터 없음(최초 보고기간 전),https://data.sec.gov/submissions/CIK0001555280.json (최초 보고기간 2012Q4),,14
Zoetis,ZTS,2010Q1,,분기말 자산총계,데이터 없음(최초 보고기간 이전),USD,데이터 없음(최초 보고기간 전),https://data.sec.gov/submissions/CIK0001555280.json (최초 보고기간 2012Q4),,14
Zoetis,ZTS,2010Q1,,분기말 부채총계,데이터 없음(최초 보고기간 이전),USD,데이터 없음(최초 보고기간 전),https://data.sec.gov/submissions/CIK0001555280.json (최초 보고기간 2012Q4),,14
Zoetis,ZTS,2010Q1,,분기말 총자본(자기자본),데이터 없음(최초 보고기간 이전),USD,데이터 없음(최초 보고기간 전),https://data.sec.gov/submissions/CIK0001555280.json (최초 보고기간 2012Q4),,14
Zoetis,ZTS,2010Q1,,분기말 지배지분 자본,데이터 없음(최초 보고기간 이전),USD,데이터 없음(최초 보고기간 전),https://data.sec.gov/submissions/CIK0001555280.json (최초 보고기간 2012Q4),,14
Zoetis,ZTS,2010Q1,,분기말 종가,데이터 없음(상장 전),,데이터 없음(상장 전),https://query1.finance.yahoo.com/v8/finance/chart/ZTS (최초 거래일 이전),,14
Zoetis,ZTS,2010Q1,,분기말 상장주식수,데이터 없음(상장 전),,데이터 없음(상장 전),https://query1.finance.yahoo.com/v8/finance/chart/ZTS (최초 거래일 이전),,14
Zoetis,ZTS,2010Q1,,분기말 시가총액,데이터 없음(상장 전),,데이터 없음(상장 전),https://query1.finance.yahoo.com/v8/finance/chart/ZTS (최초 거래일 이전),,14
Zoetis,ZTS,2010Q2,,분기별 매출액,데이터 없음(최초 보고기간 이전),USD,데이터 없음(최초 보고기간 전),https://data.sec.gov/submissions/CIK0001555280.json (최초 보고기간 2012Q4),,14
Zoetis,ZTS,2010Q2,,분기별 영업이익,데이터 없음(최초 보고기간 이전),USD,데이터 없음(최초 보고기간 전),https://data.sec.gov/submissions/CIK0001555280.json (최초 보고기간 2012Q4),,14
Zoetis,ZTS,2010Q2,,분기별 당기순이익(지배),데이터 없음(최초 보고기간 이전),USD,데이터 없음(최초 보고기간 전),https://data.sec.gov/submissions/CIK0001555280.json (최초 보고기간 2012Q4),,14
Zoetis,ZTS,2010Q2,,분기별 영업활동현금흐름,데이터 없음(최초 보고기간 이전),USD,데이터 없음(최초 보고기간 전),https://data.sec.gov/submissions/CIK0001555280.json (최초 보고기간 2012Q4),,14
Zoetis,ZTS,2010Q2,,분기말 자산총계,데이터 없음(최초 보고기간 이전),USD,데이터 없음(최초 보고기간 전),https://data.sec.gov/submissions/CIK0001555280.json (최초 보고기간 2012Q4),,14
Zoetis,ZTS,2010Q2,,분기말 부채총계,데이터 없음(최초 보고기간 이전),USD,데이터 없음(최초 보고기간 전),https://data.sec.gov/submissions/CIK0001555280.json (최초 보고기간 2012Q4),,14
Zoetis,ZTS,2010Q2,,분기말 총자본(자기자본),데이터 없음(최초 보고기간 이전),USD,데이터 없음(최초 보고기간 전),https://data.sec.gov/submissions/CIK0001555280.json (최초 보고기간 2012Q4),,14
Zoetis,ZTS,2010Q2,,분기말 지배지분 자본,데이터 없음(최초 보고기간 이전),USD,데이터 없음(최초 보고기간 전),https://data.sec.gov/submissions/CIK0001555280.json (최초 보고기간 2012Q4),,14
Zoetis,ZTS,2010Q2,,분기말 종가,데이터 없음(상장 전),,데이터 없음(상장 전),https://query1.finance.yahoo.com/v8/finance/chart/ZTS (최초 거래일 이전),,14
Zoetis,ZTS,2010Q2,,분기말 상장주식수,데이터 없음(상장 전),,데이터 없음(상장 전),https://query1.finance.yahoo.com/v8/finance/chart/ZTS (최초 거래일 이전),,14
Zoetis,ZTS,2010Q2,,분기말 시가총액,데이터 없음(상장 전),,데이터 없음(상장 전),https://query1.finance.yahoo.com/v8/finance/chart/ZTS (최초 거래일 이전),,14
Zoetis,ZTS,2010Q3,,분기별 매출액,데이터 없음(최초 보고기간 이전),USD,데이터 없음(최초 보고기간 전),https://data.sec.gov/submissions/CIK0001555280.json (최초 보고기간 2012Q4),,14
Zoetis,ZTS,2010Q3,,분기별 영업이익,데이터 없음(최초 보고기간 이전),USD,데이터 없음(최초 보고기간 전),https://data.sec.gov/submissions/CIK0001555280.json (최초 보고기간 2012Q4),,14
Zoetis,ZTS,2010Q3,,분기별 당기순이익(지배),데이터 없음(최초 보고기간 이전),USD,데이터 없음(최초 보고기간 전),https://data.sec.gov/submissions/CIK0001555280.json (최초 보고기간 2012Q4),,14
Zoetis,ZTS,2010Q3,,분기별 영업활동현금흐름,데이터 없음(최초 보고기간 이전),USD,데이터 없음(최초 보고기간 전),https://data.sec.gov/submissions/CIK0001555280.json (최초 보고기간 2012Q4),,14
Zoetis,ZTS,2010Q3,,분기말 자산총계,데이터 없음(최초 보고기간 이전),USD,데이터 없음(최초 보고기간 전),https://data.sec.gov/submissions/CIK0001555280.json (최초 보고기간 2012Q4),,14
Zoetis,ZTS,2010Q3,,분기말 부채총계,데이터 없음(최초 보고기간 이전),USD,데이터 없음(최초 보고기간 전),https://data.sec.gov/submissions/CIK0001555280.json (최초 보고기간 2012Q4),,14
Zoetis,ZTS,2010Q3,,분기말 총자본(자기자본),데이터 없음(최초 보고기간 이전),USD,데이터 없음(최초 보고기간 전),https://data.sec.gov/submissions/CIK0001555280.json (최초 보고기간 2012Q4),,14
Zoetis,ZTS,2010Q3,,분기말 지배지분 자본,데이터 없음(최초 보고기간 이전),USD,데이터 없음(최초 보고기간 전),https://data.sec.gov/submissions/CIK0001555280.json (최초 보고기간 2012Q4),,14
Zoetis,ZTS,2010Q3,,분기말 종가,데이터 없음(상장 전),,데이터 없음(상장 전),https://query1.finance.yahoo.com/v8/finance/chart/ZTS (최초 거래일 이전),,14
Zoetis,ZTS,2010Q3,,분기말 상장주식수,데이터 없음(상장 전),,데이터 없음(상장 전),https://query1.finance.yahoo.com/v8/finance/chart/ZTS (최초 거래일 이전),,14
Zoetis,ZTS,2010Q3,,분기말 시가총액,데이터 없음(상장 전),,데이터 없음(상장 전),https://query1.finance.yahoo.com/v8/finance/chart/ZTS (최초 거래일 이전),,14
Zoetis,ZTS,2010Q4,,분기별 매출액,데이터 없음(최초 보고기간 이전),USD,데이터 없음(최초 보고기간 전),https://data.sec.gov/submissions/CIK0001555280.json (최초 보고기간 2012Q4),,14
Zoetis,ZTS,2010Q4,,분기별 영업이익,데이터 없음(최초 보고기간 이전),USD,데이터 없음(최초 보고기간 전),https://data.sec.gov/submissions/CIK0001555280.json (최초 보고기간 2012Q4),,14
Zoetis,ZTS,2010Q4,,분기별 당기순이익(지배),데이터 없음(최초 보고기간 이전),USD,데이터 없음(최초 보고기간 전),https://data.sec.gov/submissions/CIK0001555280.json (최초 보고기간 2012Q4),,14
Zoetis,ZTS,2010Q4,,분기별 영업활동현금흐름,데이터 없음(최초 보고기간 이전),USD,데이터 없음(최초 보고기간 전),https://data.sec.gov/submissions/CIK0001555280.json (최초 보고기간 2012Q4),,14
Zoetis,ZTS,2010Q4,,분기말 자산총계,데이터 없음(최초 보고기간 이전),USD,데이터 없음(최초 보고기간 전),https://data.sec.gov/submissions/CIK0001555280.json (최초 보고기간 2012Q4),,14
Zoetis,ZTS,2010Q4,,분기말 부채총계,데이터 없음(최초 보고기간 이전),USD,데이터 없음(최초 보고기간 전),https://data.sec.gov/submissions/CIK0001555280.json (최초 보고기간 2012Q4),,14
Zoetis,ZTS,2010Q4,,분기말 총자본(자기자본),데이터 없음(최초 보고기간 이전),USD,데이터 없음(최초 보고기간 전),https://data.sec.gov/submissions/CIK0001555280.json (최초 보고기간 2012Q4),,14
Zoetis,ZTS,2010Q4,,분기말 지배지분 자본,데이터 없음(최초 보고기간 이전),USD,데이터 없음(최초 보고기간 전),https://data.sec.gov/submissions/CIK0001555280.json (최초 보고기간 2012Q4),,14
Zoetis,ZTS,2010Q4,,분기말 종가,데이터 없음(상장 전),,데이터 없음(상장 전),https://query1.finance.yahoo.com/v8/finance/chart/ZTS (최초 거래일 이전),,14
Zoetis,ZTS,2010Q4,,분기말 상장주식수,데이터 없음(상장 전),,데이터 없음(상장 전),https://query1.finance.yahoo.com/v8/finance/chart/ZTS (최초 거래일 이전),,14
Zoetis,ZTS,2010Q4,,분기말 시가총액,데이터 없음(상장 전),,데이터 없음(상장 전),https://query1.finance.yahoo.com/v8/finance/chart/ZTS (최초 거래일 이전),,14
Zoetis,ZTS,2011Q1,,분기별 매출액,데이터 없음(최초 보고기간 이전),USD,데이터 없음(최초 보고기간 전),https://data.sec.gov/submissions/CIK0001555280.json (최초 보고기간 2012Q4),,14
Zoetis,ZTS,2011Q1,,분기별 영업이익,데이터 없음(최초 보고기간 이전),USD,데이터 없음(최초 보고기간 전),https://data.sec.gov/submissions/CIK0001555280.json (최초 보고기간 2012Q4),,14
Zoetis,ZTS,2011Q1,,분기별 당기순이익(지배),데이터 없음(최초 보고기간 이전),USD,데이터 없음(최초 보고기간 전),https://data.sec.gov/submissions/CIK0001555280.json (최초 보고기간 2012Q4),,14
Zoetis,ZTS,2011Q1,,분기별 영업활동현금흐름,데이터 없음(최초 보고기간 이전),USD,데이터 없음(최초 보고기간 전),https://data.sec.gov/submissions/CIK0001555280.json (최초 보고기간 2012Q4),,14
Zoetis,ZTS,2011Q1,,분기말 자산총계,데이터 없음(최초 보고기간 이전),USD,데이터 없음(최초 보고기간 전),https://data.sec.gov/submissions/CIK0001555280.json (최초 보고기간 2012Q4),,14
Zoetis,ZTS,2011Q1,,분기말 부채총계,데이터 없음(최초 보고기간 이전),USD,데이터 없음(최초 보고기간 전),https://data.sec.gov/submissions/CIK0001555280.json (최초 보고기간 2012Q4),,14
Zoetis,ZTS,2011Q1,,분기말 총자본(자기자본),데이터 없음(최초 보고기간 이전),USD,데이터 없음(최초 보고기간 전),https://data.sec.gov/submissions/CIK0001555280.json (최초 보고기간 2012Q4),,14
Zoetis,ZTS,2011Q1,,분기말 지배지분 자본,데이터 없음(최초 보고기간 이전),USD,데이터 없음(최초 보고기간 전),https://data.sec.gov/submissions/CIK0001555280.json (최초 보고기간 2012Q4),,14
Zoetis,ZTS,2011Q1,,분기말 종가,데이터 없음(상장 전),,데이터 없음(상장 전),https://query1.finance.yahoo.com/v8/finance/chart/ZTS (최초 거래일 이전),,14
Zoetis,ZTS,2011Q1,,분기말 상장주식수,데이터 없음(상장 전),,데이터 없음(상장 전),https://query1.finance.yahoo.com/v8/finance/chart/ZTS (최초 거래일 이전),,14
Zoetis,ZTS,2011Q1,,분기말 시가총액,데이터 없음(상장 전),,데이터 없음(상장 전),https://query1.finance.yahoo.com/v8/finance/chart/ZTS (최초 거래일 이전),,14
Zoetis,ZTS,2011Q2,,분기별 매출액,데이터 없음(최초 보고기간 이전),USD,데이터 없음(최초 보고기간 전),https://data.sec.gov/submissions/CIK0001555280.json (최초 보고기간 2012Q4),,14
Zoetis,ZTS,2011Q2,,분기별 영업이익,데이터 없음(최초 보고기간 이전),USD,데이터 없음(최초 보고기간 전),https://data.sec.gov/submissions/CIK0001555280.json (최초 보고기간 2012Q4),,14
Zoetis,ZTS,2011Q2,,분기별 당기순이익(지배),데이터 없음(최초 보고기간 이전),USD,데이터 없음(최초 보고기간 전),https://data.sec.gov/submissions/CIK0001555280.json (최초 보고기간 2012Q4),,14
Zoetis,ZTS,2011Q2,,분기별 영업활동현금흐름,데이터 없음(최초 보고기간 이전),USD,데이터 없음(최초 보고기간 전),https://data.sec.gov/submissions/CIK0001555280.json (최초 보고기간 2012Q4),,14
Zoetis,ZTS,2011Q2,,분기말 자산총계,데이터 없음(최초 보고기간 이전),USD,데이터 없음(최초 보고기간 전),https://data.sec.gov/submissions/CIK0001555280.json (최초 보고기간 2012Q4),,14
Zoetis,ZTS,2011Q2,,분기말 부채총계,데이터 없음(최초 보고기간 이전),USD,데이터 없음(최초 보고기간 전),https://data.sec.gov/submissions/CIK0001555280.json (최초 보고기간 2012Q4),,14
Zoetis,ZTS,2011Q2,,분기말 총자본(자기자본),데이터 없음(최초 보고기간 이전),USD,데이터 없음(최초 보고기간 전),https://data.sec.gov/submissions/CIK0001555280.json (최초 보고기간 2012Q4),,14
Zoetis,ZTS,2011Q2,,분기말 지배지분 자본,데이터 없음(최초 보고기간 이전),USD,데이터 없음(최초 보고기간 전),https://data.sec.gov/submissions/CIK0001555280.json (최초 보고기간 2012Q4),,14
Zoetis,ZTS,2011Q2,,분기말 종가,데이터 없음(상장 전),,데이터 없음(상장 전),https://query1.finance.yahoo.com/v8/finance/chart/ZTS (최초 거래일 이전),,14
Zoetis,ZTS,2011Q2,,분기말 상장주식수,데이터 없음(상장 전),,데이터 없음(상장 전),https://query1.finance.yahoo.com/v8/finance/chart/ZTS (최초 거래일 이전),,14
Zoetis,ZTS,2011Q2,,분기말 시가총액,데이터 없음(상장 전),,데이터 없음(상장 전),https://query1.finance.yahoo.com/v8/finance/chart/ZTS (최초 거래일 이전),,14
Zoetis,ZTS,2011Q3,,분기별 매출액,데이터 없음(최초 보고기간 이전),USD,데이터 없음(최초 보고기간 전),https://data.sec.gov/submissions/CIK0001555280.json (최초 보고기간 2012Q4),,14
Zoetis,ZTS,2011Q3,,분기별 영업이익,데이터 없음(최초 보고기간 이전),USD,데이터 없음(최초 보고기간 전),https://data.sec.gov/submissions/CIK0001555280.json (최초 보고기간 2012Q4),,14
Zoetis,ZTS,2011Q3,,분기별 당기순이익(지배),데이터 없음(최초 보고기간 이전),USD,데이터 없음(최초 보고기간 전),https://data.sec.gov/submissions/CIK0001555280.json (최초 보고기간 2012Q4),,14
Zoetis,ZTS,2011Q3,,분기별 영업활동현금흐름,데이터 없음(최초 보고기간 이전),USD,데이터 없음(최초 보고기간 전),https://data.sec.gov/submissions/CIK0001555280.json (최초 보고기간 2012Q4),,14
Zoetis,ZTS,2011Q3,,분기말 자산총계,데이터 없음(최초 보고기간 이전),USD,데이터 없음(최초 보고기간 전),https://data.sec.gov/submissions/CIK0001555280.json (최초 보고기간 2012Q4),,14
Zoetis,ZTS,2011Q3,,분기말 부채총계,데이터 없음(최초 보고기간 이전),USD,데이터 없음(최초 보고기간 전),https://data.sec.gov/submissions/CIK0001555280.json (최초 보고기간 2012Q4),,14
Zoetis,ZTS,2011Q3,,분기말 총자본(자기자본),데이터 없음(최초 보고기간 이전),USD,데이터 없음(최초 보고기간 전),https://data.sec.gov/submissions/CIK0001555280.json (최초 보고기간 2012Q4),,14
Zoetis,ZTS,2011Q3,,분기말 지배지분 자본,데이터 없음(최초 보고기간 이전),USD,데이터 없음(최초 보고기간 전),https://data.sec.gov/submissions/CIK0001555280.json (최초 보고기간 2012Q4),,14
Zoetis,ZTS,2011Q3,,분기말 종가,데이터 없음(상장 전),,데이터 없음(상장 전),https://query1.finance.yahoo.com/v8/finance/chart/ZTS (최초 거래일 이전),,14
Zoetis,ZTS,2011Q3,,분기말 상장주식수,데이터 없음(상장 전),,데이터 없음(상장 전),https://query1.finance.yahoo.com/v8/finance/chart/ZTS (최초 거래일 이전),,14
Zoetis,ZTS,2011Q3,,분기말 시가총액,데이터 없음(상장 전),,데이터 없음(상장 전),https://query1.finance.yahoo.com/v8/finance/chart/ZTS (최초 거래일 이전),,14
Zoetis,ZTS,2011Q4,,분기별 매출액,데이터 없음(최초 보고기간 이전),USD,데이터 없음(최초 보고기간 전),https://data.sec.gov/submissions/CIK0001555280.json (최초 보고기간 2012Q4),,14
Zoetis,ZTS,2011Q4,,분기별 영업이익,데이터 없음(최초 보고기간 이전),USD,데이터 없음(최초 보고기간 전),https://data.sec.gov/submissions/CIK0001555280.json (최초 보고기간 2012Q4),,14
Zoetis,ZTS,2011Q4,,분기별 당기순이익(지배),데이터 없음(최초 보고기간 이전),USD,데이터 없음(최초 보고기간 전),https://data.sec.gov/submissions/CIK0001555280.json (최초 보고기간 2012Q4),,14
Zoetis,ZTS,2011Q4,,분기별 영업활동현금흐름,데이터 없음(최초 보고기간 이전),USD,데이터 없음(최초 보고기간 전),https://data.sec.gov/submissions/CIK0001555280.json (최초 보고기간 2012Q4),,14
Zoetis,ZTS,2011Q4,,분기말 자산총계,데이터 없음(최초 보고기간 이전),USD,데이터 없음(최초 보고기간 전),https://data.sec.gov/submissions/CIK0001555280.json (최초 보고기간 2012Q4),,14
Zoetis,ZTS,2011Q4,,분기말 부채총계,데이터 없음(최초 보고기간 이전),USD,데이터 없음(최초 보고기간 전),https://data.sec.gov/submissions/CIK0001555280.json (최초 보고기간 2012Q4),,14
Zoetis,ZTS,2011Q4,,분기말 총자본(자기자본),데이터 없음(최초 보고기간 이전),USD,데이터 없음(최초 보고기간 전),https://data.sec.gov/submissions/CIK0001555280.json (최초 보고기간 2012Q4),,14
Zoetis,ZTS,2011Q4,,분기말 지배지분 자본,데이터 없음(최초 보고기간 이전),USD,데이터 없음(최초 보고기간 전),https://data.sec.gov/submissions/CIK0001555280.json (최초 보고기간 2012Q4),,14
Zoetis,ZTS,2011Q4,,분기말 종가,데이터 없음(상장 전),,데이터 없음(상장 전),https://query1.finance.yahoo.com/v8/finance/chart/ZTS (최초 거래일 이전),,14
Zoetis,ZTS,2011Q4,,분기말 상장주식수,데이터 없음(상장 전),,데이터 없음(상장 전),https://query1.finance.yahoo.com/v8/finance/chart/ZTS (최초 거래일 이전),,14
Zoetis,ZTS,2011Q4,,분기말 시가총액,데이터 없음(상장 전),,데이터 없음(상장 전),https://query1.finance.yahoo.com/v8/finance/chart/ZTS (최초 거래일 이전),,14
Zoetis,ZTS,2012Q1,,분기별 매출액,데이터 없음(최초 보고기간 이전),USD,데이터 없음(최초 보고기간 전),https://data.sec.gov/submissions/CIK0001555280.json (최초 보고기간 2012Q4),,14
Zoetis,ZTS,2012Q1,,분기별 영업이익,데이터 없음(최초 보고기간 이전),USD,데이터 없음(최초 보고기간 전),https://data.sec.gov/submissions/CIK0001555280.json (최초 보고기간 2012Q4),,14
Zoetis,ZTS,2012Q1,,분기별 당기순이익(지배),데이터 없음(최초 보고기간 이전),USD,데이터 없음(최초 보고기간 전),https://data.sec.gov/submissions/CIK0001555280.json (최초 보고기간 2012Q4),,14
Zoetis,ZTS,2012Q1,,분기별 영업활동현금흐름,데이터 없음(최초 보고기간 이전),USD,데이터 없음(최초 보고기간 전),https://data.sec.gov/submissions/CIK0001555280.json (최초 보고기간 2012Q4),,14
Zoetis,ZTS,2012Q1,,분기말 자산총계,데이터 없음(최초 보고기간 이전),USD,데이터 없음(최초 보고기간 전),https://data.sec.gov/submissions/CIK0001555280.json (최초 보고기간 2012Q4),,14
Zoetis,ZTS,2012Q1,,분기말 부채총계,데이터 없음(최초 보고기간 이전),USD,데이터 없음(최초 보고기간 전),https://data.sec.gov/submissions/CIK0001555280.json (최초 보고기간 2012Q4),,14
Zoetis,ZTS,2012Q1,,분기말 총자본(자기자본),데이터 없음(최초 보고기간 이전),USD,데이터 없음(최초 보고기간 전),https://data.sec.gov/submissions/CIK0001555280.json (최초 보고기간 2012Q4),,14
Zoetis,ZTS,2012Q1,,분기말 지배지분 자본,데이터 없음(최초 보고기간 이전),USD,데이터 없음(최초 보고기간 전),https://data.sec.gov/submissions/CIK0001555280.json (최초 보고기간 2012Q4),,14
Zoetis,ZTS,2012Q1,,분기말 종가,데이터 없음(상장 전),,데이터 없음(상장 전),https://query1.finance.yahoo.com/v8/finance/chart/ZTS (최초 거래일 이전),,14
Zoetis,ZTS,2012Q1,,분기말 상장주식수,데이터 없음(상장 전),,데이터 없음(상장 전),https://query1.finance.yahoo.com/v8/finance/chart/ZTS (최초 거래일 이전),,14
Zoetis,ZTS,2012Q1,,분기말 시가총액,데이터 없음(상장 전),,데이터 없음(상장 전),https://query1.finance.yahoo.com/v8/finance/chart/ZTS (최초 거래일 이전),,14
Zoetis,ZTS,2012Q2,,분기별 매출액,데이터 없음(최초 보고기간 이전),USD,데이터 없음(최초 보고기간 전),https://data.sec.gov/submissions/CIK0001555280.json (최초 보고기간 2012Q4),,14
Zoetis,ZTS,2012Q2,,분기별 영업이익,데이터 없음(최초 보고기간 이전),USD,데이터 없음(최초 보고기간 전),https://data.sec.gov/submissions/CIK0001555280.json (최초 보고기간 2012Q4),,14
Zoetis,ZTS,2012Q2,,분기별 당기순이익(지배),데이터 없음(최초 보고기간 이전),USD,데이터 없음(최초 보고기간 전),https://data.sec.gov/submissions/CIK0001555280.json (최초 보고기간 2012Q4),,14
Zoetis,ZTS,2012Q2,,분기별 영업활동현금흐름,데이터 없음(최초 보고기간 이전),USD,데이터 없음(최초 보고기간 전),https://data.sec.gov/submissions/CIK0001555280.json (최초 보고기간 2012Q4),,14
Zoetis,ZTS,2012Q2,,분기말 자산총계,데이터 없음(최초 보고기간 이전),USD,데이터 없음(최초 보고기간 전),https://data.sec.gov/submissions/CIK0001555280.json (최초 보고기간 2012Q4),,14
Zoetis,ZTS,2012Q2,,분기말 부채총계,데이터 없음(최초 보고기간 이전),USD,데이터 없음(최초 보고기간 전),https://data.sec.gov/submissions/CIK0001555280.json (최초 보고기간 2012Q4),,14
Zoetis,ZTS,2012Q2,,분기말 총자본(자기자본),데이터 없음(최초 보고기간 이전),USD,데이터 없음(최초 보고기간 전),https://data.sec.gov/submissions/CIK0001555280.json (최초 보고기간 2012Q4),,14
Zoetis,ZTS,2012Q2,,분기말 지배지분 자본,데이터 없음(최초 보고기간 이전),USD,데이터 없음(최초 보고기간 전),https://data.sec.gov/submissions/CIK0001555280.json (최초 보고기간 2012Q4),,14
Zoetis,ZTS,2012Q2,,분기말 종가,데이터 없음(상장 전),,데이터 없음(상장 전),https://query1.finance.yahoo.com/v8/finance/chart/ZTS (최초 거래일 이전),,14
Zoetis,ZTS,2012Q2,,분기말 상장주식수,데이터 없음(상장 전),,데이터 없음(상장 전),https://query1.finance.yahoo.com/v8/finance/chart/ZTS (최초 거래일 이전),,14
Zoetis,ZTS,2012Q2,,분기말 시가총액,데이터 없음(상장 전),,데이터 없음(상장 전),https://query1.finance.yahoo.com/v8/finance/chart/ZTS (최초 거래일 이전),,14
Zoetis,ZTS,2012Q3,,분기별 매출액,데이터 없음(최초 보고기간 이전),USD,데이터 없음(최초 보고기간 전),https://data.sec.gov/submissions/CIK0001555280.json (최초 보고기간 2012Q4),,14
Zoetis,ZTS,2012Q3,,분기별 영업이익,데이터 없음(최초 보고기간 이전),USD,데이터 없음(최초 보고기간 전),https://data.sec.gov/submissions/CIK0001555280.json (최초 보고기간 2012Q4),,14
Zoetis,ZTS,2012Q3,,분기별 당기순이익(지배),데이터 없음(최초 보고기간 이전),USD,데이터 없음(최초 보고기간 전),https://data.sec.gov/submissions/CIK0001555280.json (최초 보고기간 2012Q4),,14
Zoetis,ZTS,2012Q3,,분기별 영업활동현금흐름,데이터 없음(최초 보고기간 이전),USD,데이터 없음(최초 보고기간 전),https://data.sec.gov/submissions/CIK0001555280.json (최초 보고기간 2012Q4),,14
Zoetis,ZTS,2012Q3,,분기말 자산총계,데이터 없음(최초 보고기간 이전),USD,데이터 없음(최초 보고기간 전),https://data.sec.gov/submissions/CIK0001555280.json (최초 보고기간 2012Q4),,14
Zoetis,ZTS,2012Q3,,분기말 부채총계,데이터 없음(최초 보고기간 이전),USD,데이터 없음(최초 보고기간 전),https://data.sec.gov/submissions/CIK0001555280.json (최초 보고기간 2012Q4),,14
Zoetis,ZTS,2012Q3,,분기말 총자본(자기자본),데이터 없음(최초 보고기간 이전),USD,데이터 없음(최초 보고기간 전),https://data.sec.gov/submissions/CIK0001555280.json (최초 보고기간 2012Q4),,14
Zoetis,ZTS,2012Q3,,분기말 지배지분 자본,데이터 없음(최초 보고기간 이전),USD,데이터 없음(최초 보고기간 전),https://data.sec.gov/submissions/CIK0001555280.json (최초 보고기간 2012Q4),,14
Zoetis,ZTS,2012Q3,,분기말 종가,데이터 없음(상장 전),,데이터 없음(상장 전),https://query1.finance.yahoo.com/v8/finance/chart/ZTS (최초 거래일 이전),,14
Zoetis,ZTS,2012Q3,,분기말 상장주식수,데이터 없음(상장 전),,데이터 없음(상장 전),https://query1.finance.yahoo.com/v8/finance/chart/ZTS (최초 거래일 이전),,14
Zoetis,ZTS,2012Q3,,분기말 시가총액,데이터 없음(상장 전),,데이터 없음(상장 전),https://query1.finance.yahoo.com/v8/finance/chart/ZTS (최초 거래일 이전),,14
Zoetis,ZTS,2012Q4,2012-12-31,분기별 매출액,미확인,USD,미확인,https://www.sec.gov/Archives/edgar/data/1555280/000155528013000008/,,14
Zoetis,ZTS,2012Q4,2012-12-31,분기별 영업이익,미확인,USD,미확인,SEC companyfacts CIK0001555280: 해당 보고서에 OperatingIncomeLoss 태그 없음(영업이익 미공시) ; SEC companyfacts CIK0001555280: OperatingIncomeLoss 태그 없음(영업이익 미공시),,14
Zoetis,ZTS,2012Q4,2012-12-31,분기별 당기순이익(지배),미확인,USD,미확인,https://www.sec.gov/Archives/edgar/data/1555280/000155528013000008/,,14
Zoetis,ZTS,2012Q4,2012-12-31,분기별 영업활동현금흐름,미확인,USD,미확인,https://www.sec.gov/Archives/edgar/data/1555280/000155528013000008/,,14
Zoetis,ZTS,2012Q4,2012-12-31,분기말 자산총계,미확인,USD,미확인,https://www.sec.gov/Archives/edgar/data/1555280/000155528013000008/,,14
Zoetis,ZTS,2012Q4,2012-12-31,분기말 부채총계,미확인,USD,미확인,https://www.sec.gov/Archives/edgar/data/1555280/000155528013000008/,,14
Zoetis,ZTS,2012Q4,2012-12-31,분기말 총자본(자기자본),미확인,USD,미확인,https://www.sec.gov/Archives/edgar/data/1555280/000155528013000008/,,14
Zoetis,ZTS,2012Q4,2012-12-31,분기말 지배지분 자본,미확인,USD,미확인,https://www.sec.gov/Archives/edgar/data/1555280/000155528013000008/,,14
Zoetis,ZTS,2012Q4,2012-12-31,분기말 종가,데이터 없음(API 최초 거래일 2013-02-01 이전),,데이터 없음(상장 전),https://query1.finance.yahoo.com/v8/finance/chart/ZTS (firstTradeDate 2013-02-01),,14
Zoetis,ZTS,2012Q4,2012-12-31,분기말 상장주식수,데이터 없음(API 최초 거래일 2013-02-01 이전),,데이터 없음(상장 전),https://query1.finance.yahoo.com/v8/finance/chart/ZTS (firstTradeDate 2013-02-01),,14
Zoetis,ZTS,2012Q4,2012-12-31,분기말 시가총액,데이터 없음(API 최초 거래일 2013-02-01 이전),,데이터 없음(상장 전),https://query1.finance.yahoo.com/v8/finance/chart/ZTS (firstTradeDate 2013-02-01),,14
Zoetis,ZTS,2013Q1,2013-03-31,분기별 매출액,1090000000,USD,공시,https://www.sec.gov/Archives/edgar/data/1555280/000155528013000020/,,14
Zoetis,ZTS,2013Q1,2013-03-31,분기별 영업이익,미확인,USD,미확인,SEC companyfacts CIK0001555280: 해당 보고서에 OperatingIncomeLoss 태그 없음(영업이익 미공시) ; SEC companyfacts CIK0001555280: OperatingIncomeLoss 태그 없음(영업이익 미공시),,14
Zoetis,ZTS,2013Q1,2013-03-31,분기별 당기순이익(지배),140000000,USD,공시,https://www.sec.gov/Archives/edgar/data/1555280/000155528013000020/,,14
Zoetis,ZTS,2013Q1,2013-03-31,분기별 영업활동현금흐름,281000000,USD,공시,https://www.sec.gov/Archives/edgar/data/1555280/000155528013000020/,,14
Zoetis,ZTS,2013Q1,2013-03-31,분기말 자산총계,6142000000,USD,공시,https://www.sec.gov/Archives/edgar/data/1555280/000155528013000020/,,14
Zoetis,ZTS,2013Q1,2013-03-31,분기말 부채총계,5418000000,USD,공시,https://www.sec.gov/Archives/edgar/data/1555280/000155528013000020/,,14
Zoetis,ZTS,2013Q1,2013-03-31,분기말 총자본(자기자본),724000000,USD,공시,https://www.sec.gov/Archives/edgar/data/1555280/000155528013000020/,,14
Zoetis,ZTS,2013Q1,2013-03-31,분기말 지배지분 자본,709000000,USD,공시,https://www.sec.gov/Archives/edgar/data/1555280/000155528013000020/,,14
Zoetis,ZTS,2013Q1,2013-03-28,분기말 종가,33.4,USD,API,https://query1.finance.yahoo.com/v8/finance/chart/ZTS?interval=1d&events=splits (2013-03-28),,14
Zoetis,ZTS,2013Q1,2013-05-10,분기말 상장주식수,500000000,주,공시(표지 기준일),https://www.sec.gov/Archives/edgar/data/1555280/000155528013000020/,"XBRL 원문 dei:EntityCommonStockSharesOutstanding 2개 클래스 합 ; 클래스별(2013-05-10): CommonClassAMember 99015000, CommonClassBMember 400985000",14
Zoetis,ZTS,2013Q1,2013-03-28,분기말 시가총액,16700000000,USD,계산(종가×주식수),https://query1.finance.yahoo.com/v8/finance/chart/ZTS?interval=1d&events=splits (2013-03-28) ; https://www.sec.gov/Archives/edgar/data/1555280/000155528013000020/,종가 33.4 × 주식수 500000000,14
Zoetis,ZTS,2013Q2,2013-06-30,분기별 매출액,1114000000,USD,공시,https://www.sec.gov/Archives/edgar/data/1555280/000155528013000042/,,14
Zoetis,ZTS,2013Q2,2013-06-30,분기별 영업이익,미확인,USD,미확인,SEC companyfacts CIK0001555280: 해당 보고서에 OperatingIncomeLoss 태그 없음(영업이익 미공시) ; SEC companyfacts CIK0001555280: OperatingIncomeLoss 태그 없음(영업이익 미공시),,14
Zoetis,ZTS,2013Q2,2013-06-30,분기별 당기순이익(지배),128000000,USD,공시,https://www.sec.gov/Archives/edgar/data/1555280/000155528013000042/,,14
Zoetis,ZTS,2013Q2,2013-06-30,분기별 영업활동현금흐름,-12000000,USD,계산(누적차감),https://www.sec.gov/Archives/edgar/data/1555280/000155528013000042/ ; https://www.sec.gov/Archives/edgar/data/1555280/000155528013000020/,누적 269000000 − 직전누적 281000000 (시작 2013-01-01),14
Zoetis,ZTS,2013Q2,2013-06-30,분기말 자산총계,6261000000,USD,공시,https://www.sec.gov/Archives/edgar/data/1555280/000155528013000042/,,14
Zoetis,ZTS,2013Q2,2013-06-30,분기말 부채총계,5438000000,USD,공시,https://www.sec.gov/Archives/edgar/data/1555280/000155528013000042/,,14
Zoetis,ZTS,2013Q2,2013-06-30,분기말 총자본(자기자본),823000000,USD,공시,https://www.sec.gov/Archives/edgar/data/1555280/000155528013000042/,,14
Zoetis,ZTS,2013Q2,2013-06-30,분기말 지배지분 자본,800000000,USD,공시,https://www.sec.gov/Archives/edgar/data/1555280/000155528013000042/,,14
Zoetis,ZTS,2013Q2,2013-06-28,분기말 종가,30.89,USD,API,https://query1.finance.yahoo.com/v8/finance/chart/ZTS?interval=1d&events=splits (2013-06-28),,14
Zoetis,ZTS,2013Q2,2013-08-09,분기말 상장주식수,500000000,주,공시(표지 기준일),https://www.sec.gov/Archives/edgar/data/1555280/000155528013000042/,dei:EntityCommonStockSharesOutstanding 클래스 합,14
Zoetis,ZTS,2013Q2,2013-06-28,분기말 시가총액,15445000000,USD,계산(종가×주식수),https://query1.finance.yahoo.com/v8/finance/chart/ZTS?interval=1d&events=splits (2013-06-28) ; https://www.sec.gov/Archives/edgar/data/1555280/000155528013000042/,종가 30.89 × 주식수 500000000,14
Zoetis,ZTS,2013Q3,2013-09-29,분기별 매출액,1103000000,USD,공시,https://www.sec.gov/Archives/edgar/data/1555280/000155528013000114/,,14
Zoetis,ZTS,2013Q3,2013-09-29,분기별 영업이익,미확인,USD,미확인,SEC companyfacts CIK0001555280: 해당 보고서에 OperatingIncomeLoss 태그 없음(영업이익 미공시) ; SEC companyfacts CIK0001555280: OperatingIncomeLoss 태그 없음(영업이익 미공시),,14
Zoetis,ZTS,2013Q3,2013-09-29,분기별 당기순이익(지배),131000000,USD,공시,https://www.sec.gov/Archives/edgar/data/1555280/000155528013000114/,,14
Zoetis,ZTS,2013Q3,2013-09-29,분기별 영업활동현금흐름,114000000,USD,계산(누적차감),https://www.sec.gov/Archives/edgar/data/1555280/000155528013000114/ ; https://www.sec.gov/Archives/edgar/data/1555280/000155528013000042/,누적 383000000 − 직전누적 269000000 (시작 2013-01-01),14
Zoetis,ZTS,2013Q3,2013-09-29,분기말 자산총계,6259000000,USD,공시,https://www.sec.gov/Archives/edgar/data/1555280/000155528013000114/,,14
Zoetis,ZTS,2013Q3,2013-09-29,분기말 부채총계,5393000000,USD,공시,https://www.sec.gov/Archives/edgar/data/1555280/000155528013000114/,,14
Zoetis,ZTS,2013Q3,2013-09-29,분기말 총자본(자기자본),866000000,USD,공시,https://www.sec.gov/Archives/edgar/data/1555280/000155528013000114/,,14
Zoetis,ZTS,2013Q3,2013-09-29,분기말 지배지분 자본,843000000,USD,공시,https://www.sec.gov/Archives/edgar/data/1555280/000155528013000114/,,14
Zoetis,ZTS,2013Q3,2013-09-27,분기말 종가,31.15,USD,API,https://query1.finance.yahoo.com/v8/finance/chart/ZTS?interval=1d&events=splits (2013-09-27),,14
Zoetis,ZTS,2013Q3,2013-11-08,분기말 상장주식수,500006833,주,공시(표지 기준일),https://www.sec.gov/Archives/edgar/data/1555280/000155528013000114/,dei:EntityCommonStockSharesOutstanding 클래스 합,14
Zoetis,ZTS,2013Q3,2013-09-27,분기말 시가총액,15575212848,USD,계산(종가×주식수),https://query1.finance.yahoo.com/v8/finance/chart/ZTS?interval=1d&events=splits (2013-09-27) ; https://www.sec.gov/Archives/edgar/data/1555280/000155528013000114/,종가 31.15 × 주식수 500006833,14
Zoetis,ZTS,2013Q4,2013-12-31,분기별 매출액,1254000000,USD,계산(연간-3분기누적),https://www.sec.gov/Archives/edgar/data/1555280/000155528014000164/ ; https://www.sec.gov/Archives/edgar/data/1555280/000155528013000114/,연간 4561000000 − 9개월누적 3307000000 (SalesRevenueNet),14
Zoetis,ZTS,2013Q4,2013-12-31,분기별 영업이익,미확인,USD,미확인,SEC companyfacts CIK0001555280: 해당 보고서에 OperatingIncomeLoss 태그 없음(영업이익 미공시) ; SEC companyfacts CIK0001555280: OperatingIncomeLoss 태그 없음(영업이익 미공시),,14
Zoetis,ZTS,2013Q4,2013-12-31,분기별 당기순이익(지배),105000000,USD,계산(연간-3분기누적),https://www.sec.gov/Archives/edgar/data/1555280/000155528014000164/ ; https://www.sec.gov/Archives/edgar/data/1555280/000155528013000114/,연간 504000000 − 9개월누적 399000000 (NetIncomeLoss),14
Zoetis,ZTS,2013Q4,2013-12-31,분기별 영업활동현금흐름,298000000,USD,계산(누적차감),https://www.sec.gov/Archives/edgar/data/1555280/000155528014000164/ ; https://www.sec.gov/Archives/edgar/data/1555280/000155528013000114/,누적 681000000 − 직전누적 383000000 (시작 2013-01-01),14
Zoetis,ZTS,2013Q4,2013-12-31,분기말 자산총계,6558000000,USD,공시,https://www.sec.gov/Archives/edgar/data/1555280/000155528014000164/,,14
Zoetis,ZTS,2013Q4,2013-12-31,분기말 부채총계,5596000000,USD,공시,https://www.sec.gov/Archives/edgar/data/1555280/000155528014000164/,,14
Zoetis,ZTS,2013Q4,2013-12-31,분기말 총자본(자기자본),962000000,USD,공시,https://www.sec.gov/Archives/edgar/data/1555280/000155528014000164/,,14
Zoetis,ZTS,2013Q4,2013-12-31,분기말 지배지분 자본,940000000,USD,공시,https://www.sec.gov/Archives/edgar/data/1555280/000155528014000164/,,14
Zoetis,ZTS,2013Q4,2013-12-31,분기말 종가,32.69,USD,API,https://query1.finance.yahoo.com/v8/finance/chart/ZTS?interval=1d&events=splits (2013-12-31),,14
Zoetis,ZTS,2013Q4,2014-03-19,분기말 상장주식수,500729429,주,공시(표지 기준일),https://www.sec.gov/Archives/edgar/data/1555280/000155528014000164/,dei:EntityCommonStockSharesOutstanding 클래스 합,14
Zoetis,ZTS,2013Q4,2013-12-31,분기말 시가총액,16368845034,USD,계산(종가×주식수),https://query1.finance.yahoo.com/v8/finance/chart/ZTS?interval=1d&events=splits (2013-12-31) ; https://www.sec.gov/Archives/edgar/data/1555280/000155528014000164/,종가 32.69 × 주식수 500729429,14
Zoetis,ZTS,2014Q1,2014-03-30,분기별 매출액,1097000000,USD,공시,https://www.sec.gov/Archives/edgar/data/1555280/000155528014000213/,,14
Zoetis,ZTS,2014Q1,2014-03-30,분기별 영업이익,미확인,USD,미확인,SEC companyfacts CIK0001555280: 해당 보고서에 OperatingIncomeLoss 태그 없음(영업이익 미공시) ; SEC companyfacts CIK0001555280: OperatingIncomeLoss 태그 없음(영업이익 미공시),,14
Zoetis,ZTS,2014Q1,2014-03-30,분기별 당기순이익(지배),155000000,USD,공시,https://www.sec.gov/Archives/edgar/data/1555280/000155528014000213/,,14
Zoetis,ZTS,2014Q1,2014-03-30,분기별 영업활동현금흐름,-23000000,USD,공시,https://www.sec.gov/Archives/edgar/data/1555280/000155528014000213/,,14
Zoetis,ZTS,2014Q1,2014-03-30,분기말 자산총계,6403000000,USD,공시,https://www.sec.gov/Archives/edgar/data/1555280/000155528014000213/,,14
Zoetis,ZTS,2014Q1,2014-03-30,분기말 부채총계,5304000000,USD,공시,https://www.sec.gov/Archives/edgar/data/1555280/000155528014000213/,,14
Zoetis,ZTS,2014Q1,2014-03-30,분기말 총자본(자기자본),1099000000,USD,공시,https://www.sec.gov/Archives/edgar/data/1555280/000155528014000213/,,14
Zoetis,ZTS,2014Q1,2014-03-30,분기말 지배지분 자본,1077000000,USD,공시,https://www.sec.gov/Archives/edgar/data/1555280/000155528014000213/,,14
Zoetis,ZTS,2014Q1,2014-03-28,분기말 종가,29.01,USD,API,https://query1.finance.yahoo.com/v8/finance/chart/ZTS?interval=1d&events=splits (2014-03-28),,14
Zoetis,ZTS,2014Q1,2014-05-09,분기말 상장주식수,501018690,주,공시(표지 기준일),https://www.sec.gov/Archives/edgar/data/1555280/000155528014000213/,dei:EntityCommonStockSharesOutstanding 클래스 합,14
Zoetis,ZTS,2014Q1,2014-03-28,분기말 시가총액,14534552197,USD,계산(종가×주식수),https://query1.finance.yahoo.com/v8/finance/chart/ZTS?interval=1d&events=splits (2014-03-28) ; https://www.sec.gov/Archives/edgar/data/1555280/000155528014000213/,종가 29.01 × 주식수 501018690,14
Zoetis,ZTS,2014Q2,2014-06-29,분기별 매출액,1158000000,USD,공시,https://www.sec.gov/Archives/edgar/data/1555280/000155528014000274/,,14
Zoetis,ZTS,2014Q2,2014-06-29,분기별 영업이익,미확인,USD,미확인,SEC companyfacts CIK0001555280: 해당 보고서에 OperatingIncomeLoss 태그 없음(영업이익 미공시) ; SEC companyfacts CIK0001555280: OperatingIncomeLoss 태그 없음(영업이익 미공시),,14
Zoetis,ZTS,2014Q2,2014-06-29,분기별 당기순이익(지배),136000000,USD,공시,https://www.sec.gov/Archives/edgar/data/1555280/000155528014000274/,,14
Zoetis,ZTS,2014Q2,2014-06-29,분기별 영업활동현금흐름,159000000,USD,계산(누적차감),https://www.sec.gov/Archives/edgar/data/1555280/000155528014000274/ ; https://www.sec.gov/Archives/edgar/data/1555280/000155528014000213/,누적 136000000 − 직전누적 -23000000 (시작 2014-01-01),14
Zoetis,ZTS,2014Q2,2014-06-29,분기말 자산총계,6522000000,USD,공시,https://www.sec.gov/Archives/edgar/data/1555280/000155528014000274/,,14
Zoetis,ZTS,2014Q2,2014-06-29,분기말 부채총계,5239000000,USD,공시,https://www.sec.gov/Archives/edgar/data/1555280/000155528014000274/,,14
Zoetis,ZTS,2014Q2,2014-06-29,분기말 총자본(자기자본),1283000000,USD,공시,https://www.sec.gov/Archives/edgar/data/1555280/000155528014000274/,,14
Zoetis,ZTS,2014Q2,2014-06-29,분기말 지배지분 자본,1260000000,USD,공시,https://www.sec.gov/Archives/edgar/data/1555280/000155528014000274/,,14
Zoetis,ZTS,2014Q2,2014-06-27,분기말 종가,32.38,USD,API,https://query1.finance.yahoo.com/v8/finance/chart/ZTS?interval=1d&events=splits (2014-06-27),,14
Zoetis,ZTS,2014Q2,2014-08-08,분기말 상장주식수,501193395,주,공시(표지 기준일),https://www.sec.gov/Archives/edgar/data/1555280/000155528014000274/,dei:EntityCommonStockSharesOutstanding 클래스 합,14
Zoetis,ZTS,2014Q2,2014-06-27,분기말 시가총액,16228642130,USD,계산(종가×주식수),https://query1.finance.yahoo.com/v8/finance/chart/ZTS?interval=1d&events=splits (2014-06-27) ; https://www.sec.gov/Archives/edgar/data/1555280/000155528014000274/,종가 32.38 × 주식수 501193395,14
Zoetis,ZTS,2014Q3,2014-09-28,분기별 매출액,1210000000,USD,공시,https://www.sec.gov/Archives/edgar/data/1555280/000155528014000335/,,14
Zoetis,ZTS,2014Q3,2014-09-28,분기별 영업이익,미확인,USD,미확인,SEC companyfacts CIK0001555280: 해당 보고서에 OperatingIncomeLoss 태그 없음(영업이익 미공시) ; SEC companyfacts CIK0001555280: OperatingIncomeLoss 태그 없음(영업이익 미공시),,14
Zoetis,ZTS,2014Q3,2014-09-28,분기별 당기순이익(지배),166000000,USD,공시,https://www.sec.gov/Archives/edgar/data/1555280/000155528014000335/,,14
Zoetis,ZTS,2014Q3,2014-09-28,분기별 영업활동현금흐름,103000000,USD,계산(누적차감),https://www.sec.gov/Archives/edgar/data/1555280/000155528014000335/ ; https://www.sec.gov/Archives/edgar/data/1555280/000155528014000274/,누적 239000000 − 직전누적 136000000 (시작 2014-01-01),14
Zoetis,ZTS,2014Q3,2014-09-28,분기말 자산총계,6527000000,USD,공시,https://www.sec.gov/Archives/edgar/data/1555280/000155528014000335/,,14
Zoetis,ZTS,2014Q3,2014-09-28,분기말 부채총계,5138000000,USD,공시,https://www.sec.gov/Archives/edgar/data/1555280/000155528014000335/,,14
Zoetis,ZTS,2014Q3,2014-09-28,분기말 총자본(자기자본),1389000000,USD,공시,https://www.sec.gov/Archives/edgar/data/1555280/000155528014000335/,,14
Zoetis,ZTS,2014Q3,2014-09-28,분기말 지배지분 자본,1364000000,USD,공시,https://www.sec.gov/Archives/edgar/data/1555280/000155528014000335/,,14
Zoetis,ZTS,2014Q3,2014-09-26,분기말 종가,36.63,USD,API,https://query1.finance.yahoo.com/v8/finance/chart/ZTS?interval=1d&events=splits (2014-09-26),,14
Zoetis,ZTS,2014Q3,2014-11-07,분기말 상장주식수,501324843,주,공시(표지 기준일),https://www.sec.gov/Archives/edgar/data/1555280/000155528014000335/,dei:EntityCommonStockSharesOutstanding 클래스 합,14
Zoetis,ZTS,2014Q3,2014-09-26,분기말 시가총액,18363528999,USD,계산(종가×주식수),https://query1.finance.yahoo.com/v8/finance/chart/ZTS?interval=1d&events=splits (2014-09-26) ; https://www.sec.gov/Archives/edgar/data/1555280/000155528014000335/,종가 36.63 × 주식수 501324843,14
Zoetis,ZTS,2014Q4,2014-12-31,분기별 매출액,1320000000,USD,계산(연간-3분기누적),https://www.sec.gov/Archives/edgar/data/1555280/000155528015000057/ ; https://www.sec.gov/Archives/edgar/data/1555280/000155528014000335/,연간 4785000000 − 9개월누적 3465000000 (SalesRevenueNet),14
Zoetis,ZTS,2014Q4,2014-12-31,분기별 영업이익,미확인,USD,미확인,SEC companyfacts CIK0001555280: 해당 보고서에 OperatingIncomeLoss 태그 없음(영업이익 미공시) ; SEC companyfacts CIK0001555280: OperatingIncomeLoss 태그 없음(영업이익 미공시),,14
Zoetis,ZTS,2014Q4,2014-12-31,분기별 당기순이익(지배),126000000,USD,계산(연간-3분기누적),https://www.sec.gov/Archives/edgar/data/1555280/000155528015000057/ ; https://www.sec.gov/Archives/edgar/data/1555280/000155528014000335/,연간 583000000 − 9개월누적 457000000 (NetIncomeLoss),14
Zoetis,ZTS,2014Q4,2014-12-31,분기별 영업활동현금흐름,387000000,USD,계산(누적차감),https://www.sec.gov/Archives/edgar/data/1555280/000155528015000057/ ; https://www.sec.gov/Archives/edgar/data/1555280/000155528014000335/,누적 626000000 − 직전누적 239000000 (시작 2014-01-01),14
Zoetis,ZTS,2014Q4,2014-12-31,분기말 자산총계,6588000000,USD,공시(재작성 반영),https://www.sec.gov/Archives/edgar/data/1555280/000155528016000344/,원 공시 6607000000 (https://www.sec.gov/Archives/edgar/data/1555280/000155528015000057/),14
Zoetis,ZTS,2014Q4,2014-12-31,분기말 부채총계,5251000000,USD,공시(재작성 반영),https://www.sec.gov/Archives/edgar/data/1555280/000155528016000344/,원 공시 5270000000 (https://www.sec.gov/Archives/edgar/data/1555280/000155528015000057/),14
Zoetis,ZTS,2014Q4,2014-12-31,분기말 총자본(자기자본),1337000000,USD,공시,https://www.sec.gov/Archives/edgar/data/1555280/000155528015000057/,,14
Zoetis,ZTS,2014Q4,2014-12-31,분기말 지배지분 자본,1311000000,USD,공시,https://www.sec.gov/Archives/edgar/data/1555280/000155528015000057/,,14
Zoetis,ZTS,2014Q4,2014-12-31,분기말 종가,43.03,USD,API,https://query1.finance.yahoo.com/v8/finance/chart/ZTS?interval=1d&events=splits (2014-12-31),,14
Zoetis,ZTS,2014Q4,2015-02-23,분기말 상장주식수,500787817,주,공시(표지 기준일),https://www.sec.gov/Archives/edgar/data/1555280/000155528015000057/,dei:EntityCommonStockSharesOutstanding 클래스 합,14
Zoetis,ZTS,2014Q4,2014-12-31,분기말 시가총액,21548899766,USD,계산(종가×주식수),https://query1.finance.yahoo.com/v8/finance/chart/ZTS?interval=1d&events=splits (2014-12-31) ; https://www.sec.gov/Archives/edgar/data/1555280/000155528015000057/,종가 43.03 × 주식수 500787817,14
Zoetis,ZTS,2015Q1,2015-03-29,분기별 매출액,1102000000,USD,공시,https://www.sec.gov/Archives/edgar/data/1555280/000155528015000169/,,14
Zoetis,ZTS,2015Q1,2015-03-29,분기별 영업이익,미확인,USD,미확인,SEC companyfacts CIK0001555280: 해당 보고서에 OperatingIncomeLoss 태그 없음(영업이익 미공시) ; SEC companyfacts CIK0001555280: OperatingIncomeLoss 태그 없음(영업이익 미공시),,14
Zoetis,ZTS,2015Q1,2015-03-29,분기별 당기순이익(지배),165000000,USD,공시,https://www.sec.gov/Archives/edgar/data/1555280/000155528015000169/,,14
Zoetis,ZTS,2015Q1,2015-03-29,분기별 영업활동현금흐름,60000000,USD,공시,https://www.sec.gov/Archives/edgar/data/1555280/000155528015000169/,,14
Zoetis,ZTS,2015Q1,2015-03-29,분기말 자산총계,6430000000,USD,공시,https://www.sec.gov/Archives/edgar/data/1555280/000155528015000169/,,14
Zoetis,ZTS,2015Q1,2015-03-29,분기말 부채총계,5125000000,USD,공시,https://www.sec.gov/Archives/edgar/data/1555280/000155528015000169/,,14
Zoetis,ZTS,2015Q1,2015-03-29,분기말 총자본(자기자본),1305000000,USD,공시,https://www.sec.gov/Archives/edgar/data/1555280/000155528015000169/,,14
Zoetis,ZTS,2015Q1,2015-03-29,분기말 지배지분 자본,1278000000,USD,공시,https://www.sec.gov/Archives/edgar/data/1555280/000155528015000169/,,14
Zoetis,ZTS,2015Q1,2015-03-27,분기말 종가,46.22,USD,API,https://query1.finance.yahoo.com/v8/finance/chart/ZTS?interval=1d&events=splits (2015-03-27),,14
Zoetis,ZTS,2015Q1,2015-05-01,분기말 상장주식수,499964316,주,공시(표지 기준일),https://www.sec.gov/Archives/edgar/data/1555280/000155528015000169/,dei:EntityCommonStockSharesOutstanding 클래스 합,14
Zoetis,ZTS,2015Q1,2015-03-27,분기말 시가총액,23108350686,USD,계산(종가×주식수),https://query1.finance.yahoo.com/v8/finance/chart/ZTS?interval=1d&events=splits (2015-03-27) ; https://www.sec.gov/Archives/edgar/data/1555280/000155528015000169/,종가 46.22 × 주식수 499964316,14
Zoetis,ZTS,2015Q2,2015-06-28,분기별 매출액,1175000000,USD,공시,https://www.sec.gov/Archives/edgar/data/1555280/000155528015000210/,,14
Zoetis,ZTS,2015Q2,2015-06-28,분기별 영업이익,미확인,USD,미확인,SEC companyfacts CIK0001555280: 해당 보고서에 OperatingIncomeLoss 태그 없음(영업이익 미공시) ; SEC companyfacts CIK0001555280: OperatingIncomeLoss 태그 없음(영업이익 미공시),,14
Zoetis,ZTS,2015Q2,2015-06-28,분기별 당기순이익(지배),-37000000,USD,공시,https://www.sec.gov/Archives/edgar/data/1555280/000155528015000210/,,14
Zoetis,ZTS,2015Q2,2015-06-28,분기별 영업활동현금흐름,122000000,USD,계산(누적차감),https://www.sec.gov/Archives/edgar/data/1555280/000155528015000210/ ; https://www.sec.gov/Archives/edgar/data/1555280/000155528015000169/,누적 182000000 − 직전누적 60000000 (시작 2015-01-01),14
Zoetis,ZTS,2015Q2,2015-06-28,분기말 자산총계,6598000000,USD,공시,https://www.sec.gov/Archives/edgar/data/1555280/000155528015000210/,,14
Zoetis,ZTS,2015Q2,2015-06-28,분기말 부채총계,5396000000,USD,공시,https://www.sec.gov/Archives/edgar/data/1555280/000155528015000210/,,14
Zoetis,ZTS,2015Q2,2015-06-28,분기말 총자본(자기자본),1202000000,USD,공시,https://www.sec.gov/Archives/edgar/data/1555280/000155528015000210/,,14
Zoetis,ZTS,2015Q2,2015-06-28,분기말 지배지분 자본,1176000000,USD,공시,https://www.sec.gov/Archives/edgar/data/1555280/000155528015000210/,,14
Zoetis,ZTS,2015Q2,2015-06-26,분기말 종가,48.62,USD,API,https://query1.finance.yahoo.com/v8/finance/chart/ZTS?interval=1d&events=splits (2015-06-26),,14
Zoetis,ZTS,2015Q2,2015-08-03,분기말 상장주식수,498943831,주,공시(표지 기준일),https://www.sec.gov/Archives/edgar/data/1555280/000155528015000210/,dei:EntityCommonStockSharesOutstanding 클래스 합,14
Zoetis,ZTS,2015Q2,2015-06-26,분기말 시가총액,24258649063,USD,계산(종가×주식수),https://query1.finance.yahoo.com/v8/finance/chart/ZTS?interval=1d&events=splits (2015-06-26) ; https://www.sec.gov/Archives/edgar/data/1555280/000155528015000210/,종가 48.62 × 주식수 498943831,14
Zoetis,ZTS,2015Q3,2015-09-27,분기별 매출액,1214000000,USD,공시,https://www.sec.gov/Archives/edgar/data/1555280/000155528015000245/,,14
Zoetis,ZTS,2015Q3,2015-09-27,분기별 영업이익,미확인,USD,미확인,SEC companyfacts CIK0001555280: 해당 보고서에 OperatingIncomeLoss 태그 없음(영업이익 미공시) ; SEC companyfacts CIK0001555280: OperatingIncomeLoss 태그 없음(영업이익 미공시),,14
Zoetis,ZTS,2015Q3,2015-09-27,분기별 당기순이익(지배),189000000,USD,공시,https://www.sec.gov/Archives/edgar/data/1555280/000155528015000245/,,14
Zoetis,ZTS,2015Q3,2015-09-27,분기별 영업활동현금흐름,204000000,USD,계산(누적차감),https://www.sec.gov/Archives/edgar/data/1555280/000155528015000245/ ; https://www.sec.gov/Archives/edgar/data/1555280/000155528015000210/,누적 386000000 − 직전누적 182000000 (시작 2015-01-01),14
Zoetis,ZTS,2015Q3,2015-09-27,분기말 자산총계,6686000000,USD,공시,https://www.sec.gov/Archives/edgar/data/1555280/000155528015000245/,,14
Zoetis,ZTS,2015Q3,2015-09-27,분기말 부채총계,5432000000,USD,공시,https://www.sec.gov/Archives/edgar/data/1555280/000155528015000245/,,14
Zoetis,ZTS,2015Q3,2015-09-27,분기말 총자본(자기자본),1254000000,USD,공시,https://www.sec.gov/Archives/edgar/data/1555280/000155528015000245/,,14
Zoetis,ZTS,2015Q3,2015-09-27,분기말 지배지분 자본,1229000000,USD,공시,https://www.sec.gov/Archives/edgar/data/1555280/000155528015000245/,,14
Zoetis,ZTS,2015Q3,2015-09-25,분기말 종가,42.51,USD,API,https://query1.finance.yahoo.com/v8/finance/chart/ZTS?interval=1d&events=splits (2015-09-25),,14
Zoetis,ZTS,2015Q3,2015-11-02,분기말 상장주식수,497920464,주,공시(표지 기준일),https://www.sec.gov/Archives/edgar/data/1555280/000155528015000245/,dei:EntityCommonStockSharesOutstanding 클래스 합,14
Zoetis,ZTS,2015Q3,2015-09-25,분기말 시가총액,21166598925,USD,계산(종가×주식수),https://query1.finance.yahoo.com/v8/finance/chart/ZTS?interval=1d&events=splits (2015-09-25) ; https://www.sec.gov/Archives/edgar/data/1555280/000155528015000245/,종가 42.51 × 주식수 497920464,14
Zoetis,ZTS,2015Q4,2015-12-31,분기별 매출액,1274000000,USD,계산(연간-3분기누적),https://www.sec.gov/Archives/edgar/data/1555280/000155528016000344/ ; https://www.sec.gov/Archives/edgar/data/1555280/000155528015000245/,연간 4765000000 − 9개월누적 3491000000 (SalesRevenueNet),14
Zoetis,ZTS,2015Q4,2015-12-31,분기별 영업이익,미확인,USD,미확인,SEC companyfacts CIK0001555280: 해당 보고서에 OperatingIncomeLoss 태그 없음(영업이익 미공시) ; SEC companyfacts CIK0001555280: OperatingIncomeLoss 태그 없음(영업이익 미공시),,14
Zoetis,ZTS,2015Q4,2015-12-31,분기별 당기순이익(지배),22000000,USD,계산(연간-3분기누적),https://www.sec.gov/Archives/edgar/data/1555280/000155528016000344/ ; https://www.sec.gov/Archives/edgar/data/1555280/000155528015000245/,연간 339000000 − 9개월누적 317000000 (NetIncomeLoss),14
Zoetis,ZTS,2015Q4,2015-12-31,분기별 영업활동현금흐름,278000000,USD,계산(누적차감),https://www.sec.gov/Archives/edgar/data/1555280/000155528016000344/ ; https://www.sec.gov/Archives/edgar/data/1555280/000155528015000245/,누적 664000000 − 직전누적 386000000 (시작 2015-01-01),14
Zoetis,ZTS,2015Q4,2015-12-31,분기말 자산총계,7913000000,USD,공시,https://www.sec.gov/Archives/edgar/data/1555280/000155528016000344/,,14
Zoetis,ZTS,2015Q4,2015-12-31,분기말 부채총계,6822000000,USD,공시,https://www.sec.gov/Archives/edgar/data/1555280/000155528016000344/,,14
Zoetis,ZTS,2015Q4,2015-12-31,분기말 총자본(자기자본),1091000000,USD,공시,https://www.sec.gov/Archives/edgar/data/1555280/000155528016000344/,,14
Zoetis,ZTS,2015Q4,2015-12-31,분기말 지배지분 자본,1068000000,USD,공시,https://www.sec.gov/Archives/edgar/data/1555280/000155528016000344/,,14
Zoetis,ZTS,2015Q4,2015-12-31,분기말 종가,47.92,USD,API,https://query1.finance.yahoo.com/v8/finance/chart/ZTS?interval=1d&events=splits (2015-12-31),,14
Zoetis,ZTS,2015Q4,2016-02-19,분기말 상장주식수,497155532,주,공시(표지 기준일),https://www.sec.gov/Archives/edgar/data/1555280/000155528016000344/,dei:EntityCommonStockSharesOutstanding 클래스 합,14
Zoetis,ZTS,2015Q4,2015-12-31,분기말 시가총액,23823693093,USD,계산(종가×주식수),https://query1.finance.yahoo.com/v8/finance/chart/ZTS?interval=1d&events=splits (2015-12-31) ; https://www.sec.gov/Archives/edgar/data/1555280/000155528016000344/,종가 47.92 × 주식수 497155532,14
Zoetis,ZTS,2016Q1,2016-04-03,분기별 매출액,1162000000,USD,공시,https://www.sec.gov/Archives/edgar/data/1555280/000155528016000387/,,14
Zoetis,ZTS,2016Q1,2016-04-03,분기별 영업이익,미확인,USD,미확인,SEC companyfacts CIK0001555280: 해당 보고서에 OperatingIncomeLoss 태그 없음(영업이익 미공시) ; SEC companyfacts CIK0001555280: OperatingIncomeLoss 태그 없음(영업이익 미공시),,14
Zoetis,ZTS,2016Q1,2016-04-03,분기별 당기순이익(지배),204000000,USD,공시,https://www.sec.gov/Archives/edgar/data/1555280/000155528016000387/,,14
Zoetis,ZTS,2016Q1,2016-04-03,분기별 영업활동현금흐름,51000000,USD,공시,https://www.sec.gov/Archives/edgar/data/1555280/000155528016000387/,,14
Zoetis,ZTS,2016Q1,2016-04-03,분기말 자산총계,7453000000,USD,공시,https://www.sec.gov/Archives/edgar/data/1555280/000155528016000387/,,14
Zoetis,ZTS,2016Q1,2016-04-03,분기말 부채총계,6266000000,USD,공시,https://www.sec.gov/Archives/edgar/data/1555280/000155528016000387/,,14
Zoetis,ZTS,2016Q1,2016-04-03,분기말 총자본(자기자본),1187000000,USD,공시,https://www.sec.gov/Archives/edgar/data/1555280/000155528016000387/,,14
Zoetis,ZTS,2016Q1,2016-04-03,분기말 지배지분 자본,1165000000,USD,공시,https://www.sec.gov/Archives/edgar/data/1555280/000155528016000387/,,14
Zoetis,ZTS,2016Q1,2016-04-01,분기말 종가,44.99,USD,API,https://query1.finance.yahoo.com/v8/finance/chart/ZTS?interval=1d&events=splits (2016-04-01),,14
Zoetis,ZTS,2016Q1,2016-04-29,분기말 상장주식수,496202370,주,공시(표지 기준일),https://www.sec.gov/Archives/edgar/data/1555280/000155528016000387/,dei:EntityCommonStockSharesOutstanding 클래스 합,14
Zoetis,ZTS,2016Q1,2016-04-01,분기말 시가총액,22324144626,USD,계산(종가×주식수),https://query1.finance.yahoo.com/v8/finance/chart/ZTS?interval=1d&events=splits (2016-04-01) ; https://www.sec.gov/Archives/edgar/data/1555280/000155528016000387/,종가 44.99 × 주식수 496202370,14
Zoetis,ZTS,2016Q2,2016-07-03,분기별 매출액,1208000000,USD,공시,https://www.sec.gov/Archives/edgar/data/1555280/000155528016000420/,,14
Zoetis,ZTS,2016Q2,2016-07-03,분기별 영업이익,미확인,USD,미확인,SEC companyfacts CIK0001555280: 해당 보고서에 OperatingIncomeLoss 태그 없음(영업이익 미공시) ; SEC companyfacts CIK0001555280: OperatingIncomeLoss 태그 없음(영업이익 미공시),,14
Zoetis,ZTS,2016Q2,2016-07-03,분기별 당기순이익(지배),224000000,USD,공시,https://www.sec.gov/Archives/edgar/data/1555280/000155528016000420/,,14
Zoetis,ZTS,2016Q2,2016-07-03,분기별 영업활동현금흐름,137000000,USD,계산(누적차감),https://www.sec.gov/Archives/edgar/data/1555280/000155528016000420/ ; https://www.sec.gov/Archives/edgar/data/1555280/000155528016000387/,누적 188000000 − 직전누적 51000000 (시작 2016-01-01),14
Zoetis,ZTS,2016Q2,2016-07-03,분기말 자산총계,7518000000,USD,공시,https://www.sec.gov/Archives/edgar/data/1555280/000155528016000420/,,14
Zoetis,ZTS,2016Q2,2016-07-03,분기말 부채총계,6147000000,USD,공시,https://www.sec.gov/Archives/edgar/data/1555280/000155528016000420/,,14
Zoetis,ZTS,2016Q2,2016-07-03,분기말 총자본(자기자본),1371000000,USD,공시,https://www.sec.gov/Archives/edgar/data/1555280/000155528016000420/,,14
Zoetis,ZTS,2016Q2,2016-07-03,분기말 지배지분 자본,1357000000,USD,공시,https://www.sec.gov/Archives/edgar/data/1555280/000155528016000420/,,14
Zoetis,ZTS,2016Q2,2016-07-01,분기말 종가,47.45,USD,API,https://query1.finance.yahoo.com/v8/finance/chart/ZTS?interval=1d&events=splits (2016-07-01),,14
Zoetis,ZTS,2016Q2,2016-08-01,분기말 상장주식수,495043700,주,공시(표지 기준일),https://www.sec.gov/Archives/edgar/data/1555280/000155528016000420/,dei:EntityCommonStockSharesOutstanding 클래스 합,14
Zoetis,ZTS,2016Q2,2016-07-01,분기말 시가총액,23489823565,USD,계산(종가×주식수),https://query1.finance.yahoo.com/v8/finance/chart/ZTS?interval=1d&events=splits (2016-07-01) ; https://www.sec.gov/Archives/edgar/data/1555280/000155528016000420/,종가 47.45 × 주식수 495043700,14
Zoetis,ZTS,2016Q3,2016-10-02,분기별 매출액,1241000000,USD,공시,https://www.sec.gov/Archives/edgar/data/1555280/000155528016000488/,,14
Zoetis,ZTS,2016Q3,2016-10-02,분기별 영업이익,미확인,USD,미확인,SEC companyfacts CIK0001555280: 해당 보고서에 OperatingIncomeLoss 태그 없음(영업이익 미공시) ; SEC companyfacts CIK0001555280: OperatingIncomeLoss 태그 없음(영업이익 미공시),,14
Zoetis,ZTS,2016Q3,2016-10-02,분기별 당기순이익(지배),239000000,USD,공시,https://www.sec.gov/Archives/edgar/data/1555280/000155528016000488/,,14
Zoetis,ZTS,2016Q3,2016-10-02,분기별 영업활동현금흐름,239000000,USD,계산(누적차감),https://www.sec.gov/Archives/edgar/data/1555280/000155528016000488/ ; https://www.sec.gov/Archives/edgar/data/1555280/000155528016000420/,누적 427000000 − 직전누적 188000000 (시작 2016-01-01),14
Zoetis,ZTS,2016Q3,2016-10-02,분기말 자산총계,7715000000,USD,공시,https://www.sec.gov/Archives/edgar/data/1555280/000155528016000488/,,14
Zoetis,ZTS,2016Q3,2016-10-02,분기말 부채총계,6117000000,USD,공시,https://www.sec.gov/Archives/edgar/data/1555280/000155528016000488/,,14
Zoetis,ZTS,2016Q3,2016-10-02,분기말 총자본(자기자본),1598000000,USD,공시,https://www.sec.gov/Archives/edgar/data/1555280/000155528016000488/,,14
Zoetis,ZTS,2016Q3,2016-10-02,분기말 지배지분 자본,1585000000,USD,공시,https://www.sec.gov/Archives/edgar/data/1555280/000155528016000488/,,14
Zoetis,ZTS,2016Q3,2016-09-30,분기말 종가,52.01,USD,API,https://query1.finance.yahoo.com/v8/finance/chart/ZTS?interval=1d&events=splits (2016-09-30),,14
Zoetis,ZTS,2016Q3,2016-10-31,분기말 상장주식수,493832541,주,공시(표지 기준일),https://www.sec.gov/Archives/edgar/data/1555280/000155528016000488/,dei:EntityCommonStockSharesOutstanding 클래스 합,14
Zoetis,ZTS,2016Q3,2016-09-30,분기말 시가총액,25684230457,USD,계산(종가×주식수),https://query1.finance.yahoo.com/v8/finance/chart/ZTS?interval=1d&events=splits (2016-09-30) ; https://www.sec.gov/Archives/edgar/data/1555280/000155528016000488/,종가 52.01 × 주식수 493832541,14
Zoetis,ZTS,2016Q4,2016-12-31,분기별 매출액,1277000000,USD,계산(연간-3분기누적),https://www.sec.gov/Archives/edgar/data/1555280/000155528017000044/ ; https://www.sec.gov/Archives/edgar/data/1555280/000155528016000488/,연간 4888000000 − 9개월누적 3611000000 (SalesRevenueNet),14
Zoetis,ZTS,2016Q4,2016-12-31,분기별 영업이익,미확인,USD,미확인,SEC companyfacts CIK0001555280: 해당 보고서에 OperatingIncomeLoss 태그 없음(영업이익 미공시) ; SEC companyfacts CIK0001555280: OperatingIncomeLoss 태그 없음(영업이익 미공시),,14
Zoetis,ZTS,2016Q4,2016-12-31,분기별 당기순이익(지배),154000000,USD,계산(연간-3분기누적),https://www.sec.gov/Archives/edgar/data/1555280/000155528017000044/ ; https://www.sec.gov/Archives/edgar/data/1555280/000155528016000488/,연간 821000000 − 9개월누적 667000000 (NetIncomeLoss),14
Zoetis,ZTS,2016Q4,2016-12-31,분기별 영업활동현금흐름,286000000,USD,계산(누적차감),https://www.sec.gov/Archives/edgar/data/1555280/000155528017000044/ ; https://www.sec.gov/Archives/edgar/data/1555280/000155528016000488/,누적 713000000 − 직전누적 427000000 (시작 2016-01-01),14
Zoetis,ZTS,2016Q4,2016-12-31,분기말 자산총계,7649000000,USD,공시,https://www.sec.gov/Archives/edgar/data/1555280/000155528017000044/,,14
Zoetis,ZTS,2016Q4,2016-12-31,분기말 부채총계,6150000000,USD,공시,https://www.sec.gov/Archives/edgar/data/1555280/000155528017000044/,,14
Zoetis,ZTS,2016Q4,2016-12-31,분기말 총자본(자기자본),1499000000,USD,공시,https://www.sec.gov/Archives/edgar/data/1555280/000155528017000044/,,14
Zoetis,ZTS,2016Q4,2016-12-31,분기말 지배지분 자본,1487000000,USD,공시,https://www.sec.gov/Archives/edgar/data/1555280/000155528017000044/,,14
Zoetis,ZTS,2016Q4,2016-12-30,분기말 종가,53.53,USD,API,https://query1.finance.yahoo.com/v8/finance/chart/ZTS?interval=1d&events=splits (2016-12-30),,14
Zoetis,ZTS,2016Q4,2017-02-10,분기말 상장주식수,491964064,주,공시(표지 기준일),https://www.sec.gov/Archives/edgar/data/1555280/000155528017000044/,dei:EntityCommonStockSharesOutstanding 클래스 합,14
Zoetis,ZTS,2016Q4,2016-12-30,분기말 시가총액,26334836346,USD,계산(종가×주식수),https://query1.finance.yahoo.com/v8/finance/chart/ZTS?interval=1d&events=splits (2016-12-30) ; https://www.sec.gov/Archives/edgar/data/1555280/000155528017000044/,종가 53.53 × 주식수 491964064,14
Zoetis,ZTS,2017Q1,2017-04-02,분기별 매출액,1231000000,USD,공시,https://www.sec.gov/Archives/edgar/data/1555280/000155528017000127/,,14
Zoetis,ZTS,2017Q1,2017-04-02,분기별 영업이익,미확인,USD,미확인,SEC companyfacts CIK0001555280: 해당 보고서에 OperatingIncomeLoss 태그 없음(영업이익 미공시) ; SEC companyfacts CIK0001555280: OperatingIncomeLoss 태그 없음(영업이익 미공시),,14
Zoetis,ZTS,2017Q1,2017-04-02,분기별 당기순이익(지배),238000000,USD,공시,https://www.sec.gov/Archives/edgar/data/1555280/000155528017000127/,,14
Zoetis,ZTS,2017Q1,2017-04-02,분기별 영업활동현금흐름,119000000,USD,공시,https://www.sec.gov/Archives/edgar/data/1555280/000155528017000127/,,14
Zoetis,ZTS,2017Q1,2017-04-02,분기말 자산총계,7649000000,USD,공시,https://www.sec.gov/Archives/edgar/data/1555280/000155528017000127/,,14
Zoetis,ZTS,2017Q1,2017-04-02,분기말 부채총계,6014000000,USD,공시,https://www.sec.gov/Archives/edgar/data/1555280/000155528017000127/,,14
Zoetis,ZTS,2017Q1,2017-04-02,분기말 총자본(자기자본),1635000000,USD,공시,https://www.sec.gov/Archives/edgar/data/1555280/000155528017000127/,,14
Zoetis,ZTS,2017Q1,2017-04-02,분기말 지배지분 자본,1609000000,USD,공시,https://www.sec.gov/Archives/edgar/data/1555280/000155528017000127/,,14
Zoetis,ZTS,2017Q1,2017-03-31,분기말 종가,53.37,USD,API,https://query1.finance.yahoo.com/v8/finance/chart/ZTS?interval=1d&events=splits (2017-03-31),,14
Zoetis,ZTS,2017Q1,2017-04-28,분기말 상장주식수,490796861,주,공시(표지 기준일),https://www.sec.gov/Archives/edgar/data/1555280/000155528017000127/,dei:EntityCommonStockSharesOutstanding 클래스 합,14
Zoetis,ZTS,2017Q1,2017-03-31,분기말 시가총액,26193828472,USD,계산(종가×주식수),https://query1.finance.yahoo.com/v8/finance/chart/ZTS?interval=1d&events=splits (2017-03-31) ; https://www.sec.gov/Archives/edgar/data/1555280/000155528017000127/,종가 53.37 × 주식수 490796861,14
Zoetis,ZTS,2017Q2,2017-07-02,분기별 매출액,1269000000,USD,공시,https://www.sec.gov/Archives/edgar/data/1555280/000155528017000175/,,14
Zoetis,ZTS,2017Q2,2017-07-02,분기별 영업이익,미확인,USD,미확인,SEC companyfacts CIK0001555280: 해당 보고서에 OperatingIncomeLoss 태그 없음(영업이익 미공시) ; SEC companyfacts CIK0001555280: OperatingIncomeLoss 태그 없음(영업이익 미공시),,14
Zoetis,ZTS,2017Q2,2017-07-02,분기별 당기순이익(지배),247000000,USD,공시,https://www.sec.gov/Archives/edgar/data/1555280/000155528017000175/,,14
Zoetis,ZTS,2017Q2,2017-07-02,분기별 영업활동현금흐름,180000000,USD,계산(누적차감),https://www.sec.gov/Archives/edgar/data/1555280/000155528017000175/ ; https://www.sec.gov/Archives/edgar/data/1555280/000155528017000127/,누적 299000000 − 직전누적 119000000 (시작 2017-01-01),14
Zoetis,ZTS,2017Q2,2017-07-02,분기말 자산총계,7802000000,USD,공시,https://www.sec.gov/Archives/edgar/data/1555280/000155528017000175/,,14
Zoetis,ZTS,2017Q2,2017-07-02,분기말 부채총계,6056000000,USD,공시,https://www.sec.gov/Archives/edgar/data/1555280/000155528017000175/,,14
Zoetis,ZTS,2017Q2,2017-07-02,분기말 총자본(자기자본),1746000000,USD,공시,https://www.sec.gov/Archives/edgar/data/1555280/000155528017000175/,,14
Zoetis,ZTS,2017Q2,2017-07-02,분기말 지배지분 자본,1715000000,USD,공시,https://www.sec.gov/Archives/edgar/data/1555280/000155528017000175/,,14
Zoetis,ZTS,2017Q2,2017-06-30,분기말 종가,62.38,USD,API,https://query1.finance.yahoo.com/v8/finance/chart/ZTS?interval=1d&events=splits (2017-06-30),,14
Zoetis,ZTS,2017Q2,2017-08-02,분기말 상장주식수,489111671,주,공시(표지 기준일),https://www.sec.gov/Archives/edgar/data/1555280/000155528017000175/,dei:EntityCommonStockSharesOutstanding 클래스 합,14
Zoetis,ZTS,2017Q2,2017-06-30,분기말 시가총액,30510786037,USD,계산(종가×주식수),https://query1.finance.yahoo.com/v8/finance/chart/ZTS?interval=1d&events=splits (2017-06-30) ; https://www.sec.gov/Archives/edgar/data/1555280/000155528017000175/,종가 62.38 × 주식수 489111671,14
Zoetis,ZTS,2017Q3,2017-10-01,분기별 매출액,1347000000,USD,공시,https://www.sec.gov/Archives/edgar/data/1555280/000155528017000209/,,14
Zoetis,ZTS,2017Q3,2017-10-01,분기별 영업이익,미확인,USD,미확인,SEC companyfacts CIK0001555280: 해당 보고서에 OperatingIncomeLoss 태그 없음(영업이익 미공시) ; SEC companyfacts CIK0001555280: OperatingIncomeLoss 태그 없음(영업이익 미공시),,14
Zoetis,ZTS,2017Q3,2017-10-01,분기별 당기순이익(지배),298000000,USD,공시,https://www.sec.gov/Archives/edgar/data/1555280/000155528017000209/,,14
Zoetis,ZTS,2017Q3,2017-10-01,분기별 영업활동현금흐름,439000000,USD,계산(누적차감),https://www.sec.gov/Archives/edgar/data/1555280/000155528017000209/ ; https://www.sec.gov/Archives/edgar/data/1555280/000155528017000175/,누적 738000000 − 직전누적 299000000 (시작 2017-01-01),14
Zoetis,ZTS,2017Q3,2017-10-01,분기말 자산총계,9288000000,USD,공시,https://www.sec.gov/Archives/edgar/data/1555280/000155528017000209/,,14
Zoetis,ZTS,2017Q3,2017-10-01,분기말 부채총계,7269000000,USD,공시,https://www.sec.gov/Archives/edgar/data/1555280/000155528017000209/,,14
Zoetis,ZTS,2017Q3,2017-10-01,분기말 총자본(자기자본),2019000000,USD,공시,https://www.sec.gov/Archives/edgar/data/1555280/000155528017000209/,,14
Zoetis,ZTS,2017Q3,2017-10-01,분기말 지배지분 자본,1989000000,USD,공시,https://www.sec.gov/Archives/edgar/data/1555280/000155528017000209/,,14
Zoetis,ZTS,2017Q3,2017-09-29,분기말 종가,63.76,USD,API,https://query1.finance.yahoo.com/v8/finance/chart/ZTS?interval=1d&events=splits (2017-09-29),,14
Zoetis,ZTS,2017Q3,2017-10-26,분기말 상장주식수,487288245,주,공시(표지 기준일),https://www.sec.gov/Archives/edgar/data/1555280/000155528017000209/,dei:EntityCommonStockSharesOutstanding 클래스 합,14
Zoetis,ZTS,2017Q3,2017-09-29,분기말 시가총액,31069498501,USD,계산(종가×주식수),https://query1.finance.yahoo.com/v8/finance/chart/ZTS?interval=1d&events=splits (2017-09-29) ; https://www.sec.gov/Archives/edgar/data/1555280/000155528017000209/,종가 63.76 × 주식수 487288245,14
Zoetis,ZTS,2017Q4,2017-12-31,분기별 매출액,1460000000,USD,계산(연간-3분기누적),https://www.sec.gov/Archives/edgar/data/1555280/000155528018000053/ ; https://www.sec.gov/Archives/edgar/data/1555280/000155528017000209/,연간 5307000000 − 9개월누적 3847000000 (SalesRevenueNet),14
Zoetis,ZTS,2017Q4,2017-12-31,분기별 영업이익,미확인,USD,미확인,SEC companyfacts CIK0001555280: 해당 보고서에 OperatingIncomeLoss 태그 없음(영업이익 미공시) ; SEC companyfacts CIK0001555280: OperatingIncomeLoss 태그 없음(영업이익 미공시),,14
Zoetis,ZTS,2017Q4,2017-12-31,분기별 당기순이익(지배),81000000,USD,계산(연간-3분기누적),https://www.sec.gov/Archives/edgar/data/1555280/000155528018000053/ ; https://www.sec.gov/Archives/edgar/data/1555280/000155528017000209/,연간 864000000 − 9개월누적 783000000 (NetIncomeLoss),14
Zoetis,ZTS,2017Q4,2017-12-31,분기별 영업활동현금흐름,608000000,USD,계산(누적차감),https://www.sec.gov/Archives/edgar/data/1555280/000155528018000053/ ; https://www.sec.gov/Archives/edgar/data/1555280/000155528017000209/,누적 1346000000 − 직전누적 738000000 (시작 2017-01-01),14
Zoetis,ZTS,2017Q4,2017-12-31,분기말 자산총계,8586000000,USD,공시,https://www.sec.gov/Archives/edgar/data/1555280/000155528018000053/,,14
Zoetis,ZTS,2017Q4,2017-12-31,분기말 부채총계,6800000000,USD,공시,https://www.sec.gov/Archives/edgar/data/1555280/000155528018000053/,,14
Zoetis,ZTS,2017Q4,2017-12-31,분기말 총자본(자기자본),1786000000,USD,공시,https://www.sec.gov/Archives/edgar/data/1555280/000155528018000053/,,14
Zoetis,ZTS,2017Q4,2017-12-31,분기말 지배지분 자본,1770000000,USD,공시,https://www.sec.gov/Archives/edgar/data/1555280/000155528018000053/,,14
Zoetis,ZTS,2017Q4,2017-12-29,분기말 종가,72.04,USD,API,https://query1.finance.yahoo.com/v8/finance/chart/ZTS?interval=1d&events=splits (2017-12-29),,14
Zoetis,ZTS,2017Q4,2018-02-09,분기말 상장주식수,485253713,주,공시(표지 기준일),https://www.sec.gov/Archives/edgar/data/1555280/000155528018000053/,dei:EntityCommonStockSharesOutstanding 클래스 합,14
Zoetis,ZTS,2017Q4,2017-12-29,분기말 시가총액,34957677485,USD,계산(종가×주식수),https://query1.finance.yahoo.com/v8/finance/chart/ZTS?interval=1d&events=splits (2017-12-29) ; https://www.sec.gov/Archives/edgar/data/1555280/000155528018000053/,종가 72.04 × 주식수 485253713,14
Zoetis,ZTS,2018Q1,2018-03-31,분기별 매출액,1366000000,USD,공시,https://www.sec.gov/Archives/edgar/data/1555280/000155528018000171/,,14
Zoetis,ZTS,2018Q1,2018-03-31,분기별 영업이익,미확인,USD,미확인,SEC companyfacts CIK0001555280: 해당 보고서에 OperatingIncomeLoss 태그 없음(영업이익 미공시) ; SEC companyfacts CIK0001555280: OperatingIncomeLoss 태그 없음(영업이익 미공시),,14
Zoetis,ZTS,2018Q1,2018-03-31,분기별 당기순이익(지배),352000000,USD,공시,https://www.sec.gov/Archives/edgar/data/1555280/000155528018000171/,,14
Zoetis,ZTS,2018Q1,2018-03-31,분기별 영업활동현금흐름,389000000,USD,공시,https://www.sec.gov/Archives/edgar/data/1555280/000155528018000171/,,14
Zoetis,ZTS,2018Q1,2018-03-31,분기말 자산총계,8690000000,USD,공시,https://www.sec.gov/Archives/edgar/data/1555280/000155528018000171/,,14
Zoetis,ZTS,2018Q1,2018-03-31,분기말 부채총계,6715000000,USD,공시,https://www.sec.gov/Archives/edgar/data/1555280/000155528018000171/,,14
Zoetis,ZTS,2018Q1,2018-03-31,분기말 총자본(자기자본),1975000000,USD,공시,https://www.sec.gov/Archives/edgar/data/1555280/000155528018000171/,,14
Zoetis,ZTS,2018Q1,2018-03-31,분기말 지배지분 자본,1960000000,USD,공시,https://www.sec.gov/Archives/edgar/data/1555280/000155528018000171/,,14
Zoetis,ZTS,2018Q1,2018-03-29,분기말 종가,83.51,USD,API,https://query1.finance.yahoo.com/v8/finance/chart/ZTS?interval=1d&events=splits (2018-03-29),,14
Zoetis,ZTS,2018Q1,2018-04-27,분기말 상장주식수,483865442,주,공시(표지 기준일),https://www.sec.gov/Archives/edgar/data/1555280/000155528018000171/,dei:EntityCommonStockSharesOutstanding 클래스 합,14
Zoetis,ZTS,2018Q1,2018-03-29,분기말 시가총액,40407603061,USD,계산(종가×주식수),https://query1.finance.yahoo.com/v8/finance/chart/ZTS?interval=1d&events=splits (2018-03-29) ; https://www.sec.gov/Archives/edgar/data/1555280/000155528018000171/,종가 83.51 × 주식수 483865442,14
Zoetis,ZTS,2018Q2,2018-06-30,분기별 매출액,1415000000,USD,공시,https://www.sec.gov/Archives/edgar/data/1555280/000155528018000226/,,14
Zoetis,ZTS,2018Q2,2018-06-30,분기별 영업이익,미확인,USD,미확인,SEC companyfacts CIK0001555280: 해당 보고서에 OperatingIncomeLoss 태그 없음(영업이익 미공시) ; SEC companyfacts CIK0001555280: OperatingIncomeLoss 태그 없음(영업이익 미공시),,14
Zoetis,ZTS,2018Q2,2018-06-30,분기별 당기순이익(지배),384000000,USD,공시,https://www.sec.gov/Archives/edgar/data/1555280/000155528018000226/,,14
Zoetis,ZTS,2018Q2,2018-06-30,분기별 영업활동현금흐름,267000000,USD,계산(누적차감),https://www.sec.gov/Archives/edgar/data/1555280/000155528018000226/ ; https://www.sec.gov/Archives/edgar/data/1555280/000155528018000171/,누적 656000000 − 직전누적 389000000 (시작 2018-01-01),14
Zoetis,ZTS,2018Q2,2018-06-30,분기말 자산총계,8603000000,USD,공시,https://www.sec.gov/Archives/edgar/data/1555280/000155528018000226/,,14
Zoetis,ZTS,2018Q2,2018-06-30,분기말 부채총계,6621000000,USD,공시,https://www.sec.gov/Archives/edgar/data/1555280/000155528018000226/,,14
Zoetis,ZTS,2018Q2,2018-06-30,분기말 총자본(자기자본),1982000000,USD,공시,https://www.sec.gov/Archives/edgar/data/1555280/000155528018000226/,,14
Zoetis,ZTS,2018Q2,2018-06-30,분기말 지배지분 자본,1970000000,USD,공시,https://www.sec.gov/Archives/edgar/data/1555280/000155528018000226/,,14
Zoetis,ZTS,2018Q2,2018-06-29,분기말 종가,85.19,USD,API,https://query1.finance.yahoo.com/v8/finance/chart/ZTS?interval=1d&events=splits (2018-06-29),,14
Zoetis,ZTS,2018Q2,2018-07-27,분기말 상장주식수,481823803,주,공시(표지 기준일),https://www.sec.gov/Archives/edgar/data/1555280/000155528018000226/,dei:EntityCommonStockSharesOutstanding 클래스 합,14
Zoetis,ZTS,2018Q2,2018-06-29,분기말 시가총액,41046569778,USD,계산(종가×주식수),https://query1.finance.yahoo.com/v8/finance/chart/ZTS?interval=1d&events=splits (2018-06-29) ; https://www.sec.gov/Archives/edgar/data/1555280/000155528018000226/,종가 85.19 × 주식수 481823803,14
Zoetis,ZTS,2018Q3,2018-09-30,분기별 매출액,1480000000,USD,공시,https://www.sec.gov/Archives/edgar/data/1555280/000155528018000269/,,14
Zoetis,ZTS,2018Q3,2018-09-30,분기별 영업이익,미확인,USD,미확인,SEC companyfacts CIK0001555280: 해당 보고서에 OperatingIncomeLoss 태그 없음(영업이익 미공시) ; SEC companyfacts CIK0001555280: OperatingIncomeLoss 태그 없음(영업이익 미공시),,14
Zoetis,ZTS,2018Q3,2018-09-30,분기별 당기순이익(지배),347000000,USD,공시,https://www.sec.gov/Archives/edgar/data/1555280/000155528018000269/,,14
Zoetis,ZTS,2018Q3,2018-09-30,분기별 영업활동현금흐름,550000000,USD,계산(누적차감),https://www.sec.gov/Archives/edgar/data/1555280/000155528018000269/ ; https://www.sec.gov/Archives/edgar/data/1555280/000155528018000226/,누적 1206000000 − 직전누적 656000000 (시작 2018-01-01),14
Zoetis,ZTS,2018Q3,2018-09-30,분기말 자산총계,10459000000,USD,공시,https://www.sec.gov/Archives/edgar/data/1555280/000155528018000269/,,14
Zoetis,ZTS,2018Q3,2018-09-30,분기말 부채총계,8341000000,USD,공시,https://www.sec.gov/Archives/edgar/data/1555280/000155528018000269/,,14
Zoetis,ZTS,2018Q3,2018-09-30,분기말 총자본(자기자본),2118000000,USD,공시,https://www.sec.gov/Archives/edgar/data/1555280/000155528018000269/,,14
Zoetis,ZTS,2018Q3,2018-09-30,분기말 지배지분 자본,2118000000,USD,공시,https://www.sec.gov/Archives/edgar/data/1555280/000155528018000269/,,14
Zoetis,ZTS,2018Q3,2018-09-28,분기말 종가,91.56,USD,API,https://query1.finance.yahoo.com/v8/finance/chart/ZTS?interval=1d&events=splits (2018-09-28),,14
Zoetis,ZTS,2018Q3,2018-10-26,분기말 상장주식수,480450882,주,공시(표지 기준일),https://www.sec.gov/Archives/edgar/data/1555280/000155528018000269/,dei:EntityCommonStockSharesOutstanding 클래스 합,14
Zoetis,ZTS,2018Q3,2018-09-28,분기말 시가총액,43990082756,USD,계산(종가×주식수),https://query1.finance.yahoo.com/v8/finance/chart/ZTS?interval=1d&events=splits (2018-09-28) ; https://www.sec.gov/Archives/edgar/data/1555280/000155528018000269/,종가 91.56 × 주식수 480450882,14
Zoetis,ZTS,2018Q4,2018-12-31,분기별 매출액,1564000000,USD,계산(연간-3분기누적),https://www.sec.gov/Archives/edgar/data/1555280/000155528019000041/ ; https://www.sec.gov/Archives/edgar/data/1555280/000155528018000269/,연간 5825000000 − 9개월누적 4261000000 (Revenues),14
Zoetis,ZTS,2018Q4,2018-12-31,분기별 영업이익,미확인,USD,미확인,SEC companyfacts CIK0001555280: 해당 보고서에 OperatingIncomeLoss 태그 없음(영업이익 미공시) ; SEC companyfacts CIK0001555280: OperatingIncomeLoss 태그 없음(영업이익 미공시),,14
Zoetis,ZTS,2018Q4,2018-12-31,분기별 당기순이익(지배),345000000,USD,계산(연간-3분기누적),https://www.sec.gov/Archives/edgar/data/1555280/000155528019000041/ ; https://www.sec.gov/Archives/edgar/data/1555280/000155528018000269/,연간 1428000000 − 9개월누적 1083000000 (NetIncomeLoss),14
Zoetis,ZTS,2018Q4,2018-12-31,분기별 영업활동현금흐름,584000000,USD,계산(누적차감),https://www.sec.gov/Archives/edgar/data/1555280/000155528019000041/ ; https://www.sec.gov/Archives/edgar/data/1555280/000155528018000269/,누적 1790000000 − 직전누적 1206000000 (시작 2018-01-01),14
Zoetis,ZTS,2018Q4,2018-12-31,분기말 자산총계,10777000000,USD,공시,https://www.sec.gov/Archives/edgar/data/1555280/000155528019000041/,,14
Zoetis,ZTS,2018Q4,2018-12-31,분기말 부채총계,8592000000,USD,공시,https://www.sec.gov/Archives/edgar/data/1555280/000155528019000041/,,14
Zoetis,ZTS,2018Q4,2018-12-31,분기말 총자본(자기자본),2185000000,USD,공시,https://www.sec.gov/Archives/edgar/data/1555280/000155528019000041/,,14
Zoetis,ZTS,2018Q4,2018-12-31,분기말 지배지분 자본,2185000000,USD,공시,https://www.sec.gov/Archives/edgar/data/1555280/000155528019000041/,,14
Zoetis,ZTS,2018Q4,2018-12-31,분기말 종가,85.54,USD,API,https://query1.finance.yahoo.com/v8/finance/chart/ZTS?interval=1d&events=splits (2018-12-31),,14
Zoetis,ZTS,2018Q4,2019-02-08,분기말 상장주식수,478771915,주,공시(표지 기준일),https://www.sec.gov/Archives/edgar/data/1555280/000155528019000041/,dei:EntityCommonStockSharesOutstanding 클래스 합,14
Zoetis,ZTS,2018Q4,2018-12-31,분기말 시가총액,40954149609,USD,계산(종가×주식수),https://query1.finance.yahoo.com/v8/finance/chart/ZTS?interval=1d&events=splits (2018-12-31) ; https://www.sec.gov/Archives/edgar/data/1555280/000155528019000041/,종가 85.54 × 주식수 478771915,14
Zoetis,ZTS,2019Q1,2019-03-31,분기별 매출액,1455000000,USD,공시,https://www.sec.gov/Archives/edgar/data/1555280/000155528019000169/,,14
Zoetis,ZTS,2019Q1,2019-03-31,분기별 영업이익,미확인,USD,미확인,SEC companyfacts CIK0001555280: 해당 보고서에 OperatingIncomeLoss 태그 없음(영업이익 미공시) ; SEC companyfacts CIK0001555280: OperatingIncomeLoss 태그 없음(영업이익 미공시),,14
Zoetis,ZTS,2019Q1,2019-03-31,분기별 당기순이익(지배),312000000,USD,공시,https://www.sec.gov/Archives/edgar/data/1555280/000155528019000169/,,14
Zoetis,ZTS,2019Q1,2019-03-31,분기별 영업활동현금흐름,389000000,USD,공시,https://www.sec.gov/Archives/edgar/data/1555280/000155528019000169/,,14
Zoetis,ZTS,2019Q1,2019-03-31,분기말 자산총계,10883000000,USD,공시,https://www.sec.gov/Archives/edgar/data/1555280/000155528019000169/,,14
Zoetis,ZTS,2019Q1,2019-03-31,분기말 부채총계,8566000000,USD,공시,https://www.sec.gov/Archives/edgar/data/1555280/000155528019000169/,,14
Zoetis,ZTS,2019Q1,2019-03-31,분기말 총자본(자기자본),2317000000,USD,공시,https://www.sec.gov/Archives/edgar/data/1555280/000155528019000169/,,14
Zoetis,ZTS,2019Q1,2019-03-31,분기말 지배지분 자본,2317000000,USD,공시(비지배 없음),https://www.sec.gov/Archives/edgar/data/1555280/000155528019000169/,"StockholdersEquityIncludingPortionAttributableToNoncontrollingInterest, MinorityInterest 태그 없음",14
Zoetis,ZTS,2019Q1,2019-03-29,분기말 종가,100.67,USD,API,https://query1.finance.yahoo.com/v8/finance/chart/ZTS?interval=1d&events=splits (2019-03-29),,14
Zoetis,ZTS,2019Q1,2019-04-26,분기말 상장주식수,478656189,주,공시(표지 기준일),https://www.sec.gov/Archives/edgar/data/1555280/000155528019000169/,dei:EntityCommonStockSharesOutstanding 클래스 합,14
Zoetis,ZTS,2019Q1,2019-03-29,분기말 시가총액,48186318547,USD,계산(종가×주식수),https://query1.finance.yahoo.com/v8/finance/chart/ZTS?interval=1d&events=splits (2019-03-29) ; https://www.sec.gov/Archives/edgar/data/1555280/000155528019000169/,종가 100.67 × 주식수 478656189,14
Zoetis,ZTS,2019Q2,2019-06-30,분기별 매출액,1547000000,USD,공시,https://www.sec.gov/Archives/edgar/data/1555280/000155528019000221/,,14
Zoetis,ZTS,2019Q2,2019-06-30,분기별 영업이익,미확인,USD,미확인,SEC companyfacts CIK0001555280: 해당 보고서에 OperatingIncomeLoss 태그 없음(영업이익 미공시) ; SEC companyfacts CIK0001555280: OperatingIncomeLoss 태그 없음(영업이익 미공시),,14
Zoetis,ZTS,2019Q2,2019-06-30,분기별 당기순이익(지배),371000000,USD,공시,https://www.sec.gov/Archives/edgar/data/1555280/000155528019000221/,,14
Zoetis,ZTS,2019Q2,2019-06-30,분기별 영업활동현금흐름,318000000,USD,계산(누적차감),https://www.sec.gov/Archives/edgar/data/1555280/000155528019000221/ ; https://www.sec.gov/Archives/edgar/data/1555280/000155528019000169/,누적 707000000 − 직전누적 389000000 (시작 2019-01-01),14
Zoetis,ZTS,2019Q2,2019-06-30,분기말 자산총계,10986000000,USD,공시,https://www.sec.gov/Archives/edgar/data/1555280/000155528019000221/,,14
Zoetis,ZTS,2019Q2,2019-06-30,분기말 부채총계,8575000000,USD,공시,https://www.sec.gov/Archives/edgar/data/1555280/000155528019000221/,,14
Zoetis,ZTS,2019Q2,2019-06-30,분기말 총자본(자기자본),2411000000,USD,공시,https://www.sec.gov/Archives/edgar/data/1555280/000155528019000221/,,14
Zoetis,ZTS,2019Q2,2019-06-30,분기말 지배지분 자본,2411000000,USD,공시(비지배 없음),https://www.sec.gov/Archives/edgar/data/1555280/000155528019000221/,"StockholdersEquityIncludingPortionAttributableToNoncontrollingInterest, MinorityInterest 태그 없음",14
Zoetis,ZTS,2019Q2,2019-06-28,분기말 종가,113.49,USD,API,https://query1.finance.yahoo.com/v8/finance/chart/ZTS?interval=1d&events=splits (2019-06-28),,14
Zoetis,ZTS,2019Q2,2019-08-02,분기말 상장주식수,477557942,주,공시(표지 기준일),https://www.sec.gov/Archives/edgar/data/1555280/000155528019000224/,dei:EntityCommonStockSharesOutstanding 클래스 합 ; 값은 XBRL 원문(companyfacts 미반영 보고서),14
Zoetis,ZTS,2019Q2,2019-06-28,분기말 시가총액,54198050838,USD,계산(종가×주식수),https://query1.finance.yahoo.com/v8/finance/chart/ZTS?interval=1d&events=splits (2019-06-28) ; https://www.sec.gov/Archives/edgar/data/1555280/000155528019000224/,종가 113.49 × 주식수 477557942 ; 값은 XBRL 원문(companyfacts 미반영 보고서),14
Zoetis,ZTS,2019Q3,2019-09-30,분기별 매출액,1584000000,USD,공시,https://www.sec.gov/Archives/edgar/data/1555280/000155528019000270/,,14
Zoetis,ZTS,2019Q3,2019-09-30,분기별 영업이익,미확인,USD,미확인,SEC companyfacts CIK0001555280: 해당 보고서에 OperatingIncomeLoss 태그 없음(영업이익 미공시) ; SEC companyfacts CIK0001555280: OperatingIncomeLoss 태그 없음(영업이익 미공시),,14
Zoetis,ZTS,2019Q3,2019-09-30,분기별 당기순이익(지배),433000000,USD,공시,https://www.sec.gov/Archives/edgar/data/1555280/000155528019000270/,,14
Zoetis,ZTS,2019Q3,2019-09-30,분기별 영업활동현금흐름,506000000,USD,계산(누적차감),https://www.sec.gov/Archives/edgar/data/1555280/000155528019000270/ ; https://www.sec.gov/Archives/edgar/data/1555280/000155528019000221/,누적 1213000000 − 직전누적 707000000 (시작 2019-01-01),14
Zoetis,ZTS,2019Q3,2019-09-30,분기말 자산총계,11272000000,USD,공시,https://www.sec.gov/Archives/edgar/data/1555280/000155528019000270/,,14
Zoetis,ZTS,2019Q3,2019-09-30,분기말 부채총계,8594000000,USD,공시,https://www.sec.gov/Archives/edgar/data/1555280/000155528019000270/,,14
Zoetis,ZTS,2019Q3,2019-09-30,분기말 총자본(자기자본),2678000000,USD,공시,https://www.sec.gov/Archives/edgar/data/1555280/000155528019000270/,,14
Zoetis,ZTS,2019Q3,2019-09-30,분기말 지배지분 자본,2678000000,USD,공시(비지배 없음),https://www.sec.gov/Archives/edgar/data/1555280/000155528019000270/,"StockholdersEquityIncludingPortionAttributableToNoncontrollingInterest, MinorityInterest 태그 없음",14
Zoetis,ZTS,2019Q3,2019-09-30,분기말 종가,124.59,USD,API,https://query1.finance.yahoo.com/v8/finance/chart/ZTS?interval=1d&events=splits (2019-09-30),,14
Zoetis,ZTS,2019Q3,2019-11-01,분기말 상장주식수,476299250,주,공시(표지 기준일),https://www.sec.gov/Archives/edgar/data/1555280/000155528019000270/,dei:EntityCommonStockSharesOutstanding 클래스 합,14
Zoetis,ZTS,2019Q3,2019-09-30,분기말 시가총액,59342123558,USD,계산(종가×주식수),https://query1.finance.yahoo.com/v8/finance/chart/ZTS?interval=1d&events=splits (2019-09-30) ; https://www.sec.gov/Archives/edgar/data/1555280/000155528019000270/,종가 124.59 × 주식수 476299250,14
Zoetis,ZTS,2019Q4,2019-12-31,분기별 매출액,1674000000,USD,계산(연간-3분기누적),https://www.sec.gov/Archives/edgar/data/1555280/000155528020000054/ ; https://www.sec.gov/Archives/edgar/data/1555280/000155528019000270/,연간 6260000000 − 9개월누적 4586000000 (Revenues),14
Zoetis,ZTS,2019Q4,2019-12-31,분기별 영업이익,미확인,USD,미확인,SEC companyfacts CIK0001555280: 해당 보고서에 OperatingIncomeLoss 태그 없음(영업이익 미공시) ; SEC companyfacts CIK0001555280: OperatingIncomeLoss 태그 없음(영업이익 미공시),,14
Zoetis,ZTS,2019Q4,2019-12-31,분기별 당기순이익(지배),384000000,USD,계산(연간-3분기누적),https://www.sec.gov/Archives/edgar/data/1555280/000155528020000054/ ; https://www.sec.gov/Archives/edgar/data/1555280/000155528019000270/,연간 1500000000 − 9개월누적 1116000000 (NetIncomeLoss),14
Zoetis,ZTS,2019Q4,2019-12-31,분기별 영업활동현금흐름,582000000,USD,계산(누적차감),https://www.sec.gov/Archives/edgar/data/1555280/000155528020000054/ ; https://www.sec.gov/Archives/edgar/data/1555280/000155528019000270/,누적 1795000000 − 직전누적 1213000000 (시작 2019-01-01),14
Zoetis,ZTS,2019Q4,2019-12-31,분기말 자산총계,11545000000,USD,공시,https://www.sec.gov/Archives/edgar/data/1555280/000155528020000054/,,14
Zoetis,ZTS,2019Q4,2019-12-31,분기말 부채총계,8837000000,USD,공시,https://www.sec.gov/Archives/edgar/data/1555280/000155528020000054/,,14
Zoetis,ZTS,2019Q4,2019-12-31,분기말 총자본(자기자본),2708000000,USD,공시,https://www.sec.gov/Archives/edgar/data/1555280/000155528020000054/,,14
Zoetis,ZTS,2019Q4,2019-12-31,분기말 지배지분 자본,2708000000,USD,공시(비지배 없음),https://www.sec.gov/Archives/edgar/data/1555280/000155528020000054/,"StockholdersEquityIncludingPortionAttributableToNoncontrollingInterest, MinorityInterest 태그 없음",14
Zoetis,ZTS,2019Q4,2019-12-31,분기말 종가,132.35,USD,API,https://query1.finance.yahoo.com/v8/finance/chart/ZTS?interval=1d&events=splits (2019-12-31),,14
Zoetis,ZTS,2019Q4,2020-02-07,분기말 상장주식수,474933945,주,공시(표지 기준일),https://www.sec.gov/Archives/edgar/data/1555280/000155528020000054/,dei:EntityCommonStockSharesOutstanding 클래스 합,14
Zoetis,ZTS,2019Q4,2019-12-31,분기말 시가총액,62857507621,USD,계산(종가×주식수),https://query1.finance.yahoo.com/v8/finance/chart/ZTS?interval=1d&events=splits (2019-12-31) ; https://www.sec.gov/Archives/edgar/data/1555280/000155528020000054/,종가 132.35 × 주식수 474933945,14
Zoetis,ZTS,2020Q1,2020-03-31,분기별 매출액,1534000000,USD,공시,https://www.sec.gov/Archives/edgar/data/1555280/000155528020000199/,,14
Zoetis,ZTS,2020Q1,2020-03-31,분기별 영업이익,미확인,USD,미확인,SEC companyfacts CIK0001555280: 해당 보고서에 OperatingIncomeLoss 태그 없음(영업이익 미공시) ; SEC companyfacts CIK0001555280: OperatingIncomeLoss 태그 없음(영업이익 미공시),,14
Zoetis,ZTS,2020Q1,2020-03-31,분기별 당기순이익(지배),423000000,USD,공시,https://www.sec.gov/Archives/edgar/data/1555280/000155528020000199/,,14
Zoetis,ZTS,2020Q1,2020-03-31,분기별 영업활동현금흐름,408000000,USD,공시,https://www.sec.gov/Archives/edgar/data/1555280/000155528020000199/,,14
Zoetis,ZTS,2020Q1,2020-03-31,분기말 자산총계,11528000000,USD,공시,https://www.sec.gov/Archives/edgar/data/1555280/000155528020000199/,,14
Zoetis,ZTS,2020Q1,2020-03-31,분기말 부채총계,8775000000,USD,공시,https://www.sec.gov/Archives/edgar/data/1555280/000155528020000199/,,14
Zoetis,ZTS,2020Q1,2020-03-31,분기말 총자본(자기자본),2753000000,USD,공시,https://www.sec.gov/Archives/edgar/data/1555280/000155528020000199/,,14
Zoetis,ZTS,2020Q1,2020-03-31,분기말 지배지분 자본,2753000000,USD,공시(비지배 없음),https://www.sec.gov/Archives/edgar/data/1555280/000155528020000199/,"StockholdersEquityIncludingPortionAttributableToNoncontrollingInterest, MinorityInterest 태그 없음",14
Zoetis,ZTS,2020Q1,2020-03-31,분기말 종가,117.69,USD,API,https://query1.finance.yahoo.com/v8/finance/chart/ZTS?interval=1d&events=splits (2020-03-31),,14
Zoetis,ZTS,2020Q1,2020-05-01,분기말 상장주식수,474940772,주,공시(표지 기준일),https://www.sec.gov/Archives/edgar/data/1555280/000155528020000199/,dei:EntityCommonStockSharesOutstanding 클래스 합,14
Zoetis,ZTS,2020Q1,2020-03-31,분기말 시가총액,55895779457,USD,계산(종가×주식수),https://query1.finance.yahoo.com/v8/finance/chart/ZTS?interval=1d&events=splits (2020-03-31) ; https://www.sec.gov/Archives/edgar/data/1555280/000155528020000199/,종가 117.69 × 주식수 474940772,14
Zoetis,ZTS,2020Q2,2020-06-30,분기별 매출액,1548000000,USD,공시,https://www.sec.gov/Archives/edgar/data/1555280/000155528020000261/,,14
Zoetis,ZTS,2020Q2,2020-06-30,분기별 영업이익,미확인,USD,미확인,SEC companyfacts CIK0001555280: 해당 보고서에 OperatingIncomeLoss 태그 없음(영업이익 미공시) ; SEC companyfacts CIK0001555280: OperatingIncomeLoss 태그 없음(영업이익 미공시),,14
Zoetis,ZTS,2020Q2,2020-06-30,분기별 당기순이익(지배),377000000,USD,공시,https://www.sec.gov/Archives/edgar/data/1555280/000155528020000261/,,14
Zoetis,ZTS,2020Q2,2020-06-30,분기별 영업활동현금흐름,438000000,USD,계산(누적차감),https://www.sec.gov/Archives/edgar/data/1555280/000155528020000261/ ; https://www.sec.gov/Archives/edgar/data/1555280/000155528020000199/,누적 846000000 − 직전누적 408000000 (시작 2020-01-01),14
Zoetis,ZTS,2020Q2,2020-06-30,분기말 자산총계,13069000000,USD,공시,https://www.sec.gov/Archives/edgar/data/1555280/000155528020000261/,,14
Zoetis,ZTS,2020Q2,2020-06-30,분기말 부채총계,10082000000,USD,공시,https://www.sec.gov/Archives/edgar/data/1555280/000155528020000261/,,14
Zoetis,ZTS,2020Q2,2020-06-30,분기말 총자본(자기자본),2987000000,USD,공시,https://www.sec.gov/Archives/edgar/data/1555280/000155528020000261/,,14
Zoetis,ZTS,2020Q2,2020-06-30,분기말 지배지분 자본,2982000000,USD,공시,https://www.sec.gov/Archives/edgar/data/1555280/000155528020000261/,,14
Zoetis,ZTS,2020Q2,2020-06-30,분기말 종가,137.04,USD,API,https://query1.finance.yahoo.com/v8/finance/chart/ZTS?interval=1d&events=splits (2020-06-30),,14
Zoetis,ZTS,2020Q2,2020-07-31,분기말 상장주식수,475144704,주,공시(표지 기준일),https://www.sec.gov/Archives/edgar/data/1555280/000155528020000261/,dei:EntityCommonStockSharesOutstanding 클래스 합,14
Zoetis,ZTS,2020Q2,2020-06-30,분기말 시가총액,65113830236,USD,계산(종가×주식수),https://query1.finance.yahoo.com/v8/finance/chart/ZTS?interval=1d&events=splits (2020-06-30) ; https://www.sec.gov/Archives/edgar/data/1555280/000155528020000261/,종가 137.04 × 주식수 475144704,14
Zoetis,ZTS,2020Q3,2020-09-30,분기별 매출액,1786000000,USD,공시,https://www.sec.gov/Archives/edgar/data/1555280/000155528020000316/,,14
Zoetis,ZTS,2020Q3,2020-09-30,분기별 영업이익,미확인,USD,미확인,SEC companyfacts CIK0001555280: 해당 보고서에 OperatingIncomeLoss 태그 없음(영업이익 미공시) ; SEC companyfacts CIK0001555280: OperatingIncomeLoss 태그 없음(영업이익 미공시),,14
Zoetis,ZTS,2020Q3,2020-09-30,분기별 당기순이익(지배),479000000,USD,공시,https://www.sec.gov/Archives/edgar/data/1555280/000155528020000316/,,14
Zoetis,ZTS,2020Q3,2020-09-30,분기별 영업활동현금흐름,562000000,USD,계산(누적차감),https://www.sec.gov/Archives/edgar/data/1555280/000155528020000316/ ; https://www.sec.gov/Archives/edgar/data/1555280/000155528020000261/,누적 1408000000 − 직전누적 846000000 (시작 2020-01-01),14
Zoetis,ZTS,2020Q3,2020-09-30,분기말 자산총계,13725000000,USD,공시,https://www.sec.gov/Archives/edgar/data/1555280/000155528020000316/,,14
Zoetis,ZTS,2020Q3,2020-09-30,분기말 부채총계,10118000000,USD,공시,https://www.sec.gov/Archives/edgar/data/1555280/000155528020000316/,,14
Zoetis,ZTS,2020Q3,2020-09-30,분기말 총자본(자기자본),3607000000,USD,공시,https://www.sec.gov/Archives/edgar/data/1555280/000155528020000316/,,14
Zoetis,ZTS,2020Q3,2020-09-30,분기말 지배지분 자본,3602000000,USD,공시,https://www.sec.gov/Archives/edgar/data/1555280/000155528020000316/,,14
Zoetis,ZTS,2020Q3,2020-09-30,분기말 종가,165.37,USD,API,https://query1.finance.yahoo.com/v8/finance/chart/ZTS?interval=1d&events=splits (2020-09-30),,14
Zoetis,ZTS,2020Q3,2020-10-30,분기말 상장주식수,475267819,주,공시(표지 기준일),https://www.sec.gov/Archives/edgar/data/1555280/000155528020000316/,dei:EntityCommonStockSharesOutstanding 클래스 합,14
Zoetis,ZTS,2020Q3,2020-09-30,분기말 시가총액,78595039228,USD,계산(종가×주식수),https://query1.finance.yahoo.com/v8/finance/chart/ZTS?interval=1d&events=splits (2020-09-30) ; https://www.sec.gov/Archives/edgar/data/1555280/000155528020000316/,종가 165.37 × 주식수 475267819,14
Zoetis,ZTS,2020Q4,2020-12-31,분기별 매출액,1807000000,USD,계산(연간-3분기누적),https://www.sec.gov/Archives/edgar/data/1555280/000155528021000098/ ; https://www.sec.gov/Archives/edgar/data/1555280/000155528020000316/,연간 6675000000 − 9개월누적 4868000000 (Revenues),14
Zoetis,ZTS,2020Q4,2020-12-31,분기별 영업이익,미확인,USD,미확인,SEC companyfacts CIK0001555280: 해당 보고서에 OperatingIncomeLoss 태그 없음(영업이익 미공시) ; SEC companyfacts CIK0001555280: OperatingIncomeLoss 태그 없음(영업이익 미공시),,14
Zoetis,ZTS,2020Q4,2020-12-31,분기별 당기순이익(지배),359000000,USD,계산(연간-3분기누적),https://www.sec.gov/Archives/edgar/data/1555280/000155528021000098/ ; https://www.sec.gov/Archives/edgar/data/1555280/000155528020000316/,연간 1638000000 − 9개월누적 1279000000 (NetIncomeLoss),14
Zoetis,ZTS,2020Q4,2020-12-31,분기별 영업활동현금흐름,718000000,USD,계산(누적차감),https://www.sec.gov/Archives/edgar/data/1555280/000155528021000098/ ; https://www.sec.gov/Archives/edgar/data/1555280/000155528020000316/,누적 2126000000 − 직전누적 1408000000 (시작 2020-01-01),14
Zoetis,ZTS,2020Q4,2020-12-31,분기말 자산총계,13609000000,USD,공시,https://www.sec.gov/Archives/edgar/data/1555280/000155528021000098/,,14
Zoetis,ZTS,2020Q4,2020-12-31,분기말 부채총계,9836000000,USD,공시,https://www.sec.gov/Archives/edgar/data/1555280/000155528021000098/,,14
Zoetis,ZTS,2020Q4,2020-12-31,분기말 총자본(자기자본),3773000000,USD,공시,https://www.sec.gov/Archives/edgar/data/1555280/000155528021000098/,,14
Zoetis,ZTS,2020Q4,2020-12-31,분기말 지배지분 자본,3769000000,USD,공시,https://www.sec.gov/Archives/edgar/data/1555280/000155528021000098/,,14
Zoetis,ZTS,2020Q4,2020-12-31,분기말 종가,165.5,USD,API,https://query1.finance.yahoo.com/v8/finance/chart/ZTS?interval=1d&events=splits (2020-12-31),,14
Zoetis,ZTS,2020Q4,2021-02-11,분기말 상장주식수,475166373,주,공시(표지 기준일),https://www.sec.gov/Archives/edgar/data/1555280/000155528021000098/,dei:EntityCommonStockSharesOutstanding 클래스 합,14
Zoetis,ZTS,2020Q4,2020-12-31,분기말 시가총액,78640034732,USD,계산(종가×주식수),https://query1.finance.yahoo.com/v8/finance/chart/ZTS?interval=1d&events=splits (2020-12-31) ; https://www.sec.gov/Archives/edgar/data/1555280/000155528021000098/,종가 165.5 × 주식수 475166373,14
Zoetis,ZTS,2021Q1,2021-03-31,분기별 매출액,1871000000,USD,공시,https://www.sec.gov/Archives/edgar/data/1555280/000155528021000226/,,14
Zoetis,ZTS,2021Q1,2021-03-31,분기별 영업이익,미확인,USD,미확인,SEC companyfacts CIK0001555280: 해당 보고서에 OperatingIncomeLoss 태그 없음(영업이익 미공시) ; SEC companyfacts CIK0001555280: OperatingIncomeLoss 태그 없음(영업이익 미공시),,14
Zoetis,ZTS,2021Q1,2021-03-31,분기별 당기순이익(지배),559000000,USD,공시,https://www.sec.gov/Archives/edgar/data/1555280/000155528021000226/,,14
Zoetis,ZTS,2021Q1,2021-03-31,분기별 영업활동현금흐름,400000000,USD,공시,https://www.sec.gov/Archives/edgar/data/1555280/000155528021000226/,,14
Zoetis,ZTS,2021Q1,2021-03-31,분기말 자산총계,13796000000,USD,공시,https://www.sec.gov/Archives/edgar/data/1555280/000155528021000226/,,14
Zoetis,ZTS,2021Q1,2021-03-31,분기말 부채총계,9704000000,USD,공시,https://www.sec.gov/Archives/edgar/data/1555280/000155528021000226/,,14
Zoetis,ZTS,2021Q1,2021-03-31,분기말 총자본(자기자본),4092000000,USD,공시,https://www.sec.gov/Archives/edgar/data/1555280/000155528021000226/,,14
Zoetis,ZTS,2021Q1,2021-03-31,분기말 지배지분 자본,4089000000,USD,공시,https://www.sec.gov/Archives/edgar/data/1555280/000155528021000226/,,14
Zoetis,ZTS,2021Q1,2021-03-31,분기말 종가,157.48,USD,API,https://query1.finance.yahoo.com/v8/finance/chart/ZTS?interval=1d&events=splits (2021-03-31),,14
Zoetis,ZTS,2021Q1,2021-04-30,분기말 상장주식수,474766701,주,공시(표지 기준일),https://www.sec.gov/Archives/edgar/data/1555280/000155528021000226/,dei:EntityCommonStockSharesOutstanding 클래스 합,14
Zoetis,ZTS,2021Q1,2021-03-31,분기말 시가총액,74766260073,USD,계산(종가×주식수),https://query1.finance.yahoo.com/v8/finance/chart/ZTS?interval=1d&events=splits (2021-03-31) ; https://www.sec.gov/Archives/edgar/data/1555280/000155528021000226/,종가 157.48 × 주식수 474766701,14
Zoetis,ZTS,2021Q2,2021-06-30,분기별 매출액,1948000000,USD,공시,https://www.sec.gov/Archives/edgar/data/1555280/000155528021000287/,,14
Zoetis,ZTS,2021Q2,2021-06-30,분기별 영업이익,미확인,USD,미확인,SEC companyfacts CIK0001555280: 해당 보고서에 OperatingIncomeLoss 태그 없음(영업이익 미공시) ; SEC companyfacts CIK0001555280: OperatingIncomeLoss 태그 없음(영업이익 미공시),,14
Zoetis,ZTS,2021Q2,2021-06-30,분기별 당기순이익(지배),512000000,USD,공시,https://www.sec.gov/Archives/edgar/data/1555280/000155528021000287/,,14
Zoetis,ZTS,2021Q2,2021-06-30,분기별 영업활동현금흐름,481000000,USD,계산(누적차감),https://www.sec.gov/Archives/edgar/data/1555280/000155528021000287/ ; https://www.sec.gov/Archives/edgar/data/1555280/000155528021000226/,누적 881000000 − 직전누적 400000000 (시작 2021-01-01),14
Zoetis,ZTS,2021Q2,2021-06-30,분기말 자산총계,14069000000,USD,공시,https://www.sec.gov/Archives/edgar/data/1555280/000155528021000287/,,14
Zoetis,ZTS,2021Q2,2021-06-30,분기말 부채총계,9717000000,USD,공시,https://www.sec.gov/Archives/edgar/data/1555280/000155528021000287/,,14
Zoetis,ZTS,2021Q2,2021-06-30,분기말 총자본(자기자본),4352000000,USD,공시,https://www.sec.gov/Archives/edgar/data/1555280/000155528021000287/,,14
Zoetis,ZTS,2021Q2,2021-06-30,분기말 지배지분 자본,4350000000,USD,공시,https://www.sec.gov/Archives/edgar/data/1555280/000155528021000287/,,14
Zoetis,ZTS,2021Q2,2021-06-30,분기말 종가,186.36,USD,API,https://query1.finance.yahoo.com/v8/finance/chart/ZTS?interval=1d&events=splits (2021-06-30),,14
Zoetis,ZTS,2021Q2,2021-07-30,분기말 상장주식수,473944193,주,공시(표지 기준일),https://www.sec.gov/Archives/edgar/data/1555280/000155528021000287/,dei:EntityCommonStockSharesOutstanding 클래스 합,14
Zoetis,ZTS,2021Q2,2021-06-30,분기말 시가총액,88324239807,USD,계산(종가×주식수),https://query1.finance.yahoo.com/v8/finance/chart/ZTS?interval=1d&events=splits (2021-06-30) ; https://www.sec.gov/Archives/edgar/data/1555280/000155528021000287/,종가 186.36 × 주식수 473944193,14
Zoetis,ZTS,2021Q3,2021-09-30,분기별 매출액,1990000000,USD,공시,https://www.sec.gov/Archives/edgar/data/1555280/000155528021000334/,,14
Zoetis,ZTS,2021Q3,2021-09-30,분기별 영업이익,미확인,USD,미확인,SEC companyfacts CIK0001555280: 해당 보고서에 OperatingIncomeLoss 태그 없음(영업이익 미공시) ; SEC companyfacts CIK0001555280: OperatingIncomeLoss 태그 없음(영업이익 미공시),,14
Zoetis,ZTS,2021Q3,2021-09-30,분기별 당기순이익(지배),552000000,USD,공시,https://www.sec.gov/Archives/edgar/data/1555280/000155528021000334/,,14
Zoetis,ZTS,2021Q3,2021-09-30,분기별 영업활동현금흐름,653000000,USD,계산(누적차감),https://www.sec.gov/Archives/edgar/data/1555280/000155528021000334/ ; https://www.sec.gov/Archives/edgar/data/1555280/000155528021000287/,누적 1534000000 − 직전누적 881000000 (시작 2021-01-01),14
Zoetis,ZTS,2021Q3,2021-09-30,분기말 자산총계,13705000000,USD,공시,https://www.sec.gov/Archives/edgar/data/1555280/000155528021000334/,,14
Zoetis,ZTS,2021Q3,2021-09-30,분기말 부채총계,9024000000,USD,공시,https://www.sec.gov/Archives/edgar/data/1555280/000155528021000334/,,14
Zoetis,ZTS,2021Q3,2021-09-30,분기말 총자본(자기자본),4681000000,USD,공시,https://www.sec.gov/Archives/edgar/data/1555280/000155528021000334/,,14
Zoetis,ZTS,2021Q3,2021-09-30,분기말 지배지분 자본,4679000000,USD,공시,https://www.sec.gov/Archives/edgar/data/1555280/000155528021000334/,,14
Zoetis,ZTS,2021Q3,2021-09-30,분기말 종가,194.14,USD,API,https://query1.finance.yahoo.com/v8/finance/chart/ZTS?interval=1d&events=splits (2021-09-30),,14
Zoetis,ZTS,2021Q3,2021-10-29,분기말 상장주식수,473125822,주,공시(표지 기준일),https://www.sec.gov/Archives/edgar/data/1555280/000155528021000334/,dei:EntityCommonStockSharesOutstanding 클래스 합,14
Zoetis,ZTS,2021Q3,2021-09-30,분기말 시가총액,91852647083,USD,계산(종가×주식수),https://query1.finance.yahoo.com/v8/finance/chart/ZTS?interval=1d&events=splits (2021-09-30) ; https://www.sec.gov/Archives/edgar/data/1555280/000155528021000334/,종가 194.14 × 주식수 473125822,14
Zoetis,ZTS,2021Q4,2021-12-31,분기별 매출액,1967000000,USD,계산(연간-3분기누적),https://www.sec.gov/Archives/edgar/data/1555280/000155528022000078/ ; https://www.sec.gov/Archives/edgar/data/1555280/000155528021000334/,연간 7776000000 − 9개월누적 5809000000 (Revenues),14
Zoetis,ZTS,2021Q4,2021-12-31,분기별 영업이익,미확인,USD,미확인,SEC companyfacts CIK0001555280: 해당 보고서에 OperatingIncomeLoss 태그 없음(영업이익 미공시) ; SEC companyfacts CIK0001555280: OperatingIncomeLoss 태그 없음(영업이익 미공시),,14
Zoetis,ZTS,2021Q4,2021-12-31,분기별 당기순이익(지배),414000000,USD,계산(연간-3분기누적),https://www.sec.gov/Archives/edgar/data/1555280/000155528022000078/ ; https://www.sec.gov/Archives/edgar/data/1555280/000155528021000334/,연간 2037000000 − 9개월누적 1623000000 (NetIncomeLoss),14
Zoetis,ZTS,2021Q4,2021-12-31,분기별 영업활동현금흐름,679000000,USD,계산(누적차감),https://www.sec.gov/Archives/edgar/data/1555280/000155528022000078/ ; https://www.sec.gov/Archives/edgar/data/1555280/000155528021000334/,누적 2213000000 − 직전누적 1534000000 (시작 2021-01-01),14
Zoetis,ZTS,2021Q4,2021-12-31,분기말 자산총계,13900000000,USD,공시,https://www.sec.gov/Archives/edgar/data/1555280/000155528022000078/,,14
Zoetis,ZTS,2021Q4,2021-12-31,분기말 부채총계,9356000000,USD,공시,https://www.sec.gov/Archives/edgar/data/1555280/000155528022000078/,,14
Zoetis,ZTS,2021Q4,2021-12-31,분기말 총자본(자기자본),4544000000,USD,공시,https://www.sec.gov/Archives/edgar/data/1555280/000155528022000078/,,14
Zoetis,ZTS,2021Q4,2021-12-31,분기말 지배지분 자본,4543000000,USD,공시,https://www.sec.gov/Archives/edgar/data/1555280/000155528022000078/,,14
Zoetis,ZTS,2021Q4,2021-12-31,분기말 종가,244.03,USD,API,https://query1.finance.yahoo.com/v8/finance/chart/ZTS?interval=1d&events=splits (2021-12-31),,14
Zoetis,ZTS,2021Q4,2022-02-11,분기말 상장주식수,471970580,주,공시(표지 기준일),https://www.sec.gov/Archives/edgar/data/1555280/000155528022000078/,dei:EntityCommonStockSharesOutstanding 클래스 합,14
Zoetis,ZTS,2021Q4,2021-12-31,분기말 시가총액,115174980637,USD,계산(종가×주식수),https://query1.finance.yahoo.com/v8/finance/chart/ZTS?interval=1d&events=splits (2021-12-31) ; https://www.sec.gov/Archives/edgar/data/1555280/000155528022000078/,종가 244.03 × 주식수 471970580,14
Zoetis,ZTS,2022Q1,2022-03-31,분기별 매출액,1986000000,USD,공시,https://www.sec.gov/Archives/edgar/data/1555280/000155528022000174/,,14
Zoetis,ZTS,2022Q1,2022-03-31,분기별 영업이익,미확인,USD,미확인,SEC companyfacts CIK0001555280: 해당 보고서에 OperatingIncomeLoss 태그 없음(영업이익 미공시) ; SEC companyfacts CIK0001555280: OperatingIncomeLoss 태그 없음(영업이익 미공시),,14
Zoetis,ZTS,2022Q1,2022-03-31,분기별 당기순이익(지배),595000000,USD,공시,https://www.sec.gov/Archives/edgar/data/1555280/000155528022000174/,,14
Zoetis,ZTS,2022Q1,2022-03-31,분기별 영업활동현금흐름,309000000,USD,공시,https://www.sec.gov/Archives/edgar/data/1555280/000155528022000174/,,14
Zoetis,ZTS,2022Q1,2022-03-31,분기말 자산총계,13860000000,USD,공시,https://www.sec.gov/Archives/edgar/data/1555280/000155528022000174/,,14
Zoetis,ZTS,2022Q1,2022-03-31,분기말 부채총계,9202000000,USD,공시,https://www.sec.gov/Archives/edgar/data/1555280/000155528022000174/,,14
Zoetis,ZTS,2022Q1,2022-03-31,분기말 총자본(자기자본),4658000000,USD,공시,https://www.sec.gov/Archives/edgar/data/1555280/000155528022000174/,,14
Zoetis,ZTS,2022Q1,2022-03-31,분기말 지배지분 자본,4658000000,USD,공시,https://www.sec.gov/Archives/edgar/data/1555280/000155528022000174/,,14
Zoetis,ZTS,2022Q1,2022-03-31,분기말 종가,188.59,USD,API,https://query1.finance.yahoo.com/v8/finance/chart/ZTS?interval=1d&events=splits (2022-03-31),,14
Zoetis,ZTS,2022Q1,2022-04-29,분기말 상장주식수,470628655,주,공시(표지 기준일),https://www.sec.gov/Archives/edgar/data/1555280/000155528022000174/,dei:EntityCommonStockSharesOutstanding 클래스 합,14
Zoetis,ZTS,2022Q1,2022-03-31,분기말 시가총액,88755858046,USD,계산(종가×주식수),https://query1.finance.yahoo.com/v8/finance/chart/ZTS?interval=1d&events=splits (2022-03-31) ; https://www.sec.gov/Archives/edgar/data/1555280/000155528022000174/,종가 188.59 × 주식수 470628655,14
Zoetis,ZTS,2022Q2,2022-06-30,분기별 매출액,2052000000,USD,공시,https://www.sec.gov/Archives/edgar/data/1555280/000155528022000231/,,14
Zoetis,ZTS,2022Q2,2022-06-30,분기별 영업이익,미확인,USD,미확인,SEC companyfacts CIK0001555280: 해당 보고서에 OperatingIncomeLoss 태그 없음(영업이익 미공시) ; SEC companyfacts CIK0001555280: OperatingIncomeLoss 태그 없음(영업이익 미공시),,14
Zoetis,ZTS,2022Q2,2022-06-30,분기별 당기순이익(지배),529000000,USD,공시,https://www.sec.gov/Archives/edgar/data/1555280/000155528022000231/,,14
Zoetis,ZTS,2022Q2,2022-06-30,분기별 영업활동현금흐름,336000000,USD,계산(누적차감),https://www.sec.gov/Archives/edgar/data/1555280/000155528022000231/ ; https://www.sec.gov/Archives/edgar/data/1555280/000155528022000174/,누적 645000000 − 직전누적 309000000 (시작 2022-01-01),14
Zoetis,ZTS,2022Q2,2022-06-30,분기말 자산총계,13770000000,USD,공시,https://www.sec.gov/Archives/edgar/data/1555280/000155528022000231/,,14
Zoetis,ZTS,2022Q2,2022-06-30,분기말 부채총계,9190000000,USD,공시,https://www.sec.gov/Archives/edgar/data/1555280/000155528022000231/,,14
Zoetis,ZTS,2022Q2,2022-06-30,분기말 총자본(자기자본),4580000000,USD,공시,https://www.sec.gov/Archives/edgar/data/1555280/000155528022000231/,,14
Zoetis,ZTS,2022Q2,2022-06-30,분기말 지배지분 자본,4580000000,USD,공시,https://www.sec.gov/Archives/edgar/data/1555280/000155528022000231/,,14
Zoetis,ZTS,2022Q2,2022-06-30,분기말 종가,171.89,USD,API,https://query1.finance.yahoo.com/v8/finance/chart/ZTS?interval=1d&events=splits (2022-06-30),,14
Zoetis,ZTS,2022Q2,2022-07-29,분기말 상장주식수,468138568,주,공시(표지 기준일),https://www.sec.gov/Archives/edgar/data/1555280/000155528022000231/,dei:EntityCommonStockSharesOutstanding 클래스 합,14
Zoetis,ZTS,2022Q2,2022-06-30,분기말 시가총액,80468338454,USD,계산(종가×주식수),https://query1.finance.yahoo.com/v8/finance/chart/ZTS?interval=1d&events=splits (2022-06-30) ; https://www.sec.gov/Archives/edgar/data/1555280/000155528022000231/,종가 171.89 × 주식수 468138568,14
Zoetis,ZTS,2022Q3,2022-09-30,분기별 매출액,2002000000,USD,공시,https://www.sec.gov/Archives/edgar/data/1555280/000155528022000276/,,14
Zoetis,ZTS,2022Q3,2022-09-30,분기별 영업이익,미확인,USD,미확인,SEC companyfacts CIK0001555280: 해당 보고서에 OperatingIncomeLoss 태그 없음(영업이익 미공시) ; SEC companyfacts CIK0001555280: OperatingIncomeLoss 태그 없음(영업이익 미공시),,14
Zoetis,ZTS,2022Q3,2022-09-30,분기별 당기순이익(지배),529000000,USD,공시,https://www.sec.gov/Archives/edgar/data/1555280/000155528022000276/,,14
Zoetis,ZTS,2022Q3,2022-09-30,분기별 영업활동현금흐름,526000000,USD,계산(누적차감),https://www.sec.gov/Archives/edgar/data/1555280/000155528022000276/ ; https://www.sec.gov/Archives/edgar/data/1555280/000155528022000231/,누적 1171000000 − 직전누적 645000000 (시작 2022-01-01),14
Zoetis,ZTS,2022Q3,2022-09-30,분기말 자산총계,13674000000,USD,공시,https://www.sec.gov/Archives/edgar/data/1555280/000155528022000276/,,14
Zoetis,ZTS,2022Q3,2022-09-30,분기말 부채총계,9012000000,USD,공시,https://www.sec.gov/Archives/edgar/data/1555280/000155528022000276/,,14
Zoetis,ZTS,2022Q3,2022-09-30,분기말 총자본(자기자본),4662000000,USD,공시,https://www.sec.gov/Archives/edgar/data/1555280/000155528022000276/,,14
Zoetis,ZTS,2022Q3,2022-09-30,분기말 지배지분 자본,4663000000,USD,공시,https://www.sec.gov/Archives/edgar/data/1555280/000155528022000276/,,14
Zoetis,ZTS,2022Q3,2022-09-30,분기말 종가,148.29,USD,API,https://query1.finance.yahoo.com/v8/finance/chart/ZTS?interval=1d&events=splits (2022-09-30),,14
Zoetis,ZTS,2022Q3,2022-10-28,분기말 상장주식수,466071995,주,공시(표지 기준일),https://www.sec.gov/Archives/edgar/data/1555280/000155528022000276/,dei:EntityCommonStockSharesOutstanding 클래스 합,14
Zoetis,ZTS,2022Q3,2022-09-30,분기말 시가총액,69113816139,USD,계산(종가×주식수),https://query1.finance.yahoo.com/v8/finance/chart/ZTS?interval=1d&events=splits (2022-09-30) ; https://www.sec.gov/Archives/edgar/data/1555280/000155528022000276/,종가 148.29 × 주식수 466071995,14
Zoetis,ZTS,2022Q4,2022-12-31,분기별 매출액,2040000000,USD,계산(연간-3분기누적),https://www.sec.gov/Archives/edgar/data/1555280/000155528023000074/ ; https://www.sec.gov/Archives/edgar/data/1555280/000155528022000276/,연간 8080000000 − 9개월누적 6040000000 (Revenues),14
Zoetis,ZTS,2022Q4,2022-12-31,분기별 영업이익,미확인,USD,미확인,SEC companyfacts CIK0001555280: 해당 보고서에 OperatingIncomeLoss 태그 없음(영업이익 미공시) ; SEC companyfacts CIK0001555280: OperatingIncomeLoss 태그 없음(영업이익 미공시),,14
Zoetis,ZTS,2022Q4,2022-12-31,분기별 당기순이익(지배),461000000,USD,계산(연간-3분기누적),https://www.sec.gov/Archives/edgar/data/1555280/000155528023000074/ ; https://www.sec.gov/Archives/edgar/data/1555280/000155528022000276/,연간 2114000000 − 9개월누적 1653000000 (NetIncomeLoss),14
Zoetis,ZTS,2022Q4,2022-12-31,분기별 영업활동현금흐름,741000000,USD,계산(누적차감),https://www.sec.gov/Archives/edgar/data/1555280/000155528023000074/ ; https://www.sec.gov/Archives/edgar/data/1555280/000155528022000276/,누적 1912000000 − 직전누적 1171000000 (시작 2022-01-01),14
Zoetis,ZTS,2022Q4,2022-12-31,분기말 자산총계,14925000000,USD,공시,https://www.sec.gov/Archives/edgar/data/1555280/000155528023000074/,,14
Zoetis,ZTS,2022Q4,2022-12-31,분기말 부채총계,10522000000,USD,공시,https://www.sec.gov/Archives/edgar/data/1555280/000155528023000074/,,14
Zoetis,ZTS,2022Q4,2022-12-31,분기말 총자본(자기자본),4403000000,USD,공시,https://www.sec.gov/Archives/edgar/data/1555280/000155528023000074/,,14
Zoetis,ZTS,2022Q4,2022-12-31,분기말 지배지분 자본,4405000000,USD,공시,https://www.sec.gov/Archives/edgar/data/1555280/000155528023000074/,,14
Zoetis,ZTS,2022Q4,2022-12-30,분기말 종가,146.55,USD,API,https://query1.finance.yahoo.com/v8/finance/chart/ZTS?interval=1d&events=splits (2022-12-30),,14
Zoetis,ZTS,2022Q4,2023-02-10,분기말 상장주식수,463386716,주,공시(표지 기준일),https://www.sec.gov/Archives/edgar/data/1555280/000155528023000074/,dei:EntityCommonStockSharesOutstanding 클래스 합,14
Zoetis,ZTS,2022Q4,2022-12-30,분기말 시가총액,67909323230,USD,계산(종가×주식수),https://query1.finance.yahoo.com/v8/finance/chart/ZTS?interval=1d&events=splits (2022-12-30) ; https://www.sec.gov/Archives/edgar/data/1555280/000155528023000074/,종가 146.55 × 주식수 463386716,14
Zoetis,ZTS,2023Q1,2023-03-31,분기별 매출액,2000000000,USD,공시,https://www.sec.gov/Archives/edgar/data/1555280/000155528023000150/,,14
Zoetis,ZTS,2023Q1,2023-03-31,분기별 영업이익,미확인,USD,미확인,SEC companyfacts CIK0001555280: 해당 보고서에 OperatingIncomeLoss 태그 없음(영업이익 미공시) ; SEC companyfacts CIK0001555280: OperatingIncomeLoss 태그 없음(영업이익 미공시),,14
Zoetis,ZTS,2023Q1,2023-03-31,분기별 당기순이익(지배),552000000,USD,공시,https://www.sec.gov/Archives/edgar/data/1555280/000155528023000150/,,14
Zoetis,ZTS,2023Q1,2023-03-31,분기별 영업활동현금흐름,549000000,USD,공시,https://www.sec.gov/Archives/edgar/data/1555280/000155528023000150/,,14
Zoetis,ZTS,2023Q1,2023-03-31,분기말 자산총계,13754000000,USD,공시,https://www.sec.gov/Archives/edgar/data/1555280/000155528023000150/,,14
Zoetis,ZTS,2023Q1,2023-03-31,분기말 부채총계,9263000000,USD,공시,https://www.sec.gov/Archives/edgar/data/1555280/000155528023000150/,,14
Zoetis,ZTS,2023Q1,2023-03-31,분기말 총자본(자기자본),4491000000,USD,공시,https://www.sec.gov/Archives/edgar/data/1555280/000155528023000150/,,14
Zoetis,ZTS,2023Q1,2023-03-31,분기말 지배지분 자본,4494000000,USD,공시,https://www.sec.gov/Archives/edgar/data/1555280/000155528023000150/,,14
Zoetis,ZTS,2023Q1,2023-03-31,분기말 종가,166.44,USD,API,https://query1.finance.yahoo.com/v8/finance/chart/ZTS?interval=1d&events=splits (2023-03-31),,14
Zoetis,ZTS,2023Q1,2023-04-28,분기말 상장주식수,462112140,주,공시(표지 기준일),https://www.sec.gov/Archives/edgar/data/1555280/000155528023000150/,dei:EntityCommonStockSharesOutstanding 클래스 합,14
Zoetis,ZTS,2023Q1,2023-03-31,분기말 시가총액,76913944582,USD,계산(종가×주식수),https://query1.finance.yahoo.com/v8/finance/chart/ZTS?interval=1d&events=splits (2023-03-31) ; https://www.sec.gov/Archives/edgar/data/1555280/000155528023000150/,종가 166.44 × 주식수 462112140,14
Zoetis,ZTS,2023Q2,2023-06-30,분기별 매출액,2180000000,USD,공시,https://www.sec.gov/Archives/edgar/data/1555280/000155528023000205/,,14
Zoetis,ZTS,2023Q2,2023-06-30,분기별 영업이익,미확인,USD,미확인,SEC companyfacts CIK0001555280: 해당 보고서에 OperatingIncomeLoss 태그 없음(영업이익 미공시) ; SEC companyfacts CIK0001555280: OperatingIncomeLoss 태그 없음(영업이익 미공시),,14
Zoetis,ZTS,2023Q2,2023-06-30,분기별 당기순이익(지배),671000000,USD,공시,https://www.sec.gov/Archives/edgar/data/1555280/000155528023000205/,,14
Zoetis,ZTS,2023Q2,2023-06-30,분기별 영업활동현금흐름,183000000,USD,계산(누적차감),https://www.sec.gov/Archives/edgar/data/1555280/000155528023000205/ ; https://www.sec.gov/Archives/edgar/data/1555280/000155528023000150/,누적 732000000 − 직전누적 549000000 (시작 2023-01-01),14
Zoetis,ZTS,2023Q2,2023-06-30,분기말 자산총계,13749000000,USD,공시,https://www.sec.gov/Archives/edgar/data/1555280/000155528023000205/,,14
Zoetis,ZTS,2023Q2,2023-06-30,분기말 부채총계,9128000000,USD,공시,https://www.sec.gov/Archives/edgar/data/1555280/000155528023000205/,,14
Zoetis,ZTS,2023Q2,2023-06-30,분기말 총자본(자기자본),4621000000,USD,공시,https://www.sec.gov/Archives/edgar/data/1555280/000155528023000205/,,14
Zoetis,ZTS,2023Q2,2023-06-30,분기말 지배지분 자본,4625000000,USD,공시,https://www.sec.gov/Archives/edgar/data/1555280/000155528023000205/,,14
Zoetis,ZTS,2023Q2,2023-06-30,분기말 종가,172.21,USD,API,https://query1.finance.yahoo.com/v8/finance/chart/ZTS?interval=1d&events=splits (2023-06-30),,14
Zoetis,ZTS,2023Q2,2023-08-04,분기말 상장주식수,460316905,주,공시(표지 기준일),https://www.sec.gov/Archives/edgar/data/1555280/000155528023000205/,dei:EntityCommonStockSharesOutstanding 클래스 합,14
Zoetis,ZTS,2023Q2,2023-06-30,분기말 시가총액,79271174210,USD,계산(종가×주식수),https://query1.finance.yahoo.com/v8/finance/chart/ZTS?interval=1d&events=splits (2023-06-30) ; https://www.sec.gov/Archives/edgar/data/1555280/000155528023000205/,종가 172.21 × 주식수 460316905,14
Zoetis,ZTS,2023Q3,2023-09-30,분기별 매출액,2151000000,USD,공시,https://www.sec.gov/Archives/edgar/data/1555280/000155528023000247/,,14
Zoetis,ZTS,2023Q3,2023-09-30,분기별 영업이익,미확인,USD,미확인,SEC companyfacts CIK0001555280: 해당 보고서에 OperatingIncomeLoss 태그 없음(영업이익 미공시) ; SEC companyfacts CIK0001555280: OperatingIncomeLoss 태그 없음(영업이익 미공시),,14
Zoetis,ZTS,2023Q3,2023-09-30,분기별 당기순이익(지배),596000000,USD,공시,https://www.sec.gov/Archives/edgar/data/1555280/000155528023000247/,,14
Zoetis,ZTS,2023Q3,2023-09-30,분기별 영업활동현금흐름,724000000,USD,계산(누적차감),https://www.sec.gov/Archives/edgar/data/1555280/000155528023000247/ ; https://www.sec.gov/Archives/edgar/data/1555280/000155528023000205/,누적 1456000000 − 직전누적 732000000 (시작 2023-01-01),14
Zoetis,ZTS,2023Q3,2023-09-30,분기말 자산총계,14106000000,USD,공시,https://www.sec.gov/Archives/edgar/data/1555280/000155528023000247/,,14
Zoetis,ZTS,2023Q3,2023-09-30,분기말 부채총계,9032000000,USD,공시,https://www.sec.gov/Archives/edgar/data/1555280/000155528023000247/,,14
Zoetis,ZTS,2023Q3,2023-09-30,분기말 총자본(자기자본),5074000000,USD,공시,https://www.sec.gov/Archives/edgar/data/1555280/000155528023000247/,,14
Zoetis,ZTS,2023Q3,2023-09-30,분기말 지배지분 자본,5078000000,USD,공시,https://www.sec.gov/Archives/edgar/data/1555280/000155528023000247/,,14
Zoetis,ZTS,2023Q3,2023-09-29,분기말 종가,173.98,USD,API,https://query1.finance.yahoo.com/v8/finance/chart/ZTS?interval=1d&events=splits (2023-09-29),,14
Zoetis,ZTS,2023Q3,2023-10-27,분기말 상장주식수,459113691,주,공시(표지 기준일),https://www.sec.gov/Archives/edgar/data/1555280/000155528023000247/,dei:EntityCommonStockSharesOutstanding 클래스 합,14
Zoetis,ZTS,2023Q3,2023-09-29,분기말 시가총액,79876599960,USD,계산(종가×주식수),https://query1.finance.yahoo.com/v8/finance/chart/ZTS?interval=1d&events=splits (2023-09-29) ; https://www.sec.gov/Archives/edgar/data/1555280/000155528023000247/,종가 173.98 × 주식수 459113691,14
Zoetis,ZTS,2023Q4,2023-12-31,분기별 매출액,2213000000,USD,계산(연간-3분기누적),https://www.sec.gov/Archives/edgar/data/1555280/000155528024000143/ ; https://www.sec.gov/Archives/edgar/data/1555280/000155528023000247/,연간 8544000000 − 9개월누적 6331000000 (Revenues),14
Zoetis,ZTS,2023Q4,2023-12-31,분기별 영업이익,미확인,USD,미확인,SEC companyfacts CIK0001555280: 해당 보고서에 OperatingIncomeLoss 태그 없음(영업이익 미공시) ; SEC companyfacts CIK0001555280: OperatingIncomeLoss 태그 없음(영업이익 미공시),,14
Zoetis,ZTS,2023Q4,2023-12-31,분기별 당기순이익(지배),525000000,USD,계산(연간-3분기누적),https://www.sec.gov/Archives/edgar/data/1555280/000155528024000143/ ; https://www.sec.gov/Archives/edgar/data/1555280/000155528023000247/,연간 2344000000 − 9개월누적 1819000000 (NetIncomeLoss),14
Zoetis,ZTS,2023Q4,2023-12-31,분기별 영업활동현금흐름,897000000,USD,계산(누적차감),https://www.sec.gov/Archives/edgar/data/1555280/000155528024000143/ ; https://www.sec.gov/Archives/edgar/data/1555280/000155528023000247/,누적 2353000000 − 직전누적 1456000000 (시작 2023-01-01),14
Zoetis,ZTS,2023Q4,2023-12-31,분기말 자산총계,14286000000,USD,공시,https://www.sec.gov/Archives/edgar/data/1555280/000155528024000143/,,14
Zoetis,ZTS,2023Q4,2023-12-31,분기말 부채총계,9295000000,USD,공시,https://www.sec.gov/Archives/edgar/data/1555280/000155528024000143/,,14
Zoetis,ZTS,2023Q4,2023-12-31,분기말 총자본(자기자본),4991000000,USD,공시,https://www.sec.gov/Archives/edgar/data/1555280/000155528024000143/,,14
Zoetis,ZTS,2023Q4,2023-12-31,분기말 지배지분 자본,4997000000,USD,공시,https://www.sec.gov/Archives/edgar/data/1555280/000155528024000143/,,14
Zoetis,ZTS,2023Q4,2023-12-29,분기말 종가,197.37,USD,API,https://query1.finance.yahoo.com/v8/finance/chart/ZTS?interval=1d&events=splits (2023-12-29),,14
Zoetis,ZTS,2023Q4,2024-02-09,분기말 상장주식수,457867115,주,공시(표지 기준일),https://www.sec.gov/Archives/edgar/data/1555280/000155528024000143/,dei:EntityCommonStockSharesOutstanding 클래스 합,14
Zoetis,ZTS,2023Q4,2023-12-29,분기말 시가총액,90369232488,USD,계산(종가×주식수),https://query1.finance.yahoo.com/v8/finance/chart/ZTS?interval=1d&events=splits (2023-12-29) ; https://www.sec.gov/Archives/edgar/data/1555280/000155528024000143/,종가 197.37 × 주식수 457867115,14
Zoetis,ZTS,2024Q1,2024-03-31,분기별 매출액,2190000000,USD,공시,https://www.sec.gov/Archives/edgar/data/1555280/000155528024000249/,,14
Zoetis,ZTS,2024Q1,2024-03-31,분기별 영업이익,미확인,USD,미확인,SEC companyfacts CIK0001555280: 해당 보고서에 OperatingIncomeLoss 태그 없음(영업이익 미공시) ; SEC companyfacts CIK0001555280: OperatingIncomeLoss 태그 없음(영업이익 미공시),,14
Zoetis,ZTS,2024Q1,2024-03-31,분기별 당기순이익(지배),599000000,USD,공시,https://www.sec.gov/Archives/edgar/data/1555280/000155528024000249/,,14
Zoetis,ZTS,2024Q1,2024-03-31,분기별 영업활동현금흐름,595000000,USD,공시,https://www.sec.gov/Archives/edgar/data/1555280/000155528024000249/,,14
Zoetis,ZTS,2024Q1,2024-03-31,분기말 자산총계,14348000000,USD,공시,https://www.sec.gov/Archives/edgar/data/1555280/000155528024000249/,,14
Zoetis,ZTS,2024Q1,2024-03-31,분기말 부채총계,9296000000,USD,공시,https://www.sec.gov/Archives/edgar/data/1555280/000155528024000249/,,14
Zoetis,ZTS,2024Q1,2024-03-31,분기말 총자본(자기자본),5052000000,USD,공시,https://www.sec.gov/Archives/edgar/data/1555280/000155528024000249/,,14
Zoetis,ZTS,2024Q1,2024-03-31,분기말 지배지분 자본,5058000000,USD,공시,https://www.sec.gov/Archives/edgar/data/1555280/000155528024000249/,,14
Zoetis,ZTS,2024Q1,2024-03-28,분기말 종가,169.21,USD,API,https://query1.finance.yahoo.com/v8/finance/chart/ZTS?interval=1d&events=splits (2024-03-28),,14
Zoetis,ZTS,2024Q1,2024-04-26,분기말 상장주식수,456295137,주,공시(표지 기준일),https://www.sec.gov/Archives/edgar/data/1555280/000155528024000249/,dei:EntityCommonStockSharesOutstanding 클래스 합,14
Zoetis,ZTS,2024Q1,2024-03-28,분기말 시가총액,77209700132,USD,계산(종가×주식수),https://query1.finance.yahoo.com/v8/finance/chart/ZTS?interval=1d&events=splits (2024-03-28) ; https://www.sec.gov/Archives/edgar/data/1555280/000155528024000249/,종가 169.21 × 주식수 456295137,14
Zoetis,ZTS,2024Q2,2024-06-30,분기별 매출액,2361000000,USD,공시,https://www.sec.gov/Archives/edgar/data/1555280/000155528024000299/,,14
Zoetis,ZTS,2024Q2,2024-06-30,분기별 영업이익,미확인,USD,미확인,SEC companyfacts CIK0001555280: 해당 보고서에 OperatingIncomeLoss 태그 없음(영업이익 미공시) ; SEC companyfacts CIK0001555280: OperatingIncomeLoss 태그 없음(영업이익 미공시),,14
Zoetis,ZTS,2024Q2,2024-06-30,분기별 당기순이익(지배),624000000,USD,공시,https://www.sec.gov/Archives/edgar/data/1555280/000155528024000299/,,14
Zoetis,ZTS,2024Q2,2024-06-30,분기별 영업활동현금흐름,502000000,USD,계산(누적차감),https://www.sec.gov/Archives/edgar/data/1555280/000155528024000299/ ; https://www.sec.gov/Archives/edgar/data/1555280/000155528024000249/,누적 1097000000 − 직전누적 595000000 (시작 2024-01-01),14
Zoetis,ZTS,2024Q2,2024-06-30,분기말 자산총계,14165000000,USD,공시,https://www.sec.gov/Archives/edgar/data/1555280/000155528024000299/,,14
Zoetis,ZTS,2024Q2,2024-06-30,분기말 부채총계,9205000000,USD,공시,https://www.sec.gov/Archives/edgar/data/1555280/000155528024000299/,,14
Zoetis,ZTS,2024Q2,2024-06-30,분기말 총자본(자기자본),4960000000,USD,공시,https://www.sec.gov/Archives/edgar/data/1555280/000155528024000299/,,14
Zoetis,ZTS,2024Q2,2024-06-30,분기말 지배지분 자본,4966000000,USD,공시,https://www.sec.gov/Archives/edgar/data/1555280/000155528024000299/,,14
Zoetis,ZTS,2024Q2,2024-06-28,분기말 종가,173.36,USD,API,https://query1.finance.yahoo.com/v8/finance/chart/ZTS?interval=1d&events=splits (2024-06-28),,14
Zoetis,ZTS,2024Q2,2024-08-02,분기말 상장주식수,453050990,주,공시(표지 기준일),https://www.sec.gov/Archives/edgar/data/1555280/000155528024000299/,dei:EntityCommonStockSharesOutstanding 클래스 합,14
Zoetis,ZTS,2024Q2,2024-06-28,분기말 시가총액,78540919626,USD,계산(종가×주식수),https://query1.finance.yahoo.com/v8/finance/chart/ZTS?interval=1d&events=splits (2024-06-28) ; https://www.sec.gov/Archives/edgar/data/1555280/000155528024000299/,종가 173.36 × 주식수 453050990,14
Zoetis,ZTS,2024Q3,2024-09-30,분기별 매출액,2388000000,USD,공시,https://www.sec.gov/Archives/edgar/data/1555280/000155528024000332/,,14
Zoetis,ZTS,2024Q3,2024-09-30,분기별 영업이익,미확인,USD,미확인,SEC companyfacts CIK0001555280: 해당 보고서에 OperatingIncomeLoss 태그 없음(영업이익 미공시) ; SEC companyfacts CIK0001555280: OperatingIncomeLoss 태그 없음(영업이익 미공시),,14
Zoetis,ZTS,2024Q3,2024-09-30,분기별 당기순이익(지배),682000000,USD,공시,https://www.sec.gov/Archives/edgar/data/1555280/000155528024000332/,,14
Zoetis,ZTS,2024Q3,2024-09-30,분기별 영업활동현금흐름,951000000,USD,계산(누적차감),https://www.sec.gov/Archives/edgar/data/1555280/000155528024000332/ ; https://www.sec.gov/Archives/edgar/data/1555280/000155528024000299/,누적 2048000000 − 직전누적 1097000000 (시작 2024-01-01),14
Zoetis,ZTS,2024Q3,2024-09-30,분기말 자산총계,14357000000,USD,공시,https://www.sec.gov/Archives/edgar/data/1555280/000155528024000332/,,14
Zoetis,ZTS,2024Q3,2024-09-30,분기말 부채총계,9123000000,USD,공시,https://www.sec.gov/Archives/edgar/data/1555280/000155528024000332/,,14
Zoetis,ZTS,2024Q3,2024-09-30,분기말 총자본(자기자본),5234000000,USD,공시,https://www.sec.gov/Archives/edgar/data/1555280/000155528024000332/,,14
Zoetis,ZTS,2024Q3,2024-09-30,분기말 지배지분 자본,5234000000,USD,공시,https://www.sec.gov/Archives/edgar/data/1555280/000155528024000332/,,14
Zoetis,ZTS,2024Q3,2024-09-30,분기말 종가,195.38,USD,API,https://query1.finance.yahoo.com/v8/finance/chart/ZTS?interval=1d&events=splits (2024-09-30),,14
Zoetis,ZTS,2024Q3,2024-10-31,분기말 상장주식수,451165011,주,공시(표지 기준일),https://www.sec.gov/Archives/edgar/data/1555280/000155528024000332/,dei:EntityCommonStockSharesOutstanding 클래스 합,14
Zoetis,ZTS,2024Q3,2024-09-30,분기말 시가총액,88148619849,USD,계산(종가×주식수),https://query1.finance.yahoo.com/v8/finance/chart/ZTS?interval=1d&events=splits (2024-09-30) ; https://www.sec.gov/Archives/edgar/data/1555280/000155528024000332/,종가 195.38 × 주식수 451165011,14
Zoetis,ZTS,2024Q4,2024-12-31,분기별 매출액,2317000000,USD,계산(연간-3분기누적),https://www.sec.gov/Archives/edgar/data/1555280/000155528025000102/ ; https://www.sec.gov/Archives/edgar/data/1555280/000155528024000332/,연간 9256000000 − 9개월누적 6939000000 (Revenues),14
Zoetis,ZTS,2024Q4,2024-12-31,분기별 영업이익,미확인,USD,미확인,SEC companyfacts CIK0001555280: 해당 보고서에 OperatingIncomeLoss 태그 없음(영업이익 미공시) ; SEC companyfacts CIK0001555280: OperatingIncomeLoss 태그 없음(영업이익 미공시),,14
Zoetis,ZTS,2024Q4,2024-12-31,분기별 당기순이익(지배),581000000,USD,계산(연간-3분기누적),https://www.sec.gov/Archives/edgar/data/1555280/000155528025000102/ ; https://www.sec.gov/Archives/edgar/data/1555280/000155528024000332/,연간 2486000000 − 9개월누적 1905000000 (NetIncomeLoss),14
Zoetis,ZTS,2024Q4,2024-12-31,분기별 영업활동현금흐름,905000000,USD,계산(누적차감),https://www.sec.gov/Archives/edgar/data/1555280/000155528025000102/ ; https://www.sec.gov/Archives/edgar/data/1555280/000155528024000332/,누적 2953000000 − 직전누적 2048000000 (시작 2024-01-01),14
Zoetis,ZTS,2024Q4,2024-12-31,분기말 자산총계,14237000000,USD,공시,https://www.sec.gov/Archives/edgar/data/1555280/000155528025000102/,,14
Zoetis,ZTS,2024Q4,2024-12-31,분기말 부채총계,9467000000,USD,공시,https://www.sec.gov/Archives/edgar/data/1555280/000155528025000102/,,14
Zoetis,ZTS,2024Q4,2024-12-31,분기말 총자본(자기자본),4770000000,USD,공시,https://www.sec.gov/Archives/edgar/data/1555280/000155528025000102/,,14
Zoetis,ZTS,2024Q4,2024-12-31,분기말 지배지분 자본,4770000000,USD,공시,https://www.sec.gov/Archives/edgar/data/1555280/000155528025000102/,,14
Zoetis,ZTS,2024Q4,2024-12-31,분기말 종가,162.93,USD,API,https://query1.finance.yahoo.com/v8/finance/chart/ZTS?interval=1d&events=splits (2024-12-31),,14
Zoetis,ZTS,2024Q4,2025-02-07,분기말 상장주식수,447791917,주,공시(표지 기준일),https://www.sec.gov/Archives/edgar/data/1555280/000155528025000102/,dei:EntityCommonStockSharesOutstanding 클래스 합,14
Zoetis,ZTS,2024Q4,2024-12-31,분기말 시가총액,72958737037,USD,계산(종가×주식수),https://query1.finance.yahoo.com/v8/finance/chart/ZTS?interval=1d&events=splits (2024-12-31) ; https://www.sec.gov/Archives/edgar/data/1555280/000155528025000102/,종가 162.93 × 주식수 447791917,14
Zoetis,ZTS,2025Q1,2025-03-31,분기별 매출액,2198000000,USD,공시(재작성 반영),https://www.sec.gov/Archives/edgar/data/1555280/000155528026000024/,원 공시 2220000000 (https://www.sec.gov/Archives/edgar/data/1555280/000155528025000203/),14
Zoetis,ZTS,2025Q1,2025-03-31,분기별 영업이익,미확인,USD,미확인,SEC companyfacts CIK0001555280: 해당 보고서에 OperatingIncomeLoss 태그 없음(영업이익 미공시) ; SEC companyfacts CIK0001555280: OperatingIncomeLoss 태그 없음(영업이익 미공시),,14
Zoetis,ZTS,2025Q1,2025-03-31,분기별 당기순이익(지배),602000000,USD,공시(재작성 반영),https://www.sec.gov/Archives/edgar/data/1555280/000155528026000024/,원 공시 631000000 (https://www.sec.gov/Archives/edgar/data/1555280/000155528025000203/),14
Zoetis,ZTS,2025Q1,2025-03-31,분기별 영업활동현금흐름,515000000,USD,공시(재작성 반영),https://www.sec.gov/Archives/edgar/data/1555280/000155528026000024/,원 공시 587000000 (https://www.sec.gov/Archives/edgar/data/1555280/000155528025000203/),14
Zoetis,ZTS,2025Q1,2025-03-31,분기말 자산총계,14098000000,USD,공시,https://www.sec.gov/Archives/edgar/data/1555280/000155528025000203/,,14
Zoetis,ZTS,2025Q1,2025-03-31,분기말 부채총계,9443000000,USD,공시,https://www.sec.gov/Archives/edgar/data/1555280/000155528025000203/,,14
Zoetis,ZTS,2025Q1,2025-03-31,분기말 총자본(자기자본),4655000000,USD,공시,https://www.sec.gov/Archives/edgar/data/1555280/000155528025000203/,,14
Zoetis,ZTS,2025Q1,2025-03-31,분기말 지배지분 자본,4655000000,USD,공시,https://www.sec.gov/Archives/edgar/data/1555280/000155528025000203/,,14
Zoetis,ZTS,2025Q1,2025-03-31,분기말 종가,164.65,USD,API,https://query1.finance.yahoo.com/v8/finance/chart/ZTS?interval=1d&events=splits (2025-03-31),,14
Zoetis,ZTS,2025Q1,2025-05-02,분기말 상장주식수,445208053,주,공시(표지 기준일),https://www.sec.gov/Archives/edgar/data/1555280/000155528025000203/,dei:EntityCommonStockSharesOutstanding 클래스 합,14
Zoetis,ZTS,2025Q1,2025-03-31,분기말 시가총액,73303505926,USD,계산(종가×주식수),https://query1.finance.yahoo.com/v8/finance/chart/ZTS?interval=1d&events=splits (2025-03-31) ; https://www.sec.gov/Archives/edgar/data/1555280/000155528025000203/,종가 164.65 × 주식수 445208053,14
Zoetis,ZTS,2025Q2,2025-06-30,분기별 매출액,2460000000,USD,공시,https://www.sec.gov/Archives/edgar/data/1555280/000155528025000261/,,14
Zoetis,ZTS,2025Q2,2025-06-30,분기별 영업이익,미확인,USD,미확인,SEC companyfacts CIK0001555280: 해당 보고서에 OperatingIncomeLoss 태그 없음(영업이익 미공시) ; SEC companyfacts CIK0001555280: OperatingIncomeLoss 태그 없음(영업이익 미공시),,14
Zoetis,ZTS,2025Q2,2025-06-30,분기별 당기순이익(지배),718000000,USD,공시,https://www.sec.gov/Archives/edgar/data/1555280/000155528025000261/,,14
Zoetis,ZTS,2025Q2,2025-06-30,분기별 영업활동현금흐름,558000000,USD,계산(누적차감)(재작성 반영),https://www.sec.gov/Archives/edgar/data/1555280/000155528025000261/ ; https://www.sec.gov/Archives/edgar/data/1555280/000155528026000024/,누적 1073000000 − 직전누적 515000000 (시작 2025-01-01) ; 원 공시 486000000 (https://www.sec.gov/Archives/edgar/data/1555280/000155528025000261/ ; https://www.sec.gov/Archives/edgar/data/1555280/000155528025000203/),14
Zoetis,ZTS,2025Q2,2025-06-30,분기말 자산총계,14479000000,USD,공시,https://www.sec.gov/Archives/edgar/data/1555280/000155528025000261/,,14
Zoetis,ZTS,2025Q2,2025-06-30,분기말 부채총계,9502000000,USD,공시,https://www.sec.gov/Archives/edgar/data/1555280/000155528025000261/,,14
Zoetis,ZTS,2025Q2,2025-06-30,분기말 총자본(자기자본),4977000000,USD,공시,https://www.sec.gov/Archives/edgar/data/1555280/000155528025000261/,,14
Zoetis,ZTS,2025Q2,2025-06-30,분기말 지배지분 자본,4977000000,USD,공시,https://www.sec.gov/Archives/edgar/data/1555280/000155528025000261/,,14
Zoetis,ZTS,2025Q2,2025-06-30,분기말 종가,155.95,USD,API,https://query1.finance.yahoo.com/v8/finance/chart/ZTS?interval=1d&events=splits (2025-06-30),,14
Zoetis,ZTS,2025Q2,2025-08-01,분기말 상장주식수,443183472,주,공시(표지 기준일),https://www.sec.gov/Archives/edgar/data/1555280/000155528025000261/,dei:EntityCommonStockSharesOutstanding 클래스 합,14
Zoetis,ZTS,2025Q2,2025-06-30,분기말 시가총액,69114462458,USD,계산(종가×주식수),https://query1.finance.yahoo.com/v8/finance/chart/ZTS?interval=1d&events=splits (2025-06-30) ; https://www.sec.gov/Archives/edgar/data/1555280/000155528025000261/,종가 155.95 × 주식수 443183472,14
Zoetis,ZTS,2025Q3,2025-09-30,분기별 매출액,2400000000,USD,공시,https://www.sec.gov/Archives/edgar/data/1555280/000155528025000274/,,14
Zoetis,ZTS,2025Q3,2025-09-30,분기별 영업이익,미확인,USD,미확인,SEC companyfacts CIK0001555280: 해당 보고서에 OperatingIncomeLoss 태그 없음(영업이익 미공시) ; SEC companyfacts CIK0001555280: OperatingIncomeLoss 태그 없음(영업이익 미공시),,14
Zoetis,ZTS,2025Q3,2025-09-30,분기별 당기순이익(지배),721000000,USD,공시,https://www.sec.gov/Archives/edgar/data/1555280/000155528025000274/,,14
Zoetis,ZTS,2025Q3,2025-09-30,분기별 영업활동현금흐름,938000000,USD,계산(누적차감),https://www.sec.gov/Archives/edgar/data/1555280/000155528025000274/ ; https://www.sec.gov/Archives/edgar/data/1555280/000155528025000261/,누적 2011000000 − 직전누적 1073000000 (시작 2025-01-01),14
Zoetis,ZTS,2025Q3,2025-09-30,분기말 자산총계,15159000000,USD,공시,https://www.sec.gov/Archives/edgar/data/1555280/000155528025000274/,,14
Zoetis,ZTS,2025Q3,2025-09-30,분기말 부채총계,9761000000,USD,공시,https://www.sec.gov/Archives/edgar/data/1555280/000155528025000274/,,14
Zoetis,ZTS,2025Q3,2025-09-30,분기말 총자본(자기자본),5398000000,USD,공시,https://www.sec.gov/Archives/edgar/data/1555280/000155528025000274/,,14
Zoetis,ZTS,2025Q3,2025-09-30,분기말 지배지분 자본,5398000000,USD,공시,https://www.sec.gov/Archives/edgar/data/1555280/000155528025000274/,,14
Zoetis,ZTS,2025Q3,2025-09-30,분기말 종가,146.32,USD,API,https://query1.finance.yahoo.com/v8/finance/chart/ZTS?interval=1d&events=splits (2025-09-30),,14
Zoetis,ZTS,2025Q3,2025-10-31,분기말 상장주식수,440693214,주,공시(표지 기준일),https://www.sec.gov/Archives/edgar/data/1555280/000155528025000274/,dei:EntityCommonStockSharesOutstanding 클래스 합,14
Zoetis,ZTS,2025Q3,2025-09-30,분기말 시가총액,64482231072,USD,계산(종가×주식수),https://query1.finance.yahoo.com/v8/finance/chart/ZTS?interval=1d&events=splits (2025-09-30) ; https://www.sec.gov/Archives/edgar/data/1555280/000155528025000274/,종가 146.32 × 주식수 440693214,14
Zoetis,ZTS,2025Q4,2025-12-31,분기별 매출액,2387000000,USD,계산(연간-3분기누적),https://www.sec.gov/Archives/edgar/data/1555280/000155528026000011/ ; https://www.sec.gov/Archives/edgar/data/1555280/000155528025000274/,연간 9467000000 − 9개월누적 7080000000 (Revenues),14
Zoetis,ZTS,2025Q4,2025-12-31,분기별 영업이익,미확인,USD,미확인,SEC companyfacts CIK0001555280: 해당 보고서에 OperatingIncomeLoss 태그 없음(영업이익 미공시) ; SEC companyfacts CIK0001555280: OperatingIncomeLoss 태그 없음(영업이익 미공시),,14
Zoetis,ZTS,2025Q4,2025-12-31,분기별 당기순이익(지배),603000000,USD,계산(연간-3분기누적),https://www.sec.gov/Archives/edgar/data/1555280/000155528026000011/ ; https://www.sec.gov/Archives/edgar/data/1555280/000155528025000274/,연간 2673000000 − 9개월누적 2070000000 (NetIncomeLoss),14
Zoetis,ZTS,2025Q4,2025-12-31,분기별 영업활동현금흐름,893000000,USD,계산(누적차감),https://www.sec.gov/Archives/edgar/data/1555280/000155528026000011/ ; https://www.sec.gov/Archives/edgar/data/1555280/000155528025000274/,누적 2904000000 − 직전누적 2011000000 (시작 2025-01-01),14
Zoetis,ZTS,2025Q4,2025-12-31,분기말 자산총계,15490000000,USD,공시(재작성 반영),https://www.sec.gov/Archives/edgar/data/1555280/000155528026000040/,원 공시 15467000000 (https://www.sec.gov/Archives/edgar/data/1555280/000155528026000011/),14
Zoetis,ZTS,2025Q4,2025-12-31,분기말 부채총계,12075000000,USD,공시(재작성 반영),https://www.sec.gov/Archives/edgar/data/1555280/000155528026000040/,원 공시 12136000000 (https://www.sec.gov/Archives/edgar/data/1555280/000155528026000011/),14
Zoetis,ZTS,2025Q4,2025-12-31,분기말 총자본(자기자본),3415000000,USD,공시(재작성 반영),https://www.sec.gov/Archives/edgar/data/1555280/000155528026000040/,원 공시 3331000000 (https://www.sec.gov/Archives/edgar/data/1555280/000155528026000011/),14
Zoetis,ZTS,2025Q4,2025-12-31,분기말 지배지분 자본,3415000000,USD,공시(재작성 반영),https://www.sec.gov/Archives/edgar/data/1555280/000155528026000040/,원 공시 3331000000 (https://www.sec.gov/Archives/edgar/data/1555280/000155528026000011/),14
Zoetis,ZTS,2025Q4,2025-12-31,분기말 종가,125.82,USD,API,https://query1.finance.yahoo.com/v8/finance/chart/ZTS?interval=1d&events=splits (2025-12-31),,14
Zoetis,ZTS,2025Q4,2026-02-06,분기말 상장주식수,422127709,주,공시(표지 기준일),https://www.sec.gov/Archives/edgar/data/1555280/000155528026000011/,dei:EntityCommonStockSharesOutstanding 클래스 합,14
Zoetis,ZTS,2025Q4,2025-12-31,분기말 시가총액,53112108346,USD,계산(종가×주식수),https://query1.finance.yahoo.com/v8/finance/chart/ZTS?interval=1d&events=splits (2025-12-31) ; https://www.sec.gov/Archives/edgar/data/1555280/000155528026000011/,종가 125.82 × 주식수 422127709,14
Zoetis,ZTS,2026Q1,2026-03-31,분기별 매출액,2262000000,USD,공시,https://www.sec.gov/Archives/edgar/data/1555280/000155528026000024/,,14
Zoetis,ZTS,2026Q1,2026-03-31,분기별 영업이익,미확인,USD,미확인,SEC companyfacts CIK0001555280: 해당 보고서에 OperatingIncomeLoss 태그 없음(영업이익 미공시) ; SEC companyfacts CIK0001555280: OperatingIncomeLoss 태그 없음(영업이익 미공시),,14
Zoetis,ZTS,2026Q1,2026-03-31,분기별 당기순이익(지배),601000000,USD,공시,https://www.sec.gov/Archives/edgar/data/1555280/000155528026000024/,,14
Zoetis,ZTS,2026Q1,2026-03-31,분기별 영업활동현금흐름,401000000,USD,공시,https://www.sec.gov/Archives/edgar/data/1555280/000155528026000024/,,14
Zoetis,ZTS,2026Q1,2026-03-31,분기말 자산총계,15154000000,USD,공시,https://www.sec.gov/Archives/edgar/data/1555280/000155528026000024/,,14
Zoetis,ZTS,2026Q1,2026-03-31,분기말 부채총계,11921000000,USD,공시,https://www.sec.gov/Archives/edgar/data/1555280/000155528026000024/,,14
Zoetis,ZTS,2026Q1,2026-03-31,분기말 총자본(자기자본),3233000000,USD,공시,https://www.sec.gov/Archives/edgar/data/1555280/000155528026000024/,,14
Zoetis,ZTS,2026Q1,2026-03-31,분기말 지배지분 자본,3233000000,USD,공시,https://www.sec.gov/Archives/edgar/data/1555280/000155528026000024/,,14
Zoetis,ZTS,2026Q1,2026-03-31,분기말 종가,118.21,USD,API,https://query1.finance.yahoo.com/v8/finance/chart/ZTS?interval=1d&events=splits (2026-03-31),,14
Zoetis,ZTS,2026Q1,2026-05-01,분기말 상장주식수,419228118,주,공시(표지 기준일),https://www.sec.gov/Archives/edgar/data/1555280/000155528026000024/,dei:EntityCommonStockSharesOutstanding 클래스 합,14
Zoetis,ZTS,2026Q1,2026-03-31,분기말 시가총액,49556955829,USD,계산(종가×주식수),https://query1.finance.yahoo.com/v8/finance/chart/ZTS?interval=1d&events=splits (2026-03-31) ; https://www.sec.gov/Archives/edgar/data/1555280/000155528026000024/,종가 118.21 × 주식수 419228118,14
Zoetis,ZTS,2026Q2,2026-06-30,분기별 매출액,2468000000,USD,공시,https://www.sec.gov/Archives/edgar/data/1555280/000155528026000040/,,14
Zoetis,ZTS,2026Q2,2026-06-30,분기별 영업이익,미확인,USD,미확인,SEC companyfacts CIK0001555280: 해당 보고서에 OperatingIncomeLoss 태그 없음(영업이익 미공시) ; SEC companyfacts CIK0001555280: OperatingIncomeLoss 태그 없음(영업이익 미공시),,14
Zoetis,ZTS,2026Q2,2026-06-30,분기별 당기순이익(지배),691000000,USD,공시,https://www.sec.gov/Archives/edgar/data/1555280/000155528026000040/,,14
Zoetis,ZTS,2026Q2,2026-06-30,분기별 영업활동현금흐름,655000000,USD,계산(누적차감),https://www.sec.gov/Archives/edgar/data/1555280/000155528026000040/ ; https://www.sec.gov/Archives/edgar/data/1555280/000155528026000024/,누적 1056000000 − 직전누적 401000000 (시작 2026-01-01),14
Zoetis,ZTS,2026Q2,2026-06-30,분기말 자산총계,15077000000,USD,공시,https://www.sec.gov/Archives/edgar/data/1555280/000155528026000040/,,14
Zoetis,ZTS,2026Q2,2026-06-30,분기말 부채총계,11929000000,USD,공시,https://www.sec.gov/Archives/edgar/data/1555280/000155528026000040/,,14
Zoetis,ZTS,2026Q2,2026-06-30,분기말 총자본(자기자본),3148000000,USD,공시,https://www.sec.gov/Archives/edgar/data/1555280/000155528026000040/,,14
Zoetis,ZTS,2026Q2,2026-06-30,분기말 지배지분 자본,3148000000,USD,공시,https://www.sec.gov/Archives/edgar/data/1555280/000155528026000040/,,14
Zoetis,ZTS,2026Q2,2026-06-30,분기말 종가,71.86,USD,API,https://query1.finance.yahoo.com/v8/finance/chart/ZTS?interval=1d&events=splits (2026-06-30),,14
Zoetis,ZTS,2026Q2,2026-07-31,분기말 상장주식수,413223602,주,공시(표지 기준일),https://www.sec.gov/Archives/edgar/data/1555280/000155528026000040/,dei:EntityCommonStockSharesOutstanding 클래스 합,14
Zoetis,ZTS,2026Q2,2026-06-30,분기말 시가총액,29694248040,USD,계산(종가×주식수),https://query1.finance.yahoo.com/v8/finance/chart/ZTS?interval=1d&events=splits (2026-06-30) ; https://www.sec.gov/Archives/edgar/data/1555280/000155528026000040/,종가 71.86 × 주식수 413223602,14
