기업,종목코드,기간,기준일,항목,값,통화,값구분,출처,검산
Bloom Energy,BE,2010Q1,,분기별 매출액,데이터 없음(최초 보고기간 이전),USD,데이터 없음(최초 보고기간 전),https://data.sec.gov/submissions/CIK0001664703.json (최초 보고기간 2018Q2),
Bloom Energy,BE,2010Q1,,분기별 영업이익,데이터 없음(최초 보고기간 이전),USD,데이터 없음(최초 보고기간 전),https://data.sec.gov/submissions/CIK0001664703.json (최초 보고기간 2018Q2),
Bloom Energy,BE,2010Q1,,분기별 당기순이익(지배),데이터 없음(최초 보고기간 이전),USD,데이터 없음(최초 보고기간 전),https://data.sec.gov/submissions/CIK0001664703.json (최초 보고기간 2018Q2),
Bloom Energy,BE,2010Q1,,분기별 영업활동현금흐름,데이터 없음(최초 보고기간 이전),USD,데이터 없음(최초 보고기간 전),https://data.sec.gov/submissions/CIK0001664703.json (최초 보고기간 2018Q2),
Bloom Energy,BE,2010Q1,,분기말 자산총계,데이터 없음(최초 보고기간 이전),USD,데이터 없음(최초 보고기간 전),https://data.sec.gov/submissions/CIK0001664703.json (최초 보고기간 2018Q2),
Bloom Energy,BE,2010Q1,,분기말 부채총계,데이터 없음(최초 보고기간 이전),USD,데이터 없음(최초 보고기간 전),https://data.sec.gov/submissions/CIK0001664703.json (최초 보고기간 2018Q2),
Bloom Energy,BE,2010Q1,,분기말 총자본(자기자본),데이터 없음(최초 보고기간 이전),USD,데이터 없음(최초 보고기간 전),https://data.sec.gov/submissions/CIK0001664703.json (최초 보고기간 2018Q2),
Bloom Energy,BE,2010Q1,,분기말 지배지분 자본,데이터 없음(최초 보고기간 이전),USD,데이터 없음(최초 보고기간 전),https://data.sec.gov/submissions/CIK0001664703.json (최초 보고기간 2018Q2),
Bloom Energy,BE,2010Q1,,분기말 종가,데이터 없음(상장 전),,데이터 없음(상장 전),https://query1.finance.yahoo.com/v8/finance/chart/BE (최초 거래일 이전),
Bloom Energy,BE,2010Q1,,분기말 상장주식수,데이터 없음(상장 전),,데이터 없음(상장 전),https://query1.finance.yahoo.com/v8/finance/chart/BE (최초 거래일 이전),
Bloom Energy,BE,2010Q1,,분기말 시가총액,데이터 없음(상장 전),,데이터 없음(상장 전),https://query1.finance.yahoo.com/v8/finance/chart/BE (최초 거래일 이전),
Bloom Energy,BE,2010Q2,,분기별 매출액,데이터 없음(최초 보고기간 이전),USD,데이터 없음(최초 보고기간 전),https://data.sec.gov/submissions/CIK0001664703.json (최초 보고기간 2018Q2),
Bloom Energy,BE,2010Q2,,분기별 영업이익,데이터 없음(최초 보고기간 이전),USD,데이터 없음(최초 보고기간 전),https://data.sec.gov/submissions/CIK0001664703.json (최초 보고기간 2018Q2),
Bloom Energy,BE,2010Q2,,분기별 당기순이익(지배),데이터 없음(최초 보고기간 이전),USD,데이터 없음(최초 보고기간 전),https://data.sec.gov/submissions/CIK0001664703.json (최초 보고기간 2018Q2),
Bloom Energy,BE,2010Q2,,분기별 영업활동현금흐름,데이터 없음(최초 보고기간 이전),USD,데이터 없음(최초 보고기간 전),https://data.sec.gov/submissions/CIK0001664703.json (최초 보고기간 2018Q2),
Bloom Energy,BE,2010Q2,,분기말 자산총계,데이터 없음(최초 보고기간 이전),USD,데이터 없음(최초 보고기간 전),https://data.sec.gov/submissions/CIK0001664703.json (최초 보고기간 2018Q2),
Bloom Energy,BE,2010Q2,,분기말 부채총계,데이터 없음(최초 보고기간 이전),USD,데이터 없음(최초 보고기간 전),https://data.sec.gov/submissions/CIK0001664703.json (최초 보고기간 2018Q2),
Bloom Energy,BE,2010Q2,,분기말 총자본(자기자본),데이터 없음(최초 보고기간 이전),USD,데이터 없음(최초 보고기간 전),https://data.sec.gov/submissions/CIK0001664703.json (최초 보고기간 2018Q2),
Bloom Energy,BE,2010Q2,,분기말 지배지분 자본,데이터 없음(최초 보고기간 이전),USD,데이터 없음(최초 보고기간 전),https://data.sec.gov/submissions/CIK0001664703.json (최초 보고기간 2018Q2),
Bloom Energy,BE,2010Q2,,분기말 종가,데이터 없음(상장 전),,데이터 없음(상장 전),https://query1.finance.yahoo.com/v8/finance/chart/BE (최초 거래일 이전),
Bloom Energy,BE,2010Q2,,분기말 상장주식수,데이터 없음(상장 전),,데이터 없음(상장 전),https://query1.finance.yahoo.com/v8/finance/chart/BE (최초 거래일 이전),
Bloom Energy,BE,2010Q2,,분기말 시가총액,데이터 없음(상장 전),,데이터 없음(상장 전),https://query1.finance.yahoo.com/v8/finance/chart/BE (최초 거래일 이전),
Bloom Energy,BE,2010Q3,,분기별 매출액,데이터 없음(최초 보고기간 이전),USD,데이터 없음(최초 보고기간 전),https://data.sec.gov/submissions/CIK0001664703.json (최초 보고기간 2018Q2),
Bloom Energy,BE,2010Q3,,분기별 영업이익,데이터 없음(최초 보고기간 이전),USD,데이터 없음(최초 보고기간 전),https://data.sec.gov/submissions/CIK0001664703.json (최초 보고기간 2018Q2),
Bloom Energy,BE,2010Q3,,분기별 당기순이익(지배),데이터 없음(최초 보고기간 이전),USD,데이터 없음(최초 보고기간 전),https://data.sec.gov/submissions/CIK0001664703.json (최초 보고기간 2018Q2),
Bloom Energy,BE,2010Q3,,분기별 영업활동현금흐름,데이터 없음(최초 보고기간 이전),USD,데이터 없음(최초 보고기간 전),https://data.sec.gov/submissions/CIK0001664703.json (최초 보고기간 2018Q2),
Bloom Energy,BE,2010Q3,,분기말 자산총계,데이터 없음(최초 보고기간 이전),USD,데이터 없음(최초 보고기간 전),https://data.sec.gov/submissions/CIK0001664703.json (최초 보고기간 2018Q2),
Bloom Energy,BE,2010Q3,,분기말 부채총계,데이터 없음(최초 보고기간 이전),USD,데이터 없음(최초 보고기간 전),https://data.sec.gov/submissions/CIK0001664703.json (최초 보고기간 2018Q2),
Bloom Energy,BE,2010Q3,,분기말 총자본(자기자본),데이터 없음(최초 보고기간 이전),USD,데이터 없음(최초 보고기간 전),https://data.sec.gov/submissions/CIK0001664703.json (최초 보고기간 2018Q2),
Bloom Energy,BE,2010Q3,,분기말 지배지분 자본,데이터 없음(최초 보고기간 이전),USD,데이터 없음(최초 보고기간 전),https://data.sec.gov/submissions/CIK0001664703.json (최초 보고기간 2018Q2),
Bloom Energy,BE,2010Q3,,분기말 종가,데이터 없음(상장 전),,데이터 없음(상장 전),https://query1.finance.yahoo.com/v8/finance/chart/BE (최초 거래일 이전),
Bloom Energy,BE,2010Q3,,분기말 상장주식수,데이터 없음(상장 전),,데이터 없음(상장 전),https://query1.finance.yahoo.com/v8/finance/chart/BE (최초 거래일 이전),
Bloom Energy,BE,2010Q3,,분기말 시가총액,데이터 없음(상장 전),,데이터 없음(상장 전),https://query1.finance.yahoo.com/v8/finance/chart/BE (최초 거래일 이전),
Bloom Energy,BE,2010Q4,,분기별 매출액,데이터 없음(최초 보고기간 이전),USD,데이터 없음(최초 보고기간 전),https://data.sec.gov/submissions/CIK0001664703.json (최초 보고기간 2018Q2),
Bloom Energy,BE,2010Q4,,분기별 영업이익,데이터 없음(최초 보고기간 이전),USD,데이터 없음(최초 보고기간 전),https://data.sec.gov/submissions/CIK0001664703.json (최초 보고기간 2018Q2),
Bloom Energy,BE,2010Q4,,분기별 당기순이익(지배),데이터 없음(최초 보고기간 이전),USD,데이터 없음(최초 보고기간 전),https://data.sec.gov/submissions/CIK0001664703.json (최초 보고기간 2018Q2),
Bloom Energy,BE,2010Q4,,분기별 영업활동현금흐름,데이터 없음(최초 보고기간 이전),USD,데이터 없음(최초 보고기간 전),https://data.sec.gov/submissions/CIK0001664703.json (최초 보고기간 2018Q2),
Bloom Energy,BE,2010Q4,,분기말 자산총계,데이터 없음(최초 보고기간 이전),USD,데이터 없음(최초 보고기간 전),https://data.sec.gov/submissions/CIK0001664703.json (최초 보고기간 2018Q2),
Bloom Energy,BE,2010Q4,,분기말 부채총계,데이터 없음(최초 보고기간 이전),USD,데이터 없음(최초 보고기간 전),https://data.sec.gov/submissions/CIK0001664703.json (최초 보고기간 2018Q2),
Bloom Energy,BE,2010Q4,,분기말 총자본(자기자본),데이터 없음(최초 보고기간 이전),USD,데이터 없음(최초 보고기간 전),https://data.sec.gov/submissions/CIK0001664703.json (최초 보고기간 2018Q2),
Bloom Energy,BE,2010Q4,,분기말 지배지분 자본,데이터 없음(최초 보고기간 이전),USD,데이터 없음(최초 보고기간 전),https://data.sec.gov/submissions/CIK0001664703.json (최초 보고기간 2018Q2),
Bloom Energy,BE,2010Q4,,분기말 종가,데이터 없음(상장 전),,데이터 없음(상장 전),https://query1.finance.yahoo.com/v8/finance/chart/BE (최초 거래일 이전),
Bloom Energy,BE,2010Q4,,분기말 상장주식수,데이터 없음(상장 전),,데이터 없음(상장 전),https://query1.finance.yahoo.com/v8/finance/chart/BE (최초 거래일 이전),
Bloom Energy,BE,2010Q4,,분기말 시가총액,데이터 없음(상장 전),,데이터 없음(상장 전),https://query1.finance.yahoo.com/v8/finance/chart/BE (최초 거래일 이전),
Bloom Energy,BE,2011Q1,,분기별 매출액,데이터 없음(최초 보고기간 이전),USD,데이터 없음(최초 보고기간 전),https://data.sec.gov/submissions/CIK0001664703.json (최초 보고기간 2018Q2),
Bloom Energy,BE,2011Q1,,분기별 영업이익,데이터 없음(최초 보고기간 이전),USD,데이터 없음(최초 보고기간 전),https://data.sec.gov/submissions/CIK0001664703.json (최초 보고기간 2018Q2),
Bloom Energy,BE,2011Q1,,분기별 당기순이익(지배),데이터 없음(최초 보고기간 이전),USD,데이터 없음(최초 보고기간 전),https://data.sec.gov/submissions/CIK0001664703.json (최초 보고기간 2018Q2),
Bloom Energy,BE,2011Q1,,분기별 영업활동현금흐름,데이터 없음(최초 보고기간 이전),USD,데이터 없음(최초 보고기간 전),https://data.sec.gov/submissions/CIK0001664703.json (최초 보고기간 2018Q2),
Bloom Energy,BE,2011Q1,,분기말 자산총계,데이터 없음(최초 보고기간 이전),USD,데이터 없음(최초 보고기간 전),https://data.sec.gov/submissions/CIK0001664703.json (최초 보고기간 2018Q2),
Bloom Energy,BE,2011Q1,,분기말 부채총계,데이터 없음(최초 보고기간 이전),USD,데이터 없음(최초 보고기간 전),https://data.sec.gov/submissions/CIK0001664703.json (최초 보고기간 2018Q2),
Bloom Energy,BE,2011Q1,,분기말 총자본(자기자본),데이터 없음(최초 보고기간 이전),USD,데이터 없음(최초 보고기간 전),https://data.sec.gov/submissions/CIK0001664703.json (최초 보고기간 2018Q2),
Bloom Energy,BE,2011Q1,,분기말 지배지분 자본,데이터 없음(최초 보고기간 이전),USD,데이터 없음(최초 보고기간 전),https://data.sec.gov/submissions/CIK0001664703.json (최초 보고기간 2018Q2),
Bloom Energy,BE,2011Q1,,분기말 종가,데이터 없음(상장 전),,데이터 없음(상장 전),https://query1.finance.yahoo.com/v8/finance/chart/BE (최초 거래일 이전),
Bloom Energy,BE,2011Q1,,분기말 상장주식수,데이터 없음(상장 전),,데이터 없음(상장 전),https://query1.finance.yahoo.com/v8/finance/chart/BE (최초 거래일 이전),
Bloom Energy,BE,2011Q1,,분기말 시가총액,데이터 없음(상장 전),,데이터 없음(상장 전),https://query1.finance.yahoo.com/v8/finance/chart/BE (최초 거래일 이전),
Bloom Energy,BE,2011Q2,,분기별 매출액,데이터 없음(최초 보고기간 이전),USD,데이터 없음(최초 보고기간 전),https://data.sec.gov/submissions/CIK0001664703.json (최초 보고기간 2018Q2),
Bloom Energy,BE,2011Q2,,분기별 영업이익,데이터 없음(최초 보고기간 이전),USD,데이터 없음(최초 보고기간 전),https://data.sec.gov/submissions/CIK0001664703.json (최초 보고기간 2018Q2),
Bloom Energy,BE,2011Q2,,분기별 당기순이익(지배),데이터 없음(최초 보고기간 이전),USD,데이터 없음(최초 보고기간 전),https://data.sec.gov/submissions/CIK0001664703.json (최초 보고기간 2018Q2),
Bloom Energy,BE,2011Q2,,분기별 영업활동현금흐름,데이터 없음(최초 보고기간 이전),USD,데이터 없음(최초 보고기간 전),https://data.sec.gov/submissions/CIK0001664703.json (최초 보고기간 2018Q2),
Bloom Energy,BE,2011Q2,,분기말 자산총계,데이터 없음(최초 보고기간 이전),USD,데이터 없음(최초 보고기간 전),https://data.sec.gov/submissions/CIK0001664703.json (최초 보고기간 2018Q2),
Bloom Energy,BE,2011Q2,,분기말 부채총계,데이터 없음(최초 보고기간 이전),USD,데이터 없음(최초 보고기간 전),https://data.sec.gov/submissions/CIK0001664703.json (최초 보고기간 2018Q2),
Bloom Energy,BE,2011Q2,,분기말 총자본(자기자본),데이터 없음(최초 보고기간 이전),USD,데이터 없음(최초 보고기간 전),https://data.sec.gov/submissions/CIK0001664703.json (최초 보고기간 2018Q2),
Bloom Energy,BE,2011Q2,,분기말 지배지분 자본,데이터 없음(최초 보고기간 이전),USD,데이터 없음(최초 보고기간 전),https://data.sec.gov/submissions/CIK0001664703.json (최초 보고기간 2018Q2),
Bloom Energy,BE,2011Q2,,분기말 종가,데이터 없음(상장 전),,데이터 없음(상장 전),https://query1.finance.yahoo.com/v8/finance/chart/BE (최초 거래일 이전),
Bloom Energy,BE,2011Q2,,분기말 상장주식수,데이터 없음(상장 전),,데이터 없음(상장 전),https://query1.finance.yahoo.com/v8/finance/chart/BE (최초 거래일 이전),
Bloom Energy,BE,2011Q2,,분기말 시가총액,데이터 없음(상장 전),,데이터 없음(상장 전),https://query1.finance.yahoo.com/v8/finance/chart/BE (최초 거래일 이전),
Bloom Energy,BE,2011Q3,,분기별 매출액,데이터 없음(최초 보고기간 이전),USD,데이터 없음(최초 보고기간 전),https://data.sec.gov/submissions/CIK0001664703.json (최초 보고기간 2018Q2),
Bloom Energy,BE,2011Q3,,분기별 영업이익,데이터 없음(최초 보고기간 이전),USD,데이터 없음(최초 보고기간 전),https://data.sec.gov/submissions/CIK0001664703.json (최초 보고기간 2018Q2),
Bloom Energy,BE,2011Q3,,분기별 당기순이익(지배),데이터 없음(최초 보고기간 이전),USD,데이터 없음(최초 보고기간 전),https://data.sec.gov/submissions/CIK0001664703.json (최초 보고기간 2018Q2),
Bloom Energy,BE,2011Q3,,분기별 영업활동현금흐름,데이터 없음(최초 보고기간 이전),USD,데이터 없음(최초 보고기간 전),https://data.sec.gov/submissions/CIK0001664703.json (최초 보고기간 2018Q2),
Bloom Energy,BE,2011Q3,,분기말 자산총계,데이터 없음(최초 보고기간 이전),USD,데이터 없음(최초 보고기간 전),https://data.sec.gov/submissions/CIK0001664703.json (최초 보고기간 2018Q2),
Bloom Energy,BE,2011Q3,,분기말 부채총계,데이터 없음(최초 보고기간 이전),USD,데이터 없음(최초 보고기간 전),https://data.sec.gov/submissions/CIK0001664703.json (최초 보고기간 2018Q2),
Bloom Energy,BE,2011Q3,,분기말 총자본(자기자본),데이터 없음(최초 보고기간 이전),USD,데이터 없음(최초 보고기간 전),https://data.sec.gov/submissions/CIK0001664703.json (최초 보고기간 2018Q2),
Bloom Energy,BE,2011Q3,,분기말 지배지분 자본,데이터 없음(최초 보고기간 이전),USD,데이터 없음(최초 보고기간 전),https://data.sec.gov/submissions/CIK0001664703.json (최초 보고기간 2018Q2),
Bloom Energy,BE,2011Q3,,분기말 종가,데이터 없음(상장 전),,데이터 없음(상장 전),https://query1.finance.yahoo.com/v8/finance/chart/BE (최초 거래일 이전),
Bloom Energy,BE,2011Q3,,분기말 상장주식수,데이터 없음(상장 전),,데이터 없음(상장 전),https://query1.finance.yahoo.com/v8/finance/chart/BE (최초 거래일 이전),
Bloom Energy,BE,2011Q3,,분기말 시가총액,데이터 없음(상장 전),,데이터 없음(상장 전),https://query1.finance.yahoo.com/v8/finance/chart/BE (최초 거래일 이전),
Bloom Energy,BE,2011Q4,,분기별 매출액,데이터 없음(최초 보고기간 이전),USD,데이터 없음(최초 보고기간 전),https://data.sec.gov/submissions/CIK0001664703.json (최초 보고기간 2018Q2),
Bloom Energy,BE,2011Q4,,분기별 영업이익,데이터 없음(최초 보고기간 이전),USD,데이터 없음(최초 보고기간 전),https://data.sec.gov/submissions/CIK0001664703.json (최초 보고기간 2018Q2),
Bloom Energy,BE,2011Q4,,분기별 당기순이익(지배),데이터 없음(최초 보고기간 이전),USD,데이터 없음(최초 보고기간 전),https://data.sec.gov/submissions/CIK0001664703.json (최초 보고기간 2018Q2),
Bloom Energy,BE,2011Q4,,분기별 영업활동현금흐름,데이터 없음(최초 보고기간 이전),USD,데이터 없음(최초 보고기간 전),https://data.sec.gov/submissions/CIK0001664703.json (최초 보고기간 2018Q2),
Bloom Energy,BE,2011Q4,,분기말 자산총계,데이터 없음(최초 보고기간 이전),USD,데이터 없음(최초 보고기간 전),https://data.sec.gov/submissions/CIK0001664703.json (최초 보고기간 2018Q2),
Bloom Energy,BE,2011Q4,,분기말 부채총계,데이터 없음(최초 보고기간 이전),USD,데이터 없음(최초 보고기간 전),https://data.sec.gov/submissions/CIK0001664703.json (최초 보고기간 2018Q2),
Bloom Energy,BE,2011Q4,,분기말 총자본(자기자본),데이터 없음(최초 보고기간 이전),USD,데이터 없음(최초 보고기간 전),https://data.sec.gov/submissions/CIK0001664703.json (최초 보고기간 2018Q2),
Bloom Energy,BE,2011Q4,,분기말 지배지분 자본,데이터 없음(최초 보고기간 이전),USD,데이터 없음(최초 보고기간 전),https://data.sec.gov/submissions/CIK0001664703.json (최초 보고기간 2018Q2),
Bloom Energy,BE,2011Q4,,분기말 종가,데이터 없음(상장 전),,데이터 없음(상장 전),https://query1.finance.yahoo.com/v8/finance/chart/BE (최초 거래일 이전),
Bloom Energy,BE,2011Q4,,분기말 상장주식수,데이터 없음(상장 전),,데이터 없음(상장 전),https://query1.finance.yahoo.com/v8/finance/chart/BE (최초 거래일 이전),
Bloom Energy,BE,2011Q4,,분기말 시가총액,데이터 없음(상장 전),,데이터 없음(상장 전),https://query1.finance.yahoo.com/v8/finance/chart/BE (최초 거래일 이전),
Bloom Energy,BE,2012Q1,,분기별 매출액,데이터 없음(최초 보고기간 이전),USD,데이터 없음(최초 보고기간 전),https://data.sec.gov/submissions/CIK0001664703.json (최초 보고기간 2018Q2),
Bloom Energy,BE,2012Q1,,분기별 영업이익,데이터 없음(최초 보고기간 이전),USD,데이터 없음(최초 보고기간 전),https://data.sec.gov/submissions/CIK0001664703.json (최초 보고기간 2018Q2),
Bloom Energy,BE,2012Q1,,분기별 당기순이익(지배),데이터 없음(최초 보고기간 이전),USD,데이터 없음(최초 보고기간 전),https://data.sec.gov/submissions/CIK0001664703.json (최초 보고기간 2018Q2),
Bloom Energy,BE,2012Q1,,분기별 영업활동현금흐름,데이터 없음(최초 보고기간 이전),USD,데이터 없음(최초 보고기간 전),https://data.sec.gov/submissions/CIK0001664703.json (최초 보고기간 2018Q2),
Bloom Energy,BE,2012Q1,,분기말 자산총계,데이터 없음(최초 보고기간 이전),USD,데이터 없음(최초 보고기간 전),https://data.sec.gov/submissions/CIK0001664703.json (최초 보고기간 2018Q2),
Bloom Energy,BE,2012Q1,,분기말 부채총계,데이터 없음(최초 보고기간 이전),USD,데이터 없음(최초 보고기간 전),https://data.sec.gov/submissions/CIK0001664703.json (최초 보고기간 2018Q2),
Bloom Energy,BE,2012Q1,,분기말 총자본(자기자본),데이터 없음(최초 보고기간 이전),USD,데이터 없음(최초 보고기간 전),https://data.sec.gov/submissions/CIK0001664703.json (최초 보고기간 2018Q2),
Bloom Energy,BE,2012Q1,,분기말 지배지분 자본,데이터 없음(최초 보고기간 이전),USD,데이터 없음(최초 보고기간 전),https://data.sec.gov/submissions/CIK0001664703.json (최초 보고기간 2018Q2),
Bloom Energy,BE,2012Q1,,분기말 종가,데이터 없음(상장 전),,데이터 없음(상장 전),https://query1.finance.yahoo.com/v8/finance/chart/BE (최초 거래일 이전),
Bloom Energy,BE,2012Q1,,분기말 상장주식수,데이터 없음(상장 전),,데이터 없음(상장 전),https://query1.finance.yahoo.com/v8/finance/chart/BE (최초 거래일 이전),
Bloom Energy,BE,2012Q1,,분기말 시가총액,데이터 없음(상장 전),,데이터 없음(상장 전),https://query1.finance.yahoo.com/v8/finance/chart/BE (최초 거래일 이전),
Bloom Energy,BE,2012Q2,,분기별 매출액,데이터 없음(최초 보고기간 이전),USD,데이터 없음(최초 보고기간 전),https://data.sec.gov/submissions/CIK0001664703.json (최초 보고기간 2018Q2),
Bloom Energy,BE,2012Q2,,분기별 영업이익,데이터 없음(최초 보고기간 이전),USD,데이터 없음(최초 보고기간 전),https://data.sec.gov/submissions/CIK0001664703.json (최초 보고기간 2018Q2),
Bloom Energy,BE,2012Q2,,분기별 당기순이익(지배),데이터 없음(최초 보고기간 이전),USD,데이터 없음(최초 보고기간 전),https://data.sec.gov/submissions/CIK0001664703.json (최초 보고기간 2018Q2),
Bloom Energy,BE,2012Q2,,분기별 영업활동현금흐름,데이터 없음(최초 보고기간 이전),USD,데이터 없음(최초 보고기간 전),https://data.sec.gov/submissions/CIK0001664703.json (최초 보고기간 2018Q2),
Bloom Energy,BE,2012Q2,,분기말 자산총계,데이터 없음(최초 보고기간 이전),USD,데이터 없음(최초 보고기간 전),https://data.sec.gov/submissions/CIK0001664703.json (최초 보고기간 2018Q2),
Bloom Energy,BE,2012Q2,,분기말 부채총계,데이터 없음(최초 보고기간 이전),USD,데이터 없음(최초 보고기간 전),https://data.sec.gov/submissions/CIK0001664703.json (최초 보고기간 2018Q2),
Bloom Energy,BE,2012Q2,,분기말 총자본(자기자본),데이터 없음(최초 보고기간 이전),USD,데이터 없음(최초 보고기간 전),https://data.sec.gov/submissions/CIK0001664703.json (최초 보고기간 2018Q2),
Bloom Energy,BE,2012Q2,,분기말 지배지분 자본,데이터 없음(최초 보고기간 이전),USD,데이터 없음(최초 보고기간 전),https://data.sec.gov/submissions/CIK0001664703.json (최초 보고기간 2018Q2),
Bloom Energy,BE,2012Q2,,분기말 종가,데이터 없음(상장 전),,데이터 없음(상장 전),https://query1.finance.yahoo.com/v8/finance/chart/BE (최초 거래일 이전),
Bloom Energy,BE,2012Q2,,분기말 상장주식수,데이터 없음(상장 전),,데이터 없음(상장 전),https://query1.finance.yahoo.com/v8/finance/chart/BE (최초 거래일 이전),
Bloom Energy,BE,2012Q2,,분기말 시가총액,데이터 없음(상장 전),,데이터 없음(상장 전),https://query1.finance.yahoo.com/v8/finance/chart/BE (최초 거래일 이전),
Bloom Energy,BE,2012Q3,,분기별 매출액,데이터 없음(최초 보고기간 이전),USD,데이터 없음(최초 보고기간 전),https://data.sec.gov/submissions/CIK0001664703.json (최초 보고기간 2018Q2),
Bloom Energy,BE,2012Q3,,분기별 영업이익,데이터 없음(최초 보고기간 이전),USD,데이터 없음(최초 보고기간 전),https://data.sec.gov/submissions/CIK0001664703.json (최초 보고기간 2018Q2),
Bloom Energy,BE,2012Q3,,분기별 당기순이익(지배),데이터 없음(최초 보고기간 이전),USD,데이터 없음(최초 보고기간 전),https://data.sec.gov/submissions/CIK0001664703.json (최초 보고기간 2018Q2),
Bloom Energy,BE,2012Q3,,분기별 영업활동현금흐름,데이터 없음(최초 보고기간 이전),USD,데이터 없음(최초 보고기간 전),https://data.sec.gov/submissions/CIK0001664703.json (최초 보고기간 2018Q2),
Bloom Energy,BE,2012Q3,,분기말 자산총계,데이터 없음(최초 보고기간 이전),USD,데이터 없음(최초 보고기간 전),https://data.sec.gov/submissions/CIK0001664703.json (최초 보고기간 2018Q2),
Bloom Energy,BE,2012Q3,,분기말 부채총계,데이터 없음(최초 보고기간 이전),USD,데이터 없음(최초 보고기간 전),https://data.sec.gov/submissions/CIK0001664703.json (최초 보고기간 2018Q2),
Bloom Energy,BE,2012Q3,,분기말 총자본(자기자본),데이터 없음(최초 보고기간 이전),USD,데이터 없음(최초 보고기간 전),https://data.sec.gov/submissions/CIK0001664703.json (최초 보고기간 2018Q2),
Bloom Energy,BE,2012Q3,,분기말 지배지분 자본,데이터 없음(최초 보고기간 이전),USD,데이터 없음(최초 보고기간 전),https://data.sec.gov/submissions/CIK0001664703.json (최초 보고기간 2018Q2),
Bloom Energy,BE,2012Q3,,분기말 종가,데이터 없음(상장 전),,데이터 없음(상장 전),https://query1.finance.yahoo.com/v8/finance/chart/BE (최초 거래일 이전),
Bloom Energy,BE,2012Q3,,분기말 상장주식수,데이터 없음(상장 전),,데이터 없음(상장 전),https://query1.finance.yahoo.com/v8/finance/chart/BE (최초 거래일 이전),
Bloom Energy,BE,2012Q3,,분기말 시가총액,데이터 없음(상장 전),,데이터 없음(상장 전),https://query1.finance.yahoo.com/v8/finance/chart/BE (최초 거래일 이전),
Bloom Energy,BE,2012Q4,,분기별 매출액,데이터 없음(최초 보고기간 이전),USD,데이터 없음(최초 보고기간 전),https://data.sec.gov/submissions/CIK0001664703.json (최초 보고기간 2018Q2),
Bloom Energy,BE,2012Q4,,분기별 영업이익,데이터 없음(최초 보고기간 이전),USD,데이터 없음(최초 보고기간 전),https://data.sec.gov/submissions/CIK0001664703.json (최초 보고기간 2018Q2),
Bloom Energy,BE,2012Q4,,분기별 당기순이익(지배),데이터 없음(최초 보고기간 이전),USD,데이터 없음(최초 보고기간 전),https://data.sec.gov/submissions/CIK0001664703.json (최초 보고기간 2018Q2),
Bloom Energy,BE,2012Q4,,분기별 영업활동현금흐름,데이터 없음(최초 보고기간 이전),USD,데이터 없음(최초 보고기간 전),https://data.sec.gov/submissions/CIK0001664703.json (최초 보고기간 2018Q2),
Bloom Energy,BE,2012Q4,,분기말 자산총계,데이터 없음(최초 보고기간 이전),USD,데이터 없음(최초 보고기간 전),https://data.sec.gov/submissions/CIK0001664703.json (최초 보고기간 2018Q2),
Bloom Energy,BE,2012Q4,,분기말 부채총계,데이터 없음(최초 보고기간 이전),USD,데이터 없음(최초 보고기간 전),https://data.sec.gov/submissions/CIK0001664703.json (최초 보고기간 2018Q2),
Bloom Energy,BE,2012Q4,,분기말 총자본(자기자본),데이터 없음(최초 보고기간 이전),USD,데이터 없음(최초 보고기간 전),https://data.sec.gov/submissions/CIK0001664703.json (최초 보고기간 2018Q2),
Bloom Energy,BE,2012Q4,,분기말 지배지분 자본,데이터 없음(최초 보고기간 이전),USD,데이터 없음(최초 보고기간 전),https://data.sec.gov/submissions/CIK0001664703.json (최초 보고기간 2018Q2),
Bloom Energy,BE,2012Q4,,분기말 종가,데이터 없음(상장 전),,데이터 없음(상장 전),https://query1.finance.yahoo.com/v8/finance/chart/BE (최초 거래일 이전),
Bloom Energy,BE,2012Q4,,분기말 상장주식수,데이터 없음(상장 전),,데이터 없음(상장 전),https://query1.finance.yahoo.com/v8/finance/chart/BE (최초 거래일 이전),
Bloom Energy,BE,2012Q4,,분기말 시가총액,데이터 없음(상장 전),,데이터 없음(상장 전),https://query1.finance.yahoo.com/v8/finance/chart/BE (최초 거래일 이전),
Bloom Energy,BE,2013Q1,,분기별 매출액,데이터 없음(최초 보고기간 이전),USD,데이터 없음(최초 보고기간 전),https://data.sec.gov/submissions/CIK0001664703.json (최초 보고기간 2018Q2),
Bloom Energy,BE,2013Q1,,분기별 영업이익,데이터 없음(최초 보고기간 이전),USD,데이터 없음(최초 보고기간 전),https://data.sec.gov/submissions/CIK0001664703.json (최초 보고기간 2018Q2),
Bloom Energy,BE,2013Q1,,분기별 당기순이익(지배),데이터 없음(최초 보고기간 이전),USD,데이터 없음(최초 보고기간 전),https://data.sec.gov/submissions/CIK0001664703.json (최초 보고기간 2018Q2),
Bloom Energy,BE,2013Q1,,분기별 영업활동현금흐름,데이터 없음(최초 보고기간 이전),USD,데이터 없음(최초 보고기간 전),https://data.sec.gov/submissions/CIK0001664703.json (최초 보고기간 2018Q2),
Bloom Energy,BE,2013Q1,,분기말 자산총계,데이터 없음(최초 보고기간 이전),USD,데이터 없음(최초 보고기간 전),https://data.sec.gov/submissions/CIK0001664703.json (최초 보고기간 2018Q2),
Bloom Energy,BE,2013Q1,,분기말 부채총계,데이터 없음(최초 보고기간 이전),USD,데이터 없음(최초 보고기간 전),https://data.sec.gov/submissions/CIK0001664703.json (최초 보고기간 2018Q2),
Bloom Energy,BE,2013Q1,,분기말 총자본(자기자본),데이터 없음(최초 보고기간 이전),USD,데이터 없음(최초 보고기간 전),https://data.sec.gov/submissions/CIK0001664703.json (최초 보고기간 2018Q2),
Bloom Energy,BE,2013Q1,,분기말 지배지분 자본,데이터 없음(최초 보고기간 이전),USD,데이터 없음(최초 보고기간 전),https://data.sec.gov/submissions/CIK0001664703.json (최초 보고기간 2018Q2),
Bloom Energy,BE,2013Q1,,분기말 종가,데이터 없음(상장 전),,데이터 없음(상장 전),https://query1.finance.yahoo.com/v8/finance/chart/BE (최초 거래일 이전),
Bloom Energy,BE,2013Q1,,분기말 상장주식수,데이터 없음(상장 전),,데이터 없음(상장 전),https://query1.finance.yahoo.com/v8/finance/chart/BE (최초 거래일 이전),
Bloom Energy,BE,2013Q1,,분기말 시가총액,데이터 없음(상장 전),,데이터 없음(상장 전),https://query1.finance.yahoo.com/v8/finance/chart/BE (최초 거래일 이전),
Bloom Energy,BE,2013Q2,,분기별 매출액,데이터 없음(최초 보고기간 이전),USD,데이터 없음(최초 보고기간 전),https://data.sec.gov/submissions/CIK0001664703.json (최초 보고기간 2018Q2),
Bloom Energy,BE,2013Q2,,분기별 영업이익,데이터 없음(최초 보고기간 이전),USD,데이터 없음(최초 보고기간 전),https://data.sec.gov/submissions/CIK0001664703.json (최초 보고기간 2018Q2),
Bloom Energy,BE,2013Q2,,분기별 당기순이익(지배),데이터 없음(최초 보고기간 이전),USD,데이터 없음(최초 보고기간 전),https://data.sec.gov/submissions/CIK0001664703.json (최초 보고기간 2018Q2),
Bloom Energy,BE,2013Q2,,분기별 영업활동현금흐름,데이터 없음(최초 보고기간 이전),USD,데이터 없음(최초 보고기간 전),https://data.sec.gov/submissions/CIK0001664703.json (최초 보고기간 2018Q2),
Bloom Energy,BE,2013Q2,,분기말 자산총계,데이터 없음(최초 보고기간 이전),USD,데이터 없음(최초 보고기간 전),https://data.sec.gov/submissions/CIK0001664703.json (최초 보고기간 2018Q2),
Bloom Energy,BE,2013Q2,,분기말 부채총계,데이터 없음(최초 보고기간 이전),USD,데이터 없음(최초 보고기간 전),https://data.sec.gov/submissions/CIK0001664703.json (최초 보고기간 2018Q2),
Bloom Energy,BE,2013Q2,,분기말 총자본(자기자본),데이터 없음(최초 보고기간 이전),USD,데이터 없음(최초 보고기간 전),https://data.sec.gov/submissions/CIK0001664703.json (최초 보고기간 2018Q2),
Bloom Energy,BE,2013Q2,,분기말 지배지분 자본,데이터 없음(최초 보고기간 이전),USD,데이터 없음(최초 보고기간 전),https://data.sec.gov/submissions/CIK0001664703.json (최초 보고기간 2018Q2),
Bloom Energy,BE,2013Q2,,분기말 종가,데이터 없음(상장 전),,데이터 없음(상장 전),https://query1.finance.yahoo.com/v8/finance/chart/BE (최초 거래일 이전),
Bloom Energy,BE,2013Q2,,분기말 상장주식수,데이터 없음(상장 전),,데이터 없음(상장 전),https://query1.finance.yahoo.com/v8/finance/chart/BE (최초 거래일 이전),
Bloom Energy,BE,2013Q2,,분기말 시가총액,데이터 없음(상장 전),,데이터 없음(상장 전),https://query1.finance.yahoo.com/v8/finance/chart/BE (최초 거래일 이전),
Bloom Energy,BE,2013Q3,,분기별 매출액,데이터 없음(최초 보고기간 이전),USD,데이터 없음(최초 보고기간 전),https://data.sec.gov/submissions/CIK0001664703.json (최초 보고기간 2018Q2),
Bloom Energy,BE,2013Q3,,분기별 영업이익,데이터 없음(최초 보고기간 이전),USD,데이터 없음(최초 보고기간 전),https://data.sec.gov/submissions/CIK0001664703.json (최초 보고기간 2018Q2),
Bloom Energy,BE,2013Q3,,분기별 당기순이익(지배),데이터 없음(최초 보고기간 이전),USD,데이터 없음(최초 보고기간 전),https://data.sec.gov/submissions/CIK0001664703.json (최초 보고기간 2018Q2),
Bloom Energy,BE,2013Q3,,분기별 영업활동현금흐름,데이터 없음(최초 보고기간 이전),USD,데이터 없음(최초 보고기간 전),https://data.sec.gov/submissions/CIK0001664703.json (최초 보고기간 2018Q2),
Bloom Energy,BE,2013Q3,,분기말 자산총계,데이터 없음(최초 보고기간 이전),USD,데이터 없음(최초 보고기간 전),https://data.sec.gov/submissions/CIK0001664703.json (최초 보고기간 2018Q2),
Bloom Energy,BE,2013Q3,,분기말 부채총계,데이터 없음(최초 보고기간 이전),USD,데이터 없음(최초 보고기간 전),https://data.sec.gov/submissions/CIK0001664703.json (최초 보고기간 2018Q2),
Bloom Energy,BE,2013Q3,,분기말 총자본(자기자본),데이터 없음(최초 보고기간 이전),USD,데이터 없음(최초 보고기간 전),https://data.sec.gov/submissions/CIK0001664703.json (최초 보고기간 2018Q2),
Bloom Energy,BE,2013Q3,,분기말 지배지분 자본,데이터 없음(최초 보고기간 이전),USD,데이터 없음(최초 보고기간 전),https://data.sec.gov/submissions/CIK0001664703.json (최초 보고기간 2018Q2),
Bloom Energy,BE,2013Q3,,분기말 종가,데이터 없음(상장 전),,데이터 없음(상장 전),https://query1.finance.yahoo.com/v8/finance/chart/BE (최초 거래일 이전),
Bloom Energy,BE,2013Q3,,분기말 상장주식수,데이터 없음(상장 전),,데이터 없음(상장 전),https://query1.finance.yahoo.com/v8/finance/chart/BE (최초 거래일 이전),
Bloom Energy,BE,2013Q3,,분기말 시가총액,데이터 없음(상장 전),,데이터 없음(상장 전),https://query1.finance.yahoo.com/v8/finance/chart/BE (최초 거래일 이전),
Bloom Energy,BE,2013Q4,,분기별 매출액,데이터 없음(최초 보고기간 이전),USD,데이터 없음(최초 보고기간 전),https://data.sec.gov/submissions/CIK0001664703.json (최초 보고기간 2018Q2),
Bloom Energy,BE,2013Q4,,분기별 영업이익,데이터 없음(최초 보고기간 이전),USD,데이터 없음(최초 보고기간 전),https://data.sec.gov/submissions/CIK0001664703.json (최초 보고기간 2018Q2),
Bloom Energy,BE,2013Q4,,분기별 당기순이익(지배),데이터 없음(최초 보고기간 이전),USD,데이터 없음(최초 보고기간 전),https://data.sec.gov/submissions/CIK0001664703.json (최초 보고기간 2018Q2),
Bloom Energy,BE,2013Q4,,분기별 영업활동현금흐름,데이터 없음(최초 보고기간 이전),USD,데이터 없음(최초 보고기간 전),https://data.sec.gov/submissions/CIK0001664703.json (최초 보고기간 2018Q2),
Bloom Energy,BE,2013Q4,,분기말 자산총계,데이터 없음(최초 보고기간 이전),USD,데이터 없음(최초 보고기간 전),https://data.sec.gov/submissions/CIK0001664703.json (최초 보고기간 2018Q2),
Bloom Energy,BE,2013Q4,,분기말 부채총계,데이터 없음(최초 보고기간 이전),USD,데이터 없음(최초 보고기간 전),https://data.sec.gov/submissions/CIK0001664703.json (최초 보고기간 2018Q2),
Bloom Energy,BE,2013Q4,,분기말 총자본(자기자본),데이터 없음(최초 보고기간 이전),USD,데이터 없음(최초 보고기간 전),https://data.sec.gov/submissions/CIK0001664703.json (최초 보고기간 2018Q2),
Bloom Energy,BE,2013Q4,,분기말 지배지분 자본,데이터 없음(최초 보고기간 이전),USD,데이터 없음(최초 보고기간 전),https://data.sec.gov/submissions/CIK0001664703.json (최초 보고기간 2018Q2),
Bloom Energy,BE,2013Q4,,분기말 종가,데이터 없음(상장 전),,데이터 없음(상장 전),https://query1.finance.yahoo.com/v8/finance/chart/BE (최초 거래일 이전),
Bloom Energy,BE,2013Q4,,분기말 상장주식수,데이터 없음(상장 전),,데이터 없음(상장 전),https://query1.finance.yahoo.com/v8/finance/chart/BE (최초 거래일 이전),
Bloom Energy,BE,2013Q4,,분기말 시가총액,데이터 없음(상장 전),,데이터 없음(상장 전),https://query1.finance.yahoo.com/v8/finance/chart/BE (최초 거래일 이전),
Bloom Energy,BE,2014Q1,,분기별 매출액,데이터 없음(최초 보고기간 이전),USD,데이터 없음(최초 보고기간 전),https://data.sec.gov/submissions/CIK0001664703.json (최초 보고기간 2018Q2),
Bloom Energy,BE,2014Q1,,분기별 영업이익,데이터 없음(최초 보고기간 이전),USD,데이터 없음(최초 보고기간 전),https://data.sec.gov/submissions/CIK0001664703.json (최초 보고기간 2018Q2),
Bloom Energy,BE,2014Q1,,분기별 당기순이익(지배),데이터 없음(최초 보고기간 이전),USD,데이터 없음(최초 보고기간 전),https://data.sec.gov/submissions/CIK0001664703.json (최초 보고기간 2018Q2),
Bloom Energy,BE,2014Q1,,분기별 영업활동현금흐름,데이터 없음(최초 보고기간 이전),USD,데이터 없음(최초 보고기간 전),https://data.sec.gov/submissions/CIK0001664703.json (최초 보고기간 2018Q2),
Bloom Energy,BE,2014Q1,,분기말 자산총계,데이터 없음(최초 보고기간 이전),USD,데이터 없음(최초 보고기간 전),https://data.sec.gov/submissions/CIK0001664703.json (최초 보고기간 2018Q2),
Bloom Energy,BE,2014Q1,,분기말 부채총계,데이터 없음(최초 보고기간 이전),USD,데이터 없음(최초 보고기간 전),https://data.sec.gov/submissions/CIK0001664703.json (최초 보고기간 2018Q2),
Bloom Energy,BE,2014Q1,,분기말 총자본(자기자본),데이터 없음(최초 보고기간 이전),USD,데이터 없음(최초 보고기간 전),https://data.sec.gov/submissions/CIK0001664703.json (최초 보고기간 2018Q2),
Bloom Energy,BE,2014Q1,,분기말 지배지분 자본,데이터 없음(최초 보고기간 이전),USD,데이터 없음(최초 보고기간 전),https://data.sec.gov/submissions/CIK0001664703.json (최초 보고기간 2018Q2),
Bloom Energy,BE,2014Q1,,분기말 종가,데이터 없음(상장 전),,데이터 없음(상장 전),https://query1.finance.yahoo.com/v8/finance/chart/BE (최초 거래일 이전),
Bloom Energy,BE,2014Q1,,분기말 상장주식수,데이터 없음(상장 전),,데이터 없음(상장 전),https://query1.finance.yahoo.com/v8/finance/chart/BE (최초 거래일 이전),
Bloom Energy,BE,2014Q1,,분기말 시가총액,데이터 없음(상장 전),,데이터 없음(상장 전),https://query1.finance.yahoo.com/v8/finance/chart/BE (최초 거래일 이전),
Bloom Energy,BE,2014Q2,,분기별 매출액,데이터 없음(최초 보고기간 이전),USD,데이터 없음(최초 보고기간 전),https://data.sec.gov/submissions/CIK0001664703.json (최초 보고기간 2018Q2),
Bloom Energy,BE,2014Q2,,분기별 영업이익,데이터 없음(최초 보고기간 이전),USD,데이터 없음(최초 보고기간 전),https://data.sec.gov/submissions/CIK0001664703.json (최초 보고기간 2018Q2),
Bloom Energy,BE,2014Q2,,분기별 당기순이익(지배),데이터 없음(최초 보고기간 이전),USD,데이터 없음(최초 보고기간 전),https://data.sec.gov/submissions/CIK0001664703.json (최초 보고기간 2018Q2),
Bloom Energy,BE,2014Q2,,분기별 영업활동현금흐름,데이터 없음(최초 보고기간 이전),USD,데이터 없음(최초 보고기간 전),https://data.sec.gov/submissions/CIK0001664703.json (최초 보고기간 2018Q2),
Bloom Energy,BE,2014Q2,,분기말 자산총계,데이터 없음(최초 보고기간 이전),USD,데이터 없음(최초 보고기간 전),https://data.sec.gov/submissions/CIK0001664703.json (최초 보고기간 2018Q2),
Bloom Energy,BE,2014Q2,,분기말 부채총계,데이터 없음(최초 보고기간 이전),USD,데이터 없음(최초 보고기간 전),https://data.sec.gov/submissions/CIK0001664703.json (최초 보고기간 2018Q2),
Bloom Energy,BE,2014Q2,,분기말 총자본(자기자본),데이터 없음(최초 보고기간 이전),USD,데이터 없음(최초 보고기간 전),https://data.sec.gov/submissions/CIK0001664703.json (최초 보고기간 2018Q2),
Bloom Energy,BE,2014Q2,,분기말 지배지분 자본,데이터 없음(최초 보고기간 이전),USD,데이터 없음(최초 보고기간 전),https://data.sec.gov/submissions/CIK0001664703.json (최초 보고기간 2018Q2),
Bloom Energy,BE,2014Q2,,분기말 종가,데이터 없음(상장 전),,데이터 없음(상장 전),https://query1.finance.yahoo.com/v8/finance/chart/BE (최초 거래일 이전),
Bloom Energy,BE,2014Q2,,분기말 상장주식수,데이터 없음(상장 전),,데이터 없음(상장 전),https://query1.finance.yahoo.com/v8/finance/chart/BE (최초 거래일 이전),
Bloom Energy,BE,2014Q2,,분기말 시가총액,데이터 없음(상장 전),,데이터 없음(상장 전),https://query1.finance.yahoo.com/v8/finance/chart/BE (최초 거래일 이전),
Bloom Energy,BE,2014Q3,,분기별 매출액,데이터 없음(최초 보고기간 이전),USD,데이터 없음(최초 보고기간 전),https://data.sec.gov/submissions/CIK0001664703.json (최초 보고기간 2018Q2),
Bloom Energy,BE,2014Q3,,분기별 영업이익,데이터 없음(최초 보고기간 이전),USD,데이터 없음(최초 보고기간 전),https://data.sec.gov/submissions/CIK0001664703.json (최초 보고기간 2018Q2),
Bloom Energy,BE,2014Q3,,분기별 당기순이익(지배),데이터 없음(최초 보고기간 이전),USD,데이터 없음(최초 보고기간 전),https://data.sec.gov/submissions/CIK0001664703.json (최초 보고기간 2018Q2),
Bloom Energy,BE,2014Q3,,분기별 영업활동현금흐름,데이터 없음(최초 보고기간 이전),USD,데이터 없음(최초 보고기간 전),https://data.sec.gov/submissions/CIK0001664703.json (최초 보고기간 2018Q2),
Bloom Energy,BE,2014Q3,,분기말 자산총계,데이터 없음(최초 보고기간 이전),USD,데이터 없음(최초 보고기간 전),https://data.sec.gov/submissions/CIK0001664703.json (최초 보고기간 2018Q2),
Bloom Energy,BE,2014Q3,,분기말 부채총계,데이터 없음(최초 보고기간 이전),USD,데이터 없음(최초 보고기간 전),https://data.sec.gov/submissions/CIK0001664703.json (최초 보고기간 2018Q2),
Bloom Energy,BE,2014Q3,,분기말 총자본(자기자본),데이터 없음(최초 보고기간 이전),USD,데이터 없음(최초 보고기간 전),https://data.sec.gov/submissions/CIK0001664703.json (최초 보고기간 2018Q2),
Bloom Energy,BE,2014Q3,,분기말 지배지분 자본,데이터 없음(최초 보고기간 이전),USD,데이터 없음(최초 보고기간 전),https://data.sec.gov/submissions/CIK0001664703.json (최초 보고기간 2018Q2),
Bloom Energy,BE,2014Q3,,분기말 종가,데이터 없음(상장 전),,데이터 없음(상장 전),https://query1.finance.yahoo.com/v8/finance/chart/BE (최초 거래일 이전),
Bloom Energy,BE,2014Q3,,분기말 상장주식수,데이터 없음(상장 전),,데이터 없음(상장 전),https://query1.finance.yahoo.com/v8/finance/chart/BE (최초 거래일 이전),
Bloom Energy,BE,2014Q3,,분기말 시가총액,데이터 없음(상장 전),,데이터 없음(상장 전),https://query1.finance.yahoo.com/v8/finance/chart/BE (최초 거래일 이전),
Bloom Energy,BE,2014Q4,,분기별 매출액,데이터 없음(최초 보고기간 이전),USD,데이터 없음(최초 보고기간 전),https://data.sec.gov/submissions/CIK0001664703.json (최초 보고기간 2018Q2),
Bloom Energy,BE,2014Q4,,분기별 영업이익,데이터 없음(최초 보고기간 이전),USD,데이터 없음(최초 보고기간 전),https://data.sec.gov/submissions/CIK0001664703.json (최초 보고기간 2018Q2),
Bloom Energy,BE,2014Q4,,분기별 당기순이익(지배),데이터 없음(최초 보고기간 이전),USD,데이터 없음(최초 보고기간 전),https://data.sec.gov/submissions/CIK0001664703.json (최초 보고기간 2018Q2),
Bloom Energy,BE,2014Q4,,분기별 영업활동현금흐름,데이터 없음(최초 보고기간 이전),USD,데이터 없음(최초 보고기간 전),https://data.sec.gov/submissions/CIK0001664703.json (최초 보고기간 2018Q2),
Bloom Energy,BE,2014Q4,,분기말 자산총계,데이터 없음(최초 보고기간 이전),USD,데이터 없음(최초 보고기간 전),https://data.sec.gov/submissions/CIK0001664703.json (최초 보고기간 2018Q2),
Bloom Energy,BE,2014Q4,,분기말 부채총계,데이터 없음(최초 보고기간 이전),USD,데이터 없음(최초 보고기간 전),https://data.sec.gov/submissions/CIK0001664703.json (최초 보고기간 2018Q2),
Bloom Energy,BE,2014Q4,,분기말 총자본(자기자본),데이터 없음(최초 보고기간 이전),USD,데이터 없음(최초 보고기간 전),https://data.sec.gov/submissions/CIK0001664703.json (최초 보고기간 2018Q2),
Bloom Energy,BE,2014Q4,,분기말 지배지분 자본,데이터 없음(최초 보고기간 이전),USD,데이터 없음(최초 보고기간 전),https://data.sec.gov/submissions/CIK0001664703.json (최초 보고기간 2018Q2),
Bloom Energy,BE,2014Q4,,분기말 종가,데이터 없음(상장 전),,데이터 없음(상장 전),https://query1.finance.yahoo.com/v8/finance/chart/BE (최초 거래일 이전),
Bloom Energy,BE,2014Q4,,분기말 상장주식수,데이터 없음(상장 전),,데이터 없음(상장 전),https://query1.finance.yahoo.com/v8/finance/chart/BE (최초 거래일 이전),
Bloom Energy,BE,2014Q4,,분기말 시가총액,데이터 없음(상장 전),,데이터 없음(상장 전),https://query1.finance.yahoo.com/v8/finance/chart/BE (최초 거래일 이전),
Bloom Energy,BE,2015Q1,,분기별 매출액,데이터 없음(최초 보고기간 이전),USD,데이터 없음(최초 보고기간 전),https://data.sec.gov/submissions/CIK0001664703.json (최초 보고기간 2018Q2),
Bloom Energy,BE,2015Q1,,분기별 영업이익,데이터 없음(최초 보고기간 이전),USD,데이터 없음(최초 보고기간 전),https://data.sec.gov/submissions/CIK0001664703.json (최초 보고기간 2018Q2),
Bloom Energy,BE,2015Q1,,분기별 당기순이익(지배),데이터 없음(최초 보고기간 이전),USD,데이터 없음(최초 보고기간 전),https://data.sec.gov/submissions/CIK0001664703.json (최초 보고기간 2018Q2),
Bloom Energy,BE,2015Q1,,분기별 영업활동현금흐름,데이터 없음(최초 보고기간 이전),USD,데이터 없음(최초 보고기간 전),https://data.sec.gov/submissions/CIK0001664703.json (최초 보고기간 2018Q2),
Bloom Energy,BE,2015Q1,,분기말 자산총계,데이터 없음(최초 보고기간 이전),USD,데이터 없음(최초 보고기간 전),https://data.sec.gov/submissions/CIK0001664703.json (최초 보고기간 2018Q2),
Bloom Energy,BE,2015Q1,,분기말 부채총계,데이터 없음(최초 보고기간 이전),USD,데이터 없음(최초 보고기간 전),https://data.sec.gov/submissions/CIK0001664703.json (최초 보고기간 2018Q2),
Bloom Energy,BE,2015Q1,,분기말 총자본(자기자본),데이터 없음(최초 보고기간 이전),USD,데이터 없음(최초 보고기간 전),https://data.sec.gov/submissions/CIK0001664703.json (최초 보고기간 2018Q2),
Bloom Energy,BE,2015Q1,,분기말 지배지분 자본,데이터 없음(최초 보고기간 이전),USD,데이터 없음(최초 보고기간 전),https://data.sec.gov/submissions/CIK0001664703.json (최초 보고기간 2018Q2),
Bloom Energy,BE,2015Q1,,분기말 종가,데이터 없음(상장 전),,데이터 없음(상장 전),https://query1.finance.yahoo.com/v8/finance/chart/BE (최초 거래일 이전),
Bloom Energy,BE,2015Q1,,분기말 상장주식수,데이터 없음(상장 전),,데이터 없음(상장 전),https://query1.finance.yahoo.com/v8/finance/chart/BE (최초 거래일 이전),
Bloom Energy,BE,2015Q1,,분기말 시가총액,데이터 없음(상장 전),,데이터 없음(상장 전),https://query1.finance.yahoo.com/v8/finance/chart/BE (최초 거래일 이전),
Bloom Energy,BE,2015Q2,,분기별 매출액,데이터 없음(최초 보고기간 이전),USD,데이터 없음(최초 보고기간 전),https://data.sec.gov/submissions/CIK0001664703.json (최초 보고기간 2018Q2),
Bloom Energy,BE,2015Q2,,분기별 영업이익,데이터 없음(최초 보고기간 이전),USD,데이터 없음(최초 보고기간 전),https://data.sec.gov/submissions/CIK0001664703.json (최초 보고기간 2018Q2),
Bloom Energy,BE,2015Q2,,분기별 당기순이익(지배),데이터 없음(최초 보고기간 이전),USD,데이터 없음(최초 보고기간 전),https://data.sec.gov/submissions/CIK0001664703.json (최초 보고기간 2018Q2),
Bloom Energy,BE,2015Q2,,분기별 영업활동현금흐름,데이터 없음(최초 보고기간 이전),USD,데이터 없음(최초 보고기간 전),https://data.sec.gov/submissions/CIK0001664703.json (최초 보고기간 2018Q2),
Bloom Energy,BE,2015Q2,,분기말 자산총계,데이터 없음(최초 보고기간 이전),USD,데이터 없음(최초 보고기간 전),https://data.sec.gov/submissions/CIK0001664703.json (최초 보고기간 2018Q2),
Bloom Energy,BE,2015Q2,,분기말 부채총계,데이터 없음(최초 보고기간 이전),USD,데이터 없음(최초 보고기간 전),https://data.sec.gov/submissions/CIK0001664703.json (최초 보고기간 2018Q2),
Bloom Energy,BE,2015Q2,,분기말 총자본(자기자본),데이터 없음(최초 보고기간 이전),USD,데이터 없음(최초 보고기간 전),https://data.sec.gov/submissions/CIK0001664703.json (최초 보고기간 2018Q2),
Bloom Energy,BE,2015Q2,,분기말 지배지분 자본,데이터 없음(최초 보고기간 이전),USD,데이터 없음(최초 보고기간 전),https://data.sec.gov/submissions/CIK0001664703.json (최초 보고기간 2018Q2),
Bloom Energy,BE,2015Q2,,분기말 종가,데이터 없음(상장 전),,데이터 없음(상장 전),https://query1.finance.yahoo.com/v8/finance/chart/BE (최초 거래일 이전),
Bloom Energy,BE,2015Q2,,분기말 상장주식수,데이터 없음(상장 전),,데이터 없음(상장 전),https://query1.finance.yahoo.com/v8/finance/chart/BE (최초 거래일 이전),
Bloom Energy,BE,2015Q2,,분기말 시가총액,데이터 없음(상장 전),,데이터 없음(상장 전),https://query1.finance.yahoo.com/v8/finance/chart/BE (최초 거래일 이전),
Bloom Energy,BE,2015Q3,,분기별 매출액,데이터 없음(최초 보고기간 이전),USD,데이터 없음(최초 보고기간 전),https://data.sec.gov/submissions/CIK0001664703.json (최초 보고기간 2018Q2),
Bloom Energy,BE,2015Q3,,분기별 영업이익,데이터 없음(최초 보고기간 이전),USD,데이터 없음(최초 보고기간 전),https://data.sec.gov/submissions/CIK0001664703.json (최초 보고기간 2018Q2),
Bloom Energy,BE,2015Q3,,분기별 당기순이익(지배),데이터 없음(최초 보고기간 이전),USD,데이터 없음(최초 보고기간 전),https://data.sec.gov/submissions/CIK0001664703.json (최초 보고기간 2018Q2),
Bloom Energy,BE,2015Q3,,분기별 영업활동현금흐름,데이터 없음(최초 보고기간 이전),USD,데이터 없음(최초 보고기간 전),https://data.sec.gov/submissions/CIK0001664703.json (최초 보고기간 2018Q2),
Bloom Energy,BE,2015Q3,,분기말 자산총계,데이터 없음(최초 보고기간 이전),USD,데이터 없음(최초 보고기간 전),https://data.sec.gov/submissions/CIK0001664703.json (최초 보고기간 2018Q2),
Bloom Energy,BE,2015Q3,,분기말 부채총계,데이터 없음(최초 보고기간 이전),USD,데이터 없음(최초 보고기간 전),https://data.sec.gov/submissions/CIK0001664703.json (최초 보고기간 2018Q2),
Bloom Energy,BE,2015Q3,,분기말 총자본(자기자본),데이터 없음(최초 보고기간 이전),USD,데이터 없음(최초 보고기간 전),https://data.sec.gov/submissions/CIK0001664703.json (최초 보고기간 2018Q2),
Bloom Energy,BE,2015Q3,,분기말 지배지분 자본,데이터 없음(최초 보고기간 이전),USD,데이터 없음(최초 보고기간 전),https://data.sec.gov/submissions/CIK0001664703.json (최초 보고기간 2018Q2),
Bloom Energy,BE,2015Q3,,분기말 종가,데이터 없음(상장 전),,데이터 없음(상장 전),https://query1.finance.yahoo.com/v8/finance/chart/BE (최초 거래일 이전),
Bloom Energy,BE,2015Q3,,분기말 상장주식수,데이터 없음(상장 전),,데이터 없음(상장 전),https://query1.finance.yahoo.com/v8/finance/chart/BE (최초 거래일 이전),
Bloom Energy,BE,2015Q3,,분기말 시가총액,데이터 없음(상장 전),,데이터 없음(상장 전),https://query1.finance.yahoo.com/v8/finance/chart/BE (최초 거래일 이전),
Bloom Energy,BE,2015Q4,,분기별 매출액,데이터 없음(최초 보고기간 이전),USD,데이터 없음(최초 보고기간 전),https://data.sec.gov/submissions/CIK0001664703.json (최초 보고기간 2018Q2),
Bloom Energy,BE,2015Q4,,분기별 영업이익,데이터 없음(최초 보고기간 이전),USD,데이터 없음(최초 보고기간 전),https://data.sec.gov/submissions/CIK0001664703.json (최초 보고기간 2018Q2),
Bloom Energy,BE,2015Q4,,분기별 당기순이익(지배),데이터 없음(최초 보고기간 이전),USD,데이터 없음(최초 보고기간 전),https://data.sec.gov/submissions/CIK0001664703.json (최초 보고기간 2018Q2),
Bloom Energy,BE,2015Q4,,분기별 영업활동현금흐름,데이터 없음(최초 보고기간 이전),USD,데이터 없음(최초 보고기간 전),https://data.sec.gov/submissions/CIK0001664703.json (최초 보고기간 2018Q2),
Bloom Energy,BE,2015Q4,,분기말 자산총계,데이터 없음(최초 보고기간 이전),USD,데이터 없음(최초 보고기간 전),https://data.sec.gov/submissions/CIK0001664703.json (최초 보고기간 2018Q2),
Bloom Energy,BE,2015Q4,,분기말 부채총계,데이터 없음(최초 보고기간 이전),USD,데이터 없음(최초 보고기간 전),https://data.sec.gov/submissions/CIK0001664703.json (최초 보고기간 2018Q2),
Bloom Energy,BE,2015Q4,,분기말 총자본(자기자본),데이터 없음(최초 보고기간 이전),USD,데이터 없음(최초 보고기간 전),https://data.sec.gov/submissions/CIK0001664703.json (최초 보고기간 2018Q2),
Bloom Energy,BE,2015Q4,,분기말 지배지분 자본,데이터 없음(최초 보고기간 이전),USD,데이터 없음(최초 보고기간 전),https://data.sec.gov/submissions/CIK0001664703.json (최초 보고기간 2018Q2),
Bloom Energy,BE,2015Q4,,분기말 종가,데이터 없음(상장 전),,데이터 없음(상장 전),https://query1.finance.yahoo.com/v8/finance/chart/BE (최초 거래일 이전),
Bloom Energy,BE,2015Q4,,분기말 상장주식수,데이터 없음(상장 전),,데이터 없음(상장 전),https://query1.finance.yahoo.com/v8/finance/chart/BE (최초 거래일 이전),
Bloom Energy,BE,2015Q4,,분기말 시가총액,데이터 없음(상장 전),,데이터 없음(상장 전),https://query1.finance.yahoo.com/v8/finance/chart/BE (최초 거래일 이전),
Bloom Energy,BE,2016Q1,,분기별 매출액,데이터 없음(최초 보고기간 이전),USD,데이터 없음(최초 보고기간 전),https://data.sec.gov/submissions/CIK0001664703.json (최초 보고기간 2018Q2),
Bloom Energy,BE,2016Q1,,분기별 영업이익,데이터 없음(최초 보고기간 이전),USD,데이터 없음(최초 보고기간 전),https://data.sec.gov/submissions/CIK0001664703.json (최초 보고기간 2018Q2),
Bloom Energy,BE,2016Q1,,분기별 당기순이익(지배),데이터 없음(최초 보고기간 이전),USD,데이터 없음(최초 보고기간 전),https://data.sec.gov/submissions/CIK0001664703.json (최초 보고기간 2018Q2),
Bloom Energy,BE,2016Q1,,분기별 영업활동현금흐름,데이터 없음(최초 보고기간 이전),USD,데이터 없음(최초 보고기간 전),https://data.sec.gov/submissions/CIK0001664703.json (최초 보고기간 2018Q2),
Bloom Energy,BE,2016Q1,,분기말 자산총계,데이터 없음(최초 보고기간 이전),USD,데이터 없음(최초 보고기간 전),https://data.sec.gov/submissions/CIK0001664703.json (최초 보고기간 2018Q2),
Bloom Energy,BE,2016Q1,,분기말 부채총계,데이터 없음(최초 보고기간 이전),USD,데이터 없음(최초 보고기간 전),https://data.sec.gov/submissions/CIK0001664703.json (최초 보고기간 2018Q2),
Bloom Energy,BE,2016Q1,,분기말 총자본(자기자본),데이터 없음(최초 보고기간 이전),USD,데이터 없음(최초 보고기간 전),https://data.sec.gov/submissions/CIK0001664703.json (최초 보고기간 2018Q2),
Bloom Energy,BE,2016Q1,,분기말 지배지분 자본,데이터 없음(최초 보고기간 이전),USD,데이터 없음(최초 보고기간 전),https://data.sec.gov/submissions/CIK0001664703.json (최초 보고기간 2018Q2),
Bloom Energy,BE,2016Q1,,분기말 종가,데이터 없음(상장 전),,데이터 없음(상장 전),https://query1.finance.yahoo.com/v8/finance/chart/BE (최초 거래일 이전),
Bloom Energy,BE,2016Q1,,분기말 상장주식수,데이터 없음(상장 전),,데이터 없음(상장 전),https://query1.finance.yahoo.com/v8/finance/chart/BE (최초 거래일 이전),
Bloom Energy,BE,2016Q1,,분기말 시가총액,데이터 없음(상장 전),,데이터 없음(상장 전),https://query1.finance.yahoo.com/v8/finance/chart/BE (최초 거래일 이전),
Bloom Energy,BE,2016Q2,,분기별 매출액,데이터 없음(최초 보고기간 이전),USD,데이터 없음(최초 보고기간 전),https://data.sec.gov/submissions/CIK0001664703.json (최초 보고기간 2018Q2),
Bloom Energy,BE,2016Q2,,분기별 영업이익,데이터 없음(최초 보고기간 이전),USD,데이터 없음(최초 보고기간 전),https://data.sec.gov/submissions/CIK0001664703.json (최초 보고기간 2018Q2),
Bloom Energy,BE,2016Q2,,분기별 당기순이익(지배),데이터 없음(최초 보고기간 이전),USD,데이터 없음(최초 보고기간 전),https://data.sec.gov/submissions/CIK0001664703.json (최초 보고기간 2018Q2),
Bloom Energy,BE,2016Q2,,분기별 영업활동현금흐름,데이터 없음(최초 보고기간 이전),USD,데이터 없음(최초 보고기간 전),https://data.sec.gov/submissions/CIK0001664703.json (최초 보고기간 2018Q2),
Bloom Energy,BE,2016Q2,,분기말 자산총계,데이터 없음(최초 보고기간 이전),USD,데이터 없음(최초 보고기간 전),https://data.sec.gov/submissions/CIK0001664703.json (최초 보고기간 2018Q2),
Bloom Energy,BE,2016Q2,,분기말 부채총계,데이터 없음(최초 보고기간 이전),USD,데이터 없음(최초 보고기간 전),https://data.sec.gov/submissions/CIK0001664703.json (최초 보고기간 2018Q2),
Bloom Energy,BE,2016Q2,,분기말 총자본(자기자본),데이터 없음(최초 보고기간 이전),USD,데이터 없음(최초 보고기간 전),https://data.sec.gov/submissions/CIK0001664703.json (최초 보고기간 2018Q2),
Bloom Energy,BE,2016Q2,,분기말 지배지분 자본,데이터 없음(최초 보고기간 이전),USD,데이터 없음(최초 보고기간 전),https://data.sec.gov/submissions/CIK0001664703.json (최초 보고기간 2018Q2),
Bloom Energy,BE,2016Q2,,분기말 종가,데이터 없음(상장 전),,데이터 없음(상장 전),https://query1.finance.yahoo.com/v8/finance/chart/BE (최초 거래일 이전),
Bloom Energy,BE,2016Q2,,분기말 상장주식수,데이터 없음(상장 전),,데이터 없음(상장 전),https://query1.finance.yahoo.com/v8/finance/chart/BE (최초 거래일 이전),
Bloom Energy,BE,2016Q2,,분기말 시가총액,데이터 없음(상장 전),,데이터 없음(상장 전),https://query1.finance.yahoo.com/v8/finance/chart/BE (최초 거래일 이전),
Bloom Energy,BE,2016Q3,,분기별 매출액,데이터 없음(최초 보고기간 이전),USD,데이터 없음(최초 보고기간 전),https://data.sec.gov/submissions/CIK0001664703.json (최초 보고기간 2018Q2),
Bloom Energy,BE,2016Q3,,분기별 영업이익,데이터 없음(최초 보고기간 이전),USD,데이터 없음(최초 보고기간 전),https://data.sec.gov/submissions/CIK0001664703.json (최초 보고기간 2018Q2),
Bloom Energy,BE,2016Q3,,분기별 당기순이익(지배),데이터 없음(최초 보고기간 이전),USD,데이터 없음(최초 보고기간 전),https://data.sec.gov/submissions/CIK0001664703.json (최초 보고기간 2018Q2),
Bloom Energy,BE,2016Q3,,분기별 영업활동현금흐름,데이터 없음(최초 보고기간 이전),USD,데이터 없음(최초 보고기간 전),https://data.sec.gov/submissions/CIK0001664703.json (최초 보고기간 2018Q2),
Bloom Energy,BE,2016Q3,,분기말 자산총계,데이터 없음(최초 보고기간 이전),USD,데이터 없음(최초 보고기간 전),https://data.sec.gov/submissions/CIK0001664703.json (최초 보고기간 2018Q2),
Bloom Energy,BE,2016Q3,,분기말 부채총계,데이터 없음(최초 보고기간 이전),USD,데이터 없음(최초 보고기간 전),https://data.sec.gov/submissions/CIK0001664703.json (최초 보고기간 2018Q2),
Bloom Energy,BE,2016Q3,,분기말 총자본(자기자본),데이터 없음(최초 보고기간 이전),USD,데이터 없음(최초 보고기간 전),https://data.sec.gov/submissions/CIK0001664703.json (최초 보고기간 2018Q2),
Bloom Energy,BE,2016Q3,,분기말 지배지분 자본,데이터 없음(최초 보고기간 이전),USD,데이터 없음(최초 보고기간 전),https://data.sec.gov/submissions/CIK0001664703.json (최초 보고기간 2018Q2),
Bloom Energy,BE,2016Q3,,분기말 종가,데이터 없음(상장 전),,데이터 없음(상장 전),https://query1.finance.yahoo.com/v8/finance/chart/BE (최초 거래일 이전),
Bloom Energy,BE,2016Q3,,분기말 상장주식수,데이터 없음(상장 전),,데이터 없음(상장 전),https://query1.finance.yahoo.com/v8/finance/chart/BE (최초 거래일 이전),
Bloom Energy,BE,2016Q3,,분기말 시가총액,데이터 없음(상장 전),,데이터 없음(상장 전),https://query1.finance.yahoo.com/v8/finance/chart/BE (최초 거래일 이전),
Bloom Energy,BE,2016Q4,,분기별 매출액,데이터 없음(최초 보고기간 이전),USD,데이터 없음(최초 보고기간 전),https://data.sec.gov/submissions/CIK0001664703.json (최초 보고기간 2018Q2),
Bloom Energy,BE,2016Q4,,분기별 영업이익,데이터 없음(최초 보고기간 이전),USD,데이터 없음(최초 보고기간 전),https://data.sec.gov/submissions/CIK0001664703.json (최초 보고기간 2018Q2),
Bloom Energy,BE,2016Q4,,분기별 당기순이익(지배),데이터 없음(최초 보고기간 이전),USD,데이터 없음(최초 보고기간 전),https://data.sec.gov/submissions/CIK0001664703.json (최초 보고기간 2018Q2),
Bloom Energy,BE,2016Q4,,분기별 영업활동현금흐름,데이터 없음(최초 보고기간 이전),USD,데이터 없음(최초 보고기간 전),https://data.sec.gov/submissions/CIK0001664703.json (최초 보고기간 2018Q2),
Bloom Energy,BE,2016Q4,,분기말 자산총계,데이터 없음(최초 보고기간 이전),USD,데이터 없음(최초 보고기간 전),https://data.sec.gov/submissions/CIK0001664703.json (최초 보고기간 2018Q2),
Bloom Energy,BE,2016Q4,,분기말 부채총계,데이터 없음(최초 보고기간 이전),USD,데이터 없음(최초 보고기간 전),https://data.sec.gov/submissions/CIK0001664703.json (최초 보고기간 2018Q2),
Bloom Energy,BE,2016Q4,,분기말 총자본(자기자본),데이터 없음(최초 보고기간 이전),USD,데이터 없음(최초 보고기간 전),https://data.sec.gov/submissions/CIK0001664703.json (최초 보고기간 2018Q2),
Bloom Energy,BE,2016Q4,,분기말 지배지분 자본,데이터 없음(최초 보고기간 이전),USD,데이터 없음(최초 보고기간 전),https://data.sec.gov/submissions/CIK0001664703.json (최초 보고기간 2018Q2),
Bloom Energy,BE,2016Q4,,분기말 종가,데이터 없음(상장 전),,데이터 없음(상장 전),https://query1.finance.yahoo.com/v8/finance/chart/BE (최초 거래일 이전),
Bloom Energy,BE,2016Q4,,분기말 상장주식수,데이터 없음(상장 전),,데이터 없음(상장 전),https://query1.finance.yahoo.com/v8/finance/chart/BE (최초 거래일 이전),
Bloom Energy,BE,2016Q4,,분기말 시가총액,데이터 없음(상장 전),,데이터 없음(상장 전),https://query1.finance.yahoo.com/v8/finance/chart/BE (최초 거래일 이전),
Bloom Energy,BE,2017Q1,,분기별 매출액,데이터 없음(최초 보고기간 이전),USD,데이터 없음(최초 보고기간 전),https://data.sec.gov/submissions/CIK0001664703.json (최초 보고기간 2018Q2),
Bloom Energy,BE,2017Q1,,분기별 영업이익,데이터 없음(최초 보고기간 이전),USD,데이터 없음(최초 보고기간 전),https://data.sec.gov/submissions/CIK0001664703.json (최초 보고기간 2018Q2),
Bloom Energy,BE,2017Q1,,분기별 당기순이익(지배),데이터 없음(최초 보고기간 이전),USD,데이터 없음(최초 보고기간 전),https://data.sec.gov/submissions/CIK0001664703.json (최초 보고기간 2018Q2),
Bloom Energy,BE,2017Q1,,분기별 영업활동현금흐름,데이터 없음(최초 보고기간 이전),USD,데이터 없음(최초 보고기간 전),https://data.sec.gov/submissions/CIK0001664703.json (최초 보고기간 2018Q2),
Bloom Energy,BE,2017Q1,,분기말 자산총계,데이터 없음(최초 보고기간 이전),USD,데이터 없음(최초 보고기간 전),https://data.sec.gov/submissions/CIK0001664703.json (최초 보고기간 2018Q2),
Bloom Energy,BE,2017Q1,,분기말 부채총계,데이터 없음(최초 보고기간 이전),USD,데이터 없음(최초 보고기간 전),https://data.sec.gov/submissions/CIK0001664703.json (최초 보고기간 2018Q2),
Bloom Energy,BE,2017Q1,,분기말 총자본(자기자본),데이터 없음(최초 보고기간 이전),USD,데이터 없음(최초 보고기간 전),https://data.sec.gov/submissions/CIK0001664703.json (최초 보고기간 2018Q2),
Bloom Energy,BE,2017Q1,,분기말 지배지분 자본,데이터 없음(최초 보고기간 이전),USD,데이터 없음(최초 보고기간 전),https://data.sec.gov/submissions/CIK0001664703.json (최초 보고기간 2018Q2),
Bloom Energy,BE,2017Q1,,분기말 종가,데이터 없음(상장 전),,데이터 없음(상장 전),https://query1.finance.yahoo.com/v8/finance/chart/BE (최초 거래일 이전),
Bloom Energy,BE,2017Q1,,분기말 상장주식수,데이터 없음(상장 전),,데이터 없음(상장 전),https://query1.finance.yahoo.com/v8/finance/chart/BE (최초 거래일 이전),
Bloom Energy,BE,2017Q1,,분기말 시가총액,데이터 없음(상장 전),,데이터 없음(상장 전),https://query1.finance.yahoo.com/v8/finance/chart/BE (최초 거래일 이전),
Bloom Energy,BE,2017Q2,,분기별 매출액,데이터 없음(최초 보고기간 이전),USD,데이터 없음(최초 보고기간 전),https://data.sec.gov/submissions/CIK0001664703.json (최초 보고기간 2018Q2),
Bloom Energy,BE,2017Q2,,분기별 영업이익,데이터 없음(최초 보고기간 이전),USD,데이터 없음(최초 보고기간 전),https://data.sec.gov/submissions/CIK0001664703.json (최초 보고기간 2018Q2),
Bloom Energy,BE,2017Q2,,분기별 당기순이익(지배),데이터 없음(최초 보고기간 이전),USD,데이터 없음(최초 보고기간 전),https://data.sec.gov/submissions/CIK0001664703.json (최초 보고기간 2018Q2),
Bloom Energy,BE,2017Q2,,분기별 영업활동현금흐름,데이터 없음(최초 보고기간 이전),USD,데이터 없음(최초 보고기간 전),https://data.sec.gov/submissions/CIK0001664703.json (최초 보고기간 2018Q2),
Bloom Energy,BE,2017Q2,,분기말 자산총계,데이터 없음(최초 보고기간 이전),USD,데이터 없음(최초 보고기간 전),https://data.sec.gov/submissions/CIK0001664703.json (최초 보고기간 2018Q2),
Bloom Energy,BE,2017Q2,,분기말 부채총계,데이터 없음(최초 보고기간 이전),USD,데이터 없음(최초 보고기간 전),https://data.sec.gov/submissions/CIK0001664703.json (최초 보고기간 2018Q2),
Bloom Energy,BE,2017Q2,,분기말 총자본(자기자본),데이터 없음(최초 보고기간 이전),USD,데이터 없음(최초 보고기간 전),https://data.sec.gov/submissions/CIK0001664703.json (최초 보고기간 2018Q2),
Bloom Energy,BE,2017Q2,,분기말 지배지분 자본,데이터 없음(최초 보고기간 이전),USD,데이터 없음(최초 보고기간 전),https://data.sec.gov/submissions/CIK0001664703.json (최초 보고기간 2018Q2),
Bloom Energy,BE,2017Q2,,분기말 종가,데이터 없음(상장 전),,데이터 없음(상장 전),https://query1.finance.yahoo.com/v8/finance/chart/BE (최초 거래일 이전),
Bloom Energy,BE,2017Q2,,분기말 상장주식수,데이터 없음(상장 전),,데이터 없음(상장 전),https://query1.finance.yahoo.com/v8/finance/chart/BE (최초 거래일 이전),
Bloom Energy,BE,2017Q2,,분기말 시가총액,데이터 없음(상장 전),,데이터 없음(상장 전),https://query1.finance.yahoo.com/v8/finance/chart/BE (최초 거래일 이전),
Bloom Energy,BE,2017Q3,,분기별 매출액,데이터 없음(최초 보고기간 이전),USD,데이터 없음(최초 보고기간 전),https://data.sec.gov/submissions/CIK0001664703.json (최초 보고기간 2018Q2),
Bloom Energy,BE,2017Q3,,분기별 영업이익,데이터 없음(최초 보고기간 이전),USD,데이터 없음(최초 보고기간 전),https://data.sec.gov/submissions/CIK0001664703.json (최초 보고기간 2018Q2),
Bloom Energy,BE,2017Q3,,분기별 당기순이익(지배),데이터 없음(최초 보고기간 이전),USD,데이터 없음(최초 보고기간 전),https://data.sec.gov/submissions/CIK0001664703.json (최초 보고기간 2018Q2),
Bloom Energy,BE,2017Q3,,분기별 영업활동현금흐름,데이터 없음(최초 보고기간 이전),USD,데이터 없음(최초 보고기간 전),https://data.sec.gov/submissions/CIK0001664703.json (최초 보고기간 2018Q2),
Bloom Energy,BE,2017Q3,,분기말 자산총계,데이터 없음(최초 보고기간 이전),USD,데이터 없음(최초 보고기간 전),https://data.sec.gov/submissions/CIK0001664703.json (최초 보고기간 2018Q2),
Bloom Energy,BE,2017Q3,,분기말 부채총계,데이터 없음(최초 보고기간 이전),USD,데이터 없음(최초 보고기간 전),https://data.sec.gov/submissions/CIK0001664703.json (최초 보고기간 2018Q2),
Bloom Energy,BE,2017Q3,,분기말 총자본(자기자본),데이터 없음(최초 보고기간 이전),USD,데이터 없음(최초 보고기간 전),https://data.sec.gov/submissions/CIK0001664703.json (최초 보고기간 2018Q2),
Bloom Energy,BE,2017Q3,,분기말 지배지분 자본,데이터 없음(최초 보고기간 이전),USD,데이터 없음(최초 보고기간 전),https://data.sec.gov/submissions/CIK0001664703.json (최초 보고기간 2018Q2),
Bloom Energy,BE,2017Q3,,분기말 종가,데이터 없음(상장 전),,데이터 없음(상장 전),https://query1.finance.yahoo.com/v8/finance/chart/BE (최초 거래일 이전),
Bloom Energy,BE,2017Q3,,분기말 상장주식수,데이터 없음(상장 전),,데이터 없음(상장 전),https://query1.finance.yahoo.com/v8/finance/chart/BE (최초 거래일 이전),
Bloom Energy,BE,2017Q3,,분기말 시가총액,데이터 없음(상장 전),,데이터 없음(상장 전),https://query1.finance.yahoo.com/v8/finance/chart/BE (최초 거래일 이전),
Bloom Energy,BE,2017Q4,,분기별 매출액,데이터 없음(최초 보고기간 이전),USD,데이터 없음(최초 보고기간 전),https://data.sec.gov/submissions/CIK0001664703.json (최초 보고기간 2018Q2),
Bloom Energy,BE,2017Q4,,분기별 영업이익,데이터 없음(최초 보고기간 이전),USD,데이터 없음(최초 보고기간 전),https://data.sec.gov/submissions/CIK0001664703.json (최초 보고기간 2018Q2),
Bloom Energy,BE,2017Q4,,분기별 당기순이익(지배),데이터 없음(최초 보고기간 이전),USD,데이터 없음(최초 보고기간 전),https://data.sec.gov/submissions/CIK0001664703.json (최초 보고기간 2018Q2),
Bloom Energy,BE,2017Q4,,분기별 영업활동현금흐름,데이터 없음(최초 보고기간 이전),USD,데이터 없음(최초 보고기간 전),https://data.sec.gov/submissions/CIK0001664703.json (최초 보고기간 2018Q2),
Bloom Energy,BE,2017Q4,,분기말 자산총계,데이터 없음(최초 보고기간 이전),USD,데이터 없음(최초 보고기간 전),https://data.sec.gov/submissions/CIK0001664703.json (최초 보고기간 2018Q2),
Bloom Energy,BE,2017Q4,,분기말 부채총계,데이터 없음(최초 보고기간 이전),USD,데이터 없음(최초 보고기간 전),https://data.sec.gov/submissions/CIK0001664703.json (최초 보고기간 2018Q2),
Bloom Energy,BE,2017Q4,,분기말 총자본(자기자본),데이터 없음(최초 보고기간 이전),USD,데이터 없음(최초 보고기간 전),https://data.sec.gov/submissions/CIK0001664703.json (최초 보고기간 2018Q2),
Bloom Energy,BE,2017Q4,,분기말 지배지분 자본,데이터 없음(최초 보고기간 이전),USD,데이터 없음(최초 보고기간 전),https://data.sec.gov/submissions/CIK0001664703.json (최초 보고기간 2018Q2),
Bloom Energy,BE,2017Q4,,분기말 종가,데이터 없음(상장 전),,데이터 없음(상장 전),https://query1.finance.yahoo.com/v8/finance/chart/BE (최초 거래일 이전),
Bloom Energy,BE,2017Q4,,분기말 상장주식수,데이터 없음(상장 전),,데이터 없음(상장 전),https://query1.finance.yahoo.com/v8/finance/chart/BE (최초 거래일 이전),
Bloom Energy,BE,2017Q4,,분기말 시가총액,데이터 없음(상장 전),,데이터 없음(상장 전),https://query1.finance.yahoo.com/v8/finance/chart/BE (최초 거래일 이전),
Bloom Energy,BE,2018Q1,,분기별 매출액,데이터 없음(최초 보고기간 이전),USD,데이터 없음(최초 보고기간 전),https://data.sec.gov/submissions/CIK0001664703.json (최초 보고기간 2018Q2),
Bloom Energy,BE,2018Q1,,분기별 영업이익,데이터 없음(최초 보고기간 이전),USD,데이터 없음(최초 보고기간 전),https://data.sec.gov/submissions/CIK0001664703.json (최초 보고기간 2018Q2),
Bloom Energy,BE,2018Q1,,분기별 당기순이익(지배),데이터 없음(최초 보고기간 이전),USD,데이터 없음(최초 보고기간 전),https://data.sec.gov/submissions/CIK0001664703.json (최초 보고기간 2018Q2),
Bloom Energy,BE,2018Q1,,분기별 영업활동현금흐름,데이터 없음(최초 보고기간 이전),USD,데이터 없음(최초 보고기간 전),https://data.sec.gov/submissions/CIK0001664703.json (최초 보고기간 2018Q2),
Bloom Energy,BE,2018Q1,,분기말 자산총계,데이터 없음(최초 보고기간 이전),USD,데이터 없음(최초 보고기간 전),https://data.sec.gov/submissions/CIK0001664703.json (최초 보고기간 2018Q2),
Bloom Energy,BE,2018Q1,,분기말 부채총계,데이터 없음(최초 보고기간 이전),USD,데이터 없음(최초 보고기간 전),https://data.sec.gov/submissions/CIK0001664703.json (최초 보고기간 2018Q2),
Bloom Energy,BE,2018Q1,,분기말 총자본(자기자본),데이터 없음(최초 보고기간 이전),USD,데이터 없음(최초 보고기간 전),https://data.sec.gov/submissions/CIK0001664703.json (최초 보고기간 2018Q2),
Bloom Energy,BE,2018Q1,,분기말 지배지분 자본,데이터 없음(최초 보고기간 이전),USD,데이터 없음(최초 보고기간 전),https://data.sec.gov/submissions/CIK0001664703.json (최초 보고기간 2018Q2),
Bloom Energy,BE,2018Q1,,분기말 종가,데이터 없음(상장 전),,데이터 없음(상장 전),https://query1.finance.yahoo.com/v8/finance/chart/BE (최초 거래일 이전),
Bloom Energy,BE,2018Q1,,분기말 상장주식수,데이터 없음(상장 전),,데이터 없음(상장 전),https://query1.finance.yahoo.com/v8/finance/chart/BE (최초 거래일 이전),
Bloom Energy,BE,2018Q1,,분기말 시가총액,데이터 없음(상장 전),,데이터 없음(상장 전),https://query1.finance.yahoo.com/v8/finance/chart/BE (최초 거래일 이전),
Bloom Energy,BE,2018Q2,2018-06-30,분기별 매출액,138302000,USD,공시(재작성 반영),https://www.sec.gov/Archives/edgar/data/1664703/000166470320000013/,원 공시 168881000 (https://www.sec.gov/Archives/edgar/data/1664703/000162828018011710/)
Bloom Energy,BE,2018Q2,2018-06-30,분기별 영업이익,-10955000,USD,공시(재작성 반영),https://www.sec.gov/Archives/edgar/data/1664703/000166470320000013/,원 공시 -5255000 (https://www.sec.gov/Archives/edgar/data/1664703/000162828018011710/)
Bloom Energy,BE,2018Q2,2018-06-30,분기별 당기순이익(지배),-55998000,USD,공시(재작성 반영),https://www.sec.gov/Archives/edgar/data/1664703/000166470320000013/,원 공시 -45677000 (https://www.sec.gov/Archives/edgar/data/1664703/000162828018011710/)
Bloom Energy,BE,2018Q2,2018-06-30,분기별 영업활동현금흐름,데이터 없음(직전 분기 누적 보고서 없음),USD,데이터 없음(직전 보고서 없음),https://www.sec.gov/Archives/edgar/data/1664703/000166470320000013/,
Bloom Energy,BE,2018Q2,2018-06-30,분기말 자산총계,1213781000,USD,공시(재작성 반영),https://www.sec.gov/Archives/edgar/data/1664703/000166470320000013/,원 공시 1157737000 (https://www.sec.gov/Archives/edgar/data/1664703/000162828018011710/)
Bloom Energy,BE,2018Q2,2018-06-30,분기말 부채총계,1812698000,USD,공시(재작성 반영),https://www.sec.gov/Archives/edgar/data/1664703/000166470320000013/,메자닌(일시자본) 1520781000 별도 ; 원 공시 1722540000 (https://www.sec.gov/Archives/edgar/data/1664703/000162828018011710/)
Bloom Energy,BE,2018Q2,2018-06-30,분기말 총자본(자기자본),-2119698000,USD,계산(지배+비지배)(재작성 반영),https://www.sec.gov/Archives/edgar/data/1664703/000166470320000013/,지배 -2261131000 + 비지배 141433000 ; 원 공시 -2085584000 (https://www.sec.gov/Archives/edgar/data/1664703/000162828018011710/)
Bloom Energy,BE,2018Q2,2018-06-30,분기말 지배지분 자본,-2261131000,USD,공시(재작성 반영),https://www.sec.gov/Archives/edgar/data/1664703/000166470320000013/,원 공시 -2227017000 (https://www.sec.gov/Archives/edgar/data/1664703/000162828018011710/)
Bloom Energy,BE,2018Q2,2018-06-30,분기말 종가,데이터 없음(API 최초 거래일 2018-07-25 이전),,데이터 없음(상장 전),https://query1.finance.yahoo.com/v8/finance/chart/BE (firstTradeDate 2018-07-25),
Bloom Energy,BE,2018Q2,2018-06-30,분기말 상장주식수,데이터 없음(API 최초 거래일 2018-07-25 이전),,데이터 없음(상장 전),https://query1.finance.yahoo.com/v8/finance/chart/BE (firstTradeDate 2018-07-25),
Bloom Energy,BE,2018Q2,2018-06-30,분기말 시가총액,데이터 없음(API 최초 거래일 2018-07-25 이전),,데이터 없음(상장 전),https://query1.finance.yahoo.com/v8/finance/chart/BE (firstTradeDate 2018-07-25),
Bloom Energy,BE,2018Q3,2018-09-30,분기별 매출액,168619000,USD,공시(재작성 반영),https://www.sec.gov/Archives/edgar/data/1664703/000166470320000013/,원 공시 190190000 (https://www.sec.gov/Archives/edgar/data/1664703/000162828018014294/)
Bloom Energy,BE,2018Q3,2018-09-30,분기별 영업이익,-62006000,USD,공시(재작성 반영),https://www.sec.gov/Archives/edgar/data/1664703/000166470320000013/,원 공시 -66111000 (https://www.sec.gov/Archives/edgar/data/1664703/000162828018014294/)
Bloom Energy,BE,2018Q3,2018-09-30,분기별 당기순이익(지배),-80502000,USD,공시(재작성 반영),https://www.sec.gov/Archives/edgar/data/1664703/000166470320000013/,원 공시 -78579000 (https://www.sec.gov/Archives/edgar/data/1664703/000162828018014294/)
Bloom Energy,BE,2018Q3,2018-09-30,분기별 영업활동현금흐름,-5847000,USD,계산(누적차감)(재작성 반영),https://www.sec.gov/Archives/edgar/data/1664703/000166470320000013/ ; https://www.sec.gov/Archives/edgar/data/1664703/000166470320000013/,누적 -46699000 − 직전누적 -40852000 (시작 2018-01-01) ; 원 공시 4937000 (https://www.sec.gov/Archives/edgar/data/1664703/000162828018014294/ ; https://www.sec.gov/Archives/edgar/data/1664703/000162828018011710/)
Bloom Energy,BE,2018Q3,2018-09-30,분기말 자산총계,1445145000,USD,공시,https://www.sec.gov/Archives/edgar/data/1664703/000162828018014294/,
Bloom Energy,BE,2018Q3,2018-09-30,분기말 부채총계,1338825000,USD,공시,https://www.sec.gov/Archives/edgar/data/1664703/000162828018014294/,메자닌(일시자본) 56446000 부채총계에 포함
Bloom Energy,BE,2018Q3,2018-09-30,분기말 총자본(자기자본),미확인,USD,미확인,https://www.sec.gov/Archives/edgar/data/1664703/000162828018014294/,자체 검증 실패: 자산 1530037000 ≠ 부채 1458998000 + 총자본 106320000 + 메자닌 56446000 (차이 -91727000)
Bloom Energy,BE,2018Q3,2018-09-30,분기말 지배지분 자본,미확인,USD,미확인,https://www.sec.gov/Archives/edgar/data/1664703/000162828018014294/,자체 검증 실패: 자산 1530037000 ≠ 부채 1458998000 + 총자본 106320000 + 메자닌 56446000 (차이 -91727000)
Bloom Energy,BE,2018Q3,2018-09-28,분기말 종가,34.08,USD,API,https://query1.finance.yahoo.com/v8/finance/chart/BE?interval=1d&events=splits (2018-09-28),
Bloom Energy,BE,2018Q3,2018-11-02,분기말 상장주식수,109416463,주,공시(표지 기준일),https://www.sec.gov/Archives/edgar/data/1664703/000162828018014294/,"XBRL 원문 dei:EntityCommonStockSharesOutstanding 2개 클래스 합 ; 클래스별(2018-11-02): CommonClassAMember 20865308, CommonClassBMember 88551155"
Bloom Energy,BE,2018Q3,2018-09-28,분기말 시가총액,3728913059,USD,계산(종가×주식수),https://query1.finance.yahoo.com/v8/finance/chart/BE?interval=1d&events=splits (2018-09-28) ; https://www.sec.gov/Archives/edgar/data/1664703/000162828018014294/,종가 34.08 × 주식수 109416463
Bloom Energy,BE,2018Q4,2018-12-31,분기별 매출액,157145000,USD,계산(연간-3분기누적)(재작성 반영),https://www.sec.gov/Archives/edgar/data/1664703/000166470321000017/ ; https://www.sec.gov/Archives/edgar/data/1664703/000166470320000013/,연간 632648000 − 9개월누적 475503000 (Revenues) ; 원 공시 213606000 (https://www.sec.gov/Archives/edgar/data/1664703/000166470319000008/ ; https://www.sec.gov/Archives/edgar/data/1664703/000162828018014294/)
Bloom Energy,BE,2018Q4,2018-12-31,분기별 영업이익,-98471000,USD,계산(연간-3분기누적)(재작성 반영),https://www.sec.gov/Archives/edgar/data/1664703/000166470321000017/ ; https://www.sec.gov/Archives/edgar/data/1664703/000166470320000013/,연간 -165009000 − 9개월누적 -66538000 (OperatingIncomeLoss) ; 원 공시 -88176000 (https://www.sec.gov/Archives/edgar/data/1664703/000166470319000008/ ; https://www.sec.gov/Archives/edgar/data/1664703/000162828018014294/)
Bloom Energy,BE,2018Q4,2018-12-31,분기별 당기순이익(지배),-115449000,USD,계산(연간-3분기누적)(재작성 반영),https://www.sec.gov/Archives/edgar/data/1664703/000166470321000017/ ; https://www.sec.gov/Archives/edgar/data/1664703/000166470320000013/,연간 -273540000 − 9개월누적 -158091000 (NetIncomeLoss) ; 원 공시 -99781000 (https://www.sec.gov/Archives/edgar/data/1664703/000166470319000008/ ; https://www.sec.gov/Archives/edgar/data/1664703/000162828018014294/)
Bloom Energy,BE,2018Q4,2018-12-31,분기별 영업활동현금흐름,-45249000,USD,계산(누적차감)(재작성 반영),https://www.sec.gov/Archives/edgar/data/1664703/000166470321000017/ ; https://www.sec.gov/Archives/edgar/data/1664703/000166470320000013/,누적 -91948000 − 직전누적 -46699000 (시작 2018-01-01) ; 원 공시 -44769000 (https://www.sec.gov/Archives/edgar/data/1664703/000166470319000008/ ; https://www.sec.gov/Archives/edgar/data/1664703/000162828018014294/)
Bloom Energy,BE,2018Q4,2018-12-31,분기말 자산총계,1521794000,USD,공시(재작성 반영),https://www.sec.gov/Archives/edgar/data/1664703/000166470320000013/,원 공시 1389668000 (https://www.sec.gov/Archives/edgar/data/1664703/000166470319000008/)
Bloom Energy,BE,2018Q4,2018-12-31,분기말 부채총계,1482033000,USD,공시(재작성 반영),https://www.sec.gov/Archives/edgar/data/1664703/000166470320000013/,메자닌(일시자본) 57261000 별도 ; 원 공시 1298958000 (https://www.sec.gov/Archives/edgar/data/1664703/000166470319000008/)
Bloom Energy,BE,2018Q4,2018-12-31,분기말 총자본(자기자본),-17500000,USD,계산(지배+비지배)(재작성 반영),https://www.sec.gov/Archives/edgar/data/1664703/000166470320000013/,지배 -142610000 + 비지배 125110000 ; 원 공시 33449000 (https://www.sec.gov/Archives/edgar/data/1664703/000166470319000008/)
Bloom Energy,BE,2018Q4,2018-12-31,분기말 지배지분 자본,-142610000,USD,공시(재작성 반영),https://www.sec.gov/Archives/edgar/data/1664703/000166470320000013/,원 공시 -91661000 (https://www.sec.gov/Archives/edgar/data/1664703/000166470319000008/)
Bloom Energy,BE,2018Q4,2018-12-31,분기말 종가,9.98,USD,API,https://query1.finance.yahoo.com/v8/finance/chart/BE?interval=1d&events=splits (2018-12-31),
Bloom Energy,BE,2018Q4,2019-02-28,분기말 상장주식수,112904662,주,공시(표지 기준일),https://www.sec.gov/Archives/edgar/data/1664703/000166470319000008/,"XBRL 원문 dei:EntityCommonStockSharesOutstanding 2개 클래스 합 ; 클래스별(2019-02-28): CommonClassAMember 58462298, CommonClassBMember 54442364"
Bloom Energy,BE,2018Q4,2018-12-31,분기말 시가총액,1126788527,USD,계산(종가×주식수),https://query1.finance.yahoo.com/v8/finance/chart/BE?interval=1d&events=splits (2018-12-31) ; https://www.sec.gov/Archives/edgar/data/1664703/000166470319000008/,종가 9.98 × 주식수 112904662
Bloom Energy,BE,2019Q1,2019-03-31,분기별 매출액,147001000,USD,공시(재작성 반영),https://www.sec.gov/Archives/edgar/data/1664703/000166470320000037/,원 공시 200707000 (https://www.sec.gov/Archives/edgar/data/1664703/000166470319000014/)
Bloom Energy,BE,2019Q1,2019-03-31,분기별 영업이익,-86742000,USD,공시(재작성 반영),https://www.sec.gov/Archives/edgar/data/1664703/000166470320000037/,원 공시 -72641000 (https://www.sec.gov/Archives/edgar/data/1664703/000166470319000014/)
Bloom Energy,BE,2019Q1,2019-03-31,분기별 당기순이익(지배),-104920000,USD,공시(재작성 반영),https://www.sec.gov/Archives/edgar/data/1664703/000166470320000037/,원 공시 -84441000 (https://www.sec.gov/Archives/edgar/data/1664703/000166470319000014/)
Bloom Energy,BE,2019Q1,2019-03-31,분기별 영업활동현금흐름,-9845000,USD,공시(재작성 반영),https://www.sec.gov/Archives/edgar/data/1664703/000166470320000037/,원 공시 -4170000 (https://www.sec.gov/Archives/edgar/data/1664703/000166470319000014/)
Bloom Energy,BE,2019Q1,2019-03-31,분기말 자산총계,1488784000,USD,공시(재작성 반영),https://www.sec.gov/Archives/edgar/data/1664703/000166470320000037/,원 공시 1318850000 (https://www.sec.gov/Archives/edgar/data/1664703/000166470319000014/)
Bloom Energy,BE,2019Q1,2019-03-31,분기말 부채총계,1510181000,USD,공시(재작성 반영),https://www.sec.gov/Archives/edgar/data/1664703/000166470320000037/,메자닌(일시자본) 58802000 별도 ; 원 공시 1250823000 (https://www.sec.gov/Archives/edgar/data/1664703/000166470319000014/)
Bloom Energy,BE,2019Q1,2019-03-31,분기말 총자본(자기자본),-80199000,USD,계산(지배+비지배)(재작성 반영),https://www.sec.gov/Archives/edgar/data/1664703/000166470320000037/,지배 -194863000 + 비지배 114664000 ; 원 공시 9225000 (https://www.sec.gov/Archives/edgar/data/1664703/000166470319000014/)
Bloom Energy,BE,2019Q1,2019-03-31,분기말 지배지분 자본,-194863000,USD,공시(재작성 반영),https://www.sec.gov/Archives/edgar/data/1664703/000166470320000037/,원 공시 -105439000 (https://www.sec.gov/Archives/edgar/data/1664703/000166470319000014/)
Bloom Energy,BE,2019Q1,2019-03-29,분기말 종가,12.92,USD,API,https://query1.finance.yahoo.com/v8/finance/chart/BE?interval=1d&events=splits (2019-03-29),
Bloom Energy,BE,2019Q1,2019-04-30,분기말 상장주식수,113564384,주,공시(표지 기준일),https://www.sec.gov/Archives/edgar/data/1664703/000166470319000014/,"XBRL 원문 dei:EntityCommonStockSharesOutstanding 2개 클래스 합 ; 클래스별(2019-04-30): CommonClassAMember 60021168, CommonClassBMember 53543216"
Bloom Energy,BE,2019Q1,2019-03-29,분기말 시가총액,1467251841,USD,계산(종가×주식수),https://query1.finance.yahoo.com/v8/finance/chart/BE?interval=1d&events=splits (2019-03-29) ; https://www.sec.gov/Archives/edgar/data/1664703/000166470319000014/,종가 12.92 × 주식수 113564384
Bloom Energy,BE,2019Q2,2019-06-30,분기별 매출액,200326000,USD,공시(재작성 반영),https://www.sec.gov/Archives/edgar/data/1664703/000166470320000061/,원 공시 233782000 (https://www.sec.gov/Archives/edgar/data/1664703/000166470319000025/)
Bloom Energy,BE,2019Q2,2019-06-30,분기별 영업이익,-63278000,USD,공시(재작성 반영),https://www.sec.gov/Archives/edgar/data/1664703/000166470320000061/,원 공시 -50120000 (https://www.sec.gov/Archives/edgar/data/1664703/000166470319000025/)
Bloom Energy,BE,2019Q2,2019-06-30,분기별 당기순이익(지배),-81911000,USD,공시(재작성 반영),https://www.sec.gov/Archives/edgar/data/1664703/000166470320000061/,원 공시 -62216000 (https://www.sec.gov/Archives/edgar/data/1664703/000166470319000025/)
Bloom Energy,BE,2019Q2,2019-06-30,분기별 영업활동현금흐름,113461000,USD,계산(누적차감)(재작성 반영),https://www.sec.gov/Archives/edgar/data/1664703/000166470320000061/ ; https://www.sec.gov/Archives/edgar/data/1664703/000166470320000037/,누적 103616000 − 직전누적 -9845000 (시작 2019-01-01) ; 원 공시 119376000 (https://www.sec.gov/Archives/edgar/data/1664703/000166470319000025/ ; https://www.sec.gov/Archives/edgar/data/1664703/000166470319000014/)
Bloom Energy,BE,2019Q2,2019-06-30,분기말 자산총계,1412687000,USD,공시(재작성 반영),https://www.sec.gov/Archives/edgar/data/1664703/000166470320000061/,원 공시 1222579000 (https://www.sec.gov/Archives/edgar/data/1664703/000166470319000025/)
Bloom Energy,BE,2019Q2,2019-06-30,분기말 부채총계,1533014000,USD,공시(재작성 반영),https://www.sec.gov/Archives/edgar/data/1664703/000166470320000061/,메자닌(일시자본) 505000 별도 ; 원 공시 1233787000 (https://www.sec.gov/Archives/edgar/data/1664703/000166470319000025/)
Bloom Energy,BE,2019Q2,2019-06-30,분기말 총자본(자기자본),-120832000,USD,계산(지배+비지배)(재작성 반영),https://www.sec.gov/Archives/edgar/data/1664703/000166470320000061/,지배 -224904000 + 비지배 104072000 ; 원 공시 -11713000 (https://www.sec.gov/Archives/edgar/data/1664703/000166470319000025/)
Bloom Energy,BE,2019Q2,2019-06-30,분기말 지배지분 자본,-224904000,USD,공시(재작성 반영),https://www.sec.gov/Archives/edgar/data/1664703/000166470320000061/,원 공시 -115785000 (https://www.sec.gov/Archives/edgar/data/1664703/000166470319000025/)
Bloom Energy,BE,2019Q2,2019-06-28,분기말 종가,12.27,USD,API,https://query1.finance.yahoo.com/v8/finance/chart/BE?interval=1d&events=splits (2019-06-28),
Bloom Energy,BE,2019Q2,2019-08-05,분기말 상장주식수,116340921,주,공시(표지 기준일),https://www.sec.gov/Archives/edgar/data/1664703/000166470319000025/,"XBRL 원문 dei:EntityCommonStockSharesOutstanding 2개 클래스 합 ; 클래스별(2019-08-05): CommonClassAMember 69993919, CommonClassBMember 46347002"
Bloom Energy,BE,2019Q2,2019-06-28,분기말 시가총액,1427503101,USD,계산(종가×주식수),https://query1.finance.yahoo.com/v8/finance/chart/BE?interval=1d&events=splits (2019-06-28) ; https://www.sec.gov/Archives/edgar/data/1664703/000166470319000025/,종가 12.27 × 주식수 116340921
Bloom Energy,BE,2019Q3,2019-09-30,분기별 매출액,224307000,USD,공시(재작성 반영),https://www.sec.gov/Archives/edgar/data/1664703/000166470320000080/,원 공시 233471000 (https://www.sec.gov/Archives/edgar/data/1664703/000166470319000040/)
Bloom Energy,BE,2019Q3,2019-09-30,분기별 영업이익,-34912000,USD,공시(재작성 반영),https://www.sec.gov/Archives/edgar/data/1664703/000166470320000080/,원 공시 -24648000 (https://www.sec.gov/Archives/edgar/data/1664703/000166470319000040/)
Bloom Energy,BE,2019Q3,2019-09-30,분기별 당기순이익(지배),-51750000,USD,공시(재작성 반영),https://www.sec.gov/Archives/edgar/data/1664703/000166470320000080/,원 공시 -34903000 (https://www.sec.gov/Archives/edgar/data/1664703/000166470319000040/)
Bloom Energy,BE,2019Q3,2019-09-30,분기별 영업활동현금흐름,37869000,USD,계산(누적차감)(재작성 반영),https://www.sec.gov/Archives/edgar/data/1664703/000166470320000080/ ; https://www.sec.gov/Archives/edgar/data/1664703/000166470320000061/,누적 141485000 − 직전누적 103616000 (시작 2019-01-01) ; 원 공시 23977000 (https://www.sec.gov/Archives/edgar/data/1664703/000166470319000040/ ; https://www.sec.gov/Archives/edgar/data/1664703/000166470319000025/)
Bloom Energy,BE,2019Q3,2019-09-30,분기말 자산총계,1357113000,USD,공시(재작성 반영),https://www.sec.gov/Archives/edgar/data/1664703/000166470320000080/,원 공시 1169927000 (https://www.sec.gov/Archives/edgar/data/1664703/000166470319000040/)
Bloom Energy,BE,2019Q3,2019-09-30,분기말 부채총계,1494162000,USD,공시(재작성 반영),https://www.sec.gov/Archives/edgar/data/1664703/000166470320000080/,메자닌(일시자본) 557000 별도 ; 원 공시 1181011000 (https://www.sec.gov/Archives/edgar/data/1664703/000166470319000040/)
Bloom Energy,BE,2019Q3,2019-09-30,분기말 총자본(자기자본),-137606000,USD,계산(지배+비지배)(재작성 반영),https://www.sec.gov/Archives/edgar/data/1664703/000166470320000080/,지배 -232812000 + 비지배 95206000 ; 원 공시 -11641000 (https://www.sec.gov/Archives/edgar/data/1664703/000166470319000040/)
Bloom Energy,BE,2019Q3,2019-09-30,분기말 지배지분 자본,-232812000,USD,공시(재작성 반영),https://www.sec.gov/Archives/edgar/data/1664703/000166470320000080/,원 공시 -106847000 (https://www.sec.gov/Archives/edgar/data/1664703/000166470319000040/)
Bloom Energy,BE,2019Q3,2019-09-30,분기말 종가,3.25,USD,API,https://query1.finance.yahoo.com/v8/finance/chart/BE?interval=1d&events=splits (2019-09-30),
Bloom Energy,BE,2019Q3,2019-11-04,분기말 상장주식수,118007646,주,공시(표지 기준일),https://www.sec.gov/Archives/edgar/data/1664703/000166470319000040/,"XBRL 원문 dei:EntityCommonStockSharesOutstanding 2개 클래스 합 ; 클래스별(2019-11-04): CommonClassAMember 75593984, CommonClassBMember 42413662"
Bloom Energy,BE,2019Q3,2019-09-30,분기말 시가총액,383524850,USD,계산(종가×주식수),https://query1.finance.yahoo.com/v8/finance/chart/BE?interval=1d&events=splits (2019-09-30) ; https://www.sec.gov/Archives/edgar/data/1664703/000166470319000040/,종가 3.25 × 주식수 118007646
Bloom Energy,BE,2019Q4,2019-12-31,분기별 매출액,213543000,USD,계산(연간-3분기누적)(재작성 반영),https://www.sec.gov/Archives/edgar/data/1664703/000166470320000013/ ; https://www.sec.gov/Archives/edgar/data/1664703/000166470320000080/,연간 785177000 − 9개월누적 571634000 (Revenues) ; 원 공시 117217000 (https://www.sec.gov/Archives/edgar/data/1664703/000166470320000013/ ; https://www.sec.gov/Archives/edgar/data/1664703/000166470319000040/)
Bloom Energy,BE,2019Q4,2019-12-31,분기별 영업이익,-47872000,USD,계산(연간-3분기누적)(재작성 반영),https://www.sec.gov/Archives/edgar/data/1664703/000166470320000013/ ; https://www.sec.gov/Archives/edgar/data/1664703/000166470320000080/,연간 -232804000 − 9개월누적 -184932000 (OperatingIncomeLoss) ; 원 공시 -85395000 (https://www.sec.gov/Archives/edgar/data/1664703/000166470320000013/ ; https://www.sec.gov/Archives/edgar/data/1664703/000166470319000040/)
Bloom Energy,BE,2019Q4,2019-12-31,분기별 당기순이익(지배),-65833000,USD,계산(연간-3분기누적)(재작성 반영),https://www.sec.gov/Archives/edgar/data/1664703/000166470320000013/ ; https://www.sec.gov/Archives/edgar/data/1664703/000166470320000080/,연간 -304414000 − 9개월누적 -238581000 (NetIncomeLoss) ; 원 공시 -122854000 (https://www.sec.gov/Archives/edgar/data/1664703/000166470320000013/ ; https://www.sec.gov/Archives/edgar/data/1664703/000166470319000040/)
Bloom Energy,BE,2019Q4,2019-12-31,분기별 영업활동현금흐름,22285000,USD,계산(누적차감)(재작성 반영),https://www.sec.gov/Archives/edgar/data/1664703/000166470320000013/ ; https://www.sec.gov/Archives/edgar/data/1664703/000166470320000080/,누적 163770000 − 직전누적 141485000 (시작 2019-01-01) ; 원 공시 24587000 (https://www.sec.gov/Archives/edgar/data/1664703/000166470320000013/ ; https://www.sec.gov/Archives/edgar/data/1664703/000166470319000040/)
Bloom Energy,BE,2019Q4,2019-12-31,분기말 자산총계,1322591000,USD,공시,https://www.sec.gov/Archives/edgar/data/1664703/000166470320000013/,
Bloom Energy,BE,2019Q4,2019-12-31,분기말 부채총계,1490451000,USD,공시,https://www.sec.gov/Archives/edgar/data/1664703/000166470320000013/,메자닌(일시자본) 443000 별도
Bloom Energy,BE,2019Q4,2019-12-31,분기말 총자본(자기자본),-168303000,USD,계산(지배+비지배),https://www.sec.gov/Archives/edgar/data/1664703/000166470320000013/,지배 -259594000 + 비지배 91291000
Bloom Energy,BE,2019Q4,2019-12-31,분기말 지배지분 자본,-259594000,USD,공시,https://www.sec.gov/Archives/edgar/data/1664703/000166470320000013/,
Bloom Energy,BE,2019Q4,2019-12-31,분기말 종가,7.47,USD,API,https://query1.finance.yahoo.com/v8/finance/chart/BE?interval=1d&events=splits (2019-12-31),
Bloom Energy,BE,2019Q4,2020-03-16,분기말 상장주식수,125103955,주,공시(표지 기준일),https://www.sec.gov/Archives/edgar/data/1664703/000166470320000013/,"XBRL 원문 dei:EntityCommonStockSharesOutstanding 2개 클래스 합 ; 클래스별(2020-03-16): CommonClassAMember 90231067, CommonClassBMember 34872888"
Bloom Energy,BE,2019Q4,2019-12-31,분기말 시가총액,934526544,USD,계산(종가×주식수),https://query1.finance.yahoo.com/v8/finance/chart/BE?interval=1d&events=splits (2019-12-31) ; https://www.sec.gov/Archives/edgar/data/1664703/000166470320000013/,종가 7.47 × 주식수 125103955
Bloom Energy,BE,2020Q1,2020-03-31,분기별 매출액,156699000,USD,공시,https://www.sec.gov/Archives/edgar/data/1664703/000166470320000037/,
Bloom Energy,BE,2020Q1,2020-03-31,분기별 영업이익,-46395000,USD,공시,https://www.sec.gov/Archives/edgar/data/1664703/000166470320000037/,
Bloom Energy,BE,2020Q1,2020-03-31,분기별 당기순이익(지배),-75949000,USD,공시,https://www.sec.gov/Archives/edgar/data/1664703/000166470320000037/,
Bloom Energy,BE,2020Q1,2020-03-31,분기별 영업활동현금흐름,-27948000,USD,공시,https://www.sec.gov/Archives/edgar/data/1664703/000166470320000037/,
Bloom Energy,BE,2020Q1,2020-03-31,분기말 자산총계,1312608000,USD,공시,https://www.sec.gov/Archives/edgar/data/1664703/000166470320000037/,
Bloom Energy,BE,2020Q1,2020-03-31,분기말 부채총계,1571773000,USD,공시,https://www.sec.gov/Archives/edgar/data/1664703/000166470320000037/,메자닌(일시자본) 67000 별도
Bloom Energy,BE,2020Q1,2020-03-31,분기말 총자본(자기자본),-259232000,USD,계산(지배+비지배),https://www.sec.gov/Archives/edgar/data/1664703/000166470320000037/,지배 -333099000 + 비지배 73867000
Bloom Energy,BE,2020Q1,2020-03-31,분기말 지배지분 자본,-333099000,USD,공시,https://www.sec.gov/Archives/edgar/data/1664703/000166470320000037/,
Bloom Energy,BE,2020Q1,2020-03-31,분기말 종가,5.23,USD,API,https://query1.finance.yahoo.com/v8/finance/chart/BE?interval=1d&events=splits (2020-03-31),
Bloom Energy,BE,2020Q1,2020-04-30,분기말 상장주식수,125165882,주,공시(표지 기준일),https://www.sec.gov/Archives/edgar/data/1664703/000166470320000037/,"XBRL 원문 dei:EntityCommonStockSharesOutstanding 2개 클래스 합 ; 클래스별(2020-04-30): CommonClassAMember 93996955, CommonClassBMember 31168927"
Bloom Energy,BE,2020Q1,2020-03-31,분기말 시가총액,654617563,USD,계산(종가×주식수),https://query1.finance.yahoo.com/v8/finance/chart/BE?interval=1d&events=splits (2020-03-31) ; https://www.sec.gov/Archives/edgar/data/1664703/000166470320000037/,종가 5.23 × 주식수 125165882
Bloom Energy,BE,2020Q2,2020-06-30,분기별 매출액,187856000,USD,공시,https://www.sec.gov/Archives/edgar/data/1664703/000166470320000061/,
Bloom Energy,BE,2020Q2,2020-06-30,분기별 영업이익,-29500000,USD,공시,https://www.sec.gov/Archives/edgar/data/1664703/000166470320000061/,
Bloom Energy,BE,2020Q2,2020-06-30,분기별 당기순이익(지배),-42512000,USD,공시,https://www.sec.gov/Archives/edgar/data/1664703/000166470320000061/,
Bloom Energy,BE,2020Q2,2020-06-30,분기별 영업활동현금흐름,-12287000,USD,계산(누적차감),https://www.sec.gov/Archives/edgar/data/1664703/000166470320000061/ ; https://www.sec.gov/Archives/edgar/data/1664703/000166470320000037/,누적 -40235000 − 직전누적 -27948000 (시작 2020-01-01)
Bloom Energy,BE,2020Q2,2020-06-30,분기말 자산총계,1277543000,USD,공시,https://www.sec.gov/Archives/edgar/data/1664703/000166470320000061/,
Bloom Energy,BE,2020Q2,2020-06-30,분기말 부채총계,1528074000,USD,공시,https://www.sec.gov/Archives/edgar/data/1664703/000166470320000061/,메자닌(일시자본) 118000 별도
Bloom Energy,BE,2020Q2,2020-06-30,분기말 총자본(자기자본),-250649000,USD,계산(지배+비지배),https://www.sec.gov/Archives/edgar/data/1664703/000166470320000061/,지배 -316951000 + 비지배 66302000
Bloom Energy,BE,2020Q2,2020-06-30,분기말 지배지분 자본,-316951000,USD,공시,https://www.sec.gov/Archives/edgar/data/1664703/000166470320000061/,
Bloom Energy,BE,2020Q2,2020-06-30,분기말 종가,10.88,USD,API,https://query1.finance.yahoo.com/v8/finance/chart/BE?interval=1d&events=splits (2020-06-30),
Bloom Energy,BE,2020Q2,2020-07-30,분기말 상장주식수,132553631,주,공시(표지 기준일),https://www.sec.gov/Archives/edgar/data/1664703/000166470320000061/,"XBRL 원문 dei:EntityCommonStockSharesOutstanding 2개 클래스 합 ; 클래스별(2020-07-30): CommonClassAMember 103162077, CommonClassBMember 29391554"
Bloom Energy,BE,2020Q2,2020-06-30,분기말 시가총액,1442183505,USD,계산(종가×주식수),https://query1.finance.yahoo.com/v8/finance/chart/BE?interval=1d&events=splits (2020-06-30) ; https://www.sec.gov/Archives/edgar/data/1664703/000166470320000061/,종가 10.88 × 주식수 132553631
Bloom Energy,BE,2020Q3,2020-09-30,분기별 매출액,200305000,USD,공시,https://www.sec.gov/Archives/edgar/data/1664703/000166470320000080/,
Bloom Energy,BE,2020Q3,2020-09-30,분기별 영업이익,-372000,USD,공시,https://www.sec.gov/Archives/edgar/data/1664703/000166470320000080/,
Bloom Energy,BE,2020Q3,2020-09-30,분기별 당기순이익(지배),-11954000,USD,공시,https://www.sec.gov/Archives/edgar/data/1664703/000166470320000080/,
Bloom Energy,BE,2020Q3,2020-09-30,분기별 영업활동현금흐름,-39754000,USD,계산(누적차감)(재작성 반영),https://www.sec.gov/Archives/edgar/data/1664703/000166470321000172/ ; https://www.sec.gov/Archives/edgar/data/1664703/000166470320000061/,누적 -79989000 − 직전누적 -40235000 (시작 2020-01-01) ; 원 공시 -39755000 (https://www.sec.gov/Archives/edgar/data/1664703/000166470320000080/ ; https://www.sec.gov/Archives/edgar/data/1664703/000166470320000061/)
Bloom Energy,BE,2020Q3,2020-09-30,분기말 자산총계,1474359000,USD,공시,https://www.sec.gov/Archives/edgar/data/1664703/000166470320000080/,
Bloom Energy,BE,2020Q3,2020-09-30,분기말 부채총계,1431679000,USD,공시,https://www.sec.gov/Archives/edgar/data/1664703/000166470320000080/,메자닌(일시자본) 189000 별도
Bloom Energy,BE,2020Q3,2020-09-30,분기말 총자본(자기자본),42491000,USD,계산(지배+비지배),https://www.sec.gov/Archives/edgar/data/1664703/000166470320000080/,지배 -22418000 + 비지배 64909000
Bloom Energy,BE,2020Q3,2020-09-30,분기말 지배지분 자본,-22418000,USD,공시,https://www.sec.gov/Archives/edgar/data/1664703/000166470320000080/,
Bloom Energy,BE,2020Q3,2020-09-30,분기말 종가,17.97,USD,API,https://query1.finance.yahoo.com/v8/finance/chart/BE?interval=1d&events=splits (2020-09-30),
Bloom Energy,BE,2020Q3,2020-10-30,분기말 상장주식수,166198380,주,공시(표지 기준일),https://www.sec.gov/Archives/edgar/data/1664703/000166470320000080/,"XBRL 원문 dei:EntityCommonStockSharesOutstanding 2개 클래스 합 ; 클래스별(2020-10-30): CommonClassAMember 138307369, CommonClassBMember 27891011"
Bloom Energy,BE,2020Q3,2020-09-30,분기말 시가총액,2986584889,USD,계산(종가×주식수),https://query1.finance.yahoo.com/v8/finance/chart/BE?interval=1d&events=splits (2020-09-30) ; https://www.sec.gov/Archives/edgar/data/1664703/000166470320000080/,종가 17.97 × 주식수 166198380
Bloom Energy,BE,2020Q4,2020-12-31,분기별 매출액,249387000,USD,계산(연간-3분기누적),https://www.sec.gov/Archives/edgar/data/1664703/000166470321000017/ ; https://www.sec.gov/Archives/edgar/data/1664703/000166470320000080/,연간 794247000 − 9개월누적 544860000 (Revenues)
Bloom Energy,BE,2020Q4,2020-12-31,분기별 영업이익,-4518000,USD,계산(연간-3분기누적),https://www.sec.gov/Archives/edgar/data/1664703/000166470321000017/ ; https://www.sec.gov/Archives/edgar/data/1664703/000166470320000080/,연간 -80785000 − 9개월누적 -76267000 (OperatingIncomeLoss)
Bloom Energy,BE,2020Q4,2020-12-31,분기별 당기순이익(지배),-27138000,USD,계산(연간-3분기누적),https://www.sec.gov/Archives/edgar/data/1664703/000166470321000017/ ; https://www.sec.gov/Archives/edgar/data/1664703/000166470320000080/,연간 -157553000 − 9개월누적 -130415000 (NetIncomeLoss)
Bloom Energy,BE,2020Q4,2020-12-31,분기별 영업활동현금흐름,-18807000,USD,계산(누적차감)(재작성 반영),https://www.sec.gov/Archives/edgar/data/1664703/000166470321000017/ ; https://www.sec.gov/Archives/edgar/data/1664703/000166470321000172/,누적 -98796000 − 직전누적 -79989000 (시작 2020-01-01) ; 원 공시 -18806000 (https://www.sec.gov/Archives/edgar/data/1664703/000166470321000017/ ; https://www.sec.gov/Archives/edgar/data/1664703/000166470320000080/)
Bloom Energy,BE,2020Q4,2020-12-31,분기말 자산총계,1454387000,USD,공시,https://www.sec.gov/Archives/edgar/data/1664703/000166470321000017/,
Bloom Energy,BE,2020Q4,2020-12-31,분기말 부채총계,1312991000,USD,공시,https://www.sec.gov/Archives/edgar/data/1664703/000166470321000017/,메자닌(일시자본) 377000 별도
Bloom Energy,BE,2020Q4,2020-12-31,분기말 총자본(자기자본),141019000,USD,계산(지배+비지배),https://www.sec.gov/Archives/edgar/data/1664703/000166470321000017/,지배 78824000 + 비지배 62195000
Bloom Energy,BE,2020Q4,2020-12-31,분기말 지배지분 자본,78824000,USD,공시,https://www.sec.gov/Archives/edgar/data/1664703/000166470321000017/,
Bloom Energy,BE,2020Q4,2020-12-31,분기말 종가,28.66,USD,API,https://query1.finance.yahoo.com/v8/finance/chart/BE?interval=1d&events=splits (2020-12-31),
Bloom Energy,BE,2020Q4,2021-02-18,분기말 상장주식수,171833606,주,공시(표지 기준일),https://www.sec.gov/Archives/edgar/data/1664703/000166470321000017/,"XBRL 원문 dei:EntityCommonStockSharesOutstanding 2개 클래스 합 ; 클래스별(2021-02-18): CommonClassAMember 144033720, CommonClassBMember 27799886"
Bloom Energy,BE,2020Q4,2020-12-31,분기말 시가총액,4924751148,USD,계산(종가×주식수),https://query1.finance.yahoo.com/v8/finance/chart/BE?interval=1d&events=splits (2020-12-31) ; https://www.sec.gov/Archives/edgar/data/1664703/000166470321000017/,종가 28.66 × 주식수 171833606
Bloom Energy,BE,2021Q1,2021-03-31,분기별 매출액,194007000,USD,공시,https://www.sec.gov/Archives/edgar/data/1664703/000166470321000046/,
Bloom Energy,BE,2021Q1,2021-03-31,분기별 영업이익,-14397000,USD,공시,https://www.sec.gov/Archives/edgar/data/1664703/000166470321000046/,
Bloom Energy,BE,2021Q1,2021-03-31,분기별 당기순이익(지배),-24889000,USD,공시,https://www.sec.gov/Archives/edgar/data/1664703/000166470321000046/,
Bloom Energy,BE,2021Q1,2021-03-31,분기별 영업활동현금흐름,-89035000,USD,공시,https://www.sec.gov/Archives/edgar/data/1664703/000166470321000046/,
Bloom Energy,BE,2021Q1,2021-03-31,분기말 자산총계,1451262000,USD,공시,https://www.sec.gov/Archives/edgar/data/1664703/000166470321000046/,
Bloom Energy,BE,2021Q1,2021-03-31,분기말 부채총계,1386860000,USD,공시,https://www.sec.gov/Archives/edgar/data/1664703/000166470321000046/,메자닌(일시자본) 356000 별도
Bloom Energy,BE,2021Q1,2021-03-31,분기말 총자본(자기자본),64046000,USD,계산(지배+비지배),https://www.sec.gov/Archives/edgar/data/1664703/000166470321000046/,지배 6060000 + 비지배 57986000
Bloom Energy,BE,2021Q1,2021-03-31,분기말 지배지분 자본,6060000,USD,공시,https://www.sec.gov/Archives/edgar/data/1664703/000166470321000046/,
Bloom Energy,BE,2021Q1,2021-03-31,분기말 종가,27.05,USD,API,https://query1.finance.yahoo.com/v8/finance/chart/BE?interval=1d&events=splits (2021-03-31),
Bloom Energy,BE,2021Q1,2021-04-29,분기말 상장주식수,172389859,주,공시(표지 기준일),https://www.sec.gov/Archives/edgar/data/1664703/000166470321000046/,"XBRL 원문 dei:EntityCommonStockSharesOutstanding 2개 클래스 합 ; 클래스별(2021-04-29): CommonClassAMember 144617101, CommonClassBMember 27772758"
Bloom Energy,BE,2021Q1,2021-03-31,분기말 시가총액,4663145686,USD,계산(종가×주식수),https://query1.finance.yahoo.com/v8/finance/chart/BE?interval=1d&events=splits (2021-03-31) ; https://www.sec.gov/Archives/edgar/data/1664703/000166470321000046/,종가 27.05 × 주식수 172389859
Bloom Energy,BE,2021Q2,2021-06-30,분기별 매출액,228470000,USD,공시,https://www.sec.gov/Archives/edgar/data/1664703/000166470321000135/,
Bloom Energy,BE,2021Q2,2021-06-30,분기별 영업이익,-42711000,USD,공시,https://www.sec.gov/Archives/edgar/data/1664703/000166470321000135/,
Bloom Energy,BE,2021Q2,2021-06-30,분기별 당기순이익(지배),-53885000,USD,공시(재작성 반영),https://www.sec.gov/Archives/edgar/data/1664703/000166470322000068/,원 공시 -53863000 (https://www.sec.gov/Archives/edgar/data/1664703/000166470321000135/)
Bloom Energy,BE,2021Q2,2021-06-30,분기별 영업활동현금흐름,53733000,USD,계산(누적차감),https://www.sec.gov/Archives/edgar/data/1664703/000166470321000135/ ; https://www.sec.gov/Archives/edgar/data/1664703/000166470321000046/,누적 -35302000 − 직전누적 -89035000 (시작 2021-01-01)
Bloom Energy,BE,2021Q2,2021-06-30,분기말 자산총계,1464028000,USD,공시,https://www.sec.gov/Archives/edgar/data/1664703/000166470321000135/,
Bloom Energy,BE,2021Q2,2021-06-30,분기말 부채총계,1434080000,USD,공시,https://www.sec.gov/Archives/edgar/data/1664703/000166470321000135/,메자닌(일시자본) 334000 별도
Bloom Energy,BE,2021Q2,2021-06-30,분기말 총자본(자기자본),29614000,USD,계산(지배+비지배),https://www.sec.gov/Archives/edgar/data/1664703/000166470321000135/,지배 -21571000 + 비지배 51185000
Bloom Energy,BE,2021Q2,2021-06-30,분기말 지배지분 자본,-21571000,USD,공시,https://www.sec.gov/Archives/edgar/data/1664703/000166470321000135/,
Bloom Energy,BE,2021Q2,2021-06-30,분기말 종가,26.87,USD,API,https://query1.finance.yahoo.com/v8/finance/chart/BE?interval=1d&events=splits (2021-06-30),
Bloom Energy,BE,2021Q2,2021-07-27,분기말 상장주식수,173586273,주,공시(표지 기준일),https://www.sec.gov/Archives/edgar/data/1664703/000166470321000135/,"XBRL 원문 dei:EntityCommonStockSharesOutstanding 2개 클래스 합 ; 클래스별(2021-07-27): CommonClassAMember 145819844, CommonClassBMember 27766429"
Bloom Energy,BE,2021Q2,2021-06-30,분기말 시가총액,4664263156,USD,계산(종가×주식수),https://query1.finance.yahoo.com/v8/finance/chart/BE?interval=1d&events=splits (2021-06-30) ; https://www.sec.gov/Archives/edgar/data/1664703/000166470321000135/,종가 26.87 × 주식수 173586273
Bloom Energy,BE,2021Q3,2021-09-30,분기별 매출액,207228000,USD,공시,https://www.sec.gov/Archives/edgar/data/1664703/000166470321000172/,
Bloom Energy,BE,2021Q3,2021-09-30,분기별 영업이익,-43889000,USD,공시,https://www.sec.gov/Archives/edgar/data/1664703/000166470321000172/,
Bloom Energy,BE,2021Q3,2021-09-30,분기별 당기순이익(지배),-52353000,USD,공시(재작성 반영),https://www.sec.gov/Archives/edgar/data/1664703/000162828022028193/,원 공시 -52370000 (https://www.sec.gov/Archives/edgar/data/1664703/000166470321000172/)
Bloom Energy,BE,2021Q3,2021-09-30,분기별 영업활동현금흐름,-72654000,USD,계산(누적차감)(재작성 반영),https://www.sec.gov/Archives/edgar/data/1664703/000162828022028193/ ; https://www.sec.gov/Archives/edgar/data/1664703/000166470321000135/,누적 -107956000 − 직전누적 -35302000 (시작 2021-01-01) ; 원 공시 -72605000 (https://www.sec.gov/Archives/edgar/data/1664703/000166470321000172/ ; https://www.sec.gov/Archives/edgar/data/1664703/000166470321000135/)
Bloom Energy,BE,2021Q3,2021-09-30,분기말 자산총계,1431726000,USD,공시,https://www.sec.gov/Archives/edgar/data/1664703/000166470321000172/,
Bloom Energy,BE,2021Q3,2021-09-30,분기말 부채총계,1431351000,USD,공시,https://www.sec.gov/Archives/edgar/data/1664703/000166470321000172/,메자닌(일시자본) 331000 별도
Bloom Energy,BE,2021Q3,2021-09-30,분기말 총자본(자기자본),44000,USD,계산(지배+비지배),https://www.sec.gov/Archives/edgar/data/1664703/000166470321000172/,지배 -46911000 + 비지배 46955000
Bloom Energy,BE,2021Q3,2021-09-30,분기말 지배지분 자본,-46911000,USD,공시,https://www.sec.gov/Archives/edgar/data/1664703/000166470321000172/,
Bloom Energy,BE,2021Q3,2021-09-30,분기말 종가,18.72,USD,API,https://query1.finance.yahoo.com/v8/finance/chart/BE?interval=1d&events=splits (2021-09-30),
Bloom Energy,BE,2021Q3,2021-10-27,분기말 상장주식수,175465362,주,공시(표지 기준일),https://www.sec.gov/Archives/edgar/data/1664703/000166470321000172/,"XBRL 원문 dei:EntityCommonStockSharesOutstanding 2개 클래스 합 ; 클래스별(2021-10-27): CommonClassAMember 147730770, CommonClassBMember 27734592"
Bloom Energy,BE,2021Q3,2021-09-30,분기말 시가총액,3284711577,USD,계산(종가×주식수),https://query1.finance.yahoo.com/v8/finance/chart/BE?interval=1d&events=splits (2021-09-30) ; https://www.sec.gov/Archives/edgar/data/1664703/000166470321000172/,종가 18.72 × 주식수 175465362
Bloom Energy,BE,2021Q4,2021-12-31,분기별 매출액,342471000,USD,계산(연간-3분기누적),https://www.sec.gov/Archives/edgar/data/1664703/000166470322000034/ ; https://www.sec.gov/Archives/edgar/data/1664703/000166470321000172/,연간 972176000 − 9개월누적 629705000 (Revenues)
Bloom Energy,BE,2021Q4,2021-12-31,분기별 영업이익,-13505000,USD,계산(연간-3분기누적),https://www.sec.gov/Archives/edgar/data/1664703/000166470322000034/ ; https://www.sec.gov/Archives/edgar/data/1664703/000166470321000172/,연간 -114502000 − 9개월누적 -100997000 (OperatingIncomeLoss)
Bloom Energy,BE,2021Q4,2021-12-31,분기별 당기순이익(지배),-33314000,USD,계산(연간-3분기누적)(재작성 반영),https://www.sec.gov/Archives/edgar/data/1664703/000166470322000034/ ; https://www.sec.gov/Archives/edgar/data/1664703/000162828022028193/,연간 -164445000 − 9개월누적 -131131000 (NetIncomeLoss) ; 원 공시 -33323000 (https://www.sec.gov/Archives/edgar/data/1664703/000166470322000034/ ; https://www.sec.gov/Archives/edgar/data/1664703/000166470321000172/)
Bloom Energy,BE,2021Q4,2021-12-31,분기별 영업활동현금흐름,47275000,USD,계산(누적차감)(재작성 반영),https://www.sec.gov/Archives/edgar/data/1664703/000166470322000034/ ; https://www.sec.gov/Archives/edgar/data/1664703/000162828022028193/,누적 -60681000 − 직전누적 -107956000 (시작 2021-01-01) ; 원 공시 47226000 (https://www.sec.gov/Archives/edgar/data/1664703/000166470322000034/ ; https://www.sec.gov/Archives/edgar/data/1664703/000166470321000172/)
Bloom Energy,BE,2021Q4,2021-12-31,분기말 자산총계,1725571000,USD,공시,https://www.sec.gov/Archives/edgar/data/1664703/000166470322000034/,
Bloom Energy,BE,2021Q4,2021-12-31,분기말 부채총계,1518547000,USD,공시,https://www.sec.gov/Archives/edgar/data/1664703/000166470322000034/,메자닌(일시자본) 208851000 별도
Bloom Energy,BE,2021Q4,2021-12-31,분기말 총자본(자기자본),-1827000,USD,계산(지배+비지배),https://www.sec.gov/Archives/edgar/data/1664703/000166470322000034/,지배 -44326000 + 비지배 42499000
Bloom Energy,BE,2021Q4,2021-12-31,분기말 지배지분 자본,-44326000,USD,공시,https://www.sec.gov/Archives/edgar/data/1664703/000166470322000034/,
Bloom Energy,BE,2021Q4,2021-12-31,분기말 종가,21.93,USD,API,https://query1.finance.yahoo.com/v8/finance/chart/BE?interval=1d&events=splits (2021-12-31),
Bloom Energy,BE,2021Q4,2022-02-15,분기말 상장주식수,177117368,주,공시(표지 기준일),https://www.sec.gov/Archives/edgar/data/1664703/000166470322000034/,"XBRL 원문 dei:EntityCommonStockSharesOutstanding 2개 클래스 합 ; 클래스별(2022-02-15): CommonClassAMember 161284535, CommonClassBMember 15832833"
Bloom Energy,BE,2021Q4,2021-12-31,분기말 시가총액,3884183880,USD,계산(종가×주식수),https://query1.finance.yahoo.com/v8/finance/chart/BE?interval=1d&events=splits (2021-12-31) ; https://www.sec.gov/Archives/edgar/data/1664703/000166470322000034/,종가 21.93 × 주식수 177117368
Bloom Energy,BE,2022Q1,2022-03-31,분기별 매출액,201039000,USD,공시,https://www.sec.gov/Archives/edgar/data/1664703/000166470322000059/,
Bloom Energy,BE,2022Q1,2022-03-31,분기별 영업이익,-65659000,USD,공시,https://www.sec.gov/Archives/edgar/data/1664703/000166470322000059/,
Bloom Energy,BE,2022Q1,2022-03-31,분기별 당기순이익(지배),-78359000,USD,공시,https://www.sec.gov/Archives/edgar/data/1664703/000166470322000059/,
Bloom Energy,BE,2022Q1,2022-03-31,분기별 영업활동현금흐름,-92443000,USD,공시,https://www.sec.gov/Archives/edgar/data/1664703/000166470322000059/,
Bloom Energy,BE,2022Q1,2022-03-31,분기말 자산총계,1649972000,USD,공시,https://www.sec.gov/Archives/edgar/data/1664703/000166470322000059/,
Bloom Energy,BE,2022Q1,2022-03-31,분기말 부채총계,1496177000,USD,공시,https://www.sec.gov/Archives/edgar/data/1664703/000166470322000059/,메자닌(일시자본) 208551000 별도
Bloom Energy,BE,2022Q1,2022-03-31,분기말 총자본(자기자본),-54756000,USD,계산(지배+비지배),https://www.sec.gov/Archives/edgar/data/1664703/000166470322000059/,지배 -90791000 + 비지배 36035000
Bloom Energy,BE,2022Q1,2022-03-31,분기말 지배지분 자본,-90791000,USD,공시,https://www.sec.gov/Archives/edgar/data/1664703/000166470322000059/,
Bloom Energy,BE,2022Q1,2022-03-31,분기말 종가,24.15,USD,API,https://query1.finance.yahoo.com/v8/finance/chart/BE?interval=1d&events=splits (2022-03-31),
Bloom Energy,BE,2022Q1,2022-05-02,분기말 상장주식수,178199042,주,공시(표지 기준일),https://www.sec.gov/Archives/edgar/data/1664703/000166470322000059/,"XBRL 원문 dei:EntityCommonStockSharesOutstanding 2개 클래스 합 ; 클래스별(2022-05-02): CommonClassAMember 162369209, CommonClassBMember 15829833"
Bloom Energy,BE,2022Q1,2022-03-31,분기말 시가총액,4303506864,USD,계산(종가×주식수),https://query1.finance.yahoo.com/v8/finance/chart/BE?interval=1d&events=splits (2022-03-31) ; https://www.sec.gov/Archives/edgar/data/1664703/000166470322000059/,종가 24.15 × 주식수 178199042
Bloom Energy,BE,2022Q2,2022-06-30,분기별 매출액,243236000,USD,공시,https://www.sec.gov/Archives/edgar/data/1664703/000166470322000068/,
Bloom Energy,BE,2022Q2,2022-06-30,분기별 영업이익,-102173000,USD,공시,https://www.sec.gov/Archives/edgar/data/1664703/000166470322000068/,
Bloom Energy,BE,2022Q2,2022-06-30,분기별 당기순이익(지배),-118800000,USD,공시,https://www.sec.gov/Archives/edgar/data/1664703/000166470322000068/,
Bloom Energy,BE,2022Q2,2022-06-30,분기별 영업활동현금흐름,-6071000,USD,계산(누적차감),https://www.sec.gov/Archives/edgar/data/1664703/000166470322000068/ ; https://www.sec.gov/Archives/edgar/data/1664703/000166470322000059/,누적 -98514000 − 직전누적 -92443000 (시작 2022-01-01)
Bloom Energy,BE,2022Q2,2022-06-30,분기말 자산총계,1580833000,USD,공시,https://www.sec.gov/Archives/edgar/data/1664703/000166470322000068/,
Bloom Energy,BE,2022Q2,2022-06-30,분기말 부채총계,1517203000,USD,공시,https://www.sec.gov/Archives/edgar/data/1664703/000166470322000068/,메자닌(일시자본) 208551000 별도
Bloom Energy,BE,2022Q2,2022-06-30,분기말 총자본(자기자본),-144921000,USD,공시,https://www.sec.gov/Archives/edgar/data/1664703/000166470322000068/,
Bloom Energy,BE,2022Q2,2022-06-30,분기말 지배지분 자본,-176955000,USD,공시,https://www.sec.gov/Archives/edgar/data/1664703/000166470322000068/,
Bloom Energy,BE,2022Q2,2022-06-30,분기말 종가,16.5,USD,API,https://query1.finance.yahoo.com/v8/finance/chart/BE?interval=1d&events=splits (2022-06-30),
Bloom Energy,BE,2022Q2,2022-08-01,분기말 상장주식수,179122368,주,공시(표지 기준일),https://www.sec.gov/Archives/edgar/data/1664703/000166470322000068/,"XBRL 원문 dei:EntityCommonStockSharesOutstanding 2개 클래스 합 ; 클래스별(2022-08-01): CommonClassAMember 163294503, CommonClassBMember 15827865"
Bloom Energy,BE,2022Q2,2022-06-30,분기말 시가총액,2955519072,USD,계산(종가×주식수),https://query1.finance.yahoo.com/v8/finance/chart/BE?interval=1d&events=splits (2022-06-30) ; https://www.sec.gov/Archives/edgar/data/1664703/000166470322000068/,종가 16.5 × 주식수 179122368
Bloom Energy,BE,2022Q3,2022-09-30,분기별 매출액,292274000,USD,공시,https://www.sec.gov/Archives/edgar/data/1664703/000162828022028193/,
Bloom Energy,BE,2022Q3,2022-09-30,분기별 영업이익,-52592000,USD,공시,https://www.sec.gov/Archives/edgar/data/1664703/000162828022028193/,
Bloom Energy,BE,2022Q3,2022-09-30,분기별 당기순이익(지배),-57077000,USD,공시,https://www.sec.gov/Archives/edgar/data/1664703/000162828022028193/,
Bloom Energy,BE,2022Q3,2022-09-30,분기별 영업활동현금흐름,-69939000,USD,계산(누적차감),https://www.sec.gov/Archives/edgar/data/1664703/000162828022028193/ ; https://www.sec.gov/Archives/edgar/data/1664703/000166470322000068/,누적 -168453000 − 직전누적 -98514000 (시작 2022-01-01)
Bloom Energy,BE,2022Q3,2022-09-30,분기말 자산총계,1902069000,USD,공시,https://www.sec.gov/Archives/edgar/data/1664703/000162828022028193/,
Bloom Energy,BE,2022Q3,2022-09-30,분기말 부채총계,1491145000,USD,공시,https://www.sec.gov/Archives/edgar/data/1664703/000162828022028193/,메자닌(일시자본) 208551000 별도
Bloom Energy,BE,2022Q3,2022-09-30,분기말 총자본(자기자본),202373000,USD,공시,https://www.sec.gov/Archives/edgar/data/1664703/000162828022028193/,
Bloom Energy,BE,2022Q3,2022-09-30,분기말 지배지분 자본,172892000,USD,공시,https://www.sec.gov/Archives/edgar/data/1664703/000162828022028193/,
Bloom Energy,BE,2022Q3,2022-09-30,분기말 종가,19.99,USD,API,https://query1.finance.yahoo.com/v8/finance/chart/BE?interval=1d&events=splits (2022-09-30),
Bloom Energy,BE,2022Q3,2022-11-01,분기말 상장주식수,195179494,주,공시(표지 기준일),https://www.sec.gov/Archives/edgar/data/1664703/000162828022028193/,"XBRL 원문 dei:EntityCommonStockSharesOutstanding 2개 클래스 합 ; 클래스별(2022-11-01): CommonClassAMember 179378926, CommonClassBMember 15800568"
Bloom Energy,BE,2022Q3,2022-09-30,분기말 시가총액,3901638085,USD,계산(종가×주식수),https://query1.finance.yahoo.com/v8/finance/chart/BE?interval=1d&events=splits (2022-09-30) ; https://www.sec.gov/Archives/edgar/data/1664703/000162828022028193/,종가 19.99 × 주식수 195179494
Bloom Energy,BE,2022Q4,2022-12-31,분기별 매출액,462576000,USD,계산(연간-3분기누적),https://www.sec.gov/Archives/edgar/data/1664703/000162828023004301/ ; https://www.sec.gov/Archives/edgar/data/1664703/000162828022028193/,연간 1199125000 − 9개월누적 736549000 (Revenues)
Bloom Energy,BE,2022Q4,2022-12-31,분기별 영업이익,-40568000,USD,계산(연간-3분기누적),https://www.sec.gov/Archives/edgar/data/1664703/000162828023004301/ ; https://www.sec.gov/Archives/edgar/data/1664703/000162828022028193/,연간 -260992000 − 9개월누적 -220424000 (OperatingIncomeLoss)
Bloom Energy,BE,2022Q4,2022-12-31,분기별 당기순이익(지배),미확인,USD,미확인,https://www.sec.gov/Archives/edgar/data/1664703/000162828023004301/,연간 태그(ProfitLoss)가 1~3분기 태그(NetIncomeLoss)와 다르고 9개월 누적도 다르다 (-264304000 vs -254536000)
Bloom Energy,BE,2022Q4,2022-12-31,분기별 영업활동현금흐름,-23270000,USD,계산(누적차감),https://www.sec.gov/Archives/edgar/data/1664703/000162828023004301/ ; https://www.sec.gov/Archives/edgar/data/1664703/000162828022028193/,누적 -191723000 − 직전누적 -168453000 (시작 2022-01-01)
Bloom Energy,BE,2022Q4,2022-12-31,분기말 자산총계,1946627000,USD,공시,https://www.sec.gov/Archives/edgar/data/1664703/000162828023004301/,
Bloom Energy,BE,2022Q4,2022-12-31,분기말 부채총계,1567811000,USD,공시,https://www.sec.gov/Archives/edgar/data/1664703/000162828023004301/,
Bloom Energy,BE,2022Q4,2022-12-31,분기말 총자본(자기자본),378816000,USD,공시,https://www.sec.gov/Archives/edgar/data/1664703/000162828023004301/,
Bloom Energy,BE,2022Q4,2022-12-31,분기말 지배지분 자본,340777000,USD,공시,https://www.sec.gov/Archives/edgar/data/1664703/000162828023004301/,
Bloom Energy,BE,2022Q4,2022-12-30,분기말 종가,19.12,USD,API,https://query1.finance.yahoo.com/v8/finance/chart/BE?interval=1d&events=splits (2022-12-30),
Bloom Energy,BE,2022Q4,2023-02-14,분기말 상장주식수,206096097,주,공시(표지 기준일),https://www.sec.gov/Archives/edgar/data/1664703/000162828023004301/,"XBRL 원문 dei:EntityCommonStockSharesOutstanding 2개 클래스 합 ; 클래스별(2023-02-14): CommonClassAMember 190405579, CommonClassBMember 15690518"
Bloom Energy,BE,2022Q4,2022-12-30,분기말 시가총액,3940557375,USD,계산(종가×주식수),https://query1.finance.yahoo.com/v8/finance/chart/BE?interval=1d&events=splits (2022-12-30) ; https://www.sec.gov/Archives/edgar/data/1664703/000162828023004301/,종가 19.12 × 주식수 206096097
Bloom Energy,BE,2023Q1,2023-03-31,분기별 매출액,275191000,USD,공시,https://www.sec.gov/Archives/edgar/data/1664703/000162828023016818/,
Bloom Energy,BE,2023Q1,2023-03-31,분기별 영업이익,-63681000,USD,공시,https://www.sec.gov/Archives/edgar/data/1664703/000162828023016818/,
Bloom Energy,BE,2023Q1,2023-03-31,분기별 당기순이익(지배),-71567000,USD,계산(연결-비지배),https://www.sec.gov/Archives/edgar/data/1664703/000162828023016818/,3개월 연결 -74917000 − 비지배 -3350000
Bloom Energy,BE,2023Q1,2023-03-31,분기별 영업활동현금흐름,-314710000,USD,공시,https://www.sec.gov/Archives/edgar/data/1664703/000162828023016818/,
Bloom Energy,BE,2023Q1,2023-03-31,분기말 자산총계,2192210000,USD,공시,https://www.sec.gov/Archives/edgar/data/1664703/000162828023016818/,
Bloom Energy,BE,2023Q1,2023-03-31,분기말 부채총계,1758376000,USD,공시,https://www.sec.gov/Archives/edgar/data/1664703/000162828023016818/,
Bloom Energy,BE,2023Q1,2023-03-31,분기말 총자본(자기자본),433834000,USD,공시,https://www.sec.gov/Archives/edgar/data/1664703/000162828023016818/,
Bloom Energy,BE,2023Q1,2023-03-31,분기말 지배지분 자본,399315000,USD,공시,https://www.sec.gov/Archives/edgar/data/1664703/000162828023016818/,
Bloom Energy,BE,2023Q1,2023-03-31,분기말 종가,19.93,USD,API,https://query1.finance.yahoo.com/v8/finance/chart/BE?interval=1d&events=splits (2023-03-31),
Bloom Energy,BE,2023Q1,2023-05-01,분기말 상장주식수,208540057,주,공시(표지 기준일),https://www.sec.gov/Archives/edgar/data/1664703/000162828023016818/,"XBRL 원문 dei:EntityCommonStockSharesOutstanding 2개 클래스 합 ; 클래스별(2023-05-01): CommonClassAMember 192864927, CommonClassBMember 15675130"
Bloom Energy,BE,2023Q1,2023-03-31,분기말 시가총액,4156203336,USD,계산(종가×주식수),https://query1.finance.yahoo.com/v8/finance/chart/BE?interval=1d&events=splits (2023-03-31) ; https://www.sec.gov/Archives/edgar/data/1664703/000162828023016818/,종가 19.93 × 주식수 208540057
Bloom Energy,BE,2023Q2,2023-06-30,분기별 매출액,301095000,USD,공시,https://www.sec.gov/Archives/edgar/data/1664703/000162828023027213/,
Bloom Energy,BE,2023Q2,2023-06-30,분기별 영업이익,-54456000,USD,공시,https://www.sec.gov/Archives/edgar/data/1664703/000162828023027213/,
Bloom Energy,BE,2023Q2,2023-06-30,분기별 당기순이익(지배),-66061000,USD,계산(연결-비지배),https://www.sec.gov/Archives/edgar/data/1664703/000162828023027213/,3개월 연결 -69059000 − 비지배 -2998000
Bloom Energy,BE,2023Q2,2023-06-30,분기별 영업활동현금흐름,-46485000,USD,계산(누적차감),https://www.sec.gov/Archives/edgar/data/1664703/000162828023027213/ ; https://www.sec.gov/Archives/edgar/data/1664703/000162828023016818/,누적 -361195000 − 직전누적 -314710000 (시작 2023-01-01)
Bloom Energy,BE,2023Q2,2023-06-30,분기말 자산총계,2719902000,USD,공시,https://www.sec.gov/Archives/edgar/data/1664703/000162828023027213/,
Bloom Energy,BE,2023Q2,2023-06-30,분기말 부채총계,2373667000,USD,공시,https://www.sec.gov/Archives/edgar/data/1664703/000162828023027213/,
Bloom Energy,BE,2023Q2,2023-06-30,분기말 총자본(자기자본),346235000,USD,공시,https://www.sec.gov/Archives/edgar/data/1664703/000162828023027213/,
Bloom Energy,BE,2023Q2,2023-06-30,분기말 지배지분 자본,307756000,USD,공시,https://www.sec.gov/Archives/edgar/data/1664703/000162828023027213/,
Bloom Energy,BE,2023Q2,2023-06-30,분기말 종가,16.35,USD,API,https://query1.finance.yahoo.com/v8/finance/chart/BE?interval=1d&events=splits (2023-06-30),
Bloom Energy,BE,2023Q2,2023-08-01,분기말 상장주식수,209421735,주,공시(표지 기준일),https://www.sec.gov/Archives/edgar/data/1664703/000162828023027213/,"XBRL 원문 dei:EntityCommonStockSharesOutstanding 2개 클래스 합 ; 클래스별(2023-08-01): CommonClassAMember 209421735, CommonClassBMember 0"
Bloom Energy,BE,2023Q2,2023-06-30,분기말 시가총액,3424045367,USD,계산(종가×주식수),https://query1.finance.yahoo.com/v8/finance/chart/BE?interval=1d&events=splits (2023-06-30) ; https://www.sec.gov/Archives/edgar/data/1664703/000162828023027213/,종가 16.35 × 주식수 209421735
Bloom Energy,BE,2023Q3,2023-09-30,분기별 매출액,400268000,USD,공시,https://www.sec.gov/Archives/edgar/data/1664703/000162828023037836/,
Bloom Energy,BE,2023Q3,2023-09-30,분기별 영업이익,-103708000,USD,공시,https://www.sec.gov/Archives/edgar/data/1664703/000162828023037836/,
Bloom Energy,BE,2023Q3,2023-09-30,분기별 당기순이익(지배),-168999000,USD,계산(연결-비지배),https://www.sec.gov/Archives/edgar/data/1664703/000162828023037836/,3개월 연결 -168078000 − 비지배 921000
Bloom Energy,BE,2023Q3,2023-09-30,분기별 영업활동현금흐름,-133169000,USD,계산(누적차감),https://www.sec.gov/Archives/edgar/data/1664703/000162828023037836/ ; https://www.sec.gov/Archives/edgar/data/1664703/000162828023027213/,누적 -494364000 − 직전누적 -361195000 (시작 2023-01-01)
Bloom Energy,BE,2023Q3,2023-09-30,분기말 자산총계,2376172000,USD,공시,https://www.sec.gov/Archives/edgar/data/1664703/000162828023037836/,
Bloom Energy,BE,2023Q3,2023-09-30,분기말 부채총계,1870972000,USD,공시,https://www.sec.gov/Archives/edgar/data/1664703/000162828023037836/,
Bloom Energy,BE,2023Q3,2023-09-30,분기말 총자본(자기자본),505200000,USD,공시,https://www.sec.gov/Archives/edgar/data/1664703/000162828023037836/,
Bloom Energy,BE,2023Q3,2023-09-30,분기말 지배지분 자본,486613000,USD,공시,https://www.sec.gov/Archives/edgar/data/1664703/000162828023037836/,
Bloom Energy,BE,2023Q3,2023-09-29,분기말 종가,13.26,USD,API,https://query1.finance.yahoo.com/v8/finance/chart/BE?interval=1d&events=splits (2023-09-29),
Bloom Energy,BE,2023Q3,2023-11-01,분기말 상장주식수,224048769,주,공시(표지 기준일),https://www.sec.gov/Archives/edgar/data/1664703/000162828023037836/,dei:EntityCommonStockSharesOutstanding 클래스 합
Bloom Energy,BE,2023Q3,2023-09-29,분기말 시가총액,2970886677,USD,계산(종가×주식수),https://query1.finance.yahoo.com/v8/finance/chart/BE?interval=1d&events=splits (2023-09-29) ; https://www.sec.gov/Archives/edgar/data/1664703/000162828023037836/,종가 13.26 × 주식수 224048769
Bloom Energy,BE,2023Q4,2023-12-31,분기별 매출액,356916000,USD,계산(연간-3분기누적),https://www.sec.gov/Archives/edgar/data/1664703/000162828024005035/ ; https://www.sec.gov/Archives/edgar/data/1664703/000162828023037836/,연간 1333470000 − 9개월누적 976554000 (Revenues)
Bloom Energy,BE,2023Q4,2023-12-31,분기별 영업이익,12938000,USD,계산(연간-3분기누적),https://www.sec.gov/Archives/edgar/data/1664703/000162828024005035/ ; https://www.sec.gov/Archives/edgar/data/1664703/000162828023037836/,연간 -208907000 − 9개월누적 -221845000 (OperatingIncomeLoss)
Bloom Energy,BE,2023Q4,2023-12-31,분기별 당기순이익(지배),4117000,USD,"계산(연간-3분기누적, 비지배 없음)",https://www.sec.gov/Archives/edgar/data/1664703/000162828024005035/ ; https://www.sec.gov/Archives/edgar/data/1664703/000162828023037836/,연간 -307937000 − 9개월누적 -312054000 (ProfitLoss)
Bloom Energy,BE,2023Q4,2023-12-31,분기별 영업활동현금흐름,121833000,USD,계산(누적차감),https://www.sec.gov/Archives/edgar/data/1664703/000162828024005035/ ; https://www.sec.gov/Archives/edgar/data/1664703/000162828023037836/,누적 -372531000 − 직전누적 -494364000 (시작 2023-01-01)
Bloom Energy,BE,2023Q4,2023-12-31,분기말 자산총계,2413677000,USD,공시,https://www.sec.gov/Archives/edgar/data/1664703/000162828024005035/,
Bloom Energy,BE,2023Q4,2023-12-31,분기말 부채총계,1893007000,USD,공시,https://www.sec.gov/Archives/edgar/data/1664703/000162828024005035/,
Bloom Energy,BE,2023Q4,2023-12-31,분기말 총자본(자기자본),520670000,USD,공시,https://www.sec.gov/Archives/edgar/data/1664703/000162828024005035/,
Bloom Energy,BE,2023Q4,2023-12-31,분기말 지배지분 자본,502078000,USD,공시,https://www.sec.gov/Archives/edgar/data/1664703/000162828024005035/,
Bloom Energy,BE,2023Q4,2023-12-29,분기말 종가,14.8,USD,API,https://query1.finance.yahoo.com/v8/finance/chart/BE?interval=1d&events=splits (2023-12-29),
Bloom Energy,BE,2023Q4,2024-02-12,분기말 상장주식수,224973118,주,공시(표지 기준일),https://www.sec.gov/Archives/edgar/data/1664703/000162828024005035/,dei:EntityCommonStockSharesOutstanding 클래스 합
Bloom Energy,BE,2023Q4,2023-12-29,분기말 시가총액,3329602146,USD,계산(종가×주식수),https://query1.finance.yahoo.com/v8/finance/chart/BE?interval=1d&events=splits (2023-12-29) ; https://www.sec.gov/Archives/edgar/data/1664703/000162828024005035/,종가 14.8 × 주식수 224973118
Bloom Energy,BE,2024Q1,2024-03-31,분기별 매출액,235298000,USD,공시,https://www.sec.gov/Archives/edgar/data/1664703/000162828024022309/,
Bloom Energy,BE,2024Q1,2024-03-31,분기별 영업이익,-49017000,USD,공시,https://www.sec.gov/Archives/edgar/data/1664703/000162828024022309/,
Bloom Energy,BE,2024Q1,2024-03-31,분기별 당기순이익(지배),-57524000,USD,계산(연결-비지배),https://www.sec.gov/Archives/edgar/data/1664703/000162828024022309/,3개월 연결 -56543000 − 비지배 981000
Bloom Energy,BE,2024Q1,2024-03-31,분기별 영업활동현금흐름,-147266000,USD,공시,https://www.sec.gov/Archives/edgar/data/1664703/000162828024022309/,
Bloom Energy,BE,2024Q1,2024-03-31,분기말 자산총계,2286054000,USD,공시,https://www.sec.gov/Archives/edgar/data/1664703/000162828024022309/,
Bloom Energy,BE,2024Q1,2024-03-31,분기말 부채총계,1796904000,USD,공시,https://www.sec.gov/Archives/edgar/data/1664703/000162828024022309/,
Bloom Energy,BE,2024Q1,2024-03-31,분기말 총자본(자기자본),489150000,USD,공시,https://www.sec.gov/Archives/edgar/data/1664703/000162828024022309/,
Bloom Energy,BE,2024Q1,2024-03-31,분기말 지배지분 자본,466115000,USD,공시,https://www.sec.gov/Archives/edgar/data/1664703/000162828024022309/,
Bloom Energy,BE,2024Q1,2024-03-28,분기말 종가,11.24,USD,API,https://query1.finance.yahoo.com/v8/finance/chart/BE?interval=1d&events=splits (2024-03-28),
Bloom Energy,BE,2024Q1,2024-05-07,분기말 상장주식수,227020024,주,공시(표지 기준일),https://www.sec.gov/Archives/edgar/data/1664703/000162828024022309/,dei:EntityCommonStockSharesOutstanding 클래스 합
Bloom Energy,BE,2024Q1,2024-03-28,분기말 시가총액,2551705070,USD,계산(종가×주식수),https://query1.finance.yahoo.com/v8/finance/chart/BE?interval=1d&events=splits (2024-03-28) ; https://www.sec.gov/Archives/edgar/data/1664703/000162828024022309/,종가 11.24 × 주식수 227020024
Bloom Energy,BE,2024Q2,2024-06-30,분기별 매출액,335767000,USD,공시,https://www.sec.gov/Archives/edgar/data/1664703/000162828024036219/,
Bloom Energy,BE,2024Q2,2024-06-30,분기별 영업이익,-23128000,USD,공시,https://www.sec.gov/Archives/edgar/data/1664703/000162828024036219/,
Bloom Energy,BE,2024Q2,2024-06-30,분기별 당기순이익(지배),-61787000,USD,계산(연결-비지배),https://www.sec.gov/Archives/edgar/data/1664703/000162828024036219/,3개월 연결 -61185000 − 비지배 602000
Bloom Energy,BE,2024Q2,2024-06-30,분기별 영업활동현금흐름,-175495000,USD,계산(누적차감),https://www.sec.gov/Archives/edgar/data/1664703/000162828024036219/ ; https://www.sec.gov/Archives/edgar/data/1664703/000162828024022309/,누적 -322761000 − 직전누적 -147266000 (시작 2024-01-01)
Bloom Energy,BE,2024Q2,2024-06-30,분기말 자산총계,2548044000,USD,공시,https://www.sec.gov/Archives/edgar/data/1664703/000162828024036219/,
Bloom Energy,BE,2024Q2,2024-06-30,분기말 부채총계,2101494000,USD,공시,https://www.sec.gov/Archives/edgar/data/1664703/000162828024036219/,
Bloom Energy,BE,2024Q2,2024-06-30,분기말 총자본(자기자본),446550000,USD,공시,https://www.sec.gov/Archives/edgar/data/1664703/000162828024036219/,
Bloom Energy,BE,2024Q2,2024-06-30,분기말 지배지분 자본,423253000,USD,공시,https://www.sec.gov/Archives/edgar/data/1664703/000162828024036219/,
Bloom Energy,BE,2024Q2,2024-06-28,분기말 종가,12.24,USD,API,https://query1.finance.yahoo.com/v8/finance/chart/BE?interval=1d&events=splits (2024-06-28),
Bloom Energy,BE,2024Q2,2024-08-05,분기말 상장주식수,227643371,주,공시(표지 기준일),https://www.sec.gov/Archives/edgar/data/1664703/000162828024036219/,dei:EntityCommonStockSharesOutstanding 클래스 합
Bloom Energy,BE,2024Q2,2024-06-28,분기말 시가총액,2786354861,USD,계산(종가×주식수),https://query1.finance.yahoo.com/v8/finance/chart/BE?interval=1d&events=splits (2024-06-28) ; https://www.sec.gov/Archives/edgar/data/1664703/000162828024036219/,종가 12.24 × 주식수 227643371
Bloom Energy,BE,2024Q3,2024-09-30,분기별 매출액,330399000,USD,공시,https://www.sec.gov/Archives/edgar/data/1664703/000162828024046411/,
Bloom Energy,BE,2024Q3,2024-09-30,분기별 영업이익,-9651000,USD,공시,https://www.sec.gov/Archives/edgar/data/1664703/000162828024046411/,
Bloom Energy,BE,2024Q3,2024-09-30,분기별 당기순이익(지배),-14711000,USD,계산(연결-비지배),https://www.sec.gov/Archives/edgar/data/1664703/000162828024046411/,3개월 연결 -14632000 − 비지배 79000
Bloom Energy,BE,2024Q3,2024-09-30,분기별 영업활동현금흐름,-69469000,USD,계산(누적차감),https://www.sec.gov/Archives/edgar/data/1664703/000162828024046411/ ; https://www.sec.gov/Archives/edgar/data/1664703/000162828024036219/,누적 -392230000 − 직전누적 -322761000 (시작 2024-01-01)
Bloom Energy,BE,2024Q3,2024-09-30,분기말 자산총계,2604517000,USD,공시,https://www.sec.gov/Archives/edgar/data/1664703/000162828024046411/,
Bloom Energy,BE,2024Q3,2024-09-30,분기말 부채총계,2149525000,USD,공시,https://www.sec.gov/Archives/edgar/data/1664703/000162828024046411/,
Bloom Energy,BE,2024Q3,2024-09-30,분기말 총자본(자기자본),454992000,USD,공시,https://www.sec.gov/Archives/edgar/data/1664703/000162828024046411/,
Bloom Energy,BE,2024Q3,2024-09-30,분기말 지배지분 자본,430944000,USD,공시,https://www.sec.gov/Archives/edgar/data/1664703/000162828024046411/,
Bloom Energy,BE,2024Q3,2024-09-30,분기말 종가,10.56,USD,API,https://query1.finance.yahoo.com/v8/finance/chart/BE?interval=1d&events=splits (2024-09-30),
Bloom Energy,BE,2024Q3,2024-11-04,분기말 상장주식수,228575978,주,공시(표지 기준일),https://www.sec.gov/Archives/edgar/data/1664703/000162828024046411/,dei:EntityCommonStockSharesOutstanding 클래스 합
Bloom Energy,BE,2024Q3,2024-09-30,분기말 시가총액,2413762328,USD,계산(종가×주식수),https://query1.finance.yahoo.com/v8/finance/chart/BE?interval=1d&events=splits (2024-09-30) ; https://www.sec.gov/Archives/edgar/data/1664703/000162828024046411/,종가 10.56 × 주식수 228575978
Bloom Energy,BE,2024Q4,2024-12-31,분기별 매출액,572393000,USD,계산(연간-3분기누적),https://www.sec.gov/Archives/edgar/data/1664703/000162828025008747/ ; https://www.sec.gov/Archives/edgar/data/1664703/000162828024046411/,연간 1473856000 − 9개월누적 901463000 (Revenues)
Bloom Energy,BE,2024Q4,2024-12-31,분기별 영업이익,104706000,USD,계산(연간-3분기누적),https://www.sec.gov/Archives/edgar/data/1664703/000162828025008747/ ; https://www.sec.gov/Archives/edgar/data/1664703/000162828024046411/,연간 22909000 − 9개월누적 -81797000 (OperatingIncomeLoss)
Bloom Energy,BE,2024Q4,2024-12-31,분기별 당기순이익(지배),104795000,USD,계산(연간(연결-비지배)-3분기누적),https://www.sec.gov/Archives/edgar/data/1664703/000162828025008747/ ; https://www.sec.gov/Archives/edgar/data/1664703/000162828024046411/,연간 연결 -27203000 − 비지배 2024000 − (9개월 연결 -132360000 − 비지배 1662000)
Bloom Energy,BE,2024Q4,2024-12-31,분기별 영업활동현금흐름,484228000,USD,계산(누적차감),https://www.sec.gov/Archives/edgar/data/1664703/000162828025008747/ ; https://www.sec.gov/Archives/edgar/data/1664703/000162828024046411/,누적 91998000 − 직전누적 -392230000 (시작 2024-01-01)
Bloom Energy,BE,2024Q4,2024-12-31,분기말 자산총계,2657354000,USD,공시,https://www.sec.gov/Archives/edgar/data/1664703/000162828025008747/,
Bloom Energy,BE,2024Q4,2024-12-31,분기말 부채총계,2072138000,USD,공시,https://www.sec.gov/Archives/edgar/data/1664703/000162828025008747/,
Bloom Energy,BE,2024Q4,2024-12-31,분기말 총자본(자기자본),585216000,USD,공시,https://www.sec.gov/Archives/edgar/data/1664703/000162828025008747/,
Bloom Energy,BE,2024Q4,2024-12-31,분기말 지배지분 자본,562471000,USD,공시,https://www.sec.gov/Archives/edgar/data/1664703/000162828025008747/,
Bloom Energy,BE,2024Q4,2024-12-31,분기말 종가,22.21,USD,API,https://query1.finance.yahoo.com/v8/finance/chart/BE?interval=1d&events=splits (2024-12-31),
Bloom Energy,BE,2024Q4,2025-02-24,분기말 상장주식수,230398527,주,공시(표지 기준일),https://www.sec.gov/Archives/edgar/data/1664703/000162828025008747/,dei:EntityCommonStockSharesOutstanding 클래스 합
Bloom Energy,BE,2024Q4,2024-12-31,분기말 시가총액,5117151285,USD,계산(종가×주식수),https://query1.finance.yahoo.com/v8/finance/chart/BE?interval=1d&events=splits (2024-12-31) ; https://www.sec.gov/Archives/edgar/data/1664703/000162828025008747/,종가 22.21 × 주식수 230398527
Bloom Energy,BE,2025Q1,2025-03-31,분기별 매출액,326021000,USD,공시,https://www.sec.gov/Archives/edgar/data/1664703/000162828025021160/,
Bloom Energy,BE,2025Q1,2025-03-31,분기별 영업이익,-19070000,USD,공시,https://www.sec.gov/Archives/edgar/data/1664703/000162828025021160/,
Bloom Energy,BE,2025Q1,2025-03-31,분기별 당기순이익(지배),-23814000,USD,계산(연결-비지배),https://www.sec.gov/Archives/edgar/data/1664703/000162828025021160/,3개월 연결 -23414000 − 비지배 400000
Bloom Energy,BE,2025Q1,2025-03-31,분기별 영업활동현금흐름,-110682000,USD,공시,https://www.sec.gov/Archives/edgar/data/1664703/000162828025021160/,
Bloom Energy,BE,2025Q1,2025-03-31,분기말 자산총계,2607984000,USD,공시,https://www.sec.gov/Archives/edgar/data/1664703/000162828025021160/,
Bloom Energy,BE,2025Q1,2025-03-31,분기말 부채총계,2006529000,USD,공시,https://www.sec.gov/Archives/edgar/data/1664703/000162828025021160/,
Bloom Energy,BE,2025Q1,2025-03-31,분기말 총자본(자기자본),601455000,USD,공시,https://www.sec.gov/Archives/edgar/data/1664703/000162828025021160/,
Bloom Energy,BE,2025Q1,2025-03-31,분기말 지배지분 자본,578271000,USD,공시,https://www.sec.gov/Archives/edgar/data/1664703/000162828025021160/,
Bloom Energy,BE,2025Q1,2025-03-31,분기말 종가,19.66,USD,API,https://query1.finance.yahoo.com/v8/finance/chart/BE?interval=1d&events=splits (2025-03-31),
Bloom Energy,BE,2025Q1,2025-04-25,분기말 상장주식수,232228606,주,공시(표지 기준일),https://www.sec.gov/Archives/edgar/data/1664703/000162828025021160/,dei:EntityCommonStockSharesOutstanding 클래스 합
Bloom Energy,BE,2025Q1,2025-03-31,분기말 시가총액,4565614394,USD,계산(종가×주식수),https://query1.finance.yahoo.com/v8/finance/chart/BE?interval=1d&events=splits (2025-03-31) ; https://www.sec.gov/Archives/edgar/data/1664703/000162828025021160/,종가 19.66 × 주식수 232228606
Bloom Energy,BE,2025Q2,2025-06-30,분기별 매출액,401242000,USD,공시,https://www.sec.gov/Archives/edgar/data/1664703/000162828025037074/,
Bloom Energy,BE,2025Q2,2025-06-30,분기별 영업이익,-3503000,USD,공시,https://www.sec.gov/Archives/edgar/data/1664703/000162828025037074/,
Bloom Energy,BE,2025Q2,2025-06-30,분기별 당기순이익(지배),-42619000,USD,계산(연결-비지배),https://www.sec.gov/Archives/edgar/data/1664703/000162828025037074/,3개월 연결 -42192000 − 비지배 427000
Bloom Energy,BE,2025Q2,2025-06-30,분기별 영업활동현금흐름,-213111000,USD,계산(누적차감),https://www.sec.gov/Archives/edgar/data/1664703/000162828025037074/ ; https://www.sec.gov/Archives/edgar/data/1664703/000162828025021160/,누적 -323793000 − 직전누적 -110682000 (시작 2025-01-01)
Bloom Energy,BE,2025Q2,2025-06-30,분기말 자산총계,2530422000,USD,공시,https://www.sec.gov/Archives/edgar/data/1664703/000162828025037074/,
Bloom Energy,BE,2025Q2,2025-06-30,분기말 부채총계,1910992000,USD,공시,https://www.sec.gov/Archives/edgar/data/1664703/000162828025037074/,
Bloom Energy,BE,2025Q2,2025-06-30,분기말 총자본(자기자본),619430000,USD,공시,https://www.sec.gov/Archives/edgar/data/1664703/000162828025037074/,
Bloom Energy,BE,2025Q2,2025-06-30,분기말 지배지분 자본,594581000,USD,공시,https://www.sec.gov/Archives/edgar/data/1664703/000162828025037074/,
Bloom Energy,BE,2025Q2,2025-06-30,분기말 종가,23.92,USD,API,https://query1.finance.yahoo.com/v8/finance/chart/BE?interval=1d&events=splits (2025-06-30),
Bloom Energy,BE,2025Q2,2025-07-28,분기말 상장주식수,233997970,주,공시(표지 기준일),https://www.sec.gov/Archives/edgar/data/1664703/000162828025037074/,dei:EntityCommonStockSharesOutstanding 클래스 합
Bloom Energy,BE,2025Q2,2025-06-30,분기말 시가총액,5597231442,USD,계산(종가×주식수),https://query1.finance.yahoo.com/v8/finance/chart/BE?interval=1d&events=splits (2025-06-30) ; https://www.sec.gov/Archives/edgar/data/1664703/000162828025037074/,종가 23.92 × 주식수 233997970
Bloom Energy,BE,2025Q3,2025-09-30,분기별 매출액,519048000,USD,공시,https://www.sec.gov/Archives/edgar/data/1664703/000162828025046844/,
Bloom Energy,BE,2025Q3,2025-09-30,분기별 영업이익,7846000,USD,공시,https://www.sec.gov/Archives/edgar/data/1664703/000162828025046844/,
Bloom Energy,BE,2025Q3,2025-09-30,분기별 당기순이익(지배),-23093000,USD,계산(연결-비지배),https://www.sec.gov/Archives/edgar/data/1664703/000162828025046844/,3개월 연결 -22960000 − 비지배 133000
Bloom Energy,BE,2025Q3,2025-09-30,분기별 영업활동현금흐름,19669000,USD,계산(누적차감),https://www.sec.gov/Archives/edgar/data/1664703/000162828025046844/ ; https://www.sec.gov/Archives/edgar/data/1664703/000162828025037074/,누적 -304124000 − 직전누적 -323793000 (시작 2025-01-01)
Bloom Energy,BE,2025Q3,2025-09-30,분기말 자산총계,2638199000,USD,공시,https://www.sec.gov/Archives/edgar/data/1664703/000162828025046844/,
Bloom Energy,BE,2025Q3,2025-09-30,분기말 부채총계,1960720000,USD,공시,https://www.sec.gov/Archives/edgar/data/1664703/000162828025046844/,
Bloom Energy,BE,2025Q3,2025-09-30,분기말 총자본(자기자본),677479000,USD,공시,https://www.sec.gov/Archives/edgar/data/1664703/000162828025046844/,
Bloom Energy,BE,2025Q3,2025-09-30,분기말 지배지분 자본,653070000,USD,공시,https://www.sec.gov/Archives/edgar/data/1664703/000162828025046844/,
Bloom Energy,BE,2025Q3,2025-09-30,분기말 종가,84.57,USD,API,https://query1.finance.yahoo.com/v8/finance/chart/BE?interval=1d&events=splits (2025-09-30),
Bloom Energy,BE,2025Q3,2025-10-22,분기말 상장주식수,236510755,주,공시(표지 기준일),https://www.sec.gov/Archives/edgar/data/1664703/000162828025046844/,dei:EntityCommonStockSharesOutstanding 클래스 합
Bloom Energy,BE,2025Q3,2025-09-30,분기말 시가총액,20001714550,USD,계산(종가×주식수),https://query1.finance.yahoo.com/v8/finance/chart/BE?interval=1d&events=splits (2025-09-30) ; https://www.sec.gov/Archives/edgar/data/1664703/000162828025046844/,종가 84.57 × 주식수 236510755
Bloom Energy,BE,2025Q4,2025-12-31,분기별 매출액,777683000,USD,계산(연간-3분기누적),https://www.sec.gov/Archives/edgar/data/1664703/000162828026006516/ ; https://www.sec.gov/Archives/edgar/data/1664703/000162828025046844/,연간 2023994000 − 9개월누적 1246311000 (Revenues)
Bloom Energy,BE,2025Q4,2025-12-31,분기별 영업이익,87529000,USD,계산(연간-3분기누적),https://www.sec.gov/Archives/edgar/data/1664703/000162828026006516/ ; https://www.sec.gov/Archives/edgar/data/1664703/000162828025046844/,연간 72802000 − 9개월누적 -14727000 (OperatingIncomeLoss)
Bloom Energy,BE,2025Q4,2025-12-31,분기별 당기순이익(지배),1092000,USD,계산(연간(연결-비지배)-3분기누적),https://www.sec.gov/Archives/edgar/data/1664703/000162828026006516/ ; https://www.sec.gov/Archives/edgar/data/1664703/000162828025046844/,연간 연결 -87140000 − 비지배 1294000 − (9개월 연결 -88566000 − 비지배 960000)
Bloom Energy,BE,2025Q4,2025-12-31,분기별 영업활동현금흐름,418073000,USD,계산(누적차감),https://www.sec.gov/Archives/edgar/data/1664703/000162828026006516/ ; https://www.sec.gov/Archives/edgar/data/1664703/000162828025046844/,누적 113949000 − 직전누적 -304124000 (시작 2025-01-01)
Bloom Energy,BE,2025Q4,2025-12-31,분기말 자산총계,4396711000,USD,공시,https://www.sec.gov/Archives/edgar/data/1664703/000162828026006516/,
Bloom Energy,BE,2025Q4,2025-12-31,분기말 부채총계,3603748000,USD,공시,https://www.sec.gov/Archives/edgar/data/1664703/000162828026006516/,
Bloom Energy,BE,2025Q4,2025-12-31,분기말 총자본(자기자본),792963000,USD,공시,https://www.sec.gov/Archives/edgar/data/1664703/000162828026006516/,
Bloom Energy,BE,2025Q4,2025-12-31,분기말 지배지분 자본,768641000,USD,공시,https://www.sec.gov/Archives/edgar/data/1664703/000162828026006516/,
Bloom Energy,BE,2025Q4,2025-12-31,분기말 종가,86.89,USD,API,https://query1.finance.yahoo.com/v8/finance/chart/BE?interval=1d&events=splits (2025-12-31),
Bloom Energy,BE,2025Q4,2026-02-02,분기말 상장주식수,280548215,주,공시(표지 기준일),https://www.sec.gov/Archives/edgar/data/1664703/000162828026006516/,dei:EntityCommonStockSharesOutstanding 클래스 합
Bloom Energy,BE,2025Q4,2025-12-31,분기말 시가총액,24376834401,USD,계산(종가×주식수),https://query1.finance.yahoo.com/v8/finance/chart/BE?interval=1d&events=splits (2025-12-31) ; https://www.sec.gov/Archives/edgar/data/1664703/000162828026006516/,종가 86.89 × 주식수 280548215
Bloom Energy,BE,2026Q1,2026-03-31,분기별 매출액,751054000,USD,공시,https://www.sec.gov/Archives/edgar/data/1664703/000162828026028021/,
Bloom Energy,BE,2026Q1,2026-03-31,분기별 영업이익,72190000,USD,공시,https://www.sec.gov/Archives/edgar/data/1664703/000162828026028021/,
Bloom Energy,BE,2026Q1,2026-03-31,분기별 당기순이익(지배),70653000,USD,계산(연결-비지배),https://www.sec.gov/Archives/edgar/data/1664703/000162828026028021/,3개월 연결 73691000 − 비지배 3038000
Bloom Energy,BE,2026Q1,2026-03-31,분기별 영업활동현금흐름,73610000,USD,공시,https://www.sec.gov/Archives/edgar/data/1664703/000162828026028021/,
Bloom Energy,BE,2026Q1,2026-03-31,분기말 자산총계,4664729000,USD,공시,https://www.sec.gov/Archives/edgar/data/1664703/000162828026028021/,
Bloom Energy,BE,2026Q1,2026-03-31,분기말 부채총계,3716721000,USD,공시,https://www.sec.gov/Archives/edgar/data/1664703/000162828026028021/,
Bloom Energy,BE,2026Q1,2026-03-31,분기말 총자본(자기자본),948008000,USD,공시,https://www.sec.gov/Archives/edgar/data/1664703/000162828026028021/,
Bloom Energy,BE,2026Q1,2026-03-31,분기말 지배지분 자본,921469000,USD,공시,https://www.sec.gov/Archives/edgar/data/1664703/000162828026028021/,
Bloom Energy,BE,2026Q1,2026-03-31,분기말 종가,135.49,USD,API,https://query1.finance.yahoo.com/v8/finance/chart/BE?interval=1d&events=splits (2026-03-31),
Bloom Energy,BE,2026Q1,2026-04-24,분기말 상장주식수,284443868,주,공시(표지 기준일),https://www.sec.gov/Archives/edgar/data/1664703/000162828026028021/,dei:EntityCommonStockSharesOutstanding 클래스 합
Bloom Energy,BE,2026Q1,2026-03-31,분기말 시가총액,38539299675,USD,계산(종가×주식수),https://query1.finance.yahoo.com/v8/finance/chart/BE?interval=1d&events=splits (2026-03-31) ; https://www.sec.gov/Archives/edgar/data/1664703/000162828026028021/,종가 135.49 × 주식수 284443868
Bloom Energy,BE,2026Q2,2026-06-30,분기별 매출액,1065365000,USD,공시,https://www.sec.gov/Archives/edgar/data/1664703/000162828026050325/,값은 XBRL 원문(companyfacts 미반영 보고서)
Bloom Energy,BE,2026Q2,2026-06-30,분기별 영업이익,182237000,USD,공시,https://www.sec.gov/Archives/edgar/data/1664703/000162828026050325/,값은 XBRL 원문(companyfacts 미반영 보고서)
Bloom Energy,BE,2026Q2,2026-06-30,분기별 당기순이익(지배),196290000,USD,계산(연결-비지배),https://www.sec.gov/Archives/edgar/data/1664703/000162828026050325/,3개월 연결 198856000 − 비지배 2566000 ; 값은 XBRL 원문(companyfacts 미반영 보고서)
Bloom Energy,BE,2026Q2,2026-06-30,분기별 영업활동현금흐름,226432000,USD,계산(누적차감),https://www.sec.gov/Archives/edgar/data/1664703/000162828026050325/ ; https://www.sec.gov/Archives/edgar/data/1664703/000162828026028021/,누적 300042000 − 직전누적 73610000 (시작 2026-01-01) ; 값은 XBRL 원문(companyfacts 미반영 보고서)
Bloom Energy,BE,2026Q2,2026-06-30,분기말 자산총계,5628401000,USD,공시,https://www.sec.gov/Archives/edgar/data/1664703/000162828026050325/,값은 XBRL 원문(companyfacts 미반영 보고서)
Bloom Energy,BE,2026Q2,2026-06-30,분기말 부채총계,3987730000,USD,공시,https://www.sec.gov/Archives/edgar/data/1664703/000162828026050325/,값은 XBRL 원문(companyfacts 미반영 보고서)
Bloom Energy,BE,2026Q2,2026-06-30,분기말 총자본(자기자본),1640671000,USD,공시,https://www.sec.gov/Archives/edgar/data/1664703/000162828026050325/,값은 XBRL 원문(companyfacts 미반영 보고서)
Bloom Energy,BE,2026Q2,2026-06-30,분기말 지배지분 자본,1611998000,USD,공시,https://www.sec.gov/Archives/edgar/data/1664703/000162828026050325/,값은 XBRL 원문(companyfacts 미반영 보고서)
Bloom Energy,BE,2026Q2,2026-06-30,분기말 종가,302.7,USD,API,https://query1.finance.yahoo.com/v8/finance/chart/BE?interval=1d&events=splits (2026-06-30),
Bloom Energy,BE,2026Q2,2026-07-22,분기말 상장주식수,294527346,주,공시(표지 기준일),https://www.sec.gov/Archives/edgar/data/1664703/000162828026050325/,dei:EntityCommonStockSharesOutstanding 클래스 합 ; 값은 XBRL 원문(companyfacts 미반영 보고서)
Bloom Energy,BE,2026Q2,2026-06-30,분기말 시가총액,89153427634,USD,계산(종가×주식수),https://query1.finance.yahoo.com/v8/finance/chart/BE?interval=1d&events=splits (2026-06-30) ; https://www.sec.gov/Archives/edgar/data/1664703/000162828026050325/,종가 302.7 × 주식수 294527346 ; 값은 XBRL 원문(companyfacts 미반영 보고서)
Illumina,ILMN,2010Q1,2010-04-04,분기별 매출액,192131000,USD,공시(후속 보고서 비교기간),https://www.sec.gov/Archives/edgar/data/1110803/000095012311044671/,SalesRevenueNet ; 그 분기 보고서에 연결 총계가 없어 2011-05-04 제출본의 비교기간에서 읽었다
Illumina,ILMN,2010Q1,2010-04-04,분기별 영업이익,38225000,USD,공시(후속 보고서 비교기간),https://www.sec.gov/Archives/edgar/data/1110803/000095012311044671/,OperatingIncomeLoss ; 그 분기 보고서에 연결 총계가 없어 2011-05-04 제출본의 비교기간에서 읽었다
Illumina,ILMN,2010Q1,2010-04-04,분기별 당기순이익(지배),21208000,USD,공시(후속 보고서 비교기간),https://www.sec.gov/Archives/edgar/data/1110803/000095012311044671/,NetIncomeLoss ; 그 분기 보고서에 연결 총계가 없어 2011-05-04 제출본의 비교기간에서 읽었다
Illumina,ILMN,2010Q1,2010-04-04,분기별 영업활동현금흐름,미확인,USD,미확인,https://www.sec.gov/Archives/edgar/data/1110803/000095012310041424/,
Illumina,ILMN,2010Q1,2010-04-04,분기말 자산총계,미확인,USD,미확인,https://www.sec.gov/Archives/edgar/data/1110803/000095012310041424/,
Illumina,ILMN,2010Q1,2010-04-04,분기말 부채총계,미확인,USD,미확인,https://www.sec.gov/Archives/edgar/data/1110803/000095012310041424/,
Illumina,ILMN,2010Q1,2010-04-04,분기말 총자본(자기자본),미확인,USD,미확인,https://www.sec.gov/Archives/edgar/data/1110803/000095012310041424/,
Illumina,ILMN,2010Q1,2010-04-04,분기말 지배지분 자본,미확인,USD,미확인,https://www.sec.gov/Archives/edgar/data/1110803/000095012310041424/,
Illumina,ILMN,2010Q1,2010-04-01,분기말 종가,39.3,USD,API,https://query1.finance.yahoo.com/v8/finance/chart/ILMN?interval=1d&events=splits (2010-04-01),분할조정 종가 38.2296 × 이후 분할계수 1.028
Illumina,ILMN,2010Q1,2010-04-04,분기말 상장주식수,미확인,,미확인,SEC companyfacts·XBRL 원문 모두 dei 표지 주식수 없음,
Illumina,ILMN,2010Q1,2010-04-04,분기말 시가총액,미확인,,미확인,SEC companyfacts·XBRL 원문 모두 dei 표지 주식수 없음,
Illumina,ILMN,2010Q2,2010-07-04,분기별 매출액,212003000,USD,공시,https://www.sec.gov/Archives/edgar/data/1110803/000095012310072624/,
Illumina,ILMN,2010Q2,2010-07-04,분기별 영업이익,47428000,USD,공시,https://www.sec.gov/Archives/edgar/data/1110803/000095012310072624/,
Illumina,ILMN,2010Q2,2010-07-04,분기별 당기순이익(지배),29796000,USD,공시,https://www.sec.gov/Archives/edgar/data/1110803/000095012310072624/,
Illumina,ILMN,2010Q2,2010-07-04,분기별 영업활동현금흐름,데이터 없음(직전 분기 누적 보고서 없음),USD,데이터 없음(직전 보고서 없음),https://www.sec.gov/Archives/edgar/data/1110803/000095012311075547/,
Illumina,ILMN,2010Q2,2010-07-04,분기말 자산총계,1641885000,USD,공시,https://www.sec.gov/Archives/edgar/data/1110803/000095012310072624/,
Illumina,ILMN,2010Q2,2010-07-04,분기말 부채총계,604925000,USD,계산(부채및자본-총자본),https://www.sec.gov/Archives/edgar/data/1110803/000095012310072624/,부채및자본 1641885000 − 총자본 1036960000
Illumina,ILMN,2010Q2,2010-07-04,분기말 총자본(자기자본),1036960000,USD,공시(비지배 없음),https://www.sec.gov/Archives/edgar/data/1110803/000095012310072624/,"StockholdersEquity, MinorityInterest 태그 없음"
Illumina,ILMN,2010Q2,2010-07-04,분기말 지배지분 자본,1036960000,USD,공시,https://www.sec.gov/Archives/edgar/data/1110803/000095012310072624/,
Illumina,ILMN,2010Q2,2010-07-02,분기말 종가,43.09,USD,API,https://query1.finance.yahoo.com/v8/finance/chart/ILMN?interval=1d&events=splits (2010-07-02),분할조정 종가 41.9163 × 이후 분할계수 1.028
Illumina,ILMN,2010Q2,2010-07-15,분기말 상장주식수,124285833,주,공시(표지 기준일),https://www.sec.gov/Archives/edgar/data/1110803/000095012310072624/,dei:EntityCommonStockSharesOutstanding 클래스 합
Illumina,ILMN,2010Q2,2010-07-02,분기말 시가총액,5355476544,USD,계산(종가×주식수),https://query1.finance.yahoo.com/v8/finance/chart/ILMN?interval=1d&events=splits (2010-07-02) ; https://www.sec.gov/Archives/edgar/data/1110803/000095012310072624/,종가 43.09 × 주식수 124285833
Illumina,ILMN,2010Q3,2010-10-03,분기별 매출액,237309000,USD,공시,https://www.sec.gov/Archives/edgar/data/1110803/000095012310101563/,
Illumina,ILMN,2010Q3,2010-10-03,분기별 영업이익,57335000,USD,공시,https://www.sec.gov/Archives/edgar/data/1110803/000095012310101563/,
Illumina,ILMN,2010Q3,2010-10-03,분기별 당기순이익(지배),35447000,USD,공시,https://www.sec.gov/Archives/edgar/data/1110803/000095012310101563/,
Illumina,ILMN,2010Q3,2010-10-03,분기별 영업활동현금흐름,54828000,USD,계산(누적차감)(재작성 반영),https://www.sec.gov/Archives/edgar/data/1110803/000095012310101563/ ; https://www.sec.gov/Archives/edgar/data/1110803/000095012311075547/,누적 191092000 − 직전누적 136264000 (시작 2010-01-04) ; 원 공시 60769000 (https://www.sec.gov/Archives/edgar/data/1110803/000095012310101563/ ; https://www.sec.gov/Archives/edgar/data/1110803/000095012310072624/)
Illumina,ILMN,2010Q3,2010-10-03,분기말 자산총계,1725221000,USD,공시,https://www.sec.gov/Archives/edgar/data/1110803/000095012310101563/,
Illumina,ILMN,2010Q3,2010-10-03,분기말 부채총계,617100000,USD,계산(부채및자본-총자본),https://www.sec.gov/Archives/edgar/data/1110803/000095012310101563/,부채및자본 1725221000 − 총자본 1108121000
Illumina,ILMN,2010Q3,2010-10-03,분기말 총자본(자기자본),1108121000,USD,공시(비지배 없음),https://www.sec.gov/Archives/edgar/data/1110803/000095012310101563/,"StockholdersEquity, MinorityInterest 태그 없음"
Illumina,ILMN,2010Q3,2010-10-03,분기말 지배지분 자본,1108121000,USD,공시,https://www.sec.gov/Archives/edgar/data/1110803/000095012310101563/,
Illumina,ILMN,2010Q3,2010-10-01,분기말 종가,49.09,USD,API,https://query1.finance.yahoo.com/v8/finance/chart/ILMN?interval=1d&events=splits (2010-10-01),분할조정 종가 47.7529 × 이후 분할계수 1.028
Illumina,ILMN,2010Q3,2010-10-15,분기말 상장주식수,125043975,주,공시(표지 기준일),https://www.sec.gov/Archives/edgar/data/1110803/000095012310101563/,dei:EntityCommonStockSharesOutstanding 클래스 합
Illumina,ILMN,2010Q3,2010-10-01,분기말 시가총액,6138408733,USD,계산(종가×주식수),https://query1.finance.yahoo.com/v8/finance/chart/ILMN?interval=1d&events=splits (2010-10-01) ; https://www.sec.gov/Archives/edgar/data/1110803/000095012310101563/,종가 49.09 × 주식수 125043975
Illumina,ILMN,2010Q4,2011-01-02,분기별 매출액,261298000,USD,계산(연간-3분기누적),https://www.sec.gov/Archives/edgar/data/1110803/000095012311019925/ ; https://www.sec.gov/Archives/edgar/data/1110803/000095012310101563/,연간 902741000 − 9개월누적 641443000 (SalesRevenueNet)
Illumina,ILMN,2010Q4,2011-01-02,분기별 영업이익,68667000,USD,계산(연간-3분기누적),https://www.sec.gov/Archives/edgar/data/1110803/000095012311019925/ ; https://www.sec.gov/Archives/edgar/data/1110803/000095012310101563/,연간 211654000 − 9개월누적 142987000 (OperatingIncomeLoss)
Illumina,ILMN,2010Q4,2011-01-02,분기별 당기순이익(지배),38440000,USD,계산(연간-3분기누적),https://www.sec.gov/Archives/edgar/data/1110803/000095012311019925/ ; https://www.sec.gov/Archives/edgar/data/1110803/000095012310101563/,연간 124891000 − 9개월누적 86451000 (NetIncomeLoss)
Illumina,ILMN,2010Q4,2011-01-02,분기별 영업활동현금흐름,81481000,USD,계산(누적차감),https://www.sec.gov/Archives/edgar/data/1110803/000095012311019925/ ; https://www.sec.gov/Archives/edgar/data/1110803/000095012310101563/,누적 272573000 − 직전누적 191092000 (시작 2010-01-04)
Illumina,ILMN,2010Q4,2011-01-02,분기말 자산총계,1839113000,USD,공시,https://www.sec.gov/Archives/edgar/data/1110803/000095012311019925/,
Illumina,ILMN,2010Q4,2011-01-02,분기말 부채총계,641438000,USD,계산(부채및자본-총자본),https://www.sec.gov/Archives/edgar/data/1110803/000095012311019925/,부채및자본 1839113000 − 총자본 1197675000
Illumina,ILMN,2010Q4,2011-01-02,분기말 총자본(자기자본),1197675000,USD,공시(비지배 없음),https://www.sec.gov/Archives/edgar/data/1110803/000095012311019925/,"StockholdersEquity, MinorityInterest 태그 없음"
Illumina,ILMN,2010Q4,2011-01-02,분기말 지배지분 자본,1197675000,USD,공시,https://www.sec.gov/Archives/edgar/data/1110803/000095012311019925/,
Illumina,ILMN,2010Q4,2010-12-31,분기말 종가,63.34,USD,API,https://query1.finance.yahoo.com/v8/finance/chart/ILMN?interval=1d&events=splits (2010-12-31),분할조정 종가 61.6148 × 이후 분할계수 1.028
Illumina,ILMN,2010Q4,2011-02-04,분기말 상장주식수,127626004,주,공시(표지 기준일),https://www.sec.gov/Archives/edgar/data/1110803/000095012311019925/,dei:EntityCommonStockSharesOutstanding 클래스 합
Illumina,ILMN,2010Q4,2010-12-31,분기말 시가총액,8083831093,USD,계산(종가×주식수),https://query1.finance.yahoo.com/v8/finance/chart/ILMN?interval=1d&events=splits (2010-12-31) ; https://www.sec.gov/Archives/edgar/data/1110803/000095012311019925/,종가 63.34 × 주식수 127626004
Illumina,ILMN,2011Q1,2011-04-03,분기별 매출액,282515000,USD,공시,https://www.sec.gov/Archives/edgar/data/1110803/000095012311044671/,
Illumina,ILMN,2011Q1,2011-04-03,분기별 영업이익,69388000,USD,공시,https://www.sec.gov/Archives/edgar/data/1110803/000095012311044671/,
Illumina,ILMN,2011Q1,2011-04-03,분기별 당기순이익(지배),24137000,USD,공시,https://www.sec.gov/Archives/edgar/data/1110803/000095012311044671/,
Illumina,ILMN,2011Q1,2011-04-03,분기별 영업활동현금흐름,88578000,USD,공시,https://www.sec.gov/Archives/edgar/data/1110803/000095012311044671/,
Illumina,ILMN,2011Q1,2011-04-03,분기말 자산총계,2123149000,USD,공시,https://www.sec.gov/Archives/edgar/data/1110803/000095012311044671/,
Illumina,ILMN,2011Q1,2011-04-03,분기말 부채총계,1058923000,USD,계산(부채및자본-총자본),https://www.sec.gov/Archives/edgar/data/1110803/000095012311044671/,부채및자본 2123149000 − 총자본 1064226000
Illumina,ILMN,2011Q1,2011-04-03,분기말 총자본(자기자본),1064226000,USD,공시(비지배 없음),https://www.sec.gov/Archives/edgar/data/1110803/000095012311044671/,"StockholdersEquity, MinorityInterest 태그 없음"
Illumina,ILMN,2011Q1,2011-04-03,분기말 지배지분 자본,1064226000,USD,공시,https://www.sec.gov/Archives/edgar/data/1110803/000095012311044671/,
Illumina,ILMN,2011Q1,2011-04-01,분기말 종가,70.76,USD,API,https://query1.finance.yahoo.com/v8/finance/chart/ILMN?interval=1d&events=splits (2011-04-01),분할조정 종가 68.8327 × 이후 분할계수 1.028
Illumina,ILMN,2011Q1,2011-04-15,분기말 상장주식수,123132000,주,공시(표지 기준일),https://www.sec.gov/Archives/edgar/data/1110803/000095012311044671/,dei:EntityCommonStockSharesOutstanding 클래스 합
Illumina,ILMN,2011Q1,2011-04-01,분기말 시가총액,8712820320,USD,계산(종가×주식수),https://query1.finance.yahoo.com/v8/finance/chart/ILMN?interval=1d&events=splits (2011-04-01) ; https://www.sec.gov/Archives/edgar/data/1110803/000095012311044671/,종가 70.76 × 주식수 123132000
Illumina,ILMN,2011Q2,2011-07-03,분기별 매출액,287450000,USD,공시,https://www.sec.gov/Archives/edgar/data/1110803/000095012311075547/,
Illumina,ILMN,2011Q2,2011-07-03,분기별 영업이익,66010000,USD,공시,https://www.sec.gov/Archives/edgar/data/1110803/000095012311075547/,
Illumina,ILMN,2011Q2,2011-07-03,분기별 당기순이익(지배),30620000,USD,공시,https://www.sec.gov/Archives/edgar/data/1110803/000095012311075547/,
Illumina,ILMN,2011Q2,2011-07-03,분기별 영업활동현금흐름,71220000,USD,계산(누적차감),https://www.sec.gov/Archives/edgar/data/1110803/000095012311075547/ ; https://www.sec.gov/Archives/edgar/data/1110803/000095012311044671/,누적 159798000 − 직전누적 88578000 (시작 2011-01-03)
Illumina,ILMN,2011Q2,2011-07-03,분기말 자산총계,2256986000,USD,공시,https://www.sec.gov/Archives/edgar/data/1110803/000095012311075547/,
Illumina,ILMN,2011Q2,2011-07-03,분기말 부채총계,1088682000,USD,계산(부채및자본-총자본),https://www.sec.gov/Archives/edgar/data/1110803/000095012311075547/,부채및자본 2256986000 − 총자본 1168304000
Illumina,ILMN,2011Q2,2011-07-03,분기말 총자본(자기자본),1168304000,USD,공시(비지배 없음),https://www.sec.gov/Archives/edgar/data/1110803/000095012311075547/,"StockholdersEquity, MinorityInterest 태그 없음"
Illumina,ILMN,2011Q2,2011-07-03,분기말 지배지분 자본,1168304000,USD,공시,https://www.sec.gov/Archives/edgar/data/1110803/000095012311075547/,
Illumina,ILMN,2011Q2,2011-07-01,분기말 종가,76.01,USD,API,https://query1.finance.yahoo.com/v8/finance/chart/ILMN?interval=1d&events=splits (2011-07-01),분할조정 종가 73.9397 × 이후 분할계수 1.028
Illumina,ILMN,2011Q2,2011-07-15,분기말 상장주식수,124339763,주,공시(표지 기준일),https://www.sec.gov/Archives/edgar/data/1110803/000095012311075547/,dei:EntityCommonStockSharesOutstanding 클래스 합
Illumina,ILMN,2011Q2,2011-07-01,분기말 시가총액,9451065386,USD,계산(종가×주식수),https://query1.finance.yahoo.com/v8/finance/chart/ILMN?interval=1d&events=splits (2011-07-01) ; https://www.sec.gov/Archives/edgar/data/1110803/000095012311075547/,종가 76.01 × 주식수 124339763
Illumina,ILMN,2011Q3,2011-10-02,분기별 매출액,235499000,USD,공시,https://www.sec.gov/Archives/edgar/data/1110803/000119312511297764/,
Illumina,ILMN,2011Q3,2011-10-02,분기별 영업이익,36764000,USD,공시,https://www.sec.gov/Archives/edgar/data/1110803/000119312511297764/,
Illumina,ILMN,2011Q3,2011-10-02,분기별 당기순이익(지배),20151000,USD,공시,https://www.sec.gov/Archives/edgar/data/1110803/000119312511297764/,
Illumina,ILMN,2011Q3,2011-10-02,분기별 영업활동현금흐름,90042000,USD,계산(누적차감),https://www.sec.gov/Archives/edgar/data/1110803/000119312511297764/ ; https://www.sec.gov/Archives/edgar/data/1110803/000095012311075547/,누적 249840000 − 직전누적 159798000 (시작 2011-01-03)
Illumina,ILMN,2011Q3,2011-10-02,분기말 자산총계,2147059000,USD,공시,https://www.sec.gov/Archives/edgar/data/1110803/000119312511297764/,
Illumina,ILMN,2011Q3,2011-10-02,분기말 부채총계,1111519000,USD,계산(부채및자본-총자본),https://www.sec.gov/Archives/edgar/data/1110803/000119312511297764/,부채및자본 2147059000 − 총자본 1035540000
Illumina,ILMN,2011Q3,2011-10-02,분기말 총자본(자기자본),1035540000,USD,공시(비지배 없음),https://www.sec.gov/Archives/edgar/data/1110803/000119312511297764/,"StockholdersEquity, MinorityInterest 태그 없음"
Illumina,ILMN,2011Q3,2011-10-02,분기말 지배지분 자본,1035540000,USD,공시,https://www.sec.gov/Archives/edgar/data/1110803/000119312511297764/,
Illumina,ILMN,2011Q3,2011-09-30,분기말 종가,40.92,USD,API,https://query1.finance.yahoo.com/v8/finance/chart/ILMN?interval=1d&events=splits (2011-09-30),분할조정 종가 39.8054 × 이후 분할계수 1.028
Illumina,ILMN,2011Q3,2011-10-15,분기말 상장주식수,121439286,주,공시(표지 기준일),https://www.sec.gov/Archives/edgar/data/1110803/000119312511297764/,dei:EntityCommonStockSharesOutstanding 클래스 합
Illumina,ILMN,2011Q3,2011-09-30,분기말 시가총액,4969295583,USD,계산(종가×주식수),https://query1.finance.yahoo.com/v8/finance/chart/ILMN?interval=1d&events=splits (2011-09-30) ; https://www.sec.gov/Archives/edgar/data/1110803/000119312511297764/,종가 40.92 × 주식수 121439286
Illumina,ILMN,2011Q4,2012-01-01,분기별 매출액,250071000,USD,계산(연간-3분기누적),https://www.sec.gov/Archives/edgar/data/1110803/000111080312000041/ ; https://www.sec.gov/Archives/edgar/data/1110803/000119312511297764/,연간 1055535000 − 9개월누적 805464000 (SalesRevenueNet)
Illumina,ILMN,2011Q4,2012-01-01,분기별 영업이익,27299000,USD,계산(연간-3분기누적),https://www.sec.gov/Archives/edgar/data/1110803/000111080312000041/ ; https://www.sec.gov/Archives/edgar/data/1110803/000119312511297764/,연간 199461000 − 9개월누적 172162000 (OperatingIncomeLoss)
Illumina,ILMN,2011Q4,2012-01-01,분기별 당기순이익(지배),11720000,USD,계산(연간-3분기누적),https://www.sec.gov/Archives/edgar/data/1110803/000111080312000041/ ; https://www.sec.gov/Archives/edgar/data/1110803/000119312511297764/,연간 86628000 − 9개월누적 74908000 (NetIncomeLoss)
Illumina,ILMN,2011Q4,2012-01-01,분기별 영업활동현금흐름,108300000,USD,계산(누적차감),https://www.sec.gov/Archives/edgar/data/1110803/000111080312000041/ ; https://www.sec.gov/Archives/edgar/data/1110803/000119312511297764/,누적 358140000 − 직전누적 249840000 (시작 2011-01-03)
Illumina,ILMN,2011Q4,2012-01-01,분기말 자산총계,2195840000,USD,공시,https://www.sec.gov/Archives/edgar/data/1110803/000111080312000041/,
Illumina,ILMN,2011Q4,2012-01-01,분기말 부채총계,1120625000,USD,계산(부채및자본-총자본),https://www.sec.gov/Archives/edgar/data/1110803/000111080312000041/,부채및자본 2195840000 − 총자본 1075215000
Illumina,ILMN,2011Q4,2012-01-01,분기말 총자본(자기자본),1075215000,USD,공시(비지배 없음),https://www.sec.gov/Archives/edgar/data/1110803/000111080312000041/,"StockholdersEquity, MinorityInterest 태그 없음"
Illumina,ILMN,2011Q4,2012-01-01,분기말 지배지분 자본,1075215000,USD,공시,https://www.sec.gov/Archives/edgar/data/1110803/000111080312000041/,
Illumina,ILMN,2011Q4,2011-12-30,분기말 종가,30.48,USD,API,https://query1.finance.yahoo.com/v8/finance/chart/ILMN?interval=1d&events=splits (2011-12-30),분할조정 종가 29.6498 × 이후 분할계수 1.028
Illumina,ILMN,2011Q4,2012-01-31,분기말 상장주식수,122327021,주,공시(표지 기준일),https://www.sec.gov/Archives/edgar/data/1110803/000111080312000041/,dei:EntityCommonStockSharesOutstanding 클래스 합
Illumina,ILMN,2011Q4,2011-12-30,분기말 시가총액,3728527600,USD,계산(종가×주식수),https://query1.finance.yahoo.com/v8/finance/chart/ILMN?interval=1d&events=splits (2011-12-30) ; https://www.sec.gov/Archives/edgar/data/1110803/000111080312000041/,종가 30.48 × 주식수 122327021
Illumina,ILMN,2012Q1,2012-04-01,분기별 매출액,272770000,USD,공시,https://www.sec.gov/Archives/edgar/data/1110803/000111080312000104/,
Illumina,ILMN,2012Q1,2012-04-01,분기별 영업이익,49612000,USD,공시,https://www.sec.gov/Archives/edgar/data/1110803/000111080312000104/,
Illumina,ILMN,2012Q1,2012-04-01,분기별 당기순이익(지배),26202000,USD,공시,https://www.sec.gov/Archives/edgar/data/1110803/000111080312000104/,
Illumina,ILMN,2012Q1,2012-04-01,분기별 영업활동현금흐름,65440000,USD,공시,https://www.sec.gov/Archives/edgar/data/1110803/000111080312000104/,
Illumina,ILMN,2012Q1,2012-04-01,분기말 자산총계,2301474000,USD,공시,https://www.sec.gov/Archives/edgar/data/1110803/000111080312000104/,
Illumina,ILMN,2012Q1,2012-04-01,분기말 부채총계,1141302000,USD,계산(부채및자본-총자본),https://www.sec.gov/Archives/edgar/data/1110803/000111080312000104/,부채및자본 2301474000 − 총자본 1160172000
Illumina,ILMN,2012Q1,2012-04-01,분기말 총자본(자기자본),1160172000,USD,공시(비지배 없음),https://www.sec.gov/Archives/edgar/data/1110803/000111080312000104/,"StockholdersEquity, MinorityInterest 태그 없음"
Illumina,ILMN,2012Q1,2012-04-01,분기말 지배지분 자본,1160172000,USD,공시,https://www.sec.gov/Archives/edgar/data/1110803/000111080312000104/,
Illumina,ILMN,2012Q1,2012-03-30,분기말 종가,52.61,USD,API,https://query1.finance.yahoo.com/v8/finance/chart/ILMN?interval=1d&events=splits (2012-03-30),분할조정 종가 51.177 × 이후 분할계수 1.028
Illumina,ILMN,2012Q1,2012-04-13,분기말 상장주식수,123448010,주,공시(표지 기준일),https://www.sec.gov/Archives/edgar/data/1110803/000111080312000104/,dei:EntityCommonStockSharesOutstanding 클래스 합
Illumina,ILMN,2012Q1,2012-03-30,분기말 시가총액,6494599806,USD,계산(종가×주식수),https://query1.finance.yahoo.com/v8/finance/chart/ILMN?interval=1d&events=splits (2012-03-30) ; https://www.sec.gov/Archives/edgar/data/1110803/000111080312000104/,종가 52.61 × 주식수 123448010
Illumina,ILMN,2012Q2,2012-07-01,분기별 매출액,280607000,USD,공시,https://www.sec.gov/Archives/edgar/data/1110803/000111080312000126/,
Illumina,ILMN,2012Q2,2012-07-01,분기별 영업이익,42980000,USD,공시,https://www.sec.gov/Archives/edgar/data/1110803/000111080312000126/,
Illumina,ILMN,2012Q2,2012-07-01,분기별 당기순이익(지배),23401000,USD,공시,https://www.sec.gov/Archives/edgar/data/1110803/000111080312000126/,
Illumina,ILMN,2012Q2,2012-07-01,분기별 영업활동현금흐름,96329000,USD,계산(누적차감),https://www.sec.gov/Archives/edgar/data/1110803/000111080312000126/ ; https://www.sec.gov/Archives/edgar/data/1110803/000111080312000104/,누적 161769000 − 직전누적 65440000 (시작 2012-01-02)
Illumina,ILMN,2012Q2,2012-07-01,분기말 자산총계,2348738000,USD,공시,https://www.sec.gov/Archives/edgar/data/1110803/000111080312000126/,
Illumina,ILMN,2012Q2,2012-07-01,분기말 부채총계,1167955000,USD,계산(부채및자본-총자본),https://www.sec.gov/Archives/edgar/data/1110803/000111080312000126/,부채및자본 2348738000 − 총자본 1180783000
Illumina,ILMN,2012Q2,2012-07-01,분기말 총자본(자기자본),1180783000,USD,공시(비지배 없음),https://www.sec.gov/Archives/edgar/data/1110803/000111080312000126/,"StockholdersEquity, MinorityInterest 태그 없음"
Illumina,ILMN,2012Q2,2012-07-01,분기말 지배지분 자본,1180783000,USD,공시,https://www.sec.gov/Archives/edgar/data/1110803/000111080312000126/,
Illumina,ILMN,2012Q2,2012-06-29,분기말 종가,40.39,USD,API,https://query1.finance.yahoo.com/v8/finance/chart/ILMN?interval=1d&events=splits (2012-06-29),분할조정 종가 39.2899 × 이후 분할계수 1.028
Illumina,ILMN,2012Q2,2012-07-13,분기말 상장주식수,122989910,주,공시(표지 기준일),https://www.sec.gov/Archives/edgar/data/1110803/000111080312000126/,dei:EntityCommonStockSharesOutstanding 클래스 합
Illumina,ILMN,2012Q2,2012-06-29,분기말 시가총액,4967562465,USD,계산(종가×주식수),https://query1.finance.yahoo.com/v8/finance/chart/ILMN?interval=1d&events=splits (2012-06-29) ; https://www.sec.gov/Archives/edgar/data/1110803/000111080312000126/,종가 40.39 × 주식수 122989910
Illumina,ILMN,2012Q3,2012-09-30,분기별 매출액,285874000,USD,공시,https://www.sec.gov/Archives/edgar/data/1110803/000111080312000153/,
Illumina,ILMN,2012Q3,2012-09-30,분기별 영업이익,48814000,USD,공시,https://www.sec.gov/Archives/edgar/data/1110803/000111080312000153/,
Illumina,ILMN,2012Q3,2012-09-30,분기별 당기순이익(지배),29748000,USD,공시,https://www.sec.gov/Archives/edgar/data/1110803/000111080312000153/,
Illumina,ILMN,2012Q3,2012-09-30,분기별 영업활동현금흐름,51228000,USD,계산(누적차감),https://www.sec.gov/Archives/edgar/data/1110803/000111080312000153/ ; https://www.sec.gov/Archives/edgar/data/1110803/000111080312000126/,누적 212997000 − 직전누적 161769000 (시작 2012-01-02)
Illumina,ILMN,2012Q3,2012-09-30,분기말 자산총계,2437983000,USD,공시,https://www.sec.gov/Archives/edgar/data/1110803/000111080312000153/,
Illumina,ILMN,2012Q3,2012-09-30,분기말 부채총계,1215769000,USD,계산(부채및자본-총자본),https://www.sec.gov/Archives/edgar/data/1110803/000111080312000153/,부채및자본 2437983000 − 총자본 1222214000
Illumina,ILMN,2012Q3,2012-09-30,분기말 총자본(자기자본),1222214000,USD,공시(비지배 없음),https://www.sec.gov/Archives/edgar/data/1110803/000111080312000153/,"StockholdersEquity, MinorityInterest 태그 없음"
Illumina,ILMN,2012Q3,2012-09-30,분기말 지배지분 자본,1222214000,USD,공시,https://www.sec.gov/Archives/edgar/data/1110803/000111080312000153/,
Illumina,ILMN,2012Q3,2012-09-28,분기말 종가,48.19,USD,API,https://query1.finance.yahoo.com/v8/finance/chart/ILMN?interval=1d&events=splits (2012-09-28),분할조정 종가 46.8774 × 이후 분할계수 1.028
Illumina,ILMN,2012Q3,2012-10-12,분기말 상장주식수,123383865,주,공시(표지 기준일),https://www.sec.gov/Archives/edgar/data/1110803/000111080312000153/,dei:EntityCommonStockSharesOutstanding 클래스 합
Illumina,ILMN,2012Q3,2012-09-28,분기말 시가총액,5945868454,USD,계산(종가×주식수),https://query1.finance.yahoo.com/v8/finance/chart/ILMN?interval=1d&events=splits (2012-09-28) ; https://www.sec.gov/Archives/edgar/data/1110803/000111080312000153/,종가 48.19 × 주식수 123383865
Illumina,ILMN,2012Q4,2012-12-30,분기별 매출액,309265000,USD,계산(연간-3분기누적),https://www.sec.gov/Archives/edgar/data/1110803/000111080313000095/ ; https://www.sec.gov/Archives/edgar/data/1110803/000111080312000153/,연간 1148516000 − 9개월누적 839251000 (SalesRevenueNet)
Illumina,ILMN,2012Q4,2012-12-30,분기별 영업이익,59346000,USD,계산(연간-3분기누적),https://www.sec.gov/Archives/edgar/data/1110803/000111080313000095/ ; https://www.sec.gov/Archives/edgar/data/1110803/000111080312000153/,연간 200752000 − 9개월누적 141406000 (OperatingIncomeLoss)
Illumina,ILMN,2012Q4,2012-12-30,분기별 당기순이익(지배),71903000,USD,계산(연간-3분기누적),https://www.sec.gov/Archives/edgar/data/1110803/000111080313000095/ ; https://www.sec.gov/Archives/edgar/data/1110803/000111080312000153/,연간 151254000 − 9개월누적 79351000 (NetIncomeLoss)
Illumina,ILMN,2012Q4,2012-12-30,분기별 영업활동현금흐름,78876000,USD,계산(누적차감),https://www.sec.gov/Archives/edgar/data/1110803/000111080313000095/ ; https://www.sec.gov/Archives/edgar/data/1110803/000111080312000153/,누적 291873000 − 직전누적 212997000 (시작 2012-01-02)
Illumina,ILMN,2012Q4,2012-12-30,분기말 자산총계,2566085000,USD,공시,https://www.sec.gov/Archives/edgar/data/1110803/000111080313000095/,
Illumina,ILMN,2012Q4,2012-12-30,분기말 부채총계,1247504000,USD,계산(부채및자본-총자본),https://www.sec.gov/Archives/edgar/data/1110803/000111080313000095/,부채및자본 2566085000 − 총자본 1318581000
Illumina,ILMN,2012Q4,2012-12-30,분기말 총자본(자기자본),1318581000,USD,공시(비지배 없음),https://www.sec.gov/Archives/edgar/data/1110803/000111080313000095/,"StockholdersEquity, MinorityInterest 태그 없음"
Illumina,ILMN,2012Q4,2012-12-30,분기말 지배지분 자본,1318581000,USD,공시,https://www.sec.gov/Archives/edgar/data/1110803/000111080313000095/,
Illumina,ILMN,2012Q4,2012-12-28,분기말 종가,54.75,USD,API,https://query1.finance.yahoo.com/v8/finance/chart/ILMN?interval=1d&events=splits (2012-12-28),분할조정 종가 53.2588 × 이후 분할계수 1.028
Illumina,ILMN,2012Q4,2013-01-31,분기말 상장주식수,124040754,주,공시(표지 기준일),https://www.sec.gov/Archives/edgar/data/1110803/000111080313000095/,dei:EntityCommonStockSharesOutstanding 클래스 합
Illumina,ILMN,2012Q4,2012-12-28,분기말 시가총액,6791231282,USD,계산(종가×주식수),https://query1.finance.yahoo.com/v8/finance/chart/ILMN?interval=1d&events=splits (2012-12-28) ; https://www.sec.gov/Archives/edgar/data/1110803/000111080313000095/,종가 54.75 × 주식수 124040754
Illumina,ILMN,2013Q1,2013-03-31,분기별 매출액,330958000,USD,공시,https://www.sec.gov/Archives/edgar/data/1110803/000111080313000180/,
Illumina,ILMN,2013Q1,2013-03-31,분기별 영업이익,-45147000,USD,공시,https://www.sec.gov/Archives/edgar/data/1110803/000111080313000180/,
Illumina,ILMN,2013Q1,2013-03-31,분기별 당기순이익(지배),-22587000,USD,공시,https://www.sec.gov/Archives/edgar/data/1110803/000111080313000180/,
Illumina,ILMN,2013Q1,2013-03-31,분기별 영업활동현금흐름,87840000,USD,공시,https://www.sec.gov/Archives/edgar/data/1110803/000111080313000180/,
Illumina,ILMN,2013Q1,2013-03-31,분기말 자산총계,2744188000,USD,공시,https://www.sec.gov/Archives/edgar/data/1110803/000111080313000180/,
Illumina,ILMN,2013Q1,2013-03-31,분기말 부채총계,1432361000,USD,계산(부채및자본-총자본),https://www.sec.gov/Archives/edgar/data/1110803/000111080313000180/,부채및자본 2744188000 − 총자본 1311827000
Illumina,ILMN,2013Q1,2013-03-31,분기말 총자본(자기자본),1311827000,USD,공시(비지배 없음),https://www.sec.gov/Archives/edgar/data/1110803/000111080313000180/,"StockholdersEquity, MinorityInterest 태그 없음"
Illumina,ILMN,2013Q1,2013-03-31,분기말 지배지분 자본,1311827000,USD,공시,https://www.sec.gov/Archives/edgar/data/1110803/000111080313000180/,
Illumina,ILMN,2013Q1,2013-03-28,분기말 종가,54.0,USD,API,https://query1.finance.yahoo.com/v8/finance/chart/ILMN?interval=1d&events=splits (2013-03-28),분할조정 종가 52.5292 × 이후 분할계수 1.028
Illumina,ILMN,2013Q1,2013-04-12,분기말 상장주식수,124378537,주,공시(표지 기준일),https://www.sec.gov/Archives/edgar/data/1110803/000111080313000180/,dei:EntityCommonStockSharesOutstanding 클래스 합
Illumina,ILMN,2013Q1,2013-03-28,분기말 시가총액,6716440998,USD,계산(종가×주식수),https://query1.finance.yahoo.com/v8/finance/chart/ILMN?interval=1d&events=splits (2013-03-28) ; https://www.sec.gov/Archives/edgar/data/1110803/000111080313000180/,종가 54.0 × 주식수 124378537
Illumina,ILMN,2013Q2,2013-06-30,분기별 매출액,346094000,USD,공시,https://www.sec.gov/Archives/edgar/data/1110803/000111080313000282/,
Illumina,ILMN,2013Q2,2013-06-30,분기별 영업이익,60006000,USD,공시,https://www.sec.gov/Archives/edgar/data/1110803/000111080313000282/,
Illumina,ILMN,2013Q2,2013-06-30,분기별 당기순이익(지배),35877000,USD,공시,https://www.sec.gov/Archives/edgar/data/1110803/000111080313000282/,
Illumina,ILMN,2013Q2,2013-06-30,분기별 영업활동현금흐름,88606000,USD,계산(누적차감),https://www.sec.gov/Archives/edgar/data/1110803/000111080313000282/ ; https://www.sec.gov/Archives/edgar/data/1110803/000111080313000180/,누적 176446000 − 직전누적 87840000 (시작 2012-12-31)
Illumina,ILMN,2013Q2,2013-06-30,분기말 자산총계,2823202000,USD,공시,https://www.sec.gov/Archives/edgar/data/1110803/000111080313000282/,
Illumina,ILMN,2013Q2,2013-06-30,분기말 부채총계,1434610000,USD,계산(부채및자본-총자본),https://www.sec.gov/Archives/edgar/data/1110803/000111080313000282/,부채및자본 2823202000 − 총자본 1388592000
Illumina,ILMN,2013Q2,2013-06-30,분기말 총자본(자기자본),1388592000,USD,공시(비지배 없음),https://www.sec.gov/Archives/edgar/data/1110803/000111080313000282/,"StockholdersEquity, MinorityInterest 태그 없음"
Illumina,ILMN,2013Q2,2013-06-30,분기말 지배지분 자본,1388592000,USD,공시,https://www.sec.gov/Archives/edgar/data/1110803/000111080313000282/,
Illumina,ILMN,2013Q2,2013-06-28,분기말 종가,74.84,USD,API,https://query1.finance.yahoo.com/v8/finance/chart/ILMN?interval=1d&events=splits (2013-06-28),분할조정 종가 72.8016 × 이후 분할계수 1.028
Illumina,ILMN,2013Q2,2013-07-10,분기말 상장주식수,125120781,주,공시(표지 기준일),https://www.sec.gov/Archives/edgar/data/1110803/000111080313000282/,dei:EntityCommonStockSharesOutstanding 클래스 합
Illumina,ILMN,2013Q2,2013-06-28,분기말 시가총액,9364039250,USD,계산(종가×주식수),https://query1.finance.yahoo.com/v8/finance/chart/ILMN?interval=1d&events=splits (2013-06-28) ; https://www.sec.gov/Archives/edgar/data/1110803/000111080313000282/,종가 74.84 × 주식수 125120781
Illumina,ILMN,2013Q3,2013-09-29,분기별 매출액,356800000,USD,공시,https://www.sec.gov/Archives/edgar/data/1110803/000111080313000364/,
Illumina,ILMN,2013Q3,2013-09-29,분기별 영업이익,45464000,USD,공시,https://www.sec.gov/Archives/edgar/data/1110803/000111080313000364/,
Illumina,ILMN,2013Q3,2013-09-29,분기별 당기순이익(지배),31357000,USD,공시,https://www.sec.gov/Archives/edgar/data/1110803/000111080313000364/,
Illumina,ILMN,2013Q3,2013-09-29,분기별 영업활동현금흐름,83136000,USD,계산(누적차감),https://www.sec.gov/Archives/edgar/data/1110803/000111080313000364/ ; https://www.sec.gov/Archives/edgar/data/1110803/000111080313000282/,누적 259582000 − 직전누적 176446000 (시작 2012-12-31)
Illumina,ILMN,2013Q3,2013-09-29,분기말 자산총계,2817696000,USD,공시,https://www.sec.gov/Archives/edgar/data/1110803/000111080313000364/,
Illumina,ILMN,2013Q3,2013-09-29,분기말 부채총계,1443232000,USD,계산(부채및자본-총자본),https://www.sec.gov/Archives/edgar/data/1110803/000111080313000364/,부채및자본 2817696000 − 총자본 1374464000
Illumina,ILMN,2013Q3,2013-09-29,분기말 총자본(자기자본),1374464000,USD,공시(비지배 없음),https://www.sec.gov/Archives/edgar/data/1110803/000111080313000364/,"StockholdersEquity, MinorityInterest 태그 없음"
Illumina,ILMN,2013Q3,2013-09-29,분기말 지배지분 자본,1374464000,USD,공시,https://www.sec.gov/Archives/edgar/data/1110803/000111080313000364/,
Illumina,ILMN,2013Q3,2013-09-27,분기말 종가,81.01,USD,API,https://query1.finance.yahoo.com/v8/finance/chart/ILMN?interval=1d&events=splits (2013-09-27),분할조정 종가 78.8035 × 이후 분할계수 1.028
Illumina,ILMN,2013Q3,2013-10-09,분기말 상장주식수,126396050,주,공시(표지 기준일),https://www.sec.gov/Archives/edgar/data/1110803/000111080313000364/,dei:EntityCommonStockSharesOutstanding 클래스 합
Illumina,ILMN,2013Q3,2013-09-27,분기말 시가총액,10239344010,USD,계산(종가×주식수),https://query1.finance.yahoo.com/v8/finance/chart/ILMN?interval=1d&events=splits (2013-09-27) ; https://www.sec.gov/Archives/edgar/data/1110803/000111080313000364/,종가 81.01 × 주식수 126396050
Illumina,ILMN,2013Q4,2013-12-29,분기별 매출액,387326000,USD,계산(연간-3분기누적),https://www.sec.gov/Archives/edgar/data/1110803/000111080314000087/ ; https://www.sec.gov/Archives/edgar/data/1110803/000111080313000364/,연간 1421178000 − 9개월누적 1033852000 (SalesRevenueNet)
Illumina,ILMN,2013Q4,2013-12-29,분기별 영업이익,73784000,USD,계산(연간-3분기누적),https://www.sec.gov/Archives/edgar/data/1110803/000111080314000087/ ; https://www.sec.gov/Archives/edgar/data/1110803/000111080313000364/,연간 134107000 − 9개월누적 60323000 (OperatingIncomeLoss)
Illumina,ILMN,2013Q4,2013-12-29,분기별 당기순이익(지배),80661000,USD,계산(연간-3분기누적),https://www.sec.gov/Archives/edgar/data/1110803/000111080314000087/ ; https://www.sec.gov/Archives/edgar/data/1110803/000111080313000364/,연간 125308000 − 9개월누적 44647000 (NetIncomeLoss)
Illumina,ILMN,2013Q4,2013-12-29,분기별 영업활동현금흐름,126839000,USD,계산(누적차감),https://www.sec.gov/Archives/edgar/data/1110803/000111080314000087/ ; https://www.sec.gov/Archives/edgar/data/1110803/000111080313000364/,누적 386421000 − 직전누적 259582000 (시작 2012-12-31)
Illumina,ILMN,2013Q4,2013-12-29,분기말 자산총계,3019006000,USD,공시,https://www.sec.gov/Archives/edgar/data/1110803/000111080314000087/,
Illumina,ILMN,2013Q4,2013-12-29,분기말 부채총계,1485804000,USD,계산(부채및자본-총자본),https://www.sec.gov/Archives/edgar/data/1110803/000111080314000087/,부채및자본 3019006000 − 총자본 1533202000
Illumina,ILMN,2013Q4,2013-12-29,분기말 총자본(자기자본),1533202000,USD,공시(비지배 없음),https://www.sec.gov/Archives/edgar/data/1110803/000111080314000087/,"StockholdersEquity, MinorityInterest 태그 없음"
Illumina,ILMN,2013Q4,2013-12-29,분기말 지배지분 자본,1533202000,USD,공시,https://www.sec.gov/Archives/edgar/data/1110803/000111080314000087/,
Illumina,ILMN,2013Q4,2013-12-27,분기말 종가,110.38,USD,API,https://query1.finance.yahoo.com/v8/finance/chart/ILMN?interval=1d&events=splits (2013-12-27),분할조정 종가 107.3735 × 이후 분할계수 1.028
Illumina,ILMN,2013Q4,2014-01-31,분기말 상장주식수,128200000,주,공시(표지 기준일),https://www.sec.gov/Archives/edgar/data/1110803/000111080314000087/,dei:EntityCommonStockSharesOutstanding 클래스 합
Illumina,ILMN,2013Q4,2013-12-27,분기말 시가총액,14150716000,USD,계산(종가×주식수),https://query1.finance.yahoo.com/v8/finance/chart/ILMN?interval=1d&events=splits (2013-12-27) ; https://www.sec.gov/Archives/edgar/data/1110803/000111080314000087/,종가 110.38 × 주식수 128200000
Illumina,ILMN,2014Q1,2014-03-30,분기별 매출액,420781000,USD,공시,https://www.sec.gov/Archives/edgar/data/1110803/000111080314000165/,
Illumina,ILMN,2014Q1,2014-03-30,분기별 영업이익,92096000,USD,공시,https://www.sec.gov/Archives/edgar/data/1110803/000111080314000165/,
Illumina,ILMN,2014Q1,2014-03-30,분기별 당기순이익(지배),59977000,USD,공시,https://www.sec.gov/Archives/edgar/data/1110803/000111080314000165/,
Illumina,ILMN,2014Q1,2014-03-30,분기별 영업활동현금흐름,37087000,USD,공시,https://www.sec.gov/Archives/edgar/data/1110803/000111080314000165/,
Illumina,ILMN,2014Q1,2014-03-30,분기말 자산총계,3053570000,USD,공시,https://www.sec.gov/Archives/edgar/data/1110803/000111080314000165/,
Illumina,ILMN,2014Q1,2014-03-30,분기말 부채총계,1479957000,USD,계산(부채및자본-총자본),https://www.sec.gov/Archives/edgar/data/1110803/000111080314000165/,부채및자본 3053570000 − 총자본 1573613000
Illumina,ILMN,2014Q1,2014-03-30,분기말 총자본(자기자본),1573613000,USD,공시(비지배 없음),https://www.sec.gov/Archives/edgar/data/1110803/000111080314000165/,"StockholdersEquity, MinorityInterest 태그 없음"
Illumina,ILMN,2014Q1,2014-03-30,분기말 지배지분 자본,1573613000,USD,공시,https://www.sec.gov/Archives/edgar/data/1110803/000111080314000165/,
Illumina,ILMN,2014Q1,2014-03-28,분기말 종가,142.02,USD,API,https://query1.finance.yahoo.com/v8/finance/chart/ILMN?interval=1d&events=splits (2014-03-28),분할조정 종가 138.1517 × 이후 분할계수 1.028
Illumina,ILMN,2014Q1,2014-04-11,분기말 상장주식수,128400000,주,공시(표지 기준일),https://www.sec.gov/Archives/edgar/data/1110803/000111080314000165/,dei:EntityCommonStockSharesOutstanding 클래스 합
Illumina,ILMN,2014Q1,2014-03-28,분기말 시가총액,18235368000,USD,계산(종가×주식수),https://query1.finance.yahoo.com/v8/finance/chart/ILMN?interval=1d&events=splits (2014-03-28) ; https://www.sec.gov/Archives/edgar/data/1110803/000111080314000165/,종가 142.02 × 주식수 128400000
Illumina,ILMN,2014Q2,2014-06-29,분기별 매출액,447568000,USD,공시,https://www.sec.gov/Archives/edgar/data/1110803/000111080314000266/,
Illumina,ILMN,2014Q2,2014-06-29,분기별 영업이익,100239000,USD,공시,https://www.sec.gov/Archives/edgar/data/1110803/000111080314000266/,
Illumina,ILMN,2014Q2,2014-06-29,분기별 당기순이익(지배),46605000,USD,공시,https://www.sec.gov/Archives/edgar/data/1110803/000111080314000266/,
Illumina,ILMN,2014Q2,2014-06-29,분기별 영업활동현금흐름,178030000,USD,계산(누적차감),https://www.sec.gov/Archives/edgar/data/1110803/000111080314000266/ ; https://www.sec.gov/Archives/edgar/data/1110803/000111080314000165/,누적 215117000 − 직전누적 37087000 (시작 2013-12-30)
Illumina,ILMN,2014Q2,2014-06-29,분기말 자산총계,3035055000,USD,공시,https://www.sec.gov/Archives/edgar/data/1110803/000111080314000266/,
Illumina,ILMN,2014Q2,2014-06-29,분기말 부채총계,1954619000,USD,계산(부채및자본-총자본),https://www.sec.gov/Archives/edgar/data/1110803/000111080314000266/,부채및자본 3035055000 − 총자본 1080436000
Illumina,ILMN,2014Q2,2014-06-29,분기말 총자본(자기자본),1080436000,USD,공시(비지배 없음),https://www.sec.gov/Archives/edgar/data/1110803/000111080314000266/,"StockholdersEquity, MinorityInterest 태그 없음"
Illumina,ILMN,2014Q2,2014-06-29,분기말 지배지분 자본,1080436000,USD,공시,https://www.sec.gov/Archives/edgar/data/1110803/000111080314000266/,
Illumina,ILMN,2014Q2,2014-06-27,분기말 종가,172.7,USD,API,https://query1.finance.yahoo.com/v8/finance/chart/ILMN?interval=1d&events=splits (2014-06-27),분할조정 종가 167.9961 × 이후 분할계수 1.028
Illumina,ILMN,2014Q2,2014-07-10,분기말 상장주식수,139400000,주,공시(표지 기준일),https://www.sec.gov/Archives/edgar/data/1110803/000111080314000266/,dei:EntityCommonStockSharesOutstanding 클래스 합
Illumina,ILMN,2014Q2,2014-06-27,분기말 시가총액,24074380000,USD,계산(종가×주식수),https://query1.finance.yahoo.com/v8/finance/chart/ILMN?interval=1d&events=splits (2014-06-27) ; https://www.sec.gov/Archives/edgar/data/1110803/000111080314000266/,종가 172.7 × 주식수 139400000
Illumina,ILMN,2014Q3,2014-09-28,분기별 매출액,480630000,USD,공시,https://www.sec.gov/Archives/edgar/data/1110803/000111080314000363/,
Illumina,ILMN,2014Q3,2014-09-28,분기별 영업이익,119493000,USD,공시,https://www.sec.gov/Archives/edgar/data/1110803/000111080314000363/,
Illumina,ILMN,2014Q3,2014-09-28,분기별 당기순이익(지배),93489000,USD,공시,https://www.sec.gov/Archives/edgar/data/1110803/000111080314000363/,
Illumina,ILMN,2014Q3,2014-09-28,분기별 영업활동현금흐름,145605000,USD,계산(누적차감),https://www.sec.gov/Archives/edgar/data/1110803/000111080314000363/ ; https://www.sec.gov/Archives/edgar/data/1110803/000111080314000266/,누적 360722000 − 직전누적 215117000 (시작 2013-12-30)
Illumina,ILMN,2014Q3,2014-09-28,분기말 자산총계,3278206000,USD,공시,https://www.sec.gov/Archives/edgar/data/1110803/000111080314000363/,
Illumina,ILMN,2014Q3,2014-09-28,분기말 부채총계,2003893000,USD,계산(부채및자본-총자본),https://www.sec.gov/Archives/edgar/data/1110803/000111080314000363/,부채및자본 3278206000 − 총자본 1274313000
Illumina,ILMN,2014Q3,2014-09-28,분기말 총자본(자기자본),1274313000,USD,공시(비지배 없음),https://www.sec.gov/Archives/edgar/data/1110803/000111080314000363/,"StockholdersEquity, MinorityInterest 태그 없음"
Illumina,ILMN,2014Q3,2014-09-28,분기말 지배지분 자본,1274313000,USD,공시,https://www.sec.gov/Archives/edgar/data/1110803/000111080314000363/,
Illumina,ILMN,2014Q3,2014-09-26,분기말 종가,165.44,USD,API,https://query1.finance.yahoo.com/v8/finance/chart/ILMN?interval=1d&events=splits (2014-09-26),분할조정 종가 160.9339 × 이후 분할계수 1.028
Illumina,ILMN,2014Q3,2014-10-08,분기말 상장주식수,142000000,주,공시(표지 기준일),https://www.sec.gov/Archives/edgar/data/1110803/000111080314000363/,dei:EntityCommonStockSharesOutstanding 클래스 합
Illumina,ILMN,2014Q3,2014-09-26,분기말 시가총액,23492480000,USD,계산(종가×주식수),https://query1.finance.yahoo.com/v8/finance/chart/ILMN?interval=1d&events=splits (2014-09-26) ; https://www.sec.gov/Archives/edgar/data/1110803/000111080314000363/,종가 165.44 × 주식수 142000000
Illumina,ILMN,2014Q4,2014-12-28,분기별 매출액,512379000,USD,계산(연간-3분기누적),https://www.sec.gov/Archives/edgar/data/1110803/000111080315000064/ ; https://www.sec.gov/Archives/edgar/data/1110803/000111080314000363/,연간 1861358000 − 9개월누적 1348979000 (SalesRevenueNet)
Illumina,ILMN,2014Q4,2014-12-28,분기별 영업이익,202883000,USD,계산(연간-3분기누적),https://www.sec.gov/Archives/edgar/data/1110803/000111080315000064/ ; https://www.sec.gov/Archives/edgar/data/1110803/000111080314000363/,연간 514711000 − 9개월누적 311828000 (OperatingIncomeLoss)
Illumina,ILMN,2014Q4,2014-12-28,분기별 당기순이익(지배),153280000,USD,계산(연간-3분기누적),https://www.sec.gov/Archives/edgar/data/1110803/000111080315000064/ ; https://www.sec.gov/Archives/edgar/data/1110803/000111080314000363/,연간 353351000 − 9개월누적 200071000 (NetIncomeLoss)
Illumina,ILMN,2014Q4,2014-12-28,분기별 영업활동현금흐름,140549000,USD,계산(누적차감),https://www.sec.gov/Archives/edgar/data/1110803/000111080315000064/ ; https://www.sec.gov/Archives/edgar/data/1110803/000111080314000363/,누적 501271000 − 직전누적 360722000 (시작 2013-12-30)
Illumina,ILMN,2014Q4,2014-12-28,분기말 자산총계,3339640000,USD,공시,https://www.sec.gov/Archives/edgar/data/1110803/000111080315000064/,
Illumina,ILMN,2014Q4,2014-12-28,분기말 부채총계,1876842000,USD,계산(부채및자본-총자본),https://www.sec.gov/Archives/edgar/data/1110803/000111080315000064/,부채및자본 3339640000 − 총자본 1462798000
Illumina,ILMN,2014Q4,2014-12-28,분기말 총자본(자기자본),1462798000,USD,공시(비지배 없음),https://www.sec.gov/Archives/edgar/data/1110803/000111080315000064/,"StockholdersEquity, MinorityInterest 태그 없음"
Illumina,ILMN,2014Q4,2014-12-28,분기말 지배지분 자본,1462798000,USD,공시,https://www.sec.gov/Archives/edgar/data/1110803/000111080315000064/,
Illumina,ILMN,2014Q4,2014-12-26,분기말 종가,188.2,USD,API,https://query1.finance.yahoo.com/v8/finance/chart/ILMN?interval=1d&events=splits (2014-12-26),분할조정 종가 183.0739 × 이후 분할계수 1.028
Illumina,ILMN,2014Q4,2015-01-30,분기말 상장주식수,143800000,주,공시(표지 기준일),https://www.sec.gov/Archives/edgar/data/1110803/000111080315000064/,dei:EntityCommonStockSharesOutstanding 클래스 합
Illumina,ILMN,2014Q4,2014-12-26,분기말 시가총액,27063160000,USD,계산(종가×주식수),https://query1.finance.yahoo.com/v8/finance/chart/ILMN?interval=1d&events=splits (2014-12-26) ; https://www.sec.gov/Archives/edgar/data/1110803/000111080315000064/,종가 188.2 × 주식수 143800000
Illumina,ILMN,2015Q1,2015-03-29,분기별 매출액,538565000,USD,공시,https://www.sec.gov/Archives/edgar/data/1110803/000111080315000116/,
Illumina,ILMN,2015Q1,2015-03-29,분기별 영업이익,176126000,USD,공시,https://www.sec.gov/Archives/edgar/data/1110803/000111080315000116/,
Illumina,ILMN,2015Q1,2015-03-29,분기별 당기순이익(지배),136658000,USD,공시,https://www.sec.gov/Archives/edgar/data/1110803/000111080315000116/,
Illumina,ILMN,2015Q1,2015-03-29,분기별 영업활동현금흐름,66779000,USD,공시,https://www.sec.gov/Archives/edgar/data/1110803/000111080315000116/,
Illumina,ILMN,2015Q1,2015-03-29,분기말 자산총계,3499093000,USD,공시,https://www.sec.gov/Archives/edgar/data/1110803/000111080315000116/,
Illumina,ILMN,2015Q1,2015-03-29,분기말 부채총계,1875767000,USD,계산(부채및자본-총자본),https://www.sec.gov/Archives/edgar/data/1110803/000111080315000116/,부채및자본 3499093000 − 총자본 1623326000
Illumina,ILMN,2015Q1,2015-03-29,분기말 총자본(자기자본),1623326000,USD,공시(비지배 없음),https://www.sec.gov/Archives/edgar/data/1110803/000111080315000116/,"StockholdersEquity, MinorityInterest 태그 없음"
Illumina,ILMN,2015Q1,2015-03-29,분기말 지배지분 자본,1623326000,USD,공시,https://www.sec.gov/Archives/edgar/data/1110803/000111080315000116/,
Illumina,ILMN,2015Q1,2015-03-27,분기말 종가,187.17,USD,API,https://query1.finance.yahoo.com/v8/finance/chart/ILMN?interval=1d&events=splits (2015-03-27),분할조정 종가 182.072 × 이후 분할계수 1.028
Illumina,ILMN,2015Q1,2015-04-10,분기말 상장주식수,144100000,주,공시(표지 기준일),https://www.sec.gov/Archives/edgar/data/1110803/000111080315000116/,dei:EntityCommonStockSharesOutstanding 클래스 합
Illumina,ILMN,2015Q1,2015-03-27,분기말 시가총액,26971197000,USD,계산(종가×주식수),https://query1.finance.yahoo.com/v8/finance/chart/ILMN?interval=1d&events=splits (2015-03-27) ; https://www.sec.gov/Archives/edgar/data/1110803/000111080315000116/,종가 187.17 × 주식수 144100000
Illumina,ILMN,2015Q2,2015-06-28,분기별 매출액,539378000,USD,공시,https://www.sec.gov/Archives/edgar/data/1110803/000111080315000140/,
Illumina,ILMN,2015Q2,2015-06-28,분기별 영업이익,151933000,USD,공시,https://www.sec.gov/Archives/edgar/data/1110803/000111080315000140/,
Illumina,ILMN,2015Q2,2015-06-28,분기별 당기순이익(지배),102247000,USD,공시,https://www.sec.gov/Archives/edgar/data/1110803/000111080315000140/,
Illumina,ILMN,2015Q2,2015-06-28,분기별 영업활동현금흐름,171445000,USD,계산(누적차감),https://www.sec.gov/Archives/edgar/data/1110803/000111080315000140/ ; https://www.sec.gov/Archives/edgar/data/1110803/000111080315000116/,누적 238224000 − 직전누적 66779000 (시작 2014-12-29)
Illumina,ILMN,2015Q2,2015-06-28,분기말 자산총계,3703125000,USD,공시,https://www.sec.gov/Archives/edgar/data/1110803/000111080315000140/,
Illumina,ILMN,2015Q2,2015-06-28,분기말 부채총계,1909213000,USD,계산(부채및자본-총자본),https://www.sec.gov/Archives/edgar/data/1110803/000111080315000140/,부채및자본 3703125000 − 총자본 1793912000
Illumina,ILMN,2015Q2,2015-06-28,분기말 총자본(자기자본),1793912000,USD,공시(비지배 없음),https://www.sec.gov/Archives/edgar/data/1110803/000111080315000140/,"StockholdersEquity, MinorityInterest 태그 없음"
Illumina,ILMN,2015Q2,2015-06-28,분기말 지배지분 자본,1793912000,USD,공시,https://www.sec.gov/Archives/edgar/data/1110803/000111080315000140/,
Illumina,ILMN,2015Q2,2015-06-26,분기말 종가,218.06,USD,API,https://query1.finance.yahoo.com/v8/finance/chart/ILMN?interval=1d&events=splits (2015-06-26),분할조정 종가 212.1206 × 이후 분할계수 1.028
Illumina,ILMN,2015Q2,2015-07-09,분기말 상장주식수,144700000,주,공시(표지 기준일),https://www.sec.gov/Archives/edgar/data/1110803/000111080315000140/,dei:EntityCommonStockSharesOutstanding 클래스 합
Illumina,ILMN,2015Q2,2015-06-26,분기말 시가총액,31553282000,USD,계산(종가×주식수),https://query1.finance.yahoo.com/v8/finance/chart/ILMN?interval=1d&events=splits (2015-06-26) ; https://www.sec.gov/Archives/edgar/data/1110803/000111080315000140/,종가 218.06 × 주식수 144700000
Illumina,ILMN,2015Q3,2015-09-27,분기별 매출액,550271000,USD,공시,https://www.sec.gov/Archives/edgar/data/1110803/000111080315000157/,
Illumina,ILMN,2015Q3,2015-09-27,분기별 영업이익,140782000,USD,공시,https://www.sec.gov/Archives/edgar/data/1110803/000111080315000157/,
Illumina,ILMN,2015Q3,2015-09-27,분기별 당기순이익(지배),118177000,USD,공시,https://www.sec.gov/Archives/edgar/data/1110803/000111080315000157/,
Illumina,ILMN,2015Q3,2015-09-27,분기별 영업활동현금흐름,180994000,USD,계산(누적차감),https://www.sec.gov/Archives/edgar/data/1110803/000111080315000157/ ; https://www.sec.gov/Archives/edgar/data/1110803/000111080315000140/,누적 419218000 − 직전누적 238224000 (시작 2014-12-29)
Illumina,ILMN,2015Q3,2015-09-27,분기말 자산총계,3733548000,USD,공시,https://www.sec.gov/Archives/edgar/data/1110803/000111080315000157/,
Illumina,ILMN,2015Q3,2015-09-27,분기말 부채총계,1764853000,USD,계산(부채및자본-총자본),https://www.sec.gov/Archives/edgar/data/1110803/000111080315000157/,부채및자본 3733548000 − 총자본 1936567000 − 메자닌 32128000 ; 메자닌(일시자본) 32128000 별도
Illumina,ILMN,2015Q3,2015-09-27,분기말 총자본(자기자본),1936567000,USD,공시,https://www.sec.gov/Archives/edgar/data/1110803/000111080315000157/,
Illumina,ILMN,2015Q3,2015-09-27,분기말 지배지분 자본,1936567000,USD,공시(비지배 없음),https://www.sec.gov/Archives/edgar/data/1110803/000111080315000157/,"StockholdersEquityIncludingPortionAttributableToNoncontrollingInterest, MinorityInterest 태그 없음"
Illumina,ILMN,2015Q3,2015-09-25,분기말 종가,175.54,USD,API,https://query1.finance.yahoo.com/v8/finance/chart/ILMN?interval=1d&events=splits (2015-09-25),분할조정 종가 170.7588 × 이후 분할계수 1.028
Illumina,ILMN,2015Q3,2015-10-08,분기말 상장주식수,146400000,주,공시(표지 기준일),https://www.sec.gov/Archives/edgar/data/1110803/000111080315000157/,dei:EntityCommonStockSharesOutstanding 클래스 합
Illumina,ILMN,2015Q3,2015-09-25,분기말 시가총액,25699056000,USD,계산(종가×주식수),https://query1.finance.yahoo.com/v8/finance/chart/ILMN?interval=1d&events=splits (2015-09-25) ; https://www.sec.gov/Archives/edgar/data/1110803/000111080315000157/,종가 175.54 × 주식수 146400000
Illumina,ILMN,2015Q4,2016-01-03,분기별 매출액,591548000,USD,계산(연간-3분기누적),https://www.sec.gov/Archives/edgar/data/1110803/000111080316000175/ ; https://www.sec.gov/Archives/edgar/data/1110803/000111080315000157/,연간 2219762000 − 9개월누적 1628214000 (SalesRevenueNet)
Illumina,ILMN,2015Q4,2016-01-03,분기별 영업이익,144000000,USD,계산(연간-3분기누적),https://www.sec.gov/Archives/edgar/data/1110803/000111080316000175/ ; https://www.sec.gov/Archives/edgar/data/1110803/000111080315000157/,연간 612841000 − 9개월누적 468841000 (OperatingIncomeLoss)
Illumina,ILMN,2015Q4,2016-01-03,분기별 당기순이익(지배),104477000,USD,계산(연간-3분기누적),https://www.sec.gov/Archives/edgar/data/1110803/000111080316000175/ ; https://www.sec.gov/Archives/edgar/data/1110803/000111080315000157/,연간 461559000 − 9개월누적 357082000 (NetIncomeLoss)
Illumina,ILMN,2015Q4,2016-01-03,분기별 영업활동현금흐름,366782000,USD,계산(누적차감)(재작성 반영),https://www.sec.gov/Archives/edgar/data/1110803/000111080318000009/ ; https://www.sec.gov/Archives/edgar/data/1110803/000111080315000157/,누적 786000000 − 직전누적 419218000 (시작 2014-12-29) ; 원 공시 240378000 (https://www.sec.gov/Archives/edgar/data/1110803/000111080316000175/ ; https://www.sec.gov/Archives/edgar/data/1110803/000111080315000157/)
Illumina,ILMN,2015Q4,2016-01-03,분기말 자산총계,3687747000,USD,공시,https://www.sec.gov/Archives/edgar/data/1110803/000111080316000175/,
Illumina,ILMN,2015Q4,2016-01-03,분기말 부채총계,1806648000,USD,계산(부채및자본-총자본),https://www.sec.gov/Archives/edgar/data/1110803/000111080316000175/,부채및자본 3687747000 − 총자본 1848553000 − 메자닌 32546000 ; 메자닌(일시자본) 32546000 별도
Illumina,ILMN,2015Q4,2016-01-03,분기말 총자본(자기자본),1848553000,USD,공시,https://www.sec.gov/Archives/edgar/data/1110803/000111080316000175/,
Illumina,ILMN,2015Q4,2016-01-03,분기말 지배지분 자본,1848553000,USD,공시,https://www.sec.gov/Archives/edgar/data/1110803/000111080316000175/,
Illumina,ILMN,2015Q4,2015-12-31,분기말 종가,191.95,USD,API,https://query1.finance.yahoo.com/v8/finance/chart/ILMN?interval=1d&events=splits (2015-12-31),분할조정 종가 186.7218 × 이후 분할계수 1.028
Illumina,ILMN,2015Q4,2016-02-19,분기말 상장주식수,147000000,주,공시(표지 기준일),https://www.sec.gov/Archives/edgar/data/1110803/000111080316000175/,dei:EntityCommonStockSharesOutstanding 클래스 합
Illumina,ILMN,2015Q4,2015-12-31,분기말 시가총액,28216650000,USD,계산(종가×주식수),https://query1.finance.yahoo.com/v8/finance/chart/ILMN?interval=1d&events=splits (2015-12-31) ; https://www.sec.gov/Archives/edgar/data/1110803/000111080316000175/,종가 191.95 × 주식수 147000000
Illumina,ILMN,2016Q1,2016-04-03,분기별 매출액,571763000,USD,공시,https://www.sec.gov/Archives/edgar/data/1110803/000111080316000187/,
Illumina,ILMN,2016Q1,2016-04-03,분기별 영업이익,121445000,USD,공시,https://www.sec.gov/Archives/edgar/data/1110803/000111080316000187/,
Illumina,ILMN,2016Q1,2016-04-03,분기별 당기순이익(지배),89587000,USD,공시,https://www.sec.gov/Archives/edgar/data/1110803/000111080316000187/,
Illumina,ILMN,2016Q1,2016-04-03,분기별 영업활동현금흐름,99000000,USD,공시(재작성 반영),https://www.sec.gov/Archives/edgar/data/1110803/000111080317000025/,원 공시 39738000 (https://www.sec.gov/Archives/edgar/data/1110803/000111080316000187/)
Illumina,ILMN,2016Q1,2016-04-03,분기말 자산총계,3793706000,USD,공시,https://www.sec.gov/Archives/edgar/data/1110803/000111080316000187/,
Illumina,ILMN,2016Q1,2016-04-03,분기말 부채총계,1689400000,USD,계산(부채및자본-총자본),https://www.sec.gov/Archives/edgar/data/1110803/000111080316000187/,부채및자본 3793706000 − 총자본 2070923000 − 메자닌 33383000 ; 메자닌(일시자본) 33383000 별도
Illumina,ILMN,2016Q1,2016-04-03,분기말 총자본(자기자본),2070923000,USD,공시,https://www.sec.gov/Archives/edgar/data/1110803/000111080316000187/,
Illumina,ILMN,2016Q1,2016-04-03,분기말 지배지분 자본,1991109000,USD,공시,https://www.sec.gov/Archives/edgar/data/1110803/000111080316000187/,
Illumina,ILMN,2016Q1,2016-04-01,분기말 종가,166.86,USD,API,https://query1.finance.yahoo.com/v8/finance/chart/ILMN?interval=1d&events=splits (2016-04-01),분할조정 종가 162.3152 × 이후 분할계수 1.028
Illumina,ILMN,2016Q1,2016-04-29,분기말 상장주식수,147200000,주,공시(표지 기준일),https://www.sec.gov/Archives/edgar/data/1110803/000111080316000187/,dei:EntityCommonStockSharesOutstanding 클래스 합
Illumina,ILMN,2016Q1,2016-04-01,분기말 시가총액,24561792000,USD,계산(종가×주식수),https://query1.finance.yahoo.com/v8/finance/chart/ILMN?interval=1d&events=splits (2016-04-01) ; https://www.sec.gov/Archives/edgar/data/1110803/000111080316000187/,종가 166.86 × 주식수 147200000
Illumina,ILMN,2016Q2,2016-07-03,분기별 매출액,600124000,USD,공시,https://www.sec.gov/Archives/edgar/data/1110803/000111080316000203/,
Illumina,ILMN,2016Q2,2016-07-03,분기별 영업이익,161869000,USD,공시,https://www.sec.gov/Archives/edgar/data/1110803/000111080316000203/,
Illumina,ILMN,2016Q2,2016-07-03,분기별 당기순이익(지배),120412000,USD,공시,https://www.sec.gov/Archives/edgar/data/1110803/000111080316000203/,
Illumina,ILMN,2016Q2,2016-07-03,분기별 영업활동현금흐름,242000000,USD,계산(누적차감)(재작성 반영),https://www.sec.gov/Archives/edgar/data/1110803/000111080317000039/ ; https://www.sec.gov/Archives/edgar/data/1110803/000111080317000025/,누적 341000000 − 직전누적 99000000 (시작 2016-01-04) ; 원 공시 217047000 (https://www.sec.gov/Archives/edgar/data/1110803/000111080316000203/ ; https://www.sec.gov/Archives/edgar/data/1110803/000111080316000187/)
Illumina,ILMN,2016Q2,2016-07-03,분기말 자산총계,3985090000,USD,공시,https://www.sec.gov/Archives/edgar/data/1110803/000111080316000203/,
Illumina,ILMN,2016Q2,2016-07-03,분기말 부채총계,1811445000,USD,계산(부채및자본-총자본),https://www.sec.gov/Archives/edgar/data/1110803/000111080316000203/,부채및자본 3985090000 − 총자본 2139912000 − 메자닌 33733000 ; 메자닌(일시자본) 33733000 별도
Illumina,ILMN,2016Q2,2016-07-03,분기말 총자본(자기자본),2139912000,USD,공시,https://www.sec.gov/Archives/edgar/data/1110803/000111080316000203/,
Illumina,ILMN,2016Q2,2016-07-03,분기말 지배지분 자본,2055771000,USD,공시,https://www.sec.gov/Archives/edgar/data/1110803/000111080316000203/,
Illumina,ILMN,2016Q2,2016-07-01,분기말 종가,140.73,USD,API,https://query1.finance.yahoo.com/v8/finance/chart/ILMN?interval=1d&events=splits (2016-07-01),분할조정 종가 136.8969 × 이후 분할계수 1.028
Illumina,ILMN,2016Q2,2016-07-22,분기말 상장주식수,146600000,주,공시(표지 기준일),https://www.sec.gov/Archives/edgar/data/1110803/000111080316000203/,dei:EntityCommonStockSharesOutstanding 클래스 합
Illumina,ILMN,2016Q2,2016-07-01,분기말 시가총액,20631018000,USD,계산(종가×주식수),https://query1.finance.yahoo.com/v8/finance/chart/ILMN?interval=1d&events=splits (2016-07-01) ; https://www.sec.gov/Archives/edgar/data/1110803/000111080316000203/,종가 140.73 × 주식수 146600000
Illumina,ILMN,2016Q3,2016-10-02,분기별 매출액,607139000,USD,공시,https://www.sec.gov/Archives/edgar/data/1110803/000111080316000214/,
Illumina,ILMN,2016Q3,2016-10-02,분기별 영업이익,160702000,USD,공시,https://www.sec.gov/Archives/edgar/data/1110803/000111080316000214/,
Illumina,ILMN,2016Q3,2016-10-02,분기별 당기순이익(지배),128888000,USD,공시,https://www.sec.gov/Archives/edgar/data/1110803/000111080316000214/,
Illumina,ILMN,2016Q3,2016-10-02,분기별 영업활동현금흐름,176000000,USD,계산(누적차감)(재작성 반영),https://www.sec.gov/Archives/edgar/data/1110803/000111080317000045/ ; https://www.sec.gov/Archives/edgar/data/1110803/000111080317000039/,누적 517000000 − 직전누적 341000000 (시작 2016-01-04) ; 원 공시 150300000 (https://www.sec.gov/Archives/edgar/data/1110803/000111080316000214/ ; https://www.sec.gov/Archives/edgar/data/1110803/000111080316000203/)
Illumina,ILMN,2016Q3,2016-10-02,분기말 자산총계,4227827000,USD,공시,https://www.sec.gov/Archives/edgar/data/1110803/000111080316000214/,
Illumina,ILMN,2016Q3,2016-10-02,분기말 부채총계,1873893000,USD,계산(부채및자본-총자본),https://www.sec.gov/Archives/edgar/data/1110803/000111080316000214/,부채및자본 4227827000 − 총자본 2319677000 − 메자닌 34257000 ; 메자닌(일시자본) 34257000 별도
Illumina,ILMN,2016Q3,2016-10-02,분기말 총자본(자기자본),2319677000,USD,공시,https://www.sec.gov/Archives/edgar/data/1110803/000111080316000214/,
Illumina,ILMN,2016Q3,2016-10-02,분기말 지배지분 자본,2240147000,USD,공시,https://www.sec.gov/Archives/edgar/data/1110803/000111080316000214/,
Illumina,ILMN,2016Q3,2016-09-30,분기말 종가,181.66,USD,API,https://query1.finance.yahoo.com/v8/finance/chart/ILMN?interval=1d&events=splits (2016-09-30),분할조정 종가 176.7121 × 이후 분할계수 1.028
Illumina,ILMN,2016Q3,2016-10-21,분기말 상장주식수,146900000,주,공시(표지 기준일),https://www.sec.gov/Archives/edgar/data/1110803/000111080316000214/,dei:EntityCommonStockSharesOutstanding 클래스 합
Illumina,ILMN,2016Q3,2016-09-30,분기말 시가총액,26685854000,USD,계산(종가×주식수),https://query1.finance.yahoo.com/v8/finance/chart/ILMN?interval=1d&events=splits (2016-09-30) ; https://www.sec.gov/Archives/edgar/data/1110803/000111080316000214/,종가 181.66 × 주식수 146900000
Illumina,ILMN,2016Q4,2017-01-01,분기별 매출액,619347000,USD,계산(연간-3분기누적),https://www.sec.gov/Archives/edgar/data/1110803/000111080317000014/ ; https://www.sec.gov/Archives/edgar/data/1110803/000111080316000214/,연간 2398373000 − 9개월누적 1779026000 (SalesRevenueNet)
Illumina,ILMN,2016Q4,2017-01-01,분기별 영업이익,143016000,USD,계산(연간-3분기누적),https://www.sec.gov/Archives/edgar/data/1110803/000111080317000014/ ; https://www.sec.gov/Archives/edgar/data/1110803/000111080316000214/,연간 587032000 − 9개월누적 444016000 (OperatingIncomeLoss)
Illumina,ILMN,2016Q4,2017-01-01,분기별 당기순이익(지배),123762000,USD,계산(연간-3분기누적),https://www.sec.gov/Archives/edgar/data/1110803/000111080317000014/ ; https://www.sec.gov/Archives/edgar/data/1110803/000111080316000214/,연간 462649000 − 9개월누적 338887000 (NetIncomeLoss)
Illumina,ILMN,2016Q4,2017-01-01,분기별 영업활동현금흐름,262000000,USD,계산(누적차감)(재작성 반영),https://www.sec.gov/Archives/edgar/data/1110803/000111080319000013/ ; https://www.sec.gov/Archives/edgar/data/1110803/000111080317000045/,누적 779000000 − 직전누적 517000000 (시작 2016-01-04) ; 원 공시 280153000 (https://www.sec.gov/Archives/edgar/data/1110803/000111080317000014/ ; https://www.sec.gov/Archives/edgar/data/1110803/000111080316000214/)
Illumina,ILMN,2016Q4,2017-01-01,분기말 자산총계,4280600000,USD,공시,https://www.sec.gov/Archives/edgar/data/1110803/000111080317000014/,
Illumina,ILMN,2016Q4,2017-01-01,분기말 부채총계,1966425000,USD,계산(부채및자본-총자본),https://www.sec.gov/Archives/edgar/data/1110803/000111080317000014/,부채및자본 4280600000 − 총자본 2270235000 − 메자닌 43940000 ; 메자닌(일시자본) 43940000 별도
Illumina,ILMN,2016Q4,2017-01-01,분기말 총자본(자기자본),2270235000,USD,공시,https://www.sec.gov/Archives/edgar/data/1110803/000111080317000014/,
Illumina,ILMN,2016Q4,2017-01-01,분기말 지배지분 자본,2197229000,USD,공시,https://www.sec.gov/Archives/edgar/data/1110803/000111080317000014/,
Illumina,ILMN,2016Q4,2016-12-30,분기말 종가,128.04,USD,API,https://query1.finance.yahoo.com/v8/finance/chart/ILMN?interval=1d&events=splits (2016-12-30),분할조정 종가 124.5525 × 이후 분할계수 1.028
Illumina,ILMN,2016Q4,2017-02-03,분기말 상장주식수,146300000,주,공시(표지 기준일),https://www.sec.gov/Archives/edgar/data/1110803/000111080317000014/,dei:EntityCommonStockSharesOutstanding 클래스 합
Illumina,ILMN,2016Q4,2016-12-30,분기말 시가총액,18732252000,USD,계산(종가×주식수),https://query1.finance.yahoo.com/v8/finance/chart/ILMN?interval=1d&events=splits (2016-12-30) ; https://www.sec.gov/Archives/edgar/data/1110803/000111080317000014/,종가 128.04 × 주식수 146300000
Illumina,ILMN,2017Q1,2017-04-02,분기별 매출액,598000000,USD,공시,https://www.sec.gov/Archives/edgar/data/1110803/000111080317000025/,
Illumina,ILMN,2017Q1,2017-04-02,분기별 영업이익,52000000,USD,공시,https://www.sec.gov/Archives/edgar/data/1110803/000111080317000025/,
Illumina,ILMN,2017Q1,2017-04-02,분기별 당기순이익(지배),367000000,USD,공시,https://www.sec.gov/Archives/edgar/data/1110803/000111080317000025/,
Illumina,ILMN,2017Q1,2017-04-02,분기별 영업활동현금흐름,168000000,USD,공시,https://www.sec.gov/Archives/edgar/data/1110803/000111080317000025/,
Illumina,ILMN,2017Q1,2017-04-02,분기말 자산총계,4598000000,USD,공시,https://www.sec.gov/Archives/edgar/data/1110803/000111080317000025/,
Illumina,ILMN,2017Q1,2017-04-02,분기말 부채총계,1988000000,USD,계산(부채및자본-총자본),https://www.sec.gov/Archives/edgar/data/1110803/000111080317000025/,부채및자본 4598000000 − 총자본 2551000000 − 메자닌 59000000 ; 메자닌(일시자본) 59000000 별도
Illumina,ILMN,2017Q1,2017-04-02,분기말 총자본(자기자본),2551000000,USD,공시,https://www.sec.gov/Archives/edgar/data/1110803/000111080317000025/,
Illumina,ILMN,2017Q1,2017-04-02,분기말 지배지분 자본,2551000000,USD,공시,https://www.sec.gov/Archives/edgar/data/1110803/000111080317000025/,
Illumina,ILMN,2017Q1,2017-03-31,분기말 종가,170.64,USD,API,https://query1.finance.yahoo.com/v8/finance/chart/ILMN?interval=1d&events=splits (2017-03-31),분할조정 종가 165.9922 × 이후 분할계수 1.028
Illumina,ILMN,2017Q1,2017-04-21,분기말 상장주식수,146000000,주,공시(표지 기준일),https://www.sec.gov/Archives/edgar/data/1110803/000111080317000025/,dei:EntityCommonStockSharesOutstanding 클래스 합
Illumina,ILMN,2017Q1,2017-03-31,분기말 시가총액,24913440000,USD,계산(종가×주식수),https://query1.finance.yahoo.com/v8/finance/chart/ILMN?interval=1d&events=splits (2017-03-31) ; https://www.sec.gov/Archives/edgar/data/1110803/000111080317000025/,종가 170.64 × 주식수 146000000
Illumina,ILMN,2017Q2,2017-07-02,분기별 매출액,662000000,USD,공시,https://www.sec.gov/Archives/edgar/data/1110803/000111080317000039/,
Illumina,ILMN,2017Q2,2017-07-02,분기별 영업이익,143000000,USD,공시,https://www.sec.gov/Archives/edgar/data/1110803/000111080317000039/,
Illumina,ILMN,2017Q2,2017-07-02,분기별 당기순이익(지배),128000000,USD,공시,https://www.sec.gov/Archives/edgar/data/1110803/000111080317000039/,
Illumina,ILMN,2017Q2,2017-07-02,분기별 영업활동현금흐름,178000000,USD,계산(누적차감),https://www.sec.gov/Archives/edgar/data/1110803/000111080317000039/ ; https://www.sec.gov/Archives/edgar/data/1110803/000111080317000025/,누적 346000000 − 직전누적 168000000 (시작 2017-01-02)
Illumina,ILMN,2017Q2,2017-07-02,분기말 자산총계,4858000000,USD,공시,https://www.sec.gov/Archives/edgar/data/1110803/000111080317000039/,
Illumina,ILMN,2017Q2,2017-07-02,분기말 부채총계,2063000000,USD,계산(부채및자본-총자본),https://www.sec.gov/Archives/edgar/data/1110803/000111080317000039/,부채및자본 4858000000 − 총자본 2715000000 − 메자닌 80000000 ; 메자닌(일시자본) 80000000 별도
Illumina,ILMN,2017Q2,2017-07-02,분기말 총자본(자기자본),2715000000,USD,공시,https://www.sec.gov/Archives/edgar/data/1110803/000111080317000039/,
Illumina,ILMN,2017Q2,2017-07-02,분기말 지배지분 자본,2715000000,USD,공시,https://www.sec.gov/Archives/edgar/data/1110803/000111080317000039/,
Illumina,ILMN,2017Q2,2017-06-30,분기말 종가,173.52,USD,API,https://query1.finance.yahoo.com/v8/finance/chart/ILMN?interval=1d&events=splits (2017-06-30),분할조정 종가 168.7938 × 이후 분할계수 1.028
Illumina,ILMN,2017Q2,2017-07-28,분기말 상장주식수,146000000,주,공시(표지 기준일),https://www.sec.gov/Archives/edgar/data/1110803/000111080317000039/,dei:EntityCommonStockSharesOutstanding 클래스 합
Illumina,ILMN,2017Q2,2017-06-30,분기말 시가총액,25333920000,USD,계산(종가×주식수),https://query1.finance.yahoo.com/v8/finance/chart/ILMN?interval=1d&events=splits (2017-06-30) ; https://www.sec.gov/Archives/edgar/data/1110803/000111080317000039/,종가 173.52 × 주식수 146000000
Illumina,ILMN,2017Q3,2017-10-01,분기별 매출액,714000000,USD,공시,https://www.sec.gov/Archives/edgar/data/1110803/000111080317000045/,
Illumina,ILMN,2017Q3,2017-10-01,분기별 영업이익,181000000,USD,공시,https://www.sec.gov/Archives/edgar/data/1110803/000111080317000045/,
Illumina,ILMN,2017Q3,2017-10-01,분기별 당기순이익(지배),163000000,USD,공시,https://www.sec.gov/Archives/edgar/data/1110803/000111080317000045/,
Illumina,ILMN,2017Q3,2017-10-01,분기별 영업활동현금흐름,235000000,USD,계산(누적차감),https://www.sec.gov/Archives/edgar/data/1110803/000111080317000045/ ; https://www.sec.gov/Archives/edgar/data/1110803/000111080317000039/,누적 581000000 − 직전누적 346000000 (시작 2017-01-02)
Illumina,ILMN,2017Q3,2017-10-01,분기말 자산총계,5046000000,USD,공시,https://www.sec.gov/Archives/edgar/data/1110803/000111080317000045/,
Illumina,ILMN,2017Q3,2017-10-01,분기말 부채총계,1971000000,USD,계산(부채및자본-총자본)(재작성 반영),https://www.sec.gov/Archives/edgar/data/1110803/000111080317000045/,부채및자본 5046000000 − 총자본 2855000000 − 메자닌 220000000 ; 메자닌(일시자본) 220000000 별도 ; 원 공시 2067000000 (https://www.sec.gov/Archives/edgar/data/1110803/000111080317000045/)
Illumina,ILMN,2017Q3,2017-10-01,분기말 총자본(자기자본),2855000000,USD,공시,https://www.sec.gov/Archives/edgar/data/1110803/000111080317000045/,
Illumina,ILMN,2017Q3,2017-10-01,분기말 지배지분 자본,2855000000,USD,공시,https://www.sec.gov/Archives/edgar/data/1110803/000111080317000045/,
Illumina,ILMN,2017Q3,2017-09-29,분기말 종가,199.2,USD,API,https://query1.finance.yahoo.com/v8/finance/chart/ILMN?interval=1d&events=splits (2017-09-29),분할조정 종가 193.7743 × 이후 분할계수 1.028
Illumina,ILMN,2017Q3,2017-10-20,분기말 상장주식수,146000000,주,공시(표지 기준일),https://www.sec.gov/Archives/edgar/data/1110803/000111080317000045/,dei:EntityCommonStockSharesOutstanding 클래스 합
Illumina,ILMN,2017Q3,2017-09-29,분기말 시가총액,29083200000,USD,계산(종가×주식수),https://query1.finance.yahoo.com/v8/finance/chart/ILMN?interval=1d&events=splits (2017-09-29) ; https://www.sec.gov/Archives/edgar/data/1110803/000111080317000045/,종가 199.2 × 주식수 146000000
Illumina,ILMN,2017Q4,2017-12-31,분기별 매출액,777000000,USD,계산(연간-3분기누적),https://www.sec.gov/Archives/edgar/data/1110803/000111080318000009/ ; https://www.sec.gov/Archives/edgar/data/1110803/000111080317000045/,연간 2752000000 − 9개월누적 1975000000 (SalesRevenueNet)
Illumina,ILMN,2017Q4,2017-12-31,분기별 영업이익,230000000,USD,계산(연간-3분기누적),https://www.sec.gov/Archives/edgar/data/1110803/000111080318000009/ ; https://www.sec.gov/Archives/edgar/data/1110803/000111080317000045/,연간 606000000 − 9개월누적 376000000 (OperatingIncomeLoss)
Illumina,ILMN,2017Q4,2017-12-31,분기별 당기순이익(지배),68000000,USD,계산(연간-3분기누적),https://www.sec.gov/Archives/edgar/data/1110803/000111080318000009/ ; https://www.sec.gov/Archives/edgar/data/1110803/000111080317000045/,연간 726000000 − 9개월누적 658000000 (NetIncomeLoss)
Illumina,ILMN,2017Q4,2017-12-31,분기별 영업활동현금흐름,294000000,USD,계산(누적차감),https://www.sec.gov/Archives/edgar/data/1110803/000111080318000009/ ; https://www.sec.gov/Archives/edgar/data/1110803/000111080317000045/,누적 875000000 − 직전누적 581000000 (시작 2017-01-02)
Illumina,ILMN,2017Q4,2017-12-31,분기말 자산총계,5257000000,USD,공시,https://www.sec.gov/Archives/edgar/data/1110803/000111080318000009/,
Illumina,ILMN,2017Q4,2017-12-31,분기말 부채총계,2288000000,USD,계산(부채및자본-총자본),https://www.sec.gov/Archives/edgar/data/1110803/000111080318000009/,부채및자본 5257000000 − 총자본 2749000000 − 메자닌 220000000 ; 메자닌(일시자본) 220000000 별도
Illumina,ILMN,2017Q4,2017-12-31,분기말 총자본(자기자본),2749000000,USD,공시,https://www.sec.gov/Archives/edgar/data/1110803/000111080318000009/,
Illumina,ILMN,2017Q4,2017-12-31,분기말 지배지분 자본,2749000000,USD,공시,https://www.sec.gov/Archives/edgar/data/1110803/000111080318000009/,
Illumina,ILMN,2017Q4,2017-12-29,분기말 종가,218.49,USD,API,https://query1.finance.yahoo.com/v8/finance/chart/ILMN?interval=1d&events=splits (2017-12-29),분할조정 종가 212.5389 × 이후 분할계수 1.028
Illumina,ILMN,2017Q4,2018-02-09,분기말 상장주식수,147000000,주,공시(표지 기준일),https://www.sec.gov/Archives/edgar/data/1110803/000111080318000009/,dei:EntityCommonStockSharesOutstanding 클래스 합
Illumina,ILMN,2017Q4,2017-12-29,분기말 시가총액,32118030000,USD,계산(종가×주식수),https://query1.finance.yahoo.com/v8/finance/chart/ILMN?interval=1d&events=splits (2017-12-29) ; https://www.sec.gov/Archives/edgar/data/1110803/000111080318000009/,종가 218.49 × 주식수 147000000
Illumina,ILMN,2018Q1,2018-04-01,분기별 매출액,782000000,USD,공시,https://www.sec.gov/Archives/edgar/data/1110803/000111080318000015/,
Illumina,ILMN,2018Q1,2018-04-01,분기별 영업이익,218000000,USD,공시,https://www.sec.gov/Archives/edgar/data/1110803/000111080318000015/,
Illumina,ILMN,2018Q1,2018-04-01,분기별 당기순이익(지배),208000000,USD,공시,https://www.sec.gov/Archives/edgar/data/1110803/000111080318000015/,
Illumina,ILMN,2018Q1,2018-04-01,분기별 영업활동현금흐름,255000000,USD,공시,https://www.sec.gov/Archives/edgar/data/1110803/000111080318000015/,
Illumina,ILMN,2018Q1,2018-04-01,분기말 자산총계,5542000000,USD,공시,https://www.sec.gov/Archives/edgar/data/1110803/000111080318000015/,
Illumina,ILMN,2018Q1,2018-04-01,분기말 부채총계,2254000000,USD,계산(부채및자본-총자본),https://www.sec.gov/Archives/edgar/data/1110803/000111080318000015/,부채및자본 5542000000 − 총자본 3073000000 − 메자닌 215000000 ; 메자닌(일시자본) 215000000 별도
Illumina,ILMN,2018Q1,2018-04-01,분기말 총자본(자기자본),3073000000,USD,공시,https://www.sec.gov/Archives/edgar/data/1110803/000111080318000015/,
Illumina,ILMN,2018Q1,2018-04-01,분기말 지배지분 자본,3008000000,USD,공시,https://www.sec.gov/Archives/edgar/data/1110803/000111080318000015/,
Illumina,ILMN,2018Q1,2018-03-29,분기말 종가,236.42,USD,API,https://query1.finance.yahoo.com/v8/finance/chart/ILMN?interval=1d&events=splits (2018-03-29),분할조정 종가 229.9805 × 이후 분할계수 1.028
Illumina,ILMN,2018Q1,2018-04-20,분기말 상장주식수,147000000,주,공시(표지 기준일),https://www.sec.gov/Archives/edgar/data/1110803/000111080318000015/,dei:EntityCommonStockSharesOutstanding 클래스 합
Illumina,ILMN,2018Q1,2018-03-29,분기말 시가총액,34753740000,USD,계산(종가×주식수),https://query1.finance.yahoo.com/v8/finance/chart/ILMN?interval=1d&events=splits (2018-03-29) ; https://www.sec.gov/Archives/edgar/data/1110803/000111080318000015/,종가 236.42 × 주식수 147000000
Illumina,ILMN,2018Q2,2018-07-01,분기별 매출액,830000000,USD,공시,https://www.sec.gov/Archives/edgar/data/1110803/000111080318000024/,
Illumina,ILMN,2018Q2,2018-07-01,분기별 영업이익,227000000,USD,공시,https://www.sec.gov/Archives/edgar/data/1110803/000111080318000024/,
Illumina,ILMN,2018Q2,2018-07-01,분기별 당기순이익(지배),209000000,USD,공시,https://www.sec.gov/Archives/edgar/data/1110803/000111080318000024/,
Illumina,ILMN,2018Q2,2018-07-01,분기별 영업활동현금흐름,295000000,USD,계산(누적차감),https://www.sec.gov/Archives/edgar/data/1110803/000111080318000024/ ; https://www.sec.gov/Archives/edgar/data/1110803/000111080318000015/,누적 550000000 − 직전누적 255000000 (시작 2018-01-01)
Illumina,ILMN,2018Q2,2018-07-01,분기말 자산총계,5851000000,USD,공시,https://www.sec.gov/Archives/edgar/data/1110803/000111080318000024/,
Illumina,ILMN,2018Q2,2018-07-01,분기말 부채총계,2283000000,USD,계산(부채및자본-총자본),https://www.sec.gov/Archives/edgar/data/1110803/000111080318000024/,부채및자본 5851000000 − 총자본 3351000000 − 메자닌 217000000 ; 메자닌(일시자본) 217000000 별도
Illumina,ILMN,2018Q2,2018-07-01,분기말 총자본(자기자본),3351000000,USD,공시,https://www.sec.gov/Archives/edgar/data/1110803/000111080318000024/,
Illumina,ILMN,2018Q2,2018-07-01,분기말 지배지분 자본,3257000000,USD,공시,https://www.sec.gov/Archives/edgar/data/1110803/000111080318000024/,
Illumina,ILMN,2018Q2,2018-06-29,분기말 종가,279.29,USD,API,https://query1.finance.yahoo.com/v8/finance/chart/ILMN?interval=1d&events=splits (2018-06-29),분할조정 종가 271.6829 × 이후 분할계수 1.028
Illumina,ILMN,2018Q2,2018-07-27,분기말 상장주식수,147000000,주,공시(표지 기준일),https://www.sec.gov/Archives/edgar/data/1110803/000111080318000024/,dei:EntityCommonStockSharesOutstanding 클래스 합
Illumina,ILMN,2018Q2,2018-06-29,분기말 시가총액,41055630000,USD,계산(종가×주식수),https://query1.finance.yahoo.com/v8/finance/chart/ILMN?interval=1d&events=splits (2018-06-29) ; https://www.sec.gov/Archives/edgar/data/1110803/000111080318000024/,종가 279.29 × 주식수 147000000
Illumina,ILMN,2018Q3,2018-09-30,분기별 매출액,853000000,USD,공시,https://www.sec.gov/Archives/edgar/data/1110803/000111080318000031/,
Illumina,ILMN,2018Q3,2018-09-30,분기별 영업이익,241000000,USD,공시,https://www.sec.gov/Archives/edgar/data/1110803/000111080318000031/,
Illumina,ILMN,2018Q3,2018-09-30,분기별 당기순이익(지배),199000000,USD,공시,https://www.sec.gov/Archives/edgar/data/1110803/000111080318000031/,
Illumina,ILMN,2018Q3,2018-09-30,분기별 영업활동현금흐름,292000000,USD,계산(누적차감),https://www.sec.gov/Archives/edgar/data/1110803/000111080318000031/ ; https://www.sec.gov/Archives/edgar/data/1110803/000111080318000024/,누적 842000000 − 직전누적 550000000 (시작 2018-01-01)
Illumina,ILMN,2018Q3,2018-09-30,분기말 자산총계,6759000000,USD,공시,https://www.sec.gov/Archives/edgar/data/1110803/000111080318000031/,
Illumina,ILMN,2018Q3,2018-09-30,분기말 부채총계,2947000000,USD,계산(부채및자본-총자본),https://www.sec.gov/Archives/edgar/data/1110803/000111080318000031/,부채및자본 6759000000 − 총자본 3594000000 − 메자닌 218000000 ; 메자닌(일시자본) 218000000 별도
Illumina,ILMN,2018Q3,2018-09-30,분기말 총자본(자기자본),3594000000,USD,공시,https://www.sec.gov/Archives/edgar/data/1110803/000111080318000031/,
Illumina,ILMN,2018Q3,2018-09-30,분기말 지배지분 자본,3503000000,USD,공시,https://www.sec.gov/Archives/edgar/data/1110803/000111080318000031/,
Illumina,ILMN,2018Q3,2018-09-28,분기말 종가,367.06,USD,API,https://query1.finance.yahoo.com/v8/finance/chart/ILMN?interval=1d&events=splits (2018-09-28),분할조정 종가 357.0623 × 이후 분할계수 1.028
Illumina,ILMN,2018Q3,2018-10-19,분기말 상장주식수,147000000,주,공시(표지 기준일),https://www.sec.gov/Archives/edgar/data/1110803/000111080318000031/,dei:EntityCommonStockSharesOutstanding 클래스 합
Illumina,ILMN,2018Q3,2018-09-28,분기말 시가총액,53957820000,USD,계산(종가×주식수),https://query1.finance.yahoo.com/v8/finance/chart/ILMN?interval=1d&events=splits (2018-09-28) ; https://www.sec.gov/Archives/edgar/data/1110803/000111080318000031/,종가 367.06 × 주식수 147000000
Illumina,ILMN,2018Q4,2018-12-30,분기별 매출액,867000000,USD,계산(연간-3분기누적),https://www.sec.gov/Archives/edgar/data/1110803/000111080319000013/ ; https://www.sec.gov/Archives/edgar/data/1110803/000111080318000031/,연간 3333000000 − 9개월누적 2466000000 (RevenueFromContractWithCustomerExcludingAssessedTax / 9개월 RevenueFromContractWithCustomerIncludingAssessedTax)
Illumina,ILMN,2018Q4,2018-12-30,분기별 영업이익,197000000,USD,계산(연간-3분기누적),https://www.sec.gov/Archives/edgar/data/1110803/000111080319000013/ ; https://www.sec.gov/Archives/edgar/data/1110803/000111080318000031/,연간 883000000 − 9개월누적 686000000 (OperatingIncomeLoss)
Illumina,ILMN,2018Q4,2018-12-30,분기별 당기순이익(지배),210000000,USD,계산(연간-3분기누적),https://www.sec.gov/Archives/edgar/data/1110803/000111080319000013/ ; https://www.sec.gov/Archives/edgar/data/1110803/000111080318000031/,연간 826000000 − 9개월누적 616000000 (NetIncomeLoss)
Illumina,ILMN,2018Q4,2018-12-30,분기별 영업활동현금흐름,300000000,USD,계산(누적차감),https://www.sec.gov/Archives/edgar/data/1110803/000111080319000013/ ; https://www.sec.gov/Archives/edgar/data/1110803/000111080318000031/,누적 1142000000 − 직전누적 842000000 (시작 2018-01-01)
Illumina,ILMN,2018Q4,2018-12-30,분기말 자산총계,6959000000,USD,공시,https://www.sec.gov/Archives/edgar/data/1110803/000111080319000013/,
Illumina,ILMN,2018Q4,2018-12-30,분기말 부채총계,3053000000,USD,계산(부채및자본-총자본),https://www.sec.gov/Archives/edgar/data/1110803/000111080319000013/,부채및자본 6959000000 − 총자본 3845000000 − 메자닌 61000000 ; 메자닌(일시자본) 61000000 별도
Illumina,ILMN,2018Q4,2018-12-30,분기말 총자본(자기자본),3845000000,USD,공시,https://www.sec.gov/Archives/edgar/data/1110803/000111080319000013/,
Illumina,ILMN,2018Q4,2018-12-30,분기말 지배지분 자본,3758000000,USD,공시,https://www.sec.gov/Archives/edgar/data/1110803/000111080319000013/,
Illumina,ILMN,2018Q4,2018-12-28,분기말 종가,298.23,USD,API,https://query1.finance.yahoo.com/v8/finance/chart/ILMN?interval=1d&events=splits (2018-12-28),분할조정 종가 290.107 × 이후 분할계수 1.028
Illumina,ILMN,2018Q4,2019-02-08,분기말 상장주식수,147000000,주,공시(표지 기준일),https://www.sec.gov/Archives/edgar/data/1110803/000111080319000013/,dei:EntityCommonStockSharesOutstanding 클래스 합
Illumina,ILMN,2018Q4,2018-12-28,분기말 시가총액,43839810000,USD,계산(종가×주식수),https://query1.finance.yahoo.com/v8/finance/chart/ILMN?interval=1d&events=splits (2018-12-28) ; https://www.sec.gov/Archives/edgar/data/1110803/000111080319000013/,종가 298.23 × 주식수 147000000
Illumina,ILMN,2019Q1,2019-03-31,분기별 매출액,846000000,USD,공시,https://www.sec.gov/Archives/edgar/data/1110803/000111080319000022/,
Illumina,ILMN,2019Q1,2019-03-31,분기별 영업이익,204000000,USD,공시,https://www.sec.gov/Archives/edgar/data/1110803/000111080319000022/,
Illumina,ILMN,2019Q1,2019-03-31,분기별 당기순이익(지배),233000000,USD,공시,https://www.sec.gov/Archives/edgar/data/1110803/000111080319000022/,
Illumina,ILMN,2019Q1,2019-03-31,분기별 영업활동현금흐름,198000000,USD,공시,https://www.sec.gov/Archives/edgar/data/1110803/000111080319000022/,
Illumina,ILMN,2019Q1,2019-03-31,분기말 자산총계,7390000000,USD,공시,https://www.sec.gov/Archives/edgar/data/1110803/000111080319000022/,
Illumina,ILMN,2019Q1,2019-03-31,분기말 부채총계,3283000000,USD,계산(부채및자본-총자본),https://www.sec.gov/Archives/edgar/data/1110803/000111080319000022/,부채및자본 7390000000 − 총자본 4070000000 − 메자닌 37000000 ; 메자닌(일시자본) 37000000 별도
Illumina,ILMN,2019Q1,2019-03-31,분기말 총자본(자기자본),4070000000,USD,공시,https://www.sec.gov/Archives/edgar/data/1110803/000111080319000022/,
Illumina,ILMN,2019Q1,2019-03-31,분기말 지배지분 자본,3985000000,USD,공시,https://www.sec.gov/Archives/edgar/data/1110803/000111080319000022/,
Illumina,ILMN,2019Q1,2019-03-29,분기말 종가,310.69,USD,API,https://query1.finance.yahoo.com/v8/finance/chart/ILMN?interval=1d&events=splits (2019-03-29),분할조정 종가 302.2276 × 이후 분할계수 1.028
Illumina,ILMN,2019Q1,2019-04-18,분기말 상장주식수,147000000,주,공시(표지 기준일),https://www.sec.gov/Archives/edgar/data/1110803/000111080319000022/,dei:EntityCommonStockSharesOutstanding 클래스 합
Illumina,ILMN,2019Q1,2019-03-29,분기말 시가총액,45671430000,USD,계산(종가×주식수),https://query1.finance.yahoo.com/v8/finance/chart/ILMN?interval=1d&events=splits (2019-03-29) ; https://www.sec.gov/Archives/edgar/data/1110803/000111080319000022/,종가 310.69 × 주식수 147000000
Illumina,ILMN,2019Q2,2019-06-30,분기별 매출액,838000000,USD,공시,https://www.sec.gov/Archives/edgar/data/1110803/000111080319000042/,
Illumina,ILMN,2019Q2,2019-06-30,분기별 영업이익,205000000,USD,공시,https://www.sec.gov/Archives/edgar/data/1110803/000111080319000042/,
Illumina,ILMN,2019Q2,2019-06-30,분기별 당기순이익(지배),296000000,USD,공시,https://www.sec.gov/Archives/edgar/data/1110803/000111080319000042/,
Illumina,ILMN,2019Q2,2019-06-30,분기별 영업활동현금흐름,143000000,USD,계산(누적차감),https://www.sec.gov/Archives/edgar/data/1110803/000111080319000042/ ; https://www.sec.gov/Archives/edgar/data/1110803/000111080319000022/,누적 341000000 − 직전누적 198000000 (시작 2018-12-31)
Illumina,ILMN,2019Q2,2019-06-30,분기말 자산총계,6973000000,USD,공시,https://www.sec.gov/Archives/edgar/data/1110803/000111080319000042/,
Illumina,ILMN,2019Q2,2019-06-30,분기말 부채총계,2641000000,USD,계산(부채및자본-총자본),https://www.sec.gov/Archives/edgar/data/1110803/000111080319000042/,부채및자본 6973000000 − 총자본 4332000000
Illumina,ILMN,2019Q2,2019-06-30,분기말 총자본(자기자본),4332000000,USD,공시,https://www.sec.gov/Archives/edgar/data/1110803/000111080319000042/,
Illumina,ILMN,2019Q2,2019-06-30,분기말 지배지분 자본,4332000000,USD,공시,https://www.sec.gov/Archives/edgar/data/1110803/000111080319000042/,
Illumina,ILMN,2019Q2,2019-06-28,분기말 종가,368.15,USD,API,https://query1.finance.yahoo.com/v8/finance/chart/ILMN?interval=1d&events=splits (2019-06-28),분할조정 종가 358.1226 × 이후 분할계수 1.028
Illumina,ILMN,2019Q2,2019-07-26,분기말 상장주식수,147000000,주,공시(표지 기준일),https://www.sec.gov/Archives/edgar/data/1110803/000111080319000042/,dei:EntityCommonStockSharesOutstanding 클래스 합
Illumina,ILMN,2019Q2,2019-06-28,분기말 시가총액,54118050000,USD,계산(종가×주식수),https://query1.finance.yahoo.com/v8/finance/chart/ILMN?interval=1d&events=splits (2019-06-28) ; https://www.sec.gov/Archives/edgar/data/1110803/000111080319000042/,종가 368.15 × 주식수 147000000
Illumina,ILMN,2019Q3,2019-09-29,분기별 매출액,907000000,USD,공시,https://www.sec.gov/Archives/edgar/data/1110803/000111080319000056/,
Illumina,ILMN,2019Q3,2019-09-29,분기별 영업이익,308000000,USD,공시,https://www.sec.gov/Archives/edgar/data/1110803/000111080319000056/,
Illumina,ILMN,2019Q3,2019-09-29,분기별 당기순이익(지배),234000000,USD,공시,https://www.sec.gov/Archives/edgar/data/1110803/000111080319000056/,
Illumina,ILMN,2019Q3,2019-09-29,분기별 영업활동현금흐름,267000000,USD,계산(누적차감),https://www.sec.gov/Archives/edgar/data/1110803/000111080319000056/ ; https://www.sec.gov/Archives/edgar/data/1110803/000111080319000042/,누적 608000000 − 직전누적 341000000 (시작 2018-12-31)
Illumina,ILMN,2019Q3,2019-09-29,분기말 자산총계,7089000000,USD,공시,https://www.sec.gov/Archives/edgar/data/1110803/000111080319000056/,
Illumina,ILMN,2019Q3,2019-09-29,분기말 부채총계,2650000000,USD,계산(부채및자본-총자본),https://www.sec.gov/Archives/edgar/data/1110803/000111080319000056/,부채및자본 7089000000 − 총자본 4439000000
Illumina,ILMN,2019Q3,2019-09-29,분기말 총자본(자기자본),4439000000,USD,공시,https://www.sec.gov/Archives/edgar/data/1110803/000111080319000056/,
Illumina,ILMN,2019Q3,2019-09-29,분기말 지배지분 자본,4439000000,USD,공시,https://www.sec.gov/Archives/edgar/data/1110803/000111080319000056/,
Illumina,ILMN,2019Q3,2019-09-27,분기말 종가,301.28,USD,API,https://query1.finance.yahoo.com/v8/finance/chart/ILMN?interval=1d&events=splits (2019-09-27),분할조정 종가 293.0739 × 이후 분할계수 1.028
Illumina,ILMN,2019Q3,2019-10-18,분기말 상장주식수,147000000,주,공시(표지 기준일),https://www.sec.gov/Archives/edgar/data/1110803/000111080319000056/,dei:EntityCommonStockSharesOutstanding 클래스 합
Illumina,ILMN,2019Q3,2019-09-27,분기말 시가총액,44288160000,USD,계산(종가×주식수),https://query1.finance.yahoo.com/v8/finance/chart/ILMN?interval=1d&events=splits (2019-09-27) ; https://www.sec.gov/Archives/edgar/data/1110803/000111080319000056/,종가 301.28 × 주식수 147000000
Illumina,ILMN,2019Q4,2019-12-29,분기별 매출액,952000000,USD,계산(연간-3분기누적),https://www.sec.gov/Archives/edgar/data/1110803/000111080320000018/ ; https://www.sec.gov/Archives/edgar/data/1110803/000111080319000056/,연간 3543000000 − 9개월누적 2591000000 (RevenueFromContractWithCustomerExcludingAssessedTax)
Illumina,ILMN,2019Q4,2019-12-29,분기별 영업이익,268000000,USD,계산(연간-3분기누적),https://www.sec.gov/Archives/edgar/data/1110803/000111080320000018/ ; https://www.sec.gov/Archives/edgar/data/1110803/000111080319000056/,연간 985000000 − 9개월누적 717000000 (OperatingIncomeLoss)
Illumina,ILMN,2019Q4,2019-12-29,분기별 당기순이익(지배),239000000,USD,계산(연간-3분기누적),https://www.sec.gov/Archives/edgar/data/1110803/000111080320000018/ ; https://www.sec.gov/Archives/edgar/data/1110803/000111080319000056/,연간 1002000000 − 9개월누적 763000000 (NetIncomeLoss)
Illumina,ILMN,2019Q4,2019-12-29,분기별 영업활동현금흐름,443000000,USD,계산(누적차감),https://www.sec.gov/Archives/edgar/data/1110803/000111080320000018/ ; https://www.sec.gov/Archives/edgar/data/1110803/000111080319000056/,누적 1051000000 − 직전누적 608000000 (시작 2018-12-31)
Illumina,ILMN,2019Q4,2019-12-29,분기말 자산총계,7316000000,USD,공시,https://www.sec.gov/Archives/edgar/data/1110803/000111080320000018/,
Illumina,ILMN,2019Q4,2019-12-29,분기말 부채총계,2703000000,USD,계산(부채및자본-총자본),https://www.sec.gov/Archives/edgar/data/1110803/000111080320000018/,부채및자본 7316000000 − 총자본 4613000000
Illumina,ILMN,2019Q4,2019-12-29,분기말 총자본(자기자본),4613000000,USD,공시,https://www.sec.gov/Archives/edgar/data/1110803/000111080320000018/,
Illumina,ILMN,2019Q4,2019-12-29,분기말 지배지분 자본,4613000000,USD,공시,https://www.sec.gov/Archives/edgar/data/1110803/000111080320000018/,
Illumina,ILMN,2019Q4,2019-12-27,분기말 종가,332.29,USD,API,https://query1.finance.yahoo.com/v8/finance/chart/ILMN?interval=1d&events=splits (2019-12-27),분할조정 종가 323.2393 × 이후 분할계수 1.028
Illumina,ILMN,2019Q4,2020-02-07,분기말 상장주식수,147000000,주,공시(표지 기준일),https://www.sec.gov/Archives/edgar/data/1110803/000111080320000018/,dei:EntityCommonStockSharesOutstanding 클래스 합
Illumina,ILMN,2019Q4,2019-12-27,분기말 시가총액,48846630000,USD,계산(종가×주식수),https://query1.finance.yahoo.com/v8/finance/chart/ILMN?interval=1d&events=splits (2019-12-27) ; https://www.sec.gov/Archives/edgar/data/1110803/000111080320000018/,종가 332.29 × 주식수 147000000
Illumina,ILMN,2020Q1,2020-03-29,분기별 매출액,859000000,USD,공시,https://www.sec.gov/Archives/edgar/data/1110803/000111080320000033/,
Illumina,ILMN,2020Q1,2020-03-29,분기별 영업이익,189000000,USD,공시,https://www.sec.gov/Archives/edgar/data/1110803/000111080320000033/,
Illumina,ILMN,2020Q1,2020-03-29,분기별 당기순이익(지배),173000000,USD,공시,https://www.sec.gov/Archives/edgar/data/1110803/000111080320000033/,
Illumina,ILMN,2020Q1,2020-03-29,분기별 영업활동현금흐름,281000000,USD,공시,https://www.sec.gov/Archives/edgar/data/1110803/000111080320000033/,
Illumina,ILMN,2020Q1,2020-03-29,분기말 자산총계,7261000000,USD,공시,https://www.sec.gov/Archives/edgar/data/1110803/000111080320000033/,
Illumina,ILMN,2020Q1,2020-03-29,분기말 부채총계,2626000000,USD,계산(부채및자본-총자본),https://www.sec.gov/Archives/edgar/data/1110803/000111080320000033/,부채및자본 7261000000 − 총자본 4635000000
Illumina,ILMN,2020Q1,2020-03-29,분기말 총자본(자기자본),4635000000,USD,공시,https://www.sec.gov/Archives/edgar/data/1110803/000111080320000033/,
Illumina,ILMN,2020Q1,2020-03-29,분기말 지배지분 자본,4635000000,USD,공시(비지배 없음),https://www.sec.gov/Archives/edgar/data/1110803/000111080320000033/,"StockholdersEquityIncludingPortionAttributableToNoncontrollingInterest, MinorityInterest 태그 없음"
Illumina,ILMN,2020Q1,2020-03-27,분기말 종가,269.05,USD,API,https://query1.finance.yahoo.com/v8/finance/chart/ILMN?interval=1d&events=splits (2020-03-27),분할조정 종가 261.7218 × 이후 분할계수 1.028
Illumina,ILMN,2020Q1,2020-04-24,분기말 상장주식수,147000000,주,공시(표지 기준일),https://www.sec.gov/Archives/edgar/data/1110803/000111080320000033/,dei:EntityCommonStockSharesOutstanding 클래스 합
Illumina,ILMN,2020Q1,2020-03-27,분기말 시가총액,39550350000,USD,계산(종가×주식수),https://query1.finance.yahoo.com/v8/finance/chart/ILMN?interval=1d&events=splits (2020-03-27) ; https://www.sec.gov/Archives/edgar/data/1110803/000111080320000033/,종가 269.05 × 주식수 147000000
Illumina,ILMN,2020Q2,2020-06-28,분기별 매출액,633000000,USD,공시,https://www.sec.gov/Archives/edgar/data/1110803/000111080320000051/,
Illumina,ILMN,2020Q2,2020-06-28,분기별 영업이익,96000000,USD,공시,https://www.sec.gov/Archives/edgar/data/1110803/000111080320000051/,
Illumina,ILMN,2020Q2,2020-06-28,분기별 당기순이익(지배),47000000,USD,공시,https://www.sec.gov/Archives/edgar/data/1110803/000111080320000051/,
Illumina,ILMN,2020Q2,2020-06-28,분기별 영업활동현금흐름,240000000,USD,계산(누적차감),https://www.sec.gov/Archives/edgar/data/1110803/000111080320000051/ ; https://www.sec.gov/Archives/edgar/data/1110803/000111080320000033/,누적 521000000 − 직전누적 281000000 (시작 2019-12-30)
Illumina,ILMN,2020Q2,2020-06-28,분기말 자산총계,7248000000,USD,공시,https://www.sec.gov/Archives/edgar/data/1110803/000111080320000051/,
Illumina,ILMN,2020Q2,2020-06-28,분기말 부채총계,2685000000,USD,계산(부채및자본-총자본),https://www.sec.gov/Archives/edgar/data/1110803/000111080320000051/,부채및자본 7248000000 − 총자본 4563000000
Illumina,ILMN,2020Q2,2020-06-28,분기말 총자본(자기자본),4563000000,USD,공시,https://www.sec.gov/Archives/edgar/data/1110803/000111080320000051/,
Illumina,ILMN,2020Q2,2020-06-28,분기말 지배지분 자본,4563000000,USD,공시(비지배 없음),https://www.sec.gov/Archives/edgar/data/1110803/000111080320000051/,"StockholdersEquityIncludingPortionAttributableToNoncontrollingInterest, MinorityInterest 태그 없음"
Illumina,ILMN,2020Q2,2020-06-26,분기말 종가,360.08,USD,API,https://query1.finance.yahoo.com/v8/finance/chart/ILMN?interval=1d&events=splits (2020-06-26),분할조정 종가 350.2724 × 이후 분할계수 1.028
Illumina,ILMN,2020Q2,2020-07-31,분기말 상장주식수,146000000,주,공시(표지 기준일),https://www.sec.gov/Archives/edgar/data/1110803/000111080320000051/,dei:EntityCommonStockSharesOutstanding 클래스 합
Illumina,ILMN,2020Q2,2020-06-26,분기말 시가총액,52571680000,USD,계산(종가×주식수),https://query1.finance.yahoo.com/v8/finance/chart/ILMN?interval=1d&events=splits (2020-06-26) ; https://www.sec.gov/Archives/edgar/data/1110803/000111080320000051/,종가 360.08 × 주식수 146000000
Illumina,ILMN,2020Q3,2020-09-27,분기별 매출액,794000000,USD,공시,https://www.sec.gov/Archives/edgar/data/1110803/000111080320000060/,
Illumina,ILMN,2020Q3,2020-09-27,분기별 영업이익,162000000,USD,공시,https://www.sec.gov/Archives/edgar/data/1110803/000111080320000060/,
Illumina,ILMN,2020Q3,2020-09-27,분기별 당기순이익(지배),179000000,USD,공시,https://www.sec.gov/Archives/edgar/data/1110803/000111080320000060/,
Illumina,ILMN,2020Q3,2020-09-27,분기별 영업활동현금흐름,153000000,USD,계산(누적차감),https://www.sec.gov/Archives/edgar/data/1110803/000111080320000060/ ; https://www.sec.gov/Archives/edgar/data/1110803/000111080320000051/,누적 674000000 − 직전누적 521000000 (시작 2019-12-30)
Illumina,ILMN,2020Q3,2020-09-27,분기말 자산총계,7404000000,USD,공시,https://www.sec.gov/Archives/edgar/data/1110803/000111080320000060/,
Illumina,ILMN,2020Q3,2020-09-27,분기말 부채총계,2704000000,USD,계산(부채및자본-총자본),https://www.sec.gov/Archives/edgar/data/1110803/000111080320000060/,부채및자본 7404000000 − 총자본 4700000000
Illumina,ILMN,2020Q3,2020-09-27,분기말 총자본(자기자본),4700000000,USD,공시,https://www.sec.gov/Archives/edgar/data/1110803/000111080320000060/,
Illumina,ILMN,2020Q3,2020-09-27,분기말 지배지분 자본,4700000000,USD,공시(비지배 없음),https://www.sec.gov/Archives/edgar/data/1110803/000111080320000060/,"StockholdersEquityIncludingPortionAttributableToNoncontrollingInterest, MinorityInterest 태그 없음"
Illumina,ILMN,2020Q3,2020-09-25,분기말 종가,299.89,USD,API,https://query1.finance.yahoo.com/v8/finance/chart/ILMN?interval=1d&events=splits (2020-09-25),분할조정 종가 291.7218 × 이후 분할계수 1.028
Illumina,ILMN,2020Q3,2020-10-23,분기말 상장주식수,146000000,주,공시(표지 기준일),https://www.sec.gov/Archives/edgar/data/1110803/000111080320000060/,dei:EntityCommonStockSharesOutstanding 클래스 합
Illumina,ILMN,2020Q3,2020-09-25,분기말 시가총액,43783940000,USD,계산(종가×주식수),https://query1.finance.yahoo.com/v8/finance/chart/ILMN?interval=1d&events=splits (2020-09-25) ; https://www.sec.gov/Archives/edgar/data/1110803/000111080320000060/,종가 299.89 × 주식수 146000000
Illumina,ILMN,2020Q4,2021-01-03,분기별 매출액,953000000,USD,계산(연간-3분기누적),https://www.sec.gov/Archives/edgar/data/1110803/000111080321000015/ ; https://www.sec.gov/Archives/edgar/data/1110803/000111080320000060/,연간 3239000000 − 9개월누적 2286000000 (RevenueFromContractWithCustomerExcludingAssessedTax)
Illumina,ILMN,2020Q4,2021-01-03,분기별 영업이익,133000000,USD,계산(연간-3분기누적),https://www.sec.gov/Archives/edgar/data/1110803/000111080321000015/ ; https://www.sec.gov/Archives/edgar/data/1110803/000111080320000060/,연간 580000000 − 9개월누적 447000000 (OperatingIncomeLoss)
Illumina,ILMN,2020Q4,2021-01-03,분기별 당기순이익(지배),257000000,USD,계산(연간-3분기누적),https://www.sec.gov/Archives/edgar/data/1110803/000111080321000015/ ; https://www.sec.gov/Archives/edgar/data/1110803/000111080320000060/,연간 656000000 − 9개월누적 399000000 (NetIncomeLoss)
Illumina,ILMN,2020Q4,2021-01-03,분기별 영업활동현금흐름,406000000,USD,계산(누적차감),https://www.sec.gov/Archives/edgar/data/1110803/000111080321000015/ ; https://www.sec.gov/Archives/edgar/data/1110803/000111080320000060/,누적 1080000000 − 직전누적 674000000 (시작 2019-12-30)
Illumina,ILMN,2020Q4,2021-01-03,분기말 자산총계,7585000000,USD,공시,https://www.sec.gov/Archives/edgar/data/1110803/000111080321000015/,
Illumina,ILMN,2020Q4,2021-01-03,분기말 부채총계,2891000000,USD,계산(부채및자본-총자본),https://www.sec.gov/Archives/edgar/data/1110803/000111080321000015/,부채및자본 7585000000 − 총자본 4694000000
Illumina,ILMN,2020Q4,2021-01-03,분기말 총자본(자기자본),4694000000,USD,공시,https://www.sec.gov/Archives/edgar/data/1110803/000111080321000015/,
Illumina,ILMN,2020Q4,2021-01-03,분기말 지배지분 자본,4694000000,USD,공시(비지배 없음),https://www.sec.gov/Archives/edgar/data/1110803/000111080321000015/,"StockholdersEquityIncludingPortionAttributableToNoncontrollingInterest, MinorityInterest 태그 없음"
Illumina,ILMN,2020Q4,2020-12-31,분기말 종가,370.0,USD,API,https://query1.finance.yahoo.com/v8/finance/chart/ILMN?interval=1d&events=splits (2020-12-31),분할조정 종가 359.9222 × 이후 분할계수 1.028
Illumina,ILMN,2020Q4,2021-02-12,분기말 상장주식수,145900000,주,공시(표지 기준일),https://www.sec.gov/Archives/edgar/data/1110803/000111080321000015/,dei:EntityCommonStockSharesOutstanding 클래스 합
Illumina,ILMN,2020Q4,2020-12-31,분기말 시가총액,53983000000,USD,계산(종가×주식수),https://query1.finance.yahoo.com/v8/finance/chart/ILMN?interval=1d&events=splits (2020-12-31) ; https://www.sec.gov/Archives/edgar/data/1110803/000111080321000015/,종가 370.0 × 주식수 145900000
Illumina,ILMN,2021Q1,2021-04-04,분기별 매출액,1093000000,USD,공시,https://www.sec.gov/Archives/edgar/data/1110803/000111080321000030/,
Illumina,ILMN,2021Q1,2021-04-04,분기별 영업이익,193000000,USD,공시,https://www.sec.gov/Archives/edgar/data/1110803/000111080321000030/,
Illumina,ILMN,2021Q1,2021-04-04,분기별 당기순이익(지배),147000000,USD,공시,https://www.sec.gov/Archives/edgar/data/1110803/000111080321000030/,
Illumina,ILMN,2021Q1,2021-04-04,분기별 영업활동현금흐름,282000000,USD,공시,https://www.sec.gov/Archives/edgar/data/1110803/000111080321000030/,
Illumina,ILMN,2021Q1,2021-04-04,분기말 자산총계,8755000000,USD,공시,https://www.sec.gov/Archives/edgar/data/1110803/000111080321000030/,
Illumina,ILMN,2021Q1,2021-04-04,분기말 부채총계,3833000000,USD,계산(부채및자본-총자본),https://www.sec.gov/Archives/edgar/data/1110803/000111080321000030/,부채및자본 8755000000 − 총자본 4922000000
Illumina,ILMN,2021Q1,2021-04-04,분기말 총자본(자기자본),4922000000,USD,공시(비지배 없음),https://www.sec.gov/Archives/edgar/data/1110803/000111080321000030/,"StockholdersEquity, MinorityInterest 태그 없음"
Illumina,ILMN,2021Q1,2021-04-04,분기말 지배지분 자본,4922000000,USD,공시,https://www.sec.gov/Archives/edgar/data/1110803/000111080321000030/,
Illumina,ILMN,2021Q1,2021-04-01,분기말 종가,385.04,USD,API,https://query1.finance.yahoo.com/v8/finance/chart/ILMN?interval=1d&events=splits (2021-04-01),분할조정 종가 374.5525 × 이후 분할계수 1.028
Illumina,ILMN,2021Q1,2021-04-23,분기말 상장주식수,146000000,주,공시(표지 기준일),https://www.sec.gov/Archives/edgar/data/1110803/000111080321000030/,dei:EntityCommonStockSharesOutstanding 클래스 합
Illumina,ILMN,2021Q1,2021-04-01,분기말 시가총액,56215840000,USD,계산(종가×주식수),https://query1.finance.yahoo.com/v8/finance/chart/ILMN?interval=1d&events=splits (2021-04-01) ; https://www.sec.gov/Archives/edgar/data/1110803/000111080321000030/,종가 385.04 × 주식수 146000000
Illumina,ILMN,2021Q2,2021-07-04,분기별 매출액,1126000000,USD,공시,https://www.sec.gov/Archives/edgar/data/1110803/000111080321000042/,
Illumina,ILMN,2021Q2,2021-07-04,분기별 영업이익,187000000,USD,공시,https://www.sec.gov/Archives/edgar/data/1110803/000111080321000042/,
Illumina,ILMN,2021Q2,2021-07-04,분기별 당기순이익(지배),185000000,USD,공시,https://www.sec.gov/Archives/edgar/data/1110803/000111080321000042/,
Illumina,ILMN,2021Q2,2021-07-04,분기별 영업활동현금흐름,253000000,USD,계산(누적차감),https://www.sec.gov/Archives/edgar/data/1110803/000111080321000042/ ; https://www.sec.gov/Archives/edgar/data/1110803/000111080321000030/,누적 535000000 − 직전누적 282000000 (시작 2021-01-04)
Illumina,ILMN,2021Q2,2021-07-04,분기말 자산총계,8675000000,USD,공시,https://www.sec.gov/Archives/edgar/data/1110803/000111080321000042/,
Illumina,ILMN,2021Q2,2021-07-04,분기말 부채총계,3495000000,USD,계산(부채및자본-총자본),https://www.sec.gov/Archives/edgar/data/1110803/000111080321000042/,부채및자본 8675000000 − 총자본 5180000000
Illumina,ILMN,2021Q2,2021-07-04,분기말 총자본(자기자본),5180000000,USD,공시(비지배 없음),https://www.sec.gov/Archives/edgar/data/1110803/000111080321000042/,"StockholdersEquity, MinorityInterest 태그 없음"
Illumina,ILMN,2021Q2,2021-07-04,분기말 지배지분 자본,5180000000,USD,공시,https://www.sec.gov/Archives/edgar/data/1110803/000111080321000042/,
Illumina,ILMN,2021Q2,2021-07-02,분기말 종가,474.73,USD,API,https://query1.finance.yahoo.com/v8/finance/chart/ILMN?interval=1d&events=splits (2021-07-02),분할조정 종가 461.7996 × 이후 분할계수 1.028
Illumina,ILMN,2021Q2,2021-07-30,분기말 상장주식수,146700000,주,공시(표지 기준일),https://www.sec.gov/Archives/edgar/data/1110803/000111080321000042/,dei:EntityCommonStockSharesOutstanding 클래스 합
Illumina,ILMN,2021Q2,2021-07-02,분기말 시가총액,69642891000,USD,계산(종가×주식수),https://query1.finance.yahoo.com/v8/finance/chart/ILMN?interval=1d&events=splits (2021-07-02) ; https://www.sec.gov/Archives/edgar/data/1110803/000111080321000042/,종가 474.73 × 주식수 146700000
Illumina,ILMN,2021Q3,2021-10-03,분기별 매출액,1108000000,USD,공시,https://www.sec.gov/Archives/edgar/data/1110803/000111080321000046/,
Illumina,ILMN,2021Q3,2021-10-03,분기별 영업이익,-545000000,USD,공시,https://www.sec.gov/Archives/edgar/data/1110803/000111080321000046/,
Illumina,ILMN,2021Q3,2021-10-03,분기별 당기순이익(지배),317000000,USD,공시,https://www.sec.gov/Archives/edgar/data/1110803/000111080321000046/,
Illumina,ILMN,2021Q3,2021-10-03,분기별 영업활동현금흐름,-272000000,USD,계산(누적차감),https://www.sec.gov/Archives/edgar/data/1110803/000111080321000046/ ; https://www.sec.gov/Archives/edgar/data/1110803/000111080321000042/,누적 263000000 − 직전누적 535000000 (시작 2021-01-04)
Illumina,ILMN,2021Q3,2021-10-03,분기말 자산총계,15063000000,USD,공시,https://www.sec.gov/Archives/edgar/data/1110803/000111080321000046/,
Illumina,ILMN,2021Q3,2021-10-03,분기말 부채총계,4470000000,USD,계산(부채및자본-총자본),https://www.sec.gov/Archives/edgar/data/1110803/000111080321000046/,부채및자본 15063000000 − 총자본 10593000000
Illumina,ILMN,2021Q3,2021-10-03,분기말 총자본(자기자본),10593000000,USD,공시(비지배 없음),https://www.sec.gov/Archives/edgar/data/1110803/000111080321000046/,"StockholdersEquity, MinorityInterest 태그 없음"
Illumina,ILMN,2021Q3,2021-10-03,분기말 지배지분 자본,10593000000,USD,공시,https://www.sec.gov/Archives/edgar/data/1110803/000111080321000046/,
Illumina,ILMN,2021Q3,2021-10-01,분기말 종가,394.84,USD,API,https://query1.finance.yahoo.com/v8/finance/chart/ILMN?interval=1d&events=splits (2021-10-01),분할조정 종가 384.0856 × 이후 분할계수 1.028
Illumina,ILMN,2021Q3,2021-10-29,분기말 상장주식수,156300000,주,공시(표지 기준일),https://www.sec.gov/Archives/edgar/data/1110803/000111080321000046/,dei:EntityCommonStockSharesOutstanding 클래스 합
Illumina,ILMN,2021Q3,2021-10-01,분기말 시가총액,61713492000,USD,계산(종가×주식수),https://query1.finance.yahoo.com/v8/finance/chart/ILMN?interval=1d&events=splits (2021-10-01) ; https://www.sec.gov/Archives/edgar/data/1110803/000111080321000046/,종가 394.84 × 주식수 156300000
Illumina,ILMN,2021Q4,2022-01-02,분기별 매출액,1199000000,USD,계산(연간-3분기누적),https://www.sec.gov/Archives/edgar/data/1110803/000111080322000013/ ; https://www.sec.gov/Archives/edgar/data/1110803/000111080321000046/,연간 4526000000 − 9개월누적 3327000000 (RevenueFromContractWithCustomerExcludingAssessedTax)
Illumina,ILMN,2021Q4,2022-01-02,분기별 영업이익,41000000,USD,계산(연간-3분기누적),https://www.sec.gov/Archives/edgar/data/1110803/000111080322000013/ ; https://www.sec.gov/Archives/edgar/data/1110803/000111080321000046/,연간 -123000000 − 9개월누적 -164000000 (OperatingIncomeLoss)
Illumina,ILMN,2021Q4,2022-01-02,분기별 당기순이익(지배),112000000,USD,계산(연간-3분기누적),https://www.sec.gov/Archives/edgar/data/1110803/000111080322000013/ ; https://www.sec.gov/Archives/edgar/data/1110803/000111080321000046/,연간 762000000 − 9개월누적 650000000 (NetIncomeLoss)
Illumina,ILMN,2021Q4,2022-01-02,분기별 영업활동현금흐름,282000000,USD,계산(누적차감),https://www.sec.gov/Archives/edgar/data/1110803/000111080322000013/ ; https://www.sec.gov/Archives/edgar/data/1110803/000111080321000046/,누적 545000000 − 직전누적 263000000 (시작 2021-01-04)
Illumina,ILMN,2021Q4,2022-01-02,분기말 자산총계,15217000000,USD,공시,https://www.sec.gov/Archives/edgar/data/1110803/000111080322000013/,
Illumina,ILMN,2021Q4,2022-01-02,분기말 부채총계,4477000000,USD,계산(부채및자본-총자본),https://www.sec.gov/Archives/edgar/data/1110803/000111080322000013/,부채및자본 15217000000 − 총자본 10740000000
Illumina,ILMN,2021Q4,2022-01-02,분기말 총자본(자기자본),10740000000,USD,공시,https://www.sec.gov/Archives/edgar/data/1110803/000111080322000013/,
Illumina,ILMN,2021Q4,2022-01-02,분기말 지배지분 자본,10740000000,USD,공시(비지배 없음),https://www.sec.gov/Archives/edgar/data/1110803/000111080322000013/,"StockholdersEquityIncludingPortionAttributableToNoncontrollingInterest, MinorityInterest 태그 없음"
Illumina,ILMN,2021Q4,2021-12-31,분기말 종가,380.44,USD,API,https://query1.finance.yahoo.com/v8/finance/chart/ILMN?interval=1d&events=splits (2021-12-31),분할조정 종가 370.0778 × 이후 분할계수 1.028
Illumina,ILMN,2021Q4,2022-02-11,분기말 상장주식수,157000000,주,공시(표지 기준일),https://www.sec.gov/Archives/edgar/data/1110803/000111080322000013/,dei:EntityCommonStockSharesOutstanding 클래스 합
Illumina,ILMN,2021Q4,2021-12-31,분기말 시가총액,59729080000,USD,계산(종가×주식수),https://query1.finance.yahoo.com/v8/finance/chart/ILMN?interval=1d&events=splits (2021-12-31) ; https://www.sec.gov/Archives/edgar/data/1110803/000111080322000013/,종가 380.44 × 주식수 157000000
Illumina,ILMN,2022Q1,2022-04-03,분기별 매출액,1223000000,USD,공시,https://www.sec.gov/Archives/edgar/data/1110803/000111080322000021/,
Illumina,ILMN,2022Q1,2022-04-03,분기별 영업이익,184000000,USD,공시,https://www.sec.gov/Archives/edgar/data/1110803/000111080322000021/,
Illumina,ILMN,2022Q1,2022-04-03,분기별 당기순이익(지배),86000000,USD,공시,https://www.sec.gov/Archives/edgar/data/1110803/000111080322000021/,
Illumina,ILMN,2022Q1,2022-04-03,분기별 영업활동현금흐름,172000000,USD,공시,https://www.sec.gov/Archives/edgar/data/1110803/000111080322000021/,
Illumina,ILMN,2022Q1,2022-04-03,분기말 자산총계,15274000000,USD,공시,https://www.sec.gov/Archives/edgar/data/1110803/000111080322000021/,
Illumina,ILMN,2022Q1,2022-04-03,분기말 부채총계,4379000000,USD,계산(부채및자본-총자본),https://www.sec.gov/Archives/edgar/data/1110803/000111080322000021/,부채및자본 15274000000 − 총자본 10895000000
Illumina,ILMN,2022Q1,2022-04-03,분기말 총자본(자기자본),10895000000,USD,공시,https://www.sec.gov/Archives/edgar/data/1110803/000111080322000021/,
Illumina,ILMN,2022Q1,2022-04-03,분기말 지배지분 자본,10895000000,USD,공시,https://www.sec.gov/Archives/edgar/data/1110803/000111080322000021/,
Illumina,ILMN,2022Q1,2022-04-01,분기말 종가,363.9,USD,API,https://query1.finance.yahoo.com/v8/finance/chart/ILMN?interval=1d&events=splits (2022-04-01),분할조정 종가 353.9883 × 이후 분할계수 1.028
Illumina,ILMN,2022Q1,2022-04-29,분기말 상장주식수,157100000,주,공시(표지 기준일),https://www.sec.gov/Archives/edgar/data/1110803/000111080322000021/,dei:EntityCommonStockSharesOutstanding 클래스 합
Illumina,ILMN,2022Q1,2022-04-01,분기말 시가총액,57168690000,USD,계산(종가×주식수),https://query1.finance.yahoo.com/v8/finance/chart/ILMN?interval=1d&events=splits (2022-04-01) ; https://www.sec.gov/Archives/edgar/data/1110803/000111080322000021/,종가 363.9 × 주식수 157100000
Illumina,ILMN,2022Q2,2022-07-03,분기별 매출액,1162000000,USD,공시,https://www.sec.gov/Archives/edgar/data/1110803/000111080322000041/,
Illumina,ILMN,2022Q2,2022-07-03,분기별 영업이익,-579000000,USD,공시,https://www.sec.gov/Archives/edgar/data/1110803/000111080322000041/,
Illumina,ILMN,2022Q2,2022-07-03,분기별 당기순이익(지배),-535000000,USD,공시,https://www.sec.gov/Archives/edgar/data/1110803/000111080322000041/,
Illumina,ILMN,2022Q2,2022-07-03,분기별 영업활동현금흐름,125000000,USD,계산(누적차감),https://www.sec.gov/Archives/edgar/data/1110803/000111080322000041/ ; https://www.sec.gov/Archives/edgar/data/1110803/000111080322000021/,누적 297000000 − 직전누적 172000000 (시작 2022-01-03)
Illumina,ILMN,2022Q2,2022-07-03,분기말 자산총계,15448000000,USD,공시,https://www.sec.gov/Archives/edgar/data/1110803/000111080322000041/,
Illumina,ILMN,2022Q2,2022-07-03,분기말 부채총계,5004000000,USD,계산(부채및자본-총자본),https://www.sec.gov/Archives/edgar/data/1110803/000111080322000041/,부채및자본 15448000000 − 총자본 10444000000
Illumina,ILMN,2022Q2,2022-07-03,분기말 총자본(자기자본),10444000000,USD,공시,https://www.sec.gov/Archives/edgar/data/1110803/000111080322000041/,
Illumina,ILMN,2022Q2,2022-07-03,분기말 지배지분 자본,10444000000,USD,공시,https://www.sec.gov/Archives/edgar/data/1110803/000111080322000041/,
Illumina,ILMN,2022Q2,2022-07-01,분기말 종가,191.04,USD,API,https://query1.finance.yahoo.com/v8/finance/chart/ILMN?interval=1d&events=splits (2022-07-01),분할조정 종가 185.8366 × 이후 분할계수 1.028
Illumina,ILMN,2022Q2,2022-08-05,분기말 상장주식수,157300000,주,공시(표지 기준일),https://www.sec.gov/Archives/edgar/data/1110803/000111080322000041/,dei:EntityCommonStockSharesOutstanding 클래스 합
Illumina,ILMN,2022Q2,2022-07-01,분기말 시가총액,30050592000,USD,계산(종가×주식수),https://query1.finance.yahoo.com/v8/finance/chart/ILMN?interval=1d&events=splits (2022-07-01) ; https://www.sec.gov/Archives/edgar/data/1110803/000111080322000041/,종가 191.04 × 주식수 157300000
Illumina,ILMN,2022Q3,2022-10-02,분기별 매출액,1115000000,USD,공시,https://www.sec.gov/Archives/edgar/data/1110803/000111080322000047/,
Illumina,ILMN,2022Q3,2022-10-02,분기별 영업이익,-3657000000,USD,공시,https://www.sec.gov/Archives/edgar/data/1110803/000111080322000047/,
Illumina,ILMN,2022Q3,2022-10-02,분기별 당기순이익(지배),-3816000000,USD,공시,https://www.sec.gov/Archives/edgar/data/1110803/000111080322000047/,
Illumina,ILMN,2022Q3,2022-10-02,분기별 영업활동현금흐름,-52000000,USD,계산(누적차감),https://www.sec.gov/Archives/edgar/data/1110803/000111080322000047/ ; https://www.sec.gov/Archives/edgar/data/1110803/000111080322000041/,누적 245000000 − 직전누적 297000000 (시작 2022-01-03)
Illumina,ILMN,2022Q3,2022-10-02,분기말 자산총계,11256000000,USD,공시,https://www.sec.gov/Archives/edgar/data/1110803/000111080322000047/,
Illumina,ILMN,2022Q3,2022-10-02,분기말 부채총계,4525000000,USD,계산(부채및자본-총자본),https://www.sec.gov/Archives/edgar/data/1110803/000111080322000047/,부채및자본 11256000000 − 총자본 6731000000
Illumina,ILMN,2022Q3,2022-10-02,분기말 총자본(자기자본),6731000000,USD,공시,https://www.sec.gov/Archives/edgar/data/1110803/000111080322000047/,
Illumina,ILMN,2022Q3,2022-10-02,분기말 지배지분 자본,6731000000,USD,공시,https://www.sec.gov/Archives/edgar/data/1110803/000111080322000047/,
Illumina,ILMN,2022Q3,2022-09-30,분기말 종가,190.79,USD,API,https://query1.finance.yahoo.com/v8/finance/chart/ILMN?interval=1d&events=splits (2022-09-30),분할조정 종가 185.5934 × 이후 분할계수 1.028
Illumina,ILMN,2022Q3,2022-10-28,분기말 상장주식수,157300000,주,공시(표지 기준일),https://www.sec.gov/Archives/edgar/data/1110803/000111080322000047/,dei:EntityCommonStockSharesOutstanding 클래스 합
Illumina,ILMN,2022Q3,2022-09-30,분기말 시가총액,30011267000,USD,계산(종가×주식수),https://query1.finance.yahoo.com/v8/finance/chart/ILMN?interval=1d&events=splits (2022-09-30) ; https://www.sec.gov/Archives/edgar/data/1110803/000111080322000047/,종가 190.79 × 주식수 157300000
Illumina,ILMN,2022Q4,2023-01-01,분기별 매출액,1083000000,USD,계산(연간-3분기누적),https://www.sec.gov/Archives/edgar/data/1110803/000111080323000023/ ; https://www.sec.gov/Archives/edgar/data/1110803/000111080322000047/,연간 4584000000 − 9개월누적 3501000000 (RevenueFromContractWithCustomerExcludingAssessedTax)
Illumina,ILMN,2022Q4,2023-01-01,분기별 영업이익,-127000000,USD,계산(연간-3분기누적),https://www.sec.gov/Archives/edgar/data/1110803/000111080323000023/ ; https://www.sec.gov/Archives/edgar/data/1110803/000111080322000047/,연간 -4179000000 − 9개월누적 -4052000000 (OperatingIncomeLoss)
Illumina,ILMN,2022Q4,2023-01-01,분기별 당기순이익(지배),미확인,USD,미확인,https://www.sec.gov/Archives/edgar/data/1110803/000111080323000023/,
Illumina,ILMN,2022Q4,2023-01-01,분기별 영업활동현금흐름,147000000,USD,계산(누적차감),https://www.sec.gov/Archives/edgar/data/1110803/000111080323000023/ ; https://www.sec.gov/Archives/edgar/data/1110803/000111080322000047/,누적 392000000 − 직전누적 245000000 (시작 2022-01-03)
Illumina,ILMN,2022Q4,2023-01-01,분기말 자산총계,12252000000,USD,공시,https://www.sec.gov/Archives/edgar/data/1110803/000111080323000023/,
Illumina,ILMN,2022Q4,2023-01-01,분기말 부채총계,5653000000,USD,계산(부채및자본-총자본),https://www.sec.gov/Archives/edgar/data/1110803/000111080323000023/,부채및자본 12252000000 − 총자본 6599000000
Illumina,ILMN,2022Q4,2023-01-01,분기말 총자본(자기자본),6599000000,USD,공시,https://www.sec.gov/Archives/edgar/data/1110803/000111080323000023/,
Illumina,ILMN,2022Q4,2023-01-01,분기말 지배지분 자본,6599000000,USD,공시,https://www.sec.gov/Archives/edgar/data/1110803/000111080323000023/,
Illumina,ILMN,2022Q4,2022-12-30,분기말 종가,202.2,USD,API,https://query1.finance.yahoo.com/v8/finance/chart/ILMN?interval=1d&events=splits (2022-12-30),분할조정 종가 196.6926 × 이후 분할계수 1.028
Illumina,ILMN,2022Q4,2023-02-10,분기말 상장주식수,158000000,주,공시(표지 기준일),https://www.sec.gov/Archives/edgar/data/1110803/000111080323000023/,dei:EntityCommonStockSharesOutstanding 클래스 합
Illumina,ILMN,2022Q4,2022-12-30,분기말 시가총액,31947600000,USD,계산(종가×주식수),https://query1.finance.yahoo.com/v8/finance/chart/ILMN?interval=1d&events=splits (2022-12-30) ; https://www.sec.gov/Archives/edgar/data/1110803/000111080323000023/,종가 202.2 × 주식수 158000000
Illumina,ILMN,2023Q1,2023-04-02,분기별 매출액,1087000000,USD,공시,https://www.sec.gov/Archives/edgar/data/1110803/000111080323000035/,
Illumina,ILMN,2023Q1,2023-04-02,분기별 영업이익,-64000000,USD,공시,https://www.sec.gov/Archives/edgar/data/1110803/000111080323000035/,
Illumina,ILMN,2023Q1,2023-04-02,분기별 당기순이익(지배),3000000,USD,공시,https://www.sec.gov/Archives/edgar/data/1110803/000111080323000035/,
Illumina,ILMN,2023Q1,2023-04-02,분기별 영업활동현금흐름,10000000,USD,공시,https://www.sec.gov/Archives/edgar/data/1110803/000111080323000035/,
Illumina,ILMN,2023Q1,2023-04-02,분기말 자산총계,11811000000,USD,공시,https://www.sec.gov/Archives/edgar/data/1110803/000111080323000035/,
Illumina,ILMN,2023Q1,2023-04-02,분기말 부채총계,5118000000,USD,계산(부채및자본-총자본),https://www.sec.gov/Archives/edgar/data/1110803/000111080323000035/,부채및자본 11811000000 − 총자본 6693000000
Illumina,ILMN,2023Q1,2023-04-02,분기말 총자본(자기자본),6693000000,USD,공시,https://www.sec.gov/Archives/edgar/data/1110803/000111080323000035/,
Illumina,ILMN,2023Q1,2023-04-02,분기말 지배지분 자본,6693000000,USD,공시,https://www.sec.gov/Archives/edgar/data/1110803/000111080323000035/,
Illumina,ILMN,2023Q1,2023-03-31,분기말 종가,232.55,USD,API,https://query1.finance.yahoo.com/v8/finance/chart/ILMN?interval=1d&events=splits (2023-03-31),분할조정 종가 226.216 × 이후 분할계수 1.028
Illumina,ILMN,2023Q1,2023-04-28,분기말 상장주식수,158100000,주,공시(표지 기준일),https://www.sec.gov/Archives/edgar/data/1110803/000111080323000035/,dei:EntityCommonStockSharesOutstanding 클래스 합
Illumina,ILMN,2023Q1,2023-03-31,분기말 시가총액,36766155000,USD,계산(종가×주식수),https://query1.finance.yahoo.com/v8/finance/chart/ILMN?interval=1d&events=splits (2023-03-31) ; https://www.sec.gov/Archives/edgar/data/1110803/000111080323000035/,종가 232.55 × 주식수 158100000
Illumina,ILMN,2023Q2,2023-07-02,분기별 매출액,1176000000,USD,공시,https://www.sec.gov/Archives/edgar/data/1110803/000111080323000064/,
Illumina,ILMN,2023Q2,2023-07-02,분기별 영업이익,-88000000,USD,공시,https://www.sec.gov/Archives/edgar/data/1110803/000111080323000064/,
Illumina,ILMN,2023Q2,2023-07-02,분기별 당기순이익(지배),-234000000,USD,공시,https://www.sec.gov/Archives/edgar/data/1110803/000111080323000064/,
Illumina,ILMN,2023Q2,2023-07-02,분기별 영업활동현금흐름,105000000,USD,계산(누적차감),https://www.sec.gov/Archives/edgar/data/1110803/000111080323000064/ ; https://www.sec.gov/Archives/edgar/data/1110803/000111080323000035/,누적 115000000 − 직전누적 10000000 (시작 2023-01-02)
Illumina,ILMN,2023Q2,2023-07-02,분기말 자산총계,11774000000,USD,공시,https://www.sec.gov/Archives/edgar/data/1110803/000111080323000064/,
Illumina,ILMN,2023Q2,2023-07-02,분기말 부채총계,5219000000,USD,계산(부채및자본-총자본),https://www.sec.gov/Archives/edgar/data/1110803/000111080323000064/,부채및자본 11774000000 − 총자본 6555000000
Illumina,ILMN,2023Q2,2023-07-02,분기말 총자본(자기자본),6555000000,USD,공시,https://www.sec.gov/Archives/edgar/data/1110803/000111080323000064/,
Illumina,ILMN,2023Q2,2023-07-02,분기말 지배지분 자본,6555000000,USD,공시,https://www.sec.gov/Archives/edgar/data/1110803/000111080323000064/,
Illumina,ILMN,2023Q2,2023-06-30,분기말 종가,187.49,USD,API,https://query1.finance.yahoo.com/v8/finance/chart/ILMN?interval=1d&events=splits (2023-06-30),분할조정 종가 182.3833 × 이후 분할계수 1.028
Illumina,ILMN,2023Q2,2023-08-04,분기말 상장주식수,158300000,주,공시(표지 기준일),https://www.sec.gov/Archives/edgar/data/1110803/000111080323000064/,dei:EntityCommonStockSharesOutstanding 클래스 합
Illumina,ILMN,2023Q2,2023-06-30,분기말 시가총액,29679667000,USD,계산(종가×주식수),https://query1.finance.yahoo.com/v8/finance/chart/ILMN?interval=1d&events=splits (2023-06-30) ; https://www.sec.gov/Archives/edgar/data/1110803/000111080323000064/,종가 187.49 × 주식수 158300000
Illumina,ILMN,2023Q3,2023-10-01,분기별 매출액,1119000000,USD,공시,https://www.sec.gov/Archives/edgar/data/1110803/000111080323000086/,
Illumina,ILMN,2023Q3,2023-10-01,분기별 영업이익,-754000000,USD,공시,https://www.sec.gov/Archives/edgar/data/1110803/000111080323000086/,
Illumina,ILMN,2023Q3,2023-10-01,분기별 당기순이익(지배),-754000000,USD,공시,https://www.sec.gov/Archives/edgar/data/1110803/000111080323000086/,
Illumina,ILMN,2023Q3,2023-10-01,분기별 영업활동현금흐름,139000000,USD,계산(누적차감),https://www.sec.gov/Archives/edgar/data/1110803/000111080323000086/ ; https://www.sec.gov/Archives/edgar/data/1110803/000111080323000064/,누적 254000000 − 직전누적 115000000 (시작 2023-01-02)
Illumina,ILMN,2023Q3,2023-10-01,분기말 자산총계,10122000000,USD,공시,https://www.sec.gov/Archives/edgar/data/1110803/000111080323000086/,
Illumina,ILMN,2023Q3,2023-10-01,분기말 부채총계,4224000000,USD,계산(부채및자본-총자본),https://www.sec.gov/Archives/edgar/data/1110803/000111080323000086/,부채및자본 10122000000 − 총자본 5898000000
Illumina,ILMN,2023Q3,2023-10-01,분기말 총자본(자기자본),5898000000,USD,공시,https://www.sec.gov/Archives/edgar/data/1110803/000111080323000086/,
Illumina,ILMN,2023Q3,2023-10-01,분기말 지배지분 자본,5898000000,USD,공시,https://www.sec.gov/Archives/edgar/data/1110803/000111080323000086/,
Illumina,ILMN,2023Q3,2023-09-29,분기말 종가,137.28,USD,API,https://query1.finance.yahoo.com/v8/finance/chart/ILMN?interval=1d&events=splits (2023-09-29),분할조정 종가 133.5409 × 이후 분할계수 1.028
Illumina,ILMN,2023Q3,2023-11-06,분기말 상장주식수,158800000,주,공시(표지 기준일),https://www.sec.gov/Archives/edgar/data/1110803/000111080323000086/,dei:EntityCommonStockSharesOutstanding 클래스 합
Illumina,ILMN,2023Q3,2023-09-29,분기말 시가총액,21800064000,USD,계산(종가×주식수),https://query1.finance.yahoo.com/v8/finance/chart/ILMN?interval=1d&events=splits (2023-09-29) ; https://www.sec.gov/Archives/edgar/data/1110803/000111080323000086/,종가 137.28 × 주식수 158800000
Illumina,ILMN,2023Q4,2023-12-31,분기별 매출액,1122000000,USD,계산(연간-3분기누적),https://www.sec.gov/Archives/edgar/data/1110803/000111080324000010/ ; https://www.sec.gov/Archives/edgar/data/1110803/000111080323000086/,연간 4504000000 − 9개월누적 3382000000 (RevenueFromContractWithCustomerExcludingAssessedTax)
Illumina,ILMN,2023Q4,2023-12-31,분기별 영업이익,-164000000,USD,계산(연간-3분기누적),https://www.sec.gov/Archives/edgar/data/1110803/000111080324000010/ ; https://www.sec.gov/Archives/edgar/data/1110803/000111080323000086/,연간 -1069000000 − 9개월누적 -905000000 (OperatingIncomeLoss)
Illumina,ILMN,2023Q4,2023-12-31,분기별 당기순이익(지배),-175000000,USD,계산(연간-3분기누적),https://www.sec.gov/Archives/edgar/data/1110803/000111080324000010/ ; https://www.sec.gov/Archives/edgar/data/1110803/000111080323000086/,연간 -1161000000 − 9개월누적 -986000000 (NetIncomeLoss)
Illumina,ILMN,2023Q4,2023-12-31,분기별 영업활동현금흐름,224000000,USD,계산(누적차감),https://www.sec.gov/Archives/edgar/data/1110803/000111080324000010/ ; https://www.sec.gov/Archives/edgar/data/1110803/000111080323000086/,누적 478000000 − 직전누적 254000000 (시작 2023-01-02)
Illumina,ILMN,2023Q4,2023-12-31,분기말 자산총계,10111000000,USD,공시,https://www.sec.gov/Archives/edgar/data/1110803/000111080324000010/,
Illumina,ILMN,2023Q4,2023-12-31,분기말 부채총계,4366000000,USD,계산(부채및자본-총자본),https://www.sec.gov/Archives/edgar/data/1110803/000111080324000010/,부채및자본 10111000000 − 총자본 5745000000
Illumina,ILMN,2023Q4,2023-12-31,분기말 총자본(자기자본),5745000000,USD,공시,https://www.sec.gov/Archives/edgar/data/1110803/000111080324000010/,
Illumina,ILMN,2023Q4,2023-12-31,분기말 지배지분 자본,5745000000,USD,공시,https://www.sec.gov/Archives/edgar/data/1110803/000111080324000010/,
Illumina,ILMN,2023Q4,2023-12-29,분기말 종가,139.24,USD,API,https://query1.finance.yahoo.com/v8/finance/chart/ILMN?interval=1d&events=splits (2023-12-29),분할조정 종가 135.4475 × 이후 분할계수 1.028
Illumina,ILMN,2023Q4,2024-02-09,분기말 상장주식수,158900000,주,공시(표지 기준일),https://www.sec.gov/Archives/edgar/data/1110803/000111080324000010/,dei:EntityCommonStockSharesOutstanding 클래스 합
Illumina,ILMN,2023Q4,2023-12-29,분기말 시가총액,22125236000,USD,계산(종가×주식수),https://query1.finance.yahoo.com/v8/finance/chart/ILMN?interval=1d&events=splits (2023-12-29) ; https://www.sec.gov/Archives/edgar/data/1110803/000111080324000010/,종가 139.24 × 주식수 158900000
Illumina,ILMN,2024Q1,2024-03-31,분기별 매출액,1076000000,USD,공시,https://www.sec.gov/Archives/edgar/data/1110803/000111080324000024/,
Illumina,ILMN,2024Q1,2024-03-31,분기별 영업이익,-111000000,USD,공시,https://www.sec.gov/Archives/edgar/data/1110803/000111080324000024/,
Illumina,ILMN,2024Q1,2024-03-31,분기별 당기순이익(지배),-126000000,USD,공시,https://www.sec.gov/Archives/edgar/data/1110803/000111080324000024/,
Illumina,ILMN,2024Q1,2024-03-31,분기별 영업활동현금흐름,77000000,USD,공시,https://www.sec.gov/Archives/edgar/data/1110803/000111080324000024/,
Illumina,ILMN,2024Q1,2024-03-31,분기말 자산총계,10040000000,USD,공시,https://www.sec.gov/Archives/edgar/data/1110803/000111080324000024/,
Illumina,ILMN,2024Q1,2024-03-31,분기말 부채총계,4306000000,USD,계산(부채및자본-총자본),https://www.sec.gov/Archives/edgar/data/1110803/000111080324000024/,부채및자본 10040000000 − 총자본 5734000000
Illumina,ILMN,2024Q1,2024-03-31,분기말 총자본(자기자본),5734000000,USD,공시,https://www.sec.gov/Archives/edgar/data/1110803/000111080324000024/,
Illumina,ILMN,2024Q1,2024-03-31,분기말 지배지분 자본,5734000000,USD,공시,https://www.sec.gov/Archives/edgar/data/1110803/000111080324000024/,
Illumina,ILMN,2024Q1,2024-03-28,분기말 종가,137.32,USD,API,https://query1.finance.yahoo.com/v8/finance/chart/ILMN?interval=1d&events=splits (2024-03-28),분할조정 종가 133.5798 × 이후 분할계수 1.028
Illumina,ILMN,2024Q1,2024-04-26,분기말 상장주식수,159300000,주,공시(표지 기준일),https://www.sec.gov/Archives/edgar/data/1110803/000111080324000024/,dei:EntityCommonStockSharesOutstanding 클래스 합
Illumina,ILMN,2024Q1,2024-03-28,분기말 시가총액,21875076000,USD,계산(종가×주식수),https://query1.finance.yahoo.com/v8/finance/chart/ILMN?interval=1d&events=splits (2024-03-28) ; https://www.sec.gov/Archives/edgar/data/1110803/000111080324000024/,종가 137.32 × 주식수 159300000
Illumina,ILMN,2024Q2,2024-06-30,분기별 매출액,1112000000,USD,공시,https://www.sec.gov/Archives/edgar/data/1110803/000111080324000044/,
Illumina,ILMN,2024Q2,2024-06-30,분기별 영업이익,-1637000000,USD,공시,https://www.sec.gov/Archives/edgar/data/1110803/000111080324000044/,
Illumina,ILMN,2024Q2,2024-06-30,분기별 당기순이익(지배),-1988000000,USD,공시,https://www.sec.gov/Archives/edgar/data/1110803/000111080324000044/,
Illumina,ILMN,2024Q2,2024-06-30,분기별 영업활동현금흐름,80000000,USD,계산(누적차감),https://www.sec.gov/Archives/edgar/data/1110803/000111080324000044/ ; https://www.sec.gov/Archives/edgar/data/1110803/000111080324000024/,누적 157000000 − 직전누적 77000000 (시작 2024-01-01)
Illumina,ILMN,2024Q2,2024-06-30,분기말 자산총계,6081000000,USD,공시,https://www.sec.gov/Archives/edgar/data/1110803/000111080324000044/,
Illumina,ILMN,2024Q2,2024-06-30,분기말 부채총계,4645000000,USD,계산(부채및자본-총자본),https://www.sec.gov/Archives/edgar/data/1110803/000111080324000044/,부채및자본 6081000000 − 총자본 1436000000
Illumina,ILMN,2024Q2,2024-06-30,분기말 총자본(자기자본),1436000000,USD,공시,https://www.sec.gov/Archives/edgar/data/1110803/000111080324000044/,
Illumina,ILMN,2024Q2,2024-06-30,분기말 지배지분 자본,1436000000,USD,공시,https://www.sec.gov/Archives/edgar/data/1110803/000111080324000044/,
Illumina,ILMN,2024Q2,2024-06-28,분기말 종가,104.38,USD,API,https://query1.finance.yahoo.com/v8/finance/chart/ILMN?interval=1d&events=splits (2024-06-28),
Illumina,ILMN,2024Q2,2024-08-02,분기말 상장주식수,159300000,주,공시(표지 기준일),https://www.sec.gov/Archives/edgar/data/1110803/000111080324000044/,dei:EntityCommonStockSharesOutstanding 클래스 합
Illumina,ILMN,2024Q2,2024-06-28,분기말 시가총액,16627734000,USD,계산(종가×주식수),https://query1.finance.yahoo.com/v8/finance/chart/ILMN?interval=1d&events=splits (2024-06-28) ; https://www.sec.gov/Archives/edgar/data/1110803/000111080324000044/,종가 104.38 × 주식수 159300000
Illumina,ILMN,2024Q3,2024-09-29,분기별 매출액,1080000000,USD,공시,https://www.sec.gov/Archives/edgar/data/1110803/000111080324000052/,
Illumina,ILMN,2024Q3,2024-09-29,분기별 영업이익,741000000,USD,공시,https://www.sec.gov/Archives/edgar/data/1110803/000111080324000052/,
Illumina,ILMN,2024Q3,2024-09-29,분기별 당기순이익(지배),705000000,USD,공시,https://www.sec.gov/Archives/edgar/data/1110803/000111080324000052/,
Illumina,ILMN,2024Q3,2024-09-29,분기별 영업활동현금흐름,316000000,USD,계산(누적차감),https://www.sec.gov/Archives/edgar/data/1110803/000111080324000052/ ; https://www.sec.gov/Archives/edgar/data/1110803/000111080324000044/,누적 473000000 − 직전누적 157000000 (시작 2024-01-01)
Illumina,ILMN,2024Q3,2024-09-29,분기말 자산총계,6014000000,USD,공시,https://www.sec.gov/Archives/edgar/data/1110803/000111080324000052/,
Illumina,ILMN,2024Q3,2024-09-29,분기말 부채총계,3889000000,USD,계산(부채및자본-총자본),https://www.sec.gov/Archives/edgar/data/1110803/000111080324000052/,부채및자본 6014000000 − 총자본 2125000000
Illumina,ILMN,2024Q3,2024-09-29,분기말 총자본(자기자본),2125000000,USD,공시,https://www.sec.gov/Archives/edgar/data/1110803/000111080324000052/,
Illumina,ILMN,2024Q3,2024-09-29,분기말 지배지분 자본,2125000000,USD,공시,https://www.sec.gov/Archives/edgar/data/1110803/000111080324000052/,
Illumina,ILMN,2024Q3,2024-09-27,분기말 종가,130.12,USD,API,https://query1.finance.yahoo.com/v8/finance/chart/ILMN?interval=1d&events=splits (2024-09-27),
Illumina,ILMN,2024Q3,2024-11-01,분기말 상장주식수,158600000,주,공시(표지 기준일),https://www.sec.gov/Archives/edgar/data/1110803/000111080324000052/,dei:EntityCommonStockSharesOutstanding 클래스 합
Illumina,ILMN,2024Q3,2024-09-27,분기말 시가총액,20637032000,USD,계산(종가×주식수),https://query1.finance.yahoo.com/v8/finance/chart/ILMN?interval=1d&events=splits (2024-09-27) ; https://www.sec.gov/Archives/edgar/data/1110803/000111080324000052/,종가 130.12 × 주식수 158600000
Illumina,ILMN,2024Q4,2024-12-29,분기별 매출액,1104000000,USD,계산(연간-3분기누적),https://www.sec.gov/Archives/edgar/data/1110803/000111080325000019/ ; https://www.sec.gov/Archives/edgar/data/1110803/000111080324000052/,연간 4372000000 − 9개월누적 3268000000 (RevenueFromContractWithCustomerExcludingAssessedTax)
Illumina,ILMN,2024Q4,2024-12-29,분기별 영업이익,175000000,USD,계산(연간-3분기누적),https://www.sec.gov/Archives/edgar/data/1110803/000111080325000019/ ; https://www.sec.gov/Archives/edgar/data/1110803/000111080324000052/,연간 -833000000 − 9개월누적 -1008000000 (OperatingIncomeLoss)
Illumina,ILMN,2024Q4,2024-12-29,분기별 당기순이익(지배),187000000,USD,계산(연간-3분기누적),https://www.sec.gov/Archives/edgar/data/1110803/000111080325000019/ ; https://www.sec.gov/Archives/edgar/data/1110803/000111080324000052/,연간 -1223000000 − 9개월누적 -1410000000 (NetIncomeLoss)
Illumina,ILMN,2024Q4,2024-12-29,분기별 영업활동현금흐름,364000000,USD,계산(누적차감),https://www.sec.gov/Archives/edgar/data/1110803/000111080325000019/ ; https://www.sec.gov/Archives/edgar/data/1110803/000111080324000052/,누적 837000000 − 직전누적 473000000 (시작 2024-01-01)
Illumina,ILMN,2024Q4,2024-12-29,분기말 자산총계,6303000000,USD,공시,https://www.sec.gov/Archives/edgar/data/1110803/000111080325000019/,
Illumina,ILMN,2024Q4,2024-12-29,분기말 부채총계,3930000000,USD,계산(부채및자본-총자본),https://www.sec.gov/Archives/edgar/data/1110803/000111080325000019/,부채및자본 6303000000 − 총자본 2373000000
Illumina,ILMN,2024Q4,2024-12-29,분기말 총자본(자기자본),2373000000,USD,공시(비지배 없음),https://www.sec.gov/Archives/edgar/data/1110803/000111080325000019/,"StockholdersEquity, MinorityInterest 태그 없음"
Illumina,ILMN,2024Q4,2024-12-29,분기말 지배지분 자본,2373000000,USD,공시,https://www.sec.gov/Archives/edgar/data/1110803/000111080325000019/,
Illumina,ILMN,2024Q4,2024-12-27,분기말 종가,135.27,USD,API,https://query1.finance.yahoo.com/v8/finance/chart/ILMN?interval=1d&events=splits (2024-12-27),
Illumina,ILMN,2024Q4,2025-02-07,분기말 상장주식수,158400000,주,공시(표지 기준일),https://www.sec.gov/Archives/edgar/data/1110803/000111080325000019/,dei:EntityCommonStockSharesOutstanding 클래스 합
Illumina,ILMN,2024Q4,2024-12-27,분기말 시가총액,21426768000,USD,계산(종가×주식수),https://query1.finance.yahoo.com/v8/finance/chart/ILMN?interval=1d&events=splits (2024-12-27) ; https://www.sec.gov/Archives/edgar/data/1110803/000111080325000019/,종가 135.27 × 주식수 158400000
Illumina,ILMN,2025Q1,2025-03-30,분기별 매출액,1041000000,USD,공시,https://www.sec.gov/Archives/edgar/data/1110803/000111080325000046/,
Illumina,ILMN,2025Q1,2025-03-30,분기별 영업이익,164000000,USD,공시,https://www.sec.gov/Archives/edgar/data/1110803/000111080325000046/,
Illumina,ILMN,2025Q1,2025-03-30,분기별 당기순이익(지배),131000000,USD,공시,https://www.sec.gov/Archives/edgar/data/1110803/000111080325000046/,
Illumina,ILMN,2025Q1,2025-03-30,분기별 영업활동현금흐름,240000000,USD,공시,https://www.sec.gov/Archives/edgar/data/1110803/000111080325000046/,
Illumina,ILMN,2025Q1,2025-03-30,분기말 자산총계,6182000000,USD,공시,https://www.sec.gov/Archives/edgar/data/1110803/000111080325000046/,
Illumina,ILMN,2025Q1,2025-03-30,분기말 부채총계,3814000000,USD,계산(부채및자본-총자본),https://www.sec.gov/Archives/edgar/data/1110803/000111080325000046/,부채및자본 6182000000 − 총자본 2368000000
Illumina,ILMN,2025Q1,2025-03-30,분기말 총자본(자기자본),2368000000,USD,공시(비지배 없음),https://www.sec.gov/Archives/edgar/data/1110803/000111080325000046/,"StockholdersEquity, MinorityInterest 태그 없음"
Illumina,ILMN,2025Q1,2025-03-30,분기말 지배지분 자본,2368000000,USD,공시,https://www.sec.gov/Archives/edgar/data/1110803/000111080325000046/,
Illumina,ILMN,2025Q1,2025-03-28,분기말 종가,80.0,USD,API,https://query1.finance.yahoo.com/v8/finance/chart/ILMN?interval=1d&events=splits (2025-03-28),
Illumina,ILMN,2025Q1,2025-05-02,분기말 상장주식수,158300000,주,공시(표지 기준일),https://www.sec.gov/Archives/edgar/data/1110803/000111080325000046/,dei:EntityCommonStockSharesOutstanding 클래스 합
Illumina,ILMN,2025Q1,2025-03-28,분기말 시가총액,12664000000,USD,계산(종가×주식수),https://query1.finance.yahoo.com/v8/finance/chart/ILMN?interval=1d&events=splits (2025-03-28) ; https://www.sec.gov/Archives/edgar/data/1110803/000111080325000046/,종가 80.0 × 주식수 158300000
Illumina,ILMN,2025Q2,2025-06-29,분기별 매출액,1059000000,USD,공시,https://www.sec.gov/Archives/edgar/data/1110803/000111080325000060/,
Illumina,ILMN,2025Q2,2025-06-29,분기별 영업이익,214000000,USD,공시,https://www.sec.gov/Archives/edgar/data/1110803/000111080325000060/,
Illumina,ILMN,2025Q2,2025-06-29,분기별 당기순이익(지배),235000000,USD,공시,https://www.sec.gov/Archives/edgar/data/1110803/000111080325000060/,
Illumina,ILMN,2025Q2,2025-06-29,분기별 영업활동현금흐름,234000000,USD,계산(누적차감),https://www.sec.gov/Archives/edgar/data/1110803/000111080325000060/ ; https://www.sec.gov/Archives/edgar/data/1110803/000111080325000046/,누적 474000000 − 직전누적 240000000 (시작 2024-12-30)
Illumina,ILMN,2025Q2,2025-06-29,분기말 자산총계,6087000000,USD,공시,https://www.sec.gov/Archives/edgar/data/1110803/000111080325000060/,
Illumina,ILMN,2025Q2,2025-06-29,분기말 부채총계,3829000000,USD,계산(부채및자본-총자본),https://www.sec.gov/Archives/edgar/data/1110803/000111080325000060/,부채및자본 6087000000 − 총자본 2258000000
Illumina,ILMN,2025Q2,2025-06-29,분기말 총자본(자기자본),2258000000,USD,공시(비지배 없음),https://www.sec.gov/Archives/edgar/data/1110803/000111080325000060/,"StockholdersEquity, MinorityInterest 태그 없음"
Illumina,ILMN,2025Q2,2025-06-29,분기말 지배지분 자본,2258000000,USD,공시,https://www.sec.gov/Archives/edgar/data/1110803/000111080325000060/,
Illumina,ILMN,2025Q2,2025-06-27,분기말 종가,94.79,USD,API,https://query1.finance.yahoo.com/v8/finance/chart/ILMN?interval=1d&events=splits (2025-06-27),
Illumina,ILMN,2025Q2,2025-07-25,분기말 상장주식수,153700000,주,공시(표지 기준일),https://www.sec.gov/Archives/edgar/data/1110803/000111080325000060/,dei:EntityCommonStockSharesOutstanding 클래스 합
Illumina,ILMN,2025Q2,2025-06-27,분기말 시가총액,14569223000,USD,계산(종가×주식수),https://query1.finance.yahoo.com/v8/finance/chart/ILMN?interval=1d&events=splits (2025-06-27) ; https://www.sec.gov/Archives/edgar/data/1110803/000111080325000060/,종가 94.79 × 주식수 153700000
Illumina,ILMN,2025Q3,2025-09-28,분기별 매출액,1084000000,USD,공시,https://www.sec.gov/Archives/edgar/data/1110803/000111080325000073/,
Illumina,ILMN,2025Q3,2025-09-28,분기별 영업이익,227000000,USD,공시,https://www.sec.gov/Archives/edgar/data/1110803/000111080325000073/,
Illumina,ILMN,2025Q3,2025-09-28,분기별 당기순이익(지배),150000000,USD,공시,https://www.sec.gov/Archives/edgar/data/1110803/000111080325000073/,
Illumina,ILMN,2025Q3,2025-09-28,분기별 영업활동현금흐름,284000000,USD,계산(누적차감),https://www.sec.gov/Archives/edgar/data/1110803/000111080325000073/ ; https://www.sec.gov/Archives/edgar/data/1110803/000111080325000060/,누적 758000000 − 직전누적 474000000 (시작 2024-12-30)
Illumina,ILMN,2025Q3,2025-09-28,분기말 자산총계,6177000000,USD,공시,https://www.sec.gov/Archives/edgar/data/1110803/000111080325000073/,
Illumina,ILMN,2025Q3,2025-09-28,분기말 부채총계,3796000000,USD,계산(부채및자본-총자본),https://www.sec.gov/Archives/edgar/data/1110803/000111080325000073/,부채및자본 6177000000 − 총자본 2381000000
Illumina,ILMN,2025Q3,2025-09-28,분기말 총자본(자기자본),2381000000,USD,공시(비지배 없음),https://www.sec.gov/Archives/edgar/data/1110803/000111080325000073/,"StockholdersEquity, MinorityInterest 태그 없음"
Illumina,ILMN,2025Q3,2025-09-28,분기말 지배지분 자본,2381000000,USD,공시,https://www.sec.gov/Archives/edgar/data/1110803/000111080325000073/,
Illumina,ILMN,2025Q3,2025-09-26,분기말 종가,91.69,USD,API,https://query1.finance.yahoo.com/v8/finance/chart/ILMN?interval=1d&events=splits (2025-09-26),
Illumina,ILMN,2025Q3,2025-10-24,분기말 상장주식수,152800000,주,공시(표지 기준일),https://www.sec.gov/Archives/edgar/data/1110803/000111080325000073/,dei:EntityCommonStockSharesOutstanding 클래스 합
Illumina,ILMN,2025Q3,2025-09-26,분기말 시가총액,14010232000,USD,계산(종가×주식수),https://query1.finance.yahoo.com/v8/finance/chart/ILMN?interval=1d&events=splits (2025-09-26) ; https://www.sec.gov/Archives/edgar/data/1110803/000111080325000073/,종가 91.69 × 주식수 152800000
Illumina,ILMN,2025Q4,2025-12-28,분기별 매출액,1159000000,USD,계산(연간-3분기누적),https://www.sec.gov/Archives/edgar/data/1110803/000111080326000024/ ; https://www.sec.gov/Archives/edgar/data/1110803/000111080325000073/,연간 4343000000 − 9개월누적 3184000000 (RevenueFromContractWithCustomerExcludingAssessedTax)
Illumina,ILMN,2025Q4,2025-12-28,분기별 영업이익,201000000,USD,계산(연간-3분기누적),https://www.sec.gov/Archives/edgar/data/1110803/000111080326000024/ ; https://www.sec.gov/Archives/edgar/data/1110803/000111080325000073/,연간 807000000 − 9개월누적 606000000 (OperatingIncomeLoss)
Illumina,ILMN,2025Q4,2025-12-28,분기별 당기순이익(지배),334000000,USD,계산(연간-3분기누적),https://www.sec.gov/Archives/edgar/data/1110803/000111080326000024/ ; https://www.sec.gov/Archives/edgar/data/1110803/000111080325000073/,연간 850000000 − 9개월누적 516000000 (NetIncomeLoss)
Illumina,ILMN,2025Q4,2025-12-28,분기별 영업활동현금흐름,321000000,USD,계산(누적차감),https://www.sec.gov/Archives/edgar/data/1110803/000111080326000024/ ; https://www.sec.gov/Archives/edgar/data/1110803/000111080325000073/,누적 1079000000 − 직전누적 758000000 (시작 2024-12-30)
Illumina,ILMN,2025Q4,2025-12-28,분기말 자산총계,6644000000,USD,공시,https://www.sec.gov/Archives/edgar/data/1110803/000111080326000024/,
Illumina,ILMN,2025Q4,2025-12-28,분기말 부채총계,3921000000,USD,계산(부채및자본-총자본),https://www.sec.gov/Archives/edgar/data/1110803/000111080326000024/,부채및자본 6644000000 − 총자본 2723000000
Illumina,ILMN,2025Q4,2025-12-28,분기말 총자본(자기자본),2723000000,USD,공시(비지배 없음),https://www.sec.gov/Archives/edgar/data/1110803/000111080326000024/,"StockholdersEquity, MinorityInterest 태그 없음"
Illumina,ILMN,2025Q4,2025-12-28,분기말 지배지분 자본,2723000000,USD,공시,https://www.sec.gov/Archives/edgar/data/1110803/000111080326000024/,
Illumina,ILMN,2025Q4,2025-12-26,분기말 종가,134.95,USD,API,https://query1.finance.yahoo.com/v8/finance/chart/ILMN?interval=1d&events=splits (2025-12-26),
Illumina,ILMN,2025Q4,2026-02-06,분기말 상장주식수,152900000,주,공시(표지 기준일),https://www.sec.gov/Archives/edgar/data/1110803/000111080326000024/,dei:EntityCommonStockSharesOutstanding 클래스 합
Illumina,ILMN,2025Q4,2025-12-26,분기말 시가총액,20633855000,USD,계산(종가×주식수),https://query1.finance.yahoo.com/v8/finance/chart/ILMN?interval=1d&events=splits (2025-12-26) ; https://www.sec.gov/Archives/edgar/data/1110803/000111080326000024/,종가 134.95 × 주식수 152900000
Illumina,ILMN,2026Q1,2026-03-29,분기별 매출액,1091000000,USD,공시,https://www.sec.gov/Archives/edgar/data/1110803/000111080326000092/,
Illumina,ILMN,2026Q1,2026-03-29,분기별 영업이익,209000000,USD,공시,https://www.sec.gov/Archives/edgar/data/1110803/000111080326000092/,
Illumina,ILMN,2026Q1,2026-03-29,분기별 당기순이익(지배),134000000,USD,공시,https://www.sec.gov/Archives/edgar/data/1110803/000111080326000092/,
Illumina,ILMN,2026Q1,2026-03-29,분기별 영업활동현금흐름,289000000,USD,공시,https://www.sec.gov/Archives/edgar/data/1110803/000111080326000092/,
Illumina,ILMN,2026Q1,2026-03-29,분기말 자산총계,6559000000,USD,공시,https://www.sec.gov/Archives/edgar/data/1110803/000111080326000092/,
Illumina,ILMN,2026Q1,2026-03-29,분기말 부채총계,3883000000,USD,계산(부채및자본-총자본),https://www.sec.gov/Archives/edgar/data/1110803/000111080326000092/,부채및자본 6559000000 − 총자본 2676000000
Illumina,ILMN,2026Q1,2026-03-29,분기말 총자본(자기자본),2676000000,USD,공시(비지배 없음),https://www.sec.gov/Archives/edgar/data/1110803/000111080326000092/,"StockholdersEquity, MinorityInterest 태그 없음"
Illumina,ILMN,2026Q1,2026-03-29,분기말 지배지분 자본,2676000000,USD,공시,https://www.sec.gov/Archives/edgar/data/1110803/000111080326000092/,
Illumina,ILMN,2026Q1,2026-03-27,분기말 종가,117.67,USD,API,https://query1.finance.yahoo.com/v8/finance/chart/ILMN?interval=1d&events=splits (2026-03-27),
Illumina,ILMN,2026Q1,2026-04-24,분기말 상장주식수,151300000,주,공시(표지 기준일),https://www.sec.gov/Archives/edgar/data/1110803/000111080326000092/,dei:EntityCommonStockSharesOutstanding 클래스 합
Illumina,ILMN,2026Q1,2026-03-27,분기말 시가총액,17803471000,USD,계산(종가×주식수),https://query1.finance.yahoo.com/v8/finance/chart/ILMN?interval=1d&events=splits (2026-03-27) ; https://www.sec.gov/Archives/edgar/data/1110803/000111080326000092/,종가 117.67 × 주식수 151300000
Illumina,ILMN,2026Q2,2026-06-28,분기별 매출액,1159000000,USD,공시,https://www.sec.gov/Archives/edgar/data/1110803/000111080326000160/,
Illumina,ILMN,2026Q2,2026-06-28,분기별 영업이익,245000000,USD,공시,https://www.sec.gov/Archives/edgar/data/1110803/000111080326000160/,
Illumina,ILMN,2026Q2,2026-06-28,분기별 당기순이익(지배),207000000,USD,공시,https://www.sec.gov/Archives/edgar/data/1110803/000111080326000160/,
Illumina,ILMN,2026Q2,2026-06-28,분기별 영업활동현금흐름,201000000,USD,계산(누적차감),https://www.sec.gov/Archives/edgar/data/1110803/000111080326000160/ ; https://www.sec.gov/Archives/edgar/data/1110803/000111080326000092/,누적 490000000 − 직전누적 289000000 (시작 2025-12-29)
Illumina,ILMN,2026Q2,2026-06-28,분기말 자산총계,6650000000,USD,공시,https://www.sec.gov/Archives/edgar/data/1110803/000111080326000160/,
Illumina,ILMN,2026Q2,2026-06-28,분기말 부채총계,3812000000,USD,계산(부채및자본-총자본),https://www.sec.gov/Archives/edgar/data/1110803/000111080326000160/,부채및자본 6650000000 − 총자본 2838000000
Illumina,ILMN,2026Q2,2026-06-28,분기말 총자본(자기자본),2838000000,USD,공시(비지배 없음),https://www.sec.gov/Archives/edgar/data/1110803/000111080326000160/,"StockholdersEquity, MinorityInterest 태그 없음"
Illumina,ILMN,2026Q2,2026-06-28,분기말 지배지분 자본,2838000000,USD,공시,https://www.sec.gov/Archives/edgar/data/1110803/000111080326000160/,
Illumina,ILMN,2026Q2,2026-06-26,분기말 종가,176.55,USD,API,https://query1.finance.yahoo.com/v8/finance/chart/ILMN?interval=1d&events=splits (2026-06-26),
Illumina,ILMN,2026Q2,2026-07-24,분기말 상장주식수,151000000,주,공시(표지 기준일),https://www.sec.gov/Archives/edgar/data/1110803/000111080326000160/,dei:EntityCommonStockSharesOutstanding 클래스 합
Illumina,ILMN,2026Q2,2026-06-26,분기말 시가총액,26659050000,USD,계산(종가×주식수),https://query1.finance.yahoo.com/v8/finance/chart/ILMN?interval=1d&events=splits (2026-06-26) ; https://www.sec.gov/Archives/edgar/data/1110803/000111080326000160/,종가 176.55 × 주식수 151000000
Everpure,P,2010Q1,,분기별 매출액,데이터 없음(최초 보고기간 이전),USD,데이터 없음(최초 보고기간 전),https://data.sec.gov/submissions/CIK0001474432.json (최초 보고기간 2015Q3),
Everpure,P,2010Q1,,분기별 영업이익,데이터 없음(최초 보고기간 이전),USD,데이터 없음(최초 보고기간 전),https://data.sec.gov/submissions/CIK0001474432.json (최초 보고기간 2015Q3),
Everpure,P,2010Q1,,분기별 당기순이익(지배),데이터 없음(최초 보고기간 이전),USD,데이터 없음(최초 보고기간 전),https://data.sec.gov/submissions/CIK0001474432.json (최초 보고기간 2015Q3),
Everpure,P,2010Q1,,분기별 영업활동현금흐름,데이터 없음(최초 보고기간 이전),USD,데이터 없음(최초 보고기간 전),https://data.sec.gov/submissions/CIK0001474432.json (최초 보고기간 2015Q3),
Everpure,P,2010Q1,,분기말 자산총계,데이터 없음(최초 보고기간 이전),USD,데이터 없음(최초 보고기간 전),https://data.sec.gov/submissions/CIK0001474432.json (최초 보고기간 2015Q3),
Everpure,P,2010Q1,,분기말 부채총계,데이터 없음(최초 보고기간 이전),USD,데이터 없음(최초 보고기간 전),https://data.sec.gov/submissions/CIK0001474432.json (최초 보고기간 2015Q3),
Everpure,P,2010Q1,,분기말 총자본(자기자본),데이터 없음(최초 보고기간 이전),USD,데이터 없음(최초 보고기간 전),https://data.sec.gov/submissions/CIK0001474432.json (최초 보고기간 2015Q3),
Everpure,P,2010Q1,,분기말 지배지분 자본,데이터 없음(최초 보고기간 이전),USD,데이터 없음(최초 보고기간 전),https://data.sec.gov/submissions/CIK0001474432.json (최초 보고기간 2015Q3),
Everpure,P,2010Q1,,분기말 종가,데이터 없음(상장 전),,데이터 없음(상장 전),https://query1.finance.yahoo.com/v8/finance/chart/P (최초 거래일 이전),
Everpure,P,2010Q1,,분기말 상장주식수,데이터 없음(상장 전),,데이터 없음(상장 전),https://query1.finance.yahoo.com/v8/finance/chart/P (최초 거래일 이전),
Everpure,P,2010Q1,,분기말 시가총액,데이터 없음(상장 전),,데이터 없음(상장 전),https://query1.finance.yahoo.com/v8/finance/chart/P (최초 거래일 이전),
Everpure,P,2010Q2,,분기별 매출액,데이터 없음(최초 보고기간 이전),USD,데이터 없음(최초 보고기간 전),https://data.sec.gov/submissions/CIK0001474432.json (최초 보고기간 2015Q3),
Everpure,P,2010Q2,,분기별 영업이익,데이터 없음(최초 보고기간 이전),USD,데이터 없음(최초 보고기간 전),https://data.sec.gov/submissions/CIK0001474432.json (최초 보고기간 2015Q3),
Everpure,P,2010Q2,,분기별 당기순이익(지배),데이터 없음(최초 보고기간 이전),USD,데이터 없음(최초 보고기간 전),https://data.sec.gov/submissions/CIK0001474432.json (최초 보고기간 2015Q3),
Everpure,P,2010Q2,,분기별 영업활동현금흐름,데이터 없음(최초 보고기간 이전),USD,데이터 없음(최초 보고기간 전),https://data.sec.gov/submissions/CIK0001474432.json (최초 보고기간 2015Q3),
Everpure,P,2010Q2,,분기말 자산총계,데이터 없음(최초 보고기간 이전),USD,데이터 없음(최초 보고기간 전),https://data.sec.gov/submissions/CIK0001474432.json (최초 보고기간 2015Q3),
Everpure,P,2010Q2,,분기말 부채총계,데이터 없음(최초 보고기간 이전),USD,데이터 없음(최초 보고기간 전),https://data.sec.gov/submissions/CIK0001474432.json (최초 보고기간 2015Q3),
Everpure,P,2010Q2,,분기말 총자본(자기자본),데이터 없음(최초 보고기간 이전),USD,데이터 없음(최초 보고기간 전),https://data.sec.gov/submissions/CIK0001474432.json (최초 보고기간 2015Q3),
Everpure,P,2010Q2,,분기말 지배지분 자본,데이터 없음(최초 보고기간 이전),USD,데이터 없음(최초 보고기간 전),https://data.sec.gov/submissions/CIK0001474432.json (최초 보고기간 2015Q3),
Everpure,P,2010Q2,,분기말 종가,데이터 없음(상장 전),,데이터 없음(상장 전),https://query1.finance.yahoo.com/v8/finance/chart/P (최초 거래일 이전),
Everpure,P,2010Q2,,분기말 상장주식수,데이터 없음(상장 전),,데이터 없음(상장 전),https://query1.finance.yahoo.com/v8/finance/chart/P (최초 거래일 이전),
Everpure,P,2010Q2,,분기말 시가총액,데이터 없음(상장 전),,데이터 없음(상장 전),https://query1.finance.yahoo.com/v8/finance/chart/P (최초 거래일 이전),
Everpure,P,2010Q3,,분기별 매출액,데이터 없음(최초 보고기간 이전),USD,데이터 없음(최초 보고기간 전),https://data.sec.gov/submissions/CIK0001474432.json (최초 보고기간 2015Q3),
Everpure,P,2010Q3,,분기별 영업이익,데이터 없음(최초 보고기간 이전),USD,데이터 없음(최초 보고기간 전),https://data.sec.gov/submissions/CIK0001474432.json (최초 보고기간 2015Q3),
Everpure,P,2010Q3,,분기별 당기순이익(지배),데이터 없음(최초 보고기간 이전),USD,데이터 없음(최초 보고기간 전),https://data.sec.gov/submissions/CIK0001474432.json (최초 보고기간 2015Q3),
Everpure,P,2010Q3,,분기별 영업활동현금흐름,데이터 없음(최초 보고기간 이전),USD,데이터 없음(최초 보고기간 전),https://data.sec.gov/submissions/CIK0001474432.json (최초 보고기간 2015Q3),
Everpure,P,2010Q3,,분기말 자산총계,데이터 없음(최초 보고기간 이전),USD,데이터 없음(최초 보고기간 전),https://data.sec.gov/submissions/CIK0001474432.json (최초 보고기간 2015Q3),
Everpure,P,2010Q3,,분기말 부채총계,데이터 없음(최초 보고기간 이전),USD,데이터 없음(최초 보고기간 전),https://data.sec.gov/submissions/CIK0001474432.json (최초 보고기간 2015Q3),
Everpure,P,2010Q3,,분기말 총자본(자기자본),데이터 없음(최초 보고기간 이전),USD,데이터 없음(최초 보고기간 전),https://data.sec.gov/submissions/CIK0001474432.json (최초 보고기간 2015Q3),
Everpure,P,2010Q3,,분기말 지배지분 자본,데이터 없음(최초 보고기간 이전),USD,데이터 없음(최초 보고기간 전),https://data.sec.gov/submissions/CIK0001474432.json (최초 보고기간 2015Q3),
Everpure,P,2010Q3,,분기말 종가,데이터 없음(상장 전),,데이터 없음(상장 전),https://query1.finance.yahoo.com/v8/finance/chart/P (최초 거래일 이전),
Everpure,P,2010Q3,,분기말 상장주식수,데이터 없음(상장 전),,데이터 없음(상장 전),https://query1.finance.yahoo.com/v8/finance/chart/P (최초 거래일 이전),
Everpure,P,2010Q3,,분기말 시가총액,데이터 없음(상장 전),,데이터 없음(상장 전),https://query1.finance.yahoo.com/v8/finance/chart/P (최초 거래일 이전),
Everpure,P,2010Q4,,분기별 매출액,데이터 없음(최초 보고기간 이전),USD,데이터 없음(최초 보고기간 전),https://data.sec.gov/submissions/CIK0001474432.json (최초 보고기간 2015Q3),
Everpure,P,2010Q4,,분기별 영업이익,데이터 없음(최초 보고기간 이전),USD,데이터 없음(최초 보고기간 전),https://data.sec.gov/submissions/CIK0001474432.json (최초 보고기간 2015Q3),
Everpure,P,2010Q4,,분기별 당기순이익(지배),데이터 없음(최초 보고기간 이전),USD,데이터 없음(최초 보고기간 전),https://data.sec.gov/submissions/CIK0001474432.json (최초 보고기간 2015Q3),
Everpure,P,2010Q4,,분기별 영업활동현금흐름,데이터 없음(최초 보고기간 이전),USD,데이터 없음(최초 보고기간 전),https://data.sec.gov/submissions/CIK0001474432.json (최초 보고기간 2015Q3),
Everpure,P,2010Q4,,분기말 자산총계,데이터 없음(최초 보고기간 이전),USD,데이터 없음(최초 보고기간 전),https://data.sec.gov/submissions/CIK0001474432.json (최초 보고기간 2015Q3),
Everpure,P,2010Q4,,분기말 부채총계,데이터 없음(최초 보고기간 이전),USD,데이터 없음(최초 보고기간 전),https://data.sec.gov/submissions/CIK0001474432.json (최초 보고기간 2015Q3),
Everpure,P,2010Q4,,분기말 총자본(자기자본),데이터 없음(최초 보고기간 이전),USD,데이터 없음(최초 보고기간 전),https://data.sec.gov/submissions/CIK0001474432.json (최초 보고기간 2015Q3),
Everpure,P,2010Q4,,분기말 지배지분 자본,데이터 없음(최초 보고기간 이전),USD,데이터 없음(최초 보고기간 전),https://data.sec.gov/submissions/CIK0001474432.json (최초 보고기간 2015Q3),
Everpure,P,2010Q4,,분기말 종가,데이터 없음(상장 전),,데이터 없음(상장 전),https://query1.finance.yahoo.com/v8/finance/chart/P (최초 거래일 이전),
Everpure,P,2010Q4,,분기말 상장주식수,데이터 없음(상장 전),,데이터 없음(상장 전),https://query1.finance.yahoo.com/v8/finance/chart/P (최초 거래일 이전),
Everpure,P,2010Q4,,분기말 시가총액,데이터 없음(상장 전),,데이터 없음(상장 전),https://query1.finance.yahoo.com/v8/finance/chart/P (최초 거래일 이전),
Everpure,P,2011Q1,,분기별 매출액,데이터 없음(최초 보고기간 이전),USD,데이터 없음(최초 보고기간 전),https://data.sec.gov/submissions/CIK0001474432.json (최초 보고기간 2015Q3),
Everpure,P,2011Q1,,분기별 영업이익,데이터 없음(최초 보고기간 이전),USD,데이터 없음(최초 보고기간 전),https://data.sec.gov/submissions/CIK0001474432.json (최초 보고기간 2015Q3),
Everpure,P,2011Q1,,분기별 당기순이익(지배),데이터 없음(최초 보고기간 이전),USD,데이터 없음(최초 보고기간 전),https://data.sec.gov/submissions/CIK0001474432.json (최초 보고기간 2015Q3),
Everpure,P,2011Q1,,분기별 영업활동현금흐름,데이터 없음(최초 보고기간 이전),USD,데이터 없음(최초 보고기간 전),https://data.sec.gov/submissions/CIK0001474432.json (최초 보고기간 2015Q3),
Everpure,P,2011Q1,,분기말 자산총계,데이터 없음(최초 보고기간 이전),USD,데이터 없음(최초 보고기간 전),https://data.sec.gov/submissions/CIK0001474432.json (최초 보고기간 2015Q3),
Everpure,P,2011Q1,,분기말 부채총계,데이터 없음(최초 보고기간 이전),USD,데이터 없음(최초 보고기간 전),https://data.sec.gov/submissions/CIK0001474432.json (최초 보고기간 2015Q3),
Everpure,P,2011Q1,,분기말 총자본(자기자본),데이터 없음(최초 보고기간 이전),USD,데이터 없음(최초 보고기간 전),https://data.sec.gov/submissions/CIK0001474432.json (최초 보고기간 2015Q3),
Everpure,P,2011Q1,,분기말 지배지분 자본,데이터 없음(최초 보고기간 이전),USD,데이터 없음(최초 보고기간 전),https://data.sec.gov/submissions/CIK0001474432.json (최초 보고기간 2015Q3),
Everpure,P,2011Q1,,분기말 종가,데이터 없음(상장 전),,데이터 없음(상장 전),https://query1.finance.yahoo.com/v8/finance/chart/P (최초 거래일 이전),
Everpure,P,2011Q1,,분기말 상장주식수,데이터 없음(상장 전),,데이터 없음(상장 전),https://query1.finance.yahoo.com/v8/finance/chart/P (최초 거래일 이전),
Everpure,P,2011Q1,,분기말 시가총액,데이터 없음(상장 전),,데이터 없음(상장 전),https://query1.finance.yahoo.com/v8/finance/chart/P (최초 거래일 이전),
Everpure,P,2011Q2,,분기별 매출액,데이터 없음(최초 보고기간 이전),USD,데이터 없음(최초 보고기간 전),https://data.sec.gov/submissions/CIK0001474432.json (최초 보고기간 2015Q3),
Everpure,P,2011Q2,,분기별 영업이익,데이터 없음(최초 보고기간 이전),USD,데이터 없음(최초 보고기간 전),https://data.sec.gov/submissions/CIK0001474432.json (최초 보고기간 2015Q3),
Everpure,P,2011Q2,,분기별 당기순이익(지배),데이터 없음(최초 보고기간 이전),USD,데이터 없음(최초 보고기간 전),https://data.sec.gov/submissions/CIK0001474432.json (최초 보고기간 2015Q3),
Everpure,P,2011Q2,,분기별 영업활동현금흐름,데이터 없음(최초 보고기간 이전),USD,데이터 없음(최초 보고기간 전),https://data.sec.gov/submissions/CIK0001474432.json (최초 보고기간 2015Q3),
Everpure,P,2011Q2,,분기말 자산총계,데이터 없음(최초 보고기간 이전),USD,데이터 없음(최초 보고기간 전),https://data.sec.gov/submissions/CIK0001474432.json (최초 보고기간 2015Q3),
Everpure,P,2011Q2,,분기말 부채총계,데이터 없음(최초 보고기간 이전),USD,데이터 없음(최초 보고기간 전),https://data.sec.gov/submissions/CIK0001474432.json (최초 보고기간 2015Q3),
Everpure,P,2011Q2,,분기말 총자본(자기자본),데이터 없음(최초 보고기간 이전),USD,데이터 없음(최초 보고기간 전),https://data.sec.gov/submissions/CIK0001474432.json (최초 보고기간 2015Q3),
Everpure,P,2011Q2,,분기말 지배지분 자본,데이터 없음(최초 보고기간 이전),USD,데이터 없음(최초 보고기간 전),https://data.sec.gov/submissions/CIK0001474432.json (최초 보고기간 2015Q3),
Everpure,P,2011Q2,,분기말 종가,데이터 없음(상장 전),,데이터 없음(상장 전),https://query1.finance.yahoo.com/v8/finance/chart/P (최초 거래일 이전),
Everpure,P,2011Q2,,분기말 상장주식수,데이터 없음(상장 전),,데이터 없음(상장 전),https://query1.finance.yahoo.com/v8/finance/chart/P (최초 거래일 이전),
Everpure,P,2011Q2,,분기말 시가총액,데이터 없음(상장 전),,데이터 없음(상장 전),https://query1.finance.yahoo.com/v8/finance/chart/P (최초 거래일 이전),
Everpure,P,2011Q3,,분기별 매출액,데이터 없음(최초 보고기간 이전),USD,데이터 없음(최초 보고기간 전),https://data.sec.gov/submissions/CIK0001474432.json (최초 보고기간 2015Q3),
Everpure,P,2011Q3,,분기별 영업이익,데이터 없음(최초 보고기간 이전),USD,데이터 없음(최초 보고기간 전),https://data.sec.gov/submissions/CIK0001474432.json (최초 보고기간 2015Q3),
Everpure,P,2011Q3,,분기별 당기순이익(지배),데이터 없음(최초 보고기간 이전),USD,데이터 없음(최초 보고기간 전),https://data.sec.gov/submissions/CIK0001474432.json (최초 보고기간 2015Q3),
Everpure,P,2011Q3,,분기별 영업활동현금흐름,데이터 없음(최초 보고기간 이전),USD,데이터 없음(최초 보고기간 전),https://data.sec.gov/submissions/CIK0001474432.json (최초 보고기간 2015Q3),
Everpure,P,2011Q3,,분기말 자산총계,데이터 없음(최초 보고기간 이전),USD,데이터 없음(최초 보고기간 전),https://data.sec.gov/submissions/CIK0001474432.json (최초 보고기간 2015Q3),
Everpure,P,2011Q3,,분기말 부채총계,데이터 없음(최초 보고기간 이전),USD,데이터 없음(최초 보고기간 전),https://data.sec.gov/submissions/CIK0001474432.json (최초 보고기간 2015Q3),
Everpure,P,2011Q3,,분기말 총자본(자기자본),데이터 없음(최초 보고기간 이전),USD,데이터 없음(최초 보고기간 전),https://data.sec.gov/submissions/CIK0001474432.json (최초 보고기간 2015Q3),
Everpure,P,2011Q3,,분기말 지배지분 자본,데이터 없음(최초 보고기간 이전),USD,데이터 없음(최초 보고기간 전),https://data.sec.gov/submissions/CIK0001474432.json (최초 보고기간 2015Q3),
Everpure,P,2011Q3,,분기말 종가,데이터 없음(상장 전),,데이터 없음(상장 전),https://query1.finance.yahoo.com/v8/finance/chart/P (최초 거래일 이전),
Everpure,P,2011Q3,,분기말 상장주식수,데이터 없음(상장 전),,데이터 없음(상장 전),https://query1.finance.yahoo.com/v8/finance/chart/P (최초 거래일 이전),
Everpure,P,2011Q3,,분기말 시가총액,데이터 없음(상장 전),,데이터 없음(상장 전),https://query1.finance.yahoo.com/v8/finance/chart/P (최초 거래일 이전),
Everpure,P,2011Q4,,분기별 매출액,데이터 없음(최초 보고기간 이전),USD,데이터 없음(최초 보고기간 전),https://data.sec.gov/submissions/CIK0001474432.json (최초 보고기간 2015Q3),
Everpure,P,2011Q4,,분기별 영업이익,데이터 없음(최초 보고기간 이전),USD,데이터 없음(최초 보고기간 전),https://data.sec.gov/submissions/CIK0001474432.json (최초 보고기간 2015Q3),
Everpure,P,2011Q4,,분기별 당기순이익(지배),데이터 없음(최초 보고기간 이전),USD,데이터 없음(최초 보고기간 전),https://data.sec.gov/submissions/CIK0001474432.json (최초 보고기간 2015Q3),
Everpure,P,2011Q4,,분기별 영업활동현금흐름,데이터 없음(최초 보고기간 이전),USD,데이터 없음(최초 보고기간 전),https://data.sec.gov/submissions/CIK0001474432.json (최초 보고기간 2015Q3),
Everpure,P,2011Q4,,분기말 자산총계,데이터 없음(최초 보고기간 이전),USD,데이터 없음(최초 보고기간 전),https://data.sec.gov/submissions/CIK0001474432.json (최초 보고기간 2015Q3),
Everpure,P,2011Q4,,분기말 부채총계,데이터 없음(최초 보고기간 이전),USD,데이터 없음(최초 보고기간 전),https://data.sec.gov/submissions/CIK0001474432.json (최초 보고기간 2015Q3),
Everpure,P,2011Q4,,분기말 총자본(자기자본),데이터 없음(최초 보고기간 이전),USD,데이터 없음(최초 보고기간 전),https://data.sec.gov/submissions/CIK0001474432.json (최초 보고기간 2015Q3),
Everpure,P,2011Q4,,분기말 지배지분 자본,데이터 없음(최초 보고기간 이전),USD,데이터 없음(최초 보고기간 전),https://data.sec.gov/submissions/CIK0001474432.json (최초 보고기간 2015Q3),
Everpure,P,2011Q4,,분기말 종가,데이터 없음(상장 전),,데이터 없음(상장 전),https://query1.finance.yahoo.com/v8/finance/chart/P (최초 거래일 이전),
Everpure,P,2011Q4,,분기말 상장주식수,데이터 없음(상장 전),,데이터 없음(상장 전),https://query1.finance.yahoo.com/v8/finance/chart/P (최초 거래일 이전),
Everpure,P,2011Q4,,분기말 시가총액,데이터 없음(상장 전),,데이터 없음(상장 전),https://query1.finance.yahoo.com/v8/finance/chart/P (최초 거래일 이전),
Everpure,P,2012Q1,,분기별 매출액,데이터 없음(최초 보고기간 이전),USD,데이터 없음(최초 보고기간 전),https://data.sec.gov/submissions/CIK0001474432.json (최초 보고기간 2015Q3),
Everpure,P,2012Q1,,분기별 영업이익,데이터 없음(최초 보고기간 이전),USD,데이터 없음(최초 보고기간 전),https://data.sec.gov/submissions/CIK0001474432.json (최초 보고기간 2015Q3),
Everpure,P,2012Q1,,분기별 당기순이익(지배),데이터 없음(최초 보고기간 이전),USD,데이터 없음(최초 보고기간 전),https://data.sec.gov/submissions/CIK0001474432.json (최초 보고기간 2015Q3),
Everpure,P,2012Q1,,분기별 영업활동현금흐름,데이터 없음(최초 보고기간 이전),USD,데이터 없음(최초 보고기간 전),https://data.sec.gov/submissions/CIK0001474432.json (최초 보고기간 2015Q3),
Everpure,P,2012Q1,,분기말 자산총계,데이터 없음(최초 보고기간 이전),USD,데이터 없음(최초 보고기간 전),https://data.sec.gov/submissions/CIK0001474432.json (최초 보고기간 2015Q3),
Everpure,P,2012Q1,,분기말 부채총계,데이터 없음(최초 보고기간 이전),USD,데이터 없음(최초 보고기간 전),https://data.sec.gov/submissions/CIK0001474432.json (최초 보고기간 2015Q3),
Everpure,P,2012Q1,,분기말 총자본(자기자본),데이터 없음(최초 보고기간 이전),USD,데이터 없음(최초 보고기간 전),https://data.sec.gov/submissions/CIK0001474432.json (최초 보고기간 2015Q3),
Everpure,P,2012Q1,,분기말 지배지분 자본,데이터 없음(최초 보고기간 이전),USD,데이터 없음(최초 보고기간 전),https://data.sec.gov/submissions/CIK0001474432.json (최초 보고기간 2015Q3),
Everpure,P,2012Q1,,분기말 종가,데이터 없음(상장 전),,데이터 없음(상장 전),https://query1.finance.yahoo.com/v8/finance/chart/P (최초 거래일 이전),
Everpure,P,2012Q1,,분기말 상장주식수,데이터 없음(상장 전),,데이터 없음(상장 전),https://query1.finance.yahoo.com/v8/finance/chart/P (최초 거래일 이전),
Everpure,P,2012Q1,,분기말 시가총액,데이터 없음(상장 전),,데이터 없음(상장 전),https://query1.finance.yahoo.com/v8/finance/chart/P (최초 거래일 이전),
Everpure,P,2012Q2,,분기별 매출액,데이터 없음(최초 보고기간 이전),USD,데이터 없음(최초 보고기간 전),https://data.sec.gov/submissions/CIK0001474432.json (최초 보고기간 2015Q3),
Everpure,P,2012Q2,,분기별 영업이익,데이터 없음(최초 보고기간 이전),USD,데이터 없음(최초 보고기간 전),https://data.sec.gov/submissions/CIK0001474432.json (최초 보고기간 2015Q3),
Everpure,P,2012Q2,,분기별 당기순이익(지배),데이터 없음(최초 보고기간 이전),USD,데이터 없음(최초 보고기간 전),https://data.sec.gov/submissions/CIK0001474432.json (최초 보고기간 2015Q3),
Everpure,P,2012Q2,,분기별 영업활동현금흐름,데이터 없음(최초 보고기간 이전),USD,데이터 없음(최초 보고기간 전),https://data.sec.gov/submissions/CIK0001474432.json (최초 보고기간 2015Q3),
Everpure,P,2012Q2,,분기말 자산총계,데이터 없음(최초 보고기간 이전),USD,데이터 없음(최초 보고기간 전),https://data.sec.gov/submissions/CIK0001474432.json (최초 보고기간 2015Q3),
Everpure,P,2012Q2,,분기말 부채총계,데이터 없음(최초 보고기간 이전),USD,데이터 없음(최초 보고기간 전),https://data.sec.gov/submissions/CIK0001474432.json (최초 보고기간 2015Q3),
Everpure,P,2012Q2,,분기말 총자본(자기자본),데이터 없음(최초 보고기간 이전),USD,데이터 없음(최초 보고기간 전),https://data.sec.gov/submissions/CIK0001474432.json (최초 보고기간 2015Q3),
Everpure,P,2012Q2,,분기말 지배지분 자본,데이터 없음(최초 보고기간 이전),USD,데이터 없음(최초 보고기간 전),https://data.sec.gov/submissions/CIK0001474432.json (최초 보고기간 2015Q3),
Everpure,P,2012Q2,,분기말 종가,데이터 없음(상장 전),,데이터 없음(상장 전),https://query1.finance.yahoo.com/v8/finance/chart/P (최초 거래일 이전),
Everpure,P,2012Q2,,분기말 상장주식수,데이터 없음(상장 전),,데이터 없음(상장 전),https://query1.finance.yahoo.com/v8/finance/chart/P (최초 거래일 이전),
Everpure,P,2012Q2,,분기말 시가총액,데이터 없음(상장 전),,데이터 없음(상장 전),https://query1.finance.yahoo.com/v8/finance/chart/P (최초 거래일 이전),
Everpure,P,2012Q3,,분기별 매출액,데이터 없음(최초 보고기간 이전),USD,데이터 없음(최초 보고기간 전),https://data.sec.gov/submissions/CIK0001474432.json (최초 보고기간 2015Q3),
Everpure,P,2012Q3,,분기별 영업이익,데이터 없음(최초 보고기간 이전),USD,데이터 없음(최초 보고기간 전),https://data.sec.gov/submissions/CIK0001474432.json (최초 보고기간 2015Q3),
Everpure,P,2012Q3,,분기별 당기순이익(지배),데이터 없음(최초 보고기간 이전),USD,데이터 없음(최초 보고기간 전),https://data.sec.gov/submissions/CIK0001474432.json (최초 보고기간 2015Q3),
Everpure,P,2012Q3,,분기별 영업활동현금흐름,데이터 없음(최초 보고기간 이전),USD,데이터 없음(최초 보고기간 전),https://data.sec.gov/submissions/CIK0001474432.json (최초 보고기간 2015Q3),
Everpure,P,2012Q3,,분기말 자산총계,데이터 없음(최초 보고기간 이전),USD,데이터 없음(최초 보고기간 전),https://data.sec.gov/submissions/CIK0001474432.json (최초 보고기간 2015Q3),
Everpure,P,2012Q3,,분기말 부채총계,데이터 없음(최초 보고기간 이전),USD,데이터 없음(최초 보고기간 전),https://data.sec.gov/submissions/CIK0001474432.json (최초 보고기간 2015Q3),
Everpure,P,2012Q3,,분기말 총자본(자기자본),데이터 없음(최초 보고기간 이전),USD,데이터 없음(최초 보고기간 전),https://data.sec.gov/submissions/CIK0001474432.json (최초 보고기간 2015Q3),
Everpure,P,2012Q3,,분기말 지배지분 자본,데이터 없음(최초 보고기간 이전),USD,데이터 없음(최초 보고기간 전),https://data.sec.gov/submissions/CIK0001474432.json (최초 보고기간 2015Q3),
Everpure,P,2012Q3,,분기말 종가,데이터 없음(상장 전),,데이터 없음(상장 전),https://query1.finance.yahoo.com/v8/finance/chart/P (최초 거래일 이전),
Everpure,P,2012Q3,,분기말 상장주식수,데이터 없음(상장 전),,데이터 없음(상장 전),https://query1.finance.yahoo.com/v8/finance/chart/P (최초 거래일 이전),
Everpure,P,2012Q3,,분기말 시가총액,데이터 없음(상장 전),,데이터 없음(상장 전),https://query1.finance.yahoo.com/v8/finance/chart/P (최초 거래일 이전),
Everpure,P,2012Q4,,분기별 매출액,데이터 없음(최초 보고기간 이전),USD,데이터 없음(최초 보고기간 전),https://data.sec.gov/submissions/CIK0001474432.json (최초 보고기간 2015Q3),
Everpure,P,2012Q4,,분기별 영업이익,데이터 없음(최초 보고기간 이전),USD,데이터 없음(최초 보고기간 전),https://data.sec.gov/submissions/CIK0001474432.json (최초 보고기간 2015Q3),
Everpure,P,2012Q4,,분기별 당기순이익(지배),데이터 없음(최초 보고기간 이전),USD,데이터 없음(최초 보고기간 전),https://data.sec.gov/submissions/CIK0001474432.json (최초 보고기간 2015Q3),
Everpure,P,2012Q4,,분기별 영업활동현금흐름,데이터 없음(최초 보고기간 이전),USD,데이터 없음(최초 보고기간 전),https://data.sec.gov/submissions/CIK0001474432.json (최초 보고기간 2015Q3),
Everpure,P,2012Q4,,분기말 자산총계,데이터 없음(최초 보고기간 이전),USD,데이터 없음(최초 보고기간 전),https://data.sec.gov/submissions/CIK0001474432.json (최초 보고기간 2015Q3),
Everpure,P,2012Q4,,분기말 부채총계,데이터 없음(최초 보고기간 이전),USD,데이터 없음(최초 보고기간 전),https://data.sec.gov/submissions/CIK0001474432.json (최초 보고기간 2015Q3),
Everpure,P,2012Q4,,분기말 총자본(자기자본),데이터 없음(최초 보고기간 이전),USD,데이터 없음(최초 보고기간 전),https://data.sec.gov/submissions/CIK0001474432.json (최초 보고기간 2015Q3),
Everpure,P,2012Q4,,분기말 지배지분 자본,데이터 없음(최초 보고기간 이전),USD,데이터 없음(최초 보고기간 전),https://data.sec.gov/submissions/CIK0001474432.json (최초 보고기간 2015Q3),
Everpure,P,2012Q4,,분기말 종가,데이터 없음(상장 전),,데이터 없음(상장 전),https://query1.finance.yahoo.com/v8/finance/chart/P (최초 거래일 이전),
Everpure,P,2012Q4,,분기말 상장주식수,데이터 없음(상장 전),,데이터 없음(상장 전),https://query1.finance.yahoo.com/v8/finance/chart/P (최초 거래일 이전),
Everpure,P,2012Q4,,분기말 시가총액,데이터 없음(상장 전),,데이터 없음(상장 전),https://query1.finance.yahoo.com/v8/finance/chart/P (최초 거래일 이전),
Everpure,P,2013Q1,,분기별 매출액,데이터 없음(최초 보고기간 이전),USD,데이터 없음(최초 보고기간 전),https://data.sec.gov/submissions/CIK0001474432.json (최초 보고기간 2015Q3),
Everpure,P,2013Q1,,분기별 영업이익,데이터 없음(최초 보고기간 이전),USD,데이터 없음(최초 보고기간 전),https://data.sec.gov/submissions/CIK0001474432.json (최초 보고기간 2015Q3),
Everpure,P,2013Q1,,분기별 당기순이익(지배),데이터 없음(최초 보고기간 이전),USD,데이터 없음(최초 보고기간 전),https://data.sec.gov/submissions/CIK0001474432.json (최초 보고기간 2015Q3),
Everpure,P,2013Q1,,분기별 영업활동현금흐름,데이터 없음(최초 보고기간 이전),USD,데이터 없음(최초 보고기간 전),https://data.sec.gov/submissions/CIK0001474432.json (최초 보고기간 2015Q3),
Everpure,P,2013Q1,,분기말 자산총계,데이터 없음(최초 보고기간 이전),USD,데이터 없음(최초 보고기간 전),https://data.sec.gov/submissions/CIK0001474432.json (최초 보고기간 2015Q3),
Everpure,P,2013Q1,,분기말 부채총계,데이터 없음(최초 보고기간 이전),USD,데이터 없음(최초 보고기간 전),https://data.sec.gov/submissions/CIK0001474432.json (최초 보고기간 2015Q3),
Everpure,P,2013Q1,,분기말 총자본(자기자본),데이터 없음(최초 보고기간 이전),USD,데이터 없음(최초 보고기간 전),https://data.sec.gov/submissions/CIK0001474432.json (최초 보고기간 2015Q3),
Everpure,P,2013Q1,,분기말 지배지분 자본,데이터 없음(최초 보고기간 이전),USD,데이터 없음(최초 보고기간 전),https://data.sec.gov/submissions/CIK0001474432.json (최초 보고기간 2015Q3),
Everpure,P,2013Q1,,분기말 종가,데이터 없음(상장 전),,데이터 없음(상장 전),https://query1.finance.yahoo.com/v8/finance/chart/P (최초 거래일 이전),
Everpure,P,2013Q1,,분기말 상장주식수,데이터 없음(상장 전),,데이터 없음(상장 전),https://query1.finance.yahoo.com/v8/finance/chart/P (최초 거래일 이전),
Everpure,P,2013Q1,,분기말 시가총액,데이터 없음(상장 전),,데이터 없음(상장 전),https://query1.finance.yahoo.com/v8/finance/chart/P (최초 거래일 이전),
Everpure,P,2013Q2,,분기별 매출액,데이터 없음(최초 보고기간 이전),USD,데이터 없음(최초 보고기간 전),https://data.sec.gov/submissions/CIK0001474432.json (최초 보고기간 2015Q3),
Everpure,P,2013Q2,,분기별 영업이익,데이터 없음(최초 보고기간 이전),USD,데이터 없음(최초 보고기간 전),https://data.sec.gov/submissions/CIK0001474432.json (최초 보고기간 2015Q3),
Everpure,P,2013Q2,,분기별 당기순이익(지배),데이터 없음(최초 보고기간 이전),USD,데이터 없음(최초 보고기간 전),https://data.sec.gov/submissions/CIK0001474432.json (최초 보고기간 2015Q3),
Everpure,P,2013Q2,,분기별 영업활동현금흐름,데이터 없음(최초 보고기간 이전),USD,데이터 없음(최초 보고기간 전),https://data.sec.gov/submissions/CIK0001474432.json (최초 보고기간 2015Q3),
Everpure,P,2013Q2,,분기말 자산총계,데이터 없음(최초 보고기간 이전),USD,데이터 없음(최초 보고기간 전),https://data.sec.gov/submissions/CIK0001474432.json (최초 보고기간 2015Q3),
Everpure,P,2013Q2,,분기말 부채총계,데이터 없음(최초 보고기간 이전),USD,데이터 없음(최초 보고기간 전),https://data.sec.gov/submissions/CIK0001474432.json (최초 보고기간 2015Q3),
Everpure,P,2013Q2,,분기말 총자본(자기자본),데이터 없음(최초 보고기간 이전),USD,데이터 없음(최초 보고기간 전),https://data.sec.gov/submissions/CIK0001474432.json (최초 보고기간 2015Q3),
Everpure,P,2013Q2,,분기말 지배지분 자본,데이터 없음(최초 보고기간 이전),USD,데이터 없음(최초 보고기간 전),https://data.sec.gov/submissions/CIK0001474432.json (최초 보고기간 2015Q3),
Everpure,P,2013Q2,,분기말 종가,데이터 없음(상장 전),,데이터 없음(상장 전),https://query1.finance.yahoo.com/v8/finance/chart/P (최초 거래일 이전),
Everpure,P,2013Q2,,분기말 상장주식수,데이터 없음(상장 전),,데이터 없음(상장 전),https://query1.finance.yahoo.com/v8/finance/chart/P (최초 거래일 이전),
Everpure,P,2013Q2,,분기말 시가총액,데이터 없음(상장 전),,데이터 없음(상장 전),https://query1.finance.yahoo.com/v8/finance/chart/P (최초 거래일 이전),
Everpure,P,2013Q3,,분기별 매출액,데이터 없음(최초 보고기간 이전),USD,데이터 없음(최초 보고기간 전),https://data.sec.gov/submissions/CIK0001474432.json (최초 보고기간 2015Q3),
Everpure,P,2013Q3,,분기별 영업이익,데이터 없음(최초 보고기간 이전),USD,데이터 없음(최초 보고기간 전),https://data.sec.gov/submissions/CIK0001474432.json (최초 보고기간 2015Q3),
Everpure,P,2013Q3,,분기별 당기순이익(지배),데이터 없음(최초 보고기간 이전),USD,데이터 없음(최초 보고기간 전),https://data.sec.gov/submissions/CIK0001474432.json (최초 보고기간 2015Q3),
Everpure,P,2013Q3,,분기별 영업활동현금흐름,데이터 없음(최초 보고기간 이전),USD,데이터 없음(최초 보고기간 전),https://data.sec.gov/submissions/CIK0001474432.json (최초 보고기간 2015Q3),
Everpure,P,2013Q3,,분기말 자산총계,데이터 없음(최초 보고기간 이전),USD,데이터 없음(최초 보고기간 전),https://data.sec.gov/submissions/CIK0001474432.json (최초 보고기간 2015Q3),
Everpure,P,2013Q3,,분기말 부채총계,데이터 없음(최초 보고기간 이전),USD,데이터 없음(최초 보고기간 전),https://data.sec.gov/submissions/CIK0001474432.json (최초 보고기간 2015Q3),
Everpure,P,2013Q3,,분기말 총자본(자기자본),데이터 없음(최초 보고기간 이전),USD,데이터 없음(최초 보고기간 전),https://data.sec.gov/submissions/CIK0001474432.json (최초 보고기간 2015Q3),
Everpure,P,2013Q3,,분기말 지배지분 자본,데이터 없음(최초 보고기간 이전),USD,데이터 없음(최초 보고기간 전),https://data.sec.gov/submissions/CIK0001474432.json (최초 보고기간 2015Q3),
Everpure,P,2013Q3,,분기말 종가,데이터 없음(상장 전),,데이터 없음(상장 전),https://query1.finance.yahoo.com/v8/finance/chart/P (최초 거래일 이전),
Everpure,P,2013Q3,,분기말 상장주식수,데이터 없음(상장 전),,데이터 없음(상장 전),https://query1.finance.yahoo.com/v8/finance/chart/P (최초 거래일 이전),
Everpure,P,2013Q3,,분기말 시가총액,데이터 없음(상장 전),,데이터 없음(상장 전),https://query1.finance.yahoo.com/v8/finance/chart/P (최초 거래일 이전),
Everpure,P,2013Q4,,분기별 매출액,데이터 없음(최초 보고기간 이전),USD,데이터 없음(최초 보고기간 전),https://data.sec.gov/submissions/CIK0001474432.json (최초 보고기간 2015Q3),
Everpure,P,2013Q4,,분기별 영업이익,데이터 없음(최초 보고기간 이전),USD,데이터 없음(최초 보고기간 전),https://data.sec.gov/submissions/CIK0001474432.json (최초 보고기간 2015Q3),
Everpure,P,2013Q4,,분기별 당기순이익(지배),데이터 없음(최초 보고기간 이전),USD,데이터 없음(최초 보고기간 전),https://data.sec.gov/submissions/CIK0001474432.json (최초 보고기간 2015Q3),
Everpure,P,2013Q4,,분기별 영업활동현금흐름,데이터 없음(최초 보고기간 이전),USD,데이터 없음(최초 보고기간 전),https://data.sec.gov/submissions/CIK0001474432.json (최초 보고기간 2015Q3),
Everpure,P,2013Q4,,분기말 자산총계,데이터 없음(최초 보고기간 이전),USD,데이터 없음(최초 보고기간 전),https://data.sec.gov/submissions/CIK0001474432.json (최초 보고기간 2015Q3),
Everpure,P,2013Q4,,분기말 부채총계,데이터 없음(최초 보고기간 이전),USD,데이터 없음(최초 보고기간 전),https://data.sec.gov/submissions/CIK0001474432.json (최초 보고기간 2015Q3),
Everpure,P,2013Q4,,분기말 총자본(자기자본),데이터 없음(최초 보고기간 이전),USD,데이터 없음(최초 보고기간 전),https://data.sec.gov/submissions/CIK0001474432.json (최초 보고기간 2015Q3),
Everpure,P,2013Q4,,분기말 지배지분 자본,데이터 없음(최초 보고기간 이전),USD,데이터 없음(최초 보고기간 전),https://data.sec.gov/submissions/CIK0001474432.json (최초 보고기간 2015Q3),
Everpure,P,2013Q4,,분기말 종가,데이터 없음(상장 전),,데이터 없음(상장 전),https://query1.finance.yahoo.com/v8/finance/chart/P (최초 거래일 이전),
Everpure,P,2013Q4,,분기말 상장주식수,데이터 없음(상장 전),,데이터 없음(상장 전),https://query1.finance.yahoo.com/v8/finance/chart/P (최초 거래일 이전),
Everpure,P,2013Q4,,분기말 시가총액,데이터 없음(상장 전),,데이터 없음(상장 전),https://query1.finance.yahoo.com/v8/finance/chart/P (최초 거래일 이전),
Everpure,P,2014Q1,,분기별 매출액,데이터 없음(최초 보고기간 이전),USD,데이터 없음(최초 보고기간 전),https://data.sec.gov/submissions/CIK0001474432.json (최초 보고기간 2015Q3),
Everpure,P,2014Q1,,분기별 영업이익,데이터 없음(최초 보고기간 이전),USD,데이터 없음(최초 보고기간 전),https://data.sec.gov/submissions/CIK0001474432.json (최초 보고기간 2015Q3),
Everpure,P,2014Q1,,분기별 당기순이익(지배),데이터 없음(최초 보고기간 이전),USD,데이터 없음(최초 보고기간 전),https://data.sec.gov/submissions/CIK0001474432.json (최초 보고기간 2015Q3),
Everpure,P,2014Q1,,분기별 영업활동현금흐름,데이터 없음(최초 보고기간 이전),USD,데이터 없음(최초 보고기간 전),https://data.sec.gov/submissions/CIK0001474432.json (최초 보고기간 2015Q3),
Everpure,P,2014Q1,,분기말 자산총계,데이터 없음(최초 보고기간 이전),USD,데이터 없음(최초 보고기간 전),https://data.sec.gov/submissions/CIK0001474432.json (최초 보고기간 2015Q3),
Everpure,P,2014Q1,,분기말 부채총계,데이터 없음(최초 보고기간 이전),USD,데이터 없음(최초 보고기간 전),https://data.sec.gov/submissions/CIK0001474432.json (최초 보고기간 2015Q3),
Everpure,P,2014Q1,,분기말 총자본(자기자본),데이터 없음(최초 보고기간 이전),USD,데이터 없음(최초 보고기간 전),https://data.sec.gov/submissions/CIK0001474432.json (최초 보고기간 2015Q3),
Everpure,P,2014Q1,,분기말 지배지분 자본,데이터 없음(최초 보고기간 이전),USD,데이터 없음(최초 보고기간 전),https://data.sec.gov/submissions/CIK0001474432.json (최초 보고기간 2015Q3),
Everpure,P,2014Q1,,분기말 종가,데이터 없음(상장 전),,데이터 없음(상장 전),https://query1.finance.yahoo.com/v8/finance/chart/P (최초 거래일 이전),
Everpure,P,2014Q1,,분기말 상장주식수,데이터 없음(상장 전),,데이터 없음(상장 전),https://query1.finance.yahoo.com/v8/finance/chart/P (최초 거래일 이전),
Everpure,P,2014Q1,,분기말 시가총액,데이터 없음(상장 전),,데이터 없음(상장 전),https://query1.finance.yahoo.com/v8/finance/chart/P (최초 거래일 이전),
Everpure,P,2014Q2,,분기별 매출액,데이터 없음(최초 보고기간 이전),USD,데이터 없음(최초 보고기간 전),https://data.sec.gov/submissions/CIK0001474432.json (최초 보고기간 2015Q3),
Everpure,P,2014Q2,,분기별 영업이익,데이터 없음(최초 보고기간 이전),USD,데이터 없음(최초 보고기간 전),https://data.sec.gov/submissions/CIK0001474432.json (최초 보고기간 2015Q3),
Everpure,P,2014Q2,,분기별 당기순이익(지배),데이터 없음(최초 보고기간 이전),USD,데이터 없음(최초 보고기간 전),https://data.sec.gov/submissions/CIK0001474432.json (최초 보고기간 2015Q3),
Everpure,P,2014Q2,,분기별 영업활동현금흐름,데이터 없음(최초 보고기간 이전),USD,데이터 없음(최초 보고기간 전),https://data.sec.gov/submissions/CIK0001474432.json (최초 보고기간 2015Q3),
Everpure,P,2014Q2,,분기말 자산총계,데이터 없음(최초 보고기간 이전),USD,데이터 없음(최초 보고기간 전),https://data.sec.gov/submissions/CIK0001474432.json (최초 보고기간 2015Q3),
Everpure,P,2014Q2,,분기말 부채총계,데이터 없음(최초 보고기간 이전),USD,데이터 없음(최초 보고기간 전),https://data.sec.gov/submissions/CIK0001474432.json (최초 보고기간 2015Q3),
Everpure,P,2014Q2,,분기말 총자본(자기자본),데이터 없음(최초 보고기간 이전),USD,데이터 없음(최초 보고기간 전),https://data.sec.gov/submissions/CIK0001474432.json (최초 보고기간 2015Q3),
Everpure,P,2014Q2,,분기말 지배지분 자본,데이터 없음(최초 보고기간 이전),USD,데이터 없음(최초 보고기간 전),https://data.sec.gov/submissions/CIK0001474432.json (최초 보고기간 2015Q3),
Everpure,P,2014Q2,,분기말 종가,데이터 없음(상장 전),,데이터 없음(상장 전),https://query1.finance.yahoo.com/v8/finance/chart/P (최초 거래일 이전),
Everpure,P,2014Q2,,분기말 상장주식수,데이터 없음(상장 전),,데이터 없음(상장 전),https://query1.finance.yahoo.com/v8/finance/chart/P (최초 거래일 이전),
Everpure,P,2014Q2,,분기말 시가총액,데이터 없음(상장 전),,데이터 없음(상장 전),https://query1.finance.yahoo.com/v8/finance/chart/P (최초 거래일 이전),
Everpure,P,2014Q3,,분기별 매출액,데이터 없음(최초 보고기간 이전),USD,데이터 없음(최초 보고기간 전),https://data.sec.gov/submissions/CIK0001474432.json (최초 보고기간 2015Q3),
Everpure,P,2014Q3,,분기별 영업이익,데이터 없음(최초 보고기간 이전),USD,데이터 없음(최초 보고기간 전),https://data.sec.gov/submissions/CIK0001474432.json (최초 보고기간 2015Q3),
Everpure,P,2014Q3,,분기별 당기순이익(지배),데이터 없음(최초 보고기간 이전),USD,데이터 없음(최초 보고기간 전),https://data.sec.gov/submissions/CIK0001474432.json (최초 보고기간 2015Q3),
Everpure,P,2014Q3,,분기별 영업활동현금흐름,데이터 없음(최초 보고기간 이전),USD,데이터 없음(최초 보고기간 전),https://data.sec.gov/submissions/CIK0001474432.json (최초 보고기간 2015Q3),
Everpure,P,2014Q3,,분기말 자산총계,데이터 없음(최초 보고기간 이전),USD,데이터 없음(최초 보고기간 전),https://data.sec.gov/submissions/CIK0001474432.json (최초 보고기간 2015Q3),
Everpure,P,2014Q3,,분기말 부채총계,데이터 없음(최초 보고기간 이전),USD,데이터 없음(최초 보고기간 전),https://data.sec.gov/submissions/CIK0001474432.json (최초 보고기간 2015Q3),
Everpure,P,2014Q3,,분기말 총자본(자기자본),데이터 없음(최초 보고기간 이전),USD,데이터 없음(최초 보고기간 전),https://data.sec.gov/submissions/CIK0001474432.json (최초 보고기간 2015Q3),
Everpure,P,2014Q3,,분기말 지배지분 자본,데이터 없음(최초 보고기간 이전),USD,데이터 없음(최초 보고기간 전),https://data.sec.gov/submissions/CIK0001474432.json (최초 보고기간 2015Q3),
Everpure,P,2014Q3,,분기말 종가,데이터 없음(상장 전),,데이터 없음(상장 전),https://query1.finance.yahoo.com/v8/finance/chart/P (최초 거래일 이전),
Everpure,P,2014Q3,,분기말 상장주식수,데이터 없음(상장 전),,데이터 없음(상장 전),https://query1.finance.yahoo.com/v8/finance/chart/P (최초 거래일 이전),
Everpure,P,2014Q3,,분기말 시가총액,데이터 없음(상장 전),,데이터 없음(상장 전),https://query1.finance.yahoo.com/v8/finance/chart/P (최초 거래일 이전),
Everpure,P,2014Q4,,분기별 매출액,데이터 없음(최초 보고기간 이전),USD,데이터 없음(최초 보고기간 전),https://data.sec.gov/submissions/CIK0001474432.json (최초 보고기간 2015Q3),
Everpure,P,2014Q4,,분기별 영업이익,데이터 없음(최초 보고기간 이전),USD,데이터 없음(최초 보고기간 전),https://data.sec.gov/submissions/CIK0001474432.json (최초 보고기간 2015Q3),
Everpure,P,2014Q4,,분기별 당기순이익(지배),데이터 없음(최초 보고기간 이전),USD,데이터 없음(최초 보고기간 전),https://data.sec.gov/submissions/CIK0001474432.json (최초 보고기간 2015Q3),
Everpure,P,2014Q4,,분기별 영업활동현금흐름,데이터 없음(최초 보고기간 이전),USD,데이터 없음(최초 보고기간 전),https://data.sec.gov/submissions/CIK0001474432.json (최초 보고기간 2015Q3),
Everpure,P,2014Q4,,분기말 자산총계,데이터 없음(최초 보고기간 이전),USD,데이터 없음(최초 보고기간 전),https://data.sec.gov/submissions/CIK0001474432.json (최초 보고기간 2015Q3),
Everpure,P,2014Q4,,분기말 부채총계,데이터 없음(최초 보고기간 이전),USD,데이터 없음(최초 보고기간 전),https://data.sec.gov/submissions/CIK0001474432.json (최초 보고기간 2015Q3),
Everpure,P,2014Q4,,분기말 총자본(자기자본),데이터 없음(최초 보고기간 이전),USD,데이터 없음(최초 보고기간 전),https://data.sec.gov/submissions/CIK0001474432.json (최초 보고기간 2015Q3),
Everpure,P,2014Q4,,분기말 지배지분 자본,데이터 없음(최초 보고기간 이전),USD,데이터 없음(최초 보고기간 전),https://data.sec.gov/submissions/CIK0001474432.json (최초 보고기간 2015Q3),
Everpure,P,2014Q4,,분기말 종가,데이터 없음(상장 전),,데이터 없음(상장 전),https://query1.finance.yahoo.com/v8/finance/chart/P (최초 거래일 이전),
Everpure,P,2014Q4,,분기말 상장주식수,데이터 없음(상장 전),,데이터 없음(상장 전),https://query1.finance.yahoo.com/v8/finance/chart/P (최초 거래일 이전),
Everpure,P,2014Q4,,분기말 시가총액,데이터 없음(상장 전),,데이터 없음(상장 전),https://query1.finance.yahoo.com/v8/finance/chart/P (최초 거래일 이전),
Everpure,P,2015Q1,,분기별 매출액,데이터 없음(최초 보고기간 이전),USD,데이터 없음(최초 보고기간 전),https://data.sec.gov/submissions/CIK0001474432.json (최초 보고기간 2015Q3),
Everpure,P,2015Q1,,분기별 영업이익,데이터 없음(최초 보고기간 이전),USD,데이터 없음(최초 보고기간 전),https://data.sec.gov/submissions/CIK0001474432.json (최초 보고기간 2015Q3),
Everpure,P,2015Q1,,분기별 당기순이익(지배),데이터 없음(최초 보고기간 이전),USD,데이터 없음(최초 보고기간 전),https://data.sec.gov/submissions/CIK0001474432.json (최초 보고기간 2015Q3),
Everpure,P,2015Q1,,분기별 영업활동현금흐름,데이터 없음(최초 보고기간 이전),USD,데이터 없음(최초 보고기간 전),https://data.sec.gov/submissions/CIK0001474432.json (최초 보고기간 2015Q3),
Everpure,P,2015Q1,,분기말 자산총계,데이터 없음(최초 보고기간 이전),USD,데이터 없음(최초 보고기간 전),https://data.sec.gov/submissions/CIK0001474432.json (최초 보고기간 2015Q3),
Everpure,P,2015Q1,,분기말 부채총계,데이터 없음(최초 보고기간 이전),USD,데이터 없음(최초 보고기간 전),https://data.sec.gov/submissions/CIK0001474432.json (최초 보고기간 2015Q3),
Everpure,P,2015Q1,,분기말 총자본(자기자본),데이터 없음(최초 보고기간 이전),USD,데이터 없음(최초 보고기간 전),https://data.sec.gov/submissions/CIK0001474432.json (최초 보고기간 2015Q3),
Everpure,P,2015Q1,,분기말 지배지분 자본,데이터 없음(최초 보고기간 이전),USD,데이터 없음(최초 보고기간 전),https://data.sec.gov/submissions/CIK0001474432.json (최초 보고기간 2015Q3),
Everpure,P,2015Q1,,분기말 종가,데이터 없음(상장 전),,데이터 없음(상장 전),https://query1.finance.yahoo.com/v8/finance/chart/P (최초 거래일 이전),
Everpure,P,2015Q1,,분기말 상장주식수,데이터 없음(상장 전),,데이터 없음(상장 전),https://query1.finance.yahoo.com/v8/finance/chart/P (최초 거래일 이전),
Everpure,P,2015Q1,,분기말 시가총액,데이터 없음(상장 전),,데이터 없음(상장 전),https://query1.finance.yahoo.com/v8/finance/chart/P (최초 거래일 이전),
Everpure,P,2015Q2,,분기별 매출액,데이터 없음(최초 보고기간 이전),USD,데이터 없음(최초 보고기간 전),https://data.sec.gov/submissions/CIK0001474432.json (최초 보고기간 2015Q3),
Everpure,P,2015Q2,,분기별 영업이익,데이터 없음(최초 보고기간 이전),USD,데이터 없음(최초 보고기간 전),https://data.sec.gov/submissions/CIK0001474432.json (최초 보고기간 2015Q3),
Everpure,P,2015Q2,,분기별 당기순이익(지배),데이터 없음(최초 보고기간 이전),USD,데이터 없음(최초 보고기간 전),https://data.sec.gov/submissions/CIK0001474432.json (최초 보고기간 2015Q3),
Everpure,P,2015Q2,,분기별 영업활동현금흐름,데이터 없음(최초 보고기간 이전),USD,데이터 없음(최초 보고기간 전),https://data.sec.gov/submissions/CIK0001474432.json (최초 보고기간 2015Q3),
Everpure,P,2015Q2,,분기말 자산총계,데이터 없음(최초 보고기간 이전),USD,데이터 없음(최초 보고기간 전),https://data.sec.gov/submissions/CIK0001474432.json (최초 보고기간 2015Q3),
Everpure,P,2015Q2,,분기말 부채총계,데이터 없음(최초 보고기간 이전),USD,데이터 없음(최초 보고기간 전),https://data.sec.gov/submissions/CIK0001474432.json (최초 보고기간 2015Q3),
Everpure,P,2015Q2,,분기말 총자본(자기자본),데이터 없음(최초 보고기간 이전),USD,데이터 없음(최초 보고기간 전),https://data.sec.gov/submissions/CIK0001474432.json (최초 보고기간 2015Q3),
Everpure,P,2015Q2,,분기말 지배지분 자본,데이터 없음(최초 보고기간 이전),USD,데이터 없음(최초 보고기간 전),https://data.sec.gov/submissions/CIK0001474432.json (최초 보고기간 2015Q3),
Everpure,P,2015Q2,,분기말 종가,데이터 없음(상장 전),,데이터 없음(상장 전),https://query1.finance.yahoo.com/v8/finance/chart/P (최초 거래일 이전),
Everpure,P,2015Q2,,분기말 상장주식수,데이터 없음(상장 전),,데이터 없음(상장 전),https://query1.finance.yahoo.com/v8/finance/chart/P (최초 거래일 이전),
Everpure,P,2015Q2,,분기말 시가총액,데이터 없음(상장 전),,데이터 없음(상장 전),https://query1.finance.yahoo.com/v8/finance/chart/P (최초 거래일 이전),
Everpure,P,2015Q3,2015-10-31,분기별 매출액,131364000,USD,공시,https://www.sec.gov/Archives/edgar/data/1474432/000156459015011439/,
Everpure,P,2015Q3,2015-10-31,분기별 영업이익,-55579000,USD,공시,https://www.sec.gov/Archives/edgar/data/1474432/000156459015011439/,
Everpure,P,2015Q3,2015-10-31,분기별 당기순이익(지배),-56501000,USD,공시,https://www.sec.gov/Archives/edgar/data/1474432/000156459015011439/,
Everpure,P,2015Q3,2015-10-31,분기별 영업활동현금흐름,데이터 없음(직전 분기 누적 보고서 없음),USD,데이터 없음(직전 보고서 없음),https://www.sec.gov/Archives/edgar/data/1474432/000156459015011439/,
Everpure,P,2015Q3,2015-10-31,분기말 자산총계,818028000,USD,공시,https://www.sec.gov/Archives/edgar/data/1474432/000156459015011439/,
Everpure,P,2015Q3,2015-10-31,분기말 부채총계,234074000,USD,공시,https://www.sec.gov/Archives/edgar/data/1474432/000156459015011439/,
Everpure,P,2015Q3,2015-10-31,분기말 총자본(자기자본),583954000,USD,공시(비지배 없음),https://www.sec.gov/Archives/edgar/data/1474432/000156459015011439/,"StockholdersEquity, MinorityInterest 태그 없음"
Everpure,P,2015Q3,2015-10-31,분기말 지배지분 자본,583954000,USD,공시,https://www.sec.gov/Archives/edgar/data/1474432/000156459015011439/,
Everpure,P,2015Q3,2015-10-30,분기말 종가,17.63,USD,API,https://query1.finance.yahoo.com/v8/finance/chart/P?interval=1d&events=splits (2015-10-30),
Everpure,P,2015Q3,2015-12-03,분기말 상장주식수,190140400,주,공시(표지 기준일),https://www.sec.gov/Archives/edgar/data/1474432/000156459015011439/,"XBRL 원문 dei:EntityCommonStockSharesOutstanding 2개 클래스 합 ; 클래스별(2015-12-03): CommonClassAMember 28750000, CommonClassBMember 161390400"
Everpure,P,2015Q3,2015-10-30,분기말 시가총액,3352175252,USD,계산(종가×주식수),https://query1.finance.yahoo.com/v8/finance/chart/P?interval=1d&events=splits (2015-10-30) ; https://www.sec.gov/Archives/edgar/data/1474432/000156459015011439/,종가 17.63 × 주식수 190140400
Everpure,P,2015Q4,2016-01-31,분기별 매출액,150231000,USD,계산(연간-3분기누적),https://www.sec.gov/Archives/edgar/data/1474432/000156459016015322/ ; https://www.sec.gov/Archives/edgar/data/1474432/000156459015011439/,연간 440333000 − 9개월누적 290102000 (SalesRevenueNet)
Everpure,P,2015Q4,2016-01-31,분기별 영업이익,-42933000,USD,계산(연간-3분기누적),https://www.sec.gov/Archives/edgar/data/1474432/000156459016015322/ ; https://www.sec.gov/Archives/edgar/data/1474432/000156459015011439/,연간 -210181000 − 9개월누적 -167248000 (OperatingIncomeLoss)
Everpure,P,2015Q4,2016-01-31,분기별 당기순이익(지배),-44294000,USD,계산(연간-3분기누적),https://www.sec.gov/Archives/edgar/data/1474432/000156459016015322/ ; https://www.sec.gov/Archives/edgar/data/1474432/000156459015011439/,연간 -213752000 − 9개월누적 -169458000 (NetIncomeLoss)
Everpure,P,2015Q4,2016-01-31,분기별 영업활동현금흐름,42010000,USD,계산(누적차감),https://www.sec.gov/Archives/edgar/data/1474432/000156459016015322/ ; https://www.sec.gov/Archives/edgar/data/1474432/000156459015011439/,누적 -7856000 − 직전누적 -49866000 (시작 2015-02-01)
Everpure,P,2015Q4,2016-01-31,분기말 자산총계,870783000,USD,공시,https://www.sec.gov/Archives/edgar/data/1474432/000156459016015322/,
Everpure,P,2015Q4,2016-01-31,분기말 부채총계,307429000,USD,공시,https://www.sec.gov/Archives/edgar/data/1474432/000156459016015322/,
Everpure,P,2015Q4,2016-01-31,분기말 총자본(자기자본),563354000,USD,공시(비지배 없음),https://www.sec.gov/Archives/edgar/data/1474432/000156459016015322/,"StockholdersEquity, MinorityInterest 태그 없음"
Everpure,P,2015Q4,2016-01-31,분기말 지배지분 자본,563354000,USD,공시,https://www.sec.gov/Archives/edgar/data/1474432/000156459016015322/,
Everpure,P,2015Q4,2016-01-29,분기말 종가,13.01,USD,API,https://query1.finance.yahoo.com/v8/finance/chart/P?interval=1d&events=splits (2016-01-29),
Everpure,P,2015Q4,2016-03-22,분기말 상장주식수,192111197,주,공시(표지 기준일),https://www.sec.gov/Archives/edgar/data/1474432/000156459016015322/,"XBRL 원문 dei:EntityCommonStockSharesOutstanding 2개 클래스 합 ; 클래스별(2016-03-22): CommonClassAMember 47780342, CommonClassBMember 144330855"
Everpure,P,2015Q4,2016-01-29,분기말 시가총액,2499366673,USD,계산(종가×주식수),https://query1.finance.yahoo.com/v8/finance/chart/P?interval=1d&events=splits (2016-01-29) ; https://www.sec.gov/Archives/edgar/data/1474432/000156459016015322/,종가 13.01 × 주식수 192111197
Everpure,P,2016Q1,2016-04-30,분기별 매출액,139947000,USD,공시,https://www.sec.gov/Archives/edgar/data/1474432/000156459016020289/,
Everpure,P,2016Q1,2016-04-30,분기별 영업이익,-64650000,USD,공시(재작성 반영),https://www.sec.gov/Archives/edgar/data/1474432/000162828017006263/,원 공시 -63786000 (https://www.sec.gov/Archives/edgar/data/1474432/000156459016020289/)
Everpure,P,2016Q1,2016-04-30,분기별 당기순이익(지배),-63788000,USD,공시(재작성 반영),https://www.sec.gov/Archives/edgar/data/1474432/000162828017006263/,원 공시 -63459000 (https://www.sec.gov/Archives/edgar/data/1474432/000156459016020289/)
Everpure,P,2016Q1,2016-04-30,분기별 영업활동현금흐름,6760000,USD,공시,https://www.sec.gov/Archives/edgar/data/1474432/000156459016020289/,
Everpure,P,2016Q1,2016-04-30,분기말 자산총계,861475000,USD,공시,https://www.sec.gov/Archives/edgar/data/1474432/000156459016020289/,
Everpure,P,2016Q1,2016-04-30,분기말 부채총계,320058000,USD,공시,https://www.sec.gov/Archives/edgar/data/1474432/000156459016020289/,
Everpure,P,2016Q1,2016-04-30,분기말 총자본(자기자본),541417000,USD,공시(비지배 없음),https://www.sec.gov/Archives/edgar/data/1474432/000156459016020289/,"StockholdersEquity, MinorityInterest 태그 없음"
Everpure,P,2016Q1,2016-04-30,분기말 지배지분 자본,541417000,USD,공시,https://www.sec.gov/Archives/edgar/data/1474432/000156459016020289/,
Everpure,P,2016Q1,2016-04-29,분기말 종가,14.55,USD,API,https://query1.finance.yahoo.com/v8/finance/chart/P?interval=1d&events=splits (2016-04-29),
Everpure,P,2016Q1,2016-05-31,분기말 상장주식수,194411532,주,공시(표지 기준일),https://www.sec.gov/Archives/edgar/data/1474432/000156459016020289/,"XBRL 원문 dei:EntityCommonStockSharesOutstanding 2개 클래스 합 ; 클래스별(2016-05-31): CommonClassAMember 69104013, CommonClassBMember 125307519"
Everpure,P,2016Q1,2016-04-29,분기말 시가총액,2828687791,USD,계산(종가×주식수),https://query1.finance.yahoo.com/v8/finance/chart/P?interval=1d&events=splits (2016-04-29) ; https://www.sec.gov/Archives/edgar/data/1474432/000156459016020289/,종가 14.55 × 주식수 194411532
Everpure,P,2016Q2,2016-07-31,분기별 매출액,163214000,USD,공시,https://www.sec.gov/Archives/edgar/data/1474432/000162828016019406/,
Everpure,P,2016Q2,2016-07-31,분기별 영업이익,-59481000,USD,공시,https://www.sec.gov/Archives/edgar/data/1474432/000162828016019406/,
Everpure,P,2016Q2,2016-07-31,분기별 당기순이익(지배),-59550000,USD,공시,https://www.sec.gov/Archives/edgar/data/1474432/000162828016019406/,
Everpure,P,2016Q2,2016-07-31,분기별 영업활동현금흐름,-11317000,USD,계산(누적차감),https://www.sec.gov/Archives/edgar/data/1474432/000162828016019406/ ; https://www.sec.gov/Archives/edgar/data/1474432/000156459016020289/,누적 -4557000 − 직전누적 6760000 (시작 2016-02-01)
Everpure,P,2016Q2,2016-07-31,분기말 자산총계,862204000,USD,공시,https://www.sec.gov/Archives/edgar/data/1474432/000162828016019406/,
Everpure,P,2016Q2,2016-07-31,분기말 부채총계,348148000,USD,공시,https://www.sec.gov/Archives/edgar/data/1474432/000162828016019406/,
Everpure,P,2016Q2,2016-07-31,분기말 총자본(자기자본),514056000,USD,공시(비지배 없음),https://www.sec.gov/Archives/edgar/data/1474432/000162828016019406/,"StockholdersEquity, MinorityInterest 태그 없음"
Everpure,P,2016Q2,2016-07-31,분기말 지배지분 자본,514056000,USD,공시,https://www.sec.gov/Archives/edgar/data/1474432/000162828016019406/,
Everpure,P,2016Q2,2016-07-29,분기말 종가,12.6,USD,API,https://query1.finance.yahoo.com/v8/finance/chart/P?interval=1d&events=splits (2016-07-29),
Everpure,P,2016Q2,2016-08-25,분기말 상장주식수,196608684,주,공시(표지 기준일),https://www.sec.gov/Archives/edgar/data/1474432/000162828016019406/,"XBRL 원문 dei:EntityCommonStockSharesOutstanding 2개 클래스 합 ; 클래스별(2016-08-25): CommonClassAMember 72026868, CommonClassBMember 124581816"
Everpure,P,2016Q2,2016-07-29,분기말 시가총액,2477269418,USD,계산(종가×주식수),https://query1.finance.yahoo.com/v8/finance/chart/P?interval=1d&events=splits (2016-07-29) ; https://www.sec.gov/Archives/edgar/data/1474432/000162828016019406/,종가 12.6 × 주식수 196608684
Everpure,P,2016Q3,2016-10-31,분기별 매출액,196956000,USD,공시,https://www.sec.gov/Archives/edgar/data/1474432/000162828016022007/,
Everpure,P,2016Q3,2016-10-31,분기별 영업이익,-78180000,USD,공시,https://www.sec.gov/Archives/edgar/data/1474432/000162828016022007/,
Everpure,P,2016Q3,2016-10-31,분기별 당기순이익(지배),-78813000,USD,공시,https://www.sec.gov/Archives/edgar/data/1474432/000162828016022007/,
Everpure,P,2016Q3,2016-10-31,분기별 영업활동현금흐름,-47323000,USD,계산(누적차감),https://www.sec.gov/Archives/edgar/data/1474432/000162828016022007/ ; https://www.sec.gov/Archives/edgar/data/1474432/000162828016019406/,누적 -51880000 − 직전누적 -4557000 (시작 2016-02-01)
Everpure,P,2016Q3,2016-10-31,분기말 자산총계,854136000,USD,공시,https://www.sec.gov/Archives/edgar/data/1474432/000162828016022007/,
Everpure,P,2016Q3,2016-10-31,분기말 부채총계,376371000,USD,공시,https://www.sec.gov/Archives/edgar/data/1474432/000162828016022007/,
Everpure,P,2016Q3,2016-10-31,분기말 총자본(자기자본),477765000,USD,공시(비지배 없음),https://www.sec.gov/Archives/edgar/data/1474432/000162828016022007/,"StockholdersEquity, MinorityInterest 태그 없음"
Everpure,P,2016Q3,2016-10-31,분기말 지배지분 자본,477765000,USD,공시,https://www.sec.gov/Archives/edgar/data/1474432/000162828016022007/,
Everpure,P,2016Q3,2016-10-31,분기말 종가,12.34,USD,API,https://query1.finance.yahoo.com/v8/finance/chart/P?interval=1d&events=splits (2016-10-31),
Everpure,P,2016Q3,2016-12-06,분기말 상장주식수,199875260,주,공시(표지 기준일),https://www.sec.gov/Archives/edgar/data/1474432/000162828016022007/,"XBRL 원문 dei:EntityCommonStockSharesOutstanding 2개 클래스 합 ; 클래스별(2016-12-06): CommonClassAMember 82493782, CommonClassBMember 117381478"
Everpure,P,2016Q3,2016-10-31,분기말 시가총액,2466460708,USD,계산(종가×주식수),https://query1.finance.yahoo.com/v8/finance/chart/P?interval=1d&events=splits (2016-10-31) ; https://www.sec.gov/Archives/edgar/data/1474432/000162828016022007/,종가 12.34 × 주식수 199875260
Everpure,P,2016Q4,2017-01-31,분기별 매출액,227860000,USD,계산(연간-3분기누적),https://www.sec.gov/Archives/edgar/data/1474432/000162828017003034/ ; https://www.sec.gov/Archives/edgar/data/1474432/000162828016022007/,연간 727977000 − 9개월누적 500117000 (SalesRevenueNet)
Everpure,P,2016Q4,2017-01-31,분기별 영업이익,-18961000,USD,계산(연간-3분기누적)(재작성 반영),https://www.sec.gov/Archives/edgar/data/1474432/000162828019003437/ ; https://www.sec.gov/Archives/edgar/data/1474432/000162828016022007/,연간 -221272000 − 9개월누적 -202311000 (OperatingIncomeLoss) ; 원 공시 -42495000 (https://www.sec.gov/Archives/edgar/data/1474432/000162828017003034/ ; https://www.sec.gov/Archives/edgar/data/1474432/000162828016022007/)
Everpure,P,2016Q4,2017-01-31,분기별 당기순이익(지배),-19381000,USD,계산(연간-3분기누적)(재작성 반영),https://www.sec.gov/Archives/edgar/data/1474432/000162828019003437/ ; https://www.sec.gov/Archives/edgar/data/1474432/000162828016022007/,연간 -221532000 − 9개월누적 -202151000 (NetIncomeLoss) ; 원 공시 -42915000 (https://www.sec.gov/Archives/edgar/data/1474432/000162828017003034/ ; https://www.sec.gov/Archives/edgar/data/1474432/000162828016022007/)
Everpure,P,2016Q4,2017-01-31,분기별 영업활동현금흐름,37518000,USD,계산(누적차감),https://www.sec.gov/Archives/edgar/data/1474432/000162828017003034/ ; https://www.sec.gov/Archives/edgar/data/1474432/000162828016022007/,누적 -14362000 − 직전누적 -51880000 (시작 2016-02-01)
Everpure,P,2016Q4,2017-01-31,분기말 자산총계,899745000,USD,공시,https://www.sec.gov/Archives/edgar/data/1474432/000162828017003034/,
Everpure,P,2016Q4,2017-01-31,분기말 부채총계,421315000,USD,공시,https://www.sec.gov/Archives/edgar/data/1474432/000162828017003034/,
Everpure,P,2016Q4,2017-01-31,분기말 총자본(자기자본),478430000,USD,공시(비지배 없음),https://www.sec.gov/Archives/edgar/data/1474432/000162828017003034/,"StockholdersEquity, MinorityInterest 태그 없음"
Everpure,P,2016Q4,2017-01-31,분기말 지배지분 자본,478430000,USD,공시,https://www.sec.gov/Archives/edgar/data/1474432/000162828017003034/,
Everpure,P,2016Q4,2017-01-31,분기말 종가,11.37,USD,API,https://query1.finance.yahoo.com/v8/finance/chart/P?interval=1d&events=splits (2017-01-31),
Everpure,P,2016Q4,2017-03-20,분기말 상장주식수,206611342,주,공시(표지 기준일),https://www.sec.gov/Archives/edgar/data/1474432/000162828017003034/,"XBRL 원문 dei:EntityCommonStockSharesOutstanding 2개 클래스 합 ; 클래스별(2017-03-20): CommonClassAMember 91703752, CommonClassBMember 114907590"
Everpure,P,2016Q4,2017-01-31,분기말 시가총액,2349170959,USD,계산(종가×주식수),https://query1.finance.yahoo.com/v8/finance/chart/P?interval=1d&events=splits (2017-01-31) ; https://www.sec.gov/Archives/edgar/data/1474432/000162828017003034/,종가 11.37 × 주식수 206611342
Everpure,P,2017Q1,2017-04-30,분기별 매출액,182645000,USD,공시(재작성 반영),https://www.sec.gov/Archives/edgar/data/1474432/000162828018007756/,원 공시 182631000 (https://www.sec.gov/Archives/edgar/data/1474432/000162828017006263/)
Everpure,P,2017Q1,2017-04-30,분기별 영업이익,-58190000,USD,공시(재작성 반영),https://www.sec.gov/Archives/edgar/data/1474432/000162828018007756/,원 공시 -63405000 (https://www.sec.gov/Archives/edgar/data/1474432/000162828017006263/)
Everpure,P,2017Q1,2017-04-30,분기별 당기순이익(지배),-57159000,USD,공시(재작성 반영),https://www.sec.gov/Archives/edgar/data/1474432/000162828018007756/,원 공시 -62374000 (https://www.sec.gov/Archives/edgar/data/1474432/000162828017006263/)
Everpure,P,2017Q1,2017-04-30,분기별 영업활동현금흐름,-14301000,USD,공시,https://www.sec.gov/Archives/edgar/data/1474432/000162828017006263/,
Everpure,P,2017Q1,2017-04-30,분기말 자산총계,872875000,USD,공시,https://www.sec.gov/Archives/edgar/data/1474432/000162828017006263/,
Everpure,P,2017Q1,2017-04-30,분기말 부채총계,407567000,USD,공시,https://www.sec.gov/Archives/edgar/data/1474432/000162828017006263/,
Everpure,P,2017Q1,2017-04-30,분기말 총자본(자기자본),465308000,USD,공시(비지배 없음),https://www.sec.gov/Archives/edgar/data/1474432/000162828017006263/,"StockholdersEquity, MinorityInterest 태그 없음"
Everpure,P,2017Q1,2017-04-30,분기말 지배지분 자본,465308000,USD,공시,https://www.sec.gov/Archives/edgar/data/1474432/000162828017006263/,
Everpure,P,2017Q1,2017-04-28,분기말 종가,10.61,USD,API,https://query1.finance.yahoo.com/v8/finance/chart/P?interval=1d&events=splits (2017-04-28),
Everpure,P,2017Q1,2017-05-31,분기말 상장주식수,208705865,주,공시(표지 기준일),https://www.sec.gov/Archives/edgar/data/1474432/000162828017006263/,"XBRL 원문 dei:EntityCommonStockSharesOutstanding 2개 클래스 합 ; 클래스별(2017-05-31): CommonClassAMember 93938912, CommonClassBMember 114766953"
Everpure,P,2017Q1,2017-04-28,분기말 시가총액,2214369228,USD,계산(종가×주식수),https://query1.finance.yahoo.com/v8/finance/chart/P?interval=1d&events=splits (2017-04-28) ; https://www.sec.gov/Archives/edgar/data/1474432/000162828017006263/,종가 10.61 × 주식수 208705865
Everpure,P,2017Q2,2017-07-31,분기별 매출액,224670000,USD,공시(재작성 반영),https://www.sec.gov/Archives/edgar/data/1474432/000162828018011594/,원 공시 224461000 (https://www.sec.gov/Archives/edgar/data/1474432/000162828017009061/)
Everpure,P,2017Q2,2017-07-31,분기별 영업이익,-60856000,USD,공시(재작성 반영),https://www.sec.gov/Archives/edgar/data/1474432/000162828018011594/,원 공시 -64146000 (https://www.sec.gov/Archives/edgar/data/1474432/000162828017009061/)
Everpure,P,2017Q2,2017-07-31,분기별 당기순이익(지배),-58411000,USD,공시(재작성 반영),https://www.sec.gov/Archives/edgar/data/1474432/000162828018011594/,원 공시 -61701000 (https://www.sec.gov/Archives/edgar/data/1474432/000162828017009061/)
Everpure,P,2017Q2,2017-07-31,분기별 영업활동현금흐름,-191000,USD,계산(누적차감),https://www.sec.gov/Archives/edgar/data/1474432/000162828017009061/ ; https://www.sec.gov/Archives/edgar/data/1474432/000162828017006263/,누적 -14492000 − 직전누적 -14301000 (시작 2017-02-01)
Everpure,P,2017Q2,2017-07-31,분기말 자산총계,890132000,USD,공시,https://www.sec.gov/Archives/edgar/data/1474432/000162828017009061/,
Everpure,P,2017Q2,2017-07-31,분기말 부채총계,444726000,USD,공시,https://www.sec.gov/Archives/edgar/data/1474432/000162828017009061/,
Everpure,P,2017Q2,2017-07-31,분기말 총자본(자기자본),445406000,USD,공시(비지배 없음),https://www.sec.gov/Archives/edgar/data/1474432/000162828017009061/,"StockholdersEquity, MinorityInterest 태그 없음"
Everpure,P,2017Q2,2017-07-31,분기말 지배지분 자본,445406000,USD,공시,https://www.sec.gov/Archives/edgar/data/1474432/000162828017009061/,
Everpure,P,2017Q2,2017-07-31,분기말 종가,12.07,USD,API,https://query1.finance.yahoo.com/v8/finance/chart/P?interval=1d&events=splits (2017-07-31),
Everpure,P,2017Q2,2017-08-25,분기말 상장주식수,211483104,주,공시(표지 기준일),https://www.sec.gov/Archives/edgar/data/1474432/000162828017009061/,"XBRL 원문 dei:EntityCommonStockSharesOutstanding 2개 클래스 합 ; 클래스별(2017-08-25): CommonClassAMember 97037611, CommonClassBMember 114445493"
Everpure,P,2017Q2,2017-07-31,분기말 시가총액,2552601065,USD,계산(종가×주식수),https://query1.finance.yahoo.com/v8/finance/chart/P?interval=1d&events=splits (2017-07-31) ; https://www.sec.gov/Archives/edgar/data/1474432/000162828017009061/,종가 12.07 × 주식수 211483104
Everpure,P,2017Q3,2017-10-31,분기별 매출액,277674000,USD,공시,https://www.sec.gov/Archives/edgar/data/1474432/000162828017012265/,
Everpure,P,2017Q3,2017-10-31,분기별 영업이익,-29572000,USD,공시(재작성 반영),https://www.sec.gov/Archives/edgar/data/1474432/000162828018014872/,원 공시 -41817000 (https://www.sec.gov/Archives/edgar/data/1474432/000162828017012265/)
Everpure,P,2017Q3,2017-10-31,분기별 당기순이익(지배),-29404000,USD,공시(재작성 반영),https://www.sec.gov/Archives/edgar/data/1474432/000162828018014872/,원 공시 -41649000 (https://www.sec.gov/Archives/edgar/data/1474432/000162828017012265/)
Everpure,P,2017Q3,2017-10-31,분기별 영업활동현금흐름,28248000,USD,계산(누적차감),https://www.sec.gov/Archives/edgar/data/1474432/000162828017012265/ ; https://www.sec.gov/Archives/edgar/data/1474432/000162828017009061/,누적 13756000 − 직전누적 -14492000 (시작 2017-02-01)
Everpure,P,2017Q3,2017-10-31,분기말 자산총계,962556000,USD,공시,https://www.sec.gov/Archives/edgar/data/1474432/000162828017012265/,
Everpure,P,2017Q3,2017-10-31,분기말 부채총계,503435000,USD,공시,https://www.sec.gov/Archives/edgar/data/1474432/000162828017012265/,
Everpure,P,2017Q3,2017-10-31,분기말 총자본(자기자본),459121000,USD,공시(비지배 없음),https://www.sec.gov/Archives/edgar/data/1474432/000162828017012265/,"StockholdersEquity, MinorityInterest 태그 없음"
Everpure,P,2017Q3,2017-10-31,분기말 지배지분 자본,459121000,USD,공시,https://www.sec.gov/Archives/edgar/data/1474432/000162828017012265/,
Everpure,P,2017Q3,2017-10-31,분기말 종가,16.43,USD,API,https://query1.finance.yahoo.com/v8/finance/chart/P?interval=1d&events=splits (2017-10-31),
Everpure,P,2017Q3,2017-11-30,분기말 상장주식수,216783205,주,공시(표지 기준일),https://www.sec.gov/Archives/edgar/data/1474432/000162828017012265/,"XBRL 원문 dei:EntityCommonStockSharesOutstanding 2개 클래스 합 ; 클래스별(2017-11-30): CommonClassAMember 112788614, CommonClassBMember 103994591"
Everpure,P,2017Q3,2017-10-31,분기말 시가총액,3561748058,USD,계산(종가×주식수),https://query1.finance.yahoo.com/v8/finance/chart/P?interval=1d&events=splits (2017-10-31) ; https://www.sec.gov/Archives/edgar/data/1474432/000162828017012265/,종가 16.43 × 주식수 216783205
Everpure,P,2017Q4,2018-01-31,분기별 매출액,338253000,USD,계산(연간-3분기누적),https://www.sec.gov/Archives/edgar/data/1474432/000162828018003579/ ; https://www.sec.gov/Archives/edgar/data/1474432/000162828017012265/,연간 1023019000 − 9개월누적 684766000 (SalesRevenueNet)
Everpure,P,2017Q4,2018-01-31,분기별 영업이익,-18816000,USD,계산(연간-3분기누적)(재작성 반영),https://www.sec.gov/Archives/edgar/data/1474432/000162828020004133/ ; https://www.sec.gov/Archives/edgar/data/1474432/000162828018014872/,연간 -167434000 − 9개월누적 -148618000 (OperatingIncomeLoss) ; 원 공시 -15790000 (https://www.sec.gov/Archives/edgar/data/1474432/000162828018003579/ ; https://www.sec.gov/Archives/edgar/data/1474432/000162828017012265/)
Everpure,P,2017Q4,2018-01-31,분기별 당기순이익(지배),-14904000,USD,계산(연간-3분기누적)(재작성 반영),https://www.sec.gov/Archives/edgar/data/1474432/000162828020004133/ ; https://www.sec.gov/Archives/edgar/data/1474432/000162828018014872/,연간 -159878000 − 9개월누적 -144974000 (NetIncomeLoss) ; 원 공시 -11878000 (https://www.sec.gov/Archives/edgar/data/1474432/000162828018003579/ ; https://www.sec.gov/Archives/edgar/data/1474432/000162828017012265/)
Everpure,P,2017Q4,2018-01-31,분기별 영업활동현금흐름,59000000,USD,계산(누적차감),https://www.sec.gov/Archives/edgar/data/1474432/000162828018003579/ ; https://www.sec.gov/Archives/edgar/data/1474432/000162828017012265/,누적 72756000 − 직전누적 13756000 (시작 2017-02-01)
Everpure,P,2017Q4,2018-01-31,분기말 자산총계,1123995000,USD,공시(재작성 반영),https://www.sec.gov/Archives/edgar/data/1474432/000162828019003437/,원 공시 1079407000 (https://www.sec.gov/Archives/edgar/data/1474432/000162828018003579/)
Everpure,P,2017Q4,2018-01-31,분기말 부채총계,549594000,USD,공시(재작성 반영),https://www.sec.gov/Archives/edgar/data/1474432/000162828019003437/,원 공시 581501000 (https://www.sec.gov/Archives/edgar/data/1474432/000162828018003579/)
Everpure,P,2017Q4,2018-01-31,분기말 총자본(자기자본),574401000,USD,공시(비지배 없음)(재작성 반영),https://www.sec.gov/Archives/edgar/data/1474432/000162828021005538/,"StockholdersEquity, MinorityInterest 태그 없음 ; 원 공시 497906000 (https://www.sec.gov/Archives/edgar/data/1474432/000162828018003579/)"
Everpure,P,2017Q4,2018-01-31,분기말 지배지분 자본,574401000,USD,공시(재작성 반영),https://www.sec.gov/Archives/edgar/data/1474432/000162828021005538/,원 공시 497906000 (https://www.sec.gov/Archives/edgar/data/1474432/000162828018003579/)
Everpure,P,2017Q4,2018-01-31,분기말 종가,20.14,USD,API,https://query1.finance.yahoo.com/v8/finance/chart/P?interval=1d&events=splits (2018-01-31),
Everpure,P,2017Q4,2018-03-20,분기말 상장주식수,229238326,주,공시(표지 기준일),https://www.sec.gov/Archives/edgar/data/1474432/000162828018003579/,"XBRL 원문 dei:EntityCommonStockSharesOutstanding 2개 클래스 합 ; 클래스별(2018-03-20): CommonClassAMember 162727090, CommonClassBMember 66511236"
Everpure,P,2017Q4,2018-01-31,분기말 시가총액,4616859886,USD,계산(종가×주식수),https://query1.finance.yahoo.com/v8/finance/chart/P?interval=1d&events=splits (2018-01-31) ; https://www.sec.gov/Archives/edgar/data/1474432/000162828018003579/,종가 20.14 × 주식수 229238326
Everpure,P,2018Q1,2018-04-30,분기별 매출액,255945000,USD,공시,https://www.sec.gov/Archives/edgar/data/1474432/000162828018007756/,
Everpure,P,2018Q1,2018-04-30,분기별 영업이익,-61874000,USD,공시,https://www.sec.gov/Archives/edgar/data/1474432/000162828018007756/,
Everpure,P,2018Q1,2018-04-30,분기별 당기순이익(지배),-64304000,USD,공시,https://www.sec.gov/Archives/edgar/data/1474432/000162828018007756/,
Everpure,P,2018Q1,2018-04-30,분기별 영업활동현금흐름,18596000,USD,공시,https://www.sec.gov/Archives/edgar/data/1474432/000162828018007756/,
Everpure,P,2018Q1,2018-04-30,분기말 자산총계,1576059000,USD,공시,https://www.sec.gov/Archives/edgar/data/1474432/000162828018007756/,
Everpure,P,2018Q1,2018-04-30,분기말 부채총계,944439000,USD,공시,https://www.sec.gov/Archives/edgar/data/1474432/000162828018007756/,
Everpure,P,2018Q1,2018-04-30,분기말 총자본(자기자본),631620000,USD,공시(비지배 없음),https://www.sec.gov/Archives/edgar/data/1474432/000162828018007756/,"StockholdersEquity, MinorityInterest 태그 없음"
Everpure,P,2018Q1,2018-04-30,분기말 지배지분 자본,631620000,USD,공시,https://www.sec.gov/Archives/edgar/data/1474432/000162828018007756/,
Everpure,P,2018Q1,2018-04-30,분기말 종가,20.23,USD,API,https://query1.finance.yahoo.com/v8/finance/chart/P?interval=1d&events=splits (2018-04-30),
Everpure,P,2018Q1,2018-05-31,분기말 상장주식수,230885753,주,공시(표지 기준일),https://www.sec.gov/Archives/edgar/data/1474432/000162828018007756/,"XBRL 원문 dei:EntityCommonStockSharesOutstanding 2개 클래스 합 ; 클래스별(2018-05-31): CommonClassAMember 173431705, CommonClassBMember 57454048"
Everpure,P,2018Q1,2018-04-30,분기말 시가총액,4670818783,USD,계산(종가×주식수),https://query1.finance.yahoo.com/v8/finance/chart/P?interval=1d&events=splits (2018-04-30) ; https://www.sec.gov/Archives/edgar/data/1474432/000162828018007756/,종가 20.23 × 주식수 230885753
Everpure,P,2018Q2,2018-07-31,분기별 매출액,308884000,USD,공시,https://www.sec.gov/Archives/edgar/data/1474432/000162828018011594/,
Everpure,P,2018Q2,2018-07-31,분기별 영업이익,-55206000,USD,공시,https://www.sec.gov/Archives/edgar/data/1474432/000162828018011594/,
Everpure,P,2018Q2,2018-07-31,분기별 당기순이익(지배),-60123000,USD,공시,https://www.sec.gov/Archives/edgar/data/1474432/000162828018011594/,
Everpure,P,2018Q2,2018-07-31,분기별 영업활동현금흐름,8484000,USD,계산(누적차감),https://www.sec.gov/Archives/edgar/data/1474432/000162828018011594/ ; https://www.sec.gov/Archives/edgar/data/1474432/000162828018007756/,누적 27080000 − 직전누적 18596000 (시작 2018-02-01)
Everpure,P,2018Q2,2018-07-31,분기말 자산총계,1646229000,USD,공시,https://www.sec.gov/Archives/edgar/data/1474432/000162828018011594/,
Everpure,P,2018Q2,2018-07-31,분기말 부채총계,1001835000,USD,공시,https://www.sec.gov/Archives/edgar/data/1474432/000162828018011594/,
Everpure,P,2018Q2,2018-07-31,분기말 총자본(자기자본),644394000,USD,공시(비지배 없음),https://www.sec.gov/Archives/edgar/data/1474432/000162828018011594/,"StockholdersEquity, MinorityInterest 태그 없음"
Everpure,P,2018Q2,2018-07-31,분기말 지배지분 자본,644394000,USD,공시,https://www.sec.gov/Archives/edgar/data/1474432/000162828018011594/,
Everpure,P,2018Q2,2018-07-31,분기말 종가,21.66,USD,API,https://query1.finance.yahoo.com/v8/finance/chart/P?interval=1d&events=splits (2018-07-31),
Everpure,P,2018Q2,2018-08-24,분기말 상장주식수,236174452,주,공시(표지 기준일),https://www.sec.gov/Archives/edgar/data/1474432/000162828018011594/,"XBRL 원문 dei:EntityCommonStockSharesOutstanding 2개 클래스 합 ; 클래스별(2018-08-24): CommonClassAMember 205282020, CommonClassBMember 30892432"
Everpure,P,2018Q2,2018-07-31,분기말 시가총액,5115538630,USD,계산(종가×주식수),https://query1.finance.yahoo.com/v8/finance/chart/P?interval=1d&events=splits (2018-07-31) ; https://www.sec.gov/Archives/edgar/data/1474432/000162828018011594/,종가 21.66 × 주식수 236174452
Everpure,P,2018Q3,2018-10-31,분기별 매출액,372779000,USD,공시,https://www.sec.gov/Archives/edgar/data/1474432/000162828018014872/,
Everpure,P,2018Q3,2018-10-31,분기별 영업이익,-27217000,USD,공시,https://www.sec.gov/Archives/edgar/data/1474432/000162828018014872/,
Everpure,P,2018Q3,2018-10-31,분기별 당기순이익(지배),-28180000,USD,공시,https://www.sec.gov/Archives/edgar/data/1474432/000162828018014872/,
Everpure,P,2018Q3,2018-10-31,분기별 영업활동현금흐름,56549000,USD,계산(누적차감),https://www.sec.gov/Archives/edgar/data/1474432/000162828018014872/ ; https://www.sec.gov/Archives/edgar/data/1474432/000162828018011594/,누적 83629000 − 직전누적 27080000 (시작 2018-02-01)
Everpure,P,2018Q3,2018-10-31,분기말 자산총계,1811366000,USD,공시,https://www.sec.gov/Archives/edgar/data/1474432/000162828018014872/,
Everpure,P,2018Q3,2018-10-31,분기말 부채총계,1109038000,USD,공시,https://www.sec.gov/Archives/edgar/data/1474432/000162828018014872/,
Everpure,P,2018Q3,2018-10-31,분기말 총자본(자기자본),702328000,USD,공시(비지배 없음),https://www.sec.gov/Archives/edgar/data/1474432/000162828018014872/,"StockholdersEquity, MinorityInterest 태그 없음"
Everpure,P,2018Q3,2018-10-31,분기말 지배지분 자본,702328000,USD,공시,https://www.sec.gov/Archives/edgar/data/1474432/000162828018014872/,
Everpure,P,2018Q3,2018-10-31,분기말 종가,20.18,USD,API,https://query1.finance.yahoo.com/v8/finance/chart/P?interval=1d&events=splits (2018-10-31),
Everpure,P,2018Q3,2018-11-28,분기말 상장주식수,241616737,주,공시(표지 기준일),https://www.sec.gov/Archives/edgar/data/1474432/000162828018014872/,"XBRL 원문 dei:EntityCommonStockSharesOutstanding 2개 클래스 합 ; 클래스별(2018-11-28): CommonClassAMember 216507814, CommonClassBMember 25108923"
Everpure,P,2018Q3,2018-10-31,분기말 시가총액,4875825753,USD,계산(종가×주식수),https://query1.finance.yahoo.com/v8/finance/chart/P?interval=1d&events=splits (2018-10-31) ; https://www.sec.gov/Archives/edgar/data/1474432/000162828018014872/,종가 20.18 × 주식수 241616737
Everpure,P,2018Q4,2019-01-31,분기별 매출액,422216000,USD,계산(연간-3분기누적),https://www.sec.gov/Archives/edgar/data/1474432/000162828019003437/ ; https://www.sec.gov/Archives/edgar/data/1474432/000162828018014872/,연간 1359824000 − 9개월누적 937608000 (RevenueFromContractWithCustomerExcludingAssessedTax)
Everpure,P,2018Q4,2019-01-31,분기별 영업이익,-24960000,USD,계산(연간-3분기누적),https://www.sec.gov/Archives/edgar/data/1474432/000162828019003437/ ; https://www.sec.gov/Archives/edgar/data/1474432/000162828018014872/,연간 -169257000 − 9개월누적 -144297000 (OperatingIncomeLoss)
Everpure,P,2018Q4,2019-01-31,분기별 당기순이익(지배),-25755000,USD,계산(연간-3분기누적),https://www.sec.gov/Archives/edgar/data/1474432/000162828019003437/ ; https://www.sec.gov/Archives/edgar/data/1474432/000162828018014872/,연간 -178362000 − 9개월누적 -152607000 (NetIncomeLoss)
Everpure,P,2018Q4,2019-01-31,분기별 영업활동현금흐름,80794000,USD,계산(누적차감),https://www.sec.gov/Archives/edgar/data/1474432/000162828019003437/ ; https://www.sec.gov/Archives/edgar/data/1474432/000162828018014872/,누적 164423000 − 직전누적 83629000 (시작 2018-02-01)
Everpure,P,2018Q4,2019-01-31,분기말 자산총계,1973025000,USD,공시,https://www.sec.gov/Archives/edgar/data/1474432/000162828019003437/,
Everpure,P,2018Q4,2019-01-31,분기말 부채총계,1235245000,USD,공시,https://www.sec.gov/Archives/edgar/data/1474432/000162828019003437/,
Everpure,P,2018Q4,2019-01-31,분기말 총자본(자기자본),737780000,USD,공시(비지배 없음),https://www.sec.gov/Archives/edgar/data/1474432/000162828019003437/,"StockholdersEquity, MinorityInterest 태그 없음"
Everpure,P,2018Q4,2019-01-31,분기말 지배지분 자본,737780000,USD,공시,https://www.sec.gov/Archives/edgar/data/1474432/000162828019003437/,
Everpure,P,2018Q4,2019-01-31,분기말 종가,17.91,USD,API,https://query1.finance.yahoo.com/v8/finance/chart/P?interval=1d&events=splits (2019-01-31),
Everpure,P,2018Q4,2019-03-18,분기말 상장주식수,244930555,주,공시(표지 기준일),https://www.sec.gov/Archives/edgar/data/1474432/000162828019003437/,"XBRL 원문 dei:EntityCommonStockSharesOutstanding 2개 클래스 합 ; 클래스별(2019-03-18): CommonClassAMember 244930555, CommonClassBMember 0"
Everpure,P,2018Q4,2019-01-31,분기말 시가총액,4386706240,USD,계산(종가×주식수),https://query1.finance.yahoo.com/v8/finance/chart/P?interval=1d&events=splits (2019-01-31) ; https://www.sec.gov/Archives/edgar/data/1474432/000162828019003437/,종가 17.91 × 주식수 244930555
Everpure,P,2019Q1,2019-04-30,분기별 매출액,326700000,USD,공시,https://www.sec.gov/Archives/edgar/data/1474432/000162828019007753/,
Everpure,P,2019Q1,2019-04-30,분기별 영업이익,-97424000,USD,공시,https://www.sec.gov/Archives/edgar/data/1474432/000162828019007753/,
Everpure,P,2019Q1,2019-04-30,분기별 당기순이익(지배),-100336000,USD,공시,https://www.sec.gov/Archives/edgar/data/1474432/000162828019007753/,
Everpure,P,2019Q1,2019-04-30,분기별 영업활동현금흐름,6642000,USD,공시,https://www.sec.gov/Archives/edgar/data/1474432/000162828019007753/,
Everpure,P,2019Q1,2019-04-30,분기말 자산총계,2069189000,USD,공시,https://www.sec.gov/Archives/edgar/data/1474432/000162828019007753/,
Everpure,P,2019Q1,2019-04-30,분기말 부채총계,1325213000,USD,공시,https://www.sec.gov/Archives/edgar/data/1474432/000162828019007753/,
Everpure,P,2019Q1,2019-04-30,분기말 총자본(자기자본),743976000,USD,공시(비지배 없음),https://www.sec.gov/Archives/edgar/data/1474432/000162828019007753/,"StockholdersEquity, MinorityInterest 태그 없음"
Everpure,P,2019Q1,2019-04-30,분기말 지배지분 자본,743976000,USD,공시,https://www.sec.gov/Archives/edgar/data/1474432/000162828019007753/,
Everpure,P,2019Q1,2019-04-30,분기말 종가,22.86,USD,API,https://query1.finance.yahoo.com/v8/finance/chart/P?interval=1d&events=splits (2019-04-30),
Everpure,P,2019Q1,2019-05-31,분기말 상장주식수,253091522,주,공시(표지 기준일),https://www.sec.gov/Archives/edgar/data/1474432/000162828019007753/,dei:EntityCommonStockSharesOutstanding 클래스 합
Everpure,P,2019Q1,2019-04-30,분기말 시가총액,5785672193,USD,계산(종가×주식수),https://query1.finance.yahoo.com/v8/finance/chart/P?interval=1d&events=splits (2019-04-30) ; https://www.sec.gov/Archives/edgar/data/1474432/000162828019007753/,종가 22.86 × 주식수 253091522
Everpure,P,2019Q2,2019-07-31,분기별 매출액,396327000,USD,공시,https://www.sec.gov/Archives/edgar/data/1474432/000162828019011331/,
Everpure,P,2019Q2,2019-07-31,분기별 영업이익,-64905000,USD,공시,https://www.sec.gov/Archives/edgar/data/1474432/000162828019011331/,
Everpure,P,2019Q2,2019-07-31,분기별 당기순이익(지배),-66018000,USD,공시,https://www.sec.gov/Archives/edgar/data/1474432/000162828019011331/,
Everpure,P,2019Q2,2019-07-31,분기별 영업활동현금흐름,48817000,USD,계산(누적차감),https://www.sec.gov/Archives/edgar/data/1474432/000162828019011331/ ; https://www.sec.gov/Archives/edgar/data/1474432/000162828019007753/,누적 55459000 − 직전누적 6642000 (시작 2019-02-01)
Everpure,P,2019Q2,2019-07-31,분기말 자산총계,2115974000,USD,공시,https://www.sec.gov/Archives/edgar/data/1474432/000162828019011331/,
Everpure,P,2019Q2,2019-07-31,분기말 부채총계,1378435000,USD,공시,https://www.sec.gov/Archives/edgar/data/1474432/000162828019011331/,
Everpure,P,2019Q2,2019-07-31,분기말 총자본(자기자본),737539000,USD,공시(비지배 없음),https://www.sec.gov/Archives/edgar/data/1474432/000162828019011331/,"StockholdersEquity, MinorityInterest 태그 없음"
Everpure,P,2019Q2,2019-07-31,분기말 지배지분 자본,737539000,USD,공시,https://www.sec.gov/Archives/edgar/data/1474432/000162828019011331/,
Everpure,P,2019Q2,2019-07-31,분기말 종가,15.14,USD,API,https://query1.finance.yahoo.com/v8/finance/chart/P?interval=1d&events=splits (2019-07-31),
Everpure,P,2019Q2,2019-08-26,분기말 상장주식수,256179043,주,공시(표지 기준일),https://www.sec.gov/Archives/edgar/data/1474432/000162828019011331/,dei:EntityCommonStockSharesOutstanding 클래스 합
Everpure,P,2019Q2,2019-07-31,분기말 시가총액,3878550711,USD,계산(종가×주식수),https://query1.finance.yahoo.com/v8/finance/chart/P?interval=1d&events=splits (2019-07-31) ; https://www.sec.gov/Archives/edgar/data/1474432/000162828019011331/,종가 15.14 × 주식수 256179043
Everpure,P,2019Q3,2019-10-31,분기별 매출액,428409000,USD,공시,https://www.sec.gov/Archives/edgar/data/1474432/000162828019014877/,
Everpure,P,2019Q3,2019-10-31,분기별 영업이익,-28260000,USD,공시,https://www.sec.gov/Archives/edgar/data/1474432/000162828019014877/,
Everpure,P,2019Q3,2019-10-31,분기별 당기순이익(지배),-29982000,USD,공시,https://www.sec.gov/Archives/edgar/data/1474432/000162828019014877/,
Everpure,P,2019Q3,2019-10-31,분기별 영업활동현금흐름,64257000,USD,계산(누적차감),https://www.sec.gov/Archives/edgar/data/1474432/000162828019014877/ ; https://www.sec.gov/Archives/edgar/data/1474432/000162828019011331/,누적 119716000 − 직전누적 55459000 (시작 2019-02-01)
Everpure,P,2019Q3,2019-10-31,분기말 자산총계,2192779000,USD,공시,https://www.sec.gov/Archives/edgar/data/1474432/000162828019014877/,
Everpure,P,2019Q3,2019-10-31,분기말 부채총계,1414829000,USD,공시,https://www.sec.gov/Archives/edgar/data/1474432/000162828019014877/,
Everpure,P,2019Q3,2019-10-31,분기말 총자본(자기자본),777950000,USD,공시(비지배 없음),https://www.sec.gov/Archives/edgar/data/1474432/000162828019014877/,"StockholdersEquity, MinorityInterest 태그 없음"
Everpure,P,2019Q3,2019-10-31,분기말 지배지분 자본,777950000,USD,공시,https://www.sec.gov/Archives/edgar/data/1474432/000162828019014877/,
Everpure,P,2019Q3,2019-10-31,분기말 종가,19.46,USD,API,https://query1.finance.yahoo.com/v8/finance/chart/P?interval=1d&events=splits (2019-10-31),
Everpure,P,2019Q3,2019-12-04,분기말 상장주식수,260375453,주,공시(표지 기준일),https://www.sec.gov/Archives/edgar/data/1474432/000162828019014877/,dei:EntityCommonStockSharesOutstanding 클래스 합
Everpure,P,2019Q3,2019-10-31,분기말 시가총액,5066906315,USD,계산(종가×주식수),https://query1.finance.yahoo.com/v8/finance/chart/P?interval=1d&events=splits (2019-10-31) ; https://www.sec.gov/Archives/edgar/data/1474432/000162828019014877/,종가 19.46 × 주식수 260375453
Everpure,P,2019Q4,2020-02-02,분기별 매출액,492004000,USD,계산(연간-3분기누적),https://www.sec.gov/Archives/edgar/data/1474432/000162828020004133/ ; https://www.sec.gov/Archives/edgar/data/1474432/000162828019014877/,연간 1643440000 − 9개월누적 1151436000 (RevenueFromContractWithCustomerExcludingAssessedTax)
Everpure,P,2019Q4,2020-02-02,분기별 영업이익,-694000,USD,계산(연간-3분기누적),https://www.sec.gov/Archives/edgar/data/1474432/000162828020004133/ ; https://www.sec.gov/Archives/edgar/data/1474432/000162828019014877/,연간 -191283000 − 9개월누적 -190589000 (OperatingIncomeLoss)
Everpure,P,2019Q4,2020-02-02,분기별 당기순이익(지배),-4651000,USD,계산(연간-3분기누적),https://www.sec.gov/Archives/edgar/data/1474432/000162828020004133/ ; https://www.sec.gov/Archives/edgar/data/1474432/000162828019014877/,연간 -200987000 − 9개월누적 -196336000 (NetIncomeLoss)
Everpure,P,2019Q4,2020-02-02,분기별 영업활동현금흐름,69858000,USD,계산(누적차감),https://www.sec.gov/Archives/edgar/data/1474432/000162828020004133/ ; https://www.sec.gov/Archives/edgar/data/1474432/000162828019014877/,누적 189574000 − 직전누적 119716000 (시작 2019-02-01)
Everpure,P,2019Q4,2020-02-02,분기말 자산총계,2364204000,USD,공시,https://www.sec.gov/Archives/edgar/data/1474432/000162828020004133/,
Everpure,P,2019Q4,2020-02-02,분기말 부채총계,1534086000,USD,공시,https://www.sec.gov/Archives/edgar/data/1474432/000162828020004133/,
Everpure,P,2019Q4,2020-02-02,분기말 총자본(자기자본),830118000,USD,공시(비지배 없음),https://www.sec.gov/Archives/edgar/data/1474432/000162828020004133/,"StockholdersEquity, MinorityInterest 태그 없음"
Everpure,P,2019Q4,2020-02-02,분기말 지배지분 자본,830118000,USD,공시,https://www.sec.gov/Archives/edgar/data/1474432/000162828020004133/,
Everpure,P,2019Q4,2020-01-31,분기말 종가,17.8,USD,API,https://query1.finance.yahoo.com/v8/finance/chart/P?interval=1d&events=splits (2020-01-31),
Everpure,P,2019Q4,2020-03-23,분기말 상장주식수,267028936,주,공시(표지 기준일),https://www.sec.gov/Archives/edgar/data/1474432/000162828020004133/,dei:EntityCommonStockSharesOutstanding 클래스 합
Everpure,P,2019Q4,2020-01-31,분기말 시가총액,4753115061,USD,계산(종가×주식수),https://query1.finance.yahoo.com/v8/finance/chart/P?interval=1d&events=splits (2020-01-31) ; https://www.sec.gov/Archives/edgar/data/1474432/000162828020004133/,종가 17.8 × 주식수 267028936
Everpure,P,2020Q1,2020-05-03,분기별 매출액,367119000,USD,공시,https://www.sec.gov/Archives/edgar/data/1474432/000162828020009289/,
Everpure,P,2020Q1,2020-05-03,분기별 영업이익,-84881000,USD,공시,https://www.sec.gov/Archives/edgar/data/1474432/000162828020009289/,
Everpure,P,2020Q1,2020-05-03,분기별 당기순이익(지배),-90594000,USD,공시,https://www.sec.gov/Archives/edgar/data/1474432/000162828020009289/,
Everpure,P,2020Q1,2020-05-03,분기별 영업활동현금흐름,35103000,USD,공시,https://www.sec.gov/Archives/edgar/data/1474432/000162828020009289/,
Everpure,P,2020Q1,2020-05-03,분기말 자산총계,2254861000,USD,공시,https://www.sec.gov/Archives/edgar/data/1474432/000162828020009289/,
Everpure,P,2020Q1,2020-05-03,분기말 부채총계,1498003000,USD,공시,https://www.sec.gov/Archives/edgar/data/1474432/000162828020009289/,
Everpure,P,2020Q1,2020-05-03,분기말 총자본(자기자본),756858000,USD,공시(비지배 없음),https://www.sec.gov/Archives/edgar/data/1474432/000162828020009289/,"StockholdersEquity, MinorityInterest 태그 없음"
Everpure,P,2020Q1,2020-05-03,분기말 지배지분 자본,756858000,USD,공시,https://www.sec.gov/Archives/edgar/data/1474432/000162828020009289/,
Everpure,P,2020Q1,2020-05-01,분기말 종가,13.37,USD,API,https://query1.finance.yahoo.com/v8/finance/chart/P?interval=1d&events=splits (2020-05-01),
Everpure,P,2020Q1,2020-06-05,분기말 상장주식수,265022124,주,공시(표지 기준일),https://www.sec.gov/Archives/edgar/data/1474432/000162828020009289/,dei:EntityCommonStockSharesOutstanding 클래스 합
Everpure,P,2020Q1,2020-05-01,분기말 시가총액,3543345798,USD,계산(종가×주식수),https://query1.finance.yahoo.com/v8/finance/chart/P?interval=1d&events=splits (2020-05-01) ; https://www.sec.gov/Archives/edgar/data/1474432/000162828020009289/,종가 13.37 × 주식수 265022124
Everpure,P,2020Q2,2020-08-02,분기별 매출액,403723000,USD,공시,https://www.sec.gov/Archives/edgar/data/1474432/000162828020013458/,
Everpure,P,2020Q2,2020-08-02,분기별 영업이익,-64119000,USD,공시,https://www.sec.gov/Archives/edgar/data/1474432/000162828020013458/,
Everpure,P,2020Q2,2020-08-02,분기별 당기순이익(지배),-64967000,USD,공시,https://www.sec.gov/Archives/edgar/data/1474432/000162828020013458/,
Everpure,P,2020Q2,2020-08-02,분기별 영업활동현금흐름,50706000,USD,계산(누적차감),https://www.sec.gov/Archives/edgar/data/1474432/000162828020013458/ ; https://www.sec.gov/Archives/edgar/data/1474432/000162828020009289/,누적 85809000 − 직전누적 35103000 (시작 2020-02-03)
Everpure,P,2020Q2,2020-08-02,분기말 자산총계,2321612000,USD,공시,https://www.sec.gov/Archives/edgar/data/1474432/000162828020013458/,
Everpure,P,2020Q2,2020-08-02,분기말 부채총계,1575506000,USD,공시,https://www.sec.gov/Archives/edgar/data/1474432/000162828020013458/,
Everpure,P,2020Q2,2020-08-02,분기말 총자본(자기자본),746106000,USD,공시(비지배 없음),https://www.sec.gov/Archives/edgar/data/1474432/000162828020013458/,"StockholdersEquity, MinorityInterest 태그 없음"
Everpure,P,2020Q2,2020-08-02,분기말 지배지분 자본,746106000,USD,공시,https://www.sec.gov/Archives/edgar/data/1474432/000162828020013458/,
Everpure,P,2020Q2,2020-07-31,분기말 종가,17.86,USD,API,https://query1.finance.yahoo.com/v8/finance/chart/P?interval=1d&events=splits (2020-07-31),
Everpure,P,2020Q2,2020-09-07,분기말 상장주식수,268213465,주,공시(표지 기준일),https://www.sec.gov/Archives/edgar/data/1474432/000162828020013458/,dei:EntityCommonStockSharesOutstanding 클래스 합
Everpure,P,2020Q2,2020-07-31,분기말 시가총액,4790292485,USD,계산(종가×주식수),https://query1.finance.yahoo.com/v8/finance/chart/P?interval=1d&events=splits (2020-07-31) ; https://www.sec.gov/Archives/edgar/data/1474432/000162828020013458/,종가 17.86 × 주식수 268213465
Everpure,P,2020Q3,2020-11-01,분기별 매출액,410619000,USD,공시,https://www.sec.gov/Archives/edgar/data/1474432/000162828020017299/,
Everpure,P,2020Q3,2020-11-01,분기별 영업이익,-65214000,USD,공시,https://www.sec.gov/Archives/edgar/data/1474432/000162828020017299/,
Everpure,P,2020Q3,2020-11-01,분기별 당기순이익(지배),-74222000,USD,공시,https://www.sec.gov/Archives/edgar/data/1474432/000162828020017299/,
Everpure,P,2020Q3,2020-11-01,분기별 영업활동현금흐름,32799000,USD,계산(누적차감),https://www.sec.gov/Archives/edgar/data/1474432/000162828020017299/ ; https://www.sec.gov/Archives/edgar/data/1474432/000162828020013458/,누적 118608000 − 직전누적 85809000 (시작 2020-02-03)
Everpure,P,2020Q3,2020-11-01,분기말 자산총계,2652995000,USD,공시,https://www.sec.gov/Archives/edgar/data/1474432/000162828020017299/,
Everpure,P,2020Q3,2020-11-01,분기말 부채총계,1917914000,USD,공시,https://www.sec.gov/Archives/edgar/data/1474432/000162828020017299/,
Everpure,P,2020Q3,2020-11-01,분기말 총자본(자기자본),735081000,USD,공시(비지배 없음),https://www.sec.gov/Archives/edgar/data/1474432/000162828020017299/,"StockholdersEquity, MinorityInterest 태그 없음"
Everpure,P,2020Q3,2020-11-01,분기말 지배지분 자본,735081000,USD,공시,https://www.sec.gov/Archives/edgar/data/1474432/000162828020017299/,
Everpure,P,2020Q3,2020-10-30,분기말 종가,16.1,USD,API,https://query1.finance.yahoo.com/v8/finance/chart/P?interval=1d&events=splits (2020-10-30),
Everpure,P,2020Q3,2020-12-04,분기말 상장주식수,272810989,주,공시(표지 기준일),https://www.sec.gov/Archives/edgar/data/1474432/000162828020017299/,dei:EntityCommonStockSharesOutstanding 클래스 합
Everpure,P,2020Q3,2020-10-30,분기말 시가총액,4392256923,USD,계산(종가×주식수),https://query1.finance.yahoo.com/v8/finance/chart/P?interval=1d&events=splits (2020-10-30) ; https://www.sec.gov/Archives/edgar/data/1474432/000162828020017299/,종가 16.1 × 주식수 272810989
Everpure,P,2020Q4,2021-01-31,분기별 매출액,502718000,USD,계산(연간-3분기누적),https://www.sec.gov/Archives/edgar/data/1474432/000162828021005538/ ; https://www.sec.gov/Archives/edgar/data/1474432/000162828020017299/,연간 1684179000 − 9개월누적 1181461000 (RevenueFromContractWithCustomerExcludingAssessedTax)
Everpure,P,2020Q4,2021-01-31,분기별 영업이익,-46819000,USD,계산(연간-3분기누적),https://www.sec.gov/Archives/edgar/data/1474432/000162828021005538/ ; https://www.sec.gov/Archives/edgar/data/1474432/000162828020017299/,연간 -261033000 − 9개월누적 -214214000 (OperatingIncomeLoss)
Everpure,P,2020Q4,2021-01-31,분기별 당기순이익(지배),-52293000,USD,계산(연간-3분기누적),https://www.sec.gov/Archives/edgar/data/1474432/000162828021005538/ ; https://www.sec.gov/Archives/edgar/data/1474432/000162828020017299/,연간 -282076000 − 9개월누적 -229783000 (NetIncomeLoss)
Everpure,P,2020Q4,2021-01-31,분기별 영업활동현금흐름,69033000,USD,계산(누적차감),https://www.sec.gov/Archives/edgar/data/1474432/000162828021005538/ ; https://www.sec.gov/Archives/edgar/data/1474432/000162828020017299/,누적 187641000 − 직전누적 118608000 (시작 2020-02-03)
Everpure,P,2020Q4,2021-01-31,분기말 자산총계,2819440000,USD,공시,https://www.sec.gov/Archives/edgar/data/1474432/000162828021005538/,
Everpure,P,2020Q4,2021-01-31,분기말 부채총계,2069434000,USD,공시,https://www.sec.gov/Archives/edgar/data/1474432/000162828021005538/,
Everpure,P,2020Q4,2021-01-31,분기말 총자본(자기자본),750006000,USD,공시(비지배 없음),https://www.sec.gov/Archives/edgar/data/1474432/000162828021005538/,"StockholdersEquity, MinorityInterest 태그 없음"
Everpure,P,2020Q4,2021-01-31,분기말 지배지분 자본,750006000,USD,공시,https://www.sec.gov/Archives/edgar/data/1474432/000162828021005538/,
Everpure,P,2020Q4,2021-01-29,분기말 종가,23.13,USD,API,https://query1.finance.yahoo.com/v8/finance/chart/P?interval=1d&events=splits (2021-01-29),
Everpure,P,2020Q4,2021-03-18,분기말 상장주식수,280335794,주,공시(표지 기준일),https://www.sec.gov/Archives/edgar/data/1474432/000162828021005538/,dei:EntityCommonStockSharesOutstanding 클래스 합
Everpure,P,2020Q4,2021-01-29,분기말 시가총액,6484166915,USD,계산(종가×주식수),https://query1.finance.yahoo.com/v8/finance/chart/P?interval=1d&events=splits (2021-01-29) ; https://www.sec.gov/Archives/edgar/data/1474432/000162828021005538/,종가 23.13 × 주식수 280335794
Everpure,P,2021Q1,2021-05-02,분기별 매출액,412707000,USD,공시,https://www.sec.gov/Archives/edgar/data/1474432/000162828021011838/,
Everpure,P,2021Q1,2021-05-02,분기별 영업이익,-76157000,USD,공시,https://www.sec.gov/Archives/edgar/data/1474432/000162828021011838/,
Everpure,P,2021Q1,2021-05-02,분기별 당기순이익(지배),-84206000,USD,공시,https://www.sec.gov/Archives/edgar/data/1474432/000162828021011838/,
Everpure,P,2021Q1,2021-05-02,분기별 영업활동현금흐름,21448000,USD,공시,https://www.sec.gov/Archives/edgar/data/1474432/000162828021011838/,
Everpure,P,2021Q1,2021-05-02,분기말 자산총계,2697938000,USD,공시,https://www.sec.gov/Archives/edgar/data/1474432/000162828021011838/,
Everpure,P,2021Q1,2021-05-02,분기말 부채총계,1982465000,USD,공시,https://www.sec.gov/Archives/edgar/data/1474432/000162828021011838/,
Everpure,P,2021Q1,2021-05-02,분기말 총자본(자기자본),715473000,USD,공시(비지배 없음),https://www.sec.gov/Archives/edgar/data/1474432/000162828021011838/,"StockholdersEquity, MinorityInterest 태그 없음"
Everpure,P,2021Q1,2021-05-02,분기말 지배지분 자본,715473000,USD,공시,https://www.sec.gov/Archives/edgar/data/1474432/000162828021011838/,
Everpure,P,2021Q1,2021-04-30,분기말 종가,20.22,USD,API,https://query1.finance.yahoo.com/v8/finance/chart/P?interval=1d&events=splits (2021-04-30),
Everpure,P,2021Q1,2021-06-04,분기말 상장주식수,283254906,주,공시(표지 기준일),https://www.sec.gov/Archives/edgar/data/1474432/000162828021011838/,dei:EntityCommonStockSharesOutstanding 클래스 합
Everpure,P,2021Q1,2021-04-30,분기말 시가총액,5727414199,USD,계산(종가×주식수),https://query1.finance.yahoo.com/v8/finance/chart/P?interval=1d&events=splits (2021-04-30) ; https://www.sec.gov/Archives/edgar/data/1474432/000162828021011838/,종가 20.22 × 주식수 283254906
Everpure,P,2021Q2,2021-08-01,분기별 매출액,496831000,USD,공시,https://www.sec.gov/Archives/edgar/data/1474432/000162828021018247/,
Everpure,P,2021Q2,2021-08-01,분기별 영업이익,-33930000,USD,공시,https://www.sec.gov/Archives/edgar/data/1474432/000162828021018247/,
Everpure,P,2021Q2,2021-08-01,분기별 당기순이익(지배),-45265000,USD,공시,https://www.sec.gov/Archives/edgar/data/1474432/000162828021018247/,
Everpure,P,2021Q2,2021-08-01,분기별 영업활동현금흐름,123392000,USD,계산(누적차감),https://www.sec.gov/Archives/edgar/data/1474432/000162828021018247/ ; https://www.sec.gov/Archives/edgar/data/1474432/000162828021011838/,누적 144840000 − 직전누적 21448000 (시작 2021-02-01)
Everpure,P,2021Q2,2021-08-01,분기말 자산총계,2783684000,USD,공시,https://www.sec.gov/Archives/edgar/data/1474432/000162828021018247/,
Everpure,P,2021Q2,2021-08-01,분기말 부채총계,2086240000,USD,공시,https://www.sec.gov/Archives/edgar/data/1474432/000162828021018247/,
Everpure,P,2021Q2,2021-08-01,분기말 총자본(자기자본),697444000,USD,공시(비지배 없음),https://www.sec.gov/Archives/edgar/data/1474432/000162828021018247/,"StockholdersEquity, MinorityInterest 태그 없음"
Everpure,P,2021Q2,2021-08-01,분기말 지배지분 자본,697444000,USD,공시,https://www.sec.gov/Archives/edgar/data/1474432/000162828021018247/,
Everpure,P,2021Q2,2021-07-30,분기말 종가,19.52,USD,API,https://query1.finance.yahoo.com/v8/finance/chart/P?interval=1d&events=splits (2021-07-30),
Everpure,P,2021Q2,2021-09-01,분기말 상장주식수,285074082,주,공시(표지 기준일),https://www.sec.gov/Archives/edgar/data/1474432/000162828021018247/,dei:EntityCommonStockSharesOutstanding 클래스 합
Everpure,P,2021Q2,2021-07-30,분기말 시가총액,5564646081,USD,계산(종가×주식수),https://query1.finance.yahoo.com/v8/finance/chart/P?interval=1d&events=splits (2021-07-30) ; https://www.sec.gov/Archives/edgar/data/1474432/000162828021018247/,종가 19.52 × 주식수 285074082
Everpure,P,2021Q3,2021-10-31,분기별 매출액,562740000,USD,공시,https://www.sec.gov/Archives/edgar/data/1474432/000162828021024638/,
Everpure,P,2021Q3,2021-10-31,분기별 영업이익,-18078000,USD,공시,https://www.sec.gov/Archives/edgar/data/1474432/000162828021024638/,
Everpure,P,2021Q3,2021-10-31,분기별 당기순이익(지배),-28731000,USD,공시,https://www.sec.gov/Archives/edgar/data/1474432/000162828021024638/,
Everpure,P,2021Q3,2021-10-31,분기별 영업활동현금흐름,127046000,USD,계산(누적차감),https://www.sec.gov/Archives/edgar/data/1474432/000162828021024638/ ; https://www.sec.gov/Archives/edgar/data/1474432/000162828021018247/,누적 271886000 − 직전누적 144840000 (시작 2021-02-01)
Everpure,P,2021Q3,2021-10-31,분기말 자산총계,2855756000,USD,공시,https://www.sec.gov/Archives/edgar/data/1474432/000162828021024638/,
Everpure,P,2021Q3,2021-10-31,분기말 부채총계,2131332000,USD,공시,https://www.sec.gov/Archives/edgar/data/1474432/000162828021024638/,
Everpure,P,2021Q3,2021-10-31,분기말 총자본(자기자본),724424000,USD,공시(비지배 없음),https://www.sec.gov/Archives/edgar/data/1474432/000162828021024638/,"StockholdersEquity, MinorityInterest 태그 없음"
Everpure,P,2021Q3,2021-10-31,분기말 지배지분 자본,724424000,USD,공시,https://www.sec.gov/Archives/edgar/data/1474432/000162828021024638/,
Everpure,P,2021Q3,2021-10-29,분기말 종가,26.86,USD,API,https://query1.finance.yahoo.com/v8/finance/chart/P?interval=1d&events=splits (2021-10-29),
Everpure,P,2021Q3,2021-12-01,분기말 상장주식수,289947104,주,공시(표지 기준일),https://www.sec.gov/Archives/edgar/data/1474432/000162828021024638/,dei:EntityCommonStockSharesOutstanding 클래스 합
Everpure,P,2021Q3,2021-10-29,분기말 시가총액,7787979213,USD,계산(종가×주식수),https://query1.finance.yahoo.com/v8/finance/chart/P?interval=1d&events=splits (2021-10-29) ; https://www.sec.gov/Archives/edgar/data/1474432/000162828021024638/,종가 26.86 × 주식수 289947104
Everpure,P,2021Q4,2022-02-06,분기별 매출액,708570000,USD,계산(연간-3분기누적),https://www.sec.gov/Archives/edgar/data/1474432/000162828022008643/ ; https://www.sec.gov/Archives/edgar/data/1474432/000162828021024638/,연간 2180848000 − 9개월누적 1472278000 (RevenueFromContractWithCustomerExcludingAssessedTax)
Everpure,P,2021Q4,2022-02-06,분기별 영업이익,29767000,USD,계산(연간-3분기누적),https://www.sec.gov/Archives/edgar/data/1474432/000162828022008643/ ; https://www.sec.gov/Archives/edgar/data/1474432/000162828021024638/,연간 -98398000 − 9개월누적 -128165000 (OperatingIncomeLoss)
Everpure,P,2021Q4,2022-02-06,분기별 당기순이익(지배),14943000,USD,계산(연간-3분기누적),https://www.sec.gov/Archives/edgar/data/1474432/000162828022008643/ ; https://www.sec.gov/Archives/edgar/data/1474432/000162828021024638/,연간 -143259000 − 9개월누적 -158202000 (NetIncomeLoss)
Everpure,P,2021Q4,2022-02-06,분기별 영업활동현금흐름,138241000,USD,계산(누적차감),https://www.sec.gov/Archives/edgar/data/1474432/000162828022008643/ ; https://www.sec.gov/Archives/edgar/data/1474432/000162828021024638/,누적 410127000 − 직전누적 271886000 (시작 2021-02-01)
Everpure,P,2021Q4,2022-02-06,분기말 자산총계,3135315000,USD,공시,https://www.sec.gov/Archives/edgar/data/1474432/000162828022008643/,
Everpure,P,2021Q4,2022-02-06,분기말 부채총계,2380979000,USD,공시,https://www.sec.gov/Archives/edgar/data/1474432/000162828022008643/,
Everpure,P,2021Q4,2022-02-06,분기말 총자본(자기자본),754336000,USD,공시(비지배 없음),https://www.sec.gov/Archives/edgar/data/1474432/000162828022008643/,"StockholdersEquity, MinorityInterest 태그 없음"
Everpure,P,2021Q4,2022-02-06,분기말 지배지분 자본,754336000,USD,공시,https://www.sec.gov/Archives/edgar/data/1474432/000162828022008643/,
Everpure,P,2021Q4,2022-02-04,분기말 종가,26.38,USD,API,https://query1.finance.yahoo.com/v8/finance/chart/P?interval=1d&events=splits (2022-02-04),
Everpure,P,2021Q4,2022-03-29,분기말 상장주식수,298498932,주,공시(표지 기준일),https://www.sec.gov/Archives/edgar/data/1474432/000162828022008643/,dei:EntityCommonStockSharesOutstanding 클래스 합
Everpure,P,2021Q4,2022-02-04,분기말 시가총액,7874401826,USD,계산(종가×주식수),https://query1.finance.yahoo.com/v8/finance/chart/P?interval=1d&events=splits (2022-02-04) ; https://www.sec.gov/Archives/edgar/data/1474432/000162828022008643/,종가 26.38 × 주식수 298498932
Everpure,P,2022Q1,2022-05-08,분기별 매출액,620405000,USD,공시,https://www.sec.gov/Archives/edgar/data/1474432/000162828022017288/,
Everpure,P,2022Q1,2022-05-08,분기별 영업이익,-4567000,USD,공시,https://www.sec.gov/Archives/edgar/data/1474432/000162828022017288/,
Everpure,P,2022Q1,2022-05-08,분기별 당기순이익(지배),-11535000,USD,공시,https://www.sec.gov/Archives/edgar/data/1474432/000162828022017288/,
Everpure,P,2022Q1,2022-05-08,분기별 영업활동현금흐름,220132000,USD,공시,https://www.sec.gov/Archives/edgar/data/1474432/000162828022017288/,
Everpure,P,2022Q1,2022-05-08,분기말 자산총계,2828352000,USD,공시,https://www.sec.gov/Archives/edgar/data/1474432/000162828022017288/,
Everpure,P,2022Q1,2022-05-08,분기말 부채총계,2101258000,USD,공시,https://www.sec.gov/Archives/edgar/data/1474432/000162828022017288/,
Everpure,P,2022Q1,2022-05-08,분기말 총자본(자기자본),727094000,USD,공시(비지배 없음),https://www.sec.gov/Archives/edgar/data/1474432/000162828022017288/,"StockholdersEquity, MinorityInterest 태그 없음"
Everpure,P,2022Q1,2022-05-08,분기말 지배지분 자본,727094000,USD,공시,https://www.sec.gov/Archives/edgar/data/1474432/000162828022017288/,
Everpure,P,2022Q1,2022-05-06,분기말 종가,27.38,USD,API,https://query1.finance.yahoo.com/v8/finance/chart/P?interval=1d&events=splits (2022-05-06),
Everpure,P,2022Q1,2022-06-08,분기말 상장주식수,296021678,주,공시(표지 기준일),https://www.sec.gov/Archives/edgar/data/1474432/000162828022017288/,dei:EntityCommonStockSharesOutstanding 클래스 합
Everpure,P,2022Q1,2022-05-06,분기말 시가총액,8105073544,USD,계산(종가×주식수),https://query1.finance.yahoo.com/v8/finance/chart/P?interval=1d&events=splits (2022-05-06) ; https://www.sec.gov/Archives/edgar/data/1474432/000162828022017288/,종가 27.38 × 주식수 296021678
Everpure,P,2022Q2,2022-08-07,분기별 매출액,646772000,USD,공시,https://www.sec.gov/Archives/edgar/data/1474432/000162828022024939/,
Everpure,P,2022Q2,2022-08-07,분기별 영업이익,14363000,USD,공시,https://www.sec.gov/Archives/edgar/data/1474432/000162828022024939/,
Everpure,P,2022Q2,2022-08-07,분기별 당기순이익(지배),10922000,USD,공시,https://www.sec.gov/Archives/edgar/data/1474432/000162828022024939/,
Everpure,P,2022Q2,2022-08-07,분기별 영업활동현금흐름,159380000,USD,계산(누적차감),https://www.sec.gov/Archives/edgar/data/1474432/000162828022024939/ ; https://www.sec.gov/Archives/edgar/data/1474432/000162828022017288/,누적 379512000 − 직전누적 220132000 (시작 2022-02-07)
Everpure,P,2022Q2,2022-08-07,분기말 자산총계,3049859000,USD,공시,https://www.sec.gov/Archives/edgar/data/1474432/000162828022024939/,
Everpure,P,2022Q2,2022-08-07,분기말 부채총계,2288501000,USD,공시,https://www.sec.gov/Archives/edgar/data/1474432/000162828022024939/,
Everpure,P,2022Q2,2022-08-07,분기말 총자본(자기자본),761358000,USD,공시(비지배 없음),https://www.sec.gov/Archives/edgar/data/1474432/000162828022024939/,"StockholdersEquity, MinorityInterest 태그 없음"
Everpure,P,2022Q2,2022-08-07,분기말 지배지분 자본,761358000,USD,공시,https://www.sec.gov/Archives/edgar/data/1474432/000162828022024939/,
Everpure,P,2022Q2,2022-08-05,분기말 종가,29.63,USD,API,https://query1.finance.yahoo.com/v8/finance/chart/P?interval=1d&events=splits (2022-08-05),
Everpure,P,2022Q2,2022-09-07,분기말 상장주식수,298918217,주,공시(표지 기준일),https://www.sec.gov/Archives/edgar/data/1474432/000162828022024939/,dei:EntityCommonStockSharesOutstanding 클래스 합
Everpure,P,2022Q2,2022-08-05,분기말 시가총액,8856946770,USD,계산(종가×주식수),https://query1.finance.yahoo.com/v8/finance/chart/P?interval=1d&events=splits (2022-08-05) ; https://www.sec.gov/Archives/edgar/data/1474432/000162828022024939/,종가 29.63 × 주식수 298918217
Everpure,P,2022Q3,2022-11-06,분기별 매출액,676050000,USD,공시,https://www.sec.gov/Archives/edgar/data/1474432/000162828022031956/,
Everpure,P,2022Q3,2022-11-06,분기별 영업이익,9133000,USD,공시,https://www.sec.gov/Archives/edgar/data/1474432/000162828022031956/,
Everpure,P,2022Q3,2022-11-06,분기별 당기순이익(지배),-787000,USD,공시,https://www.sec.gov/Archives/edgar/data/1474432/000162828022031956/,
Everpure,P,2022Q3,2022-11-06,분기별 영업활동현금흐름,154696000,USD,계산(누적차감),https://www.sec.gov/Archives/edgar/data/1474432/000162828022031956/ ; https://www.sec.gov/Archives/edgar/data/1474432/000162828022024939/,누적 534208000 − 직전누적 379512000 (시작 2022-02-07)
Everpure,P,2022Q3,2022-11-06,분기말 자산총계,3252825000,USD,공시,https://www.sec.gov/Archives/edgar/data/1474432/000162828022031956/,
Everpure,P,2022Q3,2022-11-06,분기말 부채총계,2412317000,USD,공시,https://www.sec.gov/Archives/edgar/data/1474432/000162828022031956/,
Everpure,P,2022Q3,2022-11-06,분기말 총자본(자기자본),840508000,USD,공시(비지배 없음),https://www.sec.gov/Archives/edgar/data/1474432/000162828022031956/,"StockholdersEquity, MinorityInterest 태그 없음"
Everpure,P,2022Q3,2022-11-06,분기말 지배지분 자본,840508000,USD,공시,https://www.sec.gov/Archives/edgar/data/1474432/000162828022031956/,
Everpure,P,2022Q3,2022-11-04,분기말 종가,30.34,USD,API,https://query1.finance.yahoo.com/v8/finance/chart/P?interval=1d&events=splits (2022-11-04),
Everpure,P,2022Q3,2022-12-07,분기말 상장주식수,302585633,주,공시(표지 기준일),https://www.sec.gov/Archives/edgar/data/1474432/000162828022031956/,dei:EntityCommonStockSharesOutstanding 클래스 합
Everpure,P,2022Q3,2022-11-04,분기말 시가총액,9180448105,USD,계산(종가×주식수),https://query1.finance.yahoo.com/v8/finance/chart/P?interval=1d&events=splits (2022-11-04) ; https://www.sec.gov/Archives/edgar/data/1474432/000162828022031956/,종가 30.34 × 주식수 302585633
Everpure,P,2022Q4,2023-02-05,분기별 매출액,810207000,USD,계산(연간-3분기누적),https://www.sec.gov/Archives/edgar/data/1474432/000162828023010275/ ; https://www.sec.gov/Archives/edgar/data/1474432/000162828022031956/,연간 2753434000 − 9개월누적 1943227000 (RevenueFromContractWithCustomerExcludingAssessedTax)
Everpure,P,2022Q4,2023-02-05,분기별 영업이익,64584000,USD,계산(연간-3분기누적),https://www.sec.gov/Archives/edgar/data/1474432/000162828023010275/ ; https://www.sec.gov/Archives/edgar/data/1474432/000162828022031956/,연간 83513000 − 9개월누적 18929000 (OperatingIncomeLoss)
Everpure,P,2022Q4,2023-02-05,분기별 당기순이익(지배),74471000,USD,계산(연간-3분기누적),https://www.sec.gov/Archives/edgar/data/1474432/000162828023010275/ ; https://www.sec.gov/Archives/edgar/data/1474432/000162828022031956/,연간 73071000 − 9개월누적 -1400000 (NetIncomeLoss)
Everpure,P,2022Q4,2023-02-05,분기별 영업활동현금흐름,233026000,USD,계산(누적차감),https://www.sec.gov/Archives/edgar/data/1474432/000162828023010275/ ; https://www.sec.gov/Archives/edgar/data/1474432/000162828022031956/,누적 767234000 − 직전누적 534208000 (시작 2022-02-07)
Everpure,P,2022Q4,2023-02-05,분기말 자산총계,3543460000,USD,공시,https://www.sec.gov/Archives/edgar/data/1474432/000162828023010275/,
Everpure,P,2022Q4,2023-02-05,분기말 부채총계,2602227000,USD,공시,https://www.sec.gov/Archives/edgar/data/1474432/000162828023010275/,
Everpure,P,2022Q4,2023-02-05,분기말 총자본(자기자본),941233000,USD,공시(비지배 없음),https://www.sec.gov/Archives/edgar/data/1474432/000162828023010275/,"StockholdersEquity, MinorityInterest 태그 없음"
Everpure,P,2022Q4,2023-02-05,분기말 지배지분 자본,941233000,USD,공시,https://www.sec.gov/Archives/edgar/data/1474432/000162828023010275/,
Everpure,P,2022Q4,2023-02-03,분기말 종가,29.91,USD,API,https://query1.finance.yahoo.com/v8/finance/chart/P?interval=1d&events=splits (2023-02-03),
Everpure,P,2022Q4,2023-03-24,분기말 상장주식수,308045301,주,공시(표지 기준일),https://www.sec.gov/Archives/edgar/data/1474432/000162828023010275/,dei:EntityCommonStockSharesOutstanding 클래스 합
Everpure,P,2022Q4,2023-02-03,분기말 시가총액,9213634953,USD,계산(종가×주식수),https://query1.finance.yahoo.com/v8/finance/chart/P?interval=1d&events=splits (2023-02-03) ; https://www.sec.gov/Archives/edgar/data/1474432/000162828023010275/,종가 29.91 × 주식수 308045301
Everpure,P,2023Q1,2023-05-07,분기별 매출액,589307000,USD,공시,https://www.sec.gov/Archives/edgar/data/1474432/000162828023022333/,
Everpure,P,2023Q1,2023-05-07,분기별 영업이익,-71814000,USD,공시,https://www.sec.gov/Archives/edgar/data/1474432/000162828023022333/,
Everpure,P,2023Q1,2023-05-07,분기별 당기순이익(지배),-67401000,USD,공시,https://www.sec.gov/Archives/edgar/data/1474432/000162828023022333/,
Everpure,P,2023Q1,2023-05-07,분기별 영업활동현금흐름,173247000,USD,공시,https://www.sec.gov/Archives/edgar/data/1474432/000162828023022333/,
Everpure,P,2023Q1,2023-05-07,분기말 자산총계,2959253000,USD,공시,https://www.sec.gov/Archives/edgar/data/1474432/000162828023022333/,
Everpure,P,2023Q1,2023-05-07,분기말 부채총계,2053446000,USD,공시,https://www.sec.gov/Archives/edgar/data/1474432/000162828023022333/,
Everpure,P,2023Q1,2023-05-07,분기말 총자본(자기자본),905807000,USD,공시(비지배 없음),https://www.sec.gov/Archives/edgar/data/1474432/000162828023022333/,"StockholdersEquity, MinorityInterest 태그 없음"
Everpure,P,2023Q1,2023-05-07,분기말 지배지분 자본,905807000,USD,공시,https://www.sec.gov/Archives/edgar/data/1474432/000162828023022333/,
Everpure,P,2023Q1,2023-05-05,분기말 종가,22.64,USD,API,https://query1.finance.yahoo.com/v8/finance/chart/P?interval=1d&events=splits (2023-05-05),
Everpure,P,2023Q1,2023-06-09,분기말 상장주식수,307532852,주,공시(표지 기준일),https://www.sec.gov/Archives/edgar/data/1474432/000162828023022333/,dei:EntityCommonStockSharesOutstanding 클래스 합
Everpure,P,2023Q1,2023-05-05,분기말 시가총액,6962543769,USD,계산(종가×주식수),https://query1.finance.yahoo.com/v8/finance/chart/P?interval=1d&events=splits (2023-05-05) ; https://www.sec.gov/Archives/edgar/data/1474432/000162828023022333/,종가 22.64 × 주식수 307532852
Everpure,P,2023Q2,2023-08-06,분기별 매출액,688671000,USD,공시,https://www.sec.gov/Archives/edgar/data/1474432/000162828023032228/,
Everpure,P,2023Q2,2023-08-06,분기별 영업이익,-6228000,USD,공시,https://www.sec.gov/Archives/edgar/data/1474432/000162828023032228/,
Everpure,P,2023Q2,2023-08-06,분기별 당기순이익(지배),-7115000,USD,공시,https://www.sec.gov/Archives/edgar/data/1474432/000162828023032228/,
Everpure,P,2023Q2,2023-08-06,분기별 영업활동현금흐름,101618000,USD,계산(누적차감),https://www.sec.gov/Archives/edgar/data/1474432/000162828023032228/ ; https://www.sec.gov/Archives/edgar/data/1474432/000162828023022333/,누적 274865000 − 직전누적 173247000 (시작 2023-02-06)
Everpure,P,2023Q2,2023-08-06,분기말 자산총계,3133922000,USD,공시,https://www.sec.gov/Archives/edgar/data/1474432/000162828023032228/,
Everpure,P,2023Q2,2023-08-06,분기말 부채총계,2147594000,USD,공시,https://www.sec.gov/Archives/edgar/data/1474432/000162828023032228/,
Everpure,P,2023Q2,2023-08-06,분기말 총자본(자기자본),986328000,USD,공시(비지배 없음),https://www.sec.gov/Archives/edgar/data/1474432/000162828023032228/,"StockholdersEquity, MinorityInterest 태그 없음"
Everpure,P,2023Q2,2023-08-06,분기말 지배지분 자본,986328000,USD,공시,https://www.sec.gov/Archives/edgar/data/1474432/000162828023032228/,
Everpure,P,2023Q2,2023-08-04,분기말 종가,37.55,USD,API,https://query1.finance.yahoo.com/v8/finance/chart/P?interval=1d&events=splits (2023-08-04),
Everpure,P,2023Q2,2023-09-08,분기말 상장주식수,311956031,주,공시(표지 기준일),https://www.sec.gov/Archives/edgar/data/1474432/000162828023032228/,dei:EntityCommonStockSharesOutstanding 클래스 합
Everpure,P,2023Q2,2023-08-04,분기말 시가총액,11713948964,USD,계산(종가×주식수),https://query1.finance.yahoo.com/v8/finance/chart/P?interval=1d&events=splits (2023-08-04) ; https://www.sec.gov/Archives/edgar/data/1474432/000162828023032228/,종가 37.55 × 주식수 311956031
Everpure,P,2023Q3,2023-11-05,분기별 매출액,762838000,USD,공시,https://www.sec.gov/Archives/edgar/data/1474432/000162828023041629/,
Everpure,P,2023Q3,2023-11-05,분기별 영업이익,74211000,USD,공시,https://www.sec.gov/Archives/edgar/data/1474432/000162828023041629/,
Everpure,P,2023Q3,2023-11-05,분기별 당기순이익(지배),70389000,USD,공시,https://www.sec.gov/Archives/edgar/data/1474432/000162828023041629/,
Everpure,P,2023Q3,2023-11-05,분기별 영업활동현금흐름,158432000,USD,계산(누적차감),https://www.sec.gov/Archives/edgar/data/1474432/000162828023041629/ ; https://www.sec.gov/Archives/edgar/data/1474432/000162828023032228/,누적 433297000 − 직전누적 274865000 (시작 2023-02-06)
Everpure,P,2023Q3,2023-11-05,분기말 자산총계,3355509000,USD,공시,https://www.sec.gov/Archives/edgar/data/1474432/000162828023041629/,
Everpure,P,2023Q3,2023-11-05,분기말 부채총계,2207054000,USD,공시,https://www.sec.gov/Archives/edgar/data/1474432/000162828023041629/,
Everpure,P,2023Q3,2023-11-05,분기말 총자본(자기자본),1148455000,USD,공시(비지배 없음),https://www.sec.gov/Archives/edgar/data/1474432/000162828023041629/,"StockholdersEquity, MinorityInterest 태그 없음"
Everpure,P,2023Q3,2023-11-05,분기말 지배지분 자본,1148455000,USD,공시,https://www.sec.gov/Archives/edgar/data/1474432/000162828023041629/,
Everpure,P,2023Q3,2023-11-03,분기말 종가,34.96,USD,API,https://query1.finance.yahoo.com/v8/finance/chart/P?interval=1d&events=splits (2023-11-03),
Everpure,P,2023Q3,2023-12-06,분기말 상장주식수,315972820,주,공시(표지 기준일),https://www.sec.gov/Archives/edgar/data/1474432/000162828023041629/,dei:EntityCommonStockSharesOutstanding 클래스 합
Everpure,P,2023Q3,2023-11-03,분기말 시가총액,11046409787,USD,계산(종가×주식수),https://query1.finance.yahoo.com/v8/finance/chart/P?interval=1d&events=splits (2023-11-03) ; https://www.sec.gov/Archives/edgar/data/1474432/000162828023041629/,종가 34.96 × 주식수 315972820
Everpure,P,2023Q4,2024-02-04,분기별 매출액,789805000,USD,계산(연간-3분기누적),https://www.sec.gov/Archives/edgar/data/1474432/000162828024013860/ ; https://www.sec.gov/Archives/edgar/data/1474432/000162828023041629/,연간 2830621000 − 9개월누적 2040816000 (RevenueFromContractWithCustomerExcludingAssessedTax)
Everpure,P,2023Q4,2024-02-04,분기별 영업이익,57382000,USD,계산(연간-3분기누적),https://www.sec.gov/Archives/edgar/data/1474432/000162828024013860/ ; https://www.sec.gov/Archives/edgar/data/1474432/000162828023041629/,연간 53551000 − 9개월누적 -3831000 (OperatingIncomeLoss)
Everpure,P,2023Q4,2024-02-04,분기별 당기순이익(지배),65438000,USD,계산(연간-3분기누적),https://www.sec.gov/Archives/edgar/data/1474432/000162828024013860/ ; https://www.sec.gov/Archives/edgar/data/1474432/000162828023041629/,연간 61311000 − 9개월누적 -4127000 (NetIncomeLoss)
Everpure,P,2023Q4,2024-02-04,분기별 영업활동현금흐름,244425000,USD,계산(누적차감),https://www.sec.gov/Archives/edgar/data/1474432/000162828024013860/ ; https://www.sec.gov/Archives/edgar/data/1474432/000162828023041629/,누적 677722000 − 직전누적 433297000 (시작 2023-02-06)
Everpure,P,2023Q4,2024-02-04,분기말 자산총계,3655760000,USD,공시,https://www.sec.gov/Archives/edgar/data/1474432/000162828024013860/,
Everpure,P,2023Q4,2024-02-04,분기말 부채총계,2385666000,USD,공시,https://www.sec.gov/Archives/edgar/data/1474432/000162828024013860/,
Everpure,P,2023Q4,2024-02-04,분기말 총자본(자기자본),1270094000,USD,공시(비지배 없음),https://www.sec.gov/Archives/edgar/data/1474432/000162828024013860/,"StockholdersEquity, MinorityInterest 태그 없음"
Everpure,P,2023Q4,2024-02-04,분기말 지배지분 자본,1270094000,USD,공시,https://www.sec.gov/Archives/edgar/data/1474432/000162828024013860/,
Everpure,P,2023Q4,2024-02-02,분기말 종가,42.25,USD,API,https://query1.finance.yahoo.com/v8/finance/chart/P?interval=1d&events=splits (2024-02-02),
Everpure,P,2023Q4,2024-03-26,분기말 상장주식수,324910308,주,공시(표지 기준일),https://www.sec.gov/Archives/edgar/data/1474432/000162828024013860/,dei:EntityCommonStockSharesOutstanding 클래스 합
Everpure,P,2023Q4,2024-02-02,분기말 시가총액,13727460513,USD,계산(종가×주식수),https://query1.finance.yahoo.com/v8/finance/chart/P?interval=1d&events=splits (2024-02-02) ; https://www.sec.gov/Archives/edgar/data/1474432/000162828024013860/,종가 42.25 × 주식수 324910308
Everpure,P,2024Q1,2024-05-05,분기별 매출액,693479000,USD,공시,https://www.sec.gov/Archives/edgar/data/1474432/000162828024027955/,
Everpure,P,2024Q1,2024-05-05,분기별 영업이익,-41774000,USD,공시,https://www.sec.gov/Archives/edgar/data/1474432/000162828024027955/,
Everpure,P,2024Q1,2024-05-05,분기별 당기순이익(지배),-35009000,USD,공시,https://www.sec.gov/Archives/edgar/data/1474432/000162828024027955/,
Everpure,P,2024Q1,2024-05-05,분기별 영업활동현금흐름,221500000,USD,공시,https://www.sec.gov/Archives/edgar/data/1474432/000162828024027955/,
Everpure,P,2024Q1,2024-05-05,분기말 자산총계,3623610000,USD,공시,https://www.sec.gov/Archives/edgar/data/1474432/000162828024027955/,
Everpure,P,2024Q1,2024-05-05,분기말 부채총계,2249637000,USD,공시,https://www.sec.gov/Archives/edgar/data/1474432/000162828024027955/,
Everpure,P,2024Q1,2024-05-05,분기말 총자본(자기자본),1373973000,USD,공시(비지배 없음),https://www.sec.gov/Archives/edgar/data/1474432/000162828024027955/,"StockholdersEquity, MinorityInterest 태그 없음"
Everpure,P,2024Q1,2024-05-05,분기말 지배지분 자본,1373973000,USD,공시,https://www.sec.gov/Archives/edgar/data/1474432/000162828024027955/,
Everpure,P,2024Q1,2024-05-03,분기말 종가,52.24,USD,API,https://query1.finance.yahoo.com/v8/finance/chart/P?interval=1d&events=splits (2024-05-03),
Everpure,P,2024Q1,2024-06-05,분기말 상장주식수,325234458,주,공시(표지 기준일),https://www.sec.gov/Archives/edgar/data/1474432/000162828024027955/,dei:EntityCommonStockSharesOutstanding 클래스 합
Everpure,P,2024Q1,2024-05-03,분기말 시가총액,16990248086,USD,계산(종가×주식수),https://query1.finance.yahoo.com/v8/finance/chart/P?interval=1d&events=splits (2024-05-03) ; https://www.sec.gov/Archives/edgar/data/1474432/000162828024027955/,종가 52.24 × 주식수 325234458
Everpure,P,2024Q2,2024-08-04,분기별 매출액,763771000,USD,공시,https://www.sec.gov/Archives/edgar/data/1474432/000162828024040066/,
Everpure,P,2024Q2,2024-08-04,분기별 영업이익,24878000,USD,공시,https://www.sec.gov/Archives/edgar/data/1474432/000162828024040066/,
Everpure,P,2024Q2,2024-08-04,분기별 당기순이익(지배),35674000,USD,공시,https://www.sec.gov/Archives/edgar/data/1474432/000162828024040066/,
Everpure,P,2024Q2,2024-08-04,분기별 영업활동현금흐름,226597000,USD,계산(누적차감),https://www.sec.gov/Archives/edgar/data/1474432/000162828024040066/ ; https://www.sec.gov/Archives/edgar/data/1474432/000162828024027955/,누적 448097000 − 직전누적 221500000 (시작 2024-02-05)
Everpure,P,2024Q2,2024-08-04,분기말 자산총계,3781273000,USD,공시,https://www.sec.gov/Archives/edgar/data/1474432/000162828024040066/,
Everpure,P,2024Q2,2024-08-04,분기말 부채총계,2328112000,USD,공시,https://www.sec.gov/Archives/edgar/data/1474432/000162828024040066/,
Everpure,P,2024Q2,2024-08-04,분기말 총자본(자기자본),1453161000,USD,공시(비지배 없음),https://www.sec.gov/Archives/edgar/data/1474432/000162828024040066/,"StockholdersEquity, MinorityInterest 태그 없음"
Everpure,P,2024Q2,2024-08-04,분기말 지배지분 자본,1453161000,USD,공시,https://www.sec.gov/Archives/edgar/data/1474432/000162828024040066/,
Everpure,P,2024Q2,2024-08-02,분기말 종가,54.29,USD,API,https://query1.finance.yahoo.com/v8/finance/chart/P?interval=1d&events=splits (2024-08-02),
Everpure,P,2024Q2,2024-09-04,분기말 상장주식수,327691894,주,공시(표지 기준일),https://www.sec.gov/Archives/edgar/data/1474432/000162828024040066/,dei:EntityCommonStockSharesOutstanding 클래스 합
Everpure,P,2024Q2,2024-08-02,분기말 시가총액,17790392925,USD,계산(종가×주식수),https://query1.finance.yahoo.com/v8/finance/chart/P?interval=1d&events=splits (2024-08-02) ; https://www.sec.gov/Archives/edgar/data/1474432/000162828024040066/,종가 54.29 × 주식수 327691894
Everpure,P,2024Q3,2024-11-03,분기별 매출액,831072000,USD,공시,https://www.sec.gov/Archives/edgar/data/1474432/000162828024050852/,
Everpure,P,2024Q3,2024-11-03,분기별 영업이익,59687000,USD,공시,https://www.sec.gov/Archives/edgar/data/1474432/000162828024050852/,
Everpure,P,2024Q3,2024-11-03,분기별 당기순이익(지배),63639000,USD,공시,https://www.sec.gov/Archives/edgar/data/1474432/000162828024050852/,
Everpure,P,2024Q3,2024-11-03,분기별 영업활동현금흐름,96993000,USD,계산(누적차감),https://www.sec.gov/Archives/edgar/data/1474432/000162828024050852/ ; https://www.sec.gov/Archives/edgar/data/1474432/000162828024040066/,누적 545090000 − 직전누적 448097000 (시작 2024-02-05)
Everpure,P,2024Q3,2024-11-03,분기말 자산총계,3854465000,USD,공시,https://www.sec.gov/Archives/edgar/data/1474432/000162828024050852/,
Everpure,P,2024Q3,2024-11-03,분기말 부채총계,2443879000,USD,공시,https://www.sec.gov/Archives/edgar/data/1474432/000162828024050852/,
Everpure,P,2024Q3,2024-11-03,분기말 총자본(자기자본),1410586000,USD,공시(비지배 없음),https://www.sec.gov/Archives/edgar/data/1474432/000162828024050852/,"StockholdersEquity, MinorityInterest 태그 없음"
Everpure,P,2024Q3,2024-11-03,분기말 지배지분 자본,1410586000,USD,공시,https://www.sec.gov/Archives/edgar/data/1474432/000162828024050852/,
Everpure,P,2024Q3,2024-11-01,분기말 종가,50.95,USD,API,https://query1.finance.yahoo.com/v8/finance/chart/P?interval=1d&events=splits (2024-11-01),
Everpure,P,2024Q3,2024-12-04,분기말 상장주식수,326236972,주,공시(표지 기준일),https://www.sec.gov/Archives/edgar/data/1474432/000162828024050852/,dei:EntityCommonStockSharesOutstanding 클래스 합
Everpure,P,2024Q3,2024-11-01,분기말 시가총액,16621773723,USD,계산(종가×주식수),https://query1.finance.yahoo.com/v8/finance/chart/P?interval=1d&events=splits (2024-11-01) ; https://www.sec.gov/Archives/edgar/data/1474432/000162828024050852/,종가 50.95 × 주식수 326236972
Everpure,P,2024Q4,2025-02-02,분기별 매출액,879842000,USD,계산(연간-3분기누적),https://www.sec.gov/Archives/edgar/data/1474432/000162828025015044/ ; https://www.sec.gov/Archives/edgar/data/1474432/000162828024050852/,연간 3168164000 − 9개월누적 2288322000 (RevenueFromContractWithCustomerExcludingAssessedTax)
Everpure,P,2024Q4,2025-02-02,분기별 영업이익,42467000,USD,계산(연간-3분기누적),https://www.sec.gov/Archives/edgar/data/1474432/000162828025015044/ ; https://www.sec.gov/Archives/edgar/data/1474432/000162828024050852/,연간 85258000 − 9개월누적 42791000 (OperatingIncomeLoss)
Everpure,P,2024Q4,2025-02-02,분기별 당기순이익(지배),42435000,USD,계산(연간-3분기누적),https://www.sec.gov/Archives/edgar/data/1474432/000162828025015044/ ; https://www.sec.gov/Archives/edgar/data/1474432/000162828024050852/,연간 106739000 − 9개월누적 64304000 (NetIncomeLoss)
Everpure,P,2024Q4,2025-02-02,분기별 영업활동현금흐름,208508000,USD,계산(누적차감),https://www.sec.gov/Archives/edgar/data/1474432/000162828025015044/ ; https://www.sec.gov/Archives/edgar/data/1474432/000162828024050852/,누적 753598000 − 직전누적 545090000 (시작 2024-02-05)
Everpure,P,2024Q4,2025-02-02,분기말 자산총계,3963942000,USD,공시,https://www.sec.gov/Archives/edgar/data/1474432/000162828025015044/,
Everpure,P,2024Q4,2025-02-02,분기말 부채총계,2657467000,USD,공시,https://www.sec.gov/Archives/edgar/data/1474432/000162828025015044/,
Everpure,P,2024Q4,2025-02-02,분기말 총자본(자기자본),1306475000,USD,공시(비지배 없음),https://www.sec.gov/Archives/edgar/data/1474432/000162828025015044/,"StockholdersEquity, MinorityInterest 태그 없음"
Everpure,P,2024Q4,2025-02-02,분기말 지배지분 자본,1306475000,USD,공시,https://www.sec.gov/Archives/edgar/data/1474432/000162828025015044/,
Everpure,P,2024Q4,2025-01-31,분기말 종가,67.79,USD,API,https://query1.finance.yahoo.com/v8/finance/chart/P?interval=1d&events=splits (2025-01-31),
Everpure,P,2024Q4,2025-03-19,분기말 상장주식수,326022514,주,공시(표지 기준일),https://www.sec.gov/Archives/edgar/data/1474432/000162828025015044/,dei:EntityCommonStockSharesOutstanding 클래스 합
Everpure,P,2024Q4,2025-01-31,분기말 시가총액,22101066224,USD,계산(종가×주식수),https://query1.finance.yahoo.com/v8/finance/chart/P?interval=1d&events=splits (2025-01-31) ; https://www.sec.gov/Archives/edgar/data/1474432/000162828025015044/,종가 67.79 × 주식수 326022514
Everpure,P,2025Q1,2025-05-04,분기별 매출액,778485000,USD,공시,https://www.sec.gov/Archives/edgar/data/1474432/000162828025030567/,
Everpure,P,2025Q1,2025-05-04,분기별 영업이익,-31171000,USD,공시,https://www.sec.gov/Archives/edgar/data/1474432/000162828025030567/,
Everpure,P,2025Q1,2025-05-04,분기별 당기순이익(지배),-13995000,USD,공시,https://www.sec.gov/Archives/edgar/data/1474432/000162828025030567/,
Everpure,P,2025Q1,2025-05-04,분기별 영업활동현금흐름,283936000,USD,공시,https://www.sec.gov/Archives/edgar/data/1474432/000162828025030567/,
Everpure,P,2025Q1,2025-05-04,분기말 자산총계,3810365000,USD,공시,https://www.sec.gov/Archives/edgar/data/1474432/000162828025030567/,
Everpure,P,2025Q1,2025-05-04,분기말 부채총계,2566310000,USD,공시,https://www.sec.gov/Archives/edgar/data/1474432/000162828025030567/,
Everpure,P,2025Q1,2025-05-04,분기말 총자본(자기자본),1244055000,USD,공시(비지배 없음),https://www.sec.gov/Archives/edgar/data/1474432/000162828025030567/,"StockholdersEquity, MinorityInterest 태그 없음"
Everpure,P,2025Q1,2025-05-04,분기말 지배지분 자본,1244055000,USD,공시,https://www.sec.gov/Archives/edgar/data/1474432/000162828025030567/,
Everpure,P,2025Q1,2025-05-02,분기말 종가,47.84,USD,API,https://query1.finance.yahoo.com/v8/finance/chart/P?interval=1d&events=splits (2025-05-02),
Everpure,P,2025Q1,2025-06-04,분기말 상장주식수,326831678,주,공시(표지 기준일),https://www.sec.gov/Archives/edgar/data/1474432/000162828025030567/,dei:EntityCommonStockSharesOutstanding 클래스 합
Everpure,P,2025Q1,2025-05-02,분기말 시가총액,15635627476,USD,계산(종가×주식수),https://query1.finance.yahoo.com/v8/finance/chart/P?interval=1d&events=splits (2025-05-02) ; https://www.sec.gov/Archives/edgar/data/1474432/000162828025030567/,종가 47.84 × 주식수 326831678
Everpure,P,2025Q2,2025-08-03,분기별 매출액,861002000,USD,공시,https://www.sec.gov/Archives/edgar/data/1474432/000147443225000046/,
Everpure,P,2025Q2,2025-08-03,분기별 영업이익,4871000,USD,공시,https://www.sec.gov/Archives/edgar/data/1474432/000147443225000046/,
Everpure,P,2025Q2,2025-08-03,분기별 당기순이익(지배),47118000,USD,공시,https://www.sec.gov/Archives/edgar/data/1474432/000147443225000046/,
Everpure,P,2025Q2,2025-08-03,분기별 영업활동현금흐름,212157000,USD,계산(누적차감),https://www.sec.gov/Archives/edgar/data/1474432/000147443225000046/ ; https://www.sec.gov/Archives/edgar/data/1474432/000162828025030567/,누적 496093000 − 직전누적 283936000 (시작 2025-02-03)
Everpure,P,2025Q2,2025-08-03,분기말 자산총계,4026537000,USD,공시,https://www.sec.gov/Archives/edgar/data/1474432/000147443225000046/,
Everpure,P,2025Q2,2025-08-03,분기말 부채총계,2707716000,USD,공시,https://www.sec.gov/Archives/edgar/data/1474432/000147443225000046/,
Everpure,P,2025Q2,2025-08-03,분기말 총자본(자기자본),1318821000,USD,공시(비지배 없음),https://www.sec.gov/Archives/edgar/data/1474432/000147443225000046/,"StockholdersEquity, MinorityInterest 태그 없음"
Everpure,P,2025Q2,2025-08-03,분기말 지배지분 자본,1318821000,USD,공시,https://www.sec.gov/Archives/edgar/data/1474432/000147443225000046/,
Everpure,P,2025Q2,2025-08-01,분기말 종가,54.51,USD,API,https://query1.finance.yahoo.com/v8/finance/chart/P?interval=1d&events=splits (2025-08-01),
Everpure,P,2025Q2,2025-09-03,분기말 상장주식수,328636590,주,공시(표지 기준일),https://www.sec.gov/Archives/edgar/data/1474432/000147443225000046/,dei:EntityCommonStockSharesOutstanding 클래스 합
Everpure,P,2025Q2,2025-08-01,분기말 시가총액,17913980521,USD,계산(종가×주식수),https://query1.finance.yahoo.com/v8/finance/chart/P?interval=1d&events=splits (2025-08-01) ; https://www.sec.gov/Archives/edgar/data/1474432/000147443225000046/,종가 54.51 × 주식수 328636590
Everpure,P,2025Q3,2025-11-02,분기별 매출액,964453000,USD,공시,https://www.sec.gov/Archives/edgar/data/1474432/000147443225000065/,
Everpure,P,2025Q3,2025-11-02,분기별 영업이익,53918000,USD,공시,https://www.sec.gov/Archives/edgar/data/1474432/000147443225000065/,
Everpure,P,2025Q3,2025-11-02,분기별 당기순이익(지배),54806000,USD,공시,https://www.sec.gov/Archives/edgar/data/1474432/000147443225000065/,
Everpure,P,2025Q3,2025-11-02,분기별 영업활동현금흐름,115993000,USD,계산(누적차감),https://www.sec.gov/Archives/edgar/data/1474432/000147443225000065/ ; https://www.sec.gov/Archives/edgar/data/1474432/000147443225000046/,누적 612086000 − 직전누적 496093000 (시작 2025-02-03)
Everpure,P,2025Q3,2025-11-02,분기말 자산총계,4218411000,USD,공시,https://www.sec.gov/Archives/edgar/data/1474432/000147443225000065/,
Everpure,P,2025Q3,2025-11-02,분기말 부채총계,2815522000,USD,공시,https://www.sec.gov/Archives/edgar/data/1474432/000147443225000065/,
Everpure,P,2025Q3,2025-11-02,분기말 총자본(자기자본),1402889000,USD,공시(비지배 없음),https://www.sec.gov/Archives/edgar/data/1474432/000147443225000065/,"StockholdersEquity, MinorityInterest 태그 없음"
Everpure,P,2025Q3,2025-11-02,분기말 지배지분 자본,1402889000,USD,공시,https://www.sec.gov/Archives/edgar/data/1474432/000147443225000065/,
Everpure,P,2025Q3,2025-10-31,분기말 종가,98.7,USD,API,https://query1.finance.yahoo.com/v8/finance/chart/P?interval=1d&events=splits (2025-10-31),
Everpure,P,2025Q3,2025-12-03,분기말 상장주식수,330171649,주,공시(표지 기준일),https://www.sec.gov/Archives/edgar/data/1474432/000147443225000065/,dei:EntityCommonStockSharesOutstanding 클래스 합
Everpure,P,2025Q3,2025-10-31,분기말 시가총액,32587941756,USD,계산(종가×주식수),https://query1.finance.yahoo.com/v8/finance/chart/P?interval=1d&events=splits (2025-10-31) ; https://www.sec.gov/Archives/edgar/data/1474432/000147443225000065/,종가 98.7 × 주식수 330171649
Everpure,P,2025Q4,2026-02-01,분기별 매출액,1058903000,USD,계산(연간-3분기누적),https://www.sec.gov/Archives/edgar/data/1474432/000147443226000027/ ; https://www.sec.gov/Archives/edgar/data/1474432/000147443225000065/,연간 3662843000 − 9개월누적 2603940000 (RevenueFromContractWithCustomerExcludingAssessedTax)
Everpure,P,2025Q4,2026-02-01,분기별 영업이익,87198000,USD,계산(연간-3분기누적),https://www.sec.gov/Archives/edgar/data/1474432/000147443226000027/ ; https://www.sec.gov/Archives/edgar/data/1474432/000147443225000065/,연간 114816000 − 9개월누적 27618000 (OperatingIncomeLoss)
Everpure,P,2025Q4,2026-02-01,분기별 당기순이익(지배),100252000,USD,계산(연간-3분기누적),https://www.sec.gov/Archives/edgar/data/1474432/000147443226000027/ ; https://www.sec.gov/Archives/edgar/data/1474432/000147443225000065/,연간 188181000 − 9개월누적 87929000 (NetIncomeLoss)
Everpure,P,2025Q4,2026-02-01,분기별 영업활동현금흐름,267999000,USD,계산(누적차감),https://www.sec.gov/Archives/edgar/data/1474432/000147443226000027/ ; https://www.sec.gov/Archives/edgar/data/1474432/000147443225000065/,누적 880085000 − 직전누적 612086000 (시작 2025-02-03)
Everpure,P,2025Q4,2026-02-01,분기말 자산총계,4674259000,USD,공시,https://www.sec.gov/Archives/edgar/data/1474432/000147443226000027/,
Everpure,P,2025Q4,2026-02-01,분기말 부채총계,3228591000,USD,공시,https://www.sec.gov/Archives/edgar/data/1474432/000147443226000027/,
Everpure,P,2025Q4,2026-02-01,분기말 총자본(자기자본),1445668000,USD,공시(비지배 없음),https://www.sec.gov/Archives/edgar/data/1474432/000147443226000027/,"StockholdersEquity, MinorityInterest 태그 없음"
Everpure,P,2025Q4,2026-02-01,분기말 지배지분 자본,1445668000,USD,공시,https://www.sec.gov/Archives/edgar/data/1474432/000147443226000027/,
Everpure,P,2025Q4,2026-01-30,분기말 종가,69.54,USD,API,https://query1.finance.yahoo.com/v8/finance/chart/P?interval=1d&events=splits (2026-01-30),
Everpure,P,2025Q4,2026-03-18,분기말 상장주식수,330460930,주,공시(표지 기준일),https://www.sec.gov/Archives/edgar/data/1474432/000147443226000027/,dei:EntityCommonStockSharesOutstanding 클래스 합
Everpure,P,2025Q4,2026-01-30,분기말 시가총액,22980253072,USD,계산(종가×주식수),https://query1.finance.yahoo.com/v8/finance/chart/P?interval=1d&events=splits (2026-01-30) ; https://www.sec.gov/Archives/edgar/data/1474432/000147443226000027/,종가 69.54 × 주식수 330460930
Everpure,P,2026Q1,2026-05-03,분기별 매출액,1052896000,USD,공시,https://www.sec.gov/Archives/edgar/data/1474432/000147443226000061/,
Everpure,P,2026Q1,2026-05-03,분기별 영업이익,19939000,USD,공시,https://www.sec.gov/Archives/edgar/data/1474432/000147443226000061/,
Everpure,P,2026Q1,2026-05-03,분기별 당기순이익(지배),24078000,USD,공시,https://www.sec.gov/Archives/edgar/data/1474432/000147443226000061/,
Everpure,P,2026Q1,2026-05-03,분기별 영업활동현금흐름,180164000,USD,공시,https://www.sec.gov/Archives/edgar/data/1474432/000147443226000061/,
Everpure,P,2026Q1,2026-05-03,분기말 자산총계,4749947000,USD,공시,https://www.sec.gov/Archives/edgar/data/1474432/000147443226000061/,
Everpure,P,2026Q1,2026-05-03,분기말 부채총계,3307809000,USD,공시,https://www.sec.gov/Archives/edgar/data/1474432/000147443226000061/,
Everpure,P,2026Q1,2026-05-03,분기말 총자본(자기자본),1442138000,USD,공시(비지배 없음),https://www.sec.gov/Archives/edgar/data/1474432/000147443226000061/,"StockholdersEquity, MinorityInterest 태그 없음"
Everpure,P,2026Q1,2026-05-03,분기말 지배지분 자본,1442138000,USD,공시,https://www.sec.gov/Archives/edgar/data/1474432/000147443226000061/,
Everpure,P,2026Q1,2026-05-01,분기말 종가,71.62,USD,API,https://query1.finance.yahoo.com/v8/finance/chart/P?interval=1d&events=splits (2026-05-01),
Everpure,P,2026Q1,2026-06-01,분기말 상장주식수,332404932,주,공시(표지 기준일),https://www.sec.gov/Archives/edgar/data/1474432/000147443226000061/,dei:EntityCommonStockSharesOutstanding 클래스 합
Everpure,P,2026Q1,2026-05-01,분기말 시가총액,23806841230,USD,계산(종가×주식수),https://query1.finance.yahoo.com/v8/finance/chart/P?interval=1d&events=splits (2026-05-01) ; https://www.sec.gov/Archives/edgar/data/1474432/000147443226000061/,종가 71.62 × 주식수 332404932
Everpure,P,2026Q2,2026-08-02,분기별 매출액,1185898000,USD,공시,https://www.sec.gov/Archives/edgar/data/1474432/000147443226000088/,
Everpure,P,2026Q2,2026-08-02,분기별 영업이익,63155000,USD,공시,https://www.sec.gov/Archives/edgar/data/1474432/000147443226000088/,
Everpure,P,2026Q2,2026-08-02,분기별 당기순이익(지배),74149000,USD,공시,https://www.sec.gov/Archives/edgar/data/1474432/000147443226000088/,
Everpure,P,2026Q2,2026-08-02,분기별 영업활동현금흐름,-136348000,USD,계산(누적차감),https://www.sec.gov/Archives/edgar/data/1474432/000147443226000088/ ; https://www.sec.gov/Archives/edgar/data/1474432/000147443226000061/,누적 43816000 − 직전누적 180164000 (시작 2026-02-02)
Everpure,P,2026Q2,2026-08-02,분기말 자산총계,5220409000,USD,공시,https://www.sec.gov/Archives/edgar/data/1474432/000147443226000088/,
Everpure,P,2026Q2,2026-08-02,분기말 부채총계,3679571000,USD,공시,https://www.sec.gov/Archives/edgar/data/1474432/000147443226000088/,
Everpure,P,2026Q2,2026-08-02,분기말 총자본(자기자본),1540838000,USD,공시(비지배 없음),https://www.sec.gov/Archives/edgar/data/1474432/000147443226000088/,"StockholdersEquity, MinorityInterest 태그 없음"
Everpure,P,2026Q2,2026-08-02,분기말 지배지분 자본,1540838000,USD,공시,https://www.sec.gov/Archives/edgar/data/1474432/000147443226000088/,
Everpure,P,2026Q2,2026-07-31,분기말 종가,77.17,USD,API,https://query1.finance.yahoo.com/v8/finance/chart/P?interval=1d&events=splits (2026-07-31),
Everpure,P,2026Q2,2026-08-31,분기말 상장주식수,333227251,주,공시(표지 기준일),https://www.sec.gov/Archives/edgar/data/1474432/000147443226000088/,dei:EntityCommonStockSharesOutstanding 클래스 합
Everpure,P,2026Q2,2026-07-31,분기말 시가총액,25715146960,USD,계산(종가×주식수),https://query1.finance.yahoo.com/v8/finance/chart/P?interval=1d&events=splits (2026-07-31) ; https://www.sec.gov/Archives/edgar/data/1474432/000147443226000088/,종가 77.17 × 주식수 333227251
Leidos,LDOS,2010Q1,2010-04-30,분기별 매출액,2685000000,USD,공시(후속 보고서 비교기간),https://www.sec.gov/Archives/edgar/data/1336920/000119312511078283/,Revenues ; 그 분기 보고서에 연결 총계가 없어 2011-03-25 제출본의 비교기간에서 읽었다
Leidos,LDOS,2010Q1,2010-04-30,분기별 영업이익,207000000,USD,공시(후속 보고서 비교기간),https://www.sec.gov/Archives/edgar/data/1336920/000119312511078283/,OperatingIncomeLoss ; 그 분기 보고서에 연결 총계가 없어 2011-03-25 제출본의 비교기간에서 읽었다
Leidos,LDOS,2010Q1,2010-04-30,분기별 당기순이익(지배),125000000,USD,공시(후속 보고서 비교기간),https://www.sec.gov/Archives/edgar/data/1336920/000119312511078283/,NetIncomeLoss ; 그 분기 보고서에 연결 총계가 없어 2011-03-25 제출본의 비교기간에서 읽었다
Leidos,LDOS,2010Q1,2010-04-30,분기별 영업활동현금흐름,미확인,USD,미확인,https://www.sec.gov/Archives/edgar/data/1336920/000119312510132379/,
Leidos,LDOS,2010Q1,2010-04-30,분기말 자산총계,미확인,USD,미확인,https://www.sec.gov/Archives/edgar/data/1336920/000119312510132379/,
Leidos,LDOS,2010Q1,2010-04-30,분기말 부채총계,미확인,USD,미확인,https://www.sec.gov/Archives/edgar/data/1336920/000119312510132379/,
Leidos,LDOS,2010Q1,2010-04-30,분기말 총자본(자기자본),미확인,USD,미확인,https://www.sec.gov/Archives/edgar/data/1336920/000119312510132379/,
Leidos,LDOS,2010Q1,2010-04-30,분기말 지배지분 자본,미확인,USD,미확인,https://www.sec.gov/Archives/edgar/data/1336920/000119312510132379/,
Leidos,LDOS,2010Q1,2010-04-30,분기말 종가,17.41,USD,API,https://query1.finance.yahoo.com/v8/finance/chart/LDOS?interval=1d&events=splits (2010-04-30),분할조정 종가 42.9877 × 이후 분할계수 0.405
Leidos,LDOS,2010Q1,2010-04-30,분기말 상장주식수,미확인,,미확인,SEC companyfacts·XBRL 원문 모두 dei 표지 주식수 없음,
Leidos,LDOS,2010Q1,2010-04-30,분기말 시가총액,미확인,,미확인,SEC companyfacts·XBRL 원문 모두 dei 표지 주식수 없음,
Leidos,LDOS,2010Q2,2010-07-31,분기별 매출액,2794000000,USD,공시,https://www.sec.gov/Archives/edgar/data/1336920/000119312510204065/,
Leidos,LDOS,2010Q2,2010-07-31,분기별 영업이익,273000000,USD,공시,https://www.sec.gov/Archives/edgar/data/1336920/000119312510204065/,
Leidos,LDOS,2010Q2,2010-07-31,분기별 당기순이익(지배),189000000,USD,공시,https://www.sec.gov/Archives/edgar/data/1336920/000119312510204065/,
Leidos,LDOS,2010Q2,2010-07-31,분기별 영업활동현금흐름,데이터 없음(직전 분기 누적 보고서 없음),USD,데이터 없음(직전 보고서 없음),https://www.sec.gov/Archives/edgar/data/1336920/000119312510204065/,
Leidos,LDOS,2010Q2,2010-07-31,분기말 자산총계,5174000000,USD,공시,https://www.sec.gov/Archives/edgar/data/1336920/000119312510204065/,
Leidos,LDOS,2010Q2,2010-07-31,분기말 부채총계,2894000000,USD,계산(부채및자본-총자본),https://www.sec.gov/Archives/edgar/data/1336920/000119312510204065/,부채및자본 5174000000 − 총자본 2280000000
Leidos,LDOS,2010Q2,2010-07-31,분기말 총자본(자기자본),2280000000,USD,공시(비지배 없음),https://www.sec.gov/Archives/edgar/data/1336920/000119312510204065/,"StockholdersEquity, MinorityInterest 태그 없음"
Leidos,LDOS,2010Q2,2010-07-31,분기말 지배지분 자본,2280000000,USD,공시,https://www.sec.gov/Archives/edgar/data/1336920/000119312510204065/,
Leidos,LDOS,2010Q2,2010-07-30,분기말 종가,16.63,USD,API,https://query1.finance.yahoo.com/v8/finance/chart/LDOS?interval=1d&events=splits (2010-07-30),분할조정 종가 41.0617 × 이후 분할계수 0.405
Leidos,LDOS,2010Q2,2010-08-13,분기말 상장주식수,371687345,주,공시(표지 기준일),https://www.sec.gov/Archives/edgar/data/1336920/000119312510204065/,dei:EntityCommonStockSharesOutstanding 클래스 합
Leidos,LDOS,2010Q2,2010-07-30,분기말 시가총액,6181160547,USD,계산(종가×주식수),https://query1.finance.yahoo.com/v8/finance/chart/LDOS?interval=1d&events=splits (2010-07-30) ; https://www.sec.gov/Archives/edgar/data/1336920/000119312510204065/,종가 16.63 × 주식수 371687345
Leidos,LDOS,2010Q3,2010-10-31,분기별 매출액,2869000000,USD,공시,https://www.sec.gov/Archives/edgar/data/1336920/000119312510276912/,
Leidos,LDOS,2010Q3,2010-10-31,분기별 영업이익,258000000,USD,공시,https://www.sec.gov/Archives/edgar/data/1336920/000119312510276912/,
Leidos,LDOS,2010Q3,2010-10-31,분기별 당기순이익(지배),172000000,USD,공시,https://www.sec.gov/Archives/edgar/data/1336920/000119312510276912/,
Leidos,LDOS,2010Q3,2010-10-31,분기별 영업활동현금흐름,315000000,USD,계산(누적차감),https://www.sec.gov/Archives/edgar/data/1336920/000119312510276912/ ; https://www.sec.gov/Archives/edgar/data/1336920/000119312510204065/,누적 564000000 − 직전누적 249000000 (시작 2010-02-01)
Leidos,LDOS,2010Q3,2010-10-31,분기말 자산총계,5538000000,USD,공시,https://www.sec.gov/Archives/edgar/data/1336920/000119312510276912/,
Leidos,LDOS,2010Q3,2010-10-31,분기말 부채총계,3053000000,USD,계산(부채및자본-총자본),https://www.sec.gov/Archives/edgar/data/1336920/000119312510276912/,부채및자본 5538000000 − 총자본 2485000000
Leidos,LDOS,2010Q3,2010-10-31,분기말 총자본(자기자본),2485000000,USD,공시(비지배 없음),https://www.sec.gov/Archives/edgar/data/1336920/000119312510276912/,"StockholdersEquity, MinorityInterest 태그 없음"
Leidos,LDOS,2010Q3,2010-10-31,분기말 지배지분 자본,2485000000,USD,공시,https://www.sec.gov/Archives/edgar/data/1336920/000119312510276912/,
Leidos,LDOS,2010Q3,2010-10-29,분기말 종가,15.54,USD,API,https://query1.finance.yahoo.com/v8/finance/chart/LDOS?interval=1d&events=splits (2010-10-29),분할조정 종가 38.3704 × 이후 분할계수 0.405
Leidos,LDOS,2010Q3,2010-11-26,분기말 상장주식수,371816623,주,공시(표지 기준일),https://www.sec.gov/Archives/edgar/data/1336920/000119312510276912/,dei:EntityCommonStockSharesOutstanding 클래스 합
Leidos,LDOS,2010Q3,2010-10-29,분기말 시가총액,5778030321,USD,계산(종가×주식수),https://query1.finance.yahoo.com/v8/finance/chart/LDOS?interval=1d&events=splits (2010-10-29) ; https://www.sec.gov/Archives/edgar/data/1336920/000119312510276912/,종가 15.54 × 주식수 371816623
Leidos,LDOS,2010Q4,2011-01-31,분기별 매출액,2769000000,USD,계산(연간-3분기누적),https://www.sec.gov/Archives/edgar/data/1336920/000119312511078283/ ; https://www.sec.gov/Archives/edgar/data/1336920/000119312510276912/,연간 11117000000 − 9개월누적 8348000000 (Revenues)
Leidos,LDOS,2010Q4,2011-01-31,분기별 영업이익,220000000,USD,계산(연간-3분기누적),https://www.sec.gov/Archives/edgar/data/1336920/000119312511078283/ ; https://www.sec.gov/Archives/edgar/data/1336920/000119312510276912/,연간 958000000 − 9개월누적 738000000 (OperatingIncomeLoss)
Leidos,LDOS,2010Q4,2011-01-31,분기별 당기순이익(지배),132000000,USD,계산(연간-3분기누적),https://www.sec.gov/Archives/edgar/data/1336920/000119312511078283/ ; https://www.sec.gov/Archives/edgar/data/1336920/000119312510276912/,연간 618000000 − 9개월누적 486000000 (NetIncomeLoss)
Leidos,LDOS,2010Q4,2011-01-31,분기별 영업활동현금흐름,173000000,USD,계산(누적차감),https://www.sec.gov/Archives/edgar/data/1336920/000119312511078283/ ; https://www.sec.gov/Archives/edgar/data/1336920/000119312510276912/,누적 737000000 − 직전누적 564000000 (시작 2010-02-01)
Leidos,LDOS,2010Q4,2011-01-31,분기말 자산총계,6223000000,USD,공시,https://www.sec.gov/Archives/edgar/data/1336920/000119312511078283/,
Leidos,LDOS,2010Q4,2011-01-31,분기말 부채총계,3732000000,USD,계산(부채및자본-총자본),https://www.sec.gov/Archives/edgar/data/1336920/000119312511078283/,부채및자본 6223000000 − 총자본 2491000000
Leidos,LDOS,2010Q4,2011-01-31,분기말 총자본(자기자본),2491000000,USD,공시(비지배 없음),https://www.sec.gov/Archives/edgar/data/1336920/000119312511078283/,"StockholdersEquity, MinorityInterest 태그 없음"
Leidos,LDOS,2010Q4,2011-01-31,분기말 지배지분 자본,2491000000,USD,공시,https://www.sec.gov/Archives/edgar/data/1336920/000119312511078283/,
Leidos,LDOS,2010Q4,2011-01-31,분기말 종가,16.57,USD,API,https://query1.finance.yahoo.com/v8/finance/chart/LDOS?interval=1d&events=splits (2011-01-31),분할조정 종가 40.9136 × 이후 분할계수 0.405
Leidos,LDOS,2010Q4,2011-03-18,분기말 상장주식수,357671266,주,공시(표지 기준일),https://www.sec.gov/Archives/edgar/data/1336920/000119312511078283/,dei:EntityCommonStockSharesOutstanding 클래스 합
Leidos,LDOS,2010Q4,2011-01-31,분기말 시가총액,5926612878,USD,계산(종가×주식수),https://query1.finance.yahoo.com/v8/finance/chart/LDOS?interval=1d&events=splits (2011-01-31) ; https://www.sec.gov/Archives/edgar/data/1336920/000119312511078283/,종가 16.57 × 주식수 357671266
Leidos,LDOS,2011Q1,2011-04-30,분기별 매출액,2688000000,USD,공시,https://www.sec.gov/Archives/edgar/data/1336920/000119312511158354/,
Leidos,LDOS,2011Q1,2011-04-30,분기별 영업이익,230000000,USD,공시,https://www.sec.gov/Archives/edgar/data/1336920/000119312511158354/,
Leidos,LDOS,2011Q1,2011-04-30,분기별 당기순이익(지배),131000000,USD,공시,https://www.sec.gov/Archives/edgar/data/1336920/000119312511158354/,
Leidos,LDOS,2011Q1,2011-04-30,분기별 영업활동현금흐름,154000000,USD,공시,https://www.sec.gov/Archives/edgar/data/1336920/000119312511158354/,
Leidos,LDOS,2011Q1,2011-04-30,분기말 자산총계,6183000000,USD,공시,https://www.sec.gov/Archives/edgar/data/1336920/000119312511158354/,
Leidos,LDOS,2011Q1,2011-04-30,분기말 부채총계,3788000000,USD,계산(부채및자본-총자본),https://www.sec.gov/Archives/edgar/data/1336920/000119312511158354/,부채및자본 6183000000 − 총자본 2395000000
Leidos,LDOS,2011Q1,2011-04-30,분기말 총자본(자기자본),2395000000,USD,공시(비지배 없음),https://www.sec.gov/Archives/edgar/data/1336920/000119312511158354/,"StockholdersEquity, MinorityInterest 태그 없음"
Leidos,LDOS,2011Q1,2011-04-30,분기말 지배지분 자본,2395000000,USD,공시,https://www.sec.gov/Archives/edgar/data/1336920/000119312511158354/,
Leidos,LDOS,2011Q1,2011-04-29,분기말 종가,17.4,USD,API,https://query1.finance.yahoo.com/v8/finance/chart/LDOS?interval=1d&events=splits (2011-04-29),분할조정 종가 42.963 × 이후 분할계수 0.405
Leidos,LDOS,2011Q1,2011-05-13,분기말 상장주식수,353206396,주,공시(표지 기준일),https://www.sec.gov/Archives/edgar/data/1336920/000119312511158354/,dei:EntityCommonStockSharesOutstanding 클래스 합
Leidos,LDOS,2011Q1,2011-04-29,분기말 시가총액,6145791290,USD,계산(종가×주식수),https://query1.finance.yahoo.com/v8/finance/chart/LDOS?interval=1d&events=splits (2011-04-29) ; https://www.sec.gov/Archives/edgar/data/1336920/000119312511158354/,종가 17.4 × 주식수 353206396
Leidos,LDOS,2011Q2,2011-07-31,분기별 매출액,2596000000,USD,공시,https://www.sec.gov/Archives/edgar/data/1336920/000119312511239387/,
Leidos,LDOS,2011Q2,2011-07-31,분기별 영업이익,209000000,USD,공시,https://www.sec.gov/Archives/edgar/data/1336920/000119312511239387/,
Leidos,LDOS,2011Q2,2011-07-31,분기별 당기순이익(지배),178000000,USD,공시,https://www.sec.gov/Archives/edgar/data/1336920/000119312511239387/,
Leidos,LDOS,2011Q2,2011-07-31,분기별 영업활동현금흐름,56000000,USD,계산(누적차감),https://www.sec.gov/Archives/edgar/data/1336920/000119312511239387/ ; https://www.sec.gov/Archives/edgar/data/1336920/000119312511158354/,누적 210000000 − 직전누적 154000000 (시작 2011-02-01)
Leidos,LDOS,2011Q2,2011-07-31,분기말 자산총계,6113000000,USD,공시,https://www.sec.gov/Archives/edgar/data/1336920/000119312511239387/,
Leidos,LDOS,2011Q2,2011-07-31,분기말 부채총계,3690000000,USD,계산(부채및자본-총자본),https://www.sec.gov/Archives/edgar/data/1336920/000119312511239387/,부채및자본 6113000000 − 총자본 2423000000
Leidos,LDOS,2011Q2,2011-07-31,분기말 총자본(자기자본),2423000000,USD,공시(비지배 없음),https://www.sec.gov/Archives/edgar/data/1336920/000119312511239387/,"StockholdersEquity, MinorityInterest 태그 없음"
Leidos,LDOS,2011Q2,2011-07-31,분기말 지배지분 자본,2423000000,USD,공시,https://www.sec.gov/Archives/edgar/data/1336920/000119312511239387/,
Leidos,LDOS,2011Q2,2011-07-29,분기말 종가,16.03,USD,API,https://query1.finance.yahoo.com/v8/finance/chart/LDOS?interval=1d&events=splits (2011-07-29),분할조정 종가 39.5802 × 이후 분할계수 0.405
Leidos,LDOS,2011Q2,2011-08-12,분기말 상장주식수,340995694,주,공시(표지 기준일),https://www.sec.gov/Archives/edgar/data/1336920/000119312511239387/,dei:EntityCommonStockSharesOutstanding 클래스 합
Leidos,LDOS,2011Q2,2011-07-29,분기말 시가총액,5466160975,USD,계산(종가×주식수),https://query1.finance.yahoo.com/v8/finance/chart/LDOS?interval=1d&events=splits (2011-07-29) ; https://www.sec.gov/Archives/edgar/data/1336920/000119312511239387/,종가 16.03 × 주식수 340995694
Leidos,LDOS,2011Q3,2011-10-31,분기별 매출액,2811000000,USD,공시,https://www.sec.gov/Archives/edgar/data/1336920/000119312511335289/,
Leidos,LDOS,2011Q3,2011-10-31,분기별 영업이익,-17000000,USD,공시,https://www.sec.gov/Archives/edgar/data/1336920/000119312511335289/,
Leidos,LDOS,2011Q3,2011-10-31,분기별 당기순이익(지배),-89000000,USD,공시,https://www.sec.gov/Archives/edgar/data/1336920/000119312511335289/,
Leidos,LDOS,2011Q3,2011-10-31,분기별 영업활동현금흐름,423000000,USD,계산(누적차감),https://www.sec.gov/Archives/edgar/data/1336920/000119312511335289/ ; https://www.sec.gov/Archives/edgar/data/1336920/000119312511239387/,누적 633000000 − 직전누적 210000000 (시작 2011-02-01)
Leidos,LDOS,2011Q3,2011-10-31,분기말 자산총계,6463000000,USD,공시,https://www.sec.gov/Archives/edgar/data/1336920/000119312511335289/,
Leidos,LDOS,2011Q3,2011-10-31,분기말 부채총계,4137000000,USD,계산(부채및자본-총자본),https://www.sec.gov/Archives/edgar/data/1336920/000119312511335289/,부채및자본 6463000000 − 총자본 2326000000
Leidos,LDOS,2011Q3,2011-10-31,분기말 총자본(자기자본),2326000000,USD,공시(비지배 없음),https://www.sec.gov/Archives/edgar/data/1336920/000119312511335289/,"StockholdersEquity, MinorityInterest 태그 없음"
Leidos,LDOS,2011Q3,2011-10-31,분기말 지배지분 자본,2326000000,USD,공시,https://www.sec.gov/Archives/edgar/data/1336920/000119312511335289/,
Leidos,LDOS,2011Q3,2011-10-31,분기말 종가,12.43,USD,API,https://query1.finance.yahoo.com/v8/finance/chart/LDOS?interval=1d&events=splits (2011-10-31),분할조정 종가 30.6914 × 이후 분할계수 0.405
Leidos,LDOS,2011Q3,2011-11-18,분기말 상장주식수,341212669,주,공시(표지 기준일),https://www.sec.gov/Archives/edgar/data/1336920/000119312511335289/,"XBRL 원문 dei:EntityCommonStockSharesOutstanding 2개 클래스 합 ; 클래스별(2011-11-18): ParentCompanyMember 341207669, SubsidiariesMember 5000"
Leidos,LDOS,2011Q3,2011-10-31,분기말 시가총액,4241273476,USD,계산(종가×주식수),https://query1.finance.yahoo.com/v8/finance/chart/LDOS?interval=1d&events=splits (2011-10-31) ; https://www.sec.gov/Archives/edgar/data/1336920/000119312511335289/,종가 12.43 × 주식수 341212669
Leidos,LDOS,2011Q4,2012-01-31,분기별 매출액,2492000000,USD,계산(연간-3분기누적),https://www.sec.gov/Archives/edgar/data/1336920/000119312512133697/ ; https://www.sec.gov/Archives/edgar/data/1336920/000119312511335289/,연간 10587000000 − 9개월누적 8095000000 (Revenues)
Leidos,LDOS,2011Q4,2012-01-31,분기별 영업이익,-111000000,USD,계산(연간-3분기누적),https://www.sec.gov/Archives/edgar/data/1336920/000119312512133697/ ; https://www.sec.gov/Archives/edgar/data/1336920/000119312511335289/,연간 311000000 − 9개월누적 422000000 (OperatingIncomeLoss)
Leidos,LDOS,2011Q4,2012-01-31,분기별 당기순이익(지배),-161000000,USD,계산(연간-3분기누적),https://www.sec.gov/Archives/edgar/data/1336920/000119312512133697/ ; https://www.sec.gov/Archives/edgar/data/1336920/000119312511335289/,연간 59000000 − 9개월누적 220000000 (NetIncomeLoss)
Leidos,LDOS,2011Q4,2012-01-31,분기별 영업활동현금흐름,139000000,USD,계산(누적차감),https://www.sec.gov/Archives/edgar/data/1336920/000119312512133697/ ; https://www.sec.gov/Archives/edgar/data/1336920/000119312511335289/,누적 772000000 − 직전누적 633000000 (시작 2011-02-01)
Leidos,LDOS,2011Q4,2012-01-31,분기말 자산총계,6667000000,USD,공시,https://www.sec.gov/Archives/edgar/data/1336920/000119312512133697/,
Leidos,LDOS,2011Q4,2012-01-31,분기말 부채총계,4486000000,USD,계산(부채및자본-총자본),https://www.sec.gov/Archives/edgar/data/1336920/000119312512133697/,부채및자본 6667000000 − 총자본 2181000000
Leidos,LDOS,2011Q4,2012-01-31,분기말 총자본(자기자본),2181000000,USD,공시(비지배 없음),https://www.sec.gov/Archives/edgar/data/1336920/000119312512133697/,"StockholdersEquity, MinorityInterest 태그 없음"
Leidos,LDOS,2011Q4,2012-01-31,분기말 지배지분 자본,2181000000,USD,공시,https://www.sec.gov/Archives/edgar/data/1336920/000119312512133697/,
Leidos,LDOS,2011Q4,2012-01-31,분기말 종가,12.86,USD,API,https://query1.finance.yahoo.com/v8/finance/chart/LDOS?interval=1d&events=splits (2012-01-31),분할조정 종가 31.7531 × 이후 분할계수 0.405
Leidos,LDOS,2011Q4,2012-03-09,분기말 상장주식수,341100644,주,공시(표지 기준일),https://www.sec.gov/Archives/edgar/data/1336920/000119312512133697/,"XBRL 원문 dei:EntityCommonStockSharesOutstanding 2개 클래스 합 ; 클래스별(2012-03-09): ParentCompanyMember 341095644, SubsidiariesMember 5000"
Leidos,LDOS,2011Q4,2012-01-31,분기말 시가총액,4386554282,USD,계산(종가×주식수),https://query1.finance.yahoo.com/v8/finance/chart/LDOS?interval=1d&events=splits (2012-01-31) ; https://www.sec.gov/Archives/edgar/data/1336920/000119312512133697/,종가 12.86 × 주식수 341100644
Leidos,LDOS,2012Q1,2012-04-30,분기별 매출액,2782000000,USD,공시,https://www.sec.gov/Archives/edgar/data/1336920/000119312512255838/,
Leidos,LDOS,2012Q1,2012-04-30,분기별 영업이익,208000000,USD,공시,https://www.sec.gov/Archives/edgar/data/1336920/000119312512255838/,
Leidos,LDOS,2012Q1,2012-04-30,분기별 당기순이익(지배),117000000,USD,공시,https://www.sec.gov/Archives/edgar/data/1336920/000119312512255838/,
Leidos,LDOS,2012Q1,2012-04-30,분기별 영업활동현금흐름,-361000000,USD,공시,https://www.sec.gov/Archives/edgar/data/1336920/000119312512255838/,
Leidos,LDOS,2012Q1,2012-04-30,분기말 자산총계,6220000000,USD,공시,https://www.sec.gov/Archives/edgar/data/1336920/000119312512255838/,
Leidos,LDOS,2012Q1,2012-04-30,분기말 부채총계,3954000000,USD,계산(부채및자본-총자본),https://www.sec.gov/Archives/edgar/data/1336920/000119312512255838/,부채및자본 6220000000 − 총자본 2266000000
Leidos,LDOS,2012Q1,2012-04-30,분기말 총자본(자기자본),2266000000,USD,공시(비지배 없음),https://www.sec.gov/Archives/edgar/data/1336920/000119312512255838/,"StockholdersEquity, MinorityInterest 태그 없음"
Leidos,LDOS,2012Q1,2012-04-30,분기말 지배지분 자본,2266000000,USD,공시,https://www.sec.gov/Archives/edgar/data/1336920/000119312512255838/,
Leidos,LDOS,2012Q1,2012-04-30,분기말 종가,12.16,USD,API,https://query1.finance.yahoo.com/v8/finance/chart/LDOS?interval=1d&events=splits (2012-04-30),분할조정 종가 30.0247 × 이후 분할계수 0.405
Leidos,LDOS,2012Q1,2012-05-11,분기말 상장주식수,341581401,주,공시(표지 기준일),https://www.sec.gov/Archives/edgar/data/1336920/000119312512255838/,"XBRL 원문 dei:EntityCommonStockSharesOutstanding 2개 클래스 합 ; 클래스별(2012-05-11): ParentCompanyMember 341576401, SubsidiariesMember 5000"
Leidos,LDOS,2012Q1,2012-04-30,분기말 시가총액,4153629836,USD,계산(종가×주식수),https://query1.finance.yahoo.com/v8/finance/chart/LDOS?interval=1d&events=splits (2012-04-30) ; https://www.sec.gov/Archives/edgar/data/1336920/000119312512255838/,종가 12.16 × 주식수 341581401
Leidos,LDOS,2012Q2,2012-07-31,분기별 매출액,2848000000,USD,공시,https://www.sec.gov/Archives/edgar/data/1336920/000119312512376140/,
Leidos,LDOS,2012Q2,2012-07-31,분기별 영업이익,191000000,USD,공시,https://www.sec.gov/Archives/edgar/data/1336920/000119312512376140/,
Leidos,LDOS,2012Q2,2012-07-31,분기별 당기순이익(지배),110000000,USD,공시,https://www.sec.gov/Archives/edgar/data/1336920/000119312512376140/,
Leidos,LDOS,2012Q2,2012-07-31,분기별 영업활동현금흐름,200000000,USD,계산(누적차감),https://www.sec.gov/Archives/edgar/data/1336920/000119312512376140/ ; https://www.sec.gov/Archives/edgar/data/1336920/000119312512255838/,누적 -161000000 − 직전누적 -361000000 (시작 2012-02-01)
Leidos,LDOS,2012Q2,2012-07-31,분기말 자산총계,5580000000,USD,공시,https://www.sec.gov/Archives/edgar/data/1336920/000119312512376140/,
Leidos,LDOS,2012Q2,2012-07-31,분기말 부채총계,3221000000,USD,계산(부채및자본-총자본),https://www.sec.gov/Archives/edgar/data/1336920/000119312512376140/,부채및자본 5580000000 − 총자본 2359000000
Leidos,LDOS,2012Q2,2012-07-31,분기말 총자본(자기자본),2359000000,USD,공시(비지배 없음),https://www.sec.gov/Archives/edgar/data/1336920/000119312512376140/,"StockholdersEquity, MinorityInterest 태그 없음"
Leidos,LDOS,2012Q2,2012-07-31,분기말 지배지분 자본,2359000000,USD,공시,https://www.sec.gov/Archives/edgar/data/1336920/000119312512376140/,
Leidos,LDOS,2012Q2,2012-07-31,분기말 종가,11.57,USD,API,https://query1.finance.yahoo.com/v8/finance/chart/LDOS?interval=1d&events=splits (2012-07-31),분할조정 종가 28.5679 × 이후 분할계수 0.405
Leidos,LDOS,2012Q2,2012-08-17,분기말 상장주식수,341831289,주,공시(표지 기준일),https://www.sec.gov/Archives/edgar/data/1336920/000119312512376140/,dei:EntityCommonStockSharesOutstanding 클래스 합
Leidos,LDOS,2012Q2,2012-07-31,분기말 시가총액,3954988014,USD,계산(종가×주식수),https://query1.finance.yahoo.com/v8/finance/chart/LDOS?interval=1d&events=splits (2012-07-31) ; https://www.sec.gov/Archives/edgar/data/1336920/000119312512376140/,종가 11.57 × 주식수 341831289
Leidos,LDOS,2012Q3,2012-10-31,분기별 매출액,2870000000,USD,공시,https://www.sec.gov/Archives/edgar/data/1336920/000119312512492494/,
Leidos,LDOS,2012Q3,2012-10-31,분기별 영업이익,193000000,USD,공시,https://www.sec.gov/Archives/edgar/data/1336920/000119312512492494/,
Leidos,LDOS,2012Q3,2012-10-31,분기별 당기순이익(지배),112000000,USD,공시,https://www.sec.gov/Archives/edgar/data/1336920/000119312512492494/,
Leidos,LDOS,2012Q3,2012-10-31,분기별 영업활동현금흐름,295000000,USD,계산(누적차감),https://www.sec.gov/Archives/edgar/data/1336920/000119312512492494/ ; https://www.sec.gov/Archives/edgar/data/1336920/000119312512376140/,누적 134000000 − 직전누적 -161000000 (시작 2012-02-01)
Leidos,LDOS,2012Q3,2012-10-31,분기말 자산총계,5866000000,USD,공시,https://www.sec.gov/Archives/edgar/data/1336920/000119312512492494/,
Leidos,LDOS,2012Q3,2012-10-31,분기말 부채총계,3411000000,USD,계산(부채및자본-총자본),https://www.sec.gov/Archives/edgar/data/1336920/000119312512492494/,부채및자본 5866000000 − 총자본 2455000000
Leidos,LDOS,2012Q3,2012-10-31,분기말 총자본(자기자본),2455000000,USD,공시(비지배 없음),https://www.sec.gov/Archives/edgar/data/1336920/000119312512492494/,"StockholdersEquity, MinorityInterest 태그 없음"
Leidos,LDOS,2012Q3,2012-10-31,분기말 지배지분 자본,2455000000,USD,공시,https://www.sec.gov/Archives/edgar/data/1336920/000119312512492494/,
Leidos,LDOS,2012Q3,2012-10-31,분기말 종가,10.99,USD,API,https://query1.finance.yahoo.com/v8/finance/chart/LDOS?interval=1d&events=splits (2012-10-31),분할조정 종가 27.1358 × 이후 분할계수 0.405
Leidos,LDOS,2012Q3,2012-11-16,분기말 상장주식수,341871438,주,공시(표지 기준일),https://www.sec.gov/Archives/edgar/data/1336920/000119312512492494/,dei:EntityCommonStockSharesOutstanding 클래스 합
Leidos,LDOS,2012Q3,2012-10-31,분기말 시가총액,3757167104,USD,계산(종가×주식수),https://query1.finance.yahoo.com/v8/finance/chart/LDOS?interval=1d&events=splits (2012-10-31) ; https://www.sec.gov/Archives/edgar/data/1336920/000119312512492494/,종가 10.99 × 주식수 341871438
Leidos,LDOS,2012Q4,2013-01-31,분기별 매출액,2711000000,USD,계산(연간-3분기누적),https://www.sec.gov/Archives/edgar/data/1336920/000119312513127240/ ; https://www.sec.gov/Archives/edgar/data/1336920/000119312512492494/,연간 11173000000 − 9개월누적 8462000000 (Revenues)
Leidos,LDOS,2012Q4,2013-01-31,분기별 영업이익,145000000,USD,계산(연간-3분기누적),https://www.sec.gov/Archives/edgar/data/1336920/000119312513127240/ ; https://www.sec.gov/Archives/edgar/data/1336920/000119312512492494/,연간 734000000 − 9개월누적 589000000 (OperatingIncomeLoss)
Leidos,LDOS,2012Q4,2013-01-31,분기별 당기순이익(지배),186000000,USD,계산(연간-3분기누적),https://www.sec.gov/Archives/edgar/data/1336920/000119312513127240/ ; https://www.sec.gov/Archives/edgar/data/1336920/000119312512492494/,연간 525000000 − 9개월누적 339000000 (NetIncomeLoss)
Leidos,LDOS,2012Q4,2013-01-31,분기별 영업활동현금흐름,211000000,USD,계산(누적차감),https://www.sec.gov/Archives/edgar/data/1336920/000119312513127240/ ; https://www.sec.gov/Archives/edgar/data/1336920/000119312512492494/,누적 345000000 − 직전누적 134000000 (시작 2012-02-01)
Leidos,LDOS,2012Q4,2013-01-31,분기말 자산총계,5875000000,USD,공시,https://www.sec.gov/Archives/edgar/data/1336920/000119312513127240/,
Leidos,LDOS,2012Q4,2013-01-31,분기말 부채총계,3257000000,USD,계산(부채및자본-총자본),https://www.sec.gov/Archives/edgar/data/1336920/000119312513127240/,부채및자본 5875000000 − 총자본 2618000000
Leidos,LDOS,2012Q4,2013-01-31,분기말 총자본(자기자본),2618000000,USD,공시(비지배 없음),https://www.sec.gov/Archives/edgar/data/1336920/000119312513127240/,"StockholdersEquity, MinorityInterest 태그 없음"
Leidos,LDOS,2012Q4,2013-01-31,분기말 지배지분 자본,2618000000,USD,공시,https://www.sec.gov/Archives/edgar/data/1336920/000119312513127240/,
Leidos,LDOS,2012Q4,2013-01-31,분기말 종가,12.1,USD,API,https://query1.finance.yahoo.com/v8/finance/chart/LDOS?interval=1d&events=splits (2013-01-31),분할조정 종가 29.8765 × 이후 분할계수 0.405
Leidos,LDOS,2012Q4,2013-03-08,분기말 상장주식수,341917569,주,공시(표지 기준일),https://www.sec.gov/Archives/edgar/data/1336920/000119312513127240/,dei:EntityCommonStockSharesOutstanding 클래스 합
Leidos,LDOS,2012Q4,2013-01-31,분기말 시가총액,4137202585,USD,계산(종가×주식수),https://query1.finance.yahoo.com/v8/finance/chart/LDOS?interval=1d&events=splits (2013-01-31) ; https://www.sec.gov/Archives/edgar/data/1336920/000119312513127240/,종가 12.1 × 주식수 341917569
Leidos,LDOS,2013Q1,2013-05-03,분기별 매출액,2707000000,USD,공시,https://www.sec.gov/Archives/edgar/data/1336920/000119312513246802/,
Leidos,LDOS,2013Q1,2013-05-03,분기별 영업이익,142000000,USD,공시,https://www.sec.gov/Archives/edgar/data/1336920/000119312513246802/,
Leidos,LDOS,2013Q1,2013-05-03,분기별 당기순이익(지배),81000000,USD,공시,https://www.sec.gov/Archives/edgar/data/1336920/000119312513246802/,
Leidos,LDOS,2013Q1,2013-05-03,분기별 영업활동현금흐름,-111000000,USD,공시,https://www.sec.gov/Archives/edgar/data/1336920/000119312513246802/,
Leidos,LDOS,2013Q1,2013-05-03,분기말 자산총계,5790000000,USD,공시,https://www.sec.gov/Archives/edgar/data/1336920/000119312513246802/,
Leidos,LDOS,2013Q1,2013-05-03,분기말 부채총계,3486000000,USD,계산(부채및자본-총자본),https://www.sec.gov/Archives/edgar/data/1336920/000119312513246802/,부채및자본 5790000000 − 총자본 2304000000
Leidos,LDOS,2013Q1,2013-05-03,분기말 총자본(자기자본),2304000000,USD,공시(비지배 없음),https://www.sec.gov/Archives/edgar/data/1336920/000119312513246802/,"StockholdersEquity, MinorityInterest 태그 없음"
Leidos,LDOS,2013Q1,2013-05-03,분기말 지배지분 자본,2304000000,USD,공시,https://www.sec.gov/Archives/edgar/data/1336920/000119312513246802/,
Leidos,LDOS,2013Q1,2013-05-03,분기말 종가,14.91,USD,API,https://query1.finance.yahoo.com/v8/finance/chart/LDOS?interval=1d&events=splits (2013-05-03),분할조정 종가 36.8148 × 이후 분할계수 0.405
Leidos,LDOS,2013Q1,2013-05-20,분기말 상장주식수,342518407,주,공시(표지 기준일),https://www.sec.gov/Archives/edgar/data/1336920/000119312513246802/,dei:EntityCommonStockSharesOutstanding 클래스 합
Leidos,LDOS,2013Q1,2013-05-03,분기말 시가총액,5106949448,USD,계산(종가×주식수),https://query1.finance.yahoo.com/v8/finance/chart/LDOS?interval=1d&events=splits (2013-05-03) ; https://www.sec.gov/Archives/edgar/data/1336920/000119312513246802/,종가 14.91 × 주식수 342518407
Leidos,LDOS,2013Q2,2013-08-02,분기별 매출액,2474000000,USD,공시,https://www.sec.gov/Archives/edgar/data/1336920/000119312513358518/,
Leidos,LDOS,2013Q2,2013-08-02,분기별 영업이익,75000000,USD,공시,https://www.sec.gov/Archives/edgar/data/1336920/000119312513358518/,
Leidos,LDOS,2013Q2,2013-08-02,분기별 당기순이익(지배),42000000,USD,공시,https://www.sec.gov/Archives/edgar/data/1336920/000119312513358518/,
Leidos,LDOS,2013Q2,2013-08-02,분기별 영업활동현금흐름,217000000,USD,계산(누적차감),https://www.sec.gov/Archives/edgar/data/1336920/000119312513358518/ ; https://www.sec.gov/Archives/edgar/data/1336920/000119312513246802/,누적 106000000 − 직전누적 -111000000 (시작 2013-02-01)
Leidos,LDOS,2013Q2,2013-08-02,분기말 자산총계,5521000000,USD,공시,https://www.sec.gov/Archives/edgar/data/1336920/000119312513358518/,
Leidos,LDOS,2013Q2,2013-08-02,분기말 부채총계,3176000000,USD,계산(부채및자본-총자본),https://www.sec.gov/Archives/edgar/data/1336920/000119312513358518/,부채및자본 5521000000 − 총자본 2345000000
Leidos,LDOS,2013Q2,2013-08-02,분기말 총자본(자기자본),2345000000,USD,공시(비지배 없음),https://www.sec.gov/Archives/edgar/data/1336920/000119312513358518/,"StockholdersEquity, MinorityInterest 태그 없음"
Leidos,LDOS,2013Q2,2013-08-02,분기말 지배지분 자본,2345000000,USD,공시,https://www.sec.gov/Archives/edgar/data/1336920/000119312513358518/,
Leidos,LDOS,2013Q2,2013-08-02,분기말 종가,15.65,USD,API,https://query1.finance.yahoo.com/v8/finance/chart/LDOS?interval=1d&events=splits (2013-08-02),분할조정 종가 38.642 × 이후 분할계수 0.405
Leidos,LDOS,2013Q2,2013-08-22,분기말 상장주식수,342728475,주,공시(표지 기준일),https://www.sec.gov/Archives/edgar/data/1336920/000119312513358518/,dei:EntityCommonStockSharesOutstanding 클래스 합
Leidos,LDOS,2013Q2,2013-08-02,분기말 시가총액,5363700634,USD,계산(종가×주식수),https://query1.finance.yahoo.com/v8/finance/chart/LDOS?interval=1d&events=splits (2013-08-02) ; https://www.sec.gov/Archives/edgar/data/1336920/000119312513358518/,종가 15.65 × 주식수 342728475
Leidos,LDOS,2013Q3,2013-11-01,분기별 매출액,1420000000,USD,공시,https://www.sec.gov/Archives/edgar/data/1336920/000133692013000009/,
Leidos,LDOS,2013Q3,2013-11-01,분기별 영업이익,-7000000,USD,공시,https://www.sec.gov/Archives/edgar/data/1336920/000133692013000009/,
Leidos,LDOS,2013Q3,2013-11-01,분기별 당기순이익(지배),-3000000,USD,공시,https://www.sec.gov/Archives/edgar/data/1336920/000133692013000009/,
Leidos,LDOS,2013Q3,2013-11-01,분기별 영업활동현금흐름,-28000000,USD,계산(누적차감),https://www.sec.gov/Archives/edgar/data/1336920/000133692013000009/ ; https://www.sec.gov/Archives/edgar/data/1336920/000119312513358518/,누적 78000000 − 직전누적 106000000 (시작 2013-02-01)
Leidos,LDOS,2013Q3,2013-11-01,분기말 자산총계,4635000000,USD,공시,https://www.sec.gov/Archives/edgar/data/1336920/000133692013000009/,
Leidos,LDOS,2013Q3,2013-11-01,분기말 부채총계,2752000000,USD,계산(부채및자본-총자본),https://www.sec.gov/Archives/edgar/data/1336920/000133692013000009/,부채및자본 4635000000 − 총자본 1883000000
Leidos,LDOS,2013Q3,2013-11-01,분기말 총자본(자기자본),1883000000,USD,공시(비지배 없음),https://www.sec.gov/Archives/edgar/data/1336920/000133692013000009/,"StockholdersEquity, MinorityInterest 태그 없음"
Leidos,LDOS,2013Q3,2013-11-01,분기말 지배지분 자본,1883000000,USD,공시,https://www.sec.gov/Archives/edgar/data/1336920/000133692013000009/,
Leidos,LDOS,2013Q3,2013-11-01,분기말 종가,47.41,USD,API,https://query1.finance.yahoo.com/v8/finance/chart/LDOS?interval=1d&events=splits (2013-11-01),
Leidos,LDOS,2013Q3,2013-11-26,분기말 상장주식수,85627012,주,공시(표지 기준일),https://www.sec.gov/Archives/edgar/data/1336920/000133692013000009/,dei:EntityCommonStockSharesOutstanding 클래스 합
Leidos,LDOS,2013Q3,2013-11-01,분기말 시가총액,4059576639,USD,계산(종가×주식수),https://query1.finance.yahoo.com/v8/finance/chart/LDOS?interval=1d&events=splits (2013-11-01) ; https://www.sec.gov/Archives/edgar/data/1336920/000133692013000009/,종가 47.41 × 주식수 85627012
Leidos,LDOS,2013Q4,2014-01-31,분기별 매출액,1286000000,USD,계산(연간-3분기누적),https://www.sec.gov/Archives/edgar/data/1336920/000133692014000007/ ; https://www.sec.gov/Archives/edgar/data/1336920/000133692013000009/,연간 5772000000 − 9개월누적 4486000000 (Revenues)
Leidos,LDOS,2013Q4,2014-01-31,분기별 영업이익,95000000,USD,계산(연간-3분기누적),https://www.sec.gov/Archives/edgar/data/1336920/000133692014000007/ ; https://www.sec.gov/Archives/edgar/data/1336920/000133692013000009/,연간 164000000 − 9개월누적 69000000 (OperatingIncomeLoss)
Leidos,LDOS,2013Q4,2014-01-31,분기별 당기순이익(지배),44000000,USD,계산(연간-3분기누적),https://www.sec.gov/Archives/edgar/data/1336920/000133692014000007/ ; https://www.sec.gov/Archives/edgar/data/1336920/000133692013000009/,연간 164000000 − 9개월누적 120000000 (NetIncomeLoss)
Leidos,LDOS,2013Q4,2014-01-31,분기별 영업활동현금흐름,117000000,USD,계산(누적차감),https://www.sec.gov/Archives/edgar/data/1336920/000133692014000007/ ; https://www.sec.gov/Archives/edgar/data/1336920/000133692013000009/,누적 195000000 − 직전누적 78000000 (시작 2013-02-01)
Leidos,LDOS,2013Q4,2014-01-31,분기말 자산총계,4162000000,USD,공시,https://www.sec.gov/Archives/edgar/data/1336920/000133692014000007/,
Leidos,LDOS,2013Q4,2014-01-31,분기말 부채총계,2567000000,USD,계산(부채및자본-총자본),https://www.sec.gov/Archives/edgar/data/1336920/000133692014000007/,부채및자본 4162000000 − 총자본 1595000000
Leidos,LDOS,2013Q4,2014-01-31,분기말 총자본(자기자본),1595000000,USD,공시(비지배 없음),https://www.sec.gov/Archives/edgar/data/1336920/000133692014000007/,"StockholdersEquity, MinorityInterest 태그 없음"
Leidos,LDOS,2013Q4,2014-01-31,분기말 지배지분 자본,1595000000,USD,공시,https://www.sec.gov/Archives/edgar/data/1336920/000133692014000007/,
Leidos,LDOS,2013Q4,2014-01-31,분기말 종가,45.34,USD,API,https://query1.finance.yahoo.com/v8/finance/chart/LDOS?interval=1d&events=splits (2014-01-31),
Leidos,LDOS,2013Q4,2014-03-18,분기말 상장주식수,79070415,주,공시(표지 기준일),https://www.sec.gov/Archives/edgar/data/1336920/000133692014000007/,dei:EntityCommonStockSharesOutstanding 클래스 합
Leidos,LDOS,2013Q4,2014-01-31,분기말 시가총액,3585052616,USD,계산(종가×주식수),https://query1.finance.yahoo.com/v8/finance/chart/LDOS?interval=1d&events=splits (2014-01-31) ; https://www.sec.gov/Archives/edgar/data/1336920/000133692014000007/,종가 45.34 × 주식수 79070415
Leidos,LDOS,2014Q1,2014-05-02,분기별 매출액,1320000000,USD,공시,https://www.sec.gov/Archives/edgar/data/1336920/000133692014000014/,
Leidos,LDOS,2014Q1,2014-05-02,분기별 영업이익,89000000,USD,공시,https://www.sec.gov/Archives/edgar/data/1336920/000133692014000014/,
Leidos,LDOS,2014Q1,2014-05-02,분기별 당기순이익(지배),37000000,USD,공시,https://www.sec.gov/Archives/edgar/data/1336920/000133692014000014/,
Leidos,LDOS,2014Q1,2014-05-02,분기별 영업활동현금흐름,-8000000,USD,공시,https://www.sec.gov/Archives/edgar/data/1336920/000133692014000014/,
Leidos,LDOS,2014Q1,2014-05-02,분기말 자산총계,3969000000,USD,공시,https://www.sec.gov/Archives/edgar/data/1336920/000133692014000014/,
Leidos,LDOS,2014Q1,2014-05-02,분기말 부채총계,2564000000,USD,계산(부채및자본-총자본),https://www.sec.gov/Archives/edgar/data/1336920/000133692014000014/,부채및자본 3969000000 − 총자본 1405000000
Leidos,LDOS,2014Q1,2014-05-02,분기말 총자본(자기자본),1405000000,USD,공시(비지배 없음),https://www.sec.gov/Archives/edgar/data/1336920/000133692014000014/,"StockholdersEquity, MinorityInterest 태그 없음"
Leidos,LDOS,2014Q1,2014-05-02,분기말 지배지분 자본,1405000000,USD,공시,https://www.sec.gov/Archives/edgar/data/1336920/000133692014000014/,
Leidos,LDOS,2014Q1,2014-05-02,분기말 종가,36.98,USD,API,https://query1.finance.yahoo.com/v8/finance/chart/LDOS?interval=1d&events=splits (2014-05-02),
Leidos,LDOS,2014Q1,2014-05-23,분기말 상장주식수,74767690,주,공시(표지 기준일),https://www.sec.gov/Archives/edgar/data/1336920/000133692014000014/,dei:EntityCommonStockSharesOutstanding 클래스 합
Leidos,LDOS,2014Q1,2014-05-02,분기말 시가총액,2764909176,USD,계산(종가×주식수),https://query1.finance.yahoo.com/v8/finance/chart/LDOS?interval=1d&events=splits (2014-05-02) ; https://www.sec.gov/Archives/edgar/data/1336920/000133692014000014/,종가 36.98 × 주식수 74767690
Leidos,LDOS,2014Q2,2014-08-01,분기별 매출액,1306000000,USD,공시,https://www.sec.gov/Archives/edgar/data/1336920/000133692014000022/,
Leidos,LDOS,2014Q2,2014-08-01,분기별 영업이익,-410000000,USD,공시,https://www.sec.gov/Archives/edgar/data/1336920/000133692014000022/,
Leidos,LDOS,2014Q2,2014-08-01,분기별 당기순이익(지배),-438000000,USD,공시,https://www.sec.gov/Archives/edgar/data/1336920/000133692014000022/,
Leidos,LDOS,2014Q2,2014-08-01,분기별 영업활동현금흐름,123000000,USD,계산(누적차감),https://www.sec.gov/Archives/edgar/data/1336920/000133692014000022/ ; https://www.sec.gov/Archives/edgar/data/1336920/000133692014000014/,누적 115000000 − 직전누적 -8000000 (시작 2014-02-01)
Leidos,LDOS,2014Q2,2014-08-01,분기말 자산총계,3481000000,USD,공시,https://www.sec.gov/Archives/edgar/data/1336920/000133692014000022/,
Leidos,LDOS,2014Q2,2014-08-01,분기말 부채총계,2524000000,USD,계산(부채및자본-총자본),https://www.sec.gov/Archives/edgar/data/1336920/000133692014000022/,부채및자본 3481000000 − 총자본 957000000
Leidos,LDOS,2014Q2,2014-08-01,분기말 총자본(자기자본),957000000,USD,공시(비지배 없음),https://www.sec.gov/Archives/edgar/data/1336920/000133692014000022/,"StockholdersEquity, MinorityInterest 태그 없음"
Leidos,LDOS,2014Q2,2014-08-01,분기말 지배지분 자본,957000000,USD,공시,https://www.sec.gov/Archives/edgar/data/1336920/000133692014000022/,
Leidos,LDOS,2014Q2,2014-08-01,분기말 종가,36.66,USD,API,https://query1.finance.yahoo.com/v8/finance/chart/LDOS?interval=1d&events=splits (2014-08-01),
Leidos,LDOS,2014Q2,2014-08-29,분기말 상장주식수,74038021,주,공시(표지 기준일),https://www.sec.gov/Archives/edgar/data/1336920/000133692014000022/,dei:EntityCommonStockSharesOutstanding 클래스 합
Leidos,LDOS,2014Q2,2014-08-01,분기말 시가총액,2714233850,USD,계산(종가×주식수),https://query1.finance.yahoo.com/v8/finance/chart/LDOS?interval=1d&events=splits (2014-08-01) ; https://www.sec.gov/Archives/edgar/data/1336920/000133692014000022/,종가 36.66 × 주식수 74038021
Leidos,LDOS,2014Q3,2014-10-31,분기별 매출액,1276000000,USD,공시,https://www.sec.gov/Archives/edgar/data/1336920/000133692014000031/,
Leidos,LDOS,2014Q3,2014-10-31,분기별 영업이익,72000000,USD,공시,https://www.sec.gov/Archives/edgar/data/1336920/000133692014000031/,
Leidos,LDOS,2014Q3,2014-10-31,분기별 당기순이익(지배),34000000,USD,공시,https://www.sec.gov/Archives/edgar/data/1336920/000133692014000031/,
Leidos,LDOS,2014Q3,2014-10-31,분기별 영업활동현금흐름,179000000,USD,계산(누적차감),https://www.sec.gov/Archives/edgar/data/1336920/000133692014000031/ ; https://www.sec.gov/Archives/edgar/data/1336920/000133692014000022/,누적 294000000 − 직전누적 115000000 (시작 2014-02-01)
Leidos,LDOS,2014Q3,2014-10-31,분기말 자산총계,3398000000,USD,공시,https://www.sec.gov/Archives/edgar/data/1336920/000133692014000031/,
Leidos,LDOS,2014Q3,2014-10-31,분기말 부채총계,2422000000,USD,계산(부채및자본-총자본),https://www.sec.gov/Archives/edgar/data/1336920/000133692014000031/,부채및자본 3398000000 − 총자본 976000000
Leidos,LDOS,2014Q3,2014-10-31,분기말 총자본(자기자본),976000000,USD,공시(비지배 없음),https://www.sec.gov/Archives/edgar/data/1336920/000133692014000031/,"StockholdersEquity, MinorityInterest 태그 없음"
Leidos,LDOS,2014Q3,2014-10-31,분기말 지배지분 자본,976000000,USD,공시,https://www.sec.gov/Archives/edgar/data/1336920/000133692014000031/,
Leidos,LDOS,2014Q3,2014-10-31,분기말 종가,36.57,USD,API,https://query1.finance.yahoo.com/v8/finance/chart/LDOS?interval=1d&events=splits (2014-10-31),
Leidos,LDOS,2014Q3,2014-11-24,분기말 상장주식수,74066871,주,공시(표지 기준일),https://www.sec.gov/Archives/edgar/data/1336920/000133692014000031/,dei:EntityCommonStockSharesOutstanding 클래스 합
Leidos,LDOS,2014Q3,2014-10-31,분기말 시가총액,2708625472,USD,계산(종가×주식수),https://query1.finance.yahoo.com/v8/finance/chart/LDOS?interval=1d&events=splits (2014-10-31) ; https://www.sec.gov/Archives/edgar/data/1336920/000133692014000031/,종가 36.57 × 주식수 74066871
Leidos,LDOS,2014Q4,2015-01-30,분기별 매출액,1169000000,USD,계산(연간-3분기누적),https://www.sec.gov/Archives/edgar/data/1336920/000133692015000010/ ; https://www.sec.gov/Archives/edgar/data/1336920/000133692014000031/,연간 5063000000 − 9개월누적 3894000000 (Revenues)
Leidos,LDOS,2014Q4,2015-01-30,분기별 영업이익,37000000,USD,계산(연간-3분기누적),https://www.sec.gov/Archives/edgar/data/1336920/000133692015000010/ ; https://www.sec.gov/Archives/edgar/data/1336920/000133692014000031/,연간 -214000000 − 9개월누적 -251000000 (OperatingIncomeLoss)
Leidos,LDOS,2014Q4,2015-01-30,분기별 당기순이익(지배),44000000,USD,계산(연간-3분기누적),https://www.sec.gov/Archives/edgar/data/1336920/000133692015000010/ ; https://www.sec.gov/Archives/edgar/data/1336920/000133692014000031/,연간 -323000000 − 9개월누적 -367000000 (NetIncomeLoss)
Leidos,LDOS,2014Q4,2015-01-30,분기별 영업활동현금흐름,102000000,USD,계산(누적차감),https://www.sec.gov/Archives/edgar/data/1336920/000133692015000010/ ; https://www.sec.gov/Archives/edgar/data/1336920/000133692014000031/,누적 396000000 − 직전누적 294000000 (시작 2014-02-01)
Leidos,LDOS,2014Q4,2015-01-30,분기말 자산총계,3281000000,USD,공시,https://www.sec.gov/Archives/edgar/data/1336920/000133692015000010/,
Leidos,LDOS,2014Q4,2015-01-30,분기말 부채총계,2283000000,USD,계산(부채및자본-총자본),https://www.sec.gov/Archives/edgar/data/1336920/000133692015000010/,부채및자본 3281000000 − 총자본 998000000
Leidos,LDOS,2014Q4,2015-01-30,분기말 총자본(자기자본),998000000,USD,공시(비지배 없음),https://www.sec.gov/Archives/edgar/data/1336920/000133692015000010/,"StockholdersEquity, MinorityInterest 태그 없음"
Leidos,LDOS,2014Q4,2015-01-30,분기말 지배지분 자본,998000000,USD,공시,https://www.sec.gov/Archives/edgar/data/1336920/000133692015000010/,
Leidos,LDOS,2014Q4,2015-01-30,분기말 종가,41.4,USD,API,https://query1.finance.yahoo.com/v8/finance/chart/LDOS?interval=1d&events=splits (2015-01-30),
Leidos,LDOS,2014Q4,2015-03-16,분기말 상장주식수,74124812,주,공시(표지 기준일),https://www.sec.gov/Archives/edgar/data/1336920/000133692015000010/,dei:EntityCommonStockSharesOutstanding 클래스 합
Leidos,LDOS,2014Q4,2015-01-30,분기말 시가총액,3068767217,USD,계산(종가×주식수),https://query1.finance.yahoo.com/v8/finance/chart/LDOS?interval=1d&events=splits (2015-01-30) ; https://www.sec.gov/Archives/edgar/data/1336920/000133692015000010/,종가 41.4 × 주식수 74124812
Leidos,LDOS,2015Q1,2015-04-03,분기별 매출액,1246000000,USD,공시,https://www.sec.gov/Archives/edgar/data/1336920/000133692015000017/,
Leidos,LDOS,2015Q1,2015-04-03,분기별 영업이익,38000000,USD,공시,https://www.sec.gov/Archives/edgar/data/1336920/000133692015000017/,
Leidos,LDOS,2015Q1,2015-04-03,분기별 당기순이익(지배),41000000,USD,공시,https://www.sec.gov/Archives/edgar/data/1336920/000133692015000017/,
Leidos,LDOS,2015Q1,2015-04-03,분기별 영업활동현금흐름,-42000000,USD,공시,https://www.sec.gov/Archives/edgar/data/1336920/000133692015000017/,
Leidos,LDOS,2015Q1,2015-04-03,분기말 자산총계,3309000000,USD,공시,https://www.sec.gov/Archives/edgar/data/1336920/000133692015000017/,
Leidos,LDOS,2015Q1,2015-04-03,분기말 부채총계,2309000000,USD,계산(부채및자본-총자본),https://www.sec.gov/Archives/edgar/data/1336920/000133692015000017/,부채및자본 3309000000 − 총자본 1000000000
Leidos,LDOS,2015Q1,2015-04-03,분기말 총자본(자기자본),1000000000,USD,공시(비지배 없음),https://www.sec.gov/Archives/edgar/data/1336920/000133692015000017/,"StockholdersEquity, MinorityInterest 태그 없음"
Leidos,LDOS,2015Q1,2015-04-03,분기말 지배지분 자본,1000000000,USD,공시,https://www.sec.gov/Archives/edgar/data/1336920/000133692015000017/,
Leidos,LDOS,2015Q1,2015-04-02,분기말 종가,42.16,USD,API,https://query1.finance.yahoo.com/v8/finance/chart/LDOS?interval=1d&events=splits (2015-04-02),
Leidos,LDOS,2015Q1,2015-05-04,분기말 상장주식수,74390525,주,공시(표지 기준일),https://www.sec.gov/Archives/edgar/data/1336920/000133692015000017/,dei:EntityCommonStockSharesOutstanding 클래스 합
Leidos,LDOS,2015Q1,2015-04-02,분기말 시가총액,3136304534,USD,계산(종가×주식수),https://query1.finance.yahoo.com/v8/finance/chart/LDOS?interval=1d&events=splits (2015-04-02) ; https://www.sec.gov/Archives/edgar/data/1336920/000133692015000017/,종가 42.16 × 주식수 74390525
Leidos,LDOS,2015Q2,2015-07-03,분기별 매출액,1257000000,USD,공시,https://www.sec.gov/Archives/edgar/data/1336920/000133692015000046/,
Leidos,LDOS,2015Q2,2015-07-03,분기별 영업이익,64000000,USD,공시,https://www.sec.gov/Archives/edgar/data/1336920/000133692015000046/,
Leidos,LDOS,2015Q2,2015-07-03,분기별 당기순이익(지배),37000000,USD,공시,https://www.sec.gov/Archives/edgar/data/1336920/000133692015000046/,
Leidos,LDOS,2015Q2,2015-07-03,분기별 영업활동현금흐름,151000000,USD,계산(누적차감),https://www.sec.gov/Archives/edgar/data/1336920/000133692015000046/ ; https://www.sec.gov/Archives/edgar/data/1336920/000133692015000017/,누적 109000000 − 직전누적 -42000000 (시작 2015-01-03)
Leidos,LDOS,2015Q2,2015-07-03,분기말 자산총계,3211000000,USD,공시,https://www.sec.gov/Archives/edgar/data/1336920/000133692015000046/,
Leidos,LDOS,2015Q2,2015-07-03,분기말 부채총계,2292000000,USD,계산(부채및자본-총자본),https://www.sec.gov/Archives/edgar/data/1336920/000133692015000046/,부채및자본 3211000000 − 총자본 919000000
Leidos,LDOS,2015Q2,2015-07-03,분기말 총자본(자기자본),919000000,USD,공시(비지배 없음),https://www.sec.gov/Archives/edgar/data/1336920/000133692015000046/,"StockholdersEquity, MinorityInterest 태그 없음"
Leidos,LDOS,2015Q2,2015-07-03,분기말 지배지분 자본,919000000,USD,공시,https://www.sec.gov/Archives/edgar/data/1336920/000133692015000046/,
Leidos,LDOS,2015Q2,2015-07-02,분기말 종가,40.41,USD,API,https://query1.finance.yahoo.com/v8/finance/chart/LDOS?interval=1d&events=splits (2015-07-02),
Leidos,LDOS,2015Q2,2015-07-24,분기말 상장주식수,72063425,주,공시(표지 기준일),https://www.sec.gov/Archives/edgar/data/1336920/000133692015000046/,dei:EntityCommonStockSharesOutstanding 클래스 합
Leidos,LDOS,2015Q2,2015-07-02,분기말 시가총액,2912083004,USD,계산(종가×주식수),https://query1.finance.yahoo.com/v8/finance/chart/LDOS?interval=1d&events=splits (2015-07-02) ; https://www.sec.gov/Archives/edgar/data/1336920/000133692015000046/,종가 40.41 × 주식수 72063425
Leidos,LDOS,2015Q3,2015-10-02,분기별 매출액,1302000000,USD,공시,https://www.sec.gov/Archives/edgar/data/1336920/000133692015000060/,
Leidos,LDOS,2015Q3,2015-10-02,분기별 영업이익,94000000,USD,공시,https://www.sec.gov/Archives/edgar/data/1336920/000133692015000060/,
Leidos,LDOS,2015Q3,2015-10-02,분기별 당기순이익(지배),49000000,USD,공시,https://www.sec.gov/Archives/edgar/data/1336920/000133692015000060/,
Leidos,LDOS,2015Q3,2015-10-02,분기별 영업활동현금흐름,269000000,USD,계산(누적차감),https://www.sec.gov/Archives/edgar/data/1336920/000133692015000060/ ; https://www.sec.gov/Archives/edgar/data/1336920/000133692015000046/,누적 378000000 − 직전누적 109000000 (시작 2015-01-03)
Leidos,LDOS,2015Q3,2015-10-02,분기말 자산총계,3302000000,USD,공시,https://www.sec.gov/Archives/edgar/data/1336920/000133692015000060/,
Leidos,LDOS,2015Q3,2015-10-02,분기말 부채총계,2348000000,USD,계산(부채및자본-총자본),https://www.sec.gov/Archives/edgar/data/1336920/000133692015000060/,부채및자본 3302000000 − 총자본 954000000
Leidos,LDOS,2015Q3,2015-10-02,분기말 총자본(자기자본),954000000,USD,공시(비지배 없음),https://www.sec.gov/Archives/edgar/data/1336920/000133692015000060/,"StockholdersEquity, MinorityInterest 태그 없음"
Leidos,LDOS,2015Q3,2015-10-02,분기말 지배지분 자본,954000000,USD,공시,https://www.sec.gov/Archives/edgar/data/1336920/000133692015000060/,
Leidos,LDOS,2015Q3,2015-10-02,분기말 종가,42.13,USD,API,https://query1.finance.yahoo.com/v8/finance/chart/LDOS?interval=1d&events=splits (2015-10-02),
Leidos,LDOS,2015Q3,2015-10-20,분기말 상장주식수,72093161,주,공시(표지 기준일),https://www.sec.gov/Archives/edgar/data/1336920/000133692015000060/,dei:EntityCommonStockSharesOutstanding 클래스 합
Leidos,LDOS,2015Q3,2015-10-02,분기말 시가총액,3037284873,USD,계산(종가×주식수),https://query1.finance.yahoo.com/v8/finance/chart/LDOS?interval=1d&events=splits (2015-10-02) ; https://www.sec.gov/Archives/edgar/data/1336920/000133692015000060/,종가 42.13 × 주식수 72093161
Leidos,LDOS,2015Q4,,분기별 매출액,미확인,,미확인,해당 라벨 보고서 없음,
Leidos,LDOS,2015Q4,,분기별 영업이익,미확인,,미확인,해당 라벨 보고서 없음,
Leidos,LDOS,2015Q4,,분기별 당기순이익(지배),미확인,,미확인,해당 라벨 보고서 없음,
Leidos,LDOS,2015Q4,,분기별 영업활동현금흐름,미확인,,미확인,해당 라벨 보고서 없음,
Leidos,LDOS,2015Q4,,분기말 자산총계,미확인,,미확인,해당 라벨 보고서 없음,
Leidos,LDOS,2015Q4,,분기말 부채총계,미확인,,미확인,해당 라벨 보고서 없음,
Leidos,LDOS,2015Q4,,분기말 총자본(자기자본),미확인,,미확인,해당 라벨 보고서 없음,
Leidos,LDOS,2015Q4,,분기말 지배지분 자본,미확인,,미확인,해당 라벨 보고서 없음,
Leidos,LDOS,2015Q4,,분기말 종가,미확인,,미확인,해당 라벨 보고서 없음,
Leidos,LDOS,2015Q4,,분기말 상장주식수,미확인,,미확인,해당 라벨 보고서 없음,
Leidos,LDOS,2015Q4,,분기말 시가총액,미확인,,미확인,해당 라벨 보고서 없음,
Leidos,LDOS,2016Q1,2016-04-01,분기별 매출액,1312000000,USD,공시,https://www.sec.gov/Archives/edgar/data/1336920/000133692016000088/,
Leidos,LDOS,2016Q1,2016-04-01,분기별 영업이익,89000000,USD,공시,https://www.sec.gov/Archives/edgar/data/1336920/000133692016000088/,
Leidos,LDOS,2016Q1,2016-04-01,분기별 당기순이익(지배),49000000,USD,공시,https://www.sec.gov/Archives/edgar/data/1336920/000133692016000088/,
Leidos,LDOS,2016Q1,2016-04-01,분기별 영업활동현금흐름,-18000000,USD,공시,https://www.sec.gov/Archives/edgar/data/1336920/000133692016000088/,
Leidos,LDOS,2016Q1,2016-04-01,분기말 자산총계,3391000000,USD,공시,https://www.sec.gov/Archives/edgar/data/1336920/000133692016000088/,
Leidos,LDOS,2016Q1,2016-04-01,분기말 부채총계,2289000000,USD,계산(부채및자본-총자본),https://www.sec.gov/Archives/edgar/data/1336920/000133692016000088/,부채및자본 3391000000 − 총자본 1102000000
Leidos,LDOS,2016Q1,2016-04-01,분기말 총자본(자기자본),1102000000,USD,공시(비지배 없음),https://www.sec.gov/Archives/edgar/data/1336920/000133692016000088/,"StockholdersEquity, MinorityInterest 태그 없음"
Leidos,LDOS,2016Q1,2016-04-01,분기말 지배지분 자본,1102000000,USD,공시,https://www.sec.gov/Archives/edgar/data/1336920/000133692016000088/,
Leidos,LDOS,2016Q1,2016-04-01,분기말 종가,51.39,USD,API,https://query1.finance.yahoo.com/v8/finance/chart/LDOS?interval=1d&events=splits (2016-04-01),
Leidos,LDOS,2016Q1,2016-04-20,분기말 상장주식수,72672491,주,공시(표지 기준일),https://www.sec.gov/Archives/edgar/data/1336920/000133692016000088/,dei:EntityCommonStockSharesOutstanding 클래스 합
Leidos,LDOS,2016Q1,2016-04-01,분기말 시가총액,3734639312,USD,계산(종가×주식수),https://query1.finance.yahoo.com/v8/finance/chart/LDOS?interval=1d&events=splits (2016-04-01) ; https://www.sec.gov/Archives/edgar/data/1336920/000133692016000088/,종가 51.39 × 주식수 72672491
Leidos,LDOS,2016Q2,2016-07-01,분기별 매출액,1288000000,USD,공시,https://www.sec.gov/Archives/edgar/data/1336920/000133692016000108/,
Leidos,LDOS,2016Q2,2016-07-01,분기별 영업이익,75000000,USD,공시,https://www.sec.gov/Archives/edgar/data/1336920/000133692016000108/,
Leidos,LDOS,2016Q2,2016-07-01,분기별 당기순이익(지배),41000000,USD,공시,https://www.sec.gov/Archives/edgar/data/1336920/000133692016000108/,
Leidos,LDOS,2016Q2,2016-07-01,분기별 영업활동현금흐름,76000000,USD,계산(누적차감),https://www.sec.gov/Archives/edgar/data/1336920/000133692016000108/ ; https://www.sec.gov/Archives/edgar/data/1336920/000133692016000088/,누적 58000000 − 직전누적 -18000000 (시작 2016-01-02)
Leidos,LDOS,2016Q2,2016-07-01,분기말 자산총계,3401000000,USD,공시,https://www.sec.gov/Archives/edgar/data/1336920/000133692016000108/,
Leidos,LDOS,2016Q2,2016-07-01,분기말 부채총계,2277000000,USD,계산(부채및자본-총자본),https://www.sec.gov/Archives/edgar/data/1336920/000133692016000108/,부채및자본 3401000000 − 총자본 1124000000
Leidos,LDOS,2016Q2,2016-07-01,분기말 총자본(자기자본),1124000000,USD,공시(비지배 없음),https://www.sec.gov/Archives/edgar/data/1336920/000133692016000108/,"StockholdersEquity, MinorityInterest 태그 없음"
Leidos,LDOS,2016Q2,2016-07-01,분기말 지배지분 자본,1124000000,USD,공시,https://www.sec.gov/Archives/edgar/data/1336920/000133692016000108/,
Leidos,LDOS,2016Q2,2016-07-01,분기말 종가,48.69,USD,API,https://query1.finance.yahoo.com/v8/finance/chart/LDOS?interval=1d&events=splits (2016-07-01),
Leidos,LDOS,2016Q2,2016-07-19,분기말 상장주식수,72800585,주,공시(표지 기준일),https://www.sec.gov/Archives/edgar/data/1336920/000133692016000108/,dei:EntityCommonStockSharesOutstanding 클래스 합
Leidos,LDOS,2016Q2,2016-07-01,분기말 시가총액,3544660484,USD,계산(종가×주식수),https://query1.finance.yahoo.com/v8/finance/chart/LDOS?interval=1d&events=splits (2016-07-01) ; https://www.sec.gov/Archives/edgar/data/1336920/000133692016000108/,종가 48.69 × 주식수 72800585
Leidos,LDOS,2016Q3,2016-09-30,분기별 매출액,1868000000,USD,공시,https://www.sec.gov/Archives/edgar/data/1336920/000133692016000126/,
Leidos,LDOS,2016Q3,2016-09-30,분기별 영업이익,101000000,USD,공시,https://www.sec.gov/Archives/edgar/data/1336920/000133692016000126/,
Leidos,LDOS,2016Q3,2016-09-30,분기별 당기순이익(지배),91000000,USD,공시,https://www.sec.gov/Archives/edgar/data/1336920/000133692016000126/,
Leidos,LDOS,2016Q3,2016-09-30,분기별 영업활동현금흐름,226000000,USD,계산(누적차감),https://www.sec.gov/Archives/edgar/data/1336920/000133692016000126/ ; https://www.sec.gov/Archives/edgar/data/1336920/000133692016000108/,누적 284000000 − 직전누적 58000000 (시작 2016-01-02)
Leidos,LDOS,2016Q3,2016-09-30,분기말 자산총계,9579000000,USD,공시,https://www.sec.gov/Archives/edgar/data/1336920/000133692016000126/,
Leidos,LDOS,2016Q3,2016-09-30,분기말 부채총계,6449000000,USD,계산(부채및자본-총자본),https://www.sec.gov/Archives/edgar/data/1336920/000133692016000126/,부채및자본 9579000000 − 총자본 3130000000
Leidos,LDOS,2016Q3,2016-09-30,분기말 총자본(자기자본),3130000000,USD,공시,https://www.sec.gov/Archives/edgar/data/1336920/000133692016000126/,
Leidos,LDOS,2016Q3,2016-09-30,분기말 지배지분 자본,3116000000,USD,공시,https://www.sec.gov/Archives/edgar/data/1336920/000133692016000126/,
Leidos,LDOS,2016Q3,2016-09-30,분기말 종가,43.28,USD,API,https://query1.finance.yahoo.com/v8/finance/chart/LDOS?interval=1d&events=splits (2016-09-30),
Leidos,LDOS,2016Q3,2016-10-25,분기말 상장주식수,150363756,주,공시(표지 기준일),https://www.sec.gov/Archives/edgar/data/1336920/000133692016000126/,dei:EntityCommonStockSharesOutstanding 클래스 합
Leidos,LDOS,2016Q3,2016-09-30,분기말 시가총액,6507743360,USD,계산(종가×주식수),https://query1.finance.yahoo.com/v8/finance/chart/LDOS?interval=1d&events=splits (2016-09-30) ; https://www.sec.gov/Archives/edgar/data/1336920/000133692016000126/,종가 43.28 × 주식수 150363756
Leidos,LDOS,2016Q4,2016-12-30,분기별 매출액,2575000000,USD,계산(연간-3분기누적),https://www.sec.gov/Archives/edgar/data/1336920/000133692017000014/ ; https://www.sec.gov/Archives/edgar/data/1336920/000133692016000126/,연간 7043000000 − 9개월누적 4468000000 (Revenues)
Leidos,LDOS,2016Q4,2016-12-30,분기별 영업이익,152000000,USD,계산(연간-3분기누적),https://www.sec.gov/Archives/edgar/data/1336920/000133692017000014/ ; https://www.sec.gov/Archives/edgar/data/1336920/000133692016000126/,연간 417000000 − 9개월누적 265000000 (OperatingIncomeLoss)
Leidos,LDOS,2016Q4,2016-12-30,분기별 당기순이익(지배),59000000,USD,계산(연간-3분기누적),https://www.sec.gov/Archives/edgar/data/1336920/000133692017000014/ ; https://www.sec.gov/Archives/edgar/data/1336920/000133692016000126/,연간 244000000 − 9개월누적 185000000 (NetIncomeLoss)
Leidos,LDOS,2016Q4,2016-12-30,분기별 영업활동현금흐름,162000000,USD,계산(누적차감),https://www.sec.gov/Archives/edgar/data/1336920/000133692017000014/ ; https://www.sec.gov/Archives/edgar/data/1336920/000133692016000126/,누적 446000000 − 직전누적 284000000 (시작 2016-01-02)
Leidos,LDOS,2016Q4,2016-12-30,분기말 자산총계,9132000000,USD,공시,https://www.sec.gov/Archives/edgar/data/1336920/000133692017000014/,
Leidos,LDOS,2016Q4,2016-12-30,분기말 부채총계,5985000000,USD,계산(부채및자본-총자본),https://www.sec.gov/Archives/edgar/data/1336920/000133692017000014/,부채및자본 9132000000 − 총자본 3147000000
Leidos,LDOS,2016Q4,2016-12-30,분기말 총자본(자기자본),3147000000,USD,공시,https://www.sec.gov/Archives/edgar/data/1336920/000133692017000014/,
Leidos,LDOS,2016Q4,2016-12-30,분기말 지배지분 자본,3135000000,USD,공시,https://www.sec.gov/Archives/edgar/data/1336920/000133692017000014/,
Leidos,LDOS,2016Q4,2016-12-30,분기말 종가,51.14,USD,API,https://query1.finance.yahoo.com/v8/finance/chart/LDOS?interval=1d&events=splits (2016-12-30),
Leidos,LDOS,2016Q4,2017-02-14,분기말 상장주식수,150352251,주,공시(표지 기준일),https://www.sec.gov/Archives/edgar/data/1336920/000133692017000014/,dei:EntityCommonStockSharesOutstanding 클래스 합
Leidos,LDOS,2016Q4,2016-12-30,분기말 시가총액,7689014116,USD,계산(종가×주식수),https://query1.finance.yahoo.com/v8/finance/chart/LDOS?interval=1d&events=splits (2016-12-30) ; https://www.sec.gov/Archives/edgar/data/1336920/000133692017000014/,종가 51.14 × 주식수 150352251
Leidos,LDOS,2017Q1,2017-03-31,분기별 매출액,2580000000,USD,공시,https://www.sec.gov/Archives/edgar/data/1336920/000133692017000021/,
Leidos,LDOS,2017Q1,2017-03-31,분기별 영업이익,141000000,USD,공시,https://www.sec.gov/Archives/edgar/data/1336920/000133692017000021/,
Leidos,LDOS,2017Q1,2017-03-31,분기별 당기순이익(지배),72000000,USD,공시,https://www.sec.gov/Archives/edgar/data/1336920/000133692017000021/,
Leidos,LDOS,2017Q1,2017-03-31,분기별 영업활동현금흐름,-88000000,USD,공시,https://www.sec.gov/Archives/edgar/data/1336920/000133692017000021/,
Leidos,LDOS,2017Q1,2017-03-31,분기말 자산총계,9140000000,USD,공시,https://www.sec.gov/Archives/edgar/data/1336920/000133692017000021/,
Leidos,LDOS,2017Q1,2017-03-31,분기말 부채총계,5952000000,USD,계산(부채및자본-총자본),https://www.sec.gov/Archives/edgar/data/1336920/000133692017000021/,부채및자본 9140000000 − 총자본 3188000000
Leidos,LDOS,2017Q1,2017-03-31,분기말 총자본(자기자본),3188000000,USD,공시,https://www.sec.gov/Archives/edgar/data/1336920/000133692017000021/,
Leidos,LDOS,2017Q1,2017-03-31,분기말 지배지분 자본,3177000000,USD,공시,https://www.sec.gov/Archives/edgar/data/1336920/000133692017000021/,
Leidos,LDOS,2017Q1,2017-03-31,분기말 종가,51.14,USD,API,https://query1.finance.yahoo.com/v8/finance/chart/LDOS?interval=1d&events=splits (2017-03-31),
Leidos,LDOS,2017Q1,2017-04-25,분기말 상장주식수,151033623,주,공시(표지 기준일),https://www.sec.gov/Archives/edgar/data/1336920/000133692017000021/,dei:EntityCommonStockSharesOutstanding 클래스 합
Leidos,LDOS,2017Q1,2017-03-31,분기말 시가총액,7723859480,USD,계산(종가×주식수),https://query1.finance.yahoo.com/v8/finance/chart/LDOS?interval=1d&events=splits (2017-03-31) ; https://www.sec.gov/Archives/edgar/data/1336920/000133692017000021/,종가 51.14 × 주식수 151033623
Leidos,LDOS,2017Q2,2017-06-30,분기별 매출액,2571000000,USD,공시,https://www.sec.gov/Archives/edgar/data/1336920/000133692017000047/,
Leidos,LDOS,2017Q2,2017-06-30,분기별 영업이익,166000000,USD,공시,https://www.sec.gov/Archives/edgar/data/1336920/000133692017000047/,
Leidos,LDOS,2017Q2,2017-06-30,분기별 당기순이익(지배),98000000,USD,공시,https://www.sec.gov/Archives/edgar/data/1336920/000133692017000047/,
Leidos,LDOS,2017Q2,2017-06-30,분기별 영업활동현금흐름,177000000,USD,계산(누적차감),https://www.sec.gov/Archives/edgar/data/1336920/000133692017000047/ ; https://www.sec.gov/Archives/edgar/data/1336920/000133692017000021/,누적 89000000 − 직전누적 -88000000 (시작 2016-12-31)
Leidos,LDOS,2017Q2,2017-06-30,분기말 자산총계,8882000000,USD,공시,https://www.sec.gov/Archives/edgar/data/1336920/000133692017000047/,
Leidos,LDOS,2017Q2,2017-06-30,분기말 부채총계,5641000000,USD,계산(부채및자본-총자본),https://www.sec.gov/Archives/edgar/data/1336920/000133692017000047/,부채및자본 8882000000 − 총자본 3241000000
Leidos,LDOS,2017Q2,2017-06-30,분기말 총자본(자기자본),3241000000,USD,공시,https://www.sec.gov/Archives/edgar/data/1336920/000133692017000047/,
Leidos,LDOS,2017Q2,2017-06-30,분기말 지배지분 자본,3224000000,USD,공시,https://www.sec.gov/Archives/edgar/data/1336920/000133692017000047/,
Leidos,LDOS,2017Q2,2017-06-30,분기말 종가,51.69,USD,API,https://query1.finance.yahoo.com/v8/finance/chart/LDOS?interval=1d&events=splits (2017-06-30),
Leidos,LDOS,2017Q2,2017-07-25,분기말 상장주식수,151209095,주,공시(표지 기준일),https://www.sec.gov/Archives/edgar/data/1336920/000133692017000047/,dei:EntityCommonStockSharesOutstanding 클래스 합
Leidos,LDOS,2017Q2,2017-06-30,분기말 시가총액,7815998121,USD,계산(종가×주식수),https://query1.finance.yahoo.com/v8/finance/chart/LDOS?interval=1d&events=splits (2017-06-30) ; https://www.sec.gov/Archives/edgar/data/1336920/000133692017000047/,종가 51.69 × 주식수 151209095
Leidos,LDOS,2017Q3,2017-09-29,분기별 매출액,2503000000,USD,공시,https://www.sec.gov/Archives/edgar/data/1336920/000133692017000055/,
Leidos,LDOS,2017Q3,2017-09-29,분기별 영업이익,151000000,USD,공시,https://www.sec.gov/Archives/edgar/data/1336920/000133692017000055/,
Leidos,LDOS,2017Q3,2017-09-29,분기별 당기순이익(지배),82000000,USD,공시,https://www.sec.gov/Archives/edgar/data/1336920/000133692017000055/,
Leidos,LDOS,2017Q3,2017-09-29,분기별 영업활동현금흐름,273000000,USD,계산(누적차감),https://www.sec.gov/Archives/edgar/data/1336920/000133692017000055/ ; https://www.sec.gov/Archives/edgar/data/1336920/000133692017000047/,누적 362000000 − 직전누적 89000000 (시작 2016-12-31)
Leidos,LDOS,2017Q3,2017-09-29,분기말 자산총계,8923000000,USD,공시,https://www.sec.gov/Archives/edgar/data/1336920/000133692017000055/,
Leidos,LDOS,2017Q3,2017-09-29,분기말 부채총계,5616000000,USD,계산(부채및자본-총자본),https://www.sec.gov/Archives/edgar/data/1336920/000133692017000055/,부채및자본 8923000000 − 총자본 3307000000
Leidos,LDOS,2017Q3,2017-09-29,분기말 총자본(자기자본),3307000000,USD,공시,https://www.sec.gov/Archives/edgar/data/1336920/000133692017000055/,
Leidos,LDOS,2017Q3,2017-09-29,분기말 지배지분 자본,3294000000,USD,공시,https://www.sec.gov/Archives/edgar/data/1336920/000133692017000055/,
Leidos,LDOS,2017Q3,2017-09-29,분기말 종가,59.22,USD,API,https://query1.finance.yahoo.com/v8/finance/chart/LDOS?interval=1d&events=splits (2017-09-29),
Leidos,LDOS,2017Q3,2017-10-24,분기말 상장주식수,151282460,주,공시(표지 기준일),https://www.sec.gov/Archives/edgar/data/1336920/000133692017000055/,dei:EntityCommonStockSharesOutstanding 클래스 합
Leidos,LDOS,2017Q3,2017-09-29,분기말 시가총액,8958947281,USD,계산(종가×주식수),https://query1.finance.yahoo.com/v8/finance/chart/LDOS?interval=1d&events=splits (2017-09-29) ; https://www.sec.gov/Archives/edgar/data/1336920/000133692017000055/,종가 59.22 × 주식수 151282460
Leidos,LDOS,2017Q4,2017-12-29,분기별 매출액,2516000000,USD,계산(연간-3분기누적),https://www.sec.gov/Archives/edgar/data/1336920/000133692018000008/ ; https://www.sec.gov/Archives/edgar/data/1336920/000133692017000055/,연간 10170000000 − 9개월누적 7654000000 (Revenues)
Leidos,LDOS,2017Q4,2017-12-29,분기별 영업이익,101000000,USD,계산(연간-3분기누적),https://www.sec.gov/Archives/edgar/data/1336920/000133692018000008/ ; https://www.sec.gov/Archives/edgar/data/1336920/000133692017000055/,연간 559000000 − 9개월누적 458000000 (OperatingIncomeLoss)
Leidos,LDOS,2017Q4,2017-12-29,분기별 당기순이익(지배),114000000,USD,계산(연간-3분기누적),https://www.sec.gov/Archives/edgar/data/1336920/000133692018000008/ ; https://www.sec.gov/Archives/edgar/data/1336920/000133692017000055/,연간 366000000 − 9개월누적 252000000 (NetIncomeLoss)
Leidos,LDOS,2017Q4,2017-12-29,분기별 영업활동현금흐름,164000000,USD,계산(누적차감),https://www.sec.gov/Archives/edgar/data/1336920/000133692018000008/ ; https://www.sec.gov/Archives/edgar/data/1336920/000133692017000055/,누적 526000000 − 직전누적 362000000 (시작 2016-12-31)
Leidos,LDOS,2017Q4,2017-12-29,분기말 자산총계,8990000000,USD,공시,https://www.sec.gov/Archives/edgar/data/1336920/000133692018000008/,
Leidos,LDOS,2017Q4,2017-12-29,분기말 부채총계,5607000000,USD,계산(부채및자본-총자본),https://www.sec.gov/Archives/edgar/data/1336920/000133692018000008/,부채및자본 8990000000 − 총자본 3383000000
Leidos,LDOS,2017Q4,2017-12-29,분기말 총자본(자기자본),3383000000,USD,공시,https://www.sec.gov/Archives/edgar/data/1336920/000133692018000008/,
Leidos,LDOS,2017Q4,2017-12-29,분기말 지배지분 자본,3370000000,USD,공시,https://www.sec.gov/Archives/edgar/data/1336920/000133692018000008/,
Leidos,LDOS,2017Q4,2017-12-29,분기말 종가,64.57,USD,API,https://query1.finance.yahoo.com/v8/finance/chart/LDOS?interval=1d&events=splits (2017-12-29),
Leidos,LDOS,2017Q4,2018-02-13,분기말 상장주식수,151459401,주,공시(표지 기준일),https://www.sec.gov/Archives/edgar/data/1336920/000133692018000008/,dei:EntityCommonStockSharesOutstanding 클래스 합
Leidos,LDOS,2017Q4,2017-12-29,분기말 시가총액,9779733523,USD,계산(종가×주식수),https://query1.finance.yahoo.com/v8/finance/chart/LDOS?interval=1d&events=splits (2017-12-29) ; https://www.sec.gov/Archives/edgar/data/1336920/000133692018000008/,종가 64.57 × 주식수 151459401
Leidos,LDOS,2018Q1,2018-03-30,분기별 매출액,2443000000,USD,공시,https://www.sec.gov/Archives/edgar/data/1336920/000133692018000017/,
Leidos,LDOS,2018Q1,2018-03-30,분기별 영업이익,159000000,USD,공시,https://www.sec.gov/Archives/edgar/data/1336920/000133692018000017/,
Leidos,LDOS,2018Q1,2018-03-30,분기별 당기순이익(지배),102000000,USD,공시,https://www.sec.gov/Archives/edgar/data/1336920/000133692018000017/,
Leidos,LDOS,2018Q1,2018-03-30,분기별 영업활동현금흐름,22000000,USD,공시,https://www.sec.gov/Archives/edgar/data/1336920/000133692018000017/,
Leidos,LDOS,2018Q1,2018-03-30,분기말 자산총계,8913000000,USD,공시,https://www.sec.gov/Archives/edgar/data/1336920/000133692018000017/,
Leidos,LDOS,2018Q1,2018-03-30,분기말 부채총계,5479000000,USD,계산(부채및자본-총자본),https://www.sec.gov/Archives/edgar/data/1336920/000133692018000017/,부채및자본 8913000000 − 총자본 3434000000
Leidos,LDOS,2018Q1,2018-03-30,분기말 총자본(자기자본),3434000000,USD,공시,https://www.sec.gov/Archives/edgar/data/1336920/000133692018000017/,
Leidos,LDOS,2018Q1,2018-03-30,분기말 지배지분 자본,3431000000,USD,공시,https://www.sec.gov/Archives/edgar/data/1336920/000133692018000017/,
Leidos,LDOS,2018Q1,2018-03-29,분기말 종가,65.4,USD,API,https://query1.finance.yahoo.com/v8/finance/chart/LDOS?interval=1d&events=splits (2018-03-29),
Leidos,LDOS,2018Q1,2018-04-24,분기말 상장주식수,151785398,주,공시(표지 기준일),https://www.sec.gov/Archives/edgar/data/1336920/000133692018000017/,dei:EntityCommonStockSharesOutstanding 클래스 합
Leidos,LDOS,2018Q1,2018-03-29,분기말 시가총액,9926765029,USD,계산(종가×주식수),https://query1.finance.yahoo.com/v8/finance/chart/LDOS?interval=1d&events=splits (2018-03-29) ; https://www.sec.gov/Archives/edgar/data/1336920/000133692018000017/,종가 65.4 × 주식수 151785398
Leidos,LDOS,2018Q2,2018-06-29,분기별 매출액,2529000000,USD,공시,https://www.sec.gov/Archives/edgar/data/1336920/000133692018000040/,
Leidos,LDOS,2018Q2,2018-06-29,분기별 영업이익,199000000,USD,공시,https://www.sec.gov/Archives/edgar/data/1336920/000133692018000040/,
Leidos,LDOS,2018Q2,2018-06-29,분기별 당기순이익(지배),144000000,USD,공시,https://www.sec.gov/Archives/edgar/data/1336920/000133692018000040/,
Leidos,LDOS,2018Q2,2018-06-29,분기별 영업활동현금흐름,271000000,USD,계산(누적차감),https://www.sec.gov/Archives/edgar/data/1336920/000133692018000040/ ; https://www.sec.gov/Archives/edgar/data/1336920/000133692018000017/,누적 293000000 − 직전누적 22000000 (시작 2017-12-30)
Leidos,LDOS,2018Q2,2018-06-29,분기말 자산총계,8770000000,USD,공시,https://www.sec.gov/Archives/edgar/data/1336920/000133692018000040/,
Leidos,LDOS,2018Q2,2018-06-29,분기말 부채총계,5352000000,USD,계산(부채및자본-총자본),https://www.sec.gov/Archives/edgar/data/1336920/000133692018000040/,부채및자본 8770000000 − 총자본 3418000000
Leidos,LDOS,2018Q2,2018-06-29,분기말 총자본(자기자본),3418000000,USD,공시,https://www.sec.gov/Archives/edgar/data/1336920/000133692018000040/,
Leidos,LDOS,2018Q2,2018-06-29,분기말 지배지분 자본,3416000000,USD,공시,https://www.sec.gov/Archives/edgar/data/1336920/000133692018000040/,
Leidos,LDOS,2018Q2,2018-06-29,분기말 종가,59.0,USD,API,https://query1.finance.yahoo.com/v8/finance/chart/LDOS?interval=1d&events=splits (2018-06-29),
Leidos,LDOS,2018Q2,2018-07-17,분기말 상장주식수,150485383,주,공시(표지 기준일),https://www.sec.gov/Archives/edgar/data/1336920/000133692018000040/,dei:EntityCommonStockSharesOutstanding 클래스 합
Leidos,LDOS,2018Q2,2018-06-29,분기말 시가총액,8878637597,USD,계산(종가×주식수),https://query1.finance.yahoo.com/v8/finance/chart/LDOS?interval=1d&events=splits (2018-06-29) ; https://www.sec.gov/Archives/edgar/data/1336920/000133692018000040/,종가 59.0 × 주식수 150485383
Leidos,LDOS,2018Q3,2018-09-28,분기별 매출액,2575000000,USD,공시,https://www.sec.gov/Archives/edgar/data/1336920/000133692018000052/,
Leidos,LDOS,2018Q3,2018-09-28,분기별 영업이익,203000000,USD,공시,https://www.sec.gov/Archives/edgar/data/1336920/000133692018000052/,
Leidos,LDOS,2018Q3,2018-09-28,분기별 당기순이익(지배),147000000,USD,공시,https://www.sec.gov/Archives/edgar/data/1336920/000133692018000052/,
Leidos,LDOS,2018Q3,2018-09-28,분기별 영업활동현금흐름,371000000,USD,계산(누적차감),https://www.sec.gov/Archives/edgar/data/1336920/000133692018000052/ ; https://www.sec.gov/Archives/edgar/data/1336920/000133692018000040/,누적 664000000 − 직전누적 293000000 (시작 2017-12-30)
Leidos,LDOS,2018Q3,2018-09-28,분기말 자산총계,8908000000,USD,공시,https://www.sec.gov/Archives/edgar/data/1336920/000133692018000052/,
Leidos,LDOS,2018Q3,2018-09-28,분기말 부채총계,5451000000,USD,계산(부채및자본-총자본),https://www.sec.gov/Archives/edgar/data/1336920/000133692018000052/,부채및자본 8908000000 − 총자본 3457000000
Leidos,LDOS,2018Q3,2018-09-28,분기말 총자본(자기자본),3457000000,USD,공시,https://www.sec.gov/Archives/edgar/data/1336920/000133692018000052/,
Leidos,LDOS,2018Q3,2018-09-28,분기말 지배지분 자본,3454000000,USD,공시,https://www.sec.gov/Archives/edgar/data/1336920/000133692018000052/,
Leidos,LDOS,2018Q3,2018-09-28,분기말 종가,69.16,USD,API,https://query1.finance.yahoo.com/v8/finance/chart/LDOS?interval=1d&events=splits (2018-09-28),
Leidos,LDOS,2018Q3,2018-10-16,분기말 상장주식수,149760061,주,공시(표지 기준일),https://www.sec.gov/Archives/edgar/data/1336920/000133692018000052/,dei:EntityCommonStockSharesOutstanding 클래스 합
Leidos,LDOS,2018Q3,2018-09-28,분기말 시가총액,10357405819,USD,계산(종가×주식수),https://query1.finance.yahoo.com/v8/finance/chart/LDOS?interval=1d&events=splits (2018-09-28) ; https://www.sec.gov/Archives/edgar/data/1336920/000133692018000052/,종가 69.16 × 주식수 149760061
Leidos,LDOS,2018Q4,2018-12-28,분기별 매출액,2647000000,USD,계산(연간-3분기누적),https://www.sec.gov/Archives/edgar/data/1336920/000133692019000004/ ; https://www.sec.gov/Archives/edgar/data/1336920/000133692018000052/,연간 10194000000 − 9개월누적 7547000000 (RevenueFromContractWithCustomerExcludingAssessedTax)
Leidos,LDOS,2018Q4,2018-12-28,분기별 영업이익,188000000,USD,계산(연간-3분기누적),https://www.sec.gov/Archives/edgar/data/1336920/000133692019000004/ ; https://www.sec.gov/Archives/edgar/data/1336920/000133692018000052/,연간 749000000 − 9개월누적 561000000 (OperatingIncomeLoss)
Leidos,LDOS,2018Q4,2018-12-28,분기별 당기순이익(지배),188000000,USD,계산(연간-3분기누적),https://www.sec.gov/Archives/edgar/data/1336920/000133692019000004/ ; https://www.sec.gov/Archives/edgar/data/1336920/000133692018000052/,연간 581000000 − 9개월누적 393000000 (NetIncomeLoss)
Leidos,LDOS,2018Q4,2018-12-28,분기별 영업활동현금흐름,104000000,USD,계산(누적차감),https://www.sec.gov/Archives/edgar/data/1336920/000133692019000004/ ; https://www.sec.gov/Archives/edgar/data/1336920/000133692018000052/,누적 768000000 − 직전누적 664000000 (시작 2017-12-30)
Leidos,LDOS,2018Q4,2018-12-28,분기말 자산총계,8770000000,USD,공시,https://www.sec.gov/Archives/edgar/data/1336920/000133692019000004/,
Leidos,LDOS,2018Q4,2018-12-28,분기말 부채총계,5459000000,USD,계산(부채및자본-총자본),https://www.sec.gov/Archives/edgar/data/1336920/000133692019000004/,부채및자본 8770000000 − 총자본 3311000000
Leidos,LDOS,2018Q4,2018-12-28,분기말 총자본(자기자본),3311000000,USD,공시,https://www.sec.gov/Archives/edgar/data/1336920/000133692019000004/,
Leidos,LDOS,2018Q4,2018-12-28,분기말 지배지분 자본,3308000000,USD,공시,https://www.sec.gov/Archives/edgar/data/1336920/000133692019000004/,
Leidos,LDOS,2018Q4,2018-12-28,분기말 종가,52.4,USD,API,https://query1.finance.yahoo.com/v8/finance/chart/LDOS?interval=1d&events=splits (2018-12-28),
Leidos,LDOS,2018Q4,2019-02-11,분기말 상장주식수,146160889,주,공시(표지 기준일),https://www.sec.gov/Archives/edgar/data/1336920/000133692019000004/,dei:EntityCommonStockSharesOutstanding 클래스 합
Leidos,LDOS,2018Q4,2018-12-28,분기말 시가총액,7658830584,USD,계산(종가×주식수),https://query1.finance.yahoo.com/v8/finance/chart/LDOS?interval=1d&events=splits (2018-12-28) ; https://www.sec.gov/Archives/edgar/data/1336920/000133692019000004/,종가 52.4 × 주식수 146160889
Leidos,LDOS,2019Q1,2019-03-29,분기별 매출액,2559000000,USD,공시(재작성 반영),https://www.sec.gov/Archives/edgar/data/1336920/000133692020000038/,원 공시 2577000000 (https://www.sec.gov/Archives/edgar/data/1336920/000133692019000015/)
Leidos,LDOS,2019Q1,2019-03-29,분기별 영업이익,192000000,USD,공시,https://www.sec.gov/Archives/edgar/data/1336920/000133692019000015/,
Leidos,LDOS,2019Q1,2019-03-29,분기별 당기순이익(지배),189000000,USD,공시,https://www.sec.gov/Archives/edgar/data/1336920/000133692019000015/,
Leidos,LDOS,2019Q1,2019-03-29,분기별 영업활동현금흐름,288000000,USD,공시,https://www.sec.gov/Archives/edgar/data/1336920/000133692019000015/,
Leidos,LDOS,2019Q1,2019-03-29,분기말 자산총계,9360000000,USD,공시,https://www.sec.gov/Archives/edgar/data/1336920/000133692019000015/,
Leidos,LDOS,2019Q1,2019-03-29,분기말 부채총계,6063000000,USD,계산(부채및자본-총자본),https://www.sec.gov/Archives/edgar/data/1336920/000133692019000015/,부채및자본 9360000000 − 총자본 3297000000
Leidos,LDOS,2019Q1,2019-03-29,분기말 총자본(자기자본),3297000000,USD,공시,https://www.sec.gov/Archives/edgar/data/1336920/000133692019000015/,
Leidos,LDOS,2019Q1,2019-03-29,분기말 지배지분 자본,3294000000,USD,공시,https://www.sec.gov/Archives/edgar/data/1336920/000133692019000015/,
Leidos,LDOS,2019Q1,2019-03-29,분기말 종가,64.09,USD,API,https://query1.finance.yahoo.com/v8/finance/chart/LDOS?interval=1d&events=splits (2019-03-29),
Leidos,LDOS,2019Q1,2019-04-22,분기말 상장주식수,144212482,주,공시(표지 기준일),https://www.sec.gov/Archives/edgar/data/1336920/000133692019000015/,dei:EntityCommonStockSharesOutstanding 클래스 합
Leidos,LDOS,2019Q1,2019-03-29,분기말 시가총액,9242577971,USD,계산(종가×주식수),https://query1.finance.yahoo.com/v8/finance/chart/LDOS?interval=1d&events=splits (2019-03-29) ; https://www.sec.gov/Archives/edgar/data/1336920/000133692019000015/,종가 64.09 × 주식수 144212482
Leidos,LDOS,2019Q2,2019-06-28,분기별 매출액,2716000000,USD,공시(재작성 반영),https://www.sec.gov/Archives/edgar/data/1336920/000133692020000069/,원 공시 2728000000 (https://www.sec.gov/Archives/edgar/data/1336920/000133692019000041/)
Leidos,LDOS,2019Q2,2019-06-28,분기별 영업이익,210000000,USD,공시,https://www.sec.gov/Archives/edgar/data/1336920/000133692019000041/,
Leidos,LDOS,2019Q2,2019-06-28,분기별 당기순이익(지배),136000000,USD,공시,https://www.sec.gov/Archives/edgar/data/1336920/000133692019000041/,
Leidos,LDOS,2019Q2,2019-06-28,분기별 영업활동현금흐름,186000000,USD,계산(누적차감),https://www.sec.gov/Archives/edgar/data/1336920/000133692019000041/ ; https://www.sec.gov/Archives/edgar/data/1336920/000133692019000015/,누적 474000000 − 직전누적 288000000 (시작 2018-12-29)
Leidos,LDOS,2019Q2,2019-06-28,분기말 자산총계,9327000000,USD,공시,https://www.sec.gov/Archives/edgar/data/1336920/000133692019000041/,
Leidos,LDOS,2019Q2,2019-06-28,분기말 부채총계,5965000000,USD,계산(부채및자본-총자본),https://www.sec.gov/Archives/edgar/data/1336920/000133692019000041/,부채및자본 9327000000 − 총자본 3362000000
Leidos,LDOS,2019Q2,2019-06-28,분기말 총자본(자기자본),3362000000,USD,공시,https://www.sec.gov/Archives/edgar/data/1336920/000133692019000041/,
Leidos,LDOS,2019Q2,2019-06-28,분기말 지배지분 자본,3359000000,USD,공시,https://www.sec.gov/Archives/edgar/data/1336920/000133692019000041/,
Leidos,LDOS,2019Q2,2019-06-28,분기말 종가,79.85,USD,API,https://query1.finance.yahoo.com/v8/finance/chart/LDOS?interval=1d&events=splits (2019-06-28),
Leidos,LDOS,2019Q2,2019-07-22,분기말 상장주식수,143807816,주,공시(표지 기준일),https://www.sec.gov/Archives/edgar/data/1336920/000133692019000041/,dei:EntityCommonStockSharesOutstanding 클래스 합
Leidos,LDOS,2019Q2,2019-06-28,분기말 시가총액,11483054108,USD,계산(종가×주식수),https://query1.finance.yahoo.com/v8/finance/chart/LDOS?interval=1d&events=splits (2019-06-28) ; https://www.sec.gov/Archives/edgar/data/1336920/000133692019000041/,종가 79.85 × 주식수 143807816
Leidos,LDOS,2019Q3,2019-09-27,분기별 매출액,2835000000,USD,공시,https://www.sec.gov/Archives/edgar/data/1336920/000133692019000054/,
Leidos,LDOS,2019Q3,2019-09-27,분기별 영업이익,249000000,USD,공시,https://www.sec.gov/Archives/edgar/data/1336920/000133692019000054/,
Leidos,LDOS,2019Q3,2019-09-27,분기별 당기순이익(지배),161000000,USD,공시,https://www.sec.gov/Archives/edgar/data/1336920/000133692019000054/,
Leidos,LDOS,2019Q3,2019-09-27,분기별 영업활동현금흐름,349000000,USD,계산(누적차감),https://www.sec.gov/Archives/edgar/data/1336920/000133692019000054/ ; https://www.sec.gov/Archives/edgar/data/1336920/000133692019000041/,누적 823000000 − 직전누적 474000000 (시작 2018-12-29)
Leidos,LDOS,2019Q3,2019-09-27,분기말 자산총계,9410000000,USD,공시,https://www.sec.gov/Archives/edgar/data/1336920/000133692019000054/,
Leidos,LDOS,2019Q3,2019-09-27,분기말 부채총계,6160000000,USD,계산(부채및자본-총자본),https://www.sec.gov/Archives/edgar/data/1336920/000133692019000054/,부채및자본 9410000000 − 총자본 3250000000
Leidos,LDOS,2019Q3,2019-09-27,분기말 총자본(자기자본),3250000000,USD,공시,https://www.sec.gov/Archives/edgar/data/1336920/000133692019000054/,
Leidos,LDOS,2019Q3,2019-09-27,분기말 지배지분 자본,3246000000,USD,공시,https://www.sec.gov/Archives/edgar/data/1336920/000133692019000054/,
Leidos,LDOS,2019Q3,2019-09-27,분기말 종가,85.02,USD,API,https://query1.finance.yahoo.com/v8/finance/chart/LDOS?interval=1d&events=splits (2019-09-27),
Leidos,LDOS,2019Q3,2019-10-21,분기말 상장주식수,141563826,주,공시(표지 기준일),https://www.sec.gov/Archives/edgar/data/1336920/000133692019000054/,dei:EntityCommonStockSharesOutstanding 클래스 합
Leidos,LDOS,2019Q3,2019-09-27,분기말 시가총액,12035756487,USD,계산(종가×주식수),https://query1.finance.yahoo.com/v8/finance/chart/LDOS?interval=1d&events=splits (2019-09-27) ; https://www.sec.gov/Archives/edgar/data/1336920/000133692019000054/,종가 85.02 × 주식수 141563826
Leidos,LDOS,2019Q4,2020-01-03,분기별 매출액,2954000000,USD,계산(연간-3분기누적),https://www.sec.gov/Archives/edgar/data/1336920/000133692020000023/ ; https://www.sec.gov/Archives/edgar/data/1336920/000133692019000054/,연간 11094000000 − 9개월누적 8140000000 (Revenues)
Leidos,LDOS,2019Q4,2020-01-03,분기별 영업이익,261000000,USD,계산(연간-3분기누적),https://www.sec.gov/Archives/edgar/data/1336920/000133692020000023/ ; https://www.sec.gov/Archives/edgar/data/1336920/000133692019000054/,연간 912000000 − 9개월누적 651000000 (OperatingIncomeLoss)
Leidos,LDOS,2019Q4,2020-01-03,분기별 당기순이익(지배),181000000,USD,계산(연간-3분기누적),https://www.sec.gov/Archives/edgar/data/1336920/000133692020000023/ ; https://www.sec.gov/Archives/edgar/data/1336920/000133692019000054/,연간 667000000 − 9개월누적 486000000 (NetIncomeLoss)
Leidos,LDOS,2019Q4,2020-01-03,분기별 영업활동현금흐름,169000000,USD,계산(누적차감),https://www.sec.gov/Archives/edgar/data/1336920/000133692020000023/ ; https://www.sec.gov/Archives/edgar/data/1336920/000133692019000054/,누적 992000000 − 직전누적 823000000 (시작 2018-12-29)
Leidos,LDOS,2019Q4,2020-01-03,분기말 자산총계,9367000000,USD,공시,https://www.sec.gov/Archives/edgar/data/1336920/000133692020000023/,
Leidos,LDOS,2019Q4,2020-01-03,분기말 부채총계,5950000000,USD,계산(부채및자본-총자본),https://www.sec.gov/Archives/edgar/data/1336920/000133692020000023/,부채및자본 9367000000 − 총자본 3417000000
Leidos,LDOS,2019Q4,2020-01-03,분기말 총자본(자기자본),3417000000,USD,공시,https://www.sec.gov/Archives/edgar/data/1336920/000133692020000023/,
Leidos,LDOS,2019Q4,2020-01-03,분기말 지배지분 자본,3413000000,USD,공시,https://www.sec.gov/Archives/edgar/data/1336920/000133692020000023/,
Leidos,LDOS,2019Q4,2020-01-03,분기말 종가,99.48,USD,API,https://query1.finance.yahoo.com/v8/finance/chart/LDOS?interval=1d&events=splits (2020-01-03),
Leidos,LDOS,2019Q4,2020-02-10,분기말 상장주식수,141402269,주,공시(표지 기준일),https://www.sec.gov/Archives/edgar/data/1336920/000133692020000023/,dei:EntityCommonStockSharesOutstanding 클래스 합
Leidos,LDOS,2019Q4,2020-01-03,분기말 시가총액,14066697720,USD,계산(종가×주식수),https://query1.finance.yahoo.com/v8/finance/chart/LDOS?interval=1d&events=splits (2020-01-03) ; https://www.sec.gov/Archives/edgar/data/1336920/000133692020000023/,종가 99.48 × 주식수 141402269
Leidos,LDOS,2020Q1,2020-04-03,분기별 매출액,2889000000,USD,공시,https://www.sec.gov/Archives/edgar/data/1336920/000133692020000038/,
Leidos,LDOS,2020Q1,2020-04-03,분기별 영업이익,192000000,USD,공시,https://www.sec.gov/Archives/edgar/data/1336920/000133692020000038/,
Leidos,LDOS,2020Q1,2020-04-03,분기별 당기순이익(지배),115000000,USD,공시,https://www.sec.gov/Archives/edgar/data/1336920/000133692020000038/,
Leidos,LDOS,2020Q1,2020-04-03,분기별 영업활동현금흐름,372000000,USD,공시,https://www.sec.gov/Archives/edgar/data/1336920/000133692020000038/,
Leidos,LDOS,2020Q1,2020-04-03,분기말 자산총계,10988000000,USD,공시,https://www.sec.gov/Archives/edgar/data/1336920/000133692020000038/,
Leidos,LDOS,2020Q1,2020-04-03,분기말 부채총계,7629000000,USD,계산(부채및자본-총자본),https://www.sec.gov/Archives/edgar/data/1336920/000133692020000038/,부채및자본 10988000000 − 총자본 3359000000
Leidos,LDOS,2020Q1,2020-04-03,분기말 총자본(자기자본),3359000000,USD,공시,https://www.sec.gov/Archives/edgar/data/1336920/000133692020000038/,
Leidos,LDOS,2020Q1,2020-04-03,분기말 지배지분 자본,3355000000,USD,공시,https://www.sec.gov/Archives/edgar/data/1336920/000133692020000038/,
Leidos,LDOS,2020Q1,2020-04-03,분기말 종가,87.94,USD,API,https://query1.finance.yahoo.com/v8/finance/chart/LDOS?interval=1d&events=splits (2020-04-03),
Leidos,LDOS,2020Q1,2020-04-27,분기말 상장주식수,142043769,주,공시(표지 기준일),https://www.sec.gov/Archives/edgar/data/1336920/000133692020000038/,dei:EntityCommonStockSharesOutstanding 클래스 합
Leidos,LDOS,2020Q1,2020-04-03,분기말 시가총액,12491329046,USD,계산(종가×주식수),https://query1.finance.yahoo.com/v8/finance/chart/LDOS?interval=1d&events=splits (2020-04-03) ; https://www.sec.gov/Archives/edgar/data/1336920/000133692020000038/,종가 87.94 × 주식수 142043769
Leidos,LDOS,2020Q2,2020-07-03,분기별 매출액,2914000000,USD,공시,https://www.sec.gov/Archives/edgar/data/1336920/000133692020000069/,
Leidos,LDOS,2020Q2,2020-07-03,분기별 영업이익,249000000,USD,공시,https://www.sec.gov/Archives/edgar/data/1336920/000133692020000069/,
Leidos,LDOS,2020Q2,2020-07-03,분기별 당기순이익(지배),153000000,USD,공시,https://www.sec.gov/Archives/edgar/data/1336920/000133692020000069/,
Leidos,LDOS,2020Q2,2020-07-03,분기별 영업활동현금흐름,422000000,USD,계산(누적차감),https://www.sec.gov/Archives/edgar/data/1336920/000133692020000069/ ; https://www.sec.gov/Archives/edgar/data/1336920/000133692020000038/,누적 794000000 − 직전누적 372000000 (시작 2020-01-04)
Leidos,LDOS,2020Q2,2020-07-03,분기말 자산총계,12143000000,USD,공시,https://www.sec.gov/Archives/edgar/data/1336920/000133692020000069/,
Leidos,LDOS,2020Q2,2020-07-03,분기말 부채총계,8596000000,USD,계산(부채및자본-총자본),https://www.sec.gov/Archives/edgar/data/1336920/000133692020000069/,부채및자본 12143000000 − 총자본 3547000000
Leidos,LDOS,2020Q2,2020-07-03,분기말 총자본(자기자본),3547000000,USD,공시,https://www.sec.gov/Archives/edgar/data/1336920/000133692020000069/,
Leidos,LDOS,2020Q2,2020-07-03,분기말 지배지분 자본,3538000000,USD,공시,https://www.sec.gov/Archives/edgar/data/1336920/000133692020000069/,
Leidos,LDOS,2020Q2,2020-07-02,분기말 종가,93.64,USD,API,https://query1.finance.yahoo.com/v8/finance/chart/LDOS?interval=1d&events=splits (2020-07-02),
Leidos,LDOS,2020Q2,2020-07-27,분기말 상장주식수,142193551,주,공시(표지 기준일),https://www.sec.gov/Archives/edgar/data/1336920/000133692020000069/,dei:EntityCommonStockSharesOutstanding 클래스 합
Leidos,LDOS,2020Q2,2020-07-02,분기말 시가총액,13315004116,USD,계산(종가×주식수),https://query1.finance.yahoo.com/v8/finance/chart/LDOS?interval=1d&events=splits (2020-07-02) ; https://www.sec.gov/Archives/edgar/data/1336920/000133692020000069/,종가 93.64 × 주식수 142193551
Leidos,LDOS,2020Q3,2020-10-02,분기별 매출액,3242000000,USD,공시,https://www.sec.gov/Archives/edgar/data/1336920/000133692020000083/,
Leidos,LDOS,2020Q3,2020-10-02,분기별 영업이익,258000000,USD,공시,https://www.sec.gov/Archives/edgar/data/1336920/000133692020000083/,
Leidos,LDOS,2020Q3,2020-10-02,분기별 당기순이익(지배),163000000,USD,공시,https://www.sec.gov/Archives/edgar/data/1336920/000133692020000083/,
Leidos,LDOS,2020Q3,2020-10-02,분기별 영업활동현금흐름,592000000,USD,계산(누적차감),https://www.sec.gov/Archives/edgar/data/1336920/000133692020000083/ ; https://www.sec.gov/Archives/edgar/data/1336920/000133692020000069/,누적 1386000000 − 직전누적 794000000 (시작 2020-01-04)
Leidos,LDOS,2020Q3,2020-10-02,분기말 자산총계,12285000000,USD,공시,https://www.sec.gov/Archives/edgar/data/1336920/000133692020000083/,
Leidos,LDOS,2020Q3,2020-10-02,분기말 부채총계,8570000000,USD,계산(부채및자본-총자본),https://www.sec.gov/Archives/edgar/data/1336920/000133692020000083/,부채및자본 12285000000 − 총자본 3715000000
Leidos,LDOS,2020Q3,2020-10-02,분기말 총자본(자기자본),3715000000,USD,공시,https://www.sec.gov/Archives/edgar/data/1336920/000133692020000083/,
Leidos,LDOS,2020Q3,2020-10-02,분기말 지배지분 자본,3706000000,USD,공시,https://www.sec.gov/Archives/edgar/data/1336920/000133692020000083/,
Leidos,LDOS,2020Q3,2020-10-02,분기말 종가,90.39,USD,API,https://query1.finance.yahoo.com/v8/finance/chart/LDOS?interval=1d&events=splits (2020-10-02),
Leidos,LDOS,2020Q3,2020-10-26,분기말 상장주식수,142320981,주,공시(표지 기준일),https://www.sec.gov/Archives/edgar/data/1336920/000133692020000083/,dei:EntityCommonStockSharesOutstanding 클래스 합
Leidos,LDOS,2020Q3,2020-10-02,분기말 시가총액,12864393473,USD,계산(종가×주식수),https://query1.finance.yahoo.com/v8/finance/chart/LDOS?interval=1d&events=splits (2020-10-02) ; https://www.sec.gov/Archives/edgar/data/1336920/000133692020000083/,종가 90.39 × 주식수 142320981
Leidos,LDOS,2020Q4,2021-01-01,분기별 매출액,3252000000,USD,계산(연간-3분기누적),https://www.sec.gov/Archives/edgar/data/1336920/000133692021000010/ ; https://www.sec.gov/Archives/edgar/data/1336920/000133692020000083/,연간 12297000000 − 9개월누적 9045000000 (Revenues)
Leidos,LDOS,2020Q4,2021-01-01,분기별 영업이익,299000000,USD,계산(연간-3분기누적),https://www.sec.gov/Archives/edgar/data/1336920/000133692021000010/ ; https://www.sec.gov/Archives/edgar/data/1336920/000133692020000083/,연간 998000000 − 9개월누적 699000000 (OperatingIncomeLoss)
Leidos,LDOS,2020Q4,2021-01-01,분기별 당기순이익(지배),197000000,USD,계산(연간-3분기누적),https://www.sec.gov/Archives/edgar/data/1336920/000133692021000010/ ; https://www.sec.gov/Archives/edgar/data/1336920/000133692020000083/,연간 628000000 − 9개월누적 431000000 (NetIncomeLoss)
Leidos,LDOS,2020Q4,2021-01-01,분기별 영업활동현금흐름,-52000000,USD,계산(누적차감),https://www.sec.gov/Archives/edgar/data/1336920/000133692021000010/ ; https://www.sec.gov/Archives/edgar/data/1336920/000133692020000083/,누적 1334000000 − 직전누적 1386000000 (시작 2020-01-04)
Leidos,LDOS,2020Q4,2021-01-01,분기말 자산총계,12511000000,USD,공시,https://www.sec.gov/Archives/edgar/data/1336920/000133692021000010/,
Leidos,LDOS,2020Q4,2021-01-01,분기말 부채총계,8640000000,USD,계산(부채및자본-총자본),https://www.sec.gov/Archives/edgar/data/1336920/000133692021000010/,부채및자본 12511000000 − 총자본 3871000000
Leidos,LDOS,2020Q4,2021-01-01,분기말 총자본(자기자본),3871000000,USD,공시,https://www.sec.gov/Archives/edgar/data/1336920/000133692021000010/,
Leidos,LDOS,2020Q4,2021-01-01,분기말 지배지분 자본,3862000000,USD,공시,https://www.sec.gov/Archives/edgar/data/1336920/000133692021000010/,
Leidos,LDOS,2020Q4,2020-12-31,분기말 종가,105.12,USD,API,https://query1.finance.yahoo.com/v8/finance/chart/LDOS?interval=1d&events=splits (2020-12-31),
Leidos,LDOS,2020Q4,2021-02-15,분기말 상장주식수,141894753,주,공시(표지 기준일),https://www.sec.gov/Archives/edgar/data/1336920/000133692021000010/,dei:EntityCommonStockSharesOutstanding 클래스 합
Leidos,LDOS,2020Q4,2020-12-31,분기말 시가총액,14915976435,USD,계산(종가×주식수),https://query1.finance.yahoo.com/v8/finance/chart/LDOS?interval=1d&events=splits (2020-12-31) ; https://www.sec.gov/Archives/edgar/data/1336920/000133692021000010/,종가 105.12 × 주식수 141894753
Leidos,LDOS,2021Q1,2021-04-02,분기별 매출액,3315000000,USD,공시,https://www.sec.gov/Archives/edgar/data/1336920/000133692021000019/,
Leidos,LDOS,2021Q1,2021-04-02,분기별 영업이익,308000000,USD,공시,https://www.sec.gov/Archives/edgar/data/1336920/000133692021000019/,
Leidos,LDOS,2021Q1,2021-04-02,분기별 당기순이익(지배),205000000,USD,공시,https://www.sec.gov/Archives/edgar/data/1336920/000133692021000019/,
Leidos,LDOS,2021Q1,2021-04-02,분기별 영업활동현금흐름,239000000,USD,공시,https://www.sec.gov/Archives/edgar/data/1336920/000133692021000019/,
Leidos,LDOS,2021Q1,2021-04-02,분기말 자산총계,12638000000,USD,공시,https://www.sec.gov/Archives/edgar/data/1336920/000133692021000019/,
Leidos,LDOS,2021Q1,2021-04-02,분기말 부채총계,8658000000,USD,공시,https://www.sec.gov/Archives/edgar/data/1336920/000133692021000019/,
Leidos,LDOS,2021Q1,2021-04-02,분기말 총자본(자기자본),3980000000,USD,공시,https://www.sec.gov/Archives/edgar/data/1336920/000133692021000019/,
Leidos,LDOS,2021Q1,2021-04-02,분기말 지배지분 자본,3933000000,USD,공시,https://www.sec.gov/Archives/edgar/data/1336920/000133692021000019/,
Leidos,LDOS,2021Q1,2021-04-01,분기말 종가,96.45,USD,API,https://query1.finance.yahoo.com/v8/finance/chart/LDOS?interval=1d&events=splits (2021-04-01),
Leidos,LDOS,2021Q1,2021-04-26,분기말 상장주식수,141420159,주,공시(표지 기준일),https://www.sec.gov/Archives/edgar/data/1336920/000133692021000019/,dei:EntityCommonStockSharesOutstanding 클래스 합
Leidos,LDOS,2021Q1,2021-04-01,분기말 시가총액,13639974336,USD,계산(종가×주식수),https://query1.finance.yahoo.com/v8/finance/chart/LDOS?interval=1d&events=splits (2021-04-01) ; https://www.sec.gov/Archives/edgar/data/1336920/000133692021000019/,종가 96.45 × 주식수 141420159
Leidos,LDOS,2021Q2,2021-07-02,분기별 매출액,3448000000,USD,공시,https://www.sec.gov/Archives/edgar/data/1336920/000133692021000038/,
Leidos,LDOS,2021Q2,2021-07-02,분기별 영업이익,269000000,USD,공시,https://www.sec.gov/Archives/edgar/data/1336920/000133692021000038/,
Leidos,LDOS,2021Q2,2021-07-02,분기별 당기순이익(지배),169000000,USD,공시,https://www.sec.gov/Archives/edgar/data/1336920/000133692021000038/,
Leidos,LDOS,2021Q2,2021-07-02,분기별 영업활동현금흐름,17000000,USD,계산(누적차감),https://www.sec.gov/Archives/edgar/data/1336920/000133692021000038/ ; https://www.sec.gov/Archives/edgar/data/1336920/000133692021000019/,누적 256000000 − 직전누적 239000000 (시작 2021-01-02)
Leidos,LDOS,2021Q2,2021-07-02,분기말 자산총계,13035000000,USD,공시,https://www.sec.gov/Archives/edgar/data/1336920/000133692021000038/,
Leidos,LDOS,2021Q2,2021-07-02,분기말 부채총계,8887000000,USD,공시,https://www.sec.gov/Archives/edgar/data/1336920/000133692021000038/,
Leidos,LDOS,2021Q2,2021-07-02,분기말 총자본(자기자본),4148000000,USD,공시,https://www.sec.gov/Archives/edgar/data/1336920/000133692021000038/,
Leidos,LDOS,2021Q2,2021-07-02,분기말 지배지분 자본,4099000000,USD,공시,https://www.sec.gov/Archives/edgar/data/1336920/000133692021000038/,
Leidos,LDOS,2021Q2,2021-07-02,분기말 종가,102.56,USD,API,https://query1.finance.yahoo.com/v8/finance/chart/LDOS?interval=1d&events=splits (2021-07-02),
Leidos,LDOS,2021Q2,2021-07-26,분기말 상장주식수,141565183,주,공시(표지 기준일),https://www.sec.gov/Archives/edgar/data/1336920/000133692021000038/,dei:EntityCommonStockSharesOutstanding 클래스 합
Leidos,LDOS,2021Q2,2021-07-02,분기말 시가총액,14518925168,USD,계산(종가×주식수),https://query1.finance.yahoo.com/v8/finance/chart/LDOS?interval=1d&events=splits (2021-07-02) ; https://www.sec.gov/Archives/edgar/data/1336920/000133692021000038/,종가 102.56 × 주식수 141565183
Leidos,LDOS,2021Q3,2021-10-01,분기별 매출액,3483000000,USD,공시,https://www.sec.gov/Archives/edgar/data/1336920/000133692021000052/,
Leidos,LDOS,2021Q3,2021-10-01,분기별 영업이익,305000000,USD,공시,https://www.sec.gov/Archives/edgar/data/1336920/000133692021000052/,
Leidos,LDOS,2021Q3,2021-10-01,분기별 당기순이익(지배),205000000,USD,공시,https://www.sec.gov/Archives/edgar/data/1336920/000133692021000052/,
Leidos,LDOS,2021Q3,2021-10-01,분기별 영업활동현금흐름,565000000,USD,계산(누적차감),https://www.sec.gov/Archives/edgar/data/1336920/000133692021000052/ ; https://www.sec.gov/Archives/edgar/data/1336920/000133692021000038/,누적 821000000 − 직전누적 256000000 (시작 2021-01-02)
Leidos,LDOS,2021Q3,2021-10-01,분기말 자산총계,13281000000,USD,공시,https://www.sec.gov/Archives/edgar/data/1336920/000133692021000052/,
Leidos,LDOS,2021Q3,2021-10-01,분기말 부채총계,9115000000,USD,공시,https://www.sec.gov/Archives/edgar/data/1336920/000133692021000052/,
Leidos,LDOS,2021Q3,2021-10-01,분기말 총자본(자기자본),4166000000,USD,공시,https://www.sec.gov/Archives/edgar/data/1336920/000133692021000052/,
Leidos,LDOS,2021Q3,2021-10-01,분기말 지배지분 자본,4115000000,USD,공시,https://www.sec.gov/Archives/edgar/data/1336920/000133692021000052/,
Leidos,LDOS,2021Q3,2021-10-01,분기말 종가,97.43,USD,API,https://query1.finance.yahoo.com/v8/finance/chart/LDOS?interval=1d&events=splits (2021-10-01),
Leidos,LDOS,2021Q3,2021-10-25,분기말 상장주식수,140339356,주,공시(표지 기준일),https://www.sec.gov/Archives/edgar/data/1336920/000133692021000052/,dei:EntityCommonStockSharesOutstanding 클래스 합
Leidos,LDOS,2021Q3,2021-10-01,분기말 시가총액,13673263455,USD,계산(종가×주식수),https://query1.finance.yahoo.com/v8/finance/chart/LDOS?interval=1d&events=splits (2021-10-01) ; https://www.sec.gov/Archives/edgar/data/1336920/000133692021000052/,종가 97.43 × 주식수 140339356
Leidos,LDOS,2021Q4,2021-12-31,분기별 매출액,3491000000,USD,계산(연간-3분기누적),https://www.sec.gov/Archives/edgar/data/1336920/000133692022000007/ ; https://www.sec.gov/Archives/edgar/data/1336920/000133692021000052/,연간 13737000000 − 9개월누적 10246000000 (Revenues)
Leidos,LDOS,2021Q4,2021-12-31,분기별 영업이익,270000000,USD,계산(연간-3분기누적),https://www.sec.gov/Archives/edgar/data/1336920/000133692022000007/ ; https://www.sec.gov/Archives/edgar/data/1336920/000133692021000052/,연간 1152000000 − 9개월누적 882000000 (OperatingIncomeLoss)
Leidos,LDOS,2021Q4,2021-12-31,분기별 당기순이익(지배),174000000,USD,계산(연간-3분기누적),https://www.sec.gov/Archives/edgar/data/1336920/000133692022000007/ ; https://www.sec.gov/Archives/edgar/data/1336920/000133692021000052/,연간 753000000 − 9개월누적 579000000 (NetIncomeLoss)
Leidos,LDOS,2021Q4,2021-12-31,분기별 영업활동현금흐름,212000000,USD,계산(누적차감)(재작성 반영),https://www.sec.gov/Archives/edgar/data/1336920/000133692024000008/ ; https://www.sec.gov/Archives/edgar/data/1336920/000133692021000052/,누적 1033000000 − 직전누적 821000000 (시작 2021-01-02) ; 원 공시 210000000 (https://www.sec.gov/Archives/edgar/data/1336920/000133692022000007/ ; https://www.sec.gov/Archives/edgar/data/1336920/000133692021000052/)
Leidos,LDOS,2021Q4,2021-12-31,분기말 자산총계,13261000000,USD,공시,https://www.sec.gov/Archives/edgar/data/1336920/000133692022000007/,
Leidos,LDOS,2021Q4,2021-12-31,분기말 부채총계,8917000000,USD,공시,https://www.sec.gov/Archives/edgar/data/1336920/000133692022000007/,
Leidos,LDOS,2021Q4,2021-12-31,분기말 총자본(자기자본),4344000000,USD,공시,https://www.sec.gov/Archives/edgar/data/1336920/000133692022000007/,
Leidos,LDOS,2021Q4,2021-12-31,분기말 지배지분 자본,4291000000,USD,공시,https://www.sec.gov/Archives/edgar/data/1336920/000133692022000007/,
Leidos,LDOS,2021Q4,2021-12-31,분기말 종가,88.9,USD,API,https://query1.finance.yahoo.com/v8/finance/chart/LDOS?interval=1d&events=splits (2021-12-31),
Leidos,LDOS,2021Q4,2022-02-08,분기말 상장주식수,140505454,주,공시(표지 기준일),https://www.sec.gov/Archives/edgar/data/1336920/000133692022000007/,dei:EntityCommonStockSharesOutstanding 클래스 합
Leidos,LDOS,2021Q4,2021-12-31,분기말 시가총액,12490934861,USD,계산(종가×주식수),https://query1.finance.yahoo.com/v8/finance/chart/LDOS?interval=1d&events=splits (2021-12-31) ; https://www.sec.gov/Archives/edgar/data/1336920/000133692022000007/,종가 88.9 × 주식수 140505454
Leidos,LDOS,2022Q1,2022-04-01,분기별 매출액,3494000000,USD,공시,https://www.sec.gov/Archives/edgar/data/1336920/000133692022000024/,
Leidos,LDOS,2022Q1,2022-04-01,분기별 영업이익,271000000,USD,공시,https://www.sec.gov/Archives/edgar/data/1336920/000133692022000024/,
Leidos,LDOS,2022Q1,2022-04-01,분기별 당기순이익(지배),175000000,USD,공시,https://www.sec.gov/Archives/edgar/data/1336920/000133692022000024/,
Leidos,LDOS,2022Q1,2022-04-01,분기별 영업활동현금흐름,93000000,USD,공시,https://www.sec.gov/Archives/edgar/data/1336920/000133692022000024/,
Leidos,LDOS,2022Q1,2022-04-01,분기말 자산총계,13030000000,USD,공시,https://www.sec.gov/Archives/edgar/data/1336920/000133692022000024/,
Leidos,LDOS,2022Q1,2022-04-01,분기말 부채총계,9022000000,USD,공시,https://www.sec.gov/Archives/edgar/data/1336920/000133692022000024/,
Leidos,LDOS,2022Q1,2022-04-01,분기말 총자본(자기자본),4008000000,USD,공시,https://www.sec.gov/Archives/edgar/data/1336920/000133692022000024/,
Leidos,LDOS,2022Q1,2022-04-01,분기말 지배지분 자본,3955000000,USD,공시,https://www.sec.gov/Archives/edgar/data/1336920/000133692022000024/,
Leidos,LDOS,2022Q1,2022-04-01,분기말 종가,108.3,USD,API,https://query1.finance.yahoo.com/v8/finance/chart/LDOS?interval=1d&events=splits (2022-04-01),
Leidos,LDOS,2022Q1,2022-04-26,분기말 상장주식수,136662094,주,공시(표지 기준일),https://www.sec.gov/Archives/edgar/data/1336920/000133692022000024/,dei:EntityCommonStockSharesOutstanding 클래스 합
Leidos,LDOS,2022Q1,2022-04-01,분기말 시가총액,14800504780,USD,계산(종가×주식수),https://query1.finance.yahoo.com/v8/finance/chart/LDOS?interval=1d&events=splits (2022-04-01) ; https://www.sec.gov/Archives/edgar/data/1336920/000133692022000024/,종가 108.3 × 주식수 136662094
Leidos,LDOS,2022Q2,2022-07-01,분기별 매출액,3597000000,USD,공시,https://www.sec.gov/Archives/edgar/data/1336920/000133692022000034/,
Leidos,LDOS,2022Q2,2022-07-01,분기별 영업이익,271000000,USD,공시,https://www.sec.gov/Archives/edgar/data/1336920/000133692022000034/,
Leidos,LDOS,2022Q2,2022-07-01,분기별 당기순이익(지배),171000000,USD,공시,https://www.sec.gov/Archives/edgar/data/1336920/000133692022000034/,
Leidos,LDOS,2022Q2,2022-07-01,분기별 영업활동현금흐름,45000000,USD,계산(누적차감)(재작성 반영),https://www.sec.gov/Archives/edgar/data/1336920/000133692023000051/ ; https://www.sec.gov/Archives/edgar/data/1336920/000133692022000024/,누적 138000000 − 직전누적 93000000 (시작 2022-01-01) ; 원 공시 40000000 (https://www.sec.gov/Archives/edgar/data/1336920/000133692022000034/ ; https://www.sec.gov/Archives/edgar/data/1336920/000133692022000024/)
Leidos,LDOS,2022Q2,2022-07-01,분기말 자산총계,12887000000,USD,공시,https://www.sec.gov/Archives/edgar/data/1336920/000133692022000034/,
Leidos,LDOS,2022Q2,2022-07-01,분기말 부채총계,8830000000,USD,공시,https://www.sec.gov/Archives/edgar/data/1336920/000133692022000034/,
Leidos,LDOS,2022Q2,2022-07-01,분기말 총자본(자기자본),4057000000,USD,공시,https://www.sec.gov/Archives/edgar/data/1336920/000133692022000034/,
Leidos,LDOS,2022Q2,2022-07-01,분기말 지배지분 자본,4004000000,USD,공시,https://www.sec.gov/Archives/edgar/data/1336920/000133692022000034/,
Leidos,LDOS,2022Q2,2022-07-01,분기말 종가,102.45,USD,API,https://query1.finance.yahoo.com/v8/finance/chart/LDOS?interval=1d&events=splits (2022-07-01),
Leidos,LDOS,2022Q2,2022-07-26,분기말 상장주식수,136540637,주,공시(표지 기준일),https://www.sec.gov/Archives/edgar/data/1336920/000133692022000034/,dei:EntityCommonStockSharesOutstanding 클래스 합
Leidos,LDOS,2022Q2,2022-07-01,분기말 시가총액,13988588261,USD,계산(종가×주식수),https://query1.finance.yahoo.com/v8/finance/chart/LDOS?interval=1d&events=splits (2022-07-01) ; https://www.sec.gov/Archives/edgar/data/1336920/000133692022000034/,종가 102.45 × 주식수 136540637
Leidos,LDOS,2022Q3,2022-09-30,분기별 매출액,3608000000,USD,공시,https://www.sec.gov/Archives/edgar/data/1336920/000133692022000060/,
Leidos,LDOS,2022Q3,2022-09-30,분기별 영업이익,281000000,USD,공시,https://www.sec.gov/Archives/edgar/data/1336920/000133692022000060/,
Leidos,LDOS,2022Q3,2022-09-30,분기별 당기순이익(지배),162000000,USD,공시,https://www.sec.gov/Archives/edgar/data/1336920/000133692022000060/,
Leidos,LDOS,2022Q3,2022-09-30,분기별 영업활동현금흐름,729000000,USD,계산(누적차감)(재작성 반영),https://www.sec.gov/Archives/edgar/data/1336920/000133692023000061/ ; https://www.sec.gov/Archives/edgar/data/1336920/000133692023000051/,누적 867000000 − 직전누적 138000000 (시작 2022-01-01) ; 원 공시 748000000 (https://www.sec.gov/Archives/edgar/data/1336920/000133692022000060/ ; https://www.sec.gov/Archives/edgar/data/1336920/000133692022000034/)
Leidos,LDOS,2022Q3,2022-09-30,분기말 자산총계,13099000000,USD,공시,https://www.sec.gov/Archives/edgar/data/1336920/000133692022000060/,
Leidos,LDOS,2022Q3,2022-09-30,분기말 부채총계,8960000000,USD,공시,https://www.sec.gov/Archives/edgar/data/1336920/000133692022000060/,
Leidos,LDOS,2022Q3,2022-09-30,분기말 총자본(자기자본),4139000000,USD,공시,https://www.sec.gov/Archives/edgar/data/1336920/000133692022000060/,
Leidos,LDOS,2022Q3,2022-09-30,분기말 지배지분 자본,4086000000,USD,공시,https://www.sec.gov/Archives/edgar/data/1336920/000133692022000060/,
Leidos,LDOS,2022Q3,2022-09-30,분기말 종가,87.47,USD,API,https://query1.finance.yahoo.com/v8/finance/chart/LDOS?interval=1d&events=splits (2022-09-30),
Leidos,LDOS,2022Q3,2022-10-25,분기말 상장주식수,136689557,주,공시(표지 기준일),https://www.sec.gov/Archives/edgar/data/1336920/000133692022000060/,dei:EntityCommonStockSharesOutstanding 클래스 합
Leidos,LDOS,2022Q3,2022-09-30,분기말 시가총액,11956235551,USD,계산(종가×주식수),https://query1.finance.yahoo.com/v8/finance/chart/LDOS?interval=1d&events=splits (2022-09-30) ; https://www.sec.gov/Archives/edgar/data/1336920/000133692022000060/,종가 87.47 × 주식수 136689557
Leidos,LDOS,2022Q4,2022-12-30,분기별 매출액,3697000000,USD,계산(연간-3분기누적),https://www.sec.gov/Archives/edgar/data/1336920/000133692023000015/ ; https://www.sec.gov/Archives/edgar/data/1336920/000133692022000060/,연간 14396000000 − 9개월누적 10699000000 (Revenues)
Leidos,LDOS,2022Q4,2022-12-30,분기별 영업이익,265000000,USD,계산(연간-3분기누적),https://www.sec.gov/Archives/edgar/data/1336920/000133692023000015/ ; https://www.sec.gov/Archives/edgar/data/1336920/000133692022000060/,연간 1088000000 − 9개월누적 823000000 (OperatingIncomeLoss)
Leidos,LDOS,2022Q4,2022-12-30,분기별 당기순이익(지배),177000000,USD,계산(연간-3분기누적),https://www.sec.gov/Archives/edgar/data/1336920/000133692023000015/ ; https://www.sec.gov/Archives/edgar/data/1336920/000133692022000060/,연간 685000000 − 9개월누적 508000000 (NetIncomeLoss)
Leidos,LDOS,2022Q4,2022-12-30,분기별 영업활동현금흐름,125000000,USD,계산(누적차감)(재작성 반영),https://www.sec.gov/Archives/edgar/data/1336920/000133692025000006/ ; https://www.sec.gov/Archives/edgar/data/1336920/000133692023000061/,누적 992000000 − 직전누적 867000000 (시작 2022-01-01) ; 원 공시 105000000 (https://www.sec.gov/Archives/edgar/data/1336920/000133692023000015/ ; https://www.sec.gov/Archives/edgar/data/1336920/000133692022000060/)
Leidos,LDOS,2022Q4,2022-12-30,분기말 자산총계,13071000000,USD,공시,https://www.sec.gov/Archives/edgar/data/1336920/000133692023000015/,
Leidos,LDOS,2022Q4,2022-12-30,분기말 부채총계,8718000000,USD,공시,https://www.sec.gov/Archives/edgar/data/1336920/000133692023000015/,
Leidos,LDOS,2022Q4,2022-12-30,분기말 총자본(자기자본),4353000000,USD,공시,https://www.sec.gov/Archives/edgar/data/1336920/000133692023000015/,
Leidos,LDOS,2022Q4,2022-12-30,분기말 지배지분 자본,4299000000,USD,공시,https://www.sec.gov/Archives/edgar/data/1336920/000133692023000015/,
Leidos,LDOS,2022Q4,2022-12-30,분기말 종가,105.19,USD,API,https://query1.finance.yahoo.com/v8/finance/chart/LDOS?interval=1d&events=splits (2022-12-30),
Leidos,LDOS,2022Q4,2023-02-07,분기말 상장주식수,136937673,주,공시(표지 기준일),https://www.sec.gov/Archives/edgar/data/1336920/000133692023000015/,dei:EntityCommonStockSharesOutstanding 클래스 합
Leidos,LDOS,2022Q4,2022-12-30,분기말 시가총액,14404473823,USD,계산(종가×주식수),https://query1.finance.yahoo.com/v8/finance/chart/LDOS?interval=1d&events=splits (2022-12-30) ; https://www.sec.gov/Archives/edgar/data/1336920/000133692023000015/,종가 105.19 × 주식수 136937673
Leidos,LDOS,2023Q1,2023-03-31,분기별 매출액,3699000000,USD,공시,https://www.sec.gov/Archives/edgar/data/1336920/000133692023000036/,
Leidos,LDOS,2023Q1,2023-03-31,분기별 영업이익,265000000,USD,공시,https://www.sec.gov/Archives/edgar/data/1336920/000133692023000036/,
Leidos,LDOS,2023Q1,2023-03-31,분기별 당기순이익(지배),162000000,USD,공시,https://www.sec.gov/Archives/edgar/data/1336920/000133692023000036/,
Leidos,LDOS,2023Q1,2023-03-31,분기별 영업활동현금흐름,-98000000,USD,공시,https://www.sec.gov/Archives/edgar/data/1336920/000133692023000036/,
Leidos,LDOS,2023Q1,2023-03-31,분기말 자산총계,13132000000,USD,공시,https://www.sec.gov/Archives/edgar/data/1336920/000133692023000036/,
Leidos,LDOS,2023Q1,2023-03-31,분기말 부채총계,8668000000,USD,공시,https://www.sec.gov/Archives/edgar/data/1336920/000133692023000036/,
Leidos,LDOS,2023Q1,2023-03-31,분기말 총자본(자기자본),4464000000,USD,공시,https://www.sec.gov/Archives/edgar/data/1336920/000133692023000036/,
Leidos,LDOS,2023Q1,2023-03-31,분기말 지배지분 자본,4409000000,USD,공시,https://www.sec.gov/Archives/edgar/data/1336920/000133692023000036/,
Leidos,LDOS,2023Q1,2023-03-31,분기말 종가,92.06,USD,API,https://query1.finance.yahoo.com/v8/finance/chart/LDOS?interval=1d&events=splits (2023-03-31),
Leidos,LDOS,2023Q1,2023-04-25,분기말 상장주식수,137167264,주,공시(표지 기준일),https://www.sec.gov/Archives/edgar/data/1336920/000133692023000036/,dei:EntityCommonStockSharesOutstanding 클래스 합
Leidos,LDOS,2023Q1,2023-03-31,분기말 시가총액,12627618324,USD,계산(종가×주식수),https://query1.finance.yahoo.com/v8/finance/chart/LDOS?interval=1d&events=splits (2023-03-31) ; https://www.sec.gov/Archives/edgar/data/1336920/000133692023000036/,종가 92.06 × 주식수 137167264
Leidos,LDOS,2023Q2,2023-06-30,분기별 매출액,3838000000,USD,공시,https://www.sec.gov/Archives/edgar/data/1336920/000133692023000051/,
Leidos,LDOS,2023Q2,2023-06-30,분기별 영업이익,331000000,USD,공시,https://www.sec.gov/Archives/edgar/data/1336920/000133692023000051/,
Leidos,LDOS,2023Q2,2023-06-30,분기별 당기순이익(지배),207000000,USD,공시,https://www.sec.gov/Archives/edgar/data/1336920/000133692023000051/,
Leidos,LDOS,2023Q2,2023-06-30,분기별 영업활동현금흐름,164000000,USD,계산(누적차감),https://www.sec.gov/Archives/edgar/data/1336920/000133692023000051/ ; https://www.sec.gov/Archives/edgar/data/1336920/000133692023000036/,누적 66000000 − 직전누적 -98000000 (시작 2022-12-31)
Leidos,LDOS,2023Q2,2023-06-30,분기말 자산총계,13026000000,USD,공시,https://www.sec.gov/Archives/edgar/data/1336920/000133692023000051/,
Leidos,LDOS,2023Q2,2023-06-30,분기말 부채총계,8373000000,USD,공시,https://www.sec.gov/Archives/edgar/data/1336920/000133692023000051/,
Leidos,LDOS,2023Q2,2023-06-30,분기말 총자본(자기자본),4653000000,USD,공시,https://www.sec.gov/Archives/edgar/data/1336920/000133692023000051/,
Leidos,LDOS,2023Q2,2023-06-30,분기말 지배지분 자본,4597000000,USD,공시,https://www.sec.gov/Archives/edgar/data/1336920/000133692023000051/,
Leidos,LDOS,2023Q2,2023-06-30,분기말 종가,88.48,USD,API,https://query1.finance.yahoo.com/v8/finance/chart/LDOS?interval=1d&events=splits (2023-06-30),
Leidos,LDOS,2023Q2,2023-07-25,분기말 상장주식수,137351127,주,공시(표지 기준일),https://www.sec.gov/Archives/edgar/data/1336920/000133692023000051/,dei:EntityCommonStockSharesOutstanding 클래스 합
Leidos,LDOS,2023Q2,2023-06-30,분기말 시가총액,12152827717,USD,계산(종가×주식수),https://query1.finance.yahoo.com/v8/finance/chart/LDOS?interval=1d&events=splits (2023-06-30) ; https://www.sec.gov/Archives/edgar/data/1336920/000133692023000051/,종가 88.48 × 주식수 137351127
Leidos,LDOS,2023Q3,2023-09-29,분기별 매출액,3921000000,USD,공시,https://www.sec.gov/Archives/edgar/data/1336920/000133692023000061/,
Leidos,LDOS,2023Q3,2023-09-29,분기별 영업이익,-336000000,USD,공시,https://www.sec.gov/Archives/edgar/data/1336920/000133692023000061/,
Leidos,LDOS,2023Q3,2023-09-29,분기별 당기순이익(지배),-399000000,USD,공시,https://www.sec.gov/Archives/edgar/data/1336920/000133692023000061/,
Leidos,LDOS,2023Q3,2023-09-29,분기별 영업활동현금흐름,795000000,USD,계산(누적차감),https://www.sec.gov/Archives/edgar/data/1336920/000133692023000061/ ; https://www.sec.gov/Archives/edgar/data/1336920/000133692023000051/,누적 861000000 − 직전누적 66000000 (시작 2022-12-31)
Leidos,LDOS,2023Q3,2023-09-29,분기말 자산총계,12757000000,USD,공시,https://www.sec.gov/Archives/edgar/data/1336920/000133692023000061/,
Leidos,LDOS,2023Q3,2023-09-29,분기말 부채총계,8554000000,USD,공시,https://www.sec.gov/Archives/edgar/data/1336920/000133692023000061/,
Leidos,LDOS,2023Q3,2023-09-29,분기말 총자본(자기자본),4203000000,USD,공시,https://www.sec.gov/Archives/edgar/data/1336920/000133692023000061/,
Leidos,LDOS,2023Q3,2023-09-29,분기말 지배지분 자본,4146000000,USD,공시,https://www.sec.gov/Archives/edgar/data/1336920/000133692023000061/,
Leidos,LDOS,2023Q3,2023-09-29,분기말 종가,92.16,USD,API,https://query1.finance.yahoo.com/v8/finance/chart/LDOS?interval=1d&events=splits (2023-09-29),
Leidos,LDOS,2023Q3,2023-10-24,분기말 상장주식수,137506428,주,공시(표지 기준일),https://www.sec.gov/Archives/edgar/data/1336920/000133692023000061/,dei:EntityCommonStockSharesOutstanding 클래스 합
Leidos,LDOS,2023Q3,2023-09-29,분기말 시가총액,12672592404,USD,계산(종가×주식수),https://query1.finance.yahoo.com/v8/finance/chart/LDOS?interval=1d&events=splits (2023-09-29) ; https://www.sec.gov/Archives/edgar/data/1336920/000133692023000061/,종가 92.16 × 주식수 137506428
Leidos,LDOS,2023Q4,2023-12-29,분기별 매출액,3980000000,USD,계산(연간-3분기누적),https://www.sec.gov/Archives/edgar/data/1336920/000133692024000008/ ; https://www.sec.gov/Archives/edgar/data/1336920/000133692023000061/,연간 15438000000 − 9개월누적 11458000000 (Revenues)
Leidos,LDOS,2023Q4,2023-12-29,분기별 영업이익,361000000,USD,계산(연간-3분기누적),https://www.sec.gov/Archives/edgar/data/1336920/000133692024000008/ ; https://www.sec.gov/Archives/edgar/data/1336920/000133692023000061/,연간 621000000 − 9개월누적 260000000 (OperatingIncomeLoss)
Leidos,LDOS,2023Q4,2023-12-29,분기별 당기순이익(지배),229000000,USD,계산(연간-3분기누적),https://www.sec.gov/Archives/edgar/data/1336920/000133692024000008/ ; https://www.sec.gov/Archives/edgar/data/1336920/000133692023000061/,연간 199000000 − 9개월누적 -30000000 (NetIncomeLoss)
Leidos,LDOS,2023Q4,2023-12-29,분기별 영업활동현금흐름,326000000,USD,계산(누적차감)(재작성 반영),https://www.sec.gov/Archives/edgar/data/1336920/000133692026000030/ ; https://www.sec.gov/Archives/edgar/data/1336920/000133692023000061/,누적 1187000000 − 직전누적 861000000 (시작 2022-12-31) ; 원 공시 304000000 (https://www.sec.gov/Archives/edgar/data/1336920/000133692024000008/ ; https://www.sec.gov/Archives/edgar/data/1336920/000133692023000061/)
Leidos,LDOS,2023Q4,2023-12-29,분기말 자산총계,12695000000,USD,공시,https://www.sec.gov/Archives/edgar/data/1336920/000133692024000008/,
Leidos,LDOS,2023Q4,2023-12-29,분기말 부채총계,8437000000,USD,공시,https://www.sec.gov/Archives/edgar/data/1336920/000133692024000008/,
Leidos,LDOS,2023Q4,2023-12-29,분기말 총자본(자기자본),4258000000,USD,공시,https://www.sec.gov/Archives/edgar/data/1336920/000133692024000008/,
Leidos,LDOS,2023Q4,2023-12-29,분기말 지배지분 자본,4201000000,USD,공시,https://www.sec.gov/Archives/edgar/data/1336920/000133692024000008/,
Leidos,LDOS,2023Q4,2023-12-29,분기말 종가,108.24,USD,API,https://query1.finance.yahoo.com/v8/finance/chart/LDOS?interval=1d&events=splits (2023-12-29),
Leidos,LDOS,2023Q4,2024-02-06,분기말 상장주식수,135779301,주,공시(표지 기준일),https://www.sec.gov/Archives/edgar/data/1336920/000133692024000008/,dei:EntityCommonStockSharesOutstanding 클래스 합
Leidos,LDOS,2023Q4,2023-12-29,분기말 시가총액,14696751540,USD,계산(종가×주식수),https://query1.finance.yahoo.com/v8/finance/chart/LDOS?interval=1d&events=splits (2023-12-29) ; https://www.sec.gov/Archives/edgar/data/1336920/000133692024000008/,종가 108.24 × 주식수 135779301
Leidos,LDOS,2024Q1,2024-03-29,분기별 매출액,3975000000,USD,공시,https://www.sec.gov/Archives/edgar/data/1336920/000133692024000036/,
Leidos,LDOS,2024Q1,2024-03-29,분기별 영업이익,415000000,USD,공시,https://www.sec.gov/Archives/edgar/data/1336920/000133692024000036/,
Leidos,LDOS,2024Q1,2024-03-29,분기별 당기순이익(지배),284000000,USD,공시,https://www.sec.gov/Archives/edgar/data/1336920/000133692024000036/,
Leidos,LDOS,2024Q1,2024-03-29,분기별 영업활동현금흐름,113000000,USD,공시(재작성 반영),https://www.sec.gov/Archives/edgar/data/1336920/000133692025000014/,원 공시 63000000 (https://www.sec.gov/Archives/edgar/data/1336920/000133692024000036/)
Leidos,LDOS,2024Q1,2024-03-29,분기말 자산총계,12817000000,USD,공시,https://www.sec.gov/Archives/edgar/data/1336920/000133692024000036/,
Leidos,LDOS,2024Q1,2024-03-29,분기말 부채총계,8504000000,USD,공시,https://www.sec.gov/Archives/edgar/data/1336920/000133692024000036/,
Leidos,LDOS,2024Q1,2024-03-29,분기말 총자본(자기자본),4313000000,USD,공시,https://www.sec.gov/Archives/edgar/data/1336920/000133692024000036/,
Leidos,LDOS,2024Q1,2024-03-29,분기말 지배지분 자본,4258000000,USD,공시,https://www.sec.gov/Archives/edgar/data/1336920/000133692024000036/,
Leidos,LDOS,2024Q1,2024-03-28,분기말 종가,131.09,USD,API,https://query1.finance.yahoo.com/v8/finance/chart/LDOS?interval=1d&events=splits (2024-03-28),
Leidos,LDOS,2024Q1,2024-04-23,분기말 상장주식수,135211535,주,공시(표지 기준일),https://www.sec.gov/Archives/edgar/data/1336920/000133692024000036/,dei:EntityCommonStockSharesOutstanding 클래스 합
Leidos,LDOS,2024Q1,2024-03-28,분기말 시가총액,17724880123,USD,계산(종가×주식수),https://query1.finance.yahoo.com/v8/finance/chart/LDOS?interval=1d&events=splits (2024-03-28) ; https://www.sec.gov/Archives/edgar/data/1336920/000133692024000036/,종가 131.09 × 주식수 135211535
Leidos,LDOS,2024Q2,2024-06-28,분기별 매출액,4132000000,USD,공시,https://www.sec.gov/Archives/edgar/data/1336920/000133692024000049/,
Leidos,LDOS,2024Q2,2024-06-28,분기별 영업이익,475000000,USD,공시,https://www.sec.gov/Archives/edgar/data/1336920/000133692024000049/,
Leidos,LDOS,2024Q2,2024-06-28,분기별 당기순이익(지배),322000000,USD,공시,https://www.sec.gov/Archives/edgar/data/1336920/000133692024000049/,
Leidos,LDOS,2024Q2,2024-06-28,분기별 영업활동현금흐름,381000000,USD,계산(누적차감)(재작성 반영),https://www.sec.gov/Archives/edgar/data/1336920/000133692025000034/ ; https://www.sec.gov/Archives/edgar/data/1336920/000133692025000014/,누적 494000000 − 직전누적 113000000 (시작 2023-12-30) ; 원 공시 374000000 (https://www.sec.gov/Archives/edgar/data/1336920/000133692024000049/ ; https://www.sec.gov/Archives/edgar/data/1336920/000133692024000036/)
Leidos,LDOS,2024Q2,2024-06-28,분기말 자산총계,12909000000,USD,공시,https://www.sec.gov/Archives/edgar/data/1336920/000133692024000049/,
Leidos,LDOS,2024Q2,2024-06-28,분기말 부채총계,8399000000,USD,공시,https://www.sec.gov/Archives/edgar/data/1336920/000133692024000049/,
Leidos,LDOS,2024Q2,2024-06-28,분기말 총자본(자기자본),4510000000,USD,공시,https://www.sec.gov/Archives/edgar/data/1336920/000133692024000049/,
Leidos,LDOS,2024Q2,2024-06-28,분기말 지배지분 자본,4455000000,USD,공시,https://www.sec.gov/Archives/edgar/data/1336920/000133692024000049/,
Leidos,LDOS,2024Q2,2024-06-28,분기말 종가,145.88,USD,API,https://query1.finance.yahoo.com/v8/finance/chart/LDOS?interval=1d&events=splits (2024-06-28),
Leidos,LDOS,2024Q2,2024-07-23,분기말 상장주식수,134713696,주,공시(표지 기준일),https://www.sec.gov/Archives/edgar/data/1336920/000133692024000049/,dei:EntityCommonStockSharesOutstanding 클래스 합
Leidos,LDOS,2024Q2,2024-06-28,분기말 시가총액,19652033972,USD,계산(종가×주식수),https://query1.finance.yahoo.com/v8/finance/chart/LDOS?interval=1d&events=splits (2024-06-28) ; https://www.sec.gov/Archives/edgar/data/1336920/000133692024000049/,종가 145.88 × 주식수 134713696
Leidos,LDOS,2024Q3,2024-09-27,분기별 매출액,4190000000,USD,공시,https://www.sec.gov/Archives/edgar/data/1336920/000133692024000054/,
Leidos,LDOS,2024Q3,2024-09-27,분기별 영업이익,516000000,USD,공시,https://www.sec.gov/Archives/edgar/data/1336920/000133692024000054/,
Leidos,LDOS,2024Q3,2024-09-27,분기별 당기순이익(지배),364000000,USD,공시,https://www.sec.gov/Archives/edgar/data/1336920/000133692024000054/,
Leidos,LDOS,2024Q3,2024-09-27,분기별 영업활동현금흐름,647000000,USD,계산(누적차감)(재작성 반영),https://www.sec.gov/Archives/edgar/data/1336920/000133692025000060/ ; https://www.sec.gov/Archives/edgar/data/1336920/000133692025000034/,누적 1141000000 − 직전누적 494000000 (시작 2023-12-30) ; 원 공시 656000000 (https://www.sec.gov/Archives/edgar/data/1336920/000133692024000054/ ; https://www.sec.gov/Archives/edgar/data/1336920/000133692024000049/)
Leidos,LDOS,2024Q3,2024-09-27,분기말 자산총계,13338000000,USD,공시,https://www.sec.gov/Archives/edgar/data/1336920/000133692024000054/,
Leidos,LDOS,2024Q3,2024-09-27,분기말 부채총계,8671000000,USD,공시,https://www.sec.gov/Archives/edgar/data/1336920/000133692024000054/,
Leidos,LDOS,2024Q3,2024-09-27,분기말 총자본(자기자본),4667000000,USD,공시,https://www.sec.gov/Archives/edgar/data/1336920/000133692024000054/,
Leidos,LDOS,2024Q3,2024-09-27,분기말 지배지분 자본,4614000000,USD,공시,https://www.sec.gov/Archives/edgar/data/1336920/000133692024000054/,
Leidos,LDOS,2024Q3,2024-09-27,분기말 종가,159.72,USD,API,https://query1.finance.yahoo.com/v8/finance/chart/LDOS?interval=1d&events=splits (2024-09-27),
Leidos,LDOS,2024Q3,2024-10-22,분기말 상장주식수,133433109,주,공시(표지 기준일),https://www.sec.gov/Archives/edgar/data/1336920/000133692024000054/,dei:EntityCommonStockSharesOutstanding 클래스 합
Leidos,LDOS,2024Q3,2024-09-27,분기말 시가총액,21311936169,USD,계산(종가×주식수),https://query1.finance.yahoo.com/v8/finance/chart/LDOS?interval=1d&events=splits (2024-09-27) ; https://www.sec.gov/Archives/edgar/data/1336920/000133692024000054/,종가 159.72 × 주식수 133433109
Leidos,LDOS,2024Q4,2025-01-03,분기별 매출액,4365000000,USD,계산(연간-3분기누적),https://www.sec.gov/Archives/edgar/data/1336920/000133692025000006/ ; https://www.sec.gov/Archives/edgar/data/1336920/000133692024000054/,연간 16662000000 − 9개월누적 12297000000 (Revenues)
Leidos,LDOS,2024Q4,2025-01-03,분기별 영업이익,421000000,USD,계산(연간-3분기누적),https://www.sec.gov/Archives/edgar/data/1336920/000133692025000006/ ; https://www.sec.gov/Archives/edgar/data/1336920/000133692024000054/,연간 1827000000 − 9개월누적 1406000000 (OperatingIncomeLoss)
Leidos,LDOS,2024Q4,2025-01-03,분기별 당기순이익(지배),284000000,USD,계산(연간-3분기누적),https://www.sec.gov/Archives/edgar/data/1336920/000133692025000006/ ; https://www.sec.gov/Archives/edgar/data/1336920/000133692024000054/,연간 1254000000 − 9개월누적 970000000 (NetIncomeLoss)
Leidos,LDOS,2024Q4,2025-01-03,분기별 영업활동현금흐름,294000000,USD,계산(누적차감)(재작성 반영),https://www.sec.gov/Archives/edgar/data/1336920/000133692026000030/ ; https://www.sec.gov/Archives/edgar/data/1336920/000133692025000060/,누적 1435000000 − 직전누적 1141000000 (시작 2023-12-30) ; 원 공시 299000000 (https://www.sec.gov/Archives/edgar/data/1336920/000133692025000006/ ; https://www.sec.gov/Archives/edgar/data/1336920/000133692024000054/)
Leidos,LDOS,2024Q4,2025-01-03,분기말 자산총계,13010000000,USD,공시(재작성 반영),https://www.sec.gov/Archives/edgar/data/1336920/000133692026000030/,원 공시 13104000000 (https://www.sec.gov/Archives/edgar/data/1336920/000133692025000006/)
Leidos,LDOS,2024Q4,2025-01-03,분기말 부채총계,8550000000,USD,공시(재작성 반영),https://www.sec.gov/Archives/edgar/data/1336920/000133692026000030/,원 공시 8644000000 (https://www.sec.gov/Archives/edgar/data/1336920/000133692025000006/)
Leidos,LDOS,2024Q4,2025-01-03,분기말 총자본(자기자본),4460000000,USD,공시,https://www.sec.gov/Archives/edgar/data/1336920/000133692025000006/,
Leidos,LDOS,2024Q4,2025-01-03,분기말 지배지분 자본,4412000000,USD,공시,https://www.sec.gov/Archives/edgar/data/1336920/000133692025000006/,
Leidos,LDOS,2024Q4,2025-01-03,분기말 종가,147.15,USD,API,https://query1.finance.yahoo.com/v8/finance/chart/LDOS?interval=1d&events=splits (2025-01-03),
Leidos,LDOS,2024Q4,2025-02-04,분기말 상장주식수,131167372,주,공시(표지 기준일),https://www.sec.gov/Archives/edgar/data/1336920/000133692025000006/,dei:EntityCommonStockSharesOutstanding 클래스 합
Leidos,LDOS,2024Q4,2025-01-03,분기말 시가총액,19301278790,USD,계산(종가×주식수),https://query1.finance.yahoo.com/v8/finance/chart/LDOS?interval=1d&events=splits (2025-01-03) ; https://www.sec.gov/Archives/edgar/data/1336920/000133692025000006/,종가 147.15 × 주식수 131167372
Leidos,LDOS,2025Q1,2025-04-04,분기별 매출액,4245000000,USD,공시,https://www.sec.gov/Archives/edgar/data/1336920/000133692025000014/,
Leidos,LDOS,2025Q1,2025-04-04,분기별 영업이익,530000000,USD,공시,https://www.sec.gov/Archives/edgar/data/1336920/000133692025000014/,
Leidos,LDOS,2025Q1,2025-04-04,분기별 당기순이익(지배),363000000,USD,공시,https://www.sec.gov/Archives/edgar/data/1336920/000133692025000014/,
Leidos,LDOS,2025Q1,2025-04-04,분기별 영업활동현금흐름,58000000,USD,공시,https://www.sec.gov/Archives/edgar/data/1336920/000133692025000014/,
Leidos,LDOS,2025Q1,2025-04-04,분기말 자산총계,13197000000,USD,공시,https://www.sec.gov/Archives/edgar/data/1336920/000133692025000014/,
Leidos,LDOS,2025Q1,2025-04-04,분기말 부채총계,8895000000,USD,공시,https://www.sec.gov/Archives/edgar/data/1336920/000133692025000014/,
Leidos,LDOS,2025Q1,2025-04-04,분기말 총자본(자기자본),4302000000,USD,공시,https://www.sec.gov/Archives/edgar/data/1336920/000133692025000014/,
Leidos,LDOS,2025Q1,2025-04-04,분기말 지배지분 자본,4257000000,USD,공시,https://www.sec.gov/Archives/edgar/data/1336920/000133692025000014/,
Leidos,LDOS,2025Q1,2025-04-04,분기말 종가,133.14,USD,API,https://query1.finance.yahoo.com/v8/finance/chart/LDOS?interval=1d&events=splits (2025-04-04),
Leidos,LDOS,2025Q1,2025-04-29,분기말 상장주식수,128718872,주,공시(표지 기준일),https://www.sec.gov/Archives/edgar/data/1336920/000133692025000014/,dei:EntityCommonStockSharesOutstanding 클래스 합
Leidos,LDOS,2025Q1,2025-04-04,분기말 시가총액,17137630618,USD,계산(종가×주식수),https://query1.finance.yahoo.com/v8/finance/chart/LDOS?interval=1d&events=splits (2025-04-04) ; https://www.sec.gov/Archives/edgar/data/1336920/000133692025000014/,종가 133.14 × 주식수 128718872
Leidos,LDOS,2025Q2,2025-07-04,분기별 매출액,4253000000,USD,공시,https://www.sec.gov/Archives/edgar/data/1336920/000133692025000034/,
Leidos,LDOS,2025Q2,2025-07-04,분기별 영업이익,571000000,USD,공시,https://www.sec.gov/Archives/edgar/data/1336920/000133692025000034/,
Leidos,LDOS,2025Q2,2025-07-04,분기별 당기순이익(지배),391000000,USD,공시,https://www.sec.gov/Archives/edgar/data/1336920/000133692025000034/,
Leidos,LDOS,2025Q2,2025-07-04,분기별 영업활동현금흐름,486000000,USD,계산(누적차감),https://www.sec.gov/Archives/edgar/data/1336920/000133692025000034/ ; https://www.sec.gov/Archives/edgar/data/1336920/000133692025000014/,누적 544000000 − 직전누적 58000000 (시작 2025-01-04)
Leidos,LDOS,2025Q2,2025-07-04,분기말 자산총계,13549000000,USD,공시,https://www.sec.gov/Archives/edgar/data/1336920/000133692025000034/,
Leidos,LDOS,2025Q2,2025-07-04,분기말 부채총계,8842000000,USD,공시,https://www.sec.gov/Archives/edgar/data/1336920/000133692025000034/,
Leidos,LDOS,2025Q2,2025-07-04,분기말 총자본(자기자본),4707000000,USD,공시,https://www.sec.gov/Archives/edgar/data/1336920/000133692025000034/,
Leidos,LDOS,2025Q2,2025-07-04,분기말 지배지분 자본,4662000000,USD,공시,https://www.sec.gov/Archives/edgar/data/1336920/000133692025000034/,
Leidos,LDOS,2025Q2,2025-07-03,분기말 종가,164.56,USD,API,https://query1.finance.yahoo.com/v8/finance/chart/LDOS?interval=1d&events=splits (2025-07-03),
Leidos,LDOS,2025Q2,2025-07-29,분기말 상장주식수,128297332,주,공시(표지 기준일),https://www.sec.gov/Archives/edgar/data/1336920/000133692025000034/,dei:EntityCommonStockSharesOutstanding 클래스 합
Leidos,LDOS,2025Q2,2025-07-03,분기말 시가총액,21112608954,USD,계산(종가×주식수),https://query1.finance.yahoo.com/v8/finance/chart/LDOS?interval=1d&events=splits (2025-07-03) ; https://www.sec.gov/Archives/edgar/data/1336920/000133692025000034/,종가 164.56 × 주식수 128297332
Leidos,LDOS,2025Q3,2025-10-03,분기별 매출액,4469000000,USD,공시,https://www.sec.gov/Archives/edgar/data/1336920/000133692025000060/,
Leidos,LDOS,2025Q3,2025-10-03,분기별 영업이익,535000000,USD,공시,https://www.sec.gov/Archives/edgar/data/1336920/000133692025000060/,
Leidos,LDOS,2025Q3,2025-10-03,분기별 당기순이익(지배),367000000,USD,공시,https://www.sec.gov/Archives/edgar/data/1336920/000133692025000060/,
Leidos,LDOS,2025Q3,2025-10-03,분기별 영업활동현금흐름,711000000,USD,계산(누적차감),https://www.sec.gov/Archives/edgar/data/1336920/000133692025000060/ ; https://www.sec.gov/Archives/edgar/data/1336920/000133692025000034/,누적 1255000000 − 직전누적 544000000 (시작 2025-01-04)
Leidos,LDOS,2025Q3,2025-10-03,분기말 자산총계,13542000000,USD,공시,https://www.sec.gov/Archives/edgar/data/1336920/000133692025000060/,
Leidos,LDOS,2025Q3,2025-10-03,분기말 부채총계,8588000000,USD,공시,https://www.sec.gov/Archives/edgar/data/1336920/000133692025000060/,
Leidos,LDOS,2025Q3,2025-10-03,분기말 총자본(자기자본),4954000000,USD,공시,https://www.sec.gov/Archives/edgar/data/1336920/000133692025000060/,
Leidos,LDOS,2025Q3,2025-10-03,분기말 지배지분 자본,4909000000,USD,공시,https://www.sec.gov/Archives/edgar/data/1336920/000133692025000060/,
Leidos,LDOS,2025Q3,2025-10-03,분기말 종가,195.58,USD,API,https://query1.finance.yahoo.com/v8/finance/chart/LDOS?interval=1d&events=splits (2025-10-03),
Leidos,LDOS,2025Q3,2025-10-28,분기말 상장주식수,127855172,주,공시(표지 기준일),https://www.sec.gov/Archives/edgar/data/1336920/000133692025000060/,dei:EntityCommonStockSharesOutstanding 클래스 합
Leidos,LDOS,2025Q3,2025-10-03,분기말 시가총액,25005914540,USD,계산(종가×주식수),https://query1.finance.yahoo.com/v8/finance/chart/LDOS?interval=1d&events=splits (2025-10-03) ; https://www.sec.gov/Archives/edgar/data/1336920/000133692025000060/,종가 195.58 × 주식수 127855172
Leidos,LDOS,2025Q4,2026-01-02,분기별 매출액,4207000000,USD,계산(연간-3분기누적),https://www.sec.gov/Archives/edgar/data/1336920/000133692026000030/ ; https://www.sec.gov/Archives/edgar/data/1336920/000133692025000060/,연간 17174000000 − 9개월누적 12967000000 (Revenues)
Leidos,LDOS,2025Q4,2026-01-02,분기별 영업이익,473000000,USD,계산(연간-3분기누적),https://www.sec.gov/Archives/edgar/data/1336920/000133692026000030/ ; https://www.sec.gov/Archives/edgar/data/1336920/000133692025000060/,연간 2109000000 − 9개월누적 1636000000 (OperatingIncomeLoss)
Leidos,LDOS,2025Q4,2026-01-02,분기별 당기순이익(지배),327000000,USD,계산(연간-3분기누적),https://www.sec.gov/Archives/edgar/data/1336920/000133692026000030/ ; https://www.sec.gov/Archives/edgar/data/1336920/000133692025000060/,연간 1448000000 − 9개월누적 1121000000 (NetIncomeLoss)
Leidos,LDOS,2025Q4,2026-01-02,분기별 영업활동현금흐름,495000000,USD,계산(누적차감),https://www.sec.gov/Archives/edgar/data/1336920/000133692026000030/ ; https://www.sec.gov/Archives/edgar/data/1336920/000133692025000060/,누적 1750000000 − 직전누적 1255000000 (시작 2025-01-04)
Leidos,LDOS,2025Q4,2026-01-02,분기말 자산총계,13493000000,USD,공시,https://www.sec.gov/Archives/edgar/data/1336920/000133692026000030/,
Leidos,LDOS,2025Q4,2026-01-02,분기말 부채총계,8531000000,USD,공시,https://www.sec.gov/Archives/edgar/data/1336920/000133692026000030/,
Leidos,LDOS,2025Q4,2026-01-02,분기말 총자본(자기자본),4962000000,USD,공시,https://www.sec.gov/Archives/edgar/data/1336920/000133692026000030/,
Leidos,LDOS,2025Q4,2026-01-02,분기말 지배지분 자본,4916000000,USD,공시,https://www.sec.gov/Archives/edgar/data/1336920/000133692026000030/,
Leidos,LDOS,2025Q4,2026-01-02,분기말 종가,183.47,USD,API,https://query1.finance.yahoo.com/v8/finance/chart/LDOS?interval=1d&events=splits (2026-01-02),
Leidos,LDOS,2025Q4,2026-02-10,분기말 상장주식수,126392684,주,공시(표지 기준일),https://www.sec.gov/Archives/edgar/data/1336920/000133692026000030/,dei:EntityCommonStockSharesOutstanding 클래스 합
Leidos,LDOS,2025Q4,2026-01-02,분기말 시가총액,23189265733,USD,계산(종가×주식수),https://query1.finance.yahoo.com/v8/finance/chart/LDOS?interval=1d&events=splits (2026-01-02) ; https://www.sec.gov/Archives/edgar/data/1336920/000133692026000030/,종가 183.47 × 주식수 126392684
Leidos,LDOS,2026Q1,2026-04-03,분기별 매출액,4400000000,USD,공시,https://www.sec.gov/Archives/edgar/data/1336920/000133692026000169/,
Leidos,LDOS,2026Q1,2026-04-03,분기별 영업이익,508000000,USD,공시,https://www.sec.gov/Archives/edgar/data/1336920/000133692026000169/,
Leidos,LDOS,2026Q1,2026-04-03,분기별 당기순이익(지배),328000000,USD,공시,https://www.sec.gov/Archives/edgar/data/1336920/000133692026000169/,
Leidos,LDOS,2026Q1,2026-04-03,분기별 영업활동현금흐름,301000000,USD,공시,https://www.sec.gov/Archives/edgar/data/1336920/000133692026000169/,
Leidos,LDOS,2026Q1,2026-04-03,분기말 자산총계,15387000000,USD,공시,https://www.sec.gov/Archives/edgar/data/1336920/000133692026000169/,
Leidos,LDOS,2026Q1,2026-04-03,분기말 부채총계,10323000000,USD,공시,https://www.sec.gov/Archives/edgar/data/1336920/000133692026000169/,
Leidos,LDOS,2026Q1,2026-04-03,분기말 총자본(자기자본),5064000000,USD,공시,https://www.sec.gov/Archives/edgar/data/1336920/000133692026000169/,
Leidos,LDOS,2026Q1,2026-04-03,분기말 지배지분 자본,5013000000,USD,공시,https://www.sec.gov/Archives/edgar/data/1336920/000133692026000169/,
Leidos,LDOS,2026Q1,2026-04-02,분기말 종가,158.82,USD,API,https://query1.finance.yahoo.com/v8/finance/chart/LDOS?interval=1d&events=splits (2026-04-02),
Leidos,LDOS,2026Q1,2026-04-28,분기말 상장주식수,125785466,주,공시(표지 기준일),https://www.sec.gov/Archives/edgar/data/1336920/000133692026000169/,dei:EntityCommonStockSharesOutstanding 클래스 합
Leidos,LDOS,2026Q1,2026-04-02,분기말 시가총액,19977247710,USD,계산(종가×주식수),https://query1.finance.yahoo.com/v8/finance/chart/LDOS?interval=1d&events=splits (2026-04-02) ; https://www.sec.gov/Archives/edgar/data/1336920/000133692026000169/,종가 158.82 × 주식수 125785466
Leidos,LDOS,2026Q2,2026-07-03,분기별 매출액,4558000000,USD,공시,https://www.sec.gov/Archives/edgar/data/1336920/000133692026000246/,
Leidos,LDOS,2026Q2,2026-07-03,분기별 영업이익,514000000,USD,공시,https://www.sec.gov/Archives/edgar/data/1336920/000133692026000246/,
Leidos,LDOS,2026Q2,2026-07-03,분기별 당기순이익(지배),354000000,USD,공시,https://www.sec.gov/Archives/edgar/data/1336920/000133692026000246/,
Leidos,LDOS,2026Q2,2026-07-03,분기별 영업활동현금흐름,793000000,USD,계산(누적차감),https://www.sec.gov/Archives/edgar/data/1336920/000133692026000246/ ; https://www.sec.gov/Archives/edgar/data/1336920/000133692026000169/,누적 1094000000 − 직전누적 301000000 (시작 2026-01-03)
Leidos,LDOS,2026Q2,2026-07-03,분기말 자산총계,15632000000,USD,공시,https://www.sec.gov/Archives/edgar/data/1336920/000133692026000246/,
Leidos,LDOS,2026Q2,2026-07-03,분기말 부채총계,10296000000,USD,공시,https://www.sec.gov/Archives/edgar/data/1336920/000133692026000246/,
Leidos,LDOS,2026Q2,2026-07-03,분기말 총자본(자기자본),5336000000,USD,공시,https://www.sec.gov/Archives/edgar/data/1336920/000133692026000246/,
Leidos,LDOS,2026Q2,2026-07-03,분기말 지배지분 자본,5284000000,USD,공시,https://www.sec.gov/Archives/edgar/data/1336920/000133692026000246/,
Leidos,LDOS,2026Q2,2026-07-02,분기말 종가,108.84,USD,API,https://query1.finance.yahoo.com/v8/finance/chart/LDOS?interval=1d&events=splits (2026-07-02),
Leidos,LDOS,2026Q2,2026-07-28,분기말 상장주식수,125492209,주,공시(표지 기준일),https://www.sec.gov/Archives/edgar/data/1336920/000133692026000246/,dei:EntityCommonStockSharesOutstanding 클래스 합
Leidos,LDOS,2026Q2,2026-07-02,분기말 시가총액,13658572028,USD,계산(종가×주식수),https://query1.finance.yahoo.com/v8/finance/chart/LDOS?interval=1d&events=splits (2026-07-02) ; https://www.sec.gov/Archives/edgar/data/1336920/000133692026000246/,종가 108.84 × 주식수 125492209
Rollins,ROL,2010Q1,2010-03-31,분기별 매출액,미확인,USD,미확인,https://www.sec.gov/Archives/edgar/data/84839/000110465910023723/,
Rollins,ROL,2010Q1,2010-03-31,분기별 영업이익,미확인,USD,미확인,https://www.sec.gov/Archives/edgar/data/84839/000110465910023723/,
Rollins,ROL,2010Q1,2010-03-31,분기별 당기순이익(지배),미확인,USD,미확인,https://www.sec.gov/Archives/edgar/data/84839/000110465910023723/,
Rollins,ROL,2010Q1,2010-03-31,분기별 영업활동현금흐름,미확인,USD,미확인,https://www.sec.gov/Archives/edgar/data/84839/000110465910023723/,
Rollins,ROL,2010Q1,2010-03-31,분기말 자산총계,미확인,USD,미확인,https://www.sec.gov/Archives/edgar/data/84839/000110465910023723/,
Rollins,ROL,2010Q1,2010-03-31,분기말 부채총계,미확인,USD,미확인,https://www.sec.gov/Archives/edgar/data/84839/000110465910023723/,
Rollins,ROL,2010Q1,2010-03-31,분기말 총자본(자기자본),미확인,USD,미확인,https://www.sec.gov/Archives/edgar/data/84839/000110465910023723/,
Rollins,ROL,2010Q1,2010-03-31,분기말 지배지분 자본,미확인,USD,미확인,https://www.sec.gov/Archives/edgar/data/84839/000110465910023723/,
Rollins,ROL,2010Q1,2010-03-31,분기말 종가,21.68,USD,API,https://query1.finance.yahoo.com/v8/finance/chart/ROL?interval=1d&events=splits (2010-03-31),분할조정 종가 4.2825 × 이후 분할계수 5.0625
Rollins,ROL,2010Q1,2010-03-31,분기말 상장주식수,미확인,,미확인,SEC companyfacts·XBRL 원문 모두 dei 표지 주식수 없음,
Rollins,ROL,2010Q1,2010-03-31,분기말 시가총액,미확인,,미확인,SEC companyfacts·XBRL 원문 모두 dei 표지 주식수 없음,
Rollins,ROL,2010Q2,2010-06-30,분기별 매출액,미확인,USD,미확인,https://www.sec.gov/Archives/edgar/data/84839/000110465910040777/,
Rollins,ROL,2010Q2,2010-06-30,분기별 영업이익,미확인,USD,미확인,https://www.sec.gov/Archives/edgar/data/84839/000110465910040777/,
Rollins,ROL,2010Q2,2010-06-30,분기별 당기순이익(지배),27700000,USD,공시(비지배 없음),https://www.sec.gov/Archives/edgar/data/84839/000110465910040777/,
Rollins,ROL,2010Q2,2010-06-30,분기별 영업활동현금흐름,데이터 없음(직전 분기 누적 보고서 없음),USD,데이터 없음(직전 보고서 없음),https://www.sec.gov/Archives/edgar/data/84839/000110465910040777/,
Rollins,ROL,2010Q2,2010-06-30,분기말 자산총계,582407000,USD,공시,https://www.sec.gov/Archives/edgar/data/84839/000110465910040777/,
Rollins,ROL,2010Q2,2010-06-30,분기말 부채총계,306837000,USD,공시,https://www.sec.gov/Archives/edgar/data/84839/000110465910040777/,
Rollins,ROL,2010Q2,2010-06-30,분기말 총자본(자기자본),275570000,USD,공시,https://www.sec.gov/Archives/edgar/data/84839/000110465910040777/,
Rollins,ROL,2010Q2,2010-06-30,분기말 지배지분 자본,275570000,USD,공시(비지배 없음),https://www.sec.gov/Archives/edgar/data/84839/000110465910040777/,"StockholdersEquityIncludingPortionAttributableToNoncontrollingInterest, MinorityInterest 태그 없음"
Rollins,ROL,2010Q2,2010-06-30,분기말 종가,20.69,USD,API,https://query1.finance.yahoo.com/v8/finance/chart/ROL?interval=1d&events=splits (2010-06-30),분할조정 종가 4.0869 × 이후 분할계수 5.0625
Rollins,ROL,2010Q2,2010-07-15,분기말 상장주식수,98559008,주,공시(표지 기준일),https://www.sec.gov/Archives/edgar/data/84839/000110465910040777/,dei:EntityCommonStockSharesOutstanding 클래스 합
Rollins,ROL,2010Q2,2010-06-30,분기말 시가총액,2039185876,USD,계산(종가×주식수),https://query1.finance.yahoo.com/v8/finance/chart/ROL?interval=1d&events=splits (2010-06-30) ; https://www.sec.gov/Archives/edgar/data/84839/000110465910040777/,종가 20.69 × 주식수 98559008
Rollins,ROL,2010Q3,2010-09-30,분기별 매출액,미확인,USD,미확인,https://www.sec.gov/Archives/edgar/data/84839/000110465910054606/,
Rollins,ROL,2010Q3,2010-09-30,분기별 영업이익,미확인,USD,미확인,https://www.sec.gov/Archives/edgar/data/84839/000110465910054606/,
Rollins,ROL,2010Q3,2010-09-30,분기별 당기순이익(지배),25513000,USD,공시(비지배 없음),https://www.sec.gov/Archives/edgar/data/84839/000110465910054606/,
Rollins,ROL,2010Q3,2010-09-30,분기별 영업활동현금흐름,33382000,USD,계산(누적차감),https://www.sec.gov/Archives/edgar/data/84839/000110465910054606/ ; https://www.sec.gov/Archives/edgar/data/84839/000110465910040777/,누적 92419000 − 직전누적 59037000 (시작 2010-01-01)
Rollins,ROL,2010Q3,2010-09-30,분기말 자산총계,607625000,USD,공시,https://www.sec.gov/Archives/edgar/data/84839/000110465910054606/,
Rollins,ROL,2010Q3,2010-09-30,분기말 부채총계,321184000,USD,공시,https://www.sec.gov/Archives/edgar/data/84839/000110465910054606/,
Rollins,ROL,2010Q3,2010-09-30,분기말 총자본(자기자본),286441000,USD,공시,https://www.sec.gov/Archives/edgar/data/84839/000110465910054606/,
Rollins,ROL,2010Q3,2010-09-30,분기말 지배지분 자본,286441000,USD,공시(비지배 없음),https://www.sec.gov/Archives/edgar/data/84839/000110465910054606/,"StockholdersEquityIncludingPortionAttributableToNoncontrollingInterest, MinorityInterest 태그 없음"
Rollins,ROL,2010Q3,2010-09-30,분기말 종가,23.38,USD,API,https://query1.finance.yahoo.com/v8/finance/chart/ROL?interval=1d&events=splits (2010-09-30),분할조정 종가 4.6183 × 이후 분할계수 5.0625
Rollins,ROL,2010Q3,2010-10-15,분기말 상장주식수,98098201,주,공시(표지 기준일),https://www.sec.gov/Archives/edgar/data/84839/000110465910054606/,dei:EntityCommonStockSharesOutstanding 클래스 합
Rollins,ROL,2010Q3,2010-09-30,분기말 시가총액,2293535939,USD,계산(종가×주식수),https://query1.finance.yahoo.com/v8/finance/chart/ROL?interval=1d&events=splits (2010-09-30) ; https://www.sec.gov/Archives/edgar/data/84839/000110465910054606/,종가 23.38 × 주식수 98098201
Rollins,ROL,2010Q4,2010-12-31,분기별 매출액,미확인,USD,미확인,https://www.sec.gov/Archives/edgar/data/84839/000110465911011515/,
Rollins,ROL,2010Q4,2010-12-31,분기별 영업이익,미확인,USD,미확인,https://www.sec.gov/Archives/edgar/data/84839/000110465911011515/,
Rollins,ROL,2010Q4,2010-12-31,분기별 당기순이익(지배),19206000,USD,"계산(연간-3분기누적, 비지배 없음)",https://www.sec.gov/Archives/edgar/data/84839/000104746911001349/ ; https://www.sec.gov/Archives/edgar/data/84839/000110465910054606/,연간 90002000 − 9개월누적 70796000 (ProfitLoss)
Rollins,ROL,2010Q4,2010-12-31,분기별 영업활동현금흐름,31634000,USD,계산(누적차감),https://www.sec.gov/Archives/edgar/data/84839/000104746911001349/ ; https://www.sec.gov/Archives/edgar/data/84839/000110465910054606/,누적 124053000 − 직전누적 92419000 (시작 2010-01-01)
Rollins,ROL,2010Q4,2010-12-31,분기말 자산총계,619014000,USD,공시,https://www.sec.gov/Archives/edgar/data/84839/000104746911001349/,
Rollins,ROL,2010Q4,2010-12-31,분기말 부채총계,321044000,USD,공시,https://www.sec.gov/Archives/edgar/data/84839/000104746911001349/,
Rollins,ROL,2010Q4,2010-12-31,분기말 총자본(자기자본),297970000,USD,공시,https://www.sec.gov/Archives/edgar/data/84839/000104746911001349/,
Rollins,ROL,2010Q4,2010-12-31,분기말 지배지분 자본,297970000,USD,공시(비지배 없음),https://www.sec.gov/Archives/edgar/data/84839/000104746911001349/,"StockholdersEquityIncludingPortionAttributableToNoncontrollingInterest, MinorityInterest 태그 없음"
Rollins,ROL,2010Q4,2010-12-31,분기말 종가,19.75,USD,API,https://query1.finance.yahoo.com/v8/finance/chart/ROL?interval=1d&events=splits (2010-12-31),분할조정 종가 5.8519 × 이후 분할계수 3.375
Rollins,ROL,2010Q4,2011-01-31,분기말 상장주식수,147629969,주,공시(표지 기준일),https://www.sec.gov/Archives/edgar/data/84839/000104746911001349/,dei:EntityCommonStockSharesOutstanding 클래스 합
Rollins,ROL,2010Q4,2010-12-31,분기말 시가총액,2915691888,USD,계산(종가×주식수),https://query1.finance.yahoo.com/v8/finance/chart/ROL?interval=1d&events=splits (2010-12-31) ; https://www.sec.gov/Archives/edgar/data/84839/000104746911001349/,종가 19.75 × 주식수 147629969
Rollins,ROL,2011Q1,2011-03-31,분기별 매출액,미확인,USD,미확인,https://www.sec.gov/Archives/edgar/data/84839/000110465911024010/,
Rollins,ROL,2011Q1,2011-03-31,분기별 영업이익,미확인,USD,미확인,https://www.sec.gov/Archives/edgar/data/84839/000110465911024010/,
Rollins,ROL,2011Q1,2011-03-31,분기별 당기순이익(지배),18640000,USD,공시(비지배 없음),https://www.sec.gov/Archives/edgar/data/84839/000110465911024010/,
Rollins,ROL,2011Q1,2011-03-31,분기별 영업활동현금흐름,32954000,USD,공시,https://www.sec.gov/Archives/edgar/data/84839/000110465911024010/,
Rollins,ROL,2011Q1,2011-03-31,분기말 자산총계,614205000,USD,공시,https://www.sec.gov/Archives/edgar/data/84839/000110465911024010/,
Rollins,ROL,2011Q1,2011-03-31,분기말 부채총계,312985000,USD,공시,https://www.sec.gov/Archives/edgar/data/84839/000110465911024010/,
Rollins,ROL,2011Q1,2011-03-31,분기말 총자본(자기자본),301220000,USD,공시,https://www.sec.gov/Archives/edgar/data/84839/000110465911024010/,
Rollins,ROL,2011Q1,2011-03-31,분기말 지배지분 자본,301220000,USD,공시(비지배 없음),https://www.sec.gov/Archives/edgar/data/84839/000110465911024010/,"StockholdersEquityIncludingPortionAttributableToNoncontrollingInterest, MinorityInterest 태그 없음"
Rollins,ROL,2011Q1,2011-03-31,분기말 종가,20.3,USD,API,https://query1.finance.yahoo.com/v8/finance/chart/ROL?interval=1d&events=splits (2011-03-31),분할조정 종가 6.0148 × 이후 분할계수 3.375
Rollins,ROL,2011Q1,2011-04-15,분기말 상장주식수,147427771,주,공시(표지 기준일),https://www.sec.gov/Archives/edgar/data/84839/000110465911024010/,dei:EntityCommonStockSharesOutstanding 클래스 합
Rollins,ROL,2011Q1,2011-03-31,분기말 시가총액,2992783751,USD,계산(종가×주식수),https://query1.finance.yahoo.com/v8/finance/chart/ROL?interval=1d&events=splits (2011-03-31) ; https://www.sec.gov/Archives/edgar/data/84839/000110465911024010/,종가 20.3 × 주식수 147427771
Rollins,ROL,2011Q2,2011-06-30,분기별 매출액,미확인,USD,미확인,https://www.sec.gov/Archives/edgar/data/84839/000110465911041697/,
Rollins,ROL,2011Q2,2011-06-30,분기별 영업이익,미확인,USD,미확인,https://www.sec.gov/Archives/edgar/data/84839/000110465911041697/,
Rollins,ROL,2011Q2,2011-06-30,분기별 당기순이익(지배),31061000,USD,공시(비지배 없음),https://www.sec.gov/Archives/edgar/data/84839/000110465911041697/,
Rollins,ROL,2011Q2,2011-06-30,분기별 영업활동현금흐름,41386000,USD,계산(누적차감),https://www.sec.gov/Archives/edgar/data/84839/000110465911041697/ ; https://www.sec.gov/Archives/edgar/data/84839/000110465911024010/,누적 74340000 − 직전누적 32954000 (시작 2011-01-01)
Rollins,ROL,2011Q2,2011-06-30,분기말 자산총계,637132000,USD,공시,https://www.sec.gov/Archives/edgar/data/84839/000110465911041697/,
Rollins,ROL,2011Q2,2011-06-30,분기말 부채총계,323949000,USD,공시,https://www.sec.gov/Archives/edgar/data/84839/000110465911041697/,
Rollins,ROL,2011Q2,2011-06-30,분기말 총자본(자기자본),313183000,USD,공시,https://www.sec.gov/Archives/edgar/data/84839/000110465911041697/,
Rollins,ROL,2011Q2,2011-06-30,분기말 지배지분 자본,313183000,USD,공시(비지배 없음),https://www.sec.gov/Archives/edgar/data/84839/000110465911041697/,"StockholdersEquityIncludingPortionAttributableToNoncontrollingInterest, MinorityInterest 태그 없음"
Rollins,ROL,2011Q2,2011-06-30,분기말 종가,20.38,USD,API,https://query1.finance.yahoo.com/v8/finance/chart/ROL?interval=1d&events=splits (2011-06-30),분할조정 종가 6.0385 × 이후 분할계수 3.375
Rollins,ROL,2011Q2,2011-07-15,분기말 상장주식수,146904390,주,공시(표지 기준일),https://www.sec.gov/Archives/edgar/data/84839/000110465911041697/,dei:EntityCommonStockSharesOutstanding 클래스 합
Rollins,ROL,2011Q2,2011-06-30,분기말 시가총액,2993911468,USD,계산(종가×주식수),https://query1.finance.yahoo.com/v8/finance/chart/ROL?interval=1d&events=splits (2011-06-30) ; https://www.sec.gov/Archives/edgar/data/84839/000110465911041697/,종가 20.38 × 주식수 146904390
Rollins,ROL,2011Q3,2011-09-30,분기별 매출액,미확인,USD,미확인,https://www.sec.gov/Archives/edgar/data/84839/000110465911058676/,
Rollins,ROL,2011Q3,2011-09-30,분기별 영업이익,미확인,USD,미확인,https://www.sec.gov/Archives/edgar/data/84839/000110465911058676/,
Rollins,ROL,2011Q3,2011-09-30,분기별 당기순이익(지배),29415000,USD,공시(비지배 없음),https://www.sec.gov/Archives/edgar/data/84839/000110465911058676/,
Rollins,ROL,2011Q3,2011-09-30,분기별 영업활동현금흐름,40766000,USD,계산(누적차감),https://www.sec.gov/Archives/edgar/data/84839/000110465911058676/ ; https://www.sec.gov/Archives/edgar/data/84839/000110465911041697/,누적 115106000 − 직전누적 74340000 (시작 2011-01-01)
Rollins,ROL,2011Q3,2011-09-30,분기말 자산총계,632423000,USD,공시,https://www.sec.gov/Archives/edgar/data/84839/000110465911058676/,
Rollins,ROL,2011Q3,2011-09-30,분기말 부채총계,305925000,USD,공시,https://www.sec.gov/Archives/edgar/data/84839/000110465911058676/,
Rollins,ROL,2011Q3,2011-09-30,분기말 총자본(자기자본),326498000,USD,공시(비지배 없음),https://www.sec.gov/Archives/edgar/data/84839/000110465911058676/,"StockholdersEquity, MinorityInterest 태그 없음"
Rollins,ROL,2011Q3,2011-09-30,분기말 지배지분 자본,326498000,USD,공시,https://www.sec.gov/Archives/edgar/data/84839/000110465911058676/,
Rollins,ROL,2011Q3,2011-09-30,분기말 종가,18.71,USD,API,https://query1.finance.yahoo.com/v8/finance/chart/ROL?interval=1d&events=splits (2011-09-30),분할조정 종가 5.5437 × 이후 분할계수 3.375
Rollins,ROL,2011Q3,2011-10-15,분기말 상장주식수,146291631,주,공시(표지 기준일),https://www.sec.gov/Archives/edgar/data/84839/000110465911058676/,dei:EntityCommonStockSharesOutstanding 클래스 합
Rollins,ROL,2011Q3,2011-09-30,분기말 시가총액,2737116416,USD,계산(종가×주식수),https://query1.finance.yahoo.com/v8/finance/chart/ROL?interval=1d&events=splits (2011-09-30) ; https://www.sec.gov/Archives/edgar/data/84839/000110465911058676/,종가 18.71 × 주식수 146291631
Rollins,ROL,2011Q4,2011-12-31,분기별 매출액,미확인,USD,미확인,https://www.sec.gov/Archives/edgar/data/84839/000104746912001690/,
Rollins,ROL,2011Q4,2011-12-31,분기별 영업이익,미확인,USD,미확인,https://www.sec.gov/Archives/edgar/data/84839/000104746912001690/,
Rollins,ROL,2011Q4,2011-12-31,분기별 당기순이익(지배),21595000,USD,"계산(연간-3분기누적, 보통주 귀속)",https://www.sec.gov/Archives/edgar/data/84839/000104746912001690/ ; https://www.sec.gov/Archives/edgar/data/84839/000110465911058676/,연간 100711000 − 9개월누적 79116000 (NetIncomeLossAvailableToCommonStockholdersBasic)
Rollins,ROL,2011Q4,2011-12-31,분기별 영업활동현금흐름,39541000,USD,계산(누적차감),https://www.sec.gov/Archives/edgar/data/84839/000104746912001690/ ; https://www.sec.gov/Archives/edgar/data/84839/000110465911058676/,누적 154647000 − 직전누적 115106000 (시작 2011-01-01)
Rollins,ROL,2011Q4,2011-12-31,분기말 자산총계,645650000,USD,공시,https://www.sec.gov/Archives/edgar/data/84839/000104746912001690/,
Rollins,ROL,2011Q4,2011-12-31,분기말 부채총계,321653000,USD,공시,https://www.sec.gov/Archives/edgar/data/84839/000104746912001690/,
Rollins,ROL,2011Q4,2011-12-31,분기말 총자본(자기자본),323997000,USD,공시(비지배 없음),https://www.sec.gov/Archives/edgar/data/84839/000104746912001690/,"StockholdersEquity, MinorityInterest 태그 없음"
Rollins,ROL,2011Q4,2011-12-31,분기말 지배지분 자본,323997000,USD,공시,https://www.sec.gov/Archives/edgar/data/84839/000104746912001690/,
Rollins,ROL,2011Q4,2011-12-30,분기말 종가,22.22,USD,API,https://query1.finance.yahoo.com/v8/finance/chart/ROL?interval=1d&events=splits (2011-12-30),분할조정 종가 6.5837 × 이후 분할계수 3.375
Rollins,ROL,2011Q4,2012-01-31,분기말 상장주식수,146868151,주,공시(표지 기준일),https://www.sec.gov/Archives/edgar/data/84839/000104746912001690/,dei:EntityCommonStockSharesOutstanding 클래스 합
Rollins,ROL,2011Q4,2011-12-30,분기말 시가총액,3263410315,USD,계산(종가×주식수),https://query1.finance.yahoo.com/v8/finance/chart/ROL?interval=1d&events=splits (2011-12-30) ; https://www.sec.gov/Archives/edgar/data/84839/000104746912001690/,종가 22.22 × 주식수 146868151
Rollins,ROL,2012Q1,2012-03-31,분기별 매출액,미확인,USD,미확인,https://www.sec.gov/Archives/edgar/data/84839/000110465912029465/,
Rollins,ROL,2012Q1,2012-03-31,분기별 영업이익,미확인,USD,미확인,https://www.sec.gov/Archives/edgar/data/84839/000110465912029465/,
Rollins,ROL,2012Q1,2012-03-31,분기별 당기순이익(지배),23080000,USD,공시(보통주 귀속),https://www.sec.gov/Archives/edgar/data/84839/000110465912029465/,
Rollins,ROL,2012Q1,2012-03-31,분기별 영업활동현금흐름,37089000,USD,공시,https://www.sec.gov/Archives/edgar/data/84839/000110465912029465/,
Rollins,ROL,2012Q1,2012-03-31,분기말 자산총계,662806000,USD,공시,https://www.sec.gov/Archives/edgar/data/84839/000110465912029465/,
Rollins,ROL,2012Q1,2012-03-31,분기말 부채총계,326551000,USD,공시,https://www.sec.gov/Archives/edgar/data/84839/000110465912029465/,
Rollins,ROL,2012Q1,2012-03-31,분기말 총자본(자기자본),336255000,USD,공시(비지배 없음),https://www.sec.gov/Archives/edgar/data/84839/000110465912029465/,"StockholdersEquity, MinorityInterest 태그 없음"
Rollins,ROL,2012Q1,2012-03-31,분기말 지배지분 자본,336255000,USD,공시,https://www.sec.gov/Archives/edgar/data/84839/000110465912029465/,
Rollins,ROL,2012Q1,2012-03-30,분기말 종가,21.28,USD,API,https://query1.finance.yahoo.com/v8/finance/chart/ROL?interval=1d&events=splits (2012-03-30),분할조정 종가 6.3052 × 이후 분할계수 3.375
Rollins,ROL,2012Q1,2012-04-15,분기말 상장주식수,146803259,주,공시(표지 기준일),https://www.sec.gov/Archives/edgar/data/84839/000110465912029465/,dei:EntityCommonStockSharesOutstanding 클래스 합
Rollins,ROL,2012Q1,2012-03-30,분기말 시가총액,3123973352,USD,계산(종가×주식수),https://query1.finance.yahoo.com/v8/finance/chart/ROL?interval=1d&events=splits (2012-03-30) ; https://www.sec.gov/Archives/edgar/data/84839/000110465912029465/,종가 21.28 × 주식수 146803259
Rollins,ROL,2012Q2,2012-06-30,분기별 매출액,미확인,USD,미확인,https://www.sec.gov/Archives/edgar/data/84839/000110465912051673/,
Rollins,ROL,2012Q2,2012-06-30,분기별 영업이익,미확인,USD,미확인,https://www.sec.gov/Archives/edgar/data/84839/000110465912051673/,
Rollins,ROL,2012Q2,2012-06-30,분기별 당기순이익(지배),33127000,USD,공시(보통주 귀속),https://www.sec.gov/Archives/edgar/data/84839/000110465912051673/,
Rollins,ROL,2012Q2,2012-06-30,분기별 영업활동현금흐름,36516000,USD,계산(누적차감),https://www.sec.gov/Archives/edgar/data/84839/000110465912051673/ ; https://www.sec.gov/Archives/edgar/data/84839/000110465912029465/,누적 73605000 − 직전누적 37089000 (시작 2012-01-01)
Rollins,ROL,2012Q2,2012-06-30,분기말 자산총계,680774000,USD,공시,https://www.sec.gov/Archives/edgar/data/84839/000110465912051673/,
Rollins,ROL,2012Q2,2012-06-30,분기말 부채총계,336467000,USD,공시,https://www.sec.gov/Archives/edgar/data/84839/000110465912051673/,
Rollins,ROL,2012Q2,2012-06-30,분기말 총자본(자기자본),344307000,USD,공시(비지배 없음),https://www.sec.gov/Archives/edgar/data/84839/000110465912051673/,"StockholdersEquity, MinorityInterest 태그 없음"
Rollins,ROL,2012Q2,2012-06-30,분기말 지배지분 자본,344307000,USD,공시,https://www.sec.gov/Archives/edgar/data/84839/000110465912051673/,
Rollins,ROL,2012Q2,2012-06-29,분기말 종가,22.37,USD,API,https://query1.finance.yahoo.com/v8/finance/chart/ROL?interval=1d&events=splits (2012-06-29),분할조정 종가 6.6281 × 이후 분할계수 3.375
Rollins,ROL,2012Q2,2012-07-15,분기말 상장주식수,146070844,주,공시(표지 기준일),https://www.sec.gov/Archives/edgar/data/84839/000110465912051673/,dei:EntityCommonStockSharesOutstanding 클래스 합
Rollins,ROL,2012Q2,2012-06-29,분기말 시가총액,3267604780,USD,계산(종가×주식수),https://query1.finance.yahoo.com/v8/finance/chart/ROL?interval=1d&events=splits (2012-06-29) ; https://www.sec.gov/Archives/edgar/data/84839/000110465912051673/,종가 22.37 × 주식수 146070844
Rollins,ROL,2012Q3,2012-09-30,분기별 매출액,미확인,USD,미확인,https://www.sec.gov/Archives/edgar/data/84839/000110465912071430/,
Rollins,ROL,2012Q3,2012-09-30,분기별 영업이익,미확인,USD,미확인,https://www.sec.gov/Archives/edgar/data/84839/000110465912071430/,
Rollins,ROL,2012Q3,2012-09-30,분기별 당기순이익(지배),32211000,USD,공시(보통주 귀속),https://www.sec.gov/Archives/edgar/data/84839/000110465912071430/,
Rollins,ROL,2012Q3,2012-09-30,분기별 영업활동현금흐름,46507000,USD,계산(누적차감),https://www.sec.gov/Archives/edgar/data/84839/000110465912071430/ ; https://www.sec.gov/Archives/edgar/data/84839/000110465912051673/,누적 120112000 − 직전누적 73605000 (시작 2012-01-01)
Rollins,ROL,2012Q3,2012-09-30,분기말 자산총계,706029000,USD,공시,https://www.sec.gov/Archives/edgar/data/84839/000110465912071430/,
Rollins,ROL,2012Q3,2012-09-30,분기말 부채총계,337369000,USD,공시,https://www.sec.gov/Archives/edgar/data/84839/000110465912071430/,
Rollins,ROL,2012Q3,2012-09-30,분기말 총자본(자기자본),368660000,USD,공시(비지배 없음),https://www.sec.gov/Archives/edgar/data/84839/000110465912071430/,"StockholdersEquity, MinorityInterest 태그 없음"
Rollins,ROL,2012Q3,2012-09-30,분기말 지배지분 자본,368660000,USD,공시,https://www.sec.gov/Archives/edgar/data/84839/000110465912071430/,
Rollins,ROL,2012Q3,2012-09-28,분기말 종가,23.39,USD,API,https://query1.finance.yahoo.com/v8/finance/chart/ROL?interval=1d&events=splits (2012-09-28),분할조정 종가 6.9304 × 이후 분할계수 3.375
Rollins,ROL,2012Q3,2012-10-15,분기말 상장주식수,146037869,주,공시(표지 기준일),https://www.sec.gov/Archives/edgar/data/84839/000110465912071430/,dei:EntityCommonStockSharesOutstanding 클래스 합
Rollins,ROL,2012Q3,2012-09-28,분기말 시가총액,3415825756,USD,계산(종가×주식수),https://query1.finance.yahoo.com/v8/finance/chart/ROL?interval=1d&events=splits (2012-09-28) ; https://www.sec.gov/Archives/edgar/data/84839/000110465912071430/,종가 23.39 × 주식수 146037869
Rollins,ROL,2012Q4,2012-12-31,분기별 매출액,미확인,USD,미확인,https://www.sec.gov/Archives/edgar/data/84839/000104746913001764/,
Rollins,ROL,2012Q4,2012-12-31,분기별 영업이익,미확인,USD,미확인,https://www.sec.gov/Archives/edgar/data/84839/000104746913001764/,
Rollins,ROL,2012Q4,2012-12-31,분기별 당기순이익(지배),22914000,USD,"계산(연간-3분기누적, 보통주 귀속)",https://www.sec.gov/Archives/edgar/data/84839/000104746913001764/ ; https://www.sec.gov/Archives/edgar/data/84839/000110465912071430/,연간 111332000 − 9개월누적 88418000 (NetIncomeLossAvailableToCommonStockholdersBasic)
Rollins,ROL,2012Q4,2012-12-31,분기별 영업활동현금흐름,21807000,USD,계산(누적차감),https://www.sec.gov/Archives/edgar/data/84839/000104746913001764/ ; https://www.sec.gov/Archives/edgar/data/84839/000110465912071430/,누적 141919000 − 직전누적 120112000 (시작 2012-01-01)
Rollins,ROL,2012Q4,2012-12-31,분기말 자산총계,692506000,USD,공시,https://www.sec.gov/Archives/edgar/data/84839/000104746913001764/,
Rollins,ROL,2012Q4,2012-12-31,분기말 부채총계,337550000,USD,공시,https://www.sec.gov/Archives/edgar/data/84839/000104746913001764/,
Rollins,ROL,2012Q4,2012-12-31,분기말 총자본(자기자본),354956000,USD,공시(비지배 없음),https://www.sec.gov/Archives/edgar/data/84839/000104746913001764/,"StockholdersEquity, MinorityInterest 태그 없음"
Rollins,ROL,2012Q4,2012-12-31,분기말 지배지분 자본,354956000,USD,공시,https://www.sec.gov/Archives/edgar/data/84839/000104746913001764/,
Rollins,ROL,2012Q4,2012-12-31,분기말 종가,22.04,USD,API,https://query1.finance.yahoo.com/v8/finance/chart/ROL?interval=1d&events=splits (2012-12-31),분할조정 종가 6.5304 × 이후 분할계수 3.375
Rollins,ROL,2012Q4,2013-01-31,분기말 상장주식수,146309001,주,공시(표지 기준일),https://www.sec.gov/Archives/edgar/data/84839/000104746913001764/,dei:EntityCommonStockSharesOutstanding 클래스 합
Rollins,ROL,2012Q4,2012-12-31,분기말 시가총액,3224650382,USD,계산(종가×주식수),https://query1.finance.yahoo.com/v8/finance/chart/ROL?interval=1d&events=splits (2012-12-31) ; https://www.sec.gov/Archives/edgar/data/84839/000104746913001764/,종가 22.04 × 주식수 146309001
Rollins,ROL,2013Q1,2013-03-31,분기별 매출액,미확인,USD,미확인,https://www.sec.gov/Archives/edgar/data/84839/000110465913033308/,
Rollins,ROL,2013Q1,2013-03-31,분기별 영업이익,미확인,USD,미확인,https://www.sec.gov/Archives/edgar/data/84839/000110465913033308/,
Rollins,ROL,2013Q1,2013-03-31,분기별 당기순이익(지배),23179000,USD,공시(보통주 귀속),https://www.sec.gov/Archives/edgar/data/84839/000110465913033308/,
Rollins,ROL,2013Q1,2013-03-31,분기별 영업활동현금흐름,38786000,USD,공시,https://www.sec.gov/Archives/edgar/data/84839/000110465913033308/,
Rollins,ROL,2013Q1,2013-03-31,분기말 자산총계,707438000,USD,공시,https://www.sec.gov/Archives/edgar/data/84839/000110465913033308/,
Rollins,ROL,2013Q1,2013-03-31,분기말 부채총계,342472000,USD,공시,https://www.sec.gov/Archives/edgar/data/84839/000110465913033308/,
Rollins,ROL,2013Q1,2013-03-31,분기말 총자본(자기자본),364966000,USD,공시(비지배 없음),https://www.sec.gov/Archives/edgar/data/84839/000110465913033308/,"StockholdersEquity, MinorityInterest 태그 없음"
Rollins,ROL,2013Q1,2013-03-31,분기말 지배지분 자본,364966000,USD,공시,https://www.sec.gov/Archives/edgar/data/84839/000110465913033308/,
Rollins,ROL,2013Q1,2013-03-28,분기말 종가,24.55,USD,API,https://query1.finance.yahoo.com/v8/finance/chart/ROL?interval=1d&events=splits (2013-03-28),분할조정 종가 7.2741 × 이후 분할계수 3.375
Rollins,ROL,2013Q1,2013-04-15,분기말 상장주식수,146279384,주,공시(표지 기준일),https://www.sec.gov/Archives/edgar/data/84839/000110465913033308/,dei:EntityCommonStockSharesOutstanding 클래스 합
Rollins,ROL,2013Q1,2013-03-28,분기말 시가총액,3591158877,USD,계산(종가×주식수),https://query1.finance.yahoo.com/v8/finance/chart/ROL?interval=1d&events=splits (2013-03-28) ; https://www.sec.gov/Archives/edgar/data/84839/000110465913033308/,종가 24.55 × 주식수 146279384
Rollins,ROL,2013Q2,2013-06-30,분기별 매출액,미확인,USD,미확인,https://www.sec.gov/Archives/edgar/data/84839/000110465913056914/,
Rollins,ROL,2013Q2,2013-06-30,분기별 영업이익,미확인,USD,미확인,https://www.sec.gov/Archives/edgar/data/84839/000110465913056914/,
Rollins,ROL,2013Q2,2013-06-30,분기별 당기순이익(지배),35994000,USD,공시(보통주 귀속),https://www.sec.gov/Archives/edgar/data/84839/000110465913056914/,
Rollins,ROL,2013Q2,2013-06-30,분기별 영업활동현금흐름,34355000,USD,계산(누적차감),https://www.sec.gov/Archives/edgar/data/84839/000110465913056914/ ; https://www.sec.gov/Archives/edgar/data/84839/000110465913033308/,누적 73141000 − 직전누적 38786000 (시작 2013-01-01)
Rollins,ROL,2013Q2,2013-06-30,분기말 자산총계,737069000,USD,공시,https://www.sec.gov/Archives/edgar/data/84839/000110465913056914/,
Rollins,ROL,2013Q2,2013-06-30,분기말 부채총계,352262000,USD,공시,https://www.sec.gov/Archives/edgar/data/84839/000110465913056914/,
Rollins,ROL,2013Q2,2013-06-30,분기말 총자본(자기자본),384807000,USD,공시(비지배 없음),https://www.sec.gov/Archives/edgar/data/84839/000110465913056914/,"StockholdersEquity, MinorityInterest 태그 없음"
Rollins,ROL,2013Q2,2013-06-30,분기말 지배지분 자본,384807000,USD,공시,https://www.sec.gov/Archives/edgar/data/84839/000110465913056914/,
Rollins,ROL,2013Q2,2013-06-28,분기말 종가,25.9,USD,API,https://query1.finance.yahoo.com/v8/finance/chart/ROL?interval=1d&events=splits (2013-06-28),분할조정 종가 7.6741 × 이후 분할계수 3.375
Rollins,ROL,2013Q2,2013-07-15,분기말 상장주식수,146078156,주,공시(표지 기준일),https://www.sec.gov/Archives/edgar/data/84839/000110465913056914/,dei:EntityCommonStockSharesOutstanding 클래스 합
Rollins,ROL,2013Q2,2013-06-28,분기말 시가총액,3783424240,USD,계산(종가×주식수),https://query1.finance.yahoo.com/v8/finance/chart/ROL?interval=1d&events=splits (2013-06-28) ; https://www.sec.gov/Archives/edgar/data/84839/000110465913056914/,종가 25.9 × 주식수 146078156
Rollins,ROL,2013Q3,2013-09-30,분기별 매출액,미확인,USD,미확인,https://www.sec.gov/Archives/edgar/data/84839/000155278113000025/,
Rollins,ROL,2013Q3,2013-09-30,분기별 영업이익,미확인,USD,미확인,https://www.sec.gov/Archives/edgar/data/84839/000155278113000025/,
Rollins,ROL,2013Q3,2013-09-30,분기별 당기순이익(지배),36200000,USD,공시(보통주 귀속),https://www.sec.gov/Archives/edgar/data/84839/000155278113000025/,
Rollins,ROL,2013Q3,2013-09-30,분기별 영업활동현금흐름,54378000,USD,계산(누적차감),https://www.sec.gov/Archives/edgar/data/84839/000155278113000025/ ; https://www.sec.gov/Archives/edgar/data/84839/000110465913056914/,누적 127519000 − 직전누적 73141000 (시작 2013-01-01)
Rollins,ROL,2013Q3,2013-09-30,분기말 자산총계,760864000,USD,공시,https://www.sec.gov/Archives/edgar/data/84839/000155278113000025/,
Rollins,ROL,2013Q3,2013-09-30,분기말 부채총계,353572000,USD,공시,https://www.sec.gov/Archives/edgar/data/84839/000155278113000025/,
Rollins,ROL,2013Q3,2013-09-30,분기말 총자본(자기자본),407292000,USD,공시(비지배 없음),https://www.sec.gov/Archives/edgar/data/84839/000155278113000025/,"StockholdersEquity, MinorityInterest 태그 없음"
Rollins,ROL,2013Q3,2013-09-30,분기말 지배지분 자본,407292000,USD,공시,https://www.sec.gov/Archives/edgar/data/84839/000155278113000025/,
Rollins,ROL,2013Q3,2013-09-30,분기말 종가,26.51,USD,API,https://query1.finance.yahoo.com/v8/finance/chart/ROL?interval=1d&events=splits (2013-09-30),분할조정 종가 7.8548 × 이후 분할계수 3.375
Rollins,ROL,2013Q3,2013-10-15,분기말 상장주식수,145878996,주,공시(표지 기준일),https://www.sec.gov/Archives/edgar/data/84839/000155278113000025/,dei:EntityCommonStockSharesOutstanding 클래스 합
Rollins,ROL,2013Q3,2013-09-30,분기말 시가총액,3867252184,USD,계산(종가×주식수),https://query1.finance.yahoo.com/v8/finance/chart/ROL?interval=1d&events=splits (2013-09-30) ; https://www.sec.gov/Archives/edgar/data/84839/000155278113000025/,종가 26.51 × 주식수 145878996
Rollins,ROL,2013Q4,2013-12-31,분기별 매출액,미확인,USD,미확인,https://www.sec.gov/Archives/edgar/data/84839/000155278114000153/,
Rollins,ROL,2013Q4,2013-12-31,분기별 영업이익,미확인,USD,미확인,https://www.sec.gov/Archives/edgar/data/84839/000155278114000153/,
Rollins,ROL,2013Q4,2013-12-31,분기별 당기순이익(지배),27957000,USD,"계산(연간-3분기누적, 보통주 귀속)",https://www.sec.gov/Archives/edgar/data/84839/000155278114000153/ ; https://www.sec.gov/Archives/edgar/data/84839/000155278113000025/,연간 123330000 − 9개월누적 95373000 (NetIncomeLossAvailableToCommonStockholdersBasic)
Rollins,ROL,2013Q4,2013-12-31,분기별 영업활동현금흐름,35146000,USD,계산(누적차감),https://www.sec.gov/Archives/edgar/data/84839/000155278114000153/ ; https://www.sec.gov/Archives/edgar/data/84839/000155278113000025/,누적 162665000 − 직전누적 127519000 (시작 2013-01-01)
Rollins,ROL,2013Q4,2013-12-31,분기말 자산총계,739217000,USD,공시,https://www.sec.gov/Archives/edgar/data/84839/000155278114000153/,
Rollins,ROL,2013Q4,2013-12-31,분기말 부채총계,300962000,USD,공시,https://www.sec.gov/Archives/edgar/data/84839/000155278114000153/,
Rollins,ROL,2013Q4,2013-12-31,분기말 총자본(자기자본),438255000,USD,공시(비지배 없음),https://www.sec.gov/Archives/edgar/data/84839/000155278114000153/,"StockholdersEquity, MinorityInterest 태그 없음"
Rollins,ROL,2013Q4,2013-12-31,분기말 지배지분 자본,438255000,USD,공시,https://www.sec.gov/Archives/edgar/data/84839/000155278114000153/,
Rollins,ROL,2013Q4,2013-12-31,분기말 종가,30.29,USD,API,https://query1.finance.yahoo.com/v8/finance/chart/ROL?interval=1d&events=splits (2013-12-31),분할조정 종가 8.9748 × 이후 분할계수 3.375
Rollins,ROL,2013Q4,2014-01-31,분기말 상장주식수,146093456,주,공시(표지 기준일),https://www.sec.gov/Archives/edgar/data/84839/000155278114000153/,dei:EntityCommonStockSharesOutstanding 클래스 합
Rollins,ROL,2013Q4,2013-12-31,분기말 시가총액,4425170782,USD,계산(종가×주식수),https://query1.finance.yahoo.com/v8/finance/chart/ROL?interval=1d&events=splits (2013-12-31) ; https://www.sec.gov/Archives/edgar/data/84839/000155278114000153/,종가 30.29 × 주식수 146093456
Rollins,ROL,2014Q1,2014-03-31,분기별 매출액,미확인,USD,미확인,https://www.sec.gov/Archives/edgar/data/84839/000155278114000346/,
Rollins,ROL,2014Q1,2014-03-31,분기별 영업이익,미확인,USD,미확인,https://www.sec.gov/Archives/edgar/data/84839/000155278114000346/,
Rollins,ROL,2014Q1,2014-03-31,분기별 당기순이익(지배),25766000,USD,공시(보통주 귀속),https://www.sec.gov/Archives/edgar/data/84839/000155278114000346/,
Rollins,ROL,2014Q1,2014-03-31,분기별 영업활동현금흐름,41182000,USD,공시,https://www.sec.gov/Archives/edgar/data/84839/000155278114000346/,
Rollins,ROL,2014Q1,2014-03-31,분기말 자산총계,765661000,USD,공시,https://www.sec.gov/Archives/edgar/data/84839/000155278114000346/,
Rollins,ROL,2014Q1,2014-03-31,분기말 부채총계,315895000,USD,공시,https://www.sec.gov/Archives/edgar/data/84839/000155278114000346/,
Rollins,ROL,2014Q1,2014-03-31,분기말 총자본(자기자본),449766000,USD,공시(비지배 없음),https://www.sec.gov/Archives/edgar/data/84839/000155278114000346/,"StockholdersEquity, MinorityInterest 태그 없음"
Rollins,ROL,2014Q1,2014-03-31,분기말 지배지분 자본,449766000,USD,공시,https://www.sec.gov/Archives/edgar/data/84839/000155278114000346/,
Rollins,ROL,2014Q1,2014-03-31,분기말 종가,30.24,USD,API,https://query1.finance.yahoo.com/v8/finance/chart/ROL?interval=1d&events=splits (2014-03-31),분할조정 종가 8.96 × 이후 분할계수 3.375
Rollins,ROL,2014Q1,2014-04-15,분기말 상장주식수,146023560,주,공시(표지 기준일),https://www.sec.gov/Archives/edgar/data/84839/000155278114000346/,dei:EntityCommonStockSharesOutstanding 클래스 합
Rollins,ROL,2014Q1,2014-03-31,분기말 시가총액,4415752454,USD,계산(종가×주식수),https://query1.finance.yahoo.com/v8/finance/chart/ROL?interval=1d&events=splits (2014-03-31) ; https://www.sec.gov/Archives/edgar/data/84839/000155278114000346/,종가 30.24 × 주식수 146023560
Rollins,ROL,2014Q2,2014-06-30,분기별 매출액,미확인,USD,미확인,https://www.sec.gov/Archives/edgar/data/84839/000155278114000669/,
Rollins,ROL,2014Q2,2014-06-30,분기별 영업이익,미확인,USD,미확인,https://www.sec.gov/Archives/edgar/data/84839/000155278114000669/,
Rollins,ROL,2014Q2,2014-06-30,분기별 당기순이익(지배),40860000,USD,공시(보통주 귀속),https://www.sec.gov/Archives/edgar/data/84839/000155278114000669/,
Rollins,ROL,2014Q2,2014-06-30,분기별 영업활동현금흐름,48829000,USD,계산(누적차감),https://www.sec.gov/Archives/edgar/data/84839/000155278114000669/ ; https://www.sec.gov/Archives/edgar/data/84839/000155278114000346/,누적 90011000 − 직전누적 41182000 (시작 2014-01-01)
Rollins,ROL,2014Q2,2014-06-30,분기말 자산총계,804589000,USD,공시,https://www.sec.gov/Archives/edgar/data/84839/000155278114000669/,
Rollins,ROL,2014Q2,2014-06-30,분기말 부채총계,329047000,USD,공시,https://www.sec.gov/Archives/edgar/data/84839/000155278114000669/,
Rollins,ROL,2014Q2,2014-06-30,분기말 총자본(자기자본),475542000,USD,공시(비지배 없음),https://www.sec.gov/Archives/edgar/data/84839/000155278114000669/,"StockholdersEquity, MinorityInterest 태그 없음"
Rollins,ROL,2014Q2,2014-06-30,분기말 지배지분 자본,475542000,USD,공시,https://www.sec.gov/Archives/edgar/data/84839/000155278114000669/,
Rollins,ROL,2014Q2,2014-06-30,분기말 종가,30.0,USD,API,https://query1.finance.yahoo.com/v8/finance/chart/ROL?interval=1d&events=splits (2014-06-30),분할조정 종가 8.8889 × 이후 분할계수 3.375
Rollins,ROL,2014Q2,2014-07-15,분기말 상장주식수,145749359,주,공시(표지 기준일),https://www.sec.gov/Archives/edgar/data/84839/000155278114000669/,dei:EntityCommonStockSharesOutstanding 클래스 합
Rollins,ROL,2014Q2,2014-06-30,분기말 시가총액,4372480770,USD,계산(종가×주식수),https://query1.finance.yahoo.com/v8/finance/chart/ROL?interval=1d&events=splits (2014-06-30) ; https://www.sec.gov/Archives/edgar/data/84839/000155278114000669/,종가 30.0 × 주식수 145749359
Rollins,ROL,2014Q3,2014-09-30,분기별 매출액,미확인,USD,미확인,https://www.sec.gov/Archives/edgar/data/84839/000155278114000912/,
Rollins,ROL,2014Q3,2014-09-30,분기별 영업이익,미확인,USD,미확인,https://www.sec.gov/Archives/edgar/data/84839/000155278114000912/,
Rollins,ROL,2014Q3,2014-09-30,분기별 당기순이익(지배),41121000,USD,공시(보통주 귀속),https://www.sec.gov/Archives/edgar/data/84839/000155278114000912/,
Rollins,ROL,2014Q3,2014-09-30,분기별 영업활동현금흐름,67416000,USD,계산(누적차감),https://www.sec.gov/Archives/edgar/data/84839/000155278114000912/ ; https://www.sec.gov/Archives/edgar/data/84839/000155278114000669/,누적 157427000 − 직전누적 90011000 (시작 2014-01-01)
Rollins,ROL,2014Q3,2014-09-30,분기말 자산총계,826634000,USD,공시,https://www.sec.gov/Archives/edgar/data/84839/000155278114000912/,
Rollins,ROL,2014Q3,2014-09-30,분기말 부채총계,335621000,USD,공시,https://www.sec.gov/Archives/edgar/data/84839/000155278114000912/,
Rollins,ROL,2014Q3,2014-09-30,분기말 총자본(자기자본),491013000,USD,공시(비지배 없음),https://www.sec.gov/Archives/edgar/data/84839/000155278114000912/,"StockholdersEquity, MinorityInterest 태그 없음"
Rollins,ROL,2014Q3,2014-09-30,분기말 지배지분 자본,491013000,USD,공시,https://www.sec.gov/Archives/edgar/data/84839/000155278114000912/,
Rollins,ROL,2014Q3,2014-09-30,분기말 종가,29.28,USD,API,https://query1.finance.yahoo.com/v8/finance/chart/ROL?interval=1d&events=splits (2014-09-30),분할조정 종가 8.6756 × 이후 분할계수 3.375
Rollins,ROL,2014Q3,2014-10-15,분기말 상장주식수,145525975,주,공시(표지 기준일),https://www.sec.gov/Archives/edgar/data/84839/000155278114000912/,dei:EntityCommonStockSharesOutstanding 클래스 합
Rollins,ROL,2014Q3,2014-09-30,분기말 시가총액,4261000548,USD,계산(종가×주식수),https://query1.finance.yahoo.com/v8/finance/chart/ROL?interval=1d&events=splits (2014-09-30) ; https://www.sec.gov/Archives/edgar/data/84839/000155278114000912/,종가 29.28 × 주식수 145525975
Rollins,ROL,2014Q4,2014-12-31,분기별 매출액,미확인,USD,미확인,https://www.sec.gov/Archives/edgar/data/84839/000155278115000273/,
Rollins,ROL,2014Q4,2014-12-31,분기별 영업이익,미확인,USD,미확인,https://www.sec.gov/Archives/edgar/data/84839/000155278115000273/,
Rollins,ROL,2014Q4,2014-12-31,분기별 당기순이익(지배),29917000,USD,"계산(연간-3분기누적, 보통주 귀속)",https://www.sec.gov/Archives/edgar/data/84839/000155278115000273/ ; https://www.sec.gov/Archives/edgar/data/84839/000155278114000912/,연간 137664000 − 9개월누적 107747000 (NetIncomeLossAvailableToCommonStockholdersBasic)
Rollins,ROL,2014Q4,2014-12-31,분기별 영업활동현금흐름,36719000,USD,계산(누적차감),https://www.sec.gov/Archives/edgar/data/84839/000155278115000273/ ; https://www.sec.gov/Archives/edgar/data/84839/000155278114000912/,누적 194146000 − 직전누적 157427000 (시작 2014-01-01)
Rollins,ROL,2014Q4,2014-12-31,분기말 자산총계,808162000,USD,공시,https://www.sec.gov/Archives/edgar/data/84839/000155278115000273/,
Rollins,ROL,2014Q4,2014-12-31,분기말 부채총계,345486000,USD,공시,https://www.sec.gov/Archives/edgar/data/84839/000155278115000273/,
Rollins,ROL,2014Q4,2014-12-31,분기말 총자본(자기자본),462676000,USD,공시(비지배 없음),https://www.sec.gov/Archives/edgar/data/84839/000155278115000273/,"StockholdersEquity, MinorityInterest 태그 없음"
Rollins,ROL,2014Q4,2014-12-31,분기말 지배지분 자본,462676000,USD,공시,https://www.sec.gov/Archives/edgar/data/84839/000155278115000273/,
Rollins,ROL,2014Q4,2014-12-31,분기말 종가,33.1,USD,API,https://query1.finance.yahoo.com/v8/finance/chart/ROL?interval=1d&events=splits (2014-12-31),분할조정 종가 9.8074 × 이후 분할계수 3.375
Rollins,ROL,2014Q4,2015-01-31,분기말 상장주식수,145783052,주,공시(표지 기준일),https://www.sec.gov/Archives/edgar/data/84839/000155278115000273/,dei:EntityCommonStockSharesOutstanding 클래스 합
Rollins,ROL,2014Q4,2014-12-31,분기말 시가총액,4825419021,USD,계산(종가×주식수),https://query1.finance.yahoo.com/v8/finance/chart/ROL?interval=1d&events=splits (2014-12-31) ; https://www.sec.gov/Archives/edgar/data/84839/000155278115000273/,종가 33.1 × 주식수 145783052
Rollins,ROL,2015Q1,2015-03-31,분기별 매출액,미확인,USD,미확인,https://www.sec.gov/Archives/edgar/data/84839/000155278115000531/,
Rollins,ROL,2015Q1,2015-03-31,분기별 영업이익,미확인,USD,미확인,https://www.sec.gov/Archives/edgar/data/84839/000155278115000531/,
Rollins,ROL,2015Q1,2015-03-31,분기별 당기순이익(지배),30281000,USD,공시(보통주 귀속),https://www.sec.gov/Archives/edgar/data/84839/000155278115000531/,
Rollins,ROL,2015Q1,2015-03-31,분기별 영업활동현금흐름,44054000,USD,공시,https://www.sec.gov/Archives/edgar/data/84839/000155278115000531/,
Rollins,ROL,2015Q1,2015-03-31,분기말 자산총계,801262000,USD,공시,https://www.sec.gov/Archives/edgar/data/84839/000155278115000531/,
Rollins,ROL,2015Q1,2015-03-31,분기말 부채총계,334282000,USD,공시,https://www.sec.gov/Archives/edgar/data/84839/000155278115000531/,
Rollins,ROL,2015Q1,2015-03-31,분기말 총자본(자기자본),466980000,USD,공시(비지배 없음),https://www.sec.gov/Archives/edgar/data/84839/000155278115000531/,"StockholdersEquity, MinorityInterest 태그 없음"
Rollins,ROL,2015Q1,2015-03-31,분기말 지배지분 자본,466980000,USD,공시,https://www.sec.gov/Archives/edgar/data/84839/000155278115000531/,
Rollins,ROL,2015Q1,2015-03-31,분기말 종가,24.73,USD,API,https://query1.finance.yahoo.com/v8/finance/chart/ROL?interval=1d&events=splits (2015-03-31),분할조정 종가 10.9911 × 이후 분할계수 2.25
Rollins,ROL,2015Q1,2015-04-15,분기말 상장주식수,218640608,주,공시(표지 기준일),https://www.sec.gov/Archives/edgar/data/84839/000155278115000531/,dei:EntityCommonStockSharesOutstanding 클래스 합
Rollins,ROL,2015Q1,2015-03-31,분기말 시가총액,5406982236,USD,계산(종가×주식수),https://query1.finance.yahoo.com/v8/finance/chart/ROL?interval=1d&events=splits (2015-03-31) ; https://www.sec.gov/Archives/edgar/data/84839/000155278115000531/,종가 24.73 × 주식수 218640608
Rollins,ROL,2015Q2,2015-06-30,분기별 매출액,미확인,USD,미확인,https://www.sec.gov/Archives/edgar/data/84839/000155278115000727/,
Rollins,ROL,2015Q2,2015-06-30,분기별 영업이익,미확인,USD,미확인,https://www.sec.gov/Archives/edgar/data/84839/000155278115000727/,
Rollins,ROL,2015Q2,2015-06-30,분기별 당기순이익(지배),45073000,USD,공시(보통주 귀속),https://www.sec.gov/Archives/edgar/data/84839/000155278115000727/,
Rollins,ROL,2015Q2,2015-06-30,분기별 영업활동현금흐름,45201000,USD,계산(누적차감),https://www.sec.gov/Archives/edgar/data/84839/000155278115000727/ ; https://www.sec.gov/Archives/edgar/data/84839/000155278115000531/,누적 89255000 − 직전누적 44054000 (시작 2015-01-01)
Rollins,ROL,2015Q2,2015-06-30,분기말 자산총계,848761000,USD,공시,https://www.sec.gov/Archives/edgar/data/84839/000155278115000727/,
Rollins,ROL,2015Q2,2015-06-30,분기말 부채총계,351518000,USD,공시,https://www.sec.gov/Archives/edgar/data/84839/000155278115000727/,
Rollins,ROL,2015Q2,2015-06-30,분기말 총자본(자기자본),497243000,USD,공시(비지배 없음),https://www.sec.gov/Archives/edgar/data/84839/000155278115000727/,"StockholdersEquity, MinorityInterest 태그 없음"
Rollins,ROL,2015Q2,2015-06-30,분기말 지배지분 자본,497243000,USD,공시,https://www.sec.gov/Archives/edgar/data/84839/000155278115000727/,
Rollins,ROL,2015Q2,2015-06-30,분기말 종가,28.53,USD,API,https://query1.finance.yahoo.com/v8/finance/chart/ROL?interval=1d&events=splits (2015-06-30),분할조정 종가 12.68 × 이후 분할계수 2.25
Rollins,ROL,2015Q2,2015-07-15,분기말 상장주식수,218595370,주,공시(표지 기준일),https://www.sec.gov/Archives/edgar/data/84839/000155278115000727/,dei:EntityCommonStockSharesOutstanding 클래스 합
Rollins,ROL,2015Q2,2015-06-30,분기말 시가총액,6236525906,USD,계산(종가×주식수),https://query1.finance.yahoo.com/v8/finance/chart/ROL?interval=1d&events=splits (2015-06-30) ; https://www.sec.gov/Archives/edgar/data/84839/000155278115000727/,종가 28.53 × 주식수 218595370
Rollins,ROL,2015Q3,2015-09-30,분기별 매출액,미확인,USD,미확인,https://www.sec.gov/Archives/edgar/data/84839/000155278115000957/,
Rollins,ROL,2015Q3,2015-09-30,분기별 영업이익,미확인,USD,미확인,https://www.sec.gov/Archives/edgar/data/84839/000155278115000957/,
Rollins,ROL,2015Q3,2015-09-30,분기별 당기순이익(지배),45046000,USD,공시(보통주 귀속),https://www.sec.gov/Archives/edgar/data/84839/000155278115000957/,
Rollins,ROL,2015Q3,2015-09-30,분기별 영업활동현금흐름,54569000,USD,계산(누적차감),https://www.sec.gov/Archives/edgar/data/84839/000155278115000957/ ; https://www.sec.gov/Archives/edgar/data/84839/000155278115000727/,누적 143824000 − 직전누적 89255000 (시작 2015-01-01)
Rollins,ROL,2015Q3,2015-09-30,분기말 자산총계,862339000,USD,공시,https://www.sec.gov/Archives/edgar/data/84839/000155278115000957/,
Rollins,ROL,2015Q3,2015-09-30,분기말 부채총계,342909000,USD,공시,https://www.sec.gov/Archives/edgar/data/84839/000155278115000957/,
Rollins,ROL,2015Q3,2015-09-30,분기말 총자본(자기자본),519430000,USD,공시(비지배 없음),https://www.sec.gov/Archives/edgar/data/84839/000155278115000957/,"StockholdersEquity, MinorityInterest 태그 없음"
Rollins,ROL,2015Q3,2015-09-30,분기말 지배지분 자본,519430000,USD,공시,https://www.sec.gov/Archives/edgar/data/84839/000155278115000957/,
Rollins,ROL,2015Q3,2015-09-30,분기말 종가,26.87,USD,API,https://query1.finance.yahoo.com/v8/finance/chart/ROL?interval=1d&events=splits (2015-09-30),분할조정 종가 11.9422 × 이후 분할계수 2.25
Rollins,ROL,2015Q3,2015-10-15,분기말 상장주식수,218590333,주,공시(표지 기준일),https://www.sec.gov/Archives/edgar/data/84839/000155278115000957/,dei:EntityCommonStockSharesOutstanding 클래스 합
Rollins,ROL,2015Q3,2015-09-30,분기말 시가총액,5873522248,USD,계산(종가×주식수),https://query1.finance.yahoo.com/v8/finance/chart/ROL?interval=1d&events=splits (2015-09-30) ; https://www.sec.gov/Archives/edgar/data/84839/000155278115000957/,종가 26.87 × 주식수 218590333
Rollins,ROL,2015Q4,2015-12-31,분기별 매출액,미확인,USD,미확인,https://www.sec.gov/Archives/edgar/data/84839/000155278116001318/,
Rollins,ROL,2015Q4,2015-12-31,분기별 영업이익,미확인,USD,미확인,https://www.sec.gov/Archives/edgar/data/84839/000155278116001318/,
Rollins,ROL,2015Q4,2015-12-31,분기별 당기순이익(지배),31749000,USD,"계산(연간-3분기누적, 보통주 귀속)",https://www.sec.gov/Archives/edgar/data/84839/000155278116001318/ ; https://www.sec.gov/Archives/edgar/data/84839/000155278115000957/,연간 152149000 − 9개월누적 120400000 (NetIncomeLossAvailableToCommonStockholdersBasic)
Rollins,ROL,2015Q4,2015-12-31,분기별 영업활동현금흐름,52532000,USD,계산(누적차감),https://www.sec.gov/Archives/edgar/data/84839/000155278116001318/ ; https://www.sec.gov/Archives/edgar/data/84839/000155278115000957/,누적 196356000 − 직전누적 143824000 (시작 2015-01-01)
Rollins,ROL,2015Q4,2015-12-31,분기말 자산총계,848651000,USD,공시(재작성 반영),https://www.sec.gov/Archives/edgar/data/84839/000117120017000077/,원 공시 852431000 (https://www.sec.gov/Archives/edgar/data/84839/000155278116001318/)
Rollins,ROL,2015Q4,2015-12-31,분기말 부채총계,324622000,USD,공시(재작성 반영),https://www.sec.gov/Archives/edgar/data/84839/000117120017000077/,원 공시 328402000 (https://www.sec.gov/Archives/edgar/data/84839/000155278116001318/)
Rollins,ROL,2015Q4,2015-12-31,분기말 총자본(자기자본),524029000,USD,공시(비지배 없음),https://www.sec.gov/Archives/edgar/data/84839/000155278116001318/,"StockholdersEquity, MinorityInterest 태그 없음"
Rollins,ROL,2015Q4,2015-12-31,분기말 지배지분 자본,524029000,USD,공시,https://www.sec.gov/Archives/edgar/data/84839/000155278116001318/,
Rollins,ROL,2015Q4,2015-12-31,분기말 종가,25.9,USD,API,https://query1.finance.yahoo.com/v8/finance/chart/ROL?interval=1d&events=splits (2015-12-31),분할조정 종가 11.5111 × 이후 분할계수 2.25
Rollins,ROL,2015Q4,2016-01-31,분기말 상장주식수,218806458,주,공시(표지 기준일),https://www.sec.gov/Archives/edgar/data/84839/000155278116001318/,dei:EntityCommonStockSharesOutstanding 클래스 합
Rollins,ROL,2015Q4,2015-12-31,분기말 시가총액,5667087262,USD,계산(종가×주식수),https://query1.finance.yahoo.com/v8/finance/chart/ROL?interval=1d&events=splits (2015-12-31) ; https://www.sec.gov/Archives/edgar/data/84839/000155278116001318/,종가 25.9 × 주식수 218806458
Rollins,ROL,2016Q1,2016-03-31,분기별 매출액,미확인,USD,미확인,https://www.sec.gov/Archives/edgar/data/84839/000155278116001596/,
Rollins,ROL,2016Q1,2016-03-31,분기별 영업이익,미확인,USD,미확인,https://www.sec.gov/Archives/edgar/data/84839/000155278116001596/,
Rollins,ROL,2016Q1,2016-03-31,분기별 당기순이익(지배),31928000,USD,공시(보통주 귀속),https://www.sec.gov/Archives/edgar/data/84839/000155278116001596/,
Rollins,ROL,2016Q1,2016-03-31,분기별 영업활동현금흐름,41344000,USD,공시,https://www.sec.gov/Archives/edgar/data/84839/000155278116001596/,
Rollins,ROL,2016Q1,2016-03-31,분기말 자산총계,873015000,USD,공시,https://www.sec.gov/Archives/edgar/data/84839/000155278116001596/,
Rollins,ROL,2016Q1,2016-03-31,분기말 부채총계,331456000,USD,공시,https://www.sec.gov/Archives/edgar/data/84839/000155278116001596/,
Rollins,ROL,2016Q1,2016-03-31,분기말 총자본(자기자본),541559000,USD,공시(비지배 없음),https://www.sec.gov/Archives/edgar/data/84839/000155278116001596/,"StockholdersEquity, MinorityInterest 태그 없음"
Rollins,ROL,2016Q1,2016-03-31,분기말 지배지분 자본,541559000,USD,공시,https://www.sec.gov/Archives/edgar/data/84839/000155278116001596/,
Rollins,ROL,2016Q1,2016-03-31,분기말 종가,27.12,USD,API,https://query1.finance.yahoo.com/v8/finance/chart/ROL?interval=1d&events=splits (2016-03-31),분할조정 종가 12.0533 × 이후 분할계수 2.25
Rollins,ROL,2016Q1,2016-04-15,분기말 상장주식수,218698370,주,공시(표지 기준일),https://www.sec.gov/Archives/edgar/data/84839/000155278116001596/,dei:EntityCommonStockSharesOutstanding 클래스 합
Rollins,ROL,2016Q1,2016-03-31,분기말 시가총액,5931099794,USD,계산(종가×주식수),https://query1.finance.yahoo.com/v8/finance/chart/ROL?interval=1d&events=splits (2016-03-31) ; https://www.sec.gov/Archives/edgar/data/84839/000155278116001596/,종가 27.12 × 주식수 218698370
Rollins,ROL,2016Q2,2016-06-30,분기별 매출액,미확인,USD,미확인,https://www.sec.gov/Archives/edgar/data/84839/000155278116001857/,
Rollins,ROL,2016Q2,2016-06-30,분기별 영업이익,미확인,USD,미확인,https://www.sec.gov/Archives/edgar/data/84839/000155278116001857/,
Rollins,ROL,2016Q2,2016-06-30,분기별 당기순이익(지배),47783000,USD,공시(보통주 귀속),https://www.sec.gov/Archives/edgar/data/84839/000155278116001857/,
Rollins,ROL,2016Q2,2016-06-30,분기별 영업활동현금흐름,55178000,USD,계산(누적차감),https://www.sec.gov/Archives/edgar/data/84839/000155278116001857/ ; https://www.sec.gov/Archives/edgar/data/84839/000155278116001596/,누적 96522000 − 직전누적 41344000 (시작 2016-01-01)
Rollins,ROL,2016Q2,2016-06-30,분기말 자산총계,905601000,USD,공시,https://www.sec.gov/Archives/edgar/data/84839/000155278116001857/,
Rollins,ROL,2016Q2,2016-06-30,분기말 부채총계,347281000,USD,공시,https://www.sec.gov/Archives/edgar/data/84839/000155278116001857/,
Rollins,ROL,2016Q2,2016-06-30,분기말 총자본(자기자본),558320000,USD,공시(비지배 없음),https://www.sec.gov/Archives/edgar/data/84839/000155278116001857/,"StockholdersEquity, MinorityInterest 태그 없음"
Rollins,ROL,2016Q2,2016-06-30,분기말 지배지분 자본,558320000,USD,공시,https://www.sec.gov/Archives/edgar/data/84839/000155278116001857/,
Rollins,ROL,2016Q2,2016-06-30,분기말 종가,29.27,USD,API,https://query1.finance.yahoo.com/v8/finance/chart/ROL?interval=1d&events=splits (2016-06-30),분할조정 종가 13.0089 × 이후 분할계수 2.25
Rollins,ROL,2016Q2,2016-07-15,분기말 상장주식수,218300161,주,공시(표지 기준일),https://www.sec.gov/Archives/edgar/data/84839/000155278116001857/,dei:EntityCommonStockSharesOutstanding 클래스 합
Rollins,ROL,2016Q2,2016-06-30,분기말 시가총액,6389645712,USD,계산(종가×주식수),https://query1.finance.yahoo.com/v8/finance/chart/ROL?interval=1d&events=splits (2016-06-30) ; https://www.sec.gov/Archives/edgar/data/84839/000155278116001857/,종가 29.27 × 주식수 218300161
Rollins,ROL,2016Q3,2016-09-30,분기별 매출액,미확인,USD,미확인,https://www.sec.gov/Archives/edgar/data/84839/000155278116002022/,
Rollins,ROL,2016Q3,2016-09-30,분기별 영업이익,미확인,USD,미확인,https://www.sec.gov/Archives/edgar/data/84839/000155278116002022/,
Rollins,ROL,2016Q3,2016-09-30,분기별 당기순이익(지배),49651000,USD,공시(보통주 귀속),https://www.sec.gov/Archives/edgar/data/84839/000155278116002022/,
Rollins,ROL,2016Q3,2016-09-30,분기별 영업활동현금흐름,61637000,USD,계산(누적차감),https://www.sec.gov/Archives/edgar/data/84839/000155278116002022/ ; https://www.sec.gov/Archives/edgar/data/84839/000155278116001857/,누적 158159000 − 직전누적 96522000 (시작 2016-01-01)
Rollins,ROL,2016Q3,2016-09-30,분기말 자산총계,921515000,USD,공시,https://www.sec.gov/Archives/edgar/data/84839/000155278116002022/,
Rollins,ROL,2016Q3,2016-09-30,분기말 부채총계,347286000,USD,공시,https://www.sec.gov/Archives/edgar/data/84839/000155278116002022/,
Rollins,ROL,2016Q3,2016-09-30,분기말 총자본(자기자본),574229000,USD,공시(비지배 없음),https://www.sec.gov/Archives/edgar/data/84839/000155278116002022/,"StockholdersEquity, MinorityInterest 태그 없음"
Rollins,ROL,2016Q3,2016-09-30,분기말 지배지분 자본,574229000,USD,공시,https://www.sec.gov/Archives/edgar/data/84839/000155278116002022/,
Rollins,ROL,2016Q3,2016-09-30,분기말 종가,29.28,USD,API,https://query1.finance.yahoo.com/v8/finance/chart/ROL?interval=1d&events=splits (2016-09-30),분할조정 종가 13.0133 × 이후 분할계수 2.25
Rollins,ROL,2016Q3,2016-10-15,분기말 상장주식수,217830498,주,공시(표지 기준일),https://www.sec.gov/Archives/edgar/data/84839/000155278116002022/,dei:EntityCommonStockSharesOutstanding 클래스 합
Rollins,ROL,2016Q3,2016-09-30,분기말 시가총액,6378076981,USD,계산(종가×주식수),https://query1.finance.yahoo.com/v8/finance/chart/ROL?interval=1d&events=splits (2016-09-30) ; https://www.sec.gov/Archives/edgar/data/84839/000155278116002022/,종가 29.28 × 주식수 217830498
Rollins,ROL,2016Q4,2016-12-31,분기별 매출액,미확인,USD,미확인,https://www.sec.gov/Archives/edgar/data/84839/000117120017000077/,
Rollins,ROL,2016Q4,2016-12-31,분기별 영업이익,미확인,USD,미확인,https://www.sec.gov/Archives/edgar/data/84839/000117120017000077/,
Rollins,ROL,2016Q4,2016-12-31,분기별 당기순이익(지배),38007000,USD,"계산(연간-3분기누적, 보통주 귀속)",https://www.sec.gov/Archives/edgar/data/84839/000117120017000077/ ; https://www.sec.gov/Archives/edgar/data/84839/000155278116002022/,연간 167369000 − 9개월누적 129362000 (NetIncomeLossAvailableToCommonStockholdersBasic)
Rollins,ROL,2016Q4,2016-12-31,분기별 영업활동현금흐름,68366000,USD,계산(누적차감),https://www.sec.gov/Archives/edgar/data/84839/000117120017000077/ ; https://www.sec.gov/Archives/edgar/data/84839/000155278116002022/,누적 226525000 − 직전누적 158159000 (시작 2016-01-01)
Rollins,ROL,2016Q4,2016-12-31,분기말 자산총계,916538000,USD,공시,https://www.sec.gov/Archives/edgar/data/84839/000117120017000077/,
Rollins,ROL,2016Q4,2016-12-31,분기말 부채총계,347993000,USD,공시,https://www.sec.gov/Archives/edgar/data/84839/000117120017000077/,
Rollins,ROL,2016Q4,2016-12-31,분기말 총자본(자기자본),568545000,USD,공시(비지배 없음),https://www.sec.gov/Archives/edgar/data/84839/000117120017000077/,"StockholdersEquity, MinorityInterest 태그 없음"
Rollins,ROL,2016Q4,2016-12-31,분기말 지배지분 자본,568545000,USD,공시,https://www.sec.gov/Archives/edgar/data/84839/000117120017000077/,
Rollins,ROL,2016Q4,2016-12-30,분기말 종가,33.78,USD,API,https://query1.finance.yahoo.com/v8/finance/chart/ROL?interval=1d&events=splits (2016-12-30),분할조정 종가 15.0133 × 이후 분할계수 2.25
Rollins,ROL,2016Q4,2017-01-31,분기말 상장주식수,218032223,주,공시(표지 기준일),https://www.sec.gov/Archives/edgar/data/84839/000117120017000077/,dei:EntityCommonStockSharesOutstanding 클래스 합
Rollins,ROL,2016Q4,2016-12-30,분기말 시가총액,7365128493,USD,계산(종가×주식수),https://query1.finance.yahoo.com/v8/finance/chart/ROL?interval=1d&events=splits (2016-12-30) ; https://www.sec.gov/Archives/edgar/data/84839/000117120017000077/,종가 33.78 × 주식수 218032223
Rollins,ROL,2017Q1,2017-03-31,분기별 매출액,375247000,USD,공시(후속 보고서 비교기간),https://www.sec.gov/Archives/edgar/data/84839/000117120019000087/,Revenues ; 그 분기 보고서에 연결 총계가 없어 2019-03-01 제출본의 비교기간에서 읽었다
Rollins,ROL,2017Q1,2017-03-31,분기별 영업이익,미확인,USD,미확인,https://www.sec.gov/Archives/edgar/data/84839/000117120017000223/,
Rollins,ROL,2017Q1,2017-03-31,분기별 당기순이익(지배),40270000,USD,공시(보통주 귀속),https://www.sec.gov/Archives/edgar/data/84839/000117120017000223/,
Rollins,ROL,2017Q1,2017-03-31,분기별 영업활동현금흐름,58047000,USD,공시,https://www.sec.gov/Archives/edgar/data/84839/000117120017000223/,
Rollins,ROL,2017Q1,2017-03-31,분기말 자산총계,924865000,USD,공시,https://www.sec.gov/Archives/edgar/data/84839/000117120017000223/,
Rollins,ROL,2017Q1,2017-03-31,분기말 부채총계,341314000,USD,공시,https://www.sec.gov/Archives/edgar/data/84839/000117120017000223/,
Rollins,ROL,2017Q1,2017-03-31,분기말 총자본(자기자본),583551000,USD,공시(비지배 없음),https://www.sec.gov/Archives/edgar/data/84839/000117120017000223/,"StockholdersEquity, MinorityInterest 태그 없음"
Rollins,ROL,2017Q1,2017-03-31,분기말 지배지분 자본,583551000,USD,공시,https://www.sec.gov/Archives/edgar/data/84839/000117120017000223/,
Rollins,ROL,2017Q1,2017-03-31,분기말 종가,37.13,USD,API,https://query1.finance.yahoo.com/v8/finance/chart/ROL?interval=1d&events=splits (2017-03-31),분할조정 종가 16.5022 × 이후 분할계수 2.25
Rollins,ROL,2017Q1,2017-04-15,분기말 상장주식수,218008975,주,공시(표지 기준일),https://www.sec.gov/Archives/edgar/data/84839/000117120017000223/,dei:EntityCommonStockSharesOutstanding 클래스 합
Rollins,ROL,2017Q1,2017-03-31,분기말 시가총액,8094673242,USD,계산(종가×주식수),https://query1.finance.yahoo.com/v8/finance/chart/ROL?interval=1d&events=splits (2017-03-31) ; https://www.sec.gov/Archives/edgar/data/84839/000117120017000223/,종가 37.13 × 주식수 218008975
Rollins,ROL,2017Q2,2017-06-30,분기별 매출액,433555000,USD,공시(후속 보고서 비교기간),https://www.sec.gov/Archives/edgar/data/84839/000117120019000087/,Revenues ; 그 분기 보고서에 연결 총계가 없어 2019-03-01 제출본의 비교기간에서 읽었다
Rollins,ROL,2017Q2,2017-06-30,분기별 영업이익,미확인,USD,미확인,https://www.sec.gov/Archives/edgar/data/84839/000117120017000339/,
Rollins,ROL,2017Q2,2017-06-30,분기별 당기순이익(지배),53689000,USD,공시(보통주 귀속),https://www.sec.gov/Archives/edgar/data/84839/000117120017000339/,
Rollins,ROL,2017Q2,2017-06-30,분기별 영업활동현금흐름,61861000,USD,계산(누적차감),https://www.sec.gov/Archives/edgar/data/84839/000117120017000339/ ; https://www.sec.gov/Archives/edgar/data/84839/000117120017000223/,누적 119908000 − 직전누적 58047000 (시작 2017-01-01)
Rollins,ROL,2017Q2,2017-06-30,분기말 자산총계,980526000,USD,공시,https://www.sec.gov/Archives/edgar/data/84839/000117120017000339/,
Rollins,ROL,2017Q2,2017-06-30,분기말 부채총계,363064000,USD,공시,https://www.sec.gov/Archives/edgar/data/84839/000117120017000339/,
Rollins,ROL,2017Q2,2017-06-30,분기말 총자본(자기자본),617462000,USD,공시(비지배 없음),https://www.sec.gov/Archives/edgar/data/84839/000117120017000339/,"StockholdersEquity, MinorityInterest 태그 없음"
Rollins,ROL,2017Q2,2017-06-30,분기말 지배지분 자본,617462000,USD,공시,https://www.sec.gov/Archives/edgar/data/84839/000117120017000339/,
Rollins,ROL,2017Q2,2017-06-30,분기말 종가,40.71,USD,API,https://query1.finance.yahoo.com/v8/finance/chart/ROL?interval=1d&events=splits (2017-06-30),분할조정 종가 18.0933 × 이후 분할계수 2.25
Rollins,ROL,2017Q2,2017-07-14,분기말 상장주식수,217991142,주,공시(표지 기준일),https://www.sec.gov/Archives/edgar/data/84839/000117120017000339/,dei:EntityCommonStockSharesOutstanding 클래스 합
Rollins,ROL,2017Q2,2017-06-30,분기말 시가총액,8874419391,USD,계산(종가×주식수),https://query1.finance.yahoo.com/v8/finance/chart/ROL?interval=1d&events=splits (2017-06-30) ; https://www.sec.gov/Archives/edgar/data/84839/000117120017000339/,종가 40.71 × 주식수 217991142
Rollins,ROL,2017Q3,2017-09-30,분기별 매출액,450442000,USD,공시(후속 보고서 비교기간),https://www.sec.gov/Archives/edgar/data/84839/000117120019000087/,Revenues ; 그 분기 보고서에 연결 총계가 없어 2019-03-01 제출본의 비교기간에서 읽었다
Rollins,ROL,2017Q3,2017-09-30,분기별 영업이익,미확인,USD,미확인,https://www.sec.gov/Archives/edgar/data/84839/000117120017000410/,
Rollins,ROL,2017Q3,2017-09-30,분기별 당기순이익(지배),51430000,USD,공시(보통주 귀속),https://www.sec.gov/Archives/edgar/data/84839/000117120017000410/,
Rollins,ROL,2017Q3,2017-09-30,분기별 영업활동현금흐름,69479000,USD,계산(누적차감),https://www.sec.gov/Archives/edgar/data/84839/000117120017000410/ ; https://www.sec.gov/Archives/edgar/data/84839/000117120017000339/,누적 189387000 − 직전누적 119908000 (시작 2017-01-01)
Rollins,ROL,2017Q3,2017-09-30,분기말 자산총계,1046527000,USD,공시,https://www.sec.gov/Archives/edgar/data/84839/000117120017000410/,
Rollins,ROL,2017Q3,2017-09-30,분기말 부채총계,396088000,USD,공시,https://www.sec.gov/Archives/edgar/data/84839/000117120017000410/,
Rollins,ROL,2017Q3,2017-09-30,분기말 총자본(자기자본),650439000,USD,공시(비지배 없음),https://www.sec.gov/Archives/edgar/data/84839/000117120017000410/,"StockholdersEquity, MinorityInterest 태그 없음"
Rollins,ROL,2017Q3,2017-09-30,분기말 지배지분 자본,650439000,USD,공시,https://www.sec.gov/Archives/edgar/data/84839/000117120017000410/,
Rollins,ROL,2017Q3,2017-09-29,분기말 종가,46.14,USD,API,https://query1.finance.yahoo.com/v8/finance/chart/ROL?interval=1d&events=splits (2017-09-29),분할조정 종가 20.5067 × 이후 분할계수 2.25
Rollins,ROL,2017Q3,2017-10-16,분기말 상장주식수,217975154,주,공시(표지 기준일),https://www.sec.gov/Archives/edgar/data/84839/000117120017000410/,dei:EntityCommonStockSharesOutstanding 클래스 합
Rollins,ROL,2017Q3,2017-09-29,분기말 시가총액,10057373606,USD,계산(종가×주식수),https://query1.finance.yahoo.com/v8/finance/chart/ROL?interval=1d&events=splits (2017-09-29) ; https://www.sec.gov/Archives/edgar/data/84839/000117120017000410/,종가 46.14 × 주식수 217975154
Rollins,ROL,2017Q4,2017-12-31,분기별 매출액,미확인,USD,미확인,https://www.sec.gov/Archives/edgar/data/84839/000008483918000065/,
Rollins,ROL,2017Q4,2017-12-31,분기별 영업이익,미확인,USD,미확인,https://www.sec.gov/Archives/edgar/data/84839/000008483918000065/,
Rollins,ROL,2017Q4,2017-12-31,분기별 당기순이익(지배),33735000,USD,"계산(연간-3분기누적, 보통주 귀속)",https://www.sec.gov/Archives/edgar/data/84839/000008483918000065/ ; https://www.sec.gov/Archives/edgar/data/84839/000117120017000410/,연간 179124000 − 9개월누적 145389000 (NetIncomeLossAvailableToCommonStockholdersBasic)
Rollins,ROL,2017Q4,2017-12-31,분기별 영업활동현금흐름,45983000,USD,계산(누적차감),https://www.sec.gov/Archives/edgar/data/84839/000008483918000065/ ; https://www.sec.gov/Archives/edgar/data/84839/000117120017000410/,누적 235370000 − 직전누적 189387000 (시작 2017-01-01)
Rollins,ROL,2017Q4,2017-12-31,분기말 자산총계,1033663000,USD,공시,https://www.sec.gov/Archives/edgar/data/84839/000008483918000065/,
Rollins,ROL,2017Q4,2017-12-31,분기말 부채총계,379739000,USD,공시,https://www.sec.gov/Archives/edgar/data/84839/000008483918000065/,
Rollins,ROL,2017Q4,2017-12-31,분기말 총자본(자기자본),653924000,USD,공시(비지배 없음),https://www.sec.gov/Archives/edgar/data/84839/000008483918000065/,"StockholdersEquity, MinorityInterest 태그 없음"
Rollins,ROL,2017Q4,2017-12-31,분기말 지배지분 자본,653924000,USD,공시,https://www.sec.gov/Archives/edgar/data/84839/000008483918000065/,
Rollins,ROL,2017Q4,2017-12-29,분기말 종가,46.53,USD,API,https://query1.finance.yahoo.com/v8/finance/chart/ROL?interval=1d&events=splits (2017-12-29),분할조정 종가 20.68 × 이후 분할계수 2.25
Rollins,ROL,2017Q4,2018-01-31,분기말 상장주식수,218209925,주,공시(표지 기준일),https://www.sec.gov/Archives/edgar/data/84839/000008483918000065/,dei:EntityCommonStockSharesOutstanding 클래스 합
Rollins,ROL,2017Q4,2017-12-29,분기말 시가총액,10153307810,USD,계산(종가×주식수),https://query1.finance.yahoo.com/v8/finance/chart/ROL?interval=1d&events=splits (2017-12-29) ; https://www.sec.gov/Archives/edgar/data/84839/000008483918000065/,종가 46.53 × 주식수 218209925
Rollins,ROL,2018Q1,2018-03-31,분기별 매출액,408742000,USD,공시,https://www.sec.gov/Archives/edgar/data/84839/000008483918000097/,
Rollins,ROL,2018Q1,2018-03-31,분기별 영업이익,미확인,USD,미확인,https://www.sec.gov/Archives/edgar/data/84839/000008483918000097/,
Rollins,ROL,2018Q1,2018-03-31,분기별 당기순이익(지배),48525000,USD,공시(보통주 귀속),https://www.sec.gov/Archives/edgar/data/84839/000008483918000097/,
Rollins,ROL,2018Q1,2018-03-31,분기별 영업활동현금흐름,72748000,USD,공시,https://www.sec.gov/Archives/edgar/data/84839/000008483918000097/,
Rollins,ROL,2018Q1,2018-03-31,분기말 자산총계,1050696000,USD,공시,https://www.sec.gov/Archives/edgar/data/84839/000008483918000097/,
Rollins,ROL,2018Q1,2018-03-31,분기말 부채총계,387933000,USD,공시,https://www.sec.gov/Archives/edgar/data/84839/000008483918000097/,
Rollins,ROL,2018Q1,2018-03-31,분기말 총자본(자기자본),662763000,USD,공시(비지배 없음),https://www.sec.gov/Archives/edgar/data/84839/000008483918000097/,"StockholdersEquity, MinorityInterest 태그 없음"
Rollins,ROL,2018Q1,2018-03-31,분기말 지배지분 자본,662763000,USD,공시,https://www.sec.gov/Archives/edgar/data/84839/000008483918000097/,
Rollins,ROL,2018Q1,2018-03-29,분기말 종가,51.03,USD,API,https://query1.finance.yahoo.com/v8/finance/chart/ROL?interval=1d&events=splits (2018-03-29),분할조정 종가 22.68 × 이후 분할계수 2.25
Rollins,ROL,2018Q1,2018-04-16,분기말 상장주식수,218187939,주,공시(표지 기준일),https://www.sec.gov/Archives/edgar/data/84839/000008483918000097/,dei:EntityCommonStockSharesOutstanding 클래스 합
Rollins,ROL,2018Q1,2018-03-29,분기말 시가총액,11134130527,USD,계산(종가×주식수),https://query1.finance.yahoo.com/v8/finance/chart/ROL?interval=1d&events=splits (2018-03-29) ; https://www.sec.gov/Archives/edgar/data/84839/000008483918000097/,종가 51.03 × 주식수 218187939
Rollins,ROL,2018Q2,2018-06-30,분기별 매출액,480461000,USD,공시,https://www.sec.gov/Archives/edgar/data/84839/000008483918000126/,
Rollins,ROL,2018Q2,2018-06-30,분기별 영업이익,미확인,USD,미확인,https://www.sec.gov/Archives/edgar/data/84839/000008483918000126/,
Rollins,ROL,2018Q2,2018-06-30,분기별 당기순이익(지배),65542000,USD,공시(보통주 귀속),https://www.sec.gov/Archives/edgar/data/84839/000008483918000126/,
Rollins,ROL,2018Q2,2018-06-30,분기별 영업활동현금흐름,57761000,USD,계산(누적차감),https://www.sec.gov/Archives/edgar/data/84839/000008483918000126/ ; https://www.sec.gov/Archives/edgar/data/84839/000008483918000097/,누적 130509000 − 직전누적 72748000 (시작 2018-01-01)
Rollins,ROL,2018Q2,2018-06-30,분기말 자산총계,1105182000,USD,공시,https://www.sec.gov/Archives/edgar/data/84839/000008483918000126/,
Rollins,ROL,2018Q2,2018-06-30,분기말 부채총계,409371000,USD,공시,https://www.sec.gov/Archives/edgar/data/84839/000008483918000126/,
Rollins,ROL,2018Q2,2018-06-30,분기말 총자본(자기자본),695811000,USD,공시(비지배 없음),https://www.sec.gov/Archives/edgar/data/84839/000008483918000126/,"StockholdersEquity, MinorityInterest 태그 없음"
Rollins,ROL,2018Q2,2018-06-30,분기말 지배지분 자본,695811000,USD,공시,https://www.sec.gov/Archives/edgar/data/84839/000008483918000126/,
Rollins,ROL,2018Q2,2018-06-29,분기말 종가,52.58,USD,API,https://query1.finance.yahoo.com/v8/finance/chart/ROL?interval=1d&events=splits (2018-06-29),분할조정 종가 23.3689 × 이후 분할계수 2.25
Rollins,ROL,2018Q2,2018-07-16,분기말 상장주식수,218174643,주,공시(표지 기준일),https://www.sec.gov/Archives/edgar/data/84839/000008483918000126/,dei:EntityCommonStockSharesOutstanding 클래스 합
Rollins,ROL,2018Q2,2018-06-29,분기말 시가총액,11471622729,USD,계산(종가×주식수),https://query1.finance.yahoo.com/v8/finance/chart/ROL?interval=1d&events=splits (2018-06-29) ; https://www.sec.gov/Archives/edgar/data/84839/000008483918000126/,종가 52.58 × 주식수 218174643
Rollins,ROL,2018Q3,2018-09-30,분기별 매출액,487739000,USD,공시,https://www.sec.gov/Archives/edgar/data/84839/000117120018000227/,
Rollins,ROL,2018Q3,2018-09-30,분기별 영업이익,미확인,USD,미확인,https://www.sec.gov/Archives/edgar/data/84839/000117120018000227/,
Rollins,ROL,2018Q3,2018-09-30,분기별 당기순이익(지배),66628000,USD,공시(보통주 귀속),https://www.sec.gov/Archives/edgar/data/84839/000117120018000227/,
Rollins,ROL,2018Q3,2018-09-30,분기별 영업활동현금흐름,82765000,USD,계산(누적차감),https://www.sec.gov/Archives/edgar/data/84839/000117120018000227/ ; https://www.sec.gov/Archives/edgar/data/84839/000008483918000126/,누적 213274000 − 직전누적 130509000 (시작 2018-01-01)
Rollins,ROL,2018Q3,2018-09-30,분기말 자산총계,1129573000,USD,공시,https://www.sec.gov/Archives/edgar/data/84839/000117120018000227/,
Rollins,ROL,2018Q3,2018-09-30,분기말 부채총계,394815000,USD,공시,https://www.sec.gov/Archives/edgar/data/84839/000117120018000227/,
Rollins,ROL,2018Q3,2018-09-30,분기말 총자본(자기자본),734758000,USD,공시(비지배 없음),https://www.sec.gov/Archives/edgar/data/84839/000117120018000227/,"StockholdersEquity, MinorityInterest 태그 없음"
Rollins,ROL,2018Q3,2018-09-30,분기말 지배지분 자본,734758000,USD,공시,https://www.sec.gov/Archives/edgar/data/84839/000117120018000227/,
Rollins,ROL,2018Q3,2018-09-28,분기말 종가,60.69,USD,API,https://query1.finance.yahoo.com/v8/finance/chart/ROL?interval=1d&events=splits (2018-09-28),분할조정 종가 26.9733 × 이후 분할계수 2.25
Rollins,ROL,2018Q3,2018-10-16,분기말 상장주식수,218212261,주,공시(표지 기준일),https://www.sec.gov/Archives/edgar/data/84839/000117120018000227/,dei:EntityCommonStockSharesOutstanding 클래스 합
Rollins,ROL,2018Q3,2018-09-28,분기말 시가총액,13243302120,USD,계산(종가×주식수),https://query1.finance.yahoo.com/v8/finance/chart/ROL?interval=1d&events=splits (2018-09-28) ; https://www.sec.gov/Archives/edgar/data/84839/000117120018000227/,종가 60.69 × 주식수 218212261
Rollins,ROL,2018Q4,2018-12-31,분기별 매출액,444623000,USD,계산(연간-3분기누적),https://www.sec.gov/Archives/edgar/data/84839/000117120019000087/ ; https://www.sec.gov/Archives/edgar/data/84839/000117120018000227/,연간 1821565000 − 9개월누적 1376942000 (Revenues / 9개월 RevenueFromContractWithCustomerExcludingAssessedTax)
Rollins,ROL,2018Q4,2018-12-31,분기별 영업이익,미확인,USD,미확인,https://www.sec.gov/Archives/edgar/data/84839/000117120019000087/,
Rollins,ROL,2018Q4,2018-12-31,분기별 당기순이익(지배),50968000,USD,"계산(연간-3분기누적, 보통주 귀속)",https://www.sec.gov/Archives/edgar/data/84839/000117120019000087/ ; https://www.sec.gov/Archives/edgar/data/84839/000117120018000227/,연간 231663000 − 9개월누적 180695000 (NetIncomeLossAvailableToCommonStockholdersBasic)
Rollins,ROL,2018Q4,2018-12-31,분기별 영업활동현금흐름,72998000,USD,계산(누적차감),https://www.sec.gov/Archives/edgar/data/84839/000117120019000087/ ; https://www.sec.gov/Archives/edgar/data/84839/000117120018000227/,누적 286272000 − 직전누적 213274000 (시작 2018-01-01)
Rollins,ROL,2018Q4,2018-12-31,분기말 자산총계,1094124000,USD,공시,https://www.sec.gov/Archives/edgar/data/84839/000117120019000087/,
Rollins,ROL,2018Q4,2018-12-31,분기말 부채총계,382216000,USD,공시,https://www.sec.gov/Archives/edgar/data/84839/000117120019000087/,
Rollins,ROL,2018Q4,2018-12-31,분기말 총자본(자기자본),711908000,USD,공시(비지배 없음),https://www.sec.gov/Archives/edgar/data/84839/000117120019000087/,"StockholdersEquity, MinorityInterest 태그 없음"
Rollins,ROL,2018Q4,2018-12-31,분기말 지배지분 자본,711908000,USD,공시,https://www.sec.gov/Archives/edgar/data/84839/000117120019000087/,
Rollins,ROL,2018Q4,2018-12-31,분기말 종가,36.1,USD,API,https://query1.finance.yahoo.com/v8/finance/chart/ROL?interval=1d&events=splits (2018-12-31),분할조정 종가 24.0667 × 이후 분할계수 1.5
Rollins,ROL,2018Q4,2019-01-31,분기말 상장주식수,327532811,주,공시(표지 기준일),https://www.sec.gov/Archives/edgar/data/84839/000117120019000087/,dei:EntityCommonStockSharesOutstanding 클래스 합
Rollins,ROL,2018Q4,2018-12-31,분기말 시가총액,11823934477,USD,계산(종가×주식수),https://query1.finance.yahoo.com/v8/finance/chart/ROL?interval=1d&events=splits (2018-12-31) ; https://www.sec.gov/Archives/edgar/data/84839/000117120019000087/,종가 36.1 × 주식수 327532811
Rollins,ROL,2019Q1,2019-03-31,분기별 매출액,429069000,USD,공시,https://www.sec.gov/Archives/edgar/data/84839/000117120019000188/,
Rollins,ROL,2019Q1,2019-03-31,분기별 영업이익,미확인,USD,미확인,https://www.sec.gov/Archives/edgar/data/84839/000117120019000188/,
Rollins,ROL,2019Q1,2019-03-31,분기별 당기순이익(지배),44226000,USD,공시(보통주 귀속),https://www.sec.gov/Archives/edgar/data/84839/000117120019000188/,
Rollins,ROL,2019Q1,2019-03-31,분기별 영업활동현금흐름,61422000,USD,공시(재작성 반영),https://www.sec.gov/Archives/edgar/data/84839/000117120020000327/,원 공시 58615000 (https://www.sec.gov/Archives/edgar/data/84839/000117120019000188/)
Rollins,ROL,2019Q1,2019-03-31,분기말 자산총계,1272072000,USD,공시,https://www.sec.gov/Archives/edgar/data/84839/000117120019000188/,
Rollins,ROL,2019Q1,2019-03-31,분기말 부채총계,552948000,USD,공시,https://www.sec.gov/Archives/edgar/data/84839/000117120019000188/,
Rollins,ROL,2019Q1,2019-03-31,분기말 총자본(자기자본),719124000,USD,공시(비지배 없음),https://www.sec.gov/Archives/edgar/data/84839/000117120019000188/,"StockholdersEquity, MinorityInterest 태그 없음"
Rollins,ROL,2019Q1,2019-03-31,분기말 지배지분 자본,719124000,USD,공시,https://www.sec.gov/Archives/edgar/data/84839/000117120019000188/,
Rollins,ROL,2019Q1,2019-03-29,분기말 종가,41.62,USD,API,https://query1.finance.yahoo.com/v8/finance/chart/ROL?interval=1d&events=splits (2019-03-29),분할조정 종가 27.7467 × 이후 분할계수 1.5
Rollins,ROL,2019Q1,2019-04-16,분기말 상장주식수,327529782,주,공시(표지 기준일),https://www.sec.gov/Archives/edgar/data/84839/000117120019000188/,dei:EntityCommonStockSharesOutstanding 클래스 합
Rollins,ROL,2019Q1,2019-03-29,분기말 시가총액,13631789527,USD,계산(종가×주식수),https://query1.finance.yahoo.com/v8/finance/chart/ROL?interval=1d&events=splits (2019-03-29) ; https://www.sec.gov/Archives/edgar/data/84839/000117120019000188/,종가 41.62 × 주식수 327529782
Rollins,ROL,2019Q2,2019-06-30,분기별 매출액,523957000,USD,공시,https://www.sec.gov/Archives/edgar/data/84839/000117120019000278/,
Rollins,ROL,2019Q2,2019-06-30,분기별 영업이익,미확인,USD,미확인,https://www.sec.gov/Archives/edgar/data/84839/000117120019000278/,
Rollins,ROL,2019Q2,2019-06-30,분기별 당기순이익(지배),64295000,USD,공시(보통주 귀속),https://www.sec.gov/Archives/edgar/data/84839/000117120019000278/,
Rollins,ROL,2019Q2,2019-06-30,분기별 영업활동현금흐름,80754000,USD,계산(누적차감)(재작성 반영),https://www.sec.gov/Archives/edgar/data/84839/000117120020000501/ ; https://www.sec.gov/Archives/edgar/data/84839/000117120020000327/,누적 142176000 − 직전누적 61422000 (시작 2019-01-01) ; 원 공시 78328000 (https://www.sec.gov/Archives/edgar/data/84839/000117120019000278/ ; https://www.sec.gov/Archives/edgar/data/84839/000117120019000188/)
Rollins,ROL,2019Q2,2019-06-30,분기말 자산총계,1729777000,USD,공시,https://www.sec.gov/Archives/edgar/data/84839/000117120019000278/,
Rollins,ROL,2019Q2,2019-06-30,분기말 부채총계,977513000,USD,공시,https://www.sec.gov/Archives/edgar/data/84839/000117120019000278/,
Rollins,ROL,2019Q2,2019-06-30,분기말 총자본(자기자본),752264000,USD,공시(비지배 없음),https://www.sec.gov/Archives/edgar/data/84839/000117120019000278/,"StockholdersEquity, MinorityInterest 태그 없음"
Rollins,ROL,2019Q2,2019-06-30,분기말 지배지분 자본,752264000,USD,공시,https://www.sec.gov/Archives/edgar/data/84839/000117120019000278/,
Rollins,ROL,2019Q2,2019-06-28,분기말 종가,35.87,USD,API,https://query1.finance.yahoo.com/v8/finance/chart/ROL?interval=1d&events=splits (2019-06-28),분할조정 종가 23.9133 × 이후 분할계수 1.5
Rollins,ROL,2019Q2,2019-07-16,분기말 상장주식수,327486383,주,공시(표지 기준일),https://www.sec.gov/Archives/edgar/data/84839/000117120019000278/,dei:EntityCommonStockSharesOutstanding 클래스 합
Rollins,ROL,2019Q2,2019-06-28,분기말 시가총액,11746936558,USD,계산(종가×주식수),https://query1.finance.yahoo.com/v8/finance/chart/ROL?interval=1d&events=splits (2019-06-28) ; https://www.sec.gov/Archives/edgar/data/84839/000117120019000278/,종가 35.87 × 주식수 327486383
Rollins,ROL,2019Q3,2019-09-30,분기별 매출액,556466000,USD,공시,https://www.sec.gov/Archives/edgar/data/84839/000117120019000357/,
Rollins,ROL,2019Q3,2019-09-30,분기별 영업이익,미확인,USD,미확인,https://www.sec.gov/Archives/edgar/data/84839/000117120019000357/,
Rollins,ROL,2019Q3,2019-09-30,분기별 당기순이익(지배),44061000,USD,공시(보통주 귀속),https://www.sec.gov/Archives/edgar/data/84839/000117120019000357/,
Rollins,ROL,2019Q3,2019-09-30,분기별 영업활동현금흐름,101714000,USD,계산(누적차감)(재작성 반영),https://www.sec.gov/Archives/edgar/data/84839/000117120020000617/ ; https://www.sec.gov/Archives/edgar/data/84839/000117120020000501/,누적 243890000 − 직전누적 142176000 (시작 2019-01-01) ; 원 공시 93375000 (https://www.sec.gov/Archives/edgar/data/84839/000117120019000357/ ; https://www.sec.gov/Archives/edgar/data/84839/000117120019000278/)
Rollins,ROL,2019Q3,2019-09-30,분기말 자산총계,1764793000,USD,공시,https://www.sec.gov/Archives/edgar/data/84839/000117120019000357/,
Rollins,ROL,2019Q3,2019-09-30,분기말 부채총계,957896000,USD,공시,https://www.sec.gov/Archives/edgar/data/84839/000117120019000357/,
Rollins,ROL,2019Q3,2019-09-30,분기말 총자본(자기자본),806897000,USD,공시(비지배 없음),https://www.sec.gov/Archives/edgar/data/84839/000117120019000357/,"StockholdersEquity, MinorityInterest 태그 없음"
Rollins,ROL,2019Q3,2019-09-30,분기말 지배지분 자본,806897000,USD,공시,https://www.sec.gov/Archives/edgar/data/84839/000117120019000357/,
Rollins,ROL,2019Q3,2019-09-30,분기말 종가,34.07,USD,API,https://query1.finance.yahoo.com/v8/finance/chart/ROL?interval=1d&events=splits (2019-09-30),분할조정 종가 22.7133 × 이후 분할계수 1.5
Rollins,ROL,2019Q3,2019-10-16,분기말 상장주식수,327441726,주,공시(표지 기준일),https://www.sec.gov/Archives/edgar/data/84839/000117120019000357/,dei:EntityCommonStockSharesOutstanding 클래스 합
Rollins,ROL,2019Q3,2019-09-30,분기말 시가총액,11155939605,USD,계산(종가×주식수),https://query1.finance.yahoo.com/v8/finance/chart/ROL?interval=1d&events=splits (2019-09-30) ; https://www.sec.gov/Archives/edgar/data/84839/000117120019000357/,종가 34.07 × 주식수 327441726
Rollins,ROL,2019Q4,2019-12-31,분기별 매출액,505985000,USD,계산(연간-3분기누적),https://www.sec.gov/Archives/edgar/data/84839/000117120020000103/ ; https://www.sec.gov/Archives/edgar/data/84839/000117120019000357/,연간 2015477000 − 9개월누적 1509492000 (Revenues)
Rollins,ROL,2019Q4,2019-12-31,분기별 영업이익,미확인,USD,미확인,https://www.sec.gov/Archives/edgar/data/84839/000117120020000103/,
Rollins,ROL,2019Q4,2019-12-31,분기별 당기순이익(지배),50765000,USD,"계산(연간-3분기누적, 보통주 귀속)",https://www.sec.gov/Archives/edgar/data/84839/000117120020000103/ ; https://www.sec.gov/Archives/edgar/data/84839/000117120019000357/,연간 203347000 − 9개월누적 152582000 (NetIncomeLossAvailableToCommonStockholdersBasic)
Rollins,ROL,2019Q4,2019-12-31,분기별 영업활동현금흐름,75683000,USD,계산(누적차감)(재작성 반영),https://www.sec.gov/Archives/edgar/data/84839/000008483922000011/ ; https://www.sec.gov/Archives/edgar/data/84839/000117120020000617/,누적 319573000 − 직전누적 243890000 (시작 2019-01-01) ; 원 공시 78870000 (https://www.sec.gov/Archives/edgar/data/84839/000117120020000103/ ; https://www.sec.gov/Archives/edgar/data/84839/000117120019000357/)
Rollins,ROL,2019Q4,2019-12-31,분기말 자산총계,1744376000,USD,공시,https://www.sec.gov/Archives/edgar/data/84839/000117120020000103/,
Rollins,ROL,2019Q4,2019-12-31,분기말 부채총계,928626000,USD,공시,https://www.sec.gov/Archives/edgar/data/84839/000117120020000103/,
Rollins,ROL,2019Q4,2019-12-31,분기말 총자본(자기자본),815750000,USD,공시(비지배 없음),https://www.sec.gov/Archives/edgar/data/84839/000117120020000103/,"StockholdersEquity, MinorityInterest 태그 없음"
Rollins,ROL,2019Q4,2019-12-31,분기말 지배지분 자본,815750000,USD,공시,https://www.sec.gov/Archives/edgar/data/84839/000117120020000103/,
Rollins,ROL,2019Q4,2019-12-31,분기말 종가,33.16,USD,API,https://query1.finance.yahoo.com/v8/finance/chart/ROL?interval=1d&events=splits (2019-12-31),분할조정 종가 22.1067 × 이후 분할계수 1.5
Rollins,ROL,2019Q4,2020-01-31,분기말 상장주식수,327779714,주,공시(표지 기준일),https://www.sec.gov/Archives/edgar/data/84839/000117120020000103/,dei:EntityCommonStockSharesOutstanding 클래스 합
Rollins,ROL,2019Q4,2019-12-31,분기말 시가총액,10869175316,USD,계산(종가×주식수),https://query1.finance.yahoo.com/v8/finance/chart/ROL?interval=1d&events=splits (2019-12-31) ; https://www.sec.gov/Archives/edgar/data/84839/000117120020000103/,종가 33.16 × 주식수 327779714
Rollins,ROL,2020Q1,2020-03-31,분기별 매출액,487901000,USD,공시,https://www.sec.gov/Archives/edgar/data/84839/000117120020000327/,
Rollins,ROL,2020Q1,2020-03-31,분기별 영업이익,미확인,USD,미확인,https://www.sec.gov/Archives/edgar/data/84839/000117120020000327/,
Rollins,ROL,2020Q1,2020-03-31,분기별 당기순이익(지배),43268000,USD,공시(보통주 귀속),https://www.sec.gov/Archives/edgar/data/84839/000117120020000327/,
Rollins,ROL,2020Q1,2020-03-31,분기별 영업활동현금흐름,91963000,USD,공시,https://www.sec.gov/Archives/edgar/data/84839/000117120020000327/,
Rollins,ROL,2020Q1,2020-03-31,분기말 자산총계,1771479000,USD,공시,https://www.sec.gov/Archives/edgar/data/84839/000117120020000327/,
Rollins,ROL,2020Q1,2020-03-31,분기말 부채총계,971108000,USD,공시,https://www.sec.gov/Archives/edgar/data/84839/000117120020000327/,
Rollins,ROL,2020Q1,2020-03-31,분기말 총자본(자기자본),800371000,USD,공시(비지배 없음),https://www.sec.gov/Archives/edgar/data/84839/000117120020000327/,"StockholdersEquity, MinorityInterest 태그 없음"
Rollins,ROL,2020Q1,2020-03-31,분기말 지배지분 자본,800371000,USD,공시,https://www.sec.gov/Archives/edgar/data/84839/000117120020000327/,
Rollins,ROL,2020Q1,2020-03-31,분기말 종가,36.14,USD,API,https://query1.finance.yahoo.com/v8/finance/chart/ROL?interval=1d&events=splits (2020-03-31),분할조정 종가 24.0933 × 이후 분할계수 1.5
Rollins,ROL,2020Q1,2020-04-17,분기말 상장주식수,327767449,주,공시(표지 기준일),https://www.sec.gov/Archives/edgar/data/84839/000117120020000327/,dei:EntityCommonStockSharesOutstanding 클래스 합
Rollins,ROL,2020Q1,2020-03-31,분기말 시가총액,11845515607,USD,계산(종가×주식수),https://query1.finance.yahoo.com/v8/finance/chart/ROL?interval=1d&events=splits (2020-03-31) ; https://www.sec.gov/Archives/edgar/data/84839/000117120020000327/,종가 36.14 × 주식수 327767449
Rollins,ROL,2020Q2,2020-06-30,분기별 매출액,553329000,USD,공시,https://www.sec.gov/Archives/edgar/data/84839/000117120020000501/,
Rollins,ROL,2020Q2,2020-06-30,분기별 영업이익,미확인,USD,미확인,https://www.sec.gov/Archives/edgar/data/84839/000117120020000501/,
Rollins,ROL,2020Q2,2020-06-30,분기별 당기순이익(지배),75358000,USD,공시(보통주 귀속),https://www.sec.gov/Archives/edgar/data/84839/000117120020000501/,
Rollins,ROL,2020Q2,2020-06-30,분기별 영업활동현금흐름,142809000,USD,계산(누적차감),https://www.sec.gov/Archives/edgar/data/84839/000117120020000501/ ; https://www.sec.gov/Archives/edgar/data/84839/000117120020000327/,누적 234772000 − 직전누적 91963000 (시작 2020-01-01)
Rollins,ROL,2020Q2,2020-06-30,분기말 자산총계,1836382000,USD,공시,https://www.sec.gov/Archives/edgar/data/84839/000117120020000501/,
Rollins,ROL,2020Q2,2020-06-30,분기말 부채총계,973552000,USD,공시,https://www.sec.gov/Archives/edgar/data/84839/000117120020000501/,
Rollins,ROL,2020Q2,2020-06-30,분기말 총자본(자기자본),862830000,USD,공시(비지배 없음),https://www.sec.gov/Archives/edgar/data/84839/000117120020000501/,"StockholdersEquity, MinorityInterest 태그 없음"
Rollins,ROL,2020Q2,2020-06-30,분기말 지배지분 자본,862830000,USD,공시,https://www.sec.gov/Archives/edgar/data/84839/000117120020000501/,
Rollins,ROL,2020Q2,2020-06-30,분기말 종가,42.39,USD,API,https://query1.finance.yahoo.com/v8/finance/chart/ROL?interval=1d&events=splits (2020-06-30),분할조정 종가 28.26 × 이후 분할계수 1.5
Rollins,ROL,2020Q2,2020-07-16,분기말 상장주식수,327758819,주,공시(표지 기준일),https://www.sec.gov/Archives/edgar/data/84839/000117120020000501/,dei:EntityCommonStockSharesOutstanding 클래스 합
Rollins,ROL,2020Q2,2020-06-30,분기말 시가총액,13893696337,USD,계산(종가×주식수),https://query1.finance.yahoo.com/v8/finance/chart/ROL?interval=1d&events=splits (2020-06-30) ; https://www.sec.gov/Archives/edgar/data/84839/000117120020000501/,종가 42.39 × 주식수 327758819
Rollins,ROL,2020Q3,2020-09-30,분기별 매출액,583698000,USD,공시,https://www.sec.gov/Archives/edgar/data/84839/000117120020000617/,
Rollins,ROL,2020Q3,2020-09-30,분기별 영업이익,미확인,USD,미확인,https://www.sec.gov/Archives/edgar/data/84839/000117120020000617/,
Rollins,ROL,2020Q3,2020-09-30,분기별 당기순이익(지배),79579000,USD,공시(보통주 귀속),https://www.sec.gov/Archives/edgar/data/84839/000117120020000617/,
Rollins,ROL,2020Q3,2020-09-30,분기별 영업활동현금흐름,105835000,USD,계산(누적차감),https://www.sec.gov/Archives/edgar/data/84839/000117120020000617/ ; https://www.sec.gov/Archives/edgar/data/84839/000117120020000501/,누적 340607000 − 직전누적 234772000 (시작 2020-01-01)
Rollins,ROL,2020Q3,2020-09-30,분기말 자산총계,1806066000,USD,공시,https://www.sec.gov/Archives/edgar/data/84839/000117120020000617/,
Rollins,ROL,2020Q3,2020-09-30,분기말 부채총계,873350000,USD,공시,https://www.sec.gov/Archives/edgar/data/84839/000117120020000617/,
Rollins,ROL,2020Q3,2020-09-30,분기말 총자본(자기자본),932716000,USD,공시(비지배 없음),https://www.sec.gov/Archives/edgar/data/84839/000117120020000617/,"StockholdersEquity, MinorityInterest 태그 없음"
Rollins,ROL,2020Q3,2020-09-30,분기말 지배지분 자본,932716000,USD,공시,https://www.sec.gov/Archives/edgar/data/84839/000117120020000617/,
Rollins,ROL,2020Q3,2020-09-30,분기말 종가,54.19,USD,API,https://query1.finance.yahoo.com/v8/finance/chart/ROL?interval=1d&events=splits (2020-09-30),분할조정 종가 36.1267 × 이후 분할계수 1.5
Rollins,ROL,2020Q3,2020-10-16,분기말 상장주식수,327749009,주,공시(표지 기준일),https://www.sec.gov/Archives/edgar/data/84839/000117120020000617/,dei:EntityCommonStockSharesOutstanding 클래스 합
Rollins,ROL,2020Q3,2020-09-30,분기말 시가총액,17760718798,USD,계산(종가×주식수),https://query1.finance.yahoo.com/v8/finance/chart/ROL?interval=1d&events=splits (2020-09-30) ; https://www.sec.gov/Archives/edgar/data/84839/000117120020000617/,종가 54.19 × 주식수 327749009
Rollins,ROL,2020Q4,2020-12-31,분기별 매출액,536292000,USD,계산(연간-3분기누적),https://www.sec.gov/Archives/edgar/data/84839/000117120021000076/ ; https://www.sec.gov/Archives/edgar/data/84839/000117120020000617/,연간 2161220000 − 9개월누적 1624928000 (Revenues)
Rollins,ROL,2020Q4,2020-12-31,분기별 영업이익,미확인,USD,미확인,https://www.sec.gov/Archives/edgar/data/84839/000117120021000076/,
Rollins,ROL,2020Q4,2020-12-31,분기별 당기순이익(지배),62619000,USD,"계산(연간-3분기누적, 보통주 귀속)",https://www.sec.gov/Archives/edgar/data/84839/000117120021000076/ ; https://www.sec.gov/Archives/edgar/data/84839/000117120020000617/,연간 260824000 − 9개월누적 198205000 (NetIncomeLossAvailableToCommonStockholdersBasic)
Rollins,ROL,2020Q4,2020-12-31,분기별 영업활동현금흐름,95178000,USD,계산(누적차감),https://www.sec.gov/Archives/edgar/data/84839/000117120021000076/ ; https://www.sec.gov/Archives/edgar/data/84839/000117120020000617/,누적 435785000 − 직전누적 340607000 (시작 2020-01-01)
Rollins,ROL,2020Q4,2020-12-31,분기말 자산총계,1845900000,USD,공시,https://www.sec.gov/Archives/edgar/data/84839/000117120021000076/,
Rollins,ROL,2020Q4,2020-12-31,분기말 부채총계,904540000,USD,공시,https://www.sec.gov/Archives/edgar/data/84839/000117120021000076/,
Rollins,ROL,2020Q4,2020-12-31,분기말 총자본(자기자본),941360000,USD,공시(비지배 없음),https://www.sec.gov/Archives/edgar/data/84839/000117120021000076/,"StockholdersEquity, MinorityInterest 태그 없음"
Rollins,ROL,2020Q4,2020-12-31,분기말 지배지분 자본,941360000,USD,공시,https://www.sec.gov/Archives/edgar/data/84839/000117120021000076/,
Rollins,ROL,2020Q4,2020-12-31,분기말 종가,39.07,USD,API,https://query1.finance.yahoo.com/v8/finance/chart/ROL?interval=1d&events=splits (2020-12-31),
Rollins,ROL,2020Q4,2021-01-31,분기말 상장주식수,492141926,주,공시(표지 기준일),https://www.sec.gov/Archives/edgar/data/84839/000117120021000076/,dei:EntityCommonStockSharesOutstanding 클래스 합
Rollins,ROL,2020Q4,2020-12-31,분기말 시가총액,19227985049,USD,계산(종가×주식수),https://query1.finance.yahoo.com/v8/finance/chart/ROL?interval=1d&events=splits (2020-12-31) ; https://www.sec.gov/Archives/edgar/data/84839/000117120021000076/,종가 39.07 × 주식수 492141926
Rollins,ROL,2021Q1,2021-03-31,분기별 매출액,535554000,USD,공시,https://www.sec.gov/Archives/edgar/data/84839/000117120021000229/,
Rollins,ROL,2021Q1,2021-03-31,분기별 영업이익,88198000,USD,공시(후속 보고서 비교기간),https://www.sec.gov/Archives/edgar/data/84839/000008483922000033/,OperatingIncomeLoss ; 그 분기 보고서에 연결 총계가 없어 2022-04-28 제출본의 비교기간에서 읽었다
Rollins,ROL,2021Q1,2021-03-31,분기별 당기순이익(지배),92643000,USD,공시(보통주 귀속),https://www.sec.gov/Archives/edgar/data/84839/000117120021000229/,
Rollins,ROL,2021Q1,2021-03-31,분기별 영업활동현금흐름,119486000,USD,공시,https://www.sec.gov/Archives/edgar/data/84839/000117120021000229/,
Rollins,ROL,2021Q1,2021-03-31,분기말 자산총계,1876880000,USD,공시,https://www.sec.gov/Archives/edgar/data/84839/000117120021000229/,
Rollins,ROL,2021Q1,2021-03-31,분기말 부채총계,887945000,USD,공시,https://www.sec.gov/Archives/edgar/data/84839/000117120021000229/,
Rollins,ROL,2021Q1,2021-03-31,분기말 총자본(자기자본),988935000,USD,공시(비지배 없음),https://www.sec.gov/Archives/edgar/data/84839/000117120021000229/,"StockholdersEquity, MinorityInterest 태그 없음"
Rollins,ROL,2021Q1,2021-03-31,분기말 지배지분 자본,988935000,USD,공시,https://www.sec.gov/Archives/edgar/data/84839/000117120021000229/,
Rollins,ROL,2021Q1,2021-03-31,분기말 종가,34.42,USD,API,https://query1.finance.yahoo.com/v8/finance/chart/ROL?interval=1d&events=splits (2021-03-31),
Rollins,ROL,2021Q1,2021-04-16,분기말 상장주식수,492123516,주,공시(표지 기준일),https://www.sec.gov/Archives/edgar/data/84839/000117120021000229/,dei:EntityCommonStockSharesOutstanding 클래스 합
Rollins,ROL,2021Q1,2021-03-31,분기말 시가총액,16938891421,USD,계산(종가×주식수),https://query1.finance.yahoo.com/v8/finance/chart/ROL?interval=1d&events=splits (2021-03-31) ; https://www.sec.gov/Archives/edgar/data/84839/000117120021000229/,종가 34.42 × 주식수 492123516
Rollins,ROL,2021Q2,2021-06-30,분기별 매출액,638204000,USD,공시,https://www.sec.gov/Archives/edgar/data/84839/000117120021000285/,
Rollins,ROL,2021Q2,2021-06-30,분기별 영업이익,133554000,USD,공시(후속 보고서 비교기간),https://www.sec.gov/Archives/edgar/data/84839/000008483922000048/,OperatingIncomeLoss ; 그 분기 보고서에 연결 총계가 없어 2022-07-28 제출본의 비교기간에서 읽었다
Rollins,ROL,2021Q2,2021-06-30,분기별 당기순이익(지배),98854000,USD,공시(보통주 귀속),https://www.sec.gov/Archives/edgar/data/84839/000117120021000285/,
Rollins,ROL,2021Q2,2021-06-30,분기별 영업활동현금흐름,99719000,USD,계산(누적차감),https://www.sec.gov/Archives/edgar/data/84839/000117120021000285/ ; https://www.sec.gov/Archives/edgar/data/84839/000117120021000229/,누적 219205000 − 직전누적 119486000 (시작 2021-01-01)
Rollins,ROL,2021Q2,2021-06-30,분기말 자산총계,1921693000,USD,공시,https://www.sec.gov/Archives/edgar/data/84839/000117120021000285/,
Rollins,ROL,2021Q2,2021-06-30,분기말 부채총계,871009000,USD,공시,https://www.sec.gov/Archives/edgar/data/84839/000117120021000285/,
Rollins,ROL,2021Q2,2021-06-30,분기말 총자본(자기자본),1050684000,USD,공시(비지배 없음),https://www.sec.gov/Archives/edgar/data/84839/000117120021000285/,"StockholdersEquity, MinorityInterest 태그 없음"
Rollins,ROL,2021Q2,2021-06-30,분기말 지배지분 자본,1050684000,USD,공시,https://www.sec.gov/Archives/edgar/data/84839/000117120021000285/,
Rollins,ROL,2021Q2,2021-06-30,분기말 종가,34.2,USD,API,https://query1.finance.yahoo.com/v8/finance/chart/ROL?interval=1d&events=splits (2021-06-30),
Rollins,ROL,2021Q2,2021-07-16,분기말 상장주식수,492079290,주,공시(표지 기준일),https://www.sec.gov/Archives/edgar/data/84839/000117120021000285/,dei:EntityCommonStockSharesOutstanding 클래스 합
Rollins,ROL,2021Q2,2021-06-30,분기말 시가총액,16829111718,USD,계산(종가×주식수),https://query1.finance.yahoo.com/v8/finance/chart/ROL?interval=1d&events=splits (2021-06-30) ; https://www.sec.gov/Archives/edgar/data/84839/000117120021000285/,종가 34.2 × 주식수 492079290
Rollins,ROL,2021Q3,2021-09-30,분기별 매출액,650199000,USD,공시,https://www.sec.gov/Archives/edgar/data/84839/000008483921000017/,
Rollins,ROL,2021Q3,2021-09-30,분기별 영업이익,126847000,USD,공시(후속 보고서 비교기간),https://www.sec.gov/Archives/edgar/data/84839/000008483922000059/,OperatingIncomeLoss ; 그 분기 보고서에 연결 총계가 없어 2022-10-27 제출본의 비교기간에서 읽었다
Rollins,ROL,2021Q3,2021-09-30,분기별 당기순이익(지배),93853000,USD,공시,https://www.sec.gov/Archives/edgar/data/84839/000008483921000017/,
Rollins,ROL,2021Q3,2021-09-30,분기별 영업활동현금흐름,79706000,USD,계산(누적차감),https://www.sec.gov/Archives/edgar/data/84839/000008483921000017/ ; https://www.sec.gov/Archives/edgar/data/84839/000117120021000285/,누적 298911000 − 직전누적 219205000 (시작 2021-01-01)
Rollins,ROL,2021Q3,2021-09-30,분기말 자산총계,1904813000,USD,공시,https://www.sec.gov/Archives/edgar/data/84839/000008483921000017/,
Rollins,ROL,2021Q3,2021-09-30,분기말 부채총계,803184000,USD,공시,https://www.sec.gov/Archives/edgar/data/84839/000008483921000017/,
Rollins,ROL,2021Q3,2021-09-30,분기말 총자본(자기자본),1101629000,USD,공시(비지배 없음),https://www.sec.gov/Archives/edgar/data/84839/000008483921000017/,"StockholdersEquity, MinorityInterest 태그 없음"
Rollins,ROL,2021Q3,2021-09-30,분기말 지배지분 자본,1101629000,USD,공시,https://www.sec.gov/Archives/edgar/data/84839/000008483921000017/,
Rollins,ROL,2021Q3,2021-09-30,분기말 종가,35.33,USD,API,https://query1.finance.yahoo.com/v8/finance/chart/ROL?interval=1d&events=splits (2021-09-30),
Rollins,ROL,2021Q3,2021-10-15,분기말 상장주식수,492048685,주,공시(표지 기준일),https://www.sec.gov/Archives/edgar/data/84839/000008483921000017/,dei:EntityCommonStockSharesOutstanding 클래스 합
Rollins,ROL,2021Q3,2021-09-30,분기말 시가총액,17384080041,USD,계산(종가×주식수),https://query1.finance.yahoo.com/v8/finance/chart/ROL?interval=1d&events=splits (2021-09-30) ; https://www.sec.gov/Archives/edgar/data/84839/000008483921000017/,종가 35.33 × 주식수 492048685
Rollins,ROL,2021Q4,2021-12-31,분기별 매출액,600343000,USD,계산(연간-3분기누적),https://www.sec.gov/Archives/edgar/data/84839/000008483922000011/ ; https://www.sec.gov/Archives/edgar/data/84839/000008483921000017/,연간 2424300000 − 9개월누적 1823957000 (RevenueFromContractWithCustomerExcludingAssessedTax)
Rollins,ROL,2021Q4,2021-12-31,분기별 영업이익,91390000,USD,계산(연간-3분기누적),https://www.sec.gov/Archives/edgar/data/84839/000008483922000011/ ; https://www.sec.gov/Archives/edgar/data/84839/000008483922000059/,연간 439989000 − 9개월누적 348599000 (OperatingIncomeLoss)
Rollins,ROL,2021Q4,2021-12-31,분기별 당기순이익(지배),65337000,USD,계산(연간-3분기누적),https://www.sec.gov/Archives/edgar/data/84839/000008483922000011/ ; https://www.sec.gov/Archives/edgar/data/84839/000008483921000017/,연간 350687000 − 9개월누적 285350000 (NetIncomeLoss)
Rollins,ROL,2021Q4,2021-12-31,분기별 영업활동현금흐름,102894000,USD,계산(누적차감),https://www.sec.gov/Archives/edgar/data/84839/000008483922000011/ ; https://www.sec.gov/Archives/edgar/data/84839/000008483921000017/,누적 401805000 − 직전누적 298911000 (시작 2021-01-01)
Rollins,ROL,2021Q4,2021-12-31,분기말 자산총계,2021540000,USD,공시(재작성 반영),https://www.sec.gov/Archives/edgar/data/84839/000008483923000006/,원 공시 1980870000 (https://www.sec.gov/Archives/edgar/data/84839/000008483922000011/)
Rollins,ROL,2021Q4,2021-12-31,분기말 부채총계,910323000,USD,공시(재작성 반영),https://www.sec.gov/Archives/edgar/data/84839/000008483923000006/,원 공시 898822000 (https://www.sec.gov/Archives/edgar/data/84839/000008483922000011/)
Rollins,ROL,2021Q4,2021-12-31,분기말 총자본(자기자본),1111217000,USD,공시(비지배 없음)(재작성 반영),https://www.sec.gov/Archives/edgar/data/84839/000008483925000024/,"StockholdersEquity, MinorityInterest 태그 없음 ; 원 공시 1082048000 (https://www.sec.gov/Archives/edgar/data/84839/000008483922000011/)"
Rollins,ROL,2021Q4,2021-12-31,분기말 지배지분 자본,1111217000,USD,공시(재작성 반영),https://www.sec.gov/Archives/edgar/data/84839/000008483925000024/,원 공시 1082048000 (https://www.sec.gov/Archives/edgar/data/84839/000008483922000011/)
Rollins,ROL,2021Q4,2021-12-31,분기말 종가,34.21,USD,API,https://query1.finance.yahoo.com/v8/finance/chart/ROL?interval=1d&events=splits (2021-12-31),
Rollins,ROL,2021Q4,2022-01-31,분기말 상장주식수,492085707,주,공시(표지 기준일),https://www.sec.gov/Archives/edgar/data/84839/000008483922000011/,dei:EntityCommonStockSharesOutstanding 클래스 합
Rollins,ROL,2021Q4,2021-12-31,분기말 시가총액,16834252036,USD,계산(종가×주식수),https://query1.finance.yahoo.com/v8/finance/chart/ROL?interval=1d&events=splits (2021-12-31) ; https://www.sec.gov/Archives/edgar/data/84839/000008483922000011/,종가 34.21 × 주식수 492085707
Rollins,ROL,2022Q1,2022-03-31,분기별 매출액,590680000,USD,공시,https://www.sec.gov/Archives/edgar/data/84839/000008483922000033/,
Rollins,ROL,2022Q1,2022-03-31,분기별 영업이익,91670000,USD,공시,https://www.sec.gov/Archives/edgar/data/84839/000008483922000033/,
Rollins,ROL,2022Q1,2022-03-31,분기별 당기순이익(지배),72445000,USD,공시,https://www.sec.gov/Archives/edgar/data/84839/000008483922000033/,
Rollins,ROL,2022Q1,2022-03-31,분기별 영업활동현금흐름,87532000,USD,공시,https://www.sec.gov/Archives/edgar/data/84839/000008483922000033/,
Rollins,ROL,2022Q1,2022-03-31,분기말 자산총계,2131143000,USD,공시,https://www.sec.gov/Archives/edgar/data/84839/000008483922000033/,
Rollins,ROL,2022Q1,2022-03-31,분기말 부채총계,1023614000,USD,공시,https://www.sec.gov/Archives/edgar/data/84839/000008483922000033/,
Rollins,ROL,2022Q1,2022-03-31,분기말 총자본(자기자본),1107529000,USD,공시(비지배 없음),https://www.sec.gov/Archives/edgar/data/84839/000008483922000033/,"StockholdersEquity, MinorityInterest 태그 없음"
Rollins,ROL,2022Q1,2022-03-31,분기말 지배지분 자본,1107529000,USD,공시,https://www.sec.gov/Archives/edgar/data/84839/000008483922000033/,
Rollins,ROL,2022Q1,2022-03-31,분기말 종가,35.05,USD,API,https://query1.finance.yahoo.com/v8/finance/chart/ROL?interval=1d&events=splits (2022-03-31),
Rollins,ROL,2022Q1,2022-04-15,분기말 상장주식수,492460649,주,공시(표지 기준일),https://www.sec.gov/Archives/edgar/data/84839/000008483922000033/,dei:EntityCommonStockSharesOutstanding 클래스 합
Rollins,ROL,2022Q1,2022-03-31,분기말 시가총액,17260745747,USD,계산(종가×주식수),https://query1.finance.yahoo.com/v8/finance/chart/ROL?interval=1d&events=splits (2022-03-31) ; https://www.sec.gov/Archives/edgar/data/84839/000008483922000033/,종가 35.05 × 주식수 492460649
Rollins,ROL,2022Q2,2022-06-30,분기별 매출액,714049000,USD,공시,https://www.sec.gov/Archives/edgar/data/84839/000008483922000048/,
Rollins,ROL,2022Q2,2022-06-30,분기별 영업이익,132957000,USD,공시,https://www.sec.gov/Archives/edgar/data/84839/000008483922000048/,
Rollins,ROL,2022Q2,2022-06-30,분기별 당기순이익(지배),100299000,USD,공시,https://www.sec.gov/Archives/edgar/data/84839/000008483922000048/,
Rollins,ROL,2022Q2,2022-06-30,분기별 영업활동현금흐름,127285000,USD,계산(누적차감),https://www.sec.gov/Archives/edgar/data/84839/000008483922000048/ ; https://www.sec.gov/Archives/edgar/data/84839/000008483922000033/,누적 214817000 − 직전누적 87532000 (시작 2022-01-01)
Rollins,ROL,2022Q2,2022-06-30,분기말 자산총계,2167482000,USD,공시,https://www.sec.gov/Archives/edgar/data/84839/000008483922000048/,
Rollins,ROL,2022Q2,2022-06-30,분기말 부채총계,1021915000,USD,공시,https://www.sec.gov/Archives/edgar/data/84839/000008483922000048/,
Rollins,ROL,2022Q2,2022-06-30,분기말 총자본(자기자본),1145567000,USD,공시(비지배 없음),https://www.sec.gov/Archives/edgar/data/84839/000008483922000048/,"StockholdersEquity, MinorityInterest 태그 없음"
Rollins,ROL,2022Q2,2022-06-30,분기말 지배지분 자본,1145567000,USD,공시,https://www.sec.gov/Archives/edgar/data/84839/000008483922000048/,
Rollins,ROL,2022Q2,2022-06-30,분기말 종가,34.92,USD,API,https://query1.finance.yahoo.com/v8/finance/chart/ROL?interval=1d&events=splits (2022-06-30),
Rollins,ROL,2022Q2,2022-07-15,분기말 상장주식수,492417332,주,공시(표지 기준일),https://www.sec.gov/Archives/edgar/data/84839/000008483922000048/,dei:EntityCommonStockSharesOutstanding 클래스 합
Rollins,ROL,2022Q2,2022-06-30,분기말 시가총액,17195213233,USD,계산(종가×주식수),https://query1.finance.yahoo.com/v8/finance/chart/ROL?interval=1d&events=splits (2022-06-30) ; https://www.sec.gov/Archives/edgar/data/84839/000008483922000048/,종가 34.92 × 주식수 492417332
Rollins,ROL,2022Q3,2022-09-30,분기별 매출액,729704000,USD,공시,https://www.sec.gov/Archives/edgar/data/84839/000008483922000059/,
Rollins,ROL,2022Q3,2022-09-30,분기별 영업이익,143683000,USD,공시,https://www.sec.gov/Archives/edgar/data/84839/000008483922000059/,
Rollins,ROL,2022Q3,2022-09-30,분기별 당기순이익(지배),107622000,USD,공시,https://www.sec.gov/Archives/edgar/data/84839/000008483922000059/,
Rollins,ROL,2022Q3,2022-09-30,분기별 영업활동현금흐름,127720000,USD,계산(누적차감),https://www.sec.gov/Archives/edgar/data/84839/000008483922000059/ ; https://www.sec.gov/Archives/edgar/data/84839/000008483922000048/,누적 342537000 − 직전누적 214817000 (시작 2022-01-01)
Rollins,ROL,2022Q3,2022-09-30,분기말 자산총계,2112483000,USD,공시,https://www.sec.gov/Archives/edgar/data/84839/000008483922000059/,
Rollins,ROL,2022Q3,2022-09-30,분기말 부채총계,915932000,USD,공시,https://www.sec.gov/Archives/edgar/data/84839/000008483922000059/,
Rollins,ROL,2022Q3,2022-09-30,분기말 총자본(자기자본),1196551000,USD,공시(비지배 없음),https://www.sec.gov/Archives/edgar/data/84839/000008483922000059/,"StockholdersEquity, MinorityInterest 태그 없음"
Rollins,ROL,2022Q3,2022-09-30,분기말 지배지분 자본,1196551000,USD,공시,https://www.sec.gov/Archives/edgar/data/84839/000008483922000059/,
Rollins,ROL,2022Q3,2022-09-30,분기말 종가,34.68,USD,API,https://query1.finance.yahoo.com/v8/finance/chart/ROL?interval=1d&events=splits (2022-09-30),
Rollins,ROL,2022Q3,2022-10-17,분기말 상장주식수,492472436,주,공시(표지 기준일),https://www.sec.gov/Archives/edgar/data/84839/000008483922000059/,dei:EntityCommonStockSharesOutstanding 클래스 합
Rollins,ROL,2022Q3,2022-09-30,분기말 시가총액,17078944080,USD,계산(종가×주식수),https://query1.finance.yahoo.com/v8/finance/chart/ROL?interval=1d&events=splits (2022-09-30) ; https://www.sec.gov/Archives/edgar/data/84839/000008483922000059/,종가 34.68 × 주식수 492472436
Rollins,ROL,2022Q4,2022-12-31,분기별 매출액,661390000,USD,계산(연간-3분기누적),https://www.sec.gov/Archives/edgar/data/84839/000008483923000006/ ; https://www.sec.gov/Archives/edgar/data/84839/000008483922000059/,연간 2695823000 − 9개월누적 2034433000 (RevenueFromContractWithCustomerExcludingAssessedTax)
Rollins,ROL,2022Q4,2022-12-31,분기별 영업이익,125078000,USD,계산(연간-3분기누적),https://www.sec.gov/Archives/edgar/data/84839/000008483923000006/ ; https://www.sec.gov/Archives/edgar/data/84839/000008483922000059/,연간 493388000 − 9개월누적 368310000 (OperatingIncomeLoss)
Rollins,ROL,2022Q4,2022-12-31,분기별 당기순이익(지배),88233000,USD,계산(연간-3분기누적),https://www.sec.gov/Archives/edgar/data/84839/000008483923000006/ ; https://www.sec.gov/Archives/edgar/data/84839/000008483922000059/,연간 368599000 − 9개월누적 280366000 (NetIncomeLoss)
Rollins,ROL,2022Q4,2022-12-31,분기별 영업활동현금흐름,123393000,USD,계산(누적차감),https://www.sec.gov/Archives/edgar/data/84839/000008483923000006/ ; https://www.sec.gov/Archives/edgar/data/84839/000008483922000059/,누적 465930000 − 직전누적 342537000 (시작 2022-01-01)
Rollins,ROL,2022Q4,2022-12-31,분기말 자산총계,2122028000,USD,공시,https://www.sec.gov/Archives/edgar/data/84839/000008483923000006/,
Rollins,ROL,2022Q4,2022-12-31,분기말 부채총계,854831000,USD,공시,https://www.sec.gov/Archives/edgar/data/84839/000008483923000006/,
Rollins,ROL,2022Q4,2022-12-31,분기말 총자본(자기자본),1267197000,USD,공시(비지배 없음),https://www.sec.gov/Archives/edgar/data/84839/000008483923000006/,"StockholdersEquity, MinorityInterest 태그 없음"
Rollins,ROL,2022Q4,2022-12-31,분기말 지배지분 자본,1267197000,USD,공시,https://www.sec.gov/Archives/edgar/data/84839/000008483923000006/,
Rollins,ROL,2022Q4,2022-12-30,분기말 종가,36.54,USD,API,https://query1.finance.yahoo.com/v8/finance/chart/ROL?interval=1d&events=splits (2022-12-30),
Rollins,ROL,2022Q4,2023-01-31,분기말 상장주식수,492280053,주,공시(표지 기준일),https://www.sec.gov/Archives/edgar/data/84839/000008483923000006/,dei:EntityCommonStockSharesOutstanding 클래스 합
Rollins,ROL,2022Q4,2022-12-30,분기말 시가총액,17987913137,USD,계산(종가×주식수),https://query1.finance.yahoo.com/v8/finance/chart/ROL?interval=1d&events=splits (2022-12-30) ; https://www.sec.gov/Archives/edgar/data/84839/000008483923000006/,종가 36.54 × 주식수 492280053
Rollins,ROL,2023Q1,2023-03-31,분기별 매출액,658015000,USD,공시,https://www.sec.gov/Archives/edgar/data/84839/000008483923000018/,
Rollins,ROL,2023Q1,2023-03-31,분기별 영업이익,112240000,USD,공시,https://www.sec.gov/Archives/edgar/data/84839/000008483923000018/,
Rollins,ROL,2023Q1,2023-03-31,분기별 당기순이익(지배),88234000,USD,공시,https://www.sec.gov/Archives/edgar/data/84839/000008483923000018/,
Rollins,ROL,2023Q1,2023-03-31,분기별 영업활동현금흐름,100773000,USD,공시,https://www.sec.gov/Archives/edgar/data/84839/000008483923000018/,
Rollins,ROL,2023Q1,2023-03-31,분기말 자산총계,2138886000,USD,공시,https://www.sec.gov/Archives/edgar/data/84839/000008483923000018/,
Rollins,ROL,2023Q1,2023-03-31,분기말 부채총계,851134000,USD,공시,https://www.sec.gov/Archives/edgar/data/84839/000008483923000018/,
Rollins,ROL,2023Q1,2023-03-31,분기말 총자본(자기자본),1287752000,USD,공시(비지배 없음),https://www.sec.gov/Archives/edgar/data/84839/000008483923000018/,"StockholdersEquity, MinorityInterest 태그 없음"
Rollins,ROL,2023Q1,2023-03-31,분기말 지배지분 자본,1287752000,USD,공시,https://www.sec.gov/Archives/edgar/data/84839/000008483923000018/,
Rollins,ROL,2023Q1,2023-03-31,분기말 종가,37.53,USD,API,https://query1.finance.yahoo.com/v8/finance/chart/ROL?interval=1d&events=splits (2023-03-31),
Rollins,ROL,2023Q1,2023-04-17,분기말 상장주식수,492787005,주,공시(표지 기준일),https://www.sec.gov/Archives/edgar/data/84839/000008483923000018/,dei:EntityCommonStockSharesOutstanding 클래스 합
Rollins,ROL,2023Q1,2023-03-31,분기말 시가총액,18494296298,USD,계산(종가×주식수),https://query1.finance.yahoo.com/v8/finance/chart/ROL?interval=1d&events=splits (2023-03-31) ; https://www.sec.gov/Archives/edgar/data/84839/000008483923000018/,종가 37.53 × 주식수 492787005
Rollins,ROL,2023Q2,2023-06-30,분기별 매출액,820750000,USD,공시,https://www.sec.gov/Archives/edgar/data/84839/000008483923000059/,
Rollins,ROL,2023Q2,2023-06-30,분기별 영업이익,154789000,USD,공시,https://www.sec.gov/Archives/edgar/data/84839/000008483923000059/,
Rollins,ROL,2023Q2,2023-06-30,분기별 당기순이익(지배),110143000,USD,공시,https://www.sec.gov/Archives/edgar/data/84839/000008483923000059/,
Rollins,ROL,2023Q2,2023-06-30,분기별 영업활동현금흐름,147413000,USD,계산(누적차감),https://www.sec.gov/Archives/edgar/data/84839/000008483923000059/ ; https://www.sec.gov/Archives/edgar/data/84839/000008483923000018/,누적 248186000 − 직전누적 100773000 (시작 2023-01-01)
Rollins,ROL,2023Q2,2023-06-30,분기말 자산총계,2599330000,USD,공시,https://www.sec.gov/Archives/edgar/data/84839/000008483923000059/,
Rollins,ROL,2023Q2,2023-06-30,분기말 부채총계,1257105000,USD,공시,https://www.sec.gov/Archives/edgar/data/84839/000008483923000059/,
Rollins,ROL,2023Q2,2023-06-30,분기말 총자본(자기자본),1342225000,USD,공시(비지배 없음),https://www.sec.gov/Archives/edgar/data/84839/000008483923000059/,"StockholdersEquity, MinorityInterest 태그 없음"
Rollins,ROL,2023Q2,2023-06-30,분기말 지배지분 자본,1342225000,USD,공시,https://www.sec.gov/Archives/edgar/data/84839/000008483923000059/,
Rollins,ROL,2023Q2,2023-06-30,분기말 종가,42.83,USD,API,https://query1.finance.yahoo.com/v8/finance/chart/ROL?interval=1d&events=splits (2023-06-30),
Rollins,ROL,2023Q2,2023-07-17,분기말 상장주식수,492820761,주,공시(표지 기준일),https://www.sec.gov/Archives/edgar/data/84839/000008483923000059/,dei:EntityCommonStockSharesOutstanding 클래스 합
Rollins,ROL,2023Q2,2023-06-30,분기말 시가총액,21107513194,USD,계산(종가×주식수),https://query1.finance.yahoo.com/v8/finance/chart/ROL?interval=1d&events=splits (2023-06-30) ; https://www.sec.gov/Archives/edgar/data/84839/000008483923000059/,종가 42.83 × 주식수 492820761
Rollins,ROL,2023Q3,2023-09-30,분기별 매출액,840427000,USD,공시,https://www.sec.gov/Archives/edgar/data/84839/000008483923000078/,
Rollins,ROL,2023Q3,2023-09-30,분기별 영업이익,177124000,USD,공시,https://www.sec.gov/Archives/edgar/data/84839/000008483923000078/,
Rollins,ROL,2023Q3,2023-09-30,분기별 당기순이익(지배),127777000,USD,공시,https://www.sec.gov/Archives/edgar/data/84839/000008483923000078/,
Rollins,ROL,2023Q3,2023-09-30,분기별 영업활동현금흐름,127355000,USD,계산(누적차감),https://www.sec.gov/Archives/edgar/data/84839/000008483923000078/ ; https://www.sec.gov/Archives/edgar/data/84839/000008483923000059/,누적 375541000 − 직전누적 248186000 (시작 2023-01-01)
Rollins,ROL,2023Q3,2023-09-30,분기말 자산총계,2639957000,USD,공시,https://www.sec.gov/Archives/edgar/data/84839/000008483923000078/,
Rollins,ROL,2023Q3,2023-09-30,분기말 부채총계,1537114000,USD,공시,https://www.sec.gov/Archives/edgar/data/84839/000008483923000078/,
Rollins,ROL,2023Q3,2023-09-30,분기말 총자본(자기자본),1102843000,USD,공시(비지배 없음),https://www.sec.gov/Archives/edgar/data/84839/000008483923000078/,"StockholdersEquity, MinorityInterest 태그 없음"
Rollins,ROL,2023Q3,2023-09-30,분기말 지배지분 자본,1102843000,USD,공시,https://www.sec.gov/Archives/edgar/data/84839/000008483923000078/,
Rollins,ROL,2023Q3,2023-09-29,분기말 종가,37.33,USD,API,https://query1.finance.yahoo.com/v8/finance/chart/ROL?interval=1d&events=splits (2023-09-29),
Rollins,ROL,2023Q3,2023-10-16,분기말 상장주식수,484037858,주,공시(표지 기준일),https://www.sec.gov/Archives/edgar/data/84839/000008483923000078/,dei:EntityCommonStockSharesOutstanding 클래스 합
Rollins,ROL,2023Q3,2023-09-29,분기말 시가총액,18069133239,USD,계산(종가×주식수),https://query1.finance.yahoo.com/v8/finance/chart/ROL?interval=1d&events=splits (2023-09-29) ; https://www.sec.gov/Archives/edgar/data/84839/000008483923000078/,종가 37.33 × 주식수 484037858
Rollins,ROL,2023Q4,2023-12-31,분기별 매출액,754086000,USD,계산(연간-3분기누적),https://www.sec.gov/Archives/edgar/data/84839/000008483924000025/ ; https://www.sec.gov/Archives/edgar/data/84839/000008483923000078/,연간 3073278000 − 9개월누적 2319192000 (RevenueFromContractWithCustomerExcludingAssessedTax)
Rollins,ROL,2023Q4,2023-12-31,분기별 영업이익,139073000,USD,계산(연간-3분기누적),https://www.sec.gov/Archives/edgar/data/84839/000008483924000025/ ; https://www.sec.gov/Archives/edgar/data/84839/000008483923000078/,연간 583226000 − 9개월누적 444153000 (OperatingIncomeLoss)
Rollins,ROL,2023Q4,2023-12-31,분기별 당기순이익(지배),108803000,USD,계산(연간-3분기누적),https://www.sec.gov/Archives/edgar/data/84839/000008483924000025/ ; https://www.sec.gov/Archives/edgar/data/84839/000008483923000078/,연간 434957000 − 9개월누적 326154000 (NetIncomeLoss)
Rollins,ROL,2023Q4,2023-12-31,분기별 영업활동현금흐름,152825000,USD,계산(누적차감),https://www.sec.gov/Archives/edgar/data/84839/000008483924000025/ ; https://www.sec.gov/Archives/edgar/data/84839/000008483923000078/,누적 528366000 − 직전누적 375541000 (시작 2023-01-01)
Rollins,ROL,2023Q4,2023-12-31,분기말 자산총계,2595460000,USD,공시,https://www.sec.gov/Archives/edgar/data/84839/000008483924000025/,
Rollins,ROL,2023Q4,2023-12-31,분기말 부채총계,1439893000,USD,공시,https://www.sec.gov/Archives/edgar/data/84839/000008483924000025/,
Rollins,ROL,2023Q4,2023-12-31,분기말 총자본(자기자본),1155567000,USD,공시(비지배 없음),https://www.sec.gov/Archives/edgar/data/84839/000008483924000025/,"StockholdersEquity, MinorityInterest 태그 없음"
Rollins,ROL,2023Q4,2023-12-31,분기말 지배지분 자본,1155567000,USD,공시,https://www.sec.gov/Archives/edgar/data/84839/000008483924000025/,
Rollins,ROL,2023Q4,2023-12-29,분기말 종가,43.67,USD,API,https://query1.finance.yahoo.com/v8/finance/chart/ROL?interval=1d&events=splits (2023-12-29),
Rollins,ROL,2023Q4,2024-01-31,분기말 상장주식수,483885114,주,공시(표지 기준일),https://www.sec.gov/Archives/edgar/data/84839/000008483924000025/,dei:EntityCommonStockSharesOutstanding 클래스 합
Rollins,ROL,2023Q4,2023-12-29,분기말 시가총액,21131262928,USD,계산(종가×주식수),https://query1.finance.yahoo.com/v8/finance/chart/ROL?interval=1d&events=splits (2023-12-29) ; https://www.sec.gov/Archives/edgar/data/84839/000008483924000025/,종가 43.67 × 주식수 483885114
Rollins,ROL,2024Q1,2024-03-31,분기별 매출액,748349000,USD,공시,https://www.sec.gov/Archives/edgar/data/84839/000008483924000070/,
Rollins,ROL,2024Q1,2024-03-31,분기별 영업이익,132424000,USD,공시,https://www.sec.gov/Archives/edgar/data/84839/000008483924000070/,
Rollins,ROL,2024Q1,2024-03-31,분기별 당기순이익(지배),94394000,USD,공시,https://www.sec.gov/Archives/edgar/data/84839/000008483924000070/,
Rollins,ROL,2024Q1,2024-03-31,분기별 영업활동현금흐름,127433000,USD,공시,https://www.sec.gov/Archives/edgar/data/84839/000008483924000070/,
Rollins,ROL,2024Q1,2024-03-31,분기말 자산총계,2658619000,USD,공시,https://www.sec.gov/Archives/edgar/data/84839/000008483924000070/,
Rollins,ROL,2024Q1,2024-03-31,분기말 부채총계,1491123000,USD,공시,https://www.sec.gov/Archives/edgar/data/84839/000008483924000070/,
Rollins,ROL,2024Q1,2024-03-31,분기말 총자본(자기자본),1167496000,USD,공시(비지배 없음),https://www.sec.gov/Archives/edgar/data/84839/000008483924000070/,"StockholdersEquity, MinorityInterest 태그 없음"
Rollins,ROL,2024Q1,2024-03-31,분기말 지배지분 자본,1167496000,USD,공시,https://www.sec.gov/Archives/edgar/data/84839/000008483924000070/,
Rollins,ROL,2024Q1,2024-03-28,분기말 종가,46.27,USD,API,https://query1.finance.yahoo.com/v8/finance/chart/ROL?interval=1d&events=splits (2024-03-28),
Rollins,ROL,2024Q1,2024-04-15,분기말 상장주식수,484230396,주,공시(표지 기준일),https://www.sec.gov/Archives/edgar/data/84839/000008483924000070/,dei:EntityCommonStockSharesOutstanding 클래스 합
Rollins,ROL,2024Q1,2024-03-28,분기말 시가총액,22405340423,USD,계산(종가×주식수),https://query1.finance.yahoo.com/v8/finance/chart/ROL?interval=1d&events=splits (2024-03-28) ; https://www.sec.gov/Archives/edgar/data/84839/000008483924000070/,종가 46.27 × 주식수 484230396
Rollins,ROL,2024Q2,2024-06-30,분기별 매출액,891920000,USD,공시,https://www.sec.gov/Archives/edgar/data/84839/000008483924000094/,
Rollins,ROL,2024Q2,2024-06-30,분기별 영업이익,182377000,USD,공시,https://www.sec.gov/Archives/edgar/data/84839/000008483924000094/,
Rollins,ROL,2024Q2,2024-06-30,분기별 당기순이익(지배),129397000,USD,공시,https://www.sec.gov/Archives/edgar/data/84839/000008483924000094/,
Rollins,ROL,2024Q2,2024-06-30,분기별 영업활동현금흐름,145115000,USD,계산(누적차감),https://www.sec.gov/Archives/edgar/data/84839/000008483924000094/ ; https://www.sec.gov/Archives/edgar/data/84839/000008483924000070/,누적 272548000 − 직전누적 127433000 (시작 2024-01-01)
Rollins,ROL,2024Q2,2024-06-30,분기말 자산총계,2766502000,USD,공시,https://www.sec.gov/Archives/edgar/data/84839/000008483924000094/,
Rollins,ROL,2024Q2,2024-06-30,분기말 부채총계,1530444000,USD,공시,https://www.sec.gov/Archives/edgar/data/84839/000008483924000094/,
Rollins,ROL,2024Q2,2024-06-30,분기말 총자본(자기자본),1236058000,USD,공시(비지배 없음),https://www.sec.gov/Archives/edgar/data/84839/000008483924000094/,"StockholdersEquity, MinorityInterest 태그 없음"
Rollins,ROL,2024Q2,2024-06-30,분기말 지배지분 자본,1236058000,USD,공시,https://www.sec.gov/Archives/edgar/data/84839/000008483924000094/,
Rollins,ROL,2024Q2,2024-06-28,분기말 종가,48.79,USD,API,https://query1.finance.yahoo.com/v8/finance/chart/ROL?interval=1d&events=splits (2024-06-28),
Rollins,ROL,2024Q2,2024-07-15,분기말 상장주식수,484313840,주,공시(표지 기준일),https://www.sec.gov/Archives/edgar/data/84839/000008483924000094/,dei:EntityCommonStockSharesOutstanding 클래스 합
Rollins,ROL,2024Q2,2024-06-28,분기말 시가총액,23629672254,USD,계산(종가×주식수),https://query1.finance.yahoo.com/v8/finance/chart/ROL?interval=1d&events=splits (2024-06-28) ; https://www.sec.gov/Archives/edgar/data/84839/000008483924000094/,종가 48.79 × 주식수 484313840
Rollins,ROL,2024Q3,2024-09-30,분기별 매출액,916270000,USD,공시,https://www.sec.gov/Archives/edgar/data/84839/000008483924000106/,
Rollins,ROL,2024Q3,2024-09-30,분기별 영업이익,191796000,USD,공시,https://www.sec.gov/Archives/edgar/data/84839/000008483924000106/,
Rollins,ROL,2024Q3,2024-09-30,분기별 당기순이익(지배),136913000,USD,공시,https://www.sec.gov/Archives/edgar/data/84839/000008483924000106/,
Rollins,ROL,2024Q3,2024-09-30,분기별 영업활동현금흐름,146947000,USD,계산(누적차감),https://www.sec.gov/Archives/edgar/data/84839/000008483924000106/ ; https://www.sec.gov/Archives/edgar/data/84839/000008483924000094/,누적 419495000 − 직전누적 272548000 (시작 2024-01-01)
Rollins,ROL,2024Q3,2024-09-30,분기말 자산총계,2816198000,USD,공시,https://www.sec.gov/Archives/edgar/data/84839/000008483924000106/,
Rollins,ROL,2024Q3,2024-09-30,분기말 부채총계,1498421000,USD,공시,https://www.sec.gov/Archives/edgar/data/84839/000008483924000106/,
Rollins,ROL,2024Q3,2024-09-30,분기말 총자본(자기자본),1317777000,USD,공시(비지배 없음),https://www.sec.gov/Archives/edgar/data/84839/000008483924000106/,"StockholdersEquity, MinorityInterest 태그 없음"
Rollins,ROL,2024Q3,2024-09-30,분기말 지배지분 자본,1317777000,USD,공시,https://www.sec.gov/Archives/edgar/data/84839/000008483924000106/,
Rollins,ROL,2024Q3,2024-09-30,분기말 종가,50.58,USD,API,https://query1.finance.yahoo.com/v8/finance/chart/ROL?interval=1d&events=splits (2024-09-30),
Rollins,ROL,2024Q3,2024-10-14,분기말 상장주식수,484305016,주,공시(표지 기준일),https://www.sec.gov/Archives/edgar/data/84839/000008483924000106/,dei:EntityCommonStockSharesOutstanding 클래스 합
Rollins,ROL,2024Q3,2024-09-30,분기말 시가총액,24496147709,USD,계산(종가×주식수),https://query1.finance.yahoo.com/v8/finance/chart/ROL?interval=1d&events=splits (2024-09-30) ; https://www.sec.gov/Archives/edgar/data/84839/000008483924000106/,종가 50.58 × 주식수 484305016
Rollins,ROL,2024Q4,2024-12-31,분기별 매출액,832169000,USD,계산(연간-3분기누적),https://www.sec.gov/Archives/edgar/data/84839/000008483925000024/ ; https://www.sec.gov/Archives/edgar/data/84839/000008483924000106/,연간 3388708000 − 9개월누적 2556539000 (RevenueFromContractWithCustomerExcludingAssessedTax)
Rollins,ROL,2024Q4,2024-12-31,분기별 영업이익,150627000,USD,계산(연간-3분기누적),https://www.sec.gov/Archives/edgar/data/84839/000008483925000024/ ; https://www.sec.gov/Archives/edgar/data/84839/000008483924000106/,연간 657224000 − 9개월누적 506597000 (OperatingIncomeLoss)
Rollins,ROL,2024Q4,2024-12-31,분기별 당기순이익(지배),105675000,USD,계산(연간-3분기누적),https://www.sec.gov/Archives/edgar/data/84839/000008483925000024/ ; https://www.sec.gov/Archives/edgar/data/84839/000008483924000106/,연간 466379000 − 9개월누적 360704000 (NetIncomeLoss)
Rollins,ROL,2024Q4,2024-12-31,분기별 영업활동현금흐름,188158000,USD,계산(누적차감),https://www.sec.gov/Archives/edgar/data/84839/000008483925000024/ ; https://www.sec.gov/Archives/edgar/data/84839/000008483924000106/,누적 607653000 − 직전누적 419495000 (시작 2024-01-01)
Rollins,ROL,2024Q4,2024-12-31,분기말 자산총계,2819695000,USD,공시,https://www.sec.gov/Archives/edgar/data/84839/000008483925000024/,
Rollins,ROL,2024Q4,2024-12-31,분기말 부채총계,1489102000,USD,공시,https://www.sec.gov/Archives/edgar/data/84839/000008483925000024/,
Rollins,ROL,2024Q4,2024-12-31,분기말 총자본(자기자본),1330593000,USD,공시(비지배 없음),https://www.sec.gov/Archives/edgar/data/84839/000008483925000024/,"StockholdersEquity, MinorityInterest 태그 없음"
Rollins,ROL,2024Q4,2024-12-31,분기말 지배지분 자본,1330593000,USD,공시,https://www.sec.gov/Archives/edgar/data/84839/000008483925000024/,
Rollins,ROL,2024Q4,2024-12-31,분기말 종가,46.35,USD,API,https://query1.finance.yahoo.com/v8/finance/chart/ROL?interval=1d&events=splits (2024-12-31),
Rollins,ROL,2024Q4,2025-01-31,분기말 상장주식수,484224958,주,공시(표지 기준일),https://www.sec.gov/Archives/edgar/data/84839/000008483925000024/,dei:EntityCommonStockSharesOutstanding 클래스 합
Rollins,ROL,2024Q4,2024-12-31,분기말 시가총액,22443826803,USD,계산(종가×주식수),https://query1.finance.yahoo.com/v8/finance/chart/ROL?interval=1d&events=splits (2024-12-31) ; https://www.sec.gov/Archives/edgar/data/84839/000008483925000024/,종가 46.35 × 주식수 484224958
Rollins,ROL,2025Q1,2025-03-31,분기별 매출액,822504000,USD,공시,https://www.sec.gov/Archives/edgar/data/84839/000008483925000069/,
Rollins,ROL,2025Q1,2025-03-31,분기별 영업이익,142648000,USD,공시,https://www.sec.gov/Archives/edgar/data/84839/000008483925000069/,
Rollins,ROL,2025Q1,2025-03-31,분기별 당기순이익(지배),105248000,USD,공시,https://www.sec.gov/Archives/edgar/data/84839/000008483925000069/,
Rollins,ROL,2025Q1,2025-03-31,분기별 영업활동현금흐름,146892000,USD,공시,https://www.sec.gov/Archives/edgar/data/84839/000008483925000069/,
Rollins,ROL,2025Q1,2025-03-31,분기말 자산총계,2948558000,USD,공시,https://www.sec.gov/Archives/edgar/data/84839/000008483925000069/,
Rollins,ROL,2025Q1,2025-03-31,분기말 부채총계,1592806000,USD,공시,https://www.sec.gov/Archives/edgar/data/84839/000008483925000069/,
Rollins,ROL,2025Q1,2025-03-31,분기말 총자본(자기자본),1355752000,USD,공시(비지배 없음),https://www.sec.gov/Archives/edgar/data/84839/000008483925000069/,"StockholdersEquity, MinorityInterest 태그 없음"
Rollins,ROL,2025Q1,2025-03-31,분기말 지배지분 자본,1355752000,USD,공시,https://www.sec.gov/Archives/edgar/data/84839/000008483925000069/,
Rollins,ROL,2025Q1,2025-03-31,분기말 종가,54.03,USD,API,https://query1.finance.yahoo.com/v8/finance/chart/ROL?interval=1d&events=splits (2025-03-31),
Rollins,ROL,2025Q1,2025-04-14,분기말 상장주식수,484646456,주,공시(표지 기준일),https://www.sec.gov/Archives/edgar/data/84839/000008483925000069/,dei:EntityCommonStockSharesOutstanding 클래스 합
Rollins,ROL,2025Q1,2025-03-31,분기말 시가총액,26185448018,USD,계산(종가×주식수),https://query1.finance.yahoo.com/v8/finance/chart/ROL?interval=1d&events=splits (2025-03-31) ; https://www.sec.gov/Archives/edgar/data/84839/000008483925000069/,종가 54.03 × 주식수 484646456
Rollins,ROL,2025Q2,2025-06-30,분기별 매출액,999527000,USD,공시,https://www.sec.gov/Archives/edgar/data/84839/000008483925000087/,
Rollins,ROL,2025Q2,2025-06-30,분기별 영업이익,198333000,USD,공시,https://www.sec.gov/Archives/edgar/data/84839/000008483925000087/,
Rollins,ROL,2025Q2,2025-06-30,분기별 당기순이익(지배),141489000,USD,공시,https://www.sec.gov/Archives/edgar/data/84839/000008483925000087/,
Rollins,ROL,2025Q2,2025-06-30,분기별 영업활동현금흐름,175122000,USD,계산(누적차감),https://www.sec.gov/Archives/edgar/data/84839/000008483925000087/ ; https://www.sec.gov/Archives/edgar/data/84839/000008483925000069/,누적 322014000 − 직전누적 146892000 (시작 2025-01-01)
Rollins,ROL,2025Q2,2025-06-30,분기말 자산총계,3180040000,USD,공시,https://www.sec.gov/Archives/edgar/data/84839/000008483925000087/,
Rollins,ROL,2025Q2,2025-06-30,분기말 부채총계,1736169000,USD,공시,https://www.sec.gov/Archives/edgar/data/84839/000008483925000087/,
Rollins,ROL,2025Q2,2025-06-30,분기말 총자본(자기자본),1443871000,USD,공시(비지배 없음),https://www.sec.gov/Archives/edgar/data/84839/000008483925000087/,"StockholdersEquity, MinorityInterest 태그 없음"
Rollins,ROL,2025Q2,2025-06-30,분기말 지배지분 자본,1443871000,USD,공시,https://www.sec.gov/Archives/edgar/data/84839/000008483925000087/,
Rollins,ROL,2025Q2,2025-06-30,분기말 종가,56.42,USD,API,https://query1.finance.yahoo.com/v8/finance/chart/ROL?interval=1d&events=splits (2025-06-30),
Rollins,ROL,2025Q2,2025-07-14,분기말 상장주식수,484640003,주,공시(표지 기준일),https://www.sec.gov/Archives/edgar/data/84839/000008483925000087/,dei:EntityCommonStockSharesOutstanding 클래스 합
Rollins,ROL,2025Q2,2025-06-30,분기말 시가총액,27343388969,USD,계산(종가×주식수),https://query1.finance.yahoo.com/v8/finance/chart/ROL?interval=1d&events=splits (2025-06-30) ; https://www.sec.gov/Archives/edgar/data/84839/000008483925000087/,종가 56.42 × 주식수 484640003
Rollins,ROL,2025Q3,2025-09-30,분기별 매출액,1026106000,USD,공시,https://www.sec.gov/Archives/edgar/data/84839/000008483925000100/,
Rollins,ROL,2025Q3,2025-09-30,분기별 영업이익,225021000,USD,공시,https://www.sec.gov/Archives/edgar/data/84839/000008483925000100/,
Rollins,ROL,2025Q3,2025-09-30,분기별 당기순이익(지배),163527000,USD,공시,https://www.sec.gov/Archives/edgar/data/84839/000008483925000100/,
Rollins,ROL,2025Q3,2025-09-30,분기별 영업활동현금흐름,191349000,USD,계산(누적차감),https://www.sec.gov/Archives/edgar/data/84839/000008483925000100/ ; https://www.sec.gov/Archives/edgar/data/84839/000008483925000087/,누적 513363000 − 직전누적 322014000 (시작 2025-01-01)
Rollins,ROL,2025Q3,2025-09-30,분기말 자산총계,3219660000,USD,공시,https://www.sec.gov/Archives/edgar/data/84839/000008483925000100/,
Rollins,ROL,2025Q3,2025-09-30,분기말 부채총계,1687612000,USD,공시,https://www.sec.gov/Archives/edgar/data/84839/000008483925000100/,
Rollins,ROL,2025Q3,2025-09-30,분기말 총자본(자기자본),1532048000,USD,공시(비지배 없음),https://www.sec.gov/Archives/edgar/data/84839/000008483925000100/,"StockholdersEquity, MinorityInterest 태그 없음"
Rollins,ROL,2025Q3,2025-09-30,분기말 지배지분 자본,1532048000,USD,공시,https://www.sec.gov/Archives/edgar/data/84839/000008483925000100/,
Rollins,ROL,2025Q3,2025-09-30,분기말 종가,58.74,USD,API,https://query1.finance.yahoo.com/v8/finance/chart/ROL?interval=1d&events=splits (2025-09-30),
Rollins,ROL,2025Q3,2025-10-20,분기말 상장주식수,484628814,주,공시(표지 기준일),https://www.sec.gov/Archives/edgar/data/84839/000008483925000100/,dei:EntityCommonStockSharesOutstanding 클래스 합
Rollins,ROL,2025Q3,2025-09-30,분기말 시가총액,28467096534,USD,계산(종가×주식수),https://query1.finance.yahoo.com/v8/finance/chart/ROL?interval=1d&events=splits (2025-09-30) ; https://www.sec.gov/Archives/edgar/data/84839/000008483925000100/,종가 58.74 × 주식수 484628814
Rollins,ROL,2025Q4,2025-12-31,분기별 매출액,912913000,USD,계산(연간-3분기누적),https://www.sec.gov/Archives/edgar/data/84839/000008483926000008/ ; https://www.sec.gov/Archives/edgar/data/84839/000008483925000100/,연간 3761050000 − 9개월누적 2848137000 (RevenueFromContractWithCustomerExcludingAssessedTax)
Rollins,ROL,2025Q4,2025-12-31,분기별 영업이익,160066000,USD,계산(연간-3분기누적),https://www.sec.gov/Archives/edgar/data/84839/000008483926000008/ ; https://www.sec.gov/Archives/edgar/data/84839/000008483925000100/,연간 726068000 − 9개월누적 566002000 (OperatingIncomeLoss)
Rollins,ROL,2025Q4,2025-12-31,분기별 당기순이익(지배),116441000,USD,계산(연간-3분기누적),https://www.sec.gov/Archives/edgar/data/84839/000008483926000008/ ; https://www.sec.gov/Archives/edgar/data/84839/000008483925000100/,연간 526705000 − 9개월누적 410264000 (NetIncomeLoss)
Rollins,ROL,2025Q4,2025-12-31,분기별 영업활동현금흐름,164744000,USD,계산(누적차감),https://www.sec.gov/Archives/edgar/data/84839/000008483926000008/ ; https://www.sec.gov/Archives/edgar/data/84839/000008483925000100/,누적 678107000 − 직전누적 513363000 (시작 2025-01-01)
Rollins,ROL,2025Q4,2025-12-31,분기말 자산총계,3140523000,USD,공시,https://www.sec.gov/Archives/edgar/data/84839/000008483926000008/,
Rollins,ROL,2025Q4,2025-12-31,분기말 부채총계,1766202000,USD,공시,https://www.sec.gov/Archives/edgar/data/84839/000008483926000008/,
Rollins,ROL,2025Q4,2025-12-31,분기말 총자본(자기자본),1374321000,USD,공시(비지배 없음),https://www.sec.gov/Archives/edgar/data/84839/000008483926000008/,"StockholdersEquity, MinorityInterest 태그 없음"
Rollins,ROL,2025Q4,2025-12-31,분기말 지배지분 자본,1374321000,USD,공시,https://www.sec.gov/Archives/edgar/data/84839/000008483926000008/,
Rollins,ROL,2025Q4,2025-12-31,분기말 종가,60.02,USD,API,https://query1.finance.yahoo.com/v8/finance/chart/ROL?interval=1d&events=splits (2025-12-31),
Rollins,ROL,2025Q4,2026-01-31,분기말 상장주식수,481092221,주,공시(표지 기준일),https://www.sec.gov/Archives/edgar/data/84839/000008483926000008/,dei:EntityCommonStockSharesOutstanding 클래스 합
Rollins,ROL,2025Q4,2025-12-31,분기말 시가총액,28875155104,USD,계산(종가×주식수),https://query1.finance.yahoo.com/v8/finance/chart/ROL?interval=1d&events=splits (2025-12-31) ; https://www.sec.gov/Archives/edgar/data/84839/000008483926000008/,종가 60.02 × 주식수 481092221
Rollins,ROL,2026Q1,2026-03-31,분기별 매출액,906424000,USD,공시,https://www.sec.gov/Archives/edgar/data/84839/000008483926000022/,
Rollins,ROL,2026Q1,2026-03-31,분기별 영업이익,145486000,USD,공시,https://www.sec.gov/Archives/edgar/data/84839/000008483926000022/,
Rollins,ROL,2026Q1,2026-03-31,분기별 당기순이익(지배),107838000,USD,공시,https://www.sec.gov/Archives/edgar/data/84839/000008483926000022/,
Rollins,ROL,2026Q1,2026-03-31,분기별 영업활동현금흐름,118367000,USD,공시,https://www.sec.gov/Archives/edgar/data/84839/000008483926000022/,
Rollins,ROL,2026Q1,2026-03-31,분기말 자산총계,3160234000,USD,공시,https://www.sec.gov/Archives/edgar/data/84839/000008483926000022/,
Rollins,ROL,2026Q1,2026-03-31,분기말 부채총계,1778546000,USD,공시,https://www.sec.gov/Archives/edgar/data/84839/000008483926000022/,
Rollins,ROL,2026Q1,2026-03-31,분기말 총자본(자기자본),1381688000,USD,공시(비지배 없음),https://www.sec.gov/Archives/edgar/data/84839/000008483926000022/,"StockholdersEquity, MinorityInterest 태그 없음"
Rollins,ROL,2026Q1,2026-03-31,분기말 지배지분 자본,1381688000,USD,공시,https://www.sec.gov/Archives/edgar/data/84839/000008483926000022/,
Rollins,ROL,2026Q1,2026-03-31,분기말 종가,53.41,USD,API,https://query1.finance.yahoo.com/v8/finance/chart/ROL?interval=1d&events=splits (2026-03-31),
Rollins,ROL,2026Q1,2026-04-13,분기말 상장주식수,481463663,주,공시(표지 기준일),https://www.sec.gov/Archives/edgar/data/84839/000008483926000022/,dei:EntityCommonStockSharesOutstanding 클래스 합
Rollins,ROL,2026Q1,2026-03-31,분기말 시가총액,25714974241,USD,계산(종가×주식수),https://query1.finance.yahoo.com/v8/finance/chart/ROL?interval=1d&events=splits (2026-03-31) ; https://www.sec.gov/Archives/edgar/data/84839/000008483926000022/,종가 53.41 × 주식수 481463663
Rollins,ROL,2026Q2,2026-06-30,분기별 매출액,1078576000,USD,공시,https://www.sec.gov/Archives/edgar/data/84839/000008483926000040/,
Rollins,ROL,2026Q2,2026-06-30,분기별 영업이익,201359000,USD,공시,https://www.sec.gov/Archives/edgar/data/84839/000008483926000040/,
Rollins,ROL,2026Q2,2026-06-30,분기별 당기순이익(지배),143910000,USD,공시,https://www.sec.gov/Archives/edgar/data/84839/000008483926000040/,
Rollins,ROL,2026Q2,2026-06-30,분기별 영업활동현금흐름,172506000,USD,계산(누적차감),https://www.sec.gov/Archives/edgar/data/84839/000008483926000040/ ; https://www.sec.gov/Archives/edgar/data/84839/000008483926000022/,누적 290873000 − 직전누적 118367000 (시작 2026-01-01)
Rollins,ROL,2026Q2,2026-06-30,분기말 자산총계,3354932000,USD,공시,https://www.sec.gov/Archives/edgar/data/84839/000008483926000040/,
Rollins,ROL,2026Q2,2026-06-30,분기말 부채총계,1925335000,USD,공시,https://www.sec.gov/Archives/edgar/data/84839/000008483926000040/,
Rollins,ROL,2026Q2,2026-06-30,분기말 총자본(자기자본),1429597000,USD,공시(비지배 없음),https://www.sec.gov/Archives/edgar/data/84839/000008483926000040/,"StockholdersEquity, MinorityInterest 태그 없음"
Rollins,ROL,2026Q2,2026-06-30,분기말 지배지분 자본,1429597000,USD,공시,https://www.sec.gov/Archives/edgar/data/84839/000008483926000040/,
Rollins,ROL,2026Q2,2026-06-30,분기말 종가,41.74,USD,API,https://query1.finance.yahoo.com/v8/finance/chart/ROL?interval=1d&events=splits (2026-06-30),
Rollins,ROL,2026Q2,2026-07-13,분기말 상장주식수,481145404,주,공시(표지 기준일),https://www.sec.gov/Archives/edgar/data/84839/000008483926000040/,dei:EntityCommonStockSharesOutstanding 클래스 합
Rollins,ROL,2026Q2,2026-06-30,분기말 시가총액,20083009163,USD,계산(종가×주식수),https://query1.finance.yahoo.com/v8/finance/chart/ROL?interval=1d&events=splits (2026-06-30) ; https://www.sec.gov/Archives/edgar/data/84839/000008483926000040/,종가 41.74 × 주식수 481145404
