기업,종목코드,기간,기준일,항목,값(원),값구분,출처,항목세트,라운드
DB손해보험,005830,2010Q1,2010-03-31,분기말 자산총계,14868598650058,공시,https://dart.fss.or.kr/dsaf001/main.do?rcpNo=20100629000330,금융,12
DB손해보험,005830,2010Q1,2010-03-31,분기말 부채총계,13574797225999,공시,https://dart.fss.or.kr/dsaf001/main.do?rcpNo=20100629000330,금융,12
DB손해보험,005830,2010Q1,2010-03-31,분기말 총자본(자기자본),1293801424059,공시,https://dart.fss.or.kr/dsaf001/main.do?rcpNo=20100629000330,금융,12
DB손해보험,005830,2010Q1,2010-03-31,분기별 영업수익,8569433349362,공시,https://dart.fss.or.kr/dsaf001/main.do?rcpNo=20100629000330,금융,12
DB손해보험,005830,2010Q1,2010-03-31,분기별 영업이익,261852603093,공시,https://dart.fss.or.kr/dsaf001/main.do?rcpNo=20100629000330,금융,12
DB손해보험,005830,2010Q1,2010-03-31,분기별 당기순이익(지배),226198262780,공시,https://dart.fss.or.kr/dsaf001/main.do?rcpNo=20100629000330,금융,12
DB손해보험,005830,2010Q1,2010-03-31,분기별 순이자이익,데이터 없음(항목 미공시),데이터 없음(항목 미공시),https://dart.fss.or.kr/dsaf001/main.do?rcpNo=20100629000330,금융,12
DB손해보험,005830,2010Q1,2010-03-31,분기별 순수수료이익,데이터 없음(항목 미공시),데이터 없음(항목 미공시),https://dart.fss.or.kr/dsaf001/main.do?rcpNo=20100629000330,금융,12
DB손해보험,005830,2010Q1,2010-03-31,분기별 영업활동현금흐름,523106462934,공시(재작성 반영),https://dart.fss.or.kr/dsaf001/main.do?rcpNo=20100629000330 ; 재작성 출처: https://dart.fss.or.kr/dsaf001/main.do?rcpNo=20110629000413,금융,12
DB손해보험,005830,2010Q1,2010-03-31,분기말 지배지분 자본,1293801424059,공시,https://dart.fss.or.kr/dsaf001/main.do?rcpNo=20100629000330,금융,12
DB손해보험,005830,2010Q1,2010-03-31,분기말 종가,32300,API,"https://data-dbg.krx.co.kr/svc/apis/sto/stk_bydd_trd?basDd=20100331 (KOSPI, 동부화재 ; 종가 32300 × 상장주식수 70800000 = 시가총액 2286840000000)",금융,12
DB손해보험,005830,2010Q1,2010-03-31,분기말 상장주식수,70800000,API,"https://data-dbg.krx.co.kr/svc/apis/sto/stk_bydd_trd?basDd=20100331 (KOSPI, 동부화재 ; 종가 32300 × 상장주식수 70800000 = 시가총액 2286840000000)",금융,12
DB손해보험,005830,2010Q1,2010-03-31,분기말 시가총액,2286840000000,API,"https://data-dbg.krx.co.kr/svc/apis/sto/stk_bydd_trd?basDd=20100331 (KOSPI, 동부화재 ; 종가 32300 × 상장주식수 70800000 = 시가총액 2286840000000)",금융,12
DB손해보험,005830,2010Q2,2010-06-30,분기말 자산총계,데이터 없음(보고서에 연결재무제표 없음),데이터 없음(연결 미수록),https://dart.fss.or.kr/dsaf001/main.do?rcpNo=20100816001109,금융,12
DB손해보험,005830,2010Q2,2010-06-30,분기말 부채총계,데이터 없음(보고서에 연결재무제표 없음),데이터 없음(연결 미수록),https://dart.fss.or.kr/dsaf001/main.do?rcpNo=20100816001109,금융,12
DB손해보험,005830,2010Q2,2010-06-30,분기말 총자본(자기자본),데이터 없음(보고서에 연결재무제표 없음),데이터 없음(연결 미수록),https://dart.fss.or.kr/dsaf001/main.do?rcpNo=20100816001109,금융,12
DB손해보험,005830,2010Q2,2010-06-30,분기별 영업수익,데이터 없음(보고서에 연결재무제표 없음),데이터 없음(연결 미수록),https://dart.fss.or.kr/dsaf001/main.do?rcpNo=20100816001109,금융,12
DB손해보험,005830,2010Q2,2010-06-30,분기별 영업이익,데이터 없음(보고서에 연결재무제표 없음),데이터 없음(연결 미수록),https://dart.fss.or.kr/dsaf001/main.do?rcpNo=20100816001109,금융,12
DB손해보험,005830,2010Q2,2010-06-30,분기별 당기순이익(지배),데이터 없음(보고서에 연결재무제표 없음),데이터 없음(연결 미수록),https://dart.fss.or.kr/dsaf001/main.do?rcpNo=20100816001109,금융,12
DB손해보험,005830,2010Q2,2010-06-30,분기별 순이자이익,데이터 없음(보고서에 연결재무제표 없음),데이터 없음(연결 미수록),https://dart.fss.or.kr/dsaf001/main.do?rcpNo=20100816001109,금융,12
DB손해보험,005830,2010Q2,2010-06-30,분기별 순수수료이익,데이터 없음(보고서에 연결재무제표 없음),데이터 없음(연결 미수록),https://dart.fss.or.kr/dsaf001/main.do?rcpNo=20100816001109,금융,12
DB손해보험,005830,2010Q2,2010-06-30,분기별 영업활동현금흐름,데이터 없음(보고서에 연결재무제표 없음),데이터 없음(연결 미수록),https://dart.fss.or.kr/dsaf001/main.do?rcpNo=20100816001109,금융,12
DB손해보험,005830,2010Q2,2010-06-30,분기말 지배지분 자본,데이터 없음(보고서에 연결재무제표 없음),데이터 없음(연결 미수록),https://dart.fss.or.kr/dsaf001/main.do?rcpNo=20100816001109,금융,12
DB손해보험,005830,2010Q2,2010-06-30,분기말 종가,35500,API,"https://data-dbg.krx.co.kr/svc/apis/sto/stk_bydd_trd?basDd=20100630 (KOSPI, 동부화재 ; 종가 35500 × 상장주식수 70800000 = 시가총액 2513400000000)",금융,12
DB손해보험,005830,2010Q2,2010-06-30,분기말 상장주식수,70800000,API,"https://data-dbg.krx.co.kr/svc/apis/sto/stk_bydd_trd?basDd=20100630 (KOSPI, 동부화재 ; 종가 35500 × 상장주식수 70800000 = 시가총액 2513400000000)",금융,12
DB손해보험,005830,2010Q2,2010-06-30,분기말 시가총액,2513400000000,API,"https://data-dbg.krx.co.kr/svc/apis/sto/stk_bydd_trd?basDd=20100630 (KOSPI, 동부화재 ; 종가 35500 × 상장주식수 70800000 = 시가총액 2513400000000)",금융,12
DB손해보험,005830,2010Q3,2010-09-30,분기말 자산총계,데이터 없음(보고서에 연결재무제표 없음),데이터 없음(연결 미수록),https://dart.fss.or.kr/dsaf001/main.do?rcpNo=20101115001252,금융,12
DB손해보험,005830,2010Q3,2010-09-30,분기말 부채총계,데이터 없음(보고서에 연결재무제표 없음),데이터 없음(연결 미수록),https://dart.fss.or.kr/dsaf001/main.do?rcpNo=20101115001252,금융,12
DB손해보험,005830,2010Q3,2010-09-30,분기말 총자본(자기자본),데이터 없음(보고서에 연결재무제표 없음),데이터 없음(연결 미수록),https://dart.fss.or.kr/dsaf001/main.do?rcpNo=20101115001252,금융,12
DB손해보험,005830,2010Q3,2010-09-30,분기별 영업수익,데이터 없음(보고서에 연결재무제표 없음),데이터 없음(연결 미수록),https://dart.fss.or.kr/dsaf001/main.do?rcpNo=20101115001252,금융,12
DB손해보험,005830,2010Q3,2010-09-30,분기별 영업이익,데이터 없음(보고서에 연결재무제표 없음),데이터 없음(연결 미수록),https://dart.fss.or.kr/dsaf001/main.do?rcpNo=20101115001252,금융,12
DB손해보험,005830,2010Q3,2010-09-30,분기별 당기순이익(지배),데이터 없음(보고서에 연결재무제표 없음),데이터 없음(연결 미수록),https://dart.fss.or.kr/dsaf001/main.do?rcpNo=20101115001252,금융,12
DB손해보험,005830,2010Q3,2010-09-30,분기별 순이자이익,데이터 없음(보고서에 연결재무제표 없음),데이터 없음(연결 미수록),https://dart.fss.or.kr/dsaf001/main.do?rcpNo=20101115001252,금융,12
DB손해보험,005830,2010Q3,2010-09-30,분기별 순수수료이익,데이터 없음(보고서에 연결재무제표 없음),데이터 없음(연결 미수록),https://dart.fss.or.kr/dsaf001/main.do?rcpNo=20101115001252,금융,12
DB손해보험,005830,2010Q3,2010-09-30,분기별 영업활동현금흐름,데이터 없음(보고서에 연결재무제표 없음),데이터 없음(연결 미수록),https://dart.fss.or.kr/dsaf001/main.do?rcpNo=20101115001252,금융,12
DB손해보험,005830,2010Q3,2010-09-30,분기말 지배지분 자본,데이터 없음(보고서에 연결재무제표 없음),데이터 없음(연결 미수록),https://dart.fss.or.kr/dsaf001/main.do?rcpNo=20101115001252,금융,12
DB손해보험,005830,2010Q3,2010-09-30,분기말 종가,35250,API,"https://data-dbg.krx.co.kr/svc/apis/sto/stk_bydd_trd?basDd=20100930 (KOSPI, 동부화재 ; 종가 35250 × 상장주식수 70800000 = 시가총액 2495700000000)",금융,12
DB손해보험,005830,2010Q3,2010-09-30,분기말 상장주식수,70800000,API,"https://data-dbg.krx.co.kr/svc/apis/sto/stk_bydd_trd?basDd=20100930 (KOSPI, 동부화재 ; 종가 35250 × 상장주식수 70800000 = 시가총액 2495700000000)",금융,12
DB손해보험,005830,2010Q3,2010-09-30,분기말 시가총액,2495700000000,API,"https://data-dbg.krx.co.kr/svc/apis/sto/stk_bydd_trd?basDd=20100930 (KOSPI, 동부화재 ; 종가 35250 × 상장주식수 70800000 = 시가총액 2495700000000)",금융,12
DB손해보험,005830,2010Q4,2010-12-31,분기말 자산총계,데이터 없음(보고서에 연결재무제표 없음),데이터 없음(연결 미수록),https://dart.fss.or.kr/dsaf001/main.do?rcpNo=20110214000191,금융,12
DB손해보험,005830,2010Q4,2010-12-31,분기말 부채총계,데이터 없음(보고서에 연결재무제표 없음),데이터 없음(연결 미수록),https://dart.fss.or.kr/dsaf001/main.do?rcpNo=20110214000191,금융,12
DB손해보험,005830,2010Q4,2010-12-31,분기말 총자본(자기자본),데이터 없음(보고서에 연결재무제표 없음),데이터 없음(연결 미수록),https://dart.fss.or.kr/dsaf001/main.do?rcpNo=20110214000191,금융,12
DB손해보험,005830,2010Q4,2010-12-31,분기별 영업수익,데이터 없음(보고서에 연결재무제표 없음),데이터 없음(연결 미수록),https://dart.fss.or.kr/dsaf001/main.do?rcpNo=20110214000191,금융,12
DB손해보험,005830,2010Q4,2010-12-31,분기별 영업이익,데이터 없음(보고서에 연결재무제표 없음),데이터 없음(연결 미수록),https://dart.fss.or.kr/dsaf001/main.do?rcpNo=20110214000191,금융,12
DB손해보험,005830,2010Q4,2010-12-31,분기별 당기순이익(지배),데이터 없음(보고서에 연결재무제표 없음),데이터 없음(연결 미수록),https://dart.fss.or.kr/dsaf001/main.do?rcpNo=20110214000191,금융,12
DB손해보험,005830,2010Q4,2010-12-31,분기별 순이자이익,데이터 없음(보고서에 연결재무제표 없음),데이터 없음(연결 미수록),https://dart.fss.or.kr/dsaf001/main.do?rcpNo=20110214000191,금융,12
DB손해보험,005830,2010Q4,2010-12-31,분기별 순수수료이익,데이터 없음(보고서에 연결재무제표 없음),데이터 없음(연결 미수록),https://dart.fss.or.kr/dsaf001/main.do?rcpNo=20110214000191,금융,12
DB손해보험,005830,2010Q4,2010-12-31,분기별 영업활동현금흐름,데이터 없음(보고서에 연결재무제표 없음),데이터 없음(연결 미수록),https://dart.fss.or.kr/dsaf001/main.do?rcpNo=20110214000191,금융,12
DB손해보험,005830,2010Q4,2010-12-31,분기말 지배지분 자본,데이터 없음(보고서에 연결재무제표 없음),데이터 없음(연결 미수록),https://dart.fss.or.kr/dsaf001/main.do?rcpNo=20110214000191,금융,12
DB손해보험,005830,2010Q4,2010-12-30,분기말 종가,45000,API,"https://data-dbg.krx.co.kr/svc/apis/sto/stk_bydd_trd?basDd=20101230 (KOSPI, 동부화재 ; 종가 45000 × 상장주식수 70800000 = 시가총액 3186000000000)",금융,12
DB손해보험,005830,2010Q4,2010-12-30,분기말 상장주식수,70800000,API,"https://data-dbg.krx.co.kr/svc/apis/sto/stk_bydd_trd?basDd=20101230 (KOSPI, 동부화재 ; 종가 45000 × 상장주식수 70800000 = 시가총액 3186000000000)",금융,12
DB손해보험,005830,2010Q4,2010-12-30,분기말 시가총액,3186000000000,API,"https://data-dbg.krx.co.kr/svc/apis/sto/stk_bydd_trd?basDd=20101230 (KOSPI, 동부화재 ; 종가 45000 × 상장주식수 70800000 = 시가총액 3186000000000)",금융,12
DB손해보험,005830,2011Q1,2011-03-31,분기말 자산총계,17953721051888,공시,https://dart.fss.or.kr/dsaf001/main.do?rcpNo=20110629000413,금융,12
DB손해보험,005830,2011Q1,2011-03-31,분기말 부채총계,16363348811012,공시,https://dart.fss.or.kr/dsaf001/main.do?rcpNo=20110629000413,금융,12
DB손해보험,005830,2011Q1,2011-03-31,분기말 총자본(자기자본),1590372240876,공시,https://dart.fss.or.kr/dsaf001/main.do?rcpNo=20110629000413,금융,12
DB손해보험,005830,2011Q1,2011-03-31,분기별 영업수익,8237184703210,공시(재작성 반영),https://dart.fss.or.kr/dsaf001/main.do?rcpNo=20110629000413 ; 재작성 출처: https://dart.fss.or.kr/dsaf001/main.do?rcpNo=20120629000549,금융,12
DB손해보험,005830,2011Q1,2011-03-31,분기별 영업이익,386461645251,공시,https://dart.fss.or.kr/dsaf001/main.do?rcpNo=20110629000413,금융,12
DB손해보험,005830,2011Q1,2011-03-31,분기별 당기순이익(지배),283349986053,공시,https://dart.fss.or.kr/dsaf001/main.do?rcpNo=20110629000413,금융,12
DB손해보험,005830,2011Q1,2011-03-31,분기별 순이자이익,데이터 없음(항목 미공시),데이터 없음(항목 미공시),https://dart.fss.or.kr/dsaf001/main.do?rcpNo=20110629000413,금융,12
DB손해보험,005830,2011Q1,2011-03-31,분기별 순수수료이익,데이터 없음(항목 미공시),데이터 없음(항목 미공시),https://dart.fss.or.kr/dsaf001/main.do?rcpNo=20110629000413,금융,12
DB손해보험,005830,2011Q1,2011-03-31,분기별 영업활동현금흐름,545962648162,공시(재작성 반영),https://dart.fss.or.kr/dsaf001/main.do?rcpNo=20110629000413 ; 재작성 출처: https://dart.fss.or.kr/dsaf001/main.do?rcpNo=20120629000549,금융,12
DB손해보험,005830,2011Q1,2011-03-31,분기말 지배지분 자본,1590372240876,공시,https://dart.fss.or.kr/dsaf001/main.do?rcpNo=20110629000413,금융,12
DB손해보험,005830,2011Q1,2011-03-31,분기말 종가,50100,API,"https://data-dbg.krx.co.kr/svc/apis/sto/stk_bydd_trd?basDd=20110331 (KOSPI, 동부화재 ; 종가 50100 × 상장주식수 70800000 = 시가총액 3547080000000)",금융,12
DB손해보험,005830,2011Q1,2011-03-31,분기말 상장주식수,70800000,API,"https://data-dbg.krx.co.kr/svc/apis/sto/stk_bydd_trd?basDd=20110331 (KOSPI, 동부화재 ; 종가 50100 × 상장주식수 70800000 = 시가총액 3547080000000)",금융,12
DB손해보험,005830,2011Q1,2011-03-31,분기말 시가총액,3547080000000,API,"https://data-dbg.krx.co.kr/svc/apis/sto/stk_bydd_trd?basDd=20110331 (KOSPI, 동부화재 ; 종가 50100 × 상장주식수 70800000 = 시가총액 3547080000000)",금융,12
DB손해보험,005830,2011Q2,2011-06-30,분기말 자산총계,15314367768772,공시,https://dart.fss.or.kr/dsaf001/main.do?rcpNo=20110829000704,금융,12
DB손해보험,005830,2011Q2,2011-06-30,분기말 부채총계,13306591078804,공시,https://dart.fss.or.kr/dsaf001/main.do?rcpNo=20110829000704,금융,12
DB손해보험,005830,2011Q2,2011-06-30,분기말 총자본(자기자본),2007776689968,공시,https://dart.fss.or.kr/dsaf001/main.do?rcpNo=20110829000704,금융,12
DB손해보험,005830,2011Q2,2011-06-30,분기별 영업수익,-7771731452298,계산(누적차감),https://dart.fss.or.kr/dsaf001/main.do?rcpNo=20110829000704 ; https://dart.fss.or.kr/dsaf001/main.do?rcpNo=20110629000413,금융,12
DB손해보험,005830,2011Q2,2011-06-30,분기별 영업이익,미확인,미확인,https://dart.fss.or.kr/dsaf001/main.do?rcpNo=20110829000704,금융,12
DB손해보험,005830,2011Q2,2011-06-30,분기별 당기순이익(지배),-151527008075,계산(누적차감),https://dart.fss.or.kr/dsaf001/main.do?rcpNo=20110829000704 ; https://dart.fss.or.kr/dsaf001/main.do?rcpNo=20110629000413,금융,12
DB손해보험,005830,2011Q2,2011-06-30,분기별 순이자이익,데이터 없음(항목 미공시),데이터 없음(항목 미공시),https://dart.fss.or.kr/dsaf001/main.do?rcpNo=20110829000704,금융,12
DB손해보험,005830,2011Q2,2011-06-30,분기별 순수수료이익,데이터 없음(항목 미공시),데이터 없음(항목 미공시),https://dart.fss.or.kr/dsaf001/main.do?rcpNo=20110829000704,금융,12
DB손해보험,005830,2011Q2,2011-06-30,분기별 영업활동현금흐름,-841346531920,계산(누적차감)(재작성 반영),https://dart.fss.or.kr/dsaf001/main.do?rcpNo=20110829000704 ; https://dart.fss.or.kr/dsaf001/main.do?rcpNo=20110629000413 ; 재작성 출처: https://dart.fss.or.kr/dsaf001/main.do?rcpNo=20120629000549 ; https://dart.fss.or.kr/dsaf001/main.do?rcpNo=20120829000486,금융,12
DB손해보험,005830,2011Q2,2011-06-30,분기말 지배지분 자본,2007776689968,공시,https://dart.fss.or.kr/dsaf001/main.do?rcpNo=20110829000704,금융,12
DB손해보험,005830,2011Q2,2011-06-30,분기말 종가,55500,API,"https://data-dbg.krx.co.kr/svc/apis/sto/stk_bydd_trd?basDd=20110630 (KOSPI, 동부화재 ; 종가 55500 × 상장주식수 70800000 = 시가총액 3929400000000)",금융,12
DB손해보험,005830,2011Q2,2011-06-30,분기말 상장주식수,70800000,API,"https://data-dbg.krx.co.kr/svc/apis/sto/stk_bydd_trd?basDd=20110630 (KOSPI, 동부화재 ; 종가 55500 × 상장주식수 70800000 = 시가총액 3929400000000)",금융,12
DB손해보험,005830,2011Q2,2011-06-30,분기말 시가총액,3929400000000,API,"https://data-dbg.krx.co.kr/svc/apis/sto/stk_bydd_trd?basDd=20110630 (KOSPI, 동부화재 ; 종가 55500 × 상장주식수 70800000 = 시가총액 3929400000000)",금융,12
DB손해보험,005830,2011Q3,2011-09-30,분기말 자산총계,15248052030747,공시,https://dart.fss.or.kr/dsaf001/main.do?rcpNo=20111129000611,금융,12
DB손해보험,005830,2011Q3,2011-09-30,분기말 부채총계,13244886067112,공시,https://dart.fss.or.kr/dsaf001/main.do?rcpNo=20111129000611,금융,12
DB손해보험,005830,2011Q3,2011-09-30,분기말 총자본(자기자본),2003165963635,공시,https://dart.fss.or.kr/dsaf001/main.do?rcpNo=20111129000611,금융,12
DB손해보험,005830,2011Q3,2011-09-30,분기별 영업수익,2709609423756,공시(재작성 반영),https://dart.fss.or.kr/dsaf001/main.do?rcpNo=20111129000611 ; 재작성 출처: https://dart.fss.or.kr/dsaf001/main.do?rcpNo=20121129000965,금융,12
DB손해보험,005830,2011Q3,2011-09-30,분기별 영업이익,미확인,미확인,https://dart.fss.or.kr/dsaf001/main.do?rcpNo=20111129000611,금융,12
DB손해보험,005830,2011Q3,2011-09-30,분기별 당기순이익(지배),73353446518,공시(재작성 반영),https://dart.fss.or.kr/dsaf001/main.do?rcpNo=20111129000611 ; 재작성 출처: https://dart.fss.or.kr/dsaf001/main.do?rcpNo=20121129000965,금융,12
DB손해보험,005830,2011Q3,2011-09-30,분기별 순이자이익,데이터 없음(항목 미공시),데이터 없음(항목 미공시),https://dart.fss.or.kr/dsaf001/main.do?rcpNo=20111129000611,금융,12
DB손해보험,005830,2011Q3,2011-09-30,분기별 순수수료이익,데이터 없음(항목 미공시),데이터 없음(항목 미공시),https://dart.fss.or.kr/dsaf001/main.do?rcpNo=20111129000611,금융,12
DB손해보험,005830,2011Q3,2011-09-30,분기별 영업활동현금흐름,250157208900,계산(누적차감)(재작성 반영),https://dart.fss.or.kr/dsaf001/main.do?rcpNo=20111129000611 ; https://dart.fss.or.kr/dsaf001/main.do?rcpNo=20110829000704 ; 재작성 출처: https://dart.fss.or.kr/dsaf001/main.do?rcpNo=20120829000486 ; https://dart.fss.or.kr/dsaf001/main.do?rcpNo=20121129000965,금융,12
DB손해보험,005830,2011Q3,2011-09-30,분기말 지배지분 자본,2003165963635,공시,https://dart.fss.or.kr/dsaf001/main.do?rcpNo=20111129000611,금융,12
DB손해보험,005830,2011Q3,2011-09-30,분기말 종가,51500,API,"https://data-dbg.krx.co.kr/svc/apis/sto/stk_bydd_trd?basDd=20110930 (KOSPI, 동부화재 ; 종가 51500 × 상장주식수 70800000 = 시가총액 3646200000000)",금융,12
DB손해보험,005830,2011Q3,2011-09-30,분기말 상장주식수,70800000,API,"https://data-dbg.krx.co.kr/svc/apis/sto/stk_bydd_trd?basDd=20110930 (KOSPI, 동부화재 ; 종가 51500 × 상장주식수 70800000 = 시가총액 3646200000000)",금융,12
DB손해보험,005830,2011Q3,2011-09-30,분기말 시가총액,3646200000000,API,"https://data-dbg.krx.co.kr/svc/apis/sto/stk_bydd_trd?basDd=20110930 (KOSPI, 동부화재 ; 종가 51500 × 상장주식수 70800000 = 시가총액 3646200000000)",금융,12
DB손해보험,005830,2011Q4,2011-12-31,분기말 자산총계,17664260394150,공시(재작성 반영),https://dart.fss.or.kr/dsaf001/main.do?rcpNo=20120319000308 ; 재작성 출처: https://dart.fss.or.kr/dsaf001/main.do?rcpNo=20121129000965 ; https://dart.fss.or.kr/dsaf001/main.do?rcpNo=20130304000318,금융,12
DB손해보험,005830,2011Q4,2011-12-31,분기말 부채총계,15399898595392,공시(재작성 반영),https://dart.fss.or.kr/dsaf001/main.do?rcpNo=20120319000308 ; 재작성 출처: https://dart.fss.or.kr/dsaf001/main.do?rcpNo=20121129000965 ; https://dart.fss.or.kr/dsaf001/main.do?rcpNo=20130304000318,금융,12
DB손해보험,005830,2011Q4,2011-12-31,분기말 총자본(자기자본),2264361798758,공시(재작성 반영),https://dart.fss.or.kr/dsaf001/main.do?rcpNo=20120319000308 ; 재작성 출처: https://dart.fss.or.kr/dsaf001/main.do?rcpNo=20121129000965 ; https://dart.fss.or.kr/dsaf001/main.do?rcpNo=20130304000318,금융,12
DB손해보험,005830,2011Q4,2011-12-31,분기별 영업수익,2707296770510,계산(연간-3분기누적)(재작성 반영),https://dart.fss.or.kr/dsaf001/main.do?rcpNo=20120319000308 ; https://dart.fss.or.kr/dsaf001/main.do?rcpNo=20111129000611 ; 재작성 출처: https://dart.fss.or.kr/dsaf001/main.do?rcpNo=20121129000965 ; https://dart.fss.or.kr/dsaf001/main.do?rcpNo=20130304000318,금융,12
DB손해보험,005830,2011Q4,2011-12-31,분기별 영업이익,미확인,미확인,https://dart.fss.or.kr/dsaf001/main.do?rcpNo=20120319000308 ; https://dart.fss.or.kr/dsaf001/main.do?rcpNo=20111129000611,금융,12
DB손해보험,005830,2011Q4,2011-12-31,분기별 당기순이익(지배),102214061265,계산(연간-3분기누적)(재작성 반영),https://dart.fss.or.kr/dsaf001/main.do?rcpNo=20120319000308 ; https://dart.fss.or.kr/dsaf001/main.do?rcpNo=20111129000611 ; 재작성 출처: https://dart.fss.or.kr/dsaf001/main.do?rcpNo=20121129000965 ; https://dart.fss.or.kr/dsaf001/main.do?rcpNo=20130304000318,금융,12
DB손해보험,005830,2011Q4,2011-12-31,분기별 순이자이익,데이터 없음(항목 미공시),데이터 없음(항목 미공시),https://dart.fss.or.kr/dsaf001/main.do?rcpNo=20120319000308 ; https://dart.fss.or.kr/dsaf001/main.do?rcpNo=20111129000611,금융,12
DB손해보험,005830,2011Q4,2011-12-31,분기별 순수수료이익,데이터 없음(항목 미공시),데이터 없음(항목 미공시),https://dart.fss.or.kr/dsaf001/main.do?rcpNo=20120319000308 ; https://dart.fss.or.kr/dsaf001/main.do?rcpNo=20111129000611,금융,12
DB손해보험,005830,2011Q4,2011-12-31,분기별 영업활동현금흐름,-104277856371,계산(누적차감)(재작성 반영),https://dart.fss.or.kr/dsaf001/main.do?rcpNo=20120319000308 ; https://dart.fss.or.kr/dsaf001/main.do?rcpNo=20111129000611 ; 재작성 출처: https://dart.fss.or.kr/dsaf001/main.do?rcpNo=20121129000965 ; https://dart.fss.or.kr/dsaf001/main.do?rcpNo=20130304000318,금융,12
DB손해보험,005830,2011Q4,2011-12-31,분기말 지배지분 자본,2264361798758,공시(재작성 반영),https://dart.fss.or.kr/dsaf001/main.do?rcpNo=20120319000308 ; 재작성 출처: https://dart.fss.or.kr/dsaf001/main.do?rcpNo=20121129000965 ; https://dart.fss.or.kr/dsaf001/main.do?rcpNo=20130304000318,금융,12
DB손해보험,005830,2011Q4,2011-12-29,분기말 종가,53400,API,"https://data-dbg.krx.co.kr/svc/apis/sto/stk_bydd_trd?basDd=20111229 (KOSPI, 동부화재 ; 종가 53400 × 상장주식수 70800000 = 시가총액 3780720000000)",금융,12
DB손해보험,005830,2011Q4,2011-12-29,분기말 상장주식수,70800000,API,"https://data-dbg.krx.co.kr/svc/apis/sto/stk_bydd_trd?basDd=20111229 (KOSPI, 동부화재 ; 종가 53400 × 상장주식수 70800000 = 시가총액 3780720000000)",금융,12
DB손해보험,005830,2011Q4,2011-12-29,분기말 시가총액,3780720000000,API,"https://data-dbg.krx.co.kr/svc/apis/sto/stk_bydd_trd?basDd=20111229 (KOSPI, 동부화재 ; 종가 53400 × 상장주식수 70800000 = 시가총액 3780720000000)",금융,12
DB손해보험,005830,2012Q1,2012-03-31,분기말 자산총계,17531362133438,공시,https://dart.fss.or.kr/dsaf001/main.do?rcpNo=20120629000549,금융,12
DB손해보험,005830,2012Q1,2012-03-31,분기말 부채총계,15326679340268,공시,https://dart.fss.or.kr/dsaf001/main.do?rcpNo=20120629000549,금융,12
DB손해보험,005830,2012Q1,2012-03-31,분기말 총자본(자기자본),2204682793170,공시,https://dart.fss.or.kr/dsaf001/main.do?rcpNo=20120629000549,금융,12
DB손해보험,005830,2012Q1,2012-03-31,분기별 영업수익,10514803349537,공시,https://dart.fss.or.kr/dsaf001/main.do?rcpNo=20120629000549,금융,12
DB손해보험,005830,2012Q1,2012-03-31,분기별 영업이익,미확인,미확인,https://dart.fss.or.kr/dsaf001/main.do?rcpNo=20120629000549,금융,12
DB손해보험,005830,2012Q1,2012-03-31,분기별 당기순이익(지배),403159361759,공시,https://dart.fss.or.kr/dsaf001/main.do?rcpNo=20120629000549,금융,12
DB손해보험,005830,2012Q1,2012-03-31,분기별 순이자이익,데이터 없음(항목 미공시),데이터 없음(항목 미공시),https://dart.fss.or.kr/dsaf001/main.do?rcpNo=20120629000549,금융,12
DB손해보험,005830,2012Q1,2012-03-31,분기별 순수수료이익,데이터 없음(항목 미공시),데이터 없음(항목 미공시),https://dart.fss.or.kr/dsaf001/main.do?rcpNo=20120629000549,금융,12
DB손해보험,005830,2012Q1,2012-03-31,분기별 영업활동현금흐름,86149775030,공시,https://dart.fss.or.kr/dsaf001/main.do?rcpNo=20120629000549,금융,12
DB손해보험,005830,2012Q1,2012-03-31,분기말 지배지분 자본,2204682793170,공시,https://dart.fss.or.kr/dsaf001/main.do?rcpNo=20120629000549,금융,12
DB손해보험,005830,2012Q1,2012-03-30,분기말 종가,48950,API,"https://data-dbg.krx.co.kr/svc/apis/sto/stk_bydd_trd?basDd=20120330 (KOSPI, 동부화재 ; 종가 48950 × 상장주식수 70800000 = 시가총액 3465660000000)",금융,12
DB손해보험,005830,2012Q1,2012-03-30,분기말 상장주식수,70800000,API,"https://data-dbg.krx.co.kr/svc/apis/sto/stk_bydd_trd?basDd=20120330 (KOSPI, 동부화재 ; 종가 48950 × 상장주식수 70800000 = 시가총액 3465660000000)",금융,12
DB손해보험,005830,2012Q1,2012-03-30,분기말 시가총액,3465660000000,API,"https://data-dbg.krx.co.kr/svc/apis/sto/stk_bydd_trd?basDd=20120330 (KOSPI, 동부화재 ; 종가 48950 × 상장주식수 70800000 = 시가총액 3465660000000)",금융,12
DB손해보험,005830,2012Q2,2012-06-30,분기말 자산총계,18628194506473,공시,https://dart.fss.or.kr/dsaf001/main.do?rcpNo=20120829000486,금융,12
DB손해보험,005830,2012Q2,2012-06-30,분기말 부채총계,16392567682744,공시,https://dart.fss.or.kr/dsaf001/main.do?rcpNo=20120829000486,금융,12
DB손해보험,005830,2012Q2,2012-06-30,분기말 총자본(자기자본),2235626823729,공시,https://dart.fss.or.kr/dsaf001/main.do?rcpNo=20120829000486,금융,12
DB손해보험,005830,2012Q2,2012-06-30,분기별 영업수익,-7746798344352,계산(누적차감),https://dart.fss.or.kr/dsaf001/main.do?rcpNo=20120829000486 ; https://dart.fss.or.kr/dsaf001/main.do?rcpNo=20120629000549,금융,12
DB손해보험,005830,2012Q2,2012-06-30,분기별 영업이익,미확인,미확인,https://dart.fss.or.kr/dsaf001/main.do?rcpNo=20120829000486,금융,12
DB손해보험,005830,2012Q2,2012-06-30,분기별 당기순이익(지배),-290788927919,계산(누적차감),https://dart.fss.or.kr/dsaf001/main.do?rcpNo=20120829000486 ; https://dart.fss.or.kr/dsaf001/main.do?rcpNo=20120629000549,금융,12
DB손해보험,005830,2012Q2,2012-06-30,분기별 순이자이익,데이터 없음(항목 미공시),데이터 없음(항목 미공시),https://dart.fss.or.kr/dsaf001/main.do?rcpNo=20120829000486,금융,12
DB손해보험,005830,2012Q2,2012-06-30,분기별 순수수료이익,데이터 없음(항목 미공시),데이터 없음(항목 미공시),https://dart.fss.or.kr/dsaf001/main.do?rcpNo=20120829000486,금융,12
DB손해보험,005830,2012Q2,2012-06-30,분기별 영업활동현금흐름,126222608020,계산(누적차감)(재작성 반영),https://dart.fss.or.kr/dsaf001/main.do?rcpNo=20120829000486 ; https://dart.fss.or.kr/dsaf001/main.do?rcpNo=20120629000549 ; 재작성 출처: https://dart.fss.or.kr/dsaf001/main.do?rcpNo=20130814001308,금융,12
DB손해보험,005830,2012Q2,2012-06-30,분기말 지배지분 자본,2235626823729,공시,https://dart.fss.or.kr/dsaf001/main.do?rcpNo=20120829000486,금융,12
DB손해보험,005830,2012Q2,2012-06-29,분기말 종가,41950,API,"https://data-dbg.krx.co.kr/svc/apis/sto/stk_bydd_trd?basDd=20120629 (KOSPI, 동부화재 ; 종가 41950 × 상장주식수 70800000 = 시가총액 2970060000000)",금융,12
DB손해보험,005830,2012Q2,2012-06-29,분기말 상장주식수,70800000,API,"https://data-dbg.krx.co.kr/svc/apis/sto/stk_bydd_trd?basDd=20120629 (KOSPI, 동부화재 ; 종가 41950 × 상장주식수 70800000 = 시가총액 2970060000000)",금융,12
DB손해보험,005830,2012Q2,2012-06-29,분기말 시가총액,2970060000000,API,"https://data-dbg.krx.co.kr/svc/apis/sto/stk_bydd_trd?basDd=20120629 (KOSPI, 동부화재 ; 종가 41950 × 상장주식수 70800000 = 시가총액 2970060000000)",금융,12
DB손해보험,005830,2012Q3,2012-09-30,분기말 자산총계,20316181067674,공시,https://dart.fss.or.kr/dsaf001/main.do?rcpNo=20121129000965,금융,12
DB손해보험,005830,2012Q3,2012-09-30,분기말 부채총계,17653415441733,공시,https://dart.fss.or.kr/dsaf001/main.do?rcpNo=20121129000965,금융,12
DB손해보험,005830,2012Q3,2012-09-30,분기말 총자본(자기자본),2662765625941,공시,https://dart.fss.or.kr/dsaf001/main.do?rcpNo=20121129000965,금융,12
DB손해보험,005830,2012Q3,2012-09-30,분기별 영업수익,2929825046293,공시,https://dart.fss.or.kr/dsaf001/main.do?rcpNo=20121129000965,금융,12
DB손해보험,005830,2012Q3,2012-09-30,분기별 영업이익,미확인,미확인,https://dart.fss.or.kr/dsaf001/main.do?rcpNo=20121129000965,금융,12
DB손해보험,005830,2012Q3,2012-09-30,분기별 당기순이익(지배),147904082014,공시,https://dart.fss.or.kr/dsaf001/main.do?rcpNo=20121129000965,금융,12
DB손해보험,005830,2012Q3,2012-09-30,분기별 순이자이익,데이터 없음(항목 미공시),데이터 없음(항목 미공시),https://dart.fss.or.kr/dsaf001/main.do?rcpNo=20121129000965,금융,12
DB손해보험,005830,2012Q3,2012-09-30,분기별 순수수료이익,데이터 없음(항목 미공시),데이터 없음(항목 미공시),https://dart.fss.or.kr/dsaf001/main.do?rcpNo=20121129000965,금융,12
DB손해보험,005830,2012Q3,2012-09-30,분기별 영업활동현금흐름,-482564061646,계산(누적차감)(재작성 반영),https://dart.fss.or.kr/dsaf001/main.do?rcpNo=20121129000965 ; https://dart.fss.or.kr/dsaf001/main.do?rcpNo=20120829000486 ; 재작성 출처: https://dart.fss.or.kr/dsaf001/main.do?rcpNo=20130814001308,금융,12
DB손해보험,005830,2012Q3,2012-09-30,분기말 지배지분 자본,2662765625941,공시,https://dart.fss.or.kr/dsaf001/main.do?rcpNo=20121129000965,금융,12
DB손해보험,005830,2012Q3,2012-09-28,분기말 종가,48400,API,"https://data-dbg.krx.co.kr/svc/apis/sto/stk_bydd_trd?basDd=20120928 (KOSPI, 동부화재 ; 종가 48400 × 상장주식수 70800000 = 시가총액 3426720000000)",금융,12
DB손해보험,005830,2012Q3,2012-09-28,분기말 상장주식수,70800000,API,"https://data-dbg.krx.co.kr/svc/apis/sto/stk_bydd_trd?basDd=20120928 (KOSPI, 동부화재 ; 종가 48400 × 상장주식수 70800000 = 시가총액 3426720000000)",금융,12
DB손해보험,005830,2012Q3,2012-09-28,분기말 시가총액,3426720000000,API,"https://data-dbg.krx.co.kr/svc/apis/sto/stk_bydd_trd?basDd=20120928 (KOSPI, 동부화재 ; 종가 48400 × 상장주식수 70800000 = 시가총액 3426720000000)",금융,12
DB손해보험,005830,2012Q4,2012-12-31,분기말 자산총계,28169450260545,공시(재작성 반영),https://dart.fss.or.kr/dsaf001/main.do?rcpNo=20130304000318 ; 재작성 출처: https://dart.fss.or.kr/dsaf001/main.do?rcpNo=20130814001308 ; https://dart.fss.or.kr/dsaf001/main.do?rcpNo=20131114001065,금융,12
DB손해보험,005830,2012Q4,2012-12-31,분기말 부채총계,25141210261094,공시(재작성 반영),https://dart.fss.or.kr/dsaf001/main.do?rcpNo=20130304000318 ; 재작성 출처: https://dart.fss.or.kr/dsaf001/main.do?rcpNo=20130814001308 ; https://dart.fss.or.kr/dsaf001/main.do?rcpNo=20131114001065,금융,12
DB손해보험,005830,2012Q4,2012-12-31,분기말 총자본(자기자본),3028239999451,공시(재작성 반영),https://dart.fss.or.kr/dsaf001/main.do?rcpNo=20130304000318 ; 재작성 출처: https://dart.fss.or.kr/dsaf001/main.do?rcpNo=20130814001308 ; https://dart.fss.or.kr/dsaf001/main.do?rcpNo=20131114001065,금융,12
DB손해보험,005830,2012Q4,2012-12-31,분기별 영업수익,2955442428041,계산(연간-3분기누적),https://dart.fss.or.kr/dsaf001/main.do?rcpNo=20130304000318 ; https://dart.fss.or.kr/dsaf001/main.do?rcpNo=20121129000965,금융,12
DB손해보험,005830,2012Q4,2012-12-31,분기별 영업이익,미확인,미확인,https://dart.fss.or.kr/dsaf001/main.do?rcpNo=20130304000318 ; https://dart.fss.or.kr/dsaf001/main.do?rcpNo=20121129000965,금융,12
DB손해보험,005830,2012Q4,2012-12-31,분기별 당기순이익(지배),113679611648,계산(연간-3분기누적),https://dart.fss.or.kr/dsaf001/main.do?rcpNo=20130304000318 ; https://dart.fss.or.kr/dsaf001/main.do?rcpNo=20121129000965,금융,12
DB손해보험,005830,2012Q4,2012-12-31,분기별 순이자이익,데이터 없음(항목 미공시),데이터 없음(항목 미공시),https://dart.fss.or.kr/dsaf001/main.do?rcpNo=20130304000318 ; https://dart.fss.or.kr/dsaf001/main.do?rcpNo=20121129000965,금융,12
DB손해보험,005830,2012Q4,2012-12-31,분기별 순수수료이익,데이터 없음(항목 미공시),데이터 없음(항목 미공시),https://dart.fss.or.kr/dsaf001/main.do?rcpNo=20130304000318 ; https://dart.fss.or.kr/dsaf001/main.do?rcpNo=20121129000965,금융,12
DB손해보험,005830,2012Q4,2012-12-31,분기별 영업활동현금흐름,16280142433,계산(누적차감),https://dart.fss.or.kr/dsaf001/main.do?rcpNo=20130304000318 ; https://dart.fss.or.kr/dsaf001/main.do?rcpNo=20121129000965,금융,12
DB손해보험,005830,2012Q4,2012-12-31,분기말 지배지분 자본,2815871660871,공시(재작성 반영),https://dart.fss.or.kr/dsaf001/main.do?rcpNo=20130304000318 ; 재작성 출처: https://dart.fss.or.kr/dsaf001/main.do?rcpNo=20130814001308 ; https://dart.fss.or.kr/dsaf001/main.do?rcpNo=20131114001065,금융,12
DB손해보험,005830,2012Q4,2012-12-28,분기말 종가,45950,API,"https://data-dbg.krx.co.kr/svc/apis/sto/stk_bydd_trd?basDd=20121228 (KOSPI, 동부화재 ; 종가 45950 × 상장주식수 70800000 = 시가총액 3253260000000)",금융,12
DB손해보험,005830,2012Q4,2012-12-28,분기말 상장주식수,70800000,API,"https://data-dbg.krx.co.kr/svc/apis/sto/stk_bydd_trd?basDd=20121228 (KOSPI, 동부화재 ; 종가 45950 × 상장주식수 70800000 = 시가총액 3253260000000)",금융,12
DB손해보험,005830,2012Q4,2012-12-28,분기말 시가총액,3253260000000,API,"https://data-dbg.krx.co.kr/svc/apis/sto/stk_bydd_trd?basDd=20121228 (KOSPI, 동부화재 ; 종가 45950 × 상장주식수 70800000 = 시가총액 3253260000000)",금융,12
DB손해보험,005830,2013Q1,2013-03-31,분기말 자산총계,데이터 없음(보고서에 연결재무제표 없음),데이터 없음(연결 미수록),https://dart.fss.or.kr/dsaf001/main.do?rcpNo=20130701000323,금융,12
DB손해보험,005830,2013Q1,2013-03-31,분기말 부채총계,데이터 없음(보고서에 연결재무제표 없음),데이터 없음(연결 미수록),https://dart.fss.or.kr/dsaf001/main.do?rcpNo=20130701000323,금융,12
DB손해보험,005830,2013Q1,2013-03-31,분기말 총자본(자기자본),데이터 없음(보고서에 연결재무제표 없음),데이터 없음(연결 미수록),https://dart.fss.or.kr/dsaf001/main.do?rcpNo=20130701000323,금융,12
DB손해보험,005830,2013Q1,2013-03-31,분기별 영업수익,데이터 없음(보고서에 연결재무제표 없음),데이터 없음(연결 미수록),https://dart.fss.or.kr/dsaf001/main.do?rcpNo=20130701000323,금융,12
DB손해보험,005830,2013Q1,2013-03-31,분기별 영업이익,데이터 없음(보고서에 연결재무제표 없음),데이터 없음(연결 미수록),https://dart.fss.or.kr/dsaf001/main.do?rcpNo=20130701000323,금융,12
DB손해보험,005830,2013Q1,2013-03-31,분기별 당기순이익(지배),데이터 없음(보고서에 연결재무제표 없음),데이터 없음(연결 미수록),https://dart.fss.or.kr/dsaf001/main.do?rcpNo=20130701000323,금융,12
DB손해보험,005830,2013Q1,2013-03-31,분기별 순이자이익,데이터 없음(보고서에 연결재무제표 없음),데이터 없음(연결 미수록),https://dart.fss.or.kr/dsaf001/main.do?rcpNo=20130701000323,금융,12
DB손해보험,005830,2013Q1,2013-03-31,분기별 순수수료이익,데이터 없음(보고서에 연결재무제표 없음),데이터 없음(연결 미수록),https://dart.fss.or.kr/dsaf001/main.do?rcpNo=20130701000323,금융,12
DB손해보험,005830,2013Q1,2013-03-31,분기별 영업활동현금흐름,데이터 없음(보고서에 연결재무제표 없음),데이터 없음(연결 미수록),https://dart.fss.or.kr/dsaf001/main.do?rcpNo=20130701000323,금융,12
DB손해보험,005830,2013Q1,2013-03-31,분기말 지배지분 자본,데이터 없음(보고서에 연결재무제표 없음),데이터 없음(연결 미수록),https://dart.fss.or.kr/dsaf001/main.do?rcpNo=20130701000323,금융,12
DB손해보험,005830,2013Q1,2013-03-29,분기말 종가,45600,API,"https://data-dbg.krx.co.kr/svc/apis/sto/stk_bydd_trd?basDd=20130329 (KOSPI, 동부화재 ; 종가 45600 × 상장주식수 70800000 = 시가총액 3228480000000)",금융,12
DB손해보험,005830,2013Q1,2013-03-29,분기말 상장주식수,70800000,API,"https://data-dbg.krx.co.kr/svc/apis/sto/stk_bydd_trd?basDd=20130329 (KOSPI, 동부화재 ; 종가 45600 × 상장주식수 70800000 = 시가총액 3228480000000)",금융,12
DB손해보험,005830,2013Q1,2013-03-29,분기말 시가총액,3228480000000,API,"https://data-dbg.krx.co.kr/svc/apis/sto/stk_bydd_trd?basDd=20130329 (KOSPI, 동부화재 ; 종가 45600 × 상장주식수 70800000 = 시가총액 3228480000000)",금융,12
DB손해보험,005830,2013Q2,2013-06-30,분기말 자산총계,29005037048541,공시,https://dart.fss.or.kr/dsaf001/main.do?rcpNo=20130814001308,금융,12
DB손해보험,005830,2013Q2,2013-06-30,분기말 부채총계,26274639805557,공시,https://dart.fss.or.kr/dsaf001/main.do?rcpNo=20130814001308,금융,12
DB손해보험,005830,2013Q2,2013-06-30,분기말 총자본(자기자본),2730397242984,공시,https://dart.fss.or.kr/dsaf001/main.do?rcpNo=20130814001308,금융,12
DB손해보험,005830,2013Q2,2013-06-30,분기별 영업수익,미확인,미확인,https://dart.fss.or.kr/dsaf001/main.do?rcpNo=20130814001308,금융,12
DB손해보험,005830,2013Q2,2013-06-30,분기별 영업이익,미확인,미확인,https://dart.fss.or.kr/dsaf001/main.do?rcpNo=20130814001308,금융,12
DB손해보험,005830,2013Q2,2013-06-30,분기별 당기순이익(지배),미확인,미확인,https://dart.fss.or.kr/dsaf001/main.do?rcpNo=20130814001308,금융,12
DB손해보험,005830,2013Q2,2013-06-30,분기별 순이자이익,데이터 없음(항목 미공시),데이터 없음(항목 미공시),https://dart.fss.or.kr/dsaf001/main.do?rcpNo=20130814001308,금융,12
DB손해보험,005830,2013Q2,2013-06-30,분기별 순수수료이익,데이터 없음(항목 미공시),데이터 없음(항목 미공시),https://dart.fss.or.kr/dsaf001/main.do?rcpNo=20130814001308,금융,12
DB손해보험,005830,2013Q2,2013-06-30,분기별 영업활동현금흐름,데이터 없음(직전 분기 누적 보고서 없음),데이터 없음(직전 보고서 없음),https://dart.fss.or.kr/dsaf001/main.do?rcpNo=20130814001308,금융,12
DB손해보험,005830,2013Q2,2013-06-30,분기말 지배지분 자본,2554565046506,공시,https://dart.fss.or.kr/dsaf001/main.do?rcpNo=20130814001308,금융,12
DB손해보험,005830,2013Q2,2013-06-28,분기말 종가,48300,API,"https://data-dbg.krx.co.kr/svc/apis/sto/stk_bydd_trd?basDd=20130628 (KOSPI, 동부화재 ; 종가 48300 × 상장주식수 70800000 = 시가총액 3419640000000)",금융,12
DB손해보험,005830,2013Q2,2013-06-28,분기말 상장주식수,70800000,API,"https://data-dbg.krx.co.kr/svc/apis/sto/stk_bydd_trd?basDd=20130628 (KOSPI, 동부화재 ; 종가 48300 × 상장주식수 70800000 = 시가총액 3419640000000)",금융,12
DB손해보험,005830,2013Q2,2013-06-28,분기말 시가총액,3419640000000,API,"https://data-dbg.krx.co.kr/svc/apis/sto/stk_bydd_trd?basDd=20130628 (KOSPI, 동부화재 ; 종가 48300 × 상장주식수 70800000 = 시가총액 3419640000000)",금융,12
DB손해보험,005830,2013Q3,2013-09-30,분기말 자산총계,29535434668226,공시,https://dart.fss.or.kr/dsaf001/main.do?rcpNo=20131114001065,금융,12
DB손해보험,005830,2013Q3,2013-09-30,분기말 부채총계,26680257811677,공시,https://dart.fss.or.kr/dsaf001/main.do?rcpNo=20131114001065,금융,12
DB손해보험,005830,2013Q3,2013-09-30,분기말 총자본(자기자본),2855176856549,공시,https://dart.fss.or.kr/dsaf001/main.do?rcpNo=20131114001065,금융,12
DB손해보험,005830,2013Q3,2013-09-30,분기별 영업수익,3582487913394,계산(누적차감),https://dart.fss.or.kr/dsaf001/main.do?rcpNo=20131114001065 ; https://dart.fss.or.kr/dsaf001/main.do?rcpNo=20130814001308,금융,12
DB손해보험,005830,2013Q3,2013-09-30,분기별 영업이익,177855225838,계산(누적차감),https://dart.fss.or.kr/dsaf001/main.do?rcpNo=20131114001065 ; https://dart.fss.or.kr/dsaf001/main.do?rcpNo=20130814001308,금융,12
DB손해보험,005830,2013Q3,2013-09-30,분기별 당기순이익(지배),141620248136,계산(누적차감),https://dart.fss.or.kr/dsaf001/main.do?rcpNo=20131114001065 ; https://dart.fss.or.kr/dsaf001/main.do?rcpNo=20130814001308,금융,12
DB손해보험,005830,2013Q3,2013-09-30,분기별 순이자이익,데이터 없음(항목 미공시),데이터 없음(항목 미공시),https://dart.fss.or.kr/dsaf001/main.do?rcpNo=20131114001065,금융,12
DB손해보험,005830,2013Q3,2013-09-30,분기별 순수수료이익,데이터 없음(항목 미공시),데이터 없음(항목 미공시),https://dart.fss.or.kr/dsaf001/main.do?rcpNo=20131114001065,금융,12
DB손해보험,005830,2013Q3,2013-09-30,분기별 영업활동현금흐름,1135628682,계산(누적차감)(재작성 반영),https://dart.fss.or.kr/dsaf001/main.do?rcpNo=20131114001065 ; https://dart.fss.or.kr/dsaf001/main.do?rcpNo=20130814001308 ; 재작성 출처: https://dart.fss.or.kr/dsaf001/main.do?rcpNo=20140814001579 ; https://dart.fss.or.kr/dsaf001/main.do?rcpNo=20141114000934,금융,12
DB손해보험,005830,2013Q3,2013-09-30,분기말 지배지분 자본,2674931993594,공시,https://dart.fss.or.kr/dsaf001/main.do?rcpNo=20131114001065,금융,12
DB손해보험,005830,2013Q3,2013-09-30,분기말 종가,46200,API,"https://data-dbg.krx.co.kr/svc/apis/sto/stk_bydd_trd?basDd=20130930 (KOSPI, 동부화재 ; 종가 46200 × 상장주식수 70800000 = 시가총액 3270960000000)",금융,12
DB손해보험,005830,2013Q3,2013-09-30,분기말 상장주식수,70800000,API,"https://data-dbg.krx.co.kr/svc/apis/sto/stk_bydd_trd?basDd=20130930 (KOSPI, 동부화재 ; 종가 46200 × 상장주식수 70800000 = 시가총액 3270960000000)",금융,12
DB손해보험,005830,2013Q3,2013-09-30,분기말 시가총액,3270960000000,API,"https://data-dbg.krx.co.kr/svc/apis/sto/stk_bydd_trd?basDd=20130930 (KOSPI, 동부화재 ; 종가 46200 × 상장주식수 70800000 = 시가총액 3270960000000)",금융,12
DB손해보험,005830,2013Q4,2013-12-31,분기말 자산총계,데이터 없음(보고서에 연결재무제표 없음),데이터 없음(연결 미수록),https://dart.fss.or.kr/dsaf001/main.do?rcpNo=20140515001547,금융,12
DB손해보험,005830,2013Q4,2013-12-31,분기말 부채총계,데이터 없음(보고서에 연결재무제표 없음),데이터 없음(연결 미수록),https://dart.fss.or.kr/dsaf001/main.do?rcpNo=20140515001547,금융,12
DB손해보험,005830,2013Q4,2013-12-31,분기말 총자본(자기자본),데이터 없음(보고서에 연결재무제표 없음),데이터 없음(연결 미수록),https://dart.fss.or.kr/dsaf001/main.do?rcpNo=20140515001547,금융,12
DB손해보험,005830,2013Q4,2013-12-31,분기별 영업수익,데이터 없음(보고서에 연결재무제표 없음),데이터 없음(연결 미수록),https://dart.fss.or.kr/dsaf001/main.do?rcpNo=20140515001547,금융,12
DB손해보험,005830,2013Q4,2013-12-31,분기별 영업이익,데이터 없음(보고서에 연결재무제표 없음),데이터 없음(연결 미수록),https://dart.fss.or.kr/dsaf001/main.do?rcpNo=20140515001547,금융,12
DB손해보험,005830,2013Q4,2013-12-31,분기별 당기순이익(지배),데이터 없음(보고서에 연결재무제표 없음),데이터 없음(연결 미수록),https://dart.fss.or.kr/dsaf001/main.do?rcpNo=20140515001547,금융,12
DB손해보험,005830,2013Q4,2013-12-31,분기별 순이자이익,데이터 없음(보고서에 연결재무제표 없음),데이터 없음(연결 미수록),https://dart.fss.or.kr/dsaf001/main.do?rcpNo=20140515001547,금융,12
DB손해보험,005830,2013Q4,2013-12-31,분기별 순수수료이익,데이터 없음(보고서에 연결재무제표 없음),데이터 없음(연결 미수록),https://dart.fss.or.kr/dsaf001/main.do?rcpNo=20140515001547,금융,12
DB손해보험,005830,2013Q4,2013-12-31,분기별 영업활동현금흐름,데이터 없음(보고서에 연결재무제표 없음),데이터 없음(연결 미수록),https://dart.fss.or.kr/dsaf001/main.do?rcpNo=20140515001547,금융,12
DB손해보험,005830,2013Q4,2013-12-31,분기말 지배지분 자본,데이터 없음(보고서에 연결재무제표 없음),데이터 없음(연결 미수록),https://dart.fss.or.kr/dsaf001/main.do?rcpNo=20140515001547,금융,12
DB손해보험,005830,2013Q4,2013-12-30,분기말 종가,56200,API,"https://data-dbg.krx.co.kr/svc/apis/sto/stk_bydd_trd?basDd=20131230 (KOSPI, 동부화재 ; 종가 56200 × 상장주식수 70800000 = 시가총액 3978960000000)",금융,12
DB손해보험,005830,2013Q4,2013-12-30,분기말 상장주식수,70800000,API,"https://data-dbg.krx.co.kr/svc/apis/sto/stk_bydd_trd?basDd=20131230 (KOSPI, 동부화재 ; 종가 56200 × 상장주식수 70800000 = 시가총액 3978960000000)",금융,12
DB손해보험,005830,2013Q4,2013-12-30,분기말 시가총액,3978960000000,API,"https://data-dbg.krx.co.kr/svc/apis/sto/stk_bydd_trd?basDd=20131230 (KOSPI, 동부화재 ; 종가 56200 × 상장주식수 70800000 = 시가총액 3978960000000)",금융,12
DB손해보험,005830,2014Q1,2014-03-31,분기말 자산총계,31258707392813,공시,https://dart.fss.or.kr/dsaf001/main.do?rcpNo=20140515001730,금융,12
DB손해보험,005830,2014Q1,2014-03-31,분기말 부채총계,28271527862372,공시,https://dart.fss.or.kr/dsaf001/main.do?rcpNo=20140515001730,금융,12
DB손해보험,005830,2014Q1,2014-03-31,분기말 총자본(자기자본),2987179530441,공시,https://dart.fss.or.kr/dsaf001/main.do?rcpNo=20140515001730,금융,12
DB손해보험,005830,2014Q1,2014-03-31,분기별 영업수익,3457390073683,공시(재작성 반영),https://dart.fss.or.kr/dsaf001/main.do?rcpNo=20140515001730 ; 재작성 출처: https://dart.fss.or.kr/dsaf001/main.do?rcpNo=20150515002481,금융,12
DB손해보험,005830,2014Q1,2014-03-31,분기별 영업이익,151936502307,공시(재작성 반영),https://dart.fss.or.kr/dsaf001/main.do?rcpNo=20140515001730 ; 재작성 출처: https://dart.fss.or.kr/dsaf001/main.do?rcpNo=20150515002481,금융,12
DB손해보험,005830,2014Q1,2014-03-31,분기별 당기순이익(지배),110760638188,공시(재작성 반영),https://dart.fss.or.kr/dsaf001/main.do?rcpNo=20140515001730 ; 재작성 출처: https://dart.fss.or.kr/dsaf001/main.do?rcpNo=20150515002481,금융,12
DB손해보험,005830,2014Q1,2014-03-31,분기별 순이자이익,데이터 없음(항목 미공시),데이터 없음(항목 미공시),https://dart.fss.or.kr/dsaf001/main.do?rcpNo=20140515001730,금융,12
DB손해보험,005830,2014Q1,2014-03-31,분기별 순수수료이익,데이터 없음(항목 미공시),데이터 없음(항목 미공시),https://dart.fss.or.kr/dsaf001/main.do?rcpNo=20140515001730,금융,12
DB손해보험,005830,2014Q1,2014-03-31,분기별 영업활동현금흐름,496376640209,공시(재작성 반영),https://dart.fss.or.kr/dsaf001/main.do?rcpNo=20140515001730 ; 재작성 출처: https://dart.fss.or.kr/dsaf001/main.do?rcpNo=20150515002481,금융,12
DB손해보험,005830,2014Q1,2014-03-31,분기말 지배지분 자본,2836114376250,공시,https://dart.fss.or.kr/dsaf001/main.do?rcpNo=20140515001730,금융,12
DB손해보험,005830,2014Q1,2014-03-31,분기말 종가,55200,API,"https://data-dbg.krx.co.kr/svc/apis/sto/stk_bydd_trd?basDd=20140331 (KOSPI, 동부화재 ; 종가 55200 × 상장주식수 70800000 = 시가총액 3908160000000)",금융,12
DB손해보험,005830,2014Q1,2014-03-31,분기말 상장주식수,70800000,API,"https://data-dbg.krx.co.kr/svc/apis/sto/stk_bydd_trd?basDd=20140331 (KOSPI, 동부화재 ; 종가 55200 × 상장주식수 70800000 = 시가총액 3908160000000)",금융,12
DB손해보험,005830,2014Q1,2014-03-31,분기말 시가총액,3908160000000,API,"https://data-dbg.krx.co.kr/svc/apis/sto/stk_bydd_trd?basDd=20140331 (KOSPI, 동부화재 ; 종가 55200 × 상장주식수 70800000 = 시가총액 3908160000000)",금융,12
DB손해보험,005830,2014Q2,2014-06-30,분기말 자산총계,32439998471133,공시,https://dart.fss.or.kr/dsaf001/main.do?rcpNo=20140814001579,금융,12
DB손해보험,005830,2014Q2,2014-06-30,분기말 부채총계,29140649745432,공시,https://dart.fss.or.kr/dsaf001/main.do?rcpNo=20140814001579,금융,12
DB손해보험,005830,2014Q2,2014-06-30,분기말 총자본(자기자본),3299348725701,공시,https://dart.fss.or.kr/dsaf001/main.do?rcpNo=20140814001579,금융,12
DB손해보험,005830,2014Q2,2014-06-30,분기별 영업수익,3676743505502,계산(누적차감)(재작성 반영),https://dart.fss.or.kr/dsaf001/main.do?rcpNo=20140814001579 ; 재작성 출처: https://dart.fss.or.kr/dsaf001/main.do?rcpNo=20150817001506 ; https://dart.fss.or.kr/dsaf001/main.do?rcpNo=20140515001730,금융,12
DB손해보험,005830,2014Q2,2014-06-30,분기별 영업이익,212637899158,계산(누적차감)(재작성 반영),https://dart.fss.or.kr/dsaf001/main.do?rcpNo=20140814001579 ; 재작성 출처: https://dart.fss.or.kr/dsaf001/main.do?rcpNo=20150817001506 ; https://dart.fss.or.kr/dsaf001/main.do?rcpNo=20140515001730,금융,12
DB손해보험,005830,2014Q2,2014-06-30,분기별 당기순이익(지배),161833967978,계산(누적차감)(재작성 반영),https://dart.fss.or.kr/dsaf001/main.do?rcpNo=20140814001579 ; 재작성 출처: https://dart.fss.or.kr/dsaf001/main.do?rcpNo=20150817001506 ; https://dart.fss.or.kr/dsaf001/main.do?rcpNo=20140515001730,금융,12
DB손해보험,005830,2014Q2,2014-06-30,분기별 순이자이익,데이터 없음(항목 미공시),데이터 없음(항목 미공시),https://dart.fss.or.kr/dsaf001/main.do?rcpNo=20140814001579,금융,12
DB손해보험,005830,2014Q2,2014-06-30,분기별 순수수료이익,데이터 없음(항목 미공시),데이터 없음(항목 미공시),https://dart.fss.or.kr/dsaf001/main.do?rcpNo=20140814001579,금융,12
DB손해보험,005830,2014Q2,2014-06-30,분기별 영업활동현금흐름,980404494368,계산(누적차감)(재작성 반영),https://dart.fss.or.kr/dsaf001/main.do?rcpNo=20140814001579 ; https://dart.fss.or.kr/dsaf001/main.do?rcpNo=20140515001730 ; 재작성 출처: https://dart.fss.or.kr/dsaf001/main.do?rcpNo=20150515002481 ; https://dart.fss.or.kr/dsaf001/main.do?rcpNo=20150817001506,금융,12
DB손해보험,005830,2014Q2,2014-06-30,분기말 지배지분 자본,3136942303636,공시,https://dart.fss.or.kr/dsaf001/main.do?rcpNo=20140814001579,금융,12
DB손해보험,005830,2014Q2,2014-06-30,분기말 종가,52000,API,"https://data-dbg.krx.co.kr/svc/apis/sto/stk_bydd_trd?basDd=20140630 (KOSPI, 동부화재 ; 종가 52000 × 상장주식수 70800000 = 시가총액 3681600000000)",금융,12
DB손해보험,005830,2014Q2,2014-06-30,분기말 상장주식수,70800000,API,"https://data-dbg.krx.co.kr/svc/apis/sto/stk_bydd_trd?basDd=20140630 (KOSPI, 동부화재 ; 종가 52000 × 상장주식수 70800000 = 시가총액 3681600000000)",금융,12
DB손해보험,005830,2014Q2,2014-06-30,분기말 시가총액,3681600000000,API,"https://data-dbg.krx.co.kr/svc/apis/sto/stk_bydd_trd?basDd=20140630 (KOSPI, 동부화재 ; 종가 52000 × 상장주식수 70800000 = 시가총액 3681600000000)",금융,12
DB손해보험,005830,2014Q3,2014-09-30,분기말 자산총계,33681415096918,공시,https://dart.fss.or.kr/dsaf001/main.do?rcpNo=20141114000934,금융,12
DB손해보험,005830,2014Q3,2014-09-30,분기말 부채총계,30148911432136,공시,https://dart.fss.or.kr/dsaf001/main.do?rcpNo=20141114000934,금융,12
DB손해보험,005830,2014Q3,2014-09-30,분기말 총자본(자기자본),3532503664782,공시,https://dart.fss.or.kr/dsaf001/main.do?rcpNo=20141114000934,금융,12
DB손해보험,005830,2014Q3,2014-09-30,분기별 영업수익,3438427254446,계산(누적차감)(재작성 반영),https://dart.fss.or.kr/dsaf001/main.do?rcpNo=20141114000934 ; 재작성 출처: https://dart.fss.or.kr/dsaf001/main.do?rcpNo=20151116001459 ; https://dart.fss.or.kr/dsaf001/main.do?rcpNo=20140814001579,금융,12
DB손해보험,005830,2014Q3,2014-09-30,분기별 영업이익,128470235879,계산(누적차감)(재작성 반영),https://dart.fss.or.kr/dsaf001/main.do?rcpNo=20141114000934 ; 재작성 출처: https://dart.fss.or.kr/dsaf001/main.do?rcpNo=20151116001459 ; https://dart.fss.or.kr/dsaf001/main.do?rcpNo=20140814001579,금융,12
DB손해보험,005830,2014Q3,2014-09-30,분기별 당기순이익(지배),93464140466,계산(누적차감)(재작성 반영),https://dart.fss.or.kr/dsaf001/main.do?rcpNo=20141114000934 ; 재작성 출처: https://dart.fss.or.kr/dsaf001/main.do?rcpNo=20151116001459 ; https://dart.fss.or.kr/dsaf001/main.do?rcpNo=20140814001579,금융,12
DB손해보험,005830,2014Q3,2014-09-30,분기별 순이자이익,데이터 없음(항목 미공시),데이터 없음(항목 미공시),https://dart.fss.or.kr/dsaf001/main.do?rcpNo=20141114000934,금융,12
DB손해보험,005830,2014Q3,2014-09-30,분기별 순수수료이익,데이터 없음(항목 미공시),데이터 없음(항목 미공시),https://dart.fss.or.kr/dsaf001/main.do?rcpNo=20141114000934,금융,12
DB손해보험,005830,2014Q3,2014-09-30,분기별 영업활동현금흐름,461272588874,계산(누적차감),https://dart.fss.or.kr/dsaf001/main.do?rcpNo=20141114000934 ; https://dart.fss.or.kr/dsaf001/main.do?rcpNo=20140814001579,금융,12
DB손해보험,005830,2014Q3,2014-09-30,분기말 지배지분 자본,3360768396343,공시,https://dart.fss.or.kr/dsaf001/main.do?rcpNo=20141114000934,금융,12
DB손해보험,005830,2014Q3,2014-09-30,분기말 종가,59500,API,"https://data-dbg.krx.co.kr/svc/apis/sto/stk_bydd_trd?basDd=20140930 (KOSPI, 동부화재 ; 종가 59500 × 상장주식수 70800000 = 시가총액 4212600000000)",금융,12
DB손해보험,005830,2014Q3,2014-09-30,분기말 상장주식수,70800000,API,"https://data-dbg.krx.co.kr/svc/apis/sto/stk_bydd_trd?basDd=20140930 (KOSPI, 동부화재 ; 종가 59500 × 상장주식수 70800000 = 시가총액 4212600000000)",금융,12
DB손해보험,005830,2014Q3,2014-09-30,분기말 시가총액,4212600000000,API,"https://data-dbg.krx.co.kr/svc/apis/sto/stk_bydd_trd?basDd=20140930 (KOSPI, 동부화재 ; 종가 59500 × 상장주식수 70800000 = 시가총액 4212600000000)",금융,12
DB손해보험,005830,2014Q4,2014-12-31,분기말 자산총계,34932066497590,공시,https://dart.fss.or.kr/dsaf001/main.do?rcpNo=20150515002317,금융,12
DB손해보험,005830,2014Q4,2014-12-31,분기말 부채총계,31340890881576,공시,https://dart.fss.or.kr/dsaf001/main.do?rcpNo=20150515002317,금융,12
DB손해보험,005830,2014Q4,2014-12-31,분기말 총자본(자기자본),3591175616014,공시,https://dart.fss.or.kr/dsaf001/main.do?rcpNo=20150515002317,금융,12
DB손해보험,005830,2014Q4,2014-12-31,분기별 영업수익,3886226647047,계산(연간-3분기누적)(재작성 반영),https://dart.fss.or.kr/dsaf001/main.do?rcpNo=20150515002317 ; https://dart.fss.or.kr/dsaf001/main.do?rcpNo=20141114000934 ; 재작성 출처: https://dart.fss.or.kr/dsaf001/main.do?rcpNo=20151116001459,금융,12
DB손해보험,005830,2014Q4,2014-12-31,분기별 영업이익,35754582476,계산(연간-3분기누적)(재작성 반영),https://dart.fss.or.kr/dsaf001/main.do?rcpNo=20150515002317 ; https://dart.fss.or.kr/dsaf001/main.do?rcpNo=20141114000934 ; 재작성 출처: https://dart.fss.or.kr/dsaf001/main.do?rcpNo=20151116001459,금융,12
DB손해보험,005830,2014Q4,2014-12-31,분기별 당기순이익(지배),55992426639,계산(연간-3분기누적)(재작성 반영),https://dart.fss.or.kr/dsaf001/main.do?rcpNo=20150515002317 ; https://dart.fss.or.kr/dsaf001/main.do?rcpNo=20141114000934 ; 재작성 출처: https://dart.fss.or.kr/dsaf001/main.do?rcpNo=20151116001459,금융,12
DB손해보험,005830,2014Q4,2014-12-31,분기별 순이자이익,데이터 없음(항목 미공시),데이터 없음(항목 미공시),https://dart.fss.or.kr/dsaf001/main.do?rcpNo=20150515002317 ; https://dart.fss.or.kr/dsaf001/main.do?rcpNo=20141114000934,금융,12
DB손해보험,005830,2014Q4,2014-12-31,분기별 순수수료이익,데이터 없음(항목 미공시),데이터 없음(항목 미공시),https://dart.fss.or.kr/dsaf001/main.do?rcpNo=20150515002317 ; https://dart.fss.or.kr/dsaf001/main.do?rcpNo=20141114000934,금융,12
DB손해보험,005830,2014Q4,2014-12-31,분기별 영업활동현금흐름,802459318413,계산(누적차감),https://dart.fss.or.kr/dsaf001/main.do?rcpNo=20150515002317 ; https://dart.fss.or.kr/dsaf001/main.do?rcpNo=20141114000934,금융,12
DB손해보험,005830,2014Q4,2014-12-31,분기말 지배지분 자본,3453675388209,공시,https://dart.fss.or.kr/dsaf001/main.do?rcpNo=20150515002317,금융,12
DB손해보험,005830,2014Q4,2014-12-30,분기말 종가,55000,API,"https://data-dbg.krx.co.kr/svc/apis/sto/stk_bydd_trd?basDd=20141230 (KOSPI, 동부화재 ; 종가 55000 × 상장주식수 70800000 = 시가총액 3894000000000)",금융,12
DB손해보험,005830,2014Q4,2014-12-30,분기말 상장주식수,70800000,API,"https://data-dbg.krx.co.kr/svc/apis/sto/stk_bydd_trd?basDd=20141230 (KOSPI, 동부화재 ; 종가 55000 × 상장주식수 70800000 = 시가총액 3894000000000)",금융,12
DB손해보험,005830,2014Q4,2014-12-30,분기말 시가총액,3894000000000,API,"https://data-dbg.krx.co.kr/svc/apis/sto/stk_bydd_trd?basDd=20141230 (KOSPI, 동부화재 ; 종가 55000 × 상장주식수 70800000 = 시가총액 3894000000000)",금융,12
DB손해보험,005830,2015Q1,2015-03-31,분기말 자산총계,36152819895465,공시,https://dart.fss.or.kr/dsaf001/main.do?rcpNo=20150515002481,금융,12
DB손해보험,005830,2015Q1,2015-03-31,분기말 부채총계,32379435604505,공시,https://dart.fss.or.kr/dsaf001/main.do?rcpNo=20150515002481,금융,12
DB손해보험,005830,2015Q1,2015-03-31,분기말 총자본(자기자본),3773384290960,공시,https://dart.fss.or.kr/dsaf001/main.do?rcpNo=20150515002481,금융,12
DB손해보험,005830,2015Q1,2015-03-31,분기별 영업수익,3849228190585,공시,https://dart.fss.or.kr/dsaf001/main.do?rcpNo=20150515002481,금융,12
DB손해보험,005830,2015Q1,2015-03-31,분기별 영업이익,179394164945,공시,https://dart.fss.or.kr/dsaf001/main.do?rcpNo=20150515002481,금융,12
DB손해보험,005830,2015Q1,2015-03-31,분기별 당기순이익(지배),117266309091,공시,https://dart.fss.or.kr/dsaf001/main.do?rcpNo=20150515002481,금융,12
DB손해보험,005830,2015Q1,2015-03-31,분기별 순이자이익,데이터 없음(항목 미공시),데이터 없음(항목 미공시),https://dart.fss.or.kr/dsaf001/main.do?rcpNo=20150515002481,금융,12
DB손해보험,005830,2015Q1,2015-03-31,분기별 순수수료이익,데이터 없음(항목 미공시),데이터 없음(항목 미공시),https://dart.fss.or.kr/dsaf001/main.do?rcpNo=20150515002481,금융,12
DB손해보험,005830,2015Q1,2015-03-31,분기별 영업활동현금흐름,338955649664,공시,https://dart.fss.or.kr/dsaf001/main.do?rcpNo=20150515002481,금융,12
DB손해보험,005830,2015Q1,2015-03-31,분기말 지배지분 자본,3628738563849,공시,https://dart.fss.or.kr/dsaf001/main.do?rcpNo=20150515002481,금융,12
DB손해보험,005830,2015Q1,2015-03-31,분기말 종가,49450,API,"https://data-dbg.krx.co.kr/svc/apis/sto/stk_bydd_trd?basDd=20150331 (KOSPI, 동부화재 ; 종가 49450 × 상장주식수 70800000 = 시가총액 3501060000000)",금융,12
DB손해보험,005830,2015Q1,2015-03-31,분기말 상장주식수,70800000,API,"https://data-dbg.krx.co.kr/svc/apis/sto/stk_bydd_trd?basDd=20150331 (KOSPI, 동부화재 ; 종가 49450 × 상장주식수 70800000 = 시가총액 3501060000000)",금융,12
DB손해보험,005830,2015Q1,2015-03-31,분기말 시가총액,3501060000000,API,"https://data-dbg.krx.co.kr/svc/apis/sto/stk_bydd_trd?basDd=20150331 (KOSPI, 동부화재 ; 종가 49450 × 상장주식수 70800000 = 시가총액 3501060000000)",금융,12
DB손해보험,005830,2015Q2,2015-06-30,분기말 자산총계,37182443918508,공시,https://dart.fss.or.kr/dsaf001/main.do?rcpNo=20150817001506,금융,12
DB손해보험,005830,2015Q2,2015-06-30,분기말 부채총계,33364630771132,공시,https://dart.fss.or.kr/dsaf001/main.do?rcpNo=20150817001506,금융,12
DB손해보험,005830,2015Q2,2015-06-30,분기말 총자본(자기자본),3817813147376,공시,https://dart.fss.or.kr/dsaf001/main.do?rcpNo=20150817001506,금융,12
DB손해보험,005830,2015Q2,2015-06-30,분기별 영업수익,3947964014592,공시,https://dart.fss.or.kr/dsaf001/main.do?rcpNo=20150817001506,금융,12
DB손해보험,005830,2015Q2,2015-06-30,분기별 영업이익,211271974894,공시,https://dart.fss.or.kr/dsaf001/main.do?rcpNo=20150817001506,금융,12
DB손해보험,005830,2015Q2,2015-06-30,분기별 당기순이익(지배),181613191995,공시,https://dart.fss.or.kr/dsaf001/main.do?rcpNo=20150817001506,금융,12
DB손해보험,005830,2015Q2,2015-06-30,분기별 순이자이익,데이터 없음(항목 미공시),데이터 없음(항목 미공시),https://dart.fss.or.kr/dsaf001/main.do?rcpNo=20150817001506,금융,12
DB손해보험,005830,2015Q2,2015-06-30,분기별 순수수료이익,데이터 없음(항목 미공시),데이터 없음(항목 미공시),https://dart.fss.or.kr/dsaf001/main.do?rcpNo=20150817001506,금융,12
DB손해보험,005830,2015Q2,2015-06-30,분기별 영업활동현금흐름,742874512012,계산(누적차감),https://dart.fss.or.kr/dsaf001/main.do?rcpNo=20150817001506 ; https://dart.fss.or.kr/dsaf001/main.do?rcpNo=20150515002481,금융,12
DB손해보험,005830,2015Q2,2015-06-30,분기말 지배지분 자본,3658113518955,공시,https://dart.fss.or.kr/dsaf001/main.do?rcpNo=20150817001506,금융,12
DB손해보험,005830,2015Q2,2015-06-30,분기말 종가,56500,API,"https://data-dbg.krx.co.kr/svc/apis/sto/stk_bydd_trd?basDd=20150630 (KOSPI, 동부화재 ; 종가 56500 × 상장주식수 70800000 = 시가총액 4000200000000)",금융,12
DB손해보험,005830,2015Q2,2015-06-30,분기말 상장주식수,70800000,API,"https://data-dbg.krx.co.kr/svc/apis/sto/stk_bydd_trd?basDd=20150630 (KOSPI, 동부화재 ; 종가 56500 × 상장주식수 70800000 = 시가총액 4000200000000)",금융,12
DB손해보험,005830,2015Q2,2015-06-30,분기말 시가총액,4000200000000,API,"https://data-dbg.krx.co.kr/svc/apis/sto/stk_bydd_trd?basDd=20150630 (KOSPI, 동부화재 ; 종가 56500 × 상장주식수 70800000 = 시가총액 4000200000000)",금융,12
DB손해보험,005830,2015Q3,2015-09-30,분기말 자산총계,38831275788806,공시,https://dart.fss.or.kr/dsaf001/main.do?rcpNo=20151116001459,금융,12
DB손해보험,005830,2015Q3,2015-09-30,분기말 부채총계,34831436471446,공시,https://dart.fss.or.kr/dsaf001/main.do?rcpNo=20151116001459,금융,12
DB손해보험,005830,2015Q3,2015-09-30,분기말 총자본(자기자본),3999839317360,공시,https://dart.fss.or.kr/dsaf001/main.do?rcpNo=20151116001459,금융,12
DB손해보험,005830,2015Q3,2015-09-30,분기별 영업수익,4261936107953,공시,https://dart.fss.or.kr/dsaf001/main.do?rcpNo=20151116001459,금융,12
DB손해보험,005830,2015Q3,2015-09-30,분기별 영업이익,121838281169,공시,https://dart.fss.or.kr/dsaf001/main.do?rcpNo=20151116001459,금융,12
DB손해보험,005830,2015Q3,2015-09-30,분기별 당기순이익(지배),89718157279,공시,https://dart.fss.or.kr/dsaf001/main.do?rcpNo=20151116001459,금융,12
DB손해보험,005830,2015Q3,2015-09-30,분기별 순이자이익,데이터 없음(항목 미공시),데이터 없음(항목 미공시),https://dart.fss.or.kr/dsaf001/main.do?rcpNo=20151116001459,금융,12
DB손해보험,005830,2015Q3,2015-09-30,분기별 순수수료이익,데이터 없음(항목 미공시),데이터 없음(항목 미공시),https://dart.fss.or.kr/dsaf001/main.do?rcpNo=20151116001459,금융,12
DB손해보험,005830,2015Q3,2015-09-30,분기별 영업활동현금흐름,213820219812,계산(누적차감),https://dart.fss.or.kr/dsaf001/main.do?rcpNo=20151116001459 ; https://dart.fss.or.kr/dsaf001/main.do?rcpNo=20150817001506,금융,12
DB손해보험,005830,2015Q3,2015-09-30,분기말 지배지분 자본,3836508921430,공시,https://dart.fss.or.kr/dsaf001/main.do?rcpNo=20151116001459,금융,12
DB손해보험,005830,2015Q3,2015-09-30,분기말 종가,61300,API,"https://data-dbg.krx.co.kr/svc/apis/sto/stk_bydd_trd?basDd=20150930 (KOSPI, 동부화재 ; 종가 61300 × 상장주식수 70800000 = 시가총액 4340040000000)",금융,12
DB손해보험,005830,2015Q3,2015-09-30,분기말 상장주식수,70800000,API,"https://data-dbg.krx.co.kr/svc/apis/sto/stk_bydd_trd?basDd=20150930 (KOSPI, 동부화재 ; 종가 61300 × 상장주식수 70800000 = 시가총액 4340040000000)",금융,12
DB손해보험,005830,2015Q3,2015-09-30,분기말 시가총액,4340040000000,API,"https://data-dbg.krx.co.kr/svc/apis/sto/stk_bydd_trd?basDd=20150930 (KOSPI, 동부화재 ; 종가 61300 × 상장주식수 70800000 = 시가총액 4340040000000)",금융,12
DB손해보험,005830,2015Q4,2015-12-31,분기말 자산총계,40018390608623,공시,https://dart.fss.or.kr/dsaf001/main.do?rcpNo=20160330003489,금융,12
DB손해보험,005830,2015Q4,2015-12-31,분기말 부채총계,36051445686447,공시,https://dart.fss.or.kr/dsaf001/main.do?rcpNo=20160330003489,금융,12
DB손해보험,005830,2015Q4,2015-12-31,분기말 총자본(자기자본),3966944922176,공시,https://dart.fss.or.kr/dsaf001/main.do?rcpNo=20160330003489,금융,12
DB손해보험,005830,2015Q4,2015-12-31,분기별 영업수익,3897110568554,계산(연간-3분기누적),https://dart.fss.or.kr/dsaf001/main.do?rcpNo=20160330003489 ; https://dart.fss.or.kr/dsaf001/main.do?rcpNo=20151116001459,금융,12
DB손해보험,005830,2015Q4,2015-12-31,분기별 영업이익,53715190508,계산(연간-3분기누적),https://dart.fss.or.kr/dsaf001/main.do?rcpNo=20160330003489 ; https://dart.fss.or.kr/dsaf001/main.do?rcpNo=20151116001459,금융,12
DB손해보험,005830,2015Q4,2015-12-31,분기별 당기순이익(지배),30195890886,계산(연간-3분기누적),https://dart.fss.or.kr/dsaf001/main.do?rcpNo=20160330003489 ; https://dart.fss.or.kr/dsaf001/main.do?rcpNo=20151116001459,금융,12
DB손해보험,005830,2015Q4,2015-12-31,분기별 순이자이익,데이터 없음(항목 미공시),데이터 없음(항목 미공시),https://dart.fss.or.kr/dsaf001/main.do?rcpNo=20160330003489 ; https://dart.fss.or.kr/dsaf001/main.do?rcpNo=20151116001459,금융,12
DB손해보험,005830,2015Q4,2015-12-31,분기별 순수수료이익,데이터 없음(항목 미공시),데이터 없음(항목 미공시),https://dart.fss.or.kr/dsaf001/main.do?rcpNo=20160330003489 ; https://dart.fss.or.kr/dsaf001/main.do?rcpNo=20151116001459,금융,12
DB손해보험,005830,2015Q4,2015-12-31,분기별 영업활동현금흐름,1137485706116,계산(누적차감),https://dart.fss.or.kr/dsaf001/main.do?rcpNo=20160330003489 ; https://dart.fss.or.kr/dsaf001/main.do?rcpNo=20151116001459,금융,12
DB손해보험,005830,2015Q4,2015-12-31,분기말 지배지분 자본,3805809864795,공시,https://dart.fss.or.kr/dsaf001/main.do?rcpNo=20160330003489,금융,12
DB손해보험,005830,2015Q4,2015-12-30,분기말 종가,70300,API,"https://data-dbg.krx.co.kr/svc/apis/sto/stk_bydd_trd?basDd=20151230 (KOSPI, 동부화재 ; 종가 70300 × 상장주식수 70800000 = 시가총액 4977240000000)",금융,12
DB손해보험,005830,2015Q4,2015-12-30,분기말 상장주식수,70800000,API,"https://data-dbg.krx.co.kr/svc/apis/sto/stk_bydd_trd?basDd=20151230 (KOSPI, 동부화재 ; 종가 70300 × 상장주식수 70800000 = 시가총액 4977240000000)",금융,12
DB손해보험,005830,2015Q4,2015-12-30,분기말 시가총액,4977240000000,API,"https://data-dbg.krx.co.kr/svc/apis/sto/stk_bydd_trd?basDd=20151230 (KOSPI, 동부화재 ; 종가 70300 × 상장주식수 70800000 = 시가총액 4977240000000)",금융,12
DB손해보험,005830,2016Q1,2016-03-31,분기말 자산총계,40975073574891,공시,https://dart.fss.or.kr/dsaf001/main.do?rcpNo=20160516003000,금융,12
DB손해보험,005830,2016Q1,2016-03-31,분기말 부채총계,36845183132027,공시,https://dart.fss.or.kr/dsaf001/main.do?rcpNo=20160516003000,금융,12
DB손해보험,005830,2016Q1,2016-03-31,분기말 총자본(자기자본),4129890442864,공시,https://dart.fss.or.kr/dsaf001/main.do?rcpNo=20160516003000,금융,12
DB손해보험,005830,2016Q1,2016-03-31,분기별 영업수익,4241910042590,공시,https://dart.fss.or.kr/dsaf001/main.do?rcpNo=20160516003000,금융,12
DB손해보험,005830,2016Q1,2016-03-31,분기별 영업이익,152892955707,공시,https://dart.fss.or.kr/dsaf001/main.do?rcpNo=20160516003000,금융,12
DB손해보험,005830,2016Q1,2016-03-31,분기별 당기순이익(지배),111934210266,공시,https://dart.fss.or.kr/dsaf001/main.do?rcpNo=20160516003000,금융,12
DB손해보험,005830,2016Q1,2016-03-31,분기별 순이자이익,데이터 없음(항목 미공시),데이터 없음(항목 미공시),https://dart.fss.or.kr/dsaf001/main.do?rcpNo=20160516003000,금융,12
DB손해보험,005830,2016Q1,2016-03-31,분기별 순수수료이익,데이터 없음(항목 미공시),데이터 없음(항목 미공시),https://dart.fss.or.kr/dsaf001/main.do?rcpNo=20160516003000,금융,12
DB손해보험,005830,2016Q1,2016-03-31,분기별 영업활동현금흐름,772390375156,공시,https://dart.fss.or.kr/dsaf001/main.do?rcpNo=20160516003000,금융,12
DB손해보험,005830,2016Q1,2016-03-31,분기말 지배지분 자본,3967066366121,공시,https://dart.fss.or.kr/dsaf001/main.do?rcpNo=20160516003000,금융,12
DB손해보험,005830,2016Q1,2016-03-31,분기말 종가,75900,API,"https://data-dbg.krx.co.kr/svc/apis/sto/stk_bydd_trd?basDd=20160331 (KOSPI, 동부화재 ; 종가 75900 × 상장주식수 70800000 = 시가총액 5373720000000)",금융,12
DB손해보험,005830,2016Q1,2016-03-31,분기말 상장주식수,70800000,API,"https://data-dbg.krx.co.kr/svc/apis/sto/stk_bydd_trd?basDd=20160331 (KOSPI, 동부화재 ; 종가 75900 × 상장주식수 70800000 = 시가총액 5373720000000)",금융,12
DB손해보험,005830,2016Q1,2016-03-31,분기말 시가총액,5373720000000,API,"https://data-dbg.krx.co.kr/svc/apis/sto/stk_bydd_trd?basDd=20160331 (KOSPI, 동부화재 ; 종가 75900 × 상장주식수 70800000 = 시가총액 5373720000000)",금융,12
DB손해보험,005830,2016Q2,2016-06-30,분기말 자산총계,42193631135641,공시,https://dart.fss.or.kr/dsaf001/main.do?rcpNo=20160816001988,금융,12
DB손해보험,005830,2016Q2,2016-06-30,분기말 부채총계,37732862236834,공시,https://dart.fss.or.kr/dsaf001/main.do?rcpNo=20160816001988,금융,12
DB손해보험,005830,2016Q2,2016-06-30,분기말 총자본(자기자본),4460768898807,공시,https://dart.fss.or.kr/dsaf001/main.do?rcpNo=20160816001988,금융,12
DB손해보험,005830,2016Q2,2016-06-30,분기별 영업수익,4117853424585,공시,https://dart.fss.or.kr/dsaf001/main.do?rcpNo=20160816001988,금융,12
DB손해보험,005830,2016Q2,2016-06-30,분기별 영업이익,216195711033,공시,https://dart.fss.or.kr/dsaf001/main.do?rcpNo=20160816001988,금융,12
DB손해보험,005830,2016Q2,2016-06-30,분기별 당기순이익(지배),152883704099,공시,https://dart.fss.or.kr/dsaf001/main.do?rcpNo=20160816001988,금융,12
DB손해보험,005830,2016Q2,2016-06-30,분기별 순이자이익,데이터 없음(항목 미공시),데이터 없음(항목 미공시),https://dart.fss.or.kr/dsaf001/main.do?rcpNo=20160816001988,금융,12
DB손해보험,005830,2016Q2,2016-06-30,분기별 순수수료이익,데이터 없음(항목 미공시),데이터 없음(항목 미공시),https://dart.fss.or.kr/dsaf001/main.do?rcpNo=20160816001988,금융,12
DB손해보험,005830,2016Q2,2016-06-30,분기별 영업활동현금흐름,691285455727,계산(누적차감),https://dart.fss.or.kr/dsaf001/main.do?rcpNo=20160816001988 ; https://dart.fss.or.kr/dsaf001/main.do?rcpNo=20160516003000,금융,12
DB손해보험,005830,2016Q2,2016-06-30,분기말 지배지분 자본,4288426206139,공시,https://dart.fss.or.kr/dsaf001/main.do?rcpNo=20160816001988,금융,12
DB손해보험,005830,2016Q2,2016-06-30,분기말 종가,69300,API,"https://data-dbg.krx.co.kr/svc/apis/sto/stk_bydd_trd?basDd=20160630 (KOSPI, 동부화재 ; 종가 69300 × 상장주식수 70800000 = 시가총액 4906440000000)",금융,12
DB손해보험,005830,2016Q2,2016-06-30,분기말 상장주식수,70800000,API,"https://data-dbg.krx.co.kr/svc/apis/sto/stk_bydd_trd?basDd=20160630 (KOSPI, 동부화재 ; 종가 69300 × 상장주식수 70800000 = 시가총액 4906440000000)",금융,12
DB손해보험,005830,2016Q2,2016-06-30,분기말 시가총액,4906440000000,API,"https://data-dbg.krx.co.kr/svc/apis/sto/stk_bydd_trd?basDd=20160630 (KOSPI, 동부화재 ; 종가 69300 × 상장주식수 70800000 = 시가총액 4906440000000)",금융,12
DB손해보험,005830,2016Q3,2016-09-30,분기말 자산총계,43789559714878,공시,https://dart.fss.or.kr/dsaf001/main.do?rcpNo=20161114001740,금융,12
DB손해보험,005830,2016Q3,2016-09-30,분기말 부채총계,38600070027919,공시,https://dart.fss.or.kr/dsaf001/main.do?rcpNo=20161114001740,금융,12
DB손해보험,005830,2016Q3,2016-09-30,분기말 총자본(자기자본),5189489686959,공시,https://dart.fss.or.kr/dsaf001/main.do?rcpNo=20161114001740,금융,12
DB손해보험,005830,2016Q3,2016-09-30,분기별 영업수익,4472777141654,공시,https://dart.fss.or.kr/dsaf001/main.do?rcpNo=20161114001740,금융,12
DB손해보험,005830,2016Q3,2016-09-30,분기별 영업이익,251506774788,공시,https://dart.fss.or.kr/dsaf001/main.do?rcpNo=20161114001740,금융,12
DB손해보험,005830,2016Q3,2016-09-30,분기별 당기순이익(지배),174748799335,공시,https://dart.fss.or.kr/dsaf001/main.do?rcpNo=20161114001740,금융,12
DB손해보험,005830,2016Q3,2016-09-30,분기별 순이자이익,데이터 없음(항목 미공시),데이터 없음(항목 미공시),https://dart.fss.or.kr/dsaf001/main.do?rcpNo=20161114001740,금융,12
DB손해보험,005830,2016Q3,2016-09-30,분기별 순수수료이익,데이터 없음(항목 미공시),데이터 없음(항목 미공시),https://dart.fss.or.kr/dsaf001/main.do?rcpNo=20161114001740,금융,12
DB손해보험,005830,2016Q3,2016-09-30,분기별 영업활동현금흐름,631102156668,계산(누적차감),https://dart.fss.or.kr/dsaf001/main.do?rcpNo=20161114001740 ; https://dart.fss.or.kr/dsaf001/main.do?rcpNo=20160816001988,금융,12
DB손해보험,005830,2016Q3,2016-09-30,분기말 지배지분 자본,4961690149147,공시,https://dart.fss.or.kr/dsaf001/main.do?rcpNo=20161114001740,금융,12
DB손해보험,005830,2016Q3,2016-09-30,분기말 종가,68200,API,"https://data-dbg.krx.co.kr/svc/apis/sto/stk_bydd_trd?basDd=20160930 (KOSPI, 동부화재 ; 종가 68200 × 상장주식수 70800000 = 시가총액 4828560000000)",금융,12
DB손해보험,005830,2016Q3,2016-09-30,분기말 상장주식수,70800000,API,"https://data-dbg.krx.co.kr/svc/apis/sto/stk_bydd_trd?basDd=20160930 (KOSPI, 동부화재 ; 종가 68200 × 상장주식수 70800000 = 시가총액 4828560000000)",금융,12
DB손해보험,005830,2016Q3,2016-09-30,분기말 시가총액,4828560000000,API,"https://data-dbg.krx.co.kr/svc/apis/sto/stk_bydd_trd?basDd=20160930 (KOSPI, 동부화재 ; 종가 68200 × 상장주식수 70800000 = 시가총액 4828560000000)",금융,12
DB손해보험,005830,2016Q4,2016-12-31,분기말 자산총계,44863439973025,공시,https://dart.fss.or.kr/dsaf001/main.do?rcpNo=20170331004868,금융,12
DB손해보험,005830,2016Q4,2016-12-31,분기말 부채총계,40518709028449,공시,https://dart.fss.or.kr/dsaf001/main.do?rcpNo=20170331004868,금융,12
DB손해보험,005830,2016Q4,2016-12-31,분기말 총자본(자기자본),4344730944576,공시,https://dart.fss.or.kr/dsaf001/main.do?rcpNo=20170331004868,금융,12
DB손해보험,005830,2016Q4,2016-12-31,분기별 영업수익,4234623725050,계산(연간-3분기누적),https://dart.fss.or.kr/dsaf001/main.do?rcpNo=20170331004868 ; https://dart.fss.or.kr/dsaf001/main.do?rcpNo=20161114001740,금융,12
DB손해보험,005830,2016Q4,2016-12-31,분기별 영업이익,105485552027,계산(연간-3분기누적),https://dart.fss.or.kr/dsaf001/main.do?rcpNo=20170331004868 ; https://dart.fss.or.kr/dsaf001/main.do?rcpNo=20161114001740,금융,12
DB손해보험,005830,2016Q4,2016-12-31,분기별 당기순이익(지배),84085737122,계산(연간-3분기누적),https://dart.fss.or.kr/dsaf001/main.do?rcpNo=20170331004868 ; https://dart.fss.or.kr/dsaf001/main.do?rcpNo=20161114001740,금융,12
DB손해보험,005830,2016Q4,2016-12-31,분기별 순이자이익,데이터 없음(항목 미공시),데이터 없음(항목 미공시),https://dart.fss.or.kr/dsaf001/main.do?rcpNo=20170331004868 ; https://dart.fss.or.kr/dsaf001/main.do?rcpNo=20161114001740,금융,12
DB손해보험,005830,2016Q4,2016-12-31,분기별 순수수료이익,데이터 없음(항목 미공시),데이터 없음(항목 미공시),https://dart.fss.or.kr/dsaf001/main.do?rcpNo=20170331004868 ; https://dart.fss.or.kr/dsaf001/main.do?rcpNo=20161114001740,금융,12
DB손해보험,005830,2016Q4,2016-12-31,분기별 영업활동현금흐름,1007802856154,계산(누적차감),https://dart.fss.or.kr/dsaf001/main.do?rcpNo=20170331004868 ; https://dart.fss.or.kr/dsaf001/main.do?rcpNo=20161114001740,금융,12
DB손해보험,005830,2016Q4,2016-12-31,분기말 지배지분 자본,4169663462921,공시,https://dart.fss.or.kr/dsaf001/main.do?rcpNo=20170331004868,금융,12
DB손해보험,005830,2016Q4,2016-12-29,분기말 종가,62500,API,"https://data-dbg.krx.co.kr/svc/apis/sto/stk_bydd_trd?basDd=20161229 (KOSPI, 동부화재 ; 종가 62500 × 상장주식수 70800000 = 시가총액 4425000000000)",금융,12
DB손해보험,005830,2016Q4,2016-12-29,분기말 상장주식수,70800000,API,"https://data-dbg.krx.co.kr/svc/apis/sto/stk_bydd_trd?basDd=20161229 (KOSPI, 동부화재 ; 종가 62500 × 상장주식수 70800000 = 시가총액 4425000000000)",금융,12
DB손해보험,005830,2016Q4,2016-12-29,분기말 시가총액,4425000000000,API,"https://data-dbg.krx.co.kr/svc/apis/sto/stk_bydd_trd?basDd=20161229 (KOSPI, 동부화재 ; 종가 62500 × 상장주식수 70800000 = 시가총액 4425000000000)",금융,12
DB손해보험,005830,2017Q1,2017-03-31,분기말 자산총계,45036721769483,공시,https://dart.fss.or.kr/dsaf001/main.do?rcpNo=20170515001808,금융,12
DB손해보험,005830,2017Q1,2017-03-31,분기말 부채총계,40709788631780,공시,https://dart.fss.or.kr/dsaf001/main.do?rcpNo=20170515001808,금융,12
DB손해보험,005830,2017Q1,2017-03-31,분기말 총자본(자기자본),4326933137703,공시,https://dart.fss.or.kr/dsaf001/main.do?rcpNo=20170515001808,금융,12
DB손해보험,005830,2017Q1,2017-03-31,분기별 영업수익,4960433417881,공시,https://dart.fss.or.kr/dsaf001/main.do?rcpNo=20170515001808,금융,12
DB손해보험,005830,2017Q1,2017-03-31,분기별 영업이익,229452443199,공시,https://dart.fss.or.kr/dsaf001/main.do?rcpNo=20170515001808,금융,12
DB손해보험,005830,2017Q1,2017-03-31,분기별 당기순이익(지배),170006996243,공시,https://dart.fss.or.kr/dsaf001/main.do?rcpNo=20170515001808,금융,12
DB손해보험,005830,2017Q1,2017-03-31,분기별 순이자이익,데이터 없음(항목 미공시),데이터 없음(항목 미공시),https://dart.fss.or.kr/dsaf001/main.do?rcpNo=20170515001808,금융,12
DB손해보험,005830,2017Q1,2017-03-31,분기별 순수수료이익,데이터 없음(항목 미공시),데이터 없음(항목 미공시),https://dart.fss.or.kr/dsaf001/main.do?rcpNo=20170515001808,금융,12
DB손해보험,005830,2017Q1,2017-03-31,분기별 영업활동현금흐름,-588689086113,공시,https://dart.fss.or.kr/dsaf001/main.do?rcpNo=20170515001808,금융,12
DB손해보험,005830,2017Q1,2017-03-31,분기말 지배지분 자본,4152581328136,공시,https://dart.fss.or.kr/dsaf001/main.do?rcpNo=20170515001808,금융,12
DB손해보험,005830,2017Q1,2017-03-31,분기말 종가,64000,API,"https://data-dbg.krx.co.kr/svc/apis/sto/stk_bydd_trd?basDd=20170331 (KOSPI, 동부화재 ; 종가 64000 × 상장주식수 70800000 = 시가총액 4531200000000)",금융,12
DB손해보험,005830,2017Q1,2017-03-31,분기말 상장주식수,70800000,API,"https://data-dbg.krx.co.kr/svc/apis/sto/stk_bydd_trd?basDd=20170331 (KOSPI, 동부화재 ; 종가 64000 × 상장주식수 70800000 = 시가총액 4531200000000)",금융,12
DB손해보험,005830,2017Q1,2017-03-31,분기말 시가총액,4531200000000,API,"https://data-dbg.krx.co.kr/svc/apis/sto/stk_bydd_trd?basDd=20170331 (KOSPI, 동부화재 ; 종가 64000 × 상장주식수 70800000 = 시가총액 4531200000000)",금융,12
DB손해보험,005830,2017Q2,2017-06-30,분기말 자산총계,46974479061778,공시,https://dart.fss.or.kr/dsaf001/main.do?rcpNo=20170814001958,금융,12
DB손해보험,005830,2017Q2,2017-06-30,분기말 부채총계,42300766663940,공시,https://dart.fss.or.kr/dsaf001/main.do?rcpNo=20170814001958,금융,12
DB손해보험,005830,2017Q2,2017-06-30,분기말 총자본(자기자본),4673712397838,공시,https://dart.fss.or.kr/dsaf001/main.do?rcpNo=20170814001958,금융,12
DB손해보험,005830,2017Q2,2017-06-30,분기별 영업수익,4058651737317,공시,https://dart.fss.or.kr/dsaf001/main.do?rcpNo=20170814001958,금융,12
DB손해보험,005830,2017Q2,2017-06-30,분기별 영업이익,266873792689,공시,https://dart.fss.or.kr/dsaf001/main.do?rcpNo=20170814001958,금융,12
DB손해보험,005830,2017Q2,2017-06-30,분기별 당기순이익(지배),212889235581,공시,https://dart.fss.or.kr/dsaf001/main.do?rcpNo=20170814001958,금융,12
DB손해보험,005830,2017Q2,2017-06-30,분기별 순이자이익,데이터 없음(항목 미공시),데이터 없음(항목 미공시),https://dart.fss.or.kr/dsaf001/main.do?rcpNo=20170814001958,금융,12
DB손해보험,005830,2017Q2,2017-06-30,분기별 순수수료이익,데이터 없음(항목 미공시),데이터 없음(항목 미공시),https://dart.fss.or.kr/dsaf001/main.do?rcpNo=20170814001958,금융,12
DB손해보험,005830,2017Q2,2017-06-30,분기별 영업활동현금흐름,477286865426,계산(누적차감),https://dart.fss.or.kr/dsaf001/main.do?rcpNo=20170814001958 ; https://dart.fss.or.kr/dsaf001/main.do?rcpNo=20170515001808,금융,12
DB손해보험,005830,2017Q2,2017-06-30,분기말 지배지분 자본,4495034655706,공시,https://dart.fss.or.kr/dsaf001/main.do?rcpNo=20170814001958,금융,12
DB손해보험,005830,2017Q2,2017-06-30,분기말 종가,68000,API,"https://data-dbg.krx.co.kr/svc/apis/sto/stk_bydd_trd?basDd=20170630 (KOSPI, 동부화재 ; 종가 68000 × 상장주식수 70800000 = 시가총액 4814400000000)",금융,12
DB손해보험,005830,2017Q2,2017-06-30,분기말 상장주식수,70800000,API,"https://data-dbg.krx.co.kr/svc/apis/sto/stk_bydd_trd?basDd=20170630 (KOSPI, 동부화재 ; 종가 68000 × 상장주식수 70800000 = 시가총액 4814400000000)",금융,12
DB손해보험,005830,2017Q2,2017-06-30,분기말 시가총액,4814400000000,API,"https://data-dbg.krx.co.kr/svc/apis/sto/stk_bydd_trd?basDd=20170630 (KOSPI, 동부화재 ; 종가 68000 × 상장주식수 70800000 = 시가총액 4814400000000)",금융,12
DB손해보험,005830,2017Q3,2017-09-30,분기말 자산총계,48012390613533,공시,https://dart.fss.or.kr/dsaf001/main.do?rcpNo=20171114002652,금융,12
DB손해보험,005830,2017Q3,2017-09-30,분기말 부채총계,43248360159046,공시,https://dart.fss.or.kr/dsaf001/main.do?rcpNo=20171114002652,금융,12
DB손해보험,005830,2017Q3,2017-09-30,분기말 총자본(자기자본),4764030454487,공시,https://dart.fss.or.kr/dsaf001/main.do?rcpNo=20171114002652,금융,12
DB손해보험,005830,2017Q3,2017-09-30,분기별 영업수익,4213394678513,공시,https://dart.fss.or.kr/dsaf001/main.do?rcpNo=20171114002652,금융,12
DB손해보험,005830,2017Q3,2017-09-30,분기별 영업이익,233061895192,공시,https://dart.fss.or.kr/dsaf001/main.do?rcpNo=20171114002652,금융,12
DB손해보험,005830,2017Q3,2017-09-30,분기별 당기순이익(지배),173684870268,공시,https://dart.fss.or.kr/dsaf001/main.do?rcpNo=20171114002652,금융,12
DB손해보험,005830,2017Q3,2017-09-30,분기별 순이자이익,데이터 없음(항목 미공시),데이터 없음(항목 미공시),https://dart.fss.or.kr/dsaf001/main.do?rcpNo=20171114002652,금융,12
DB손해보험,005830,2017Q3,2017-09-30,분기별 순수수료이익,데이터 없음(항목 미공시),데이터 없음(항목 미공시),https://dart.fss.or.kr/dsaf001/main.do?rcpNo=20171114002652,금융,12
DB손해보험,005830,2017Q3,2017-09-30,분기별 영업활동현금흐름,158298137947,계산(누적차감),https://dart.fss.or.kr/dsaf001/main.do?rcpNo=20171114002652 ; https://dart.fss.or.kr/dsaf001/main.do?rcpNo=20170814001958,금융,12
DB손해보험,005830,2017Q3,2017-09-30,분기말 지배지분 자본,4588112315483,공시,https://dart.fss.or.kr/dsaf001/main.do?rcpNo=20171114002652,금융,12
DB손해보험,005830,2017Q3,2017-09-29,분기말 종가,73000,API,"https://data-dbg.krx.co.kr/svc/apis/sto/stk_bydd_trd?basDd=20170929 (KOSPI, 동부화재 ; 종가 73000 × 상장주식수 70800000 = 시가총액 5168400000000)",금융,12
DB손해보험,005830,2017Q3,2017-09-29,분기말 상장주식수,70800000,API,"https://data-dbg.krx.co.kr/svc/apis/sto/stk_bydd_trd?basDd=20170929 (KOSPI, 동부화재 ; 종가 73000 × 상장주식수 70800000 = 시가총액 5168400000000)",금융,12
DB손해보험,005830,2017Q3,2017-09-29,분기말 시가총액,5168400000000,API,"https://data-dbg.krx.co.kr/svc/apis/sto/stk_bydd_trd?basDd=20170929 (KOSPI, 동부화재 ; 종가 73000 × 상장주식수 70800000 = 시가총액 5168400000000)",금융,12
DB손해보험,005830,2017Q4,2017-12-31,분기말 자산총계,48375610760974,공시,https://dart.fss.or.kr/dsaf001/main.do?rcpNo=20180402003980,금융,12
DB손해보험,005830,2017Q4,2017-12-31,분기말 부채총계,43542601178403,공시,https://dart.fss.or.kr/dsaf001/main.do?rcpNo=20180402003980,금융,12
DB손해보험,005830,2017Q4,2017-12-31,분기말 총자본(자기자본),4833009582571,공시,https://dart.fss.or.kr/dsaf001/main.do?rcpNo=20180402003980,금융,12
DB손해보험,005830,2017Q4,2017-12-31,분기별 영업수익,4622806221743,계산(연간-3분기누적),https://dart.fss.or.kr/dsaf001/main.do?rcpNo=20180402003980 ; https://dart.fss.or.kr/dsaf001/main.do?rcpNo=20171114002652,금융,12
DB손해보험,005830,2017Q4,2017-12-31,분기별 영업이익,138472136126,계산(연간-3분기누적),https://dart.fss.or.kr/dsaf001/main.do?rcpNo=20180402003980 ; https://dart.fss.or.kr/dsaf001/main.do?rcpNo=20171114002652,금융,12
DB손해보험,005830,2017Q4,2017-12-31,분기별 당기순이익(지배),104564773324,계산(연간-3분기누적),https://dart.fss.or.kr/dsaf001/main.do?rcpNo=20180402003980 ; https://dart.fss.or.kr/dsaf001/main.do?rcpNo=20171114002652,금융,12
DB손해보험,005830,2017Q4,2017-12-31,분기별 순이자이익,데이터 없음(항목 미공시),데이터 없음(항목 미공시),https://dart.fss.or.kr/dsaf001/main.do?rcpNo=20180402003980 ; https://dart.fss.or.kr/dsaf001/main.do?rcpNo=20171114002652,금융,12
DB손해보험,005830,2017Q4,2017-12-31,분기별 순수수료이익,데이터 없음(항목 미공시),데이터 없음(항목 미공시),https://dart.fss.or.kr/dsaf001/main.do?rcpNo=20180402003980 ; https://dart.fss.or.kr/dsaf001/main.do?rcpNo=20171114002652,금융,12
DB손해보험,005830,2017Q4,2017-12-31,분기별 영업활동현금흐름,-362889116031,계산(누적차감),https://dart.fss.or.kr/dsaf001/main.do?rcpNo=20180402003980 ; https://dart.fss.or.kr/dsaf001/main.do?rcpNo=20171114002652,금융,12
DB손해보험,005830,2017Q4,2017-12-31,분기말 지배지분 자본,4628035348825,공시,https://dart.fss.or.kr/dsaf001/main.do?rcpNo=20180402003980,금융,12
DB손해보험,005830,2017Q4,2017-12-28,분기말 종가,71200,API,"https://data-dbg.krx.co.kr/svc/apis/sto/stk_bydd_trd?basDd=20171228 (KOSPI, DB손해보험 ; 종가 71200 × 상장주식수 70800000 = 시가총액 5040960000000)",금융,12
DB손해보험,005830,2017Q4,2017-12-28,분기말 상장주식수,70800000,API,"https://data-dbg.krx.co.kr/svc/apis/sto/stk_bydd_trd?basDd=20171228 (KOSPI, DB손해보험 ; 종가 71200 × 상장주식수 70800000 = 시가총액 5040960000000)",금융,12
DB손해보험,005830,2017Q4,2017-12-28,분기말 시가총액,5040960000000,API,"https://data-dbg.krx.co.kr/svc/apis/sto/stk_bydd_trd?basDd=20171228 (KOSPI, DB손해보험 ; 종가 71200 × 상장주식수 70800000 = 시가총액 5040960000000)",금융,12
DB손해보험,005830,2018Q1,2018-03-31,분기말 자산총계,48355900650602,공시,https://dart.fss.or.kr/dsaf001/main.do?rcpNo=20180608000364,금융,12
DB손해보험,005830,2018Q1,2018-03-31,분기말 부채총계,43818961641153,공시,https://dart.fss.or.kr/dsaf001/main.do?rcpNo=20180608000364,금융,12
DB손해보험,005830,2018Q1,2018-03-31,분기말 총자본(자기자본),4536939009449,공시,https://dart.fss.or.kr/dsaf001/main.do?rcpNo=20180608000364,금융,12
DB손해보험,005830,2018Q1,2018-03-31,분기별 영업수익,4310401976631,공시,https://dart.fss.or.kr/dsaf001/main.do?rcpNo=20180608000364,금융,12
DB손해보험,005830,2018Q1,2018-03-31,분기별 영업이익,161419228538,공시,https://dart.fss.or.kr/dsaf001/main.do?rcpNo=20180608000364,금융,12
DB손해보험,005830,2018Q1,2018-03-31,분기별 당기순이익(지배),116084944108,공시,https://dart.fss.or.kr/dsaf001/main.do?rcpNo=20180608000364,금융,12
DB손해보험,005830,2018Q1,2018-03-31,분기별 순이자이익,데이터 없음(항목 미공시),데이터 없음(항목 미공시),https://dart.fss.or.kr/dsaf001/main.do?rcpNo=20180608000364,금융,12
DB손해보험,005830,2018Q1,2018-03-31,분기별 순수수료이익,데이터 없음(항목 미공시),데이터 없음(항목 미공시),https://dart.fss.or.kr/dsaf001/main.do?rcpNo=20180608000364,금융,12
DB손해보험,005830,2018Q1,2018-03-31,분기별 영업활동현금흐름,97510144292,공시,https://dart.fss.or.kr/dsaf001/main.do?rcpNo=20180608000364,금융,12
DB손해보험,005830,2018Q1,2018-03-31,분기말 지배지분 자본,4342886628485,공시,https://dart.fss.or.kr/dsaf001/main.do?rcpNo=20180608000364,금융,12
DB손해보험,005830,2018Q1,2018-03-30,분기말 종가,65000,API,"https://data-dbg.krx.co.kr/svc/apis/sto/stk_bydd_trd?basDd=20180330 (KOSPI, DB손해보험 ; 종가 65000 × 상장주식수 70800000 = 시가총액 4602000000000)",금융,12
DB손해보험,005830,2018Q1,2018-03-30,분기말 상장주식수,70800000,API,"https://data-dbg.krx.co.kr/svc/apis/sto/stk_bydd_trd?basDd=20180330 (KOSPI, DB손해보험 ; 종가 65000 × 상장주식수 70800000 = 시가총액 4602000000000)",금융,12
DB손해보험,005830,2018Q1,2018-03-30,분기말 시가총액,4602000000000,API,"https://data-dbg.krx.co.kr/svc/apis/sto/stk_bydd_trd?basDd=20180330 (KOSPI, DB손해보험 ; 종가 65000 × 상장주식수 70800000 = 시가총액 4602000000000)",금융,12
DB손해보험,005830,2018Q2,2018-06-30,분기말 자산총계,49429401019017,공시,https://dart.fss.or.kr/dsaf001/main.do?rcpNo=20180814001742,금융,12
DB손해보험,005830,2018Q2,2018-06-30,분기말 부채총계,44791061462162,공시,https://dart.fss.or.kr/dsaf001/main.do?rcpNo=20180814001742,금융,12
DB손해보험,005830,2018Q2,2018-06-30,분기말 총자본(자기자본),4638339556855,공시,https://dart.fss.or.kr/dsaf001/main.do?rcpNo=20180814001742,금융,12
DB손해보험,005830,2018Q2,2018-06-30,분기별 영업수익,4614684482962,계산(누적차감),https://dart.fss.or.kr/dsaf001/main.do?rcpNo=20180814001742 ; https://dart.fss.or.kr/dsaf001/main.do?rcpNo=20180608000364,금융,12
DB손해보험,005830,2018Q2,2018-06-30,분기별 영업이익,279955287057,계산(누적차감),https://dart.fss.or.kr/dsaf001/main.do?rcpNo=20180814001742 ; https://dart.fss.or.kr/dsaf001/main.do?rcpNo=20180608000364,금융,12
DB손해보험,005830,2018Q2,2018-06-30,분기별 당기순이익(지배),201962762970,계산(누적차감),https://dart.fss.or.kr/dsaf001/main.do?rcpNo=20180814001742 ; https://dart.fss.or.kr/dsaf001/main.do?rcpNo=20180608000364,금융,12
DB손해보험,005830,2018Q2,2018-06-30,분기별 순이자이익,데이터 없음(항목 미공시),데이터 없음(항목 미공시),https://dart.fss.or.kr/dsaf001/main.do?rcpNo=20180814001742,금융,12
DB손해보험,005830,2018Q2,2018-06-30,분기별 순수수료이익,데이터 없음(항목 미공시),데이터 없음(항목 미공시),https://dart.fss.or.kr/dsaf001/main.do?rcpNo=20180814001742,금융,12
DB손해보험,005830,2018Q2,2018-06-30,분기별 영업활동현금흐름,-355512358131,계산(누적차감),https://dart.fss.or.kr/dsaf001/main.do?rcpNo=20180814001742 ; https://dart.fss.or.kr/dsaf001/main.do?rcpNo=20180608000364,금융,12
DB손해보험,005830,2018Q2,2018-06-30,분기말 지배지분 자본,4446135488812,공시,https://dart.fss.or.kr/dsaf001/main.do?rcpNo=20180814001742,금융,12
DB손해보험,005830,2018Q2,2018-06-29,분기말 종가,59000,API,"https://data-dbg.krx.co.kr/svc/apis/sto/stk_bydd_trd?basDd=20180629 (KOSPI, DB손해보험 ; 종가 59000 × 상장주식수 70800000 = 시가총액 4177200000000)",금융,12
DB손해보험,005830,2018Q2,2018-06-29,분기말 상장주식수,70800000,API,"https://data-dbg.krx.co.kr/svc/apis/sto/stk_bydd_trd?basDd=20180629 (KOSPI, DB손해보험 ; 종가 59000 × 상장주식수 70800000 = 시가총액 4177200000000)",금융,12
DB손해보험,005830,2018Q2,2018-06-29,분기말 시가총액,4177200000000,API,"https://data-dbg.krx.co.kr/svc/apis/sto/stk_bydd_trd?basDd=20180629 (KOSPI, DB손해보험 ; 종가 59000 × 상장주식수 70800000 = 시가총액 4177200000000)",금융,12
DB손해보험,005830,2018Q3,2018-09-30,분기말 자산총계,49989076820820,공시,https://dart.fss.or.kr/dsaf001/main.do?rcpNo=20181114002031,금융,12
DB손해보험,005830,2018Q3,2018-09-30,분기말 부채총계,45084798534624,공시,https://dart.fss.or.kr/dsaf001/main.do?rcpNo=20181114002031,금융,12
DB손해보험,005830,2018Q3,2018-09-30,분기말 총자본(자기자본),4904278286196,공시,https://dart.fss.or.kr/dsaf001/main.do?rcpNo=20181114002031,금융,12
DB손해보험,005830,2018Q3,2018-09-30,분기별 영업수익,4127795247087,계산(누적차감),https://dart.fss.or.kr/dsaf001/main.do?rcpNo=20181114002031 ; https://dart.fss.or.kr/dsaf001/main.do?rcpNo=20180814001742,금융,12
DB손해보험,005830,2018Q3,2018-09-30,분기별 영업이익,200098183420,계산(누적차감),https://dart.fss.or.kr/dsaf001/main.do?rcpNo=20181114002031 ; https://dart.fss.or.kr/dsaf001/main.do?rcpNo=20180814001742,금융,12
DB손해보험,005830,2018Q3,2018-09-30,분기별 당기순이익(지배),139497216527,계산(누적차감),https://dart.fss.or.kr/dsaf001/main.do?rcpNo=20181114002031 ; https://dart.fss.or.kr/dsaf001/main.do?rcpNo=20180814001742,금융,12
DB손해보험,005830,2018Q3,2018-09-30,분기별 순이자이익,데이터 없음(항목 미공시),데이터 없음(항목 미공시),https://dart.fss.or.kr/dsaf001/main.do?rcpNo=20181114002031,금융,12
DB손해보험,005830,2018Q3,2018-09-30,분기별 순수수료이익,데이터 없음(항목 미공시),데이터 없음(항목 미공시),https://dart.fss.or.kr/dsaf001/main.do?rcpNo=20181114002031,금융,12
DB손해보험,005830,2018Q3,2018-09-30,분기별 영업활동현금흐름,231165954735,계산(누적차감),https://dart.fss.or.kr/dsaf001/main.do?rcpNo=20181114002031 ; https://dart.fss.or.kr/dsaf001/main.do?rcpNo=20180814001742,금융,12
DB손해보험,005830,2018Q3,2018-09-30,분기말 지배지분 자본,4711969860390,공시,https://dart.fss.or.kr/dsaf001/main.do?rcpNo=20181114002031,금융,12
DB손해보험,005830,2018Q3,2018-09-28,분기말 종가,72800,API,"https://data-dbg.krx.co.kr/svc/apis/sto/stk_bydd_trd?basDd=20180928 (KOSPI, DB손해보험 ; 종가 72800 × 상장주식수 70800000 = 시가총액 5154240000000)",금융,12
DB손해보험,005830,2018Q3,2018-09-28,분기말 상장주식수,70800000,API,"https://data-dbg.krx.co.kr/svc/apis/sto/stk_bydd_trd?basDd=20180928 (KOSPI, DB손해보험 ; 종가 72800 × 상장주식수 70800000 = 시가총액 5154240000000)",금융,12
DB손해보험,005830,2018Q3,2018-09-28,분기말 시가총액,5154240000000,API,"https://data-dbg.krx.co.kr/svc/apis/sto/stk_bydd_trd?basDd=20180928 (KOSPI, DB손해보험 ; 종가 72800 × 상장주식수 70800000 = 시가총액 5154240000000)",금융,12
DB손해보험,005830,2018Q4,2018-12-31,분기말 자산총계,50929102340134,공시,https://dart.fss.or.kr/dsaf001/main.do?rcpNo=20190401004408,금융,12
DB손해보험,005830,2018Q4,2018-12-31,분기말 부채총계,45636344236002,공시,https://dart.fss.or.kr/dsaf001/main.do?rcpNo=20190401004408,금융,12
DB손해보험,005830,2018Q4,2018-12-31,분기말 총자본(자기자본),5292758104132,공시,https://dart.fss.or.kr/dsaf001/main.do?rcpNo=20190401004408,금융,12
DB손해보험,005830,2018Q4,2018-12-31,분기별 영업수익,4401630028758,계산(연간-3분기누적),https://dart.fss.or.kr/dsaf001/main.do?rcpNo=20190401004408 ; https://dart.fss.or.kr/dsaf001/main.do?rcpNo=20181114002031,금융,12
DB손해보험,005830,2018Q4,2018-12-31,분기별 영업이익,79240608614,계산(연간-3분기누적),https://dart.fss.or.kr/dsaf001/main.do?rcpNo=20190401004408 ; https://dart.fss.or.kr/dsaf001/main.do?rcpNo=20181114002031,금융,12
DB손해보험,005830,2018Q4,2018-12-31,분기별 당기순이익(지배),74993926271,계산(연간-3분기누적),https://dart.fss.or.kr/dsaf001/main.do?rcpNo=20190401004408 ; https://dart.fss.or.kr/dsaf001/main.do?rcpNo=20181114002031,금융,12
DB손해보험,005830,2018Q4,2018-12-31,분기별 순이자이익,데이터 없음(항목 미공시),데이터 없음(항목 미공시),https://dart.fss.or.kr/dsaf001/main.do?rcpNo=20190401004408 ; https://dart.fss.or.kr/dsaf001/main.do?rcpNo=20181114002031,금융,12
DB손해보험,005830,2018Q4,2018-12-31,분기별 순수수료이익,데이터 없음(항목 미공시),데이터 없음(항목 미공시),https://dart.fss.or.kr/dsaf001/main.do?rcpNo=20190401004408 ; https://dart.fss.or.kr/dsaf001/main.do?rcpNo=20181114002031,금융,12
DB손해보험,005830,2018Q4,2018-12-31,분기별 영업활동현금흐름,273273867428,계산(누적차감),https://dart.fss.or.kr/dsaf001/main.do?rcpNo=20190401004408 ; https://dart.fss.or.kr/dsaf001/main.do?rcpNo=20181114002031,금융,12
DB손해보험,005830,2018Q4,2018-12-31,분기말 지배지분 자본,5097818163988,공시,https://dart.fss.or.kr/dsaf001/main.do?rcpNo=20190401004408,금융,12
DB손해보험,005830,2018Q4,2018-12-28,분기말 종가,70400,API,"https://data-dbg.krx.co.kr/svc/apis/sto/stk_bydd_trd?basDd=20181228 (KOSPI, DB손해보험 ; 종가 70400 × 상장주식수 70800000 = 시가총액 4984320000000)",금융,12
DB손해보험,005830,2018Q4,2018-12-28,분기말 상장주식수,70800000,API,"https://data-dbg.krx.co.kr/svc/apis/sto/stk_bydd_trd?basDd=20181228 (KOSPI, DB손해보험 ; 종가 70400 × 상장주식수 70800000 = 시가총액 4984320000000)",금융,12
DB손해보험,005830,2018Q4,2018-12-28,분기말 시가총액,4984320000000,API,"https://data-dbg.krx.co.kr/svc/apis/sto/stk_bydd_trd?basDd=20181228 (KOSPI, DB손해보험 ; 종가 70400 × 상장주식수 70800000 = 시가총액 4984320000000)",금융,12
DB손해보험,005830,2019Q1,2019-03-31,분기말 자산총계,52051251945526,공시,https://dart.fss.or.kr/dsaf001/main.do?rcpNo=20190515001780,금융,12
DB손해보험,005830,2019Q1,2019-03-31,분기말 부채총계,46442747054745,공시,https://dart.fss.or.kr/dsaf001/main.do?rcpNo=20190515001780,금융,12
DB손해보험,005830,2019Q1,2019-03-31,분기말 총자본(자기자본),5608504890781,공시,https://dart.fss.or.kr/dsaf001/main.do?rcpNo=20190515001780,금융,12
DB손해보험,005830,2019Q1,2019-03-31,분기별 영업수익,4509990395582,공시,https://dart.fss.or.kr/dsaf001/main.do?rcpNo=20190515001780,금융,12
DB손해보험,005830,2019Q1,2019-03-31,분기별 영업이익,93541600714,공시,https://dart.fss.or.kr/dsaf001/main.do?rcpNo=20190515001780,금융,12
DB손해보험,005830,2019Q1,2019-03-31,분기별 당기순이익(지배),76998249789,공시,https://dart.fss.or.kr/dsaf001/main.do?rcpNo=20190515001780,금융,12
DB손해보험,005830,2019Q1,2019-03-31,분기별 순이자이익,데이터 없음(항목 미공시),데이터 없음(항목 미공시),https://dart.fss.or.kr/dsaf001/main.do?rcpNo=20190515001780,금융,12
DB손해보험,005830,2019Q1,2019-03-31,분기별 순수수료이익,데이터 없음(항목 미공시),데이터 없음(항목 미공시),https://dart.fss.or.kr/dsaf001/main.do?rcpNo=20190515001780,금융,12
DB손해보험,005830,2019Q1,2019-03-31,분기별 영업활동현금흐름,223542117980,공시,https://dart.fss.or.kr/dsaf001/main.do?rcpNo=20190515001780,금융,12
DB손해보험,005830,2019Q1,2019-03-31,분기말 지배지분 자본,5415900175671,공시,https://dart.fss.or.kr/dsaf001/main.do?rcpNo=20190515001780,금융,12
DB손해보험,005830,2019Q1,2019-03-29,분기말 종가,68700,API,"https://data-dbg.krx.co.kr/svc/apis/sto/stk_bydd_trd?basDd=20190329 (KOSPI, DB손해보험 ; 종가 68700 × 상장주식수 70800000 = 시가총액 4863960000000)",금융,12
DB손해보험,005830,2019Q1,2019-03-29,분기말 상장주식수,70800000,API,"https://data-dbg.krx.co.kr/svc/apis/sto/stk_bydd_trd?basDd=20190329 (KOSPI, DB손해보험 ; 종가 68700 × 상장주식수 70800000 = 시가총액 4863960000000)",금융,12
DB손해보험,005830,2019Q1,2019-03-29,분기말 시가총액,4863960000000,API,"https://data-dbg.krx.co.kr/svc/apis/sto/stk_bydd_trd?basDd=20190329 (KOSPI, DB손해보험 ; 종가 68700 × 상장주식수 70800000 = 시가총액 4863960000000)",금융,12
DB손해보험,005830,2019Q2,2019-06-30,분기말 자산총계,53807259424542,공시,https://dart.fss.or.kr/dsaf001/main.do?rcpNo=20190814001504,금융,12
DB손해보험,005830,2019Q2,2019-06-30,분기말 부채총계,47648947742367,공시,https://dart.fss.or.kr/dsaf001/main.do?rcpNo=20190814001504,금융,12
DB손해보험,005830,2019Q2,2019-06-30,분기말 총자본(자기자본),6158311682175,공시,https://dart.fss.or.kr/dsaf001/main.do?rcpNo=20190814001504,금융,12
DB손해보험,005830,2019Q2,2019-06-30,분기별 영업수익,4713467414896,계산(누적차감),https://dart.fss.or.kr/dsaf001/main.do?rcpNo=20190814001504 ; https://dart.fss.or.kr/dsaf001/main.do?rcpNo=20190515001780,금융,12
DB손해보험,005830,2019Q2,2019-06-30,분기별 영업이익,166850195180,계산(누적차감),https://dart.fss.or.kr/dsaf001/main.do?rcpNo=20190814001504 ; https://dart.fss.or.kr/dsaf001/main.do?rcpNo=20190515001780,금융,12
DB손해보험,005830,2019Q2,2019-06-30,분기별 당기순이익(지배),115937382460,계산(누적차감),https://dart.fss.or.kr/dsaf001/main.do?rcpNo=20190814001504 ; https://dart.fss.or.kr/dsaf001/main.do?rcpNo=20190515001780,금융,12
DB손해보험,005830,2019Q2,2019-06-30,분기별 순이자이익,데이터 없음(항목 미공시),데이터 없음(항목 미공시),https://dart.fss.or.kr/dsaf001/main.do?rcpNo=20190814001504,금융,12
DB손해보험,005830,2019Q2,2019-06-30,분기별 순수수료이익,데이터 없음(항목 미공시),데이터 없음(항목 미공시),https://dart.fss.or.kr/dsaf001/main.do?rcpNo=20190814001504,금융,12
DB손해보험,005830,2019Q2,2019-06-30,분기별 영업활동현금흐름,375024324933,계산(누적차감),https://dart.fss.or.kr/dsaf001/main.do?rcpNo=20190814001504 ; https://dart.fss.or.kr/dsaf001/main.do?rcpNo=20190515001780,금융,12
DB손해보험,005830,2019Q2,2019-06-30,분기말 지배지분 자본,5960004035701,공시,https://dart.fss.or.kr/dsaf001/main.do?rcpNo=20190814001504,금융,12
DB손해보험,005830,2019Q2,2019-06-28,분기말 종가,59300,API,"https://data-dbg.krx.co.kr/svc/apis/sto/stk_bydd_trd?basDd=20190628 (KOSPI, DB손해보험 ; 종가 59300 × 상장주식수 70800000 = 시가총액 4198440000000)",금융,12
DB손해보험,005830,2019Q2,2019-06-28,분기말 상장주식수,70800000,API,"https://data-dbg.krx.co.kr/svc/apis/sto/stk_bydd_trd?basDd=20190628 (KOSPI, DB손해보험 ; 종가 59300 × 상장주식수 70800000 = 시가총액 4198440000000)",금융,12
DB손해보험,005830,2019Q2,2019-06-28,분기말 시가총액,4198440000000,API,"https://data-dbg.krx.co.kr/svc/apis/sto/stk_bydd_trd?basDd=20190628 (KOSPI, DB손해보험 ; 종가 59300 × 상장주식수 70800000 = 시가총액 4198440000000)",금융,12
DB손해보험,005830,2019Q3,2019-09-30,분기말 자산총계,55236121770050,공시,https://dart.fss.or.kr/dsaf001/main.do?rcpNo=20191114001238,금융,12
DB손해보험,005830,2019Q3,2019-09-30,분기말 부채총계,48628654973200,공시,https://dart.fss.or.kr/dsaf001/main.do?rcpNo=20191114001238,금융,12
DB손해보험,005830,2019Q3,2019-09-30,분기말 총자본(자기자본),6607466796850,공시,https://dart.fss.or.kr/dsaf001/main.do?rcpNo=20191114001238,금융,12
DB손해보험,005830,2019Q3,2019-09-30,분기별 영업수익,4863520817119,계산(누적차감),https://dart.fss.or.kr/dsaf001/main.do?rcpNo=20191114001238 ; https://dart.fss.or.kr/dsaf001/main.do?rcpNo=20190814001504,금융,12
DB손해보험,005830,2019Q3,2019-09-30,분기별 영업이익,180867799132,계산(누적차감),https://dart.fss.or.kr/dsaf001/main.do?rcpNo=20191114001238 ; https://dart.fss.or.kr/dsaf001/main.do?rcpNo=20190814001504,금융,12
DB손해보험,005830,2019Q3,2019-09-30,분기별 당기순이익(지배),127525979747,계산(누적차감),https://dart.fss.or.kr/dsaf001/main.do?rcpNo=20191114001238 ; https://dart.fss.or.kr/dsaf001/main.do?rcpNo=20190814001504,금융,12
DB손해보험,005830,2019Q3,2019-09-30,분기별 순이자이익,데이터 없음(항목 미공시),데이터 없음(항목 미공시),https://dart.fss.or.kr/dsaf001/main.do?rcpNo=20191114001238,금융,12
DB손해보험,005830,2019Q3,2019-09-30,분기별 순수수료이익,데이터 없음(항목 미공시),데이터 없음(항목 미공시),https://dart.fss.or.kr/dsaf001/main.do?rcpNo=20191114001238,금융,12
DB손해보험,005830,2019Q3,2019-09-30,분기별 영업활동현금흐름,1394770021430,계산(누적차감),https://dart.fss.or.kr/dsaf001/main.do?rcpNo=20191114001238 ; https://dart.fss.or.kr/dsaf001/main.do?rcpNo=20190814001504,금융,12
DB손해보험,005830,2019Q3,2019-09-30,분기말 지배지분 자본,6404049176974,공시,https://dart.fss.or.kr/dsaf001/main.do?rcpNo=20191114001238,금융,12
DB손해보험,005830,2019Q3,2019-09-30,분기말 종가,51600,API,"https://data-dbg.krx.co.kr/svc/apis/sto/stk_bydd_trd?basDd=20190930 (KOSPI, DB손해보험 ; 종가 51600 × 상장주식수 70800000 = 시가총액 3653280000000)",금융,12
DB손해보험,005830,2019Q3,2019-09-30,분기말 상장주식수,70800000,API,"https://data-dbg.krx.co.kr/svc/apis/sto/stk_bydd_trd?basDd=20190930 (KOSPI, DB손해보험 ; 종가 51600 × 상장주식수 70800000 = 시가총액 3653280000000)",금융,12
DB손해보험,005830,2019Q3,2019-09-30,분기말 시가총액,3653280000000,API,"https://data-dbg.krx.co.kr/svc/apis/sto/stk_bydd_trd?basDd=20190930 (KOSPI, DB손해보험 ; 종가 51600 × 상장주식수 70800000 = 시가총액 3653280000000)",금융,12
DB손해보험,005830,2019Q4,2019-12-31,분기말 자산총계,55779051736160,공시(재작성 반영),https://dart.fss.or.kr/dsaf001/main.do?rcpNo=20200330002525 ; 재작성 출처: https://dart.fss.or.kr/dsaf001/main.do?rcpNo=20210318001164,금융,12
DB손해보험,005830,2019Q4,2019-12-31,분기말 부채총계,49634011996989,공시(재작성 반영),https://dart.fss.or.kr/dsaf001/main.do?rcpNo=20200330002525 ; 재작성 출처: https://dart.fss.or.kr/dsaf001/main.do?rcpNo=20210318001164,금융,12
DB손해보험,005830,2019Q4,2019-12-31,분기말 총자본(자기자본),6145039739171,공시(재작성 반영),https://dart.fss.or.kr/dsaf001/main.do?rcpNo=20200330002525 ; 재작성 출처: https://dart.fss.or.kr/dsaf001/main.do?rcpNo=20210318001164,금융,12
DB손해보험,005830,2019Q4,2019-12-31,분기별 영업수익,4589148911497,계산(연간-3분기누적),https://dart.fss.or.kr/dsaf001/main.do?rcpNo=20200330002525 ; https://dart.fss.or.kr/dsaf001/main.do?rcpNo=20191114001238,금융,12
DB손해보험,005830,2019Q4,2019-12-31,분기별 영업이익,70385589386,계산(연간-3분기누적),https://dart.fss.or.kr/dsaf001/main.do?rcpNo=20200330002525 ; https://dart.fss.or.kr/dsaf001/main.do?rcpNo=20191114001238,금융,12
DB손해보험,005830,2019Q4,2019-12-31,분기별 당기순이익(지배),57168460363,계산(연간-3분기누적),https://dart.fss.or.kr/dsaf001/main.do?rcpNo=20200330002525 ; https://dart.fss.or.kr/dsaf001/main.do?rcpNo=20191114001238,금융,12
DB손해보험,005830,2019Q4,2019-12-31,분기별 순이자이익,데이터 없음(항목 미공시),데이터 없음(항목 미공시),https://dart.fss.or.kr/dsaf001/main.do?rcpNo=20200330002525 ; https://dart.fss.or.kr/dsaf001/main.do?rcpNo=20191114001238,금융,12
DB손해보험,005830,2019Q4,2019-12-31,분기별 순수수료이익,데이터 없음(항목 미공시),데이터 없음(항목 미공시),https://dart.fss.or.kr/dsaf001/main.do?rcpNo=20200330002525 ; https://dart.fss.or.kr/dsaf001/main.do?rcpNo=20191114001238,금융,12
DB손해보험,005830,2019Q4,2019-12-31,분기별 영업활동현금흐름,203238577216,계산(누적차감),https://dart.fss.or.kr/dsaf001/main.do?rcpNo=20200330002525 ; https://dart.fss.or.kr/dsaf001/main.do?rcpNo=20191114001238,금융,12
DB손해보험,005830,2019Q4,2019-12-31,분기말 지배지분 자본,5945903966723,공시(재작성 반영),https://dart.fss.or.kr/dsaf001/main.do?rcpNo=20200330002525 ; 재작성 출처: https://dart.fss.or.kr/dsaf001/main.do?rcpNo=20210318001164,금융,12
DB손해보험,005830,2019Q4,2019-12-30,분기말 종가,52300,API,"https://data-dbg.krx.co.kr/svc/apis/sto/stk_bydd_trd?basDd=20191230 (KOSPI, DB손해보험 ; 종가 52300 × 상장주식수 70800000 = 시가총액 3702840000000)",금융,12
DB손해보험,005830,2019Q4,2019-12-30,분기말 상장주식수,70800000,API,"https://data-dbg.krx.co.kr/svc/apis/sto/stk_bydd_trd?basDd=20191230 (KOSPI, DB손해보험 ; 종가 52300 × 상장주식수 70800000 = 시가총액 3702840000000)",금융,12
DB손해보험,005830,2019Q4,2019-12-30,분기말 시가총액,3702840000000,API,"https://data-dbg.krx.co.kr/svc/apis/sto/stk_bydd_trd?basDd=20191230 (KOSPI, DB손해보험 ; 종가 52300 × 상장주식수 70800000 = 시가총액 3702840000000)",금융,12
DB손해보험,005830,2020Q1,2020-03-31,분기말 자산총계,56324618138073,공시,https://dart.fss.or.kr/dsaf001/main.do?rcpNo=20200515001872,금융,12
DB손해보험,005830,2020Q1,2020-03-31,분기말 부채총계,50292392098983,공시,https://dart.fss.or.kr/dsaf001/main.do?rcpNo=20200515001872,금융,12
DB손해보험,005830,2020Q1,2020-03-31,분기말 총자본(자기자본),6032226039090,공시,https://dart.fss.or.kr/dsaf001/main.do?rcpNo=20200515001872,금융,12
DB손해보험,005830,2020Q1,2020-03-31,분기별 영업수익,5344147104880,공시,https://dart.fss.or.kr/dsaf001/main.do?rcpNo=20200515001872,금융,12
DB손해보험,005830,2020Q1,2020-03-31,분기별 영업이익,203936093098,공시,https://dart.fss.or.kr/dsaf001/main.do?rcpNo=20200515001872,금융,12
DB손해보험,005830,2020Q1,2020-03-31,분기별 당기순이익(지배),156918832272,공시,https://dart.fss.or.kr/dsaf001/main.do?rcpNo=20200515001872,금융,12
DB손해보험,005830,2020Q1,2020-03-31,분기별 순이자이익,데이터 없음(항목 미공시),데이터 없음(항목 미공시),https://dart.fss.or.kr/dsaf001/main.do?rcpNo=20200515001872,금융,12
DB손해보험,005830,2020Q1,2020-03-31,분기별 순수수료이익,데이터 없음(항목 미공시),데이터 없음(항목 미공시),https://dart.fss.or.kr/dsaf001/main.do?rcpNo=20200515001872,금융,12
DB손해보험,005830,2020Q1,2020-03-31,분기별 영업활동현금흐름,378226884534,공시,https://dart.fss.or.kr/dsaf001/main.do?rcpNo=20200515001872,금융,12
DB손해보험,005830,2020Q1,2020-03-31,분기말 지배지분 자본,5943608761200,공시,https://dart.fss.or.kr/dsaf001/main.do?rcpNo=20200515001872,금융,12
DB손해보험,005830,2020Q1,2020-03-31,분기말 종가,34750,API,https://apis.data.go.kr/1160100/GetStockSecuritiesInfoService_V2/getStockPriceInfo_V2?basDt=20200331&likeSrtnCd=005830 (serviceKey 제외),금융,12
DB손해보험,005830,2020Q1,2020-03-31,분기말 상장주식수,70800000,API,https://apis.data.go.kr/1160100/GetStockSecuritiesInfoService_V2/getStockPriceInfo_V2?basDt=20200331&likeSrtnCd=005830 (serviceKey 제외),금융,12
DB손해보험,005830,2020Q1,2020-03-31,분기말 시가총액,2460300000000,API,https://apis.data.go.kr/1160100/GetStockSecuritiesInfoService_V2/getStockPriceInfo_V2?basDt=20200331&likeSrtnCd=005830 (serviceKey 제외),금융,12
DB손해보험,005830,2020Q2,2020-06-30,분기말 자산총계,57915429363621,공시,https://dart.fss.or.kr/dsaf001/main.do?rcpNo=20200814001589,금융,12
DB손해보험,005830,2020Q2,2020-06-30,분기말 부채총계,51473459594588,공시,https://dart.fss.or.kr/dsaf001/main.do?rcpNo=20200814001589,금융,12
DB손해보험,005830,2020Q2,2020-06-30,분기말 총자본(자기자본),6441969769033,공시,https://dart.fss.or.kr/dsaf001/main.do?rcpNo=20200814001589,금융,12
DB손해보험,005830,2020Q2,2020-06-30,분기별 영업수익,4650403748039,계산(누적차감),https://dart.fss.or.kr/dsaf001/main.do?rcpNo=20200814001589 ; https://dart.fss.or.kr/dsaf001/main.do?rcpNo=20200515001872,금융,12
DB손해보험,005830,2020Q2,2020-06-30,분기별 영업이익,259040380756,계산(누적차감),https://dart.fss.or.kr/dsaf001/main.do?rcpNo=20200814001589 ; https://dart.fss.or.kr/dsaf001/main.do?rcpNo=20200515001872,금융,12
DB손해보험,005830,2020Q2,2020-06-30,분기별 당기순이익(지배),199721988725,계산(누적차감),https://dart.fss.or.kr/dsaf001/main.do?rcpNo=20200814001589 ; https://dart.fss.or.kr/dsaf001/main.do?rcpNo=20200515001872,금융,12
DB손해보험,005830,2020Q2,2020-06-30,분기별 순이자이익,데이터 없음(항목 미공시),데이터 없음(항목 미공시),https://dart.fss.or.kr/dsaf001/main.do?rcpNo=20200814001589,금융,12
DB손해보험,005830,2020Q2,2020-06-30,분기별 순수수료이익,데이터 없음(항목 미공시),데이터 없음(항목 미공시),https://dart.fss.or.kr/dsaf001/main.do?rcpNo=20200814001589,금융,12
DB손해보험,005830,2020Q2,2020-06-30,분기별 영업활동현금흐름,112201914490,계산(누적차감),https://dart.fss.or.kr/dsaf001/main.do?rcpNo=20200814001589 ; https://dart.fss.or.kr/dsaf001/main.do?rcpNo=20200515001872,금융,12
DB손해보험,005830,2020Q2,2020-06-30,분기말 지배지분 자본,6351895628427,공시,https://dart.fss.or.kr/dsaf001/main.do?rcpNo=20200814001589,금융,12
DB손해보험,005830,2020Q2,2020-06-30,분기말 종가,42850,API,https://apis.data.go.kr/1160100/GetStockSecuritiesInfoService_V2/getStockPriceInfo_V2?basDt=20200630&likeSrtnCd=005830 (serviceKey 제외),금융,12
DB손해보험,005830,2020Q2,2020-06-30,분기말 상장주식수,70800000,API,https://apis.data.go.kr/1160100/GetStockSecuritiesInfoService_V2/getStockPriceInfo_V2?basDt=20200630&likeSrtnCd=005830 (serviceKey 제외),금융,12
DB손해보험,005830,2020Q2,2020-06-30,분기말 시가총액,3033780000000,API,https://apis.data.go.kr/1160100/GetStockSecuritiesInfoService_V2/getStockPriceInfo_V2?basDt=20200630&likeSrtnCd=005830 (serviceKey 제외),금융,12
DB손해보험,005830,2020Q3,2020-09-30,분기말 자산총계,58743916286622,공시,https://dart.fss.or.kr/dsaf001/main.do?rcpNo=20201116000934,금융,12
DB손해보험,005830,2020Q3,2020-09-30,분기말 부채총계,52063808873833,공시,https://dart.fss.or.kr/dsaf001/main.do?rcpNo=20201116000934,금융,12
DB손해보험,005830,2020Q3,2020-09-30,분기말 총자본(자기자본),6680107412789,공시,https://dart.fss.or.kr/dsaf001/main.do?rcpNo=20201116000934,금융,12
DB손해보험,005830,2020Q3,2020-09-30,분기별 영업수익,4751947810956,계산(누적차감),https://dart.fss.or.kr/dsaf001/main.do?rcpNo=20201116000934 ; https://dart.fss.or.kr/dsaf001/main.do?rcpNo=20200814001589,금융,12
DB손해보험,005830,2020Q3,2020-09-30,분기별 영업이익,176098688745,계산(누적차감),https://dart.fss.or.kr/dsaf001/main.do?rcpNo=20201116000934 ; https://dart.fss.or.kr/dsaf001/main.do?rcpNo=20200814001589,금융,12
DB손해보험,005830,2020Q3,2020-09-30,분기별 당기순이익(지배),141956253632,계산(누적차감),https://dart.fss.or.kr/dsaf001/main.do?rcpNo=20201116000934 ; https://dart.fss.or.kr/dsaf001/main.do?rcpNo=20200814001589,금융,12
DB손해보험,005830,2020Q3,2020-09-30,분기별 순이자이익,데이터 없음(항목 미공시),데이터 없음(항목 미공시),https://dart.fss.or.kr/dsaf001/main.do?rcpNo=20201116000934,금융,12
DB손해보험,005830,2020Q3,2020-09-30,분기별 순수수료이익,데이터 없음(항목 미공시),데이터 없음(항목 미공시),https://dart.fss.or.kr/dsaf001/main.do?rcpNo=20201116000934,금융,12
DB손해보험,005830,2020Q3,2020-09-30,분기별 영업활동현금흐름,464573451341,계산(누적차감),https://dart.fss.or.kr/dsaf001/main.do?rcpNo=20201116000934 ; https://dart.fss.or.kr/dsaf001/main.do?rcpNo=20200814001589,금융,12
DB손해보험,005830,2020Q3,2020-09-30,분기말 지배지분 자본,6588412540635,공시,https://dart.fss.or.kr/dsaf001/main.do?rcpNo=20201116000934,금융,12
DB손해보험,005830,2020Q3,2020-09-29,분기말 종가,45200,API,https://apis.data.go.kr/1160100/GetStockSecuritiesInfoService_V2/getStockPriceInfo_V2?basDt=20200929&likeSrtnCd=005830 (serviceKey 제외),금융,12
DB손해보험,005830,2020Q3,2020-09-29,분기말 상장주식수,70800000,API,https://apis.data.go.kr/1160100/GetStockSecuritiesInfoService_V2/getStockPriceInfo_V2?basDt=20200929&likeSrtnCd=005830 (serviceKey 제외),금융,12
DB손해보험,005830,2020Q3,2020-09-29,분기말 시가총액,3200160000000,API,https://apis.data.go.kr/1160100/GetStockSecuritiesInfoService_V2/getStockPriceInfo_V2?basDt=20200929&likeSrtnCd=005830 (serviceKey 제외),금융,12
DB손해보험,005830,2020Q4,2020-12-31,분기말 자산총계,60054421460911,공시(재작성 반영),https://dart.fss.or.kr/dsaf001/main.do?rcpNo=20210318001164 ; 재작성 출처: https://dart.fss.or.kr/dsaf001/main.do?rcpNo=20220317000925,금융,12
DB손해보험,005830,2020Q4,2020-12-31,분기말 부채총계,53559522082615,공시(재작성 반영),https://dart.fss.or.kr/dsaf001/main.do?rcpNo=20210318001164 ; 재작성 출처: https://dart.fss.or.kr/dsaf001/main.do?rcpNo=20220317000925,금융,12
DB손해보험,005830,2020Q4,2020-12-31,분기말 총자본(자기자본),6494899378296,공시(재작성 반영),https://dart.fss.or.kr/dsaf001/main.do?rcpNo=20210318001164 ; 재작성 출처: https://dart.fss.or.kr/dsaf001/main.do?rcpNo=20220317000925,금융,12
DB손해보험,005830,2020Q4,2020-12-31,분기별 영업수익,5364109562574,계산(연간-3분기누적),https://dart.fss.or.kr/dsaf001/main.do?rcpNo=20210318001164 ; https://dart.fss.or.kr/dsaf001/main.do?rcpNo=20201116000934,금융,12
DB손해보험,005830,2020Q4,2020-12-31,분기별 영업이익,91907309086,계산(연간-3분기누적),https://dart.fss.or.kr/dsaf001/main.do?rcpNo=20210318001164 ; https://dart.fss.or.kr/dsaf001/main.do?rcpNo=20201116000934,금융,12
DB손해보험,005830,2020Q4,2020-12-31,분기별 당기순이익(지배),60244293923,계산(연간-3분기누적),https://dart.fss.or.kr/dsaf001/main.do?rcpNo=20210318001164 ; https://dart.fss.or.kr/dsaf001/main.do?rcpNo=20201116000934,금융,12
DB손해보험,005830,2020Q4,2020-12-31,분기별 순이자이익,데이터 없음(항목 미공시),데이터 없음(항목 미공시),https://dart.fss.or.kr/dsaf001/main.do?rcpNo=20210318001164 ; https://dart.fss.or.kr/dsaf001/main.do?rcpNo=20201116000934,금융,12
DB손해보험,005830,2020Q4,2020-12-31,분기별 순수수료이익,데이터 없음(항목 미공시),데이터 없음(항목 미공시),https://dart.fss.or.kr/dsaf001/main.do?rcpNo=20210318001164 ; https://dart.fss.or.kr/dsaf001/main.do?rcpNo=20201116000934,금융,12
DB손해보험,005830,2020Q4,2020-12-31,분기별 영업활동현금흐름,288175429232,계산(누적차감),https://dart.fss.or.kr/dsaf001/main.do?rcpNo=20210318001164 ; https://dart.fss.or.kr/dsaf001/main.do?rcpNo=20201116000934,금융,12
DB손해보험,005830,2020Q4,2020-12-31,분기말 지배지분 자본,6405232802036,공시(재작성 반영),https://dart.fss.or.kr/dsaf001/main.do?rcpNo=20210318001164 ; 재작성 출처: https://dart.fss.or.kr/dsaf001/main.do?rcpNo=20220317000925,금융,12
DB손해보험,005830,2020Q4,2020-12-30,분기말 종가,43750,API,https://apis.data.go.kr/1160100/GetStockSecuritiesInfoService_V2/getStockPriceInfo_V2?basDt=20201230&likeSrtnCd=005830 (serviceKey 제외),금융,12
DB손해보험,005830,2020Q4,2020-12-30,분기말 상장주식수,70800000,API,https://apis.data.go.kr/1160100/GetStockSecuritiesInfoService_V2/getStockPriceInfo_V2?basDt=20201230&likeSrtnCd=005830 (serviceKey 제외),금융,12
DB손해보험,005830,2020Q4,2020-12-30,분기말 시가총액,3097500000000,API,https://apis.data.go.kr/1160100/GetStockSecuritiesInfoService_V2/getStockPriceInfo_V2?basDt=20201230&likeSrtnCd=005830 (serviceKey 제외),금융,12
DB손해보험,005830,2021Q1,2021-03-31,분기말 자산총계,60398507847760,공시,https://dart.fss.or.kr/dsaf001/main.do?rcpNo=20210517001202,금융,12
DB손해보험,005830,2021Q1,2021-03-31,분기말 부채총계,54349985000037,공시,https://dart.fss.or.kr/dsaf001/main.do?rcpNo=20210517001202,금융,12
DB손해보험,005830,2021Q1,2021-03-31,분기말 총자본(자기자본),6048522847723,공시,https://dart.fss.or.kr/dsaf001/main.do?rcpNo=20210517001202,금융,12
DB손해보험,005830,2021Q1,2021-03-31,분기별 영업수익,5423020293800,공시,https://dart.fss.or.kr/dsaf001/main.do?rcpNo=20210517001202,금융,12
DB손해보험,005830,2021Q1,2021-03-31,분기별 영업이익,276051017184,공시,https://dart.fss.or.kr/dsaf001/main.do?rcpNo=20210517001202,금융,12
DB손해보험,005830,2021Q1,2021-03-31,분기별 당기순이익(지배),217933791228,공시,https://dart.fss.or.kr/dsaf001/main.do?rcpNo=20210517001202,금융,12
DB손해보험,005830,2021Q1,2021-03-31,분기별 순이자이익,데이터 없음(항목 미공시),데이터 없음(항목 미공시),https://dart.fss.or.kr/dsaf001/main.do?rcpNo=20210517001202,금융,12
DB손해보험,005830,2021Q1,2021-03-31,분기별 순수수료이익,데이터 없음(항목 미공시),데이터 없음(항목 미공시),https://dart.fss.or.kr/dsaf001/main.do?rcpNo=20210517001202,금융,12
DB손해보험,005830,2021Q1,2021-03-31,분기별 영업활동현금흐름,784687971243,공시,https://dart.fss.or.kr/dsaf001/main.do?rcpNo=20210517001202,금융,12
DB손해보험,005830,2021Q1,2021-03-31,분기말 지배지분 자본,5960207381532,공시,https://dart.fss.or.kr/dsaf001/main.do?rcpNo=20210517001202,금융,12
DB손해보험,005830,2021Q1,2021-03-31,분기말 종가,47300,API,https://apis.data.go.kr/1160100/GetStockSecuritiesInfoService_V2/getStockPriceInfo_V2?basDt=20210331&likeSrtnCd=005830 (serviceKey 제외),금융,12
DB손해보험,005830,2021Q1,2021-03-31,분기말 상장주식수,70800000,API,https://apis.data.go.kr/1160100/GetStockSecuritiesInfoService_V2/getStockPriceInfo_V2?basDt=20210331&likeSrtnCd=005830 (serviceKey 제외),금융,12
DB손해보험,005830,2021Q1,2021-03-31,분기말 시가총액,3348840000000,API,https://apis.data.go.kr/1160100/GetStockSecuritiesInfoService_V2/getStockPriceInfo_V2?basDt=20210331&likeSrtnCd=005830 (serviceKey 제외),금융,12
DB손해보험,005830,2021Q2,2021-06-30,분기말 자산총계,62322814339813,공시,https://dart.fss.or.kr/dsaf001/main.do?rcpNo=20210817001369,금융,12
DB손해보험,005830,2021Q2,2021-06-30,분기말 부채총계,55870953536046,공시,https://dart.fss.or.kr/dsaf001/main.do?rcpNo=20210817001369,금융,12
DB손해보험,005830,2021Q2,2021-06-30,분기말 총자본(자기자본),6451860803767,공시,https://dart.fss.or.kr/dsaf001/main.do?rcpNo=20210817001369,금융,12
DB손해보험,005830,2021Q2,2021-06-30,분기별 영업수익,4946944456217,계산(누적차감),https://dart.fss.or.kr/dsaf001/main.do?rcpNo=20210817001369 ; https://dart.fss.or.kr/dsaf001/main.do?rcpNo=20210517001202,금융,12
DB손해보험,005830,2021Q2,2021-06-30,분기별 영업이익,338830084988,계산(누적차감),https://dart.fss.or.kr/dsaf001/main.do?rcpNo=20210817001369 ; https://dart.fss.or.kr/dsaf001/main.do?rcpNo=20210517001202,금융,12
DB손해보험,005830,2021Q2,2021-06-30,분기별 당기순이익(지배),270223238755,계산(누적차감),https://dart.fss.or.kr/dsaf001/main.do?rcpNo=20210817001369 ; https://dart.fss.or.kr/dsaf001/main.do?rcpNo=20210517001202,금융,12
DB손해보험,005830,2021Q2,2021-06-30,분기별 순이자이익,데이터 없음(항목 미공시),데이터 없음(항목 미공시),https://dart.fss.or.kr/dsaf001/main.do?rcpNo=20210817001369,금융,12
DB손해보험,005830,2021Q2,2021-06-30,분기별 순수수료이익,데이터 없음(항목 미공시),데이터 없음(항목 미공시),https://dart.fss.or.kr/dsaf001/main.do?rcpNo=20210817001369,금융,12
DB손해보험,005830,2021Q2,2021-06-30,분기별 영업활동현금흐름,-294497503271,계산(누적차감),https://dart.fss.or.kr/dsaf001/main.do?rcpNo=20210817001369 ; https://dart.fss.or.kr/dsaf001/main.do?rcpNo=20210517001202,금융,12
DB손해보험,005830,2021Q2,2021-06-30,분기말 지배지분 자본,6362123481194,공시,https://dart.fss.or.kr/dsaf001/main.do?rcpNo=20210817001369,금융,12
DB손해보험,005830,2021Q2,2021-06-30,분기말 종가,54800,API,https://apis.data.go.kr/1160100/GetStockSecuritiesInfoService_V2/getStockPriceInfo_V2?basDt=20210630&likeSrtnCd=005830 (serviceKey 제외),금융,12
DB손해보험,005830,2021Q2,2021-06-30,분기말 상장주식수,70800000,API,https://apis.data.go.kr/1160100/GetStockSecuritiesInfoService_V2/getStockPriceInfo_V2?basDt=20210630&likeSrtnCd=005830 (serviceKey 제외),금융,12
DB손해보험,005830,2021Q2,2021-06-30,분기말 시가총액,3879840000000,API,https://apis.data.go.kr/1160100/GetStockSecuritiesInfoService_V2/getStockPriceInfo_V2?basDt=20210630&likeSrtnCd=005830 (serviceKey 제외),금융,12
DB손해보험,005830,2021Q3,2021-09-30,분기말 자산총계,63151628367017,공시,https://dart.fss.or.kr/dsaf001/main.do?rcpNo=20211115001050,금융,12
DB손해보험,005830,2021Q3,2021-09-30,분기말 부채총계,56527619307854,공시,https://dart.fss.or.kr/dsaf001/main.do?rcpNo=20211115001050,금융,12
DB손해보험,005830,2021Q3,2021-09-30,분기말 총자본(자기자본),6624009059163,공시,https://dart.fss.or.kr/dsaf001/main.do?rcpNo=20211115001050,금융,12
DB손해보험,005830,2021Q3,2021-09-30,분기별 영업수익,5506812254401,계산(누적차감),https://dart.fss.or.kr/dsaf001/main.do?rcpNo=20211115001050 ; https://dart.fss.or.kr/dsaf001/main.do?rcpNo=20210817001369,금융,12
DB손해보험,005830,2021Q3,2021-09-30,분기별 영업이익,331278363026,계산(누적차감),https://dart.fss.or.kr/dsaf001/main.do?rcpNo=20211115001050 ; https://dart.fss.or.kr/dsaf001/main.do?rcpNo=20210817001369,금융,12
DB손해보험,005830,2021Q3,2021-09-30,분기별 당기순이익(지배),248732060988,계산(누적차감),https://dart.fss.or.kr/dsaf001/main.do?rcpNo=20211115001050 ; https://dart.fss.or.kr/dsaf001/main.do?rcpNo=20210817001369,금융,12
DB손해보험,005830,2021Q3,2021-09-30,분기별 순이자이익,데이터 없음(항목 미공시),데이터 없음(항목 미공시),https://dart.fss.or.kr/dsaf001/main.do?rcpNo=20211115001050,금융,12
DB손해보험,005830,2021Q3,2021-09-30,분기별 순수수료이익,데이터 없음(항목 미공시),데이터 없음(항목 미공시),https://dart.fss.or.kr/dsaf001/main.do?rcpNo=20211115001050,금융,12
DB손해보험,005830,2021Q3,2021-09-30,분기별 영업활동현금흐름,936261937706,계산(누적차감),https://dart.fss.or.kr/dsaf001/main.do?rcpNo=20211115001050 ; https://dart.fss.or.kr/dsaf001/main.do?rcpNo=20210817001369,금융,12
DB손해보험,005830,2021Q3,2021-09-30,분기말 지배지분 자본,6533027367159,공시,https://dart.fss.or.kr/dsaf001/main.do?rcpNo=20211115001050,금융,12
DB손해보험,005830,2021Q3,2021-09-30,분기말 종가,63600,API,https://apis.data.go.kr/1160100/GetStockSecuritiesInfoService_V2/getStockPriceInfo_V2?basDt=20210930&likeSrtnCd=005830 (serviceKey 제외),금융,12
DB손해보험,005830,2021Q3,2021-09-30,분기말 상장주식수,70800000,API,https://apis.data.go.kr/1160100/GetStockSecuritiesInfoService_V2/getStockPriceInfo_V2?basDt=20210930&likeSrtnCd=005830 (serviceKey 제외),금융,12
DB손해보험,005830,2021Q3,2021-09-30,분기말 시가총액,4502880000000,API,https://apis.data.go.kr/1160100/GetStockSecuritiesInfoService_V2/getStockPriceInfo_V2?basDt=20210930&likeSrtnCd=005830 (serviceKey 제외),금융,12
DB손해보험,005830,2021Q4,2021-12-31,분기말 자산총계,64751602573672,공시,https://dart.fss.or.kr/dsaf001/main.do?rcpNo=20220317000925,금융,12
DB손해보험,005830,2021Q4,2021-12-31,분기말 부채총계,58019133909451,공시,https://dart.fss.or.kr/dsaf001/main.do?rcpNo=20220317000925,금융,12
DB손해보험,005830,2021Q4,2021-12-31,분기말 총자본(자기자본),6732468664221,공시,https://dart.fss.or.kr/dsaf001/main.do?rcpNo=20220317000925,금융,12
DB손해보험,005830,2021Q4,2021-12-31,분기별 영업수익,5003811624473,계산(연간-3분기누적),https://dart.fss.or.kr/dsaf001/main.do?rcpNo=20220317000925 ; https://dart.fss.or.kr/dsaf001/main.do?rcpNo=20211115001050,금융,12
DB손해보험,005830,2021Q4,2021-12-31,분기별 영업이익,162241874157,계산(연간-3분기누적),https://dart.fss.or.kr/dsaf001/main.do?rcpNo=20220317000925 ; https://dart.fss.or.kr/dsaf001/main.do?rcpNo=20211115001050,금융,12
DB손해보험,005830,2021Q4,2021-12-31,분기별 당기순이익(지배),132633549173,계산(연간-3분기누적),https://dart.fss.or.kr/dsaf001/main.do?rcpNo=20220317000925 ; https://dart.fss.or.kr/dsaf001/main.do?rcpNo=20211115001050,금융,12
DB손해보험,005830,2021Q4,2021-12-31,분기별 순이자이익,데이터 없음(항목 미공시),데이터 없음(항목 미공시),https://dart.fss.or.kr/dsaf001/main.do?rcpNo=20220317000925 ; https://dart.fss.or.kr/dsaf001/main.do?rcpNo=20211115001050,금융,12
DB손해보험,005830,2021Q4,2021-12-31,분기별 순수수료이익,데이터 없음(항목 미공시),데이터 없음(항목 미공시),https://dart.fss.or.kr/dsaf001/main.do?rcpNo=20220317000925 ; https://dart.fss.or.kr/dsaf001/main.do?rcpNo=20211115001050,금융,12
DB손해보험,005830,2021Q4,2021-12-31,분기별 영업활동현금흐름,849803025648,계산(누적차감),https://dart.fss.or.kr/dsaf001/main.do?rcpNo=20220317000925 ; https://dart.fss.or.kr/dsaf001/main.do?rcpNo=20211115001050,금융,12
DB손해보험,005830,2021Q4,2021-12-31,분기말 지배지분 자본,6641133176142,공시,https://dart.fss.or.kr/dsaf001/main.do?rcpNo=20220317000925,금융,12
DB손해보험,005830,2021Q4,2021-12-30,분기말 종가,54000,API,https://apis.data.go.kr/1160100/GetStockSecuritiesInfoService_V2/getStockPriceInfo_V2?basDt=20211230&likeSrtnCd=005830 (serviceKey 제외),금융,12
DB손해보험,005830,2021Q4,2021-12-30,분기말 상장주식수,70800000,API,https://apis.data.go.kr/1160100/GetStockSecuritiesInfoService_V2/getStockPriceInfo_V2?basDt=20211230&likeSrtnCd=005830 (serviceKey 제외),금융,12
DB손해보험,005830,2021Q4,2021-12-30,분기말 시가총액,3823200000000,API,https://apis.data.go.kr/1160100/GetStockSecuritiesInfoService_V2/getStockPriceInfo_V2?basDt=20211230&likeSrtnCd=005830 (serviceKey 제외),금융,12
DB손해보험,005830,2022Q1,2022-03-31,분기말 자산총계,64672782608344,공시,https://dart.fss.or.kr/dsaf001/main.do?rcpNo=20220516001390,금융,12
DB손해보험,005830,2022Q1,2022-03-31,분기말 부채총계,58665340138358,공시,https://dart.fss.or.kr/dsaf001/main.do?rcpNo=20220516001390,금융,12
DB손해보험,005830,2022Q1,2022-03-31,분기말 총자본(자기자본),6007442469986,공시,https://dart.fss.or.kr/dsaf001/main.do?rcpNo=20220516001390,금융,12
DB손해보험,005830,2022Q1,2022-03-31,분기별 영업수익,5476002168392,공시,https://dart.fss.or.kr/dsaf001/main.do?rcpNo=20220516001390,금융,12
DB손해보험,005830,2022Q1,2022-03-31,분기별 영업이익,632363120943,공시(재작성 반영),https://dart.fss.or.kr/dsaf001/main.do?rcpNo=20220516001390 ; 재작성 출처: https://dart.fss.or.kr/dsaf001/main.do?rcpNo=20240221001968,금융,12
DB손해보험,005830,2022Q1,2022-03-31,분기별 당기순이익(지배),466997548467,공시(재작성 반영),https://dart.fss.or.kr/dsaf001/main.do?rcpNo=20220516001390 ; 재작성 출처: https://dart.fss.or.kr/dsaf001/main.do?rcpNo=20240221001968,금융,12
DB손해보험,005830,2022Q1,2022-03-31,분기별 순이자이익,데이터 없음(항목 미공시),데이터 없음(항목 미공시),https://dart.fss.or.kr/dsaf001/main.do?rcpNo=20220516001390,금융,12
DB손해보험,005830,2022Q1,2022-03-31,분기별 순수수료이익,데이터 없음(항목 미공시),데이터 없음(항목 미공시),https://dart.fss.or.kr/dsaf001/main.do?rcpNo=20220516001390,금융,12
DB손해보험,005830,2022Q1,2022-03-31,분기별 영업활동현금흐름,647662558061,공시(재작성 반영),https://dart.fss.or.kr/dsaf001/main.do?rcpNo=20220516001390 ; 재작성 출처: https://dart.fss.or.kr/dsaf001/main.do?rcpNo=20240221001968,금융,12
DB손해보험,005830,2022Q1,2022-03-31,분기말 지배지분 자본,5919152177976,공시,https://dart.fss.or.kr/dsaf001/main.do?rcpNo=20220516001390,금융,12
DB손해보험,005830,2022Q1,2022-03-31,분기말 종가,69900,API,https://apis.data.go.kr/1160100/GetStockSecuritiesInfoService_V2/getStockPriceInfo_V2?basDt=20220331&likeSrtnCd=005830 (serviceKey 제외),금융,12
DB손해보험,005830,2022Q1,2022-03-31,분기말 상장주식수,70800000,API,https://apis.data.go.kr/1160100/GetStockSecuritiesInfoService_V2/getStockPriceInfo_V2?basDt=20220331&likeSrtnCd=005830 (serviceKey 제외),금융,12
DB손해보험,005830,2022Q1,2022-03-31,분기말 시가총액,4948920000000,API,https://apis.data.go.kr/1160100/GetStockSecuritiesInfoService_V2/getStockPriceInfo_V2?basDt=20220331&likeSrtnCd=005830 (serviceKey 제외),금융,12
DB손해보험,005830,2022Q2,2022-06-30,분기말 자산총계,65114897887289,공시,https://dart.fss.or.kr/dsaf001/main.do?rcpNo=20221221000120,금융,12
DB손해보험,005830,2022Q2,2022-06-30,분기말 부채총계,59579575644464,공시,https://dart.fss.or.kr/dsaf001/main.do?rcpNo=20221221000120,금융,12
DB손해보험,005830,2022Q2,2022-06-30,분기말 총자본(자기자본),5535322242825,공시,https://dart.fss.or.kr/dsaf001/main.do?rcpNo=20221221000120,금융,12
DB손해보험,005830,2022Q2,2022-06-30,분기별 영업수익,5973419758836,계산(누적차감),https://dart.fss.or.kr/dsaf001/main.do?rcpNo=20221221000120 ; https://dart.fss.or.kr/dsaf001/main.do?rcpNo=20220516001390,금융,12
DB손해보험,005830,2022Q2,2022-06-30,분기별 영업이익,674693318190,계산(누적차감)(재작성 반영),https://dart.fss.or.kr/dsaf001/main.do?rcpNo=20221221000120 ; 재작성 출처: https://dart.fss.or.kr/dsaf001/main.do?rcpNo=20240221002000 ; https://dart.fss.or.kr/dsaf001/main.do?rcpNo=20220516001390,금융,12
DB손해보험,005830,2022Q2,2022-06-30,분기별 당기순이익(지배),508023414261,계산(누적차감)(재작성 반영),https://dart.fss.or.kr/dsaf001/main.do?rcpNo=20221221000120 ; 재작성 출처: https://dart.fss.or.kr/dsaf001/main.do?rcpNo=20240221002000 ; https://dart.fss.or.kr/dsaf001/main.do?rcpNo=20220516001390,금융,12
DB손해보험,005830,2022Q2,2022-06-30,분기별 순이자이익,데이터 없음(항목 미공시),데이터 없음(항목 미공시),https://dart.fss.or.kr/dsaf001/main.do?rcpNo=20221221000120,금융,12
DB손해보험,005830,2022Q2,2022-06-30,분기별 순수수료이익,데이터 없음(항목 미공시),데이터 없음(항목 미공시),https://dart.fss.or.kr/dsaf001/main.do?rcpNo=20221221000120,금융,12
DB손해보험,005830,2022Q2,2022-06-30,분기별 영업활동현금흐름,1007814535412,계산(누적차감)(재작성 반영),https://dart.fss.or.kr/dsaf001/main.do?rcpNo=20221221000120 ; https://dart.fss.or.kr/dsaf001/main.do?rcpNo=20220516001390 ; 재작성 출처: https://dart.fss.or.kr/dsaf001/main.do?rcpNo=20240221001968 ; https://dart.fss.or.kr/dsaf001/main.do?rcpNo=20240221002000,금융,12
DB손해보험,005830,2022Q2,2022-06-30,분기말 지배지분 자본,5446098535475,공시,https://dart.fss.or.kr/dsaf001/main.do?rcpNo=20221221000120,금융,12
DB손해보험,005830,2022Q2,2022-06-30,분기말 종가,61300,API,https://apis.data.go.kr/1160100/GetStockSecuritiesInfoService_V2/getStockPriceInfo_V2?basDt=20220630&likeSrtnCd=005830 (serviceKey 제외),금융,12
DB손해보험,005830,2022Q2,2022-06-30,분기말 상장주식수,70800000,API,https://apis.data.go.kr/1160100/GetStockSecuritiesInfoService_V2/getStockPriceInfo_V2?basDt=20220630&likeSrtnCd=005830 (serviceKey 제외),금융,12
DB손해보험,005830,2022Q2,2022-06-30,분기말 시가총액,4340040000000,API,https://apis.data.go.kr/1160100/GetStockSecuritiesInfoService_V2/getStockPriceInfo_V2?basDt=20220630&likeSrtnCd=005830 (serviceKey 제외),금융,12
DB손해보험,005830,2022Q3,2022-09-30,분기말 자산총계,66166918517730,공시,https://dart.fss.or.kr/dsaf001/main.do?rcpNo=20221221000129,금융,12
DB손해보험,005830,2022Q3,2022-09-30,분기말 부채총계,60930523059513,공시,https://dart.fss.or.kr/dsaf001/main.do?rcpNo=20221221000129,금융,12
DB손해보험,005830,2022Q3,2022-09-30,분기말 총자본(자기자본),5236395458217,공시,https://dart.fss.or.kr/dsaf001/main.do?rcpNo=20221221000129,금융,12
DB손해보험,005830,2022Q3,2022-09-30,분기별 영업수익,6685476229555,계산(누적차감),https://dart.fss.or.kr/dsaf001/main.do?rcpNo=20221221000129 ; https://dart.fss.or.kr/dsaf001/main.do?rcpNo=20221221000120,금융,12
DB손해보험,005830,2022Q3,2022-09-30,분기별 영업이익,729181814583,계산(누적차감)(재작성 반영),https://dart.fss.or.kr/dsaf001/main.do?rcpNo=20221221000129 ; 재작성 출처: https://dart.fss.or.kr/dsaf001/main.do?rcpNo=20240221002032 ; https://dart.fss.or.kr/dsaf001/main.do?rcpNo=20221221000120,금융,12
DB손해보험,005830,2022Q3,2022-09-30,분기별 당기순이익(지배),992157872837,계산(누적차감)(재작성 반영),https://dart.fss.or.kr/dsaf001/main.do?rcpNo=20221221000129 ; 재작성 출처: https://dart.fss.or.kr/dsaf001/main.do?rcpNo=20240221002032 ; https://dart.fss.or.kr/dsaf001/main.do?rcpNo=20221221000120,금융,12
DB손해보험,005830,2022Q3,2022-09-30,분기별 순이자이익,데이터 없음(항목 미공시),데이터 없음(항목 미공시),https://dart.fss.or.kr/dsaf001/main.do?rcpNo=20221221000129,금융,12
DB손해보험,005830,2022Q3,2022-09-30,분기별 순수수료이익,데이터 없음(항목 미공시),데이터 없음(항목 미공시),https://dart.fss.or.kr/dsaf001/main.do?rcpNo=20221221000129,금융,12
DB손해보험,005830,2022Q3,2022-09-30,분기별 영업활동현금흐름,774224564695,계산(누적차감)(재작성 반영),https://dart.fss.or.kr/dsaf001/main.do?rcpNo=20221221000129 ; https://dart.fss.or.kr/dsaf001/main.do?rcpNo=20221221000120 ; 재작성 출처: https://dart.fss.or.kr/dsaf001/main.do?rcpNo=20240221002000 ; https://dart.fss.or.kr/dsaf001/main.do?rcpNo=20240221002032,금융,12
DB손해보험,005830,2022Q3,2022-09-30,분기말 지배지분 자본,5146237817194,공시,https://dart.fss.or.kr/dsaf001/main.do?rcpNo=20221221000129,금융,12
DB손해보험,005830,2022Q3,2022-09-30,분기말 종가,55200,API,https://apis.data.go.kr/1160100/GetStockSecuritiesInfoService_V2/getStockPriceInfo_V2?basDt=20220930&likeSrtnCd=005830 (serviceKey 제외),금융,12
DB손해보험,005830,2022Q3,2022-09-30,분기말 상장주식수,70800000,API,https://apis.data.go.kr/1160100/GetStockSecuritiesInfoService_V2/getStockPriceInfo_V2?basDt=20220930&likeSrtnCd=005830 (serviceKey 제외),금융,12
DB손해보험,005830,2022Q3,2022-09-30,분기말 시가총액,3908160000000,API,https://apis.data.go.kr/1160100/GetStockSecuritiesInfoService_V2/getStockPriceInfo_V2?basDt=20220930&likeSrtnCd=005830 (serviceKey 제외),금융,12
DB손해보험,005830,2022Q4,2022-12-31,분기말 자산총계,57635178300728,공시(재작성 반영),https://dart.fss.or.kr/dsaf001/main.do?rcpNo=20230831001199 ; 재작성 출처: https://dart.fss.or.kr/dsaf001/main.do?rcpNo=20240221001968 ; https://dart.fss.or.kr/dsaf001/main.do?rcpNo=20240221002000,금융,12
DB손해보험,005830,2022Q4,2022-12-31,분기말 부채총계,45510911766472,공시(재작성 반영),https://dart.fss.or.kr/dsaf001/main.do?rcpNo=20230831001199 ; 재작성 출처: https://dart.fss.or.kr/dsaf001/main.do?rcpNo=20240221001968 ; https://dart.fss.or.kr/dsaf001/main.do?rcpNo=20240221002000,금융,12
DB손해보험,005830,2022Q4,2022-12-31,분기말 총자본(자기자본),12124266534256,공시(재작성 반영),https://dart.fss.or.kr/dsaf001/main.do?rcpNo=20230831001199 ; 재작성 출처: https://dart.fss.or.kr/dsaf001/main.do?rcpNo=20240221001968 ; https://dart.fss.or.kr/dsaf001/main.do?rcpNo=20240221002000,금융,12
DB손해보험,005830,2022Q4,2022-12-31,분기별 영업수익,4725870383265,계산(연간-3분기누적),https://dart.fss.or.kr/dsaf001/main.do?rcpNo=20230831001199 ; https://dart.fss.or.kr/dsaf001/main.do?rcpNo=20221221000129,금융,12
DB손해보험,005830,2022Q4,2022-12-31,분기별 영업이익,-703157822107,계산(연간-3분기누적)(재작성 반영),https://dart.fss.or.kr/dsaf001/main.do?rcpNo=20230831001199 ; https://dart.fss.or.kr/dsaf001/main.do?rcpNo=20221221000129 ; 재작성 출처: https://dart.fss.or.kr/dsaf001/main.do?rcpNo=20240221001968 ; https://dart.fss.or.kr/dsaf001/main.do?rcpNo=20240221002000 ; https://dart.fss.or.kr/dsaf001/main.do?rcpNo=20240221002032,금융,12
DB손해보험,005830,2022Q4,2022-12-31,분기별 당기순이익(지배),-3062773821643,계산(연간-3분기누적)(재작성 반영),https://dart.fss.or.kr/dsaf001/main.do?rcpNo=20230831001199 ; https://dart.fss.or.kr/dsaf001/main.do?rcpNo=20221221000129 ; 재작성 출처: https://dart.fss.or.kr/dsaf001/main.do?rcpNo=20240221001968 ; https://dart.fss.or.kr/dsaf001/main.do?rcpNo=20240221002000 ; https://dart.fss.or.kr/dsaf001/main.do?rcpNo=20240221002032,금융,12
DB손해보험,005830,2022Q4,2022-12-31,분기별 순이자이익,데이터 없음(항목 미공시),데이터 없음(항목 미공시),https://dart.fss.or.kr/dsaf001/main.do?rcpNo=20230831001199 ; https://dart.fss.or.kr/dsaf001/main.do?rcpNo=20221221000129,금융,12
DB손해보험,005830,2022Q4,2022-12-31,분기별 순수수료이익,데이터 없음(항목 미공시),데이터 없음(항목 미공시),https://dart.fss.or.kr/dsaf001/main.do?rcpNo=20230831001199 ; https://dart.fss.or.kr/dsaf001/main.do?rcpNo=20221221000129,금융,12
DB손해보험,005830,2022Q4,2022-12-31,분기별 영업활동현금흐름,448815460034,계산(누적차감)(재작성 반영),https://dart.fss.or.kr/dsaf001/main.do?rcpNo=20230831001199 ; https://dart.fss.or.kr/dsaf001/main.do?rcpNo=20221221000129 ; 재작성 출처: https://dart.fss.or.kr/dsaf001/main.do?rcpNo=20240221001968 ; https://dart.fss.or.kr/dsaf001/main.do?rcpNo=20240221002000 ; https://dart.fss.or.kr/dsaf001/main.do?rcpNo=20240221002032,금융,12
DB손해보험,005830,2022Q4,2022-12-31,분기말 지배지분 자본,12016248375002,공시(재작성 반영),https://dart.fss.or.kr/dsaf001/main.do?rcpNo=20230831001199 ; 재작성 출처: https://dart.fss.or.kr/dsaf001/main.do?rcpNo=20240221001968 ; https://dart.fss.or.kr/dsaf001/main.do?rcpNo=20240221002000,금융,12
DB손해보험,005830,2022Q4,2022-12-29,분기말 종가,65300,API,https://apis.data.go.kr/1160100/GetStockSecuritiesInfoService_V2/getStockPriceInfo_V2?basDt=20221229&likeSrtnCd=005830 (serviceKey 제외),금융,12
DB손해보험,005830,2022Q4,2022-12-29,분기말 상장주식수,70800000,API,https://apis.data.go.kr/1160100/GetStockSecuritiesInfoService_V2/getStockPriceInfo_V2?basDt=20221229&likeSrtnCd=005830 (serviceKey 제외),금융,12
DB손해보험,005830,2022Q4,2022-12-29,분기말 시가총액,4623240000000,API,https://apis.data.go.kr/1160100/GetStockSecuritiesInfoService_V2/getStockPriceInfo_V2?basDt=20221229&likeSrtnCd=005830 (serviceKey 제외),금융,12
DB손해보험,005830,2023Q1,2023-03-31,분기말 자산총계,55095562919766,공시,https://dart.fss.or.kr/dsaf001/main.do?rcpNo=20240221001968,금융,12
DB손해보험,005830,2023Q1,2023-03-31,분기말 부채총계,45798102348474,공시,https://dart.fss.or.kr/dsaf001/main.do?rcpNo=20240221001968,금융,12
DB손해보험,005830,2023Q1,2023-03-31,분기말 총자본(자기자본),9297460571292,공시,https://dart.fss.or.kr/dsaf001/main.do?rcpNo=20240221001968,금융,12
DB손해보험,005830,2023Q1,2023-03-31,분기별 영업수익,데이터 없음(항목 미공시),데이터 없음(항목 미공시),https://dart.fss.or.kr/dsaf001/main.do?rcpNo=20240221001968,금융,12
DB손해보험,005830,2023Q1,2023-03-31,분기별 영업이익,678212481340,공시,https://dart.fss.or.kr/dsaf001/main.do?rcpNo=20240221001968,금융,12
DB손해보험,005830,2023Q1,2023-03-31,분기별 당기순이익(지배),525828876261,공시,https://dart.fss.or.kr/dsaf001/main.do?rcpNo=20240221001968,금융,12
DB손해보험,005830,2023Q1,2023-03-31,분기별 순이자이익,데이터 없음(항목 미공시),데이터 없음(항목 미공시),https://dart.fss.or.kr/dsaf001/main.do?rcpNo=20240221001968,금융,12
DB손해보험,005830,2023Q1,2023-03-31,분기별 순수수료이익,데이터 없음(항목 미공시),데이터 없음(항목 미공시),https://dart.fss.or.kr/dsaf001/main.do?rcpNo=20240221001968,금융,12
DB손해보험,005830,2023Q1,2023-03-31,분기별 영업활동현금흐름,1082897838809,공시,https://dart.fss.or.kr/dsaf001/main.do?rcpNo=20240221001968,금융,12
DB손해보험,005830,2023Q1,2023-03-31,분기말 지배지분 자본,9201878148850,공시,https://dart.fss.or.kr/dsaf001/main.do?rcpNo=20240221001968,금융,12
DB손해보험,005830,2023Q1,2023-03-31,분기말 종가,74900,API,https://apis.data.go.kr/1160100/GetStockSecuritiesInfoService_V2/getStockPriceInfo_V2?basDt=20230331&likeSrtnCd=005830 (serviceKey 제외),금융,12
DB손해보험,005830,2023Q1,2023-03-31,분기말 상장주식수,70800000,API,https://apis.data.go.kr/1160100/GetStockSecuritiesInfoService_V2/getStockPriceInfo_V2?basDt=20230331&likeSrtnCd=005830 (serviceKey 제외),금융,12
DB손해보험,005830,2023Q1,2023-03-31,분기말 시가총액,5302920000000,API,https://apis.data.go.kr/1160100/GetStockSecuritiesInfoService_V2/getStockPriceInfo_V2?basDt=20230331&likeSrtnCd=005830 (serviceKey 제외),금융,12
DB손해보험,005830,2023Q2,2023-06-30,분기말 자산총계,55319847645631,공시,https://dart.fss.or.kr/dsaf001/main.do?rcpNo=20240221002000,금융,12
DB손해보험,005830,2023Q2,2023-06-30,분기말 부채총계,45476311809189,공시,https://dart.fss.or.kr/dsaf001/main.do?rcpNo=20240221002000,금융,12
DB손해보험,005830,2023Q2,2023-06-30,분기말 총자본(자기자본),9843535836442,공시,https://dart.fss.or.kr/dsaf001/main.do?rcpNo=20240221002000,금융,12
DB손해보험,005830,2023Q2,2023-06-30,분기별 영업수익,데이터 없음(항목 미공시),데이터 없음(항목 미공시),https://dart.fss.or.kr/dsaf001/main.do?rcpNo=20240221002000,금융,12
DB손해보험,005830,2023Q2,2023-06-30,분기별 영업이익,630034387211,공시,https://dart.fss.or.kr/dsaf001/main.do?rcpNo=20240221002000,금융,12
DB손해보험,005830,2023Q2,2023-06-30,분기별 당기순이익(지배),468585897467,공시,https://dart.fss.or.kr/dsaf001/main.do?rcpNo=20240221002000,금융,12
DB손해보험,005830,2023Q2,2023-06-30,분기별 순이자이익,데이터 없음(항목 미공시),데이터 없음(항목 미공시),https://dart.fss.or.kr/dsaf001/main.do?rcpNo=20240221002000,금융,12
DB손해보험,005830,2023Q2,2023-06-30,분기별 순수수료이익,데이터 없음(항목 미공시),데이터 없음(항목 미공시),https://dart.fss.or.kr/dsaf001/main.do?rcpNo=20240221002000,금융,12
DB손해보험,005830,2023Q2,2023-06-30,분기별 영업활동현금흐름,850338000987,계산(누적차감),https://dart.fss.or.kr/dsaf001/main.do?rcpNo=20240221002000 ; https://dart.fss.or.kr/dsaf001/main.do?rcpNo=20240221001968,금융,12
DB손해보험,005830,2023Q2,2023-06-30,분기말 지배지분 자본,9776335784666,공시,https://dart.fss.or.kr/dsaf001/main.do?rcpNo=20240221002000,금융,12
DB손해보험,005830,2023Q2,2023-06-30,분기말 종가,74600,API,https://apis.data.go.kr/1160100/GetStockSecuritiesInfoService_V2/getStockPriceInfo_V2?basDt=20230630&likeSrtnCd=005830 (serviceKey 제외),금융,12
DB손해보험,005830,2023Q2,2023-06-30,분기말 상장주식수,70800000,API,https://apis.data.go.kr/1160100/GetStockSecuritiesInfoService_V2/getStockPriceInfo_V2?basDt=20230630&likeSrtnCd=005830 (serviceKey 제외),금융,12
DB손해보험,005830,2023Q2,2023-06-30,분기말 시가총액,5281680000000,API,https://apis.data.go.kr/1160100/GetStockSecuritiesInfoService_V2/getStockPriceInfo_V2?basDt=20230630&likeSrtnCd=005830 (serviceKey 제외),금융,12
DB손해보험,005830,2023Q3,2023-09-30,분기말 자산총계,55414139701271,공시,https://dart.fss.or.kr/dsaf001/main.do?rcpNo=20240221002032,금융,12
DB손해보험,005830,2023Q3,2023-09-30,분기말 부채총계,45112235454392,공시,https://dart.fss.or.kr/dsaf001/main.do?rcpNo=20240221002032,금융,12
DB손해보험,005830,2023Q3,2023-09-30,분기말 총자본(자기자본),10301904246879,공시,https://dart.fss.or.kr/dsaf001/main.do?rcpNo=20240221002032,금융,12
DB손해보험,005830,2023Q3,2023-09-30,분기별 영업수익,데이터 없음(항목 미공시),데이터 없음(항목 미공시),https://dart.fss.or.kr/dsaf001/main.do?rcpNo=20240221002032,금융,12
DB손해보험,005830,2023Q3,2023-09-30,분기별 영업이익,535502085921,공시,https://dart.fss.or.kr/dsaf001/main.do?rcpNo=20240221002032,금융,12
DB손해보험,005830,2023Q3,2023-09-30,분기별 당기순이익(지배),411982008792,공시(재작성 반영),https://dart.fss.or.kr/dsaf001/main.do?rcpNo=20240221002032 ; 재작성 출처: https://dart.fss.or.kr/dsaf001/main.do?rcpNo=20241227000624,금융,12
DB손해보험,005830,2023Q3,2023-09-30,분기별 순이자이익,데이터 없음(항목 미공시),데이터 없음(항목 미공시),https://dart.fss.or.kr/dsaf001/main.do?rcpNo=20240221002032,금융,12
DB손해보험,005830,2023Q3,2023-09-30,분기별 순수수료이익,데이터 없음(항목 미공시),데이터 없음(항목 미공시),https://dart.fss.or.kr/dsaf001/main.do?rcpNo=20240221002032,금융,12
DB손해보험,005830,2023Q3,2023-09-30,분기별 영업활동현금흐름,1081069351506,계산(누적차감),https://dart.fss.or.kr/dsaf001/main.do?rcpNo=20240221002032 ; https://dart.fss.or.kr/dsaf001/main.do?rcpNo=20240221002000,금융,12
DB손해보험,005830,2023Q3,2023-09-30,분기말 지배지분 자본,10233808952186,공시,https://dart.fss.or.kr/dsaf001/main.do?rcpNo=20240221002032,금융,12
DB손해보험,005830,2023Q3,2023-09-27,분기말 종가,89400,API,https://apis.data.go.kr/1160100/GetStockSecuritiesInfoService_V2/getStockPriceInfo_V2?basDt=20230927&likeSrtnCd=005830 (serviceKey 제외),금융,12
DB손해보험,005830,2023Q3,2023-09-27,분기말 상장주식수,70800000,API,https://apis.data.go.kr/1160100/GetStockSecuritiesInfoService_V2/getStockPriceInfo_V2?basDt=20230927&likeSrtnCd=005830 (serviceKey 제외),금융,12
DB손해보험,005830,2023Q3,2023-09-27,분기말 시가총액,6329520000000,API,https://apis.data.go.kr/1160100/GetStockSecuritiesInfoService_V2/getStockPriceInfo_V2?basDt=20230927&likeSrtnCd=005830 (serviceKey 제외),금융,12
DB손해보험,005830,2023Q4,2023-12-31,분기말 자산총계,60040428590956,공시,https://dart.fss.or.kr/dsaf001/main.do?rcpNo=20240430000990,금융,12
DB손해보험,005830,2023Q4,2023-12-31,분기말 부채총계,49736681327747,공시,https://dart.fss.or.kr/dsaf001/main.do?rcpNo=20240430000990,금융,12
DB손해보험,005830,2023Q4,2023-12-31,분기말 총자본(자기자본),10303747263209,공시,https://dart.fss.or.kr/dsaf001/main.do?rcpNo=20240430000990,금융,12
DB손해보험,005830,2023Q4,2023-12-31,분기별 영업수익,데이터 없음(항목 미공시),데이터 없음(항목 미공시),https://dart.fss.or.kr/dsaf001/main.do?rcpNo=20240430000990 ; https://dart.fss.or.kr/dsaf001/main.do?rcpNo=20240221002032,금융,12
DB손해보험,005830,2023Q4,2023-12-31,분기별 영업이익,391290274775,계산(연간-3분기누적),https://dart.fss.or.kr/dsaf001/main.do?rcpNo=20240430000990 ; https://dart.fss.or.kr/dsaf001/main.do?rcpNo=20240221002032,금융,12
DB손해보험,005830,2023Q4,2023-12-31,분기별 당기순이익(지배),332190412450,계산(연간-3분기누적)(재작성 반영),https://dart.fss.or.kr/dsaf001/main.do?rcpNo=20240430000990 ; https://dart.fss.or.kr/dsaf001/main.do?rcpNo=20240221002032 ; 재작성 출처: https://dart.fss.or.kr/dsaf001/main.do?rcpNo=20241227000624,금융,12
DB손해보험,005830,2023Q4,2023-12-31,분기별 순이자이익,데이터 없음(항목 미공시),데이터 없음(항목 미공시),https://dart.fss.or.kr/dsaf001/main.do?rcpNo=20240430000990 ; https://dart.fss.or.kr/dsaf001/main.do?rcpNo=20240221002032,금융,12
DB손해보험,005830,2023Q4,2023-12-31,분기별 순수수료이익,데이터 없음(항목 미공시),데이터 없음(항목 미공시),https://dart.fss.or.kr/dsaf001/main.do?rcpNo=20240430000990 ; https://dart.fss.or.kr/dsaf001/main.do?rcpNo=20240221002032,금융,12
DB손해보험,005830,2023Q4,2023-12-31,분기별 영업활동현금흐름,1448065311464,계산(누적차감),https://dart.fss.or.kr/dsaf001/main.do?rcpNo=20240430000990 ; https://dart.fss.or.kr/dsaf001/main.do?rcpNo=20240221002032,금융,12
DB손해보험,005830,2023Q4,2023-12-31,분기말 지배지분 자본,10236549116065,공시,https://dart.fss.or.kr/dsaf001/main.do?rcpNo=20240430000990,금융,12
DB손해보험,005830,2023Q4,2023-12-28,분기말 종가,83700,API,https://apis.data.go.kr/1160100/GetStockSecuritiesInfoService_V2/getStockPriceInfo_V2?basDt=20231228&likeSrtnCd=005830 (serviceKey 제외),금융,12
DB손해보험,005830,2023Q4,2023-12-28,분기말 상장주식수,70800000,API,https://apis.data.go.kr/1160100/GetStockSecuritiesInfoService_V2/getStockPriceInfo_V2?basDt=20231228&likeSrtnCd=005830 (serviceKey 제외),금융,12
DB손해보험,005830,2023Q4,2023-12-28,분기말 시가총액,5925960000000,API,https://apis.data.go.kr/1160100/GetStockSecuritiesInfoService_V2/getStockPriceInfo_V2?basDt=20231228&likeSrtnCd=005830 (serviceKey 제외),금융,12
DB손해보험,005830,2024Q1,2024-03-31,분기말 자산총계,60461738446391,공시,https://dart.fss.or.kr/dsaf001/main.do?rcpNo=20240628000777,금융,12
DB손해보험,005830,2024Q1,2024-03-31,분기말 부채총계,50535860080970,공시,https://dart.fss.or.kr/dsaf001/main.do?rcpNo=20240628000777,금융,12
DB손해보험,005830,2024Q1,2024-03-31,분기말 총자본(자기자본),9925878365421,공시,https://dart.fss.or.kr/dsaf001/main.do?rcpNo=20240628000777,금융,12
DB손해보험,005830,2024Q1,2024-03-31,분기별 영업수익,데이터 없음(항목 미공시),데이터 없음(항목 미공시),https://dart.fss.or.kr/dsaf001/main.do?rcpNo=20240628000777,금융,12
DB손해보험,005830,2024Q1,2024-03-31,분기별 영업이익,759199378971,공시,https://dart.fss.or.kr/dsaf001/main.do?rcpNo=20240628000777,금융,12
DB손해보험,005830,2024Q1,2024-03-31,분기별 당기순이익(지배),580140543482,공시,https://dart.fss.or.kr/dsaf001/main.do?rcpNo=20240628000777,금융,12
DB손해보험,005830,2024Q1,2024-03-31,분기별 순이자이익,데이터 없음(항목 미공시),데이터 없음(항목 미공시),https://dart.fss.or.kr/dsaf001/main.do?rcpNo=20240628000777,금융,12
DB손해보험,005830,2024Q1,2024-03-31,분기별 순수수료이익,데이터 없음(항목 미공시),데이터 없음(항목 미공시),https://dart.fss.or.kr/dsaf001/main.do?rcpNo=20240628000777,금융,12
DB손해보험,005830,2024Q1,2024-03-31,분기별 영업활동현금흐름,714810625120,공시,https://dart.fss.or.kr/dsaf001/main.do?rcpNo=20240628000777,금융,12
DB손해보험,005830,2024Q1,2024-03-31,분기말 지배지분 자본,9861816958705,공시,https://dart.fss.or.kr/dsaf001/main.do?rcpNo=20240628000777,금융,12
DB손해보험,005830,2024Q1,2024-03-29,분기말 종가,94700,API,https://apis.data.go.kr/1160100/GetStockSecuritiesInfoService_V2/getStockPriceInfo_V2?basDt=20240329&likeSrtnCd=005830 (serviceKey 제외),금융,12
DB손해보험,005830,2024Q1,2024-03-29,분기말 상장주식수,70800000,API,https://apis.data.go.kr/1160100/GetStockSecuritiesInfoService_V2/getStockPriceInfo_V2?basDt=20240329&likeSrtnCd=005830 (serviceKey 제외),금융,12
DB손해보험,005830,2024Q1,2024-03-29,분기말 시가총액,6704760000000,API,https://apis.data.go.kr/1160100/GetStockSecuritiesInfoService_V2/getStockPriceInfo_V2?basDt=20240329&likeSrtnCd=005830 (serviceKey 제외),금융,12
DB손해보험,005830,2024Q2,2024-06-30,분기말 자산총계,61877372225958,공시,https://dart.fss.or.kr/dsaf001/main.do?rcpNo=20240927000911,금융,12
DB손해보험,005830,2024Q2,2024-06-30,분기말 부채총계,52072125037096,공시,https://dart.fss.or.kr/dsaf001/main.do?rcpNo=20240927000911,금융,12
DB손해보험,005830,2024Q2,2024-06-30,분기말 총자본(자기자본),9805247188862,공시,https://dart.fss.or.kr/dsaf001/main.do?rcpNo=20240927000911,금융,12
DB손해보험,005830,2024Q2,2024-06-30,분기별 영업수익,데이터 없음(항목 미공시),데이터 없음(항목 미공시),https://dart.fss.or.kr/dsaf001/main.do?rcpNo=20240927000911,금융,12
DB손해보험,005830,2024Q2,2024-06-30,분기별 영업이익,786796000000,공시(재작성 반영),https://dart.fss.or.kr/dsaf001/main.do?rcpNo=20240927000911 ; 재작성 출처: https://dart.fss.or.kr/dsaf001/main.do?rcpNo=20250814004289,금융,12
DB손해보험,005830,2024Q2,2024-06-30,분기별 당기순이익(지배),611231860817,공시,https://dart.fss.or.kr/dsaf001/main.do?rcpNo=20240927000911,금융,12
DB손해보험,005830,2024Q2,2024-06-30,분기별 순이자이익,데이터 없음(항목 미공시),데이터 없음(항목 미공시),https://dart.fss.or.kr/dsaf001/main.do?rcpNo=20240927000911,금융,12
DB손해보험,005830,2024Q2,2024-06-30,분기별 순수수료이익,데이터 없음(항목 미공시),데이터 없음(항목 미공시),https://dart.fss.or.kr/dsaf001/main.do?rcpNo=20240927000911,금융,12
DB손해보험,005830,2024Q2,2024-06-30,분기별 영업활동현금흐름,1475566374880,계산(누적차감)(재작성 반영),https://dart.fss.or.kr/dsaf001/main.do?rcpNo=20240927000911 ; https://dart.fss.or.kr/dsaf001/main.do?rcpNo=20240628000777 ; 재작성 출처: https://dart.fss.or.kr/dsaf001/main.do?rcpNo=20250814004289,금융,12
DB손해보험,005830,2024Q2,2024-06-30,분기말 지배지분 자본,9708537838128,공시,https://dart.fss.or.kr/dsaf001/main.do?rcpNo=20240927000911,금융,12
DB손해보험,005830,2024Q2,2024-06-28,분기말 종가,114500,API,https://apis.data.go.kr/1160100/GetStockSecuritiesInfoService_V2/getStockPriceInfo_V2?basDt=20240628&likeSrtnCd=005830 (serviceKey 제외),금융,12
DB손해보험,005830,2024Q2,2024-06-28,분기말 상장주식수,70800000,API,https://apis.data.go.kr/1160100/GetStockSecuritiesInfoService_V2/getStockPriceInfo_V2?basDt=20240628&likeSrtnCd=005830 (serviceKey 제외),금융,12
DB손해보험,005830,2024Q2,2024-06-28,분기말 시가총액,8106600000000,API,https://apis.data.go.kr/1160100/GetStockSecuritiesInfoService_V2/getStockPriceInfo_V2?basDt=20240628&likeSrtnCd=005830 (serviceKey 제외),금융,12
DB손해보험,005830,2024Q3,2024-09-30,분기말 자산총계,63489073261909,공시,https://dart.fss.or.kr/dsaf001/main.do?rcpNo=20241227000624,금융,12
DB손해보험,005830,2024Q3,2024-09-30,분기말 부채총계,53605752963516,공시,https://dart.fss.or.kr/dsaf001/main.do?rcpNo=20241227000624,금융,12
DB손해보험,005830,2024Q3,2024-09-30,분기말 총자본(자기자본),9883320298393,공시,https://dart.fss.or.kr/dsaf001/main.do?rcpNo=20241227000624,금융,12
DB손해보험,005830,2024Q3,2024-09-30,분기별 영업수익,데이터 없음(항목 미공시),데이터 없음(항목 미공시),https://dart.fss.or.kr/dsaf001/main.do?rcpNo=20241227000624,금융,12
DB손해보험,005830,2024Q3,2024-09-30,분기별 영업이익,629041318039,공시,https://dart.fss.or.kr/dsaf001/main.do?rcpNo=20241227000624,금융,12
DB손해보험,005830,2024Q3,2024-09-30,분기별 당기순이익(지배),474878805906,공시,https://dart.fss.or.kr/dsaf001/main.do?rcpNo=20241227000624,금융,12
DB손해보험,005830,2024Q3,2024-09-30,분기별 순이자이익,데이터 없음(항목 미공시),데이터 없음(항목 미공시),https://dart.fss.or.kr/dsaf001/main.do?rcpNo=20241227000624,금융,12
DB손해보험,005830,2024Q3,2024-09-30,분기별 순수수료이익,데이터 없음(항목 미공시),데이터 없음(항목 미공시),https://dart.fss.or.kr/dsaf001/main.do?rcpNo=20241227000624,금융,12
DB손해보험,005830,2024Q3,2024-09-30,분기별 영업활동현금흐름,475021000000,계산(누적차감)(재작성 반영),https://dart.fss.or.kr/dsaf001/main.do?rcpNo=20241227000624 ; https://dart.fss.or.kr/dsaf001/main.do?rcpNo=20240927000911 ; 재작성 출처: https://dart.fss.or.kr/dsaf001/main.do?rcpNo=20250814004289 ; https://dart.fss.or.kr/dsaf001/main.do?rcpNo=20251114002521,금융,12
DB손해보험,005830,2024Q3,2024-09-30,분기말 지배지분 자본,9790493530838,공시,https://dart.fss.or.kr/dsaf001/main.do?rcpNo=20241227000624,금융,12
DB손해보험,005830,2024Q3,2024-09-30,분기말 종가,112300,API,https://apis.data.go.kr/1160100/GetStockSecuritiesInfoService_V2/getStockPriceInfo_V2?basDt=20240930&likeSrtnCd=005830 (serviceKey 제외),금융,12
DB손해보험,005830,2024Q3,2024-09-30,분기말 상장주식수,70800000,API,https://apis.data.go.kr/1160100/GetStockSecuritiesInfoService_V2/getStockPriceInfo_V2?basDt=20240930&likeSrtnCd=005830 (serviceKey 제외),금융,12
DB손해보험,005830,2024Q3,2024-09-30,분기말 시가총액,7950840000000,API,https://apis.data.go.kr/1160100/GetStockSecuritiesInfoService_V2/getStockPriceInfo_V2?basDt=20240930&likeSrtnCd=005830 (serviceKey 제외),금융,12
DB손해보험,005830,2024Q4,2024-12-31,분기말 자산총계,66506137000000,공시(재작성 반영),https://dart.fss.or.kr/dsaf001/main.do?rcpNo=20250814003767 ; 재작성 출처: https://dart.fss.or.kr/dsaf001/main.do?rcpNo=20260331003904,금융,12
DB손해보험,005830,2024Q4,2024-12-31,분기말 부채총계,57114924000000,공시(재작성 반영),https://dart.fss.or.kr/dsaf001/main.do?rcpNo=20250814003767 ; 재작성 출처: https://dart.fss.or.kr/dsaf001/main.do?rcpNo=20260331003904,금융,12
DB손해보험,005830,2024Q4,2024-12-31,분기말 총자본(자기자본),9391213000000,공시(재작성 반영),https://dart.fss.or.kr/dsaf001/main.do?rcpNo=20250814003767 ; 재작성 출처: https://dart.fss.or.kr/dsaf001/main.do?rcpNo=20260331003904,금융,12
DB손해보험,005830,2024Q4,2024-12-31,분기별 영업수익,데이터 없음(항목 미공시),데이터 없음(항목 미공시),https://dart.fss.or.kr/dsaf001/main.do?rcpNo=20250814003767 ; https://dart.fss.or.kr/dsaf001/main.do?rcpNo=20241227000624,금융,12
DB손해보험,005830,2024Q4,2024-12-31,분기별 영업이익,249886346640,계산(연간-3분기누적),https://dart.fss.or.kr/dsaf001/main.do?rcpNo=20250814003767 ; https://dart.fss.or.kr/dsaf001/main.do?rcpNo=20241227000624,금융,12
DB손해보험,005830,2024Q4,2024-12-31,분기별 당기순이익(지배),185342687440,계산(연간-3분기누적),https://dart.fss.or.kr/dsaf001/main.do?rcpNo=20250814003767 ; https://dart.fss.or.kr/dsaf001/main.do?rcpNo=20241227000624,금융,12
DB손해보험,005830,2024Q4,2024-12-31,분기별 순이자이익,데이터 없음(항목 미공시),데이터 없음(항목 미공시),https://dart.fss.or.kr/dsaf001/main.do?rcpNo=20250814003767 ; https://dart.fss.or.kr/dsaf001/main.do?rcpNo=20241227000624,금융,12
DB손해보험,005830,2024Q4,2024-12-31,분기별 순수수료이익,데이터 없음(항목 미공시),데이터 없음(항목 미공시),https://dart.fss.or.kr/dsaf001/main.do?rcpNo=20250814003767 ; https://dart.fss.or.kr/dsaf001/main.do?rcpNo=20241227000624,금융,12
DB손해보험,005830,2024Q4,2024-12-31,분기별 영업활동현금흐름,678020796755,계산(누적차감)(재작성 반영),https://dart.fss.or.kr/dsaf001/main.do?rcpNo=20250814003767 ; https://dart.fss.or.kr/dsaf001/main.do?rcpNo=20241227000624 ; 재작성 출처: https://dart.fss.or.kr/dsaf001/main.do?rcpNo=20251114002521 ; https://dart.fss.or.kr/dsaf001/main.do?rcpNo=20260331003904,금융,12
DB손해보험,005830,2024Q4,2024-12-31,분기말 지배지분 자본,9296647000000,공시(재작성 반영),https://dart.fss.or.kr/dsaf001/main.do?rcpNo=20250814003767 ; 재작성 출처: https://dart.fss.or.kr/dsaf001/main.do?rcpNo=20260331003904,금융,12
DB손해보험,005830,2024Q4,2024-12-30,분기말 종가,102800,API,https://apis.data.go.kr/1160100/GetStockSecuritiesInfoService_V2/getStockPriceInfo_V2?basDt=20241230&likeSrtnCd=005830 (serviceKey 제외),금융,12
DB손해보험,005830,2024Q4,2024-12-30,분기말 상장주식수,70800000,API,https://apis.data.go.kr/1160100/GetStockSecuritiesInfoService_V2/getStockPriceInfo_V2?basDt=20241230&likeSrtnCd=005830 (serviceKey 제외),금융,12
DB손해보험,005830,2024Q4,2024-12-30,분기말 시가총액,7278240000000,API,https://apis.data.go.kr/1160100/GetStockSecuritiesInfoService_V2/getStockPriceInfo_V2?basDt=20241230&likeSrtnCd=005830 (serviceKey 제외),금융,12
DB손해보험,005830,2025Q1,2025-03-31,분기말 자산총계,69704676511408,공시,https://dart.fss.or.kr/dsaf001/main.do?rcpNo=20250515002214,금융,12
DB손해보험,005830,2025Q1,2025-03-31,분기말 부채총계,61553821211888,공시,https://dart.fss.or.kr/dsaf001/main.do?rcpNo=20250515002214,금융,12
DB손해보험,005830,2025Q1,2025-03-31,분기말 총자본(자기자본),8150855299520,공시,https://dart.fss.or.kr/dsaf001/main.do?rcpNo=20250515002214,금융,12
DB손해보험,005830,2025Q1,2025-03-31,분기별 영업수익,데이터 없음(항목 미공시),데이터 없음(항목 미공시),https://dart.fss.or.kr/dsaf001/main.do?rcpNo=20250515002214,금융,12
DB손해보험,005830,2025Q1,2025-03-31,분기별 영업이익,619784265768,공시,https://dart.fss.or.kr/dsaf001/main.do?rcpNo=20250515002214,금융,12
DB손해보험,005830,2025Q1,2025-03-31,분기별 당기순이익(지배),430786392066,공시,https://dart.fss.or.kr/dsaf001/main.do?rcpNo=20250515002214,금융,12
DB손해보험,005830,2025Q1,2025-03-31,분기별 순이자이익,데이터 없음(항목 미공시),데이터 없음(항목 미공시),https://dart.fss.or.kr/dsaf001/main.do?rcpNo=20250515002214,금융,12
DB손해보험,005830,2025Q1,2025-03-31,분기별 순수수료이익,데이터 없음(항목 미공시),데이터 없음(항목 미공시),https://dart.fss.or.kr/dsaf001/main.do?rcpNo=20250515002214,금융,12
DB손해보험,005830,2025Q1,2025-03-31,분기별 영업활동현금흐름,58491647888,공시,https://dart.fss.or.kr/dsaf001/main.do?rcpNo=20250515002214,금융,12
DB손해보험,005830,2025Q1,2025-03-31,분기말 지배지분 자본,8058953397179,공시,https://dart.fss.or.kr/dsaf001/main.do?rcpNo=20250515002214,금융,12
DB손해보험,005830,2025Q1,2025-03-31,분기말 종가,88600,API,https://apis.data.go.kr/1160100/GetStockSecuritiesInfoService_V2/getStockPriceInfo_V2?basDt=20250331&likeSrtnCd=005830 (serviceKey 제외),금융,12
DB손해보험,005830,2025Q1,2025-03-31,분기말 상장주식수,70800000,API,https://apis.data.go.kr/1160100/GetStockSecuritiesInfoService_V2/getStockPriceInfo_V2?basDt=20250331&likeSrtnCd=005830 (serviceKey 제외),금융,12
DB손해보험,005830,2025Q1,2025-03-31,분기말 시가총액,6272880000000,API,https://apis.data.go.kr/1160100/GetStockSecuritiesInfoService_V2/getStockPriceInfo_V2?basDt=20250331&likeSrtnCd=005830 (serviceKey 제외),금융,12
DB손해보험,005830,2025Q2,2025-06-30,분기말 자산총계,69866870000000,공시,https://dart.fss.or.kr/dsaf001/main.do?rcpNo=20250814004289,금융,12
DB손해보험,005830,2025Q2,2025-06-30,분기말 부채총계,60869872000000,공시,https://dart.fss.or.kr/dsaf001/main.do?rcpNo=20250814004289,금융,12
DB손해보험,005830,2025Q2,2025-06-30,분기말 총자본(자기자본),8996998000000,공시,https://dart.fss.or.kr/dsaf001/main.do?rcpNo=20250814004289,금융,12
DB손해보험,005830,2025Q2,2025-06-30,분기별 영업수익,데이터 없음(항목 미공시),데이터 없음(항목 미공시),https://dart.fss.or.kr/dsaf001/main.do?rcpNo=20250814004289,금융,12
DB손해보험,005830,2025Q2,2025-06-30,분기별 영업이익,798484000000,공시,https://dart.fss.or.kr/dsaf001/main.do?rcpNo=20250814004289,금융,12
DB손해보험,005830,2025Q2,2025-06-30,분기별 당기순이익(지배),650413000000,공시,https://dart.fss.or.kr/dsaf001/main.do?rcpNo=20250814004289,금융,12
DB손해보험,005830,2025Q2,2025-06-30,분기별 순이자이익,데이터 없음(항목 미공시),데이터 없음(항목 미공시),https://dart.fss.or.kr/dsaf001/main.do?rcpNo=20250814004289,금융,12
DB손해보험,005830,2025Q2,2025-06-30,분기별 순수수료이익,데이터 없음(항목 미공시),데이터 없음(항목 미공시),https://dart.fss.or.kr/dsaf001/main.do?rcpNo=20250814004289,금융,12
DB손해보험,005830,2025Q2,2025-06-30,분기별 영업활동현금흐름,670400352112,계산(누적차감),https://dart.fss.or.kr/dsaf001/main.do?rcpNo=20250814004289 ; https://dart.fss.or.kr/dsaf001/main.do?rcpNo=20250515002214,금융,12
DB손해보험,005830,2025Q2,2025-06-30,분기말 지배지분 자본,8946111000000,공시,https://dart.fss.or.kr/dsaf001/main.do?rcpNo=20250814004289,금융,12
DB손해보험,005830,2025Q2,2025-06-30,분기말 종가,123300,API,https://apis.data.go.kr/1160100/GetStockSecuritiesInfoService_V2/getStockPriceInfo_V2?basDt=20250630&likeSrtnCd=005830 (serviceKey 제외),금융,12
DB손해보험,005830,2025Q2,2025-06-30,분기말 상장주식수,70800000,API,https://apis.data.go.kr/1160100/GetStockSecuritiesInfoService_V2/getStockPriceInfo_V2?basDt=20250630&likeSrtnCd=005830 (serviceKey 제외),금융,12
DB손해보험,005830,2025Q2,2025-06-30,분기말 시가총액,8729640000000,API,https://apis.data.go.kr/1160100/GetStockSecuritiesInfoService_V2/getStockPriceInfo_V2?basDt=20250630&likeSrtnCd=005830 (serviceKey 제외),금융,12
DB손해보험,005830,2025Q3,2025-09-30,분기말 자산총계,72110333000000,공시,https://dart.fss.or.kr/dsaf001/main.do?rcpNo=20251114002521,금융,12
DB손해보험,005830,2025Q3,2025-09-30,분기말 부채총계,62008794000000,공시,https://dart.fss.or.kr/dsaf001/main.do?rcpNo=20251114002521,금융,12
DB손해보험,005830,2025Q3,2025-09-30,분기말 총자본(자기자본),10101539000000,공시,https://dart.fss.or.kr/dsaf001/main.do?rcpNo=20251114002521,금융,12
DB손해보험,005830,2025Q3,2025-09-30,분기별 영업수익,데이터 없음(항목 미공시),데이터 없음(항목 미공시),https://dart.fss.or.kr/dsaf001/main.do?rcpNo=20251114002521,금융,12
DB손해보험,005830,2025Q3,2025-09-30,분기별 영업이익,441307000000,공시,https://dart.fss.or.kr/dsaf001/main.do?rcpNo=20251114002521,금융,12
DB손해보험,005830,2025Q3,2025-09-30,분기별 당기순이익(지배),328186000000,공시,https://dart.fss.or.kr/dsaf001/main.do?rcpNo=20251114002521,금융,12
DB손해보험,005830,2025Q3,2025-09-30,분기별 순이자이익,데이터 없음(항목 미공시),데이터 없음(항목 미공시),https://dart.fss.or.kr/dsaf001/main.do?rcpNo=20251114002521,금융,12
DB손해보험,005830,2025Q3,2025-09-30,분기별 순수수료이익,데이터 없음(항목 미공시),데이터 없음(항목 미공시),https://dart.fss.or.kr/dsaf001/main.do?rcpNo=20251114002521,금융,12
DB손해보험,005830,2025Q3,2025-09-30,분기별 영업활동현금흐름,-1992204000000,계산(누적차감),https://dart.fss.or.kr/dsaf001/main.do?rcpNo=20251114002521 ; https://dart.fss.or.kr/dsaf001/main.do?rcpNo=20250814004289,금융,12
DB손해보험,005830,2025Q3,2025-09-30,분기말 지배지분 자본,10050471000000,공시,https://dart.fss.or.kr/dsaf001/main.do?rcpNo=20251114002521,금융,12
DB손해보험,005830,2025Q3,2025-09-30,분기말 종가,138500,API,https://apis.data.go.kr/1160100/GetStockSecuritiesInfoService_V2/getStockPriceInfo_V2?basDt=20250930&likeSrtnCd=005830 (serviceKey 제외),금융,12
DB손해보험,005830,2025Q3,2025-09-30,분기말 상장주식수,70800000,API,https://apis.data.go.kr/1160100/GetStockSecuritiesInfoService_V2/getStockPriceInfo_V2?basDt=20250930&likeSrtnCd=005830 (serviceKey 제외),금융,12
DB손해보험,005830,2025Q3,2025-09-30,분기말 시가총액,9805800000000,API,https://apis.data.go.kr/1160100/GetStockSecuritiesInfoService_V2/getStockPriceInfo_V2?basDt=20250930&likeSrtnCd=005830 (serviceKey 제외),금융,12
DB손해보험,005830,2025Q4,2025-12-31,분기말 자산총계,74022307000000,공시,https://dart.fss.or.kr/dsaf001/main.do?rcpNo=20260331003904,금융,12
DB손해보험,005830,2025Q4,2025-12-31,분기말 부채총계,63087018000000,공시,https://dart.fss.or.kr/dsaf001/main.do?rcpNo=20260331003904,금융,12
DB손해보험,005830,2025Q4,2025-12-31,분기말 총자본(자기자본),10935289000000,공시,https://dart.fss.or.kr/dsaf001/main.do?rcpNo=20260331003904,금융,12
DB손해보험,005830,2025Q4,2025-12-31,분기별 영업수익,데이터 없음(항목 미공시),데이터 없음(항목 미공시),https://dart.fss.or.kr/dsaf001/main.do?rcpNo=20260331003904 ; https://dart.fss.or.kr/dsaf001/main.do?rcpNo=20251114002521,금융,12
DB손해보험,005830,2025Q4,2025-12-31,분기별 영업이익,524373000000,계산(연간-3분기누적),https://dart.fss.or.kr/dsaf001/main.do?rcpNo=20260331003904 ; https://dart.fss.or.kr/dsaf001/main.do?rcpNo=20251114002521,금융,12
DB손해보험,005830,2025Q4,2025-12-31,분기별 당기순이익(지배),378640000000,계산(연간-3분기누적),https://dart.fss.or.kr/dsaf001/main.do?rcpNo=20260331003904 ; https://dart.fss.or.kr/dsaf001/main.do?rcpNo=20251114002521,금융,12
DB손해보험,005830,2025Q4,2025-12-31,분기별 순이자이익,데이터 없음(항목 미공시),데이터 없음(항목 미공시),https://dart.fss.or.kr/dsaf001/main.do?rcpNo=20260331003904 ; https://dart.fss.or.kr/dsaf001/main.do?rcpNo=20251114002521,금융,12
DB손해보험,005830,2025Q4,2025-12-31,분기별 순수수료이익,데이터 없음(항목 미공시),데이터 없음(항목 미공시),https://dart.fss.or.kr/dsaf001/main.do?rcpNo=20260331003904 ; https://dart.fss.or.kr/dsaf001/main.do?rcpNo=20251114002521,금융,12
DB손해보험,005830,2025Q4,2025-12-31,분기별 영업활동현금흐름,980894000000,계산(누적차감),https://dart.fss.or.kr/dsaf001/main.do?rcpNo=20260331003904 ; https://dart.fss.or.kr/dsaf001/main.do?rcpNo=20251114002521,금융,12
DB손해보험,005830,2025Q4,2025-12-31,분기말 지배지분 자본,10880841000000,공시,https://dart.fss.or.kr/dsaf001/main.do?rcpNo=20260331003904,금융,12
DB손해보험,005830,2025Q4,2025-12-30,분기말 종가,131100,API,https://apis.data.go.kr/1160100/GetStockSecuritiesInfoService_V2/getStockPriceInfo_V2?basDt=20251230&likeSrtnCd=005830 (serviceKey 제외),금융,12
DB손해보험,005830,2025Q4,2025-12-30,분기말 상장주식수,70800000,API,https://apis.data.go.kr/1160100/GetStockSecuritiesInfoService_V2/getStockPriceInfo_V2?basDt=20251230&likeSrtnCd=005830 (serviceKey 제외),금융,12
DB손해보험,005830,2025Q4,2025-12-30,분기말 시가총액,9281880000000,API,https://apis.data.go.kr/1160100/GetStockSecuritiesInfoService_V2/getStockPriceInfo_V2?basDt=20251230&likeSrtnCd=005830 (serviceKey 제외),금융,12
DB손해보험,005830,2026Q1,2026-03-31,분기말 자산총계,74628825000000,공시,https://dart.fss.or.kr/dsaf001/main.do?rcpNo=20260515002382,금융,12
DB손해보험,005830,2026Q1,2026-03-31,분기말 부채총계,62991679000000,공시,https://dart.fss.or.kr/dsaf001/main.do?rcpNo=20260515002382,금융,12
DB손해보험,005830,2026Q1,2026-03-31,분기말 총자본(자기자본),11637146000000,공시,https://dart.fss.or.kr/dsaf001/main.do?rcpNo=20260515002382,금융,12
DB손해보험,005830,2026Q1,2026-03-31,분기별 영업수익,데이터 없음(항목 미공시),데이터 없음(항목 미공시),https://dart.fss.or.kr/dsaf001/main.do?rcpNo=20260515002382,금융,12
DB손해보험,005830,2026Q1,2026-03-31,분기별 영업이익,413033000000,공시,https://dart.fss.or.kr/dsaf001/main.do?rcpNo=20260515002382,금융,12
DB손해보험,005830,2026Q1,2026-03-31,분기별 당기순이익(지배),238406000000,공시,https://dart.fss.or.kr/dsaf001/main.do?rcpNo=20260515002382,금융,12
DB손해보험,005830,2026Q1,2026-03-31,분기별 순이자이익,데이터 없음(항목 미공시),데이터 없음(항목 미공시),https://dart.fss.or.kr/dsaf001/main.do?rcpNo=20260515002382,금융,12
DB손해보험,005830,2026Q1,2026-03-31,분기별 순수수료이익,데이터 없음(항목 미공시),데이터 없음(항목 미공시),https://dart.fss.or.kr/dsaf001/main.do?rcpNo=20260515002382,금융,12
DB손해보험,005830,2026Q1,2026-03-31,분기별 영업활동현금흐름,2403312000000,공시,https://dart.fss.or.kr/dsaf001/main.do?rcpNo=20260515002382,금융,12
DB손해보험,005830,2026Q1,2026-03-31,분기말 지배지분 자본,11579524000000,공시,https://dart.fss.or.kr/dsaf001/main.do?rcpNo=20260515002382,금융,12
DB손해보험,005830,2026Q1,2026-03-31,분기말 종가,163800,API,https://apis.data.go.kr/1160100/GetStockSecuritiesInfoService_V2/getStockPriceInfo_V2?basDt=20260331&likeSrtnCd=005830 (serviceKey 제외),금융,12
DB손해보험,005830,2026Q1,2026-03-31,분기말 상장주식수,69384000,API,https://apis.data.go.kr/1160100/GetStockSecuritiesInfoService_V2/getStockPriceInfo_V2?basDt=20260331&likeSrtnCd=005830 (serviceKey 제외),금융,12
DB손해보험,005830,2026Q1,2026-03-31,분기말 시가총액,11365099200000,API,https://apis.data.go.kr/1160100/GetStockSecuritiesInfoService_V2/getStockPriceInfo_V2?basDt=20260331&likeSrtnCd=005830 (serviceKey 제외),금융,12
DB손해보험,005830,2026Q2,2026-06-30,분기말 자산총계,81608305000000,공시,https://dart.fss.or.kr/dsaf001/main.do?rcpNo=20260814003682,금융,12
DB손해보험,005830,2026Q2,2026-06-30,분기말 부채총계,67567084000000,공시,https://dart.fss.or.kr/dsaf001/main.do?rcpNo=20260814003682,금융,12
DB손해보험,005830,2026Q2,2026-06-30,분기말 총자본(자기자본),14041221000000,공시,https://dart.fss.or.kr/dsaf001/main.do?rcpNo=20260814003682,금융,12
DB손해보험,005830,2026Q2,2026-06-30,분기별 영업수익,데이터 없음(항목 미공시),데이터 없음(항목 미공시),https://dart.fss.or.kr/dsaf001/main.do?rcpNo=20260814003682,금융,12
DB손해보험,005830,2026Q2,2026-06-30,분기별 영업이익,1173878000000,공시,https://dart.fss.or.kr/dsaf001/main.do?rcpNo=20260814003682,금융,12
DB손해보험,005830,2026Q2,2026-06-30,분기별 당기순이익(지배),875906000000,공시,https://dart.fss.or.kr/dsaf001/main.do?rcpNo=20260814003682,금융,12
DB손해보험,005830,2026Q2,2026-06-30,분기별 순이자이익,데이터 없음(항목 미공시),데이터 없음(항목 미공시),https://dart.fss.or.kr/dsaf001/main.do?rcpNo=20260814003682,금융,12
DB손해보험,005830,2026Q2,2026-06-30,분기별 순수수료이익,데이터 없음(항목 미공시),데이터 없음(항목 미공시),https://dart.fss.or.kr/dsaf001/main.do?rcpNo=20260814003682,금융,12
DB손해보험,005830,2026Q2,2026-06-30,분기별 영업활동현금흐름,3890654000000,계산(누적차감),https://dart.fss.or.kr/dsaf001/main.do?rcpNo=20260814003682 ; https://dart.fss.or.kr/dsaf001/main.do?rcpNo=20260515002382,금융,12
DB손해보험,005830,2026Q2,2026-06-30,분기말 지배지분 자본,13970147000000,공시,https://dart.fss.or.kr/dsaf001/main.do?rcpNo=20260814003682,금융,12
DB손해보험,005830,2026Q2,2026-06-30,분기말 종가,133900,API,https://apis.data.go.kr/1160100/GetStockSecuritiesInfoService_V2/getStockPriceInfo_V2?basDt=20260630&likeSrtnCd=005830 (serviceKey 제외),금융,12
DB손해보험,005830,2026Q2,2026-06-30,분기말 상장주식수,65500349,API,https://apis.data.go.kr/1160100/GetStockSecuritiesInfoService_V2/getStockPriceInfo_V2?basDt=20260630&likeSrtnCd=005830 (serviceKey 제외),금융,12
DB손해보험,005830,2026Q2,2026-06-30,분기말 시가총액,8770496731100,API,https://apis.data.go.kr/1160100/GetStockSecuritiesInfoService_V2/getStockPriceInfo_V2?basDt=20260630&likeSrtnCd=005830 (serviceKey 제외),금융,12
