기업,종목코드,기간,기준일,항목,값(원),값구분,출처,라운드
HD한국조선해양,009540,2010Q1,2010-03-31,분기말 자산총계,미확인,미확인,https://dart.fss.or.kr/dsaf001/main.do?rcpNo=20100514002727,4
HD한국조선해양,009540,2010Q1,2010-03-31,분기말 부채총계,미확인,미확인,https://dart.fss.or.kr/dsaf001/main.do?rcpNo=20100514002727,4
HD한국조선해양,009540,2010Q1,2010-03-31,분기말 총자본(자기자본),미확인,미확인,https://dart.fss.or.kr/dsaf001/main.do?rcpNo=20100514002727,4
HD한국조선해양,009540,2010Q1,2010-03-31,분기별 매출액,미확인,미확인,https://dart.fss.or.kr/dsaf001/main.do?rcpNo=20100514002727,4
HD한국조선해양,009540,2010Q1,2010-03-31,분기별 영업이익,미확인,미확인,https://dart.fss.or.kr/dsaf001/main.do?rcpNo=20100514002727,4
HD한국조선해양,009540,2010Q1,2010-03-31,분기별 당기순이익(지배),미확인,미확인,https://dart.fss.or.kr/dsaf001/main.do?rcpNo=20100514002727,4
HD한국조선해양,009540,2010Q1,2010-03-31,분기별 영업활동현금흐름,미확인,미확인,https://dart.fss.or.kr/dsaf001/main.do?rcpNo=20100514002727,4
HD한국조선해양,009540,2010Q1,2010-03-31,분기말 지배지분 자본,미확인,미확인,https://dart.fss.or.kr/dsaf001/main.do?rcpNo=20100514002727,4
HD한국조선해양,009540,2010Q1,2010-03-31,분기말 종가,237000,API,"https://data-dbg.krx.co.kr/svc/apis/sto/stk_bydd_trd?basDd=20100331 (KOSPI, 현대중공업 ; 종가 237000 × 상장주식수 76000000 = 시가총액 18012000000000)",4
HD한국조선해양,009540,2010Q1,2010-03-31,분기말 상장주식수,76000000,API,"https://data-dbg.krx.co.kr/svc/apis/sto/stk_bydd_trd?basDd=20100331 (KOSPI, 현대중공업 ; 종가 237000 × 상장주식수 76000000 = 시가총액 18012000000000)",4
HD한국조선해양,009540,2010Q1,2010-03-31,분기말 시가총액,18012000000000,API,"https://data-dbg.krx.co.kr/svc/apis/sto/stk_bydd_trd?basDd=20100331 (KOSPI, 현대중공업 ; 종가 237000 × 상장주식수 76000000 = 시가총액 18012000000000)",4
HD한국조선해양,009540,2010Q2,2010-06-30,분기말 자산총계,미확인,미확인,https://dart.fss.or.kr/dsaf001/main.do?rcpNo=20100816000753,4
HD한국조선해양,009540,2010Q2,2010-06-30,분기말 부채총계,미확인,미확인,https://dart.fss.or.kr/dsaf001/main.do?rcpNo=20100816000753,4
HD한국조선해양,009540,2010Q2,2010-06-30,분기말 총자본(자기자본),미확인,미확인,https://dart.fss.or.kr/dsaf001/main.do?rcpNo=20100816000753,4
HD한국조선해양,009540,2010Q2,2010-06-30,분기별 매출액,미확인,미확인,https://dart.fss.or.kr/dsaf001/main.do?rcpNo=20100816000753,4
HD한국조선해양,009540,2010Q2,2010-06-30,분기별 영업이익,미확인,미확인,https://dart.fss.or.kr/dsaf001/main.do?rcpNo=20100816000753,4
HD한국조선해양,009540,2010Q2,2010-06-30,분기별 당기순이익(지배),미확인,미확인,https://dart.fss.or.kr/dsaf001/main.do?rcpNo=20100816000753,4
HD한국조선해양,009540,2010Q2,2010-06-30,분기별 영업활동현금흐름,미확인,미확인,https://dart.fss.or.kr/dsaf001/main.do?rcpNo=20100816000753 ; https://dart.fss.or.kr/dsaf001/main.do?rcpNo=20100514002727,4
HD한국조선해양,009540,2010Q2,2010-06-30,분기말 지배지분 자본,미확인,미확인,https://dart.fss.or.kr/dsaf001/main.do?rcpNo=20100816000753,4
HD한국조선해양,009540,2010Q2,2010-06-30,분기말 종가,235000,API,"https://data-dbg.krx.co.kr/svc/apis/sto/stk_bydd_trd?basDd=20100630 (KOSPI, 현대중공업 ; 종가 235000 × 상장주식수 76000000 = 시가총액 17860000000000)",4
HD한국조선해양,009540,2010Q2,2010-06-30,분기말 상장주식수,76000000,API,"https://data-dbg.krx.co.kr/svc/apis/sto/stk_bydd_trd?basDd=20100630 (KOSPI, 현대중공업 ; 종가 235000 × 상장주식수 76000000 = 시가총액 17860000000000)",4
HD한국조선해양,009540,2010Q2,2010-06-30,분기말 시가총액,17860000000000,API,"https://data-dbg.krx.co.kr/svc/apis/sto/stk_bydd_trd?basDd=20100630 (KOSPI, 현대중공업 ; 종가 235000 × 상장주식수 76000000 = 시가총액 17860000000000)",4
HD한국조선해양,009540,2010Q3,2010-09-30,분기말 자산총계,미확인,미확인,https://dart.fss.or.kr/dsaf001/main.do?rcpNo=20101115001056,4
HD한국조선해양,009540,2010Q3,2010-09-30,분기말 부채총계,미확인,미확인,https://dart.fss.or.kr/dsaf001/main.do?rcpNo=20101115001056,4
HD한국조선해양,009540,2010Q3,2010-09-30,분기말 총자본(자기자본),미확인,미확인,https://dart.fss.or.kr/dsaf001/main.do?rcpNo=20101115001056,4
HD한국조선해양,009540,2010Q3,2010-09-30,분기별 매출액,미확인,미확인,https://dart.fss.or.kr/dsaf001/main.do?rcpNo=20101115001056,4
HD한국조선해양,009540,2010Q3,2010-09-30,분기별 영업이익,미확인,미확인,https://dart.fss.or.kr/dsaf001/main.do?rcpNo=20101115001056,4
HD한국조선해양,009540,2010Q3,2010-09-30,분기별 당기순이익(지배),미확인,미확인,https://dart.fss.or.kr/dsaf001/main.do?rcpNo=20101115001056,4
HD한국조선해양,009540,2010Q3,2010-09-30,분기별 영업활동현금흐름,미확인,미확인,https://dart.fss.or.kr/dsaf001/main.do?rcpNo=20101115001056 ; https://dart.fss.or.kr/dsaf001/main.do?rcpNo=20100816000753,4
HD한국조선해양,009540,2010Q3,2010-09-30,분기말 지배지분 자본,미확인,미확인,https://dart.fss.or.kr/dsaf001/main.do?rcpNo=20101115001056,4
HD한국조선해양,009540,2010Q3,2010-09-30,분기말 종가,327500,API,"https://data-dbg.krx.co.kr/svc/apis/sto/stk_bydd_trd?basDd=20100930 (KOSPI, 현대중공업 ; 종가 327500 × 상장주식수 76000000 = 시가총액 24890000000000)",4
HD한국조선해양,009540,2010Q3,2010-09-30,분기말 상장주식수,76000000,API,"https://data-dbg.krx.co.kr/svc/apis/sto/stk_bydd_trd?basDd=20100930 (KOSPI, 현대중공업 ; 종가 327500 × 상장주식수 76000000 = 시가총액 24890000000000)",4
HD한국조선해양,009540,2010Q3,2010-09-30,분기말 시가총액,24890000000000,API,"https://data-dbg.krx.co.kr/svc/apis/sto/stk_bydd_trd?basDd=20100930 (KOSPI, 현대중공업 ; 종가 327500 × 상장주식수 76000000 = 시가총액 24890000000000)",4
HD한국조선해양,009540,2010Q4,2010-12-31,분기말 자산총계,미확인,미확인,https://dart.fss.or.kr/dsaf001/main.do?rcpNo=20110331003076,4
HD한국조선해양,009540,2010Q4,2010-12-31,분기말 부채총계,미확인,미확인,https://dart.fss.or.kr/dsaf001/main.do?rcpNo=20110331003076,4
HD한국조선해양,009540,2010Q4,2010-12-31,분기말 총자본(자기자본),미확인,미확인,https://dart.fss.or.kr/dsaf001/main.do?rcpNo=20110331003076,4
HD한국조선해양,009540,2010Q4,2010-12-31,분기별 매출액,미확인,미확인,https://dart.fss.or.kr/dsaf001/main.do?rcpNo=20110331003076 ; https://dart.fss.or.kr/dsaf001/main.do?rcpNo=20101115001056,4
HD한국조선해양,009540,2010Q4,2010-12-31,분기별 영업이익,미확인,미확인,https://dart.fss.or.kr/dsaf001/main.do?rcpNo=20110331003076 ; https://dart.fss.or.kr/dsaf001/main.do?rcpNo=20101115001056,4
HD한국조선해양,009540,2010Q4,2010-12-31,분기별 당기순이익(지배),미확인,미확인,https://dart.fss.or.kr/dsaf001/main.do?rcpNo=20110331003076 ; https://dart.fss.or.kr/dsaf001/main.do?rcpNo=20101115001056,4
HD한국조선해양,009540,2010Q4,2010-12-31,분기별 영업활동현금흐름,미확인,미확인,https://dart.fss.or.kr/dsaf001/main.do?rcpNo=20110331003076 ; https://dart.fss.or.kr/dsaf001/main.do?rcpNo=20101115001056,4
HD한국조선해양,009540,2010Q4,2010-12-31,분기말 지배지분 자본,미확인,미확인,https://dart.fss.or.kr/dsaf001/main.do?rcpNo=20110331003076,4
HD한국조선해양,009540,2010Q4,2010-12-30,분기말 종가,443000,API,"https://data-dbg.krx.co.kr/svc/apis/sto/stk_bydd_trd?basDd=20101230 (KOSPI, 현대중공업 ; 종가 443000 × 상장주식수 76000000 = 시가총액 33668000000000)",4
HD한국조선해양,009540,2010Q4,2010-12-30,분기말 상장주식수,76000000,API,"https://data-dbg.krx.co.kr/svc/apis/sto/stk_bydd_trd?basDd=20101230 (KOSPI, 현대중공업 ; 종가 443000 × 상장주식수 76000000 = 시가총액 33668000000000)",4
HD한국조선해양,009540,2010Q4,2010-12-30,분기말 시가총액,33668000000000,API,"https://data-dbg.krx.co.kr/svc/apis/sto/stk_bydd_trd?basDd=20101230 (KOSPI, 현대중공업 ; 종가 443000 × 상장주식수 76000000 = 시가총액 33668000000000)",4
HD한국조선해양,009540,2011Q1,2011-03-31,분기말 자산총계,48956165999000,공시,https://dart.fss.or.kr/dsaf001/main.do?rcpNo=20110901000030,4
HD한국조선해양,009540,2011Q1,2011-03-31,분기말 부채총계,31724107374000,공시,https://dart.fss.or.kr/dsaf001/main.do?rcpNo=20110901000030,4
HD한국조선해양,009540,2011Q1,2011-03-31,분기말 총자본(자기자본),17232058625000,공시,https://dart.fss.or.kr/dsaf001/main.do?rcpNo=20110901000030,4
HD한국조선해양,009540,2011Q1,2011-03-31,분기별 매출액,12701080631000,공시,https://dart.fss.or.kr/dsaf001/main.do?rcpNo=20110901000030,4
HD한국조선해양,009540,2011Q1,2011-03-31,분기별 영업이익,1710873251000,공시,https://dart.fss.or.kr/dsaf001/main.do?rcpNo=20110901000030,4
HD한국조선해양,009540,2011Q1,2011-03-31,분기별 당기순이익(지배),1279307240000,공시,https://dart.fss.or.kr/dsaf001/main.do?rcpNo=20110901000030,4
HD한국조선해양,009540,2011Q1,2011-03-31,분기별 영업활동현금흐름,1810039779000,공시,https://dart.fss.or.kr/dsaf001/main.do?rcpNo=20110901000030,4
HD한국조선해양,009540,2011Q1,2011-03-31,분기말 지배지분 자본,15445509953000,공시,https://dart.fss.or.kr/dsaf001/main.do?rcpNo=20110901000030,4
HD한국조선해양,009540,2011Q1,2011-03-31,분기말 종가,518000,API,"https://data-dbg.krx.co.kr/svc/apis/sto/stk_bydd_trd?basDd=20110331 (KOSPI, 현대중공업 ; 종가 518000 × 상장주식수 76000000 = 시가총액 39368000000000)",4
HD한국조선해양,009540,2011Q1,2011-03-31,분기말 상장주식수,76000000,API,"https://data-dbg.krx.co.kr/svc/apis/sto/stk_bydd_trd?basDd=20110331 (KOSPI, 현대중공업 ; 종가 518000 × 상장주식수 76000000 = 시가총액 39368000000000)",4
HD한국조선해양,009540,2011Q1,2011-03-31,분기말 시가총액,39368000000000,API,"https://data-dbg.krx.co.kr/svc/apis/sto/stk_bydd_trd?basDd=20110331 (KOSPI, 현대중공업 ; 종가 518000 × 상장주식수 76000000 = 시가총액 39368000000000)",4
HD한국조선해양,009540,2011Q2,2011-06-30,분기말 자산총계,50360213603000,공시,https://dart.fss.or.kr/dsaf001/main.do?rcpNo=20110829000829,4
HD한국조선해양,009540,2011Q2,2011-06-30,분기말 부채총계,32371466879000,공시,https://dart.fss.or.kr/dsaf001/main.do?rcpNo=20110829000829,4
HD한국조선해양,009540,2011Q2,2011-06-30,분기말 총자본(자기자본),17988746724000,공시,https://dart.fss.or.kr/dsaf001/main.do?rcpNo=20110829000829,4
HD한국조선해양,009540,2011Q2,2011-06-30,분기별 매출액,13394682418000,공시,https://dart.fss.or.kr/dsaf001/main.do?rcpNo=20110829000829,4
HD한국조선해양,009540,2011Q2,2011-06-30,분기별 영업이익,1030323249000,공시,https://dart.fss.or.kr/dsaf001/main.do?rcpNo=20110829000829,4
HD한국조선해양,009540,2011Q2,2011-06-30,분기별 당기순이익(지배),710458115000,공시,https://dart.fss.or.kr/dsaf001/main.do?rcpNo=20110829000829,4
HD한국조선해양,009540,2011Q2,2011-06-30,분기별 영업활동현금흐름,-538993868000,계산(누적차감),https://dart.fss.or.kr/dsaf001/main.do?rcpNo=20110829000829 ; https://dart.fss.or.kr/dsaf001/main.do?rcpNo=20110901000030,4
HD한국조선해양,009540,2011Q2,2011-06-30,분기말 지배지분 자본,16174640974000,공시,https://dart.fss.or.kr/dsaf001/main.do?rcpNo=20110829000829,4
HD한국조선해양,009540,2011Q2,2011-06-30,분기말 종가,443500,API,"https://data-dbg.krx.co.kr/svc/apis/sto/stk_bydd_trd?basDd=20110630 (KOSPI, 현대중공업 ; 종가 443500 × 상장주식수 76000000 = 시가총액 33706000000000)",4
HD한국조선해양,009540,2011Q2,2011-06-30,분기말 상장주식수,76000000,API,"https://data-dbg.krx.co.kr/svc/apis/sto/stk_bydd_trd?basDd=20110630 (KOSPI, 현대중공업 ; 종가 443500 × 상장주식수 76000000 = 시가총액 33706000000000)",4
HD한국조선해양,009540,2011Q2,2011-06-30,분기말 시가총액,33706000000000,API,"https://data-dbg.krx.co.kr/svc/apis/sto/stk_bydd_trd?basDd=20110630 (KOSPI, 현대중공업 ; 종가 443500 × 상장주식수 76000000 = 시가총액 33706000000000)",4
HD한국조선해양,009540,2011Q3,2011-09-30,분기말 자산총계,51383445525000,공시,https://dart.fss.or.kr/dsaf001/main.do?rcpNo=20111125000391,4
HD한국조선해양,009540,2011Q3,2011-09-30,분기말 부채총계,33238121641000,공시,https://dart.fss.or.kr/dsaf001/main.do?rcpNo=20111125000391,4
HD한국조선해양,009540,2011Q3,2011-09-30,분기말 총자본(자기자본),18145323884000,공시,https://dart.fss.or.kr/dsaf001/main.do?rcpNo=20111125000391,4
HD한국조선해양,009540,2011Q3,2011-09-30,분기별 매출액,13094168686000,공시,https://dart.fss.or.kr/dsaf001/main.do?rcpNo=20111125000391,4
HD한국조선해양,009540,2011Q3,2011-09-30,분기별 영업이익,915422514000,공시,https://dart.fss.or.kr/dsaf001/main.do?rcpNo=20111125000391,4
HD한국조선해양,009540,2011Q3,2011-09-30,분기별 당기순이익(지배),516132440000,공시,https://dart.fss.or.kr/dsaf001/main.do?rcpNo=20111125000391,4
HD한국조선해양,009540,2011Q3,2011-09-30,분기별 영업활동현금흐름,-935284906000,계산(누적차감),https://dart.fss.or.kr/dsaf001/main.do?rcpNo=20111125000391 ; https://dart.fss.or.kr/dsaf001/main.do?rcpNo=20110829000829,4
HD한국조선해양,009540,2011Q3,2011-09-30,분기말 지배지분 자본,16321680077000,공시,https://dart.fss.or.kr/dsaf001/main.do?rcpNo=20111125000391,4
HD한국조선해양,009540,2011Q3,2011-09-30,분기말 종가,281000,API,"https://data-dbg.krx.co.kr/svc/apis/sto/stk_bydd_trd?basDd=20110930 (KOSPI, 현대중공업 ; 종가 281000 × 상장주식수 76000000 = 시가총액 21356000000000)",4
HD한국조선해양,009540,2011Q3,2011-09-30,분기말 상장주식수,76000000,API,"https://data-dbg.krx.co.kr/svc/apis/sto/stk_bydd_trd?basDd=20110930 (KOSPI, 현대중공업 ; 종가 281000 × 상장주식수 76000000 = 시가총액 21356000000000)",4
HD한국조선해양,009540,2011Q3,2011-09-30,분기말 시가총액,21356000000000,API,"https://data-dbg.krx.co.kr/svc/apis/sto/stk_bydd_trd?basDd=20110930 (KOSPI, 현대중공업 ; 종가 281000 × 상장주식수 76000000 = 시가총액 21356000000000)",4
HD한국조선해양,009540,2011Q4,2011-12-31,분기말 자산총계,49000816098000,공시,https://dart.fss.or.kr/dsaf001/main.do?rcpNo=20120330003340,4
HD한국조선해양,009540,2011Q4,2011-12-31,분기말 부채총계,30824297031000,공시,https://dart.fss.or.kr/dsaf001/main.do?rcpNo=20120330003340,4
HD한국조선해양,009540,2011Q4,2011-12-31,분기말 총자본(자기자본),18176519067000,공시,https://dart.fss.or.kr/dsaf001/main.do?rcpNo=20120330003340,4
HD한국조선해양,009540,2011Q4,2011-12-31,분기별 매출액,14521734050000,계산(연간-3분기누적),https://dart.fss.or.kr/dsaf001/main.do?rcpNo=20120330003340 ; https://dart.fss.or.kr/dsaf001/main.do?rcpNo=20111125000391,4
HD한국조선해양,009540,2011Q4,2011-12-31,분기별 영업이익,879119719000,계산(연간-3분기누적),https://dart.fss.or.kr/dsaf001/main.do?rcpNo=20120330003340 ; https://dart.fss.or.kr/dsaf001/main.do?rcpNo=20111125000391,4
HD한국조선해양,009540,2011Q4,2011-12-31,분기별 당기순이익(지배),53108029000,계산(연간-3분기누적),https://dart.fss.or.kr/dsaf001/main.do?rcpNo=20120330003340 ; https://dart.fss.or.kr/dsaf001/main.do?rcpNo=20111125000391,4
HD한국조선해양,009540,2011Q4,2011-12-31,분기별 영업활동현금흐름,167782418000,계산(누적차감),https://dart.fss.or.kr/dsaf001/main.do?rcpNo=20120330003340 ; https://dart.fss.or.kr/dsaf001/main.do?rcpNo=20111125000391,4
HD한국조선해양,009540,2011Q4,2011-12-31,분기말 지배지분 자본,16379137636000,공시,https://dart.fss.or.kr/dsaf001/main.do?rcpNo=20120330003340,4
HD한국조선해양,009540,2011Q4,2011-12-29,분기말 종가,257000,API,"https://data-dbg.krx.co.kr/svc/apis/sto/stk_bydd_trd?basDd=20111229 (KOSPI, 현대중공업 ; 종가 257000 × 상장주식수 76000000 = 시가총액 19532000000000)",4
HD한국조선해양,009540,2011Q4,2011-12-29,분기말 상장주식수,76000000,API,"https://data-dbg.krx.co.kr/svc/apis/sto/stk_bydd_trd?basDd=20111229 (KOSPI, 현대중공업 ; 종가 257000 × 상장주식수 76000000 = 시가총액 19532000000000)",4
HD한국조선해양,009540,2011Q4,2011-12-29,분기말 시가총액,19532000000000,API,"https://data-dbg.krx.co.kr/svc/apis/sto/stk_bydd_trd?basDd=20111229 (KOSPI, 현대중공업 ; 종가 257000 × 상장주식수 76000000 = 시가총액 19532000000000)",4
HD한국조선해양,009540,2012Q1,2012-03-31,분기말 자산총계,49818310857000,공시,https://dart.fss.or.kr/dsaf001/main.do?rcpNo=20120530000945,4
HD한국조선해양,009540,2012Q1,2012-03-31,분기말 부채총계,31205366416000,공시,https://dart.fss.or.kr/dsaf001/main.do?rcpNo=20120530000945,4
HD한국조선해양,009540,2012Q1,2012-03-31,분기말 총자본(자기자본),18612944441000,공시,https://dart.fss.or.kr/dsaf001/main.do?rcpNo=20120530000945,4
HD한국조선해양,009540,2012Q1,2012-03-31,분기별 매출액,13938330655000,공시,https://dart.fss.or.kr/dsaf001/main.do?rcpNo=20120530000945,4
HD한국조선해양,009540,2012Q1,2012-03-31,분기별 영업이익,969271061000,공시,https://dart.fss.or.kr/dsaf001/main.do?rcpNo=20120530000945,4
HD한국조선해양,009540,2012Q1,2012-03-31,분기별 당기순이익(지배),495688687000,공시,https://dart.fss.or.kr/dsaf001/main.do?rcpNo=20120530000945,4
HD한국조선해양,009540,2012Q1,2012-03-31,분기별 영업활동현금흐름,-200639090000,공시,https://dart.fss.or.kr/dsaf001/main.do?rcpNo=20120530000945,4
HD한국조선해양,009540,2012Q1,2012-03-31,분기말 지배지분 자본,16796693656000,공시,https://dart.fss.or.kr/dsaf001/main.do?rcpNo=20120530000945,4
HD한국조선해양,009540,2012Q1,2012-03-30,분기말 종가,321500,API,"https://data-dbg.krx.co.kr/svc/apis/sto/stk_bydd_trd?basDd=20120330 (KOSPI, 현대중공업 ; 종가 321500 × 상장주식수 76000000 = 시가총액 24434000000000)",4
HD한국조선해양,009540,2012Q1,2012-03-30,분기말 상장주식수,76000000,API,"https://data-dbg.krx.co.kr/svc/apis/sto/stk_bydd_trd?basDd=20120330 (KOSPI, 현대중공업 ; 종가 321500 × 상장주식수 76000000 = 시가총액 24434000000000)",4
HD한국조선해양,009540,2012Q1,2012-03-30,분기말 시가총액,24434000000000,API,"https://data-dbg.krx.co.kr/svc/apis/sto/stk_bydd_trd?basDd=20120330 (KOSPI, 현대중공업 ; 종가 321500 × 상장주식수 76000000 = 시가총액 24434000000000)",4
HD한국조선해양,009540,2012Q2,2012-06-30,분기말 자산총계,50286121699000,공시,https://dart.fss.or.kr/dsaf001/main.do?rcpNo=20120829000635,4
HD한국조선해양,009540,2012Q2,2012-06-30,분기말 부채총계,31589242373000,공시,https://dart.fss.or.kr/dsaf001/main.do?rcpNo=20120829000635,4
HD한국조선해양,009540,2012Q2,2012-06-30,분기말 총자본(자기자본),18696879326000,공시,https://dart.fss.or.kr/dsaf001/main.do?rcpNo=20120829000635,4
HD한국조선해양,009540,2012Q2,2012-06-30,분기별 매출액,13700403164000,공시,https://dart.fss.or.kr/dsaf001/main.do?rcpNo=20120829000635,4
HD한국조선해양,009540,2012Q2,2012-06-30,분기별 영업이익,358576927000,공시,https://dart.fss.or.kr/dsaf001/main.do?rcpNo=20120829000635,4
HD한국조선해양,009540,2012Q2,2012-06-30,분기별 당기순이익(지배),132155965000,공시,https://dart.fss.or.kr/dsaf001/main.do?rcpNo=20120829000635,4
HD한국조선해양,009540,2012Q2,2012-06-30,분기별 영업활동현금흐름,-565318086000,계산(누적차감),https://dart.fss.or.kr/dsaf001/main.do?rcpNo=20120829000635 ; https://dart.fss.or.kr/dsaf001/main.do?rcpNo=20120530000945,4
HD한국조선해양,009540,2012Q2,2012-06-30,분기말 지배지분 자본,16852182239000,공시,https://dart.fss.or.kr/dsaf001/main.do?rcpNo=20120829000635,4
HD한국조선해양,009540,2012Q2,2012-06-29,분기말 종가,257500,API,"https://data-dbg.krx.co.kr/svc/apis/sto/stk_bydd_trd?basDd=20120629 (KOSPI, 현대중공업 ; 종가 257500 × 상장주식수 76000000 = 시가총액 19570000000000)",4
HD한국조선해양,009540,2012Q2,2012-06-29,분기말 상장주식수,76000000,API,"https://data-dbg.krx.co.kr/svc/apis/sto/stk_bydd_trd?basDd=20120629 (KOSPI, 현대중공업 ; 종가 257500 × 상장주식수 76000000 = 시가총액 19570000000000)",4
HD한국조선해양,009540,2012Q2,2012-06-29,분기말 시가총액,19570000000000,API,"https://data-dbg.krx.co.kr/svc/apis/sto/stk_bydd_trd?basDd=20120629 (KOSPI, 현대중공업 ; 종가 257500 × 상장주식수 76000000 = 시가총액 19570000000000)",4
HD한국조선해양,009540,2012Q3,2012-09-30,분기말 자산총계,50625606650000,공시,https://dart.fss.or.kr/dsaf001/main.do?rcpNo=20121129000789,4
HD한국조선해양,009540,2012Q3,2012-09-30,분기말 부채총계,31529791184000,공시,https://dart.fss.or.kr/dsaf001/main.do?rcpNo=20121129000789,4
HD한국조선해양,009540,2012Q3,2012-09-30,분기말 총자본(자기자본),19095815466000,공시,https://dart.fss.or.kr/dsaf001/main.do?rcpNo=20121129000789,4
HD한국조선해양,009540,2012Q3,2012-09-30,분기별 매출액,13198999054000,공시,https://dart.fss.or.kr/dsaf001/main.do?rcpNo=20121129000789,4
HD한국조선해양,009540,2012Q3,2012-09-30,분기별 영업이익,593809911000,공시,https://dart.fss.or.kr/dsaf001/main.do?rcpNo=20121129000789,4
HD한국조선해양,009540,2012Q3,2012-09-30,분기별 당기순이익(지배),695312565000,공시,https://dart.fss.or.kr/dsaf001/main.do?rcpNo=20121129000789,4
HD한국조선해양,009540,2012Q3,2012-09-30,분기별 영업활동현금흐름,-2361678370000,계산(누적차감),https://dart.fss.or.kr/dsaf001/main.do?rcpNo=20121129000789 ; https://dart.fss.or.kr/dsaf001/main.do?rcpNo=20120829000635,4
HD한국조선해양,009540,2012Q3,2012-09-30,분기말 지배지분 자본,17240254821000,공시,https://dart.fss.or.kr/dsaf001/main.do?rcpNo=20121129000789,4
HD한국조선해양,009540,2012Q3,2012-09-28,분기말 종가,252500,API,"https://data-dbg.krx.co.kr/svc/apis/sto/stk_bydd_trd?basDd=20120928 (KOSPI, 현대중공업 ; 종가 252500 × 상장주식수 76000000 = 시가총액 19190000000000)",4
HD한국조선해양,009540,2012Q3,2012-09-28,분기말 상장주식수,76000000,API,"https://data-dbg.krx.co.kr/svc/apis/sto/stk_bydd_trd?basDd=20120928 (KOSPI, 현대중공업 ; 종가 252500 × 상장주식수 76000000 = 시가총액 19190000000000)",4
HD한국조선해양,009540,2012Q3,2012-09-28,분기말 시가총액,19190000000000,API,"https://data-dbg.krx.co.kr/svc/apis/sto/stk_bydd_trd?basDd=20120928 (KOSPI, 현대중공업 ; 종가 252500 × 상장주식수 76000000 = 시가총액 19190000000000)",4
HD한국조선해양,009540,2012Q4,2012-12-31,분기말 자산총계,49273175894000,공시,https://dart.fss.or.kr/dsaf001/main.do?rcpNo=20130401002948,4
HD한국조선해양,009540,2012Q4,2012-12-31,분기말 부채총계,30531824699000,공시,https://dart.fss.or.kr/dsaf001/main.do?rcpNo=20130401002948,4
HD한국조선해양,009540,2012Q4,2012-12-31,분기말 총자본(자기자본),18741351195000,공시,https://dart.fss.or.kr/dsaf001/main.do?rcpNo=20130401002948,4
HD한국조선해양,009540,2012Q4,2012-12-31,분기별 매출액,14135968519000,계산(연간-3분기누적),https://dart.fss.or.kr/dsaf001/main.do?rcpNo=20130401002948 ; https://dart.fss.or.kr/dsaf001/main.do?rcpNo=20121129000789,4
HD한국조선해양,009540,2012Q4,2012-12-31,분기별 영업이익,71506742000,계산(연간-3분기누적),https://dart.fss.or.kr/dsaf001/main.do?rcpNo=20130401002948 ; https://dart.fss.or.kr/dsaf001/main.do?rcpNo=20121129000789,4
HD한국조선해양,009540,2012Q4,2012-12-31,분기별 당기순이익(지배),-338885060000,계산(연간-3분기누적),https://dart.fss.or.kr/dsaf001/main.do?rcpNo=20130401002948 ; https://dart.fss.or.kr/dsaf001/main.do?rcpNo=20121129000789,4
HD한국조선해양,009540,2012Q4,2012-12-31,분기별 영업활동현금흐름,-331439862000,계산(누적차감),https://dart.fss.or.kr/dsaf001/main.do?rcpNo=20130401002948 ; https://dart.fss.or.kr/dsaf001/main.do?rcpNo=20121129000789,4
HD한국조선해양,009540,2012Q4,2012-12-31,분기말 지배지분 자본,16880830862000,공시,https://dart.fss.or.kr/dsaf001/main.do?rcpNo=20130401002948,4
HD한국조선해양,009540,2012Q4,2012-12-28,분기말 종가,242000,API,"https://data-dbg.krx.co.kr/svc/apis/sto/stk_bydd_trd?basDd=20121228 (KOSPI, 현대중공업 ; 종가 242000 × 상장주식수 76000000 = 시가총액 18392000000000)",4
HD한국조선해양,009540,2012Q4,2012-12-28,분기말 상장주식수,76000000,API,"https://data-dbg.krx.co.kr/svc/apis/sto/stk_bydd_trd?basDd=20121228 (KOSPI, 현대중공업 ; 종가 242000 × 상장주식수 76000000 = 시가총액 18392000000000)",4
HD한국조선해양,009540,2012Q4,2012-12-28,분기말 시가총액,18392000000000,API,"https://data-dbg.krx.co.kr/svc/apis/sto/stk_bydd_trd?basDd=20121228 (KOSPI, 현대중공업 ; 종가 242000 × 상장주식수 76000000 = 시가총액 18392000000000)",4
HD한국조선해양,009540,2013Q1,2013-03-31,분기말 자산총계,52529898076000,공시,https://dart.fss.or.kr/dsaf001/main.do?rcpNo=20130515001408,4
HD한국조선해양,009540,2013Q1,2013-03-31,분기말 부채총계,33529988775000,공시,https://dart.fss.or.kr/dsaf001/main.do?rcpNo=20130515001408,4
HD한국조선해양,009540,2013Q1,2013-03-31,분기말 총자본(자기자본),18999909301000,공시,https://dart.fss.or.kr/dsaf001/main.do?rcpNo=20130515001408,4
HD한국조선해양,009540,2013Q1,2013-03-31,분기별 매출액,13142884091000,공시,https://dart.fss.or.kr/dsaf001/main.do?rcpNo=20130515001408,4
HD한국조선해양,009540,2013Q1,2013-03-31,분기별 영업이익,377714396000,공시,https://dart.fss.or.kr/dsaf001/main.do?rcpNo=20130515001408,4
HD한국조선해양,009540,2013Q1,2013-03-31,분기별 당기순이익(지배),318418240000,공시,https://dart.fss.or.kr/dsaf001/main.do?rcpNo=20130515001408,4
HD한국조선해양,009540,2013Q1,2013-03-31,분기별 영업활동현금흐름,975627432000,공시,https://dart.fss.or.kr/dsaf001/main.do?rcpNo=20130515001408,4
HD한국조선해양,009540,2013Q1,2013-03-31,분기말 지배지분 자본,17166502978000,공시,https://dart.fss.or.kr/dsaf001/main.do?rcpNo=20130515001408,4
HD한국조선해양,009540,2013Q1,2013-03-29,분기말 종가,211000,API,"https://data-dbg.krx.co.kr/svc/apis/sto/stk_bydd_trd?basDd=20130329 (KOSPI, 현대중공업 ; 종가 211000 × 상장주식수 76000000 = 시가총액 16036000000000)",4
HD한국조선해양,009540,2013Q1,2013-03-29,분기말 상장주식수,76000000,API,"https://data-dbg.krx.co.kr/svc/apis/sto/stk_bydd_trd?basDd=20130329 (KOSPI, 현대중공업 ; 종가 211000 × 상장주식수 76000000 = 시가총액 16036000000000)",4
HD한국조선해양,009540,2013Q1,2013-03-29,분기말 시가총액,16036000000000,API,"https://data-dbg.krx.co.kr/svc/apis/sto/stk_bydd_trd?basDd=20130329 (KOSPI, 현대중공업 ; 종가 211000 × 상장주식수 76000000 = 시가총액 16036000000000)",4
HD한국조선해양,009540,2013Q2,2013-06-30,분기말 자산총계,52709785914000,공시,https://dart.fss.or.kr/dsaf001/main.do?rcpNo=20130814001388,4
HD한국조선해양,009540,2013Q2,2013-06-30,분기말 부채총계,33610452420000,공시,https://dart.fss.or.kr/dsaf001/main.do?rcpNo=20130814001388,4
HD한국조선해양,009540,2013Q2,2013-06-30,분기말 총자본(자기자본),19099333494000,공시,https://dart.fss.or.kr/dsaf001/main.do?rcpNo=20130814001388,4
HD한국조선해양,009540,2013Q2,2013-06-30,분기별 매출액,13091013823000,공시,https://dart.fss.or.kr/dsaf001/main.do?rcpNo=20130814001388,4
HD한국조선해양,009540,2013Q2,2013-06-30,분기별 영업이익,288970235000,공시,https://dart.fss.or.kr/dsaf001/main.do?rcpNo=20130814001388,4
HD한국조선해양,009540,2013Q2,2013-06-30,분기별 당기순이익(지배),98184081000,공시,https://dart.fss.or.kr/dsaf001/main.do?rcpNo=20130814001388,4
HD한국조선해양,009540,2013Q2,2013-06-30,분기별 영업활동현금흐름,924009527000,계산(누적차감),https://dart.fss.or.kr/dsaf001/main.do?rcpNo=20130814001388 ; https://dart.fss.or.kr/dsaf001/main.do?rcpNo=20130515001408,4
HD한국조선해양,009540,2013Q2,2013-06-30,분기말 지배지분 자본,17268108627000,공시,https://dart.fss.or.kr/dsaf001/main.do?rcpNo=20130814001388,4
HD한국조선해양,009540,2013Q2,2013-06-28,분기말 종가,183500,API,"https://data-dbg.krx.co.kr/svc/apis/sto/stk_bydd_trd?basDd=20130628 (KOSPI, 현대중공업 ; 종가 183500 × 상장주식수 76000000 = 시가총액 13946000000000)",4
HD한국조선해양,009540,2013Q2,2013-06-28,분기말 상장주식수,76000000,API,"https://data-dbg.krx.co.kr/svc/apis/sto/stk_bydd_trd?basDd=20130628 (KOSPI, 현대중공업 ; 종가 183500 × 상장주식수 76000000 = 시가총액 13946000000000)",4
HD한국조선해양,009540,2013Q2,2013-06-28,분기말 시가총액,13946000000000,API,"https://data-dbg.krx.co.kr/svc/apis/sto/stk_bydd_trd?basDd=20130628 (KOSPI, 현대중공업 ; 종가 183500 × 상장주식수 76000000 = 시가총액 13946000000000)",4
HD한국조선해양,009540,2013Q3,2013-09-30,분기말 자산총계,52949136460000,공시,https://dart.fss.or.kr/dsaf001/main.do?rcpNo=20131114001327,4
HD한국조선해양,009540,2013Q3,2013-09-30,분기말 부채총계,33635169246000,공시,https://dart.fss.or.kr/dsaf001/main.do?rcpNo=20131114001327,4
HD한국조선해양,009540,2013Q3,2013-09-30,분기말 총자본(자기자본),19313967214000,공시,https://dart.fss.or.kr/dsaf001/main.do?rcpNo=20131114001327,4
HD한국조선해양,009540,2013Q3,2013-09-30,분기별 매출액,13138414558000,공시,https://dart.fss.or.kr/dsaf001/main.do?rcpNo=20131114001327,4
HD한국조선해양,009540,2013Q3,2013-09-30,분기별 영업이익,222381580000,공시,https://dart.fss.or.kr/dsaf001/main.do?rcpNo=20131114001327,4
HD한국조선해양,009540,2013Q3,2013-09-30,분기별 당기순이익(지배),25404983000,공시,https://dart.fss.or.kr/dsaf001/main.do?rcpNo=20131114001327,4
HD한국조선해양,009540,2013Q3,2013-09-30,분기별 영업활동현금흐름,-1068421522000,계산(누적차감),https://dart.fss.or.kr/dsaf001/main.do?rcpNo=20131114001327 ; https://dart.fss.or.kr/dsaf001/main.do?rcpNo=20130814001388,4
HD한국조선해양,009540,2013Q3,2013-09-30,분기말 지배지분 자본,17470304977000,공시,https://dart.fss.or.kr/dsaf001/main.do?rcpNo=20131114001327,4
HD한국조선해양,009540,2013Q3,2013-09-30,분기말 종가,264000,API,"https://data-dbg.krx.co.kr/svc/apis/sto/stk_bydd_trd?basDd=20130930 (KOSPI, 현대중공업 ; 종가 264000 × 상장주식수 76000000 = 시가총액 20064000000000)",4
HD한국조선해양,009540,2013Q3,2013-09-30,분기말 상장주식수,76000000,API,"https://data-dbg.krx.co.kr/svc/apis/sto/stk_bydd_trd?basDd=20130930 (KOSPI, 현대중공업 ; 종가 264000 × 상장주식수 76000000 = 시가총액 20064000000000)",4
HD한국조선해양,009540,2013Q3,2013-09-30,분기말 시가총액,20064000000000,API,"https://data-dbg.krx.co.kr/svc/apis/sto/stk_bydd_trd?basDd=20130930 (KOSPI, 현대중공업 ; 종가 264000 × 상장주식수 76000000 = 시가총액 20064000000000)",4
HD한국조선해양,009540,2013Q4,2013-12-31,분기말 자산총계,53204971621000,공시,https://dart.fss.or.kr/dsaf001/main.do?rcpNo=20140331003590,4
HD한국조선해양,009540,2013Q4,2013-12-31,분기말 부채총계,34175379864000,공시,https://dart.fss.or.kr/dsaf001/main.do?rcpNo=20140331003590,4
HD한국조선해양,009540,2013Q4,2013-12-31,분기말 총자본(자기자본),19029591757000,공시,https://dart.fss.or.kr/dsaf001/main.do?rcpNo=20140331003590,4
HD한국조선해양,009540,2013Q4,2013-12-31,분기별 매출액,14815783844000,계산(연간-3분기누적),https://dart.fss.or.kr/dsaf001/main.do?rcpNo=20140331003590 ; https://dart.fss.or.kr/dsaf001/main.do?rcpNo=20131114001327,4
HD한국조선해양,009540,2013Q4,2013-12-31,분기별 영업이익,-87083195000,계산(연간-3분기누적),https://dart.fss.or.kr/dsaf001/main.do?rcpNo=20140331003590 ; https://dart.fss.or.kr/dsaf001/main.do?rcpNo=20131114001327,4
HD한국조선해양,009540,2013Q4,2013-12-31,분기별 당기순이익(지배),-163301786000,계산(연간-3분기누적),https://dart.fss.or.kr/dsaf001/main.do?rcpNo=20140331003590 ; https://dart.fss.or.kr/dsaf001/main.do?rcpNo=20131114001327,4
HD한국조선해양,009540,2013Q4,2013-12-31,분기별 영업활동현금흐름,-338415951000,계산(누적차감),https://dart.fss.or.kr/dsaf001/main.do?rcpNo=20140331003590 ; https://dart.fss.or.kr/dsaf001/main.do?rcpNo=20131114001327,4
HD한국조선해양,009540,2013Q4,2013-12-31,분기말 지배지분 자본,17249598610000,공시,https://dart.fss.or.kr/dsaf001/main.do?rcpNo=20140331003590,4
HD한국조선해양,009540,2013Q4,2013-12-30,분기말 종가,257000,API,"https://data-dbg.krx.co.kr/svc/apis/sto/stk_bydd_trd?basDd=20131230 (KOSPI, 현대중공업 ; 종가 257000 × 상장주식수 76000000 = 시가총액 19532000000000)",4
HD한국조선해양,009540,2013Q4,2013-12-30,분기말 상장주식수,76000000,API,"https://data-dbg.krx.co.kr/svc/apis/sto/stk_bydd_trd?basDd=20131230 (KOSPI, 현대중공업 ; 종가 257000 × 상장주식수 76000000 = 시가총액 19532000000000)",4
HD한국조선해양,009540,2013Q4,2013-12-30,분기말 시가총액,19532000000000,API,"https://data-dbg.krx.co.kr/svc/apis/sto/stk_bydd_trd?basDd=20131230 (KOSPI, 현대중공업 ; 종가 257000 × 상장주식수 76000000 = 시가총액 19532000000000)",4
HD한국조선해양,009540,2014Q1,2014-03-31,분기말 자산총계,53307639518000,공시,https://dart.fss.or.kr/dsaf001/main.do?rcpNo=20140515001438,4
HD한국조선해양,009540,2014Q1,2014-03-31,분기말 부채총계,34328084067000,공시,https://dart.fss.or.kr/dsaf001/main.do?rcpNo=20140515001438,4
HD한국조선해양,009540,2014Q1,2014-03-31,분기말 총자본(자기자본),18979555451000,공시,https://dart.fss.or.kr/dsaf001/main.do?rcpNo=20140515001438,4
HD한국조선해양,009540,2014Q1,2014-03-31,분기별 매출액,13520770956000,공시,https://dart.fss.or.kr/dsaf001/main.do?rcpNo=20140515001438,4
HD한국조선해양,009540,2014Q1,2014-03-31,분기별 영업이익,-188876096000,공시,https://dart.fss.or.kr/dsaf001/main.do?rcpNo=20140515001438,4
HD한국조선해양,009540,2014Q1,2014-03-31,분기별 당기순이익(지배),-58318615000,공시,https://dart.fss.or.kr/dsaf001/main.do?rcpNo=20140515001438,4
HD한국조선해양,009540,2014Q1,2014-03-31,분기별 영업활동현금흐름,983973487000,공시,https://dart.fss.or.kr/dsaf001/main.do?rcpNo=20140515001438,4
HD한국조선해양,009540,2014Q1,2014-03-31,분기말 지배지분 자본,17217485930000,공시,https://dart.fss.or.kr/dsaf001/main.do?rcpNo=20140515001438,4
HD한국조선해양,009540,2014Q1,2014-03-31,분기말 종가,211000,API,"https://data-dbg.krx.co.kr/svc/apis/sto/stk_bydd_trd?basDd=20140331 (KOSPI, 현대중공업 ; 종가 211000 × 상장주식수 76000000 = 시가총액 16036000000000)",4
HD한국조선해양,009540,2014Q1,2014-03-31,분기말 상장주식수,76000000,API,"https://data-dbg.krx.co.kr/svc/apis/sto/stk_bydd_trd?basDd=20140331 (KOSPI, 현대중공업 ; 종가 211000 × 상장주식수 76000000 = 시가총액 16036000000000)",4
HD한국조선해양,009540,2014Q1,2014-03-31,분기말 시가총액,16036000000000,API,"https://data-dbg.krx.co.kr/svc/apis/sto/stk_bydd_trd?basDd=20140331 (KOSPI, 현대중공업 ; 종가 211000 × 상장주식수 76000000 = 시가총액 16036000000000)",4
HD한국조선해양,009540,2014Q2,2014-06-30,분기말 자산총계,54346727528000,공시,https://dart.fss.or.kr/dsaf001/main.do?rcpNo=20140814001112,4
HD한국조선해양,009540,2014Q2,2014-06-30,분기말 부채총계,36089879418000,공시,https://dart.fss.or.kr/dsaf001/main.do?rcpNo=20140814001112,4
HD한국조선해양,009540,2014Q2,2014-06-30,분기말 총자본(자기자본),18256848110000,공시,https://dart.fss.or.kr/dsaf001/main.do?rcpNo=20140814001112,4
HD한국조선해양,009540,2014Q2,2014-06-30,분기별 매출액,12811499861000,공시,https://dart.fss.or.kr/dsaf001/main.do?rcpNo=20140814001112,4
HD한국조선해양,009540,2014Q2,2014-06-30,분기별 영업이익,-1103733592000,공시,https://dart.fss.or.kr/dsaf001/main.do?rcpNo=20140814001112,4
HD한국조선해양,009540,2014Q2,2014-06-30,분기별 당기순이익(지배),-489031434000,공시,https://dart.fss.or.kr/dsaf001/main.do?rcpNo=20140814001112,4
HD한국조선해양,009540,2014Q2,2014-06-30,분기별 영업활동현금흐름,785152738000,계산(누적차감),https://dart.fss.or.kr/dsaf001/main.do?rcpNo=20140814001112 ; https://dart.fss.or.kr/dsaf001/main.do?rcpNo=20140515001438,4
HD한국조선해양,009540,2014Q2,2014-06-30,분기말 지배지분 자본,16602626090000,공시,https://dart.fss.or.kr/dsaf001/main.do?rcpNo=20140814001112,4
HD한국조선해양,009540,2014Q2,2014-06-30,분기말 종가,177000,API,"https://data-dbg.krx.co.kr/svc/apis/sto/stk_bydd_trd?basDd=20140630 (KOSPI, 현대중공업 ; 종가 177000 × 상장주식수 76000000 = 시가총액 13452000000000)",4
HD한국조선해양,009540,2014Q2,2014-06-30,분기말 상장주식수,76000000,API,"https://data-dbg.krx.co.kr/svc/apis/sto/stk_bydd_trd?basDd=20140630 (KOSPI, 현대중공업 ; 종가 177000 × 상장주식수 76000000 = 시가총액 13452000000000)",4
HD한국조선해양,009540,2014Q2,2014-06-30,분기말 시가총액,13452000000000,API,"https://data-dbg.krx.co.kr/svc/apis/sto/stk_bydd_trd?basDd=20140630 (KOSPI, 현대중공업 ; 종가 177000 × 상장주식수 76000000 = 시가총액 13452000000000)",4
HD한국조선해양,009540,2014Q3,2014-09-30,분기말 자산총계,53981743837000,공시,https://dart.fss.or.kr/dsaf001/main.do?rcpNo=20141114001063,4
HD한국조선해양,009540,2014Q3,2014-09-30,분기말 부채총계,37132808617000,공시,https://dart.fss.or.kr/dsaf001/main.do?rcpNo=20141114001063,4
HD한국조선해양,009540,2014Q3,2014-09-30,분기말 총자본(자기자본),16848935220000,공시,https://dart.fss.or.kr/dsaf001/main.do?rcpNo=20141114001063,4
HD한국조선해양,009540,2014Q3,2014-09-30,분기별 매출액,12404037969000,공시,https://dart.fss.or.kr/dsaf001/main.do?rcpNo=20141114001063,4
HD한국조선해양,009540,2014Q3,2014-09-30,분기별 영업이익,-1934645432000,공시,https://dart.fss.or.kr/dsaf001/main.do?rcpNo=20141114001063,4
HD한국조선해양,009540,2014Q3,2014-09-30,분기별 당기순이익(지배),-1175486558000,공시,https://dart.fss.or.kr/dsaf001/main.do?rcpNo=20141114001063,4
HD한국조선해양,009540,2014Q3,2014-09-30,분기별 영업활동현금흐름,-191737909000,계산(누적차감),https://dart.fss.or.kr/dsaf001/main.do?rcpNo=20141114001063 ; https://dart.fss.or.kr/dsaf001/main.do?rcpNo=20140814001112,4
HD한국조선해양,009540,2014Q3,2014-09-30,분기말 지배지분 자본,15379805066000,공시,https://dart.fss.or.kr/dsaf001/main.do?rcpNo=20141114001063,4
HD한국조선해양,009540,2014Q3,2014-09-30,분기말 종가,137500,API,"https://data-dbg.krx.co.kr/svc/apis/sto/stk_bydd_trd?basDd=20140930 (KOSPI, 현대중공업 ; 종가 137500 × 상장주식수 76000000 = 시가총액 10450000000000)",4
HD한국조선해양,009540,2014Q3,2014-09-30,분기말 상장주식수,76000000,API,"https://data-dbg.krx.co.kr/svc/apis/sto/stk_bydd_trd?basDd=20140930 (KOSPI, 현대중공업 ; 종가 137500 × 상장주식수 76000000 = 시가총액 10450000000000)",4
HD한국조선해양,009540,2014Q3,2014-09-30,분기말 시가총액,10450000000000,API,"https://data-dbg.krx.co.kr/svc/apis/sto/stk_bydd_trd?basDd=20140930 (KOSPI, 현대중공업 ; 종가 137500 × 상장주식수 76000000 = 시가총액 10450000000000)",4
HD한국조선해양,009540,2014Q4,2014-12-31,분기말 자산총계,53113762940000,공시(재작성 반영),https://dart.fss.or.kr/dsaf001/main.do?rcpNo=20150602000270 ; 재작성 출처: https://dart.fss.or.kr/dsaf001/main.do?rcpNo=20180710000623,4
HD한국조선해양,009540,2014Q4,2014-12-31,분기말 부채총계,36535523801000,공시(재작성 반영),https://dart.fss.or.kr/dsaf001/main.do?rcpNo=20150602000270 ; 재작성 출처: https://dart.fss.or.kr/dsaf001/main.do?rcpNo=20180710000623,4
HD한국조선해양,009540,2014Q4,2014-12-31,분기말 총자본(자기자본),16578239139000,공시(재작성 반영),https://dart.fss.or.kr/dsaf001/main.do?rcpNo=20150602000270 ; 재작성 출처: https://dart.fss.or.kr/dsaf001/main.do?rcpNo=20180710000623,4
HD한국조선해양,009540,2014Q4,2014-12-31,분기별 매출액,13846095419000,계산(연간-3분기누적),https://dart.fss.or.kr/dsaf001/main.do?rcpNo=20150602000270 ; https://dart.fss.or.kr/dsaf001/main.do?rcpNo=20141114001063,4
HD한국조선해양,009540,2014Q4,2014-12-31,분기별 영업이익,-22199845000,계산(연간-3분기누적),https://dart.fss.or.kr/dsaf001/main.do?rcpNo=20150602000270 ; https://dart.fss.or.kr/dsaf001/main.do?rcpNo=20141114001063,4
HD한국조선해양,009540,2014Q4,2014-12-31,분기별 당기순이익(지배),-46377904000,계산(연간-3분기누적),https://dart.fss.or.kr/dsaf001/main.do?rcpNo=20150602000270 ; https://dart.fss.or.kr/dsaf001/main.do?rcpNo=20141114001063,4
HD한국조선해양,009540,2014Q4,2014-12-31,분기별 영업활동현금흐름,-70713568000,계산(누적차감),https://dart.fss.or.kr/dsaf001/main.do?rcpNo=20150602000270 ; https://dart.fss.or.kr/dsaf001/main.do?rcpNo=20141114001063,4
HD한국조선해양,009540,2014Q4,2014-12-31,분기말 지배지분 자본,15174165547000,공시(재작성 반영),https://dart.fss.or.kr/dsaf001/main.do?rcpNo=20150602000270 ; 재작성 출처: https://dart.fss.or.kr/dsaf001/main.do?rcpNo=20180710000623,4
HD한국조선해양,009540,2014Q4,2014-12-30,분기말 종가,115000,API,"https://data-dbg.krx.co.kr/svc/apis/sto/stk_bydd_trd?basDd=20141230 (KOSPI, 현대중공업 ; 종가 115000 × 상장주식수 76000000 = 시가총액 8740000000000)",4
HD한국조선해양,009540,2014Q4,2014-12-30,분기말 상장주식수,76000000,API,"https://data-dbg.krx.co.kr/svc/apis/sto/stk_bydd_trd?basDd=20141230 (KOSPI, 현대중공업 ; 종가 115000 × 상장주식수 76000000 = 시가총액 8740000000000)",4
HD한국조선해양,009540,2014Q4,2014-12-30,분기말 시가총액,8740000000000,API,"https://data-dbg.krx.co.kr/svc/apis/sto/stk_bydd_trd?basDd=20141230 (KOSPI, 현대중공업 ; 종가 115000 × 상장주식수 76000000 = 시가총액 8740000000000)",4
HD한국조선해양,009540,2015Q1,2015-03-31,분기말 자산총계,53742047997000,공시,https://dart.fss.or.kr/dsaf001/main.do?rcpNo=20150515002370,4
HD한국조선해양,009540,2015Q1,2015-03-31,분기말 부채총계,37115792616000,공시,https://dart.fss.or.kr/dsaf001/main.do?rcpNo=20150515002370,4
HD한국조선해양,009540,2015Q1,2015-03-31,분기말 총자본(자기자본),16626255381000,공시,https://dart.fss.or.kr/dsaf001/main.do?rcpNo=20150515002370,4
HD한국조선해양,009540,2015Q1,2015-03-31,분기별 매출액,12228098428000,공시,https://dart.fss.or.kr/dsaf001/main.do?rcpNo=20150515002370,4
HD한국조선해양,009540,2015Q1,2015-03-31,분기별 영업이익,-192420306000,공시,https://dart.fss.or.kr/dsaf001/main.do?rcpNo=20150515002370,4
HD한국조선해양,009540,2015Q1,2015-03-31,분기별 당기순이익(지배),-138769709000,공시,https://dart.fss.or.kr/dsaf001/main.do?rcpNo=20150515002370,4
HD한국조선해양,009540,2015Q1,2015-03-31,분기별 영업활동현금흐름,-1618097938000,공시,https://dart.fss.or.kr/dsaf001/main.do?rcpNo=20150515002370,4
HD한국조선해양,009540,2015Q1,2015-03-31,분기말 지배지분 자본,15159240165000,공시,https://dart.fss.or.kr/dsaf001/main.do?rcpNo=20150515002370,4
HD한국조선해양,009540,2015Q1,2015-03-31,분기말 종가,122000,API,"https://data-dbg.krx.co.kr/svc/apis/sto/stk_bydd_trd?basDd=20150331 (KOSPI, 현대중공업 ; 종가 122000 × 상장주식수 76000000 = 시가총액 9272000000000)",4
HD한국조선해양,009540,2015Q1,2015-03-31,분기말 상장주식수,76000000,API,"https://data-dbg.krx.co.kr/svc/apis/sto/stk_bydd_trd?basDd=20150331 (KOSPI, 현대중공업 ; 종가 122000 × 상장주식수 76000000 = 시가총액 9272000000000)",4
HD한국조선해양,009540,2015Q1,2015-03-31,분기말 시가총액,9272000000000,API,"https://data-dbg.krx.co.kr/svc/apis/sto/stk_bydd_trd?basDd=20150331 (KOSPI, 현대중공업 ; 종가 122000 × 상장주식수 76000000 = 시가총액 9272000000000)",4
HD한국조선해양,009540,2015Q2,2015-06-30,분기말 자산총계,52203521790000,공시,https://dart.fss.or.kr/dsaf001/main.do?rcpNo=20150817001434,4
HD한국조선해양,009540,2015Q2,2015-06-30,분기말 부채총계,36002090955000,공시,https://dart.fss.or.kr/dsaf001/main.do?rcpNo=20150817001434,4
HD한국조선해양,009540,2015Q2,2015-06-30,분기말 총자본(자기자본),16201430835000,공시,https://dart.fss.or.kr/dsaf001/main.do?rcpNo=20150817001434,4
HD한국조선해양,009540,2015Q2,2015-06-30,분기별 매출액,11946104505000,공시,https://dart.fss.or.kr/dsaf001/main.do?rcpNo=20150817001434,4
HD한국조선해양,009540,2015Q2,2015-06-30,분기별 영업이익,-170935285000,공시,https://dart.fss.or.kr/dsaf001/main.do?rcpNo=20150817001434,4
HD한국조선해양,009540,2015Q2,2015-06-30,분기별 당기순이익(지배),-241165765000,공시,https://dart.fss.or.kr/dsaf001/main.do?rcpNo=20150817001434,4
HD한국조선해양,009540,2015Q2,2015-06-30,분기별 영업활동현금흐름,242644384000,계산(누적차감),https://dart.fss.or.kr/dsaf001/main.do?rcpNo=20150817001434 ; https://dart.fss.or.kr/dsaf001/main.do?rcpNo=20150515002370,4
HD한국조선해양,009540,2015Q2,2015-06-30,분기말 지배지분 자본,14726618193000,공시,https://dart.fss.or.kr/dsaf001/main.do?rcpNo=20150817001434,4
HD한국조선해양,009540,2015Q2,2015-06-30,분기말 종가,111000,API,"https://data-dbg.krx.co.kr/svc/apis/sto/stk_bydd_trd?basDd=20150630 (KOSPI, 현대중공업 ; 종가 111000 × 상장주식수 76000000 = 시가총액 8436000000000)",4
HD한국조선해양,009540,2015Q2,2015-06-30,분기말 상장주식수,76000000,API,"https://data-dbg.krx.co.kr/svc/apis/sto/stk_bydd_trd?basDd=20150630 (KOSPI, 현대중공업 ; 종가 111000 × 상장주식수 76000000 = 시가총액 8436000000000)",4
HD한국조선해양,009540,2015Q2,2015-06-30,분기말 시가총액,8436000000000,API,"https://data-dbg.krx.co.kr/svc/apis/sto/stk_bydd_trd?basDd=20150630 (KOSPI, 현대중공업 ; 종가 111000 × 상장주식수 76000000 = 시가총액 8436000000000)",4
HD한국조선해양,009540,2015Q3,2015-09-30,분기말 자산총계,52039194712000,공시,https://dart.fss.or.kr/dsaf001/main.do?rcpNo=20151116001069,4
HD한국조선해양,009540,2015Q3,2015-09-30,분기말 부채총계,36461221994000,공시,https://dart.fss.or.kr/dsaf001/main.do?rcpNo=20151116001069,4
HD한국조선해양,009540,2015Q3,2015-09-30,분기말 총자본(자기자본),15577972718000,공시,https://dart.fss.or.kr/dsaf001/main.do?rcpNo=20151116001069,4
HD한국조선해양,009540,2015Q3,2015-09-30,분기별 매출액,10918366046000,공시,https://dart.fss.or.kr/dsaf001/main.do?rcpNo=20151116001069,4
HD한국조선해양,009540,2015Q3,2015-09-30,분기별 영업이익,-897668598000,공시,https://dart.fss.or.kr/dsaf001/main.do?rcpNo=20151116001069,4
HD한국조선해양,009540,2015Q3,2015-09-30,분기별 당기순이익(지배),-600246379000,공시,https://dart.fss.or.kr/dsaf001/main.do?rcpNo=20151116001069,4
HD한국조선해양,009540,2015Q3,2015-09-30,분기별 영업활동현금흐름,176451234000,계산(누적차감),https://dart.fss.or.kr/dsaf001/main.do?rcpNo=20151116001069 ; https://dart.fss.or.kr/dsaf001/main.do?rcpNo=20150817001434,4
HD한국조선해양,009540,2015Q3,2015-09-30,분기말 지배지분 자본,14030377163000,공시,https://dart.fss.or.kr/dsaf001/main.do?rcpNo=20151116001069,4
HD한국조선해양,009540,2015Q3,2015-09-30,분기말 종가,96500,API,"https://data-dbg.krx.co.kr/svc/apis/sto/stk_bydd_trd?basDd=20150930 (KOSPI, 현대중공업 ; 종가 96500 × 상장주식수 76000000 = 시가총액 7334000000000)",4
HD한국조선해양,009540,2015Q3,2015-09-30,분기말 상장주식수,76000000,API,"https://data-dbg.krx.co.kr/svc/apis/sto/stk_bydd_trd?basDd=20150930 (KOSPI, 현대중공업 ; 종가 96500 × 상장주식수 76000000 = 시가총액 7334000000000)",4
HD한국조선해양,009540,2015Q3,2015-09-30,분기말 시가총액,7334000000000,API,"https://data-dbg.krx.co.kr/svc/apis/sto/stk_bydd_trd?basDd=20150930 (KOSPI, 현대중공업 ; 종가 96500 × 상장주식수 76000000 = 시가총액 7334000000000)",4
HD한국조선해양,009540,2015Q4,2015-12-31,분기말 자산총계,49469064992000,공시,https://dart.fss.or.kr/dsaf001/main.do?rcpNo=20180710000623,4
HD한국조선해양,009540,2015Q4,2015-12-31,분기말 부채총계,34042961419000,공시,https://dart.fss.or.kr/dsaf001/main.do?rcpNo=20180710000623,4
HD한국조선해양,009540,2015Q4,2015-12-31,분기말 총자본(자기자본),15426103573000,공시,https://dart.fss.or.kr/dsaf001/main.do?rcpNo=20180710000623,4
HD한국조선해양,009540,2015Q4,2015-12-31,분기별 매출액,11225071172000,계산(연간-3분기누적),https://dart.fss.or.kr/dsaf001/main.do?rcpNo=20180710000623 ; https://dart.fss.or.kr/dsaf001/main.do?rcpNo=20151116001069,4
HD한국조선해양,009540,2015Q4,2015-12-31,분기별 영업이익,-323881731000,계산(연간-3분기누적),https://dart.fss.or.kr/dsaf001/main.do?rcpNo=20180710000623 ; https://dart.fss.or.kr/dsaf001/main.do?rcpNo=20151116001069,4
HD한국조선해양,009540,2015Q4,2015-12-31,분기별 당기순이익(지배),-369670551000,계산(연간-3분기누적),https://dart.fss.or.kr/dsaf001/main.do?rcpNo=20180710000623 ; https://dart.fss.or.kr/dsaf001/main.do?rcpNo=20151116001069,4
HD한국조선해양,009540,2015Q4,2015-12-31,분기별 영업활동현금흐름,561566393000,계산(누적차감),https://dart.fss.or.kr/dsaf001/main.do?rcpNo=20180710000623 ; https://dart.fss.or.kr/dsaf001/main.do?rcpNo=20151116001069,4
HD한국조선해양,009540,2015Q4,2015-12-31,분기말 지배지분 자본,13736562492000,공시,https://dart.fss.or.kr/dsaf001/main.do?rcpNo=20180710000623,4
HD한국조선해양,009540,2015Q4,2015-12-30,분기말 종가,87800,API,"https://data-dbg.krx.co.kr/svc/apis/sto/stk_bydd_trd?basDd=20151230 (KOSPI, 현대중공업 ; 종가 87800 × 상장주식수 76000000 = 시가총액 6672800000000)",4
HD한국조선해양,009540,2015Q4,2015-12-30,분기말 상장주식수,76000000,API,"https://data-dbg.krx.co.kr/svc/apis/sto/stk_bydd_trd?basDd=20151230 (KOSPI, 현대중공업 ; 종가 87800 × 상장주식수 76000000 = 시가총액 6672800000000)",4
HD한국조선해양,009540,2015Q4,2015-12-30,분기말 시가총액,6672800000000,API,"https://data-dbg.krx.co.kr/svc/apis/sto/stk_bydd_trd?basDd=20151230 (KOSPI, 현대중공업 ; 종가 87800 × 상장주식수 76000000 = 시가총액 6672800000000)",4
HD한국조선해양,009540,2016Q1,2016-03-31,분기말 자산총계,50057068379000,공시,https://dart.fss.or.kr/dsaf001/main.do?rcpNo=20160516003660,4
HD한국조선해양,009540,2016Q1,2016-03-31,분기말 부채총계,34350662731000,공시,https://dart.fss.or.kr/dsaf001/main.do?rcpNo=20160516003660,4
HD한국조선해양,009540,2016Q1,2016-03-31,분기말 총자본(자기자본),15706405648000,공시,https://dart.fss.or.kr/dsaf001/main.do?rcpNo=20160516003660,4
HD한국조선해양,009540,2016Q1,2016-03-31,분기별 매출액,10272794902000,공시,https://dart.fss.or.kr/dsaf001/main.do?rcpNo=20160516003660,4
HD한국조선해양,009540,2016Q1,2016-03-31,분기별 영업이익,325191543000,공시,https://dart.fss.or.kr/dsaf001/main.do?rcpNo=20160516003660,4
HD한국조선해양,009540,2016Q1,2016-03-31,분기별 당기순이익(지배),208573433000,공시,https://dart.fss.or.kr/dsaf001/main.do?rcpNo=20160516003660,4
HD한국조선해양,009540,2016Q1,2016-03-31,분기별 영업활동현금흐름,1333128394000,공시,https://dart.fss.or.kr/dsaf001/main.do?rcpNo=20160516003660,4
HD한국조선해양,009540,2016Q1,2016-03-31,분기말 지배지분 자본,13934920691000,공시,https://dart.fss.or.kr/dsaf001/main.do?rcpNo=20160516003660,4
HD한국조선해양,009540,2016Q1,2016-03-31,분기말 종가,106500,API,"https://data-dbg.krx.co.kr/svc/apis/sto/stk_bydd_trd?basDd=20160331 (KOSPI, 현대중공업 ; 종가 106500 × 상장주식수 76000000 = 시가총액 8094000000000)",4
HD한국조선해양,009540,2016Q1,2016-03-31,분기말 상장주식수,76000000,API,"https://data-dbg.krx.co.kr/svc/apis/sto/stk_bydd_trd?basDd=20160331 (KOSPI, 현대중공업 ; 종가 106500 × 상장주식수 76000000 = 시가총액 8094000000000)",4
HD한국조선해양,009540,2016Q1,2016-03-31,분기말 시가총액,8094000000000,API,"https://data-dbg.krx.co.kr/svc/apis/sto/stk_bydd_trd?basDd=20160331 (KOSPI, 현대중공업 ; 종가 106500 × 상장주식수 76000000 = 시가총액 8094000000000)",4
HD한국조선해양,009540,2016Q2,2016-06-30,분기말 자산총계,50449467397000,공시,https://dart.fss.or.kr/dsaf001/main.do?rcpNo=20160816002161,4
HD한국조선해양,009540,2016Q2,2016-06-30,분기말 부채총계,32579198480000,공시,https://dart.fss.or.kr/dsaf001/main.do?rcpNo=20160816002161,4
HD한국조선해양,009540,2016Q2,2016-06-30,분기말 총자본(자기자본),17870268917000,공시,https://dart.fss.or.kr/dsaf001/main.do?rcpNo=20160816002161,4
HD한국조선해양,009540,2016Q2,2016-06-30,분기별 매출액,9862659425000,공시,https://dart.fss.or.kr/dsaf001/main.do?rcpNo=20160816002161,4
HD한국조선해양,009540,2016Q2,2016-06-30,분기별 영업이익,557189650000,공시,https://dart.fss.or.kr/dsaf001/main.do?rcpNo=20160816002161,4
HD한국조선해양,009540,2016Q2,2016-06-30,분기별 당기순이익(지배),292066737000,공시,https://dart.fss.or.kr/dsaf001/main.do?rcpNo=20160816002161,4
HD한국조선해양,009540,2016Q2,2016-06-30,분기별 영업활동현금흐름,1142874348000,계산(누적차감),https://dart.fss.or.kr/dsaf001/main.do?rcpNo=20160816002161 ; https://dart.fss.or.kr/dsaf001/main.do?rcpNo=20160516003660,4
HD한국조선해양,009540,2016Q2,2016-06-30,분기말 지배지분 자본,15876810789000,공시,https://dart.fss.or.kr/dsaf001/main.do?rcpNo=20160816002161,4
HD한국조선해양,009540,2016Q2,2016-06-30,분기말 종가,105500,API,"https://data-dbg.krx.co.kr/svc/apis/sto/stk_bydd_trd?basDd=20160630 (KOSPI, 현대중공업 ; 종가 105500 × 상장주식수 76000000 = 시가총액 8018000000000)",4
HD한국조선해양,009540,2016Q2,2016-06-30,분기말 상장주식수,76000000,API,"https://data-dbg.krx.co.kr/svc/apis/sto/stk_bydd_trd?basDd=20160630 (KOSPI, 현대중공업 ; 종가 105500 × 상장주식수 76000000 = 시가총액 8018000000000)",4
HD한국조선해양,009540,2016Q2,2016-06-30,분기말 시가총액,8018000000000,API,"https://data-dbg.krx.co.kr/svc/apis/sto/stk_bydd_trd?basDd=20160630 (KOSPI, 현대중공업 ; 종가 105500 × 상장주식수 76000000 = 시가총액 8018000000000)",4
HD한국조선해양,009540,2016Q3,2016-09-30,분기말 자산총계,48628122144000,공시,https://dart.fss.or.kr/dsaf001/main.do?rcpNo=20161230000264,4
HD한국조선해양,009540,2016Q3,2016-09-30,분기말 부채총계,30516015910000,공시,https://dart.fss.or.kr/dsaf001/main.do?rcpNo=20161230000264,4
HD한국조선해양,009540,2016Q3,2016-09-30,분기말 총자본(자기자본),18112106234000,공시,https://dart.fss.or.kr/dsaf001/main.do?rcpNo=20161230000264,4
HD한국조선해양,009540,2016Q3,2016-09-30,분기별 매출액,8839172079000,공시,https://dart.fss.or.kr/dsaf001/main.do?rcpNo=20161230000264,4
HD한국조선해양,009540,2016Q3,2016-09-30,분기별 영업이익,321780170000,공시,https://dart.fss.or.kr/dsaf001/main.do?rcpNo=20161230000264,4
HD한국조선해양,009540,2016Q3,2016-09-30,분기별 당기순이익(지배),295417242000,공시,https://dart.fss.or.kr/dsaf001/main.do?rcpNo=20161230000264,4
HD한국조선해양,009540,2016Q3,2016-09-30,분기별 영업활동현금흐름,-140840200000,계산(누적차감),https://dart.fss.or.kr/dsaf001/main.do?rcpNo=20161230000264 ; https://dart.fss.or.kr/dsaf001/main.do?rcpNo=20160816002161,4
HD한국조선해양,009540,2016Q3,2016-09-30,분기말 지배지분 자본,16145077802000,공시,https://dart.fss.or.kr/dsaf001/main.do?rcpNo=20161230000264,4
HD한국조선해양,009540,2016Q3,2016-09-30,분기말 종가,138000,API,"https://data-dbg.krx.co.kr/svc/apis/sto/stk_bydd_trd?basDd=20160930 (KOSPI, 현대중공업 ; 종가 138000 × 상장주식수 76000000 = 시가총액 10488000000000)",4
HD한국조선해양,009540,2016Q3,2016-09-30,분기말 상장주식수,76000000,API,"https://data-dbg.krx.co.kr/svc/apis/sto/stk_bydd_trd?basDd=20160930 (KOSPI, 현대중공업 ; 종가 138000 × 상장주식수 76000000 = 시가총액 10488000000000)",4
HD한국조선해양,009540,2016Q3,2016-09-30,분기말 시가총액,10488000000000,API,"https://data-dbg.krx.co.kr/svc/apis/sto/stk_bydd_trd?basDd=20160930 (KOSPI, 현대중공업 ; 종가 138000 × 상장주식수 76000000 = 시가총액 10488000000000)",4
HD한국조선해양,009540,2016Q4,2016-12-31,분기말 자산총계,48949259814000,공시,https://dart.fss.or.kr/dsaf001/main.do?rcpNo=20180710000633,4
HD한국조선해양,009540,2016Q4,2016-12-31,분기말 부채총계,31162698165000,공시,https://dart.fss.or.kr/dsaf001/main.do?rcpNo=20180710000633,4
HD한국조선해양,009540,2016Q4,2016-12-31,분기말 총자본(자기자본),17786561649000,공시,https://dart.fss.or.kr/dsaf001/main.do?rcpNo=20180710000633,4
HD한국조선해양,009540,2016Q4,2016-12-31,분기별 매출액,10345750886000,계산(연간-3분기누적),https://dart.fss.or.kr/dsaf001/main.do?rcpNo=20180710000633 ; https://dart.fss.or.kr/dsaf001/main.do?rcpNo=20161230000264,4
HD한국조선해양,009540,2016Q4,2016-12-31,분기별 영업이익,345483070000,계산(연간-3분기누적),https://dart.fss.or.kr/dsaf001/main.do?rcpNo=20180710000633 ; https://dart.fss.or.kr/dsaf001/main.do?rcpNo=20161230000264,4
HD한국조선해양,009540,2016Q4,2016-12-31,분기별 당기순이익(지배),-250886583000,계산(연간-3분기누적),https://dart.fss.or.kr/dsaf001/main.do?rcpNo=20180710000633 ; https://dart.fss.or.kr/dsaf001/main.do?rcpNo=20161230000264,4
HD한국조선해양,009540,2016Q4,2016-12-31,분기별 영업활동현금흐름,314040226000,계산(누적차감),https://dart.fss.or.kr/dsaf001/main.do?rcpNo=20180710000633 ; https://dart.fss.or.kr/dsaf001/main.do?rcpNo=20161230000264,4
HD한국조선해양,009540,2016Q4,2016-12-31,분기말 지배지분 자본,15936945307000,공시,https://dart.fss.or.kr/dsaf001/main.do?rcpNo=20180710000633,4
HD한국조선해양,009540,2016Q4,2016-12-29,분기말 종가,145500,API,"https://data-dbg.krx.co.kr/svc/apis/sto/stk_bydd_trd?basDd=20161229 (KOSPI, 현대중공업 ; 종가 145500 × 상장주식수 76000000 = 시가총액 11058000000000)",4
HD한국조선해양,009540,2016Q4,2016-12-29,분기말 상장주식수,76000000,API,"https://data-dbg.krx.co.kr/svc/apis/sto/stk_bydd_trd?basDd=20161229 (KOSPI, 현대중공업 ; 종가 145500 × 상장주식수 76000000 = 시가총액 11058000000000)",4
HD한국조선해양,009540,2016Q4,2016-12-29,분기말 시가총액,11058000000000,API,"https://data-dbg.krx.co.kr/svc/apis/sto/stk_bydd_trd?basDd=20161229 (KOSPI, 현대중공업 ; 종가 145500 × 상장주식수 76000000 = 시가총액 11058000000000)",4
HD한국조선해양,009540,2017Q1,2017-03-31,분기말 자산총계,49305016416000,공시,https://dart.fss.or.kr/dsaf001/main.do?rcpNo=20170515004618,4
HD한국조선해양,009540,2017Q1,2017-03-31,분기말 부채총계,38378428980000,공시,https://dart.fss.or.kr/dsaf001/main.do?rcpNo=20170515004618,4
HD한국조선해양,009540,2017Q1,2017-03-31,분기말 총자본(자기자본),10926587436000,공시,https://dart.fss.or.kr/dsaf001/main.do?rcpNo=20170515004618,4
HD한국조선해양,009540,2017Q1,2017-03-31,분기별 매출액,4807789820000,공시,https://dart.fss.or.kr/dsaf001/main.do?rcpNo=20170515004618,4
HD한국조선해양,009540,2017Q1,2017-03-31,분기별 영업이익,163457398000,공시,https://dart.fss.or.kr/dsaf001/main.do?rcpNo=20170515004618,4
HD한국조선해양,009540,2017Q1,2017-03-31,분기별 당기순이익(지배),375891275000,공시,https://dart.fss.or.kr/dsaf001/main.do?rcpNo=20170515004618,4
HD한국조선해양,009540,2017Q1,2017-03-31,분기별 영업활동현금흐름,307166735000,공시,https://dart.fss.or.kr/dsaf001/main.do?rcpNo=20170515004618,4
HD한국조선해양,009540,2017Q1,2017-03-31,분기말 지배지분 자본,8924270734000,공시,https://dart.fss.or.kr/dsaf001/main.do?rcpNo=20170515004618,4
HD한국조선해양,009540,2017Q1,2017-03-31,분기말 종가,165000,API,"https://data-dbg.krx.co.kr/svc/apis/sto/stk_bydd_trd?basDd=20170331 (KOSPI, 현대중공업 ; 종가 165000 × 상장주식수 76000000 = 시가총액 12540000000000)",4
HD한국조선해양,009540,2017Q1,2017-03-31,분기말 상장주식수,76000000,API,"https://data-dbg.krx.co.kr/svc/apis/sto/stk_bydd_trd?basDd=20170331 (KOSPI, 현대중공업 ; 종가 165000 × 상장주식수 76000000 = 시가총액 12540000000000)",4
HD한국조선해양,009540,2017Q1,2017-03-31,분기말 시가총액,12540000000000,API,"https://data-dbg.krx.co.kr/svc/apis/sto/stk_bydd_trd?basDd=20170331 (KOSPI, 현대중공업 ; 종가 165000 × 상장주식수 76000000 = 시가총액 12540000000000)",4
HD한국조선해양,009540,2017Q2,2017-06-30,분기말 자산총계,33149816977000,공시,https://dart.fss.or.kr/dsaf001/main.do?rcpNo=20170814001911,4
HD한국조선해양,009540,2017Q2,2017-06-30,분기말 부채총계,20402744794000,공시,https://dart.fss.or.kr/dsaf001/main.do?rcpNo=20170814001911,4
HD한국조선해양,009540,2017Q2,2017-06-30,분기말 총자본(자기자본),12747072183000,공시,https://dart.fss.or.kr/dsaf001/main.do?rcpNo=20170814001911,4
HD한국조선해양,009540,2017Q2,2017-06-30,분기별 매출액,4629216857000,공시,https://dart.fss.or.kr/dsaf001/main.do?rcpNo=20170814001911,4
HD한국조선해양,009540,2017Q2,2017-06-30,분기별 영업이익,151757443000,공시,https://dart.fss.or.kr/dsaf001/main.do?rcpNo=20170814001911,4
HD한국조선해양,009540,2017Q2,2017-06-30,분기별 당기순이익(지배),2532228161000,공시,https://dart.fss.or.kr/dsaf001/main.do?rcpNo=20170814001911,4
HD한국조선해양,009540,2017Q2,2017-06-30,분기별 영업활동현금흐름,776219889000,계산(누적차감),https://dart.fss.or.kr/dsaf001/main.do?rcpNo=20170814001911 ; https://dart.fss.or.kr/dsaf001/main.do?rcpNo=20170515004618,4
HD한국조선해양,009540,2017Q2,2017-06-30,분기말 지배지분 자본,11535366731000,공시,https://dart.fss.or.kr/dsaf001/main.do?rcpNo=20170814001911,4
HD한국조선해양,009540,2017Q2,2017-06-30,분기말 종가,176500,API,"https://data-dbg.krx.co.kr/svc/apis/sto/stk_bydd_trd?basDd=20170630 (KOSPI, 현대중공업 ; 종가 176500 × 상장주식수 56665426 = 시가총액 10001447689000)",4
HD한국조선해양,009540,2017Q2,2017-06-30,분기말 상장주식수,56665426,API,"https://data-dbg.krx.co.kr/svc/apis/sto/stk_bydd_trd?basDd=20170630 (KOSPI, 현대중공업 ; 종가 176500 × 상장주식수 56665426 = 시가총액 10001447689000)",4
HD한국조선해양,009540,2017Q2,2017-06-30,분기말 시가총액,10001447689000,API,"https://data-dbg.krx.co.kr/svc/apis/sto/stk_bydd_trd?basDd=20170630 (KOSPI, 현대중공업 ; 종가 176500 × 상장주식수 56665426 = 시가총액 10001447689000)",4
HD한국조선해양,009540,2017Q3,2017-09-30,분기말 자산총계,31312694808000,공시,https://dart.fss.or.kr/dsaf001/main.do?rcpNo=20171114002674,4
HD한국조선해양,009540,2017Q3,2017-09-30,분기말 부채총계,18490576183000,공시,https://dart.fss.or.kr/dsaf001/main.do?rcpNo=20171114002674,4
HD한국조선해양,009540,2017Q3,2017-09-30,분기말 총자본(자기자본),12822118625000,공시,https://dart.fss.or.kr/dsaf001/main.do?rcpNo=20171114002674,4
HD한국조선해양,009540,2017Q3,2017-09-30,분기별 매출액,3804374183000,공시,https://dart.fss.or.kr/dsaf001/main.do?rcpNo=20171114002674,4
HD한국조선해양,009540,2017Q3,2017-09-30,분기별 영업이익,93478545000,공시,https://dart.fss.or.kr/dsaf001/main.do?rcpNo=20171114002674,4
HD한국조선해양,009540,2017Q3,2017-09-30,분기별 당기순이익(지배),89137493000,공시,https://dart.fss.or.kr/dsaf001/main.do?rcpNo=20171114002674,4
HD한국조선해양,009540,2017Q3,2017-09-30,분기별 영업활동현금흐름,625253629000,계산(누적차감),https://dart.fss.or.kr/dsaf001/main.do?rcpNo=20171114002674 ; https://dart.fss.or.kr/dsaf001/main.do?rcpNo=20170814001911,4
HD한국조선해양,009540,2017Q3,2017-09-30,분기말 지배지분 자본,11575833773000,공시,https://dart.fss.or.kr/dsaf001/main.do?rcpNo=20171114002674,4
HD한국조선해양,009540,2017Q3,2017-09-29,분기말 종가,145000,API,"https://data-dbg.krx.co.kr/svc/apis/sto/stk_bydd_trd?basDd=20170929 (KOSPI, 현대중공업 ; 종가 145000 × 상장주식수 56665426 = 시가총액 8216486770000)",4
HD한국조선해양,009540,2017Q3,2017-09-29,분기말 상장주식수,56665426,API,"https://data-dbg.krx.co.kr/svc/apis/sto/stk_bydd_trd?basDd=20170929 (KOSPI, 현대중공업 ; 종가 145000 × 상장주식수 56665426 = 시가총액 8216486770000)",4
HD한국조선해양,009540,2017Q3,2017-09-29,분기말 시가총액,8216486770000,API,"https://data-dbg.krx.co.kr/svc/apis/sto/stk_bydd_trd?basDd=20170929 (KOSPI, 현대중공업 ; 종가 145000 × 상장주식수 56665426 = 시가총액 8216486770000)",4
HD한국조선해양,009540,2017Q4,2017-12-31,분기말 자산총계,30408847507000,공시,https://dart.fss.or.kr/dsaf001/main.do?rcpNo=20180710000643,4
HD한국조선해양,009540,2017Q4,2017-12-31,분기말 부채총계,18036809525000,공시,https://dart.fss.or.kr/dsaf001/main.do?rcpNo=20180710000643,4
HD한국조선해양,009540,2017Q4,2017-12-31,분기말 총자본(자기자본),12372037982000,공시,https://dart.fss.or.kr/dsaf001/main.do?rcpNo=20180710000643,4
HD한국조선해양,009540,2017Q4,2017-12-31,분기별 매출액,2227454650000,계산(연간-3분기누적),https://dart.fss.or.kr/dsaf001/main.do?rcpNo=20180710000643 ; https://dart.fss.or.kr/dsaf001/main.do?rcpNo=20171114002674,4
HD한국조선해양,009540,2017Q4,2017-12-31,분기별 영업이익,-394047756000,계산(연간-3분기누적),https://dart.fss.or.kr/dsaf001/main.do?rcpNo=20180710000643 ; https://dart.fss.or.kr/dsaf001/main.do?rcpNo=20171114002674,4
HD한국조선해양,009540,2017Q4,2017-12-31,분기별 당기순이익(지배),-539506734000,계산(연간-3분기누적),https://dart.fss.or.kr/dsaf001/main.do?rcpNo=20180710000643 ; https://dart.fss.or.kr/dsaf001/main.do?rcpNo=20171114002674,4
HD한국조선해양,009540,2017Q4,2017-12-31,분기별 영업활동현금흐름,-1115325980000,계산(누적차감),https://dart.fss.or.kr/dsaf001/main.do?rcpNo=20180710000643 ; https://dart.fss.or.kr/dsaf001/main.do?rcpNo=20171114002674,4
HD한국조선해양,009540,2017Q4,2017-12-31,분기말 지배지분 자본,11121441396000,공시,https://dart.fss.or.kr/dsaf001/main.do?rcpNo=20180710000643,4
HD한국조선해양,009540,2017Q4,2017-12-28,분기말 종가,100500,API,"https://data-dbg.krx.co.kr/svc/apis/sto/stk_bydd_trd?basDd=20171228 (KOSPI, 현대중공업 ; 종가 100500 × 상장주식수 56665426 = 시가총액 5694875313000)",4
HD한국조선해양,009540,2017Q4,2017-12-28,분기말 상장주식수,56665426,API,"https://data-dbg.krx.co.kr/svc/apis/sto/stk_bydd_trd?basDd=20171228 (KOSPI, 현대중공업 ; 종가 100500 × 상장주식수 56665426 = 시가총액 5694875313000)",4
HD한국조선해양,009540,2017Q4,2017-12-28,분기말 시가총액,5694875313000,API,"https://data-dbg.krx.co.kr/svc/apis/sto/stk_bydd_trd?basDd=20171228 (KOSPI, 현대중공업 ; 종가 100500 × 상장주식수 56665426 = 시가총액 5694875313000)",4
HD한국조선해양,009540,2018Q1,2018-03-31,분기말 자산총계,31250553395000,공시,https://dart.fss.or.kr/dsaf001/main.do?rcpNo=20181109000521,4
HD한국조선해양,009540,2018Q1,2018-03-31,분기말 부채총계,17728185117000,공시,https://dart.fss.or.kr/dsaf001/main.do?rcpNo=20181109000521,4
HD한국조선해양,009540,2018Q1,2018-03-31,분기말 총자본(자기자본),13522368278000,공시,https://dart.fss.or.kr/dsaf001/main.do?rcpNo=20181109000521,4
HD한국조선해양,009540,2018Q1,2018-03-31,분기별 매출액,3042532194000,공시,https://dart.fss.or.kr/dsaf001/main.do?rcpNo=20181109000521,4
HD한국조선해양,009540,2018Q1,2018-03-31,분기별 영업이익,-123795238000,공시,https://dart.fss.or.kr/dsaf001/main.do?rcpNo=20181109000521,4
HD한국조선해양,009540,2018Q1,2018-03-31,분기별 당기순이익(지배),12414680000,공시,https://dart.fss.or.kr/dsaf001/main.do?rcpNo=20181109000521,4
HD한국조선해양,009540,2018Q1,2018-03-31,분기별 영업활동현금흐름,651103537000,공시,https://dart.fss.or.kr/dsaf001/main.do?rcpNo=20181109000521,4
HD한국조선해양,009540,2018Q1,2018-03-31,분기말 지배지분 자본,12328052233000,공시,https://dart.fss.or.kr/dsaf001/main.do?rcpNo=20181109000521,4
HD한국조선해양,009540,2018Q1,2018-03-30,분기말 종가,132000,API,"https://data-dbg.krx.co.kr/svc/apis/sto/stk_bydd_trd?basDd=20180330 (KOSPI, 현대중공업 ; 종가 132000 × 상장주식수 69165426 = 시가총액 9129836232000)",4
HD한국조선해양,009540,2018Q1,2018-03-30,분기말 상장주식수,69165426,API,"https://data-dbg.krx.co.kr/svc/apis/sto/stk_bydd_trd?basDd=20180330 (KOSPI, 현대중공업 ; 종가 132000 × 상장주식수 69165426 = 시가총액 9129836232000)",4
HD한국조선해양,009540,2018Q1,2018-03-30,분기말 시가총액,9129836232000,API,"https://data-dbg.krx.co.kr/svc/apis/sto/stk_bydd_trd?basDd=20180330 (KOSPI, 현대중공업 ; 종가 132000 × 상장주식수 69165426 = 시가총액 9129836232000)",4
HD한국조선해양,009540,2018Q2,2018-06-30,분기말 자산총계,30805233058000,공시,https://dart.fss.or.kr/dsaf001/main.do?rcpNo=20181109000524,4
HD한국조선해양,009540,2018Q2,2018-06-30,분기말 부채총계,17393682091000,공시,https://dart.fss.or.kr/dsaf001/main.do?rcpNo=20181109000524,4
HD한국조선해양,009540,2018Q2,2018-06-30,분기말 총자본(자기자본),13411550967000,공시,https://dart.fss.or.kr/dsaf001/main.do?rcpNo=20181109000524,4
HD한국조선해양,009540,2018Q2,2018-06-30,분기별 매출액,3124413872000,공시,https://dart.fss.or.kr/dsaf001/main.do?rcpNo=20181109000524,4
HD한국조선해양,009540,2018Q2,2018-06-30,분기별 영업이익,-175701787000,공시,https://dart.fss.or.kr/dsaf001/main.do?rcpNo=20181109000524,4
HD한국조선해양,009540,2018Q2,2018-06-30,분기별 당기순이익(지배),-235659625000,공시,https://dart.fss.or.kr/dsaf001/main.do?rcpNo=20181109000524,4
HD한국조선해양,009540,2018Q2,2018-06-30,분기별 영업활동현금흐름,-566195507000,계산(누적차감),https://dart.fss.or.kr/dsaf001/main.do?rcpNo=20181109000524 ; https://dart.fss.or.kr/dsaf001/main.do?rcpNo=20181109000521,4
HD한국조선해양,009540,2018Q2,2018-06-30,분기말 지배지분 자본,12187981416000,공시,https://dart.fss.or.kr/dsaf001/main.do?rcpNo=20181109000524,4
HD한국조선해양,009540,2018Q2,2018-06-29,분기말 종가,102000,API,"https://data-dbg.krx.co.kr/svc/apis/sto/stk_bydd_trd?basDd=20180629 (KOSPI, 현대중공업 ; 종가 102000 × 상장주식수 69165426 = 시가총액 7054873452000)",4
HD한국조선해양,009540,2018Q2,2018-06-29,분기말 상장주식수,69165426,API,"https://data-dbg.krx.co.kr/svc/apis/sto/stk_bydd_trd?basDd=20180629 (KOSPI, 현대중공업 ; 종가 102000 × 상장주식수 69165426 = 시가총액 7054873452000)",4
HD한국조선해양,009540,2018Q2,2018-06-29,분기말 시가총액,7054873452000,API,"https://data-dbg.krx.co.kr/svc/apis/sto/stk_bydd_trd?basDd=20180629 (KOSPI, 현대중공업 ; 종가 102000 × 상장주식수 69165426 = 시가총액 7054873452000)",4
HD한국조선해양,009540,2018Q3,2018-09-30,분기말 자산총계,29969524669000,공시,https://dart.fss.or.kr/dsaf001/main.do?rcpNo=20181114002873,4
HD한국조선해양,009540,2018Q3,2018-09-30,분기말 부채총계,16284269381000,공시,https://dart.fss.or.kr/dsaf001/main.do?rcpNo=20181114002873,4
HD한국조선해양,009540,2018Q3,2018-09-30,분기말 총자본(자기자본),13685255288000,공시,https://dart.fss.or.kr/dsaf001/main.do?rcpNo=20181114002873,4
HD한국조선해양,009540,2018Q3,2018-09-30,분기별 매출액,3241886979000,공시,https://dart.fss.or.kr/dsaf001/main.do?rcpNo=20181114002873,4
HD한국조선해양,009540,2018Q3,2018-09-30,분기별 영업이익,28901811000,공시,https://dart.fss.or.kr/dsaf001/main.do?rcpNo=20181114002873,4
HD한국조선해양,009540,2018Q3,2018-09-30,분기별 당기순이익(지배),-51535999000,공시,https://dart.fss.or.kr/dsaf001/main.do?rcpNo=20181114002873,4
HD한국조선해양,009540,2018Q3,2018-09-30,분기별 영업활동현금흐름,330166885000,계산(누적차감),https://dart.fss.or.kr/dsaf001/main.do?rcpNo=20181114002873 ; https://dart.fss.or.kr/dsaf001/main.do?rcpNo=20181109000524,4
HD한국조선해양,009540,2018Q3,2018-09-30,분기말 지배지분 자본,12242613427000,공시,https://dart.fss.or.kr/dsaf001/main.do?rcpNo=20181114002873,4
HD한국조선해양,009540,2018Q3,2018-09-28,분기말 종가,134500,API,"https://data-dbg.krx.co.kr/svc/apis/sto/stk_bydd_trd?basDd=20180928 (KOSPI, 현대중공업 ; 종가 134500 × 상장주식수 69165426 = 시가총액 9302749797000)",4
HD한국조선해양,009540,2018Q3,2018-09-28,분기말 상장주식수,69165426,API,"https://data-dbg.krx.co.kr/svc/apis/sto/stk_bydd_trd?basDd=20180928 (KOSPI, 현대중공업 ; 종가 134500 × 상장주식수 69165426 = 시가총액 9302749797000)",4
HD한국조선해양,009540,2018Q3,2018-09-28,분기말 시가총액,9302749797000,API,"https://data-dbg.krx.co.kr/svc/apis/sto/stk_bydd_trd?basDd=20180928 (KOSPI, 현대중공업 ; 종가 134500 × 상장주식수 69165426 = 시가총액 9302749797000)",4
HD한국조선해양,009540,2018Q4,2018-12-31,분기말 자산총계,24729898792000,공시,https://dart.fss.or.kr/dsaf001/main.do?rcpNo=20190401004390,4
HD한국조선해양,009540,2018Q4,2018-12-31,분기말 부채총계,11618935420000,공시,https://dart.fss.or.kr/dsaf001/main.do?rcpNo=20190401004390,4
HD한국조선해양,009540,2018Q4,2018-12-31,분기말 총자본(자기자본),13110963372000,공시,https://dart.fss.or.kr/dsaf001/main.do?rcpNo=20190401004390,4
HD한국조선해양,009540,2018Q4,2018-12-31,분기별 매출액,3711058168000,계산(연간-3분기누적),https://dart.fss.or.kr/dsaf001/main.do?rcpNo=20190401004390 ; https://dart.fss.or.kr/dsaf001/main.do?rcpNo=20181114002873,4
HD한국조선해양,009540,2018Q4,2018-12-31,분기별 영업이익,-251924798000,계산(연간-3분기누적),https://dart.fss.or.kr/dsaf001/main.do?rcpNo=20190401004390 ; https://dart.fss.or.kr/dsaf001/main.do?rcpNo=20181114002873,4
HD한국조선해양,009540,2018Q4,2018-12-31,분기별 당기순이익(지배),-214278837000,계산(연간-3분기누적),https://dart.fss.or.kr/dsaf001/main.do?rcpNo=20190401004390 ; https://dart.fss.or.kr/dsaf001/main.do?rcpNo=20181114002873,4
HD한국조선해양,009540,2018Q4,2018-12-31,분기별 영업활동현금흐름,-288555294000,계산(누적차감),https://dart.fss.or.kr/dsaf001/main.do?rcpNo=20190401004390 ; https://dart.fss.or.kr/dsaf001/main.do?rcpNo=20181114002873,4
HD한국조선해양,009540,2018Q4,2018-12-31,분기말 지배지분 자본,11882221737000,공시,https://dart.fss.or.kr/dsaf001/main.do?rcpNo=20190401004390,4
HD한국조선해양,009540,2018Q4,2018-12-28,분기말 종가,128500,API,"https://data-dbg.krx.co.kr/svc/apis/sto/stk_bydd_trd?basDd=20181228 (KOSPI, 현대중공업 ; 종가 128500 × 상장주식수 70773116 = 시가총액 9094345406000)",4
HD한국조선해양,009540,2018Q4,2018-12-28,분기말 상장주식수,70773116,API,"https://data-dbg.krx.co.kr/svc/apis/sto/stk_bydd_trd?basDd=20181228 (KOSPI, 현대중공업 ; 종가 128500 × 상장주식수 70773116 = 시가총액 9094345406000)",4
HD한국조선해양,009540,2018Q4,2018-12-28,분기말 시가총액,9094345406000,API,"https://data-dbg.krx.co.kr/svc/apis/sto/stk_bydd_trd?basDd=20181228 (KOSPI, 현대중공업 ; 종가 128500 × 상장주식수 70773116 = 시가총액 9094345406000)",4
HD한국조선해양,009540,2019Q1,2019-03-31,분기말 자산총계,24542374643000,공시,https://dart.fss.or.kr/dsaf001/main.do?rcpNo=20190515002741,4
HD한국조선해양,009540,2019Q1,2019-03-31,분기말 부채총계,11404960428000,공시,https://dart.fss.or.kr/dsaf001/main.do?rcpNo=20190515002741,4
HD한국조선해양,009540,2019Q1,2019-03-31,분기말 총자본(자기자본),13137414215000,공시,https://dart.fss.or.kr/dsaf001/main.do?rcpNo=20190515002741,4
HD한국조선해양,009540,2019Q1,2019-03-31,분기별 매출액,3274958378000,공시(재작성 반영),https://dart.fss.or.kr/dsaf001/main.do?rcpNo=20190515002741 ; 재작성 출처: https://dart.fss.or.kr/dsaf001/main.do?rcpNo=20200515001630,4
HD한국조선해양,009540,2019Q1,2019-03-31,분기별 영업이익,34540891000,공시(재작성 반영),https://dart.fss.or.kr/dsaf001/main.do?rcpNo=20190515002741 ; 재작성 출처: https://dart.fss.or.kr/dsaf001/main.do?rcpNo=20200515001630,4
HD한국조선해양,009540,2019Q1,2019-03-31,분기별 당기순이익(지배),2811773000,공시,https://dart.fss.or.kr/dsaf001/main.do?rcpNo=20190515002741,4
HD한국조선해양,009540,2019Q1,2019-03-31,분기별 영업활동현금흐름,121665026000,공시,https://dart.fss.or.kr/dsaf001/main.do?rcpNo=20190515002741,4
HD한국조선해양,009540,2019Q1,2019-03-31,분기말 지배지분 자본,11891274796000,공시,https://dart.fss.or.kr/dsaf001/main.do?rcpNo=20190515002741,4
HD한국조선해양,009540,2019Q1,2019-03-29,분기말 종가,119000,API,"https://data-dbg.krx.co.kr/svc/apis/sto/stk_bydd_trd?basDd=20190329 (KOSPI, 현대중공업 ; 종가 119000 × 상장주식수 70773116 = 시가총액 8422000804000)",4
HD한국조선해양,009540,2019Q1,2019-03-29,분기말 상장주식수,70773116,API,"https://data-dbg.krx.co.kr/svc/apis/sto/stk_bydd_trd?basDd=20190329 (KOSPI, 현대중공업 ; 종가 119000 × 상장주식수 70773116 = 시가총액 8422000804000)",4
HD한국조선해양,009540,2019Q1,2019-03-29,분기말 시가총액,8422000804000,API,"https://data-dbg.krx.co.kr/svc/apis/sto/stk_bydd_trd?basDd=20190329 (KOSPI, 현대중공업 ; 종가 119000 × 상장주식수 70773116 = 시가총액 8422000804000)",4
HD한국조선해양,009540,2019Q2,2019-06-30,분기말 자산총계,24819665900000,공시,https://dart.fss.or.kr/dsaf001/main.do?rcpNo=20190814002298,4
HD한국조선해양,009540,2019Q2,2019-06-30,분기말 부채총계,11491628362000,공시,https://dart.fss.or.kr/dsaf001/main.do?rcpNo=20190814002298,4
HD한국조선해양,009540,2019Q2,2019-06-30,분기말 총자본(자기자본),13328037538000,공시,https://dart.fss.or.kr/dsaf001/main.do?rcpNo=20190814002298,4
HD한국조선해양,009540,2019Q2,2019-06-30,분기별 매출액,3922920781000,공시,https://dart.fss.or.kr/dsaf001/main.do?rcpNo=20190814002298,4
HD한국조선해양,009540,2019Q2,2019-06-30,분기별 영업이익,55494980000,공시,https://dart.fss.or.kr/dsaf001/main.do?rcpNo=20190814002298,4
HD한국조선해양,009540,2019Q2,2019-06-30,분기별 당기순이익(지배),188217872000,공시,https://dart.fss.or.kr/dsaf001/main.do?rcpNo=20190814002298,4
HD한국조선해양,009540,2019Q2,2019-06-30,분기별 영업활동현금흐름,-88574195000,계산(누적차감),https://dart.fss.or.kr/dsaf001/main.do?rcpNo=20190814002298 ; https://dart.fss.or.kr/dsaf001/main.do?rcpNo=20190515002741,4
HD한국조선해양,009540,2019Q2,2019-06-30,분기말 지배지분 자본,11640256355000,공시,https://dart.fss.or.kr/dsaf001/main.do?rcpNo=20190814002298,4
HD한국조선해양,009540,2019Q2,2019-06-28,분기말 종가,118500,API,"https://data-dbg.krx.co.kr/svc/apis/sto/stk_bydd_trd?basDd=20190628 (KOSPI, 한국조선해양 ; 종가 118500 × 상장주식수 70773116 = 시가총액 8386614246000)",4
HD한국조선해양,009540,2019Q2,2019-06-28,분기말 상장주식수,70773116,API,"https://data-dbg.krx.co.kr/svc/apis/sto/stk_bydd_trd?basDd=20190628 (KOSPI, 한국조선해양 ; 종가 118500 × 상장주식수 70773116 = 시가총액 8386614246000)",4
HD한국조선해양,009540,2019Q2,2019-06-28,분기말 시가총액,8386614246000,API,"https://data-dbg.krx.co.kr/svc/apis/sto/stk_bydd_trd?basDd=20190628 (KOSPI, 한국조선해양 ; 종가 118500 × 상장주식수 70773116 = 시가총액 8386614246000)",4
HD한국조선해양,009540,2019Q3,2019-09-30,분기말 자산총계,24806749714000,공시,https://dart.fss.or.kr/dsaf001/main.do?rcpNo=20191114001364,4
HD한국조선해양,009540,2019Q3,2019-09-30,분기말 부채총계,11465383602000,공시,https://dart.fss.or.kr/dsaf001/main.do?rcpNo=20191114001364,4
HD한국조선해양,009540,2019Q3,2019-09-30,분기말 총자본(자기자본),13341366112000,공시,https://dart.fss.or.kr/dsaf001/main.do?rcpNo=20191114001364,4
HD한국조선해양,009540,2019Q3,2019-09-30,분기별 매출액,3642733346000,공시,https://dart.fss.or.kr/dsaf001/main.do?rcpNo=20191114001364,4
HD한국조선해양,009540,2019Q3,2019-09-30,분기별 영업이익,30264184000,공시,https://dart.fss.or.kr/dsaf001/main.do?rcpNo=20191114001364,4
HD한국조선해양,009540,2019Q3,2019-09-30,분기별 당기순이익(지배),-1642267000,공시,https://dart.fss.or.kr/dsaf001/main.do?rcpNo=20191114001364,4
HD한국조선해양,009540,2019Q3,2019-09-30,분기별 영업활동현금흐름,-383649701000,계산(누적차감),https://dart.fss.or.kr/dsaf001/main.do?rcpNo=20191114001364 ; https://dart.fss.or.kr/dsaf001/main.do?rcpNo=20190814002298,4
HD한국조선해양,009540,2019Q3,2019-09-30,분기말 지배지분 자본,11634928122000,공시,https://dart.fss.or.kr/dsaf001/main.do?rcpNo=20191114001364,4
HD한국조선해양,009540,2019Q3,2019-09-30,분기말 종가,124000,API,"https://data-dbg.krx.co.kr/svc/apis/sto/stk_bydd_trd?basDd=20190930 (KOSPI, 한국조선해양 ; 종가 124000 × 상장주식수 70773116 = 시가총액 8775866384000)",4
HD한국조선해양,009540,2019Q3,2019-09-30,분기말 상장주식수,70773116,API,"https://data-dbg.krx.co.kr/svc/apis/sto/stk_bydd_trd?basDd=20190930 (KOSPI, 한국조선해양 ; 종가 124000 × 상장주식수 70773116 = 시가총액 8775866384000)",4
HD한국조선해양,009540,2019Q3,2019-09-30,분기말 시가총액,8775866384000,API,"https://data-dbg.krx.co.kr/svc/apis/sto/stk_bydd_trd?basDd=20190930 (KOSPI, 한국조선해양 ; 종가 124000 × 상장주식수 70773116 = 시가총액 8775866384000)",4
HD한국조선해양,009540,2019Q4,2019-12-31,분기말 자산총계,25055372817000,공시,https://dart.fss.or.kr/dsaf001/main.do?rcpNo=20200330003961,4
HD한국조선해양,009540,2019Q4,2019-12-31,분기말 부채총계,12129057655000,공시,https://dart.fss.or.kr/dsaf001/main.do?rcpNo=20200330003961,4
HD한국조선해양,009540,2019Q4,2019-12-31,분기말 총자본(자기자본),12926315162000,공시,https://dart.fss.or.kr/dsaf001/main.do?rcpNo=20200330003961,4
HD한국조선해양,009540,2019Q4,2019-12-31,분기별 매출액,4341940661000,계산(연간-3분기누적),https://dart.fss.or.kr/dsaf001/main.do?rcpNo=20200330003961 ; https://dart.fss.or.kr/dsaf001/main.do?rcpNo=20191114001364,4
HD한국조선해양,009540,2019Q4,2019-12-31,분기별 영업이익,169867559000,계산(연간-3분기누적),https://dart.fss.or.kr/dsaf001/main.do?rcpNo=20200330003961 ; https://dart.fss.or.kr/dsaf001/main.do?rcpNo=20191114001364,4
HD한국조선해양,009540,2019Q4,2019-12-31,분기별 당기순이익(지배),-25308590000,계산(연간-3분기누적),https://dart.fss.or.kr/dsaf001/main.do?rcpNo=20200330003961 ; https://dart.fss.or.kr/dsaf001/main.do?rcpNo=20191114001364,4
HD한국조선해양,009540,2019Q4,2019-12-31,분기별 영업활동현금흐름,-1113559877000,계산(누적차감),https://dart.fss.or.kr/dsaf001/main.do?rcpNo=20200330003961 ; https://dart.fss.or.kr/dsaf001/main.do?rcpNo=20191114001364,4
HD한국조선해양,009540,2019Q4,2019-12-31,분기말 지배지분 자본,11566902595000,공시,https://dart.fss.or.kr/dsaf001/main.do?rcpNo=20200330003961,4
HD한국조선해양,009540,2019Q4,2019-12-30,분기말 종가,126500,API,"https://data-dbg.krx.co.kr/svc/apis/sto/stk_bydd_trd?basDd=20191230 (KOSPI, 한국조선해양 ; 종가 126500 × 상장주식수 70773116 = 시가총액 8952799174000)",4
HD한국조선해양,009540,2019Q4,2019-12-30,분기말 상장주식수,70773116,API,"https://data-dbg.krx.co.kr/svc/apis/sto/stk_bydd_trd?basDd=20191230 (KOSPI, 한국조선해양 ; 종가 126500 × 상장주식수 70773116 = 시가총액 8952799174000)",4
HD한국조선해양,009540,2019Q4,2019-12-30,분기말 시가총액,8952799174000,API,"https://data-dbg.krx.co.kr/svc/apis/sto/stk_bydd_trd?basDd=20191230 (KOSPI, 한국조선해양 ; 종가 126500 × 상장주식수 70773116 = 시가총액 8952799174000)",4
HD한국조선해양,009540,2020Q1,2020-03-31,분기말 자산총계,26093238849000,공시,https://dart.fss.or.kr/dsaf001/main.do?rcpNo=20200515001630,4
HD한국조선해양,009540,2020Q1,2020-03-31,분기말 부채총계,13019340541000,공시,https://dart.fss.or.kr/dsaf001/main.do?rcpNo=20200515001630,4
HD한국조선해양,009540,2020Q1,2020-03-31,분기말 총자본(자기자본),13073898308000,공시,https://dart.fss.or.kr/dsaf001/main.do?rcpNo=20200515001630,4
HD한국조선해양,009540,2020Q1,2020-03-31,분기별 매출액,3944562968000,공시,https://dart.fss.or.kr/dsaf001/main.do?rcpNo=20200515001630,4
HD한국조선해양,009540,2020Q1,2020-03-31,분기별 영업이익,121653455000,공시,https://dart.fss.or.kr/dsaf001/main.do?rcpNo=20200515001630,4
HD한국조선해양,009540,2020Q1,2020-03-31,분기별 당기순이익(지배),135556782000,공시,https://dart.fss.or.kr/dsaf001/main.do?rcpNo=20200515001630,4
HD한국조선해양,009540,2020Q1,2020-03-31,분기별 영업활동현금흐름,181539427000,공시,https://dart.fss.or.kr/dsaf001/main.do?rcpNo=20200515001630,4
HD한국조선해양,009540,2020Q1,2020-03-31,분기말 지배지분 자본,11690560444000,공시,https://dart.fss.or.kr/dsaf001/main.do?rcpNo=20200515001630,4
HD한국조선해양,009540,2020Q1,2020-03-31,분기말 종가,78600,API,https://apis.data.go.kr/1160100/GetStockSecuritiesInfoService_V2/getStockPriceInfo_V2?basDt=20200331&likeSrtnCd=009540 (serviceKey 제외),4
HD한국조선해양,009540,2020Q1,2020-03-31,분기말 상장주식수,70773116,API,https://apis.data.go.kr/1160100/GetStockSecuritiesInfoService_V2/getStockPriceInfo_V2?basDt=20200331&likeSrtnCd=009540 (serviceKey 제외),4
HD한국조선해양,009540,2020Q1,2020-03-31,분기말 시가총액,5562766917600,API,https://apis.data.go.kr/1160100/GetStockSecuritiesInfoService_V2/getStockPriceInfo_V2?basDt=20200331&likeSrtnCd=009540 (serviceKey 제외),4
HD한국조선해양,009540,2020Q2,2020-06-30,분기말 자산총계,26780240485000,공시,https://dart.fss.or.kr/dsaf001/main.do?rcpNo=20200814001162,4
HD한국조선해양,009540,2020Q2,2020-06-30,분기말 부채총계,13692749005000,공시,https://dart.fss.or.kr/dsaf001/main.do?rcpNo=20200814001162,4
HD한국조선해양,009540,2020Q2,2020-06-30,분기말 총자본(자기자본),13087491480000,공시,https://dart.fss.or.kr/dsaf001/main.do?rcpNo=20200814001162,4
HD한국조선해양,009540,2020Q2,2020-06-30,분기별 매출액,3925523669000,공시,https://dart.fss.or.kr/dsaf001/main.do?rcpNo=20200814001162,4
HD한국조선해양,009540,2020Q2,2020-06-30,분기별 영업이익,92992830000,공시,https://dart.fss.or.kr/dsaf001/main.do?rcpNo=20200814001162,4
HD한국조선해양,009540,2020Q2,2020-06-30,분기별 당기순이익(지배),-3376570000,공시,https://dart.fss.or.kr/dsaf001/main.do?rcpNo=20200814001162,4
HD한국조선해양,009540,2020Q2,2020-06-30,분기별 영업활동현금흐름,-479352778000,계산(누적차감),https://dart.fss.or.kr/dsaf001/main.do?rcpNo=20200814001162 ; https://dart.fss.or.kr/dsaf001/main.do?rcpNo=20200515001630,4
HD한국조선해양,009540,2020Q2,2020-06-30,분기말 지배지분 자본,11685816736000,공시,https://dart.fss.or.kr/dsaf001/main.do?rcpNo=20200814001162,4
HD한국조선해양,009540,2020Q2,2020-06-30,분기말 종가,87400,API,https://apis.data.go.kr/1160100/GetStockSecuritiesInfoService_V2/getStockPriceInfo_V2?basDt=20200630&likeSrtnCd=009540 (serviceKey 제외),4
HD한국조선해양,009540,2020Q2,2020-06-30,분기말 상장주식수,70773116,API,https://apis.data.go.kr/1160100/GetStockSecuritiesInfoService_V2/getStockPriceInfo_V2?basDt=20200630&likeSrtnCd=009540 (serviceKey 제외),4
HD한국조선해양,009540,2020Q2,2020-06-30,분기말 시가총액,6185570338400,API,https://apis.data.go.kr/1160100/GetStockSecuritiesInfoService_V2/getStockPriceInfo_V2?basDt=20200630&likeSrtnCd=009540 (serviceKey 제외),4
HD한국조선해양,009540,2020Q3,2020-09-30,분기말 자산총계,26163859751000,공시,https://dart.fss.or.kr/dsaf001/main.do?rcpNo=20201116001067,4
HD한국조선해양,009540,2020Q3,2020-09-30,분기말 부채총계,13104589413000,공시,https://dart.fss.or.kr/dsaf001/main.do?rcpNo=20201116001067,4
HD한국조선해양,009540,2020Q3,2020-09-30,분기말 총자본(자기자본),13059270338000,공시,https://dart.fss.or.kr/dsaf001/main.do?rcpNo=20201116001067,4
HD한국조선해양,009540,2020Q3,2020-09-30,분기별 매출액,3459778579000,공시,https://dart.fss.or.kr/dsaf001/main.do?rcpNo=20201116001067,4
HD한국조선해양,009540,2020Q3,2020-09-30,분기별 영업이익,40661423000,공시,https://dart.fss.or.kr/dsaf001/main.do?rcpNo=20201116001067,4
HD한국조선해양,009540,2020Q3,2020-09-30,분기별 당기순이익(지배),-85515709000,공시,https://dart.fss.or.kr/dsaf001/main.do?rcpNo=20201116001067,4
HD한국조선해양,009540,2020Q3,2020-09-30,분기별 영업활동현금흐름,152196028000,계산(누적차감),https://dart.fss.or.kr/dsaf001/main.do?rcpNo=20201116001067 ; https://dart.fss.or.kr/dsaf001/main.do?rcpNo=20200814001162,4
HD한국조선해양,009540,2020Q3,2020-09-30,분기말 지배지분 자본,11608992682000,공시,https://dart.fss.or.kr/dsaf001/main.do?rcpNo=20201116001067,4
HD한국조선해양,009540,2020Q3,2020-09-29,분기말 종가,82700,API,https://apis.data.go.kr/1160100/GetStockSecuritiesInfoService_V2/getStockPriceInfo_V2?basDt=20200929&likeSrtnCd=009540 (serviceKey 제외),4
HD한국조선해양,009540,2020Q3,2020-09-29,분기말 상장주식수,70773116,API,https://apis.data.go.kr/1160100/GetStockSecuritiesInfoService_V2/getStockPriceInfo_V2?basDt=20200929&likeSrtnCd=009540 (serviceKey 제외),4
HD한국조선해양,009540,2020Q3,2020-09-29,분기말 시가총액,5852936693200,API,https://apis.data.go.kr/1160100/GetStockSecuritiesInfoService_V2/getStockPriceInfo_V2?basDt=20200929&likeSrtnCd=009540 (serviceKey 제외),4
HD한국조선해양,009540,2020Q4,2020-12-31,분기말 자산총계,25244191252000,공시,https://dart.fss.or.kr/dsaf001/main.do?rcpNo=20210316001006,4
HD한국조선해양,009540,2020Q4,2020-12-31,분기말 부채총계,12822965818000,공시,https://dart.fss.or.kr/dsaf001/main.do?rcpNo=20210316001006,4
HD한국조선해양,009540,2020Q4,2020-12-31,분기말 총자본(자기자본),12421225434000,공시,https://dart.fss.or.kr/dsaf001/main.do?rcpNo=20210316001006,4
HD한국조선해양,009540,2020Q4,2020-12-31,분기별 매출액,3573792518000,계산(연간-3분기누적),https://dart.fss.or.kr/dsaf001/main.do?rcpNo=20210316001006 ; https://dart.fss.or.kr/dsaf001/main.do?rcpNo=20201116001067,4
HD한국조선해양,009540,2020Q4,2020-12-31,분기별 영업이익,-180940574000,계산(연간-3분기누적),https://dart.fss.or.kr/dsaf001/main.do?rcpNo=20210316001006 ; https://dart.fss.or.kr/dsaf001/main.do?rcpNo=20201116001067,4
HD한국조선해양,009540,2020Q4,2020-12-31,분기별 당기순이익(지배),-880451488000,계산(연간-3분기누적),https://dart.fss.or.kr/dsaf001/main.do?rcpNo=20210316001006 ; https://dart.fss.or.kr/dsaf001/main.do?rcpNo=20201116001067,4
HD한국조선해양,009540,2020Q4,2020-12-31,분기별 영업활동현금흐름,55647865000,계산(누적차감),https://dart.fss.or.kr/dsaf001/main.do?rcpNo=20210316001006 ; https://dart.fss.or.kr/dsaf001/main.do?rcpNo=20201116001067,4
HD한국조선해양,009540,2020Q4,2020-12-31,분기말 지배지분 자본,10906295846000,공시,https://dart.fss.or.kr/dsaf001/main.do?rcpNo=20210316001006,4
HD한국조선해양,009540,2020Q4,2020-12-30,분기말 종가,108500,API,https://apis.data.go.kr/1160100/GetStockSecuritiesInfoService_V2/getStockPriceInfo_V2?basDt=20201230&likeSrtnCd=009540 (serviceKey 제외),4
HD한국조선해양,009540,2020Q4,2020-12-30,분기말 상장주식수,70773116,API,https://apis.data.go.kr/1160100/GetStockSecuritiesInfoService_V2/getStockPriceInfo_V2?basDt=20201230&likeSrtnCd=009540 (serviceKey 제외),4
HD한국조선해양,009540,2020Q4,2020-12-30,분기말 시가총액,7678883086000,API,https://apis.data.go.kr/1160100/GetStockSecuritiesInfoService_V2/getStockPriceInfo_V2?basDt=20201230&likeSrtnCd=009540 (serviceKey 제외),4
HD한국조선해양,009540,2021Q1,2021-03-31,분기말 자산총계,24738988008000,공시,https://dart.fss.or.kr/dsaf001/main.do?rcpNo=20210517002046,4
HD한국조선해양,009540,2021Q1,2021-03-31,분기말 부채총계,12172939549000,공시,https://dart.fss.or.kr/dsaf001/main.do?rcpNo=20210517002046,4
HD한국조선해양,009540,2021Q1,2021-03-31,분기말 총자본(자기자본),12566048459000,공시,https://dart.fss.or.kr/dsaf001/main.do?rcpNo=20210517002046,4
HD한국조선해양,009540,2021Q1,2021-03-31,분기별 매출액,3681489039000,공시,https://dart.fss.or.kr/dsaf001/main.do?rcpNo=20210517002046,4
HD한국조선해양,009540,2021Q1,2021-03-31,분기별 영업이익,67472768000,공시,https://dart.fss.or.kr/dsaf001/main.do?rcpNo=20210517002046,4
HD한국조선해양,009540,2021Q1,2021-03-31,분기별 당기순이익(지배),44746330000,공시,https://dart.fss.or.kr/dsaf001/main.do?rcpNo=20210517002046,4
HD한국조선해양,009540,2021Q1,2021-03-31,분기별 영업활동현금흐름,460803255000,공시,https://dart.fss.or.kr/dsaf001/main.do?rcpNo=20210517002046,4
HD한국조선해양,009540,2021Q1,2021-03-31,분기말 지배지분 자본,11029164390000,공시,https://dart.fss.or.kr/dsaf001/main.do?rcpNo=20210517002046,4
HD한국조선해양,009540,2021Q1,2021-03-31,분기말 종가,133500,API,https://apis.data.go.kr/1160100/GetStockSecuritiesInfoService_V2/getStockPriceInfo_V2?basDt=20210331&likeSrtnCd=009540 (serviceKey 제외),4
HD한국조선해양,009540,2021Q1,2021-03-31,분기말 상장주식수,70773116,API,https://apis.data.go.kr/1160100/GetStockSecuritiesInfoService_V2/getStockPriceInfo_V2?basDt=20210331&likeSrtnCd=009540 (serviceKey 제외),4
HD한국조선해양,009540,2021Q1,2021-03-31,분기말 시가총액,9448210986000,API,https://apis.data.go.kr/1160100/GetStockSecuritiesInfoService_V2/getStockPriceInfo_V2?basDt=20210331&likeSrtnCd=009540 (serviceKey 제외),4
HD한국조선해양,009540,2021Q2,2021-06-30,분기말 자산총계,25566943393000,공시,https://dart.fss.or.kr/dsaf001/main.do?rcpNo=20210817001962,4
HD한국조선해양,009540,2021Q2,2021-06-30,분기말 부채총계,13655220586000,공시,https://dart.fss.or.kr/dsaf001/main.do?rcpNo=20210817001962,4
HD한국조선해양,009540,2021Q2,2021-06-30,분기말 총자본(자기자본),11911722807000,공시,https://dart.fss.or.kr/dsaf001/main.do?rcpNo=20210817001962,4
HD한국조선해양,009540,2021Q2,2021-06-30,분기별 매출액,3797278377000,공시,https://dart.fss.or.kr/dsaf001/main.do?rcpNo=20210817001962,4
HD한국조선해양,009540,2021Q2,2021-06-30,분기별 영업이익,-897306597000,공시,https://dart.fss.or.kr/dsaf001/main.do?rcpNo=20210817001962,4
HD한국조선해양,009540,2021Q2,2021-06-30,분기별 당기순이익(지배),-628777060000,공시,https://dart.fss.or.kr/dsaf001/main.do?rcpNo=20210817001962,4
HD한국조선해양,009540,2021Q2,2021-06-30,분기별 영업활동현금흐름,990381977000,계산(누적차감),https://dart.fss.or.kr/dsaf001/main.do?rcpNo=20210817001962 ; https://dart.fss.or.kr/dsaf001/main.do?rcpNo=20210517002046,4
HD한국조선해양,009540,2021Q2,2021-06-30,분기말 지배지분 자본,10467379227000,공시,https://dart.fss.or.kr/dsaf001/main.do?rcpNo=20210817001962,4
HD한국조선해양,009540,2021Q2,2021-06-30,분기말 종가,134000,API,https://apis.data.go.kr/1160100/GetStockSecuritiesInfoService_V2/getStockPriceInfo_V2?basDt=20210630&likeSrtnCd=009540 (serviceKey 제외),4
HD한국조선해양,009540,2021Q2,2021-06-30,분기말 상장주식수,70773116,API,https://apis.data.go.kr/1160100/GetStockSecuritiesInfoService_V2/getStockPriceInfo_V2?basDt=20210630&likeSrtnCd=009540 (serviceKey 제외),4
HD한국조선해양,009540,2021Q2,2021-06-30,분기말 시가총액,9483597544000,API,https://apis.data.go.kr/1160100/GetStockSecuritiesInfoService_V2/getStockPriceInfo_V2?basDt=20210630&likeSrtnCd=009540 (serviceKey 제외),4
HD한국조선해양,009540,2021Q3,2021-09-30,분기말 자산총계,27250953632000,공시,https://dart.fss.or.kr/dsaf001/main.do?rcpNo=20211115001694,4
HD한국조선해양,009540,2021Q3,2021-09-30,분기말 부채총계,14129155785000,공시,https://dart.fss.or.kr/dsaf001/main.do?rcpNo=20211115001694,4
HD한국조선해양,009540,2021Q3,2021-09-30,분기말 총자본(자기자본),13121797847000,공시,https://dart.fss.or.kr/dsaf001/main.do?rcpNo=20211115001694,4
HD한국조선해양,009540,2021Q3,2021-09-30,분기별 매출액,3557965678000,공시,https://dart.fss.or.kr/dsaf001/main.do?rcpNo=20211115001694,4
HD한국조선해양,009540,2021Q3,2021-09-30,분기별 영업이익,141776314000,공시,https://dart.fss.or.kr/dsaf001/main.do?rcpNo=20211115001694,4
HD한국조선해양,009540,2021Q3,2021-09-30,분기별 당기순이익(지배),174485837000,공시,https://dart.fss.or.kr/dsaf001/main.do?rcpNo=20211115001694,4
HD한국조선해양,009540,2021Q3,2021-09-30,분기별 영업활동현금흐름,-173889056000,계산(누적차감),https://dart.fss.or.kr/dsaf001/main.do?rcpNo=20211115001694 ; https://dart.fss.or.kr/dsaf001/main.do?rcpNo=20210817001962,4
HD한국조선해양,009540,2021Q3,2021-09-30,분기말 지배지분 자본,10396011282000,공시,https://dart.fss.or.kr/dsaf001/main.do?rcpNo=20211115001694,4
HD한국조선해양,009540,2021Q3,2021-09-30,분기말 종가,102000,API,https://apis.data.go.kr/1160100/GetStockSecuritiesInfoService_V2/getStockPriceInfo_V2?basDt=20210930&likeSrtnCd=009540 (serviceKey 제외),4
HD한국조선해양,009540,2021Q3,2021-09-30,분기말 상장주식수,70773116,API,https://apis.data.go.kr/1160100/GetStockSecuritiesInfoService_V2/getStockPriceInfo_V2?basDt=20210930&likeSrtnCd=009540 (serviceKey 제외),4
HD한국조선해양,009540,2021Q3,2021-09-30,분기말 시가총액,7218857832000,API,https://apis.data.go.kr/1160100/GetStockSecuritiesInfoService_V2/getStockPriceInfo_V2?basDt=20210930&likeSrtnCd=009540 (serviceKey 제외),4
HD한국조선해양,009540,2021Q4,2021-12-31,분기말 자산총계,27293093978000,공시,https://dart.fss.or.kr/dsaf001/main.do?rcpNo=20220314000893,4
HD한국조선해양,009540,2021Q4,2021-12-31,분기말 부채총계,14879338674000,공시,https://dart.fss.or.kr/dsaf001/main.do?rcpNo=20220314000893,4
HD한국조선해양,009540,2021Q4,2021-12-31,분기말 총자본(자기자본),12413755304000,공시,https://dart.fss.or.kr/dsaf001/main.do?rcpNo=20220314000893,4
HD한국조선해양,009540,2021Q4,2021-12-31,분기별 매출액,4456648679000,계산(연간-3분기누적),https://dart.fss.or.kr/dsaf001/main.do?rcpNo=20220314000893 ; https://dart.fss.or.kr/dsaf001/main.do?rcpNo=20211115001694,4
HD한국조선해양,009540,2021Q4,2021-12-31,분기별 영업이익,-696758262000,계산(연간-3분기누적),https://dart.fss.or.kr/dsaf001/main.do?rcpNo=20220314000893 ; https://dart.fss.or.kr/dsaf001/main.do?rcpNo=20211115001694,4
HD한국조선해양,009540,2021Q4,2021-12-31,분기별 당기순이익(지배),-519774031000,계산(연간-3분기누적),https://dart.fss.or.kr/dsaf001/main.do?rcpNo=20220314000893 ; https://dart.fss.or.kr/dsaf001/main.do?rcpNo=20211115001694,4
HD한국조선해양,009540,2021Q4,2021-12-31,분기별 영업활동현금흐름,-441452679000,계산(누적차감),https://dart.fss.or.kr/dsaf001/main.do?rcpNo=20220314000893 ; https://dart.fss.or.kr/dsaf001/main.do?rcpNo=20211115001694,4
HD한국조선해양,009540,2021Q4,2021-12-31,분기말 지배지분 자본,9856559082000,공시,https://dart.fss.or.kr/dsaf001/main.do?rcpNo=20220314000893,4
HD한국조선해양,009540,2021Q4,2021-12-30,분기말 종가,94600,API,https://apis.data.go.kr/1160100/GetStockSecuritiesInfoService_V2/getStockPriceInfo_V2?basDt=20211230&likeSrtnCd=009540 (serviceKey 제외),4
HD한국조선해양,009540,2021Q4,2021-12-30,분기말 상장주식수,70773116,API,https://apis.data.go.kr/1160100/GetStockSecuritiesInfoService_V2/getStockPriceInfo_V2?basDt=20211230&likeSrtnCd=009540 (serviceKey 제외),4
HD한국조선해양,009540,2021Q4,2021-12-30,분기말 시가총액,6695136773600,API,https://apis.data.go.kr/1160100/GetStockSecuritiesInfoService_V2/getStockPriceInfo_V2?basDt=20211230&likeSrtnCd=009540 (serviceKey 제외),4
HD한국조선해양,009540,2022Q1,2022-03-31,분기말 자산총계,27941318717000,공시,https://dart.fss.or.kr/dsaf001/main.do?rcpNo=20220516002273,4
HD한국조선해양,009540,2022Q1,2022-03-31,분기말 부채총계,15772766225000,공시,https://dart.fss.or.kr/dsaf001/main.do?rcpNo=20220516002273,4
HD한국조선해양,009540,2022Q1,2022-03-31,분기말 총자본(자기자본),12168552492000,공시,https://dart.fss.or.kr/dsaf001/main.do?rcpNo=20220516002273,4
HD한국조선해양,009540,2022Q1,2022-03-31,분기별 매출액,3907727921000,공시,https://dart.fss.or.kr/dsaf001/main.do?rcpNo=20220516002273,4
HD한국조선해양,009540,2022Q1,2022-03-31,분기별 영업이익,-396395832000,공시,https://dart.fss.or.kr/dsaf001/main.do?rcpNo=20220516002273,4
HD한국조선해양,009540,2022Q1,2022-03-31,분기별 당기순이익(지배),-231682208000,공시,https://dart.fss.or.kr/dsaf001/main.do?rcpNo=20220516002273,4
HD한국조선해양,009540,2022Q1,2022-03-31,분기별 영업활동현금흐름,19429745000,공시,https://dart.fss.or.kr/dsaf001/main.do?rcpNo=20220516002273,4
HD한국조선해양,009540,2022Q1,2022-03-31,분기말 지배지분 자본,9659384531000,공시,https://dart.fss.or.kr/dsaf001/main.do?rcpNo=20220516002273,4
HD한국조선해양,009540,2022Q1,2022-03-31,분기말 종가,88900,API,https://apis.data.go.kr/1160100/GetStockSecuritiesInfoService_V2/getStockPriceInfo_V2?basDt=20220331&likeSrtnCd=009540 (serviceKey 제외),4
HD한국조선해양,009540,2022Q1,2022-03-31,분기말 상장주식수,70773116,API,https://apis.data.go.kr/1160100/GetStockSecuritiesInfoService_V2/getStockPriceInfo_V2?basDt=20220331&likeSrtnCd=009540 (serviceKey 제외),4
HD한국조선해양,009540,2022Q1,2022-03-31,분기말 시가총액,6291730012400,API,https://apis.data.go.kr/1160100/GetStockSecuritiesInfoService_V2/getStockPriceInfo_V2?basDt=20220331&likeSrtnCd=009540 (serviceKey 제외),4
HD한국조선해양,009540,2022Q2,2022-06-30,분기말 자산총계,29921717161000,공시,https://dart.fss.or.kr/dsaf001/main.do?rcpNo=20220816001668,4
HD한국조선해양,009540,2022Q2,2022-06-30,분기말 부채총계,17715883978000,공시,https://dart.fss.or.kr/dsaf001/main.do?rcpNo=20220816001668,4
HD한국조선해양,009540,2022Q2,2022-06-30,분기말 총자본(자기자본),12205833183000,공시,https://dart.fss.or.kr/dsaf001/main.do?rcpNo=20220816001668,4
HD한국조선해양,009540,2022Q2,2022-06-30,분기별 매출액,4188606445000,공시,https://dart.fss.or.kr/dsaf001/main.do?rcpNo=20220816001668,4
HD한국조선해양,009540,2022Q2,2022-06-30,분기별 영업이익,-265085002000,공시,https://dart.fss.or.kr/dsaf001/main.do?rcpNo=20220816001668,4
HD한국조선해양,009540,2022Q2,2022-06-30,분기별 당기순이익(지배),-116620798000,공시,https://dart.fss.or.kr/dsaf001/main.do?rcpNo=20220816001668,4
HD한국조선해양,009540,2022Q2,2022-06-30,분기별 영업활동현금흐름,208403677000,계산(누적차감),https://dart.fss.or.kr/dsaf001/main.do?rcpNo=20220816001668 ; https://dart.fss.or.kr/dsaf001/main.do?rcpNo=20220516002273,4
HD한국조선해양,009540,2022Q2,2022-06-30,분기말 지배지분 자본,9587848446000,공시,https://dart.fss.or.kr/dsaf001/main.do?rcpNo=20220816001668,4
HD한국조선해양,009540,2022Q2,2022-06-30,분기말 종가,93900,API,https://apis.data.go.kr/1160100/GetStockSecuritiesInfoService_V2/getStockPriceInfo_V2?basDt=20220630&likeSrtnCd=009540 (serviceKey 제외),4
HD한국조선해양,009540,2022Q2,2022-06-30,분기말 상장주식수,70773116,API,https://apis.data.go.kr/1160100/GetStockSecuritiesInfoService_V2/getStockPriceInfo_V2?basDt=20220630&likeSrtnCd=009540 (serviceKey 제외),4
HD한국조선해양,009540,2022Q2,2022-06-30,분기말 시가총액,6645595592400,API,https://apis.data.go.kr/1160100/GetStockSecuritiesInfoService_V2/getStockPriceInfo_V2?basDt=20220630&likeSrtnCd=009540 (serviceKey 제외),4
HD한국조선해양,009540,2022Q3,2022-09-30,분기말 자산총계,33118095617000,공시,https://dart.fss.or.kr/dsaf001/main.do?rcpNo=20221114001883,4
HD한국조선해양,009540,2022Q3,2022-09-30,분기말 부채총계,20603881058000,공시,https://dart.fss.or.kr/dsaf001/main.do?rcpNo=20221114001883,4
HD한국조선해양,009540,2022Q3,2022-09-30,분기말 총자본(자기자본),12514214559000,공시,https://dart.fss.or.kr/dsaf001/main.do?rcpNo=20221114001883,4
HD한국조선해양,009540,2022Q3,2022-09-30,분기별 매출액,4264415329000,공시,https://dart.fss.or.kr/dsaf001/main.do?rcpNo=20221114001883,4
HD한국조선해양,009540,2022Q3,2022-09-30,분기별 영업이익,188736283000,공시,https://dart.fss.or.kr/dsaf001/main.do?rcpNo=20221114001883,4
HD한국조선해양,009540,2022Q3,2022-09-30,분기별 당기순이익(지배),227971185000,공시,https://dart.fss.or.kr/dsaf001/main.do?rcpNo=20221114001883,4
HD한국조선해양,009540,2022Q3,2022-09-30,분기별 영업활동현금흐름,191575977000,계산(누적차감),https://dart.fss.or.kr/dsaf001/main.do?rcpNo=20221114001883 ; https://dart.fss.or.kr/dsaf001/main.do?rcpNo=20220816001668,4
HD한국조선해양,009540,2022Q3,2022-09-30,분기말 지배지분 자본,9801730936000,공시,https://dart.fss.or.kr/dsaf001/main.do?rcpNo=20221114001883,4
HD한국조선해양,009540,2022Q3,2022-09-30,분기말 종가,72900,API,https://apis.data.go.kr/1160100/GetStockSecuritiesInfoService_V2/getStockPriceInfo_V2?basDt=20220930&likeSrtnCd=009540 (serviceKey 제외),4
HD한국조선해양,009540,2022Q3,2022-09-30,분기말 상장주식수,70773116,API,https://apis.data.go.kr/1160100/GetStockSecuritiesInfoService_V2/getStockPriceInfo_V2?basDt=20220930&likeSrtnCd=009540 (serviceKey 제외),4
HD한국조선해양,009540,2022Q3,2022-09-30,분기말 시가총액,5159360156400,API,https://apis.data.go.kr/1160100/GetStockSecuritiesInfoService_V2/getStockPriceInfo_V2?basDt=20220930&likeSrtnCd=009540 (serviceKey 제외),4
HD한국조선해양,009540,2022Q4,2022-12-31,분기말 자산총계,29883476300000,공시,https://dart.fss.or.kr/dsaf001/main.do?rcpNo=20230320000758,4
HD한국조선해양,009540,2022Q4,2022-12-31,분기말 부채총계,17571346490000,공시,https://dart.fss.or.kr/dsaf001/main.do?rcpNo=20230320000758,4
HD한국조선해양,009540,2022Q4,2022-12-31,분기말 총자본(자기자본),12312129810000,공시,https://dart.fss.or.kr/dsaf001/main.do?rcpNo=20230320000758,4
HD한국조선해양,009540,2022Q4,2022-12-31,분기별 매출액,4941270490000,계산(연간-3분기누적),https://dart.fss.or.kr/dsaf001/main.do?rcpNo=20230320000758 ; https://dart.fss.or.kr/dsaf001/main.do?rcpNo=20221114001883,4
HD한국조선해양,009540,2022Q4,2022-12-31,분기별 영업이익,117183958000,계산(연간-3분기누적),https://dart.fss.or.kr/dsaf001/main.do?rcpNo=20230320000758 ; https://dart.fss.or.kr/dsaf001/main.do?rcpNo=20221114001883,4
HD한국조선해양,009540,2022Q4,2022-12-31,분기별 당기순이익(지배),-96617791000,계산(연간-3분기누적),https://dart.fss.or.kr/dsaf001/main.do?rcpNo=20230320000758 ; https://dart.fss.or.kr/dsaf001/main.do?rcpNo=20221114001883,4
HD한국조선해양,009540,2022Q4,2022-12-31,분기별 영업활동현금흐름,42836368000,계산(누적차감),https://dart.fss.or.kr/dsaf001/main.do?rcpNo=20230320000758 ; https://dart.fss.or.kr/dsaf001/main.do?rcpNo=20221114001883,4
HD한국조선해양,009540,2022Q4,2022-12-31,분기말 지배지분 자본,9714919162000,공시,https://dart.fss.or.kr/dsaf001/main.do?rcpNo=20230320000758,4
HD한국조선해양,009540,2022Q4,2022-12-29,분기말 종가,70700,API,https://apis.data.go.kr/1160100/GetStockSecuritiesInfoService_V2/getStockPriceInfo_V2?basDt=20221229&likeSrtnCd=009540 (serviceKey 제외),4
HD한국조선해양,009540,2022Q4,2022-12-29,분기말 상장주식수,70773116,API,https://apis.data.go.kr/1160100/GetStockSecuritiesInfoService_V2/getStockPriceInfo_V2?basDt=20221229&likeSrtnCd=009540 (serviceKey 제외),4
HD한국조선해양,009540,2022Q4,2022-12-29,분기말 시가총액,5003659301200,API,https://apis.data.go.kr/1160100/GetStockSecuritiesInfoService_V2/getStockPriceInfo_V2?basDt=20221229&likeSrtnCd=009540 (serviceKey 제외),4
HD한국조선해양,009540,2023Q1,2023-03-31,분기말 자산총계,30445838814000,공시,https://dart.fss.or.kr/dsaf001/main.do?rcpNo=20230515002532,4
HD한국조선해양,009540,2023Q1,2023-03-31,분기말 부채총계,18180091079000,공시,https://dart.fss.or.kr/dsaf001/main.do?rcpNo=20230515002532,4
HD한국조선해양,009540,2023Q1,2023-03-31,분기말 총자본(자기자본),12265747735000,공시,https://dart.fss.or.kr/dsaf001/main.do?rcpNo=20230515002532,4
HD한국조선해양,009540,2023Q1,2023-03-31,분기별 매출액,4842359485000,공시,https://dart.fss.or.kr/dsaf001/main.do?rcpNo=20230515002532,4
HD한국조선해양,009540,2023Q1,2023-03-31,분기별 영업이익,-19044257000,공시,https://dart.fss.or.kr/dsaf001/main.do?rcpNo=20230515002532,4
HD한국조선해양,009540,2023Q1,2023-03-31,분기별 당기순이익(지배),-139792806000,공시,https://dart.fss.or.kr/dsaf001/main.do?rcpNo=20230515002532,4
HD한국조선해양,009540,2023Q1,2023-03-31,분기별 영업활동현금흐름,762750925000,공시,https://dart.fss.or.kr/dsaf001/main.do?rcpNo=20230515002532,4
HD한국조선해양,009540,2023Q1,2023-03-31,분기말 지배지분 자본,9682086623000,공시,https://dart.fss.or.kr/dsaf001/main.do?rcpNo=20230515002532,4
HD한국조선해양,009540,2023Q1,2023-03-31,분기말 종가,77500,API,https://apis.data.go.kr/1160100/GetStockSecuritiesInfoService_V2/getStockPriceInfo_V2?basDt=20230331&likeSrtnCd=009540 (serviceKey 제외),4
HD한국조선해양,009540,2023Q1,2023-03-31,분기말 상장주식수,70773116,API,https://apis.data.go.kr/1160100/GetStockSecuritiesInfoService_V2/getStockPriceInfo_V2?basDt=20230331&likeSrtnCd=009540 (serviceKey 제외),4
HD한국조선해양,009540,2023Q1,2023-03-31,분기말 시가총액,5484916490000,API,https://apis.data.go.kr/1160100/GetStockSecuritiesInfoService_V2/getStockPriceInfo_V2?basDt=20230331&likeSrtnCd=009540 (serviceKey 제외),4
HD한국조선해양,009540,2023Q2,2023-06-30,분기말 자산총계,31636979561000,공시,https://dart.fss.or.kr/dsaf001/main.do?rcpNo=20230814002586,4
HD한국조선해양,009540,2023Q2,2023-06-30,분기말 부채총계,19346744703000,공시,https://dart.fss.or.kr/dsaf001/main.do?rcpNo=20230814002586,4
HD한국조선해양,009540,2023Q2,2023-06-30,분기말 총자본(자기자본),12290234858000,공시,https://dart.fss.or.kr/dsaf001/main.do?rcpNo=20230814002586,4
HD한국조선해양,009540,2023Q2,2023-06-30,분기별 매출액,5453640001000,공시,https://dart.fss.or.kr/dsaf001/main.do?rcpNo=20230814002586,4
HD한국조선해양,009540,2023Q2,2023-06-30,분기별 영업이익,71256596000,공시,https://dart.fss.or.kr/dsaf001/main.do?rcpNo=20230814002586,4
HD한국조선해양,009540,2023Q2,2023-06-30,분기별 당기순이익(지배),49779532000,공시,https://dart.fss.or.kr/dsaf001/main.do?rcpNo=20230814002586,4
HD한국조선해양,009540,2023Q2,2023-06-30,분기별 영업활동현금흐름,542991398000,계산(누적차감),https://dart.fss.or.kr/dsaf001/main.do?rcpNo=20230814002586 ; https://dart.fss.or.kr/dsaf001/main.do?rcpNo=20230515002532,4
HD한국조선해양,009540,2023Q2,2023-06-30,분기말 지배지분 자본,9728327208000,공시,https://dart.fss.or.kr/dsaf001/main.do?rcpNo=20230814002586,4
HD한국조선해양,009540,2023Q2,2023-06-30,분기말 종가,116500,API,https://apis.data.go.kr/1160100/GetStockSecuritiesInfoService_V2/getStockPriceInfo_V2?basDt=20230630&likeSrtnCd=009540 (serviceKey 제외),4
HD한국조선해양,009540,2023Q2,2023-06-30,분기말 상장주식수,70773116,API,https://apis.data.go.kr/1160100/GetStockSecuritiesInfoService_V2/getStockPriceInfo_V2?basDt=20230630&likeSrtnCd=009540 (serviceKey 제외),4
HD한국조선해양,009540,2023Q2,2023-06-30,분기말 시가총액,8245068014000,API,https://apis.data.go.kr/1160100/GetStockSecuritiesInfoService_V2/getStockPriceInfo_V2?basDt=20230630&likeSrtnCd=009540 (serviceKey 제외),4
HD한국조선해양,009540,2023Q3,2023-09-30,분기말 자산총계,33233586516000,공시,https://dart.fss.or.kr/dsaf001/main.do?rcpNo=20231114002444,4
HD한국조선해양,009540,2023Q3,2023-09-30,분기말 부채총계,20615316695000,공시,https://dart.fss.or.kr/dsaf001/main.do?rcpNo=20231114002444,4
HD한국조선해양,009540,2023Q3,2023-09-30,분기말 총자본(자기자본),12618269821000,공시,https://dart.fss.or.kr/dsaf001/main.do?rcpNo=20231114002444,4
HD한국조선해양,009540,2023Q3,2023-09-30,분기별 매출액,5011205861000,공시,https://dart.fss.or.kr/dsaf001/main.do?rcpNo=20231114002444,4
HD한국조선해양,009540,2023Q3,2023-09-30,분기별 영업이익,68957352000,공시,https://dart.fss.or.kr/dsaf001/main.do?rcpNo=20231114002444,4
HD한국조선해양,009540,2023Q3,2023-09-30,분기별 당기순이익(지배),336995343000,공시,https://dart.fss.or.kr/dsaf001/main.do?rcpNo=20231114002444,4
HD한국조선해양,009540,2023Q3,2023-09-30,분기별 영업활동현금흐름,944715263000,계산(누적차감),https://dart.fss.or.kr/dsaf001/main.do?rcpNo=20231114002444 ; https://dart.fss.or.kr/dsaf001/main.do?rcpNo=20230814002586,4
HD한국조선해양,009540,2023Q3,2023-09-30,분기말 지배지분 자본,10048549335000,공시,https://dart.fss.or.kr/dsaf001/main.do?rcpNo=20231114002444,4
HD한국조선해양,009540,2023Q3,2023-09-27,분기말 종가,111000,API,https://apis.data.go.kr/1160100/GetStockSecuritiesInfoService_V2/getStockPriceInfo_V2?basDt=20230927&likeSrtnCd=009540 (serviceKey 제외),4
HD한국조선해양,009540,2023Q3,2023-09-27,분기말 상장주식수,70773116,API,https://apis.data.go.kr/1160100/GetStockSecuritiesInfoService_V2/getStockPriceInfo_V2?basDt=20230927&likeSrtnCd=009540 (serviceKey 제외),4
HD한국조선해양,009540,2023Q3,2023-09-27,분기말 시가총액,7855815876000,API,https://apis.data.go.kr/1160100/GetStockSecuritiesInfoService_V2/getStockPriceInfo_V2?basDt=20230927&likeSrtnCd=009540 (serviceKey 제외),4
HD한국조선해양,009540,2023Q4,2023-12-31,분기말 자산총계,32242568184000,공시,https://dart.fss.or.kr/dsaf001/main.do?rcpNo=20240321000061,4
HD한국조선해양,009540,2023Q4,2023-12-31,분기말 부채총계,19872465252000,공시,https://dart.fss.or.kr/dsaf001/main.do?rcpNo=20240321000061,4
HD한국조선해양,009540,2023Q4,2023-12-31,분기말 총자본(자기자본),12370102932000,공시,https://dart.fss.or.kr/dsaf001/main.do?rcpNo=20240321000061,4
HD한국조선해양,009540,2023Q4,2023-12-31,분기별 매출액,5989000227000,계산(연간-3분기누적),https://dart.fss.or.kr/dsaf001/main.do?rcpNo=20240321000061 ; https://dart.fss.or.kr/dsaf001/main.do?rcpNo=20231114002444,4
HD한국조선해양,009540,2023Q4,2023-12-31,분기별 영업이익,161091028000,계산(연간-3분기누적),https://dart.fss.or.kr/dsaf001/main.do?rcpNo=20240321000061 ; https://dart.fss.or.kr/dsaf001/main.do?rcpNo=20231114002444,4
HD한국조선해양,009540,2023Q4,2023-12-31,분기별 당기순이익(지배),-25271067000,계산(연간-3분기누적),https://dart.fss.or.kr/dsaf001/main.do?rcpNo=20240321000061 ; https://dart.fss.or.kr/dsaf001/main.do?rcpNo=20231114002444,4
HD한국조선해양,009540,2023Q4,2023-12-31,분기별 영업활동현금흐름,-168866661000,계산(누적차감),https://dart.fss.or.kr/dsaf001/main.do?rcpNo=20240321000061 ; https://dart.fss.or.kr/dsaf001/main.do?rcpNo=20231114002444,4
HD한국조선해양,009540,2023Q4,2023-12-31,분기말 지배지분 자본,9903690500000,공시,https://dart.fss.or.kr/dsaf001/main.do?rcpNo=20240321000061,4
HD한국조선해양,009540,2023Q4,2023-12-28,분기말 종가,120900,API,https://apis.data.go.kr/1160100/GetStockSecuritiesInfoService_V2/getStockPriceInfo_V2?basDt=20231228&likeSrtnCd=009540 (serviceKey 제외),4
HD한국조선해양,009540,2023Q4,2023-12-28,분기말 상장주식수,70773116,API,https://apis.data.go.kr/1160100/GetStockSecuritiesInfoService_V2/getStockPriceInfo_V2?basDt=20231228&likeSrtnCd=009540 (serviceKey 제외),4
HD한국조선해양,009540,2023Q4,2023-12-28,분기말 시가총액,8556469724400,API,https://apis.data.go.kr/1160100/GetStockSecuritiesInfoService_V2/getStockPriceInfo_V2?basDt=20231228&likeSrtnCd=009540 (serviceKey 제외),4
HD한국조선해양,009540,2024Q1,2024-03-31,분기말 자산총계,32509877638000,공시,https://dart.fss.or.kr/dsaf001/main.do?rcpNo=20240516000606,4
HD한국조선해양,009540,2024Q1,2024-03-31,분기말 부채총계,19951677635000,공시,https://dart.fss.or.kr/dsaf001/main.do?rcpNo=20240516000606,4
HD한국조선해양,009540,2024Q1,2024-03-31,분기말 총자본(자기자본),12558200003000,공시,https://dart.fss.or.kr/dsaf001/main.do?rcpNo=20240516000606,4
HD한국조선해양,009540,2024Q1,2024-03-31,분기별 매출액,5515625997000,공시,https://dart.fss.or.kr/dsaf001/main.do?rcpNo=20240516000606,4
HD한국조선해양,009540,2024Q1,2024-03-31,분기별 영업이익,160162573000,공시,https://dart.fss.or.kr/dsaf001/main.do?rcpNo=20240516000606,4
HD한국조선해양,009540,2024Q1,2024-03-31,분기별 당기순이익(지배),188946850000,공시,https://dart.fss.or.kr/dsaf001/main.do?rcpNo=20240516000606,4
HD한국조선해양,009540,2024Q1,2024-03-31,분기별 영업활동현금흐름,755596448000,공시,https://dart.fss.or.kr/dsaf001/main.do?rcpNo=20240516000606,4
HD한국조선해양,009540,2024Q1,2024-03-31,분기말 지배지분 자본,10086861762000,공시,https://dart.fss.or.kr/dsaf001/main.do?rcpNo=20240516000606,4
HD한국조선해양,009540,2024Q1,2024-03-29,분기말 종가,118400,API,https://apis.data.go.kr/1160100/GetStockSecuritiesInfoService_V2/getStockPriceInfo_V2?basDt=20240329&likeSrtnCd=009540 (serviceKey 제외),4
HD한국조선해양,009540,2024Q1,2024-03-29,분기말 상장주식수,70773116,API,https://apis.data.go.kr/1160100/GetStockSecuritiesInfoService_V2/getStockPriceInfo_V2?basDt=20240329&likeSrtnCd=009540 (serviceKey 제외),4
HD한국조선해양,009540,2024Q1,2024-03-29,분기말 시가총액,8379536934400,API,https://apis.data.go.kr/1160100/GetStockSecuritiesInfoService_V2/getStockPriceInfo_V2?basDt=20240329&likeSrtnCd=009540 (serviceKey 제외),4
HD한국조선해양,009540,2024Q2,2024-06-30,분기말 자산총계,33145489914000,공시,https://dart.fss.or.kr/dsaf001/main.do?rcpNo=20240814003463,4
HD한국조선해양,009540,2024Q2,2024-06-30,분기말 부채총계,19926316214000,공시,https://dart.fss.or.kr/dsaf001/main.do?rcpNo=20240814003463,4
HD한국조선해양,009540,2024Q2,2024-06-30,분기말 총자본(자기자본),13219173700000,공시,https://dart.fss.or.kr/dsaf001/main.do?rcpNo=20240814003463,4
HD한국조선해양,009540,2024Q2,2024-06-30,분기별 매출액,6615483679000,공시,https://dart.fss.or.kr/dsaf001/main.do?rcpNo=20240814003463,4
HD한국조선해양,009540,2024Q2,2024-06-30,분기별 영업이익,376465002000,공시,https://dart.fss.or.kr/dsaf001/main.do?rcpNo=20240814003463,4
HD한국조선해양,009540,2024Q2,2024-06-30,분기별 당기순이익(지배),292130845000,공시,https://dart.fss.or.kr/dsaf001/main.do?rcpNo=20240814003463,4
HD한국조선해양,009540,2024Q2,2024-06-30,분기별 영업활동현금흐름,1526057791000,계산(누적차감),https://dart.fss.or.kr/dsaf001/main.do?rcpNo=20240814003463 ; https://dart.fss.or.kr/dsaf001/main.do?rcpNo=20240516000606,4
HD한국조선해양,009540,2024Q2,2024-06-30,분기말 지배지분 자본,10518174194000,공시,https://dart.fss.or.kr/dsaf001/main.do?rcpNo=20240814003463,4
HD한국조선해양,009540,2024Q2,2024-06-28,분기말 종가,158800,API,https://apis.data.go.kr/1160100/GetStockSecuritiesInfoService_V2/getStockPriceInfo_V2?basDt=20240628&likeSrtnCd=009540 (serviceKey 제외),4
HD한국조선해양,009540,2024Q2,2024-06-28,분기말 상장주식수,70773116,API,https://apis.data.go.kr/1160100/GetStockSecuritiesInfoService_V2/getStockPriceInfo_V2?basDt=20240628&likeSrtnCd=009540 (serviceKey 제외),4
HD한국조선해양,009540,2024Q2,2024-06-28,분기말 시가총액,11238770820800,API,https://apis.data.go.kr/1160100/GetStockSecuritiesInfoService_V2/getStockPriceInfo_V2?basDt=20240628&likeSrtnCd=009540 (serviceKey 제외),4
HD한국조선해양,009540,2024Q3,2024-09-30,분기말 자산총계,32026087179000,공시,https://dart.fss.or.kr/dsaf001/main.do?rcpNo=20241114001652,4
HD한국조선해양,009540,2024Q3,2024-09-30,분기말 부채총계,18454668516000,공시,https://dart.fss.or.kr/dsaf001/main.do?rcpNo=20241114001652,4
HD한국조선해양,009540,2024Q3,2024-09-30,분기말 총자본(자기자본),13571418663000,공시,https://dart.fss.or.kr/dsaf001/main.do?rcpNo=20241114001652,4
HD한국조선해양,009540,2024Q3,2024-09-30,분기별 매출액,6245755748000,공시,https://dart.fss.or.kr/dsaf001/main.do?rcpNo=20241114001652,4
HD한국조선해양,009540,2024Q3,2024-09-30,분기별 영업이익,398407579000,공시,https://dart.fss.or.kr/dsaf001/main.do?rcpNo=20241114001652,4
HD한국조선해양,009540,2024Q3,2024-09-30,분기별 당기순이익(지배),151043571000,공시,https://dart.fss.or.kr/dsaf001/main.do?rcpNo=20241114001652,4
HD한국조선해양,009540,2024Q3,2024-09-30,분기별 영업활동현금흐름,119321752000,계산(누적차감),https://dart.fss.or.kr/dsaf001/main.do?rcpNo=20241114001652 ; https://dart.fss.or.kr/dsaf001/main.do?rcpNo=20240814003463,4
HD한국조선해양,009540,2024Q3,2024-09-30,분기말 지배지분 자본,10671554244000,공시,https://dart.fss.or.kr/dsaf001/main.do?rcpNo=20241114001652,4
HD한국조선해양,009540,2024Q3,2024-09-30,분기말 종가,187700,API,https://apis.data.go.kr/1160100/GetStockSecuritiesInfoService_V2/getStockPriceInfo_V2?basDt=20240930&likeSrtnCd=009540 (serviceKey 제외),4
HD한국조선해양,009540,2024Q3,2024-09-30,분기말 상장주식수,70773116,API,https://apis.data.go.kr/1160100/GetStockSecuritiesInfoService_V2/getStockPriceInfo_V2?basDt=20240930&likeSrtnCd=009540 (serviceKey 제외),4
HD한국조선해양,009540,2024Q3,2024-09-30,분기말 시가총액,13284113873200,API,https://apis.data.go.kr/1160100/GetStockSecuritiesInfoService_V2/getStockPriceInfo_V2?basDt=20240930&likeSrtnCd=009540 (serviceKey 제외),4
HD한국조선해양,009540,2024Q4,2024-12-31,분기말 자산총계,36719137422000,공시,https://dart.fss.or.kr/dsaf001/main.do?rcpNo=20250318001131,4
HD한국조선해양,009540,2024Q4,2024-12-31,분기말 부채총계,22563324218000,공시,https://dart.fss.or.kr/dsaf001/main.do?rcpNo=20250318001131,4
HD한국조선해양,009540,2024Q4,2024-12-31,분기말 총자본(자기자본),14155813204000,공시,https://dart.fss.or.kr/dsaf001/main.do?rcpNo=20250318001131,4
HD한국조선해양,009540,2024Q4,2024-12-31,분기별 매출액,7161711932000,계산(연간-3분기누적),https://dart.fss.or.kr/dsaf001/main.do?rcpNo=20250318001131 ; https://dart.fss.or.kr/dsaf001/main.do?rcpNo=20241114001652,4
HD한국조선해양,009540,2024Q4,2024-12-31,분기별 영업이익,499055338000,계산(연간-3분기누적),https://dart.fss.or.kr/dsaf001/main.do?rcpNo=20250318001131 ; https://dart.fss.or.kr/dsaf001/main.do?rcpNo=20241114001652,4
HD한국조선해양,009540,2024Q4,2024-12-31,분기별 당기순이익(지배),540214685000,계산(연간-3분기누적),https://dart.fss.or.kr/dsaf001/main.do?rcpNo=20250318001131 ; https://dart.fss.or.kr/dsaf001/main.do?rcpNo=20241114001652,4
HD한국조선해양,009540,2024Q4,2024-12-31,분기별 영업활동현금흐름,1887684187000,계산(누적차감),https://dart.fss.or.kr/dsaf001/main.do?rcpNo=20250318001131 ; https://dart.fss.or.kr/dsaf001/main.do?rcpNo=20241114001652,4
HD한국조선해양,009540,2024Q4,2024-12-31,분기말 지배지분 자본,11099427059000,공시,https://dart.fss.or.kr/dsaf001/main.do?rcpNo=20250318001131,4
HD한국조선해양,009540,2024Q4,2024-12-30,분기말 종가,228000,API,https://apis.data.go.kr/1160100/GetStockSecuritiesInfoService_V2/getStockPriceInfo_V2?basDt=20241230&likeSrtnCd=009540 (serviceKey 제외),4
HD한국조선해양,009540,2024Q4,2024-12-30,분기말 상장주식수,70773116,API,https://apis.data.go.kr/1160100/GetStockSecuritiesInfoService_V2/getStockPriceInfo_V2?basDt=20241230&likeSrtnCd=009540 (serviceKey 제외),4
HD한국조선해양,009540,2024Q4,2024-12-30,분기말 시가총액,16136270448000,API,https://apis.data.go.kr/1160100/GetStockSecuritiesInfoService_V2/getStockPriceInfo_V2?basDt=20241230&likeSrtnCd=009540 (serviceKey 제외),4
HD한국조선해양,009540,2025Q1,2025-03-31,분기말 자산총계,39488199415000,공시,https://dart.fss.or.kr/dsaf001/main.do?rcpNo=20250515002500,4
HD한국조선해양,009540,2025Q1,2025-03-31,분기말 부채총계,25016944532000,공시,https://dart.fss.or.kr/dsaf001/main.do?rcpNo=20250515002500,4
HD한국조선해양,009540,2025Q1,2025-03-31,분기말 총자본(자기자본),14471254883000,공시,https://dart.fss.or.kr/dsaf001/main.do?rcpNo=20250515002500,4
HD한국조선해양,009540,2025Q1,2025-03-31,분기별 매출액,6771705878000,공시,https://dart.fss.or.kr/dsaf001/main.do?rcpNo=20250515002500,4
HD한국조선해양,009540,2025Q1,2025-03-31,분기별 영업이익,859154446000,공시,https://dart.fss.or.kr/dsaf001/main.do?rcpNo=20250515002500,4
HD한국조선해양,009540,2025Q1,2025-03-31,분기별 당기순이익(지배),495397203000,공시,https://dart.fss.or.kr/dsaf001/main.do?rcpNo=20250515002500,4
HD한국조선해양,009540,2025Q1,2025-03-31,분기별 영업활동현금흐름,2184544035000,공시,https://dart.fss.or.kr/dsaf001/main.do?rcpNo=20250515002500,4
HD한국조선해양,009540,2025Q1,2025-03-31,분기말 지배지분 자본,11369214595000,공시,https://dart.fss.or.kr/dsaf001/main.do?rcpNo=20250515002500,4
HD한국조선해양,009540,2025Q1,2025-03-31,분기말 종가,201000,API,https://apis.data.go.kr/1160100/GetStockSecuritiesInfoService_V2/getStockPriceInfo_V2?basDt=20250331&likeSrtnCd=009540 (serviceKey 제외),4
HD한국조선해양,009540,2025Q1,2025-03-31,분기말 상장주식수,70773116,API,https://apis.data.go.kr/1160100/GetStockSecuritiesInfoService_V2/getStockPriceInfo_V2?basDt=20250331&likeSrtnCd=009540 (serviceKey 제외),4
HD한국조선해양,009540,2025Q1,2025-03-31,분기말 시가총액,14225396316000,API,https://apis.data.go.kr/1160100/GetStockSecuritiesInfoService_V2/getStockPriceInfo_V2?basDt=20250331&likeSrtnCd=009540 (serviceKey 제외),4
HD한국조선해양,009540,2025Q2,2025-06-30,분기말 자산총계,37273426486000,공시,https://dart.fss.or.kr/dsaf001/main.do?rcpNo=20250814002640,4
HD한국조선해양,009540,2025Q2,2025-06-30,분기말 부채총계,21968154449000,공시,https://dart.fss.or.kr/dsaf001/main.do?rcpNo=20250814002640,4
HD한국조선해양,009540,2025Q2,2025-06-30,분기말 총자본(자기자본),15305272037000,공시,https://dart.fss.or.kr/dsaf001/main.do?rcpNo=20250814002640,4
HD한국조선해양,009540,2025Q2,2025-06-30,분기별 매출액,7428417053000,공시,https://dart.fss.or.kr/dsaf001/main.do?rcpNo=20250814002640,4
HD한국조선해양,009540,2025Q2,2025-06-30,분기별 영업이익,953641034000,공시,https://dart.fss.or.kr/dsaf001/main.do?rcpNo=20250814002640,4
HD한국조선해양,009540,2025Q2,2025-06-30,분기별 당기순이익(지배),356438676000,공시,https://dart.fss.or.kr/dsaf001/main.do?rcpNo=20250814002640,4
HD한국조선해양,009540,2025Q2,2025-06-30,분기별 영업활동현금흐름,1082950184000,계산(누적차감),https://dart.fss.or.kr/dsaf001/main.do?rcpNo=20250814002640 ; https://dart.fss.or.kr/dsaf001/main.do?rcpNo=20250515002500,4
HD한국조선해양,009540,2025Q2,2025-06-30,분기말 지배지분 자본,11994278747000,공시,https://dart.fss.or.kr/dsaf001/main.do?rcpNo=20250814002640,4
HD한국조선해양,009540,2025Q2,2025-06-30,분기말 종가,366000,API,https://apis.data.go.kr/1160100/GetStockSecuritiesInfoService_V2/getStockPriceInfo_V2?basDt=20250630&likeSrtnCd=009540 (serviceKey 제외),4
HD한국조선해양,009540,2025Q2,2025-06-30,분기말 상장주식수,70773116,API,https://apis.data.go.kr/1160100/GetStockSecuritiesInfoService_V2/getStockPriceInfo_V2?basDt=20250630&likeSrtnCd=009540 (serviceKey 제외),4
HD한국조선해양,009540,2025Q2,2025-06-30,분기말 시가총액,25902960456000,API,https://apis.data.go.kr/1160100/GetStockSecuritiesInfoService_V2/getStockPriceInfo_V2?basDt=20250630&likeSrtnCd=009540 (serviceKey 제외),4
HD한국조선해양,009540,2025Q3,2025-09-30,분기말 자산총계,38427512653000,공시,https://dart.fss.or.kr/dsaf001/main.do?rcpNo=20251114001417,4
HD한국조선해양,009540,2025Q3,2025-09-30,분기말 부채총계,22475232687000,공시,https://dart.fss.or.kr/dsaf001/main.do?rcpNo=20251114001417,4
HD한국조선해양,009540,2025Q3,2025-09-30,분기말 총자본(자기자본),15952279966000,공시,https://dart.fss.or.kr/dsaf001/main.do?rcpNo=20251114001417,4
HD한국조선해양,009540,2025Q3,2025-09-30,분기별 매출액,7581435732000,공시,https://dart.fss.or.kr/dsaf001/main.do?rcpNo=20251114001417,4
HD한국조선해양,009540,2025Q3,2025-09-30,분기별 영업이익,1053775225000,공시,https://dart.fss.or.kr/dsaf001/main.do?rcpNo=20251114001417,4
HD한국조선해양,009540,2025Q3,2025-09-30,분기별 당기순이익(지배),633303118000,공시,https://dart.fss.or.kr/dsaf001/main.do?rcpNo=20251114001417,4
HD한국조선해양,009540,2025Q3,2025-09-30,분기별 영업활동현금흐름,1702441671000,계산(누적차감),https://dart.fss.or.kr/dsaf001/main.do?rcpNo=20251114001417 ; https://dart.fss.or.kr/dsaf001/main.do?rcpNo=20250814002640,4
HD한국조선해양,009540,2025Q3,2025-09-30,분기말 지배지분 자본,12437819241000,공시,https://dart.fss.or.kr/dsaf001/main.do?rcpNo=20251114001417,4
HD한국조선해양,009540,2025Q3,2025-09-30,분기말 종가,411000,API,https://apis.data.go.kr/1160100/GetStockSecuritiesInfoService_V2/getStockPriceInfo_V2?basDt=20250930&likeSrtnCd=009540 (serviceKey 제외),4
HD한국조선해양,009540,2025Q3,2025-09-30,분기말 상장주식수,70773116,API,https://apis.data.go.kr/1160100/GetStockSecuritiesInfoService_V2/getStockPriceInfo_V2?basDt=20250930&likeSrtnCd=009540 (serviceKey 제외),4
HD한국조선해양,009540,2025Q3,2025-09-30,분기말 시가총액,29087750676000,API,https://apis.data.go.kr/1160100/GetStockSecuritiesInfoService_V2/getStockPriceInfo_V2?basDt=20250930&likeSrtnCd=009540 (serviceKey 제외),4
HD한국조선해양,009540,2025Q4,2025-12-31,분기말 자산총계,39542213288000,공시,https://dart.fss.or.kr/dsaf001/main.do?rcpNo=20260320001032,4
HD한국조선해양,009540,2025Q4,2025-12-31,분기말 부채총계,22633860456000,공시,https://dart.fss.or.kr/dsaf001/main.do?rcpNo=20260320001032,4
HD한국조선해양,009540,2025Q4,2025-12-31,분기말 총자본(자기자본),16908352832000,공시,https://dart.fss.or.kr/dsaf001/main.do?rcpNo=20260320001032,4
HD한국조선해양,009540,2025Q4,2025-12-31,분기별 매출액,8151656564000,계산(연간-3분기누적),https://dart.fss.or.kr/dsaf001/main.do?rcpNo=20260320001032 ; https://dart.fss.or.kr/dsaf001/main.do?rcpNo=20251114001417,4
HD한국조선해양,009540,2025Q4,2025-12-31,분기별 영업이익,1037918873000,계산(연간-3분기누적),https://dart.fss.or.kr/dsaf001/main.do?rcpNo=20260320001032 ; https://dart.fss.or.kr/dsaf001/main.do?rcpNo=20251114001417,4
HD한국조선해양,009540,2025Q4,2025-12-31,분기별 당기순이익(지배),683273432000,계산(연간-3분기누적),https://dart.fss.or.kr/dsaf001/main.do?rcpNo=20260320001032 ; https://dart.fss.or.kr/dsaf001/main.do?rcpNo=20251114001417,4
HD한국조선해양,009540,2025Q4,2025-12-31,분기별 영업활동현금흐름,-547885246000,계산(누적차감),https://dart.fss.or.kr/dsaf001/main.do?rcpNo=20260320001032 ; https://dart.fss.or.kr/dsaf001/main.do?rcpNo=20251114001417,4
HD한국조선해양,009540,2025Q4,2025-12-31,분기말 지배지분 자본,13286077746000,공시,https://dart.fss.or.kr/dsaf001/main.do?rcpNo=20260320001032,4
HD한국조선해양,009540,2025Q4,2025-12-30,분기말 종가,407000,API,https://apis.data.go.kr/1160100/GetStockSecuritiesInfoService_V2/getStockPriceInfo_V2?basDt=20251230&likeSrtnCd=009540 (serviceKey 제외),4
HD한국조선해양,009540,2025Q4,2025-12-30,분기말 상장주식수,70773116,API,https://apis.data.go.kr/1160100/GetStockSecuritiesInfoService_V2/getStockPriceInfo_V2?basDt=20251230&likeSrtnCd=009540 (serviceKey 제외),4
HD한국조선해양,009540,2025Q4,2025-12-30,분기말 시가총액,28804658212000,API,https://apis.data.go.kr/1160100/GetStockSecuritiesInfoService_V2/getStockPriceInfo_V2?basDt=20251230&likeSrtnCd=009540 (serviceKey 제외),4
HD한국조선해양,009540,2026Q1,2026-03-31,분기말 자산총계,42204851656000,공시,https://dart.fss.or.kr/dsaf001/main.do?rcpNo=20260515001799,4
HD한국조선해양,009540,2026Q1,2026-03-31,분기말 부채총계,24888294971000,공시,https://dart.fss.or.kr/dsaf001/main.do?rcpNo=20260515001799,4
HD한국조선해양,009540,2026Q1,2026-03-31,분기말 총자본(자기자본),17316556685000,공시,https://dart.fss.or.kr/dsaf001/main.do?rcpNo=20260515001799,4
HD한국조선해양,009540,2026Q1,2026-03-31,분기별 매출액,8140889752000,공시,https://dart.fss.or.kr/dsaf001/main.do?rcpNo=20260515001799,4
HD한국조선해양,009540,2026Q1,2026-03-31,분기별 영업이익,1355970120000,공시,https://dart.fss.or.kr/dsaf001/main.do?rcpNo=20260515001799,4
HD한국조선해양,009540,2026Q1,2026-03-31,분기별 당기순이익(지배),844254914000,공시,https://dart.fss.or.kr/dsaf001/main.do?rcpNo=20260515001799,4
HD한국조선해양,009540,2026Q1,2026-03-31,분기별 영업활동현금흐름,1775559420000,공시,https://dart.fss.or.kr/dsaf001/main.do?rcpNo=20260515001799,4
HD한국조선해양,009540,2026Q1,2026-03-31,분기말 지배지분 자본,13549752580000,공시,https://dart.fss.or.kr/dsaf001/main.do?rcpNo=20260515001799,4
HD한국조선해양,009540,2026Q1,2026-03-31,분기말 종가,344000,API,https://apis.data.go.kr/1160100/GetStockSecuritiesInfoService_V2/getStockPriceInfo_V2?basDt=20260331&likeSrtnCd=009540 (serviceKey 제외),4
HD한국조선해양,009540,2026Q1,2026-03-31,분기말 상장주식수,70773116,API,https://apis.data.go.kr/1160100/GetStockSecuritiesInfoService_V2/getStockPriceInfo_V2?basDt=20260331&likeSrtnCd=009540 (serviceKey 제외),4
HD한국조선해양,009540,2026Q1,2026-03-31,분기말 시가총액,24345951904000,API,https://apis.data.go.kr/1160100/GetStockSecuritiesInfoService_V2/getStockPriceInfo_V2?basDt=20260331&likeSrtnCd=009540 (serviceKey 제외),4
HD한국조선해양,009540,2026Q2,2026-06-30,분기말 자산총계,46724836772000,공시,https://dart.fss.or.kr/dsaf001/main.do?rcpNo=20260814002569,4
HD한국조선해양,009540,2026Q2,2026-06-30,분기말 부채총계,27800917165000,공시,https://dart.fss.or.kr/dsaf001/main.do?rcpNo=20260814002569,4
HD한국조선해양,009540,2026Q2,2026-06-30,분기말 총자본(자기자본),18923919607000,공시,https://dart.fss.or.kr/dsaf001/main.do?rcpNo=20260814002569,4
HD한국조선해양,009540,2026Q2,2026-06-30,분기별 매출액,8927046477000,공시,https://dart.fss.or.kr/dsaf001/main.do?rcpNo=20260814002569,4
HD한국조선해양,009540,2026Q2,2026-06-30,분기별 영업이익,1645146382000,공시,https://dart.fss.or.kr/dsaf001/main.do?rcpNo=20260814002569,4
HD한국조선해양,009540,2026Q2,2026-06-30,분기별 당기순이익(지배),1287492189000,공시,https://dart.fss.or.kr/dsaf001/main.do?rcpNo=20260814002569,4
HD한국조선해양,009540,2026Q2,2026-06-30,분기별 영업활동현금흐름,2603951375000,계산(누적차감),https://dart.fss.or.kr/dsaf001/main.do?rcpNo=20260814002569 ; https://dart.fss.or.kr/dsaf001/main.do?rcpNo=20260515001799,4
HD한국조선해양,009540,2026Q2,2026-06-30,분기말 지배지분 자본,14829923535000,공시,https://dart.fss.or.kr/dsaf001/main.do?rcpNo=20260814002569,4
HD한국조선해양,009540,2026Q2,2026-06-30,분기말 종가,350000,API,https://apis.data.go.kr/1160100/GetStockSecuritiesInfoService_V2/getStockPriceInfo_V2?basDt=20260630&likeSrtnCd=009540 (serviceKey 제외),4
HD한국조선해양,009540,2026Q2,2026-06-30,분기말 상장주식수,70773116,API,https://apis.data.go.kr/1160100/GetStockSecuritiesInfoService_V2/getStockPriceInfo_V2?basDt=20260630&likeSrtnCd=009540 (serviceKey 제외),4
HD한국조선해양,009540,2026Q2,2026-06-30,분기말 시가총액,24770590600000,API,https://apis.data.go.kr/1160100/GetStockSecuritiesInfoService_V2/getStockPriceInfo_V2?basDt=20260630&likeSrtnCd=009540 (serviceKey 제외),4
