기업,종목코드,기간,기준일,항목,값(원),값구분,출처,라운드
KT&G,033780,2010Q1,2010-03-31,분기말 자산총계,미확인,미확인,https://dart.fss.or.kr/dsaf001/main.do?rcpNo=20100527000242,5
KT&G,033780,2010Q1,2010-03-31,분기말 부채총계,미확인,미확인,https://dart.fss.or.kr/dsaf001/main.do?rcpNo=20100527000242,5
KT&G,033780,2010Q1,2010-03-31,분기말 총자본(자기자본),미확인,미확인,https://dart.fss.or.kr/dsaf001/main.do?rcpNo=20100527000242,5
KT&G,033780,2010Q1,2010-03-31,분기별 매출액,428,공시,https://dart.fss.or.kr/dsaf001/main.do?rcpNo=20100527000242,5
KT&G,033780,2010Q1,2010-03-31,분기별 영업이익,4,공시,https://dart.fss.or.kr/dsaf001/main.do?rcpNo=20100527000242,5
KT&G,033780,2010Q1,2010-03-31,분기별 당기순이익(지배),180916208789,공시,https://dart.fss.or.kr/dsaf001/main.do?rcpNo=20100527000242,5
KT&G,033780,2010Q1,2010-03-31,분기별 영업활동현금흐름,259741389860,공시,https://dart.fss.or.kr/dsaf001/main.do?rcpNo=20100527000242,5
KT&G,033780,2010Q1,2010-03-31,분기말 지배지분 자본,3863970193264,공시,https://dart.fss.or.kr/dsaf001/main.do?rcpNo=20100527000242,5
KT&G,033780,2010Q1,2010-03-31,분기말 종가,62600,API,"https://data-dbg.krx.co.kr/svc/apis/sto/stk_bydd_trd?basDd=20100331 (KOSPI, KT&G ; 종가 62600 × 상장주식수 137292497 = 시가총액 8594510312200)",5
KT&G,033780,2010Q1,2010-03-31,분기말 상장주식수,137292497,API,"https://data-dbg.krx.co.kr/svc/apis/sto/stk_bydd_trd?basDd=20100331 (KOSPI, KT&G ; 종가 62600 × 상장주식수 137292497 = 시가총액 8594510312200)",5
KT&G,033780,2010Q1,2010-03-31,분기말 시가총액,8594510312200,API,"https://data-dbg.krx.co.kr/svc/apis/sto/stk_bydd_trd?basDd=20100331 (KOSPI, KT&G ; 종가 62600 × 상장주식수 137292497 = 시가총액 8594510312200)",5
KT&G,033780,2010Q2,2010-06-30,분기말 자산총계,미확인,미확인,https://dart.fss.or.kr/dsaf001/main.do?rcpNo=20100830000317,5
KT&G,033780,2010Q2,2010-06-30,분기말 부채총계,미확인,미확인,https://dart.fss.or.kr/dsaf001/main.do?rcpNo=20100830000317,5
KT&G,033780,2010Q2,2010-06-30,분기말 총자본(자기자본),미확인,미확인,https://dart.fss.or.kr/dsaf001/main.do?rcpNo=20100830000317,5
KT&G,033780,2010Q2,2010-06-30,분기별 매출액,428,공시,https://dart.fss.or.kr/dsaf001/main.do?rcpNo=20100830000317,5
KT&G,033780,2010Q2,2010-06-30,분기별 영업이익,4,공시,https://dart.fss.or.kr/dsaf001/main.do?rcpNo=20100830000317,5
KT&G,033780,2010Q2,2010-06-30,분기별 당기순이익(지배),450428155991,공시,https://dart.fss.or.kr/dsaf001/main.do?rcpNo=20100830000317,5
KT&G,033780,2010Q2,2010-06-30,분기별 영업활동현금흐름,233251534370,계산(누적차감),https://dart.fss.or.kr/dsaf001/main.do?rcpNo=20100830000317 ; https://dart.fss.or.kr/dsaf001/main.do?rcpNo=20100527000242,5
KT&G,033780,2010Q2,2010-06-30,분기말 지배지분 자본,미확인,미확인,https://dart.fss.or.kr/dsaf001/main.do?rcpNo=20100830000317,5
KT&G,033780,2010Q2,2010-06-30,분기말 종가,60200,API,"https://data-dbg.krx.co.kr/svc/apis/sto/stk_bydd_trd?basDd=20100630 (KOSPI, KT&G ; 종가 60200 × 상장주식수 137292497 = 시가총액 8265008319400)",5
KT&G,033780,2010Q2,2010-06-30,분기말 상장주식수,137292497,API,"https://data-dbg.krx.co.kr/svc/apis/sto/stk_bydd_trd?basDd=20100630 (KOSPI, KT&G ; 종가 60200 × 상장주식수 137292497 = 시가총액 8265008319400)",5
KT&G,033780,2010Q2,2010-06-30,분기말 시가총액,8265008319400,API,"https://data-dbg.krx.co.kr/svc/apis/sto/stk_bydd_trd?basDd=20100630 (KOSPI, KT&G ; 종가 60200 × 상장주식수 137292497 = 시가총액 8265008319400)",5
KT&G,033780,2010Q3,2010-09-30,분기말 자산총계,미확인,미확인,https://dart.fss.or.kr/dsaf001/main.do?rcpNo=20101129000510,5
KT&G,033780,2010Q3,2010-09-30,분기말 부채총계,미확인,미확인,https://dart.fss.or.kr/dsaf001/main.do?rcpNo=20101129000510,5
KT&G,033780,2010Q3,2010-09-30,분기말 총자본(자기자본),미확인,미확인,https://dart.fss.or.kr/dsaf001/main.do?rcpNo=20101129000510,5
KT&G,033780,2010Q3,2010-09-30,분기별 매출액,428,공시,https://dart.fss.or.kr/dsaf001/main.do?rcpNo=20101129000510,5
KT&G,033780,2010Q3,2010-09-30,분기별 영업이익,4,공시,https://dart.fss.or.kr/dsaf001/main.do?rcpNo=20101129000510,5
KT&G,033780,2010Q3,2010-09-30,분기별 당기순이익(지배),235440611955,공시,https://dart.fss.or.kr/dsaf001/main.do?rcpNo=20101129000510,5
KT&G,033780,2010Q3,2010-09-30,분기별 영업활동현금흐름,228954973964,계산(누적차감),https://dart.fss.or.kr/dsaf001/main.do?rcpNo=20101129000510 ; https://dart.fss.or.kr/dsaf001/main.do?rcpNo=20100830000317,5
KT&G,033780,2010Q3,2010-09-30,분기말 지배지분 자본,미확인,미확인,https://dart.fss.or.kr/dsaf001/main.do?rcpNo=20101129000510,5
KT&G,033780,2010Q3,2010-09-30,분기말 종가,68000,API,"https://data-dbg.krx.co.kr/svc/apis/sto/stk_bydd_trd?basDd=20100930 (KOSPI, KT&G ; 종가 68000 × 상장주식수 137292497 = 시가총액 9335889796000)",5
KT&G,033780,2010Q3,2010-09-30,분기말 상장주식수,137292497,API,"https://data-dbg.krx.co.kr/svc/apis/sto/stk_bydd_trd?basDd=20100930 (KOSPI, KT&G ; 종가 68000 × 상장주식수 137292497 = 시가총액 9335889796000)",5
KT&G,033780,2010Q3,2010-09-30,분기말 시가총액,9335889796000,API,"https://data-dbg.krx.co.kr/svc/apis/sto/stk_bydd_trd?basDd=20100930 (KOSPI, KT&G ; 종가 68000 × 상장주식수 137292497 = 시가총액 9335889796000)",5
KT&G,033780,2010Q4,2010-12-31,분기말 자산총계,5777059067445,공시,https://dart.fss.or.kr/dsaf001/main.do?rcpNo=20110331000096,5
KT&G,033780,2010Q4,2010-12-31,분기말 부채총계,1178749695141,공시,https://dart.fss.or.kr/dsaf001/main.do?rcpNo=20110331000096,5
KT&G,033780,2010Q4,2010-12-31,분기말 총자본(자기자본),4598309372304,공시,https://dart.fss.or.kr/dsaf001/main.do?rcpNo=20110331000096,5
KT&G,033780,2010Q4,2010-12-31,분기별 매출액,1,계산(연간-3분기누적),https://dart.fss.or.kr/dsaf001/main.do?rcpNo=20110331000096 ; https://dart.fss.or.kr/dsaf001/main.do?rcpNo=20101129000510,5
KT&G,033780,2010Q4,2010-12-31,분기별 영업이익,0,계산(연간-3분기누적),https://dart.fss.or.kr/dsaf001/main.do?rcpNo=20110331000096 ; https://dart.fss.or.kr/dsaf001/main.do?rcpNo=20101129000510,5
KT&G,033780,2010Q4,2010-12-31,분기별 당기순이익(지배),796382754265,계산(연간-3분기누적),https://dart.fss.or.kr/dsaf001/main.do?rcpNo=20110331000096 ; https://dart.fss.or.kr/dsaf001/main.do?rcpNo=20101129000510,5
KT&G,033780,2010Q4,2010-12-31,분기별 영업활동현금흐름,123163329761,계산(누적차감),https://dart.fss.or.kr/dsaf001/main.do?rcpNo=20110331000096 ; https://dart.fss.or.kr/dsaf001/main.do?rcpNo=20101129000510,5
KT&G,033780,2010Q4,2010-12-31,분기말 지배지분 자본,4556179411431,공시,https://dart.fss.or.kr/dsaf001/main.do?rcpNo=20110331000096,5
KT&G,033780,2010Q4,2010-12-30,분기말 종가,64700,API,"https://data-dbg.krx.co.kr/svc/apis/sto/stk_bydd_trd?basDd=20101230 (KOSPI, KT&G ; 종가 64700 × 상장주식수 137292497 = 시가총액 8882824555900)",5
KT&G,033780,2010Q4,2010-12-30,분기말 상장주식수,137292497,API,"https://data-dbg.krx.co.kr/svc/apis/sto/stk_bydd_trd?basDd=20101230 (KOSPI, KT&G ; 종가 64700 × 상장주식수 137292497 = 시가총액 8882824555900)",5
KT&G,033780,2010Q4,2010-12-30,분기말 시가총액,8882824555900,API,"https://data-dbg.krx.co.kr/svc/apis/sto/stk_bydd_trd?basDd=20101230 (KOSPI, KT&G ; 종가 64700 × 상장주식수 137292497 = 시가총액 8882824555900)",5
KT&G,033780,2011Q1,2011-03-31,분기말 자산총계,5921367893063,공시,https://dart.fss.or.kr/dsaf001/main.do?rcpNo=20110516002773,5
KT&G,033780,2011Q1,2011-03-31,분기말 부채총계,1533980036817,공시,https://dart.fss.or.kr/dsaf001/main.do?rcpNo=20110516002773,5
KT&G,033780,2011Q1,2011-03-31,분기말 총자본(자기자본),4387387856246,공시,https://dart.fss.or.kr/dsaf001/main.do?rcpNo=20110516002773,5
KT&G,033780,2011Q1,2011-03-31,분기별 매출액,824444924476,공시,https://dart.fss.or.kr/dsaf001/main.do?rcpNo=20110516002773,5
KT&G,033780,2011Q1,2011-03-31,분기별 영업이익,249395617814,공시,https://dart.fss.or.kr/dsaf001/main.do?rcpNo=20110516002773,5
KT&G,033780,2011Q1,2011-03-31,분기별 당기순이익(지배),182397554763,공시,https://dart.fss.or.kr/dsaf001/main.do?rcpNo=20110516002773,5
KT&G,033780,2011Q1,2011-03-31,분기별 영업활동현금흐름,164523168429,공시,https://dart.fss.or.kr/dsaf001/main.do?rcpNo=20110516002773,5
KT&G,033780,2011Q1,2011-03-31,분기말 지배지분 자본,4344547101932,공시,https://dart.fss.or.kr/dsaf001/main.do?rcpNo=20110516002773,5
KT&G,033780,2011Q1,2011-03-31,분기말 종가,57100,API,"https://data-dbg.krx.co.kr/svc/apis/sto/stk_bydd_trd?basDd=20110331 (KOSPI, KT&G ; 종가 57100 × 상장주식수 137292497 = 시가총액 7839401578700)",5
KT&G,033780,2011Q1,2011-03-31,분기말 상장주식수,137292497,API,"https://data-dbg.krx.co.kr/svc/apis/sto/stk_bydd_trd?basDd=20110331 (KOSPI, KT&G ; 종가 57100 × 상장주식수 137292497 = 시가총액 7839401578700)",5
KT&G,033780,2011Q1,2011-03-31,분기말 시가총액,7839401578700,API,"https://data-dbg.krx.co.kr/svc/apis/sto/stk_bydd_trd?basDd=20110331 (KOSPI, KT&G ; 종가 57100 × 상장주식수 137292497 = 시가총액 7839401578700)",5
KT&G,033780,2011Q2,2011-06-30,분기말 자산총계,5707711766993,공시,https://dart.fss.or.kr/dsaf001/main.do?rcpNo=20110816000463,5
KT&G,033780,2011Q2,2011-06-30,분기말 부채총계,1212547451876,공시,https://dart.fss.or.kr/dsaf001/main.do?rcpNo=20110816000463,5
KT&G,033780,2011Q2,2011-06-30,분기말 총자본(자기자본),4495164315117,공시,https://dart.fss.or.kr/dsaf001/main.do?rcpNo=20110816000463,5
KT&G,033780,2011Q2,2011-06-30,분기별 매출액,898595548836,공시,https://dart.fss.or.kr/dsaf001/main.do?rcpNo=20110816000463,5
KT&G,033780,2011Q2,2011-06-30,분기별 영업이익,281419048179,공시,https://dart.fss.or.kr/dsaf001/main.do?rcpNo=20110816000463,5
KT&G,033780,2011Q2,2011-06-30,분기별 당기순이익(지배),215047495549,공시,https://dart.fss.or.kr/dsaf001/main.do?rcpNo=20110816000463,5
KT&G,033780,2011Q2,2011-06-30,분기별 영업활동현금흐름,333659261381,계산(누적차감),https://dart.fss.or.kr/dsaf001/main.do?rcpNo=20110816000463 ; https://dart.fss.or.kr/dsaf001/main.do?rcpNo=20110516002773,5
KT&G,033780,2011Q2,2011-06-30,분기말 지배지분 자본,4452084203674,공시,https://dart.fss.or.kr/dsaf001/main.do?rcpNo=20110816000463,5
KT&G,033780,2011Q2,2011-06-30,분기말 종가,66400,API,"https://data-dbg.krx.co.kr/svc/apis/sto/stk_bydd_trd?basDd=20110630 (KOSPI, KT&G ; 종가 66400 × 상장주식수 137292497 = 시가총액 9116221800800)",5
KT&G,033780,2011Q2,2011-06-30,분기말 상장주식수,137292497,API,"https://data-dbg.krx.co.kr/svc/apis/sto/stk_bydd_trd?basDd=20110630 (KOSPI, KT&G ; 종가 66400 × 상장주식수 137292497 = 시가총액 9116221800800)",5
KT&G,033780,2011Q2,2011-06-30,분기말 시가총액,9116221800800,API,"https://data-dbg.krx.co.kr/svc/apis/sto/stk_bydd_trd?basDd=20110630 (KOSPI, KT&G ; 종가 66400 × 상장주식수 137292497 = 시가총액 9116221800800)",5
KT&G,033780,2011Q3,2011-09-30,분기말 자산총계,6049920807711,공시,https://dart.fss.or.kr/dsaf001/main.do?rcpNo=20111114001487,5
KT&G,033780,2011Q3,2011-09-30,분기말 부채총계,1302857261464,공시,https://dart.fss.or.kr/dsaf001/main.do?rcpNo=20111114001487,5
KT&G,033780,2011Q3,2011-09-30,분기말 총자본(자기자본),4747063546247,공시,https://dart.fss.or.kr/dsaf001/main.do?rcpNo=20111114001487,5
KT&G,033780,2011Q3,2011-09-30,분기별 매출액,1045870660430,공시,https://dart.fss.or.kr/dsaf001/main.do?rcpNo=20111114001487,5
KT&G,033780,2011Q3,2011-09-30,분기별 영업이익,374879315175,공시,https://dart.fss.or.kr/dsaf001/main.do?rcpNo=20111114001487,5
KT&G,033780,2011Q3,2011-09-30,분기별 당기순이익(지배),282671294554,공시,https://dart.fss.or.kr/dsaf001/main.do?rcpNo=20111114001487,5
KT&G,033780,2011Q3,2011-09-30,분기별 영업활동현금흐름,244069621374,계산(누적차감),https://dart.fss.or.kr/dsaf001/main.do?rcpNo=20111114001487 ; https://dart.fss.or.kr/dsaf001/main.do?rcpNo=20110816000463,5
KT&G,033780,2011Q3,2011-09-30,분기말 지배지분 자본,4684488886731,공시,https://dart.fss.or.kr/dsaf001/main.do?rcpNo=20111114001487,5
KT&G,033780,2011Q3,2011-09-30,분기말 종가,73500,API,"https://data-dbg.krx.co.kr/svc/apis/sto/stk_bydd_trd?basDd=20110930 (KOSPI, KT&G ; 종가 73500 × 상장주식수 137292497 = 시가총액 10090998529500)",5
KT&G,033780,2011Q3,2011-09-30,분기말 상장주식수,137292497,API,"https://data-dbg.krx.co.kr/svc/apis/sto/stk_bydd_trd?basDd=20110930 (KOSPI, KT&G ; 종가 73500 × 상장주식수 137292497 = 시가총액 10090998529500)",5
KT&G,033780,2011Q3,2011-09-30,분기말 시가총액,10090998529500,API,"https://data-dbg.krx.co.kr/svc/apis/sto/stk_bydd_trd?basDd=20110930 (KOSPI, KT&G ; 종가 73500 × 상장주식수 137292497 = 시가총액 10090998529500)",5
KT&G,033780,2011Q4,2011-12-31,분기말 자산총계,6159204019882,공시,https://dart.fss.or.kr/dsaf001/main.do?rcpNo=20201116001219,5
KT&G,033780,2011Q4,2011-12-31,분기말 부채총계,1309086696441,공시,https://dart.fss.or.kr/dsaf001/main.do?rcpNo=20201116001219,5
KT&G,033780,2011Q4,2011-12-31,분기말 총자본(자기자본),4850117323441,공시,https://dart.fss.or.kr/dsaf001/main.do?rcpNo=20201116001219,5
KT&G,033780,2011Q4,2011-12-31,분기별 매출액,954054686357,계산(연간-3분기누적),https://dart.fss.or.kr/dsaf001/main.do?rcpNo=20201116001219 ; https://dart.fss.or.kr/dsaf001/main.do?rcpNo=20111114001487,5
KT&G,033780,2011Q4,2011-12-31,분기별 영업이익,201128214581,계산(연간-3분기누적),https://dart.fss.or.kr/dsaf001/main.do?rcpNo=20201116001219 ; https://dart.fss.or.kr/dsaf001/main.do?rcpNo=20111114001487,5
KT&G,033780,2011Q4,2011-12-31,분기별 당기순이익(지배),125476393026,계산(연간-3분기누적),https://dart.fss.or.kr/dsaf001/main.do?rcpNo=20201116001219 ; https://dart.fss.or.kr/dsaf001/main.do?rcpNo=20111114001487,5
KT&G,033780,2011Q4,2011-12-31,분기별 영업활동현금흐름,14602084699,계산(누적차감),https://dart.fss.or.kr/dsaf001/main.do?rcpNo=20201116001219 ; https://dart.fss.or.kr/dsaf001/main.do?rcpNo=20111114001487,5
KT&G,033780,2011Q4,2011-12-31,분기말 지배지분 자본,4777664595255,공시,https://dart.fss.or.kr/dsaf001/main.do?rcpNo=20201116001219,5
KT&G,033780,2011Q4,2011-12-29,분기말 종가,81400,API,"https://data-dbg.krx.co.kr/svc/apis/sto/stk_bydd_trd?basDd=20111229 (KOSPI, KT&G ; 종가 81400 × 상장주식수 137292497 = 시가총액 11175609255800)",5
KT&G,033780,2011Q4,2011-12-29,분기말 상장주식수,137292497,API,"https://data-dbg.krx.co.kr/svc/apis/sto/stk_bydd_trd?basDd=20111229 (KOSPI, KT&G ; 종가 81400 × 상장주식수 137292497 = 시가총액 11175609255800)",5
KT&G,033780,2011Q4,2011-12-29,분기말 시가총액,11175609255800,API,"https://data-dbg.krx.co.kr/svc/apis/sto/stk_bydd_trd?basDd=20111229 (KOSPI, KT&G ; 종가 81400 × 상장주식수 137292497 = 시가총액 11175609255800)",5
KT&G,033780,2012Q1,2012-03-31,분기말 자산총계,6511097849146,공시,https://dart.fss.or.kr/dsaf001/main.do?rcpNo=20120515001310,5
KT&G,033780,2012Q1,2012-03-31,분기말 부채총계,1810644448952,공시,https://dart.fss.or.kr/dsaf001/main.do?rcpNo=20120515001310,5
KT&G,033780,2012Q1,2012-03-31,분기말 총자본(자기자본),4700453400194,공시,https://dart.fss.or.kr/dsaf001/main.do?rcpNo=20120515001310,5
KT&G,033780,2012Q1,2012-03-31,분기별 매출액,961562253351,공시,https://dart.fss.or.kr/dsaf001/main.do?rcpNo=20120515001310,5
KT&G,033780,2012Q1,2012-03-31,분기별 영업이익,258117719755,공시,https://dart.fss.or.kr/dsaf001/main.do?rcpNo=20120515001310,5
KT&G,033780,2012Q1,2012-03-31,분기별 당기순이익(지배),190820286523,공시,https://dart.fss.or.kr/dsaf001/main.do?rcpNo=20120515001310,5
KT&G,033780,2012Q1,2012-03-31,분기별 영업활동현금흐름,591498948058,공시,https://dart.fss.or.kr/dsaf001/main.do?rcpNo=20120515001310,5
KT&G,033780,2012Q1,2012-03-31,분기말 지배지분 자본,4608075392505,공시,https://dart.fss.or.kr/dsaf001/main.do?rcpNo=20120515001310,5
KT&G,033780,2012Q1,2012-03-30,분기말 종가,80400,API,"https://data-dbg.krx.co.kr/svc/apis/sto/stk_bydd_trd?basDd=20120330 (KOSPI, KT&G ; 종가 80400 × 상장주식수 137292497 = 시가총액 11038316758800)",5
KT&G,033780,2012Q1,2012-03-30,분기말 상장주식수,137292497,API,"https://data-dbg.krx.co.kr/svc/apis/sto/stk_bydd_trd?basDd=20120330 (KOSPI, KT&G ; 종가 80400 × 상장주식수 137292497 = 시가총액 11038316758800)",5
KT&G,033780,2012Q1,2012-03-30,분기말 시가총액,11038316758800,API,"https://data-dbg.krx.co.kr/svc/apis/sto/stk_bydd_trd?basDd=20120330 (KOSPI, KT&G ; 종가 80400 × 상장주식수 137292497 = 시가총액 11038316758800)",5
KT&G,033780,2012Q2,2012-06-30,분기말 자산총계,6686579679361,공시,https://dart.fss.or.kr/dsaf001/main.do?rcpNo=20120814000233,5
KT&G,033780,2012Q2,2012-06-30,분기말 부채총계,1798060803281,공시,https://dart.fss.or.kr/dsaf001/main.do?rcpNo=20120814000233,5
KT&G,033780,2012Q2,2012-06-30,분기말 총자본(자기자본),4888518876080,공시,https://dart.fss.or.kr/dsaf001/main.do?rcpNo=20120814000233,5
KT&G,033780,2012Q2,2012-06-30,분기별 매출액,1005440548711,공시,https://dart.fss.or.kr/dsaf001/main.do?rcpNo=20120814000233,5
KT&G,033780,2012Q2,2012-06-30,분기별 영업이익,286876007796,공시,https://dart.fss.or.kr/dsaf001/main.do?rcpNo=20120814000233,5
KT&G,033780,2012Q2,2012-06-30,분기별 당기순이익(지배),214380553346,공시,https://dart.fss.or.kr/dsaf001/main.do?rcpNo=20120814000233,5
KT&G,033780,2012Q2,2012-06-30,분기별 영업활동현금흐름,226078626763,계산(누적차감),https://dart.fss.or.kr/dsaf001/main.do?rcpNo=20120814000233 ; https://dart.fss.or.kr/dsaf001/main.do?rcpNo=20120515001310,5
KT&G,033780,2012Q2,2012-06-30,분기말 지배지분 자본,4790158152955,공시,https://dart.fss.or.kr/dsaf001/main.do?rcpNo=20120814000233,5
KT&G,033780,2012Q2,2012-06-29,분기말 종가,81200,API,"https://data-dbg.krx.co.kr/svc/apis/sto/stk_bydd_trd?basDd=20120629 (KOSPI, KT&G ; 종가 81200 × 상장주식수 137292497 = 시가총액 11148150756400)",5
KT&G,033780,2012Q2,2012-06-29,분기말 상장주식수,137292497,API,"https://data-dbg.krx.co.kr/svc/apis/sto/stk_bydd_trd?basDd=20120629 (KOSPI, KT&G ; 종가 81200 × 상장주식수 137292497 = 시가총액 11148150756400)",5
KT&G,033780,2012Q2,2012-06-29,분기말 시가총액,11148150756400,API,"https://data-dbg.krx.co.kr/svc/apis/sto/stk_bydd_trd?basDd=20120629 (KOSPI, KT&G ; 종가 81200 × 상장주식수 137292497 = 시가총액 11148150756400)",5
KT&G,033780,2012Q3,2012-09-30,분기말 자산총계,7103722031222,공시,https://dart.fss.or.kr/dsaf001/main.do?rcpNo=20121114000671,5
KT&G,033780,2012Q3,2012-09-30,분기말 부채총계,1998326377996,공시,https://dart.fss.or.kr/dsaf001/main.do?rcpNo=20121114000671,5
KT&G,033780,2012Q3,2012-09-30,분기말 총자본(자기자본),5105395653226,공시,https://dart.fss.or.kr/dsaf001/main.do?rcpNo=20121114000671,5
KT&G,033780,2012Q3,2012-09-30,분기별 매출액,1063292363500,공시,https://dart.fss.or.kr/dsaf001/main.do?rcpNo=20121114000671,5
KT&G,033780,2012Q3,2012-09-30,분기별 영업이익,295793319421,공시,https://dart.fss.or.kr/dsaf001/main.do?rcpNo=20121114000671,5
KT&G,033780,2012Q3,2012-09-30,분기별 당기순이익(지배),226134447465,공시,https://dart.fss.or.kr/dsaf001/main.do?rcpNo=20121114000671,5
KT&G,033780,2012Q3,2012-09-30,분기별 영업활동현금흐름,250461442483,계산(누적차감),https://dart.fss.or.kr/dsaf001/main.do?rcpNo=20121114000671 ; https://dart.fss.or.kr/dsaf001/main.do?rcpNo=20120814000233,5
KT&G,033780,2012Q3,2012-09-30,분기말 지배지분 자본,5001418601153,공시,https://dart.fss.or.kr/dsaf001/main.do?rcpNo=20121114000671,5
KT&G,033780,2012Q3,2012-09-28,분기말 종가,84700,API,"https://data-dbg.krx.co.kr/svc/apis/sto/stk_bydd_trd?basDd=20120928 (KOSPI, KT&G ; 종가 84700 × 상장주식수 137292497 = 시가총액 11628674495900)",5
KT&G,033780,2012Q3,2012-09-28,분기말 상장주식수,137292497,API,"https://data-dbg.krx.co.kr/svc/apis/sto/stk_bydd_trd?basDd=20120928 (KOSPI, KT&G ; 종가 84700 × 상장주식수 137292497 = 시가총액 11628674495900)",5
KT&G,033780,2012Q3,2012-09-28,분기말 시가총액,11628674495900,API,"https://data-dbg.krx.co.kr/svc/apis/sto/stk_bydd_trd?basDd=20120928 (KOSPI, KT&G ; 종가 84700 × 상장주식수 137292497 = 시가총액 11628674495900)",5
KT&G,033780,2012Q4,2012-12-31,분기말 자산총계,6713312669076,공시,https://dart.fss.or.kr/dsaf001/main.do?rcpNo=20201116001305,5
KT&G,033780,2012Q4,2012-12-31,분기말 부채총계,1558557727716,공시,https://dart.fss.or.kr/dsaf001/main.do?rcpNo=20201116001305,5
KT&G,033780,2012Q4,2012-12-31,분기말 총자본(자기자본),5154754941360,공시,https://dart.fss.or.kr/dsaf001/main.do?rcpNo=20201116001305,5
KT&G,033780,2012Q4,2012-12-31,분기별 매출액,881523109155,계산(연간-3분기누적),https://dart.fss.or.kr/dsaf001/main.do?rcpNo=20201116001305 ; https://dart.fss.or.kr/dsaf001/main.do?rcpNo=20121114000671,5
KT&G,033780,2012Q4,2012-12-31,분기별 영업이익,189849397669,계산(연간-3분기누적),https://dart.fss.or.kr/dsaf001/main.do?rcpNo=20201116001305 ; https://dart.fss.or.kr/dsaf001/main.do?rcpNo=20121114000671,5
KT&G,033780,2012Q4,2012-12-31,분기별 당기순이익(지배),89772373961,계산(연간-3분기누적),https://dart.fss.or.kr/dsaf001/main.do?rcpNo=20201116001305 ; https://dart.fss.or.kr/dsaf001/main.do?rcpNo=20121114000671,5
KT&G,033780,2012Q4,2012-12-31,분기별 영업활동현금흐름,-302463177585,계산(누적차감),https://dart.fss.or.kr/dsaf001/main.do?rcpNo=20201116001305 ; https://dart.fss.or.kr/dsaf001/main.do?rcpNo=20121114000671,5
KT&G,033780,2012Q4,2012-12-31,분기말 지배지분 자본,5075184718090,공시,https://dart.fss.or.kr/dsaf001/main.do?rcpNo=20201116001305,5
KT&G,033780,2012Q4,2012-12-28,분기말 종가,80800,API,"https://data-dbg.krx.co.kr/svc/apis/sto/stk_bydd_trd?basDd=20121228 (KOSPI, KT&G ; 종가 80800 × 상장주식수 137292497 = 시가총액 11093233757600)",5
KT&G,033780,2012Q4,2012-12-28,분기말 상장주식수,137292497,API,"https://data-dbg.krx.co.kr/svc/apis/sto/stk_bydd_trd?basDd=20121228 (KOSPI, KT&G ; 종가 80800 × 상장주식수 137292497 = 시가총액 11093233757600)",5
KT&G,033780,2012Q4,2012-12-28,분기말 시가총액,11093233757600,API,"https://data-dbg.krx.co.kr/svc/apis/sto/stk_bydd_trd?basDd=20121228 (KOSPI, KT&G ; 종가 80800 × 상장주식수 137292497 = 시가총액 11093233757600)",5
KT&G,033780,2013Q1,2013-03-31,분기말 자산총계,6994804298054,공시,https://dart.fss.or.kr/dsaf001/main.do?rcpNo=20130515000642,5
KT&G,033780,2013Q1,2013-03-31,분기말 부채총계,1988757235909,공시,https://dart.fss.or.kr/dsaf001/main.do?rcpNo=20130515000642,5
KT&G,033780,2013Q1,2013-03-31,분기말 총자본(자기자본),5006047062145,공시,https://dart.fss.or.kr/dsaf001/main.do?rcpNo=20130515000642,5
KT&G,033780,2013Q1,2013-03-31,분기별 매출액,896037665423,공시,https://dart.fss.or.kr/dsaf001/main.do?rcpNo=20130515000642,5
KT&G,033780,2013Q1,2013-03-31,분기별 영업이익,248826330540,공시,https://dart.fss.or.kr/dsaf001/main.do?rcpNo=20130515000642,5
KT&G,033780,2013Q1,2013-03-31,분기별 당기순이익(지배),203098658161,공시,https://dart.fss.or.kr/dsaf001/main.do?rcpNo=20130515000642,5
KT&G,033780,2013Q1,2013-03-31,분기별 영업활동현금흐름,490162072741,공시,https://dart.fss.or.kr/dsaf001/main.do?rcpNo=20130515000642,5
KT&G,033780,2013Q1,2013-03-31,분기말 지배지분 자본,4906237204297,공시,https://dart.fss.or.kr/dsaf001/main.do?rcpNo=20130515000642,5
KT&G,033780,2013Q1,2013-03-29,분기말 종가,76600,API,"https://data-dbg.krx.co.kr/svc/apis/sto/stk_bydd_trd?basDd=20130329 (KOSPI, KT&G ; 종가 76600 × 상장주식수 137292497 = 시가총액 10516605270200)",5
KT&G,033780,2013Q1,2013-03-29,분기말 상장주식수,137292497,API,"https://data-dbg.krx.co.kr/svc/apis/sto/stk_bydd_trd?basDd=20130329 (KOSPI, KT&G ; 종가 76600 × 상장주식수 137292497 = 시가총액 10516605270200)",5
KT&G,033780,2013Q1,2013-03-29,분기말 시가총액,10516605270200,API,"https://data-dbg.krx.co.kr/svc/apis/sto/stk_bydd_trd?basDd=20130329 (KOSPI, KT&G ; 종가 76600 × 상장주식수 137292497 = 시가총액 10516605270200)",5
KT&G,033780,2013Q2,2013-06-30,분기말 자산총계,7063016390649,공시,https://dart.fss.or.kr/dsaf001/main.do?rcpNo=20130814000102,5
KT&G,033780,2013Q2,2013-06-30,분기말 부채총계,1875992012533,공시,https://dart.fss.or.kr/dsaf001/main.do?rcpNo=20130814000102,5
KT&G,033780,2013Q2,2013-06-30,분기말 총자본(자기자본),5187024378116,공시,https://dart.fss.or.kr/dsaf001/main.do?rcpNo=20130814000102,5
KT&G,033780,2013Q2,2013-06-30,분기별 매출액,914519758139,공시,https://dart.fss.or.kr/dsaf001/main.do?rcpNo=20130814000102,5
KT&G,033780,2013Q2,2013-06-30,분기별 영업이익,248703633386,공시,https://dart.fss.or.kr/dsaf001/main.do?rcpNo=20130814000102,5
KT&G,033780,2013Q2,2013-06-30,분기별 당기순이익(지배),195135130099,공시,https://dart.fss.or.kr/dsaf001/main.do?rcpNo=20130814000102,5
KT&G,033780,2013Q2,2013-06-30,분기별 영업활동현금흐름,222332132460,계산(누적차감),https://dart.fss.or.kr/dsaf001/main.do?rcpNo=20130814000102 ; https://dart.fss.or.kr/dsaf001/main.do?rcpNo=20130515000642,5
KT&G,033780,2013Q2,2013-06-30,분기말 지배지분 자본,5088481269648,공시,https://dart.fss.or.kr/dsaf001/main.do?rcpNo=20130814000102,5
KT&G,033780,2013Q2,2013-06-28,분기말 종가,74200,API,"https://data-dbg.krx.co.kr/svc/apis/sto/stk_bydd_trd?basDd=20130628 (KOSPI, KT&G ; 종가 74200 × 상장주식수 137292497 = 시가총액 10187103277400)",5
KT&G,033780,2013Q2,2013-06-28,분기말 상장주식수,137292497,API,"https://data-dbg.krx.co.kr/svc/apis/sto/stk_bydd_trd?basDd=20130628 (KOSPI, KT&G ; 종가 74200 × 상장주식수 137292497 = 시가총액 10187103277400)",5
KT&G,033780,2013Q2,2013-06-28,분기말 시가총액,10187103277400,API,"https://data-dbg.krx.co.kr/svc/apis/sto/stk_bydd_trd?basDd=20130628 (KOSPI, KT&G ; 종가 74200 × 상장주식수 137292497 = 시가총액 10187103277400)",5
KT&G,033780,2013Q3,2013-09-30,분기말 자산총계,6966168036686,공시,https://dart.fss.or.kr/dsaf001/main.do?rcpNo=20131114001248,5
KT&G,033780,2013Q3,2013-09-30,분기말 부채총계,1693394235879,공시,https://dart.fss.or.kr/dsaf001/main.do?rcpNo=20131114001248,5
KT&G,033780,2013Q3,2013-09-30,분기말 총자본(자기자본),5272773800807,공시,https://dart.fss.or.kr/dsaf001/main.do?rcpNo=20131114001248,5
KT&G,033780,2013Q3,2013-09-30,분기별 매출액,1024030633198,공시,https://dart.fss.or.kr/dsaf001/main.do?rcpNo=20131114001248,5
KT&G,033780,2013Q3,2013-09-30,분기별 영업이익,292977698860,공시,https://dart.fss.or.kr/dsaf001/main.do?rcpNo=20131114001248,5
KT&G,033780,2013Q3,2013-09-30,분기별 당기순이익(지배),92694252189,공시,https://dart.fss.or.kr/dsaf001/main.do?rcpNo=20131114001248,5
KT&G,033780,2013Q3,2013-09-30,분기별 영업활동현금흐름,-111760296301,계산(누적차감),https://dart.fss.or.kr/dsaf001/main.do?rcpNo=20131114001248 ; https://dart.fss.or.kr/dsaf001/main.do?rcpNo=20130814000102,5
KT&G,033780,2013Q3,2013-09-30,분기말 지배지분 자본,5180785069870,공시,https://dart.fss.or.kr/dsaf001/main.do?rcpNo=20131114001248,5
KT&G,033780,2013Q3,2013-09-30,분기말 종가,77000,API,"https://data-dbg.krx.co.kr/svc/apis/sto/stk_bydd_trd?basDd=20130930 (KOSPI, KT&G ; 종가 77000 × 상장주식수 137292497 = 시가총액 10571522269000)",5
KT&G,033780,2013Q3,2013-09-30,분기말 상장주식수,137292497,API,"https://data-dbg.krx.co.kr/svc/apis/sto/stk_bydd_trd?basDd=20130930 (KOSPI, KT&G ; 종가 77000 × 상장주식수 137292497 = 시가총액 10571522269000)",5
KT&G,033780,2013Q3,2013-09-30,분기말 시가총액,10571522269000,API,"https://data-dbg.krx.co.kr/svc/apis/sto/stk_bydd_trd?basDd=20130930 (KOSPI, KT&G ; 종가 77000 × 상장주식수 137292497 = 시가총액 10571522269000)",5
KT&G,033780,2013Q4,2013-12-31,분기말 자산총계,7002640647878,공시,https://dart.fss.or.kr/dsaf001/main.do?rcpNo=20201116001743,5
KT&G,033780,2013Q4,2013-12-31,분기말 부채총계,1678463450950,공시,https://dart.fss.or.kr/dsaf001/main.do?rcpNo=20201116001743,5
KT&G,033780,2013Q4,2013-12-31,분기말 총자본(자기자본),5324177196928,공시,https://dart.fss.or.kr/dsaf001/main.do?rcpNo=20201116001743,5
KT&G,033780,2013Q4,2013-12-31,분기별 매출액,948041803627,계산(연간-3분기누적),https://dart.fss.or.kr/dsaf001/main.do?rcpNo=20201116001743 ; https://dart.fss.or.kr/dsaf001/main.do?rcpNo=20131114001248,5
KT&G,033780,2013Q4,2013-12-31,분기별 영업이익,229564471809,계산(연간-3분기누적),https://dart.fss.or.kr/dsaf001/main.do?rcpNo=20201116001743 ; https://dart.fss.or.kr/dsaf001/main.do?rcpNo=20131114001248,5
KT&G,033780,2013Q4,2013-12-31,분기별 당기순이익(지배),73750394889,계산(연간-3분기누적),https://dart.fss.or.kr/dsaf001/main.do?rcpNo=20201116001743 ; https://dart.fss.or.kr/dsaf001/main.do?rcpNo=20131114001248,5
KT&G,033780,2013Q4,2013-12-31,분기별 영업활동현금흐름,-6117685604,계산(누적차감),https://dart.fss.or.kr/dsaf001/main.do?rcpNo=20201116001743 ; https://dart.fss.or.kr/dsaf001/main.do?rcpNo=20131114001248,5
KT&G,033780,2013Q4,2013-12-31,분기말 지배지분 자본,5249606741347,공시,https://dart.fss.or.kr/dsaf001/main.do?rcpNo=20201116001743,5
KT&G,033780,2013Q4,2013-12-30,분기말 종가,74500,API,"https://data-dbg.krx.co.kr/svc/apis/sto/stk_bydd_trd?basDd=20131230 (KOSPI, KT&G ; 종가 74500 × 상장주식수 137292497 = 시가총액 10228291026500)",5
KT&G,033780,2013Q4,2013-12-30,분기말 상장주식수,137292497,API,"https://data-dbg.krx.co.kr/svc/apis/sto/stk_bydd_trd?basDd=20131230 (KOSPI, KT&G ; 종가 74500 × 상장주식수 137292497 = 시가총액 10228291026500)",5
KT&G,033780,2013Q4,2013-12-30,분기말 시가총액,10228291026500,API,"https://data-dbg.krx.co.kr/svc/apis/sto/stk_bydd_trd?basDd=20131230 (KOSPI, KT&G ; 종가 74500 × 상장주식수 137292497 = 시가총액 10228291026500)",5
KT&G,033780,2014Q1,2014-03-31,분기말 자산총계,7161486140356,공시,https://dart.fss.or.kr/dsaf001/main.do?rcpNo=20140515000103,5
KT&G,033780,2014Q1,2014-03-31,분기말 부채총계,2010365710598,공시,https://dart.fss.or.kr/dsaf001/main.do?rcpNo=20140515000103,5
KT&G,033780,2014Q1,2014-03-31,분기말 총자본(자기자본),5151120429758,공시,https://dart.fss.or.kr/dsaf001/main.do?rcpNo=20140515000103,5
KT&G,033780,2014Q1,2014-03-31,분기별 매출액,963666176081,공시,https://dart.fss.or.kr/dsaf001/main.do?rcpNo=20140515000103,5
KT&G,033780,2014Q1,2014-03-31,분기별 영업이익,260144518395,공시,https://dart.fss.or.kr/dsaf001/main.do?rcpNo=20140515000103,5
KT&G,033780,2014Q1,2014-03-31,분기별 당기순이익(지배),192056823354,공시,https://dart.fss.or.kr/dsaf001/main.do?rcpNo=20140515000103,5
KT&G,033780,2014Q1,2014-03-31,분기별 영업활동현금흐름,259151267634,공시,https://dart.fss.or.kr/dsaf001/main.do?rcpNo=20140515000103,5
KT&G,033780,2014Q1,2014-03-31,분기말 지배지분 자본,5063447864497,공시,https://dart.fss.or.kr/dsaf001/main.do?rcpNo=20140515000103,5
KT&G,033780,2014Q1,2014-03-31,분기말 종가,80000,API,"https://data-dbg.krx.co.kr/svc/apis/sto/stk_bydd_trd?basDd=20140331 (KOSPI, KT&G ; 종가 80000 × 상장주식수 137292497 = 시가총액 10983399760000)",5
KT&G,033780,2014Q1,2014-03-31,분기말 상장주식수,137292497,API,"https://data-dbg.krx.co.kr/svc/apis/sto/stk_bydd_trd?basDd=20140331 (KOSPI, KT&G ; 종가 80000 × 상장주식수 137292497 = 시가총액 10983399760000)",5
KT&G,033780,2014Q1,2014-03-31,분기말 시가총액,10983399760000,API,"https://data-dbg.krx.co.kr/svc/apis/sto/stk_bydd_trd?basDd=20140331 (KOSPI, KT&G ; 종가 80000 × 상장주식수 137292497 = 시가총액 10983399760000)",5
KT&G,033780,2014Q2,2014-06-30,분기말 자산총계,7005677769908,공시,https://dart.fss.or.kr/dsaf001/main.do?rcpNo=20140814000615,5
KT&G,033780,2014Q2,2014-06-30,분기말 부채총계,1678358688120,공시,https://dart.fss.or.kr/dsaf001/main.do?rcpNo=20140814000615,5
KT&G,033780,2014Q2,2014-06-30,분기말 총자본(자기자본),5327319081788,공시,https://dart.fss.or.kr/dsaf001/main.do?rcpNo=20140814000615,5
KT&G,033780,2014Q2,2014-06-30,분기별 매출액,992285050991,공시,https://dart.fss.or.kr/dsaf001/main.do?rcpNo=20140814000615,5
KT&G,033780,2014Q2,2014-06-30,분기별 영업이익,286254312915,공시,https://dart.fss.or.kr/dsaf001/main.do?rcpNo=20140814000615,5
KT&G,033780,2014Q2,2014-06-30,분기별 당기순이익(지배),186785623575,공시,https://dart.fss.or.kr/dsaf001/main.do?rcpNo=20140814000615,5
KT&G,033780,2014Q2,2014-06-30,분기별 영업활동현금흐름,294465279950,계산(누적차감),https://dart.fss.or.kr/dsaf001/main.do?rcpNo=20140814000615 ; https://dart.fss.or.kr/dsaf001/main.do?rcpNo=20140515000103,5
KT&G,033780,2014Q2,2014-06-30,분기말 지배지분 자본,5243273082534,공시,https://dart.fss.or.kr/dsaf001/main.do?rcpNo=20140814000615,5
KT&G,033780,2014Q2,2014-06-30,분기말 종가,89500,API,"https://data-dbg.krx.co.kr/svc/apis/sto/stk_bydd_trd?basDd=20140630 (KOSPI, KT&G ; 종가 89500 × 상장주식수 137292497 = 시가총액 12287678481500)",5
KT&G,033780,2014Q2,2014-06-30,분기말 상장주식수,137292497,API,"https://data-dbg.krx.co.kr/svc/apis/sto/stk_bydd_trd?basDd=20140630 (KOSPI, KT&G ; 종가 89500 × 상장주식수 137292497 = 시가총액 12287678481500)",5
KT&G,033780,2014Q2,2014-06-30,분기말 시가총액,12287678481500,API,"https://data-dbg.krx.co.kr/svc/apis/sto/stk_bydd_trd?basDd=20140630 (KOSPI, KT&G ; 종가 89500 × 상장주식수 137292497 = 시가총액 12287678481500)",5
KT&G,033780,2014Q3,2014-09-30,분기말 자산총계,7405038942789,공시,https://dart.fss.or.kr/dsaf001/main.do?rcpNo=20141114001141,5
KT&G,033780,2014Q3,2014-09-30,분기말 부채총계,1814512038006,공시,https://dart.fss.or.kr/dsaf001/main.do?rcpNo=20141114001141,5
KT&G,033780,2014Q3,2014-09-30,분기말 총자본(자기자본),5590526904783,공시,https://dart.fss.or.kr/dsaf001/main.do?rcpNo=20141114001141,5
KT&G,033780,2014Q3,2014-09-30,분기별 매출액,1106451996730,공시,https://dart.fss.or.kr/dsaf001/main.do?rcpNo=20141114001141,5
KT&G,033780,2014Q3,2014-09-30,분기별 영업이익,338229191573,공시,https://dart.fss.or.kr/dsaf001/main.do?rcpNo=20141114001141,5
KT&G,033780,2014Q3,2014-09-30,분기별 당기순이익(지배),269278003995,공시,https://dart.fss.or.kr/dsaf001/main.do?rcpNo=20141114001141,5
KT&G,033780,2014Q3,2014-09-30,분기별 영업활동현금흐름,168758080702,계산(누적차감),https://dart.fss.or.kr/dsaf001/main.do?rcpNo=20141114001141 ; https://dart.fss.or.kr/dsaf001/main.do?rcpNo=20140814000615,5
KT&G,033780,2014Q3,2014-09-30,분기말 지배지분 자본,5508659618532,공시,https://dart.fss.or.kr/dsaf001/main.do?rcpNo=20141114001141,5
KT&G,033780,2014Q3,2014-09-30,분기말 종가,94500,API,"https://data-dbg.krx.co.kr/svc/apis/sto/stk_bydd_trd?basDd=20140930 (KOSPI, KT&G ; 종가 94500 × 상장주식수 137292497 = 시가총액 12974140966500)",5
KT&G,033780,2014Q3,2014-09-30,분기말 상장주식수,137292497,API,"https://data-dbg.krx.co.kr/svc/apis/sto/stk_bydd_trd?basDd=20140930 (KOSPI, KT&G ; 종가 94500 × 상장주식수 137292497 = 시가총액 12974140966500)",5
KT&G,033780,2014Q3,2014-09-30,분기말 시가총액,12974140966500,API,"https://data-dbg.krx.co.kr/svc/apis/sto/stk_bydd_trd?basDd=20140930 (KOSPI, KT&G ; 종가 94500 × 상장주식수 137292497 = 시가총액 12974140966500)",5
KT&G,033780,2014Q4,2014-12-31,분기말 자산총계,7317144546951,공시,https://dart.fss.or.kr/dsaf001/main.do?rcpNo=20201116001786,5
KT&G,033780,2014Q4,2014-12-31,분기말 부채총계,1663989141303,공시,https://dart.fss.or.kr/dsaf001/main.do?rcpNo=20201116001786,5
KT&G,033780,2014Q4,2014-12-31,분기말 총자본(자기자본),5653155405648,공시,https://dart.fss.or.kr/dsaf001/main.do?rcpNo=20201116001786,5
KT&G,033780,2014Q4,2014-12-31,분기별 매출액,1039021794502,계산(연간-3분기누적),https://dart.fss.or.kr/dsaf001/main.do?rcpNo=20201116001786 ; https://dart.fss.or.kr/dsaf001/main.do?rcpNo=20141114001141,5
KT&G,033780,2014Q4,2014-12-31,분기별 영업이익,312289951968,계산(연간-3분기누적),https://dart.fss.or.kr/dsaf001/main.do?rcpNo=20201116001786 ; https://dart.fss.or.kr/dsaf001/main.do?rcpNo=20141114001141,5
KT&G,033780,2014Q4,2014-12-31,분기별 당기순이익(지배),161156744360,계산(연간-3분기누적),https://dart.fss.or.kr/dsaf001/main.do?rcpNo=20201116001786 ; https://dart.fss.or.kr/dsaf001/main.do?rcpNo=20141114001141,5
KT&G,033780,2014Q4,2014-12-31,분기별 영업활동현금흐름,38546144635,계산(누적차감),https://dart.fss.or.kr/dsaf001/main.do?rcpNo=20201116001786 ; https://dart.fss.or.kr/dsaf001/main.do?rcpNo=20141114001141,5
KT&G,033780,2014Q4,2014-12-31,분기말 지배지분 자본,5588933689604,공시,https://dart.fss.or.kr/dsaf001/main.do?rcpNo=20201116001786,5
KT&G,033780,2014Q4,2014-12-30,분기말 종가,76100,API,"https://data-dbg.krx.co.kr/svc/apis/sto/stk_bydd_trd?basDd=20141230 (KOSPI, KT&G ; 종가 76100 × 상장주식수 137292497 = 시가총액 10447959021700)",5
KT&G,033780,2014Q4,2014-12-30,분기말 상장주식수,137292497,API,"https://data-dbg.krx.co.kr/svc/apis/sto/stk_bydd_trd?basDd=20141230 (KOSPI, KT&G ; 종가 76100 × 상장주식수 137292497 = 시가총액 10447959021700)",5
KT&G,033780,2014Q4,2014-12-30,분기말 시가총액,10447959021700,API,"https://data-dbg.krx.co.kr/svc/apis/sto/stk_bydd_trd?basDd=20141230 (KOSPI, KT&G ; 종가 76100 × 상장주식수 137292497 = 시가총액 10447959021700)",5
KT&G,033780,2015Q1,2015-03-31,분기말 자산총계,7413833544083,공시,https://dart.fss.or.kr/dsaf001/main.do?rcpNo=20150515001907,5
KT&G,033780,2015Q1,2015-03-31,분기말 부채총계,1829493313863,공시,https://dart.fss.or.kr/dsaf001/main.do?rcpNo=20150515001907,5
KT&G,033780,2015Q1,2015-03-31,분기말 총자본(자기자본),5584340230220,공시,https://dart.fss.or.kr/dsaf001/main.do?rcpNo=20150515001907,5
KT&G,033780,2015Q1,2015-03-31,분기별 매출액,1136911911514,공시,https://dart.fss.or.kr/dsaf001/main.do?rcpNo=20150515001907,5
KT&G,033780,2015Q1,2015-03-31,분기별 영업이익,428534978498,공시,https://dart.fss.or.kr/dsaf001/main.do?rcpNo=20150515001907,5
KT&G,033780,2015Q1,2015-03-31,분기별 당기순이익(지배),308923187085,공시,https://dart.fss.or.kr/dsaf001/main.do?rcpNo=20150515001907,5
KT&G,033780,2015Q1,2015-03-31,분기별 영업활동현금흐름,120388282933,공시,https://dart.fss.or.kr/dsaf001/main.do?rcpNo=20150515001907,5
KT&G,033780,2015Q1,2015-03-31,분기말 지배지분 자본,5507430511468,공시,https://dart.fss.or.kr/dsaf001/main.do?rcpNo=20150515001907,5
KT&G,033780,2015Q1,2015-03-31,분기말 종가,88700,API,"https://data-dbg.krx.co.kr/svc/apis/sto/stk_bydd_trd?basDd=20150331 (KOSPI, KT&G ; 종가 88700 × 상장주식수 137292497 = 시가총액 12177844483900)",5
KT&G,033780,2015Q1,2015-03-31,분기말 상장주식수,137292497,API,"https://data-dbg.krx.co.kr/svc/apis/sto/stk_bydd_trd?basDd=20150331 (KOSPI, KT&G ; 종가 88700 × 상장주식수 137292497 = 시가총액 12177844483900)",5
KT&G,033780,2015Q1,2015-03-31,분기말 시가총액,12177844483900,API,"https://data-dbg.krx.co.kr/svc/apis/sto/stk_bydd_trd?basDd=20150331 (KOSPI, KT&G ; 종가 88700 × 상장주식수 137292497 = 시가총액 12177844483900)",5
KT&G,033780,2015Q2,2015-06-30,분기말 자산총계,7868856589699,공시,https://dart.fss.or.kr/dsaf001/main.do?rcpNo=20150817000143,5
KT&G,033780,2015Q2,2015-06-30,분기말 부채총계,2033797809092,공시,https://dart.fss.or.kr/dsaf001/main.do?rcpNo=20150817000143,5
KT&G,033780,2015Q2,2015-06-30,분기말 총자본(자기자본),5835058780607,공시,https://dart.fss.or.kr/dsaf001/main.do?rcpNo=20150817000143,5
KT&G,033780,2015Q2,2015-06-30,분기별 매출액,1031901536259,공시,https://dart.fss.or.kr/dsaf001/main.do?rcpNo=20150817000143,5
KT&G,033780,2015Q2,2015-06-30,분기별 영업이익,308972751075,공시,https://dart.fss.or.kr/dsaf001/main.do?rcpNo=20150817000143,5
KT&G,033780,2015Q2,2015-06-30,분기별 당기순이익(지배),261202247229,공시,https://dart.fss.or.kr/dsaf001/main.do?rcpNo=20150817000143,5
KT&G,033780,2015Q2,2015-06-30,분기별 영업활동현금흐름,638330138773,계산(누적차감),https://dart.fss.or.kr/dsaf001/main.do?rcpNo=20150817000143 ; https://dart.fss.or.kr/dsaf001/main.do?rcpNo=20150515001907,5
KT&G,033780,2015Q2,2015-06-30,분기말 지배지분 자본,5764063619869,공시,https://dart.fss.or.kr/dsaf001/main.do?rcpNo=20150817000143,5
KT&G,033780,2015Q2,2015-06-30,분기말 종가,94900,API,"https://data-dbg.krx.co.kr/svc/apis/sto/stk_bydd_trd?basDd=20150630 (KOSPI, KT&G ; 종가 94900 × 상장주식수 137292497 = 시가총액 13029057965300)",5
KT&G,033780,2015Q2,2015-06-30,분기말 상장주식수,137292497,API,"https://data-dbg.krx.co.kr/svc/apis/sto/stk_bydd_trd?basDd=20150630 (KOSPI, KT&G ; 종가 94900 × 상장주식수 137292497 = 시가총액 13029057965300)",5
KT&G,033780,2015Q2,2015-06-30,분기말 시가총액,13029057965300,API,"https://data-dbg.krx.co.kr/svc/apis/sto/stk_bydd_trd?basDd=20150630 (KOSPI, KT&G ; 종가 94900 × 상장주식수 137292497 = 시가총액 13029057965300)",5
KT&G,033780,2015Q3,2015-09-30,분기말 자산총계,8348732352220,공시,https://dart.fss.or.kr/dsaf001/main.do?rcpNo=20151116001372,5
KT&G,033780,2015Q3,2015-09-30,분기말 부채총계,2220721190007,공시,https://dart.fss.or.kr/dsaf001/main.do?rcpNo=20151116001372,5
KT&G,033780,2015Q3,2015-09-30,분기말 총자본(자기자본),6128011162213,공시,https://dart.fss.or.kr/dsaf001/main.do?rcpNo=20151116001372,5
KT&G,033780,2015Q3,2015-09-30,분기별 매출액,1134350947768,공시,https://dart.fss.or.kr/dsaf001/main.do?rcpNo=20151116001372,5
KT&G,033780,2015Q3,2015-09-30,분기별 영업이익,370544843458,공시,https://dart.fss.or.kr/dsaf001/main.do?rcpNo=20151116001372,5
KT&G,033780,2015Q3,2015-09-30,분기별 당기순이익(지배),302698586743,공시,https://dart.fss.or.kr/dsaf001/main.do?rcpNo=20151116001372,5
KT&G,033780,2015Q3,2015-09-30,분기별 영업활동현금흐름,359492814134,계산(누적차감),https://dart.fss.or.kr/dsaf001/main.do?rcpNo=20151116001372 ; https://dart.fss.or.kr/dsaf001/main.do?rcpNo=20150817000143,5
KT&G,033780,2015Q3,2015-09-30,분기말 지배지분 자본,6059307897676,공시,https://dart.fss.or.kr/dsaf001/main.do?rcpNo=20151116001372,5
KT&G,033780,2015Q3,2015-09-30,분기말 종가,111500,API,"https://data-dbg.krx.co.kr/svc/apis/sto/stk_bydd_trd?basDd=20150930 (KOSPI, KT&G ; 종가 111500 × 상장주식수 137292497 = 시가총액 15308113415500)",5
KT&G,033780,2015Q3,2015-09-30,분기말 상장주식수,137292497,API,"https://data-dbg.krx.co.kr/svc/apis/sto/stk_bydd_trd?basDd=20150930 (KOSPI, KT&G ; 종가 111500 × 상장주식수 137292497 = 시가총액 15308113415500)",5
KT&G,033780,2015Q3,2015-09-30,분기말 시가총액,15308113415500,API,"https://data-dbg.krx.co.kr/svc/apis/sto/stk_bydd_trd?basDd=20150930 (KOSPI, KT&G ; 종가 111500 × 상장주식수 137292497 = 시가총액 15308113415500)",5
KT&G,033780,2015Q4,2015-12-31,분기말 자산총계,8586509523456,공시,https://dart.fss.or.kr/dsaf001/main.do?rcpNo=20201116001910,5
KT&G,033780,2015Q4,2015-12-31,분기말 부채총계,2351662594147,공시,https://dart.fss.or.kr/dsaf001/main.do?rcpNo=20201116001910,5
KT&G,033780,2015Q4,2015-12-31,분기말 총자본(자기자본),6234846929309,공시,https://dart.fss.or.kr/dsaf001/main.do?rcpNo=20201116001910,5
KT&G,033780,2015Q4,2015-12-31,분기별 매출액,830870684689,계산(연간-3분기누적),https://dart.fss.or.kr/dsaf001/main.do?rcpNo=20201116001910 ; https://dart.fss.or.kr/dsaf001/main.do?rcpNo=20151116001372,5
KT&G,033780,2015Q4,2015-12-31,분기별 영업이익,264282301069,계산(연간-3분기누적),https://dart.fss.or.kr/dsaf001/main.do?rcpNo=20201116001910 ; https://dart.fss.or.kr/dsaf001/main.do?rcpNo=20151116001372,5
KT&G,033780,2015Q4,2015-12-31,분기별 당기순이익(지배),174396959491,계산(연간-3분기누적),https://dart.fss.or.kr/dsaf001/main.do?rcpNo=20201116001910 ; https://dart.fss.or.kr/dsaf001/main.do?rcpNo=20151116001372,5
KT&G,033780,2015Q4,2015-12-31,분기별 영업활동현금흐름,140701218224,계산(누적차감),https://dart.fss.or.kr/dsaf001/main.do?rcpNo=20201116001910 ; https://dart.fss.or.kr/dsaf001/main.do?rcpNo=20151116001372,5
KT&G,033780,2015Q4,2015-12-31,분기말 지배지분 자본,6178739857731,공시,https://dart.fss.or.kr/dsaf001/main.do?rcpNo=20201116001910,5
KT&G,033780,2015Q4,2015-12-30,분기말 종가,104500,API,"https://data-dbg.krx.co.kr/svc/apis/sto/stk_bydd_trd?basDd=20151230 (KOSPI, KT&G ; 종가 104500 × 상장주식수 137292497 = 시가총액 14347065936500)",5
KT&G,033780,2015Q4,2015-12-30,분기말 상장주식수,137292497,API,"https://data-dbg.krx.co.kr/svc/apis/sto/stk_bydd_trd?basDd=20151230 (KOSPI, KT&G ; 종가 104500 × 상장주식수 137292497 = 시가총액 14347065936500)",5
KT&G,033780,2015Q4,2015-12-30,분기말 시가총액,14347065936500,API,"https://data-dbg.krx.co.kr/svc/apis/sto/stk_bydd_trd?basDd=20151230 (KOSPI, KT&G ; 종가 104500 × 상장주식수 137292497 = 시가총액 14347065936500)",5
KT&G,033780,2016Q1,2016-03-31,분기말 자산총계,8681311240326,공시,https://dart.fss.or.kr/dsaf001/main.do?rcpNo=20160516003685,5
KT&G,033780,2016Q1,2016-03-31,분기말 부채총계,2521199691493,공시,https://dart.fss.or.kr/dsaf001/main.do?rcpNo=20160516003685,5
KT&G,033780,2016Q1,2016-03-31,분기말 총자본(자기자본),6160111548833,공시,https://dart.fss.or.kr/dsaf001/main.do?rcpNo=20160516003685,5
KT&G,033780,2016Q1,2016-03-31,분기별 매출액,1091342580391,공시,https://dart.fss.or.kr/dsaf001/main.do?rcpNo=20160516003685,5
KT&G,033780,2016Q1,2016-03-31,분기별 영업이익,392964455798,공시,https://dart.fss.or.kr/dsaf001/main.do?rcpNo=20160516003685,5
KT&G,033780,2016Q1,2016-03-31,분기별 당기순이익(지배),284388766125,공시,https://dart.fss.or.kr/dsaf001/main.do?rcpNo=20160516003685,5
KT&G,033780,2016Q1,2016-03-31,분기별 영업활동현금흐름,191078668148,공시,https://dart.fss.or.kr/dsaf001/main.do?rcpNo=20160516003685,5
KT&G,033780,2016Q1,2016-03-31,분기말 지배지분 자본,6092840229488,공시,https://dart.fss.or.kr/dsaf001/main.do?rcpNo=20160516003685,5
KT&G,033780,2016Q1,2016-03-31,분기말 종가,110000,API,"https://data-dbg.krx.co.kr/svc/apis/sto/stk_bydd_trd?basDd=20160331 (KOSPI, KT&G ; 종가 110000 × 상장주식수 137292497 = 시가총액 15102174670000)",5
KT&G,033780,2016Q1,2016-03-31,분기말 상장주식수,137292497,API,"https://data-dbg.krx.co.kr/svc/apis/sto/stk_bydd_trd?basDd=20160331 (KOSPI, KT&G ; 종가 110000 × 상장주식수 137292497 = 시가총액 15102174670000)",5
KT&G,033780,2016Q1,2016-03-31,분기말 시가총액,15102174670000,API,"https://data-dbg.krx.co.kr/svc/apis/sto/stk_bydd_trd?basDd=20160331 (KOSPI, KT&G ; 종가 110000 × 상장주식수 137292497 = 시가총액 15102174670000)",5
KT&G,033780,2016Q2,2016-06-30,분기말 자산총계,8625762345061,공시,https://dart.fss.or.kr/dsaf001/main.do?rcpNo=20160816001805,5
KT&G,033780,2016Q2,2016-06-30,분기말 부채총계,2187054307929,공시,https://dart.fss.or.kr/dsaf001/main.do?rcpNo=20160816001805,5
KT&G,033780,2016Q2,2016-06-30,분기말 총자본(자기자본),6438708037132,공시,https://dart.fss.or.kr/dsaf001/main.do?rcpNo=20160816001805,5
KT&G,033780,2016Q2,2016-06-30,분기별 매출액,1088096936552,공시,https://dart.fss.or.kr/dsaf001/main.do?rcpNo=20160816001805,5
KT&G,033780,2016Q2,2016-06-30,분기별 영업이익,345854599721,공시,https://dart.fss.or.kr/dsaf001/main.do?rcpNo=20160816001805,5
KT&G,033780,2016Q2,2016-06-30,분기별 당기순이익(지배),284945225296,공시,https://dart.fss.or.kr/dsaf001/main.do?rcpNo=20160816001805,5
KT&G,033780,2016Q2,2016-06-30,분기별 영업활동현금흐름,326511869522,계산(누적차감),https://dart.fss.or.kr/dsaf001/main.do?rcpNo=20160816001805 ; https://dart.fss.or.kr/dsaf001/main.do?rcpNo=20160516003685,5
KT&G,033780,2016Q2,2016-06-30,분기말 지배지분 자본,6370617457770,공시,https://dart.fss.or.kr/dsaf001/main.do?rcpNo=20160816001805,5
KT&G,033780,2016Q2,2016-06-30,분기말 종가,136500,API,"https://data-dbg.krx.co.kr/svc/apis/sto/stk_bydd_trd?basDd=20160630 (KOSPI, KT&G ; 종가 136500 × 상장주식수 137292497 = 시가총액 18740425840500)",5
KT&G,033780,2016Q2,2016-06-30,분기말 상장주식수,137292497,API,"https://data-dbg.krx.co.kr/svc/apis/sto/stk_bydd_trd?basDd=20160630 (KOSPI, KT&G ; 종가 136500 × 상장주식수 137292497 = 시가총액 18740425840500)",5
KT&G,033780,2016Q2,2016-06-30,분기말 시가총액,18740425840500,API,"https://data-dbg.krx.co.kr/svc/apis/sto/stk_bydd_trd?basDd=20160630 (KOSPI, KT&G ; 종가 136500 × 상장주식수 137292497 = 시가총액 18740425840500)",5
KT&G,033780,2016Q3,2016-09-30,분기말 자산총계,8844364985579,공시,https://dart.fss.or.kr/dsaf001/main.do?rcpNo=20161114001808,5
KT&G,033780,2016Q3,2016-09-30,분기말 부채총계,2141116575260,공시,https://dart.fss.or.kr/dsaf001/main.do?rcpNo=20161114001808,5
KT&G,033780,2016Q3,2016-09-30,분기말 총자본(자기자본),6703248410319,공시,https://dart.fss.or.kr/dsaf001/main.do?rcpNo=20161114001808,5
KT&G,033780,2016Q3,2016-09-30,분기별 매출액,1220194674458,공시,https://dart.fss.or.kr/dsaf001/main.do?rcpNo=20161114001808,5
KT&G,033780,2016Q3,2016-09-30,분기별 영업이익,426333040119,공시,https://dart.fss.or.kr/dsaf001/main.do?rcpNo=20161114001808,5
KT&G,033780,2016Q3,2016-09-30,분기별 당기순이익(지배),250126880988,공시,https://dart.fss.or.kr/dsaf001/main.do?rcpNo=20161114001808,5
KT&G,033780,2016Q3,2016-09-30,분기별 영업활동현금흐름,289427998794,계산(누적차감),https://dart.fss.or.kr/dsaf001/main.do?rcpNo=20161114001808 ; https://dart.fss.or.kr/dsaf001/main.do?rcpNo=20160816001805,5
KT&G,033780,2016Q3,2016-09-30,분기말 지배지분 자본,6625717235833,공시,https://dart.fss.or.kr/dsaf001/main.do?rcpNo=20161114001808,5
KT&G,033780,2016Q3,2016-09-30,분기말 종가,125000,API,"https://data-dbg.krx.co.kr/svc/apis/sto/stk_bydd_trd?basDd=20160930 (KOSPI, KT&G ; 종가 125000 × 상장주식수 137292497 = 시가총액 17161562125000)",5
KT&G,033780,2016Q3,2016-09-30,분기말 상장주식수,137292497,API,"https://data-dbg.krx.co.kr/svc/apis/sto/stk_bydd_trd?basDd=20160930 (KOSPI, KT&G ; 종가 125000 × 상장주식수 137292497 = 시가총액 17161562125000)",5
KT&G,033780,2016Q3,2016-09-30,분기말 시가총액,17161562125000,API,"https://data-dbg.krx.co.kr/svc/apis/sto/stk_bydd_trd?basDd=20160930 (KOSPI, KT&G ; 종가 125000 × 상장주식수 137292497 = 시가총액 17161562125000)",5
KT&G,033780,2016Q4,2016-12-31,분기말 자산총계,9729420206409,공시(재작성 반영),https://dart.fss.or.kr/dsaf001/main.do?rcpNo=20201116001970 ; 재작성 출처: https://dart.fss.or.kr/dsaf001/main.do?rcpNo=20201119000225,5
KT&G,033780,2016Q4,2016-12-31,분기말 부채총계,2675026654324,공시,https://dart.fss.or.kr/dsaf001/main.do?rcpNo=20201116001970,5
KT&G,033780,2016Q4,2016-12-31,분기말 총자본(자기자본),7054393552085,공시(재작성 반영),https://dart.fss.or.kr/dsaf001/main.do?rcpNo=20201116001970 ; 재작성 출처: https://dart.fss.or.kr/dsaf001/main.do?rcpNo=20201119000225,5
KT&G,033780,2016Q4,2016-12-31,분기별 매출액,1069221554760,계산(연간-3분기누적),https://dart.fss.or.kr/dsaf001/main.do?rcpNo=20201116001970 ; https://dart.fss.or.kr/dsaf001/main.do?rcpNo=20161114001808,5
KT&G,033780,2016Q4,2016-12-31,분기별 영업이익,303681810332,계산(연간-3분기누적),https://dart.fss.or.kr/dsaf001/main.do?rcpNo=20201116001970 ; https://dart.fss.or.kr/dsaf001/main.do?rcpNo=20161114001808,5
KT&G,033780,2016Q4,2016-12-31,분기별 당기순이익(지배),390726092814,계산(연간-3분기누적),https://dart.fss.or.kr/dsaf001/main.do?rcpNo=20201116001970 ; https://dart.fss.or.kr/dsaf001/main.do?rcpNo=20161114001808,5
KT&G,033780,2016Q4,2016-12-31,분기별 영업활동현금흐름,681794867109,계산(누적차감),https://dart.fss.or.kr/dsaf001/main.do?rcpNo=20201116001970 ; https://dart.fss.or.kr/dsaf001/main.do?rcpNo=20161114001808,5
KT&G,033780,2016Q4,2016-12-31,분기말 지배지분 자본,6993951726150,공시(재작성 반영),https://dart.fss.or.kr/dsaf001/main.do?rcpNo=20201116001970 ; 재작성 출처: https://dart.fss.or.kr/dsaf001/main.do?rcpNo=20201119000225,5
KT&G,033780,2016Q4,2016-12-29,분기말 종가,101000,API,"https://data-dbg.krx.co.kr/svc/apis/sto/stk_bydd_trd?basDd=20161229 (KOSPI, KT&G ; 종가 101000 × 상장주식수 137292497 = 시가총액 13866542197000)",5
KT&G,033780,2016Q4,2016-12-29,분기말 상장주식수,137292497,API,"https://data-dbg.krx.co.kr/svc/apis/sto/stk_bydd_trd?basDd=20161229 (KOSPI, KT&G ; 종가 101000 × 상장주식수 137292497 = 시가총액 13866542197000)",5
KT&G,033780,2016Q4,2016-12-29,분기말 시가총액,13866542197000,API,"https://data-dbg.krx.co.kr/svc/apis/sto/stk_bydd_trd?basDd=20161229 (KOSPI, KT&G ; 종가 101000 × 상장주식수 137292497 = 시가총액 13866542197000)",5
KT&G,033780,2017Q1,2017-03-31,분기말 자산총계,9275713002148,공시,https://dart.fss.or.kr/dsaf001/main.do?rcpNo=20170515002188,5
KT&G,033780,2017Q1,2017-03-31,분기말 부채총계,2422561131112,공시,https://dart.fss.or.kr/dsaf001/main.do?rcpNo=20170515002188,5
KT&G,033780,2017Q1,2017-03-31,분기말 총자본(자기자본),6853151871036,공시,https://dart.fss.or.kr/dsaf001/main.do?rcpNo=20170515002188,5
KT&G,033780,2017Q1,2017-03-31,분기별 매출액,1178747511091,공시,https://dart.fss.or.kr/dsaf001/main.do?rcpNo=20170515002188,5
KT&G,033780,2017Q1,2017-03-31,분기별 영업이익,395331013918,공시(재작성 반영),https://dart.fss.or.kr/dsaf001/main.do?rcpNo=20170515002188 ; 재작성 출처: https://dart.fss.or.kr/dsaf001/main.do?rcpNo=20180525000233,5
KT&G,033780,2017Q1,2017-03-31,분기별 당기순이익(지배),234383106470,공시(재작성 반영),https://dart.fss.or.kr/dsaf001/main.do?rcpNo=20170515002188 ; 재작성 출처: https://dart.fss.or.kr/dsaf001/main.do?rcpNo=20180525000233,5
KT&G,033780,2017Q1,2017-03-31,분기별 영업활동현금흐름,-221458452675,공시,https://dart.fss.or.kr/dsaf001/main.do?rcpNo=20170515002188,5
KT&G,033780,2017Q1,2017-03-31,분기말 지배지분 자본,6795871657881,공시,https://dart.fss.or.kr/dsaf001/main.do?rcpNo=20170515002188,5
KT&G,033780,2017Q1,2017-03-31,분기말 종가,97500,API,"https://data-dbg.krx.co.kr/svc/apis/sto/stk_bydd_trd?basDd=20170331 (KOSPI, KT&G ; 종가 97500 × 상장주식수 137292497 = 시가총액 13386018457500)",5
KT&G,033780,2017Q1,2017-03-31,분기말 상장주식수,137292497,API,"https://data-dbg.krx.co.kr/svc/apis/sto/stk_bydd_trd?basDd=20170331 (KOSPI, KT&G ; 종가 97500 × 상장주식수 137292497 = 시가총액 13386018457500)",5
KT&G,033780,2017Q1,2017-03-31,분기말 시가총액,13386018457500,API,"https://data-dbg.krx.co.kr/svc/apis/sto/stk_bydd_trd?basDd=20170331 (KOSPI, KT&G ; 종가 97500 × 상장주식수 137292497 = 시가총액 13386018457500)",5
KT&G,033780,2017Q2,2017-06-30,분기말 자산총계,9163968232052,공시,https://dart.fss.or.kr/dsaf001/main.do?rcpNo=20170811000649,5
KT&G,033780,2017Q2,2017-06-30,분기말 부채총계,2011228835844,공시,https://dart.fss.or.kr/dsaf001/main.do?rcpNo=20170811000649,5
KT&G,033780,2017Q2,2017-06-30,분기말 총자본(자기자본),7152739396208,공시,https://dart.fss.or.kr/dsaf001/main.do?rcpNo=20170811000649,5
KT&G,033780,2017Q2,2017-06-30,분기별 매출액,1161698514447,공시,https://dart.fss.or.kr/dsaf001/main.do?rcpNo=20170811000649,5
KT&G,033780,2017Q2,2017-06-30,분기별 영업이익,386333118105,공시(재작성 반영),https://dart.fss.or.kr/dsaf001/main.do?rcpNo=20170811000649 ; 재작성 출처: https://dart.fss.or.kr/dsaf001/main.do?rcpNo=20180814002247,5
KT&G,033780,2017Q2,2017-06-30,분기별 당기순이익(지배),274170916586,공시(재작성 반영),https://dart.fss.or.kr/dsaf001/main.do?rcpNo=20170811000649 ; 재작성 출처: https://dart.fss.or.kr/dsaf001/main.do?rcpNo=20180814002247,5
KT&G,033780,2017Q2,2017-06-30,분기별 영업활동현금흐름,412760549252,계산(누적차감),https://dart.fss.or.kr/dsaf001/main.do?rcpNo=20170811000649 ; https://dart.fss.or.kr/dsaf001/main.do?rcpNo=20170515002188,5
KT&G,033780,2017Q2,2017-06-30,분기말 지배지분 자본,7095062903103,공시,https://dart.fss.or.kr/dsaf001/main.do?rcpNo=20170811000649,5
KT&G,033780,2017Q2,2017-06-30,분기말 종가,117000,API,"https://data-dbg.krx.co.kr/svc/apis/sto/stk_bydd_trd?basDd=20170630 (KOSPI, KT&G ; 종가 117000 × 상장주식수 137292497 = 시가총액 16063222149000)",5
KT&G,033780,2017Q2,2017-06-30,분기말 상장주식수,137292497,API,"https://data-dbg.krx.co.kr/svc/apis/sto/stk_bydd_trd?basDd=20170630 (KOSPI, KT&G ; 종가 117000 × 상장주식수 137292497 = 시가총액 16063222149000)",5
KT&G,033780,2017Q2,2017-06-30,분기말 시가총액,16063222149000,API,"https://data-dbg.krx.co.kr/svc/apis/sto/stk_bydd_trd?basDd=20170630 (KOSPI, KT&G ; 종가 117000 × 상장주식수 137292497 = 시가총액 16063222149000)",5
KT&G,033780,2017Q3,2017-09-30,분기말 자산총계,10107371657711,공시,https://dart.fss.or.kr/dsaf001/main.do?rcpNo=20171114001144,5
KT&G,033780,2017Q3,2017-09-30,분기말 부채총계,2639953760941,공시,https://dart.fss.or.kr/dsaf001/main.do?rcpNo=20171114001144,5
KT&G,033780,2017Q3,2017-09-30,분기말 총자본(자기자본),7467417896770,공시,https://dart.fss.or.kr/dsaf001/main.do?rcpNo=20171114001144,5
KT&G,033780,2017Q3,2017-09-30,분기별 매출액,1278874823566,공시,https://dart.fss.or.kr/dsaf001/main.do?rcpNo=20171114001144,5
KT&G,033780,2017Q3,2017-09-30,분기별 영업이익,421579779824,공시(재작성 반영),https://dart.fss.or.kr/dsaf001/main.do?rcpNo=20171114001144 ; 재작성 출처: https://dart.fss.or.kr/dsaf001/main.do?rcpNo=20190328002128,5
KT&G,033780,2017Q3,2017-09-30,분기별 당기순이익(지배),307740635278,공시(재작성 반영),https://dart.fss.or.kr/dsaf001/main.do?rcpNo=20171114001144 ; 재작성 출처: https://dart.fss.or.kr/dsaf001/main.do?rcpNo=20190328002128,5
KT&G,033780,2017Q3,2017-09-30,분기별 영업활동현금흐름,722352367217,계산(누적차감),https://dart.fss.or.kr/dsaf001/main.do?rcpNo=20171114001144 ; https://dart.fss.or.kr/dsaf001/main.do?rcpNo=20170811000649,5
KT&G,033780,2017Q3,2017-09-30,분기말 지배지분 자본,7409636828204,공시,https://dart.fss.or.kr/dsaf001/main.do?rcpNo=20171114001144,5
KT&G,033780,2017Q3,2017-09-29,분기말 종가,105500,API,"https://data-dbg.krx.co.kr/svc/apis/sto/stk_bydd_trd?basDd=20170929 (KOSPI, KT&G ; 종가 105500 × 상장주식수 137292497 = 시가총액 14484358433500)",5
KT&G,033780,2017Q3,2017-09-29,분기말 상장주식수,137292497,API,"https://data-dbg.krx.co.kr/svc/apis/sto/stk_bydd_trd?basDd=20170929 (KOSPI, KT&G ; 종가 105500 × 상장주식수 137292497 = 시가총액 14484358433500)",5
KT&G,033780,2017Q3,2017-09-29,분기말 시가총액,14484358433500,API,"https://data-dbg.krx.co.kr/svc/apis/sto/stk_bydd_trd?basDd=20170929 (KOSPI, KT&G ; 종가 105500 × 상장주식수 137292497 = 시가총액 14484358433500)",5
KT&G,033780,2017Q4,2017-12-31,분기말 자산총계,10020315626764,공시,https://dart.fss.or.kr/dsaf001/main.do?rcpNo=20201119000225,5
KT&G,033780,2017Q4,2017-12-31,분기말 부채총계,2160131491892,공시,https://dart.fss.or.kr/dsaf001/main.do?rcpNo=20201119000225,5
KT&G,033780,2017Q4,2017-12-31,분기말 총자본(자기자본),7860184134872,공시,https://dart.fss.or.kr/dsaf001/main.do?rcpNo=20201119000225,5
KT&G,033780,2017Q4,2017-12-31,분기별 매출액,1047872633141,계산(연간-3분기누적),https://dart.fss.or.kr/dsaf001/main.do?rcpNo=20201119000225 ; https://dart.fss.or.kr/dsaf001/main.do?rcpNo=20171114001144,5
KT&G,033780,2017Q4,2017-12-31,분기별 영업이익,237813338060,계산(연간-3분기누적)(재작성 반영),https://dart.fss.or.kr/dsaf001/main.do?rcpNo=20201119000225 ; https://dart.fss.or.kr/dsaf001/main.do?rcpNo=20171114001144 ; 재작성 출처: https://dart.fss.or.kr/dsaf001/main.do?rcpNo=20190328002128 ; https://dart.fss.or.kr/dsaf001/main.do?rcpNo=20201230000709,5
KT&G,033780,2017Q4,2017-12-31,분기별 당기순이익(지배),394693917624,계산(연간-3분기누적)(재작성 반영),https://dart.fss.or.kr/dsaf001/main.do?rcpNo=20201119000225 ; https://dart.fss.or.kr/dsaf001/main.do?rcpNo=20171114001144 ; 재작성 출처: https://dart.fss.or.kr/dsaf001/main.do?rcpNo=20190328002128 ; https://dart.fss.or.kr/dsaf001/main.do?rcpNo=20201230000709,5
KT&G,033780,2017Q4,2017-12-31,분기별 영업활동현금흐름,227830607003,계산(누적차감),https://dart.fss.or.kr/dsaf001/main.do?rcpNo=20201119000225 ; https://dart.fss.or.kr/dsaf001/main.do?rcpNo=20171114001144,5
KT&G,033780,2017Q4,2017-12-31,분기말 지배지분 자본,7802477446986,공시,https://dart.fss.or.kr/dsaf001/main.do?rcpNo=20201119000225,5
KT&G,033780,2017Q4,2017-12-28,분기말 종가,115500,API,"https://data-dbg.krx.co.kr/svc/apis/sto/stk_bydd_trd?basDd=20171228 (KOSPI, KT&G ; 종가 115500 × 상장주식수 137292497 = 시가총액 15857283403500)",5
KT&G,033780,2017Q4,2017-12-28,분기말 상장주식수,137292497,API,"https://data-dbg.krx.co.kr/svc/apis/sto/stk_bydd_trd?basDd=20171228 (KOSPI, KT&G ; 종가 115500 × 상장주식수 137292497 = 시가총액 15857283403500)",5
KT&G,033780,2017Q4,2017-12-28,분기말 시가총액,15857283403500,API,"https://data-dbg.krx.co.kr/svc/apis/sto/stk_bydd_trd?basDd=20171228 (KOSPI, KT&G ; 종가 115500 × 상장주식수 137292497 = 시가총액 15857283403500)",5
KT&G,033780,2018Q1,2018-03-31,분기말 자산총계,10087154820968,공시,https://dart.fss.or.kr/dsaf001/main.do?rcpNo=20180525000233,5
KT&G,033780,2018Q1,2018-03-31,분기말 부채총계,2587808249327,공시,https://dart.fss.or.kr/dsaf001/main.do?rcpNo=20180525000233,5
KT&G,033780,2018Q1,2018-03-31,분기말 총자본(자기자본),7499346571641,공시,https://dart.fss.or.kr/dsaf001/main.do?rcpNo=20180525000233,5
KT&G,033780,2018Q1,2018-03-31,분기별 매출액,1067590374238,공시,https://dart.fss.or.kr/dsaf001/main.do?rcpNo=20180525000233,5
KT&G,033780,2018Q1,2018-03-31,분기별 영업이익,311368374802,공시,https://dart.fss.or.kr/dsaf001/main.do?rcpNo=20180525000233,5
KT&G,033780,2018Q1,2018-03-31,분기별 당기순이익(지배),248897226618,공시,https://dart.fss.or.kr/dsaf001/main.do?rcpNo=20180525000233,5
KT&G,033780,2018Q1,2018-03-31,분기별 영업활동현금흐름,361455636486,공시,https://dart.fss.or.kr/dsaf001/main.do?rcpNo=20180525000233,5
KT&G,033780,2018Q1,2018-03-31,분기말 지배지분 자본,7441169532793,공시,https://dart.fss.or.kr/dsaf001/main.do?rcpNo=20180525000233,5
KT&G,033780,2018Q1,2018-03-30,분기말 종가,100000,API,"https://data-dbg.krx.co.kr/svc/apis/sto/stk_bydd_trd?basDd=20180330 (KOSPI, KT&G ; 종가 100000 × 상장주식수 137292497 = 시가총액 13729249700000)",5
KT&G,033780,2018Q1,2018-03-30,분기말 상장주식수,137292497,API,"https://data-dbg.krx.co.kr/svc/apis/sto/stk_bydd_trd?basDd=20180330 (KOSPI, KT&G ; 종가 100000 × 상장주식수 137292497 = 시가총액 13729249700000)",5
KT&G,033780,2018Q1,2018-03-30,분기말 시가총액,13729249700000,API,"https://data-dbg.krx.co.kr/svc/apis/sto/stk_bydd_trd?basDd=20180330 (KOSPI, KT&G ; 종가 100000 × 상장주식수 137292497 = 시가총액 13729249700000)",5
KT&G,033780,2018Q2,2018-06-30,분기말 자산총계,10121455402142,공시,https://dart.fss.or.kr/dsaf001/main.do?rcpNo=20180814002247,5
KT&G,033780,2018Q2,2018-06-30,분기말 부채총계,2361849748344,공시,https://dart.fss.or.kr/dsaf001/main.do?rcpNo=20180814002247,5
KT&G,033780,2018Q2,2018-06-30,분기말 총자본(자기자본),7759605653798,공시,https://dart.fss.or.kr/dsaf001/main.do?rcpNo=20180814002247,5
KT&G,033780,2018Q2,2018-06-30,분기별 매출액,1119719777068,공시,https://dart.fss.or.kr/dsaf001/main.do?rcpNo=20180814002247,5
KT&G,033780,2018Q2,2018-06-30,분기별 영업이익,322975966048,공시,https://dart.fss.or.kr/dsaf001/main.do?rcpNo=20180814002247,5
KT&G,033780,2018Q2,2018-06-30,분기별 당기순이익(지배),266571370939,공시,https://dart.fss.or.kr/dsaf001/main.do?rcpNo=20180814002247,5
KT&G,033780,2018Q2,2018-06-30,분기별 영업활동현금흐름,556317657133,계산(누적차감),https://dart.fss.or.kr/dsaf001/main.do?rcpNo=20180814002247 ; https://dart.fss.or.kr/dsaf001/main.do?rcpNo=20180525000233,5
KT&G,033780,2018Q2,2018-06-30,분기말 지배지분 자본,7702860057268,공시,https://dart.fss.or.kr/dsaf001/main.do?rcpNo=20180814002247,5
KT&G,033780,2018Q2,2018-06-29,분기말 종가,107000,API,"https://data-dbg.krx.co.kr/svc/apis/sto/stk_bydd_trd?basDd=20180629 (KOSPI, KT&G ; 종가 107000 × 상장주식수 137292497 = 시가총액 14690297179000)",5
KT&G,033780,2018Q2,2018-06-29,분기말 상장주식수,137292497,API,"https://data-dbg.krx.co.kr/svc/apis/sto/stk_bydd_trd?basDd=20180629 (KOSPI, KT&G ; 종가 107000 × 상장주식수 137292497 = 시가총액 14690297179000)",5
KT&G,033780,2018Q2,2018-06-29,분기말 시가총액,14690297179000,API,"https://data-dbg.krx.co.kr/svc/apis/sto/stk_bydd_trd?basDd=20180629 (KOSPI, KT&G ; 종가 107000 × 상장주식수 137292497 = 시가총액 14690297179000)",5
KT&G,033780,2018Q3,2018-09-30,분기말 자산총계,10420239176866,공시,https://dart.fss.or.kr/dsaf001/main.do?rcpNo=20190328002128,5
KT&G,033780,2018Q3,2018-09-30,분기말 부채총계,2393097324624,공시,https://dart.fss.or.kr/dsaf001/main.do?rcpNo=20190328002128,5
KT&G,033780,2018Q3,2018-09-30,분기말 총자본(자기자본),8027141852242,공시,https://dart.fss.or.kr/dsaf001/main.do?rcpNo=20190328002128,5
KT&G,033780,2018Q3,2018-09-30,분기별 매출액,1182526283865,공시,https://dart.fss.or.kr/dsaf001/main.do?rcpNo=20190328002128,5
KT&G,033780,2018Q3,2018-09-30,분기별 영업이익,356861885415,공시,https://dart.fss.or.kr/dsaf001/main.do?rcpNo=20190328002128,5
KT&G,033780,2018Q3,2018-09-30,분기별 당기순이익(지배),258850050152,공시,https://dart.fss.or.kr/dsaf001/main.do?rcpNo=20190328002128,5
KT&G,033780,2018Q3,2018-09-30,분기별 영업활동현금흐름,142365738017,계산(누적차감),https://dart.fss.or.kr/dsaf001/main.do?rcpNo=20190328002128 ; https://dart.fss.or.kr/dsaf001/main.do?rcpNo=20180814002247,5
KT&G,033780,2018Q3,2018-09-30,분기말 지배지분 자본,7971707577048,공시,https://dart.fss.or.kr/dsaf001/main.do?rcpNo=20190328002128,5
KT&G,033780,2018Q3,2018-09-28,분기말 종가,104000,API,"https://data-dbg.krx.co.kr/svc/apis/sto/stk_bydd_trd?basDd=20180928 (KOSPI, KT&G ; 종가 104000 × 상장주식수 137292497 = 시가총액 14278419688000)",5
KT&G,033780,2018Q3,2018-09-28,분기말 상장주식수,137292497,API,"https://data-dbg.krx.co.kr/svc/apis/sto/stk_bydd_trd?basDd=20180928 (KOSPI, KT&G ; 종가 104000 × 상장주식수 137292497 = 시가총액 14278419688000)",5
KT&G,033780,2018Q3,2018-09-28,분기말 시가총액,14278419688000,API,"https://data-dbg.krx.co.kr/svc/apis/sto/stk_bydd_trd?basDd=20180928 (KOSPI, KT&G ; 종가 104000 × 상장주식수 137292497 = 시가총액 14278419688000)",5
KT&G,033780,2018Q4,2018-12-31,분기말 자산총계,10197870417450,공시,https://dart.fss.or.kr/dsaf001/main.do?rcpNo=20201230000709,5
KT&G,033780,2018Q4,2018-12-31,분기말 부채총계,2029666601415,공시,https://dart.fss.or.kr/dsaf001/main.do?rcpNo=20201230000709,5
KT&G,033780,2018Q4,2018-12-31,분기말 총자본(자기자본),8168203816035,공시,https://dart.fss.or.kr/dsaf001/main.do?rcpNo=20201230000709,5
KT&G,033780,2018Q4,2018-12-31,분기별 매출액,1101679156889,계산(연간-3분기누적),https://dart.fss.or.kr/dsaf001/main.do?rcpNo=20201230000709 ; https://dart.fss.or.kr/dsaf001/main.do?rcpNo=20190328002128,5
KT&G,033780,2018Q4,2018-12-31,분기별 영업이익,262253143775,계산(연간-3분기누적),https://dart.fss.or.kr/dsaf001/main.do?rcpNo=20201230000709 ; https://dart.fss.or.kr/dsaf001/main.do?rcpNo=20190328002128,5
KT&G,033780,2018Q4,2018-12-31,분기별 당기순이익(지배),132031612406,계산(연간-3분기누적),https://dart.fss.or.kr/dsaf001/main.do?rcpNo=20201230000709 ; https://dart.fss.or.kr/dsaf001/main.do?rcpNo=20190328002128,5
KT&G,033780,2018Q4,2018-12-31,분기별 영업활동현금흐름,-238081822750,계산(누적차감),https://dart.fss.or.kr/dsaf001/main.do?rcpNo=20201230000709 ; https://dart.fss.or.kr/dsaf001/main.do?rcpNo=20190328002128,5
KT&G,033780,2018Q4,2018-12-31,분기말 지배지분 자본,8114403442296,공시,https://dart.fss.or.kr/dsaf001/main.do?rcpNo=20201230000709,5
KT&G,033780,2018Q4,2018-12-28,분기말 종가,101500,API,"https://data-dbg.krx.co.kr/svc/apis/sto/stk_bydd_trd?basDd=20181228 (KOSPI, KT&G ; 종가 101500 × 상장주식수 137292497 = 시가총액 13935188445500)",5
KT&G,033780,2018Q4,2018-12-28,분기말 상장주식수,137292497,API,"https://data-dbg.krx.co.kr/svc/apis/sto/stk_bydd_trd?basDd=20181228 (KOSPI, KT&G ; 종가 101500 × 상장주식수 137292497 = 시가총액 13935188445500)",5
KT&G,033780,2018Q4,2018-12-28,분기말 시가총액,13935188445500,API,"https://data-dbg.krx.co.kr/svc/apis/sto/stk_bydd_trd?basDd=20181228 (KOSPI, KT&G ; 종가 101500 × 상장주식수 137292497 = 시가총액 13935188445500)",5
KT&G,033780,2019Q1,2019-03-31,분기말 자산총계,10776751408283,공시,https://dart.fss.or.kr/dsaf001/main.do?rcpNo=20190515002671,5
KT&G,033780,2019Q1,2019-03-31,분기말 부채총계,2847524834083,공시,https://dart.fss.or.kr/dsaf001/main.do?rcpNo=20190515002671,5
KT&G,033780,2019Q1,2019-03-31,분기말 총자본(자기자본),7929226574200,공시,https://dart.fss.or.kr/dsaf001/main.do?rcpNo=20190515002671,5
KT&G,033780,2019Q1,2019-03-31,분기별 매출액,1184981696982,공시,https://dart.fss.or.kr/dsaf001/main.do?rcpNo=20190515002671,5
KT&G,033780,2019Q1,2019-03-31,분기별 영업이익,348164854767,공시,https://dart.fss.or.kr/dsaf001/main.do?rcpNo=20190515002671,5
KT&G,033780,2019Q1,2019-03-31,분기별 당기순이익(지배),273027495418,공시,https://dart.fss.or.kr/dsaf001/main.do?rcpNo=20190515002671,5
KT&G,033780,2019Q1,2019-03-31,분기별 영업활동현금흐름,722342548099,공시(재작성 반영),https://dart.fss.or.kr/dsaf001/main.do?rcpNo=20190515002671 ; 재작성 출처: https://dart.fss.or.kr/dsaf001/main.do?rcpNo=20200515002495,5
KT&G,033780,2019Q1,2019-03-31,분기말 지배지분 자본,7874617001339,공시,https://dart.fss.or.kr/dsaf001/main.do?rcpNo=20190515002671,5
KT&G,033780,2019Q1,2019-03-29,분기말 종가,103500,API,"https://data-dbg.krx.co.kr/svc/apis/sto/stk_bydd_trd?basDd=20190329 (KOSPI, KT&G ; 종가 103500 × 상장주식수 137292497 = 시가총액 14209773439500)",5
KT&G,033780,2019Q1,2019-03-29,분기말 상장주식수,137292497,API,"https://data-dbg.krx.co.kr/svc/apis/sto/stk_bydd_trd?basDd=20190329 (KOSPI, KT&G ; 종가 103500 × 상장주식수 137292497 = 시가총액 14209773439500)",5
KT&G,033780,2019Q1,2019-03-29,분기말 시가총액,14209773439500,API,"https://data-dbg.krx.co.kr/svc/apis/sto/stk_bydd_trd?basDd=20190329 (KOSPI, KT&G ; 종가 103500 × 상장주식수 137292497 = 시가총액 14209773439500)",5
KT&G,033780,2019Q2,2019-06-30,분기말 자산총계,10846393424529,공시,https://dart.fss.or.kr/dsaf001/main.do?rcpNo=20190814002417,5
KT&G,033780,2019Q2,2019-06-30,분기말 부채총계,2593994790227,공시,https://dart.fss.or.kr/dsaf001/main.do?rcpNo=20190814002417,5
KT&G,033780,2019Q2,2019-06-30,분기말 총자본(자기자본),8252398634302,공시,https://dart.fss.or.kr/dsaf001/main.do?rcpNo=20190814002417,5
KT&G,033780,2019Q2,2019-06-30,분기별 매출액,1257840556101,공시,https://dart.fss.or.kr/dsaf001/main.do?rcpNo=20190814002417,5
KT&G,033780,2019Q2,2019-06-30,분기별 영업이익,399061509193,공시,https://dart.fss.or.kr/dsaf001/main.do?rcpNo=20190814002417,5
KT&G,033780,2019Q2,2019-06-30,분기별 당기순이익(지배),322786282794,공시,https://dart.fss.or.kr/dsaf001/main.do?rcpNo=20190814002417,5
KT&G,033780,2019Q2,2019-06-30,분기별 영업활동현금흐름,464244368449,계산(누적차감)(재작성 반영),https://dart.fss.or.kr/dsaf001/main.do?rcpNo=20190814002417 ; https://dart.fss.or.kr/dsaf001/main.do?rcpNo=20190515002671 ; 재작성 출처: https://dart.fss.or.kr/dsaf001/main.do?rcpNo=20200515002495,5
KT&G,033780,2019Q2,2019-06-30,분기말 지배지분 자본,8196483096182,공시,https://dart.fss.or.kr/dsaf001/main.do?rcpNo=20190814002417,5
KT&G,033780,2019Q2,2019-06-28,분기말 종가,98500,API,"https://data-dbg.krx.co.kr/svc/apis/sto/stk_bydd_trd?basDd=20190628 (KOSPI, KT&G ; 종가 98500 × 상장주식수 137292497 = 시가총액 13523310954500)",5
KT&G,033780,2019Q2,2019-06-28,분기말 상장주식수,137292497,API,"https://data-dbg.krx.co.kr/svc/apis/sto/stk_bydd_trd?basDd=20190628 (KOSPI, KT&G ; 종가 98500 × 상장주식수 137292497 = 시가총액 13523310954500)",5
KT&G,033780,2019Q2,2019-06-28,분기말 시가총액,13523310954500,API,"https://data-dbg.krx.co.kr/svc/apis/sto/stk_bydd_trd?basDd=20190628 (KOSPI, KT&G ; 종가 98500 × 상장주식수 137292497 = 시가총액 13523310954500)",5
KT&G,033780,2019Q3,2019-09-30,분기말 자산총계,10631391625206,공시,https://dart.fss.or.kr/dsaf001/main.do?rcpNo=20191114002445,5
KT&G,033780,2019Q3,2019-09-30,분기말 부채총계,2069138702410,공시,https://dart.fss.or.kr/dsaf001/main.do?rcpNo=20191114002445,5
KT&G,033780,2019Q3,2019-09-30,분기말 총자본(자기자본),8562252922796,공시,https://dart.fss.or.kr/dsaf001/main.do?rcpNo=20191114002445,5
KT&G,033780,2019Q3,2019-09-30,분기별 매출액,1322181453028,공시,https://dart.fss.or.kr/dsaf001/main.do?rcpNo=20191114002445,5
KT&G,033780,2019Q3,2019-09-30,분기별 영업이익,382465830073,공시,https://dart.fss.or.kr/dsaf001/main.do?rcpNo=20191114002445,5
KT&G,033780,2019Q3,2019-09-30,분기별 당기순이익(지배),320821168883,공시,https://dart.fss.or.kr/dsaf001/main.do?rcpNo=20191114002445,5
KT&G,033780,2019Q3,2019-09-30,분기별 영업활동현금흐름,-227756225074,계산(누적차감),https://dart.fss.or.kr/dsaf001/main.do?rcpNo=20191114002445 ; https://dart.fss.or.kr/dsaf001/main.do?rcpNo=20190814002417,5
KT&G,033780,2019Q3,2019-09-30,분기말 지배지분 자본,8504907272276,공시,https://dart.fss.or.kr/dsaf001/main.do?rcpNo=20191114002445,5
KT&G,033780,2019Q3,2019-09-30,분기말 종가,105500,API,"https://data-dbg.krx.co.kr/svc/apis/sto/stk_bydd_trd?basDd=20190930 (KOSPI, KT&G ; 종가 105500 × 상장주식수 137292497 = 시가총액 14484358433500)",5
KT&G,033780,2019Q3,2019-09-30,분기말 상장주식수,137292497,API,"https://data-dbg.krx.co.kr/svc/apis/sto/stk_bydd_trd?basDd=20190930 (KOSPI, KT&G ; 종가 105500 × 상장주식수 137292497 = 시가총액 14484358433500)",5
KT&G,033780,2019Q3,2019-09-30,분기말 시가총액,14484358433500,API,"https://data-dbg.krx.co.kr/svc/apis/sto/stk_bydd_trd?basDd=20190930 (KOSPI, KT&G ; 종가 105500 × 상장주식수 137292497 = 시가총액 14484358433500)",5
KT&G,033780,2019Q4,2019-12-31,분기말 자산총계,10752439455974,공시,https://dart.fss.or.kr/dsaf001/main.do?rcpNo=20201230000735,5
KT&G,033780,2019Q4,2019-12-31,분기말 부채총계,2012853967690,공시,https://dart.fss.or.kr/dsaf001/main.do?rcpNo=20201230000735,5
KT&G,033780,2019Q4,2019-12-31,분기말 총자본(자기자본),8739585488284,공시,https://dart.fss.or.kr/dsaf001/main.do?rcpNo=20201230000735,5
KT&G,033780,2019Q4,2019-12-31,분기별 매출액,1198198590891,계산(연간-3분기누적),https://dart.fss.or.kr/dsaf001/main.do?rcpNo=20201230000735 ; https://dart.fss.or.kr/dsaf001/main.do?rcpNo=20191114002445,5
KT&G,033780,2019Q4,2019-12-31,분기별 영업이익,249898383906,계산(연간-3분기누적),https://dart.fss.or.kr/dsaf001/main.do?rcpNo=20201230000735 ; https://dart.fss.or.kr/dsaf001/main.do?rcpNo=20191114002445,5
KT&G,033780,2019Q4,2019-12-31,분기별 당기순이익(지배),118368234096,계산(연간-3분기누적),https://dart.fss.or.kr/dsaf001/main.do?rcpNo=20201230000735 ; https://dart.fss.or.kr/dsaf001/main.do?rcpNo=20191114002445,5
KT&G,033780,2019Q4,2019-12-31,분기별 영업활동현금흐름,83658695817,계산(누적차감),https://dart.fss.or.kr/dsaf001/main.do?rcpNo=20201230000735 ; https://dart.fss.or.kr/dsaf001/main.do?rcpNo=20191114002445,5
KT&G,033780,2019Q4,2019-12-31,분기말 지배지분 자본,8684216790713,공시,https://dart.fss.or.kr/dsaf001/main.do?rcpNo=20201230000735,5
KT&G,033780,2019Q4,2019-12-30,분기말 종가,93800,API,"https://data-dbg.krx.co.kr/svc/apis/sto/stk_bydd_trd?basDd=20191230 (KOSPI, KT&G ; 종가 93800 × 상장주식수 137292497 = 시가총액 12878036218600)",5
KT&G,033780,2019Q4,2019-12-30,분기말 상장주식수,137292497,API,"https://data-dbg.krx.co.kr/svc/apis/sto/stk_bydd_trd?basDd=20191230 (KOSPI, KT&G ; 종가 93800 × 상장주식수 137292497 = 시가총액 12878036218600)",5
KT&G,033780,2019Q4,2019-12-30,분기말 시가총액,12878036218600,API,"https://data-dbg.krx.co.kr/svc/apis/sto/stk_bydd_trd?basDd=20191230 (KOSPI, KT&G ; 종가 93800 × 상장주식수 137292497 = 시가총액 12878036218600)",5
KT&G,033780,2020Q1,2020-03-31,분기말 자산총계,10859434327354,공시,https://dart.fss.or.kr/dsaf001/main.do?rcpNo=20200515002495,5
KT&G,033780,2020Q1,2020-03-31,분기말 부채총계,2486211034877,공시,https://dart.fss.or.kr/dsaf001/main.do?rcpNo=20200515002495,5
KT&G,033780,2020Q1,2020-03-31,분기말 총자본(자기자본),8373223292477,공시,https://dart.fss.or.kr/dsaf001/main.do?rcpNo=20200515002495,5
KT&G,033780,2020Q1,2020-03-31,분기별 매출액,1178410308223,공시,https://dart.fss.or.kr/dsaf001/main.do?rcpNo=20200515002495,5
KT&G,033780,2020Q1,2020-03-31,분기별 영업이익,314406787099,공시(재작성 반영),https://dart.fss.or.kr/dsaf001/main.do?rcpNo=20200515002495 ; 재작성 출처: https://dart.fss.or.kr/dsaf001/main.do?rcpNo=20210517002118,5
KT&G,033780,2020Q1,2020-03-31,분기별 당기순이익(지배),292635690127,공시(재작성 반영),https://dart.fss.or.kr/dsaf001/main.do?rcpNo=20200515002495 ; 재작성 출처: https://dart.fss.or.kr/dsaf001/main.do?rcpNo=20210517002118,5
KT&G,033780,2020Q1,2020-03-31,분기별 영업활동현금흐름,233644146215,공시,https://dart.fss.or.kr/dsaf001/main.do?rcpNo=20200515002495,5
KT&G,033780,2020Q1,2020-03-31,분기말 지배지분 자본,8316977008543,공시,https://dart.fss.or.kr/dsaf001/main.do?rcpNo=20200515002495,5
KT&G,033780,2020Q1,2020-03-31,분기말 종가,74700,API,https://apis.data.go.kr/1160100/GetStockSecuritiesInfoService_V2/getStockPriceInfo_V2?basDt=20200331&likeSrtnCd=033780 (serviceKey 제외),5
KT&G,033780,2020Q1,2020-03-31,분기말 상장주식수,137292497,API,https://apis.data.go.kr/1160100/GetStockSecuritiesInfoService_V2/getStockPriceInfo_V2?basDt=20200331&likeSrtnCd=033780 (serviceKey 제외),5
KT&G,033780,2020Q1,2020-03-31,분기말 시가총액,10255749525900,API,https://apis.data.go.kr/1160100/GetStockSecuritiesInfoService_V2/getStockPriceInfo_V2?basDt=20200331&likeSrtnCd=033780 (serviceKey 제외),5
KT&G,033780,2020Q2,2020-06-30,분기말 자산총계,11028161031199,공시,https://dart.fss.or.kr/dsaf001/main.do?rcpNo=20200813000820,5
KT&G,033780,2020Q2,2020-06-30,분기말 부채총계,2338581137445,공시,https://dart.fss.or.kr/dsaf001/main.do?rcpNo=20200813000820,5
KT&G,033780,2020Q2,2020-06-30,분기말 총자본(자기자본),8689579893754,공시,https://dart.fss.or.kr/dsaf001/main.do?rcpNo=20200813000820,5
KT&G,033780,2020Q2,2020-06-30,분기별 매출액,1318842182430,공시,https://dart.fss.or.kr/dsaf001/main.do?rcpNo=20200813000820,5
KT&G,033780,2020Q2,2020-06-30,분기별 영업이익,394124092076,공시(재작성 반영),https://dart.fss.or.kr/dsaf001/main.do?rcpNo=20200813000820 ; 재작성 출처: https://dart.fss.or.kr/dsaf001/main.do?rcpNo=20210817002070,5
KT&G,033780,2020Q2,2020-06-30,분기별 당기순이익(지배),292739136322,공시(재작성 반영),https://dart.fss.or.kr/dsaf001/main.do?rcpNo=20200813000820 ; 재작성 출처: https://dart.fss.or.kr/dsaf001/main.do?rcpNo=20210817002070,5
KT&G,033780,2020Q2,2020-06-30,분기별 영업활동현금흐름,785526111466,계산(누적차감),https://dart.fss.or.kr/dsaf001/main.do?rcpNo=20200813000820 ; https://dart.fss.or.kr/dsaf001/main.do?rcpNo=20200515002495,5
KT&G,033780,2020Q2,2020-06-30,분기말 지배지분 자본,8632976977618,공시,https://dart.fss.or.kr/dsaf001/main.do?rcpNo=20200813000820,5
KT&G,033780,2020Q2,2020-06-30,분기말 종가,78200,API,https://apis.data.go.kr/1160100/GetStockSecuritiesInfoService_V2/getStockPriceInfo_V2?basDt=20200630&likeSrtnCd=033780 (serviceKey 제외),5
KT&G,033780,2020Q2,2020-06-30,분기말 상장주식수,137292497,API,https://apis.data.go.kr/1160100/GetStockSecuritiesInfoService_V2/getStockPriceInfo_V2?basDt=20200630&likeSrtnCd=033780 (serviceKey 제외),5
KT&G,033780,2020Q2,2020-06-30,분기말 시가총액,10736273265400,API,https://apis.data.go.kr/1160100/GetStockSecuritiesInfoService_V2/getStockPriceInfo_V2?basDt=20200630&likeSrtnCd=033780 (serviceKey 제외),5
KT&G,033780,2020Q3,2020-09-30,분기말 자산총계,11517592640154,공시,https://dart.fss.or.kr/dsaf001/main.do?rcpNo=20201113001023,5
KT&G,033780,2020Q3,2020-09-30,분기말 부채총계,2759545662456,공시,https://dart.fss.or.kr/dsaf001/main.do?rcpNo=20201113001023,5
KT&G,033780,2020Q3,2020-09-30,분기말 총자본(자기자본),8758046977698,공시,https://dart.fss.or.kr/dsaf001/main.do?rcpNo=20201113001023,5
KT&G,033780,2020Q3,2020-09-30,분기별 매출액,1463411667167,공시,https://dart.fss.or.kr/dsaf001/main.do?rcpNo=20201113001023,5
KT&G,033780,2020Q3,2020-09-30,분기별 영업이익,434041081709,공시(재작성 반영),https://dart.fss.or.kr/dsaf001/main.do?rcpNo=20201113001023 ; 재작성 출처: https://dart.fss.or.kr/dsaf001/main.do?rcpNo=20211115002253,5
KT&G,033780,2020Q3,2020-09-30,분기별 당기순이익(지배),277844521055,공시(재작성 반영),https://dart.fss.or.kr/dsaf001/main.do?rcpNo=20201113001023 ; 재작성 출처: https://dart.fss.or.kr/dsaf001/main.do?rcpNo=20211115002253,5
KT&G,033780,2020Q3,2020-09-30,분기별 영업활동현금흐름,188779869316,계산(누적차감),https://dart.fss.or.kr/dsaf001/main.do?rcpNo=20201113001023 ; https://dart.fss.or.kr/dsaf001/main.do?rcpNo=20200813000820,5
KT&G,033780,2020Q3,2020-09-30,분기말 지배지분 자본,8701572296187,공시,https://dart.fss.or.kr/dsaf001/main.do?rcpNo=20201113001023,5
KT&G,033780,2020Q3,2020-09-29,분기말 종가,82400,API,https://apis.data.go.kr/1160100/GetStockSecuritiesInfoService_V2/getStockPriceInfo_V2?basDt=20200929&likeSrtnCd=033780 (serviceKey 제외),5
KT&G,033780,2020Q3,2020-09-29,분기말 상장주식수,137292497,API,https://apis.data.go.kr/1160100/GetStockSecuritiesInfoService_V2/getStockPriceInfo_V2?basDt=20200929&likeSrtnCd=033780 (serviceKey 제외),5
KT&G,033780,2020Q3,2020-09-29,분기말 시가총액,11312901752800,API,https://apis.data.go.kr/1160100/GetStockSecuritiesInfoService_V2/getStockPriceInfo_V2?basDt=20200929&likeSrtnCd=033780 (serviceKey 제외),5
KT&G,033780,2020Q4,2020-12-31,분기말 자산총계,11468383152160,공시,https://dart.fss.or.kr/dsaf001/main.do?rcpNo=20210311001208,5
KT&G,033780,2020Q4,2020-12-31,분기말 부채총계,2376811495915,공시,https://dart.fss.or.kr/dsaf001/main.do?rcpNo=20210311001208,5
KT&G,033780,2020Q4,2020-12-31,분기말 총자본(자기자본),9091571656245,공시,https://dart.fss.or.kr/dsaf001/main.do?rcpNo=20210311001208,5
KT&G,033780,2020Q4,2020-12-31,분기별 매출액,1340953496129,계산(연간-3분기누적),https://dart.fss.or.kr/dsaf001/main.do?rcpNo=20210311001208 ; https://dart.fss.or.kr/dsaf001/main.do?rcpNo=20201113001023,5
KT&G,033780,2020Q4,2020-12-31,분기별 영업이익,338479191373,계산(연간-3분기누적)(재작성 반영),https://dart.fss.or.kr/dsaf001/main.do?rcpNo=20210311001208 ; https://dart.fss.or.kr/dsaf001/main.do?rcpNo=20201113001023 ; 재작성 출처: https://dart.fss.or.kr/dsaf001/main.do?rcpNo=20211115002253,5
KT&G,033780,2020Q4,2020-12-31,분기별 당기순이익(지배),308515125089,계산(연간-3분기누적)(재작성 반영),https://dart.fss.or.kr/dsaf001/main.do?rcpNo=20210311001208 ; https://dart.fss.or.kr/dsaf001/main.do?rcpNo=20201113001023 ; 재작성 출처: https://dart.fss.or.kr/dsaf001/main.do?rcpNo=20211115002253,5
KT&G,033780,2020Q4,2020-12-31,분기별 영업활동현금흐름,53714671430,계산(누적차감),https://dart.fss.or.kr/dsaf001/main.do?rcpNo=20210311001208 ; https://dart.fss.or.kr/dsaf001/main.do?rcpNo=20201113001023,5
KT&G,033780,2020Q4,2020-12-31,분기말 지배지분 자본,9036851140891,공시,https://dart.fss.or.kr/dsaf001/main.do?rcpNo=20210311001208,5
KT&G,033780,2020Q4,2020-12-30,분기말 종가,83100,API,https://apis.data.go.kr/1160100/GetStockSecuritiesInfoService_V2/getStockPriceInfo_V2?basDt=20201230&likeSrtnCd=033780 (serviceKey 제외),5
KT&G,033780,2020Q4,2020-12-30,분기말 상장주식수,137292497,API,https://apis.data.go.kr/1160100/GetStockSecuritiesInfoService_V2/getStockPriceInfo_V2?basDt=20201230&likeSrtnCd=033780 (serviceKey 제외),5
KT&G,033780,2020Q4,2020-12-30,분기말 시가총액,11409006500700,API,https://apis.data.go.kr/1160100/GetStockSecuritiesInfoService_V2/getStockPriceInfo_V2?basDt=20201230&likeSrtnCd=033780 (serviceKey 제외),5
KT&G,033780,2021Q1,2021-03-31,분기말 자산총계,11766389576682,공시,https://dart.fss.or.kr/dsaf001/main.do?rcpNo=20210517002118,5
KT&G,033780,2021Q1,2021-03-31,분기말 부채총계,2980436406962,공시,https://dart.fss.or.kr/dsaf001/main.do?rcpNo=20210517002118,5
KT&G,033780,2021Q1,2021-03-31,분기말 총자본(자기자본),8785953169720,공시,https://dart.fss.or.kr/dsaf001/main.do?rcpNo=20210517002118,5
KT&G,033780,2021Q1,2021-03-31,분기별 매출액,1263901253861,공시,https://dart.fss.or.kr/dsaf001/main.do?rcpNo=20210517002118,5
KT&G,033780,2021Q1,2021-03-31,분기별 영업이익,317681948454,공시,https://dart.fss.or.kr/dsaf001/main.do?rcpNo=20210517002118,5
KT&G,033780,2021Q1,2021-03-31,분기별 당기순이익(지배),273488997127,공시,https://dart.fss.or.kr/dsaf001/main.do?rcpNo=20210517002118,5
KT&G,033780,2021Q1,2021-03-31,분기별 영업활동현금흐름,137205280497,공시,https://dart.fss.or.kr/dsaf001/main.do?rcpNo=20210517002118,5
KT&G,033780,2021Q1,2021-03-31,분기말 지배지분 자본,8732227929505,공시,https://dart.fss.or.kr/dsaf001/main.do?rcpNo=20210517002118,5
KT&G,033780,2021Q1,2021-03-31,분기말 종가,81400,API,https://apis.data.go.kr/1160100/GetStockSecuritiesInfoService_V2/getStockPriceInfo_V2?basDt=20210331&likeSrtnCd=033780 (serviceKey 제외),5
KT&G,033780,2021Q1,2021-03-31,분기말 상장주식수,137292497,API,https://apis.data.go.kr/1160100/GetStockSecuritiesInfoService_V2/getStockPriceInfo_V2?basDt=20210331&likeSrtnCd=033780 (serviceKey 제외),5
KT&G,033780,2021Q1,2021-03-31,분기말 시가총액,11175609255800,API,https://apis.data.go.kr/1160100/GetStockSecuritiesInfoService_V2/getStockPriceInfo_V2?basDt=20210331&likeSrtnCd=033780 (serviceKey 제외),5
KT&G,033780,2021Q2,2021-06-30,분기말 자산총계,11356331913618,공시,https://dart.fss.or.kr/dsaf001/main.do?rcpNo=20210817002070,5
KT&G,033780,2021Q2,2021-06-30,분기말 부채총계,2301530200701,공시,https://dart.fss.or.kr/dsaf001/main.do?rcpNo=20210817002070,5
KT&G,033780,2021Q2,2021-06-30,분기말 총자본(자기자본),9054801712917,공시,https://dart.fss.or.kr/dsaf001/main.do?rcpNo=20210817002070,5
KT&G,033780,2021Q2,2021-06-30,분기별 매출액,1346452430096,공시,https://dart.fss.or.kr/dsaf001/main.do?rcpNo=20210817002070,5
KT&G,033780,2021Q2,2021-06-30,분기별 영업이익,330136877987,공시,https://dart.fss.or.kr/dsaf001/main.do?rcpNo=20210817002070,5
KT&G,033780,2021Q2,2021-06-30,분기별 당기순이익(지배),248433714501,공시,https://dart.fss.or.kr/dsaf001/main.do?rcpNo=20210817002070,5
KT&G,033780,2021Q2,2021-06-30,분기별 영업활동현금흐름,268513726219,계산(누적차감),https://dart.fss.or.kr/dsaf001/main.do?rcpNo=20210817002070 ; https://dart.fss.or.kr/dsaf001/main.do?rcpNo=20210517002118,5
KT&G,033780,2021Q2,2021-06-30,분기말 지배지분 자본,9003114229703,공시,https://dart.fss.or.kr/dsaf001/main.do?rcpNo=20210817002070,5
KT&G,033780,2021Q2,2021-06-30,분기말 종가,84400,API,https://apis.data.go.kr/1160100/GetStockSecuritiesInfoService_V2/getStockPriceInfo_V2?basDt=20210630&likeSrtnCd=033780 (serviceKey 제외),5
KT&G,033780,2021Q2,2021-06-30,분기말 상장주식수,137292497,API,https://apis.data.go.kr/1160100/GetStockSecuritiesInfoService_V2/getStockPriceInfo_V2?basDt=20210630&likeSrtnCd=033780 (serviceKey 제외),5
KT&G,033780,2021Q2,2021-06-30,분기말 시가총액,11587486746800,API,https://apis.data.go.kr/1160100/GetStockSecuritiesInfoService_V2/getStockPriceInfo_V2?basDt=20210630&likeSrtnCd=033780 (serviceKey 제외),5
KT&G,033780,2021Q3,2021-09-30,분기말 자산총계,11949304819219,공시,https://dart.fss.or.kr/dsaf001/main.do?rcpNo=20211115002253,5
KT&G,033780,2021Q3,2021-09-30,분기말 부채총계,2524414534325,공시,https://dart.fss.or.kr/dsaf001/main.do?rcpNo=20211115002253,5
KT&G,033780,2021Q3,2021-09-30,분기말 총자본(자기자본),9424890284894,공시,https://dart.fss.or.kr/dsaf001/main.do?rcpNo=20211115002253,5
KT&G,033780,2021Q3,2021-09-30,분기별 매출액,1568447860503,공시,https://dart.fss.or.kr/dsaf001/main.do?rcpNo=20211115002253,5
KT&G,033780,2021Q3,2021-09-30,분기별 영업이익,423900122350,공시,https://dart.fss.or.kr/dsaf001/main.do?rcpNo=20211115002253,5
KT&G,033780,2021Q3,2021-09-30,분기별 당기순이익(지배),361365752050,공시,https://dart.fss.or.kr/dsaf001/main.do?rcpNo=20211115002253,5
KT&G,033780,2021Q3,2021-09-30,분기별 영업활동현금흐름,798174503388,계산(누적차감),https://dart.fss.or.kr/dsaf001/main.do?rcpNo=20211115002253 ; https://dart.fss.or.kr/dsaf001/main.do?rcpNo=20210817002070,5
KT&G,033780,2021Q3,2021-09-30,분기말 지배지분 자본,9374993066655,공시,https://dart.fss.or.kr/dsaf001/main.do?rcpNo=20211115002253,5
KT&G,033780,2021Q3,2021-09-30,분기말 종가,81200,API,https://apis.data.go.kr/1160100/GetStockSecuritiesInfoService_V2/getStockPriceInfo_V2?basDt=20210930&likeSrtnCd=033780 (serviceKey 제외),5
KT&G,033780,2021Q3,2021-09-30,분기말 상장주식수,137292497,API,https://apis.data.go.kr/1160100/GetStockSecuritiesInfoService_V2/getStockPriceInfo_V2?basDt=20210930&likeSrtnCd=033780 (serviceKey 제외),5
KT&G,033780,2021Q3,2021-09-30,분기말 시가총액,11148150756400,API,https://apis.data.go.kr/1160100/GetStockSecuritiesInfoService_V2/getStockPriceInfo_V2?basDt=20210930&likeSrtnCd=033780 (serviceKey 제외),5
KT&G,033780,2021Q4,2021-12-31,분기말 자산총계,11637271194200,공시,https://dart.fss.or.kr/dsaf001/main.do?rcpNo=20220321001014,5
KT&G,033780,2021Q4,2021-12-31,분기말 부채총계,2428409041148,공시,https://dart.fss.or.kr/dsaf001/main.do?rcpNo=20220321001014,5
KT&G,033780,2021Q4,2021-12-31,분기말 총자본(자기자본),9208862153052,공시,https://dart.fss.or.kr/dsaf001/main.do?rcpNo=20220321001014,5
KT&G,033780,2021Q4,2021-12-31,분기별 매출액,1049550052076,계산(연간-3분기누적),https://dart.fss.or.kr/dsaf001/main.do?rcpNo=20220321001014 ; https://dart.fss.or.kr/dsaf001/main.do?rcpNo=20211115002253,5
KT&G,033780,2021Q4,2021-12-31,분기별 영업이익,266664530841,계산(연간-3분기누적),https://dart.fss.or.kr/dsaf001/main.do?rcpNo=20220321001014 ; https://dart.fss.or.kr/dsaf001/main.do?rcpNo=20211115002253,5
KT&G,033780,2021Q4,2021-12-31,분기별 당기순이익(지배),93970241154,계산(연간-3분기누적),https://dart.fss.or.kr/dsaf001/main.do?rcpNo=20220321001014 ; https://dart.fss.or.kr/dsaf001/main.do?rcpNo=20211115002253,5
KT&G,033780,2021Q4,2021-12-31,분기별 영업활동현금흐름,215927778823,계산(누적차감),https://dart.fss.or.kr/dsaf001/main.do?rcpNo=20220321001014 ; https://dart.fss.or.kr/dsaf001/main.do?rcpNo=20211115002253,5
KT&G,033780,2021Q4,2021-12-31,분기말 지배지분 자본,9158786200927,공시,https://dart.fss.or.kr/dsaf001/main.do?rcpNo=20220321001014,5
KT&G,033780,2021Q4,2021-12-30,분기말 종가,79000,API,https://apis.data.go.kr/1160100/GetStockSecuritiesInfoService_V2/getStockPriceInfo_V2?basDt=20211230&likeSrtnCd=033780 (serviceKey 제외),5
KT&G,033780,2021Q4,2021-12-30,분기말 상장주식수,137292497,API,https://apis.data.go.kr/1160100/GetStockSecuritiesInfoService_V2/getStockPriceInfo_V2?basDt=20211230&likeSrtnCd=033780 (serviceKey 제외),5
KT&G,033780,2021Q4,2021-12-30,분기말 시가총액,10846107263000,API,https://apis.data.go.kr/1160100/GetStockSecuritiesInfoService_V2/getStockPriceInfo_V2?basDt=20211230&likeSrtnCd=033780 (serviceKey 제외),5
KT&G,033780,2022Q1,2022-03-31,분기말 자산총계,11811961788720,공시,https://dart.fss.or.kr/dsaf001/main.do?rcpNo=20220516002604,5
KT&G,033780,2022Q1,2022-03-31,분기말 부채총계,2898910677066,공시,https://dart.fss.or.kr/dsaf001/main.do?rcpNo=20220516002604,5
KT&G,033780,2022Q1,2022-03-31,분기말 총자본(자기자본),8913051111654,공시,https://dart.fss.or.kr/dsaf001/main.do?rcpNo=20220516002604,5
KT&G,033780,2022Q1,2022-03-31,분기별 매출액,1402567495582,공시,https://dart.fss.or.kr/dsaf001/main.do?rcpNo=20220516002604,5
KT&G,033780,2022Q1,2022-03-31,분기별 영업이익,333006974084,공시,https://dart.fss.or.kr/dsaf001/main.do?rcpNo=20220516002604,5
KT&G,033780,2022Q1,2022-03-31,분기별 당기순이익(지배),264067286318,공시,https://dart.fss.or.kr/dsaf001/main.do?rcpNo=20220516002604,5
KT&G,033780,2022Q1,2022-03-31,분기별 영업활동현금흐름,202848888441,공시,https://dart.fss.or.kr/dsaf001/main.do?rcpNo=20220516002604,5
KT&G,033780,2022Q1,2022-03-31,분기말 지배지분 자본,8863674147617,공시,https://dart.fss.or.kr/dsaf001/main.do?rcpNo=20220516002604,5
KT&G,033780,2022Q1,2022-03-31,분기말 종가,80700,API,https://apis.data.go.kr/1160100/GetStockSecuritiesInfoService_V2/getStockPriceInfo_V2?basDt=20220331&likeSrtnCd=033780 (serviceKey 제외),5
KT&G,033780,2022Q1,2022-03-31,분기말 상장주식수,137292497,API,https://apis.data.go.kr/1160100/GetStockSecuritiesInfoService_V2/getStockPriceInfo_V2?basDt=20220331&likeSrtnCd=033780 (serviceKey 제외),5
KT&G,033780,2022Q1,2022-03-31,분기말 시가총액,11079504507900,API,https://apis.data.go.kr/1160100/GetStockSecuritiesInfoService_V2/getStockPriceInfo_V2?basDt=20220331&likeSrtnCd=033780 (serviceKey 제외),5
KT&G,033780,2022Q2,2022-06-30,분기말 자산총계,11928612367331,공시,https://dart.fss.or.kr/dsaf001/main.do?rcpNo=20220816002478,5
KT&G,033780,2022Q2,2022-06-30,분기말 부채총계,2630001290464,공시,https://dart.fss.or.kr/dsaf001/main.do?rcpNo=20220816002478,5
KT&G,033780,2022Q2,2022-06-30,분기말 총자본(자기자본),9298611076867,공시,https://dart.fss.or.kr/dsaf001/main.do?rcpNo=20220816002478,5
KT&G,033780,2022Q2,2022-06-30,분기별 매출액,1417499092398,공시,https://dart.fss.or.kr/dsaf001/main.do?rcpNo=20220816002478,5
KT&G,033780,2022Q2,2022-06-30,분기별 영업이익,327629159837,공시,https://dart.fss.or.kr/dsaf001/main.do?rcpNo=20220816002478,5
KT&G,033780,2022Q2,2022-06-30,분기별 당기순이익(지배),339538225359,공시,https://dart.fss.or.kr/dsaf001/main.do?rcpNo=20220816002478,5
KT&G,033780,2022Q2,2022-06-30,분기별 영업활동현금흐름,439057337760,계산(누적차감),https://dart.fss.or.kr/dsaf001/main.do?rcpNo=20220816002478 ; https://dart.fss.or.kr/dsaf001/main.do?rcpNo=20220516002604,5
KT&G,033780,2022Q2,2022-06-30,분기말 지배지분 자본,9249930895921,공시,https://dart.fss.or.kr/dsaf001/main.do?rcpNo=20220816002478,5
KT&G,033780,2022Q2,2022-06-30,분기말 종가,82200,API,https://apis.data.go.kr/1160100/GetStockSecuritiesInfoService_V2/getStockPriceInfo_V2?basDt=20220630&likeSrtnCd=033780 (serviceKey 제외),5
KT&G,033780,2022Q2,2022-06-30,분기말 상장주식수,137292497,API,https://apis.data.go.kr/1160100/GetStockSecuritiesInfoService_V2/getStockPriceInfo_V2?basDt=20220630&likeSrtnCd=033780 (serviceKey 제외),5
KT&G,033780,2022Q2,2022-06-30,분기말 시가총액,11285443253400,API,https://apis.data.go.kr/1160100/GetStockSecuritiesInfoService_V2/getStockPriceInfo_V2?basDt=20220630&likeSrtnCd=033780 (serviceKey 제외),5
KT&G,033780,2022Q3,2022-09-30,분기말 자산총계,12631157695637,공시,https://dart.fss.or.kr/dsaf001/main.do?rcpNo=20221114002553,5
KT&G,033780,2022Q3,2022-09-30,분기말 부채총계,2844196056962,공시,https://dart.fss.or.kr/dsaf001/main.do?rcpNo=20221114002553,5
KT&G,033780,2022Q3,2022-09-30,분기말 총자본(자기자본),9786961638675,공시,https://dart.fss.or.kr/dsaf001/main.do?rcpNo=20221114002553,5
KT&G,033780,2022Q3,2022-09-30,분기별 매출액,1624596549580,공시,https://dart.fss.or.kr/dsaf001/main.do?rcpNo=20221114002553,5
KT&G,033780,2022Q3,2022-09-30,분기별 영업이익,405611447604,공시,https://dart.fss.or.kr/dsaf001/main.do?rcpNo=20221114002553,5
KT&G,033780,2022Q3,2022-09-30,분기별 당기순이익(지배),464128507806,공시,https://dart.fss.or.kr/dsaf001/main.do?rcpNo=20221114002553,5
KT&G,033780,2022Q3,2022-09-30,분기별 영업활동현금흐름,106641305438,계산(누적차감),https://dart.fss.or.kr/dsaf001/main.do?rcpNo=20221114002553 ; https://dart.fss.or.kr/dsaf001/main.do?rcpNo=20220816002478,5
KT&G,033780,2022Q3,2022-09-30,분기말 지배지분 자본,9739276097316,공시,https://dart.fss.or.kr/dsaf001/main.do?rcpNo=20221114002553,5
KT&G,033780,2022Q3,2022-09-30,분기말 종가,86600,API,https://apis.data.go.kr/1160100/GetStockSecuritiesInfoService_V2/getStockPriceInfo_V2?basDt=20220930&likeSrtnCd=033780 (serviceKey 제외),5
KT&G,033780,2022Q3,2022-09-30,분기말 상장주식수,137292497,API,https://apis.data.go.kr/1160100/GetStockSecuritiesInfoService_V2/getStockPriceInfo_V2?basDt=20220930&likeSrtnCd=033780 (serviceKey 제외),5
KT&G,033780,2022Q3,2022-09-30,분기말 시가총액,11889530240200,API,https://apis.data.go.kr/1160100/GetStockSecuritiesInfoService_V2/getStockPriceInfo_V2?basDt=20220930&likeSrtnCd=033780 (serviceKey 제외),5
KT&G,033780,2022Q4,2022-12-31,분기말 자산총계,12301715783797,공시,https://dart.fss.or.kr/dsaf001/main.do?rcpNo=20230320001005,5
KT&G,033780,2022Q4,2022-12-31,분기말 부채총계,2943135752405,공시,https://dart.fss.or.kr/dsaf001/main.do?rcpNo=20230320001005,5
KT&G,033780,2022Q4,2022-12-31,분기말 총자본(자기자본),9358580031392,공시,https://dart.fss.or.kr/dsaf001/main.do?rcpNo=20230320001005,5
KT&G,033780,2022Q4,2022-12-31,분기별 매출액,1406743230257,계산(연간-3분기누적),https://dart.fss.or.kr/dsaf001/main.do?rcpNo=20230320001005 ; https://dart.fss.or.kr/dsaf001/main.do?rcpNo=20221114002553,5
KT&G,033780,2022Q4,2022-12-31,분기별 영업이익,201402386202,계산(연간-3분기누적),https://dart.fss.or.kr/dsaf001/main.do?rcpNo=20230320001005 ; https://dart.fss.or.kr/dsaf001/main.do?rcpNo=20221114002553,5
KT&G,033780,2022Q4,2022-12-31,분기별 당기순이익(지배),-51949187310,계산(연간-3분기누적),https://dart.fss.or.kr/dsaf001/main.do?rcpNo=20230320001005 ; https://dart.fss.or.kr/dsaf001/main.do?rcpNo=20221114002553,5
KT&G,033780,2022Q4,2022-12-31,분기별 영업활동현금흐름,139339075352,계산(누적차감),https://dart.fss.or.kr/dsaf001/main.do?rcpNo=20230320001005 ; https://dart.fss.or.kr/dsaf001/main.do?rcpNo=20221114002553,5
KT&G,033780,2022Q4,2022-12-31,분기말 지배지분 자본,9315644398676,공시,https://dart.fss.or.kr/dsaf001/main.do?rcpNo=20230320001005,5
KT&G,033780,2022Q4,2022-12-29,분기말 종가,91500,API,https://apis.data.go.kr/1160100/GetStockSecuritiesInfoService_V2/getStockPriceInfo_V2?basDt=20221229&likeSrtnCd=033780 (serviceKey 제외),5
KT&G,033780,2022Q4,2022-12-29,분기말 상장주식수,137292497,API,https://apis.data.go.kr/1160100/GetStockSecuritiesInfoService_V2/getStockPriceInfo_V2?basDt=20221229&likeSrtnCd=033780 (serviceKey 제외),5
KT&G,033780,2022Q4,2022-12-29,분기말 시가총액,12562263475500,API,https://apis.data.go.kr/1160100/GetStockSecuritiesInfoService_V2/getStockPriceInfo_V2?basDt=20221229&likeSrtnCd=033780 (serviceKey 제외),5
KT&G,033780,2023Q1,2023-03-31,분기말 자산총계,12401693006439,공시,https://dart.fss.or.kr/dsaf001/main.do?rcpNo=20230515002645,5
KT&G,033780,2023Q1,2023-03-31,분기말 부채총계,3272737307378,공시,https://dart.fss.or.kr/dsaf001/main.do?rcpNo=20230515002645,5
KT&G,033780,2023Q1,2023-03-31,분기말 총자본(자기자본),9128955699061,공시,https://dart.fss.or.kr/dsaf001/main.do?rcpNo=20230515002645,5
KT&G,033780,2023Q1,2023-03-31,분기별 매출액,1395670180002,공시,https://dart.fss.or.kr/dsaf001/main.do?rcpNo=20230515002645,5
KT&G,033780,2023Q1,2023-03-31,분기별 영업이익,316546520948,공시,https://dart.fss.or.kr/dsaf001/main.do?rcpNo=20230515002645,5
KT&G,033780,2023Q1,2023-03-31,분기별 당기순이익(지배),270501849264,공시,https://dart.fss.or.kr/dsaf001/main.do?rcpNo=20230515002645,5
KT&G,033780,2023Q1,2023-03-31,분기별 영업활동현금흐름,-150420585896,공시,https://dart.fss.or.kr/dsaf001/main.do?rcpNo=20230515002645,5
KT&G,033780,2023Q1,2023-03-31,분기말 지배지분 자본,9024398432967,공시,https://dart.fss.or.kr/dsaf001/main.do?rcpNo=20230515002645,5
KT&G,033780,2023Q1,2023-03-31,분기말 종가,83900,API,https://apis.data.go.kr/1160100/GetStockSecuritiesInfoService_V2/getStockPriceInfo_V2?basDt=20230331&likeSrtnCd=033780 (serviceKey 제외),5
KT&G,033780,2023Q1,2023-03-31,분기말 상장주식수,137292497,API,https://apis.data.go.kr/1160100/GetStockSecuritiesInfoService_V2/getStockPriceInfo_V2?basDt=20230331&likeSrtnCd=033780 (serviceKey 제외),5
KT&G,033780,2023Q1,2023-03-31,분기말 시가총액,11518840498300,API,https://apis.data.go.kr/1160100/GetStockSecuritiesInfoService_V2/getStockPriceInfo_V2?basDt=20230331&likeSrtnCd=033780 (serviceKey 제외),5
KT&G,033780,2023Q2,2023-06-30,분기말 자산총계,12131322274176,공시,https://dart.fss.or.kr/dsaf001/main.do?rcpNo=20230811002600,5
KT&G,033780,2023Q2,2023-06-30,분기말 부채총계,2840495832239,공시,https://dart.fss.or.kr/dsaf001/main.do?rcpNo=20230811002600,5
KT&G,033780,2023Q2,2023-06-30,분기말 총자본(자기자본),9290826441937,공시,https://dart.fss.or.kr/dsaf001/main.do?rcpNo=20230811002600,5
KT&G,033780,2023Q2,2023-06-30,분기별 매출액,1335994924072,공시,https://dart.fss.or.kr/dsaf001/main.do?rcpNo=20230811002600,5
KT&G,033780,2023Q2,2023-06-30,분기별 영업이익,246106120624,공시,https://dart.fss.or.kr/dsaf001/main.do?rcpNo=20230811002600,5
KT&G,033780,2023Q2,2023-06-30,분기별 당기순이익(지배),200798310177,공시,https://dart.fss.or.kr/dsaf001/main.do?rcpNo=20230811002600,5
KT&G,033780,2023Q2,2023-06-30,분기별 영업활동현금흐름,282151771847,계산(누적차감),https://dart.fss.or.kr/dsaf001/main.do?rcpNo=20230811002600 ; https://dart.fss.or.kr/dsaf001/main.do?rcpNo=20230515002645,5
KT&G,033780,2023Q2,2023-06-30,분기말 지배지분 자본,9192874025889,공시,https://dart.fss.or.kr/dsaf001/main.do?rcpNo=20230811002600,5
KT&G,033780,2023Q2,2023-06-30,분기말 종가,82800,API,https://apis.data.go.kr/1160100/GetStockSecuritiesInfoService_V2/getStockPriceInfo_V2?basDt=20230630&likeSrtnCd=033780 (serviceKey 제외),5
KT&G,033780,2023Q2,2023-06-30,분기말 상장주식수,137292497,API,https://apis.data.go.kr/1160100/GetStockSecuritiesInfoService_V2/getStockPriceInfo_V2?basDt=20230630&likeSrtnCd=033780 (serviceKey 제외),5
KT&G,033780,2023Q2,2023-06-30,분기말 시가총액,11367818751600,API,https://apis.data.go.kr/1160100/GetStockSecuritiesInfoService_V2/getStockPriceInfo_V2?basDt=20230630&likeSrtnCd=033780 (serviceKey 제외),5
KT&G,033780,2023Q3,2023-09-30,분기말 자산총계,12929379975652,공시,https://dart.fss.or.kr/dsaf001/main.do?rcpNo=20231114002901,5
KT&G,033780,2023Q3,2023-09-30,분기말 부채총계,3735457674317,공시,https://dart.fss.or.kr/dsaf001/main.do?rcpNo=20231114002901,5
KT&G,033780,2023Q3,2023-09-30,분기말 총자본(자기자본),9193922301335,공시,https://dart.fss.or.kr/dsaf001/main.do?rcpNo=20231114002901,5
KT&G,033780,2023Q3,2023-09-30,분기별 매출액,1689509561552,공시,https://dart.fss.or.kr/dsaf001/main.do?rcpNo=20231114002901,5
KT&G,033780,2023Q3,2023-09-30,분기별 영업이익,406717127965,공시,https://dart.fss.or.kr/dsaf001/main.do?rcpNo=20231114002901,5
KT&G,033780,2023Q3,2023-09-30,분기별 당기순이익(지배),313843284560,공시,https://dart.fss.or.kr/dsaf001/main.do?rcpNo=20231114002901,5
KT&G,033780,2023Q3,2023-09-30,분기별 영업활동현금흐름,764382853770,계산(누적차감),https://dart.fss.or.kr/dsaf001/main.do?rcpNo=20231114002901 ; https://dart.fss.or.kr/dsaf001/main.do?rcpNo=20230811002600,5
KT&G,033780,2023Q3,2023-09-30,분기말 지배지분 자본,9076511879794,공시,https://dart.fss.or.kr/dsaf001/main.do?rcpNo=20231114002901,5
KT&G,033780,2023Q3,2023-09-27,분기말 종가,86300,API,https://apis.data.go.kr/1160100/GetStockSecuritiesInfoService_V2/getStockPriceInfo_V2?basDt=20230927&likeSrtnCd=033780 (serviceKey 제외),5
KT&G,033780,2023Q3,2023-09-27,분기말 상장주식수,137292497,API,https://apis.data.go.kr/1160100/GetStockSecuritiesInfoService_V2/getStockPriceInfo_V2?basDt=20230927&likeSrtnCd=033780 (serviceKey 제외),5
KT&G,033780,2023Q3,2023-09-27,분기말 시가총액,11848342491100,API,https://apis.data.go.kr/1160100/GetStockSecuritiesInfoService_V2/getStockPriceInfo_V2?basDt=20230927&likeSrtnCd=033780 (serviceKey 제외),5
KT&G,033780,2023Q4,2023-12-31,분기말 자산총계,12772452000000,공시,https://dart.fss.or.kr/dsaf001/main.do?rcpNo=20240320001212,5
KT&G,033780,2023Q4,2023-12-31,분기말 부채총계,3477517000000,공시,https://dart.fss.or.kr/dsaf001/main.do?rcpNo=20240320001212,5
KT&G,033780,2023Q4,2023-12-31,분기말 총자본(자기자본),9294935000000,공시,https://dart.fss.or.kr/dsaf001/main.do?rcpNo=20240320001212,5
KT&G,033780,2023Q4,2023-12-31,분기별 매출액,1441433334374,계산(연간-3분기누적),https://dart.fss.or.kr/dsaf001/main.do?rcpNo=20240320001212 ; https://dart.fss.or.kr/dsaf001/main.do?rcpNo=20231114002901,5
KT&G,033780,2023Q4,2023-12-31,분기별 영업이익,197966230463,계산(연간-3분기누적),https://dart.fss.or.kr/dsaf001/main.do?rcpNo=20240320001212 ; https://dart.fss.or.kr/dsaf001/main.do?rcpNo=20231114002901,5
KT&G,033780,2023Q4,2023-12-31,분기별 당기순이익(지배),117518555999,계산(연간-3분기누적),https://dart.fss.or.kr/dsaf001/main.do?rcpNo=20240320001212 ; https://dart.fss.or.kr/dsaf001/main.do?rcpNo=20231114002901,5
KT&G,033780,2023Q4,2023-12-31,분기별 영업활동현금흐름,369878960279,계산(누적차감),https://dart.fss.or.kr/dsaf001/main.do?rcpNo=20240320001212 ; https://dart.fss.or.kr/dsaf001/main.do?rcpNo=20231114002901,5
KT&G,033780,2023Q4,2023-12-31,분기말 지배지분 자본,9174405000000,공시,https://dart.fss.or.kr/dsaf001/main.do?rcpNo=20240320001212,5
KT&G,033780,2023Q4,2023-12-28,분기말 종가,86900,API,https://apis.data.go.kr/1160100/GetStockSecuritiesInfoService_V2/getStockPriceInfo_V2?basDt=20231228&likeSrtnCd=033780 (serviceKey 제외),5
KT&G,033780,2023Q4,2023-12-28,분기말 상장주식수,133822497,API,https://apis.data.go.kr/1160100/GetStockSecuritiesInfoService_V2/getStockPriceInfo_V2?basDt=20231228&likeSrtnCd=033780 (serviceKey 제외),5
KT&G,033780,2023Q4,2023-12-28,분기말 시가총액,11629174989300,API,https://apis.data.go.kr/1160100/GetStockSecuritiesInfoService_V2/getStockPriceInfo_V2?basDt=20231228&likeSrtnCd=033780 (serviceKey 제외),5
KT&G,033780,2024Q1,2024-03-31,분기말 자산총계,13215304000000,공시,https://dart.fss.or.kr/dsaf001/main.do?rcpNo=20240516002242,5
KT&G,033780,2024Q1,2024-03-31,분기말 부채총계,4071812000000,공시,https://dart.fss.or.kr/dsaf001/main.do?rcpNo=20240516002242,5
KT&G,033780,2024Q1,2024-03-31,분기말 총자본(자기자본),9143492000000,공시,https://dart.fss.or.kr/dsaf001/main.do?rcpNo=20240516002242,5
KT&G,033780,2024Q1,2024-03-31,분기별 매출액,1292261000000,공시,https://dart.fss.or.kr/dsaf001/main.do?rcpNo=20240516002242,5
KT&G,033780,2024Q1,2024-03-31,분기별 영업이익,236570000000,공시,https://dart.fss.or.kr/dsaf001/main.do?rcpNo=20240516002242,5
KT&G,033780,2024Q1,2024-03-31,분기별 당기순이익(지배),286346000000,공시,https://dart.fss.or.kr/dsaf001/main.do?rcpNo=20240516002242,5
KT&G,033780,2024Q1,2024-03-31,분기별 영업활동현금흐름,347187000000,공시,https://dart.fss.or.kr/dsaf001/main.do?rcpNo=20240516002242,5
KT&G,033780,2024Q1,2024-03-31,분기말 지배지분 자본,9023687000000,공시,https://dart.fss.or.kr/dsaf001/main.do?rcpNo=20240516002242,5
KT&G,033780,2024Q1,2024-03-29,분기말 종가,93500,API,https://apis.data.go.kr/1160100/GetStockSecuritiesInfoService_V2/getStockPriceInfo_V2?basDt=20240329&likeSrtnCd=033780 (serviceKey 제외),5
KT&G,033780,2024Q1,2024-03-29,분기말 상장주식수,130322497,API,https://apis.data.go.kr/1160100/GetStockSecuritiesInfoService_V2/getStockPriceInfo_V2?basDt=20240329&likeSrtnCd=033780 (serviceKey 제외),5
KT&G,033780,2024Q1,2024-03-29,분기말 시가총액,12185153469500,API,https://apis.data.go.kr/1160100/GetStockSecuritiesInfoService_V2/getStockPriceInfo_V2?basDt=20240329&likeSrtnCd=033780 (serviceKey 제외),5
KT&G,033780,2024Q2,2024-06-30,분기말 자산총계,13545550000000,공시,https://dart.fss.or.kr/dsaf001/main.do?rcpNo=20240814004243,5
KT&G,033780,2024Q2,2024-06-30,분기말 부채총계,4056465000000,공시,https://dart.fss.or.kr/dsaf001/main.do?rcpNo=20240814004243,5
KT&G,033780,2024Q2,2024-06-30,분기말 총자본(자기자본),9489085000000,공시,https://dart.fss.or.kr/dsaf001/main.do?rcpNo=20240814004243,5
KT&G,033780,2024Q2,2024-06-30,분기별 매출액,1423774000000,공시,https://dart.fss.or.kr/dsaf001/main.do?rcpNo=20240814004243,5
KT&G,033780,2024Q2,2024-06-30,분기별 영업이익,321993000000,공시,https://dart.fss.or.kr/dsaf001/main.do?rcpNo=20240814004243,5
KT&G,033780,2024Q2,2024-06-30,분기별 당기순이익(지배),312836000000,공시,https://dart.fss.or.kr/dsaf001/main.do?rcpNo=20240814004243,5
KT&G,033780,2024Q2,2024-06-30,분기별 영업활동현금흐름,206496000000,계산(누적차감),https://dart.fss.or.kr/dsaf001/main.do?rcpNo=20240814004243 ; https://dart.fss.or.kr/dsaf001/main.do?rcpNo=20240516002242,5
KT&G,033780,2024Q2,2024-06-30,분기말 지배지분 자본,9369345000000,공시,https://dart.fss.or.kr/dsaf001/main.do?rcpNo=20240814004243,5
KT&G,033780,2024Q2,2024-06-28,분기말 종가,88200,API,https://apis.data.go.kr/1160100/GetStockSecuritiesInfoService_V2/getStockPriceInfo_V2?basDt=20240628&likeSrtnCd=033780 (serviceKey 제외),5
KT&G,033780,2024Q2,2024-06-28,분기말 상장주식수,130322497,API,https://apis.data.go.kr/1160100/GetStockSecuritiesInfoService_V2/getStockPriceInfo_V2?basDt=20240628&likeSrtnCd=033780 (serviceKey 제외),5
KT&G,033780,2024Q2,2024-06-28,분기말 시가총액,11494444235400,API,https://apis.data.go.kr/1160100/GetStockSecuritiesInfoService_V2/getStockPriceInfo_V2?basDt=20240628&likeSrtnCd=033780 (serviceKey 제외),5
KT&G,033780,2024Q3,2024-09-30,분기말 자산총계,13492606000000,공시,https://dart.fss.or.kr/dsaf001/main.do?rcpNo=20241114002373,5
KT&G,033780,2024Q3,2024-09-30,분기말 부채총계,4248937000000,공시,https://dart.fss.or.kr/dsaf001/main.do?rcpNo=20241114002373,5
KT&G,033780,2024Q3,2024-09-30,분기말 총자본(자기자본),9243669000000,공시,https://dart.fss.or.kr/dsaf001/main.do?rcpNo=20241114002373,5
KT&G,033780,2024Q3,2024-09-30,분기별 매출액,1636347000000,공시,https://dart.fss.or.kr/dsaf001/main.do?rcpNo=20241114002373,5
KT&G,033780,2024Q3,2024-09-30,분기별 영업이익,417750000000,공시,https://dart.fss.or.kr/dsaf001/main.do?rcpNo=20241114002373,5
KT&G,033780,2024Q3,2024-09-30,분기별 당기순이익(지배),241243000000,공시,https://dart.fss.or.kr/dsaf001/main.do?rcpNo=20241114002373,5
KT&G,033780,2024Q3,2024-09-30,분기별 영업활동현금흐름,361435000000,계산(누적차감),https://dart.fss.or.kr/dsaf001/main.do?rcpNo=20241114002373 ; https://dart.fss.or.kr/dsaf001/main.do?rcpNo=20240814004243,5
KT&G,033780,2024Q3,2024-09-30,분기말 지배지분 자본,9123664000000,공시,https://dart.fss.or.kr/dsaf001/main.do?rcpNo=20241114002373,5
KT&G,033780,2024Q3,2024-09-30,분기말 종가,108900,API,https://apis.data.go.kr/1160100/GetStockSecuritiesInfoService_V2/getStockPriceInfo_V2?basDt=20240930&likeSrtnCd=033780 (serviceKey 제외),5
KT&G,033780,2024Q3,2024-09-30,분기말 상장주식수,130322497,API,https://apis.data.go.kr/1160100/GetStockSecuritiesInfoService_V2/getStockPriceInfo_V2?basDt=20240930&likeSrtnCd=033780 (serviceKey 제외),5
KT&G,033780,2024Q3,2024-09-30,분기말 시가총액,14192119923300,API,https://apis.data.go.kr/1160100/GetStockSecuritiesInfoService_V2/getStockPriceInfo_V2?basDt=20240930&likeSrtnCd=033780 (serviceKey 제외),5
KT&G,033780,2024Q4,2024-12-31,분기말 자산총계,13925237000000,공시,https://dart.fss.or.kr/dsaf001/main.do?rcpNo=20250318001223,5
KT&G,033780,2024Q4,2024-12-31,분기말 부채총계,4566772000000,공시,https://dart.fss.or.kr/dsaf001/main.do?rcpNo=20250318001223,5
KT&G,033780,2024Q4,2024-12-31,분기말 총자본(자기자본),9358465000000,공시,https://dart.fss.or.kr/dsaf001/main.do?rcpNo=20250318001223,5
KT&G,033780,2024Q4,2024-12-31,분기별 매출액,1556410000000,계산(연간-3분기누적),https://dart.fss.or.kr/dsaf001/main.do?rcpNo=20250318001223 ; https://dart.fss.or.kr/dsaf001/main.do?rcpNo=20241114002373,5
KT&G,033780,2024Q4,2024-12-31,분기별 영업이익,212501000000,계산(연간-3분기누적),https://dart.fss.or.kr/dsaf001/main.do?rcpNo=20250318001223 ; https://dart.fss.or.kr/dsaf001/main.do?rcpNo=20241114002373,5
KT&G,033780,2024Q4,2024-12-31,분기별 당기순이익(지배),325302000000,계산(연간-3분기누적),https://dart.fss.or.kr/dsaf001/main.do?rcpNo=20250318001223 ; https://dart.fss.or.kr/dsaf001/main.do?rcpNo=20241114002373,5
KT&G,033780,2024Q4,2024-12-31,분기별 영업활동현금흐름,-92843000000,계산(누적차감),https://dart.fss.or.kr/dsaf001/main.do?rcpNo=20250318001223 ; https://dart.fss.or.kr/dsaf001/main.do?rcpNo=20241114002373,5
KT&G,033780,2024Q4,2024-12-31,분기말 지배지분 자본,9239171000000,공시,https://dart.fss.or.kr/dsaf001/main.do?rcpNo=20250318001223,5
KT&G,033780,2024Q4,2024-12-30,분기말 종가,107100,API,https://apis.data.go.kr/1160100/GetStockSecuritiesInfoService_V2/getStockPriceInfo_V2?basDt=20241230&likeSrtnCd=033780 (serviceKey 제외),5
KT&G,033780,2024Q4,2024-12-30,분기말 상장주식수,125362497,API,https://apis.data.go.kr/1160100/GetStockSecuritiesInfoService_V2/getStockPriceInfo_V2?basDt=20241230&likeSrtnCd=033780 (serviceKey 제외),5
KT&G,033780,2024Q4,2024-12-30,분기말 시가총액,13426323428700,API,https://apis.data.go.kr/1160100/GetStockSecuritiesInfoService_V2/getStockPriceInfo_V2?basDt=20241230&likeSrtnCd=033780 (serviceKey 제외),5
KT&G,033780,2025Q1,2025-03-31,분기말 자산총계,14067378000000,공시,https://dart.fss.or.kr/dsaf001/main.do?rcpNo=20250515002949,5
KT&G,033780,2025Q1,2025-03-31,분기말 부채총계,4879801000000,공시,https://dart.fss.or.kr/dsaf001/main.do?rcpNo=20250515002949,5
KT&G,033780,2025Q1,2025-03-31,분기말 총자본(자기자본),9187577000000,공시,https://dart.fss.or.kr/dsaf001/main.do?rcpNo=20250515002949,5
KT&G,033780,2025Q1,2025-03-31,분기별 매출액,1491108000000,공시,https://dart.fss.or.kr/dsaf001/main.do?rcpNo=20250515002949,5
KT&G,033780,2025Q1,2025-03-31,분기별 영업이익,285560000000,공시,https://dart.fss.or.kr/dsaf001/main.do?rcpNo=20250515002949,5
KT&G,033780,2025Q1,2025-03-31,분기별 당기순이익(지배),255616000000,공시,https://dart.fss.or.kr/dsaf001/main.do?rcpNo=20250515002949,5
KT&G,033780,2025Q1,2025-03-31,분기별 영업활동현금흐름,99708000000,공시,https://dart.fss.or.kr/dsaf001/main.do?rcpNo=20250515002949,5
KT&G,033780,2025Q1,2025-03-31,분기말 지배지분 자본,9065952000000,공시,https://dart.fss.or.kr/dsaf001/main.do?rcpNo=20250515002949,5
KT&G,033780,2025Q1,2025-03-31,분기말 종가,101100,API,https://apis.data.go.kr/1160100/GetStockSecuritiesInfoService_V2/getStockPriceInfo_V2?basDt=20250331&likeSrtnCd=033780 (serviceKey 제외),5
KT&G,033780,2025Q1,2025-03-31,분기말 상장주식수,122062497,API,https://apis.data.go.kr/1160100/GetStockSecuritiesInfoService_V2/getStockPriceInfo_V2?basDt=20250331&likeSrtnCd=033780 (serviceKey 제외),5
KT&G,033780,2025Q1,2025-03-31,분기말 시가총액,12340518446700,API,https://apis.data.go.kr/1160100/GetStockSecuritiesInfoService_V2/getStockPriceInfo_V2?basDt=20250331&likeSrtnCd=033780 (serviceKey 제외),5
KT&G,033780,2025Q2,2025-06-30,분기말 자산총계,14041724000000,공시,https://dart.fss.or.kr/dsaf001/main.do?rcpNo=20250814004354,5
KT&G,033780,2025Q2,2025-06-30,분기말 부채총계,4804101000000,공시,https://dart.fss.or.kr/dsaf001/main.do?rcpNo=20250814004354,5
KT&G,033780,2025Q2,2025-06-30,분기말 총자본(자기자본),9237623000000,공시,https://dart.fss.or.kr/dsaf001/main.do?rcpNo=20250814004354,5
KT&G,033780,2025Q2,2025-06-30,분기별 매출액,1547903000000,공시,https://dart.fss.or.kr/dsaf001/main.do?rcpNo=20250814004354,5
KT&G,033780,2025Q2,2025-06-30,분기별 영업이익,349882000000,공시,https://dart.fss.or.kr/dsaf001/main.do?rcpNo=20250814004354,5
KT&G,033780,2025Q2,2025-06-30,분기별 당기순이익(지배),143327000000,공시,https://dart.fss.or.kr/dsaf001/main.do?rcpNo=20250814004354,5
KT&G,033780,2025Q2,2025-06-30,분기별 영업활동현금흐름,288433000000,계산(누적차감),https://dart.fss.or.kr/dsaf001/main.do?rcpNo=20250814004354 ; https://dart.fss.or.kr/dsaf001/main.do?rcpNo=20250515002949,5
KT&G,033780,2025Q2,2025-06-30,분기말 지배지분 자본,9191124000000,공시,https://dart.fss.or.kr/dsaf001/main.do?rcpNo=20250814004354,5
KT&G,033780,2025Q2,2025-06-30,분기말 종가,127700,API,https://apis.data.go.kr/1160100/GetStockSecuritiesInfoService_V2/getStockPriceInfo_V2?basDt=20250630&likeSrtnCd=033780 (serviceKey 제외),5
KT&G,033780,2025Q2,2025-06-30,분기말 상장주식수,122062497,API,https://apis.data.go.kr/1160100/GetStockSecuritiesInfoService_V2/getStockPriceInfo_V2?basDt=20250630&likeSrtnCd=033780 (serviceKey 제외),5
KT&G,033780,2025Q2,2025-06-30,분기말 시가총액,15587380866900,API,https://apis.data.go.kr/1160100/GetStockSecuritiesInfoService_V2/getStockPriceInfo_V2?basDt=20250630&likeSrtnCd=033780 (serviceKey 제외),5
KT&G,033780,2025Q3,2025-09-30,분기말 자산총계,14779155000000,공시,https://dart.fss.or.kr/dsaf001/main.do?rcpNo=20251114002334,5
KT&G,033780,2025Q3,2025-09-30,분기말 부채총계,5611160000000,공시,https://dart.fss.or.kr/dsaf001/main.do?rcpNo=20251114002334,5
KT&G,033780,2025Q3,2025-09-30,분기말 총자본(자기자본),9167995000000,공시,https://dart.fss.or.kr/dsaf001/main.do?rcpNo=20251114002334,5
KT&G,033780,2025Q3,2025-09-30,분기별 매출액,1826896000000,공시,https://dart.fss.or.kr/dsaf001/main.do?rcpNo=20251114002334,5
KT&G,033780,2025Q3,2025-09-30,분기별 영업이익,465289000000,공시,https://dart.fss.or.kr/dsaf001/main.do?rcpNo=20251114002334,5
KT&G,033780,2025Q3,2025-09-30,분기별 당기순이익(지배),419254000000,공시,https://dart.fss.or.kr/dsaf001/main.do?rcpNo=20251114002334,5
KT&G,033780,2025Q3,2025-09-30,분기별 영업활동현금흐름,275828000000,계산(누적차감),https://dart.fss.or.kr/dsaf001/main.do?rcpNo=20251114002334 ; https://dart.fss.or.kr/dsaf001/main.do?rcpNo=20250814004354,5
KT&G,033780,2025Q3,2025-09-30,분기말 지배지분 자본,9122022000000,공시,https://dart.fss.or.kr/dsaf001/main.do?rcpNo=20251114002334,5
KT&G,033780,2025Q3,2025-09-30,분기말 종가,133600,API,https://apis.data.go.kr/1160100/GetStockSecuritiesInfoService_V2/getStockPriceInfo_V2?basDt=20250930&likeSrtnCd=033780 (serviceKey 제외),5
KT&G,033780,2025Q3,2025-09-30,분기말 상장주식수,122062497,API,https://apis.data.go.kr/1160100/GetStockSecuritiesInfoService_V2/getStockPriceInfo_V2?basDt=20250930&likeSrtnCd=033780 (serviceKey 제외),5
KT&G,033780,2025Q3,2025-09-30,분기말 시가총액,16307549599200,API,https://apis.data.go.kr/1160100/GetStockSecuritiesInfoService_V2/getStockPriceInfo_V2?basDt=20250930&likeSrtnCd=033780 (serviceKey 제외),5
KT&G,033780,2025Q4,2025-12-31,분기말 자산총계,14189127000000,공시,https://dart.fss.or.kr/dsaf001/main.do?rcpNo=20260318001422,5
KT&G,033780,2025Q4,2025-12-31,분기말 부채총계,4852958000000,공시,https://dart.fss.or.kr/dsaf001/main.do?rcpNo=20260318001422,5
KT&G,033780,2025Q4,2025-12-31,분기말 총자본(자기자본),9336169000000,공시,https://dart.fss.or.kr/dsaf001/main.do?rcpNo=20260318001422,5
KT&G,033780,2025Q4,2025-12-31,분기별 매출액,1713800000000,계산(연간-3분기누적),https://dart.fss.or.kr/dsaf001/main.do?rcpNo=20260318001422 ; https://dart.fss.or.kr/dsaf001/main.do?rcpNo=20251114002334,5
KT&G,033780,2025Q4,2025-12-31,분기별 영업이익,242935000000,계산(연간-3분기누적),https://dart.fss.or.kr/dsaf001/main.do?rcpNo=20260318001422 ; https://dart.fss.or.kr/dsaf001/main.do?rcpNo=20251114002334,5
KT&G,033780,2025Q4,2025-12-31,분기별 당기순이익(지배),271875000000,계산(연간-3분기누적),https://dart.fss.or.kr/dsaf001/main.do?rcpNo=20260318001422 ; https://dart.fss.or.kr/dsaf001/main.do?rcpNo=20251114002334,5
KT&G,033780,2025Q4,2025-12-31,분기별 영업활동현금흐름,-81094000000,계산(누적차감),https://dart.fss.or.kr/dsaf001/main.do?rcpNo=20260318001422 ; https://dart.fss.or.kr/dsaf001/main.do?rcpNo=20251114002334,5
KT&G,033780,2025Q4,2025-12-31,분기말 지배지분 자본,9279560000000,공시,https://dart.fss.or.kr/dsaf001/main.do?rcpNo=20260318001422,5
KT&G,033780,2025Q4,2025-12-30,분기말 종가,142100,API,https://apis.data.go.kr/1160100/GetStockSecuritiesInfoService_V2/getStockPriceInfo_V2?basDt=20251230&likeSrtnCd=033780 (serviceKey 제외),5
KT&G,033780,2025Q4,2025-12-30,분기말 상장주식수,117976645,API,https://apis.data.go.kr/1160100/GetStockSecuritiesInfoService_V2/getStockPriceInfo_V2?basDt=20251230&likeSrtnCd=033780 (serviceKey 제외),5
KT&G,033780,2025Q4,2025-12-30,분기말 시가총액,16764481254500,API,https://apis.data.go.kr/1160100/GetStockSecuritiesInfoService_V2/getStockPriceInfo_V2?basDt=20251230&likeSrtnCd=033780 (serviceKey 제외),5
KT&G,033780,2026Q1,2026-03-31,분기말 자산총계,14699805000000,공시,https://dart.fss.or.kr/dsaf001/main.do?rcpNo=20260515002914,5
KT&G,033780,2026Q1,2026-03-31,분기말 부채총계,5371950000000,공시,https://dart.fss.or.kr/dsaf001/main.do?rcpNo=20260515002914,5
KT&G,033780,2026Q1,2026-03-31,분기말 총자본(자기자본),9327855000000,공시,https://dart.fss.or.kr/dsaf001/main.do?rcpNo=20260515002914,5
KT&G,033780,2026Q1,2026-03-31,분기별 매출액,1703598000000,공시,https://dart.fss.or.kr/dsaf001/main.do?rcpNo=20260515002914,5
KT&G,033780,2026Q1,2026-03-31,분기별 영업이익,364536000000,공시,https://dart.fss.or.kr/dsaf001/main.do?rcpNo=20260515002914,5
KT&G,033780,2026Q1,2026-03-31,분기별 당기순이익(지배),380537000000,공시,https://dart.fss.or.kr/dsaf001/main.do?rcpNo=20260515002914,5
KT&G,033780,2026Q1,2026-03-31,분기별 영업활동현금흐름,386220000000,공시,https://dart.fss.or.kr/dsaf001/main.do?rcpNo=20260515002914,5
KT&G,033780,2026Q1,2026-03-31,분기말 지배지분 자본,9277139000000,공시,https://dart.fss.or.kr/dsaf001/main.do?rcpNo=20260515002914,5
KT&G,033780,2026Q1,2026-03-31,분기말 종가,159200,API,https://apis.data.go.kr/1160100/GetStockSecuritiesInfoService_V2/getStockPriceInfo_V2?basDt=20260331&likeSrtnCd=033780 (serviceKey 제외),5
KT&G,033780,2026Q1,2026-03-31,분기말 상장주식수,114676645,API,https://apis.data.go.kr/1160100/GetStockSecuritiesInfoService_V2/getStockPriceInfo_V2?basDt=20260331&likeSrtnCd=033780 (serviceKey 제외),5
KT&G,033780,2026Q1,2026-03-31,분기말 시가총액,18256521884000,API,https://apis.data.go.kr/1160100/GetStockSecuritiesInfoService_V2/getStockPriceInfo_V2?basDt=20260331&likeSrtnCd=033780 (serviceKey 제외),5
KT&G,033780,2026Q2,2026-06-30,분기말 자산총계,15035977000000,공시,https://dart.fss.or.kr/dsaf001/main.do?rcpNo=20260814004174,5
KT&G,033780,2026Q2,2026-06-30,분기말 부채총계,5313254000000,공시,https://dart.fss.or.kr/dsaf001/main.do?rcpNo=20260814004174,5
KT&G,033780,2026Q2,2026-06-30,분기말 총자본(자기자본),9722723000000,공시,https://dart.fss.or.kr/dsaf001/main.do?rcpNo=20260814004174,5
KT&G,033780,2026Q2,2026-06-30,분기별 매출액,1701557000000,공시,https://dart.fss.or.kr/dsaf001/main.do?rcpNo=20260814004174,5
KT&G,033780,2026Q2,2026-06-30,분기별 영업이익,414452000000,공시,https://dart.fss.or.kr/dsaf001/main.do?rcpNo=20260814004174,5
KT&G,033780,2026Q2,2026-06-30,분기별 당기순이익(지배),364271000000,공시,https://dart.fss.or.kr/dsaf001/main.do?rcpNo=20260814004174,5
KT&G,033780,2026Q2,2026-06-30,분기별 영업활동현금흐름,379272000000,계산(누적차감),https://dart.fss.or.kr/dsaf001/main.do?rcpNo=20260814004174 ; https://dart.fss.or.kr/dsaf001/main.do?rcpNo=20260515002914,5
KT&G,033780,2026Q2,2026-06-30,분기말 지배지분 자본,9675702000000,공시,https://dart.fss.or.kr/dsaf001/main.do?rcpNo=20260814004174,5
KT&G,033780,2026Q2,2026-06-30,분기말 종가,169700,API,https://apis.data.go.kr/1160100/GetStockSecuritiesInfoService_V2/getStockPriceInfo_V2?basDt=20260630&likeSrtnCd=033780 (serviceKey 제외),5
KT&G,033780,2026Q2,2026-06-30,분기말 상장주식수,103810456,API,https://apis.data.go.kr/1160100/GetStockSecuritiesInfoService_V2/getStockPriceInfo_V2?basDt=20260630&likeSrtnCd=033780 (serviceKey 제외),5
KT&G,033780,2026Q2,2026-06-30,분기말 시가총액,17616634383200,API,https://apis.data.go.kr/1160100/GetStockSecuritiesInfoService_V2/getStockPriceInfo_V2?basDt=20260630&likeSrtnCd=033780 (serviceKey 제외),5
