기업,종목코드,기간,기준일,항목,값(원),값구분,출처,라운드
대우건설,047040,2010Q1,2010-03-31,분기말 자산총계,미확인,미확인,https://dart.fss.or.kr/dsaf001/main.do?rcpNo=20100517000985,7
대우건설,047040,2010Q1,2010-03-31,분기말 부채총계,미확인,미확인,https://dart.fss.or.kr/dsaf001/main.do?rcpNo=20100517000985,7
대우건설,047040,2010Q1,2010-03-31,분기말 총자본(자기자본),미확인,미확인,https://dart.fss.or.kr/dsaf001/main.do?rcpNo=20100517000985,7
대우건설,047040,2010Q1,2010-03-31,분기별 매출액,미확인,미확인,https://dart.fss.or.kr/dsaf001/main.do?rcpNo=20100517000985,7
대우건설,047040,2010Q1,2010-03-31,분기별 영업이익,미확인,미확인,https://dart.fss.or.kr/dsaf001/main.do?rcpNo=20100517000985,7
대우건설,047040,2010Q1,2010-03-31,분기별 당기순이익(지배),미확인,미확인,https://dart.fss.or.kr/dsaf001/main.do?rcpNo=20100517000985,7
대우건설,047040,2010Q1,2010-03-31,분기별 영업활동현금흐름,미확인,미확인,https://dart.fss.or.kr/dsaf001/main.do?rcpNo=20100517000985,7
대우건설,047040,2010Q1,2010-03-31,분기말 지배지분 자본,미확인,미확인,https://dart.fss.or.kr/dsaf001/main.do?rcpNo=20100517000985,7
대우건설,047040,2010Q1,2010-03-31,분기말 종가,11000,API,"https://data-dbg.krx.co.kr/svc/apis/sto/stk_bydd_trd?basDd=20100331 (KOSPI, 대우건설 ; 종가 11000 × 상장주식수 325718836 = 시가총액 3582907196000)",7
대우건설,047040,2010Q1,2010-03-31,분기말 상장주식수,325718836,API,"https://data-dbg.krx.co.kr/svc/apis/sto/stk_bydd_trd?basDd=20100331 (KOSPI, 대우건설 ; 종가 11000 × 상장주식수 325718836 = 시가총액 3582907196000)",7
대우건설,047040,2010Q1,2010-03-31,분기말 시가총액,3582907196000,API,"https://data-dbg.krx.co.kr/svc/apis/sto/stk_bydd_trd?basDd=20100331 (KOSPI, 대우건설 ; 종가 11000 × 상장주식수 325718836 = 시가총액 3582907196000)",7
대우건설,047040,2010Q2,2010-06-30,분기말 자산총계,미확인,미확인,https://dart.fss.or.kr/dsaf001/main.do?rcpNo=20100816000777,7
대우건설,047040,2010Q2,2010-06-30,분기말 부채총계,미확인,미확인,https://dart.fss.or.kr/dsaf001/main.do?rcpNo=20100816000777,7
대우건설,047040,2010Q2,2010-06-30,분기말 총자본(자기자본),미확인,미확인,https://dart.fss.or.kr/dsaf001/main.do?rcpNo=20100816000777,7
대우건설,047040,2010Q2,2010-06-30,분기별 매출액,미확인,미확인,https://dart.fss.or.kr/dsaf001/main.do?rcpNo=20100816000777,7
대우건설,047040,2010Q2,2010-06-30,분기별 영업이익,미확인,미확인,https://dart.fss.or.kr/dsaf001/main.do?rcpNo=20100816000777,7
대우건설,047040,2010Q2,2010-06-30,분기별 당기순이익(지배),미확인,미확인,https://dart.fss.or.kr/dsaf001/main.do?rcpNo=20100816000777,7
대우건설,047040,2010Q2,2010-06-30,분기별 영업활동현금흐름,미확인,미확인,https://dart.fss.or.kr/dsaf001/main.do?rcpNo=20100816000777 ; https://dart.fss.or.kr/dsaf001/main.do?rcpNo=20100517000985,7
대우건설,047040,2010Q2,2010-06-30,분기말 지배지분 자본,미확인,미확인,https://dart.fss.or.kr/dsaf001/main.do?rcpNo=20100816000777,7
대우건설,047040,2010Q2,2010-06-30,분기말 종가,10350,API,"https://data-dbg.krx.co.kr/svc/apis/sto/stk_bydd_trd?basDd=20100630 (KOSPI, 대우건설 ; 종가 10350 × 상장주식수 325718836 = 시가총액 3371189952600)",7
대우건설,047040,2010Q2,2010-06-30,분기말 상장주식수,325718836,API,"https://data-dbg.krx.co.kr/svc/apis/sto/stk_bydd_trd?basDd=20100630 (KOSPI, 대우건설 ; 종가 10350 × 상장주식수 325718836 = 시가총액 3371189952600)",7
대우건설,047040,2010Q2,2010-06-30,분기말 시가총액,3371189952600,API,"https://data-dbg.krx.co.kr/svc/apis/sto/stk_bydd_trd?basDd=20100630 (KOSPI, 대우건설 ; 종가 10350 × 상장주식수 325718836 = 시가총액 3371189952600)",7
대우건설,047040,2010Q3,2010-09-30,분기말 자산총계,미확인,미확인,https://dart.fss.or.kr/dsaf001/main.do?rcpNo=20101115001264,7
대우건설,047040,2010Q3,2010-09-30,분기말 부채총계,미확인,미확인,https://dart.fss.or.kr/dsaf001/main.do?rcpNo=20101115001264,7
대우건설,047040,2010Q3,2010-09-30,분기말 총자본(자기자본),미확인,미확인,https://dart.fss.or.kr/dsaf001/main.do?rcpNo=20101115001264,7
대우건설,047040,2010Q3,2010-09-30,분기별 매출액,미확인,미확인,https://dart.fss.or.kr/dsaf001/main.do?rcpNo=20101115001264,7
대우건설,047040,2010Q3,2010-09-30,분기별 영업이익,미확인,미확인,https://dart.fss.or.kr/dsaf001/main.do?rcpNo=20101115001264,7
대우건설,047040,2010Q3,2010-09-30,분기별 당기순이익(지배),미확인,미확인,https://dart.fss.or.kr/dsaf001/main.do?rcpNo=20101115001264,7
대우건설,047040,2010Q3,2010-09-30,분기별 영업활동현금흐름,미확인,미확인,https://dart.fss.or.kr/dsaf001/main.do?rcpNo=20101115001264 ; https://dart.fss.or.kr/dsaf001/main.do?rcpNo=20100816000777,7
대우건설,047040,2010Q3,2010-09-30,분기말 지배지분 자본,미확인,미확인,https://dart.fss.or.kr/dsaf001/main.do?rcpNo=20101115001264,7
대우건설,047040,2010Q3,2010-09-30,분기말 종가,11250,API,"https://data-dbg.krx.co.kr/svc/apis/sto/stk_bydd_trd?basDd=20100930 (KOSPI, 대우건설 ; 종가 11250 × 상장주식수 325718836 = 시가총액 3664336905000)",7
대우건설,047040,2010Q3,2010-09-30,분기말 상장주식수,325718836,API,"https://data-dbg.krx.co.kr/svc/apis/sto/stk_bydd_trd?basDd=20100930 (KOSPI, 대우건설 ; 종가 11250 × 상장주식수 325718836 = 시가총액 3664336905000)",7
대우건설,047040,2010Q3,2010-09-30,분기말 시가총액,3664336905000,API,"https://data-dbg.krx.co.kr/svc/apis/sto/stk_bydd_trd?basDd=20100930 (KOSPI, 대우건설 ; 종가 11250 × 상장주식수 325718836 = 시가총액 3664336905000)",7
대우건설,047040,2010Q4,2010-12-31,분기말 자산총계,미확인,미확인,https://dart.fss.or.kr/dsaf001/main.do?rcpNo=20110331002737,7
대우건설,047040,2010Q4,2010-12-31,분기말 부채총계,미확인,미확인,https://dart.fss.or.kr/dsaf001/main.do?rcpNo=20110331002737,7
대우건설,047040,2010Q4,2010-12-31,분기말 총자본(자기자본),미확인,미확인,https://dart.fss.or.kr/dsaf001/main.do?rcpNo=20110331002737,7
대우건설,047040,2010Q4,2010-12-31,분기별 매출액,미확인,미확인,https://dart.fss.or.kr/dsaf001/main.do?rcpNo=20110331002737 ; https://dart.fss.or.kr/dsaf001/main.do?rcpNo=20101115001264,7
대우건설,047040,2010Q4,2010-12-31,분기별 영업이익,미확인,미확인,https://dart.fss.or.kr/dsaf001/main.do?rcpNo=20110331002737 ; https://dart.fss.or.kr/dsaf001/main.do?rcpNo=20101115001264,7
대우건설,047040,2010Q4,2010-12-31,분기별 당기순이익(지배),미확인,미확인,https://dart.fss.or.kr/dsaf001/main.do?rcpNo=20110331002737 ; https://dart.fss.or.kr/dsaf001/main.do?rcpNo=20101115001264,7
대우건설,047040,2010Q4,2010-12-31,분기별 영업활동현금흐름,미확인,미확인,https://dart.fss.or.kr/dsaf001/main.do?rcpNo=20110331002737 ; https://dart.fss.or.kr/dsaf001/main.do?rcpNo=20101115001264,7
대우건설,047040,2010Q4,2010-12-31,분기말 지배지분 자본,미확인,미확인,https://dart.fss.or.kr/dsaf001/main.do?rcpNo=20110331002737,7
대우건설,047040,2010Q4,2010-12-30,분기말 종가,12850,API,"https://data-dbg.krx.co.kr/svc/apis/sto/stk_bydd_trd?basDd=20101230 (KOSPI, 대우건설 ; 종가 12850 × 상장주식수 325718836 = 시가총액 4185487042600)",7
대우건설,047040,2010Q4,2010-12-30,분기말 상장주식수,325718836,API,"https://data-dbg.krx.co.kr/svc/apis/sto/stk_bydd_trd?basDd=20101230 (KOSPI, 대우건설 ; 종가 12850 × 상장주식수 325718836 = 시가총액 4185487042600)",7
대우건설,047040,2010Q4,2010-12-30,분기말 시가총액,4185487042600,API,"https://data-dbg.krx.co.kr/svc/apis/sto/stk_bydd_trd?basDd=20101230 (KOSPI, 대우건설 ; 종가 12850 × 상장주식수 325718836 = 시가총액 4185487042600)",7
대우건설,047040,2011Q1,2011-03-31,분기말 자산총계,10084558345558,공시,https://dart.fss.or.kr/dsaf001/main.do?rcpNo=20110531001644,7
대우건설,047040,2011Q1,2011-03-31,분기말 부채총계,6673508834711,공시,https://dart.fss.or.kr/dsaf001/main.do?rcpNo=20110531001644,7
대우건설,047040,2011Q1,2011-03-31,분기말 총자본(자기자본),3411049510847,공시,https://dart.fss.or.kr/dsaf001/main.do?rcpNo=20110531001644,7
대우건설,047040,2011Q1,2011-03-31,분기별 매출액,1606389889248,공시,https://dart.fss.or.kr/dsaf001/main.do?rcpNo=20110531001644,7
대우건설,047040,2011Q1,2011-03-31,분기별 영업이익,73738196924,공시,https://dart.fss.or.kr/dsaf001/main.do?rcpNo=20110531001644,7
대우건설,047040,2011Q1,2011-03-31,분기별 당기순이익(지배),48543665995,공시,https://dart.fss.or.kr/dsaf001/main.do?rcpNo=20110531001644,7
대우건설,047040,2011Q1,2011-03-31,분기별 영업활동현금흐름,-151530926925,공시,https://dart.fss.or.kr/dsaf001/main.do?rcpNo=20110531001644,7
대우건설,047040,2011Q1,2011-03-31,분기말 지배지분 자본,3342349474085,공시,https://dart.fss.or.kr/dsaf001/main.do?rcpNo=20110531001644,7
대우건설,047040,2011Q1,2011-03-31,분기말 종가,12050,API,"https://data-dbg.krx.co.kr/svc/apis/sto/stk_bydd_trd?basDd=20110331 (KOSPI, 대우건설 ; 종가 12050 × 상장주식수 415622638 = 시가총액 5008252787900)",7
대우건설,047040,2011Q1,2011-03-31,분기말 상장주식수,415622638,API,"https://data-dbg.krx.co.kr/svc/apis/sto/stk_bydd_trd?basDd=20110331 (KOSPI, 대우건설 ; 종가 12050 × 상장주식수 415622638 = 시가총액 5008252787900)",7
대우건설,047040,2011Q1,2011-03-31,분기말 시가총액,5008252787900,API,"https://data-dbg.krx.co.kr/svc/apis/sto/stk_bydd_trd?basDd=20110331 (KOSPI, 대우건설 ; 종가 12050 × 상장주식수 415622638 = 시가총액 5008252787900)",7
대우건설,047040,2011Q2,2011-06-30,분기말 자산총계,10114530896495,공시,https://dart.fss.or.kr/dsaf001/main.do?rcpNo=20110829000621,7
대우건설,047040,2011Q2,2011-06-30,분기말 부채총계,6673101804514,공시,https://dart.fss.or.kr/dsaf001/main.do?rcpNo=20110829000621,7
대우건설,047040,2011Q2,2011-06-30,분기말 총자본(자기자본),3441429091981,공시,https://dart.fss.or.kr/dsaf001/main.do?rcpNo=20110829000621,7
대우건설,047040,2011Q2,2011-06-30,분기별 매출액,1758839535752,공시,https://dart.fss.or.kr/dsaf001/main.do?rcpNo=20110829000621,7
대우건설,047040,2011Q2,2011-06-30,분기별 영업이익,157432938201,공시,https://dart.fss.or.kr/dsaf001/main.do?rcpNo=20110829000621,7
대우건설,047040,2011Q2,2011-06-30,분기별 당기순이익(지배),104385420227,공시,https://dart.fss.or.kr/dsaf001/main.do?rcpNo=20110829000621,7
대우건설,047040,2011Q2,2011-06-30,분기별 영업활동현금흐름,-187517356273,계산(누적차감),https://dart.fss.or.kr/dsaf001/main.do?rcpNo=20110829000621 ; https://dart.fss.or.kr/dsaf001/main.do?rcpNo=20110531001644,7
대우건설,047040,2011Q2,2011-06-30,분기말 지배지분 자본,3374523918732,공시,https://dart.fss.or.kr/dsaf001/main.do?rcpNo=20110829000621,7
대우건설,047040,2011Q2,2011-06-30,분기말 종가,10700,API,"https://data-dbg.krx.co.kr/svc/apis/sto/stk_bydd_trd?basDd=20110630 (KOSPI, 대우건설 ; 종가 10700 × 상장주식수 415622638 = 시가총액 4447162226600)",7
대우건설,047040,2011Q2,2011-06-30,분기말 상장주식수,415622638,API,"https://data-dbg.krx.co.kr/svc/apis/sto/stk_bydd_trd?basDd=20110630 (KOSPI, 대우건설 ; 종가 10700 × 상장주식수 415622638 = 시가총액 4447162226600)",7
대우건설,047040,2011Q2,2011-06-30,분기말 시가총액,4447162226600,API,"https://data-dbg.krx.co.kr/svc/apis/sto/stk_bydd_trd?basDd=20110630 (KOSPI, 대우건설 ; 종가 10700 × 상장주식수 415622638 = 시가총액 4447162226600)",7
대우건설,047040,2011Q3,2011-09-30,분기말 자산총계,10315436326221,공시,https://dart.fss.or.kr/dsaf001/main.do?rcpNo=20120227000508,7
대우건설,047040,2011Q3,2011-09-30,분기말 부채총계,6853657867657,공시,https://dart.fss.or.kr/dsaf001/main.do?rcpNo=20120227000508,7
대우건설,047040,2011Q3,2011-09-30,분기말 총자본(자기자본),3461778458564,공시,https://dart.fss.or.kr/dsaf001/main.do?rcpNo=20120227000508,7
대우건설,047040,2011Q3,2011-09-30,분기별 매출액,1527221957402,공시,https://dart.fss.or.kr/dsaf001/main.do?rcpNo=20120227000508,7
대우건설,047040,2011Q3,2011-09-30,분기별 영업이익,80880246810,공시,https://dart.fss.or.kr/dsaf001/main.do?rcpNo=20120227000508,7
대우건설,047040,2011Q3,2011-09-30,분기별 당기순이익(지배),7771494748,공시,https://dart.fss.or.kr/dsaf001/main.do?rcpNo=20120227000508,7
대우건설,047040,2011Q3,2011-09-30,분기별 영업활동현금흐름,27115125276,계산(누적차감),https://dart.fss.or.kr/dsaf001/main.do?rcpNo=20120227000508 ; https://dart.fss.or.kr/dsaf001/main.do?rcpNo=20110829000621,7
대우건설,047040,2011Q3,2011-09-30,분기말 지배지분 자본,3389682926952,공시,https://dart.fss.or.kr/dsaf001/main.do?rcpNo=20120227000508,7
대우건설,047040,2011Q3,2011-09-30,분기말 종가,9120,API,"https://data-dbg.krx.co.kr/svc/apis/sto/stk_bydd_trd?basDd=20110930 (KOSPI, 대우건설 ; 종가 9120 × 상장주식수 415622638 = 시가총액 3790478458560)",7
대우건설,047040,2011Q3,2011-09-30,분기말 상장주식수,415622638,API,"https://data-dbg.krx.co.kr/svc/apis/sto/stk_bydd_trd?basDd=20110930 (KOSPI, 대우건설 ; 종가 9120 × 상장주식수 415622638 = 시가총액 3790478458560)",7
대우건설,047040,2011Q3,2011-09-30,분기말 시가총액,3790478458560,API,"https://data-dbg.krx.co.kr/svc/apis/sto/stk_bydd_trd?basDd=20110930 (KOSPI, 대우건설 ; 종가 9120 × 상장주식수 415622638 = 시가총액 3790478458560)",7
대우건설,047040,2011Q4,2011-12-31,분기말 자산총계,9468578920862,공시,https://dart.fss.or.kr/dsaf001/main.do?rcpNo=20120330002826,7
대우건설,047040,2011Q4,2011-12-31,분기말 부채총계,6056386712009,공시,https://dart.fss.or.kr/dsaf001/main.do?rcpNo=20120330002826,7
대우건설,047040,2011Q4,2011-12-31,분기말 총자본(자기자본),3412192208853,공시,https://dart.fss.or.kr/dsaf001/main.do?rcpNo=20120330002826,7
대우건설,047040,2011Q4,2011-12-31,분기별 매출액,2127140161518,계산(연간-3분기누적),https://dart.fss.or.kr/dsaf001/main.do?rcpNo=20120330002826 ; https://dart.fss.or.kr/dsaf001/main.do?rcpNo=20120227000508,7
대우건설,047040,2011Q4,2011-12-31,분기별 영업이익,11260878362,계산(연간-3분기누적),https://dart.fss.or.kr/dsaf001/main.do?rcpNo=20120330002826 ; https://dart.fss.or.kr/dsaf001/main.do?rcpNo=20120227000508,7
대우건설,047040,2011Q4,2011-12-31,분기별 당기순이익(지배),16373670135,계산(연간-3분기누적),https://dart.fss.or.kr/dsaf001/main.do?rcpNo=20120330002826 ; https://dart.fss.or.kr/dsaf001/main.do?rcpNo=20120227000508,7
대우건설,047040,2011Q4,2011-12-31,분기별 영업활동현금흐름,205558921146,계산(누적차감),https://dart.fss.or.kr/dsaf001/main.do?rcpNo=20120330002826 ; https://dart.fss.or.kr/dsaf001/main.do?rcpNo=20120227000508,7
대우건설,047040,2011Q4,2011-12-31,분기말 지배지분 자본,3344118790232,공시,https://dart.fss.or.kr/dsaf001/main.do?rcpNo=20120330002826,7
대우건설,047040,2011Q4,2011-12-29,분기말 종가,10500,API,"https://data-dbg.krx.co.kr/svc/apis/sto/stk_bydd_trd?basDd=20111229 (KOSPI, 대우건설 ; 종가 10500 × 상장주식수 415622638 = 시가총액 4364037699000)",7
대우건설,047040,2011Q4,2011-12-29,분기말 상장주식수,415622638,API,"https://data-dbg.krx.co.kr/svc/apis/sto/stk_bydd_trd?basDd=20111229 (KOSPI, 대우건설 ; 종가 10500 × 상장주식수 415622638 = 시가총액 4364037699000)",7
대우건설,047040,2011Q4,2011-12-29,분기말 시가총액,4364037699000,API,"https://data-dbg.krx.co.kr/svc/apis/sto/stk_bydd_trd?basDd=20111229 (KOSPI, 대우건설 ; 종가 10500 × 상장주식수 415622638 = 시가총액 4364037699000)",7
대우건설,047040,2012Q1,2012-03-31,분기말 자산총계,9501898051846,공시,https://dart.fss.or.kr/dsaf001/main.do?rcpNo=20120530000774,7
대우건설,047040,2012Q1,2012-03-31,분기말 부채총계,6060000084265,공시,https://dart.fss.or.kr/dsaf001/main.do?rcpNo=20120530000774,7
대우건설,047040,2012Q1,2012-03-31,분기말 총자본(자기자본),3441897967581,공시,https://dart.fss.or.kr/dsaf001/main.do?rcpNo=20120530000774,7
대우건설,047040,2012Q1,2012-03-31,분기별 매출액,1638015990248,공시,https://dart.fss.or.kr/dsaf001/main.do?rcpNo=20120530000774,7
대우건설,047040,2012Q1,2012-03-31,분기별 영업이익,50068190952,공시,https://dart.fss.or.kr/dsaf001/main.do?rcpNo=20120530000774,7
대우건설,047040,2012Q1,2012-03-31,분기별 당기순이익(지배),30906698270,공시,https://dart.fss.or.kr/dsaf001/main.do?rcpNo=20120530000774,7
대우건설,047040,2012Q1,2012-03-31,분기별 영업활동현금흐름,-234799272915,공시,https://dart.fss.or.kr/dsaf001/main.do?rcpNo=20120530000774,7
대우건설,047040,2012Q1,2012-03-31,분기말 지배지분 자본,3371749619814,공시,https://dart.fss.or.kr/dsaf001/main.do?rcpNo=20120530000774,7
대우건설,047040,2012Q1,2012-03-30,분기말 종가,10200,API,"https://data-dbg.krx.co.kr/svc/apis/sto/stk_bydd_trd?basDd=20120330 (KOSPI, 대우건설 ; 종가 10200 × 상장주식수 415622638 = 시가총액 4239350907600)",7
대우건설,047040,2012Q1,2012-03-30,분기말 상장주식수,415622638,API,"https://data-dbg.krx.co.kr/svc/apis/sto/stk_bydd_trd?basDd=20120330 (KOSPI, 대우건설 ; 종가 10200 × 상장주식수 415622638 = 시가총액 4239350907600)",7
대우건설,047040,2012Q1,2012-03-30,분기말 시가총액,4239350907600,API,"https://data-dbg.krx.co.kr/svc/apis/sto/stk_bydd_trd?basDd=20120330 (KOSPI, 대우건설 ; 종가 10200 × 상장주식수 415622638 = 시가총액 4239350907600)",7
대우건설,047040,2012Q2,2012-06-30,분기말 자산총계,9875566250158,공시,https://dart.fss.or.kr/dsaf001/main.do?rcpNo=20120829000548,7
대우건설,047040,2012Q2,2012-06-30,분기말 부채총계,6390383628322,공시,https://dart.fss.or.kr/dsaf001/main.do?rcpNo=20120829000548,7
대우건설,047040,2012Q2,2012-06-30,분기말 총자본(자기자본),3485182621836,공시,https://dart.fss.or.kr/dsaf001/main.do?rcpNo=20120829000548,7
대우건설,047040,2012Q2,2012-06-30,분기별 매출액,2196561912293,공시,https://dart.fss.or.kr/dsaf001/main.do?rcpNo=20120829000548,7
대우건설,047040,2012Q2,2012-06-30,분기별 영업이익,126505667477,공시,https://dart.fss.or.kr/dsaf001/main.do?rcpNo=20120829000548,7
대우건설,047040,2012Q2,2012-06-30,분기별 당기순이익(지배),69065954580,공시,https://dart.fss.or.kr/dsaf001/main.do?rcpNo=20120829000548,7
대우건설,047040,2012Q2,2012-06-30,분기별 영업활동현금흐름,-240972283829,계산(누적차감),https://dart.fss.or.kr/dsaf001/main.do?rcpNo=20120829000548 ; https://dart.fss.or.kr/dsaf001/main.do?rcpNo=20120530000774,7
대우건설,047040,2012Q2,2012-06-30,분기말 지배지분 자본,3418247467458,공시,https://dart.fss.or.kr/dsaf001/main.do?rcpNo=20120829000548,7
대우건설,047040,2012Q2,2012-06-29,분기말 종가,8760,API,"https://data-dbg.krx.co.kr/svc/apis/sto/stk_bydd_trd?basDd=20120629 (KOSPI, 대우건설 ; 종가 8760 × 상장주식수 415622638 = 시가총액 3640854308880)",7
대우건설,047040,2012Q2,2012-06-29,분기말 상장주식수,415622638,API,"https://data-dbg.krx.co.kr/svc/apis/sto/stk_bydd_trd?basDd=20120629 (KOSPI, 대우건설 ; 종가 8760 × 상장주식수 415622638 = 시가총액 3640854308880)",7
대우건설,047040,2012Q2,2012-06-29,분기말 시가총액,3640854308880,API,"https://data-dbg.krx.co.kr/svc/apis/sto/stk_bydd_trd?basDd=20120629 (KOSPI, 대우건설 ; 종가 8760 × 상장주식수 415622638 = 시가총액 3640854308880)",7
대우건설,047040,2012Q3,2012-09-30,분기말 자산총계,10152645293903,공시,https://dart.fss.or.kr/dsaf001/main.do?rcpNo=20121129000978,7
대우건설,047040,2012Q3,2012-09-30,분기말 부채총계,6638410950891,공시,https://dart.fss.or.kr/dsaf001/main.do?rcpNo=20121129000978,7
대우건설,047040,2012Q3,2012-09-30,분기말 총자본(자기자본),3514234343012,공시,https://dart.fss.or.kr/dsaf001/main.do?rcpNo=20121129000978,7
대우건설,047040,2012Q3,2012-09-30,분기별 매출액,2234696562151,공시,https://dart.fss.or.kr/dsaf001/main.do?rcpNo=20121129000978,7
대우건설,047040,2012Q3,2012-09-30,분기별 영업이익,69452619542,공시,https://dart.fss.or.kr/dsaf001/main.do?rcpNo=20121129000978,7
대우건설,047040,2012Q3,2012-09-30,분기별 당기순이익(지배),69065954580,공시,https://dart.fss.or.kr/dsaf001/main.do?rcpNo=20121129000978,7
대우건설,047040,2012Q3,2012-09-30,분기별 영업활동현금흐름,-698698951016,계산(누적차감),https://dart.fss.or.kr/dsaf001/main.do?rcpNo=20121129000978 ; https://dart.fss.or.kr/dsaf001/main.do?rcpNo=20120829000548,7
대우건설,047040,2012Q3,2012-09-30,분기말 지배지분 자본,3450559487329,공시,https://dart.fss.or.kr/dsaf001/main.do?rcpNo=20121129000978,7
대우건설,047040,2012Q3,2012-09-28,분기말 종가,10450,API,"https://data-dbg.krx.co.kr/svc/apis/sto/stk_bydd_trd?basDd=20120928 (KOSPI, 대우건설 ; 종가 10450 × 상장주식수 415622638 = 시가총액 4343256567100)",7
대우건설,047040,2012Q3,2012-09-28,분기말 상장주식수,415622638,API,"https://data-dbg.krx.co.kr/svc/apis/sto/stk_bydd_trd?basDd=20120928 (KOSPI, 대우건설 ; 종가 10450 × 상장주식수 415622638 = 시가총액 4343256567100)",7
대우건설,047040,2012Q3,2012-09-28,분기말 시가총액,4343256567100,API,"https://data-dbg.krx.co.kr/svc/apis/sto/stk_bydd_trd?basDd=20120928 (KOSPI, 대우건설 ; 종가 10450 × 상장주식수 415622638 = 시가총액 4343256567100)",7
대우건설,047040,2012Q4,2012-12-31,분기말 자산총계,9859319180770,공시,https://dart.fss.or.kr/dsaf001/main.do?rcpNo=20130401003037,7
대우건설,047040,2012Q4,2012-12-31,분기말 부채총계,6448338518998,공시,https://dart.fss.or.kr/dsaf001/main.do?rcpNo=20130401003037,7
대우건설,047040,2012Q4,2012-12-31,분기말 총자본(자기자본),3410980661772,공시,https://dart.fss.or.kr/dsaf001/main.do?rcpNo=20130401003037,7
대우건설,047040,2012Q4,2012-12-31,분기별 매출액,2154158296355,계산(연간-3분기누적),https://dart.fss.or.kr/dsaf001/main.do?rcpNo=20130401003037 ; https://dart.fss.or.kr/dsaf001/main.do?rcpNo=20121129000978,7
대우건설,047040,2012Q4,2012-12-31,분기별 영업이익,99660072204,계산(연간-3분기누적),https://dart.fss.or.kr/dsaf001/main.do?rcpNo=20130401003037 ; https://dart.fss.or.kr/dsaf001/main.do?rcpNo=20121129000978,7
대우건설,047040,2012Q4,2012-12-31,분기별 당기순이익(지배),76928901390,계산(연간-3분기누적),https://dart.fss.or.kr/dsaf001/main.do?rcpNo=20130401003037 ; https://dart.fss.or.kr/dsaf001/main.do?rcpNo=20121129000978,7
대우건설,047040,2012Q4,2012-12-31,분기별 영업활동현금흐름,31662601289,계산(누적차감),https://dart.fss.or.kr/dsaf001/main.do?rcpNo=20130401003037 ; https://dart.fss.or.kr/dsaf001/main.do?rcpNo=20121129000978,7
대우건설,047040,2012Q4,2012-12-31,분기말 지배지분 자본,3353478280927,공시,https://dart.fss.or.kr/dsaf001/main.do?rcpNo=20130401003037,7
대우건설,047040,2012Q4,2012-12-28,분기말 종가,9950,API,"https://data-dbg.krx.co.kr/svc/apis/sto/stk_bydd_trd?basDd=20121228 (KOSPI, 대우건설 ; 종가 9950 × 상장주식수 415622638 = 시가총액 4135445248100)",7
대우건설,047040,2012Q4,2012-12-28,분기말 상장주식수,415622638,API,"https://data-dbg.krx.co.kr/svc/apis/sto/stk_bydd_trd?basDd=20121228 (KOSPI, 대우건설 ; 종가 9950 × 상장주식수 415622638 = 시가총액 4135445248100)",7
대우건설,047040,2012Q4,2012-12-28,분기말 시가총액,4135445248100,API,"https://data-dbg.krx.co.kr/svc/apis/sto/stk_bydd_trd?basDd=20121228 (KOSPI, 대우건설 ; 종가 9950 × 상장주식수 415622638 = 시가총액 4135445248100)",7
대우건설,047040,2013Q1,2013-03-31,분기말 자산총계,10036229090375,공시,https://dart.fss.or.kr/dsaf001/main.do?rcpNo=20130515001192,7
대우건설,047040,2013Q1,2013-03-31,분기말 부채총계,6555774749959,공시,https://dart.fss.or.kr/dsaf001/main.do?rcpNo=20130515001192,7
대우건설,047040,2013Q1,2013-03-31,분기말 총자본(자기자본),3480454340416,공시,https://dart.fss.or.kr/dsaf001/main.do?rcpNo=20130515001192,7
대우건설,047040,2013Q1,2013-03-31,분기별 매출액,2269286185189,공시,https://dart.fss.or.kr/dsaf001/main.do?rcpNo=20130515001192,7
대우건설,047040,2013Q1,2013-03-31,분기별 영업이익,115044799193,공시,https://dart.fss.or.kr/dsaf001/main.do?rcpNo=20130515001192,7
대우건설,047040,2013Q1,2013-03-31,분기별 당기순이익(지배),30863626688,공시,https://dart.fss.or.kr/dsaf001/main.do?rcpNo=20130515001192,7
대우건설,047040,2013Q1,2013-03-31,분기별 영업활동현금흐름,315705126594,공시,https://dart.fss.or.kr/dsaf001/main.do?rcpNo=20130515001192,7
대우건설,047040,2013Q1,2013-03-31,분기말 지배지분 자본,3422000732374,공시,https://dart.fss.or.kr/dsaf001/main.do?rcpNo=20130515001192,7
대우건설,047040,2013Q1,2013-03-29,분기말 종가,9160,API,"https://data-dbg.krx.co.kr/svc/apis/sto/stk_bydd_trd?basDd=20130329 (KOSPI, 대우건설 ; 종가 9160 × 상장주식수 415622638 = 시가총액 3807103364080)",7
대우건설,047040,2013Q1,2013-03-29,분기말 상장주식수,415622638,API,"https://data-dbg.krx.co.kr/svc/apis/sto/stk_bydd_trd?basDd=20130329 (KOSPI, 대우건설 ; 종가 9160 × 상장주식수 415622638 = 시가총액 3807103364080)",7
대우건설,047040,2013Q1,2013-03-29,분기말 시가총액,3807103364080,API,"https://data-dbg.krx.co.kr/svc/apis/sto/stk_bydd_trd?basDd=20130329 (KOSPI, 대우건설 ; 종가 9160 × 상장주식수 415622638 = 시가총액 3807103364080)",7
대우건설,047040,2013Q2,2013-06-30,분기말 자산총계,10067191200515,공시,https://dart.fss.or.kr/dsaf001/main.do?rcpNo=20130822000004,7
대우건설,047040,2013Q2,2013-06-30,분기말 부채총계,6521941272075,공시,https://dart.fss.or.kr/dsaf001/main.do?rcpNo=20130822000004,7
대우건설,047040,2013Q2,2013-06-30,분기말 총자본(자기자본),3545249928440,공시,https://dart.fss.or.kr/dsaf001/main.do?rcpNo=20130822000004,7
대우건설,047040,2013Q2,2013-06-30,분기별 매출액,2326916140661,공시,https://dart.fss.or.kr/dsaf001/main.do?rcpNo=20130822000004,7
대우건설,047040,2013Q2,2013-06-30,분기별 영업이익,104895051007,공시,https://dart.fss.or.kr/dsaf001/main.do?rcpNo=20130822000004,7
대우건설,047040,2013Q2,2013-06-30,분기별 당기순이익(지배),38673832519,공시,https://dart.fss.or.kr/dsaf001/main.do?rcpNo=20130822000004,7
대우건설,047040,2013Q2,2013-06-30,분기별 영업활동현금흐름,-53105901702,계산(누적차감),https://dart.fss.or.kr/dsaf001/main.do?rcpNo=20130822000004 ; https://dart.fss.or.kr/dsaf001/main.do?rcpNo=20130515001192,7
대우건설,047040,2013Q2,2013-06-30,분기말 지배지분 자본,3484836606670,공시,https://dart.fss.or.kr/dsaf001/main.do?rcpNo=20130822000004,7
대우건설,047040,2013Q2,2013-06-28,분기말 종가,7090,API,"https://data-dbg.krx.co.kr/svc/apis/sto/stk_bydd_trd?basDd=20130628 (KOSPI, 대우건설 ; 종가 7090 × 상장주식수 415622638 = 시가총액 2946764503420)",7
대우건설,047040,2013Q2,2013-06-28,분기말 상장주식수,415622638,API,"https://data-dbg.krx.co.kr/svc/apis/sto/stk_bydd_trd?basDd=20130628 (KOSPI, 대우건설 ; 종가 7090 × 상장주식수 415622638 = 시가총액 2946764503420)",7
대우건설,047040,2013Q2,2013-06-28,분기말 시가총액,2946764503420,API,"https://data-dbg.krx.co.kr/svc/apis/sto/stk_bydd_trd?basDd=20130628 (KOSPI, 대우건설 ; 종가 7090 × 상장주식수 415622638 = 시가총액 2946764503420)",7
대우건설,047040,2013Q3,2013-09-30,분기말 자산총계,9848545836179,공시,https://dart.fss.or.kr/dsaf001/main.do?rcpNo=20131114001087,7
대우건설,047040,2013Q3,2013-09-30,분기말 부채총계,6369421894967,공시,https://dart.fss.or.kr/dsaf001/main.do?rcpNo=20131114001087,7
대우건설,047040,2013Q3,2013-09-30,분기말 총자본(자기자본),3479123941212,공시,https://dart.fss.or.kr/dsaf001/main.do?rcpNo=20131114001087,7
대우건설,047040,2013Q3,2013-09-30,분기별 매출액,2019634557730,공시,https://dart.fss.or.kr/dsaf001/main.do?rcpNo=20131114001087,7
대우건설,047040,2013Q3,2013-09-30,분기별 영업이익,104223254371,공시,https://dart.fss.or.kr/dsaf001/main.do?rcpNo=20131114001087,7
대우건설,047040,2013Q3,2013-09-30,분기별 당기순이익(지배),46536077763,공시,https://dart.fss.or.kr/dsaf001/main.do?rcpNo=20131114001087,7
대우건설,047040,2013Q3,2013-09-30,분기별 영업활동현금흐름,-437234648214,계산(누적차감),https://dart.fss.or.kr/dsaf001/main.do?rcpNo=20131114001087 ; https://dart.fss.or.kr/dsaf001/main.do?rcpNo=20130822000004,7
대우건설,047040,2013Q3,2013-09-30,분기말 지배지분 자본,3420789477648,공시,https://dart.fss.or.kr/dsaf001/main.do?rcpNo=20131114001087,7
대우건설,047040,2013Q3,2013-09-30,분기말 종가,8690,API,"https://data-dbg.krx.co.kr/svc/apis/sto/stk_bydd_trd?basDd=20130930 (KOSPI, 대우건설 ; 종가 8690 × 상장주식수 415622638 = 시가총액 3611760724220)",7
대우건설,047040,2013Q3,2013-09-30,분기말 상장주식수,415622638,API,"https://data-dbg.krx.co.kr/svc/apis/sto/stk_bydd_trd?basDd=20130930 (KOSPI, 대우건설 ; 종가 8690 × 상장주식수 415622638 = 시가총액 3611760724220)",7
대우건설,047040,2013Q3,2013-09-30,분기말 시가총액,3611760724220,API,"https://data-dbg.krx.co.kr/svc/apis/sto/stk_bydd_trd?basDd=20130930 (KOSPI, 대우건설 ; 종가 8690 × 상장주식수 415622638 = 시가총액 3611760724220)",7
대우건설,047040,2013Q4,2013-12-31,분기말 자산총계,10122312286871,공시,https://dart.fss.or.kr/dsaf001/main.do?rcpNo=20140515001499,7
대우건설,047040,2013Q4,2013-12-31,분기말 부채총계,7468717738059,공시,https://dart.fss.or.kr/dsaf001/main.do?rcpNo=20140515001499,7
대우건설,047040,2013Q4,2013-12-31,분기말 총자본(자기자본),2653594548812,공시,https://dart.fss.or.kr/dsaf001/main.do?rcpNo=20140515001499,7
대우건설,047040,2013Q4,2013-12-31,분기별 매출액,2166358755514,계산(연간-3분기누적),https://dart.fss.or.kr/dsaf001/main.do?rcpNo=20140515001499 ; https://dart.fss.or.kr/dsaf001/main.do?rcpNo=20131114001087,7
대우건설,047040,2013Q4,2013-12-31,분기별 영업이익,-568827510828,계산(연간-3분기누적),https://dart.fss.or.kr/dsaf001/main.do?rcpNo=20140515001499 ; https://dart.fss.or.kr/dsaf001/main.do?rcpNo=20131114001087,7
대우건설,047040,2013Q4,2013-12-31,분기별 당기순이익(지배),-833880600259,계산(연간-3분기누적),https://dart.fss.or.kr/dsaf001/main.do?rcpNo=20140515001499 ; https://dart.fss.or.kr/dsaf001/main.do?rcpNo=20131114001087,7
대우건설,047040,2013Q4,2013-12-31,분기별 영업활동현금흐름,-330818109235,계산(누적차감),https://dart.fss.or.kr/dsaf001/main.do?rcpNo=20140515001499 ; https://dart.fss.or.kr/dsaf001/main.do?rcpNo=20131114001087,7
대우건설,047040,2013Q4,2013-12-31,분기말 지배지분 자본,2596241065709,공시,https://dart.fss.or.kr/dsaf001/main.do?rcpNo=20140515001499,7
대우건설,047040,2013Q4,2013-12-30,분기말 종가,7370,API,"https://data-dbg.krx.co.kr/svc/apis/sto/stk_bydd_trd?basDd=20131230 (KOSPI, 대우건설 ; 종가 7370 × 상장주식수 415622638 = 시가총액 3063138842060)",7
대우건설,047040,2013Q4,2013-12-30,분기말 상장주식수,415622638,API,"https://data-dbg.krx.co.kr/svc/apis/sto/stk_bydd_trd?basDd=20131230 (KOSPI, 대우건설 ; 종가 7370 × 상장주식수 415622638 = 시가총액 3063138842060)",7
대우건설,047040,2013Q4,2013-12-30,분기말 시가총액,3063138842060,API,"https://data-dbg.krx.co.kr/svc/apis/sto/stk_bydd_trd?basDd=20131230 (KOSPI, 대우건설 ; 종가 7370 × 상장주식수 415622638 = 시가총액 3063138842060)",7
대우건설,047040,2014Q1,2014-03-31,분기말 자산총계,10541254999144,공시,https://dart.fss.or.kr/dsaf001/main.do?rcpNo=20140515001852,7
대우건설,047040,2014Q1,2014-03-31,분기말 부채총계,7800032552791,공시,https://dart.fss.or.kr/dsaf001/main.do?rcpNo=20140515001852,7
대우건설,047040,2014Q1,2014-03-31,분기말 총자본(자기자본),2741222446353,공시,https://dart.fss.or.kr/dsaf001/main.do?rcpNo=20140515001852,7
대우건설,047040,2014Q1,2014-03-31,분기별 매출액,2165358178340,공시,https://dart.fss.or.kr/dsaf001/main.do?rcpNo=20140515001852,7
대우건설,047040,2014Q1,2014-03-31,분기별 영업이익,130360727747,공시,https://dart.fss.or.kr/dsaf001/main.do?rcpNo=20140515001852,7
대우건설,047040,2014Q1,2014-03-31,분기별 당기순이익(지배),68542407481,공시,https://dart.fss.or.kr/dsaf001/main.do?rcpNo=20140515001852,7
대우건설,047040,2014Q1,2014-03-31,분기별 영업활동현금흐름,419439187323,공시,https://dart.fss.or.kr/dsaf001/main.do?rcpNo=20140515001852,7
대우건설,047040,2014Q1,2014-03-31,분기말 지배지분 자본,2682797628024,공시,https://dart.fss.or.kr/dsaf001/main.do?rcpNo=20140515001852,7
대우건설,047040,2014Q1,2014-03-31,분기말 종가,7950,API,"https://data-dbg.krx.co.kr/svc/apis/sto/stk_bydd_trd?basDd=20140331 (KOSPI, 대우건설 ; 종가 7950 × 상장주식수 415622638 = 시가총액 3304199972100)",7
대우건설,047040,2014Q1,2014-03-31,분기말 상장주식수,415622638,API,"https://data-dbg.krx.co.kr/svc/apis/sto/stk_bydd_trd?basDd=20140331 (KOSPI, 대우건설 ; 종가 7950 × 상장주식수 415622638 = 시가총액 3304199972100)",7
대우건설,047040,2014Q1,2014-03-31,분기말 시가총액,3304199972100,API,"https://data-dbg.krx.co.kr/svc/apis/sto/stk_bydd_trd?basDd=20140331 (KOSPI, 대우건설 ; 종가 7950 × 상장주식수 415622638 = 시가총액 3304199972100)",7
대우건설,047040,2014Q2,2014-06-30,분기말 자산총계,10680367842582,공시,https://dart.fss.or.kr/dsaf001/main.do?rcpNo=20140813000492,7
대우건설,047040,2014Q2,2014-06-30,분기말 부채총계,7988740620040,공시,https://dart.fss.or.kr/dsaf001/main.do?rcpNo=20140813000492,7
대우건설,047040,2014Q2,2014-06-30,분기말 총자본(자기자본),2691627222542,공시,https://dart.fss.or.kr/dsaf001/main.do?rcpNo=20140813000492,7
대우건설,047040,2014Q2,2014-06-30,분기별 매출액,2545879539380,공시,https://dart.fss.or.kr/dsaf001/main.do?rcpNo=20140813000492,7
대우건설,047040,2014Q2,2014-06-30,분기별 영업이익,113770340585,공시,https://dart.fss.or.kr/dsaf001/main.do?rcpNo=20140813000492,7
대우건설,047040,2014Q2,2014-06-30,분기별 당기순이익(지배),30095722036,공시,https://dart.fss.or.kr/dsaf001/main.do?rcpNo=20140813000492,7
대우건설,047040,2014Q2,2014-06-30,분기별 영업활동현금흐름,-403126839888,계산(누적차감),https://dart.fss.or.kr/dsaf001/main.do?rcpNo=20140813000492 ; https://dart.fss.or.kr/dsaf001/main.do?rcpNo=20140515001852,7
대우건설,047040,2014Q2,2014-06-30,분기말 지배지분 자본,2635726272822,공시,https://dart.fss.or.kr/dsaf001/main.do?rcpNo=20140813000492,7
대우건설,047040,2014Q2,2014-06-30,분기말 종가,8770,API,"https://data-dbg.krx.co.kr/svc/apis/sto/stk_bydd_trd?basDd=20140630 (KOSPI, 대우건설 ; 종가 8770 × 상장주식수 415622638 = 시가총액 3645010535260)",7
대우건설,047040,2014Q2,2014-06-30,분기말 상장주식수,415622638,API,"https://data-dbg.krx.co.kr/svc/apis/sto/stk_bydd_trd?basDd=20140630 (KOSPI, 대우건설 ; 종가 8770 × 상장주식수 415622638 = 시가총액 3645010535260)",7
대우건설,047040,2014Q2,2014-06-30,분기말 시가총액,3645010535260,API,"https://data-dbg.krx.co.kr/svc/apis/sto/stk_bydd_trd?basDd=20140630 (KOSPI, 대우건설 ; 종가 8770 × 상장주식수 415622638 = 시가총액 3645010535260)",7
대우건설,047040,2014Q3,2014-09-30,분기말 자산총계,10405613784014,공시,https://dart.fss.or.kr/dsaf001/main.do?rcpNo=20141114001587,7
대우건설,047040,2014Q3,2014-09-30,분기말 부채총계,7698013514132,공시,https://dart.fss.or.kr/dsaf001/main.do?rcpNo=20141114001587,7
대우건설,047040,2014Q3,2014-09-30,분기말 총자본(자기자본),2707600269882,공시,https://dart.fss.or.kr/dsaf001/main.do?rcpNo=20141114001587,7
대우건설,047040,2014Q3,2014-09-30,분기별 매출액,2606308853550,공시,https://dart.fss.or.kr/dsaf001/main.do?rcpNo=20141114001587,7
대우건설,047040,2014Q3,2014-09-30,분기별 영업이익,93808998366,공시,https://dart.fss.or.kr/dsaf001/main.do?rcpNo=20141114001587,7
대우건설,047040,2014Q3,2014-09-30,분기별 당기순이익(지배),-1374050727,공시,https://dart.fss.or.kr/dsaf001/main.do?rcpNo=20141114001587,7
대우건설,047040,2014Q3,2014-09-30,분기별 영업활동현금흐름,152590110495,계산(누적차감),https://dart.fss.or.kr/dsaf001/main.do?rcpNo=20141114001587 ; https://dart.fss.or.kr/dsaf001/main.do?rcpNo=20140813000492,7
대우건설,047040,2014Q3,2014-09-30,분기말 지배지분 자본,2648433432697,공시,https://dart.fss.or.kr/dsaf001/main.do?rcpNo=20141114001587,7
대우건설,047040,2014Q3,2014-09-30,분기말 종가,7680,API,"https://data-dbg.krx.co.kr/svc/apis/sto/stk_bydd_trd?basDd=20140930 (KOSPI, 대우건설 ; 종가 7680 × 상장주식수 415622638 = 시가총액 3191981859840)",7
대우건설,047040,2014Q3,2014-09-30,분기말 상장주식수,415622638,API,"https://data-dbg.krx.co.kr/svc/apis/sto/stk_bydd_trd?basDd=20140930 (KOSPI, 대우건설 ; 종가 7680 × 상장주식수 415622638 = 시가총액 3191981859840)",7
대우건설,047040,2014Q3,2014-09-30,분기말 시가총액,3191981859840,API,"https://data-dbg.krx.co.kr/svc/apis/sto/stk_bydd_trd?basDd=20140930 (KOSPI, 대우건설 ; 종가 7680 × 상장주식수 415622638 = 시가총액 3191981859840)",7
대우건설,047040,2014Q4,2014-12-31,분기말 자산총계,10260218123860,공시,https://dart.fss.or.kr/dsaf001/main.do?rcpNo=20150515002220,7
대우건설,047040,2014Q4,2014-12-31,분기말 부채총계,7534623219519,공시,https://dart.fss.or.kr/dsaf001/main.do?rcpNo=20150515002220,7
대우건설,047040,2014Q4,2014-12-31,분기말 총자본(자기자본),2725594904341,공시,https://dart.fss.or.kr/dsaf001/main.do?rcpNo=20150515002220,7
대우건설,047040,2014Q4,2014-12-31,분기별 매출액,2677476127871,계산(연간-3분기누적),https://dart.fss.or.kr/dsaf001/main.do?rcpNo=20150515002220 ; https://dart.fss.or.kr/dsaf001/main.do?rcpNo=20141114001587,7
대우건설,047040,2014Q4,2014-12-31,분기별 영업이익,89032407574,계산(연간-3분기누적),https://dart.fss.or.kr/dsaf001/main.do?rcpNo=20150515002220 ; https://dart.fss.or.kr/dsaf001/main.do?rcpNo=20141114001587,7
대우건설,047040,2014Q4,2014-12-31,분기별 당기순이익(지배),7538897273,계산(연간-3분기누적),https://dart.fss.or.kr/dsaf001/main.do?rcpNo=20150515002220 ; https://dart.fss.or.kr/dsaf001/main.do?rcpNo=20141114001587,7
대우건설,047040,2014Q4,2014-12-31,분기별 영업활동현금흐름,95506753750,계산(누적차감),https://dart.fss.or.kr/dsaf001/main.do?rcpNo=20150515002220 ; https://dart.fss.or.kr/dsaf001/main.do?rcpNo=20141114001587,7
대우건설,047040,2014Q4,2014-12-31,분기말 지배지분 자본,2629698069089,공시,https://dart.fss.or.kr/dsaf001/main.do?rcpNo=20150515002220,7
대우건설,047040,2014Q4,2014-12-30,분기말 종가,5890,API,"https://data-dbg.krx.co.kr/svc/apis/sto/stk_bydd_trd?basDd=20141230 (KOSPI, 대우건설 ; 종가 5890 × 상장주식수 415622638 = 시가총액 2448017337820)",7
대우건설,047040,2014Q4,2014-12-30,분기말 상장주식수,415622638,API,"https://data-dbg.krx.co.kr/svc/apis/sto/stk_bydd_trd?basDd=20141230 (KOSPI, 대우건설 ; 종가 5890 × 상장주식수 415622638 = 시가총액 2448017337820)",7
대우건설,047040,2014Q4,2014-12-30,분기말 시가총액,2448017337820,API,"https://data-dbg.krx.co.kr/svc/apis/sto/stk_bydd_trd?basDd=20141230 (KOSPI, 대우건설 ; 종가 5890 × 상장주식수 415622638 = 시가총액 2448017337820)",7
대우건설,047040,2015Q1,2015-03-31,분기말 자산총계,10231906049597,공시,https://dart.fss.or.kr/dsaf001/main.do?rcpNo=20150515002563,7
대우건설,047040,2015Q1,2015-03-31,분기말 부채총계,7554933270976,공시,https://dart.fss.or.kr/dsaf001/main.do?rcpNo=20150515002563,7
대우건설,047040,2015Q1,2015-03-31,분기말 총자본(자기자본),2676972778621,공시,https://dart.fss.or.kr/dsaf001/main.do?rcpNo=20150515002563,7
대우건설,047040,2015Q1,2015-03-31,분기별 매출액,2193785153345,공시,https://dart.fss.or.kr/dsaf001/main.do?rcpNo=20150515002563,7
대우건설,047040,2015Q1,2015-03-31,분기별 영업이익,58231462952,공시,https://dart.fss.or.kr/dsaf001/main.do?rcpNo=20150515002563,7
대우건설,047040,2015Q1,2015-03-31,분기별 당기순이익(지배),20659689607,공시,https://dart.fss.or.kr/dsaf001/main.do?rcpNo=20150515002563,7
대우건설,047040,2015Q1,2015-03-31,분기별 영업활동현금흐름,150543114262,공시,https://dart.fss.or.kr/dsaf001/main.do?rcpNo=20150515002563,7
대우건설,047040,2015Q1,2015-03-31,분기말 지배지분 자본,2580799115743,공시,https://dart.fss.or.kr/dsaf001/main.do?rcpNo=20150515002563,7
대우건설,047040,2015Q1,2015-03-31,분기말 종가,7930,API,"https://data-dbg.krx.co.kr/svc/apis/sto/stk_bydd_trd?basDd=20150331 (KOSPI, 대우건설 ; 종가 7930 × 상장주식수 415622638 = 시가총액 3295887519340)",7
대우건설,047040,2015Q1,2015-03-31,분기말 상장주식수,415622638,API,"https://data-dbg.krx.co.kr/svc/apis/sto/stk_bydd_trd?basDd=20150331 (KOSPI, 대우건설 ; 종가 7930 × 상장주식수 415622638 = 시가총액 3295887519340)",7
대우건설,047040,2015Q1,2015-03-31,분기말 시가총액,3295887519340,API,"https://data-dbg.krx.co.kr/svc/apis/sto/stk_bydd_trd?basDd=20150331 (KOSPI, 대우건설 ; 종가 7930 × 상장주식수 415622638 = 시가총액 3295887519340)",7
대우건설,047040,2015Q2,2015-06-30,분기말 자산총계,10411723369893,공시,https://dart.fss.or.kr/dsaf001/main.do?rcpNo=20150817001458,7
대우건설,047040,2015Q2,2015-06-30,분기말 부채총계,7690406750263,공시,https://dart.fss.or.kr/dsaf001/main.do?rcpNo=20150817001458,7
대우건설,047040,2015Q2,2015-06-30,분기말 총자본(자기자본),2721316619630,공시,https://dart.fss.or.kr/dsaf001/main.do?rcpNo=20150817001458,7
대우건설,047040,2015Q2,2015-06-30,분기별 매출액,2577575114556,공시,https://dart.fss.or.kr/dsaf001/main.do?rcpNo=20150817001458,7
대우건설,047040,2015Q2,2015-06-30,분기별 영업이익,104258318530,공시,https://dart.fss.or.kr/dsaf001/main.do?rcpNo=20150817001458,7
대우건설,047040,2015Q2,2015-06-30,분기별 당기순이익(지배),79511782187,공시,https://dart.fss.or.kr/dsaf001/main.do?rcpNo=20150817001458,7
대우건설,047040,2015Q2,2015-06-30,분기별 영업활동현금흐름,64125562531,계산(누적차감),https://dart.fss.or.kr/dsaf001/main.do?rcpNo=20150817001458 ; https://dart.fss.or.kr/dsaf001/main.do?rcpNo=20150515002563,7
대우건설,047040,2015Q2,2015-06-30,분기말 지배지분 자본,2665415539352,공시,https://dart.fss.or.kr/dsaf001/main.do?rcpNo=20150817001458,7
대우건설,047040,2015Q2,2015-06-30,분기말 종가,6180,API,"https://data-dbg.krx.co.kr/svc/apis/sto/stk_bydd_trd?basDd=20150630 (KOSPI, 대우건설 ; 종가 6180 × 상장주식수 415622638 = 시가총액 2568547902840)",7
대우건설,047040,2015Q2,2015-06-30,분기말 상장주식수,415622638,API,"https://data-dbg.krx.co.kr/svc/apis/sto/stk_bydd_trd?basDd=20150630 (KOSPI, 대우건설 ; 종가 6180 × 상장주식수 415622638 = 시가총액 2568547902840)",7
대우건설,047040,2015Q2,2015-06-30,분기말 시가총액,2568547902840,API,"https://data-dbg.krx.co.kr/svc/apis/sto/stk_bydd_trd?basDd=20150630 (KOSPI, 대우건설 ; 종가 6180 × 상장주식수 415622638 = 시가총액 2568547902840)",7
대우건설,047040,2015Q3,2015-09-30,분기말 자산총계,10186945899365,공시,https://dart.fss.or.kr/dsaf001/main.do?rcpNo=20151116001866,7
대우건설,047040,2015Q3,2015-09-30,분기말 부채총계,7386718073202,공시,https://dart.fss.or.kr/dsaf001/main.do?rcpNo=20151116001866,7
대우건설,047040,2015Q3,2015-09-30,분기말 총자본(자기자본),2800227826163,공시,https://dart.fss.or.kr/dsaf001/main.do?rcpNo=20151116001866,7
대우건설,047040,2015Q3,2015-09-30,분기별 매출액,2565345272696,공시,https://dart.fss.or.kr/dsaf001/main.do?rcpNo=20151116001866,7
대우건설,047040,2015Q3,2015-09-30,분기별 영업이익,120033284422,공시,https://dart.fss.or.kr/dsaf001/main.do?rcpNo=20151116001866,7
대우건설,047040,2015Q3,2015-09-30,분기별 당기순이익(지배),20911774696,공시,https://dart.fss.or.kr/dsaf001/main.do?rcpNo=20151116001866,7
대우건설,047040,2015Q3,2015-09-30,분기별 영업활동현금흐름,167381270761,계산(누적차감),https://dart.fss.or.kr/dsaf001/main.do?rcpNo=20151116001866 ; https://dart.fss.or.kr/dsaf001/main.do?rcpNo=20150817001458,7
대우건설,047040,2015Q3,2015-09-30,분기말 지배지분 자본,2741113840208,공시,https://dart.fss.or.kr/dsaf001/main.do?rcpNo=20151116001866,7
대우건설,047040,2015Q3,2015-09-30,분기말 종가,6380,API,"https://data-dbg.krx.co.kr/svc/apis/sto/stk_bydd_trd?basDd=20150930 (KOSPI, 대우건설 ; 종가 6380 × 상장주식수 415622638 = 시가총액 2651672430440)",7
대우건설,047040,2015Q3,2015-09-30,분기말 상장주식수,415622638,API,"https://data-dbg.krx.co.kr/svc/apis/sto/stk_bydd_trd?basDd=20150930 (KOSPI, 대우건설 ; 종가 6380 × 상장주식수 415622638 = 시가총액 2651672430440)",7
대우건설,047040,2015Q3,2015-09-30,분기말 시가총액,2651672430440,API,"https://data-dbg.krx.co.kr/svc/apis/sto/stk_bydd_trd?basDd=20150930 (KOSPI, 대우건설 ; 종가 6380 × 상장주식수 415622638 = 시가총액 2651672430440)",7
대우건설,047040,2015Q4,2015-12-31,분기말 자산총계,10063706511751,공시(재작성 반영),https://dart.fss.or.kr/dsaf001/main.do?rcpNo=20160330004245 ; 재작성 출처: https://dart.fss.or.kr/dsaf001/main.do?rcpNo=20170407002473,7
대우건설,047040,2015Q4,2015-12-31,분기말 부채총계,7270402199612,공시(재작성 반영),https://dart.fss.or.kr/dsaf001/main.do?rcpNo=20160330004245 ; 재작성 출처: https://dart.fss.or.kr/dsaf001/main.do?rcpNo=20170407002473,7
대우건설,047040,2015Q4,2015-12-31,분기말 총자본(자기자본),2793304312139,공시(재작성 반영),https://dart.fss.or.kr/dsaf001/main.do?rcpNo=20160330004245 ; 재작성 출처: https://dart.fss.or.kr/dsaf001/main.do?rcpNo=20170407002473,7
대우건설,047040,2015Q4,2015-12-31,분기별 매출액,2599028765242,계산(연간-3분기누적),https://dart.fss.or.kr/dsaf001/main.do?rcpNo=20160330004245 ; https://dart.fss.or.kr/dsaf001/main.do?rcpNo=20151116001866,7
대우건설,047040,2015Q4,2015-12-31,분기별 영업이익,60910684933,계산(연간-3분기누적),https://dart.fss.or.kr/dsaf001/main.do?rcpNo=20160330004245 ; https://dart.fss.or.kr/dsaf001/main.do?rcpNo=20151116001866,7
대우건설,047040,2015Q4,2015-12-31,분기별 당기순이익(지배),22209056338,계산(연간-3분기누적),https://dart.fss.or.kr/dsaf001/main.do?rcpNo=20160330004245 ; https://dart.fss.or.kr/dsaf001/main.do?rcpNo=20151116001866,7
대우건설,047040,2015Q4,2015-12-31,분기별 영업활동현금흐름,302991821030,계산(누적차감),https://dart.fss.or.kr/dsaf001/main.do?rcpNo=20160330004245 ; https://dart.fss.or.kr/dsaf001/main.do?rcpNo=20151116001866,7
대우건설,047040,2015Q4,2015-12-31,분기말 지배지분 자본,2735538162081,공시(재작성 반영),https://dart.fss.or.kr/dsaf001/main.do?rcpNo=20160330004245 ; 재작성 출처: https://dart.fss.or.kr/dsaf001/main.do?rcpNo=20170407002473,7
대우건설,047040,2015Q4,2015-12-30,분기말 종가,5600,API,"https://data-dbg.krx.co.kr/svc/apis/sto/stk_bydd_trd?basDd=20151230 (KOSPI, 대우건설 ; 종가 5600 × 상장주식수 415622638 = 시가총액 2327486772800)",7
대우건설,047040,2015Q4,2015-12-30,분기말 상장주식수,415622638,API,"https://data-dbg.krx.co.kr/svc/apis/sto/stk_bydd_trd?basDd=20151230 (KOSPI, 대우건설 ; 종가 5600 × 상장주식수 415622638 = 시가총액 2327486772800)",7
대우건설,047040,2015Q4,2015-12-30,분기말 시가총액,2327486772800,API,"https://data-dbg.krx.co.kr/svc/apis/sto/stk_bydd_trd?basDd=20151230 (KOSPI, 대우건설 ; 종가 5600 × 상장주식수 415622638 = 시가총액 2327486772800)",7
대우건설,047040,2016Q1,2016-03-31,분기말 자산총계,10441745949290,공시,https://dart.fss.or.kr/dsaf001/main.do?rcpNo=20160516003633,7
대우건설,047040,2016Q1,2016-03-31,분기말 부채총계,7651481684769,공시,https://dart.fss.or.kr/dsaf001/main.do?rcpNo=20160516003633,7
대우건설,047040,2016Q1,2016-03-31,분기말 총자본(자기자본),2790264264521,공시,https://dart.fss.or.kr/dsaf001/main.do?rcpNo=20160516003633,7
대우건설,047040,2016Q1,2016-03-31,분기별 매출액,2569901620420,공시,https://dart.fss.or.kr/dsaf001/main.do?rcpNo=20160516003633,7
대우건설,047040,2016Q1,2016-03-31,분기별 영업이익,60535138912,공시,https://dart.fss.or.kr/dsaf001/main.do?rcpNo=20160516003633,7
대우건설,047040,2016Q1,2016-03-31,분기별 당기순이익(지배),-18749873975,공시,https://dart.fss.or.kr/dsaf001/main.do?rcpNo=20160516003633,7
대우건설,047040,2016Q1,2016-03-31,분기별 영업활동현금흐름,-51983797604,공시,https://dart.fss.or.kr/dsaf001/main.do?rcpNo=20160516003633,7
대우건설,047040,2016Q1,2016-03-31,분기말 지배지분 자본,2733100768078,공시,https://dart.fss.or.kr/dsaf001/main.do?rcpNo=20160516003633,7
대우건설,047040,2016Q1,2016-03-31,분기말 종가,6280,API,"https://data-dbg.krx.co.kr/svc/apis/sto/stk_bydd_trd?basDd=20160331 (KOSPI, 대우건설 ; 종가 6280 × 상장주식수 415622638 = 시가총액 2610110166640)",7
대우건설,047040,2016Q1,2016-03-31,분기말 상장주식수,415622638,API,"https://data-dbg.krx.co.kr/svc/apis/sto/stk_bydd_trd?basDd=20160331 (KOSPI, 대우건설 ; 종가 6280 × 상장주식수 415622638 = 시가총액 2610110166640)",7
대우건설,047040,2016Q1,2016-03-31,분기말 시가총액,2610110166640,API,"https://data-dbg.krx.co.kr/svc/apis/sto/stk_bydd_trd?basDd=20160331 (KOSPI, 대우건설 ; 종가 6280 × 상장주식수 415622638 = 시가총액 2610110166640)",7
대우건설,047040,2016Q2,2016-06-30,분기말 자산총계,10194398911047,공시,https://dart.fss.or.kr/dsaf001/main.do?rcpNo=20160816002207,7
대우건설,047040,2016Q2,2016-06-30,분기말 부채총계,7423091916613,공시,https://dart.fss.or.kr/dsaf001/main.do?rcpNo=20160816002207,7
대우건설,047040,2016Q2,2016-06-30,분기말 총자본(자기자본),2771306994434,공시,https://dart.fss.or.kr/dsaf001/main.do?rcpNo=20160816002207,7
대우건설,047040,2016Q2,2016-06-30,분기별 매출액,3028610969928,공시(재작성 반영),https://dart.fss.or.kr/dsaf001/main.do?rcpNo=20160816002207 ; 재작성 출처: https://dart.fss.or.kr/dsaf001/main.do?rcpNo=20170814000666,7
대우건설,047040,2016Q2,2016-06-30,분기별 영업이익,112652771973,공시(재작성 반영),https://dart.fss.or.kr/dsaf001/main.do?rcpNo=20160816002207 ; 재작성 출처: https://dart.fss.or.kr/dsaf001/main.do?rcpNo=20170814000666,7
대우건설,047040,2016Q2,2016-06-30,분기별 당기순이익(지배),53862090211,공시(재작성 반영),https://dart.fss.or.kr/dsaf001/main.do?rcpNo=20160816002207 ; 재작성 출처: https://dart.fss.or.kr/dsaf001/main.do?rcpNo=20170814000666,7
대우건설,047040,2016Q2,2016-06-30,분기별 영업활동현금흐름,54447669955,계산(누적차감)(재작성 반영),https://dart.fss.or.kr/dsaf001/main.do?rcpNo=20160816002207 ; https://dart.fss.or.kr/dsaf001/main.do?rcpNo=20160516003633 ; 재작성 출처: https://dart.fss.or.kr/dsaf001/main.do?rcpNo=20170814000666,7
대우건설,047040,2016Q2,2016-06-30,분기말 지배지분 자본,2713868034565,공시,https://dart.fss.or.kr/dsaf001/main.do?rcpNo=20160816002207,7
대우건설,047040,2016Q2,2016-06-30,분기말 종가,5610,API,"https://data-dbg.krx.co.kr/svc/apis/sto/stk_bydd_trd?basDd=20160630 (KOSPI, 대우건설 ; 종가 5610 × 상장주식수 415622638 = 시가총액 2331642999180)",7
대우건설,047040,2016Q2,2016-06-30,분기말 상장주식수,415622638,API,"https://data-dbg.krx.co.kr/svc/apis/sto/stk_bydd_trd?basDd=20160630 (KOSPI, 대우건설 ; 종가 5610 × 상장주식수 415622638 = 시가총액 2331642999180)",7
대우건설,047040,2016Q2,2016-06-30,분기말 시가총액,2331642999180,API,"https://data-dbg.krx.co.kr/svc/apis/sto/stk_bydd_trd?basDd=20160630 (KOSPI, 대우건설 ; 종가 5610 × 상장주식수 415622638 = 시가총액 2331642999180)",7
대우건설,047040,2016Q3,2016-09-30,분기말 자산총계,10045663079697,공시,https://dart.fss.or.kr/dsaf001/main.do?rcpNo=20161114002517,7
대우건설,047040,2016Q3,2016-09-30,분기말 부채총계,7333049874139,공시,https://dart.fss.or.kr/dsaf001/main.do?rcpNo=20161114002517,7
대우건설,047040,2016Q3,2016-09-30,분기말 총자본(자기자본),2712613205558,공시,https://dart.fss.or.kr/dsaf001/main.do?rcpNo=20161114002517,7
대우건설,047040,2016Q3,2016-09-30,분기별 매출액,2806070626991,공시(재작성 반영),https://dart.fss.or.kr/dsaf001/main.do?rcpNo=20161114002517 ; 재작성 출처: https://dart.fss.or.kr/dsaf001/main.do?rcpNo=20171114002066,7
대우건설,047040,2016Q3,2016-09-30,분기별 영업이익,106269210718,공시(재작성 반영),https://dart.fss.or.kr/dsaf001/main.do?rcpNo=20161114002517 ; 재작성 출처: https://dart.fss.or.kr/dsaf001/main.do?rcpNo=20171114002066,7
대우건설,047040,2016Q3,2016-09-30,분기별 당기순이익(지배),68157943544,공시(재작성 반영),https://dart.fss.or.kr/dsaf001/main.do?rcpNo=20161114002517 ; 재작성 출처: https://dart.fss.or.kr/dsaf001/main.do?rcpNo=20171114002066,7
대우건설,047040,2016Q3,2016-09-30,분기별 영업활동현금흐름,-141347120674,계산(누적차감)(재작성 반영),https://dart.fss.or.kr/dsaf001/main.do?rcpNo=20161114002517 ; https://dart.fss.or.kr/dsaf001/main.do?rcpNo=20160816002207 ; 재작성 출처: https://dart.fss.or.kr/dsaf001/main.do?rcpNo=20170814000666 ; https://dart.fss.or.kr/dsaf001/main.do?rcpNo=20171114002066,7
대우건설,047040,2016Q3,2016-09-30,분기말 지배지분 자본,2658477065316,공시,https://dart.fss.or.kr/dsaf001/main.do?rcpNo=20161114002517,7
대우건설,047040,2016Q3,2016-09-30,분기말 종가,6360,API,"https://data-dbg.krx.co.kr/svc/apis/sto/stk_bydd_trd?basDd=20160930 (KOSPI, 대우건설 ; 종가 6360 × 상장주식수 415622638 = 시가총액 2643359977680)",7
대우건설,047040,2016Q3,2016-09-30,분기말 상장주식수,415622638,API,"https://data-dbg.krx.co.kr/svc/apis/sto/stk_bydd_trd?basDd=20160930 (KOSPI, 대우건설 ; 종가 6360 × 상장주식수 415622638 = 시가총액 2643359977680)",7
대우건설,047040,2016Q3,2016-09-30,분기말 시가총액,2643359977680,API,"https://data-dbg.krx.co.kr/svc/apis/sto/stk_bydd_trd?basDd=20160930 (KOSPI, 대우건설 ; 종가 6360 × 상장주식수 415622638 = 시가총액 2643359977680)",7
대우건설,047040,2016Q4,2016-12-31,분기말 자산총계,9970246456543,공시,https://dart.fss.or.kr/dsaf001/main.do?rcpNo=20170407002473,7
대우건설,047040,2016Q4,2016-12-31,분기말 부채총계,7900336457136,공시,https://dart.fss.or.kr/dsaf001/main.do?rcpNo=20170407002473,7
대우건설,047040,2016Q4,2016-12-31,분기말 총자본(자기자본),2069909999407,공시,https://dart.fss.or.kr/dsaf001/main.do?rcpNo=20170407002473,7
대우건설,047040,2016Q4,2016-12-31,분기별 매출액,2712354206547,계산(연간-3분기누적)(재작성 반영),https://dart.fss.or.kr/dsaf001/main.do?rcpNo=20170407002473 ; https://dart.fss.or.kr/dsaf001/main.do?rcpNo=20161114002517 ; 재작성 출처: https://dart.fss.or.kr/dsaf001/main.do?rcpNo=20171114002066,7
대우건설,047040,2016Q4,2016-12-31,분기별 영업이익,-767771292194,계산(연간-3분기누적)(재작성 반영),https://dart.fss.or.kr/dsaf001/main.do?rcpNo=20170407002473 ; https://dart.fss.or.kr/dsaf001/main.do?rcpNo=20161114002517 ; 재작성 출처: https://dart.fss.or.kr/dsaf001/main.do?rcpNo=20171114002066,7
대우건설,047040,2016Q4,2016-12-31,분기별 당기순이익(지배),-850839758278,계산(연간-3분기누적)(재작성 반영),https://dart.fss.or.kr/dsaf001/main.do?rcpNo=20170407002473 ; https://dart.fss.or.kr/dsaf001/main.do?rcpNo=20161114002517 ; 재작성 출처: https://dart.fss.or.kr/dsaf001/main.do?rcpNo=20171114002066,7
대우건설,047040,2016Q4,2016-12-31,분기별 영업활동현금흐름,497717315227,계산(누적차감),https://dart.fss.or.kr/dsaf001/main.do?rcpNo=20170407002473 ; https://dart.fss.or.kr/dsaf001/main.do?rcpNo=20161114002517,7
대우건설,047040,2016Q4,2016-12-31,분기말 지배지분 자본,2031616854293,공시,https://dart.fss.or.kr/dsaf001/main.do?rcpNo=20170407002473,7
대우건설,047040,2016Q4,2016-12-29,분기말 종가,5080,API,"https://data-dbg.krx.co.kr/svc/apis/sto/stk_bydd_trd?basDd=20161229 (KOSPI, 대우건설 ; 종가 5080 × 상장주식수 415622638 = 시가총액 2111363001040)",7
대우건설,047040,2016Q4,2016-12-29,분기말 상장주식수,415622638,API,"https://data-dbg.krx.co.kr/svc/apis/sto/stk_bydd_trd?basDd=20161229 (KOSPI, 대우건설 ; 종가 5080 × 상장주식수 415622638 = 시가총액 2111363001040)",7
대우건설,047040,2016Q4,2016-12-29,분기말 시가총액,2111363001040,API,"https://data-dbg.krx.co.kr/svc/apis/sto/stk_bydd_trd?basDd=20161229 (KOSPI, 대우건설 ; 종가 5080 × 상장주식수 415622638 = 시가총액 2111363001040)",7
대우건설,047040,2017Q1,2017-03-31,분기말 자산총계,9900043145969,공시,https://dart.fss.or.kr/dsaf001/main.do?rcpNo=20170515003464,7
대우건설,047040,2017Q1,2017-03-31,분기말 부채총계,7682717966498,공시,https://dart.fss.or.kr/dsaf001/main.do?rcpNo=20170515003464,7
대우건설,047040,2017Q1,2017-03-31,분기말 총자본(자기자본),2217325179471,공시,https://dart.fss.or.kr/dsaf001/main.do?rcpNo=20170515003464,7
대우건설,047040,2017Q1,2017-03-31,분기별 매출액,2640144770606,공시,https://dart.fss.or.kr/dsaf001/main.do?rcpNo=20170515003464,7
대우건설,047040,2017Q1,2017-03-31,분기별 영업이익,221108946326,공시,https://dart.fss.or.kr/dsaf001/main.do?rcpNo=20170515003464,7
대우건설,047040,2017Q1,2017-03-31,분기별 당기순이익(지배),192101033733,공시,https://dart.fss.or.kr/dsaf001/main.do?rcpNo=20170515003464,7
대우건설,047040,2017Q1,2017-03-31,분기별 영업활동현금흐름,477507485302,공시,https://dart.fss.or.kr/dsaf001/main.do?rcpNo=20170515003464,7
대우건설,047040,2017Q1,2017-03-31,분기말 지배지분 자본,2181529952621,공시,https://dart.fss.or.kr/dsaf001/main.do?rcpNo=20170515003464,7
대우건설,047040,2017Q1,2017-03-31,분기말 종가,7250,API,"https://data-dbg.krx.co.kr/svc/apis/sto/stk_bydd_trd?basDd=20170331 (KOSPI, 대우건설 ; 종가 7250 × 상장주식수 415622638 = 시가총액 3013264125500)",7
대우건설,047040,2017Q1,2017-03-31,분기말 상장주식수,415622638,API,"https://data-dbg.krx.co.kr/svc/apis/sto/stk_bydd_trd?basDd=20170331 (KOSPI, 대우건설 ; 종가 7250 × 상장주식수 415622638 = 시가총액 3013264125500)",7
대우건설,047040,2017Q1,2017-03-31,분기말 시가총액,3013264125500,API,"https://data-dbg.krx.co.kr/svc/apis/sto/stk_bydd_trd?basDd=20170331 (KOSPI, 대우건설 ; 종가 7250 × 상장주식수 415622638 = 시가총액 3013264125500)",7
대우건설,047040,2017Q2,2017-06-30,분기말 자산총계,9870594468259,공시,https://dart.fss.or.kr/dsaf001/main.do?rcpNo=20170814000666,7
대우건설,047040,2017Q2,2017-06-30,분기말 부채총계,7509930879915,공시,https://dart.fss.or.kr/dsaf001/main.do?rcpNo=20170814000666,7
대우건설,047040,2017Q2,2017-06-30,분기말 총자본(자기자본),2360663588344,공시,https://dart.fss.or.kr/dsaf001/main.do?rcpNo=20170814000666,7
대우건설,047040,2017Q2,2017-06-30,분기별 매출액,3114054063682,공시,https://dart.fss.or.kr/dsaf001/main.do?rcpNo=20170814000666,7
대우건설,047040,2017Q2,2017-06-30,분기별 영업이익,245812993845,공시,https://dart.fss.or.kr/dsaf001/main.do?rcpNo=20170814000666,7
대우건설,047040,2017Q2,2017-06-30,분기별 당기순이익(지배),131140062620,공시,https://dart.fss.or.kr/dsaf001/main.do?rcpNo=20170814000666,7
대우건설,047040,2017Q2,2017-06-30,분기별 영업활동현금흐름,74479569309,계산(누적차감),https://dart.fss.or.kr/dsaf001/main.do?rcpNo=20170814000666 ; https://dart.fss.or.kr/dsaf001/main.do?rcpNo=20170515003464,7
대우건설,047040,2017Q2,2017-06-30,분기말 지배지분 자본,2323642500035,공시,https://dart.fss.or.kr/dsaf001/main.do?rcpNo=20170814000666,7
대우건설,047040,2017Q2,2017-06-30,분기말 종가,7580,API,"https://data-dbg.krx.co.kr/svc/apis/sto/stk_bydd_trd?basDd=20170630 (KOSPI, 대우건설 ; 종가 7580 × 상장주식수 415622638 = 시가총액 3150419596040)",7
대우건설,047040,2017Q2,2017-06-30,분기말 상장주식수,415622638,API,"https://data-dbg.krx.co.kr/svc/apis/sto/stk_bydd_trd?basDd=20170630 (KOSPI, 대우건설 ; 종가 7580 × 상장주식수 415622638 = 시가총액 3150419596040)",7
대우건설,047040,2017Q2,2017-06-30,분기말 시가총액,3150419596040,API,"https://data-dbg.krx.co.kr/svc/apis/sto/stk_bydd_trd?basDd=20170630 (KOSPI, 대우건설 ; 종가 7580 × 상장주식수 415622638 = 시가총액 3150419596040)",7
대우건설,047040,2017Q3,2017-09-30,분기말 자산총계,9465676400271,공시,https://dart.fss.or.kr/dsaf001/main.do?rcpNo=20171114002066,7
대우건설,047040,2017Q3,2017-09-30,분기말 부채총계,7004776454332,공시,https://dart.fss.or.kr/dsaf001/main.do?rcpNo=20171114002066,7
대우건설,047040,2017Q3,2017-09-30,분기말 총자본(자기자본),2460899945939,공시,https://dart.fss.or.kr/dsaf001/main.do?rcpNo=20171114002066,7
대우건설,047040,2017Q3,2017-09-30,분기별 매출액,3098039753475,공시,https://dart.fss.or.kr/dsaf001/main.do?rcpNo=20171114002066,7
대우건설,047040,2017Q3,2017-09-30,분기별 영업이익,113621969290,공시,https://dart.fss.or.kr/dsaf001/main.do?rcpNo=20171114002066,7
대우건설,047040,2017Q3,2017-09-30,분기별 당기순이익(지배),89490676857,공시,https://dart.fss.or.kr/dsaf001/main.do?rcpNo=20171114002066,7
대우건설,047040,2017Q3,2017-09-30,분기별 영업활동현금흐름,-144759943676,계산(누적차감),https://dart.fss.or.kr/dsaf001/main.do?rcpNo=20171114002066 ; https://dart.fss.or.kr/dsaf001/main.do?rcpNo=20170814000666,7
대우건설,047040,2017Q3,2017-09-30,분기말 지배지분 자본,2423300829538,공시,https://dart.fss.or.kr/dsaf001/main.do?rcpNo=20171114002066,7
대우건설,047040,2017Q3,2017-09-29,분기말 종가,7210,API,"https://data-dbg.krx.co.kr/svc/apis/sto/stk_bydd_trd?basDd=20170929 (KOSPI, 대우건설 ; 종가 7210 × 상장주식수 415622638 = 시가총액 2996639219980)",7
대우건설,047040,2017Q3,2017-09-29,분기말 상장주식수,415622638,API,"https://data-dbg.krx.co.kr/svc/apis/sto/stk_bydd_trd?basDd=20170929 (KOSPI, 대우건설 ; 종가 7210 × 상장주식수 415622638 = 시가총액 2996639219980)",7
대우건설,047040,2017Q3,2017-09-29,분기말 시가총액,2996639219980,API,"https://data-dbg.krx.co.kr/svc/apis/sto/stk_bydd_trd?basDd=20170929 (KOSPI, 대우건설 ; 종가 7210 × 상장주식수 415622638 = 시가총액 2996639219980)",7
대우건설,047040,2017Q4,2017-12-31,분기말 자산총계,8776332435585,공시,https://dart.fss.or.kr/dsaf001/main.do?rcpNo=20180402004388,7
대우건설,047040,2017Q4,2017-12-31,분기말 부채총계,6498263149456,공시,https://dart.fss.or.kr/dsaf001/main.do?rcpNo=20180402004388,7
대우건설,047040,2017Q4,2017-12-31,분기말 총자본(자기자본),2278069286129,공시,https://dart.fss.or.kr/dsaf001/main.do?rcpNo=20180402004388,7
대우건설,047040,2017Q4,2017-12-31,분기별 매출액,2914601899906,계산(연간-3분기누적),https://dart.fss.or.kr/dsaf001/main.do?rcpNo=20180402004388 ; https://dart.fss.or.kr/dsaf001/main.do?rcpNo=20171114002066,7
대우건설,047040,2017Q4,2017-12-31,분기별 영업이익,-151517542442,계산(연간-3분기누적),https://dart.fss.or.kr/dsaf001/main.do?rcpNo=20180402004388 ; https://dart.fss.or.kr/dsaf001/main.do?rcpNo=20171114002066,7
대우건설,047040,2017Q4,2017-12-31,분기별 당기순이익(지배),-153794646054,계산(연간-3분기누적),https://dart.fss.or.kr/dsaf001/main.do?rcpNo=20180402004388 ; https://dart.fss.or.kr/dsaf001/main.do?rcpNo=20171114002066,7
대우건설,047040,2017Q4,2017-12-31,분기별 영업활동현금흐름,-69814550343,계산(누적차감),https://dart.fss.or.kr/dsaf001/main.do?rcpNo=20180402004388 ; https://dart.fss.or.kr/dsaf001/main.do?rcpNo=20171114002066,7
대우건설,047040,2017Q4,2017-12-31,분기말 지배지분 자본,2242591672888,공시,https://dart.fss.or.kr/dsaf001/main.do?rcpNo=20180402004388,7
대우건설,047040,2017Q4,2017-12-28,분기말 종가,5920,API,"https://data-dbg.krx.co.kr/svc/apis/sto/stk_bydd_trd?basDd=20171228 (KOSPI, 대우건설 ; 종가 5920 × 상장주식수 415622638 = 시가총액 2460486016960)",7
대우건설,047040,2017Q4,2017-12-28,분기말 상장주식수,415622638,API,"https://data-dbg.krx.co.kr/svc/apis/sto/stk_bydd_trd?basDd=20171228 (KOSPI, 대우건설 ; 종가 5920 × 상장주식수 415622638 = 시가총액 2460486016960)",7
대우건설,047040,2017Q4,2017-12-28,분기말 시가총액,2460486016960,API,"https://data-dbg.krx.co.kr/svc/apis/sto/stk_bydd_trd?basDd=20171228 (KOSPI, 대우건설 ; 종가 5920 × 상장주식수 415622638 = 시가총액 2460486016960)",7
대우건설,047040,2018Q1,2018-03-31,분기말 자산총계,9374192725154,공시,https://dart.fss.or.kr/dsaf001/main.do?rcpNo=20180515001561,7
대우건설,047040,2018Q1,2018-03-31,분기말 부채총계,7218531651146,공시,https://dart.fss.or.kr/dsaf001/main.do?rcpNo=20180515001561,7
대우건설,047040,2018Q1,2018-03-31,분기말 총자본(자기자본),2155661074008,공시,https://dart.fss.or.kr/dsaf001/main.do?rcpNo=20180515001561,7
대우건설,047040,2018Q1,2018-03-31,분기별 매출액,2652824836003,공시,https://dart.fss.or.kr/dsaf001/main.do?rcpNo=20180515001561,7
대우건설,047040,2018Q1,2018-03-31,분기별 영업이익,182025600905,공시,https://dart.fss.or.kr/dsaf001/main.do?rcpNo=20180515001561,7
대우건설,047040,2018Q1,2018-03-31,분기별 당기순이익(지배),111559002148,공시,https://dart.fss.or.kr/dsaf001/main.do?rcpNo=20180515001561,7
대우건설,047040,2018Q1,2018-03-31,분기별 영업활동현금흐름,74379728110,공시,https://dart.fss.or.kr/dsaf001/main.do?rcpNo=20180515001561,7
대우건설,047040,2018Q1,2018-03-31,분기말 지배지분 자본,2118745307166,공시,https://dart.fss.or.kr/dsaf001/main.do?rcpNo=20180515001561,7
대우건설,047040,2018Q1,2018-03-30,분기말 종가,5270,API,"https://data-dbg.krx.co.kr/svc/apis/sto/stk_bydd_trd?basDd=20180330 (KOSPI, 대우건설 ; 종가 5270 × 상장주식수 415622638 = 시가총액 2190331302260)",7
대우건설,047040,2018Q1,2018-03-30,분기말 상장주식수,415622638,API,"https://data-dbg.krx.co.kr/svc/apis/sto/stk_bydd_trd?basDd=20180330 (KOSPI, 대우건설 ; 종가 5270 × 상장주식수 415622638 = 시가총액 2190331302260)",7
대우건설,047040,2018Q1,2018-03-30,분기말 시가총액,2190331302260,API,"https://data-dbg.krx.co.kr/svc/apis/sto/stk_bydd_trd?basDd=20180330 (KOSPI, 대우건설 ; 종가 5270 × 상장주식수 415622638 = 시가총액 2190331302260)",7
대우건설,047040,2018Q2,2018-06-30,분기말 자산총계,9664275239120,공시,https://dart.fss.or.kr/dsaf001/main.do?rcpNo=20180814001951,7
대우건설,047040,2018Q2,2018-06-30,분기말 부채총계,7405464022411,공시,https://dart.fss.or.kr/dsaf001/main.do?rcpNo=20180814001951,7
대우건설,047040,2018Q2,2018-06-30,분기말 총자본(자기자본),2258811216709,공시,https://dart.fss.or.kr/dsaf001/main.do?rcpNo=20180814001951,7
대우건설,047040,2018Q2,2018-06-30,분기별 매출액,2963903386973,공시,https://dart.fss.or.kr/dsaf001/main.do?rcpNo=20180814001951,7
대우건설,047040,2018Q2,2018-06-30,분기별 영업이익,161688684441,공시,https://dart.fss.or.kr/dsaf001/main.do?rcpNo=20180814001951,7
대우건설,047040,2018Q2,2018-06-30,분기별 당기순이익(지배),87634889585,공시,https://dart.fss.or.kr/dsaf001/main.do?rcpNo=20180814001951,7
대우건설,047040,2018Q2,2018-06-30,분기별 영업활동현금흐름,9020411643,계산(누적차감),https://dart.fss.or.kr/dsaf001/main.do?rcpNo=20180814001951 ; https://dart.fss.or.kr/dsaf001/main.do?rcpNo=20180515001561,7
대우건설,047040,2018Q2,2018-06-30,분기말 지배지분 자본,2222252216772,공시,https://dart.fss.or.kr/dsaf001/main.do?rcpNo=20180814001951,7
대우건설,047040,2018Q2,2018-06-29,분기말 종가,5870,API,"https://data-dbg.krx.co.kr/svc/apis/sto/stk_bydd_trd?basDd=20180629 (KOSPI, 대우건설 ; 종가 5870 × 상장주식수 415622638 = 시가총액 2439704885060)",7
대우건설,047040,2018Q2,2018-06-29,분기말 상장주식수,415622638,API,"https://data-dbg.krx.co.kr/svc/apis/sto/stk_bydd_trd?basDd=20180629 (KOSPI, 대우건설 ; 종가 5870 × 상장주식수 415622638 = 시가총액 2439704885060)",7
대우건설,047040,2018Q2,2018-06-29,분기말 시가총액,2439704885060,API,"https://data-dbg.krx.co.kr/svc/apis/sto/stk_bydd_trd?basDd=20180629 (KOSPI, 대우건설 ; 종가 5870 × 상장주식수 415622638 = 시가총액 2439704885060)",7
대우건설,047040,2018Q3,2018-09-30,분기말 자산총계,9192743817853,공시,https://dart.fss.or.kr/dsaf001/main.do?rcpNo=20181114002076,7
대우건설,047040,2018Q3,2018-09-30,분기말 부채총계,6877474115578,공시,https://dart.fss.or.kr/dsaf001/main.do?rcpNo=20181114002076,7
대우건설,047040,2018Q3,2018-09-30,분기말 총자본(자기자본),2315269702275,공시,https://dart.fss.or.kr/dsaf001/main.do?rcpNo=20181114002076,7
대우건설,047040,2018Q3,2018-09-30,분기별 매출액,2728502574430,공시,https://dart.fss.or.kr/dsaf001/main.do?rcpNo=20181114002076,7
대우건설,047040,2018Q3,2018-09-30,분기별 영업이익,191468609805,공시,https://dart.fss.or.kr/dsaf001/main.do?rcpNo=20181114002076,7
대우건설,047040,2018Q3,2018-09-30,분기별 당기순이익(지배),67908010747,공시,https://dart.fss.or.kr/dsaf001/main.do?rcpNo=20181114002076,7
대우건설,047040,2018Q3,2018-09-30,분기별 영업활동현금흐름,-223223070602,계산(누적차감),https://dart.fss.or.kr/dsaf001/main.do?rcpNo=20181114002076 ; https://dart.fss.or.kr/dsaf001/main.do?rcpNo=20180814001951,7
대우건설,047040,2018Q3,2018-09-30,분기말 지배지분 자본,2279412002232,공시,https://dart.fss.or.kr/dsaf001/main.do?rcpNo=20181114002076,7
대우건설,047040,2018Q3,2018-09-28,분기말 종가,5920,API,"https://data-dbg.krx.co.kr/svc/apis/sto/stk_bydd_trd?basDd=20180928 (KOSPI, 대우건설 ; 종가 5920 × 상장주식수 415622638 = 시가총액 2460486016960)",7
대우건설,047040,2018Q3,2018-09-28,분기말 상장주식수,415622638,API,"https://data-dbg.krx.co.kr/svc/apis/sto/stk_bydd_trd?basDd=20180928 (KOSPI, 대우건설 ; 종가 5920 × 상장주식수 415622638 = 시가총액 2460486016960)",7
대우건설,047040,2018Q3,2018-09-28,분기말 시가총액,2460486016960,API,"https://data-dbg.krx.co.kr/svc/apis/sto/stk_bydd_trd?basDd=20180928 (KOSPI, 대우건설 ; 종가 5920 × 상장주식수 415622638 = 시가총액 2460486016960)",7
대우건설,047040,2018Q4,2018-12-31,분기말 자산총계,8733846009952,공시,https://dart.fss.or.kr/dsaf001/main.do?rcpNo=20190401003410,7
대우건설,047040,2018Q4,2018-12-31,분기말 부채총계,6416124005001,공시,https://dart.fss.or.kr/dsaf001/main.do?rcpNo=20190401003410,7
대우건설,047040,2018Q4,2018-12-31,분기말 총자본(자기자본),2317722004951,공시,https://dart.fss.or.kr/dsaf001/main.do?rcpNo=20190401003410,7
대우건설,047040,2018Q4,2018-12-31,분기별 매출액,2260263047103,계산(연간-3분기누적),https://dart.fss.or.kr/dsaf001/main.do?rcpNo=20190401003410 ; https://dart.fss.or.kr/dsaf001/main.do?rcpNo=20181114002076,7
대우건설,047040,2018Q4,2018-12-31,분기별 영업이익,93550848402,계산(연간-3분기누적),https://dart.fss.or.kr/dsaf001/main.do?rcpNo=20190401003410 ; https://dart.fss.or.kr/dsaf001/main.do?rcpNo=20181114002076,7
대우건설,047040,2018Q4,2018-12-31,분기별 당기순이익(지배),31584555391,계산(연간-3분기누적),https://dart.fss.or.kr/dsaf001/main.do?rcpNo=20190401003410 ; https://dart.fss.or.kr/dsaf001/main.do?rcpNo=20181114002076,7
대우건설,047040,2018Q4,2018-12-31,분기별 영업활동현금흐름,316014380888,계산(누적차감),https://dart.fss.or.kr/dsaf001/main.do?rcpNo=20190401003410 ; https://dart.fss.or.kr/dsaf001/main.do?rcpNo=20181114002076,7
대우건설,047040,2018Q4,2018-12-31,분기말 지배지분 자본,2281905688918,공시,https://dart.fss.or.kr/dsaf001/main.do?rcpNo=20190401003410,7
대우건설,047040,2018Q4,2018-12-28,분기말 종가,5390,API,"https://data-dbg.krx.co.kr/svc/apis/sto/stk_bydd_trd?basDd=20181228 (KOSPI, 대우건설 ; 종가 5390 × 상장주식수 415622638 = 시가총액 2240206018820)",7
대우건설,047040,2018Q4,2018-12-28,분기말 상장주식수,415622638,API,"https://data-dbg.krx.co.kr/svc/apis/sto/stk_bydd_trd?basDd=20181228 (KOSPI, 대우건설 ; 종가 5390 × 상장주식수 415622638 = 시가총액 2240206018820)",7
대우건설,047040,2018Q4,2018-12-28,분기말 시가총액,2240206018820,API,"https://data-dbg.krx.co.kr/svc/apis/sto/stk_bydd_trd?basDd=20181228 (KOSPI, 대우건설 ; 종가 5390 × 상장주식수 415622638 = 시가총액 2240206018820)",7
대우건설,047040,2019Q1,2019-03-31,분기말 자산총계,9792407123558,공시,https://dart.fss.or.kr/dsaf001/main.do?rcpNo=20190515000935,7
대우건설,047040,2019Q1,2019-03-31,분기말 부채총계,7413963223356,공시,https://dart.fss.or.kr/dsaf001/main.do?rcpNo=20190515000935,7
대우건설,047040,2019Q1,2019-03-31,분기말 총자본(자기자본),2378443900202,공시,https://dart.fss.or.kr/dsaf001/main.do?rcpNo=20190515000935,7
대우건설,047040,2019Q1,2019-03-31,분기별 매출액,2030874070556,공시,https://dart.fss.or.kr/dsaf001/main.do?rcpNo=20190515000935,7
대우건설,047040,2019Q1,2019-03-31,분기별 영업이익,98535609648,공시,https://dart.fss.or.kr/dsaf001/main.do?rcpNo=20190515000935,7
대우건설,047040,2019Q1,2019-03-31,분기별 당기순이익(지배),56434500503,공시,https://dart.fss.or.kr/dsaf001/main.do?rcpNo=20190515000935,7
대우건설,047040,2019Q1,2019-03-31,분기별 영업활동현금흐름,-332417116456,공시,https://dart.fss.or.kr/dsaf001/main.do?rcpNo=20190515000935,7
대우건설,047040,2019Q1,2019-03-31,분기말 지배지분 자본,2349057530367,공시,https://dart.fss.or.kr/dsaf001/main.do?rcpNo=20190515000935,7
대우건설,047040,2019Q1,2019-03-29,분기말 종가,5080,API,"https://data-dbg.krx.co.kr/svc/apis/sto/stk_bydd_trd?basDd=20190329 (KOSPI, 대우건설 ; 종가 5080 × 상장주식수 415622638 = 시가총액 2111363001040)",7
대우건설,047040,2019Q1,2019-03-29,분기말 상장주식수,415622638,API,"https://data-dbg.krx.co.kr/svc/apis/sto/stk_bydd_trd?basDd=20190329 (KOSPI, 대우건설 ; 종가 5080 × 상장주식수 415622638 = 시가총액 2111363001040)",7
대우건설,047040,2019Q1,2019-03-29,분기말 시가총액,2111363001040,API,"https://data-dbg.krx.co.kr/svc/apis/sto/stk_bydd_trd?basDd=20190329 (KOSPI, 대우건설 ; 종가 5080 × 상장주식수 415622638 = 시가총액 2111363001040)",7
대우건설,047040,2019Q2,2019-06-30,분기말 자산총계,9918967726843,공시,https://dart.fss.or.kr/dsaf001/main.do?rcpNo=20190814001719,7
대우건설,047040,2019Q2,2019-06-30,분기말 부채총계,7447971970663,공시,https://dart.fss.or.kr/dsaf001/main.do?rcpNo=20190814001719,7
대우건설,047040,2019Q2,2019-06-30,분기말 총자본(자기자본),2470995756180,공시,https://dart.fss.or.kr/dsaf001/main.do?rcpNo=20190814001719,7
대우건설,047040,2019Q2,2019-06-30,분기별 매출액,2230829300981,공시,https://dart.fss.or.kr/dsaf001/main.do?rcpNo=20190814001719,7
대우건설,047040,2019Q2,2019-06-30,분기별 영업이익,101747896674,공시,https://dart.fss.or.kr/dsaf001/main.do?rcpNo=20190814001719,7
대우건설,047040,2019Q2,2019-06-30,분기별 당기순이익(지배),82894222147,공시,https://dart.fss.or.kr/dsaf001/main.do?rcpNo=20190814001719,7
대우건설,047040,2019Q2,2019-06-30,분기별 영업활동현금흐름,244769477055,계산(누적차감),https://dart.fss.or.kr/dsaf001/main.do?rcpNo=20190814001719 ; https://dart.fss.or.kr/dsaf001/main.do?rcpNo=20190515000935,7
대우건설,047040,2019Q2,2019-06-30,분기말 지배지분 자본,2441233521346,공시,https://dart.fss.or.kr/dsaf001/main.do?rcpNo=20190814001719,7
대우건설,047040,2019Q2,2019-06-28,분기말 종가,4940,API,"https://data-dbg.krx.co.kr/svc/apis/sto/stk_bydd_trd?basDd=20190628 (KOSPI, 대우건설 ; 종가 4940 × 상장주식수 415622638 = 시가총액 2053175831720)",7
대우건설,047040,2019Q2,2019-06-28,분기말 상장주식수,415622638,API,"https://data-dbg.krx.co.kr/svc/apis/sto/stk_bydd_trd?basDd=20190628 (KOSPI, 대우건설 ; 종가 4940 × 상장주식수 415622638 = 시가총액 2053175831720)",7
대우건설,047040,2019Q2,2019-06-28,분기말 시가총액,2053175831720,API,"https://data-dbg.krx.co.kr/svc/apis/sto/stk_bydd_trd?basDd=20190628 (KOSPI, 대우건설 ; 종가 4940 × 상장주식수 415622638 = 시가총액 2053175831720)",7
대우건설,047040,2019Q3,2019-09-30,분기말 자산총계,9492182280424,공시,https://dart.fss.or.kr/dsaf001/main.do?rcpNo=20191114002239,7
대우건설,047040,2019Q3,2019-09-30,분기말 부채총계,6945412239622,공시,https://dart.fss.or.kr/dsaf001/main.do?rcpNo=20191114002239,7
대우건설,047040,2019Q3,2019-09-30,분기말 총자본(자기자본),2546770040802,공시,https://dart.fss.or.kr/dsaf001/main.do?rcpNo=20191114002239,7
대우건설,047040,2019Q3,2019-09-30,분기별 매출액,2080855480804,공시,https://dart.fss.or.kr/dsaf001/main.do?rcpNo=20191114002239,7
대우건설,047040,2019Q3,2019-09-30,분기별 영업이익,118999741883,공시,https://dart.fss.or.kr/dsaf001/main.do?rcpNo=20191114002239,7
대우건설,047040,2019Q3,2019-09-30,분기별 당기순이익(지배),47562362409,공시,https://dart.fss.or.kr/dsaf001/main.do?rcpNo=20191114002239,7
대우건설,047040,2019Q3,2019-09-30,분기별 영업활동현금흐름,-197579209529,계산(누적차감),https://dart.fss.or.kr/dsaf001/main.do?rcpNo=20191114002239 ; https://dart.fss.or.kr/dsaf001/main.do?rcpNo=20190814001719,7
대우건설,047040,2019Q3,2019-09-30,분기말 지배지분 자본,2516362825810,공시,https://dart.fss.or.kr/dsaf001/main.do?rcpNo=20191114002239,7
대우건설,047040,2019Q3,2019-09-30,분기말 종가,4830,API,"https://data-dbg.krx.co.kr/svc/apis/sto/stk_bydd_trd?basDd=20190930 (KOSPI, 대우건설 ; 종가 4830 × 상장주식수 415622638 = 시가총액 2007457341540)",7
대우건설,047040,2019Q3,2019-09-30,분기말 상장주식수,415622638,API,"https://data-dbg.krx.co.kr/svc/apis/sto/stk_bydd_trd?basDd=20190930 (KOSPI, 대우건설 ; 종가 4830 × 상장주식수 415622638 = 시가총액 2007457341540)",7
대우건설,047040,2019Q3,2019-09-30,분기말 시가총액,2007457341540,API,"https://data-dbg.krx.co.kr/svc/apis/sto/stk_bydd_trd?basDd=20190930 (KOSPI, 대우건설 ; 종가 4830 × 상장주식수 415622638 = 시가총액 2007457341540)",7
대우건설,047040,2019Q4,2019-12-31,분기말 자산총계,9697696817049,공시,https://dart.fss.or.kr/dsaf001/main.do?rcpNo=20210120000065,7
대우건설,047040,2019Q4,2019-12-31,분기말 부채총계,7209447915772,공시,https://dart.fss.or.kr/dsaf001/main.do?rcpNo=20210120000065,7
대우건설,047040,2019Q4,2019-12-31,분기말 총자본(자기자본),2488248901277,공시,https://dart.fss.or.kr/dsaf001/main.do?rcpNo=20210120000065,7
대우건설,047040,2019Q4,2019-12-31,분기별 매출액,2309293368939,계산(연간-3분기누적),https://dart.fss.or.kr/dsaf001/main.do?rcpNo=20210120000065 ; https://dart.fss.or.kr/dsaf001/main.do?rcpNo=20191114002239,7
대우건설,047040,2019Q4,2019-12-31,분기별 영업이익,44777826447,계산(연간-3분기누적),https://dart.fss.or.kr/dsaf001/main.do?rcpNo=20210120000065 ; https://dart.fss.or.kr/dsaf001/main.do?rcpNo=20191114002239,7
대우건설,047040,2019Q4,2019-12-31,분기별 당기순이익(지배),21724392095,계산(연간-3분기누적),https://dart.fss.or.kr/dsaf001/main.do?rcpNo=20210120000065 ; https://dart.fss.or.kr/dsaf001/main.do?rcpNo=20191114002239,7
대우건설,047040,2019Q4,2019-12-31,분기별 영업활동현금흐름,-24519146266,계산(누적차감),https://dart.fss.or.kr/dsaf001/main.do?rcpNo=20210120000065 ; https://dart.fss.or.kr/dsaf001/main.do?rcpNo=20191114002239,7
대우건설,047040,2019Q4,2019-12-31,분기말 지배지분 자본,2458678868573,공시,https://dart.fss.or.kr/dsaf001/main.do?rcpNo=20210120000065,7
대우건설,047040,2019Q4,2019-12-30,분기말 종가,4740,API,"https://data-dbg.krx.co.kr/svc/apis/sto/stk_bydd_trd?basDd=20191230 (KOSPI, 대우건설 ; 종가 4740 × 상장주식수 415622638 = 시가총액 1970051304120)",7
대우건설,047040,2019Q4,2019-12-30,분기말 상장주식수,415622638,API,"https://data-dbg.krx.co.kr/svc/apis/sto/stk_bydd_trd?basDd=20191230 (KOSPI, 대우건설 ; 종가 4740 × 상장주식수 415622638 = 시가총액 1970051304120)",7
대우건설,047040,2019Q4,2019-12-30,분기말 시가총액,1970051304120,API,"https://data-dbg.krx.co.kr/svc/apis/sto/stk_bydd_trd?basDd=20191230 (KOSPI, 대우건설 ; 종가 4740 × 상장주식수 415622638 = 시가총액 1970051304120)",7
대우건설,047040,2020Q1,2020-03-31,분기말 자산총계,10010135572879,공시,https://dart.fss.or.kr/dsaf001/main.do?rcpNo=20200515002209,7
대우건설,047040,2020Q1,2020-03-31,분기말 부채총계,7407376677154,공시,https://dart.fss.or.kr/dsaf001/main.do?rcpNo=20200515002209,7
대우건설,047040,2020Q1,2020-03-31,분기말 총자본(자기자본),2602758895725,공시,https://dart.fss.or.kr/dsaf001/main.do?rcpNo=20200515002209,7
대우건설,047040,2020Q1,2020-03-31,분기별 매출액,1985826748071,공시,https://dart.fss.or.kr/dsaf001/main.do?rcpNo=20200515002209,7
대우건설,047040,2020Q1,2020-03-31,분기별 영업이익,120947620430,공시,https://dart.fss.or.kr/dsaf001/main.do?rcpNo=20200515002209,7
대우건설,047040,2020Q1,2020-03-31,분기별 당기순이익(지배),61869259830,공시,https://dart.fss.or.kr/dsaf001/main.do?rcpNo=20200515002209,7
대우건설,047040,2020Q1,2020-03-31,분기별 영업활동현금흐름,144125484063,공시,https://dart.fss.or.kr/dsaf001/main.do?rcpNo=20200515002209,7
대우건설,047040,2020Q1,2020-03-31,분기말 지배지분 자본,2571909000443,공시,https://dart.fss.or.kr/dsaf001/main.do?rcpNo=20200515002209,7
대우건설,047040,2020Q1,2020-03-31,분기말 종가,2940,API,https://apis.data.go.kr/1160100/GetStockSecuritiesInfoService_V2/getStockPriceInfo_V2?basDt=20200331&likeSrtnCd=047040 (serviceKey 제외),7
대우건설,047040,2020Q1,2020-03-31,분기말 상장주식수,415622638,API,https://apis.data.go.kr/1160100/GetStockSecuritiesInfoService_V2/getStockPriceInfo_V2?basDt=20200331&likeSrtnCd=047040 (serviceKey 제외),7
대우건설,047040,2020Q1,2020-03-31,분기말 시가총액,1221930555720,API,https://apis.data.go.kr/1160100/GetStockSecuritiesInfoService_V2/getStockPriceInfo_V2?basDt=20200331&likeSrtnCd=047040 (serviceKey 제외),7
대우건설,047040,2020Q2,2020-06-30,분기말 자산총계,9621140583196,공시,https://dart.fss.or.kr/dsaf001/main.do?rcpNo=20200928000008,7
대우건설,047040,2020Q2,2020-06-30,분기말 부채총계,6980650685366,공시,https://dart.fss.or.kr/dsaf001/main.do?rcpNo=20200928000008,7
대우건설,047040,2020Q2,2020-06-30,분기말 총자본(자기자본),2640489897830,공시,https://dart.fss.or.kr/dsaf001/main.do?rcpNo=20200928000008,7
대우건설,047040,2020Q2,2020-06-30,분기별 매출액,1963206648424,공시,https://dart.fss.or.kr/dsaf001/main.do?rcpNo=20200928000008,7
대우건설,047040,2020Q2,2020-06-30,분기별 영업이익,81119833793,공시,https://dart.fss.or.kr/dsaf001/main.do?rcpNo=20200928000008,7
대우건설,047040,2020Q2,2020-06-30,분기별 당기순이익(지배),52570530807,공시,https://dart.fss.or.kr/dsaf001/main.do?rcpNo=20200928000008,7
대우건설,047040,2020Q2,2020-06-30,분기별 영업활동현금흐름,-73800184673,계산(누적차감),https://dart.fss.or.kr/dsaf001/main.do?rcpNo=20200928000008 ; https://dart.fss.or.kr/dsaf001/main.do?rcpNo=20200515002209,7
대우건설,047040,2020Q2,2020-06-30,분기말 지배지분 자본,2610145387160,공시,https://dart.fss.or.kr/dsaf001/main.do?rcpNo=20200928000008,7
대우건설,047040,2020Q2,2020-06-30,분기말 종가,3430,API,https://apis.data.go.kr/1160100/GetStockSecuritiesInfoService_V2/getStockPriceInfo_V2?basDt=20200630&likeSrtnCd=047040 (serviceKey 제외),7
대우건설,047040,2020Q2,2020-06-30,분기말 상장주식수,415622638,API,https://apis.data.go.kr/1160100/GetStockSecuritiesInfoService_V2/getStockPriceInfo_V2?basDt=20200630&likeSrtnCd=047040 (serviceKey 제외),7
대우건설,047040,2020Q2,2020-06-30,분기말 시가총액,1425585648340,API,https://apis.data.go.kr/1160100/GetStockSecuritiesInfoService_V2/getStockPriceInfo_V2?basDt=20200630&likeSrtnCd=047040 (serviceKey 제외),7
대우건설,047040,2020Q3,2020-09-30,분기말 자산총계,9993659199853,공시,https://dart.fss.or.kr/dsaf001/main.do?rcpNo=20201116001805,7
대우건설,047040,2020Q3,2020-09-30,분기말 부채총계,7318459251764,공시,https://dart.fss.or.kr/dsaf001/main.do?rcpNo=20201116001805,7
대우건설,047040,2020Q3,2020-09-30,분기말 총자본(자기자본),2675199948089,공시,https://dart.fss.or.kr/dsaf001/main.do?rcpNo=20201116001805,7
대우건설,047040,2020Q3,2020-09-30,분기별 매출액,1896270053210,공시,https://dart.fss.or.kr/dsaf001/main.do?rcpNo=20201116001805,7
대우건설,047040,2020Q3,2020-09-30,분기별 영업이익,102919954846,공시,https://dart.fss.or.kr/dsaf001/main.do?rcpNo=20201116001805,7
대우건설,047040,2020Q3,2020-09-30,분기별 당기순이익(지배),56359768970,공시,https://dart.fss.or.kr/dsaf001/main.do?rcpNo=20201116001805,7
대우건설,047040,2020Q3,2020-09-30,분기별 영업활동현금흐름,140185779802,계산(누적차감),https://dart.fss.or.kr/dsaf001/main.do?rcpNo=20201116001805 ; https://dart.fss.or.kr/dsaf001/main.do?rcpNo=20200928000008,7
대우건설,047040,2020Q3,2020-09-30,분기말 지배지분 자본,2645241024885,공시,https://dart.fss.or.kr/dsaf001/main.do?rcpNo=20201116001805,7
대우건설,047040,2020Q3,2020-09-29,분기말 종가,2785,API,https://apis.data.go.kr/1160100/GetStockSecuritiesInfoService_V2/getStockPriceInfo_V2?basDt=20200929&likeSrtnCd=047040 (serviceKey 제외),7
대우건설,047040,2020Q3,2020-09-29,분기말 상장주식수,415622638,API,https://apis.data.go.kr/1160100/GetStockSecuritiesInfoService_V2/getStockPriceInfo_V2?basDt=20200929&likeSrtnCd=047040 (serviceKey 제외),7
대우건설,047040,2020Q3,2020-09-29,분기말 시가총액,1157509046830,API,https://apis.data.go.kr/1160100/GetStockSecuritiesInfoService_V2/getStockPriceInfo_V2?basDt=20200929&likeSrtnCd=047040 (serviceKey 제외),7
대우건설,047040,2020Q4,2020-12-31,분기말 자산총계,9305916434448,공시,https://dart.fss.or.kr/dsaf001/main.do?rcpNo=20210319001137,7
대우건설,047040,2020Q4,2020-12-31,분기말 부채총계,6628920363574,공시,https://dart.fss.or.kr/dsaf001/main.do?rcpNo=20210319001137,7
대우건설,047040,2020Q4,2020-12-31,분기말 총자본(자기자본),2676996070874,공시,https://dart.fss.or.kr/dsaf001/main.do?rcpNo=20210319001137,7
대우건설,047040,2020Q4,2020-12-31,분기별 매출액,2291402286937,계산(연간-3분기누적),https://dart.fss.or.kr/dsaf001/main.do?rcpNo=20210319001137 ; https://dart.fss.or.kr/dsaf001/main.do?rcpNo=20201116001805,7
대우건설,047040,2020Q4,2020-12-31,분기별 영업이익,253270112305,계산(연간-3분기누적),https://dart.fss.or.kr/dsaf001/main.do?rcpNo=20210319001137 ; https://dart.fss.or.kr/dsaf001/main.do?rcpNo=20201116001805,7
대우건설,047040,2020Q4,2020-12-31,분기별 당기순이익(지배),113011814899,계산(연간-3분기누적),https://dart.fss.or.kr/dsaf001/main.do?rcpNo=20210319001137 ; https://dart.fss.or.kr/dsaf001/main.do?rcpNo=20201116001805,7
대우건설,047040,2020Q4,2020-12-31,분기별 영업활동현금흐름,197872254793,계산(누적차감),https://dart.fss.or.kr/dsaf001/main.do?rcpNo=20210319001137 ; https://dart.fss.or.kr/dsaf001/main.do?rcpNo=20201116001805,7
대우건설,047040,2020Q4,2020-12-31,분기말 지배지분 자본,2674432697979,공시,https://dart.fss.or.kr/dsaf001/main.do?rcpNo=20210319001137,7
대우건설,047040,2020Q4,2020-12-30,분기말 종가,4985,API,https://apis.data.go.kr/1160100/GetStockSecuritiesInfoService_V2/getStockPriceInfo_V2?basDt=20201230&likeSrtnCd=047040 (serviceKey 제외),7
대우건설,047040,2020Q4,2020-12-30,분기말 상장주식수,415622638,API,https://apis.data.go.kr/1160100/GetStockSecuritiesInfoService_V2/getStockPriceInfo_V2?basDt=20201230&likeSrtnCd=047040 (serviceKey 제외),7
대우건설,047040,2020Q4,2020-12-30,분기말 시가총액,2071878850430,API,https://apis.data.go.kr/1160100/GetStockSecuritiesInfoService_V2/getStockPriceInfo_V2?basDt=20201230&likeSrtnCd=047040 (serviceKey 제외),7
대우건설,047040,2021Q1,2021-03-31,분기말 자산총계,9836532219282,공시,https://dart.fss.or.kr/dsaf001/main.do?rcpNo=20210517002054,7
대우건설,047040,2021Q1,2021-03-31,분기말 부채총계,6973376687960,공시,https://dart.fss.or.kr/dsaf001/main.do?rcpNo=20210517002054,7
대우건설,047040,2021Q1,2021-03-31,분기말 총자본(자기자본),2863155531322,공시,https://dart.fss.or.kr/dsaf001/main.do?rcpNo=20210517002054,7
대우건설,047040,2021Q1,2021-03-31,분기별 매출액,1938962790989,공시,https://dart.fss.or.kr/dsaf001/main.do?rcpNo=20210517002054,7
대우건설,047040,2021Q1,2021-03-31,분기별 영업이익,229369431813,공시,https://dart.fss.or.kr/dsaf001/main.do?rcpNo=20210517002054,7
대우건설,047040,2021Q1,2021-03-31,분기별 당기순이익(지배),147927211598,공시,https://dart.fss.or.kr/dsaf001/main.do?rcpNo=20210517002054,7
대우건설,047040,2021Q1,2021-03-31,분기별 영업활동현금흐름,751566066816,공시,https://dart.fss.or.kr/dsaf001/main.do?rcpNo=20210517002054,7
대우건설,047040,2021Q1,2021-03-31,분기말 지배지분 자본,2860371951305,공시,https://dart.fss.or.kr/dsaf001/main.do?rcpNo=20210517002054,7
대우건설,047040,2021Q1,2021-03-31,분기말 종가,6610,API,https://apis.data.go.kr/1160100/GetStockSecuritiesInfoService_V2/getStockPriceInfo_V2?basDt=20210331&likeSrtnCd=047040 (serviceKey 제외),7
대우건설,047040,2021Q1,2021-03-31,분기말 상장주식수,415622638,API,https://apis.data.go.kr/1160100/GetStockSecuritiesInfoService_V2/getStockPriceInfo_V2?basDt=20210331&likeSrtnCd=047040 (serviceKey 제외),7
대우건설,047040,2021Q1,2021-03-31,분기말 시가총액,2747265637180,API,https://apis.data.go.kr/1160100/GetStockSecuritiesInfoService_V2/getStockPriceInfo_V2?basDt=20210331&likeSrtnCd=047040 (serviceKey 제외),7
대우건설,047040,2021Q2,2021-06-30,분기말 자산총계,10316666553838,공시,https://dart.fss.or.kr/dsaf001/main.do?rcpNo=20210817001829,7
대우건설,047040,2021Q2,2021-06-30,분기말 부채총계,7322073023715,공시,https://dart.fss.or.kr/dsaf001/main.do?rcpNo=20210817001829,7
대우건설,047040,2021Q2,2021-06-30,분기말 총자본(자기자본),2994593530123,공시,https://dart.fss.or.kr/dsaf001/main.do?rcpNo=20210817001829,7
대우건설,047040,2021Q2,2021-06-30,분기별 매출액,2207390634479,공시,https://dart.fss.or.kr/dsaf001/main.do?rcpNo=20210817001829,7
대우건설,047040,2021Q2,2021-06-30,분기별 영업이익,192304565941,공시,https://dart.fss.or.kr/dsaf001/main.do?rcpNo=20210817001829,7
대우건설,047040,2021Q2,2021-06-30,분기별 당기순이익(지배),139059524485,공시,https://dart.fss.or.kr/dsaf001/main.do?rcpNo=20210817001829,7
대우건설,047040,2021Q2,2021-06-30,분기별 영업활동현금흐름,372574955060,계산(누적차감),https://dart.fss.or.kr/dsaf001/main.do?rcpNo=20210817001829 ; https://dart.fss.or.kr/dsaf001/main.do?rcpNo=20210517002054,7
대우건설,047040,2021Q2,2021-06-30,분기말 지배지분 자본,2991919407396,공시,https://dart.fss.or.kr/dsaf001/main.do?rcpNo=20210817001829,7
대우건설,047040,2021Q2,2021-06-30,분기말 종가,7950,API,https://apis.data.go.kr/1160100/GetStockSecuritiesInfoService_V2/getStockPriceInfo_V2?basDt=20210630&likeSrtnCd=047040 (serviceKey 제외),7
대우건설,047040,2021Q2,2021-06-30,분기말 상장주식수,415622638,API,https://apis.data.go.kr/1160100/GetStockSecuritiesInfoService_V2/getStockPriceInfo_V2?basDt=20210630&likeSrtnCd=047040 (serviceKey 제외),7
대우건설,047040,2021Q2,2021-06-30,분기말 시가총액,3304199972100,API,https://apis.data.go.kr/1160100/GetStockSecuritiesInfoService_V2/getStockPriceInfo_V2?basDt=20210630&likeSrtnCd=047040 (serviceKey 제외),7
대우건설,047040,2021Q3,2021-09-30,분기말 자산총계,10053774978856,공시,https://dart.fss.or.kr/dsaf001/main.do?rcpNo=20211115002203,7
대우건설,047040,2021Q3,2021-09-30,분기말 부채총계,6937855488185,공시,https://dart.fss.or.kr/dsaf001/main.do?rcpNo=20211115002203,7
대우건설,047040,2021Q3,2021-09-30,분기말 총자본(자기자본),3115919490671,공시,https://dart.fss.or.kr/dsaf001/main.do?rcpNo=20211115002203,7
대우건설,047040,2021Q3,2021-09-30,분기별 매출액,2100121746614,공시,https://dart.fss.or.kr/dsaf001/main.do?rcpNo=20211115002203,7
대우건설,047040,2021Q3,2021-09-30,분기별 영업이익,112287623353,공시,https://dart.fss.or.kr/dsaf001/main.do?rcpNo=20211115002203,7
대우건설,047040,2021Q3,2021-09-30,분기별 당기순이익(지배),89170188001,공시,https://dart.fss.or.kr/dsaf001/main.do?rcpNo=20211115002203,7
대우건설,047040,2021Q3,2021-09-30,분기별 영업활동현금흐름,23635075962,계산(누적차감),https://dart.fss.or.kr/dsaf001/main.do?rcpNo=20211115002203 ; https://dart.fss.or.kr/dsaf001/main.do?rcpNo=20210817001829,7
대우건설,047040,2021Q3,2021-09-30,분기말 지배지분 자본,3112773250615,공시,https://dart.fss.or.kr/dsaf001/main.do?rcpNo=20211115002203,7
대우건설,047040,2021Q3,2021-09-30,분기말 종가,6750,API,https://apis.data.go.kr/1160100/GetStockSecuritiesInfoService_V2/getStockPriceInfo_V2?basDt=20210930&likeSrtnCd=047040 (serviceKey 제외),7
대우건설,047040,2021Q3,2021-09-30,분기말 상장주식수,415622638,API,https://apis.data.go.kr/1160100/GetStockSecuritiesInfoService_V2/getStockPriceInfo_V2?basDt=20210930&likeSrtnCd=047040 (serviceKey 제외),7
대우건설,047040,2021Q3,2021-09-30,분기말 시가총액,2805452806500,API,https://apis.data.go.kr/1160100/GetStockSecuritiesInfoService_V2/getStockPriceInfo_V2?basDt=20210930&likeSrtnCd=047040 (serviceKey 제외),7
대우건설,047040,2021Q4,2021-12-31,분기말 자산총계,10457976990591,공시,https://dart.fss.or.kr/dsaf001/main.do?rcpNo=20220321000645,7
대우건설,047040,2021Q4,2021-12-31,분기말 부채총계,7241599093010,공시,https://dart.fss.or.kr/dsaf001/main.do?rcpNo=20220321000645,7
대우건설,047040,2021Q4,2021-12-31,분기말 총자본(자기자본),3216377897581,공시,https://dart.fss.or.kr/dsaf001/main.do?rcpNo=20220321000645,7
대우건설,047040,2021Q4,2021-12-31,분기별 매출액,2438732507587,계산(연간-3분기누적),https://dart.fss.or.kr/dsaf001/main.do?rcpNo=20220321000645 ; https://dart.fss.or.kr/dsaf001/main.do?rcpNo=20211115002203,7
대우건설,047040,2021Q4,2021-12-31,분기별 영업이익,204351864001,계산(연간-3분기누적),https://dart.fss.or.kr/dsaf001/main.do?rcpNo=20220321000645 ; https://dart.fss.or.kr/dsaf001/main.do?rcpNo=20211115002203,7
대우건설,047040,2021Q4,2021-12-31,분기별 당기순이익(지배),108527595642,계산(연간-3분기누적),https://dart.fss.or.kr/dsaf001/main.do?rcpNo=20220321000645 ; https://dart.fss.or.kr/dsaf001/main.do?rcpNo=20211115002203,7
대우건설,047040,2021Q4,2021-12-31,분기별 영업활동현금흐름,599068463049,계산(누적차감),https://dart.fss.or.kr/dsaf001/main.do?rcpNo=20220321000645 ; https://dart.fss.or.kr/dsaf001/main.do?rcpNo=20211115002203,7
대우건설,047040,2021Q4,2021-12-31,분기말 지배지분 자본,3211899118849,공시,https://dart.fss.or.kr/dsaf001/main.do?rcpNo=20220321000645,7
대우건설,047040,2021Q4,2021-12-30,분기말 종가,5770,API,https://apis.data.go.kr/1160100/GetStockSecuritiesInfoService_V2/getStockPriceInfo_V2?basDt=20211230&likeSrtnCd=047040 (serviceKey 제외),7
대우건설,047040,2021Q4,2021-12-30,분기말 상장주식수,415622638,API,https://apis.data.go.kr/1160100/GetStockSecuritiesInfoService_V2/getStockPriceInfo_V2?basDt=20211230&likeSrtnCd=047040 (serviceKey 제외),7
대우건설,047040,2021Q4,2021-12-30,분기말 시가총액,2398142621260,API,https://apis.data.go.kr/1160100/GetStockSecuritiesInfoService_V2/getStockPriceInfo_V2?basDt=20211230&likeSrtnCd=047040 (serviceKey 제외),7
대우건설,047040,2022Q1,2022-03-31,분기말 자산총계,10648660392732,공시,https://dart.fss.or.kr/dsaf001/main.do?rcpNo=20220516000843,7
대우건설,047040,2022Q1,2022-03-31,분기말 부채총계,7253486944094,공시,https://dart.fss.or.kr/dsaf001/main.do?rcpNo=20220516000843,7
대우건설,047040,2022Q1,2022-03-31,분기말 총자본(자기자본),3395173448638,공시,https://dart.fss.or.kr/dsaf001/main.do?rcpNo=20220516000843,7
대우건설,047040,2022Q1,2022-03-31,분기별 매출액,2249481566325,공시,https://dart.fss.or.kr/dsaf001/main.do?rcpNo=20220516000843,7
대우건설,047040,2022Q1,2022-03-31,분기별 영업이익,221287089456,공시,https://dart.fss.or.kr/dsaf001/main.do?rcpNo=20220516000843,7
대우건설,047040,2022Q1,2022-03-31,분기별 당기순이익(지배),173492067933,공시,https://dart.fss.or.kr/dsaf001/main.do?rcpNo=20220516000843,7
대우건설,047040,2022Q1,2022-03-31,분기별 영업활동현금흐름,-127213189964,공시,https://dart.fss.or.kr/dsaf001/main.do?rcpNo=20220516000843,7
대우건설,047040,2022Q1,2022-03-31,분기말 지배지분 자본,3388389762441,공시,https://dart.fss.or.kr/dsaf001/main.do?rcpNo=20220516000843,7
대우건설,047040,2022Q1,2022-03-31,분기말 종가,7000,API,https://apis.data.go.kr/1160100/GetStockSecuritiesInfoService_V2/getStockPriceInfo_V2?basDt=20220331&likeSrtnCd=047040 (serviceKey 제외),7
대우건설,047040,2022Q1,2022-03-31,분기말 상장주식수,415622638,API,https://apis.data.go.kr/1160100/GetStockSecuritiesInfoService_V2/getStockPriceInfo_V2?basDt=20220331&likeSrtnCd=047040 (serviceKey 제외),7
대우건설,047040,2022Q1,2022-03-31,분기말 시가총액,2909358466000,API,https://apis.data.go.kr/1160100/GetStockSecuritiesInfoService_V2/getStockPriceInfo_V2?basDt=20220331&likeSrtnCd=047040 (serviceKey 제외),7
대우건설,047040,2022Q2,2022-06-30,분기말 자산총계,10829851110940,공시,https://dart.fss.or.kr/dsaf001/main.do?rcpNo=20220816001896,7
대우건설,047040,2022Q2,2022-06-30,분기말 부채총계,7344017454066,공시,https://dart.fss.or.kr/dsaf001/main.do?rcpNo=20220816001896,7
대우건설,047040,2022Q2,2022-06-30,분기말 총자본(자기자본),3485833656874,공시,https://dart.fss.or.kr/dsaf001/main.do?rcpNo=20220816001896,7
대우건설,047040,2022Q2,2022-06-30,분기별 매출액,2440885163542,공시,https://dart.fss.or.kr/dsaf001/main.do?rcpNo=20220816001896,7
대우건설,047040,2022Q2,2022-06-30,분기별 영업이익,86453665155,공시,https://dart.fss.or.kr/dsaf001/main.do?rcpNo=20220816001896,7
대우건설,047040,2022Q2,2022-06-30,분기별 당기순이익(지배),48796620999,공시,https://dart.fss.or.kr/dsaf001/main.do?rcpNo=20220816001896,7
대우건설,047040,2022Q2,2022-06-30,분기별 영업활동현금흐름,230695641703,계산(누적차감),https://dart.fss.or.kr/dsaf001/main.do?rcpNo=20220816001896 ; https://dart.fss.or.kr/dsaf001/main.do?rcpNo=20220516000843,7
대우건설,047040,2022Q2,2022-06-30,분기말 지배지분 자본,3479155118259,공시,https://dart.fss.or.kr/dsaf001/main.do?rcpNo=20220816001896,7
대우건설,047040,2022Q2,2022-06-30,분기말 종가,5840,API,https://apis.data.go.kr/1160100/GetStockSecuritiesInfoService_V2/getStockPriceInfo_V2?basDt=20220630&likeSrtnCd=047040 (serviceKey 제외),7
대우건설,047040,2022Q2,2022-06-30,분기말 상장주식수,415622638,API,https://apis.data.go.kr/1160100/GetStockSecuritiesInfoService_V2/getStockPriceInfo_V2?basDt=20220630&likeSrtnCd=047040 (serviceKey 제외),7
대우건설,047040,2022Q2,2022-06-30,분기말 시가총액,2427236205920,API,https://apis.data.go.kr/1160100/GetStockSecuritiesInfoService_V2/getStockPriceInfo_V2?basDt=20220630&likeSrtnCd=047040 (serviceKey 제외),7
대우건설,047040,2022Q3,2022-09-30,분기말 자산총계,11224041919539,공시,https://dart.fss.or.kr/dsaf001/main.do?rcpNo=20221114002276,7
대우건설,047040,2022Q3,2022-09-30,분기말 부채총계,7485920486212,공시,https://dart.fss.or.kr/dsaf001/main.do?rcpNo=20221114002276,7
대우건설,047040,2022Q3,2022-09-30,분기말 총자본(자기자본),3738121433327,공시,https://dart.fss.or.kr/dsaf001/main.do?rcpNo=20221114002276,7
대우건설,047040,2022Q3,2022-09-30,분기별 매출액,2520510828864,공시,https://dart.fss.or.kr/dsaf001/main.do?rcpNo=20221114002276,7
대우건설,047040,2022Q3,2022-09-30,분기별 영업이익,205489685390,공시,https://dart.fss.or.kr/dsaf001/main.do?rcpNo=20221114002276,7
대우건설,047040,2022Q3,2022-09-30,분기별 당기순이익(지배),171371563440,공시,https://dart.fss.or.kr/dsaf001/main.do?rcpNo=20221114002276,7
대우건설,047040,2022Q3,2022-09-30,분기별 영업활동현금흐름,-271291355057,계산(누적차감),https://dart.fss.or.kr/dsaf001/main.do?rcpNo=20221114002276 ; https://dart.fss.or.kr/dsaf001/main.do?rcpNo=20220816001896,7
대우건설,047040,2022Q3,2022-09-30,분기말 지배지분 자본,3728026401163,공시,https://dart.fss.or.kr/dsaf001/main.do?rcpNo=20221114002276,7
대우건설,047040,2022Q3,2022-09-30,분기말 종가,4120,API,https://apis.data.go.kr/1160100/GetStockSecuritiesInfoService_V2/getStockPriceInfo_V2?basDt=20220930&likeSrtnCd=047040 (serviceKey 제외),7
대우건설,047040,2022Q3,2022-09-30,분기말 상장주식수,415622638,API,https://apis.data.go.kr/1160100/GetStockSecuritiesInfoService_V2/getStockPriceInfo_V2?basDt=20220930&likeSrtnCd=047040 (serviceKey 제외),7
대우건설,047040,2022Q3,2022-09-30,분기말 시가총액,1712365268560,API,https://apis.data.go.kr/1160100/GetStockSecuritiesInfoService_V2/getStockPriceInfo_V2?basDt=20220930&likeSrtnCd=047040 (serviceKey 제외),7
대우건설,047040,2022Q4,2022-12-31,분기말 자산총계,11140353752210,공시,https://dart.fss.or.kr/dsaf001/main.do?rcpNo=20230320000675,7
대우건설,047040,2022Q4,2022-12-31,분기말 부채총계,7415736590714,공시,https://dart.fss.or.kr/dsaf001/main.do?rcpNo=20230320000675,7
대우건설,047040,2022Q4,2022-12-31,분기말 총자본(자기자본),3724617161496,공시,https://dart.fss.or.kr/dsaf001/main.do?rcpNo=20230320000675,7
대우건설,047040,2022Q4,2022-12-31,분기별 매출액,3208335573408,계산(연간-3분기누적),https://dart.fss.or.kr/dsaf001/main.do?rcpNo=20230320000675 ; https://dart.fss.or.kr/dsaf001/main.do?rcpNo=20221114002276,7
대우건설,047040,2022Q4,2022-12-31,분기별 영업이익,246776074641,계산(연간-3분기누적),https://dart.fss.or.kr/dsaf001/main.do?rcpNo=20230320000675 ; https://dart.fss.or.kr/dsaf001/main.do?rcpNo=20221114002276,7
대우건설,047040,2022Q4,2022-12-31,분기별 당기순이익(지배),110346660491,계산(연간-3분기누적),https://dart.fss.or.kr/dsaf001/main.do?rcpNo=20230320000675 ; https://dart.fss.or.kr/dsaf001/main.do?rcpNo=20221114002276,7
대우건설,047040,2022Q4,2022-12-31,분기별 영업활동현금흐름,-255335318413,계산(누적차감),https://dart.fss.or.kr/dsaf001/main.do?rcpNo=20230320000675 ; https://dart.fss.or.kr/dsaf001/main.do?rcpNo=20221114002276,7
대우건설,047040,2022Q4,2022-12-31,분기말 지배지분 자본,3714459578925,공시,https://dart.fss.or.kr/dsaf001/main.do?rcpNo=20230320000675,7
대우건설,047040,2022Q4,2022-12-29,분기말 종가,4180,API,https://apis.data.go.kr/1160100/GetStockSecuritiesInfoService_V2/getStockPriceInfo_V2?basDt=20221229&likeSrtnCd=047040 (serviceKey 제외),7
대우건설,047040,2022Q4,2022-12-29,분기말 상장주식수,415622638,API,https://apis.data.go.kr/1160100/GetStockSecuritiesInfoService_V2/getStockPriceInfo_V2?basDt=20221229&likeSrtnCd=047040 (serviceKey 제외),7
대우건설,047040,2022Q4,2022-12-29,분기말 시가총액,1737302626840,API,https://apis.data.go.kr/1160100/GetStockSecuritiesInfoService_V2/getStockPriceInfo_V2?basDt=20221229&likeSrtnCd=047040 (serviceKey 제외),7
대우건설,047040,2023Q1,2023-03-31,분기말 자산총계,11016774804802,공시,https://dart.fss.or.kr/dsaf001/main.do?rcpNo=20230515002330,7
대우건설,047040,2023Q1,2023-03-31,분기말 부채총계,7144930182695,공시,https://dart.fss.or.kr/dsaf001/main.do?rcpNo=20230515002330,7
대우건설,047040,2023Q1,2023-03-31,분기말 총자본(자기자본),3871844622107,공시,https://dart.fss.or.kr/dsaf001/main.do?rcpNo=20230515002330,7
대우건설,047040,2023Q1,2023-03-31,분기별 매출액,2608117445979,공시,https://dart.fss.or.kr/dsaf001/main.do?rcpNo=20230515002330,7
대우건설,047040,2023Q1,2023-03-31,분기별 영업이익,176677317099,공시,https://dart.fss.or.kr/dsaf001/main.do?rcpNo=20230515002330,7
대우건설,047040,2023Q1,2023-03-31,분기별 당기순이익(지배),97062375066,공시,https://dart.fss.or.kr/dsaf001/main.do?rcpNo=20230515002330,7
대우건설,047040,2023Q1,2023-03-31,분기별 영업활동현금흐름,-49344677822,공시,https://dart.fss.or.kr/dsaf001/main.do?rcpNo=20230515002330,7
대우건설,047040,2023Q1,2023-03-31,분기말 지배지분 자본,3860475765692,공시,https://dart.fss.or.kr/dsaf001/main.do?rcpNo=20230515002330,7
대우건설,047040,2023Q1,2023-03-31,분기말 종가,4030,API,https://apis.data.go.kr/1160100/GetStockSecuritiesInfoService_V2/getStockPriceInfo_V2?basDt=20230331&likeSrtnCd=047040 (serviceKey 제외),7
대우건설,047040,2023Q1,2023-03-31,분기말 상장주식수,415622638,API,https://apis.data.go.kr/1160100/GetStockSecuritiesInfoService_V2/getStockPriceInfo_V2?basDt=20230331&likeSrtnCd=047040 (serviceKey 제외),7
대우건설,047040,2023Q1,2023-03-31,분기말 시가총액,1674959231140,API,https://apis.data.go.kr/1160100/GetStockSecuritiesInfoService_V2/getStockPriceInfo_V2?basDt=20230331&likeSrtnCd=047040 (serviceKey 제외),7
대우건설,047040,2023Q2,2023-06-30,분기말 자산총계,11476357762058,공시,https://dart.fss.or.kr/dsaf001/main.do?rcpNo=20230811002296,7
대우건설,047040,2023Q2,2023-06-30,분기말 부채총계,7495818582435,공시,https://dart.fss.or.kr/dsaf001/main.do?rcpNo=20230811002296,7
대우건설,047040,2023Q2,2023-06-30,분기말 총자본(자기자본),3980539179623,공시,https://dart.fss.or.kr/dsaf001/main.do?rcpNo=20230811002296,7
대우건설,047040,2023Q2,2023-06-30,분기별 매출액,3271396700087,공시,https://dart.fss.or.kr/dsaf001/main.do?rcpNo=20230811002296,7
대우건설,047040,2023Q2,2023-06-30,분기별 영업이익,217675944667,공시,https://dart.fss.or.kr/dsaf001/main.do?rcpNo=20230811002296,7
대우건설,047040,2023Q2,2023-06-30,분기별 당기순이익(지배),199463688939,공시,https://dart.fss.or.kr/dsaf001/main.do?rcpNo=20230811002296,7
대우건설,047040,2023Q2,2023-06-30,분기별 영업활동현금흐름,-695630236904,계산(누적차감),https://dart.fss.or.kr/dsaf001/main.do?rcpNo=20230811002296 ; https://dart.fss.or.kr/dsaf001/main.do?rcpNo=20230515002330,7
대우건설,047040,2023Q2,2023-06-30,분기말 지배지분 자본,3967821118779,공시,https://dart.fss.or.kr/dsaf001/main.do?rcpNo=20230811002296,7
대우건설,047040,2023Q2,2023-06-30,분기말 종가,4065,API,https://apis.data.go.kr/1160100/GetStockSecuritiesInfoService_V2/getStockPriceInfo_V2?basDt=20230630&likeSrtnCd=047040 (serviceKey 제외),7
대우건설,047040,2023Q2,2023-06-30,분기말 상장주식수,415622638,API,https://apis.data.go.kr/1160100/GetStockSecuritiesInfoService_V2/getStockPriceInfo_V2?basDt=20230630&likeSrtnCd=047040 (serviceKey 제외),7
대우건설,047040,2023Q2,2023-06-30,분기말 시가총액,1689506023470,API,https://apis.data.go.kr/1160100/GetStockSecuritiesInfoService_V2/getStockPriceInfo_V2?basDt=20230630&likeSrtnCd=047040 (serviceKey 제외),7
대우건설,047040,2023Q3,2023-09-30,분기말 자산총계,11341974563560,공시,https://dart.fss.or.kr/dsaf001/main.do?rcpNo=20231114002308,7
대우건설,047040,2023Q3,2023-09-30,분기말 부채총계,7241707931675,공시,https://dart.fss.or.kr/dsaf001/main.do?rcpNo=20231114002308,7
대우건설,047040,2023Q3,2023-09-30,분기말 총자본(자기자본),4100266631885,공시,https://dart.fss.or.kr/dsaf001/main.do?rcpNo=20231114002308,7
대우건설,047040,2023Q3,2023-09-30,분기별 매출액,2990107869677,공시,https://dart.fss.or.kr/dsaf001/main.do?rcpNo=20231114002308,7
대우건설,047040,2023Q3,2023-09-30,분기별 영업이익,190245751653,공시,https://dart.fss.or.kr/dsaf001/main.do?rcpNo=20231114002308,7
대우건설,047040,2023Q3,2023-09-30,분기별 당기순이익(지배),108524830221,공시,https://dart.fss.or.kr/dsaf001/main.do?rcpNo=20231114002308,7
대우건설,047040,2023Q3,2023-09-30,분기별 영업활동현금흐름,170968506597,계산(누적차감),https://dart.fss.or.kr/dsaf001/main.do?rcpNo=20231114002308 ; https://dart.fss.or.kr/dsaf001/main.do?rcpNo=20230811002296,7
대우건설,047040,2023Q3,2023-09-30,분기말 지배지분 자본,4085101826457,공시,https://dart.fss.or.kr/dsaf001/main.do?rcpNo=20231114002308,7
대우건설,047040,2023Q3,2023-09-27,분기말 종가,4205,API,https://apis.data.go.kr/1160100/GetStockSecuritiesInfoService_V2/getStockPriceInfo_V2?basDt=20230927&likeSrtnCd=047040 (serviceKey 제외),7
대우건설,047040,2023Q3,2023-09-27,분기말 상장주식수,415622638,API,https://apis.data.go.kr/1160100/GetStockSecuritiesInfoService_V2/getStockPriceInfo_V2?basDt=20230927&likeSrtnCd=047040 (serviceKey 제외),7
대우건설,047040,2023Q3,2023-09-27,분기말 시가총액,1747693192790,API,https://apis.data.go.kr/1160100/GetStockSecuritiesInfoService_V2/getStockPriceInfo_V2?basDt=20230927&likeSrtnCd=047040 (serviceKey 제외),7
대우건설,047040,2023Q4,2023-12-31,분기말 자산총계,11243136483407,공시,https://dart.fss.or.kr/dsaf001/main.do?rcpNo=20240320001313,7
대우건설,047040,2023Q4,2023-12-31,분기말 부채총계,7181221069270,공시,https://dart.fss.or.kr/dsaf001/main.do?rcpNo=20240320001313,7
대우건설,047040,2023Q4,2023-12-31,분기말 총자본(자기자본),4061915414137,공시,https://dart.fss.or.kr/dsaf001/main.do?rcpNo=20240320001313,7
대우건설,047040,2023Q4,2023-12-31,분기별 매출액,2778178848947,계산(연간-3분기누적),https://dart.fss.or.kr/dsaf001/main.do?rcpNo=20240320001313 ; https://dart.fss.or.kr/dsaf001/main.do?rcpNo=20231114002308,7
대우건설,047040,2023Q4,2023-12-31,분기별 영업이익,77918539197,계산(연간-3분기누적),https://dart.fss.or.kr/dsaf001/main.do?rcpNo=20240320001313 ; https://dart.fss.or.kr/dsaf001/main.do?rcpNo=20231114002308,7
대우건설,047040,2023Q4,2023-12-31,분기별 당기순이익(지배),106659345443,계산(연간-3분기누적),https://dart.fss.or.kr/dsaf001/main.do?rcpNo=20240320001313 ; https://dart.fss.or.kr/dsaf001/main.do?rcpNo=20231114002308,7
대우건설,047040,2023Q4,2023-12-31,분기별 영업활동현금흐름,-258819978337,계산(누적차감),https://dart.fss.or.kr/dsaf001/main.do?rcpNo=20240320001313 ; https://dart.fss.or.kr/dsaf001/main.do?rcpNo=20231114002308,7
대우건설,047040,2023Q4,2023-12-31,분기말 지배지분 자본,4045911390382,공시,https://dart.fss.or.kr/dsaf001/main.do?rcpNo=20240320001313,7
대우건설,047040,2023Q4,2023-12-28,분기말 종가,4145,API,https://apis.data.go.kr/1160100/GetStockSecuritiesInfoService_V2/getStockPriceInfo_V2?basDt=20231228&likeSrtnCd=047040 (serviceKey 제외),7
대우건설,047040,2023Q4,2023-12-28,분기말 상장주식수,415622638,API,https://apis.data.go.kr/1160100/GetStockSecuritiesInfoService_V2/getStockPriceInfo_V2?basDt=20231228&likeSrtnCd=047040 (serviceKey 제외),7
대우건설,047040,2023Q4,2023-12-28,분기말 시가총액,1722755834510,API,https://apis.data.go.kr/1160100/GetStockSecuritiesInfoService_V2/getStockPriceInfo_V2?basDt=20231228&likeSrtnCd=047040 (serviceKey 제외),7
대우건설,047040,2024Q1,2024-03-31,분기말 자산총계,12154329323016,공시,https://dart.fss.or.kr/dsaf001/main.do?rcpNo=20240516001391,7
대우건설,047040,2024Q1,2024-03-31,분기말 부채총계,8040637045389,공시,https://dart.fss.or.kr/dsaf001/main.do?rcpNo=20240516001391,7
대우건설,047040,2024Q1,2024-03-31,분기말 총자본(자기자본),4113692277627,공시,https://dart.fss.or.kr/dsaf001/main.do?rcpNo=20240516001391,7
대우건설,047040,2024Q1,2024-03-31,분기별 매출액,2487337156576,공시,https://dart.fss.or.kr/dsaf001/main.do?rcpNo=20240516001391,7
대우건설,047040,2024Q1,2024-03-31,분기별 영업이익,114789901184,공시,https://dart.fss.or.kr/dsaf001/main.do?rcpNo=20240516001391,7
대우건설,047040,2024Q1,2024-03-31,분기별 당기순이익(지배),88364466637,공시,https://dart.fss.or.kr/dsaf001/main.do?rcpNo=20240516001391,7
대우건설,047040,2024Q1,2024-03-31,분기별 영업활동현금흐름,-384843778033,공시,https://dart.fss.or.kr/dsaf001/main.do?rcpNo=20240516001391,7
대우건설,047040,2024Q1,2024-03-31,분기말 지배지분 자본,4096407798626,공시,https://dart.fss.or.kr/dsaf001/main.do?rcpNo=20240516001391,7
대우건설,047040,2024Q1,2024-03-29,분기말 종가,3705,API,https://apis.data.go.kr/1160100/GetStockSecuritiesInfoService_V2/getStockPriceInfo_V2?basDt=20240329&likeSrtnCd=047040 (serviceKey 제외),7
대우건설,047040,2024Q1,2024-03-29,분기말 상장주식수,415622638,API,https://apis.data.go.kr/1160100/GetStockSecuritiesInfoService_V2/getStockPriceInfo_V2?basDt=20240329&likeSrtnCd=047040 (serviceKey 제외),7
대우건설,047040,2024Q1,2024-03-29,분기말 시가총액,1539881873790,API,https://apis.data.go.kr/1160100/GetStockSecuritiesInfoService_V2/getStockPriceInfo_V2?basDt=20240329&likeSrtnCd=047040 (serviceKey 제외),7
대우건설,047040,2024Q2,2024-06-30,분기말 자산총계,12249925651445,공시,https://dart.fss.or.kr/dsaf001/main.do?rcpNo=20240904000344,7
대우건설,047040,2024Q2,2024-06-30,분기말 부채총계,8040817557353,공시,https://dart.fss.or.kr/dsaf001/main.do?rcpNo=20240904000344,7
대우건설,047040,2024Q2,2024-06-30,분기말 총자본(자기자본),4209108094092,공시,https://dart.fss.or.kr/dsaf001/main.do?rcpNo=20240904000344,7
대우건설,047040,2024Q2,2024-06-30,분기별 매출액,2821467566663,공시,https://dart.fss.or.kr/dsaf001/main.do?rcpNo=20240904000344,7
대우건설,047040,2024Q2,2024-06-30,분기별 영업이익,104766484568,공시,https://dart.fss.or.kr/dsaf001/main.do?rcpNo=20240904000344,7
대우건설,047040,2024Q2,2024-06-30,분기별 당기순이익(지배),94687634332,공시,https://dart.fss.or.kr/dsaf001/main.do?rcpNo=20240904000344,7
대우건설,047040,2024Q2,2024-06-30,분기별 영업활동현금흐름,-693014928809,계산(누적차감),https://dart.fss.or.kr/dsaf001/main.do?rcpNo=20240904000344 ; https://dart.fss.or.kr/dsaf001/main.do?rcpNo=20240516001391,7
대우건설,047040,2024Q2,2024-06-30,분기말 지배지분 자본,4190241811430,공시,https://dart.fss.or.kr/dsaf001/main.do?rcpNo=20240904000344,7
대우건설,047040,2024Q2,2024-06-28,분기말 종가,3720,API,https://apis.data.go.kr/1160100/GetStockSecuritiesInfoService_V2/getStockPriceInfo_V2?basDt=20240628&likeSrtnCd=047040 (serviceKey 제외),7
대우건설,047040,2024Q2,2024-06-28,분기말 상장주식수,415622638,API,https://apis.data.go.kr/1160100/GetStockSecuritiesInfoService_V2/getStockPriceInfo_V2?basDt=20240628&likeSrtnCd=047040 (serviceKey 제외),7
대우건설,047040,2024Q2,2024-06-28,분기말 시가총액,1546116213360,API,https://apis.data.go.kr/1160100/GetStockSecuritiesInfoService_V2/getStockPriceInfo_V2?basDt=20240628&likeSrtnCd=047040 (serviceKey 제외),7
대우건설,047040,2024Q3,2024-09-30,분기말 자산총계,12325473332957,공시,https://dart.fss.or.kr/dsaf001/main.do?rcpNo=20241114003057,7
대우건설,047040,2024Q3,2024-09-30,분기말 부채총계,8161671705545,공시,https://dart.fss.or.kr/dsaf001/main.do?rcpNo=20241114003057,7
대우건설,047040,2024Q3,2024-09-30,분기말 총자본(자기자본),4163801627412,공시,https://dart.fss.or.kr/dsaf001/main.do?rcpNo=20241114003057,7
대우건설,047040,2024Q3,2024-09-30,분기별 매출액,2547811776367,공시,https://dart.fss.or.kr/dsaf001/main.do?rcpNo=20241114003057,7
대우건설,047040,2024Q3,2024-09-30,분기별 영업이익,62334562569,공시,https://dart.fss.or.kr/dsaf001/main.do?rcpNo=20241114003057,7
대우건설,047040,2024Q3,2024-09-30,분기별 당기순이익(지배),38080391487,공시,https://dart.fss.or.kr/dsaf001/main.do?rcpNo=20241114003057,7
대우건설,047040,2024Q3,2024-09-30,분기별 영업활동현금흐름,-337624039397,계산(누적차감),https://dart.fss.or.kr/dsaf001/main.do?rcpNo=20241114003057 ; https://dart.fss.or.kr/dsaf001/main.do?rcpNo=20240904000344,7
대우건설,047040,2024Q3,2024-09-30,분기말 지배지분 자본,4143769497600,공시,https://dart.fss.or.kr/dsaf001/main.do?rcpNo=20241114003057,7
대우건설,047040,2024Q3,2024-09-30,분기말 종가,3830,API,https://apis.data.go.kr/1160100/GetStockSecuritiesInfoService_V2/getStockPriceInfo_V2?basDt=20240930&likeSrtnCd=047040 (serviceKey 제외),7
대우건설,047040,2024Q3,2024-09-30,분기말 상장주식수,415622638,API,https://apis.data.go.kr/1160100/GetStockSecuritiesInfoService_V2/getStockPriceInfo_V2?basDt=20240930&likeSrtnCd=047040 (serviceKey 제외),7
대우건설,047040,2024Q3,2024-09-30,분기말 시가총액,1591834703540,API,https://apis.data.go.kr/1160100/GetStockSecuritiesInfoService_V2/getStockPriceInfo_V2?basDt=20240930&likeSrtnCd=047040 (serviceKey 제외),7
대우건설,047040,2024Q4,2024-12-31,분기말 자산총계,12658456266814,공시,https://dart.fss.or.kr/dsaf001/main.do?rcpNo=20250813000868,7
대우건설,047040,2024Q4,2024-12-31,분기말 부채총계,8324364439243,공시,https://dart.fss.or.kr/dsaf001/main.do?rcpNo=20250813000868,7
대우건설,047040,2024Q4,2024-12-31,분기말 총자본(자기자본),4334091827571,공시,https://dart.fss.or.kr/dsaf001/main.do?rcpNo=20250813000868,7
대우건설,047040,2024Q4,2024-12-31,분기별 매출액,2646992586428,계산(연간-3분기누적),https://dart.fss.or.kr/dsaf001/main.do?rcpNo=20250813000868 ; https://dart.fss.or.kr/dsaf001/main.do?rcpNo=20241114003057,7
대우건설,047040,2024Q4,2024-12-31,분기별 영업이익,121234665560,계산(연간-3분기누적),https://dart.fss.or.kr/dsaf001/main.do?rcpNo=20250813000868 ; https://dart.fss.or.kr/dsaf001/main.do?rcpNo=20241114003057,7
대우건설,047040,2024Q4,2024-12-31,분기별 당기순이익(지배),12961729371,계산(연간-3분기누적),https://dart.fss.or.kr/dsaf001/main.do?rcpNo=20250813000868 ; https://dart.fss.or.kr/dsaf001/main.do?rcpNo=20241114003057,7
대우건설,047040,2024Q4,2024-12-31,분기별 영업활동현금흐름,131958273794,계산(누적차감),https://dart.fss.or.kr/dsaf001/main.do?rcpNo=20250813000868 ; https://dart.fss.or.kr/dsaf001/main.do?rcpNo=20241114003057,7
대우건설,047040,2024Q4,2024-12-31,분기말 지배지분 자본,4291145722596,공시,https://dart.fss.or.kr/dsaf001/main.do?rcpNo=20250813000868,7
대우건설,047040,2024Q4,2024-12-30,분기말 종가,3105,API,https://apis.data.go.kr/1160100/GetStockSecuritiesInfoService_V2/getStockPriceInfo_V2?basDt=20241230&likeSrtnCd=047040 (serviceKey 제외),7
대우건설,047040,2024Q4,2024-12-30,분기말 상장주식수,415622638,API,https://apis.data.go.kr/1160100/GetStockSecuritiesInfoService_V2/getStockPriceInfo_V2?basDt=20241230&likeSrtnCd=047040 (serviceKey 제외),7
대우건설,047040,2024Q4,2024-12-30,분기말 시가총액,1290508290990,API,https://apis.data.go.kr/1160100/GetStockSecuritiesInfoService_V2/getStockPriceInfo_V2?basDt=20241230&likeSrtnCd=047040 (serviceKey 제외),7
대우건설,047040,2025Q1,2025-03-31,분기말 자산총계,12864155021623,공시,https://dart.fss.or.kr/dsaf001/main.do?rcpNo=20250515002566,7
대우건설,047040,2025Q1,2025-03-31,분기말 부채총계,8477384493295,공시,https://dart.fss.or.kr/dsaf001/main.do?rcpNo=20250515002566,7
대우건설,047040,2025Q1,2025-03-31,분기말 총자본(자기자본),4386770528328,공시,https://dart.fss.or.kr/dsaf001/main.do?rcpNo=20250515002566,7
대우건설,047040,2025Q1,2025-03-31,분기별 매출액,2076668652788,공시,https://dart.fss.or.kr/dsaf001/main.do?rcpNo=20250515002566,7
대우건설,047040,2025Q1,2025-03-31,분기별 영업이익,151326026275,공시,https://dart.fss.or.kr/dsaf001/main.do?rcpNo=20250515002566,7
대우건설,047040,2025Q1,2025-03-31,분기별 당기순이익(지배),55948263608,공시,https://dart.fss.or.kr/dsaf001/main.do?rcpNo=20250515002566,7
대우건설,047040,2025Q1,2025-03-31,분기별 영업활동현금흐름,153469346612,공시,https://dart.fss.or.kr/dsaf001/main.do?rcpNo=20250515002566,7
대우건설,047040,2025Q1,2025-03-31,분기말 지배지분 자본,4342097665256,공시,https://dart.fss.or.kr/dsaf001/main.do?rcpNo=20250515002566,7
대우건설,047040,2025Q1,2025-03-31,분기말 종가,3150,API,https://apis.data.go.kr/1160100/GetStockSecuritiesInfoService_V2/getStockPriceInfo_V2?basDt=20250331&likeSrtnCd=047040 (serviceKey 제외),7
대우건설,047040,2025Q1,2025-03-31,분기말 상장주식수,415622638,API,https://apis.data.go.kr/1160100/GetStockSecuritiesInfoService_V2/getStockPriceInfo_V2?basDt=20250331&likeSrtnCd=047040 (serviceKey 제외),7
대우건설,047040,2025Q1,2025-03-31,분기말 시가총액,1309211309700,API,https://apis.data.go.kr/1160100/GetStockSecuritiesInfoService_V2/getStockPriceInfo_V2?basDt=20250331&likeSrtnCd=047040 (serviceKey 제외),7
대우건설,047040,2025Q2,2025-06-30,분기말 자산총계,12567842856968,공시,https://dart.fss.or.kr/dsaf001/main.do?rcpNo=20250813001556,7
대우건설,047040,2025Q2,2025-06-30,분기말 부채총계,8376009508129,공시,https://dart.fss.or.kr/dsaf001/main.do?rcpNo=20250813001556,7
대우건설,047040,2025Q2,2025-06-30,분기말 총자본(자기자본),4191833348839,공시,https://dart.fss.or.kr/dsaf001/main.do?rcpNo=20250813001556,7
대우건설,047040,2025Q2,2025-06-30,분기별 매출액,2273320646524,공시,https://dart.fss.or.kr/dsaf001/main.do?rcpNo=20250813001556,7
대우건설,047040,2025Q2,2025-06-30,분기별 영업이익,82191159199,공시,https://dart.fss.or.kr/dsaf001/main.do?rcpNo=20250813001556,7
대우건설,047040,2025Q2,2025-06-30,분기별 당기순이익(지배),-43269000566,공시,https://dart.fss.or.kr/dsaf001/main.do?rcpNo=20250813001556,7
대우건설,047040,2025Q2,2025-06-30,분기별 영업활동현금흐름,67432407518,계산(누적차감),https://dart.fss.or.kr/dsaf001/main.do?rcpNo=20250813001556 ; https://dart.fss.or.kr/dsaf001/main.do?rcpNo=20250515002566,7
대우건설,047040,2025Q2,2025-06-30,분기말 지배지분 자본,4129892879246,공시,https://dart.fss.or.kr/dsaf001/main.do?rcpNo=20250813001556,7
대우건설,047040,2025Q2,2025-06-30,분기말 종가,4180,API,https://apis.data.go.kr/1160100/GetStockSecuritiesInfoService_V2/getStockPriceInfo_V2?basDt=20250630&likeSrtnCd=047040 (serviceKey 제외),7
대우건설,047040,2025Q2,2025-06-30,분기말 상장주식수,415622638,API,https://apis.data.go.kr/1160100/GetStockSecuritiesInfoService_V2/getStockPriceInfo_V2?basDt=20250630&likeSrtnCd=047040 (serviceKey 제외),7
대우건설,047040,2025Q2,2025-06-30,분기말 시가총액,1737302626840,API,https://apis.data.go.kr/1160100/GetStockSecuritiesInfoService_V2/getStockPriceInfo_V2?basDt=20250630&likeSrtnCd=047040 (serviceKey 제외),7
대우건설,047040,2025Q3,2025-09-30,분기말 자산총계,13858278881615,공시,https://dart.fss.or.kr/dsaf001/main.do?rcpNo=20251114001603,7
대우건설,047040,2025Q3,2025-09-30,분기말 부채총계,9641850442204,공시,https://dart.fss.or.kr/dsaf001/main.do?rcpNo=20251114001603,7
대우건설,047040,2025Q3,2025-09-30,분기말 총자본(자기자본),4216428439411,공시,https://dart.fss.or.kr/dsaf001/main.do?rcpNo=20251114001603,7
대우건설,047040,2025Q3,2025-09-30,분기별 매출액,1990611305711,공시,https://dart.fss.or.kr/dsaf001/main.do?rcpNo=20251114001603,7
대우건설,047040,2025Q3,2025-09-30,분기별 영업이익,56569569369,공시,https://dart.fss.or.kr/dsaf001/main.do?rcpNo=20251114001603,7
대우건설,047040,2025Q3,2025-09-30,분기별 당기순이익(지배),-53372147208,공시,https://dart.fss.or.kr/dsaf001/main.do?rcpNo=20251114001603,7
대우건설,047040,2025Q3,2025-09-30,분기별 영업활동현금흐름,-327383049120,계산(누적차감),https://dart.fss.or.kr/dsaf001/main.do?rcpNo=20251114001603 ; https://dart.fss.or.kr/dsaf001/main.do?rcpNo=20250813001556,7
대우건설,047040,2025Q3,2025-09-30,분기말 지배지분 자본,4138641873534,공시,https://dart.fss.or.kr/dsaf001/main.do?rcpNo=20251114001603,7
대우건설,047040,2025Q3,2025-09-30,분기말 종가,3580,API,https://apis.data.go.kr/1160100/GetStockSecuritiesInfoService_V2/getStockPriceInfo_V2?basDt=20250930&likeSrtnCd=047040 (serviceKey 제외),7
대우건설,047040,2025Q3,2025-09-30,분기말 상장주식수,415622638,API,https://apis.data.go.kr/1160100/GetStockSecuritiesInfoService_V2/getStockPriceInfo_V2?basDt=20250930&likeSrtnCd=047040 (serviceKey 제외),7
대우건설,047040,2025Q3,2025-09-30,분기말 시가총액,1487929044040,API,https://apis.data.go.kr/1160100/GetStockSecuritiesInfoService_V2/getStockPriceInfo_V2?basDt=20250930&likeSrtnCd=047040 (serviceKey 제외),7
대우건설,047040,2025Q4,2025-12-31,분기말 자산총계,13358502674960,공시,https://dart.fss.or.kr/dsaf001/main.do?rcpNo=20260318001029,7
대우건설,047040,2025Q4,2025-12-31,분기말 부채총계,9883897059667,공시,https://dart.fss.or.kr/dsaf001/main.do?rcpNo=20260318001029,7
대우건설,047040,2025Q4,2025-12-31,분기말 총자본(자기자본),3474605615293,공시,https://dart.fss.or.kr/dsaf001/main.do?rcpNo=20260318001029,7
대우건설,047040,2025Q4,2025-12-31,분기별 매출액,1714026532834,계산(연간-3분기누적),https://dart.fss.or.kr/dsaf001/main.do?rcpNo=20260318001029 ; https://dart.fss.or.kr/dsaf001/main.do?rcpNo=20251114001603,7
대우건설,047040,2025Q4,2025-12-31,분기별 영업이익,-1105518034634,계산(연간-3분기누적),https://dart.fss.or.kr/dsaf001/main.do?rcpNo=20260318001029 ; https://dart.fss.or.kr/dsaf001/main.do?rcpNo=20251114001603,7
대우건설,047040,2025Q4,2025-12-31,분기별 당기순이익(지배),-871570845000,계산(연간-3분기누적),https://dart.fss.or.kr/dsaf001/main.do?rcpNo=20260318001029 ; https://dart.fss.or.kr/dsaf001/main.do?rcpNo=20251114001603,7
대우건설,047040,2025Q4,2025-12-31,분기별 영업활동현금흐름,569386327693,계산(누적차감),https://dart.fss.or.kr/dsaf001/main.do?rcpNo=20260318001029 ; https://dart.fss.or.kr/dsaf001/main.do?rcpNo=20251114001603,7
대우건설,047040,2025Q4,2025-12-31,분기말 지배지분 자본,3347692728720,공시,https://dart.fss.or.kr/dsaf001/main.do?rcpNo=20260318001029,7
대우건설,047040,2025Q4,2025-12-30,분기말 종가,3820,API,https://apis.data.go.kr/1160100/GetStockSecuritiesInfoService_V2/getStockPriceInfo_V2?basDt=20251230&likeSrtnCd=047040 (serviceKey 제외),7
대우건설,047040,2025Q4,2025-12-30,분기말 상장주식수,415622638,API,https://apis.data.go.kr/1160100/GetStockSecuritiesInfoService_V2/getStockPriceInfo_V2?basDt=20251230&likeSrtnCd=047040 (serviceKey 제외),7
대우건설,047040,2025Q4,2025-12-30,분기말 시가총액,1587678477160,API,https://apis.data.go.kr/1160100/GetStockSecuritiesInfoService_V2/getStockPriceInfo_V2?basDt=20251230&likeSrtnCd=047040 (serviceKey 제외),7
대우건설,047040,2026Q1,2026-03-31,분기말 자산총계,14078103092832,공시,https://dart.fss.or.kr/dsaf001/main.do?rcpNo=20260515001883,7
대우건설,047040,2026Q1,2026-03-31,분기말 부채총계,10350443875403,공시,https://dart.fss.or.kr/dsaf001/main.do?rcpNo=20260515001883,7
대우건설,047040,2026Q1,2026-03-31,분기말 총자본(자기자본),3727659217429,공시,https://dart.fss.or.kr/dsaf001/main.do?rcpNo=20260515001883,7
대우건설,047040,2026Q1,2026-03-31,분기별 매출액,1951410038476,공시,https://dart.fss.or.kr/dsaf001/main.do?rcpNo=20260515001883,7
대우건설,047040,2026Q1,2026-03-31,분기별 영업이익,255631837181,공시,https://dart.fss.or.kr/dsaf001/main.do?rcpNo=20260515001883,7
대우건설,047040,2026Q1,2026-03-31,분기별 당기순이익(지배),194334688033,공시,https://dart.fss.or.kr/dsaf001/main.do?rcpNo=20260515001883,7
대우건설,047040,2026Q1,2026-03-31,분기별 영업활동현금흐름,-185428368712,공시,https://dart.fss.or.kr/dsaf001/main.do?rcpNo=20260515001883,7
대우건설,047040,2026Q1,2026-03-31,분기말 지배지분 자본,3593145046628,공시,https://dart.fss.or.kr/dsaf001/main.do?rcpNo=20260515001883,7
대우건설,047040,2026Q1,2026-03-31,분기말 종가,15550,API,https://apis.data.go.kr/1160100/GetStockSecuritiesInfoService_V2/getStockPriceInfo_V2?basDt=20260331&likeSrtnCd=047040 (serviceKey 제외),7
대우건설,047040,2026Q1,2026-03-31,분기말 상장주식수,415622638,API,https://apis.data.go.kr/1160100/GetStockSecuritiesInfoService_V2/getStockPriceInfo_V2?basDt=20260331&likeSrtnCd=047040 (serviceKey 제외),7
대우건설,047040,2026Q1,2026-03-31,분기말 시가총액,6462932020900,API,https://apis.data.go.kr/1160100/GetStockSecuritiesInfoService_V2/getStockPriceInfo_V2?basDt=20260331&likeSrtnCd=047040 (serviceKey 제외),7
대우건설,047040,2026Q2,2026-06-30,분기말 자산총계,14385234726420,공시,https://dart.fss.or.kr/dsaf001/main.do?rcpNo=20260814002161,7
대우건설,047040,2026Q2,2026-06-30,분기말 부채총계,10460674339048,공시,https://dart.fss.or.kr/dsaf001/main.do?rcpNo=20260814002161,7
대우건설,047040,2026Q2,2026-06-30,분기말 총자본(자기자본),3924560387372,공시,https://dart.fss.or.kr/dsaf001/main.do?rcpNo=20260814002161,7
대우건설,047040,2026Q2,2026-06-30,분기별 매출액,2043498816098,공시,https://dart.fss.or.kr/dsaf001/main.do?rcpNo=20260814002161,7
대우건설,047040,2026Q2,2026-06-30,분기별 영업이익,232239458495,공시,https://dart.fss.or.kr/dsaf001/main.do?rcpNo=20260814002161,7
대우건설,047040,2026Q2,2026-06-30,분기별 당기순이익(지배),166188020347,공시,https://dart.fss.or.kr/dsaf001/main.do?rcpNo=20260814002161,7
대우건설,047040,2026Q2,2026-06-30,분기별 영업활동현금흐름,-746192532696,계산(누적차감),https://dart.fss.or.kr/dsaf001/main.do?rcpNo=20260814002161 ; https://dart.fss.or.kr/dsaf001/main.do?rcpNo=20260515001883,7
대우건설,047040,2026Q2,2026-06-30,분기말 지배지분 자본,3786662530552,공시,https://dart.fss.or.kr/dsaf001/main.do?rcpNo=20260814002161,7
대우건설,047040,2026Q2,2026-06-30,분기말 종가,18840,API,https://apis.data.go.kr/1160100/GetStockSecuritiesInfoService_V2/getStockPriceInfo_V2?basDt=20260630&likeSrtnCd=047040 (serviceKey 제외),7
대우건설,047040,2026Q2,2026-06-30,분기말 상장주식수,410907638,API,https://apis.data.go.kr/1160100/GetStockSecuritiesInfoService_V2/getStockPriceInfo_V2?basDt=20260630&likeSrtnCd=047040 (serviceKey 제외),7
대우건설,047040,2026Q2,2026-06-30,분기말 시가총액,7741499899920,API,https://apis.data.go.kr/1160100/GetStockSecuritiesInfoService_V2/getStockPriceInfo_V2?basDt=20260630&likeSrtnCd=047040 (serviceKey 제외),7
