기업,종목코드,기간,기준일,항목,값(원),값구분,출처,항목세트,라운드
한화생명,088350,2010Q1,2010-03-31,분기말 자산총계,미확인,미확인,https://dart.fss.or.kr/dsaf001/main.do?rcpNo=20100629000475,금융,14
한화생명,088350,2010Q1,2010-03-31,분기말 부채총계,미확인,미확인,https://dart.fss.or.kr/dsaf001/main.do?rcpNo=20100629000475,금융,14
한화생명,088350,2010Q1,2010-03-31,분기말 총자본(자기자본),미확인,미확인,https://dart.fss.or.kr/dsaf001/main.do?rcpNo=20100629000475,금융,14
한화생명,088350,2010Q1,2010-03-31,분기별 영업수익,미확인,미확인,https://dart.fss.or.kr/dsaf001/main.do?rcpNo=20100629000475,금융,14
한화생명,088350,2010Q1,2010-03-31,분기별 영업이익,미확인,미확인,https://dart.fss.or.kr/dsaf001/main.do?rcpNo=20100629000475,금융,14
한화생명,088350,2010Q1,2010-03-31,분기별 당기순이익(지배),미확인,미확인,https://dart.fss.or.kr/dsaf001/main.do?rcpNo=20100629000475,금융,14
한화생명,088350,2010Q1,2010-03-31,분기별 순이자이익,미확인,미확인,https://dart.fss.or.kr/dsaf001/main.do?rcpNo=20100629000475,금융,14
한화생명,088350,2010Q1,2010-03-31,분기별 순수수료이익,미확인,미확인,https://dart.fss.or.kr/dsaf001/main.do?rcpNo=20100629000475,금융,14
한화생명,088350,2010Q1,2010-03-31,분기별 영업활동현금흐름,미확인,미확인,https://dart.fss.or.kr/dsaf001/main.do?rcpNo=20100629000475,금융,14
한화생명,088350,2010Q1,2010-03-31,분기말 지배지분 자본,미확인,미확인,https://dart.fss.or.kr/dsaf001/main.do?rcpNo=20100629000475,금융,14
한화생명,088350,2010Q1,2010-03-31,분기말 종가,8760,API,"https://data-dbg.krx.co.kr/svc/apis/sto/stk_bydd_trd?basDd=20100331 (KOSPI, 대한생명 ; 종가 8760 × 상장주식수 868530000 = 시가총액 7608322800000)",금융,14
한화생명,088350,2010Q1,2010-03-31,분기말 상장주식수,868530000,API,"https://data-dbg.krx.co.kr/svc/apis/sto/stk_bydd_trd?basDd=20100331 (KOSPI, 대한생명 ; 종가 8760 × 상장주식수 868530000 = 시가총액 7608322800000)",금융,14
한화생명,088350,2010Q1,2010-03-31,분기말 시가총액,7608322800000,API,"https://data-dbg.krx.co.kr/svc/apis/sto/stk_bydd_trd?basDd=20100331 (KOSPI, 대한생명 ; 종가 8760 × 상장주식수 868530000 = 시가총액 7608322800000)",금융,14
한화생명,088350,2010Q2,2010-06-30,분기말 자산총계,미확인,미확인,https://dart.fss.or.kr/dsaf001/main.do?rcpNo=20100816001263,금융,14
한화생명,088350,2010Q2,2010-06-30,분기말 부채총계,미확인,미확인,https://dart.fss.or.kr/dsaf001/main.do?rcpNo=20100816001263,금융,14
한화생명,088350,2010Q2,2010-06-30,분기말 총자본(자기자본),미확인,미확인,https://dart.fss.or.kr/dsaf001/main.do?rcpNo=20100816001263,금융,14
한화생명,088350,2010Q2,2010-06-30,분기별 영업수익,미확인,미확인,https://dart.fss.or.kr/dsaf001/main.do?rcpNo=20100816001263,금융,14
한화생명,088350,2010Q2,2010-06-30,분기별 영업이익,미확인,미확인,https://dart.fss.or.kr/dsaf001/main.do?rcpNo=20100816001263,금융,14
한화생명,088350,2010Q2,2010-06-30,분기별 당기순이익(지배),미확인,미확인,https://dart.fss.or.kr/dsaf001/main.do?rcpNo=20100816001263,금융,14
한화생명,088350,2010Q2,2010-06-30,분기별 순이자이익,미확인,미확인,https://dart.fss.or.kr/dsaf001/main.do?rcpNo=20100816001263,금융,14
한화생명,088350,2010Q2,2010-06-30,분기별 순수수료이익,미확인,미확인,https://dart.fss.or.kr/dsaf001/main.do?rcpNo=20100816001263,금융,14
한화생명,088350,2010Q2,2010-06-30,분기별 영업활동현금흐름,미확인,미확인,https://dart.fss.or.kr/dsaf001/main.do?rcpNo=20100816001263 ; https://dart.fss.or.kr/dsaf001/main.do?rcpNo=20100629000475,금융,14
한화생명,088350,2010Q2,2010-06-30,분기말 지배지분 자본,미확인,미확인,https://dart.fss.or.kr/dsaf001/main.do?rcpNo=20100816001263,금융,14
한화생명,088350,2010Q2,2010-06-30,분기말 종가,8580,API,"https://data-dbg.krx.co.kr/svc/apis/sto/stk_bydd_trd?basDd=20100630 (KOSPI, 대한생명 ; 종가 8580 × 상장주식수 868530000 = 시가총액 7451987400000)",금융,14
한화생명,088350,2010Q2,2010-06-30,분기말 상장주식수,868530000,API,"https://data-dbg.krx.co.kr/svc/apis/sto/stk_bydd_trd?basDd=20100630 (KOSPI, 대한생명 ; 종가 8580 × 상장주식수 868530000 = 시가총액 7451987400000)",금융,14
한화생명,088350,2010Q2,2010-06-30,분기말 시가총액,7451987400000,API,"https://data-dbg.krx.co.kr/svc/apis/sto/stk_bydd_trd?basDd=20100630 (KOSPI, 대한생명 ; 종가 8580 × 상장주식수 868530000 = 시가총액 7451987400000)",금융,14
한화생명,088350,2010Q3,2010-09-30,분기말 자산총계,미확인,미확인,https://dart.fss.or.kr/dsaf001/main.do?rcpNo=20101115001486,금융,14
한화생명,088350,2010Q3,2010-09-30,분기말 부채총계,미확인,미확인,https://dart.fss.or.kr/dsaf001/main.do?rcpNo=20101115001486,금융,14
한화생명,088350,2010Q3,2010-09-30,분기말 총자본(자기자본),미확인,미확인,https://dart.fss.or.kr/dsaf001/main.do?rcpNo=20101115001486,금융,14
한화생명,088350,2010Q3,2010-09-30,분기별 영업수익,미확인,미확인,https://dart.fss.or.kr/dsaf001/main.do?rcpNo=20101115001486,금융,14
한화생명,088350,2010Q3,2010-09-30,분기별 영업이익,미확인,미확인,https://dart.fss.or.kr/dsaf001/main.do?rcpNo=20101115001486,금융,14
한화생명,088350,2010Q3,2010-09-30,분기별 당기순이익(지배),미확인,미확인,https://dart.fss.or.kr/dsaf001/main.do?rcpNo=20101115001486,금융,14
한화생명,088350,2010Q3,2010-09-30,분기별 순이자이익,미확인,미확인,https://dart.fss.or.kr/dsaf001/main.do?rcpNo=20101115001486,금융,14
한화생명,088350,2010Q3,2010-09-30,분기별 순수수료이익,미확인,미확인,https://dart.fss.or.kr/dsaf001/main.do?rcpNo=20101115001486,금융,14
한화생명,088350,2010Q3,2010-09-30,분기별 영업활동현금흐름,미확인,미확인,https://dart.fss.or.kr/dsaf001/main.do?rcpNo=20101115001486 ; https://dart.fss.or.kr/dsaf001/main.do?rcpNo=20100816001263,금융,14
한화생명,088350,2010Q3,2010-09-30,분기말 지배지분 자본,미확인,미확인,https://dart.fss.or.kr/dsaf001/main.do?rcpNo=20101115001486,금융,14
한화생명,088350,2010Q3,2010-09-30,분기말 종가,7630,API,"https://data-dbg.krx.co.kr/svc/apis/sto/stk_bydd_trd?basDd=20100930 (KOSPI, 대한생명 ; 종가 7630 × 상장주식수 868530000 = 시가총액 6626883900000)",금융,14
한화생명,088350,2010Q3,2010-09-30,분기말 상장주식수,868530000,API,"https://data-dbg.krx.co.kr/svc/apis/sto/stk_bydd_trd?basDd=20100930 (KOSPI, 대한생명 ; 종가 7630 × 상장주식수 868530000 = 시가총액 6626883900000)",금융,14
한화생명,088350,2010Q3,2010-09-30,분기말 시가총액,6626883900000,API,"https://data-dbg.krx.co.kr/svc/apis/sto/stk_bydd_trd?basDd=20100930 (KOSPI, 대한생명 ; 종가 7630 × 상장주식수 868530000 = 시가총액 6626883900000)",금융,14
한화생명,088350,2010Q4,2010-12-31,분기말 자산총계,미확인,미확인,https://dart.fss.or.kr/dsaf001/main.do?rcpNo=20110214000435,금융,14
한화생명,088350,2010Q4,2010-12-31,분기말 부채총계,미확인,미확인,https://dart.fss.or.kr/dsaf001/main.do?rcpNo=20110214000435,금융,14
한화생명,088350,2010Q4,2010-12-31,분기말 총자본(자기자본),미확인,미확인,https://dart.fss.or.kr/dsaf001/main.do?rcpNo=20110214000435,금융,14
한화생명,088350,2010Q4,2010-12-31,분기별 영업수익,미확인,미확인,https://dart.fss.or.kr/dsaf001/main.do?rcpNo=20110214000435 ; https://dart.fss.or.kr/dsaf001/main.do?rcpNo=20101115001486,금융,14
한화생명,088350,2010Q4,2010-12-31,분기별 영업이익,미확인,미확인,https://dart.fss.or.kr/dsaf001/main.do?rcpNo=20110214000435 ; https://dart.fss.or.kr/dsaf001/main.do?rcpNo=20101115001486,금융,14
한화생명,088350,2010Q4,2010-12-31,분기별 당기순이익(지배),미확인,미확인,https://dart.fss.or.kr/dsaf001/main.do?rcpNo=20110214000435 ; https://dart.fss.or.kr/dsaf001/main.do?rcpNo=20101115001486,금융,14
한화생명,088350,2010Q4,2010-12-31,분기별 순이자이익,미확인,미확인,https://dart.fss.or.kr/dsaf001/main.do?rcpNo=20110214000435 ; https://dart.fss.or.kr/dsaf001/main.do?rcpNo=20101115001486,금융,14
한화생명,088350,2010Q4,2010-12-31,분기별 순수수료이익,미확인,미확인,https://dart.fss.or.kr/dsaf001/main.do?rcpNo=20110214000435 ; https://dart.fss.or.kr/dsaf001/main.do?rcpNo=20101115001486,금융,14
한화생명,088350,2010Q4,2010-12-31,분기별 영업활동현금흐름,미확인,미확인,https://dart.fss.or.kr/dsaf001/main.do?rcpNo=20110214000435 ; https://dart.fss.or.kr/dsaf001/main.do?rcpNo=20101115001486,금융,14
한화생명,088350,2010Q4,2010-12-31,분기말 지배지분 자본,미확인,미확인,https://dart.fss.or.kr/dsaf001/main.do?rcpNo=20110214000435,금융,14
한화생명,088350,2010Q4,2010-12-30,분기말 종가,7950,API,"https://data-dbg.krx.co.kr/svc/apis/sto/stk_bydd_trd?basDd=20101230 (KOSPI, 대한생명 ; 종가 7950 × 상장주식수 868530000 = 시가총액 6904813500000)",금융,14
한화생명,088350,2010Q4,2010-12-30,분기말 상장주식수,868530000,API,"https://data-dbg.krx.co.kr/svc/apis/sto/stk_bydd_trd?basDd=20101230 (KOSPI, 대한생명 ; 종가 7950 × 상장주식수 868530000 = 시가총액 6904813500000)",금융,14
한화생명,088350,2010Q4,2010-12-30,분기말 시가총액,6904813500000,API,"https://data-dbg.krx.co.kr/svc/apis/sto/stk_bydd_trd?basDd=20101230 (KOSPI, 대한생명 ; 종가 7950 × 상장주식수 868530000 = 시가총액 6904813500000)",금융,14
한화생명,088350,2011Q1,2011-03-31,분기말 자산총계,미확인,미확인,https://dart.fss.or.kr/dsaf001/main.do?rcpNo=20110630000079,금융,14
한화생명,088350,2011Q1,2011-03-31,분기말 부채총계,미확인,미확인,https://dart.fss.or.kr/dsaf001/main.do?rcpNo=20110630000079,금융,14
한화생명,088350,2011Q1,2011-03-31,분기말 총자본(자기자본),미확인,미확인,https://dart.fss.or.kr/dsaf001/main.do?rcpNo=20110630000079,금융,14
한화생명,088350,2011Q1,2011-03-31,분기별 영업수익,미확인,미확인,https://dart.fss.or.kr/dsaf001/main.do?rcpNo=20110630000079,금융,14
한화생명,088350,2011Q1,2011-03-31,분기별 영업이익,미확인,미확인,https://dart.fss.or.kr/dsaf001/main.do?rcpNo=20110630000079,금융,14
한화생명,088350,2011Q1,2011-03-31,분기별 당기순이익(지배),미확인,미확인,https://dart.fss.or.kr/dsaf001/main.do?rcpNo=20110630000079,금융,14
한화생명,088350,2011Q1,2011-03-31,분기별 순이자이익,미확인,미확인,https://dart.fss.or.kr/dsaf001/main.do?rcpNo=20110630000079,금융,14
한화생명,088350,2011Q1,2011-03-31,분기별 순수수료이익,미확인,미확인,https://dart.fss.or.kr/dsaf001/main.do?rcpNo=20110630000079,금융,14
한화생명,088350,2011Q1,2011-03-31,분기별 영업활동현금흐름,미확인,미확인,https://dart.fss.or.kr/dsaf001/main.do?rcpNo=20110630000079,금융,14
한화생명,088350,2011Q1,2011-03-31,분기말 지배지분 자본,미확인,미확인,https://dart.fss.or.kr/dsaf001/main.do?rcpNo=20110630000079,금융,14
한화생명,088350,2011Q1,2011-03-31,분기말 종가,7580,API,"https://data-dbg.krx.co.kr/svc/apis/sto/stk_bydd_trd?basDd=20110331 (KOSPI, 대한생명 ; 종가 7580 × 상장주식수 868530000 = 시가총액 6583457400000)",금융,14
한화생명,088350,2011Q1,2011-03-31,분기말 상장주식수,868530000,API,"https://data-dbg.krx.co.kr/svc/apis/sto/stk_bydd_trd?basDd=20110331 (KOSPI, 대한생명 ; 종가 7580 × 상장주식수 868530000 = 시가총액 6583457400000)",금융,14
한화생명,088350,2011Q1,2011-03-31,분기말 시가총액,6583457400000,API,"https://data-dbg.krx.co.kr/svc/apis/sto/stk_bydd_trd?basDd=20110331 (KOSPI, 대한생명 ; 종가 7580 × 상장주식수 868530000 = 시가총액 6583457400000)",금융,14
한화생명,088350,2011Q2,2011-06-30,분기말 자산총계,65399072178163,공시,https://dart.fss.or.kr/dsaf001/main.do?rcpNo=20110829000701,금융,14
한화생명,088350,2011Q2,2011-06-30,분기말 부채총계,58870815905046,공시,https://dart.fss.or.kr/dsaf001/main.do?rcpNo=20110829000701,금융,14
한화생명,088350,2011Q2,2011-06-30,분기말 총자본(자기자본),6528256273117,공시,https://dart.fss.or.kr/dsaf001/main.do?rcpNo=20110829000701,금융,14
한화생명,088350,2011Q2,2011-06-30,분기별 영업수익,미확인,미확인,https://dart.fss.or.kr/dsaf001/main.do?rcpNo=20110829000701,금융,14
한화생명,088350,2011Q2,2011-06-30,분기별 영업이익,미확인,미확인,https://dart.fss.or.kr/dsaf001/main.do?rcpNo=20110829000701,금융,14
한화생명,088350,2011Q2,2011-06-30,분기별 당기순이익(지배),미확인,미확인,https://dart.fss.or.kr/dsaf001/main.do?rcpNo=20110829000701,금융,14
한화생명,088350,2011Q2,2011-06-30,분기별 순이자이익,데이터 없음(항목 미공시),데이터 없음(항목 미공시),https://dart.fss.or.kr/dsaf001/main.do?rcpNo=20110829000701,금융,14
한화생명,088350,2011Q2,2011-06-30,분기별 순수수료이익,데이터 없음(항목 미공시),데이터 없음(항목 미공시),https://dart.fss.or.kr/dsaf001/main.do?rcpNo=20110829000701,금융,14
한화생명,088350,2011Q2,2011-06-30,분기별 영업활동현금흐름,미확인,미확인,https://dart.fss.or.kr/dsaf001/main.do?rcpNo=20110829000701 ; https://dart.fss.or.kr/dsaf001/main.do?rcpNo=20110630000079,금융,14
한화생명,088350,2011Q2,2011-06-30,분기말 지배지분 자본,6528256273117,공시,https://dart.fss.or.kr/dsaf001/main.do?rcpNo=20110829000701,금융,14
한화생명,088350,2011Q2,2011-06-30,분기말 종가,7740,API,"https://data-dbg.krx.co.kr/svc/apis/sto/stk_bydd_trd?basDd=20110630 (KOSPI, 대한생명 ; 종가 7740 × 상장주식수 868530000 = 시가총액 6722422200000)",금융,14
한화생명,088350,2011Q2,2011-06-30,분기말 상장주식수,868530000,API,"https://data-dbg.krx.co.kr/svc/apis/sto/stk_bydd_trd?basDd=20110630 (KOSPI, 대한생명 ; 종가 7740 × 상장주식수 868530000 = 시가총액 6722422200000)",금융,14
한화생명,088350,2011Q2,2011-06-30,분기말 시가총액,6722422200000,API,"https://data-dbg.krx.co.kr/svc/apis/sto/stk_bydd_trd?basDd=20110630 (KOSPI, 대한생명 ; 종가 7740 × 상장주식수 868530000 = 시가총액 6722422200000)",금융,14
한화생명,088350,2011Q3,2011-09-30,분기말 자산총계,66083159699879,공시,https://dart.fss.or.kr/dsaf001/main.do?rcpNo=20111129000840,금융,14
한화생명,088350,2011Q3,2011-09-30,분기말 부채총계,59580718445826,공시,https://dart.fss.or.kr/dsaf001/main.do?rcpNo=20111129000840,금융,14
한화생명,088350,2011Q3,2011-09-30,분기말 총자본(자기자본),6502441254053,공시,https://dart.fss.or.kr/dsaf001/main.do?rcpNo=20111129000840,금융,14
한화생명,088350,2011Q3,2011-09-30,분기별 영업수익,2875150228292,공시,https://dart.fss.or.kr/dsaf001/main.do?rcpNo=20111129000840,금융,14
한화생명,088350,2011Q3,2011-09-30,분기별 영업이익,74458283757,공시,https://dart.fss.or.kr/dsaf001/main.do?rcpNo=20111129000840,금융,14
한화생명,088350,2011Q3,2011-09-30,분기별 당기순이익(지배),63727173088,공시,https://dart.fss.or.kr/dsaf001/main.do?rcpNo=20111129000840,금융,14
한화생명,088350,2011Q3,2011-09-30,분기별 순이자이익,데이터 없음(항목 미공시),데이터 없음(항목 미공시),https://dart.fss.or.kr/dsaf001/main.do?rcpNo=20111129000840,금융,14
한화생명,088350,2011Q3,2011-09-30,분기별 순수수료이익,데이터 없음(항목 미공시),데이터 없음(항목 미공시),https://dart.fss.or.kr/dsaf001/main.do?rcpNo=20111129000840,금융,14
한화생명,088350,2011Q3,2011-09-30,분기별 영업활동현금흐름,-761060880976,계산(누적차감),https://dart.fss.or.kr/dsaf001/main.do?rcpNo=20111129000840 ; https://dart.fss.or.kr/dsaf001/main.do?rcpNo=20110829000701,금융,14
한화생명,088350,2011Q3,2011-09-30,분기말 지배지분 자본,6469500695945,공시,https://dart.fss.or.kr/dsaf001/main.do?rcpNo=20111129000840,금융,14
한화생명,088350,2011Q3,2011-09-30,분기말 종가,5590,API,"https://data-dbg.krx.co.kr/svc/apis/sto/stk_bydd_trd?basDd=20110930 (KOSPI, 대한생명 ; 종가 5590 × 상장주식수 868530000 = 시가총액 4855082700000)",금융,14
한화생명,088350,2011Q3,2011-09-30,분기말 상장주식수,868530000,API,"https://data-dbg.krx.co.kr/svc/apis/sto/stk_bydd_trd?basDd=20110930 (KOSPI, 대한생명 ; 종가 5590 × 상장주식수 868530000 = 시가총액 4855082700000)",금융,14
한화생명,088350,2011Q3,2011-09-30,분기말 시가총액,4855082700000,API,"https://data-dbg.krx.co.kr/svc/apis/sto/stk_bydd_trd?basDd=20110930 (KOSPI, 대한생명 ; 종가 5590 × 상장주식수 868530000 = 시가총액 4855082700000)",금융,14
한화생명,088350,2011Q4,2011-12-31,분기말 자산총계,67496220011072,공시,https://dart.fss.or.kr/dsaf001/main.do?rcpNo=20120229001022,금융,14
한화생명,088350,2011Q4,2011-12-31,분기말 부채총계,61054246703998,공시,https://dart.fss.or.kr/dsaf001/main.do?rcpNo=20120229001022,금융,14
한화생명,088350,2011Q4,2011-12-31,분기말 총자본(자기자본),6441973307074,공시,https://dart.fss.or.kr/dsaf001/main.do?rcpNo=20120229001022,금융,14
한화생명,088350,2011Q4,2011-12-31,분기별 영업수익,2755502125737,계산(연간-3분기누적),https://dart.fss.or.kr/dsaf001/main.do?rcpNo=20120229001022 ; https://dart.fss.or.kr/dsaf001/main.do?rcpNo=20111129000840,금융,14
한화생명,088350,2011Q4,2011-12-31,분기별 영업이익,181376936698,계산(연간-3분기누적),https://dart.fss.or.kr/dsaf001/main.do?rcpNo=20120229001022 ; https://dart.fss.or.kr/dsaf001/main.do?rcpNo=20111129000840,금융,14
한화생명,088350,2011Q4,2011-12-31,분기별 당기순이익(지배),135815605147,계산(연간-3분기누적),https://dart.fss.or.kr/dsaf001/main.do?rcpNo=20120229001022 ; https://dart.fss.or.kr/dsaf001/main.do?rcpNo=20111129000840,금융,14
한화생명,088350,2011Q4,2011-12-31,분기별 순이자이익,데이터 없음(항목 미공시),데이터 없음(항목 미공시),https://dart.fss.or.kr/dsaf001/main.do?rcpNo=20120229001022 ; https://dart.fss.or.kr/dsaf001/main.do?rcpNo=20111129000840,금융,14
한화생명,088350,2011Q4,2011-12-31,분기별 순수수료이익,데이터 없음(항목 미공시),데이터 없음(항목 미공시),https://dart.fss.or.kr/dsaf001/main.do?rcpNo=20120229001022 ; https://dart.fss.or.kr/dsaf001/main.do?rcpNo=20111129000840,금융,14
한화생명,088350,2011Q4,2011-12-31,분기별 영업활동현금흐름,602748000744,계산(누적차감),https://dart.fss.or.kr/dsaf001/main.do?rcpNo=20120229001022 ; https://dart.fss.or.kr/dsaf001/main.do?rcpNo=20111129000840,금융,14
한화생명,088350,2011Q4,2011-12-31,분기말 지배지분 자본,6441970307266,공시,https://dart.fss.or.kr/dsaf001/main.do?rcpNo=20120229001022,금융,14
한화생명,088350,2011Q4,2011-12-29,분기말 종가,7400,API,"https://data-dbg.krx.co.kr/svc/apis/sto/stk_bydd_trd?basDd=20111229 (KOSPI, 대한생명 ; 종가 7400 × 상장주식수 868530000 = 시가총액 6427122000000)",금융,14
한화생명,088350,2011Q4,2011-12-29,분기말 상장주식수,868530000,API,"https://data-dbg.krx.co.kr/svc/apis/sto/stk_bydd_trd?basDd=20111229 (KOSPI, 대한생명 ; 종가 7400 × 상장주식수 868530000 = 시가총액 6427122000000)",금융,14
한화생명,088350,2011Q4,2011-12-29,분기말 시가총액,6427122000000,API,"https://data-dbg.krx.co.kr/svc/apis/sto/stk_bydd_trd?basDd=20111229 (KOSPI, 대한생명 ; 종가 7400 × 상장주식수 868530000 = 시가총액 6427122000000)",금융,14
한화생명,088350,2012Q1,2012-03-31,분기말 자산총계,69106688513840,공시,https://dart.fss.or.kr/dsaf001/main.do?rcpNo=20120831001164,금융,14
한화생명,088350,2012Q1,2012-03-31,분기말 부채총계,62589540402828,공시,https://dart.fss.or.kr/dsaf001/main.do?rcpNo=20120831001164,금융,14
한화생명,088350,2012Q1,2012-03-31,분기말 총자본(자기자본),6517148111012,공시,https://dart.fss.or.kr/dsaf001/main.do?rcpNo=20120831001164,금융,14
한화생명,088350,2012Q1,2012-03-31,분기별 영업수익,11366389260079,공시,https://dart.fss.or.kr/dsaf001/main.do?rcpNo=20120831001164,금융,14
한화생명,088350,2012Q1,2012-03-31,분기별 영업이익,668805785630,공시,https://dart.fss.or.kr/dsaf001/main.do?rcpNo=20120831001164,금융,14
한화생명,088350,2012Q1,2012-03-31,분기별 당기순이익(지배),511895042503,공시,https://dart.fss.or.kr/dsaf001/main.do?rcpNo=20120831001164,금융,14
한화생명,088350,2012Q1,2012-03-31,분기별 순이자이익,데이터 없음(항목 미공시),데이터 없음(항목 미공시),https://dart.fss.or.kr/dsaf001/main.do?rcpNo=20120831001164,금융,14
한화생명,088350,2012Q1,2012-03-31,분기별 순수수료이익,데이터 없음(항목 미공시),데이터 없음(항목 미공시),https://dart.fss.or.kr/dsaf001/main.do?rcpNo=20120831001164,금융,14
한화생명,088350,2012Q1,2012-03-31,분기별 영업활동현금흐름,694714311764,공시,https://dart.fss.or.kr/dsaf001/main.do?rcpNo=20120831001164,금융,14
한화생명,088350,2012Q1,2012-03-31,분기말 지배지분 자본,6517145043915,공시,https://dart.fss.or.kr/dsaf001/main.do?rcpNo=20120831001164,금융,14
한화생명,088350,2012Q1,2012-03-30,분기말 종가,7490,API,"https://data-dbg.krx.co.kr/svc/apis/sto/stk_bydd_trd?basDd=20120330 (KOSPI, 대한생명 ; 종가 7490 × 상장주식수 868530000 = 시가총액 6505289700000)",금융,14
한화생명,088350,2012Q1,2012-03-30,분기말 상장주식수,868530000,API,"https://data-dbg.krx.co.kr/svc/apis/sto/stk_bydd_trd?basDd=20120330 (KOSPI, 대한생명 ; 종가 7490 × 상장주식수 868530000 = 시가총액 6505289700000)",금융,14
한화생명,088350,2012Q1,2012-03-30,분기말 시가총액,6505289700000,API,"https://data-dbg.krx.co.kr/svc/apis/sto/stk_bydd_trd?basDd=20120330 (KOSPI, 대한생명 ; 종가 7490 × 상장주식수 868530000 = 시가총액 6505289700000)",금융,14
한화생명,088350,2012Q2,2012-06-30,분기말 자산총계,70322295976326,공시,https://dart.fss.or.kr/dsaf001/main.do?rcpNo=20120831001192,금융,14
한화생명,088350,2012Q2,2012-06-30,분기말 부채총계,63829100855680,공시,https://dart.fss.or.kr/dsaf001/main.do?rcpNo=20120831001192,금융,14
한화생명,088350,2012Q2,2012-06-30,분기말 총자본(자기자본),6493195120646,공시,https://dart.fss.or.kr/dsaf001/main.do?rcpNo=20120831001192,금융,14
한화생명,088350,2012Q2,2012-06-30,분기별 영업수익,-8525613134068,계산(누적차감),https://dart.fss.or.kr/dsaf001/main.do?rcpNo=20120831001192 ; https://dart.fss.or.kr/dsaf001/main.do?rcpNo=20120831001164,금융,14
한화생명,088350,2012Q2,2012-06-30,분기별 영업이익,-496777300471,계산(누적차감),https://dart.fss.or.kr/dsaf001/main.do?rcpNo=20120831001192 ; https://dart.fss.or.kr/dsaf001/main.do?rcpNo=20120831001164,금융,14
한화생명,088350,2012Q2,2012-06-30,분기별 당기순이익(지배),-358881796870,계산(누적차감),https://dart.fss.or.kr/dsaf001/main.do?rcpNo=20120831001192 ; https://dart.fss.or.kr/dsaf001/main.do?rcpNo=20120831001164,금융,14
한화생명,088350,2012Q2,2012-06-30,분기별 순이자이익,데이터 없음(항목 미공시),데이터 없음(항목 미공시),https://dart.fss.or.kr/dsaf001/main.do?rcpNo=20120831001192,금융,14
한화생명,088350,2012Q2,2012-06-30,분기별 순수수료이익,데이터 없음(항목 미공시),데이터 없음(항목 미공시),https://dart.fss.or.kr/dsaf001/main.do?rcpNo=20120831001192,금융,14
한화생명,088350,2012Q2,2012-06-30,분기별 영업활동현금흐름,1129471284854,계산(누적차감),https://dart.fss.or.kr/dsaf001/main.do?rcpNo=20120831001192 ; https://dart.fss.or.kr/dsaf001/main.do?rcpNo=20120831001164,금융,14
한화생명,088350,2012Q2,2012-06-30,분기말 지배지분 자본,6493191990113,공시,https://dart.fss.or.kr/dsaf001/main.do?rcpNo=20120831001192,금융,14
한화생명,088350,2012Q2,2012-06-29,분기말 종가,6430,API,"https://data-dbg.krx.co.kr/svc/apis/sto/stk_bydd_trd?basDd=20120629 (KOSPI, 대한생명 ; 종가 6430 × 상장주식수 868530000 = 시가총액 5584647900000)",금융,14
한화생명,088350,2012Q2,2012-06-29,분기말 상장주식수,868530000,API,"https://data-dbg.krx.co.kr/svc/apis/sto/stk_bydd_trd?basDd=20120629 (KOSPI, 대한생명 ; 종가 6430 × 상장주식수 868530000 = 시가총액 5584647900000)",금융,14
한화생명,088350,2012Q2,2012-06-29,분기말 시가총액,5584647900000,API,"https://data-dbg.krx.co.kr/svc/apis/sto/stk_bydd_trd?basDd=20120629 (KOSPI, 대한생명 ; 종가 6430 × 상장주식수 868530000 = 시가총액 5584647900000)",금융,14
한화생명,088350,2012Q3,2012-09-30,분기말 자산총계,72741516906551,공시,https://dart.fss.or.kr/dsaf001/main.do?rcpNo=20121129001042,금융,14
한화생명,088350,2012Q3,2012-09-30,분기말 부채총계,65901050789229,공시,https://dart.fss.or.kr/dsaf001/main.do?rcpNo=20121129001042,금융,14
한화생명,088350,2012Q3,2012-09-30,분기말 총자본(자기자본),6840466117322,공시,https://dart.fss.or.kr/dsaf001/main.do?rcpNo=20121129001042,금융,14
한화생명,088350,2012Q3,2012-09-30,분기별 영업수익,3773622571155,공시,https://dart.fss.or.kr/dsaf001/main.do?rcpNo=20121129001042,금융,14
한화생명,088350,2012Q3,2012-09-30,분기별 영업이익,215279790290,공시,https://dart.fss.or.kr/dsaf001/main.do?rcpNo=20121129001042,금융,14
한화생명,088350,2012Q3,2012-09-30,분기별 당기순이익(지배),170736295025,공시,https://dart.fss.or.kr/dsaf001/main.do?rcpNo=20121129001042,금융,14
한화생명,088350,2012Q3,2012-09-30,분기별 순이자이익,데이터 없음(항목 미공시),데이터 없음(항목 미공시),https://dart.fss.or.kr/dsaf001/main.do?rcpNo=20121129001042,금융,14
한화생명,088350,2012Q3,2012-09-30,분기별 순수수료이익,데이터 없음(항목 미공시),데이터 없음(항목 미공시),https://dart.fss.or.kr/dsaf001/main.do?rcpNo=20121129001042,금융,14
한화생명,088350,2012Q3,2012-09-30,분기별 영업활동현금흐름,1902949781822,계산(누적차감),https://dart.fss.or.kr/dsaf001/main.do?rcpNo=20121129001042 ; https://dart.fss.or.kr/dsaf001/main.do?rcpNo=20120831001192,금융,14
한화생명,088350,2012Q3,2012-09-30,분기말 지배지분 자본,6840462890736,공시,https://dart.fss.or.kr/dsaf001/main.do?rcpNo=20121129001042,금융,14
한화생명,088350,2012Q3,2012-09-28,분기말 종가,7720,API,"https://data-dbg.krx.co.kr/svc/apis/sto/stk_bydd_trd?basDd=20120928 (KOSPI, 대한생명 ; 종가 7720 × 상장주식수 868530000 = 시가총액 6705051600000)",금융,14
한화생명,088350,2012Q3,2012-09-28,분기말 상장주식수,868530000,API,"https://data-dbg.krx.co.kr/svc/apis/sto/stk_bydd_trd?basDd=20120928 (KOSPI, 대한생명 ; 종가 7720 × 상장주식수 868530000 = 시가총액 6705051600000)",금융,14
한화생명,088350,2012Q3,2012-09-28,분기말 시가총액,6705051600000,API,"https://data-dbg.krx.co.kr/svc/apis/sto/stk_bydd_trd?basDd=20120928 (KOSPI, 대한생명 ; 종가 7720 × 상장주식수 868530000 = 시가총액 6705051600000)",금융,14
한화생명,088350,2012Q4,2012-12-31,분기말 자산총계,75315473275390,공시,https://dart.fss.or.kr/dsaf001/main.do?rcpNo=20130304000355,금융,14
한화생명,088350,2012Q4,2012-12-31,분기말 부채총계,68431376703015,공시,https://dart.fss.or.kr/dsaf001/main.do?rcpNo=20130304000355,금융,14
한화생명,088350,2012Q4,2012-12-31,분기말 총자본(자기자본),6884096572375,공시,https://dart.fss.or.kr/dsaf001/main.do?rcpNo=20130304000355,금융,14
한화생명,088350,2012Q4,2012-12-31,분기별 영업수익,4063027735339,계산(연간-3분기누적),https://dart.fss.or.kr/dsaf001/main.do?rcpNo=20130304000355 ; https://dart.fss.or.kr/dsaf001/main.do?rcpNo=20121129001042,금융,14
한화생명,088350,2012Q4,2012-12-31,분기별 영업이익,157395322882,계산(연간-3분기누적),https://dart.fss.or.kr/dsaf001/main.do?rcpNo=20130304000355 ; https://dart.fss.or.kr/dsaf001/main.do?rcpNo=20121129001042,금융,14
한화생명,088350,2012Q4,2012-12-31,분기별 당기순이익(지배),104683558296,계산(연간-3분기누적),https://dart.fss.or.kr/dsaf001/main.do?rcpNo=20130304000355 ; https://dart.fss.or.kr/dsaf001/main.do?rcpNo=20121129001042,금융,14
한화생명,088350,2012Q4,2012-12-31,분기별 순이자이익,데이터 없음(항목 미공시),데이터 없음(항목 미공시),https://dart.fss.or.kr/dsaf001/main.do?rcpNo=20130304000355 ; https://dart.fss.or.kr/dsaf001/main.do?rcpNo=20121129001042,금융,14
한화생명,088350,2012Q4,2012-12-31,분기별 순수수료이익,데이터 없음(항목 미공시),데이터 없음(항목 미공시),https://dart.fss.or.kr/dsaf001/main.do?rcpNo=20130304000355 ; https://dart.fss.or.kr/dsaf001/main.do?rcpNo=20121129001042,금융,14
한화생명,088350,2012Q4,2012-12-31,분기별 영업활동현금흐름,1344101394857,계산(누적차감),https://dart.fss.or.kr/dsaf001/main.do?rcpNo=20130304000355 ; https://dart.fss.or.kr/dsaf001/main.do?rcpNo=20121129001042,금융,14
한화생명,088350,2012Q4,2012-12-31,분기말 지배지분 자본,6883253678979,공시,https://dart.fss.or.kr/dsaf001/main.do?rcpNo=20130304000355,금융,14
한화생명,088350,2012Q4,2012-12-28,분기말 종가,7760,API,"https://data-dbg.krx.co.kr/svc/apis/sto/stk_bydd_trd?basDd=20121228 (KOSPI, 한화생명 ; 종가 7760 × 상장주식수 868530000 = 시가총액 6739792800000)",금융,14
한화생명,088350,2012Q4,2012-12-28,분기말 상장주식수,868530000,API,"https://data-dbg.krx.co.kr/svc/apis/sto/stk_bydd_trd?basDd=20121228 (KOSPI, 한화생명 ; 종가 7760 × 상장주식수 868530000 = 시가총액 6739792800000)",금융,14
한화생명,088350,2012Q4,2012-12-28,분기말 시가총액,6739792800000,API,"https://data-dbg.krx.co.kr/svc/apis/sto/stk_bydd_trd?basDd=20121228 (KOSPI, 한화생명 ; 종가 7760 × 상장주식수 868530000 = 시가총액 6739792800000)",금융,14
한화생명,088350,2013Q1,2013-03-31,분기말 자산총계,77914026687035,공시,https://dart.fss.or.kr/dsaf001/main.do?rcpNo=20130701000351,금융,14
한화생명,088350,2013Q1,2013-03-31,분기말 부채총계,70865735137714,공시,https://dart.fss.or.kr/dsaf001/main.do?rcpNo=20130701000351,금융,14
한화생명,088350,2013Q1,2013-03-31,분기말 총자본(자기자본),7048291549321,공시,https://dart.fss.or.kr/dsaf001/main.do?rcpNo=20130701000351,금융,14
한화생명,088350,2013Q1,2013-03-31,분기별 영업수익,14611673565990,공시,https://dart.fss.or.kr/dsaf001/main.do?rcpNo=20130701000351,금융,14
한화생명,088350,2013Q1,2013-03-31,분기별 영업이익,625292723666,공시,https://dart.fss.or.kr/dsaf001/main.do?rcpNo=20130701000351,금융,14
한화생명,088350,2013Q1,2013-03-31,분기별 당기순이익(지배),490882841583,공시,https://dart.fss.or.kr/dsaf001/main.do?rcpNo=20130701000351,금융,14
한화생명,088350,2013Q1,2013-03-31,분기별 순이자이익,데이터 없음(항목 미공시),데이터 없음(항목 미공시),https://dart.fss.or.kr/dsaf001/main.do?rcpNo=20130701000351,금융,14
한화생명,088350,2013Q1,2013-03-31,분기별 순수수료이익,데이터 없음(항목 미공시),데이터 없음(항목 미공시),https://dart.fss.or.kr/dsaf001/main.do?rcpNo=20130701000351,금융,14
한화생명,088350,2013Q1,2013-03-31,분기별 영업활동현금흐름,5839214264856,공시,https://dart.fss.or.kr/dsaf001/main.do?rcpNo=20130701000351,금융,14
한화생명,088350,2013Q1,2013-03-31,분기말 지배지분 자본,7047339199620,공시,https://dart.fss.or.kr/dsaf001/main.do?rcpNo=20130701000351,금융,14
한화생명,088350,2013Q1,2013-03-29,분기말 종가,6830,API,"https://data-dbg.krx.co.kr/svc/apis/sto/stk_bydd_trd?basDd=20130329 (KOSPI, 한화생명 ; 종가 6830 × 상장주식수 868530000 = 시가총액 5932059900000)",금융,14
한화생명,088350,2013Q1,2013-03-29,분기말 상장주식수,868530000,API,"https://data-dbg.krx.co.kr/svc/apis/sto/stk_bydd_trd?basDd=20130329 (KOSPI, 한화생명 ; 종가 6830 × 상장주식수 868530000 = 시가총액 5932059900000)",금융,14
한화생명,088350,2013Q1,2013-03-29,분기말 시가총액,5932059900000,API,"https://data-dbg.krx.co.kr/svc/apis/sto/stk_bydd_trd?basDd=20130329 (KOSPI, 한화생명 ; 종가 6830 × 상장주식수 868530000 = 시가총액 5932059900000)",금융,14
한화생명,088350,2013Q2,2013-06-30,분기말 자산총계,78532592740784,공시,https://dart.fss.or.kr/dsaf001/main.do?rcpNo=20130814001323,금융,14
한화생명,088350,2013Q2,2013-06-30,분기말 부채총계,71772473066112,공시,https://dart.fss.or.kr/dsaf001/main.do?rcpNo=20130814001323,금융,14
한화생명,088350,2013Q2,2013-06-30,분기말 총자본(자기자본),6760119674672,공시,https://dart.fss.or.kr/dsaf001/main.do?rcpNo=20130814001323,금융,14
한화생명,088350,2013Q2,2013-06-30,분기별 영업수익,-11173169020741,계산(누적차감),https://dart.fss.or.kr/dsaf001/main.do?rcpNo=20130814001323 ; https://dart.fss.or.kr/dsaf001/main.do?rcpNo=20130701000351,금융,14
한화생명,088350,2013Q2,2013-06-30,분기별 영업이익,-491776212168,계산(누적차감),https://dart.fss.or.kr/dsaf001/main.do?rcpNo=20130814001323 ; https://dart.fss.or.kr/dsaf001/main.do?rcpNo=20130701000351,금융,14
한화생명,088350,2013Q2,2013-06-30,분기별 당기순이익(지배),-400198934201,계산(누적차감),https://dart.fss.or.kr/dsaf001/main.do?rcpNo=20130814001323 ; https://dart.fss.or.kr/dsaf001/main.do?rcpNo=20130701000351,금융,14
한화생명,088350,2013Q2,2013-06-30,분기별 순이자이익,데이터 없음(항목 미공시),데이터 없음(항목 미공시),https://dart.fss.or.kr/dsaf001/main.do?rcpNo=20130814001323,금융,14
한화생명,088350,2013Q2,2013-06-30,분기별 순수수료이익,데이터 없음(항목 미공시),데이터 없음(항목 미공시),https://dart.fss.or.kr/dsaf001/main.do?rcpNo=20130814001323,금융,14
한화생명,088350,2013Q2,2013-06-30,분기별 영업활동현금흐름,-4162749494304,계산(누적차감),https://dart.fss.or.kr/dsaf001/main.do?rcpNo=20130814001323 ; https://dart.fss.or.kr/dsaf001/main.do?rcpNo=20130701000351,금융,14
한화생명,088350,2013Q2,2013-06-30,분기말 지배지분 자본,6759180572598,공시,https://dart.fss.or.kr/dsaf001/main.do?rcpNo=20130814001323,금융,14
한화생명,088350,2013Q2,2013-06-28,분기말 종가,6580,API,"https://data-dbg.krx.co.kr/svc/apis/sto/stk_bydd_trd?basDd=20130628 (KOSPI, 한화생명 ; 종가 6580 × 상장주식수 868530000 = 시가총액 5714927400000)",금융,14
한화생명,088350,2013Q2,2013-06-28,분기말 상장주식수,868530000,API,"https://data-dbg.krx.co.kr/svc/apis/sto/stk_bydd_trd?basDd=20130628 (KOSPI, 한화생명 ; 종가 6580 × 상장주식수 868530000 = 시가총액 5714927400000)",금융,14
한화생명,088350,2013Q2,2013-06-28,분기말 시가총액,5714927400000,API,"https://data-dbg.krx.co.kr/svc/apis/sto/stk_bydd_trd?basDd=20130628 (KOSPI, 한화생명 ; 종가 6580 × 상장주식수 868530000 = 시가총액 5714927400000)",금융,14
한화생명,088350,2013Q3,2013-09-30,분기말 자산총계,80394119072957,공시,https://dart.fss.or.kr/dsaf001/main.do?rcpNo=20131125000099,금융,14
한화생명,088350,2013Q3,2013-09-30,분기말 부채총계,73480345428517,공시,https://dart.fss.or.kr/dsaf001/main.do?rcpNo=20131125000099,금융,14
한화생명,088350,2013Q3,2013-09-30,분기말 총자본(자기자본),6913773644440,공시,https://dart.fss.or.kr/dsaf001/main.do?rcpNo=20131125000099,금융,14
한화생명,088350,2013Q3,2013-09-30,분기별 영업수익,3497093981521,계산(누적차감),https://dart.fss.or.kr/dsaf001/main.do?rcpNo=20131125000099 ; https://dart.fss.or.kr/dsaf001/main.do?rcpNo=20130814001323,금융,14
한화생명,088350,2013Q3,2013-09-30,분기별 영업이익,196342853223,계산(누적차감),https://dart.fss.or.kr/dsaf001/main.do?rcpNo=20131125000099 ; https://dart.fss.or.kr/dsaf001/main.do?rcpNo=20130814001323,금융,14
한화생명,088350,2013Q3,2013-09-30,분기별 당기순이익(지배),157681110965,계산(누적차감),https://dart.fss.or.kr/dsaf001/main.do?rcpNo=20131125000099 ; https://dart.fss.or.kr/dsaf001/main.do?rcpNo=20130814001323,금융,14
한화생명,088350,2013Q3,2013-09-30,분기별 순이자이익,데이터 없음(항목 미공시),데이터 없음(항목 미공시),https://dart.fss.or.kr/dsaf001/main.do?rcpNo=20131125000099,금융,14
한화생명,088350,2013Q3,2013-09-30,분기별 순수수료이익,데이터 없음(항목 미공시),데이터 없음(항목 미공시),https://dart.fss.or.kr/dsaf001/main.do?rcpNo=20131125000099,금융,14
한화생명,088350,2013Q3,2013-09-30,분기별 영업활동현금흐름,920842068611,계산(누적차감),https://dart.fss.or.kr/dsaf001/main.do?rcpNo=20131125000099 ; https://dart.fss.or.kr/dsaf001/main.do?rcpNo=20130814001323,금융,14
한화생명,088350,2013Q3,2013-09-30,분기말 지배지분 자본,6913040901761,공시,https://dart.fss.or.kr/dsaf001/main.do?rcpNo=20131125000099,금융,14
한화생명,088350,2013Q3,2013-09-30,분기말 종가,6950,API,"https://data-dbg.krx.co.kr/svc/apis/sto/stk_bydd_trd?basDd=20130930 (KOSPI, 한화생명 ; 종가 6950 × 상장주식수 868530000 = 시가총액 6036283500000)",금융,14
한화생명,088350,2013Q3,2013-09-30,분기말 상장주식수,868530000,API,"https://data-dbg.krx.co.kr/svc/apis/sto/stk_bydd_trd?basDd=20130930 (KOSPI, 한화생명 ; 종가 6950 × 상장주식수 868530000 = 시가총액 6036283500000)",금융,14
한화생명,088350,2013Q3,2013-09-30,분기말 시가총액,6036283500000,API,"https://data-dbg.krx.co.kr/svc/apis/sto/stk_bydd_trd?basDd=20130930 (KOSPI, 한화생명 ; 종가 6950 × 상장주식수 868530000 = 시가총액 6036283500000)",금융,14
한화생명,088350,2013Q4,2013-12-31,분기말 자산총계,82371484984230,공시,https://dart.fss.or.kr/dsaf001/main.do?rcpNo=20140331002973,금융,14
한화생명,088350,2013Q4,2013-12-31,분기말 부채총계,75385018908374,공시,https://dart.fss.or.kr/dsaf001/main.do?rcpNo=20140331002973,금융,14
한화생명,088350,2013Q4,2013-12-31,분기말 총자본(자기자본),6986466075856,공시,https://dart.fss.or.kr/dsaf001/main.do?rcpNo=20140331002973,금융,14
한화생명,088350,2013Q4,2013-12-31,분기별 영업수익,3517451226909,계산(연간-3분기누적),https://dart.fss.or.kr/dsaf001/main.do?rcpNo=20140331002973 ; https://dart.fss.or.kr/dsaf001/main.do?rcpNo=20131125000099,금융,14
한화생명,088350,2013Q4,2013-12-31,분기별 영업이익,158135241213,계산(연간-3분기누적),https://dart.fss.or.kr/dsaf001/main.do?rcpNo=20140331002973 ; https://dart.fss.or.kr/dsaf001/main.do?rcpNo=20131125000099,금융,14
한화생명,088350,2013Q4,2013-12-31,분기별 당기순이익(지배),106835283745,계산(연간-3분기누적),https://dart.fss.or.kr/dsaf001/main.do?rcpNo=20140331002973 ; https://dart.fss.or.kr/dsaf001/main.do?rcpNo=20131125000099,금융,14
한화생명,088350,2013Q4,2013-12-31,분기별 순이자이익,데이터 없음(항목 미공시),데이터 없음(항목 미공시),https://dart.fss.or.kr/dsaf001/main.do?rcpNo=20140331002973 ; https://dart.fss.or.kr/dsaf001/main.do?rcpNo=20131125000099,금융,14
한화생명,088350,2013Q4,2013-12-31,분기별 순수수료이익,데이터 없음(항목 미공시),데이터 없음(항목 미공시),https://dart.fss.or.kr/dsaf001/main.do?rcpNo=20140331002973 ; https://dart.fss.or.kr/dsaf001/main.do?rcpNo=20131125000099,금융,14
한화생명,088350,2013Q4,2013-12-31,분기별 영업활동현금흐름,2131241155031,계산(누적차감),https://dart.fss.or.kr/dsaf001/main.do?rcpNo=20140331002973 ; https://dart.fss.or.kr/dsaf001/main.do?rcpNo=20131125000099,금융,14
한화생명,088350,2013Q4,2013-12-31,분기말 지배지분 자본,6985865202038,공시,https://dart.fss.or.kr/dsaf001/main.do?rcpNo=20140331002973,금융,14
한화생명,088350,2013Q4,2013-12-30,분기말 종가,7590,API,"https://data-dbg.krx.co.kr/svc/apis/sto/stk_bydd_trd?basDd=20131230 (KOSPI, 한화생명 ; 종가 7590 × 상장주식수 868530000 = 시가총액 6592142700000)",금융,14
한화생명,088350,2013Q4,2013-12-30,분기말 상장주식수,868530000,API,"https://data-dbg.krx.co.kr/svc/apis/sto/stk_bydd_trd?basDd=20131230 (KOSPI, 한화생명 ; 종가 7590 × 상장주식수 868530000 = 시가총액 6592142700000)",금융,14
한화생명,088350,2013Q4,2013-12-30,분기말 시가총액,6592142700000,API,"https://data-dbg.krx.co.kr/svc/apis/sto/stk_bydd_trd?basDd=20131230 (KOSPI, 한화생명 ; 종가 7590 × 상장주식수 868530000 = 시가총액 6592142700000)",금융,14
한화생명,088350,2014Q1,2014-03-31,분기말 자산총계,83943419273506,공시,https://dart.fss.or.kr/dsaf001/main.do?rcpNo=20140515001376,금융,14
한화생명,088350,2014Q1,2014-03-31,분기말 부채총계,76894710951875,공시,https://dart.fss.or.kr/dsaf001/main.do?rcpNo=20140515001376,금융,14
한화생명,088350,2014Q1,2014-03-31,분기말 총자본(자기자본),7048708321631,공시,https://dart.fss.or.kr/dsaf001/main.do?rcpNo=20140515001376,금융,14
한화생명,088350,2014Q1,2014-03-31,분기별 영업수익,3506043870765,공시,https://dart.fss.or.kr/dsaf001/main.do?rcpNo=20140515001376,금융,14
한화생명,088350,2014Q1,2014-03-31,분기별 영업이익,127235847793,공시,https://dart.fss.or.kr/dsaf001/main.do?rcpNo=20140515001376,금융,14
한화생명,088350,2014Q1,2014-03-31,분기별 당기순이익(지배),93846074873,공시,https://dart.fss.or.kr/dsaf001/main.do?rcpNo=20140515001376,금융,14
한화생명,088350,2014Q1,2014-03-31,분기별 순이자이익,데이터 없음(항목 미공시),데이터 없음(항목 미공시),https://dart.fss.or.kr/dsaf001/main.do?rcpNo=20140515001376,금융,14
한화생명,088350,2014Q1,2014-03-31,분기별 순수수료이익,데이터 없음(항목 미공시),데이터 없음(항목 미공시),https://dart.fss.or.kr/dsaf001/main.do?rcpNo=20140515001376,금융,14
한화생명,088350,2014Q1,2014-03-31,분기별 영업활동현금흐름,707300293523,공시,https://dart.fss.or.kr/dsaf001/main.do?rcpNo=20140515001376,금융,14
한화생명,088350,2014Q1,2014-03-31,분기말 지배지분 자본,7048114661059,공시,https://dart.fss.or.kr/dsaf001/main.do?rcpNo=20140515001376,금융,14
한화생명,088350,2014Q1,2014-03-31,분기말 종가,6980,API,"https://data-dbg.krx.co.kr/svc/apis/sto/stk_bydd_trd?basDd=20140331 (KOSPI, 한화생명 ; 종가 6980 × 상장주식수 868530000 = 시가총액 6062339400000)",금융,14
한화생명,088350,2014Q1,2014-03-31,분기말 상장주식수,868530000,API,"https://data-dbg.krx.co.kr/svc/apis/sto/stk_bydd_trd?basDd=20140331 (KOSPI, 한화생명 ; 종가 6980 × 상장주식수 868530000 = 시가총액 6062339400000)",금융,14
한화생명,088350,2014Q1,2014-03-31,분기말 시가총액,6062339400000,API,"https://data-dbg.krx.co.kr/svc/apis/sto/stk_bydd_trd?basDd=20140331 (KOSPI, 한화생명 ; 종가 6980 × 상장주식수 868530000 = 시가총액 6062339400000)",금융,14
한화생명,088350,2014Q2,2014-06-30,분기말 자산총계,85973811790053,공시,https://dart.fss.or.kr/dsaf001/main.do?rcpNo=20140814001309,금융,14
한화생명,088350,2014Q2,2014-06-30,분기말 부채총계,78652085313071,공시,https://dart.fss.or.kr/dsaf001/main.do?rcpNo=20140814001309,금융,14
한화생명,088350,2014Q2,2014-06-30,분기말 총자본(자기자본),7321726476982,공시,https://dart.fss.or.kr/dsaf001/main.do?rcpNo=20140814001309,금융,14
한화생명,088350,2014Q2,2014-06-30,분기별 영업수익,3854492269627,계산(누적차감)(재작성 반영),https://dart.fss.or.kr/dsaf001/main.do?rcpNo=20140814001309 ; 재작성 출처: https://dart.fss.or.kr/dsaf001/main.do?rcpNo=20150813001154 ; https://dart.fss.or.kr/dsaf001/main.do?rcpNo=20140515001376,금융,14
한화생명,088350,2014Q2,2014-06-30,분기별 영업이익,162153504758,계산(누적차감),https://dart.fss.or.kr/dsaf001/main.do?rcpNo=20140814001309 ; https://dart.fss.or.kr/dsaf001/main.do?rcpNo=20140515001376,금융,14
한화생명,088350,2014Q2,2014-06-30,분기별 당기순이익(지배),129976667042,계산(누적차감),https://dart.fss.or.kr/dsaf001/main.do?rcpNo=20140814001309 ; https://dart.fss.or.kr/dsaf001/main.do?rcpNo=20140515001376,금융,14
한화생명,088350,2014Q2,2014-06-30,분기별 순이자이익,데이터 없음(항목 미공시),데이터 없음(항목 미공시),https://dart.fss.or.kr/dsaf001/main.do?rcpNo=20140814001309,금융,14
한화생명,088350,2014Q2,2014-06-30,분기별 순수수료이익,데이터 없음(항목 미공시),데이터 없음(항목 미공시),https://dart.fss.or.kr/dsaf001/main.do?rcpNo=20140814001309,금융,14
한화생명,088350,2014Q2,2014-06-30,분기별 영업활동현금흐름,228917516352,계산(누적차감),https://dart.fss.or.kr/dsaf001/main.do?rcpNo=20140814001309 ; https://dart.fss.or.kr/dsaf001/main.do?rcpNo=20140515001376,금융,14
한화생명,088350,2014Q2,2014-06-30,분기말 지배지분 자본,7321256361061,공시,https://dart.fss.or.kr/dsaf001/main.do?rcpNo=20140814001309,금융,14
한화생명,088350,2014Q2,2014-06-30,분기말 종가,6460,API,"https://data-dbg.krx.co.kr/svc/apis/sto/stk_bydd_trd?basDd=20140630 (KOSPI, 한화생명 ; 종가 6460 × 상장주식수 868530000 = 시가총액 5610703800000)",금융,14
한화생명,088350,2014Q2,2014-06-30,분기말 상장주식수,868530000,API,"https://data-dbg.krx.co.kr/svc/apis/sto/stk_bydd_trd?basDd=20140630 (KOSPI, 한화생명 ; 종가 6460 × 상장주식수 868530000 = 시가총액 5610703800000)",금융,14
한화생명,088350,2014Q2,2014-06-30,분기말 시가총액,5610703800000,API,"https://data-dbg.krx.co.kr/svc/apis/sto/stk_bydd_trd?basDd=20140630 (KOSPI, 한화생명 ; 종가 6460 × 상장주식수 868530000 = 시가총액 5610703800000)",금융,14
한화생명,088350,2014Q3,2014-09-30,분기말 자산총계,88069860693757,공시,https://dart.fss.or.kr/dsaf001/main.do?rcpNo=20141114001282,금융,14
한화생명,088350,2014Q3,2014-09-30,분기말 부채총계,80450789508753,공시,https://dart.fss.or.kr/dsaf001/main.do?rcpNo=20141114001282,금융,14
한화생명,088350,2014Q3,2014-09-30,분기말 총자본(자기자본),7619071185004,공시,https://dart.fss.or.kr/dsaf001/main.do?rcpNo=20141114001282,금융,14
한화생명,088350,2014Q3,2014-09-30,분기별 영업수익,3782390307501,계산(누적차감)(재작성 반영),https://dart.fss.or.kr/dsaf001/main.do?rcpNo=20141114001282 ; 재작성 출처: https://dart.fss.or.kr/dsaf001/main.do?rcpNo=20151116001432 ; https://dart.fss.or.kr/dsaf001/main.do?rcpNo=20140814001309,금융,14
한화생명,088350,2014Q3,2014-09-30,분기별 영업이익,169528887392,계산(누적차감),https://dart.fss.or.kr/dsaf001/main.do?rcpNo=20141114001282 ; https://dart.fss.or.kr/dsaf001/main.do?rcpNo=20140814001309,금융,14
한화생명,088350,2014Q3,2014-09-30,분기별 당기순이익(지배),173051984619,계산(누적차감),https://dart.fss.or.kr/dsaf001/main.do?rcpNo=20141114001282 ; https://dart.fss.or.kr/dsaf001/main.do?rcpNo=20140814001309,금융,14
한화생명,088350,2014Q3,2014-09-30,분기별 순이자이익,데이터 없음(항목 미공시),데이터 없음(항목 미공시),https://dart.fss.or.kr/dsaf001/main.do?rcpNo=20141114001282,금융,14
한화생명,088350,2014Q3,2014-09-30,분기별 순수수료이익,데이터 없음(항목 미공시),데이터 없음(항목 미공시),https://dart.fss.or.kr/dsaf001/main.do?rcpNo=20141114001282,금융,14
한화생명,088350,2014Q3,2014-09-30,분기별 영업활동현금흐름,1098800375645,계산(누적차감),https://dart.fss.or.kr/dsaf001/main.do?rcpNo=20141114001282 ; https://dart.fss.or.kr/dsaf001/main.do?rcpNo=20140814001309,금융,14
한화생명,088350,2014Q3,2014-09-30,분기말 지배지분 자본,7618662389860,공시,https://dart.fss.or.kr/dsaf001/main.do?rcpNo=20141114001282,금융,14
한화생명,088350,2014Q3,2014-09-30,분기말 종가,7100,API,"https://data-dbg.krx.co.kr/svc/apis/sto/stk_bydd_trd?basDd=20140930 (KOSPI, 한화생명 ; 종가 7100 × 상장주식수 868530000 = 시가총액 6166563000000)",금융,14
한화생명,088350,2014Q3,2014-09-30,분기말 상장주식수,868530000,API,"https://data-dbg.krx.co.kr/svc/apis/sto/stk_bydd_trd?basDd=20140930 (KOSPI, 한화생명 ; 종가 7100 × 상장주식수 868530000 = 시가총액 6166563000000)",금융,14
한화생명,088350,2014Q3,2014-09-30,분기말 시가총액,6166563000000,API,"https://data-dbg.krx.co.kr/svc/apis/sto/stk_bydd_trd?basDd=20140930 (KOSPI, 한화생명 ; 종가 7100 × 상장주식수 868530000 = 시가총액 6166563000000)",금융,14
한화생명,088350,2014Q4,2014-12-31,분기말 자산총계,92126214195406,공시,https://dart.fss.or.kr/dsaf001/main.do?rcpNo=20150331003006,금융,14
한화생명,088350,2014Q4,2014-12-31,분기말 부채총계,83474053175508,공시,https://dart.fss.or.kr/dsaf001/main.do?rcpNo=20150331003006,금융,14
한화생명,088350,2014Q4,2014-12-31,분기말 총자본(자기자본),8652161019898,공시,https://dart.fss.or.kr/dsaf001/main.do?rcpNo=20150331003006,금융,14
한화생명,088350,2014Q4,2014-12-31,분기별 영업수익,4073248790362,계산(연간-3분기누적),https://dart.fss.or.kr/dsaf001/main.do?rcpNo=20150331003006 ; https://dart.fss.or.kr/dsaf001/main.do?rcpNo=20141114001282,금융,14
한화생명,088350,2014Q4,2014-12-31,분기별 영업이익,25493812118,계산(연간-3분기누적),https://dart.fss.or.kr/dsaf001/main.do?rcpNo=20150331003006 ; https://dart.fss.or.kr/dsaf001/main.do?rcpNo=20141114001282,금융,14
한화생명,088350,2014Q4,2014-12-31,분기별 당기순이익(지배),8530450838,계산(연간-3분기누적),https://dart.fss.or.kr/dsaf001/main.do?rcpNo=20150331003006 ; https://dart.fss.or.kr/dsaf001/main.do?rcpNo=20141114001282,금융,14
한화생명,088350,2014Q4,2014-12-31,분기별 순이자이익,데이터 없음(항목 미공시),데이터 없음(항목 미공시),https://dart.fss.or.kr/dsaf001/main.do?rcpNo=20150331003006 ; https://dart.fss.or.kr/dsaf001/main.do?rcpNo=20141114001282,금융,14
한화생명,088350,2014Q4,2014-12-31,분기별 순수수료이익,데이터 없음(항목 미공시),데이터 없음(항목 미공시),https://dart.fss.or.kr/dsaf001/main.do?rcpNo=20150331003006 ; https://dart.fss.or.kr/dsaf001/main.do?rcpNo=20141114001282,금융,14
한화생명,088350,2014Q4,2014-12-31,분기별 영업활동현금흐름,942652913054,계산(누적차감),https://dart.fss.or.kr/dsaf001/main.do?rcpNo=20150331003006 ; https://dart.fss.or.kr/dsaf001/main.do?rcpNo=20141114001282,금융,14
한화생명,088350,2014Q4,2014-12-31,분기말 지배지분 자본,8651561300366,공시,https://dart.fss.or.kr/dsaf001/main.do?rcpNo=20150331003006,금융,14
한화생명,088350,2014Q4,2014-12-30,분기말 종가,8290,API,"https://data-dbg.krx.co.kr/svc/apis/sto/stk_bydd_trd?basDd=20141230 (KOSPI, 한화생명 ; 종가 8290 × 상장주식수 868530000 = 시가총액 7200113700000)",금융,14
한화생명,088350,2014Q4,2014-12-30,분기말 상장주식수,868530000,API,"https://data-dbg.krx.co.kr/svc/apis/sto/stk_bydd_trd?basDd=20141230 (KOSPI, 한화생명 ; 종가 8290 × 상장주식수 868530000 = 시가총액 7200113700000)",금융,14
한화생명,088350,2014Q4,2014-12-30,분기말 시가총액,7200113700000,API,"https://data-dbg.krx.co.kr/svc/apis/sto/stk_bydd_trd?basDd=20141230 (KOSPI, 한화생명 ; 종가 8290 × 상장주식수 868530000 = 시가총액 7200113700000)",금융,14
한화생명,088350,2015Q1,2015-03-31,분기말 자산총계,94932314167833,공시,https://dart.fss.or.kr/dsaf001/main.do?rcpNo=20150515001946,금융,14
한화생명,088350,2015Q1,2015-03-31,분기말 부채총계,85688296674848,공시,https://dart.fss.or.kr/dsaf001/main.do?rcpNo=20150515001946,금융,14
한화생명,088350,2015Q1,2015-03-31,분기말 총자본(자기자본),9244017492985,공시,https://dart.fss.or.kr/dsaf001/main.do?rcpNo=20150515001946,금융,14
한화생명,088350,2015Q1,2015-03-31,분기별 영업수익,3949422153377,공시,https://dart.fss.or.kr/dsaf001/main.do?rcpNo=20150515001946,금융,14
한화생명,088350,2015Q1,2015-03-31,분기별 영업이익,205061965825,공시,https://dart.fss.or.kr/dsaf001/main.do?rcpNo=20150515001946,금융,14
한화생명,088350,2015Q1,2015-03-31,분기별 당기순이익(지배),168455483176,공시,https://dart.fss.or.kr/dsaf001/main.do?rcpNo=20150515001946,금융,14
한화생명,088350,2015Q1,2015-03-31,분기별 순이자이익,데이터 없음(항목 미공시),데이터 없음(항목 미공시),https://dart.fss.or.kr/dsaf001/main.do?rcpNo=20150515001946,금융,14
한화생명,088350,2015Q1,2015-03-31,분기별 순수수료이익,데이터 없음(항목 미공시),데이터 없음(항목 미공시),https://dart.fss.or.kr/dsaf001/main.do?rcpNo=20150515001946,금융,14
한화생명,088350,2015Q1,2015-03-31,분기별 영업활동현금흐름,1881675999175,공시,https://dart.fss.or.kr/dsaf001/main.do?rcpNo=20150515001946,금융,14
한화생명,088350,2015Q1,2015-03-31,분기말 지배지분 자본,9243465617616,공시,https://dart.fss.or.kr/dsaf001/main.do?rcpNo=20150515001946,금융,14
한화생명,088350,2015Q1,2015-03-31,분기말 종가,7370,API,"https://data-dbg.krx.co.kr/svc/apis/sto/stk_bydd_trd?basDd=20150331 (KOSPI, 한화생명 ; 종가 7370 × 상장주식수 868530000 = 시가총액 6401066100000)",금융,14
한화생명,088350,2015Q1,2015-03-31,분기말 상장주식수,868530000,API,"https://data-dbg.krx.co.kr/svc/apis/sto/stk_bydd_trd?basDd=20150331 (KOSPI, 한화생명 ; 종가 7370 × 상장주식수 868530000 = 시가총액 6401066100000)",금융,14
한화생명,088350,2015Q1,2015-03-31,분기말 시가총액,6401066100000,API,"https://data-dbg.krx.co.kr/svc/apis/sto/stk_bydd_trd?basDd=20150331 (KOSPI, 한화생명 ; 종가 7370 × 상장주식수 868530000 = 시가총액 6401066100000)",금융,14
한화생명,088350,2015Q2,2015-06-30,분기말 자산총계,95577569204021,공시,https://dart.fss.or.kr/dsaf001/main.do?rcpNo=20150813001154,금융,14
한화생명,088350,2015Q2,2015-06-30,분기말 부채총계,86722129347276,공시,https://dart.fss.or.kr/dsaf001/main.do?rcpNo=20150813001154,금융,14
한화생명,088350,2015Q2,2015-06-30,분기말 총자본(자기자본),8855439856745,공시,https://dart.fss.or.kr/dsaf001/main.do?rcpNo=20150813001154,금융,14
한화생명,088350,2015Q2,2015-06-30,분기별 영업수익,4086547768522,공시,https://dart.fss.or.kr/dsaf001/main.do?rcpNo=20150813001154,금융,14
한화생명,088350,2015Q2,2015-06-30,분기별 영업이익,318133563031,공시,https://dart.fss.or.kr/dsaf001/main.do?rcpNo=20150813001154,금융,14
한화생명,088350,2015Q2,2015-06-30,분기별 당기순이익(지배),252816774098,공시,https://dart.fss.or.kr/dsaf001/main.do?rcpNo=20150813001154,금융,14
한화생명,088350,2015Q2,2015-06-30,분기별 순이자이익,데이터 없음(항목 미공시),데이터 없음(항목 미공시),https://dart.fss.or.kr/dsaf001/main.do?rcpNo=20150813001154,금융,14
한화생명,088350,2015Q2,2015-06-30,분기별 순수수료이익,데이터 없음(항목 미공시),데이터 없음(항목 미공시),https://dart.fss.or.kr/dsaf001/main.do?rcpNo=20150813001154,금융,14
한화생명,088350,2015Q2,2015-06-30,분기별 영업활동현금흐름,2204942364319,계산(누적차감),https://dart.fss.or.kr/dsaf001/main.do?rcpNo=20150813001154 ; https://dart.fss.or.kr/dsaf001/main.do?rcpNo=20150515001946,금융,14
한화생명,088350,2015Q2,2015-06-30,분기말 지배지분 자본,8854919756624,공시,https://dart.fss.or.kr/dsaf001/main.do?rcpNo=20150813001154,금융,14
한화생명,088350,2015Q2,2015-06-30,분기말 종가,7930,API,"https://data-dbg.krx.co.kr/svc/apis/sto/stk_bydd_trd?basDd=20150630 (KOSPI, 한화생명 ; 종가 7930 × 상장주식수 868530000 = 시가총액 6887442900000)",금융,14
한화생명,088350,2015Q2,2015-06-30,분기말 상장주식수,868530000,API,"https://data-dbg.krx.co.kr/svc/apis/sto/stk_bydd_trd?basDd=20150630 (KOSPI, 한화생명 ; 종가 7930 × 상장주식수 868530000 = 시가총액 6887442900000)",금융,14
한화생명,088350,2015Q2,2015-06-30,분기말 시가총액,6887442900000,API,"https://data-dbg.krx.co.kr/svc/apis/sto/stk_bydd_trd?basDd=20150630 (KOSPI, 한화생명 ; 종가 7930 × 상장주식수 868530000 = 시가총액 6887442900000)",금융,14
한화생명,088350,2015Q3,2015-09-30,분기말 자산총계,98139114120785,공시,https://dart.fss.or.kr/dsaf001/main.do?rcpNo=20151116001432,금융,14
한화생명,088350,2015Q3,2015-09-30,분기말 부채총계,88756822663234,공시,https://dart.fss.or.kr/dsaf001/main.do?rcpNo=20151116001432,금융,14
한화생명,088350,2015Q3,2015-09-30,분기말 총자본(자기자본),9382291457551,공시,https://dart.fss.or.kr/dsaf001/main.do?rcpNo=20151116001432,금융,14
한화생명,088350,2015Q3,2015-09-30,분기별 영업수익,4550872342617,공시,https://dart.fss.or.kr/dsaf001/main.do?rcpNo=20151116001432,금융,14
한화생명,088350,2015Q3,2015-09-30,분기별 영업이익,96328367569,공시,https://dart.fss.or.kr/dsaf001/main.do?rcpNo=20151116001432,금융,14
한화생명,088350,2015Q3,2015-09-30,분기별 당기순이익(지배),120959327593,공시,https://dart.fss.or.kr/dsaf001/main.do?rcpNo=20151116001432,금융,14
한화생명,088350,2015Q3,2015-09-30,분기별 순이자이익,데이터 없음(항목 미공시),데이터 없음(항목 미공시),https://dart.fss.or.kr/dsaf001/main.do?rcpNo=20151116001432,금융,14
한화생명,088350,2015Q3,2015-09-30,분기별 순수수료이익,데이터 없음(항목 미공시),데이터 없음(항목 미공시),https://dart.fss.or.kr/dsaf001/main.do?rcpNo=20151116001432,금융,14
한화생명,088350,2015Q3,2015-09-30,분기별 영업활동현금흐름,1443237778834,계산(누적차감),https://dart.fss.or.kr/dsaf001/main.do?rcpNo=20151116001432 ; https://dart.fss.or.kr/dsaf001/main.do?rcpNo=20150813001154,금융,14
한화생명,088350,2015Q3,2015-09-30,분기말 지배지분 자본,9381810256636,공시,https://dart.fss.or.kr/dsaf001/main.do?rcpNo=20151116001432,금융,14
한화생명,088350,2015Q3,2015-09-30,분기말 종가,8160,API,"https://data-dbg.krx.co.kr/svc/apis/sto/stk_bydd_trd?basDd=20150930 (KOSPI, 한화생명 ; 종가 8160 × 상장주식수 868530000 = 시가총액 7087204800000)",금융,14
한화생명,088350,2015Q3,2015-09-30,분기말 상장주식수,868530000,API,"https://data-dbg.krx.co.kr/svc/apis/sto/stk_bydd_trd?basDd=20150930 (KOSPI, 한화생명 ; 종가 8160 × 상장주식수 868530000 = 시가총액 7087204800000)",금융,14
한화생명,088350,2015Q3,2015-09-30,분기말 시가총액,7087204800000,API,"https://data-dbg.krx.co.kr/svc/apis/sto/stk_bydd_trd?basDd=20150930 (KOSPI, 한화생명 ; 종가 8160 × 상장주식수 868530000 = 시가총액 7087204800000)",금융,14
한화생명,088350,2015Q4,2015-12-31,분기말 자산총계,99530183319560,공시,https://dart.fss.or.kr/dsaf001/main.do?rcpNo=20160516001514,금융,14
한화생명,088350,2015Q4,2015-12-31,분기말 부채총계,90887425920038,공시,https://dart.fss.or.kr/dsaf001/main.do?rcpNo=20160516001514,금융,14
한화생명,088350,2015Q4,2015-12-31,분기말 총자본(자기자본),8642757399522,공시,https://dart.fss.or.kr/dsaf001/main.do?rcpNo=20160516001514,금융,14
한화생명,088350,2015Q4,2015-12-31,분기별 영업수익,4393293972440,계산(연간-3분기누적),https://dart.fss.or.kr/dsaf001/main.do?rcpNo=20160516001514 ; https://dart.fss.or.kr/dsaf001/main.do?rcpNo=20151116001432,금융,14
한화생명,088350,2015Q4,2015-12-31,분기별 영업이익,-32886207126,계산(연간-3분기누적),https://dart.fss.or.kr/dsaf001/main.do?rcpNo=20160516001514 ; https://dart.fss.or.kr/dsaf001/main.do?rcpNo=20151116001432,금융,14
한화생명,088350,2015Q4,2015-12-31,분기별 당기순이익(지배),-12139552084,계산(연간-3분기누적),https://dart.fss.or.kr/dsaf001/main.do?rcpNo=20160516001514 ; https://dart.fss.or.kr/dsaf001/main.do?rcpNo=20151116001432,금융,14
한화생명,088350,2015Q4,2015-12-31,분기별 순이자이익,데이터 없음(항목 미공시),데이터 없음(항목 미공시),https://dart.fss.or.kr/dsaf001/main.do?rcpNo=20160516001514 ; https://dart.fss.or.kr/dsaf001/main.do?rcpNo=20151116001432,금융,14
한화생명,088350,2015Q4,2015-12-31,분기별 순수수료이익,데이터 없음(항목 미공시),데이터 없음(항목 미공시),https://dart.fss.or.kr/dsaf001/main.do?rcpNo=20160516001514 ; https://dart.fss.or.kr/dsaf001/main.do?rcpNo=20151116001432,금융,14
한화생명,088350,2015Q4,2015-12-31,분기별 영업활동현금흐름,2677191542687,계산(누적차감),https://dart.fss.or.kr/dsaf001/main.do?rcpNo=20160516001514 ; https://dart.fss.or.kr/dsaf001/main.do?rcpNo=20151116001432,금융,14
한화생명,088350,2015Q4,2015-12-31,분기말 지배지분 자본,8642299280914,공시,https://dart.fss.or.kr/dsaf001/main.do?rcpNo=20160516001514,금융,14
한화생명,088350,2015Q4,2015-12-30,분기말 종가,7390,API,"https://data-dbg.krx.co.kr/svc/apis/sto/stk_bydd_trd?basDd=20151230 (KOSPI, 한화생명 ; 종가 7390 × 상장주식수 868530000 = 시가총액 6418436700000)",금융,14
한화생명,088350,2015Q4,2015-12-30,분기말 상장주식수,868530000,API,"https://data-dbg.krx.co.kr/svc/apis/sto/stk_bydd_trd?basDd=20151230 (KOSPI, 한화생명 ; 종가 7390 × 상장주식수 868530000 = 시가총액 6418436700000)",금융,14
한화생명,088350,2015Q4,2015-12-30,분기말 시가총액,6418436700000,API,"https://data-dbg.krx.co.kr/svc/apis/sto/stk_bydd_trd?basDd=20151230 (KOSPI, 한화생명 ; 종가 7390 × 상장주식수 868530000 = 시가총액 6418436700000)",금융,14
한화생명,088350,2016Q1,2016-03-31,분기말 자산총계,102458784625781,공시,https://dart.fss.or.kr/dsaf001/main.do?rcpNo=20160516003393,금융,14
한화생명,088350,2016Q1,2016-03-31,분기말 부채총계,93263325220341,공시,https://dart.fss.or.kr/dsaf001/main.do?rcpNo=20160516003393,금융,14
한화생명,088350,2016Q1,2016-03-31,분기말 총자본(자기자본),9195459405440,공시,https://dart.fss.or.kr/dsaf001/main.do?rcpNo=20160516003393,금융,14
한화생명,088350,2016Q1,2016-03-31,분기별 영업수익,5047270065942,공시,https://dart.fss.or.kr/dsaf001/main.do?rcpNo=20160516003393,금융,14
한화생명,088350,2016Q1,2016-03-31,분기별 영업이익,182517466361,공시,https://dart.fss.or.kr/dsaf001/main.do?rcpNo=20160516003393,금융,14
한화생명,088350,2016Q1,2016-03-31,분기별 당기순이익(지배),139477719348,공시,https://dart.fss.or.kr/dsaf001/main.do?rcpNo=20160516003393,금융,14
한화생명,088350,2016Q1,2016-03-31,분기별 순이자이익,데이터 없음(항목 미공시),데이터 없음(항목 미공시),https://dart.fss.or.kr/dsaf001/main.do?rcpNo=20160516003393,금융,14
한화생명,088350,2016Q1,2016-03-31,분기별 순수수료이익,데이터 없음(항목 미공시),데이터 없음(항목 미공시),https://dart.fss.or.kr/dsaf001/main.do?rcpNo=20160516003393,금융,14
한화생명,088350,2016Q1,2016-03-31,분기별 영업활동현금흐름,1982980816222,공시,https://dart.fss.or.kr/dsaf001/main.do?rcpNo=20160516003393,금융,14
한화생명,088350,2016Q1,2016-03-31,분기말 지배지분 자본,9195033824605,공시,https://dart.fss.or.kr/dsaf001/main.do?rcpNo=20160516003393,금융,14
한화생명,088350,2016Q1,2016-03-31,분기말 종가,6700,API,"https://data-dbg.krx.co.kr/svc/apis/sto/stk_bydd_trd?basDd=20160331 (KOSPI, 한화생명 ; 종가 6700 × 상장주식수 868530000 = 시가총액 5819151000000)",금융,14
한화생명,088350,2016Q1,2016-03-31,분기말 상장주식수,868530000,API,"https://data-dbg.krx.co.kr/svc/apis/sto/stk_bydd_trd?basDd=20160331 (KOSPI, 한화생명 ; 종가 6700 × 상장주식수 868530000 = 시가총액 5819151000000)",금융,14
한화생명,088350,2016Q1,2016-03-31,분기말 시가총액,5819151000000,API,"https://data-dbg.krx.co.kr/svc/apis/sto/stk_bydd_trd?basDd=20160331 (KOSPI, 한화생명 ; 종가 6700 × 상장주식수 868530000 = 시가총액 5819151000000)",금융,14
한화생명,088350,2016Q2,2016-06-30,분기말 자산총계,117743985251883,공시,https://dart.fss.or.kr/dsaf001/main.do?rcpNo=20160816002008,금융,14
한화생명,088350,2016Q2,2016-06-30,분기말 부채총계,106837951529592,공시,https://dart.fss.or.kr/dsaf001/main.do?rcpNo=20160816002008,금융,14
한화생명,088350,2016Q2,2016-06-30,분기말 총자본(자기자본),10906033722291,공시,https://dart.fss.or.kr/dsaf001/main.do?rcpNo=20160816002008,금융,14
한화생명,088350,2016Q2,2016-06-30,분기별 영업수익,3973184652824,공시,https://dart.fss.or.kr/dsaf001/main.do?rcpNo=20160816002008,금융,14
한화생명,088350,2016Q2,2016-06-30,분기별 영업이익,180215528335,공시,https://dart.fss.or.kr/dsaf001/main.do?rcpNo=20160816002008,금융,14
한화생명,088350,2016Q2,2016-06-30,분기별 당기순이익(지배),555807779230,공시,https://dart.fss.or.kr/dsaf001/main.do?rcpNo=20160816002008,금융,14
한화생명,088350,2016Q2,2016-06-30,분기별 순이자이익,데이터 없음(항목 미공시),데이터 없음(항목 미공시),https://dart.fss.or.kr/dsaf001/main.do?rcpNo=20160816002008,금융,14
한화생명,088350,2016Q2,2016-06-30,분기별 순수수료이익,데이터 없음(항목 미공시),데이터 없음(항목 미공시),https://dart.fss.or.kr/dsaf001/main.do?rcpNo=20160816002008,금융,14
한화생명,088350,2016Q2,2016-06-30,분기별 영업활동현금흐름,545724410407,계산(누적차감),https://dart.fss.or.kr/dsaf001/main.do?rcpNo=20160816002008 ; https://dart.fss.or.kr/dsaf001/main.do?rcpNo=20160516003393,금융,14
한화생명,088350,2016Q2,2016-06-30,분기말 지배지분 자본,10221942955022,공시,https://dart.fss.or.kr/dsaf001/main.do?rcpNo=20160816002008,금융,14
한화생명,088350,2016Q2,2016-06-30,분기말 종가,5790,API,"https://data-dbg.krx.co.kr/svc/apis/sto/stk_bydd_trd?basDd=20160630 (KOSPI, 한화생명 ; 종가 5790 × 상장주식수 868530000 = 시가총액 5028788700000)",금융,14
한화생명,088350,2016Q2,2016-06-30,분기말 상장주식수,868530000,API,"https://data-dbg.krx.co.kr/svc/apis/sto/stk_bydd_trd?basDd=20160630 (KOSPI, 한화생명 ; 종가 5790 × 상장주식수 868530000 = 시가총액 5028788700000)",금융,14
한화생명,088350,2016Q2,2016-06-30,분기말 시가총액,5028788700000,API,"https://data-dbg.krx.co.kr/svc/apis/sto/stk_bydd_trd?basDd=20160630 (KOSPI, 한화생명 ; 종가 5790 × 상장주식수 868530000 = 시가총액 5028788700000)",금융,14
한화생명,088350,2016Q3,2016-09-30,분기말 자산총계,119338741880573,공시,https://dart.fss.or.kr/dsaf001/main.do?rcpNo=20161114002477,금융,14
한화생명,088350,2016Q3,2016-09-30,분기말 부채총계,108226920170290,공시,https://dart.fss.or.kr/dsaf001/main.do?rcpNo=20161114002477,금융,14
한화생명,088350,2016Q3,2016-09-30,분기말 총자본(자기자본),11111821710283,공시,https://dart.fss.or.kr/dsaf001/main.do?rcpNo=20161114002477,금융,14
한화생명,088350,2016Q3,2016-09-30,분기별 영업수익,6377037830151,공시,https://dart.fss.or.kr/dsaf001/main.do?rcpNo=20161114002477,금융,14
한화생명,088350,2016Q3,2016-09-30,분기별 영업이익,292784124389,공시,https://dart.fss.or.kr/dsaf001/main.do?rcpNo=20161114002477,금융,14
한화생명,088350,2016Q3,2016-09-30,분기별 당기순이익(지배),187815009741,공시,https://dart.fss.or.kr/dsaf001/main.do?rcpNo=20161114002477,금융,14
한화생명,088350,2016Q3,2016-09-30,분기별 순이자이익,데이터 없음(항목 미공시),데이터 없음(항목 미공시),https://dart.fss.or.kr/dsaf001/main.do?rcpNo=20161114002477,금융,14
한화생명,088350,2016Q3,2016-09-30,분기별 순수수료이익,데이터 없음(항목 미공시),데이터 없음(항목 미공시),https://dart.fss.or.kr/dsaf001/main.do?rcpNo=20161114002477,금융,14
한화생명,088350,2016Q3,2016-09-30,분기별 영업활동현금흐름,978908456945,계산(누적차감),https://dart.fss.or.kr/dsaf001/main.do?rcpNo=20161114002477 ; https://dart.fss.or.kr/dsaf001/main.do?rcpNo=20160816002008,금융,14
한화생명,088350,2016Q3,2016-09-30,분기말 지배지분 자본,10395122805560,공시,https://dart.fss.or.kr/dsaf001/main.do?rcpNo=20161114002477,금융,14
한화생명,088350,2016Q3,2016-09-30,분기말 종가,5760,API,"https://data-dbg.krx.co.kr/svc/apis/sto/stk_bydd_trd?basDd=20160930 (KOSPI, 한화생명 ; 종가 5760 × 상장주식수 868530000 = 시가총액 5002732800000)",금융,14
한화생명,088350,2016Q3,2016-09-30,분기말 상장주식수,868530000,API,"https://data-dbg.krx.co.kr/svc/apis/sto/stk_bydd_trd?basDd=20160930 (KOSPI, 한화생명 ; 종가 5760 × 상장주식수 868530000 = 시가총액 5002732800000)",금융,14
한화생명,088350,2016Q3,2016-09-30,분기말 시가총액,5002732800000,API,"https://data-dbg.krx.co.kr/svc/apis/sto/stk_bydd_trd?basDd=20160930 (KOSPI, 한화생명 ; 종가 5760 × 상장주식수 868530000 = 시가총액 5002732800000)",금융,14
한화생명,088350,2016Q4,2016-12-31,분기말 자산총계,119381135194504,공시,https://dart.fss.or.kr/dsaf001/main.do?rcpNo=20170331005451,금융,14
한화생명,088350,2016Q4,2016-12-31,분기말 부채총계,110221971198492,공시,https://dart.fss.or.kr/dsaf001/main.do?rcpNo=20170331005451,금융,14
한화생명,088350,2016Q4,2016-12-31,분기말 총자본(자기자본),9159163996012,공시,https://dart.fss.or.kr/dsaf001/main.do?rcpNo=20170331005451,금융,14
한화생명,088350,2016Q4,2016-12-31,분기별 영업수익,5636582767357,계산(연간-3분기누적),https://dart.fss.or.kr/dsaf001/main.do?rcpNo=20170331005451 ; https://dart.fss.or.kr/dsaf001/main.do?rcpNo=20161114002477,금융,14
한화생명,088350,2016Q4,2016-12-31,분기별 영업이익,-134546108977,계산(연간-3분기누적),https://dart.fss.or.kr/dsaf001/main.do?rcpNo=20170331005451 ; https://dart.fss.or.kr/dsaf001/main.do?rcpNo=20161114002477,금융,14
한화생명,088350,2016Q4,2016-12-31,분기별 당기순이익(지배),-87759245137,계산(연간-3분기누적),https://dart.fss.or.kr/dsaf001/main.do?rcpNo=20170331005451 ; https://dart.fss.or.kr/dsaf001/main.do?rcpNo=20161114002477,금융,14
한화생명,088350,2016Q4,2016-12-31,분기별 순이자이익,데이터 없음(항목 미공시),데이터 없음(항목 미공시),https://dart.fss.or.kr/dsaf001/main.do?rcpNo=20170331005451 ; https://dart.fss.or.kr/dsaf001/main.do?rcpNo=20161114002477,금융,14
한화생명,088350,2016Q4,2016-12-31,분기별 순수수료이익,데이터 없음(항목 미공시),데이터 없음(항목 미공시),https://dart.fss.or.kr/dsaf001/main.do?rcpNo=20170331005451 ; https://dart.fss.or.kr/dsaf001/main.do?rcpNo=20161114002477,금융,14
한화생명,088350,2016Q4,2016-12-31,분기별 영업활동현금흐름,580163441089,계산(누적차감),https://dart.fss.or.kr/dsaf001/main.do?rcpNo=20170331005451 ; https://dart.fss.or.kr/dsaf001/main.do?rcpNo=20161114002477,금융,14
한화생명,088350,2016Q4,2016-12-31,분기말 지배지분 자본,8529052589065,공시,https://dart.fss.or.kr/dsaf001/main.do?rcpNo=20170331005451,금융,14
한화생명,088350,2016Q4,2016-12-29,분기말 종가,6530,API,"https://data-dbg.krx.co.kr/svc/apis/sto/stk_bydd_trd?basDd=20161229 (KOSPI, 한화생명 ; 종가 6530 × 상장주식수 868530000 = 시가총액 5671500900000)",금융,14
한화생명,088350,2016Q4,2016-12-29,분기말 상장주식수,868530000,API,"https://data-dbg.krx.co.kr/svc/apis/sto/stk_bydd_trd?basDd=20161229 (KOSPI, 한화생명 ; 종가 6530 × 상장주식수 868530000 = 시가총액 5671500900000)",금융,14
한화생명,088350,2016Q4,2016-12-29,분기말 시가총액,5671500900000,API,"https://data-dbg.krx.co.kr/svc/apis/sto/stk_bydd_trd?basDd=20161229 (KOSPI, 한화생명 ; 종가 6530 × 상장주식수 868530000 = 시가총액 5671500900000)",금융,14
한화생명,088350,2017Q1,2017-03-31,분기말 자산총계,120676279182135,공시,https://dart.fss.or.kr/dsaf001/main.do?rcpNo=20170515004531,금융,14
한화생명,088350,2017Q1,2017-03-31,분기말 부채총계,111139243253094,공시,https://dart.fss.or.kr/dsaf001/main.do?rcpNo=20170515004531,금융,14
한화생명,088350,2017Q1,2017-03-31,분기말 총자본(자기자본),9537035929041,공시,https://dart.fss.or.kr/dsaf001/main.do?rcpNo=20170515004531,금융,14
한화생명,088350,2017Q1,2017-03-31,분기별 영업수익,7620695872879,공시,https://dart.fss.or.kr/dsaf001/main.do?rcpNo=20170515004531,금융,14
한화생명,088350,2017Q1,2017-03-31,분기별 영업이익,281682580188,공시,https://dart.fss.or.kr/dsaf001/main.do?rcpNo=20170515004531,금융,14
한화생명,088350,2017Q1,2017-03-31,분기별 당기순이익(지배),235507034884,공시,https://dart.fss.or.kr/dsaf001/main.do?rcpNo=20170515004531,금융,14
한화생명,088350,2017Q1,2017-03-31,분기별 순이자이익,데이터 없음(항목 미공시),데이터 없음(항목 미공시),https://dart.fss.or.kr/dsaf001/main.do?rcpNo=20170515004531,금융,14
한화생명,088350,2017Q1,2017-03-31,분기별 순수수료이익,데이터 없음(항목 미공시),데이터 없음(항목 미공시),https://dart.fss.or.kr/dsaf001/main.do?rcpNo=20170515004531,금융,14
한화생명,088350,2017Q1,2017-03-31,분기별 영업활동현금흐름,663553500066,공시,https://dart.fss.or.kr/dsaf001/main.do?rcpNo=20170515004531,금융,14
한화생명,088350,2017Q1,2017-03-31,분기말 지배지분 자본,8854492957892,공시,https://dart.fss.or.kr/dsaf001/main.do?rcpNo=20170515004531,금융,14
한화생명,088350,2017Q1,2017-03-31,분기말 종가,6040,API,"https://data-dbg.krx.co.kr/svc/apis/sto/stk_bydd_trd?basDd=20170331 (KOSPI, 한화생명 ; 종가 6040 × 상장주식수 868530000 = 시가총액 5245921200000)",금융,14
한화생명,088350,2017Q1,2017-03-31,분기말 상장주식수,868530000,API,"https://data-dbg.krx.co.kr/svc/apis/sto/stk_bydd_trd?basDd=20170331 (KOSPI, 한화생명 ; 종가 6040 × 상장주식수 868530000 = 시가총액 5245921200000)",금융,14
한화생명,088350,2017Q1,2017-03-31,분기말 시가총액,5245921200000,API,"https://data-dbg.krx.co.kr/svc/apis/sto/stk_bydd_trd?basDd=20170331 (KOSPI, 한화생명 ; 종가 6040 × 상장주식수 868530000 = 시가총액 5245921200000)",금융,14
한화생명,088350,2017Q2,2017-06-30,분기말 자산총계,123707181964170,공시,https://dart.fss.or.kr/dsaf001/main.do?rcpNo=20170814002395,금융,14
한화생명,088350,2017Q2,2017-06-30,분기말 부채총계,113295890065303,공시,https://dart.fss.or.kr/dsaf001/main.do?rcpNo=20170814002395,금융,14
한화생명,088350,2017Q2,2017-06-30,분기말 총자본(자기자본),10411291898867,공시,https://dart.fss.or.kr/dsaf001/main.do?rcpNo=20170814002395,금융,14
한화생명,088350,2017Q2,2017-06-30,분기별 영업수익,6190289322615,공시,https://dart.fss.or.kr/dsaf001/main.do?rcpNo=20170814002395,금융,14
한화생명,088350,2017Q2,2017-06-30,분기별 영업이익,403797000049,공시,https://dart.fss.or.kr/dsaf001/main.do?rcpNo=20170814002395,금융,14
한화생명,088350,2017Q2,2017-06-30,분기별 당기순이익(지배),251477286343,공시,https://dart.fss.or.kr/dsaf001/main.do?rcpNo=20170814002395,금융,14
한화생명,088350,2017Q2,2017-06-30,분기별 순이자이익,데이터 없음(항목 미공시),데이터 없음(항목 미공시),https://dart.fss.or.kr/dsaf001/main.do?rcpNo=20170814002395,금융,14
한화생명,088350,2017Q2,2017-06-30,분기별 순수수료이익,데이터 없음(항목 미공시),데이터 없음(항목 미공시),https://dart.fss.or.kr/dsaf001/main.do?rcpNo=20170814002395,금융,14
한화생명,088350,2017Q2,2017-06-30,분기별 영업활동현금흐름,606036777709,계산(누적차감),https://dart.fss.or.kr/dsaf001/main.do?rcpNo=20170814002395 ; https://dart.fss.or.kr/dsaf001/main.do?rcpNo=20170515004531,금융,14
한화생명,088350,2017Q2,2017-06-30,분기말 지배지분 자본,9676602503466,공시,https://dart.fss.or.kr/dsaf001/main.do?rcpNo=20170814002395,금융,14
한화생명,088350,2017Q2,2017-06-30,분기말 종가,6960,API,"https://data-dbg.krx.co.kr/svc/apis/sto/stk_bydd_trd?basDd=20170630 (KOSPI, 한화생명 ; 종가 6960 × 상장주식수 868530000 = 시가총액 6044968800000)",금융,14
한화생명,088350,2017Q2,2017-06-30,분기말 상장주식수,868530000,API,"https://data-dbg.krx.co.kr/svc/apis/sto/stk_bydd_trd?basDd=20170630 (KOSPI, 한화생명 ; 종가 6960 × 상장주식수 868530000 = 시가총액 6044968800000)",금융,14
한화생명,088350,2017Q2,2017-06-30,분기말 시가총액,6044968800000,API,"https://data-dbg.krx.co.kr/svc/apis/sto/stk_bydd_trd?basDd=20170630 (KOSPI, 한화생명 ; 종가 6960 × 상장주식수 868530000 = 시가총액 6044968800000)",금융,14
한화생명,088350,2017Q3,2017-09-30,분기말 자산총계,125110373648826,공시,https://dart.fss.or.kr/dsaf001/main.do?rcpNo=20171114002360,금융,14
한화생명,088350,2017Q3,2017-09-30,분기말 부채총계,114721962001303,공시,https://dart.fss.or.kr/dsaf001/main.do?rcpNo=20171114002360,금융,14
한화생명,088350,2017Q3,2017-09-30,분기말 총자본(자기자본),10388411647523,공시,https://dart.fss.or.kr/dsaf001/main.do?rcpNo=20171114002360,금융,14
한화생명,088350,2017Q3,2017-09-30,분기별 영업수익,6366849277857,공시,https://dart.fss.or.kr/dsaf001/main.do?rcpNo=20171114002360,금융,14
한화생명,088350,2017Q3,2017-09-30,분기별 영업이익,265207084078,공시,https://dart.fss.or.kr/dsaf001/main.do?rcpNo=20171114002360,금융,14
한화생명,088350,2017Q3,2017-09-30,분기별 당기순이익(지배),172078467515,공시,https://dart.fss.or.kr/dsaf001/main.do?rcpNo=20171114002360,금융,14
한화생명,088350,2017Q3,2017-09-30,분기별 순이자이익,데이터 없음(항목 미공시),데이터 없음(항목 미공시),https://dart.fss.or.kr/dsaf001/main.do?rcpNo=20171114002360,금융,14
한화생명,088350,2017Q3,2017-09-30,분기별 순수수료이익,데이터 없음(항목 미공시),데이터 없음(항목 미공시),https://dart.fss.or.kr/dsaf001/main.do?rcpNo=20171114002360,금융,14
한화생명,088350,2017Q3,2017-09-30,분기별 영업활동현금흐름,1422074896732,계산(누적차감),https://dart.fss.or.kr/dsaf001/main.do?rcpNo=20171114002360 ; https://dart.fss.or.kr/dsaf001/main.do?rcpNo=20170814002395,금융,14
한화생명,088350,2017Q3,2017-09-30,분기말 지배지분 자본,9641404965251,공시,https://dart.fss.or.kr/dsaf001/main.do?rcpNo=20171114002360,금융,14
한화생명,088350,2017Q3,2017-09-29,분기말 종가,6850,API,"https://data-dbg.krx.co.kr/svc/apis/sto/stk_bydd_trd?basDd=20170929 (KOSPI, 한화생명 ; 종가 6850 × 상장주식수 868530000 = 시가총액 5949430500000)",금융,14
한화생명,088350,2017Q3,2017-09-29,분기말 상장주식수,868530000,API,"https://data-dbg.krx.co.kr/svc/apis/sto/stk_bydd_trd?basDd=20170929 (KOSPI, 한화생명 ; 종가 6850 × 상장주식수 868530000 = 시가총액 5949430500000)",금융,14
한화생명,088350,2017Q3,2017-09-29,분기말 시가총액,5949430500000,API,"https://data-dbg.krx.co.kr/svc/apis/sto/stk_bydd_trd?basDd=20170929 (KOSPI, 한화생명 ; 종가 6850 × 상장주식수 868530000 = 시가총액 5949430500000)",금융,14
한화생명,088350,2017Q4,2017-12-31,분기말 자산총계,125994472162809,공시,https://dart.fss.or.kr/dsaf001/main.do?rcpNo=20180402005271,금융,14
한화생명,088350,2017Q4,2017-12-31,분기말 부채총계,115756369617846,공시,https://dart.fss.or.kr/dsaf001/main.do?rcpNo=20180402005271,금융,14
한화생명,088350,2017Q4,2017-12-31,분기말 총자본(자기자본),10238102544963,공시,https://dart.fss.or.kr/dsaf001/main.do?rcpNo=20180402005271,금융,14
한화생명,088350,2017Q4,2017-12-31,분기별 영업수익,7090220544757,계산(연간-3분기누적),https://dart.fss.or.kr/dsaf001/main.do?rcpNo=20180402005271 ; https://dart.fss.or.kr/dsaf001/main.do?rcpNo=20171114002360,금융,14
한화생명,088350,2017Q4,2017-12-31,분기별 영업이익,2740454722,계산(연간-3분기누적),https://dart.fss.or.kr/dsaf001/main.do?rcpNo=20180402005271 ; https://dart.fss.or.kr/dsaf001/main.do?rcpNo=20171114002360,금융,14
한화생명,088350,2017Q4,2017-12-31,분기별 당기순이익(지배),-74123197130,계산(연간-3분기누적),https://dart.fss.or.kr/dsaf001/main.do?rcpNo=20180402005271 ; https://dart.fss.or.kr/dsaf001/main.do?rcpNo=20171114002360,금융,14
한화생명,088350,2017Q4,2017-12-31,분기별 순이자이익,데이터 없음(항목 미공시),데이터 없음(항목 미공시),https://dart.fss.or.kr/dsaf001/main.do?rcpNo=20180402005271 ; https://dart.fss.or.kr/dsaf001/main.do?rcpNo=20171114002360,금융,14
한화생명,088350,2017Q4,2017-12-31,분기별 순수수료이익,데이터 없음(항목 미공시),데이터 없음(항목 미공시),https://dart.fss.or.kr/dsaf001/main.do?rcpNo=20180402005271 ; https://dart.fss.or.kr/dsaf001/main.do?rcpNo=20171114002360,금융,14
한화생명,088350,2017Q4,2017-12-31,분기별 영업활동현금흐름,626994300656,계산(누적차감),https://dart.fss.or.kr/dsaf001/main.do?rcpNo=20180402005271 ; https://dart.fss.or.kr/dsaf001/main.do?rcpNo=20171114002360,금융,14
한화생명,088350,2017Q4,2017-12-31,분기말 지배지분 자본,9351556437091,공시,https://dart.fss.or.kr/dsaf001/main.do?rcpNo=20180402005271,금융,14
한화생명,088350,2017Q4,2017-12-28,분기말 종가,6910,API,"https://data-dbg.krx.co.kr/svc/apis/sto/stk_bydd_trd?basDd=20171228 (KOSPI, 한화생명 ; 종가 6910 × 상장주식수 868530000 = 시가총액 6001542300000)",금융,14
한화생명,088350,2017Q4,2017-12-28,분기말 상장주식수,868530000,API,"https://data-dbg.krx.co.kr/svc/apis/sto/stk_bydd_trd?basDd=20171228 (KOSPI, 한화생명 ; 종가 6910 × 상장주식수 868530000 = 시가총액 6001542300000)",금융,14
한화생명,088350,2017Q4,2017-12-28,분기말 시가총액,6001542300000,API,"https://data-dbg.krx.co.kr/svc/apis/sto/stk_bydd_trd?basDd=20171228 (KOSPI, 한화생명 ; 종가 6910 × 상장주식수 868530000 = 시가총액 6001542300000)",금융,14
한화생명,088350,2018Q1,2018-03-31,분기말 자산총계,126404247381452,공시,https://dart.fss.or.kr/dsaf001/main.do?rcpNo=20180515002553,금융,14
한화생명,088350,2018Q1,2018-03-31,분기말 부채총계,116263671687311,공시,https://dart.fss.or.kr/dsaf001/main.do?rcpNo=20180515002553,금융,14
한화생명,088350,2018Q1,2018-03-31,분기말 총자본(자기자본),10140575694141,공시,https://dart.fss.or.kr/dsaf001/main.do?rcpNo=20180515002553,금융,14
한화생명,088350,2018Q1,2018-03-31,분기별 영업수익,5899135505672,공시,https://dart.fss.or.kr/dsaf001/main.do?rcpNo=20180515002553,금융,14
한화생명,088350,2018Q1,2018-03-31,분기별 영업이익,209236423407,공시,https://dart.fss.or.kr/dsaf001/main.do?rcpNo=20180515002553,금융,14
한화생명,088350,2018Q1,2018-03-31,분기별 당기순이익(지배),110273897166,공시,https://dart.fss.or.kr/dsaf001/main.do?rcpNo=20180515002553,금융,14
한화생명,088350,2018Q1,2018-03-31,분기별 순이자이익,데이터 없음(항목 미공시),데이터 없음(항목 미공시),https://dart.fss.or.kr/dsaf001/main.do?rcpNo=20180515002553,금융,14
한화생명,088350,2018Q1,2018-03-31,분기별 순수수료이익,데이터 없음(항목 미공시),데이터 없음(항목 미공시),https://dart.fss.or.kr/dsaf001/main.do?rcpNo=20180515002553,금융,14
한화생명,088350,2018Q1,2018-03-31,분기별 영업활동현금흐름,591826032538,공시,https://dart.fss.or.kr/dsaf001/main.do?rcpNo=20180515002553,금융,14
한화생명,088350,2018Q1,2018-03-31,분기말 지배지분 자본,9245512393742,공시,https://dart.fss.or.kr/dsaf001/main.do?rcpNo=20180515002553,금융,14
한화생명,088350,2018Q1,2018-03-30,분기말 종가,6190,API,"https://data-dbg.krx.co.kr/svc/apis/sto/stk_bydd_trd?basDd=20180330 (KOSPI, 한화생명 ; 종가 6190 × 상장주식수 868530000 = 시가총액 5376200700000)",금융,14
한화생명,088350,2018Q1,2018-03-30,분기말 상장주식수,868530000,API,"https://data-dbg.krx.co.kr/svc/apis/sto/stk_bydd_trd?basDd=20180330 (KOSPI, 한화생명 ; 종가 6190 × 상장주식수 868530000 = 시가총액 5376200700000)",금융,14
한화생명,088350,2018Q1,2018-03-30,분기말 시가총액,5376200700000,API,"https://data-dbg.krx.co.kr/svc/apis/sto/stk_bydd_trd?basDd=20180330 (KOSPI, 한화생명 ; 종가 6190 × 상장주식수 868530000 = 시가총액 5376200700000)",금융,14
한화생명,088350,2018Q2,2018-06-30,분기말 자산총계,129124075613433,공시,https://dart.fss.or.kr/dsaf001/main.do?rcpNo=20180814002566,금융,14
한화생명,088350,2018Q2,2018-06-30,분기말 부채총계,117867346400909,공시,https://dart.fss.or.kr/dsaf001/main.do?rcpNo=20180814002566,금융,14
한화생명,088350,2018Q2,2018-06-30,분기말 총자본(자기자본),11256729212524,공시,https://dart.fss.or.kr/dsaf001/main.do?rcpNo=20180814002566,금융,14
한화생명,088350,2018Q2,2018-06-30,분기별 영업수익,6588800442117,공시,https://dart.fss.or.kr/dsaf001/main.do?rcpNo=20180814002566,금융,14
한화생명,088350,2018Q2,2018-06-30,분기별 영업이익,229358377354,공시,https://dart.fss.or.kr/dsaf001/main.do?rcpNo=20180814002566,금융,14
한화생명,088350,2018Q2,2018-06-30,분기별 당기순이익(지배),137520816633,공시,https://dart.fss.or.kr/dsaf001/main.do?rcpNo=20180814002566,금융,14
한화생명,088350,2018Q2,2018-06-30,분기별 순이자이익,데이터 없음(항목 미공시),데이터 없음(항목 미공시),https://dart.fss.or.kr/dsaf001/main.do?rcpNo=20180814002566,금융,14
한화생명,088350,2018Q2,2018-06-30,분기별 순수수료이익,데이터 없음(항목 미공시),데이터 없음(항목 미공시),https://dart.fss.or.kr/dsaf001/main.do?rcpNo=20180814002566,금융,14
한화생명,088350,2018Q2,2018-06-30,분기별 영업활동현금흐름,941677918036,계산(누적차감),https://dart.fss.or.kr/dsaf001/main.do?rcpNo=20180814002566 ; https://dart.fss.or.kr/dsaf001/main.do?rcpNo=20180515002553,금융,14
한화생명,088350,2018Q2,2018-06-30,분기말 지배지분 자본,10320166472965,공시,https://dart.fss.or.kr/dsaf001/main.do?rcpNo=20180814002566,금융,14
한화생명,088350,2018Q2,2018-06-29,분기말 종가,5300,API,"https://data-dbg.krx.co.kr/svc/apis/sto/stk_bydd_trd?basDd=20180629 (KOSPI, 한화생명 ; 종가 5300 × 상장주식수 868530000 = 시가총액 4603209000000)",금융,14
한화생명,088350,2018Q2,2018-06-29,분기말 상장주식수,868530000,API,"https://data-dbg.krx.co.kr/svc/apis/sto/stk_bydd_trd?basDd=20180629 (KOSPI, 한화생명 ; 종가 5300 × 상장주식수 868530000 = 시가총액 4603209000000)",금융,14
한화생명,088350,2018Q2,2018-06-29,분기말 시가총액,4603209000000,API,"https://data-dbg.krx.co.kr/svc/apis/sto/stk_bydd_trd?basDd=20180629 (KOSPI, 한화생명 ; 종가 5300 × 상장주식수 868530000 = 시가총액 4603209000000)",금융,14
한화생명,088350,2018Q3,2018-09-30,분기말 자산총계,130844222667576,공시,https://dart.fss.or.kr/dsaf001/main.do?rcpNo=20181114002280,금융,14
한화생명,088350,2018Q3,2018-09-30,분기말 부채총계,119322043271590,공시,https://dart.fss.or.kr/dsaf001/main.do?rcpNo=20181114002280,금융,14
한화생명,088350,2018Q3,2018-09-30,분기말 총자본(자기자본),11522179395986,공시,https://dart.fss.or.kr/dsaf001/main.do?rcpNo=20181114002280,금융,14
한화생명,088350,2018Q3,2018-09-30,분기별 영업수익,5953286830363,공시,https://dart.fss.or.kr/dsaf001/main.do?rcpNo=20181114002280,금융,14
한화생명,088350,2018Q3,2018-09-30,분기별 영업이익,220825353151,공시,https://dart.fss.or.kr/dsaf001/main.do?rcpNo=20181114002280,금융,14
한화생명,088350,2018Q3,2018-09-30,분기별 당기순이익(지배),119689102400,공시,https://dart.fss.or.kr/dsaf001/main.do?rcpNo=20181114002280,금융,14
한화생명,088350,2018Q3,2018-09-30,분기별 순이자이익,데이터 없음(항목 미공시),데이터 없음(항목 미공시),https://dart.fss.or.kr/dsaf001/main.do?rcpNo=20181114002280,금융,14
한화생명,088350,2018Q3,2018-09-30,분기별 순수수료이익,데이터 없음(항목 미공시),데이터 없음(항목 미공시),https://dart.fss.or.kr/dsaf001/main.do?rcpNo=20181114002280,금융,14
한화생명,088350,2018Q3,2018-09-30,분기별 영업활동현금흐름,-1128813257762,계산(누적차감),https://dart.fss.or.kr/dsaf001/main.do?rcpNo=20181114002280 ; https://dart.fss.or.kr/dsaf001/main.do?rcpNo=20180814002566,금융,14
한화생명,088350,2018Q3,2018-09-30,분기말 지배지분 자본,10371659161474,공시,https://dart.fss.or.kr/dsaf001/main.do?rcpNo=20181114002280,금융,14
한화생명,088350,2018Q3,2018-09-28,분기말 종가,5290,API,"https://data-dbg.krx.co.kr/svc/apis/sto/stk_bydd_trd?basDd=20180928 (KOSPI, 한화생명 ; 종가 5290 × 상장주식수 868530000 = 시가총액 4594523700000)",금융,14
한화생명,088350,2018Q3,2018-09-28,분기말 상장주식수,868530000,API,"https://data-dbg.krx.co.kr/svc/apis/sto/stk_bydd_trd?basDd=20180928 (KOSPI, 한화생명 ; 종가 5290 × 상장주식수 868530000 = 시가총액 4594523700000)",금융,14
한화생명,088350,2018Q3,2018-09-28,분기말 시가총액,4594523700000,API,"https://data-dbg.krx.co.kr/svc/apis/sto/stk_bydd_trd?basDd=20180928 (KOSPI, 한화생명 ; 종가 5290 × 상장주식수 868530000 = 시가총액 4594523700000)",금융,14
한화생명,088350,2018Q4,2018-12-31,분기말 자산총계,132084450817953,공시,https://dart.fss.or.kr/dsaf001/main.do?rcpNo=20190401005054,금융,14
한화생명,088350,2018Q4,2018-12-31,분기말 부채총계,120654793749578,공시,https://dart.fss.or.kr/dsaf001/main.do?rcpNo=20190401005054,금융,14
한화생명,088350,2018Q4,2018-12-31,분기말 총자본(자기자본),11429657068375,공시,https://dart.fss.or.kr/dsaf001/main.do?rcpNo=20190401005054,금융,14
한화생명,088350,2018Q4,2018-12-31,분기별 영업수익,5739849175331,계산(연간-3분기누적),https://dart.fss.or.kr/dsaf001/main.do?rcpNo=20190401005054 ; https://dart.fss.or.kr/dsaf001/main.do?rcpNo=20181114002280,금융,14
한화생명,088350,2018Q4,2018-12-31,분기별 영업이익,-9224803785,계산(연간-3분기누적),https://dart.fss.or.kr/dsaf001/main.do?rcpNo=20190401005054 ; https://dart.fss.or.kr/dsaf001/main.do?rcpNo=20181114002280,금융,14
한화생명,088350,2018Q4,2018-12-31,분기별 당기순이익(지배),47789325259,계산(연간-3분기누적),https://dart.fss.or.kr/dsaf001/main.do?rcpNo=20190401005054 ; https://dart.fss.or.kr/dsaf001/main.do?rcpNo=20181114002280,금융,14
한화생명,088350,2018Q4,2018-12-31,분기별 순이자이익,데이터 없음(항목 미공시),데이터 없음(항목 미공시),https://dart.fss.or.kr/dsaf001/main.do?rcpNo=20190401005054 ; https://dart.fss.or.kr/dsaf001/main.do?rcpNo=20181114002280,금융,14
한화생명,088350,2018Q4,2018-12-31,분기별 순수수료이익,데이터 없음(항목 미공시),데이터 없음(항목 미공시),https://dart.fss.or.kr/dsaf001/main.do?rcpNo=20190401005054 ; https://dart.fss.or.kr/dsaf001/main.do?rcpNo=20181114002280,금융,14
한화생명,088350,2018Q4,2018-12-31,분기별 영업활동현금흐름,1238184938055,계산(누적차감),https://dart.fss.or.kr/dsaf001/main.do?rcpNo=20190401005054 ; https://dart.fss.or.kr/dsaf001/main.do?rcpNo=20181114002280,금융,14
한화생명,088350,2018Q4,2018-12-31,분기말 지배지분 자본,10306898468814,공시,https://dart.fss.or.kr/dsaf001/main.do?rcpNo=20190401005054,금융,14
한화생명,088350,2018Q4,2018-12-28,분기말 종가,4220,API,"https://data-dbg.krx.co.kr/svc/apis/sto/stk_bydd_trd?basDd=20181228 (KOSPI, 한화생명 ; 종가 4220 × 상장주식수 868530000 = 시가총액 3665196600000)",금융,14
한화생명,088350,2018Q4,2018-12-28,분기말 상장주식수,868530000,API,"https://data-dbg.krx.co.kr/svc/apis/sto/stk_bydd_trd?basDd=20181228 (KOSPI, 한화생명 ; 종가 4220 × 상장주식수 868530000 = 시가총액 3665196600000)",금융,14
한화생명,088350,2018Q4,2018-12-28,분기말 시가총액,3665196600000,API,"https://data-dbg.krx.co.kr/svc/apis/sto/stk_bydd_trd?basDd=20181228 (KOSPI, 한화생명 ; 종가 4220 × 상장주식수 868530000 = 시가총액 3665196600000)",금융,14
한화생명,088350,2019Q1,2019-03-31,분기말 자산총계,134666905286177,공시,https://dart.fss.or.kr/dsaf001/main.do?rcpNo=20190515002569,금융,14
한화생명,088350,2019Q1,2019-03-31,분기말 부채총계,122847137611507,공시,https://dart.fss.or.kr/dsaf001/main.do?rcpNo=20190515002569,금융,14
한화생명,088350,2019Q1,2019-03-31,분기말 총자본(자기자본),11819767674670,공시,https://dart.fss.or.kr/dsaf001/main.do?rcpNo=20190515002569,금융,14
한화생명,088350,2019Q1,2019-03-31,분기별 영업수익,6169451092150,공시,https://dart.fss.or.kr/dsaf001/main.do?rcpNo=20190515002569,금융,14
한화생명,088350,2019Q1,2019-03-31,분기별 영업이익,37737826891,공시,https://dart.fss.or.kr/dsaf001/main.do?rcpNo=20190515002569,금융,14
한화생명,088350,2019Q1,2019-03-31,분기별 당기순이익(지배),19199678901,공시,https://dart.fss.or.kr/dsaf001/main.do?rcpNo=20190515002569,금융,14
한화생명,088350,2019Q1,2019-03-31,분기별 순이자이익,데이터 없음(항목 미공시),데이터 없음(항목 미공시),https://dart.fss.or.kr/dsaf001/main.do?rcpNo=20190515002569,금융,14
한화생명,088350,2019Q1,2019-03-31,분기별 순수수료이익,데이터 없음(항목 미공시),데이터 없음(항목 미공시),https://dart.fss.or.kr/dsaf001/main.do?rcpNo=20190515002569,금융,14
한화생명,088350,2019Q1,2019-03-31,분기별 영업활동현금흐름,-682660852620,공시,https://dart.fss.or.kr/dsaf001/main.do?rcpNo=20190515002569,금융,14
한화생명,088350,2019Q1,2019-03-31,분기말 지배지분 자본,10672013456389,공시,https://dart.fss.or.kr/dsaf001/main.do?rcpNo=20190515002569,금융,14
한화생명,088350,2019Q1,2019-03-29,분기말 종가,4000,API,"https://data-dbg.krx.co.kr/svc/apis/sto/stk_bydd_trd?basDd=20190329 (KOSPI, 한화생명 ; 종가 4000 × 상장주식수 868530000 = 시가총액 3474120000000)",금융,14
한화생명,088350,2019Q1,2019-03-29,분기말 상장주식수,868530000,API,"https://data-dbg.krx.co.kr/svc/apis/sto/stk_bydd_trd?basDd=20190329 (KOSPI, 한화생명 ; 종가 4000 × 상장주식수 868530000 = 시가총액 3474120000000)",금융,14
한화생명,088350,2019Q1,2019-03-29,분기말 시가총액,3474120000000,API,"https://data-dbg.krx.co.kr/svc/apis/sto/stk_bydd_trd?basDd=20190329 (KOSPI, 한화생명 ; 종가 4000 × 상장주식수 868530000 = 시가총액 3474120000000)",금융,14
한화생명,088350,2019Q2,2019-06-30,분기말 자산총계,136155596179325,공시,https://dart.fss.or.kr/dsaf001/main.do?rcpNo=20190814002412,금융,14
한화생명,088350,2019Q2,2019-06-30,분기말 부채총계,123901690564859,공시,https://dart.fss.or.kr/dsaf001/main.do?rcpNo=20190814002412,금융,14
한화생명,088350,2019Q2,2019-06-30,분기말 총자본(자기자본),12253905614466,공시,https://dart.fss.or.kr/dsaf001/main.do?rcpNo=20190814002412,금융,14
한화생명,088350,2019Q2,2019-06-30,분기별 영업수익,6461832782656,공시,https://dart.fss.or.kr/dsaf001/main.do?rcpNo=20190814002412,금융,14
한화생명,088350,2019Q2,2019-06-30,분기별 영업이익,56316324618,공시,https://dart.fss.or.kr/dsaf001/main.do?rcpNo=20190814002412,금융,14
한화생명,088350,2019Q2,2019-06-30,분기별 당기순이익(지배),70922331089,공시,https://dart.fss.or.kr/dsaf001/main.do?rcpNo=20190814002412,금융,14
한화생명,088350,2019Q2,2019-06-30,분기별 순이자이익,데이터 없음(항목 미공시),데이터 없음(항목 미공시),https://dart.fss.or.kr/dsaf001/main.do?rcpNo=20190814002412,금융,14
한화생명,088350,2019Q2,2019-06-30,분기별 순수수료이익,데이터 없음(항목 미공시),데이터 없음(항목 미공시),https://dart.fss.or.kr/dsaf001/main.do?rcpNo=20190814002412,금융,14
한화생명,088350,2019Q2,2019-06-30,분기별 영업활동현금흐름,-490890237052,계산(누적차감),https://dart.fss.or.kr/dsaf001/main.do?rcpNo=20190814002412 ; https://dart.fss.or.kr/dsaf001/main.do?rcpNo=20190515002569,금융,14
한화생명,088350,2019Q2,2019-06-30,분기말 지배지분 자본,11048690669587,공시,https://dart.fss.or.kr/dsaf001/main.do?rcpNo=20190814002412,금융,14
한화생명,088350,2019Q2,2019-06-28,분기말 종가,3275,API,"https://data-dbg.krx.co.kr/svc/apis/sto/stk_bydd_trd?basDd=20190628 (KOSPI, 한화생명 ; 종가 3275 × 상장주식수 868530000 = 시가총액 2844435750000)",금융,14
한화생명,088350,2019Q2,2019-06-28,분기말 상장주식수,868530000,API,"https://data-dbg.krx.co.kr/svc/apis/sto/stk_bydd_trd?basDd=20190628 (KOSPI, 한화생명 ; 종가 3275 × 상장주식수 868530000 = 시가총액 2844435750000)",금융,14
한화생명,088350,2019Q2,2019-06-28,분기말 시가총액,2844435750000,API,"https://data-dbg.krx.co.kr/svc/apis/sto/stk_bydd_trd?basDd=20190628 (KOSPI, 한화생명 ; 종가 3275 × 상장주식수 868530000 = 시가총액 2844435750000)",금융,14
한화생명,088350,2019Q3,2019-09-30,분기말 자산총계,138295369313598,공시,https://dart.fss.or.kr/dsaf001/main.do?rcpNo=20191114002708,금융,14
한화생명,088350,2019Q3,2019-09-30,분기말 부채총계,125245909144396,공시,https://dart.fss.or.kr/dsaf001/main.do?rcpNo=20191114002708,금융,14
한화생명,088350,2019Q3,2019-09-30,분기말 총자본(자기자본),13049460169202,공시,https://dart.fss.or.kr/dsaf001/main.do?rcpNo=20191114002708,금융,14
한화생명,088350,2019Q3,2019-09-30,분기별 영업수익,6814018865503,공시,https://dart.fss.or.kr/dsaf001/main.do?rcpNo=20191114002708,금융,14
한화생명,088350,2019Q3,2019-09-30,분기별 영업이익,88192674663,공시,https://dart.fss.or.kr/dsaf001/main.do?rcpNo=20191114002708,금융,14
한화생명,088350,2019Q3,2019-09-30,분기별 당기순이익(지배),65963330732,공시,https://dart.fss.or.kr/dsaf001/main.do?rcpNo=20191114002708,금융,14
한화생명,088350,2019Q3,2019-09-30,분기별 순이자이익,데이터 없음(항목 미공시),데이터 없음(항목 미공시),https://dart.fss.or.kr/dsaf001/main.do?rcpNo=20191114002708,금융,14
한화생명,088350,2019Q3,2019-09-30,분기별 순수수료이익,데이터 없음(항목 미공시),데이터 없음(항목 미공시),https://dart.fss.or.kr/dsaf001/main.do?rcpNo=20191114002708,금융,14
한화생명,088350,2019Q3,2019-09-30,분기별 영업활동현금흐름,1658008796561,계산(누적차감),https://dart.fss.or.kr/dsaf001/main.do?rcpNo=20191114002708 ; https://dart.fss.or.kr/dsaf001/main.do?rcpNo=20190814002412,금융,14
한화생명,088350,2019Q3,2019-09-30,분기말 지배지분 자본,11820503444275,공시,https://dart.fss.or.kr/dsaf001/main.do?rcpNo=20191114002708,금융,14
한화생명,088350,2019Q3,2019-09-30,분기말 종가,2380,API,"https://data-dbg.krx.co.kr/svc/apis/sto/stk_bydd_trd?basDd=20190930 (KOSPI, 한화생명 ; 종가 2380 × 상장주식수 868530000 = 시가총액 2067101400000)",금융,14
한화생명,088350,2019Q3,2019-09-30,분기말 상장주식수,868530000,API,"https://data-dbg.krx.co.kr/svc/apis/sto/stk_bydd_trd?basDd=20190930 (KOSPI, 한화생명 ; 종가 2380 × 상장주식수 868530000 = 시가총액 2067101400000)",금융,14
한화생명,088350,2019Q3,2019-09-30,분기말 시가총액,2067101400000,API,"https://data-dbg.krx.co.kr/svc/apis/sto/stk_bydd_trd?basDd=20190930 (KOSPI, 한화생명 ; 종가 2380 × 상장주식수 868530000 = 시가총액 2067101400000)",금융,14
한화생명,088350,2019Q4,2019-12-31,분기말 자산총계,141850087146267,공시,https://dart.fss.or.kr/dsaf001/main.do?rcpNo=20200331001872,금융,14
한화생명,088350,2019Q4,2019-12-31,분기말 부채총계,127856811928333,공시,https://dart.fss.or.kr/dsaf001/main.do?rcpNo=20200331001872,금융,14
한화생명,088350,2019Q4,2019-12-31,분기말 총자본(자기자본),13993275217934,공시,https://dart.fss.or.kr/dsaf001/main.do?rcpNo=20200331001872,금융,14
한화생명,088350,2019Q4,2019-12-31,분기별 영업수익,5533188920243,계산(연간-3분기누적),https://dart.fss.or.kr/dsaf001/main.do?rcpNo=20200331001872 ; https://dart.fss.or.kr/dsaf001/main.do?rcpNo=20191114002708,금융,14
한화생명,088350,2019Q4,2019-12-31,분기별 영업이익,-132847235022,계산(연간-3분기누적),https://dart.fss.or.kr/dsaf001/main.do?rcpNo=20200331001872 ; https://dart.fss.or.kr/dsaf001/main.do?rcpNo=20191114002708,금융,14
한화생명,088350,2019Q4,2019-12-31,분기별 당기순이익(지배),-55664475621,계산(연간-3분기누적),https://dart.fss.or.kr/dsaf001/main.do?rcpNo=20200331001872 ; https://dart.fss.or.kr/dsaf001/main.do?rcpNo=20191114002708,금융,14
한화생명,088350,2019Q4,2019-12-31,분기별 순이자이익,데이터 없음(항목 미공시),데이터 없음(항목 미공시),https://dart.fss.or.kr/dsaf001/main.do?rcpNo=20200331001872 ; https://dart.fss.or.kr/dsaf001/main.do?rcpNo=20191114002708,금융,14
한화생명,088350,2019Q4,2019-12-31,분기별 순수수료이익,데이터 없음(항목 미공시),데이터 없음(항목 미공시),https://dart.fss.or.kr/dsaf001/main.do?rcpNo=20200331001872 ; https://dart.fss.or.kr/dsaf001/main.do?rcpNo=20191114002708,금융,14
한화생명,088350,2019Q4,2019-12-31,분기별 영업활동현금흐름,523036725214,계산(누적차감),https://dart.fss.or.kr/dsaf001/main.do?rcpNo=20200331001872 ; https://dart.fss.or.kr/dsaf001/main.do?rcpNo=20191114002708,금융,14
한화생명,088350,2019Q4,2019-12-31,분기말 지배지분 자본,12685859122123,공시,https://dart.fss.or.kr/dsaf001/main.do?rcpNo=20200331001872,금융,14
한화생명,088350,2019Q4,2019-12-30,분기말 종가,2310,API,"https://data-dbg.krx.co.kr/svc/apis/sto/stk_bydd_trd?basDd=20191230 (KOSPI, 한화생명 ; 종가 2310 × 상장주식수 868530000 = 시가총액 2006304300000)",금융,14
한화생명,088350,2019Q4,2019-12-30,분기말 상장주식수,868530000,API,"https://data-dbg.krx.co.kr/svc/apis/sto/stk_bydd_trd?basDd=20191230 (KOSPI, 한화생명 ; 종가 2310 × 상장주식수 868530000 = 시가총액 2006304300000)",금융,14
한화생명,088350,2019Q4,2019-12-30,분기말 시가총액,2006304300000,API,"https://data-dbg.krx.co.kr/svc/apis/sto/stk_bydd_trd?basDd=20191230 (KOSPI, 한화생명 ; 종가 2310 × 상장주식수 868530000 = 시가총액 2006304300000)",금융,14
한화생명,088350,2020Q1,2020-03-31,분기말 자산총계,143448987707289,공시,https://dart.fss.or.kr/dsaf001/main.do?rcpNo=20200515002763,금융,14
한화생명,088350,2020Q1,2020-03-31,분기말 부채총계,129396781526842,공시,https://dart.fss.or.kr/dsaf001/main.do?rcpNo=20200515002763,금융,14
한화생명,088350,2020Q1,2020-03-31,분기말 총자본(자기자본),14052206180447,공시,https://dart.fss.or.kr/dsaf001/main.do?rcpNo=20200515002763,금융,14
한화생명,088350,2020Q1,2020-03-31,분기별 영업수익,8140868371774,공시,https://dart.fss.or.kr/dsaf001/main.do?rcpNo=20200515002763,금융,14
한화생명,088350,2020Q1,2020-03-31,분기별 영업이익,99841321619,공시,https://dart.fss.or.kr/dsaf001/main.do?rcpNo=20200515002763,금융,14
한화생명,088350,2020Q1,2020-03-31,분기별 당기순이익(지배),78846233045,공시,https://dart.fss.or.kr/dsaf001/main.do?rcpNo=20200515002763,금융,14
한화생명,088350,2020Q1,2020-03-31,분기별 순이자이익,데이터 없음(항목 미공시),데이터 없음(항목 미공시),https://dart.fss.or.kr/dsaf001/main.do?rcpNo=20200515002763,금융,14
한화생명,088350,2020Q1,2020-03-31,분기별 순수수료이익,데이터 없음(항목 미공시),데이터 없음(항목 미공시),https://dart.fss.or.kr/dsaf001/main.do?rcpNo=20200515002763,금융,14
한화생명,088350,2020Q1,2020-03-31,분기별 영업활동현금흐름,39056915745,공시,https://dart.fss.or.kr/dsaf001/main.do?rcpNo=20200515002763,금융,14
한화생명,088350,2020Q1,2020-03-31,분기말 지배지분 자본,12736857312642,공시,https://dart.fss.or.kr/dsaf001/main.do?rcpNo=20200515002763,금융,14
한화생명,088350,2020Q1,2020-03-31,분기말 종가,1390,API,https://apis.data.go.kr/1160100/GetStockSecuritiesInfoService_V2/getStockPriceInfo_V2?basDt=20200331&likeSrtnCd=088350 (serviceKey 제외),금융,14
한화생명,088350,2020Q1,2020-03-31,분기말 상장주식수,868530000,API,https://apis.data.go.kr/1160100/GetStockSecuritiesInfoService_V2/getStockPriceInfo_V2?basDt=20200331&likeSrtnCd=088350 (serviceKey 제외),금융,14
한화생명,088350,2020Q1,2020-03-31,분기말 시가총액,1207256700000,API,https://apis.data.go.kr/1160100/GetStockSecuritiesInfoService_V2/getStockPriceInfo_V2?basDt=20200331&likeSrtnCd=088350 (serviceKey 제외),금융,14
한화생명,088350,2020Q2,2020-06-30,분기말 자산총계,146848519677363,공시,https://dart.fss.or.kr/dsaf001/main.do?rcpNo=20200814002815,금융,14
한화생명,088350,2020Q2,2020-06-30,분기말 부채총계,131870376516650,공시,https://dart.fss.or.kr/dsaf001/main.do?rcpNo=20200814002815,금융,14
한화생명,088350,2020Q2,2020-06-30,분기말 총자본(자기자본),14978143160713,공시,https://dart.fss.or.kr/dsaf001/main.do?rcpNo=20200814002815,금융,14
한화생명,088350,2020Q2,2020-06-30,분기별 영업수익,5539422037520,공시,https://dart.fss.or.kr/dsaf001/main.do?rcpNo=20200814002815,금융,14
한화생명,088350,2020Q2,2020-06-30,분기별 영업이익,122919126895,공시,https://dart.fss.or.kr/dsaf001/main.do?rcpNo=20200814002815,금융,14
한화생명,088350,2020Q2,2020-06-30,분기별 당기순이익(지배),79654450465,공시,https://dart.fss.or.kr/dsaf001/main.do?rcpNo=20200814002815,금융,14
한화생명,088350,2020Q2,2020-06-30,분기별 순이자이익,데이터 없음(항목 미공시),데이터 없음(항목 미공시),https://dart.fss.or.kr/dsaf001/main.do?rcpNo=20200814002815,금융,14
한화생명,088350,2020Q2,2020-06-30,분기별 순수수료이익,데이터 없음(항목 미공시),데이터 없음(항목 미공시),https://dart.fss.or.kr/dsaf001/main.do?rcpNo=20200814002815,금융,14
한화생명,088350,2020Q2,2020-06-30,분기별 영업활동현금흐름,978311320904,계산(누적차감),https://dart.fss.or.kr/dsaf001/main.do?rcpNo=20200814002815 ; https://dart.fss.or.kr/dsaf001/main.do?rcpNo=20200515002763,금융,14
한화생명,088350,2020Q2,2020-06-30,분기말 지배지분 자본,13611162163687,공시,https://dart.fss.or.kr/dsaf001/main.do?rcpNo=20200814002815,금융,14
한화생명,088350,2020Q2,2020-06-30,분기말 종가,1360,API,https://apis.data.go.kr/1160100/GetStockSecuritiesInfoService_V2/getStockPriceInfo_V2?basDt=20200630&likeSrtnCd=088350 (serviceKey 제외),금융,14
한화생명,088350,2020Q2,2020-06-30,분기말 상장주식수,868530000,API,https://apis.data.go.kr/1160100/GetStockSecuritiesInfoService_V2/getStockPriceInfo_V2?basDt=20200630&likeSrtnCd=088350 (serviceKey 제외),금융,14
한화생명,088350,2020Q2,2020-06-30,분기말 시가총액,1181200800000,API,https://apis.data.go.kr/1160100/GetStockSecuritiesInfoService_V2/getStockPriceInfo_V2?basDt=20200630&likeSrtnCd=088350 (serviceKey 제외),금융,14
한화생명,088350,2020Q3,2020-09-30,분기말 자산총계,148033220170880,공시,https://dart.fss.or.kr/dsaf001/main.do?rcpNo=20201116002110,금융,14
한화생명,088350,2020Q3,2020-09-30,분기말 부채총계,132780822321801,공시,https://dart.fss.or.kr/dsaf001/main.do?rcpNo=20201116002110,금융,14
한화생명,088350,2020Q3,2020-09-30,분기말 총자본(자기자본),15252397849079,공시,https://dart.fss.or.kr/dsaf001/main.do?rcpNo=20201116002110,금융,14
한화생명,088350,2020Q3,2020-09-30,분기별 영업수익,5650789046203,공시,https://dart.fss.or.kr/dsaf001/main.do?rcpNo=20201116002110,금융,14
한화생명,088350,2020Q3,2020-09-30,분기별 영업이익,206906524792,공시,https://dart.fss.or.kr/dsaf001/main.do?rcpNo=20201116002110,금융,14
한화생명,088350,2020Q3,2020-09-30,분기별 당기순이익(지배),125444240537,공시,https://dart.fss.or.kr/dsaf001/main.do?rcpNo=20201116002110,금융,14
한화생명,088350,2020Q3,2020-09-30,분기별 순이자이익,데이터 없음(항목 미공시),데이터 없음(항목 미공시),https://dart.fss.or.kr/dsaf001/main.do?rcpNo=20201116002110,금융,14
한화생명,088350,2020Q3,2020-09-30,분기별 순수수료이익,데이터 없음(항목 미공시),데이터 없음(항목 미공시),https://dart.fss.or.kr/dsaf001/main.do?rcpNo=20201116002110,금융,14
한화생명,088350,2020Q3,2020-09-30,분기별 영업활동현금흐름,482127481784,계산(누적차감),https://dart.fss.or.kr/dsaf001/main.do?rcpNo=20201116002110 ; https://dart.fss.or.kr/dsaf001/main.do?rcpNo=20200814002815,금융,14
한화생명,088350,2020Q3,2020-09-30,분기말 지배지분 자본,13851484190031,공시,https://dart.fss.or.kr/dsaf001/main.do?rcpNo=20201116002110,금융,14
한화생명,088350,2020Q3,2020-09-29,분기말 종가,1525,API,https://apis.data.go.kr/1160100/GetStockSecuritiesInfoService_V2/getStockPriceInfo_V2?basDt=20200929&likeSrtnCd=088350 (serviceKey 제외),금융,14
한화생명,088350,2020Q3,2020-09-29,분기말 상장주식수,868530000,API,https://apis.data.go.kr/1160100/GetStockSecuritiesInfoService_V2/getStockPriceInfo_V2?basDt=20200929&likeSrtnCd=088350 (serviceKey 제외),금융,14
한화생명,088350,2020Q3,2020-09-29,분기말 시가총액,1324508250000,API,https://apis.data.go.kr/1160100/GetStockSecuritiesInfoService_V2/getStockPriceInfo_V2?basDt=20200929&likeSrtnCd=088350 (serviceKey 제외),금융,14
한화생명,088350,2020Q4,2020-12-31,분기말 자산총계,148774784034210,공시,https://dart.fss.or.kr/dsaf001/main.do?rcpNo=20210305000803,금융,14
한화생명,088350,2020Q4,2020-12-31,분기말 부채총계,134830661068377,공시,https://dart.fss.or.kr/dsaf001/main.do?rcpNo=20210305000803,금융,14
한화생명,088350,2020Q4,2020-12-31,분기말 총자본(자기자본),13944122965833,공시,https://dart.fss.or.kr/dsaf001/main.do?rcpNo=20210305000803,금융,14
한화생명,088350,2020Q4,2020-12-31,분기별 영업수익,6891973724925,계산(연간-3분기누적),https://dart.fss.or.kr/dsaf001/main.do?rcpNo=20210305000803 ; https://dart.fss.or.kr/dsaf001/main.do?rcpNo=20201116002110,금융,14
한화생명,088350,2020Q4,2020-12-31,분기별 영업이익,-85965917180,계산(연간-3분기누적)(재작성 반영),https://dart.fss.or.kr/dsaf001/main.do?rcpNo=20210305000803 ; https://dart.fss.or.kr/dsaf001/main.do?rcpNo=20201116002110 ; 재작성 출처: https://dart.fss.or.kr/dsaf001/main.do?rcpNo=20220316001424,금융,14
한화생명,088350,2020Q4,2020-12-31,분기별 당기순이익(지배),-81831173853,계산(연간-3분기누적)(재작성 반영),https://dart.fss.or.kr/dsaf001/main.do?rcpNo=20210305000803 ; https://dart.fss.or.kr/dsaf001/main.do?rcpNo=20201116002110 ; 재작성 출처: https://dart.fss.or.kr/dsaf001/main.do?rcpNo=20220316001424,금융,14
한화생명,088350,2020Q4,2020-12-31,분기별 순이자이익,데이터 없음(항목 미공시),데이터 없음(항목 미공시),https://dart.fss.or.kr/dsaf001/main.do?rcpNo=20210305000803 ; https://dart.fss.or.kr/dsaf001/main.do?rcpNo=20201116002110,금융,14
한화생명,088350,2020Q4,2020-12-31,분기별 순수수료이익,데이터 없음(항목 미공시),데이터 없음(항목 미공시),https://dart.fss.or.kr/dsaf001/main.do?rcpNo=20210305000803 ; https://dart.fss.or.kr/dsaf001/main.do?rcpNo=20201116002110,금융,14
한화생명,088350,2020Q4,2020-12-31,분기별 영업활동현금흐름,14916440888,계산(누적차감),https://dart.fss.or.kr/dsaf001/main.do?rcpNo=20210305000803 ; https://dart.fss.or.kr/dsaf001/main.do?rcpNo=20201116002110,금융,14
한화생명,088350,2020Q4,2020-12-31,분기말 지배지분 자본,12666428758409,공시,https://dart.fss.or.kr/dsaf001/main.do?rcpNo=20210305000803,금융,14
한화생명,088350,2020Q4,2020-12-30,분기말 종가,2440,API,https://apis.data.go.kr/1160100/GetStockSecuritiesInfoService_V2/getStockPriceInfo_V2?basDt=20201230&likeSrtnCd=088350 (serviceKey 제외),금융,14
한화생명,088350,2020Q4,2020-12-30,분기말 상장주식수,868530000,API,https://apis.data.go.kr/1160100/GetStockSecuritiesInfoService_V2/getStockPriceInfo_V2?basDt=20201230&likeSrtnCd=088350 (serviceKey 제외),금융,14
한화생명,088350,2020Q4,2020-12-30,분기말 시가총액,2119213200000,API,https://apis.data.go.kr/1160100/GetStockSecuritiesInfoService_V2/getStockPriceInfo_V2?basDt=20201230&likeSrtnCd=088350 (serviceKey 제외),금융,14
한화생명,088350,2021Q1,2021-03-31,분기말 자산총계,147429160156217,공시,https://dart.fss.or.kr/dsaf001/main.do?rcpNo=20210517002139,금융,14
한화생명,088350,2021Q1,2021-03-31,분기말 부채총계,135089686067523,공시,https://dart.fss.or.kr/dsaf001/main.do?rcpNo=20210517002139,금융,14
한화생명,088350,2021Q1,2021-03-31,분기말 총자본(자기자본),12339474088694,공시,https://dart.fss.or.kr/dsaf001/main.do?rcpNo=20210517002139,금융,14
한화생명,088350,2021Q1,2021-03-31,분기별 영업수익,7007585686514,공시,https://dart.fss.or.kr/dsaf001/main.do?rcpNo=20210517002139,금융,14
한화생명,088350,2021Q1,2021-03-31,분기별 영업이익,436701838848,공시,https://dart.fss.or.kr/dsaf001/main.do?rcpNo=20210517002139,금융,14
한화생명,088350,2021Q1,2021-03-31,분기별 당기순이익(지배),311472310928,공시,https://dart.fss.or.kr/dsaf001/main.do?rcpNo=20210517002139,금융,14
한화생명,088350,2021Q1,2021-03-31,분기별 순이자이익,데이터 없음(항목 미공시),데이터 없음(항목 미공시),https://dart.fss.or.kr/dsaf001/main.do?rcpNo=20210517002139,금융,14
한화생명,088350,2021Q1,2021-03-31,분기별 순수수료이익,데이터 없음(항목 미공시),데이터 없음(항목 미공시),https://dart.fss.or.kr/dsaf001/main.do?rcpNo=20210517002139,금융,14
한화생명,088350,2021Q1,2021-03-31,분기별 영업활동현금흐름,1235617309769,공시,https://dart.fss.or.kr/dsaf001/main.do?rcpNo=20210517002139,금융,14
한화생명,088350,2021Q1,2021-03-31,분기말 지배지분 자본,11203608919412,공시,https://dart.fss.or.kr/dsaf001/main.do?rcpNo=20210517002139,금융,14
한화생명,088350,2021Q1,2021-03-31,분기말 종가,3210,API,https://apis.data.go.kr/1160100/GetStockSecuritiesInfoService_V2/getStockPriceInfo_V2?basDt=20210331&likeSrtnCd=088350 (serviceKey 제외),금융,14
한화생명,088350,2021Q1,2021-03-31,분기말 상장주식수,868530000,API,https://apis.data.go.kr/1160100/GetStockSecuritiesInfoService_V2/getStockPriceInfo_V2?basDt=20210331&likeSrtnCd=088350 (serviceKey 제외),금융,14
한화생명,088350,2021Q1,2021-03-31,분기말 시가총액,2787981300000,API,https://apis.data.go.kr/1160100/GetStockSecuritiesInfoService_V2/getStockPriceInfo_V2?basDt=20210331&likeSrtnCd=088350 (serviceKey 제외),금융,14
한화생명,088350,2021Q2,2021-06-30,분기말 자산총계,149366322504818,공시,https://dart.fss.or.kr/dsaf001/main.do?rcpNo=20210817001733,금융,14
한화생명,088350,2021Q2,2021-06-30,분기말 부채총계,136828850458766,공시,https://dart.fss.or.kr/dsaf001/main.do?rcpNo=20210817001733,금융,14
한화생명,088350,2021Q2,2021-06-30,분기말 총자본(자기자본),12537472046052,공시,https://dart.fss.or.kr/dsaf001/main.do?rcpNo=20210817001733,금융,14
한화생명,088350,2021Q2,2021-06-30,분기별 영업수익,5898254495283,공시,https://dart.fss.or.kr/dsaf001/main.do?rcpNo=20210817001733,금융,14
한화생명,088350,2021Q2,2021-06-30,분기별 영업이익,240776293282,공시,https://dart.fss.or.kr/dsaf001/main.do?rcpNo=20210817001733,금융,14
한화생명,088350,2021Q2,2021-06-30,분기별 당기순이익(지배),159962525982,공시,https://dart.fss.or.kr/dsaf001/main.do?rcpNo=20210817001733,금융,14
한화생명,088350,2021Q2,2021-06-30,분기별 순이자이익,데이터 없음(항목 미공시),데이터 없음(항목 미공시),https://dart.fss.or.kr/dsaf001/main.do?rcpNo=20210817001733,금융,14
한화생명,088350,2021Q2,2021-06-30,분기별 순수수료이익,데이터 없음(항목 미공시),데이터 없음(항목 미공시),https://dart.fss.or.kr/dsaf001/main.do?rcpNo=20210817001733,금융,14
한화생명,088350,2021Q2,2021-06-30,분기별 영업활동현금흐름,976212594926,계산(누적차감),https://dart.fss.or.kr/dsaf001/main.do?rcpNo=20210817001733 ; https://dart.fss.or.kr/dsaf001/main.do?rcpNo=20210517002139,금융,14
한화생명,088350,2021Q2,2021-06-30,분기말 지배지분 자본,11357494987666,공시,https://dart.fss.or.kr/dsaf001/main.do?rcpNo=20210817001733,금융,14
한화생명,088350,2021Q2,2021-06-30,분기말 종가,3755,API,https://apis.data.go.kr/1160100/GetStockSecuritiesInfoService_V2/getStockPriceInfo_V2?basDt=20210630&likeSrtnCd=088350 (serviceKey 제외),금융,14
한화생명,088350,2021Q2,2021-06-30,분기말 상장주식수,868530000,API,https://apis.data.go.kr/1160100/GetStockSecuritiesInfoService_V2/getStockPriceInfo_V2?basDt=20210630&likeSrtnCd=088350 (serviceKey 제외),금융,14
한화생명,088350,2021Q2,2021-06-30,분기말 시가총액,3261330150000,API,https://apis.data.go.kr/1160100/GetStockSecuritiesInfoService_V2/getStockPriceInfo_V2?basDt=20210630&likeSrtnCd=088350 (serviceKey 제외),금융,14
한화생명,088350,2021Q3,2021-09-30,분기말 자산총계,161621126163170,공시,https://dart.fss.or.kr/dsaf001/main.do?rcpNo=20211115002491,금융,14
한화생명,088350,2021Q3,2021-09-30,분기말 부채총계,148291683735897,공시,https://dart.fss.or.kr/dsaf001/main.do?rcpNo=20211115002491,금융,14
한화생명,088350,2021Q3,2021-09-30,분기말 총자본(자기자본),13329442427273,공시,https://dart.fss.or.kr/dsaf001/main.do?rcpNo=20211115002491,금융,14
한화생명,088350,2021Q3,2021-09-30,분기별 영업수익,7516853855608,공시,https://dart.fss.or.kr/dsaf001/main.do?rcpNo=20211115002491,금융,14
한화생명,088350,2021Q3,2021-09-30,분기별 영업이익,250259187941,공시,https://dart.fss.or.kr/dsaf001/main.do?rcpNo=20211115002491,금융,14
한화생명,088350,2021Q3,2021-09-30,분기별 당기순이익(지배),342888311974,공시,https://dart.fss.or.kr/dsaf001/main.do?rcpNo=20211115002491,금융,14
한화생명,088350,2021Q3,2021-09-30,분기별 순이자이익,데이터 없음(항목 미공시),데이터 없음(항목 미공시),https://dart.fss.or.kr/dsaf001/main.do?rcpNo=20211115002491,금융,14
한화생명,088350,2021Q3,2021-09-30,분기별 순수수료이익,데이터 없음(항목 미공시),데이터 없음(항목 미공시),https://dart.fss.or.kr/dsaf001/main.do?rcpNo=20211115002491,금융,14
한화생명,088350,2021Q3,2021-09-30,분기별 영업활동현금흐름,1711641811542,계산(누적차감),https://dart.fss.or.kr/dsaf001/main.do?rcpNo=20211115002491 ; https://dart.fss.or.kr/dsaf001/main.do?rcpNo=20210817001733,금융,14
한화생명,088350,2021Q3,2021-09-30,분기말 지배지분 자본,11248614133743,공시,https://dart.fss.or.kr/dsaf001/main.do?rcpNo=20211115002491,금융,14
한화생명,088350,2021Q3,2021-09-30,분기말 종가,3610,API,https://apis.data.go.kr/1160100/GetStockSecuritiesInfoService_V2/getStockPriceInfo_V2?basDt=20210930&likeSrtnCd=088350 (serviceKey 제외),금융,14
한화생명,088350,2021Q3,2021-09-30,분기말 상장주식수,868530000,API,https://apis.data.go.kr/1160100/GetStockSecuritiesInfoService_V2/getStockPriceInfo_V2?basDt=20210930&likeSrtnCd=088350 (serviceKey 제외),금융,14
한화생명,088350,2021Q3,2021-09-30,분기말 시가총액,3135393300000,API,https://apis.data.go.kr/1160100/GetStockSecuritiesInfoService_V2/getStockPriceInfo_V2?basDt=20210930&likeSrtnCd=088350 (serviceKey 제외),금융,14
한화생명,088350,2021Q4,2021-12-31,분기말 자산총계,163591373127331,공시,https://dart.fss.or.kr/dsaf001/main.do?rcpNo=20220316001424,금융,14
한화생명,088350,2021Q4,2021-12-31,분기말 부채총계,150171792112671,공시,https://dart.fss.or.kr/dsaf001/main.do?rcpNo=20220316001424,금융,14
한화생명,088350,2021Q4,2021-12-31,분기말 총자본(자기자본),13419581014660,공시,https://dart.fss.or.kr/dsaf001/main.do?rcpNo=20220316001424,금융,14
한화생명,088350,2021Q4,2021-12-31,분기별 영업수익,6750930995419,계산(연간-3분기누적),https://dart.fss.or.kr/dsaf001/main.do?rcpNo=20220316001424 ; https://dart.fss.or.kr/dsaf001/main.do?rcpNo=20211115002491,금융,14
한화생명,088350,2021Q4,2021-12-31,분기별 영업이익,424237900307,계산(연간-3분기누적),https://dart.fss.or.kr/dsaf001/main.do?rcpNo=20220316001424 ; https://dart.fss.or.kr/dsaf001/main.do?rcpNo=20211115002491,금융,14
한화생명,088350,2021Q4,2021-12-31,분기별 당기순이익(지배),376988234291,계산(연간-3분기누적),https://dart.fss.or.kr/dsaf001/main.do?rcpNo=20220316001424 ; https://dart.fss.or.kr/dsaf001/main.do?rcpNo=20211115002491,금융,14
한화생명,088350,2021Q4,2021-12-31,분기별 순이자이익,데이터 없음(항목 미공시),데이터 없음(항목 미공시),https://dart.fss.or.kr/dsaf001/main.do?rcpNo=20220316001424 ; https://dart.fss.or.kr/dsaf001/main.do?rcpNo=20211115002491,금융,14
한화생명,088350,2021Q4,2021-12-31,분기별 순수수료이익,데이터 없음(항목 미공시),데이터 없음(항목 미공시),https://dart.fss.or.kr/dsaf001/main.do?rcpNo=20220316001424 ; https://dart.fss.or.kr/dsaf001/main.do?rcpNo=20211115002491,금융,14
한화생명,088350,2021Q4,2021-12-31,분기별 영업활동현금흐름,1637513887526,계산(누적차감),https://dart.fss.or.kr/dsaf001/main.do?rcpNo=20220316001424 ; https://dart.fss.or.kr/dsaf001/main.do?rcpNo=20211115002491,금융,14
한화생명,088350,2021Q4,2021-12-31,분기말 지배지분 자본,11273848331954,공시,https://dart.fss.or.kr/dsaf001/main.do?rcpNo=20220316001424,금융,14
한화생명,088350,2021Q4,2021-12-30,분기말 종가,2935,API,https://apis.data.go.kr/1160100/GetStockSecuritiesInfoService_V2/getStockPriceInfo_V2?basDt=20211230&likeSrtnCd=088350 (serviceKey 제외),금융,14
한화생명,088350,2021Q4,2021-12-30,분기말 상장주식수,868530000,API,https://apis.data.go.kr/1160100/GetStockSecuritiesInfoService_V2/getStockPriceInfo_V2?basDt=20211230&likeSrtnCd=088350 (serviceKey 제외),금융,14
한화생명,088350,2021Q4,2021-12-30,분기말 시가총액,2549135550000,API,https://apis.data.go.kr/1160100/GetStockSecuritiesInfoService_V2/getStockPriceInfo_V2?basDt=20211230&likeSrtnCd=088350 (serviceKey 제외),금융,14
한화생명,088350,2022Q1,2022-03-31,분기말 자산총계,162285797870881,공시,https://dart.fss.or.kr/dsaf001/main.do?rcpNo=20220516002568,금융,14
한화생명,088350,2022Q1,2022-03-31,분기말 부채총계,150740857021467,공시,https://dart.fss.or.kr/dsaf001/main.do?rcpNo=20220516002568,금융,14
한화생명,088350,2022Q1,2022-03-31,분기말 총자본(자기자본),11544940849414,공시,https://dart.fss.or.kr/dsaf001/main.do?rcpNo=20220516002568,금융,14
한화생명,088350,2022Q1,2022-03-31,분기별 영업수익,7255574906422,공시,https://dart.fss.or.kr/dsaf001/main.do?rcpNo=20220516002568,금융,14
한화생명,088350,2022Q1,2022-03-31,분기별 영업이익,856679909510,공시(재작성 반영),https://dart.fss.or.kr/dsaf001/main.do?rcpNo=20220516002568 ; 재작성 출처: https://dart.fss.or.kr/dsaf001/main.do?rcpNo=20230630000658,금융,14
한화생명,088350,2022Q1,2022-03-31,분기별 당기순이익(지배),478968856480,공시(재작성 반영),https://dart.fss.or.kr/dsaf001/main.do?rcpNo=20220516002568 ; 재작성 출처: https://dart.fss.or.kr/dsaf001/main.do?rcpNo=20230630000658,금융,14
한화생명,088350,2022Q1,2022-03-31,분기별 순이자이익,데이터 없음(항목 미공시),데이터 없음(항목 미공시),https://dart.fss.or.kr/dsaf001/main.do?rcpNo=20220516002568,금융,14
한화생명,088350,2022Q1,2022-03-31,분기별 순수수료이익,데이터 없음(항목 미공시),데이터 없음(항목 미공시),https://dart.fss.or.kr/dsaf001/main.do?rcpNo=20220516002568,금융,14
한화생명,088350,2022Q1,2022-03-31,분기별 영업활동현금흐름,-342845222723,공시(재작성 반영),https://dart.fss.or.kr/dsaf001/main.do?rcpNo=20220516002568 ; 재작성 출처: https://dart.fss.or.kr/dsaf001/main.do?rcpNo=20230630000658,금융,14
한화생명,088350,2022Q1,2022-03-31,분기말 지배지분 자본,9716037124303,공시,https://dart.fss.or.kr/dsaf001/main.do?rcpNo=20220516002568,금융,14
한화생명,088350,2022Q1,2022-03-31,분기말 종가,3150,API,https://apis.data.go.kr/1160100/GetStockSecuritiesInfoService_V2/getStockPriceInfo_V2?basDt=20220331&likeSrtnCd=088350 (serviceKey 제외),금융,14
한화생명,088350,2022Q1,2022-03-31,분기말 상장주식수,868530000,API,https://apis.data.go.kr/1160100/GetStockSecuritiesInfoService_V2/getStockPriceInfo_V2?basDt=20220331&likeSrtnCd=088350 (serviceKey 제외),금융,14
한화생명,088350,2022Q1,2022-03-31,분기말 시가총액,2735869500000,API,https://apis.data.go.kr/1160100/GetStockSecuritiesInfoService_V2/getStockPriceInfo_V2?basDt=20220331&likeSrtnCd=088350 (serviceKey 제외),금융,14
한화생명,088350,2022Q2,2022-06-30,분기말 자산총계,160610539917550,공시,https://dart.fss.or.kr/dsaf001/main.do?rcpNo=20220812001342,금융,14
한화생명,088350,2022Q2,2022-06-30,분기말 부채총계,151733205010748,공시,https://dart.fss.or.kr/dsaf001/main.do?rcpNo=20220812001342,금융,14
한화생명,088350,2022Q2,2022-06-30,분기말 총자본(자기자본),8877334906802,공시,https://dart.fss.or.kr/dsaf001/main.do?rcpNo=20220812001342,금융,14
한화생명,088350,2022Q2,2022-06-30,분기별 영업수익,8171374988223,공시,https://dart.fss.or.kr/dsaf001/main.do?rcpNo=20220812001342,금융,14
한화생명,088350,2022Q2,2022-06-30,분기별 영업이익,751889407136,공시(재작성 반영),https://dart.fss.or.kr/dsaf001/main.do?rcpNo=20220812001342 ; 재작성 출처: https://dart.fss.or.kr/dsaf001/main.do?rcpNo=20230926000613,금융,14
한화생명,088350,2022Q2,2022-06-30,분기별 당기순이익(지배),556222615290,공시(재작성 반영),https://dart.fss.or.kr/dsaf001/main.do?rcpNo=20220812001342 ; 재작성 출처: https://dart.fss.or.kr/dsaf001/main.do?rcpNo=20230926000613,금융,14
한화생명,088350,2022Q2,2022-06-30,분기별 순이자이익,데이터 없음(항목 미공시),데이터 없음(항목 미공시),https://dart.fss.or.kr/dsaf001/main.do?rcpNo=20220812001342,금융,14
한화생명,088350,2022Q2,2022-06-30,분기별 순수수료이익,데이터 없음(항목 미공시),데이터 없음(항목 미공시),https://dart.fss.or.kr/dsaf001/main.do?rcpNo=20220812001342,금융,14
한화생명,088350,2022Q2,2022-06-30,분기별 영업활동현금흐름,1906415123864,계산(누적차감)(재작성 반영),https://dart.fss.or.kr/dsaf001/main.do?rcpNo=20220812001342 ; https://dart.fss.or.kr/dsaf001/main.do?rcpNo=20220516002568 ; 재작성 출처: https://dart.fss.or.kr/dsaf001/main.do?rcpNo=20230630000658 ; https://dart.fss.or.kr/dsaf001/main.do?rcpNo=20230926000613,금융,14
한화생명,088350,2022Q2,2022-06-30,분기말 지배지분 자본,7388339232799,공시,https://dart.fss.or.kr/dsaf001/main.do?rcpNo=20220812001342,금융,14
한화생명,088350,2022Q2,2022-06-30,분기말 종가,2225,API,https://apis.data.go.kr/1160100/GetStockSecuritiesInfoService_V2/getStockPriceInfo_V2?basDt=20220630&likeSrtnCd=088350 (serviceKey 제외),금융,14
한화생명,088350,2022Q2,2022-06-30,분기말 상장주식수,868530000,API,https://apis.data.go.kr/1160100/GetStockSecuritiesInfoService_V2/getStockPriceInfo_V2?basDt=20220630&likeSrtnCd=088350 (serviceKey 제외),금융,14
한화생명,088350,2022Q2,2022-06-30,분기말 시가총액,1932479250000,API,https://apis.data.go.kr/1160100/GetStockSecuritiesInfoService_V2/getStockPriceInfo_V2?basDt=20220630&likeSrtnCd=088350 (serviceKey 제외),금융,14
한화생명,088350,2022Q3,2022-09-30,분기말 자산총계,162307728351931,공시,https://dart.fss.or.kr/dsaf001/main.do?rcpNo=20221114002151,금융,14
한화생명,088350,2022Q3,2022-09-30,분기말 부채총계,154586573973332,공시,https://dart.fss.or.kr/dsaf001/main.do?rcpNo=20221114002151,금융,14
한화생명,088350,2022Q3,2022-09-30,분기말 총자본(자기자본),7721154378599,공시,https://dart.fss.or.kr/dsaf001/main.do?rcpNo=20221114002151,금융,14
한화생명,088350,2022Q3,2022-09-30,분기별 영업수익,10015786537740,공시,https://dart.fss.or.kr/dsaf001/main.do?rcpNo=20221114002151,금융,14
한화생명,088350,2022Q3,2022-09-30,분기별 영업이익,614764243982,공시(재작성 반영),https://dart.fss.or.kr/dsaf001/main.do?rcpNo=20221114002151 ; 재작성 출처: https://dart.fss.or.kr/dsaf001/main.do?rcpNo=20231229000204,금융,14
한화생명,088350,2022Q3,2022-09-30,분기별 당기순이익(지배),498291624565,공시(재작성 반영),https://dart.fss.or.kr/dsaf001/main.do?rcpNo=20221114002151 ; 재작성 출처: https://dart.fss.or.kr/dsaf001/main.do?rcpNo=20231229000204,금융,14
한화생명,088350,2022Q3,2022-09-30,분기별 순이자이익,데이터 없음(항목 미공시),데이터 없음(항목 미공시),https://dart.fss.or.kr/dsaf001/main.do?rcpNo=20221114002151,금융,14
한화생명,088350,2022Q3,2022-09-30,분기별 순수수료이익,데이터 없음(항목 미공시),데이터 없음(항목 미공시),https://dart.fss.or.kr/dsaf001/main.do?rcpNo=20221114002151,금융,14
한화생명,088350,2022Q3,2022-09-30,분기별 영업활동현금흐름,-673491252514,계산(누적차감)(재작성 반영),https://dart.fss.or.kr/dsaf001/main.do?rcpNo=20221114002151 ; https://dart.fss.or.kr/dsaf001/main.do?rcpNo=20220812001342 ; 재작성 출처: https://dart.fss.or.kr/dsaf001/main.do?rcpNo=20230926000613 ; https://dart.fss.or.kr/dsaf001/main.do?rcpNo=20231229000204,금융,14
한화생명,088350,2022Q3,2022-09-30,분기말 지배지분 자본,6308224291728,공시,https://dart.fss.or.kr/dsaf001/main.do?rcpNo=20221114002151,금융,14
한화생명,088350,2022Q3,2022-09-30,분기말 종가,2090,API,https://apis.data.go.kr/1160100/GetStockSecuritiesInfoService_V2/getStockPriceInfo_V2?basDt=20220930&likeSrtnCd=088350 (serviceKey 제외),금융,14
한화생명,088350,2022Q3,2022-09-30,분기말 상장주식수,868530000,API,https://apis.data.go.kr/1160100/GetStockSecuritiesInfoService_V2/getStockPriceInfo_V2?basDt=20220930&likeSrtnCd=088350 (serviceKey 제외),금융,14
한화생명,088350,2022Q3,2022-09-30,분기말 시가총액,1815227700000,API,https://apis.data.go.kr/1160100/GetStockSecuritiesInfoService_V2/getStockPriceInfo_V2?basDt=20220930&likeSrtnCd=088350 (serviceKey 제외),금융,14
한화생명,088350,2022Q4,2022-12-31,분기말 자산총계,146310480564018,공시(재작성 반영),https://dart.fss.or.kr/dsaf001/main.do?rcpNo=20230315001327 ; 재작성 출처: https://dart.fss.or.kr/dsaf001/main.do?rcpNo=20231229000204,금융,14
한화생명,088350,2022Q4,2022-12-31,분기말 부채총계,126615799732826,공시(재작성 반영),https://dart.fss.or.kr/dsaf001/main.do?rcpNo=20230315001327 ; 재작성 출처: https://dart.fss.or.kr/dsaf001/main.do?rcpNo=20231229000204,금융,14
한화생명,088350,2022Q4,2022-12-31,분기말 총자본(자기자본),19694680831192,공시(재작성 반영),https://dart.fss.or.kr/dsaf001/main.do?rcpNo=20230315001327 ; 재작성 출처: https://dart.fss.or.kr/dsaf001/main.do?rcpNo=20231229000204,금융,14
한화생명,088350,2022Q4,2022-12-31,분기별 영업수익,8258649130908,계산(연간-3분기누적),https://dart.fss.or.kr/dsaf001/main.do?rcpNo=20230315001327 ; https://dart.fss.or.kr/dsaf001/main.do?rcpNo=20221114002151,금융,14
한화생명,088350,2022Q4,2022-12-31,분기별 영업이익,-1109504447021,계산(연간-3분기누적)(재작성 반영),https://dart.fss.or.kr/dsaf001/main.do?rcpNo=20230315001327 ; https://dart.fss.or.kr/dsaf001/main.do?rcpNo=20221114002151 ; 재작성 출처: https://dart.fss.or.kr/dsaf001/main.do?rcpNo=20231229000204,금융,14
한화생명,088350,2022Q4,2022-12-31,분기별 당기순이익(지배),-497209358906,계산(연간-3분기누적)(재작성 반영),https://dart.fss.or.kr/dsaf001/main.do?rcpNo=20230315001327 ; https://dart.fss.or.kr/dsaf001/main.do?rcpNo=20221114002151 ; 재작성 출처: https://dart.fss.or.kr/dsaf001/main.do?rcpNo=20231229000204,금융,14
한화생명,088350,2022Q4,2022-12-31,분기별 순이자이익,데이터 없음(항목 미공시),데이터 없음(항목 미공시),https://dart.fss.or.kr/dsaf001/main.do?rcpNo=20230315001327 ; https://dart.fss.or.kr/dsaf001/main.do?rcpNo=20221114002151,금융,14
한화생명,088350,2022Q4,2022-12-31,분기별 순수수료이익,데이터 없음(항목 미공시),데이터 없음(항목 미공시),https://dart.fss.or.kr/dsaf001/main.do?rcpNo=20230315001327 ; https://dart.fss.or.kr/dsaf001/main.do?rcpNo=20221114002151,금융,14
한화생명,088350,2022Q4,2022-12-31,분기별 영업활동현금흐름,-253175696586,계산(누적차감)(재작성 반영),https://dart.fss.or.kr/dsaf001/main.do?rcpNo=20230315001327 ; https://dart.fss.or.kr/dsaf001/main.do?rcpNo=20221114002151 ; 재작성 출처: https://dart.fss.or.kr/dsaf001/main.do?rcpNo=20231229000204,금융,14
한화생명,088350,2022Q4,2022-12-31,분기말 지배지분 자본,17372003767963,공시(재작성 반영),https://dart.fss.or.kr/dsaf001/main.do?rcpNo=20230315001327 ; 재작성 출처: https://dart.fss.or.kr/dsaf001/main.do?rcpNo=20231229000204,금융,14
한화생명,088350,2022Q4,2022-12-29,분기말 종가,2770,API,https://apis.data.go.kr/1160100/GetStockSecuritiesInfoService_V2/getStockPriceInfo_V2?basDt=20221229&likeSrtnCd=088350 (serviceKey 제외),금융,14
한화생명,088350,2022Q4,2022-12-29,분기말 상장주식수,868530000,API,https://apis.data.go.kr/1160100/GetStockSecuritiesInfoService_V2/getStockPriceInfo_V2?basDt=20221229&likeSrtnCd=088350 (serviceKey 제외),금융,14
한화생명,088350,2022Q4,2022-12-29,분기말 시가총액,2405828100000,API,https://apis.data.go.kr/1160100/GetStockSecuritiesInfoService_V2/getStockPriceInfo_V2?basDt=20221229&likeSrtnCd=088350 (serviceKey 제외),금융,14
한화생명,088350,2023Q1,2023-03-31,분기말 자산총계,146926960278629,공시,https://dart.fss.or.kr/dsaf001/main.do?rcpNo=20230630000658,금융,14
한화생명,088350,2023Q1,2023-03-31,분기말 부채총계,130574895320916,공시,https://dart.fss.or.kr/dsaf001/main.do?rcpNo=20230630000658,금융,14
한화생명,088350,2023Q1,2023-03-31,분기말 총자본(자기자본),16352064957713,공시,https://dart.fss.or.kr/dsaf001/main.do?rcpNo=20230630000658,금융,14
한화생명,088350,2023Q1,2023-03-31,분기별 영업수익,데이터 없음(항목 미공시),데이터 없음(항목 미공시),https://dart.fss.or.kr/dsaf001/main.do?rcpNo=20230630000658,금융,14
한화생명,088350,2023Q1,2023-03-31,분기별 영업이익,756615532779,공시(재작성 반영),https://dart.fss.or.kr/dsaf001/main.do?rcpNo=20230630000658 ; 재작성 출처: https://dart.fss.or.kr/dsaf001/main.do?rcpNo=20240703000456,금융,14
한화생명,088350,2023Q1,2023-03-31,분기별 당기순이익(지배),536428217823,공시(재작성 반영),https://dart.fss.or.kr/dsaf001/main.do?rcpNo=20230630000658 ; 재작성 출처: https://dart.fss.or.kr/dsaf001/main.do?rcpNo=20240703000456,금융,14
한화생명,088350,2023Q1,2023-03-31,분기별 순이자이익,데이터 없음(항목 미공시),데이터 없음(항목 미공시),https://dart.fss.or.kr/dsaf001/main.do?rcpNo=20230630000658,금융,14
한화생명,088350,2023Q1,2023-03-31,분기별 순수수료이익,데이터 없음(항목 미공시),데이터 없음(항목 미공시),https://dart.fss.or.kr/dsaf001/main.do?rcpNo=20230630000658,금융,14
한화생명,088350,2023Q1,2023-03-31,분기별 영업활동현금흐름,-527761942414,공시(재작성 반영),https://dart.fss.or.kr/dsaf001/main.do?rcpNo=20230630000658 ; 재작성 출처: https://dart.fss.or.kr/dsaf001/main.do?rcpNo=20240703000456,금융,14
한화생명,088350,2023Q1,2023-03-31,분기말 지배지분 자본,13915205098030,공시,https://dart.fss.or.kr/dsaf001/main.do?rcpNo=20230630000658,금융,14
한화생명,088350,2023Q1,2023-03-31,분기말 종가,2400,API,https://apis.data.go.kr/1160100/GetStockSecuritiesInfoService_V2/getStockPriceInfo_V2?basDt=20230331&likeSrtnCd=088350 (serviceKey 제외),금융,14
한화생명,088350,2023Q1,2023-03-31,분기말 상장주식수,868530000,API,https://apis.data.go.kr/1160100/GetStockSecuritiesInfoService_V2/getStockPriceInfo_V2?basDt=20230331&likeSrtnCd=088350 (serviceKey 제외),금융,14
한화생명,088350,2023Q1,2023-03-31,분기말 시가총액,2084472000000,API,https://apis.data.go.kr/1160100/GetStockSecuritiesInfoService_V2/getStockPriceInfo_V2?basDt=20230331&likeSrtnCd=088350 (serviceKey 제외),금융,14
한화생명,088350,2023Q2,2023-06-30,분기말 자산총계,143048963082323,공시,https://dart.fss.or.kr/dsaf001/main.do?rcpNo=20230926000613,금융,14
한화생명,088350,2023Q2,2023-06-30,분기말 부채총계,126901099175285,공시,https://dart.fss.or.kr/dsaf001/main.do?rcpNo=20230926000613,금융,14
한화생명,088350,2023Q2,2023-06-30,분기말 총자본(자기자본),16147863907038,공시,https://dart.fss.or.kr/dsaf001/main.do?rcpNo=20230926000613,금융,14
한화생명,088350,2023Q2,2023-06-30,분기별 영업수익,데이터 없음(항목 미공시),데이터 없음(항목 미공시),https://dart.fss.or.kr/dsaf001/main.do?rcpNo=20230926000613,금융,14
한화생명,088350,2023Q2,2023-06-30,분기별 영업이익,289270761100,공시(재작성 반영),https://dart.fss.or.kr/dsaf001/main.do?rcpNo=20230926000613 ; 재작성 출처: https://dart.fss.or.kr/dsaf001/main.do?rcpNo=20240930000415,금융,14
한화생명,088350,2023Q2,2023-06-30,분기별 당기순이익(지배),185986538583,공시(재작성 반영),https://dart.fss.or.kr/dsaf001/main.do?rcpNo=20230926000613 ; 재작성 출처: https://dart.fss.or.kr/dsaf001/main.do?rcpNo=20240930000415,금융,14
한화생명,088350,2023Q2,2023-06-30,분기별 순이자이익,데이터 없음(항목 미공시),데이터 없음(항목 미공시),https://dart.fss.or.kr/dsaf001/main.do?rcpNo=20230926000613,금융,14
한화생명,088350,2023Q2,2023-06-30,분기별 순수수료이익,데이터 없음(항목 미공시),데이터 없음(항목 미공시),https://dart.fss.or.kr/dsaf001/main.do?rcpNo=20230926000613,금융,14
한화생명,088350,2023Q2,2023-06-30,분기별 영업활동현금흐름,570367499178,계산(누적차감)(재작성 반영),https://dart.fss.or.kr/dsaf001/main.do?rcpNo=20230926000613 ; https://dart.fss.or.kr/dsaf001/main.do?rcpNo=20230630000658 ; 재작성 출처: https://dart.fss.or.kr/dsaf001/main.do?rcpNo=20240703000456 ; https://dart.fss.or.kr/dsaf001/main.do?rcpNo=20240930000415,금융,14
한화생명,088350,2023Q2,2023-06-30,분기말 지배지분 자본,13650962700542,공시,https://dart.fss.or.kr/dsaf001/main.do?rcpNo=20230926000613,금융,14
한화생명,088350,2023Q2,2023-06-30,분기말 종가,2580,API,https://apis.data.go.kr/1160100/GetStockSecuritiesInfoService_V2/getStockPriceInfo_V2?basDt=20230630&likeSrtnCd=088350 (serviceKey 제외),금융,14
한화생명,088350,2023Q2,2023-06-30,분기말 상장주식수,868530000,API,https://apis.data.go.kr/1160100/GetStockSecuritiesInfoService_V2/getStockPriceInfo_V2?basDt=20230630&likeSrtnCd=088350 (serviceKey 제외),금융,14
한화생명,088350,2023Q2,2023-06-30,분기말 시가총액,2240807400000,API,https://apis.data.go.kr/1160100/GetStockSecuritiesInfoService_V2/getStockPriceInfo_V2?basDt=20230630&likeSrtnCd=088350 (serviceKey 제외),금융,14
한화생명,088350,2023Q3,2023-09-30,분기말 자산총계,140215030698003,공시,https://dart.fss.or.kr/dsaf001/main.do?rcpNo=20231229000204,금융,14
한화생명,088350,2023Q3,2023-09-30,분기말 부채총계,123322015134192,공시,https://dart.fss.or.kr/dsaf001/main.do?rcpNo=20231229000204,금융,14
한화생명,088350,2023Q3,2023-09-30,분기말 총자본(자기자본),16893015563811,공시,https://dart.fss.or.kr/dsaf001/main.do?rcpNo=20231229000204,금융,14
한화생명,088350,2023Q3,2023-09-30,분기별 영업수익,데이터 없음(항목 미공시),데이터 없음(항목 미공시),https://dart.fss.or.kr/dsaf001/main.do?rcpNo=20231229000204,금융,14
한화생명,088350,2023Q3,2023-09-30,분기별 영업이익,34530251566,공시,https://dart.fss.or.kr/dsaf001/main.do?rcpNo=20231229000204,금융,14
한화생명,088350,2023Q3,2023-09-30,분기별 당기순이익(지배),27532120240,공시,https://dart.fss.or.kr/dsaf001/main.do?rcpNo=20231229000204,금융,14
한화생명,088350,2023Q3,2023-09-30,분기별 순이자이익,데이터 없음(항목 미공시),데이터 없음(항목 미공시),https://dart.fss.or.kr/dsaf001/main.do?rcpNo=20231229000204,금융,14
한화생명,088350,2023Q3,2023-09-30,분기별 순수수료이익,데이터 없음(항목 미공시),데이터 없음(항목 미공시),https://dart.fss.or.kr/dsaf001/main.do?rcpNo=20231229000204,금융,14
한화생명,088350,2023Q3,2023-09-30,분기별 영업활동현금흐름,775037371120,계산(누적차감)(재작성 반영),https://dart.fss.or.kr/dsaf001/main.do?rcpNo=20231229000204 ; https://dart.fss.or.kr/dsaf001/main.do?rcpNo=20230926000613 ; 재작성 출처: https://dart.fss.or.kr/dsaf001/main.do?rcpNo=20240930000415,금융,14
한화생명,088350,2023Q3,2023-09-30,분기말 지배지분 자본,14389051926293,공시,https://dart.fss.or.kr/dsaf001/main.do?rcpNo=20231229000204,금융,14
한화생명,088350,2023Q3,2023-09-27,분기말 종가,2855,API,https://apis.data.go.kr/1160100/GetStockSecuritiesInfoService_V2/getStockPriceInfo_V2?basDt=20230927&likeSrtnCd=088350 (serviceKey 제외),금융,14
한화생명,088350,2023Q3,2023-09-27,분기말 상장주식수,868530000,API,https://apis.data.go.kr/1160100/GetStockSecuritiesInfoService_V2/getStockPriceInfo_V2?basDt=20230927&likeSrtnCd=088350 (serviceKey 제외),금융,14
한화생명,088350,2023Q3,2023-09-27,분기말 시가총액,2479653150000,API,https://apis.data.go.kr/1160100/GetStockSecuritiesInfoService_V2/getStockPriceInfo_V2?basDt=20230927&likeSrtnCd=088350 (serviceKey 제외),금융,14
한화생명,088350,2023Q4,2023-12-31,분기말 자산총계,147901842899949,공시,https://dart.fss.or.kr/dsaf001/main.do?rcpNo=20240430000873,금융,14
한화생명,088350,2023Q4,2023-12-31,분기말 부채총계,132426755373738,공시,https://dart.fss.or.kr/dsaf001/main.do?rcpNo=20240430000873,금융,14
한화생명,088350,2023Q4,2023-12-31,분기말 총자본(자기자본),15475087526211,공시,https://dart.fss.or.kr/dsaf001/main.do?rcpNo=20240430000873,금융,14
한화생명,088350,2023Q4,2023-12-31,분기별 영업수익,데이터 없음(항목 미공시),데이터 없음(항목 미공시),https://dart.fss.or.kr/dsaf001/main.do?rcpNo=20240430000873 ; https://dart.fss.or.kr/dsaf001/main.do?rcpNo=20231229000204,금융,14
한화생명,088350,2023Q4,2023-12-31,분기별 영업이익,-23372120535,계산(연간-3분기누적),https://dart.fss.or.kr/dsaf001/main.do?rcpNo=20240430000873 ; https://dart.fss.or.kr/dsaf001/main.do?rcpNo=20231229000204,금융,14
한화생명,088350,2023Q4,2023-12-31,분기별 당기순이익(지배),8533003002,계산(연간-3분기누적),https://dart.fss.or.kr/dsaf001/main.do?rcpNo=20240430000873 ; https://dart.fss.or.kr/dsaf001/main.do?rcpNo=20231229000204,금융,14
한화생명,088350,2023Q4,2023-12-31,분기별 순이자이익,데이터 없음(항목 미공시),데이터 없음(항목 미공시),https://dart.fss.or.kr/dsaf001/main.do?rcpNo=20240430000873 ; https://dart.fss.or.kr/dsaf001/main.do?rcpNo=20231229000204,금융,14
한화생명,088350,2023Q4,2023-12-31,분기별 순수수료이익,데이터 없음(항목 미공시),데이터 없음(항목 미공시),https://dart.fss.or.kr/dsaf001/main.do?rcpNo=20240430000873 ; https://dart.fss.or.kr/dsaf001/main.do?rcpNo=20231229000204,금융,14
한화생명,088350,2023Q4,2023-12-31,분기별 영업활동현금흐름,920326302127,계산(누적차감),https://dart.fss.or.kr/dsaf001/main.do?rcpNo=20240430000873 ; https://dart.fss.or.kr/dsaf001/main.do?rcpNo=20231229000204,금융,14
한화생명,088350,2023Q4,2023-12-31,분기말 지배지분 자본,13038171149193,공시,https://dart.fss.or.kr/dsaf001/main.do?rcpNo=20240430000873,금융,14
한화생명,088350,2023Q4,2023-12-28,분기말 종가,2830,API,https://apis.data.go.kr/1160100/GetStockSecuritiesInfoService_V2/getStockPriceInfo_V2?basDt=20231228&likeSrtnCd=088350 (serviceKey 제외),금융,14
한화생명,088350,2023Q4,2023-12-28,분기말 상장주식수,868530000,API,https://apis.data.go.kr/1160100/GetStockSecuritiesInfoService_V2/getStockPriceInfo_V2?basDt=20231228&likeSrtnCd=088350 (serviceKey 제외),금융,14
한화생명,088350,2023Q4,2023-12-28,분기말 시가총액,2457939900000,API,https://apis.data.go.kr/1160100/GetStockSecuritiesInfoService_V2/getStockPriceInfo_V2?basDt=20231228&likeSrtnCd=088350 (serviceKey 제외),금융,14
한화생명,088350,2024Q1,2024-03-31,분기말 자산총계,148251890421629,공시,https://dart.fss.or.kr/dsaf001/main.do?rcpNo=20240703000456,금융,14
한화생명,088350,2024Q1,2024-03-31,분기말 부채총계,133576528120980,공시,https://dart.fss.or.kr/dsaf001/main.do?rcpNo=20240703000456,금융,14
한화생명,088350,2024Q1,2024-03-31,분기말 총자본(자기자본),14675362300649,공시,https://dart.fss.or.kr/dsaf001/main.do?rcpNo=20240703000456,금융,14
한화생명,088350,2024Q1,2024-03-31,분기별 영업수익,데이터 없음(항목 미공시),데이터 없음(항목 미공시),https://dart.fss.or.kr/dsaf001/main.do?rcpNo=20240703000456,금융,14
한화생명,088350,2024Q1,2024-03-31,분기별 영업이익,400911898259,공시,https://dart.fss.or.kr/dsaf001/main.do?rcpNo=20240703000456,금융,14
한화생명,088350,2024Q1,2024-03-31,분기별 당기순이익(지배),287624390276,공시,https://dart.fss.or.kr/dsaf001/main.do?rcpNo=20240703000456,금융,14
한화생명,088350,2024Q1,2024-03-31,분기별 순이자이익,데이터 없음(항목 미공시),데이터 없음(항목 미공시),https://dart.fss.or.kr/dsaf001/main.do?rcpNo=20240703000456,금융,14
한화생명,088350,2024Q1,2024-03-31,분기별 순수수료이익,데이터 없음(항목 미공시),데이터 없음(항목 미공시),https://dart.fss.or.kr/dsaf001/main.do?rcpNo=20240703000456,금융,14
한화생명,088350,2024Q1,2024-03-31,분기별 영업활동현금흐름,-130045656449,공시,https://dart.fss.or.kr/dsaf001/main.do?rcpNo=20240703000456,금융,14
한화생명,088350,2024Q1,2024-03-31,분기말 지배지분 자본,12290356811992,공시,https://dart.fss.or.kr/dsaf001/main.do?rcpNo=20240703000456,금융,14
한화생명,088350,2024Q1,2024-03-29,분기말 종가,2835,API,https://apis.data.go.kr/1160100/GetStockSecuritiesInfoService_V2/getStockPriceInfo_V2?basDt=20240329&likeSrtnCd=088350 (serviceKey 제외),금융,14
한화생명,088350,2024Q1,2024-03-29,분기말 상장주식수,868530000,API,https://apis.data.go.kr/1160100/GetStockSecuritiesInfoService_V2/getStockPriceInfo_V2?basDt=20240329&likeSrtnCd=088350 (serviceKey 제외),금융,14
한화생명,088350,2024Q1,2024-03-29,분기말 시가총액,2462282550000,API,https://apis.data.go.kr/1160100/GetStockSecuritiesInfoService_V2/getStockPriceInfo_V2?basDt=20240329&likeSrtnCd=088350 (serviceKey 제외),금융,14
한화생명,088350,2024Q2,2024-06-30,분기말 자산총계,149434041647264,공시,https://dart.fss.or.kr/dsaf001/main.do?rcpNo=20240930000415,금융,14
한화생명,088350,2024Q2,2024-06-30,분기말 부채총계,135780175595840,공시,https://dart.fss.or.kr/dsaf001/main.do?rcpNo=20240930000415,금융,14
한화생명,088350,2024Q2,2024-06-30,분기말 총자본(자기자본),13653866051424,공시,https://dart.fss.or.kr/dsaf001/main.do?rcpNo=20240930000415,금융,14
한화생명,088350,2024Q2,2024-06-30,분기별 영업수익,데이터 없음(항목 미공시),데이터 없음(항목 미공시),https://dart.fss.or.kr/dsaf001/main.do?rcpNo=20240930000415,금융,14
한화생명,088350,2024Q2,2024-06-30,분기별 영업이익,379595880855,공시,https://dart.fss.or.kr/dsaf001/main.do?rcpNo=20240930000415,금융,14
한화생명,088350,2024Q2,2024-06-30,분기별 당기순이익(지배),267788332921,공시,https://dart.fss.or.kr/dsaf001/main.do?rcpNo=20240930000415,금융,14
한화생명,088350,2024Q2,2024-06-30,분기별 순이자이익,데이터 없음(항목 미공시),데이터 없음(항목 미공시),https://dart.fss.or.kr/dsaf001/main.do?rcpNo=20240930000415,금융,14
한화생명,088350,2024Q2,2024-06-30,분기별 순수수료이익,데이터 없음(항목 미공시),데이터 없음(항목 미공시),https://dart.fss.or.kr/dsaf001/main.do?rcpNo=20240930000415,금융,14
한화생명,088350,2024Q2,2024-06-30,분기별 영업활동현금흐름,2798158202543,계산(누적차감),https://dart.fss.or.kr/dsaf001/main.do?rcpNo=20240930000415 ; https://dart.fss.or.kr/dsaf001/main.do?rcpNo=20240703000456,금융,14
한화생명,088350,2024Q2,2024-06-30,분기말 지배지분 자본,11382804132697,공시,https://dart.fss.or.kr/dsaf001/main.do?rcpNo=20240930000415,금융,14
한화생명,088350,2024Q2,2024-06-28,분기말 종가,3000,API,https://apis.data.go.kr/1160100/GetStockSecuritiesInfoService_V2/getStockPriceInfo_V2?basDt=20240628&likeSrtnCd=088350 (serviceKey 제외),금융,14
한화생명,088350,2024Q2,2024-06-28,분기말 상장주식수,868530000,API,https://apis.data.go.kr/1160100/GetStockSecuritiesInfoService_V2/getStockPriceInfo_V2?basDt=20240628&likeSrtnCd=088350 (serviceKey 제외),금융,14
한화생명,088350,2024Q2,2024-06-28,분기말 시가총액,2605590000000,API,https://apis.data.go.kr/1160100/GetStockSecuritiesInfoService_V2/getStockPriceInfo_V2?basDt=20240628&likeSrtnCd=088350 (serviceKey 제외),금융,14
한화생명,088350,2024Q3,2024-09-30,분기말 자산총계,153435421485212,공시,https://dart.fss.or.kr/dsaf001/main.do?rcpNo=20241231000075,금융,14
한화생명,088350,2024Q3,2024-09-30,분기말 부채총계,139793060005343,공시,https://dart.fss.or.kr/dsaf001/main.do?rcpNo=20241231000075,금융,14
한화생명,088350,2024Q3,2024-09-30,분기말 총자본(자기자본),13642361479869,공시,https://dart.fss.or.kr/dsaf001/main.do?rcpNo=20241231000075,금융,14
한화생명,088350,2024Q3,2024-09-30,분기별 영업수익,데이터 없음(항목 미공시),데이터 없음(항목 미공시),https://dart.fss.or.kr/dsaf001/main.do?rcpNo=20241231000075,금융,14
한화생명,088350,2024Q3,2024-09-30,분기별 영업이익,128177373932,공시,https://dart.fss.or.kr/dsaf001/main.do?rcpNo=20241231000075,금융,14
한화생명,088350,2024Q3,2024-09-30,분기별 당기순이익(지배),23153069275,공시,https://dart.fss.or.kr/dsaf001/main.do?rcpNo=20241231000075,금융,14
한화생명,088350,2024Q3,2024-09-30,분기별 순이자이익,데이터 없음(항목 미공시),데이터 없음(항목 미공시),https://dart.fss.or.kr/dsaf001/main.do?rcpNo=20241231000075,금융,14
한화생명,088350,2024Q3,2024-09-30,분기별 순수수료이익,데이터 없음(항목 미공시),데이터 없음(항목 미공시),https://dart.fss.or.kr/dsaf001/main.do?rcpNo=20241231000075,금융,14
한화생명,088350,2024Q3,2024-09-30,분기별 영업활동현금흐름,1679533771926,계산(누적차감),https://dart.fss.or.kr/dsaf001/main.do?rcpNo=20241231000075 ; https://dart.fss.or.kr/dsaf001/main.do?rcpNo=20240930000415,금융,14
한화생명,088350,2024Q3,2024-09-30,분기말 지배지분 자본,11370191940629,공시,https://dart.fss.or.kr/dsaf001/main.do?rcpNo=20241231000075,금융,14
한화생명,088350,2024Q3,2024-09-30,분기말 종가,2870,API,https://apis.data.go.kr/1160100/GetStockSecuritiesInfoService_V2/getStockPriceInfo_V2?basDt=20240930&likeSrtnCd=088350 (serviceKey 제외),금융,14
한화생명,088350,2024Q3,2024-09-30,분기말 상장주식수,868530000,API,https://apis.data.go.kr/1160100/GetStockSecuritiesInfoService_V2/getStockPriceInfo_V2?basDt=20240930&likeSrtnCd=088350 (serviceKey 제외),금융,14
한화생명,088350,2024Q3,2024-09-30,분기말 시가총액,2492681100000,API,https://apis.data.go.kr/1160100/GetStockSecuritiesInfoService_V2/getStockPriceInfo_V2?basDt=20240930&likeSrtnCd=088350 (serviceKey 제외),금융,14
한화생명,088350,2024Q4,2024-12-31,분기말 자산총계,160146432000000,공시(재작성 반영),https://dart.fss.or.kr/dsaf001/main.do?rcpNo=20250331003702 ; 재작성 출처: https://dart.fss.or.kr/dsaf001/main.do?rcpNo=20260331003585,금융,14
한화생명,088350,2024Q4,2024-12-31,분기말 부채총계,145845717000000,공시(재작성 반영),https://dart.fss.or.kr/dsaf001/main.do?rcpNo=20250331003702 ; 재작성 출처: https://dart.fss.or.kr/dsaf001/main.do?rcpNo=20260331003585,금융,14
한화생명,088350,2024Q4,2024-12-31,분기말 총자본(자기자본),14300715000000,공시(재작성 반영),https://dart.fss.or.kr/dsaf001/main.do?rcpNo=20250331003702 ; 재작성 출처: https://dart.fss.or.kr/dsaf001/main.do?rcpNo=20260331003585,금융,14
한화생명,088350,2024Q4,2024-12-31,분기별 영업수익,데이터 없음(항목 미공시),데이터 없음(항목 미공시),https://dart.fss.or.kr/dsaf001/main.do?rcpNo=20250331003702 ; https://dart.fss.or.kr/dsaf001/main.do?rcpNo=20241231000075,금융,14
한화생명,088350,2024Q4,2024-12-31,분기별 영업이익,188280090460,계산(연간-3분기누적),https://dart.fss.or.kr/dsaf001/main.do?rcpNo=20250331003702 ; https://dart.fss.or.kr/dsaf001/main.do?rcpNo=20241231000075,금융,14
한화생명,088350,2024Q4,2024-12-31,분기별 당기순이익(지배),158687716564,계산(연간-3분기누적),https://dart.fss.or.kr/dsaf001/main.do?rcpNo=20250331003702 ; https://dart.fss.or.kr/dsaf001/main.do?rcpNo=20241231000075,금융,14
한화생명,088350,2024Q4,2024-12-31,분기별 순이자이익,데이터 없음(항목 미공시),데이터 없음(항목 미공시),https://dart.fss.or.kr/dsaf001/main.do?rcpNo=20250331003702 ; https://dart.fss.or.kr/dsaf001/main.do?rcpNo=20241231000075,금융,14
한화생명,088350,2024Q4,2024-12-31,분기별 순수수료이익,데이터 없음(항목 미공시),데이터 없음(항목 미공시),https://dart.fss.or.kr/dsaf001/main.do?rcpNo=20250331003702 ; https://dart.fss.or.kr/dsaf001/main.do?rcpNo=20241231000075,금융,14
한화생명,088350,2024Q4,2024-12-31,분기별 영업활동현금흐름,1080928986194,계산(누적차감),https://dart.fss.or.kr/dsaf001/main.do?rcpNo=20250331003702 ; https://dart.fss.or.kr/dsaf001/main.do?rcpNo=20241231000075,금융,14
한화생명,088350,2024Q4,2024-12-31,분기말 지배지분 자본,11817571000000,공시(재작성 반영),https://dart.fss.or.kr/dsaf001/main.do?rcpNo=20250331003702 ; 재작성 출처: https://dart.fss.or.kr/dsaf001/main.do?rcpNo=20260331003585,금융,14
한화생명,088350,2024Q4,2024-12-30,분기말 종가,2460,API,https://apis.data.go.kr/1160100/GetStockSecuritiesInfoService_V2/getStockPriceInfo_V2?basDt=20241230&likeSrtnCd=088350 (serviceKey 제외),금융,14
한화생명,088350,2024Q4,2024-12-30,분기말 상장주식수,868530000,API,https://apis.data.go.kr/1160100/GetStockSecuritiesInfoService_V2/getStockPriceInfo_V2?basDt=20241230&likeSrtnCd=088350 (serviceKey 제외),금융,14
한화생명,088350,2024Q4,2024-12-30,분기말 시가총액,2136583800000,API,https://apis.data.go.kr/1160100/GetStockSecuritiesInfoService_V2/getStockPriceInfo_V2?basDt=20241230&likeSrtnCd=088350 (serviceKey 제외),금융,14
한화생명,088350,2025Q1,2025-03-31,분기말 자산총계,165129292000000,공시,https://dart.fss.or.kr/dsaf001/main.do?rcpNo=20250530002102,금융,14
한화생명,088350,2025Q1,2025-03-31,분기말 부채총계,151137591000000,공시,https://dart.fss.or.kr/dsaf001/main.do?rcpNo=20250530002102,금융,14
한화생명,088350,2025Q1,2025-03-31,분기말 총자본(자기자본),13991701000000,공시,https://dart.fss.or.kr/dsaf001/main.do?rcpNo=20250530002102,금융,14
한화생명,088350,2025Q1,2025-03-31,분기별 영업수익,데이터 없음(항목 미공시),데이터 없음(항목 미공시),https://dart.fss.or.kr/dsaf001/main.do?rcpNo=20250530002102,금융,14
한화생명,088350,2025Q1,2025-03-31,분기별 영업이익,371359000000,공시,https://dart.fss.or.kr/dsaf001/main.do?rcpNo=20250530002102,금융,14
한화생명,088350,2025Q1,2025-03-31,분기별 당기순이익(지배),226061000000,공시,https://dart.fss.or.kr/dsaf001/main.do?rcpNo=20250530002102,금융,14
한화생명,088350,2025Q1,2025-03-31,분기별 순이자이익,데이터 없음(항목 미공시),데이터 없음(항목 미공시),https://dart.fss.or.kr/dsaf001/main.do?rcpNo=20250530002102,금융,14
한화생명,088350,2025Q1,2025-03-31,분기별 순수수료이익,데이터 없음(항목 미공시),데이터 없음(항목 미공시),https://dart.fss.or.kr/dsaf001/main.do?rcpNo=20250530002102,금융,14
한화생명,088350,2025Q1,2025-03-31,분기별 영업활동현금흐름,1405113000000,공시,https://dart.fss.or.kr/dsaf001/main.do?rcpNo=20250530002102,금융,14
한화생명,088350,2025Q1,2025-03-31,분기말 지배지분 자본,11545591000000,공시,https://dart.fss.or.kr/dsaf001/main.do?rcpNo=20250530002102,금융,14
한화생명,088350,2025Q1,2025-03-31,분기말 종가,2545,API,https://apis.data.go.kr/1160100/GetStockSecuritiesInfoService_V2/getStockPriceInfo_V2?basDt=20250331&likeSrtnCd=088350 (serviceKey 제외),금융,14
한화생명,088350,2025Q1,2025-03-31,분기말 상장주식수,868530000,API,https://apis.data.go.kr/1160100/GetStockSecuritiesInfoService_V2/getStockPriceInfo_V2?basDt=20250331&likeSrtnCd=088350 (serviceKey 제외),금융,14
한화생명,088350,2025Q1,2025-03-31,분기말 시가총액,2210408850000,API,https://apis.data.go.kr/1160100/GetStockSecuritiesInfoService_V2/getStockPriceInfo_V2?basDt=20250331&likeSrtnCd=088350 (serviceKey 제외),금융,14
한화생명,088350,2025Q2,2025-06-30,분기말 자산총계,168936047000000,공시,https://dart.fss.or.kr/dsaf001/main.do?rcpNo=20250828001120,금융,14
한화생명,088350,2025Q2,2025-06-30,분기말 부채총계,153386699000000,공시,https://dart.fss.or.kr/dsaf001/main.do?rcpNo=20250828001120,금융,14
한화생명,088350,2025Q2,2025-06-30,분기말 총자본(자기자본),15549348000000,공시,https://dart.fss.or.kr/dsaf001/main.do?rcpNo=20250828001120,금융,14
한화생명,088350,2025Q2,2025-06-30,분기별 영업수익,데이터 없음(항목 미공시),데이터 없음(항목 미공시),https://dart.fss.or.kr/dsaf001/main.do?rcpNo=20250828001120,금융,14
한화생명,088350,2025Q2,2025-06-30,분기별 영업이익,240704000000,공시,https://dart.fss.or.kr/dsaf001/main.do?rcpNo=20250828001120,금융,14
한화생명,088350,2025Q2,2025-06-30,분기별 당기순이익(지배),125095000000,공시,https://dart.fss.or.kr/dsaf001/main.do?rcpNo=20250828001120,금융,14
한화생명,088350,2025Q2,2025-06-30,분기별 순이자이익,데이터 없음(항목 미공시),데이터 없음(항목 미공시),https://dart.fss.or.kr/dsaf001/main.do?rcpNo=20250828001120,금융,14
한화생명,088350,2025Q2,2025-06-30,분기별 순수수료이익,데이터 없음(항목 미공시),데이터 없음(항목 미공시),https://dart.fss.or.kr/dsaf001/main.do?rcpNo=20250828001120,금융,14
한화생명,088350,2025Q2,2025-06-30,분기별 영업활동현금흐름,1053902000000,계산(누적차감),https://dart.fss.or.kr/dsaf001/main.do?rcpNo=20250828001120 ; https://dart.fss.or.kr/dsaf001/main.do?rcpNo=20250530002102,금융,14
한화생명,088350,2025Q2,2025-06-30,분기말 지배지분 자본,12900868000000,공시,https://dart.fss.or.kr/dsaf001/main.do?rcpNo=20250828001120,금융,14
한화생명,088350,2025Q2,2025-06-30,분기말 종가,3295,API,https://apis.data.go.kr/1160100/GetStockSecuritiesInfoService_V2/getStockPriceInfo_V2?basDt=20250630&likeSrtnCd=088350 (serviceKey 제외),금융,14
한화생명,088350,2025Q2,2025-06-30,분기말 상장주식수,868530000,API,https://apis.data.go.kr/1160100/GetStockSecuritiesInfoService_V2/getStockPriceInfo_V2?basDt=20250630&likeSrtnCd=088350 (serviceKey 제외),금융,14
한화생명,088350,2025Q2,2025-06-30,분기말 시가총액,2861806350000,API,https://apis.data.go.kr/1160100/GetStockSecuritiesInfoService_V2/getStockPriceInfo_V2?basDt=20250630&likeSrtnCd=088350 (serviceKey 제외),금융,14
한화생명,088350,2025Q3,2025-09-30,분기말 자산총계,178482968000000,공시,https://dart.fss.or.kr/dsaf001/main.do?rcpNo=20251128001821,금융,14
한화생명,088350,2025Q3,2025-09-30,분기말 부채총계,162651105000000,공시,https://dart.fss.or.kr/dsaf001/main.do?rcpNo=20251128001821,금융,14
한화생명,088350,2025Q3,2025-09-30,분기말 총자본(자기자본),15831863000000,공시,https://dart.fss.or.kr/dsaf001/main.do?rcpNo=20251128001821,금융,14
한화생명,088350,2025Q3,2025-09-30,분기별 영업수익,데이터 없음(항목 미공시),데이터 없음(항목 미공시),https://dart.fss.or.kr/dsaf001/main.do?rcpNo=20251128001821,금융,14
한화생명,088350,2025Q3,2025-09-30,분기별 영업이익,354889000000,공시,https://dart.fss.or.kr/dsaf001/main.do?rcpNo=20251128001821,금융,14
한화생명,088350,2025Q3,2025-09-30,분기별 당기순이익(지배),266994000000,공시,https://dart.fss.or.kr/dsaf001/main.do?rcpNo=20251128001821,금융,14
한화생명,088350,2025Q3,2025-09-30,분기별 순이자이익,데이터 없음(항목 미공시),데이터 없음(항목 미공시),https://dart.fss.or.kr/dsaf001/main.do?rcpNo=20251128001821,금융,14
한화생명,088350,2025Q3,2025-09-30,분기별 순수수료이익,데이터 없음(항목 미공시),데이터 없음(항목 미공시),https://dart.fss.or.kr/dsaf001/main.do?rcpNo=20251128001821,금융,14
한화생명,088350,2025Q3,2025-09-30,분기별 영업활동현금흐름,2690742000000,계산(누적차감),https://dart.fss.or.kr/dsaf001/main.do?rcpNo=20251128001821 ; https://dart.fss.or.kr/dsaf001/main.do?rcpNo=20250828001120,금융,14
한화생명,088350,2025Q3,2025-09-30,분기말 지배지분 자본,13094559000000,공시,https://dart.fss.or.kr/dsaf001/main.do?rcpNo=20251128001821,금융,14
한화생명,088350,2025Q3,2025-09-30,분기말 종가,3145,API,https://apis.data.go.kr/1160100/GetStockSecuritiesInfoService_V2/getStockPriceInfo_V2?basDt=20250930&likeSrtnCd=088350 (serviceKey 제외),금융,14
한화생명,088350,2025Q3,2025-09-30,분기말 상장주식수,868530000,API,https://apis.data.go.kr/1160100/GetStockSecuritiesInfoService_V2/getStockPriceInfo_V2?basDt=20250930&likeSrtnCd=088350 (serviceKey 제외),금융,14
한화생명,088350,2025Q3,2025-09-30,분기말 시가총액,2731526850000,API,https://apis.data.go.kr/1160100/GetStockSecuritiesInfoService_V2/getStockPriceInfo_V2?basDt=20250930&likeSrtnCd=088350 (serviceKey 제외),금융,14
한화생명,088350,2025Q4,2025-12-31,분기말 자산총계,178534378000000,공시,https://dart.fss.or.kr/dsaf001/main.do?rcpNo=20260331003585,금융,14
한화생명,088350,2025Q4,2025-12-31,분기말 부채총계,161910993000000,공시,https://dart.fss.or.kr/dsaf001/main.do?rcpNo=20260331003585,금융,14
한화생명,088350,2025Q4,2025-12-31,분기말 총자본(자기자본),16623385000000,공시,https://dart.fss.or.kr/dsaf001/main.do?rcpNo=20260331003585,금융,14
한화생명,088350,2025Q4,2025-12-31,분기별 영업수익,데이터 없음(항목 미공시),데이터 없음(항목 미공시),https://dart.fss.or.kr/dsaf001/main.do?rcpNo=20260331003585 ; https://dart.fss.or.kr/dsaf001/main.do?rcpNo=20251128001821,금융,14
한화생명,088350,2025Q4,2025-12-31,분기별 영업이익,180298000000,계산(연간-3분기누적),https://dart.fss.or.kr/dsaf001/main.do?rcpNo=20260331003585 ; https://dart.fss.or.kr/dsaf001/main.do?rcpNo=20251128001821,금융,14
한화생명,088350,2025Q4,2025-12-31,분기별 당기순이익(지배),23161000000,계산(연간-3분기누적),https://dart.fss.or.kr/dsaf001/main.do?rcpNo=20260331003585 ; https://dart.fss.or.kr/dsaf001/main.do?rcpNo=20251128001821,금융,14
한화생명,088350,2025Q4,2025-12-31,분기별 순이자이익,데이터 없음(항목 미공시),데이터 없음(항목 미공시),https://dart.fss.or.kr/dsaf001/main.do?rcpNo=20260331003585 ; https://dart.fss.or.kr/dsaf001/main.do?rcpNo=20251128001821,금융,14
한화생명,088350,2025Q4,2025-12-31,분기별 순수수료이익,데이터 없음(항목 미공시),데이터 없음(항목 미공시),https://dart.fss.or.kr/dsaf001/main.do?rcpNo=20260331003585 ; https://dart.fss.or.kr/dsaf001/main.do?rcpNo=20251128001821,금융,14
한화생명,088350,2025Q4,2025-12-31,분기별 영업활동현금흐름,-772513000000,계산(누적차감),https://dart.fss.or.kr/dsaf001/main.do?rcpNo=20260331003585 ; https://dart.fss.or.kr/dsaf001/main.do?rcpNo=20251128001821,금융,14
한화생명,088350,2025Q4,2025-12-31,분기말 지배지분 자본,13875234000000,공시,https://dart.fss.or.kr/dsaf001/main.do?rcpNo=20260331003585,금융,14
한화생명,088350,2025Q4,2025-12-30,분기말 종가,3255,API,https://apis.data.go.kr/1160100/GetStockSecuritiesInfoService_V2/getStockPriceInfo_V2?basDt=20251230&likeSrtnCd=088350 (serviceKey 제외),금융,14
한화생명,088350,2025Q4,2025-12-30,분기말 상장주식수,868530000,API,https://apis.data.go.kr/1160100/GetStockSecuritiesInfoService_V2/getStockPriceInfo_V2?basDt=20251230&likeSrtnCd=088350 (serviceKey 제외),금융,14
한화생명,088350,2025Q4,2025-12-30,분기말 시가총액,2827065150000,API,https://apis.data.go.kr/1160100/GetStockSecuritiesInfoService_V2/getStockPriceInfo_V2?basDt=20251230&likeSrtnCd=088350 (serviceKey 제외),금융,14
한화생명,088350,2026Q1,2026-03-31,분기말 자산총계,177788297000000,공시,https://dart.fss.or.kr/dsaf001/main.do?rcpNo=20260529001672,금융,14
한화생명,088350,2026Q1,2026-03-31,분기말 부채총계,159962119000000,공시,https://dart.fss.or.kr/dsaf001/main.do?rcpNo=20260529001672,금융,14
한화생명,088350,2026Q1,2026-03-31,분기말 총자본(자기자본),17826178000000,공시,https://dart.fss.or.kr/dsaf001/main.do?rcpNo=20260529001672,금융,14
한화생명,088350,2026Q1,2026-03-31,분기별 영업수익,데이터 없음(항목 미공시),데이터 없음(항목 미공시),https://dart.fss.or.kr/dsaf001/main.do?rcpNo=20260529001672,금융,14
한화생명,088350,2026Q1,2026-03-31,분기별 영업이익,480782000000,공시,https://dart.fss.or.kr/dsaf001/main.do?rcpNo=20260529001672,금융,14
한화생명,088350,2026Q1,2026-03-31,분기별 당기순이익(지배),324395000000,공시,https://dart.fss.or.kr/dsaf001/main.do?rcpNo=20260529001672,금융,14
한화생명,088350,2026Q1,2026-03-31,분기별 순이자이익,데이터 없음(항목 미공시),데이터 없음(항목 미공시),https://dart.fss.or.kr/dsaf001/main.do?rcpNo=20260529001672,금융,14
한화생명,088350,2026Q1,2026-03-31,분기별 순수수료이익,데이터 없음(항목 미공시),데이터 없음(항목 미공시),https://dart.fss.or.kr/dsaf001/main.do?rcpNo=20260529001672,금융,14
한화생명,088350,2026Q1,2026-03-31,분기별 영업활동현금흐름,1508432000000,공시,https://dart.fss.or.kr/dsaf001/main.do?rcpNo=20260529001672,금융,14
한화생명,088350,2026Q1,2026-03-31,분기말 지배지분 자본,15011576000000,공시,https://dart.fss.or.kr/dsaf001/main.do?rcpNo=20260529001672,금융,14
한화생명,088350,2026Q1,2026-03-31,분기말 종가,4430,API,https://apis.data.go.kr/1160100/GetStockSecuritiesInfoService_V2/getStockPriceInfo_V2?basDt=20260331&likeSrtnCd=088350 (serviceKey 제외),금융,14
한화생명,088350,2026Q1,2026-03-31,분기말 상장주식수,868530000,API,https://apis.data.go.kr/1160100/GetStockSecuritiesInfoService_V2/getStockPriceInfo_V2?basDt=20260331&likeSrtnCd=088350 (serviceKey 제외),금융,14
한화생명,088350,2026Q1,2026-03-31,분기말 시가총액,3847587900000,API,https://apis.data.go.kr/1160100/GetStockSecuritiesInfoService_V2/getStockPriceInfo_V2?basDt=20260331&likeSrtnCd=088350 (serviceKey 제외),금융,14
한화생명,088350,2026Q2,2026-06-30,분기말 자산총계,186464835000000,공시,https://dart.fss.or.kr/dsaf001/main.do?rcpNo=20260831001232,금융,14
한화생명,088350,2026Q2,2026-06-30,분기말 부채총계,167178171000000,공시,https://dart.fss.or.kr/dsaf001/main.do?rcpNo=20260831001232,금융,14
한화생명,088350,2026Q2,2026-06-30,분기말 총자본(자기자본),19286664000000,공시,https://dart.fss.or.kr/dsaf001/main.do?rcpNo=20260831001232,금융,14
한화생명,088350,2026Q2,2026-06-30,분기별 영업수익,데이터 없음(항목 미공시),데이터 없음(항목 미공시),https://dart.fss.or.kr/dsaf001/main.do?rcpNo=20260831001232,금융,14
한화생명,088350,2026Q2,2026-06-30,분기별 영업이익,626782000000,공시,https://dart.fss.or.kr/dsaf001/main.do?rcpNo=20260831001232,금융,14
한화생명,088350,2026Q2,2026-06-30,분기별 당기순이익(지배),447554000000,공시,https://dart.fss.or.kr/dsaf001/main.do?rcpNo=20260831001232,금융,14
한화생명,088350,2026Q2,2026-06-30,분기별 순이자이익,데이터 없음(항목 미공시),데이터 없음(항목 미공시),https://dart.fss.or.kr/dsaf001/main.do?rcpNo=20260831001232,금융,14
한화생명,088350,2026Q2,2026-06-30,분기별 순수수료이익,데이터 없음(항목 미공시),데이터 없음(항목 미공시),https://dart.fss.or.kr/dsaf001/main.do?rcpNo=20260831001232,금융,14
한화생명,088350,2026Q2,2026-06-30,분기별 영업활동현금흐름,-3698095000000,계산(누적차감),https://dart.fss.or.kr/dsaf001/main.do?rcpNo=20260831001232 ; https://dart.fss.or.kr/dsaf001/main.do?rcpNo=20260529001672,금융,14
한화생명,088350,2026Q2,2026-06-30,분기말 지배지분 자본,16253700000000,공시,https://dart.fss.or.kr/dsaf001/main.do?rcpNo=20260831001232,금융,14
한화생명,088350,2026Q2,2026-06-30,분기말 종가,4540,API,https://apis.data.go.kr/1160100/GetStockSecuritiesInfoService_V2/getStockPriceInfo_V2?basDt=20260630&likeSrtnCd=088350 (serviceKey 제외),금융,14
한화생명,088350,2026Q2,2026-06-30,분기말 상장주식수,868530000,API,https://apis.data.go.kr/1160100/GetStockSecuritiesInfoService_V2/getStockPriceInfo_V2?basDt=20260630&likeSrtnCd=088350 (serviceKey 제외),금융,14
한화생명,088350,2026Q2,2026-06-30,분기말 시가총액,3943126200000,API,https://apis.data.go.kr/1160100/GetStockSecuritiesInfoService_V2/getStockPriceInfo_V2?basDt=20260630&likeSrtnCd=088350 (serviceKey 제외),금융,14
