기업,종목코드,기간,기준일,항목,값(원),값구분,출처,라운드
한국타이어앤테크놀로지,161390,2010Q1,2010-03-31,분기말 자산총계,데이터 없음(최초 보고기간 이전),데이터 없음(최초 보고기간 전),DART 정기보고서 없음,8
한국타이어앤테크놀로지,161390,2010Q1,2010-03-31,분기말 부채총계,데이터 없음(최초 보고기간 이전),데이터 없음(최초 보고기간 전),DART 정기보고서 없음,8
한국타이어앤테크놀로지,161390,2010Q1,2010-03-31,분기말 총자본(자기자본),데이터 없음(최초 보고기간 이전),데이터 없음(최초 보고기간 전),DART 정기보고서 없음,8
한국타이어앤테크놀로지,161390,2010Q1,2010-03-31,분기별 매출액,데이터 없음(최초 보고기간 이전),데이터 없음(최초 보고기간 전),DART 정기보고서 없음,8
한국타이어앤테크놀로지,161390,2010Q1,2010-03-31,분기별 영업이익,데이터 없음(최초 보고기간 이전),데이터 없음(최초 보고기간 전),DART 정기보고서 없음,8
한국타이어앤테크놀로지,161390,2010Q1,2010-03-31,분기별 당기순이익(지배),데이터 없음(최초 보고기간 이전),데이터 없음(최초 보고기간 전),DART 정기보고서 없음,8
한국타이어앤테크놀로지,161390,2010Q1,2010-03-31,분기별 영업활동현금흐름,데이터 없음(최초 보고기간 이전),데이터 없음(최초 보고기간 전),DART 정기보고서 없음,8
한국타이어앤테크놀로지,161390,2010Q1,2010-03-31,분기말 지배지분 자본,데이터 없음(최초 보고기간 이전),데이터 없음(최초 보고기간 전),DART 정기보고서 없음,8
한국타이어앤테크놀로지,161390,2010Q1,2010-03-31,분기말 종가,데이터 없음(API 최초 거래일 2012-10-04 이전),데이터 없음(상장 전),KRX 오픈API 종목 기본정보 (상장일 2012-10-04 ; 2010-03-31 코스피·코스닥 일별매매정보에 없음),8
한국타이어앤테크놀로지,161390,2010Q1,2010-03-31,분기말 상장주식수,데이터 없음(API 최초 거래일 2012-10-04 이전),데이터 없음(상장 전),KRX 오픈API 종목 기본정보 (상장일 2012-10-04 ; 2010-03-31 코스피·코스닥 일별매매정보에 없음),8
한국타이어앤테크놀로지,161390,2010Q1,2010-03-31,분기말 시가총액,데이터 없음(API 최초 거래일 2012-10-04 이전),데이터 없음(상장 전),KRX 오픈API 종목 기본정보 (상장일 2012-10-04 ; 2010-03-31 코스피·코스닥 일별매매정보에 없음),8
한국타이어앤테크놀로지,161390,2010Q2,2010-06-30,분기말 자산총계,데이터 없음(최초 보고기간 이전),데이터 없음(최초 보고기간 전),DART 정기보고서 없음,8
한국타이어앤테크놀로지,161390,2010Q2,2010-06-30,분기말 부채총계,데이터 없음(최초 보고기간 이전),데이터 없음(최초 보고기간 전),DART 정기보고서 없음,8
한국타이어앤테크놀로지,161390,2010Q2,2010-06-30,분기말 총자본(자기자본),데이터 없음(최초 보고기간 이전),데이터 없음(최초 보고기간 전),DART 정기보고서 없음,8
한국타이어앤테크놀로지,161390,2010Q2,2010-06-30,분기별 매출액,데이터 없음(최초 보고기간 이전),데이터 없음(최초 보고기간 전),DART 정기보고서 없음,8
한국타이어앤테크놀로지,161390,2010Q2,2010-06-30,분기별 영업이익,데이터 없음(최초 보고기간 이전),데이터 없음(최초 보고기간 전),DART 정기보고서 없음,8
한국타이어앤테크놀로지,161390,2010Q2,2010-06-30,분기별 당기순이익(지배),데이터 없음(최초 보고기간 이전),데이터 없음(최초 보고기간 전),DART 정기보고서 없음,8
한국타이어앤테크놀로지,161390,2010Q2,2010-06-30,분기별 영업활동현금흐름,데이터 없음(최초 보고기간 이전),데이터 없음(최초 보고기간 전),DART 정기보고서 없음,8
한국타이어앤테크놀로지,161390,2010Q2,2010-06-30,분기말 지배지분 자본,데이터 없음(최초 보고기간 이전),데이터 없음(최초 보고기간 전),DART 정기보고서 없음,8
한국타이어앤테크놀로지,161390,2010Q2,2010-06-30,분기말 종가,데이터 없음(API 최초 거래일 2012-10-04 이전),데이터 없음(상장 전),KRX 오픈API 종목 기본정보 (상장일 2012-10-04 ; 2010-06-30 코스피·코스닥 일별매매정보에 없음),8
한국타이어앤테크놀로지,161390,2010Q2,2010-06-30,분기말 상장주식수,데이터 없음(API 최초 거래일 2012-10-04 이전),데이터 없음(상장 전),KRX 오픈API 종목 기본정보 (상장일 2012-10-04 ; 2010-06-30 코스피·코스닥 일별매매정보에 없음),8
한국타이어앤테크놀로지,161390,2010Q2,2010-06-30,분기말 시가총액,데이터 없음(API 최초 거래일 2012-10-04 이전),데이터 없음(상장 전),KRX 오픈API 종목 기본정보 (상장일 2012-10-04 ; 2010-06-30 코스피·코스닥 일별매매정보에 없음),8
한국타이어앤테크놀로지,161390,2010Q3,2010-09-30,분기말 자산총계,데이터 없음(최초 보고기간 이전),데이터 없음(최초 보고기간 전),DART 정기보고서 없음,8
한국타이어앤테크놀로지,161390,2010Q3,2010-09-30,분기말 부채총계,데이터 없음(최초 보고기간 이전),데이터 없음(최초 보고기간 전),DART 정기보고서 없음,8
한국타이어앤테크놀로지,161390,2010Q3,2010-09-30,분기말 총자본(자기자본),데이터 없음(최초 보고기간 이전),데이터 없음(최초 보고기간 전),DART 정기보고서 없음,8
한국타이어앤테크놀로지,161390,2010Q3,2010-09-30,분기별 매출액,데이터 없음(최초 보고기간 이전),데이터 없음(최초 보고기간 전),DART 정기보고서 없음,8
한국타이어앤테크놀로지,161390,2010Q3,2010-09-30,분기별 영업이익,데이터 없음(최초 보고기간 이전),데이터 없음(최초 보고기간 전),DART 정기보고서 없음,8
한국타이어앤테크놀로지,161390,2010Q3,2010-09-30,분기별 당기순이익(지배),데이터 없음(최초 보고기간 이전),데이터 없음(최초 보고기간 전),DART 정기보고서 없음,8
한국타이어앤테크놀로지,161390,2010Q3,2010-09-30,분기별 영업활동현금흐름,데이터 없음(최초 보고기간 이전),데이터 없음(최초 보고기간 전),DART 정기보고서 없음,8
한국타이어앤테크놀로지,161390,2010Q3,2010-09-30,분기말 지배지분 자본,데이터 없음(최초 보고기간 이전),데이터 없음(최초 보고기간 전),DART 정기보고서 없음,8
한국타이어앤테크놀로지,161390,2010Q3,2010-09-30,분기말 종가,데이터 없음(API 최초 거래일 2012-10-04 이전),데이터 없음(상장 전),KRX 오픈API 종목 기본정보 (상장일 2012-10-04 ; 2010-09-30 코스피·코스닥 일별매매정보에 없음),8
한국타이어앤테크놀로지,161390,2010Q3,2010-09-30,분기말 상장주식수,데이터 없음(API 최초 거래일 2012-10-04 이전),데이터 없음(상장 전),KRX 오픈API 종목 기본정보 (상장일 2012-10-04 ; 2010-09-30 코스피·코스닥 일별매매정보에 없음),8
한국타이어앤테크놀로지,161390,2010Q3,2010-09-30,분기말 시가총액,데이터 없음(API 최초 거래일 2012-10-04 이전),데이터 없음(상장 전),KRX 오픈API 종목 기본정보 (상장일 2012-10-04 ; 2010-09-30 코스피·코스닥 일별매매정보에 없음),8
한국타이어앤테크놀로지,161390,2010Q4,2010-12-31,분기말 자산총계,데이터 없음(최초 보고기간 이전),데이터 없음(최초 보고기간 전),DART 정기보고서 없음,8
한국타이어앤테크놀로지,161390,2010Q4,2010-12-31,분기말 부채총계,데이터 없음(최초 보고기간 이전),데이터 없음(최초 보고기간 전),DART 정기보고서 없음,8
한국타이어앤테크놀로지,161390,2010Q4,2010-12-31,분기말 총자본(자기자본),데이터 없음(최초 보고기간 이전),데이터 없음(최초 보고기간 전),DART 정기보고서 없음,8
한국타이어앤테크놀로지,161390,2010Q4,2010-12-31,분기별 매출액,데이터 없음(최초 보고기간 이전),데이터 없음(최초 보고기간 전),DART 정기보고서 없음,8
한국타이어앤테크놀로지,161390,2010Q4,2010-12-31,분기별 영업이익,데이터 없음(최초 보고기간 이전),데이터 없음(최초 보고기간 전),DART 정기보고서 없음,8
한국타이어앤테크놀로지,161390,2010Q4,2010-12-31,분기별 당기순이익(지배),데이터 없음(최초 보고기간 이전),데이터 없음(최초 보고기간 전),DART 정기보고서 없음,8
한국타이어앤테크놀로지,161390,2010Q4,2010-12-31,분기별 영업활동현금흐름,데이터 없음(최초 보고기간 이전),데이터 없음(최초 보고기간 전),DART 정기보고서 없음,8
한국타이어앤테크놀로지,161390,2010Q4,2010-12-31,분기말 지배지분 자본,데이터 없음(최초 보고기간 이전),데이터 없음(최초 보고기간 전),DART 정기보고서 없음,8
한국타이어앤테크놀로지,161390,2010Q4,2010-12-31,분기말 종가,데이터 없음(API 최초 거래일 2012-10-04 이전),데이터 없음(상장 전),KRX 오픈API 종목 기본정보 (상장일 2012-10-04 ; 2010-12-30 코스피·코스닥 일별매매정보에 없음),8
한국타이어앤테크놀로지,161390,2010Q4,2010-12-31,분기말 상장주식수,데이터 없음(API 최초 거래일 2012-10-04 이전),데이터 없음(상장 전),KRX 오픈API 종목 기본정보 (상장일 2012-10-04 ; 2010-12-30 코스피·코스닥 일별매매정보에 없음),8
한국타이어앤테크놀로지,161390,2010Q4,2010-12-31,분기말 시가총액,데이터 없음(API 최초 거래일 2012-10-04 이전),데이터 없음(상장 전),KRX 오픈API 종목 기본정보 (상장일 2012-10-04 ; 2010-12-30 코스피·코스닥 일별매매정보에 없음),8
한국타이어앤테크놀로지,161390,2011Q1,2011-03-31,분기말 자산총계,데이터 없음(최초 보고기간 이전),데이터 없음(최초 보고기간 전),DART 정기보고서 없음,8
한국타이어앤테크놀로지,161390,2011Q1,2011-03-31,분기말 부채총계,데이터 없음(최초 보고기간 이전),데이터 없음(최초 보고기간 전),DART 정기보고서 없음,8
한국타이어앤테크놀로지,161390,2011Q1,2011-03-31,분기말 총자본(자기자본),데이터 없음(최초 보고기간 이전),데이터 없음(최초 보고기간 전),DART 정기보고서 없음,8
한국타이어앤테크놀로지,161390,2011Q1,2011-03-31,분기별 매출액,데이터 없음(최초 보고기간 이전),데이터 없음(최초 보고기간 전),DART 정기보고서 없음,8
한국타이어앤테크놀로지,161390,2011Q1,2011-03-31,분기별 영업이익,데이터 없음(최초 보고기간 이전),데이터 없음(최초 보고기간 전),DART 정기보고서 없음,8
한국타이어앤테크놀로지,161390,2011Q1,2011-03-31,분기별 당기순이익(지배),데이터 없음(최초 보고기간 이전),데이터 없음(최초 보고기간 전),DART 정기보고서 없음,8
한국타이어앤테크놀로지,161390,2011Q1,2011-03-31,분기별 영업활동현금흐름,데이터 없음(최초 보고기간 이전),데이터 없음(최초 보고기간 전),DART 정기보고서 없음,8
한국타이어앤테크놀로지,161390,2011Q1,2011-03-31,분기말 지배지분 자본,데이터 없음(최초 보고기간 이전),데이터 없음(최초 보고기간 전),DART 정기보고서 없음,8
한국타이어앤테크놀로지,161390,2011Q1,2011-03-31,분기말 종가,데이터 없음(API 최초 거래일 2012-10-04 이전),데이터 없음(상장 전),KRX 오픈API 종목 기본정보 (상장일 2012-10-04 ; 2011-03-31 코스피·코스닥 일별매매정보에 없음),8
한국타이어앤테크놀로지,161390,2011Q1,2011-03-31,분기말 상장주식수,데이터 없음(API 최초 거래일 2012-10-04 이전),데이터 없음(상장 전),KRX 오픈API 종목 기본정보 (상장일 2012-10-04 ; 2011-03-31 코스피·코스닥 일별매매정보에 없음),8
한국타이어앤테크놀로지,161390,2011Q1,2011-03-31,분기말 시가총액,데이터 없음(API 최초 거래일 2012-10-04 이전),데이터 없음(상장 전),KRX 오픈API 종목 기본정보 (상장일 2012-10-04 ; 2011-03-31 코스피·코스닥 일별매매정보에 없음),8
한국타이어앤테크놀로지,161390,2011Q2,2011-06-30,분기말 자산총계,데이터 없음(최초 보고기간 이전),데이터 없음(최초 보고기간 전),DART 정기보고서 없음,8
한국타이어앤테크놀로지,161390,2011Q2,2011-06-30,분기말 부채총계,데이터 없음(최초 보고기간 이전),데이터 없음(최초 보고기간 전),DART 정기보고서 없음,8
한국타이어앤테크놀로지,161390,2011Q2,2011-06-30,분기말 총자본(자기자본),데이터 없음(최초 보고기간 이전),데이터 없음(최초 보고기간 전),DART 정기보고서 없음,8
한국타이어앤테크놀로지,161390,2011Q2,2011-06-30,분기별 매출액,데이터 없음(최초 보고기간 이전),데이터 없음(최초 보고기간 전),DART 정기보고서 없음,8
한국타이어앤테크놀로지,161390,2011Q2,2011-06-30,분기별 영업이익,데이터 없음(최초 보고기간 이전),데이터 없음(최초 보고기간 전),DART 정기보고서 없음,8
한국타이어앤테크놀로지,161390,2011Q2,2011-06-30,분기별 당기순이익(지배),데이터 없음(최초 보고기간 이전),데이터 없음(최초 보고기간 전),DART 정기보고서 없음,8
한국타이어앤테크놀로지,161390,2011Q2,2011-06-30,분기별 영업활동현금흐름,데이터 없음(최초 보고기간 이전),데이터 없음(최초 보고기간 전),DART 정기보고서 없음,8
한국타이어앤테크놀로지,161390,2011Q2,2011-06-30,분기말 지배지분 자본,데이터 없음(최초 보고기간 이전),데이터 없음(최초 보고기간 전),DART 정기보고서 없음,8
한국타이어앤테크놀로지,161390,2011Q2,2011-06-30,분기말 종가,데이터 없음(API 최초 거래일 2012-10-04 이전),데이터 없음(상장 전),KRX 오픈API 종목 기본정보 (상장일 2012-10-04 ; 2011-06-30 코스피·코스닥 일별매매정보에 없음),8
한국타이어앤테크놀로지,161390,2011Q2,2011-06-30,분기말 상장주식수,데이터 없음(API 최초 거래일 2012-10-04 이전),데이터 없음(상장 전),KRX 오픈API 종목 기본정보 (상장일 2012-10-04 ; 2011-06-30 코스피·코스닥 일별매매정보에 없음),8
한국타이어앤테크놀로지,161390,2011Q2,2011-06-30,분기말 시가총액,데이터 없음(API 최초 거래일 2012-10-04 이전),데이터 없음(상장 전),KRX 오픈API 종목 기본정보 (상장일 2012-10-04 ; 2011-06-30 코스피·코스닥 일별매매정보에 없음),8
한국타이어앤테크놀로지,161390,2011Q3,2011-09-30,분기말 자산총계,데이터 없음(최초 보고기간 이전),데이터 없음(최초 보고기간 전),DART 정기보고서 없음,8
한국타이어앤테크놀로지,161390,2011Q3,2011-09-30,분기말 부채총계,데이터 없음(최초 보고기간 이전),데이터 없음(최초 보고기간 전),DART 정기보고서 없음,8
한국타이어앤테크놀로지,161390,2011Q3,2011-09-30,분기말 총자본(자기자본),데이터 없음(최초 보고기간 이전),데이터 없음(최초 보고기간 전),DART 정기보고서 없음,8
한국타이어앤테크놀로지,161390,2011Q3,2011-09-30,분기별 매출액,데이터 없음(최초 보고기간 이전),데이터 없음(최초 보고기간 전),DART 정기보고서 없음,8
한국타이어앤테크놀로지,161390,2011Q3,2011-09-30,분기별 영업이익,데이터 없음(최초 보고기간 이전),데이터 없음(최초 보고기간 전),DART 정기보고서 없음,8
한국타이어앤테크놀로지,161390,2011Q3,2011-09-30,분기별 당기순이익(지배),데이터 없음(최초 보고기간 이전),데이터 없음(최초 보고기간 전),DART 정기보고서 없음,8
한국타이어앤테크놀로지,161390,2011Q3,2011-09-30,분기별 영업활동현금흐름,데이터 없음(최초 보고기간 이전),데이터 없음(최초 보고기간 전),DART 정기보고서 없음,8
한국타이어앤테크놀로지,161390,2011Q3,2011-09-30,분기말 지배지분 자본,데이터 없음(최초 보고기간 이전),데이터 없음(최초 보고기간 전),DART 정기보고서 없음,8
한국타이어앤테크놀로지,161390,2011Q3,2011-09-30,분기말 종가,데이터 없음(API 최초 거래일 2012-10-04 이전),데이터 없음(상장 전),KRX 오픈API 종목 기본정보 (상장일 2012-10-04 ; 2011-09-30 코스피·코스닥 일별매매정보에 없음),8
한국타이어앤테크놀로지,161390,2011Q3,2011-09-30,분기말 상장주식수,데이터 없음(API 최초 거래일 2012-10-04 이전),데이터 없음(상장 전),KRX 오픈API 종목 기본정보 (상장일 2012-10-04 ; 2011-09-30 코스피·코스닥 일별매매정보에 없음),8
한국타이어앤테크놀로지,161390,2011Q3,2011-09-30,분기말 시가총액,데이터 없음(API 최초 거래일 2012-10-04 이전),데이터 없음(상장 전),KRX 오픈API 종목 기본정보 (상장일 2012-10-04 ; 2011-09-30 코스피·코스닥 일별매매정보에 없음),8
한국타이어앤테크놀로지,161390,2011Q4,2011-12-31,분기말 자산총계,데이터 없음(최초 보고기간 이전),데이터 없음(최초 보고기간 전),DART 정기보고서 없음,8
한국타이어앤테크놀로지,161390,2011Q4,2011-12-31,분기말 부채총계,데이터 없음(최초 보고기간 이전),데이터 없음(최초 보고기간 전),DART 정기보고서 없음,8
한국타이어앤테크놀로지,161390,2011Q4,2011-12-31,분기말 총자본(자기자본),데이터 없음(최초 보고기간 이전),데이터 없음(최초 보고기간 전),DART 정기보고서 없음,8
한국타이어앤테크놀로지,161390,2011Q4,2011-12-31,분기별 매출액,데이터 없음(최초 보고기간 이전),데이터 없음(최초 보고기간 전),DART 정기보고서 없음,8
한국타이어앤테크놀로지,161390,2011Q4,2011-12-31,분기별 영업이익,데이터 없음(최초 보고기간 이전),데이터 없음(최초 보고기간 전),DART 정기보고서 없음,8
한국타이어앤테크놀로지,161390,2011Q4,2011-12-31,분기별 당기순이익(지배),데이터 없음(최초 보고기간 이전),데이터 없음(최초 보고기간 전),DART 정기보고서 없음,8
한국타이어앤테크놀로지,161390,2011Q4,2011-12-31,분기별 영업활동현금흐름,데이터 없음(최초 보고기간 이전),데이터 없음(최초 보고기간 전),DART 정기보고서 없음,8
한국타이어앤테크놀로지,161390,2011Q4,2011-12-31,분기말 지배지분 자본,데이터 없음(최초 보고기간 이전),데이터 없음(최초 보고기간 전),DART 정기보고서 없음,8
한국타이어앤테크놀로지,161390,2011Q4,2011-12-31,분기말 종가,데이터 없음(API 최초 거래일 2012-10-04 이전),데이터 없음(상장 전),KRX 오픈API 종목 기본정보 (상장일 2012-10-04 ; 2011-12-29 코스피·코스닥 일별매매정보에 없음),8
한국타이어앤테크놀로지,161390,2011Q4,2011-12-31,분기말 상장주식수,데이터 없음(API 최초 거래일 2012-10-04 이전),데이터 없음(상장 전),KRX 오픈API 종목 기본정보 (상장일 2012-10-04 ; 2011-12-29 코스피·코스닥 일별매매정보에 없음),8
한국타이어앤테크놀로지,161390,2011Q4,2011-12-31,분기말 시가총액,데이터 없음(API 최초 거래일 2012-10-04 이전),데이터 없음(상장 전),KRX 오픈API 종목 기본정보 (상장일 2012-10-04 ; 2011-12-29 코스피·코스닥 일별매매정보에 없음),8
한국타이어앤테크놀로지,161390,2012Q1,2012-03-31,분기말 자산총계,데이터 없음(최초 보고기간 이전),데이터 없음(최초 보고기간 전),DART 정기보고서 없음,8
한국타이어앤테크놀로지,161390,2012Q1,2012-03-31,분기말 부채총계,데이터 없음(최초 보고기간 이전),데이터 없음(최초 보고기간 전),DART 정기보고서 없음,8
한국타이어앤테크놀로지,161390,2012Q1,2012-03-31,분기말 총자본(자기자본),데이터 없음(최초 보고기간 이전),데이터 없음(최초 보고기간 전),DART 정기보고서 없음,8
한국타이어앤테크놀로지,161390,2012Q1,2012-03-31,분기별 매출액,데이터 없음(최초 보고기간 이전),데이터 없음(최초 보고기간 전),DART 정기보고서 없음,8
한국타이어앤테크놀로지,161390,2012Q1,2012-03-31,분기별 영업이익,데이터 없음(최초 보고기간 이전),데이터 없음(최초 보고기간 전),DART 정기보고서 없음,8
한국타이어앤테크놀로지,161390,2012Q1,2012-03-31,분기별 당기순이익(지배),데이터 없음(최초 보고기간 이전),데이터 없음(최초 보고기간 전),DART 정기보고서 없음,8
한국타이어앤테크놀로지,161390,2012Q1,2012-03-31,분기별 영업활동현금흐름,데이터 없음(최초 보고기간 이전),데이터 없음(최초 보고기간 전),DART 정기보고서 없음,8
한국타이어앤테크놀로지,161390,2012Q1,2012-03-31,분기말 지배지분 자본,데이터 없음(최초 보고기간 이전),데이터 없음(최초 보고기간 전),DART 정기보고서 없음,8
한국타이어앤테크놀로지,161390,2012Q1,2012-03-31,분기말 종가,데이터 없음(API 최초 거래일 2012-10-04 이전),데이터 없음(상장 전),KRX 오픈API 종목 기본정보 (상장일 2012-10-04 ; 2012-03-30 코스피·코스닥 일별매매정보에 없음),8
한국타이어앤테크놀로지,161390,2012Q1,2012-03-31,분기말 상장주식수,데이터 없음(API 최초 거래일 2012-10-04 이전),데이터 없음(상장 전),KRX 오픈API 종목 기본정보 (상장일 2012-10-04 ; 2012-03-30 코스피·코스닥 일별매매정보에 없음),8
한국타이어앤테크놀로지,161390,2012Q1,2012-03-31,분기말 시가총액,데이터 없음(API 최초 거래일 2012-10-04 이전),데이터 없음(상장 전),KRX 오픈API 종목 기본정보 (상장일 2012-10-04 ; 2012-03-30 코스피·코스닥 일별매매정보에 없음),8
한국타이어앤테크놀로지,161390,2012Q2,2012-06-30,분기말 자산총계,데이터 없음(최초 보고기간 이전),데이터 없음(최초 보고기간 전),DART 정기보고서 없음,8
한국타이어앤테크놀로지,161390,2012Q2,2012-06-30,분기말 부채총계,데이터 없음(최초 보고기간 이전),데이터 없음(최초 보고기간 전),DART 정기보고서 없음,8
한국타이어앤테크놀로지,161390,2012Q2,2012-06-30,분기말 총자본(자기자본),데이터 없음(최초 보고기간 이전),데이터 없음(최초 보고기간 전),DART 정기보고서 없음,8
한국타이어앤테크놀로지,161390,2012Q2,2012-06-30,분기별 매출액,데이터 없음(최초 보고기간 이전),데이터 없음(최초 보고기간 전),DART 정기보고서 없음,8
한국타이어앤테크놀로지,161390,2012Q2,2012-06-30,분기별 영업이익,데이터 없음(최초 보고기간 이전),데이터 없음(최초 보고기간 전),DART 정기보고서 없음,8
한국타이어앤테크놀로지,161390,2012Q2,2012-06-30,분기별 당기순이익(지배),데이터 없음(최초 보고기간 이전),데이터 없음(최초 보고기간 전),DART 정기보고서 없음,8
한국타이어앤테크놀로지,161390,2012Q2,2012-06-30,분기별 영업활동현금흐름,데이터 없음(최초 보고기간 이전),데이터 없음(최초 보고기간 전),DART 정기보고서 없음,8
한국타이어앤테크놀로지,161390,2012Q2,2012-06-30,분기말 지배지분 자본,데이터 없음(최초 보고기간 이전),데이터 없음(최초 보고기간 전),DART 정기보고서 없음,8
한국타이어앤테크놀로지,161390,2012Q2,2012-06-30,분기말 종가,데이터 없음(API 최초 거래일 2012-10-04 이전),데이터 없음(상장 전),KRX 오픈API 종목 기본정보 (상장일 2012-10-04 ; 2012-06-29 코스피·코스닥 일별매매정보에 없음),8
한국타이어앤테크놀로지,161390,2012Q2,2012-06-30,분기말 상장주식수,데이터 없음(API 최초 거래일 2012-10-04 이전),데이터 없음(상장 전),KRX 오픈API 종목 기본정보 (상장일 2012-10-04 ; 2012-06-29 코스피·코스닥 일별매매정보에 없음),8
한국타이어앤테크놀로지,161390,2012Q2,2012-06-30,분기말 시가총액,데이터 없음(API 최초 거래일 2012-10-04 이전),데이터 없음(상장 전),KRX 오픈API 종목 기본정보 (상장일 2012-10-04 ; 2012-06-29 코스피·코스닥 일별매매정보에 없음),8
한국타이어앤테크놀로지,161390,2012Q3,2012-09-30,분기말 자산총계,7621769145466,공시,https://dart.fss.or.kr/dsaf001/main.do?rcpNo=20121129000974,8
한국타이어앤테크놀로지,161390,2012Q3,2012-09-30,분기말 부채총계,4487570009541,공시,https://dart.fss.or.kr/dsaf001/main.do?rcpNo=20121129000974,8
한국타이어앤테크놀로지,161390,2012Q3,2012-09-30,분기말 총자본(자기자본),3134199135925,공시,https://dart.fss.or.kr/dsaf001/main.do?rcpNo=20121129000974,8
한국타이어앤테크놀로지,161390,2012Q3,2012-09-30,분기별 매출액,616568112615,공시,https://dart.fss.or.kr/dsaf001/main.do?rcpNo=20121129000974,8
한국타이어앤테크놀로지,161390,2012Q3,2012-09-30,분기별 영업이익,86246807132,공시,https://dart.fss.or.kr/dsaf001/main.do?rcpNo=20121129000974,8
한국타이어앤테크놀로지,161390,2012Q3,2012-09-30,분기별 당기순이익(지배),70947206014,공시,https://dart.fss.or.kr/dsaf001/main.do?rcpNo=20121129000974,8
한국타이어앤테크놀로지,161390,2012Q3,2012-09-30,분기별 영업활동현금흐름,101902441738,공시,https://dart.fss.or.kr/dsaf001/main.do?rcpNo=20121129000974,8
한국타이어앤테크놀로지,161390,2012Q3,2012-09-30,분기말 지배지분 자본,3123682190119,공시,https://dart.fss.or.kr/dsaf001/main.do?rcpNo=20121129000974,8
한국타이어앤테크놀로지,161390,2012Q3,2012-09-30,분기말 종가,데이터 없음(API 최초 거래일 2012-10-04 이전),데이터 없음(상장 전),KRX 오픈API 종목 기본정보 (상장일 2012-10-04 ; 2012-09-28 코스피·코스닥 일별매매정보에 없음),8
한국타이어앤테크놀로지,161390,2012Q3,2012-09-30,분기말 상장주식수,데이터 없음(API 최초 거래일 2012-10-04 이전),데이터 없음(상장 전),KRX 오픈API 종목 기본정보 (상장일 2012-10-04 ; 2012-09-28 코스피·코스닥 일별매매정보에 없음),8
한국타이어앤테크놀로지,161390,2012Q3,2012-09-30,분기말 시가총액,데이터 없음(API 최초 거래일 2012-10-04 이전),데이터 없음(상장 전),KRX 오픈API 종목 기본정보 (상장일 2012-10-04 ; 2012-09-28 코스피·코스닥 일별매매정보에 없음),8
한국타이어앤테크놀로지,161390,2012Q4,2012-12-31,분기말 자산총계,7182454443976,공시,https://dart.fss.or.kr/dsaf001/main.do?rcpNo=20130401002292,8
한국타이어앤테크놀로지,161390,2012Q4,2012-12-31,분기말 부채총계,3960968822881,공시,https://dart.fss.or.kr/dsaf001/main.do?rcpNo=20130401002292,8
한국타이어앤테크놀로지,161390,2012Q4,2012-12-31,분기말 총자본(자기자본),3221485621095,공시,https://dart.fss.or.kr/dsaf001/main.do?rcpNo=20130401002292,8
한국타이어앤테크놀로지,161390,2012Q4,2012-12-31,분기별 매출액,1700655291319,계산(연간-3분기누적),https://dart.fss.or.kr/dsaf001/main.do?rcpNo=20130401002292 ; https://dart.fss.or.kr/dsaf001/main.do?rcpNo=20121129000974,8
한국타이어앤테크놀로지,161390,2012Q4,2012-12-31,분기별 영업이익,222345374775,계산(연간-3분기누적),https://dart.fss.or.kr/dsaf001/main.do?rcpNo=20130401002292 ; https://dart.fss.or.kr/dsaf001/main.do?rcpNo=20121129000974,8
한국타이어앤테크놀로지,161390,2012Q4,2012-12-31,분기별 당기순이익(지배),160621764626,계산(연간-3분기누적),https://dart.fss.or.kr/dsaf001/main.do?rcpNo=20130401002292 ; https://dart.fss.or.kr/dsaf001/main.do?rcpNo=20121129000974,8
한국타이어앤테크놀로지,161390,2012Q4,2012-12-31,분기별 영업활동현금흐름,337156889634,계산(누적차감)(재작성 반영),https://dart.fss.or.kr/dsaf001/main.do?rcpNo=20130401002292 ; https://dart.fss.or.kr/dsaf001/main.do?rcpNo=20121129000974 ; 재작성 출처: https://dart.fss.or.kr/dsaf001/main.do?rcpNo=20140331000595,8
한국타이어앤테크놀로지,161390,2012Q4,2012-12-31,분기말 지배지분 자본,3212069426504,공시,https://dart.fss.or.kr/dsaf001/main.do?rcpNo=20130401002292,8
한국타이어앤테크놀로지,161390,2012Q4,2012-12-28,분기말 종가,47000,API,"https://data-dbg.krx.co.kr/svc/apis/sto/stk_bydd_trd?basDd=20121228 (KOSPI, 한국타이어 ; 종가 47000 × 상장주식수 123875069 = 시가총액 5822128243000)",8
한국타이어앤테크놀로지,161390,2012Q4,2012-12-28,분기말 상장주식수,123875069,API,"https://data-dbg.krx.co.kr/svc/apis/sto/stk_bydd_trd?basDd=20121228 (KOSPI, 한국타이어 ; 종가 47000 × 상장주식수 123875069 = 시가총액 5822128243000)",8
한국타이어앤테크놀로지,161390,2012Q4,2012-12-28,분기말 시가총액,5822128243000,API,"https://data-dbg.krx.co.kr/svc/apis/sto/stk_bydd_trd?basDd=20121228 (KOSPI, 한국타이어 ; 종가 47000 × 상장주식수 123875069 = 시가총액 5822128243000)",8
한국타이어앤테크놀로지,161390,2013Q1,2013-03-31,분기말 자산총계,7503175318421,공시,https://dart.fss.or.kr/dsaf001/main.do?rcpNo=20130515001433,8
한국타이어앤테크놀로지,161390,2013Q1,2013-03-31,분기말 부채총계,4116242970693,공시,https://dart.fss.or.kr/dsaf001/main.do?rcpNo=20130515001433,8
한국타이어앤테크놀로지,161390,2013Q1,2013-03-31,분기말 총자본(자기자본),3386932347728,공시,https://dart.fss.or.kr/dsaf001/main.do?rcpNo=20130515001433,8
한국타이어앤테크놀로지,161390,2013Q1,2013-03-31,분기별 매출액,1679313205652,공시,https://dart.fss.or.kr/dsaf001/main.do?rcpNo=20130515001433,8
한국타이어앤테크놀로지,161390,2013Q1,2013-03-31,분기별 영업이익,262022621747,공시,https://dart.fss.or.kr/dsaf001/main.do?rcpNo=20130515001433,8
한국타이어앤테크놀로지,161390,2013Q1,2013-03-31,분기별 당기순이익(지배),189685584488,공시,https://dart.fss.or.kr/dsaf001/main.do?rcpNo=20130515001433,8
한국타이어앤테크놀로지,161390,2013Q1,2013-03-31,분기별 영업활동현금흐름,65952375261,공시,https://dart.fss.or.kr/dsaf001/main.do?rcpNo=20130515001433,8
한국타이어앤테크놀로지,161390,2013Q1,2013-03-31,분기말 지배지분 자본,3377789781560,공시,https://dart.fss.or.kr/dsaf001/main.do?rcpNo=20130515001433,8
한국타이어앤테크놀로지,161390,2013Q1,2013-03-29,분기말 종가,48100,API,"https://data-dbg.krx.co.kr/svc/apis/sto/stk_bydd_trd?basDd=20130329 (KOSPI, 한국타이어 ; 종가 48100 × 상장주식수 123875069 = 시가총액 5958390818900)",8
한국타이어앤테크놀로지,161390,2013Q1,2013-03-29,분기말 상장주식수,123875069,API,"https://data-dbg.krx.co.kr/svc/apis/sto/stk_bydd_trd?basDd=20130329 (KOSPI, 한국타이어 ; 종가 48100 × 상장주식수 123875069 = 시가총액 5958390818900)",8
한국타이어앤테크놀로지,161390,2013Q1,2013-03-29,분기말 시가총액,5958390818900,API,"https://data-dbg.krx.co.kr/svc/apis/sto/stk_bydd_trd?basDd=20130329 (KOSPI, 한국타이어 ; 종가 48100 × 상장주식수 123875069 = 시가총액 5958390818900)",8
한국타이어앤테크놀로지,161390,2013Q2,2013-06-30,분기말 자산총계,7975316733081,공시,https://dart.fss.or.kr/dsaf001/main.do?rcpNo=20130828000131,8
한국타이어앤테크놀로지,161390,2013Q2,2013-06-30,분기말 부채총계,4295548373671,공시,https://dart.fss.or.kr/dsaf001/main.do?rcpNo=20130828000131,8
한국타이어앤테크놀로지,161390,2013Q2,2013-06-30,분기말 총자본(자기자본),3679768359410,공시,https://dart.fss.or.kr/dsaf001/main.do?rcpNo=20130828000131,8
한국타이어앤테크놀로지,161390,2013Q2,2013-06-30,분기별 매출액,1870647904619,공시,https://dart.fss.or.kr/dsaf001/main.do?rcpNo=20130828000131,8
한국타이어앤테크놀로지,161390,2013Q2,2013-06-30,분기별 영업이익,271291186886,공시,https://dart.fss.or.kr/dsaf001/main.do?rcpNo=20130828000131,8
한국타이어앤테크놀로지,161390,2013Q2,2013-06-30,분기별 당기순이익(지배),209613170429,공시,https://dart.fss.or.kr/dsaf001/main.do?rcpNo=20130828000131,8
한국타이어앤테크놀로지,161390,2013Q2,2013-06-30,분기별 영업활동현금흐름,251826166275,계산(누적차감),https://dart.fss.or.kr/dsaf001/main.do?rcpNo=20130828000131 ; https://dart.fss.or.kr/dsaf001/main.do?rcpNo=20130515001433,8
한국타이어앤테크놀로지,161390,2013Q2,2013-06-30,분기말 지배지분 자본,3670837929448,공시,https://dart.fss.or.kr/dsaf001/main.do?rcpNo=20130828000131,8
한국타이어앤테크놀로지,161390,2013Q2,2013-06-28,분기말 종가,52800,API,"https://data-dbg.krx.co.kr/svc/apis/sto/stk_bydd_trd?basDd=20130628 (KOSPI, 한국타이어 ; 종가 52800 × 상장주식수 123875069 = 시가총액 6540603643200)",8
한국타이어앤테크놀로지,161390,2013Q2,2013-06-28,분기말 상장주식수,123875069,API,"https://data-dbg.krx.co.kr/svc/apis/sto/stk_bydd_trd?basDd=20130628 (KOSPI, 한국타이어 ; 종가 52800 × 상장주식수 123875069 = 시가총액 6540603643200)",8
한국타이어앤테크놀로지,161390,2013Q2,2013-06-28,분기말 시가총액,6540603643200,API,"https://data-dbg.krx.co.kr/svc/apis/sto/stk_bydd_trd?basDd=20130628 (KOSPI, 한국타이어 ; 종가 52800 × 상장주식수 123875069 = 시가총액 6540603643200)",8
한국타이어앤테크놀로지,161390,2013Q3,2013-09-30,분기말 자산총계,7847425603786,공시,https://dart.fss.or.kr/dsaf001/main.do?rcpNo=20131128000578,8
한국타이어앤테크놀로지,161390,2013Q3,2013-09-30,분기말 부채총계,4061443263820,공시,https://dart.fss.or.kr/dsaf001/main.do?rcpNo=20131128000578,8
한국타이어앤테크놀로지,161390,2013Q3,2013-09-30,분기말 총자본(자기자본),3785982339966,공시,https://dart.fss.or.kr/dsaf001/main.do?rcpNo=20131128000578,8
한국타이어앤테크놀로지,161390,2013Q3,2013-09-30,분기별 매출액,1801396070294,공시,https://dart.fss.or.kr/dsaf001/main.do?rcpNo=20131128000578,8
한국타이어앤테크놀로지,161390,2013Q3,2013-09-30,분기별 영업이익,242882987332,공시,https://dart.fss.or.kr/dsaf001/main.do?rcpNo=20131128000578,8
한국타이어앤테크놀로지,161390,2013Q3,2013-09-30,분기별 당기순이익(지배),195870090604,공시,https://dart.fss.or.kr/dsaf001/main.do?rcpNo=20131128000578,8
한국타이어앤테크놀로지,161390,2013Q3,2013-09-30,분기별 영업활동현금흐름,284478019925,계산(누적차감),https://dart.fss.or.kr/dsaf001/main.do?rcpNo=20131128000578 ; https://dart.fss.or.kr/dsaf001/main.do?rcpNo=20130828000131,8
한국타이어앤테크놀로지,161390,2013Q3,2013-09-30,분기말 지배지분 자본,3778339078497,공시,https://dart.fss.or.kr/dsaf001/main.do?rcpNo=20131128000578,8
한국타이어앤테크놀로지,161390,2013Q3,2013-09-30,분기말 종가,61400,API,"https://data-dbg.krx.co.kr/svc/apis/sto/stk_bydd_trd?basDd=20130930 (KOSPI, 한국타이어 ; 종가 61400 × 상장주식수 123875069 = 시가총액 7605929236600)",8
한국타이어앤테크놀로지,161390,2013Q3,2013-09-30,분기말 상장주식수,123875069,API,"https://data-dbg.krx.co.kr/svc/apis/sto/stk_bydd_trd?basDd=20130930 (KOSPI, 한국타이어 ; 종가 61400 × 상장주식수 123875069 = 시가총액 7605929236600)",8
한국타이어앤테크놀로지,161390,2013Q3,2013-09-30,분기말 시가총액,7605929236600,API,"https://data-dbg.krx.co.kr/svc/apis/sto/stk_bydd_trd?basDd=20130930 (KOSPI, 한국타이어 ; 종가 61400 × 상장주식수 123875069 = 시가총액 7605929236600)",8
한국타이어앤테크놀로지,161390,2013Q4,2013-12-31,분기말 자산총계,7776713390835,공시,https://dart.fss.or.kr/dsaf001/main.do?rcpNo=20140331000595,8
한국타이어앤테크놀로지,161390,2013Q4,2013-12-31,분기말 부채총계,3852577581072,공시,https://dart.fss.or.kr/dsaf001/main.do?rcpNo=20140331000595,8
한국타이어앤테크놀로지,161390,2013Q4,2013-12-31,분기말 총자본(자기자본),3924135809763,공시,https://dart.fss.or.kr/dsaf001/main.do?rcpNo=20140331000595,8
한국타이어앤테크놀로지,161390,2013Q4,2013-12-31,분기별 매출액,1717880472149,계산(연간-3분기누적),https://dart.fss.or.kr/dsaf001/main.do?rcpNo=20140331000595 ; https://dart.fss.or.kr/dsaf001/main.do?rcpNo=20131128000578,8
한국타이어앤테크놀로지,161390,2013Q4,2013-12-31,분기별 영업이익,254809699476,계산(연간-3분기누적),https://dart.fss.or.kr/dsaf001/main.do?rcpNo=20140331000595 ; https://dart.fss.or.kr/dsaf001/main.do?rcpNo=20131128000578,8
한국타이어앤테크놀로지,161390,2013Q4,2013-12-31,분기별 당기순이익(지배),142757760962,계산(연간-3분기누적),https://dart.fss.or.kr/dsaf001/main.do?rcpNo=20140331000595 ; https://dart.fss.or.kr/dsaf001/main.do?rcpNo=20131128000578,8
한국타이어앤테크놀로지,161390,2013Q4,2013-12-31,분기별 영업활동현금흐름,445307049195,계산(누적차감),https://dart.fss.or.kr/dsaf001/main.do?rcpNo=20140331000595 ; https://dart.fss.or.kr/dsaf001/main.do?rcpNo=20131128000578,8
한국타이어앤테크놀로지,161390,2013Q4,2013-12-31,분기말 지배지분 자본,3917536937788,공시,https://dart.fss.or.kr/dsaf001/main.do?rcpNo=20140331000595,8
한국타이어앤테크놀로지,161390,2013Q4,2013-12-30,분기말 종가,60700,API,"https://data-dbg.krx.co.kr/svc/apis/sto/stk_bydd_trd?basDd=20131230 (KOSPI, 한국타이어 ; 종가 60700 × 상장주식수 123875069 = 시가총액 7519216688300)",8
한국타이어앤테크놀로지,161390,2013Q4,2013-12-30,분기말 상장주식수,123875069,API,"https://data-dbg.krx.co.kr/svc/apis/sto/stk_bydd_trd?basDd=20131230 (KOSPI, 한국타이어 ; 종가 60700 × 상장주식수 123875069 = 시가총액 7519216688300)",8
한국타이어앤테크놀로지,161390,2013Q4,2013-12-30,분기말 시가총액,7519216688300,API,"https://data-dbg.krx.co.kr/svc/apis/sto/stk_bydd_trd?basDd=20131230 (KOSPI, 한국타이어 ; 종가 60700 × 상장주식수 123875069 = 시가총액 7519216688300)",8
한국타이어앤테크놀로지,161390,2014Q1,2014-03-31,분기말 자산총계,7915386024197,공시,https://dart.fss.or.kr/dsaf001/main.do?rcpNo=20140515001800,8
한국타이어앤테크놀로지,161390,2014Q1,2014-03-31,분기말 부채총계,3874204838044,공시,https://dart.fss.or.kr/dsaf001/main.do?rcpNo=20140515001800,8
한국타이어앤테크놀로지,161390,2014Q1,2014-03-31,분기말 총자본(자기자본),4041181186153,공시,https://dart.fss.or.kr/dsaf001/main.do?rcpNo=20140515001800,8
한국타이어앤테크놀로지,161390,2014Q1,2014-03-31,분기별 매출액,1675040897151,공시,https://dart.fss.or.kr/dsaf001/main.do?rcpNo=20140515001800,8
한국타이어앤테크놀로지,161390,2014Q1,2014-03-31,분기별 영업이익,260174807599,공시,https://dart.fss.or.kr/dsaf001/main.do?rcpNo=20140515001800,8
한국타이어앤테크놀로지,161390,2014Q1,2014-03-31,분기별 당기순이익(지배),195813919498,공시,https://dart.fss.or.kr/dsaf001/main.do?rcpNo=20140515001800,8
한국타이어앤테크놀로지,161390,2014Q1,2014-03-31,분기별 영업활동현금흐름,57085872023,공시,https://dart.fss.or.kr/dsaf001/main.do?rcpNo=20140515001800,8
한국타이어앤테크놀로지,161390,2014Q1,2014-03-31,분기말 지배지분 자본,4035537260949,공시,https://dart.fss.or.kr/dsaf001/main.do?rcpNo=20140515001800,8
한국타이어앤테크놀로지,161390,2014Q1,2014-03-31,분기말 종가,60400,API,"https://data-dbg.krx.co.kr/svc/apis/sto/stk_bydd_trd?basDd=20140331 (KOSPI, 한국타이어 ; 종가 60400 × 상장주식수 123875069 = 시가총액 7482054167600)",8
한국타이어앤테크놀로지,161390,2014Q1,2014-03-31,분기말 상장주식수,123875069,API,"https://data-dbg.krx.co.kr/svc/apis/sto/stk_bydd_trd?basDd=20140331 (KOSPI, 한국타이어 ; 종가 60400 × 상장주식수 123875069 = 시가총액 7482054167600)",8
한국타이어앤테크놀로지,161390,2014Q1,2014-03-31,분기말 시가총액,7482054167600,API,"https://data-dbg.krx.co.kr/svc/apis/sto/stk_bydd_trd?basDd=20140331 (KOSPI, 한국타이어 ; 종가 60400 × 상장주식수 123875069 = 시가총액 7482054167600)",8
한국타이어앤테크놀로지,161390,2014Q2,2014-06-30,분기말 자산총계,7773813572682,공시,https://dart.fss.or.kr/dsaf001/main.do?rcpNo=20140828000394,8
한국타이어앤테크놀로지,161390,2014Q2,2014-06-30,분기말 부채총계,3675456469519,공시,https://dart.fss.or.kr/dsaf001/main.do?rcpNo=20140828000394,8
한국타이어앤테크놀로지,161390,2014Q2,2014-06-30,분기말 총자본(자기자본),4098357103163,공시,https://dart.fss.or.kr/dsaf001/main.do?rcpNo=20140828000394,8
한국타이어앤테크놀로지,161390,2014Q2,2014-06-30,분기별 매출액,1660919096799,공시,https://dart.fss.or.kr/dsaf001/main.do?rcpNo=20140828000394,8
한국타이어앤테크놀로지,161390,2014Q2,2014-06-30,분기별 영업이익,251235656268,공시,https://dart.fss.or.kr/dsaf001/main.do?rcpNo=20140828000394,8
한국타이어앤테크놀로지,161390,2014Q2,2014-06-30,분기별 당기순이익(지배),158197734329,공시,https://dart.fss.or.kr/dsaf001/main.do?rcpNo=20140828000394,8
한국타이어앤테크놀로지,161390,2014Q2,2014-06-30,분기별 영업활동현금흐름,336238891895,계산(누적차감),https://dart.fss.or.kr/dsaf001/main.do?rcpNo=20140828000394 ; https://dart.fss.or.kr/dsaf001/main.do?rcpNo=20140515001800,8
한국타이어앤테크놀로지,161390,2014Q2,2014-06-30,분기말 지배지분 자본,4093087471021,공시,https://dart.fss.or.kr/dsaf001/main.do?rcpNo=20140828000394,8
한국타이어앤테크놀로지,161390,2014Q2,2014-06-30,분기말 종가,60400,API,"https://data-dbg.krx.co.kr/svc/apis/sto/stk_bydd_trd?basDd=20140630 (KOSPI, 한국타이어 ; 종가 60400 × 상장주식수 123875069 = 시가총액 7482054167600)",8
한국타이어앤테크놀로지,161390,2014Q2,2014-06-30,분기말 상장주식수,123875069,API,"https://data-dbg.krx.co.kr/svc/apis/sto/stk_bydd_trd?basDd=20140630 (KOSPI, 한국타이어 ; 종가 60400 × 상장주식수 123875069 = 시가총액 7482054167600)",8
한국타이어앤테크놀로지,161390,2014Q2,2014-06-30,분기말 시가총액,7482054167600,API,"https://data-dbg.krx.co.kr/svc/apis/sto/stk_bydd_trd?basDd=20140630 (KOSPI, 한국타이어 ; 종가 60400 × 상장주식수 123875069 = 시가총액 7482054167600)",8
한국타이어앤테크놀로지,161390,2014Q3,2014-09-30,분기말 자산총계,8146556296982,공시,https://dart.fss.or.kr/dsaf001/main.do?rcpNo=20141114001302,8
한국타이어앤테크놀로지,161390,2014Q3,2014-09-30,분기말 부채총계,3819413563705,공시,https://dart.fss.or.kr/dsaf001/main.do?rcpNo=20141114001302,8
한국타이어앤테크놀로지,161390,2014Q3,2014-09-30,분기말 총자본(자기자본),4327142733277,공시,https://dart.fss.or.kr/dsaf001/main.do?rcpNo=20141114001302,8
한국타이어앤테크놀로지,161390,2014Q3,2014-09-30,분기별 매출액,1715454119646,공시,https://dart.fss.or.kr/dsaf001/main.do?rcpNo=20141114001302,8
한국타이어앤테크놀로지,161390,2014Q3,2014-09-30,분기별 영업이익,275900486822,공시,https://dart.fss.or.kr/dsaf001/main.do?rcpNo=20141114001302,8
한국타이어앤테크놀로지,161390,2014Q3,2014-09-30,분기별 당기순이익(지배),191309217437,공시,https://dart.fss.or.kr/dsaf001/main.do?rcpNo=20141114001302,8
한국타이어앤테크놀로지,161390,2014Q3,2014-09-30,분기별 영업활동현금흐름,299780745766,계산(누적차감),https://dart.fss.or.kr/dsaf001/main.do?rcpNo=20141114001302 ; https://dart.fss.or.kr/dsaf001/main.do?rcpNo=20140828000394,8
한국타이어앤테크놀로지,161390,2014Q3,2014-09-30,분기말 지배지분 자본,4321803132148,공시,https://dart.fss.or.kr/dsaf001/main.do?rcpNo=20141114001302,8
한국타이어앤테크놀로지,161390,2014Q3,2014-09-30,분기말 종가,51500,API,"https://data-dbg.krx.co.kr/svc/apis/sto/stk_bydd_trd?basDd=20140930 (KOSPI, 한국타이어 ; 종가 51500 × 상장주식수 123875069 = 시가총액 6379566053500)",8
한국타이어앤테크놀로지,161390,2014Q3,2014-09-30,분기말 상장주식수,123875069,API,"https://data-dbg.krx.co.kr/svc/apis/sto/stk_bydd_trd?basDd=20140930 (KOSPI, 한국타이어 ; 종가 51500 × 상장주식수 123875069 = 시가총액 6379566053500)",8
한국타이어앤테크놀로지,161390,2014Q3,2014-09-30,분기말 시가총액,6379566053500,API,"https://data-dbg.krx.co.kr/svc/apis/sto/stk_bydd_trd?basDd=20140930 (KOSPI, 한국타이어 ; 종가 51500 × 상장주식수 123875069 = 시가총액 6379566053500)",8
한국타이어앤테크놀로지,161390,2014Q4,2014-12-31,분기말 자산총계,8320082168585,공시,https://dart.fss.or.kr/dsaf001/main.do?rcpNo=20150331004313,8
한국타이어앤테크놀로지,161390,2014Q4,2014-12-31,분기말 부채총계,3803608990900,공시,https://dart.fss.or.kr/dsaf001/main.do?rcpNo=20150331004313,8
한국타이어앤테크놀로지,161390,2014Q4,2014-12-31,분기말 총자본(자기자본),4516473177685,공시,https://dart.fss.or.kr/dsaf001/main.do?rcpNo=20150331004313,8
한국타이어앤테크놀로지,161390,2014Q4,2014-12-31,분기별 매출액,1629433587313,계산(연간-3분기누적),https://dart.fss.or.kr/dsaf001/main.do?rcpNo=20150331004313 ; https://dart.fss.or.kr/dsaf001/main.do?rcpNo=20141114001302,8
한국타이어앤테크놀로지,161390,2014Q4,2014-12-31,분기별 영업이익,244325612786,계산(연간-3분기누적),https://dart.fss.or.kr/dsaf001/main.do?rcpNo=20150331004313 ; https://dart.fss.or.kr/dsaf001/main.do?rcpNo=20141114001302,8
한국타이어앤테크놀로지,161390,2014Q4,2014-12-31,분기별 당기순이익(지배),155039567995,계산(연간-3분기누적),https://dart.fss.or.kr/dsaf001/main.do?rcpNo=20150331004313 ; https://dart.fss.or.kr/dsaf001/main.do?rcpNo=20141114001302,8
한국타이어앤테크놀로지,161390,2014Q4,2014-12-31,분기별 영업활동현금흐름,453939161378,계산(누적차감),https://dart.fss.or.kr/dsaf001/main.do?rcpNo=20150331004313 ; https://dart.fss.or.kr/dsaf001/main.do?rcpNo=20141114001302,8
한국타이어앤테크놀로지,161390,2014Q4,2014-12-31,분기말 지배지분 자본,4510989741593,공시,https://dart.fss.or.kr/dsaf001/main.do?rcpNo=20150331004313,8
한국타이어앤테크놀로지,161390,2014Q4,2014-12-30,분기말 종가,52700,API,"https://data-dbg.krx.co.kr/svc/apis/sto/stk_bydd_trd?basDd=20141230 (KOSPI, 한국타이어 ; 종가 52700 × 상장주식수 123875069 = 시가총액 6528216136300)",8
한국타이어앤테크놀로지,161390,2014Q4,2014-12-30,분기말 상장주식수,123875069,API,"https://data-dbg.krx.co.kr/svc/apis/sto/stk_bydd_trd?basDd=20141230 (KOSPI, 한국타이어 ; 종가 52700 × 상장주식수 123875069 = 시가총액 6528216136300)",8
한국타이어앤테크놀로지,161390,2014Q4,2014-12-30,분기말 시가총액,6528216136300,API,"https://data-dbg.krx.co.kr/svc/apis/sto/stk_bydd_trd?basDd=20141230 (KOSPI, 한국타이어 ; 종가 52700 × 상장주식수 123875069 = 시가총액 6528216136300)",8
한국타이어앤테크놀로지,161390,2015Q1,2015-03-31,분기말 자산총계,8921173580460,공시,https://dart.fss.or.kr/dsaf001/main.do?rcpNo=20150515002527,8
한국타이어앤테크놀로지,161390,2015Q1,2015-03-31,분기말 부채총계,4327332036810,공시,https://dart.fss.or.kr/dsaf001/main.do?rcpNo=20150515002527,8
한국타이어앤테크놀로지,161390,2015Q1,2015-03-31,분기말 총자본(자기자본),4593841543650,공시,https://dart.fss.or.kr/dsaf001/main.do?rcpNo=20150515002527,8
한국타이어앤테크놀로지,161390,2015Q1,2015-03-31,분기별 매출액,1486474977933,공시,https://dart.fss.or.kr/dsaf001/main.do?rcpNo=20150515002527,8
한국타이어앤테크놀로지,161390,2015Q1,2015-03-31,분기별 영업이익,203176242495,공시,https://dart.fss.or.kr/dsaf001/main.do?rcpNo=20150515002527,8
한국타이어앤테크놀로지,161390,2015Q1,2015-03-31,분기별 당기순이익(지배),161013513054,공시,https://dart.fss.or.kr/dsaf001/main.do?rcpNo=20150515002527,8
한국타이어앤테크놀로지,161390,2015Q1,2015-03-31,분기별 영업활동현금흐름,127121418586,공시,https://dart.fss.or.kr/dsaf001/main.do?rcpNo=20150515002527,8
한국타이어앤테크놀로지,161390,2015Q1,2015-03-31,분기말 지배지분 자본,4588125434435,공시,https://dart.fss.or.kr/dsaf001/main.do?rcpNo=20150515002527,8
한국타이어앤테크놀로지,161390,2015Q1,2015-03-31,분기말 종가,45350,API,"https://data-dbg.krx.co.kr/svc/apis/sto/stk_bydd_trd?basDd=20150331 (KOSPI, 한국타이어 ; 종가 45350 × 상장주식수 123875069 = 시가총액 5617734379150)",8
한국타이어앤테크놀로지,161390,2015Q1,2015-03-31,분기말 상장주식수,123875069,API,"https://data-dbg.krx.co.kr/svc/apis/sto/stk_bydd_trd?basDd=20150331 (KOSPI, 한국타이어 ; 종가 45350 × 상장주식수 123875069 = 시가총액 5617734379150)",8
한국타이어앤테크놀로지,161390,2015Q1,2015-03-31,분기말 시가총액,5617734379150,API,"https://data-dbg.krx.co.kr/svc/apis/sto/stk_bydd_trd?basDd=20150331 (KOSPI, 한국타이어 ; 종가 45350 × 상장주식수 123875069 = 시가총액 5617734379150)",8
한국타이어앤테크놀로지,161390,2015Q2,2015-06-30,분기말 자산총계,9138140590343,공시,https://dart.fss.or.kr/dsaf001/main.do?rcpNo=20150817001627,8
한국타이어앤테크놀로지,161390,2015Q2,2015-06-30,분기말 부채총계,4360185882963,공시,https://dart.fss.or.kr/dsaf001/main.do?rcpNo=20150817001627,8
한국타이어앤테크놀로지,161390,2015Q2,2015-06-30,분기말 총자본(자기자본),4777954707380,공시,https://dart.fss.or.kr/dsaf001/main.do?rcpNo=20150817001627,8
한국타이어앤테크놀로지,161390,2015Q2,2015-06-30,분기별 매출액,1619882264414,공시,https://dart.fss.or.kr/dsaf001/main.do?rcpNo=20150817001627,8
한국타이어앤테크놀로지,161390,2015Q2,2015-06-30,분기별 영업이익,200983889311,공시,https://dart.fss.or.kr/dsaf001/main.do?rcpNo=20150817001627,8
한국타이어앤테크놀로지,161390,2015Q2,2015-06-30,분기별 당기순이익(지배),154273181008,공시,https://dart.fss.or.kr/dsaf001/main.do?rcpNo=20150817001627,8
한국타이어앤테크놀로지,161390,2015Q2,2015-06-30,분기별 영업활동현금흐름,228983509451,계산(누적차감),https://dart.fss.or.kr/dsaf001/main.do?rcpNo=20150817001627 ; https://dart.fss.or.kr/dsaf001/main.do?rcpNo=20150515002527,8
한국타이어앤테크놀로지,161390,2015Q2,2015-06-30,분기말 지배지분 자본,4772488853689,공시,https://dart.fss.or.kr/dsaf001/main.do?rcpNo=20150817001627,8
한국타이어앤테크놀로지,161390,2015Q2,2015-06-30,분기말 종가,42000,API,"https://data-dbg.krx.co.kr/svc/apis/sto/stk_bydd_trd?basDd=20150630 (KOSPI, 한국타이어 ; 종가 42000 × 상장주식수 123875069 = 시가총액 5202752898000)",8
한국타이어앤테크놀로지,161390,2015Q2,2015-06-30,분기말 상장주식수,123875069,API,"https://data-dbg.krx.co.kr/svc/apis/sto/stk_bydd_trd?basDd=20150630 (KOSPI, 한국타이어 ; 종가 42000 × 상장주식수 123875069 = 시가총액 5202752898000)",8
한국타이어앤테크놀로지,161390,2015Q2,2015-06-30,분기말 시가총액,5202752898000,API,"https://data-dbg.krx.co.kr/svc/apis/sto/stk_bydd_trd?basDd=20150630 (KOSPI, 한국타이어 ; 종가 42000 × 상장주식수 123875069 = 시가총액 5202752898000)",8
한국타이어앤테크놀로지,161390,2015Q3,2015-09-30,분기말 자산총계,9568309326191,공시,https://dart.fss.or.kr/dsaf001/main.do?rcpNo=20151116001524,8
한국타이어앤테크놀로지,161390,2015Q3,2015-09-30,분기말 부채총계,4498880524118,공시,https://dart.fss.or.kr/dsaf001/main.do?rcpNo=20151116001524,8
한국타이어앤테크놀로지,161390,2015Q3,2015-09-30,분기말 총자본(자기자본),5069428802073,공시,https://dart.fss.or.kr/dsaf001/main.do?rcpNo=20151116001524,8
한국타이어앤테크놀로지,161390,2015Q3,2015-09-30,분기별 매출액,1725305136756,공시,https://dart.fss.or.kr/dsaf001/main.do?rcpNo=20151116001524,8
한국타이어앤테크놀로지,161390,2015Q3,2015-09-30,분기별 영업이익,241692892022,공시,https://dart.fss.or.kr/dsaf001/main.do?rcpNo=20151116001524,8
한국타이어앤테크놀로지,161390,2015Q3,2015-09-30,분기별 당기순이익(지배),150962956748,공시,https://dart.fss.or.kr/dsaf001/main.do?rcpNo=20151116001524,8
한국타이어앤테크놀로지,161390,2015Q3,2015-09-30,분기별 영업활동현금흐름,234594268202,계산(누적차감),https://dart.fss.or.kr/dsaf001/main.do?rcpNo=20151116001524 ; https://dart.fss.or.kr/dsaf001/main.do?rcpNo=20150817001627,8
한국타이어앤테크놀로지,161390,2015Q3,2015-09-30,분기말 지배지분 자본,5062714600126,공시,https://dart.fss.or.kr/dsaf001/main.do?rcpNo=20151116001524,8
한국타이어앤테크놀로지,161390,2015Q3,2015-09-30,분기말 종가,39600,API,"https://data-dbg.krx.co.kr/svc/apis/sto/stk_bydd_trd?basDd=20150930 (KOSPI, 한국타이어 ; 종가 39600 × 상장주식수 123875069 = 시가총액 4905452732400)",8
한국타이어앤테크놀로지,161390,2015Q3,2015-09-30,분기말 상장주식수,123875069,API,"https://data-dbg.krx.co.kr/svc/apis/sto/stk_bydd_trd?basDd=20150930 (KOSPI, 한국타이어 ; 종가 39600 × 상장주식수 123875069 = 시가총액 4905452732400)",8
한국타이어앤테크놀로지,161390,2015Q3,2015-09-30,분기말 시가총액,4905452732400,API,"https://data-dbg.krx.co.kr/svc/apis/sto/stk_bydd_trd?basDd=20150930 (KOSPI, 한국타이어 ; 종가 39600 × 상장주식수 123875069 = 시가총액 4905452732400)",8
한국타이어앤테크놀로지,161390,2015Q4,2015-12-31,분기말 자산총계,9496138131978,공시,https://dart.fss.or.kr/dsaf001/main.do?rcpNo=20160330003710,8
한국타이어앤테크놀로지,161390,2015Q4,2015-12-31,분기말 부채총계,4355349929486,공시,https://dart.fss.or.kr/dsaf001/main.do?rcpNo=20160330003710,8
한국타이어앤테크놀로지,161390,2015Q4,2015-12-31,분기말 총자본(자기자본),5140788202492,공시,https://dart.fss.or.kr/dsaf001/main.do?rcpNo=20160330003710,8
한국타이어앤테크놀로지,161390,2015Q4,2015-12-31,분기별 매출액,1596510123354,계산(연간-3분기누적),https://dart.fss.or.kr/dsaf001/main.do?rcpNo=20160330003710 ; https://dart.fss.or.kr/dsaf001/main.do?rcpNo=20151116001524,8
한국타이어앤테크놀로지,161390,2015Q4,2015-12-31,분기별 영업이익,239137064082,계산(연간-3분기누적),https://dart.fss.or.kr/dsaf001/main.do?rcpNo=20160330003710 ; https://dart.fss.or.kr/dsaf001/main.do?rcpNo=20151116001524,8
한국타이어앤테크놀로지,161390,2015Q4,2015-12-31,분기별 당기순이익(지배),189177971908,계산(연간-3분기누적),https://dart.fss.or.kr/dsaf001/main.do?rcpNo=20160330003710 ; https://dart.fss.or.kr/dsaf001/main.do?rcpNo=20151116001524,8
한국타이어앤테크놀로지,161390,2015Q4,2015-12-31,분기별 영업활동현금흐름,522996156318,계산(누적차감),https://dart.fss.or.kr/dsaf001/main.do?rcpNo=20160330003710 ; https://dart.fss.or.kr/dsaf001/main.do?rcpNo=20151116001524,8
한국타이어앤테크놀로지,161390,2015Q4,2015-12-31,분기말 지배지분 자본,5134353506564,공시,https://dart.fss.or.kr/dsaf001/main.do?rcpNo=20160330003710,8
한국타이어앤테크놀로지,161390,2015Q4,2015-12-30,분기말 종가,47050,API,"https://data-dbg.krx.co.kr/svc/apis/sto/stk_bydd_trd?basDd=20151230 (KOSPI, 한국타이어 ; 종가 47050 × 상장주식수 123875069 = 시가총액 5828321996450)",8
한국타이어앤테크놀로지,161390,2015Q4,2015-12-30,분기말 상장주식수,123875069,API,"https://data-dbg.krx.co.kr/svc/apis/sto/stk_bydd_trd?basDd=20151230 (KOSPI, 한국타이어 ; 종가 47050 × 상장주식수 123875069 = 시가총액 5828321996450)",8
한국타이어앤테크놀로지,161390,2015Q4,2015-12-30,분기말 시가총액,5828321996450,API,"https://data-dbg.krx.co.kr/svc/apis/sto/stk_bydd_trd?basDd=20151230 (KOSPI, 한국타이어 ; 종가 47050 × 상장주식수 123875069 = 시가총액 5828321996450)",8
한국타이어앤테크놀로지,161390,2016Q1,2016-03-31,분기말 자산총계,9479748525728,공시,https://dart.fss.or.kr/dsaf001/main.do?rcpNo=20160516003697,8
한국타이어앤테크놀로지,161390,2016Q1,2016-03-31,분기말 부채총계,4219185961642,공시,https://dart.fss.or.kr/dsaf001/main.do?rcpNo=20160516003697,8
한국타이어앤테크놀로지,161390,2016Q1,2016-03-31,분기말 총자본(자기자본),5260562564086,공시,https://dart.fss.or.kr/dsaf001/main.do?rcpNo=20160516003697,8
한국타이어앤테크놀로지,161390,2016Q1,2016-03-31,분기별 매출액,1626040190292,공시,https://dart.fss.or.kr/dsaf001/main.do?rcpNo=20160516003697,8
한국타이어앤테크놀로지,161390,2016Q1,2016-03-31,분기별 영업이익,251142484003,공시,https://dart.fss.or.kr/dsaf001/main.do?rcpNo=20160516003697,8
한국타이어앤테크놀로지,161390,2016Q1,2016-03-31,분기별 당기순이익(지배),195615867091,공시,https://dart.fss.or.kr/dsaf001/main.do?rcpNo=20160516003697,8
한국타이어앤테크놀로지,161390,2016Q1,2016-03-31,분기별 영업활동현금흐름,132469089206,공시,https://dart.fss.or.kr/dsaf001/main.do?rcpNo=20160516003697,8
한국타이어앤테크놀로지,161390,2016Q1,2016-03-31,분기말 지배지분 자본,5253038902024,공시,https://dart.fss.or.kr/dsaf001/main.do?rcpNo=20160516003697,8
한국타이어앤테크놀로지,161390,2016Q1,2016-03-31,분기말 종가,54400,API,"https://data-dbg.krx.co.kr/svc/apis/sto/stk_bydd_trd?basDd=20160331 (KOSPI, 한국타이어 ; 종가 54400 × 상장주식수 123875069 = 시가총액 6738803753600)",8
한국타이어앤테크놀로지,161390,2016Q1,2016-03-31,분기말 상장주식수,123875069,API,"https://data-dbg.krx.co.kr/svc/apis/sto/stk_bydd_trd?basDd=20160331 (KOSPI, 한국타이어 ; 종가 54400 × 상장주식수 123875069 = 시가총액 6738803753600)",8
한국타이어앤테크놀로지,161390,2016Q1,2016-03-31,분기말 시가총액,6738803753600,API,"https://data-dbg.krx.co.kr/svc/apis/sto/stk_bydd_trd?basDd=20160331 (KOSPI, 한국타이어 ; 종가 54400 × 상장주식수 123875069 = 시가총액 6738803753600)",8
한국타이어앤테크놀로지,161390,2016Q2,2016-06-30,분기말 자산총계,9684985914008,공시,https://dart.fss.or.kr/dsaf001/main.do?rcpNo=20160816002061,8
한국타이어앤테크놀로지,161390,2016Q2,2016-06-30,분기말 부채총계,4192966781298,공시,https://dart.fss.or.kr/dsaf001/main.do?rcpNo=20160816002061,8
한국타이어앤테크놀로지,161390,2016Q2,2016-06-30,분기말 총자본(자기자본),5492019132710,공시,https://dart.fss.or.kr/dsaf001/main.do?rcpNo=20160816002061,8
한국타이어앤테크놀로지,161390,2016Q2,2016-06-30,분기별 매출액,1727428261558,공시,https://dart.fss.or.kr/dsaf001/main.do?rcpNo=20160816002061,8
한국타이어앤테크놀로지,161390,2016Q2,2016-06-30,분기별 영업이익,310261132956,공시,https://dart.fss.or.kr/dsaf001/main.do?rcpNo=20160816002061,8
한국타이어앤테크놀로지,161390,2016Q2,2016-06-30,분기별 당기순이익(지배),264196788747,공시,https://dart.fss.or.kr/dsaf001/main.do?rcpNo=20160816002061,8
한국타이어앤테크놀로지,161390,2016Q2,2016-06-30,분기별 영업활동현금흐름,391892841090,계산(누적차감)(재작성 반영),https://dart.fss.or.kr/dsaf001/main.do?rcpNo=20160816002061 ; https://dart.fss.or.kr/dsaf001/main.do?rcpNo=20160516003697 ; 재작성 출처: https://dart.fss.or.kr/dsaf001/main.do?rcpNo=20170814000788,8
한국타이어앤테크놀로지,161390,2016Q2,2016-06-30,분기말 지배지분 자본,5483825613758,공시,https://dart.fss.or.kr/dsaf001/main.do?rcpNo=20160816002061,8
한국타이어앤테크놀로지,161390,2016Q2,2016-06-30,분기말 종가,51000,API,"https://data-dbg.krx.co.kr/svc/apis/sto/stk_bydd_trd?basDd=20160630 (KOSPI, 한국타이어 ; 종가 51000 × 상장주식수 123875069 = 시가총액 6317628519000)",8
한국타이어앤테크놀로지,161390,2016Q2,2016-06-30,분기말 상장주식수,123875069,API,"https://data-dbg.krx.co.kr/svc/apis/sto/stk_bydd_trd?basDd=20160630 (KOSPI, 한국타이어 ; 종가 51000 × 상장주식수 123875069 = 시가총액 6317628519000)",8
한국타이어앤테크놀로지,161390,2016Q2,2016-06-30,분기말 시가총액,6317628519000,API,"https://data-dbg.krx.co.kr/svc/apis/sto/stk_bydd_trd?basDd=20160630 (KOSPI, 한국타이어 ; 종가 51000 × 상장주식수 123875069 = 시가총액 6317628519000)",8
한국타이어앤테크놀로지,161390,2016Q3,2016-09-30,분기말 자산총계,9600544736202,공시,https://dart.fss.or.kr/dsaf001/main.do?rcpNo=20161114002259,8
한국타이어앤테크놀로지,161390,2016Q3,2016-09-30,분기말 부채총계,4012710408648,공시,https://dart.fss.or.kr/dsaf001/main.do?rcpNo=20161114002259,8
한국타이어앤테크놀로지,161390,2016Q3,2016-09-30,분기말 총자본(자기자본),5587834327554,공시,https://dart.fss.or.kr/dsaf001/main.do?rcpNo=20161114002259,8
한국타이어앤테크놀로지,161390,2016Q3,2016-09-30,분기별 매출액,1657647583762,공시,https://dart.fss.or.kr/dsaf001/main.do?rcpNo=20161114002259,8
한국타이어앤테크놀로지,161390,2016Q3,2016-09-30,분기별 영업이익,302636875424,공시,https://dart.fss.or.kr/dsaf001/main.do?rcpNo=20161114002259,8
한국타이어앤테크놀로지,161390,2016Q3,2016-09-30,분기별 당기순이익(지배),206504493023,공시,https://dart.fss.or.kr/dsaf001/main.do?rcpNo=20161114002259,8
한국타이어앤테크놀로지,161390,2016Q3,2016-09-30,분기별 영업활동현금흐름,298612612778,계산(누적차감)(재작성 반영),https://dart.fss.or.kr/dsaf001/main.do?rcpNo=20161114002259 ; https://dart.fss.or.kr/dsaf001/main.do?rcpNo=20160816002061 ; 재작성 출처: https://dart.fss.or.kr/dsaf001/main.do?rcpNo=20170814000788 ; https://dart.fss.or.kr/dsaf001/main.do?rcpNo=20180402002299,8
한국타이어앤테크놀로지,161390,2016Q3,2016-09-30,분기말 지배지분 자본,5579176335279,공시,https://dart.fss.or.kr/dsaf001/main.do?rcpNo=20161114002259,8
한국타이어앤테크놀로지,161390,2016Q3,2016-09-30,분기말 종가,59400,API,"https://data-dbg.krx.co.kr/svc/apis/sto/stk_bydd_trd?basDd=20160930 (KOSPI, 한국타이어 ; 종가 59400 × 상장주식수 123875069 = 시가총액 7358179098600)",8
한국타이어앤테크놀로지,161390,2016Q3,2016-09-30,분기말 상장주식수,123875069,API,"https://data-dbg.krx.co.kr/svc/apis/sto/stk_bydd_trd?basDd=20160930 (KOSPI, 한국타이어 ; 종가 59400 × 상장주식수 123875069 = 시가총액 7358179098600)",8
한국타이어앤테크놀로지,161390,2016Q3,2016-09-30,분기말 시가총액,7358179098600,API,"https://data-dbg.krx.co.kr/svc/apis/sto/stk_bydd_trd?basDd=20160930 (KOSPI, 한국타이어 ; 종가 59400 × 상장주식수 123875069 = 시가총액 7358179098600)",8
한국타이어앤테크놀로지,161390,2016Q4,2016-12-31,분기말 자산총계,9621973238753,공시,https://dart.fss.or.kr/dsaf001/main.do?rcpNo=20170331005254,8
한국타이어앤테크놀로지,161390,2016Q4,2016-12-31,분기말 부채총계,3660493919044,공시,https://dart.fss.or.kr/dsaf001/main.do?rcpNo=20170331005254,8
한국타이어앤테크놀로지,161390,2016Q4,2016-12-31,분기말 총자본(자기자본),5961479319709,공시,https://dart.fss.or.kr/dsaf001/main.do?rcpNo=20170331005254,8
한국타이어앤테크놀로지,161390,2016Q4,2016-12-31,분기별 매출액,1610646256551,계산(연간-3분기누적),https://dart.fss.or.kr/dsaf001/main.do?rcpNo=20170331005254 ; https://dart.fss.or.kr/dsaf001/main.do?rcpNo=20161114002259,8
한국타이어앤테크놀로지,161390,2016Q4,2016-12-31,분기별 영업이익,239187266368,계산(연간-3분기누적),https://dart.fss.or.kr/dsaf001/main.do?rcpNo=20170331005254 ; https://dart.fss.or.kr/dsaf001/main.do?rcpNo=20161114002259,8
한국타이어앤테크놀로지,161390,2016Q4,2016-12-31,분기별 당기순이익(지배),206534101814,계산(연간-3분기누적),https://dart.fss.or.kr/dsaf001/main.do?rcpNo=20170331005254 ; https://dart.fss.or.kr/dsaf001/main.do?rcpNo=20161114002259,8
한국타이어앤테크놀로지,161390,2016Q4,2016-12-31,분기별 영업활동현금흐름,394791842867,계산(누적차감)(재작성 반영),https://dart.fss.or.kr/dsaf001/main.do?rcpNo=20170331005254 ; https://dart.fss.or.kr/dsaf001/main.do?rcpNo=20161114002259 ; 재작성 출처: https://dart.fss.or.kr/dsaf001/main.do?rcpNo=20180402002299,8
한국타이어앤테크놀로지,161390,2016Q4,2016-12-31,분기말 지배지분 자본,5949384662990,공시,https://dart.fss.or.kr/dsaf001/main.do?rcpNo=20170331005254,8
한국타이어앤테크놀로지,161390,2016Q4,2016-12-29,분기말 종가,58000,API,"https://data-dbg.krx.co.kr/svc/apis/sto/stk_bydd_trd?basDd=20161229 (KOSPI, 한국타이어 ; 종가 58000 × 상장주식수 123875069 = 시가총액 7184754002000)",8
한국타이어앤테크놀로지,161390,2016Q4,2016-12-29,분기말 상장주식수,123875069,API,"https://data-dbg.krx.co.kr/svc/apis/sto/stk_bydd_trd?basDd=20161229 (KOSPI, 한국타이어 ; 종가 58000 × 상장주식수 123875069 = 시가총액 7184754002000)",8
한국타이어앤테크놀로지,161390,2016Q4,2016-12-29,분기말 시가총액,7184754002000,API,"https://data-dbg.krx.co.kr/svc/apis/sto/stk_bydd_trd?basDd=20161229 (KOSPI, 한국타이어 ; 종가 58000 × 상장주식수 123875069 = 시가총액 7184754002000)",8
한국타이어앤테크놀로지,161390,2017Q1,2017-03-31,분기말 자산총계,9564926191630,공시,https://dart.fss.or.kr/dsaf001/main.do?rcpNo=20170515004711,8
한국타이어앤테크놀로지,161390,2017Q1,2017-03-31,분기말 부채총계,3692377673729,공시,https://dart.fss.or.kr/dsaf001/main.do?rcpNo=20170515004711,8
한국타이어앤테크놀로지,161390,2017Q1,2017-03-31,분기말 총자본(자기자본),5872548517901,공시,https://dart.fss.or.kr/dsaf001/main.do?rcpNo=20170515004711,8
한국타이어앤테크놀로지,161390,2017Q1,2017-03-31,분기별 매출액,1639157182292,공시,https://dart.fss.or.kr/dsaf001/main.do?rcpNo=20170515004711,8
한국타이어앤테크놀로지,161390,2017Q1,2017-03-31,분기별 영업이익,232212474816,공시,https://dart.fss.or.kr/dsaf001/main.do?rcpNo=20170515004711,8
한국타이어앤테크놀로지,161390,2017Q1,2017-03-31,분기별 당기순이익(지배),167470816938,공시,https://dart.fss.or.kr/dsaf001/main.do?rcpNo=20170515004711,8
한국타이어앤테크놀로지,161390,2017Q1,2017-03-31,분기별 영업활동현금흐름,69937289553,공시,https://dart.fss.or.kr/dsaf001/main.do?rcpNo=20170515004711,8
한국타이어앤테크놀로지,161390,2017Q1,2017-03-31,분기말 지배지분 자본,5865290232542,공시,https://dart.fss.or.kr/dsaf001/main.do?rcpNo=20170515004711,8
한국타이어앤테크놀로지,161390,2017Q1,2017-03-31,분기말 종가,54500,API,"https://data-dbg.krx.co.kr/svc/apis/sto/stk_bydd_trd?basDd=20170331 (KOSPI, 한국타이어 ; 종가 54500 × 상장주식수 123875069 = 시가총액 6751191260500)",8
한국타이어앤테크놀로지,161390,2017Q1,2017-03-31,분기말 상장주식수,123875069,API,"https://data-dbg.krx.co.kr/svc/apis/sto/stk_bydd_trd?basDd=20170331 (KOSPI, 한국타이어 ; 종가 54500 × 상장주식수 123875069 = 시가총액 6751191260500)",8
한국타이어앤테크놀로지,161390,2017Q1,2017-03-31,분기말 시가총액,6751191260500,API,"https://data-dbg.krx.co.kr/svc/apis/sto/stk_bydd_trd?basDd=20170331 (KOSPI, 한국타이어 ; 종가 54500 × 상장주식수 123875069 = 시가총액 6751191260500)",8
한국타이어앤테크놀로지,161390,2017Q2,2017-06-30,분기말 자산총계,9856266596789,공시,https://dart.fss.or.kr/dsaf001/main.do?rcpNo=20170814000788,8
한국타이어앤테크놀로지,161390,2017Q2,2017-06-30,분기말 부채총계,3638735288834,공시,https://dart.fss.or.kr/dsaf001/main.do?rcpNo=20170814000788,8
한국타이어앤테크놀로지,161390,2017Q2,2017-06-30,분기말 총자본(자기자본),6217531307955,공시,https://dart.fss.or.kr/dsaf001/main.do?rcpNo=20170814000788,8
한국타이어앤테크놀로지,161390,2017Q2,2017-06-30,분기별 매출액,1666883573680,공시,https://dart.fss.or.kr/dsaf001/main.do?rcpNo=20170814000788,8
한국타이어앤테크놀로지,161390,2017Q2,2017-06-30,분기별 영업이익,204648712326,공시,https://dart.fss.or.kr/dsaf001/main.do?rcpNo=20170814000788,8
한국타이어앤테크놀로지,161390,2017Q2,2017-06-30,분기별 당기순이익(지배),175538607666,공시,https://dart.fss.or.kr/dsaf001/main.do?rcpNo=20170814000788,8
한국타이어앤테크놀로지,161390,2017Q2,2017-06-30,분기별 영업활동현금흐름,103571782148,계산(누적차감),https://dart.fss.or.kr/dsaf001/main.do?rcpNo=20170814000788 ; https://dart.fss.or.kr/dsaf001/main.do?rcpNo=20170515004711,8
한국타이어앤테크놀로지,161390,2017Q2,2017-06-30,분기말 지배지분 자본,6205432291190,공시,https://dart.fss.or.kr/dsaf001/main.do?rcpNo=20170814000788,8
한국타이어앤테크놀로지,161390,2017Q2,2017-06-30,분기말 종가,63600,API,"https://data-dbg.krx.co.kr/svc/apis/sto/stk_bydd_trd?basDd=20170630 (KOSPI, 한국타이어 ; 종가 63600 × 상장주식수 123875069 = 시가총액 7878454388400)",8
한국타이어앤테크놀로지,161390,2017Q2,2017-06-30,분기말 상장주식수,123875069,API,"https://data-dbg.krx.co.kr/svc/apis/sto/stk_bydd_trd?basDd=20170630 (KOSPI, 한국타이어 ; 종가 63600 × 상장주식수 123875069 = 시가총액 7878454388400)",8
한국타이어앤테크놀로지,161390,2017Q2,2017-06-30,분기말 시가총액,7878454388400,API,"https://data-dbg.krx.co.kr/svc/apis/sto/stk_bydd_trd?basDd=20170630 (KOSPI, 한국타이어 ; 종가 63600 × 상장주식수 123875069 = 시가총액 7878454388400)",8
한국타이어앤테크놀로지,161390,2017Q3,2017-09-30,분기말 자산총계,10169559789286,공시,https://dart.fss.or.kr/dsaf001/main.do?rcpNo=20180402002299,8
한국타이어앤테크놀로지,161390,2017Q3,2017-09-30,분기말 부채총계,3695710941992,공시,https://dart.fss.or.kr/dsaf001/main.do?rcpNo=20180402002299,8
한국타이어앤테크놀로지,161390,2017Q3,2017-09-30,분기말 총자본(자기자본),6473848847294,공시,https://dart.fss.or.kr/dsaf001/main.do?rcpNo=20180402002299,8
한국타이어앤테크놀로지,161390,2017Q3,2017-09-30,분기별 매출액,1824489854856,공시,https://dart.fss.or.kr/dsaf001/main.do?rcpNo=20180402002299,8
한국타이어앤테크놀로지,161390,2017Q3,2017-09-30,분기별 영업이익,217124215426,공시,https://dart.fss.or.kr/dsaf001/main.do?rcpNo=20180402002299,8
한국타이어앤테크놀로지,161390,2017Q3,2017-09-30,분기별 당기순이익(지배),170520492774,공시,https://dart.fss.or.kr/dsaf001/main.do?rcpNo=20180402002299,8
한국타이어앤테크놀로지,161390,2017Q3,2017-09-30,분기별 영업활동현금흐름,150156885403,계산(누적차감),https://dart.fss.or.kr/dsaf001/main.do?rcpNo=20180402002299 ; https://dart.fss.or.kr/dsaf001/main.do?rcpNo=20170814000788,8
한국타이어앤테크놀로지,161390,2017Q3,2017-09-30,분기말 지배지분 자본,6460057470770,공시,https://dart.fss.or.kr/dsaf001/main.do?rcpNo=20180402002299,8
한국타이어앤테크놀로지,161390,2017Q3,2017-09-29,분기말 종가,60200,API,"https://data-dbg.krx.co.kr/svc/apis/sto/stk_bydd_trd?basDd=20170929 (KOSPI, 한국타이어 ; 종가 60200 × 상장주식수 123875069 = 시가총액 7457279153800)",8
한국타이어앤테크놀로지,161390,2017Q3,2017-09-29,분기말 상장주식수,123875069,API,"https://data-dbg.krx.co.kr/svc/apis/sto/stk_bydd_trd?basDd=20170929 (KOSPI, 한국타이어 ; 종가 60200 × 상장주식수 123875069 = 시가총액 7457279153800)",8
한국타이어앤테크놀로지,161390,2017Q3,2017-09-29,분기말 시가총액,7457279153800,API,"https://data-dbg.krx.co.kr/svc/apis/sto/stk_bydd_trd?basDd=20170929 (KOSPI, 한국타이어 ; 종가 60200 × 상장주식수 123875069 = 시가총액 7457279153800)",8
한국타이어앤테크놀로지,161390,2017Q4,2017-12-31,분기말 자산총계,9518786151144,공시,https://dart.fss.or.kr/dsaf001/main.do?rcpNo=20180402005158,8
한국타이어앤테크놀로지,161390,2017Q4,2017-12-31,분기말 부채총계,3145279905934,공시,https://dart.fss.or.kr/dsaf001/main.do?rcpNo=20180402005158,8
한국타이어앤테크놀로지,161390,2017Q4,2017-12-31,분기말 총자본(자기자본),6373506245210,공시,https://dart.fss.or.kr/dsaf001/main.do?rcpNo=20180402005158,8
한국타이어앤테크놀로지,161390,2017Q4,2017-12-31,분기별 매출액,1682327371534,계산(연간-3분기누적),https://dart.fss.or.kr/dsaf001/main.do?rcpNo=20180402005158 ; https://dart.fss.or.kr/dsaf001/main.do?rcpNo=20180402002299,8
한국타이어앤테크놀로지,161390,2017Q4,2017-12-31,분기별 영업이익,139446369246,계산(연간-3분기누적),https://dart.fss.or.kr/dsaf001/main.do?rcpNo=20180402005158 ; https://dart.fss.or.kr/dsaf001/main.do?rcpNo=20180402002299,8
한국타이어앤테크놀로지,161390,2017Q4,2017-12-31,분기별 당기순이익(지배),85534019980,계산(연간-3분기누적),https://dart.fss.or.kr/dsaf001/main.do?rcpNo=20180402005158 ; https://dart.fss.or.kr/dsaf001/main.do?rcpNo=20180402002299,8
한국타이어앤테크놀로지,161390,2017Q4,2017-12-31,분기별 영업활동현금흐름,528065277955,계산(누적차감),https://dart.fss.or.kr/dsaf001/main.do?rcpNo=20180402005158 ; https://dart.fss.or.kr/dsaf001/main.do?rcpNo=20180402002299,8
한국타이어앤테크놀로지,161390,2017Q4,2017-12-31,분기말 지배지분 자본,6358671187799,공시,https://dart.fss.or.kr/dsaf001/main.do?rcpNo=20180402005158,8
한국타이어앤테크놀로지,161390,2017Q4,2017-12-28,분기말 종가,54600,API,"https://data-dbg.krx.co.kr/svc/apis/sto/stk_bydd_trd?basDd=20171228 (KOSPI, 한국타이어 ; 종가 54600 × 상장주식수 123875069 = 시가총액 6763578767400)",8
한국타이어앤테크놀로지,161390,2017Q4,2017-12-28,분기말 상장주식수,123875069,API,"https://data-dbg.krx.co.kr/svc/apis/sto/stk_bydd_trd?basDd=20171228 (KOSPI, 한국타이어 ; 종가 54600 × 상장주식수 123875069 = 시가총액 6763578767400)",8
한국타이어앤테크놀로지,161390,2017Q4,2017-12-28,분기말 시가총액,6763578767400,API,"https://data-dbg.krx.co.kr/svc/apis/sto/stk_bydd_trd?basDd=20171228 (KOSPI, 한국타이어 ; 종가 54600 × 상장주식수 123875069 = 시가총액 6763578767400)",8
한국타이어앤테크놀로지,161390,2018Q1,2018-03-31,분기말 자산총계,9907201770124,공시,https://dart.fss.or.kr/dsaf001/main.do?rcpNo=20180515002520,8
한국타이어앤테크놀로지,161390,2018Q1,2018-03-31,분기말 부채총계,3372802151316,공시,https://dart.fss.or.kr/dsaf001/main.do?rcpNo=20180515002520,8
한국타이어앤테크놀로지,161390,2018Q1,2018-03-31,분기말 총자본(자기자본),6534399618808,공시,https://dart.fss.or.kr/dsaf001/main.do?rcpNo=20180515002520,8
한국타이어앤테크놀로지,161390,2018Q1,2018-03-31,분기별 매출액,1609140269995,공시,https://dart.fss.or.kr/dsaf001/main.do?rcpNo=20180515002520,8
한국타이어앤테크놀로지,161390,2018Q1,2018-03-31,분기별 영업이익,184848443032,공시,https://dart.fss.or.kr/dsaf001/main.do?rcpNo=20180515002520,8
한국타이어앤테크놀로지,161390,2018Q1,2018-03-31,분기별 당기순이익(지배),153277978079,공시,https://dart.fss.or.kr/dsaf001/main.do?rcpNo=20180515002520,8
한국타이어앤테크놀로지,161390,2018Q1,2018-03-31,분기별 영업활동현금흐름,143192819673,공시,https://dart.fss.or.kr/dsaf001/main.do?rcpNo=20180515002520,8
한국타이어앤테크놀로지,161390,2018Q1,2018-03-31,분기말 지배지분 자본,6525655171151,공시,https://dart.fss.or.kr/dsaf001/main.do?rcpNo=20180515002520,8
한국타이어앤테크놀로지,161390,2018Q1,2018-03-30,분기말 종가,53600,API,"https://data-dbg.krx.co.kr/svc/apis/sto/stk_bydd_trd?basDd=20180330 (KOSPI, 한국타이어 ; 종가 53600 × 상장주식수 123875069 = 시가총액 6639703698400)",8
한국타이어앤테크놀로지,161390,2018Q1,2018-03-30,분기말 상장주식수,123875069,API,"https://data-dbg.krx.co.kr/svc/apis/sto/stk_bydd_trd?basDd=20180330 (KOSPI, 한국타이어 ; 종가 53600 × 상장주식수 123875069 = 시가총액 6639703698400)",8
한국타이어앤테크놀로지,161390,2018Q1,2018-03-30,분기말 시가총액,6639703698400,API,"https://data-dbg.krx.co.kr/svc/apis/sto/stk_bydd_trd?basDd=20180330 (KOSPI, 한국타이어 ; 종가 53600 × 상장주식수 123875069 = 시가총액 6639703698400)",8
한국타이어앤테크놀로지,161390,2018Q2,2018-06-30,분기말 자산총계,10024121204537,공시,https://dart.fss.or.kr/dsaf001/main.do?rcpNo=20180814002933,8
한국타이어앤테크놀로지,161390,2018Q2,2018-06-30,분기말 부채총계,3387533907457,공시,https://dart.fss.or.kr/dsaf001/main.do?rcpNo=20180814002933,8
한국타이어앤테크놀로지,161390,2018Q2,2018-06-30,분기말 총자본(자기자본),6636587297080,공시,https://dart.fss.or.kr/dsaf001/main.do?rcpNo=20180814002933,8
한국타이어앤테크놀로지,161390,2018Q2,2018-06-30,분기별 매출액,1705392367161,공시,https://dart.fss.or.kr/dsaf001/main.do?rcpNo=20180814002933,8
한국타이어앤테크놀로지,161390,2018Q2,2018-06-30,분기별 영업이익,185251174292,공시,https://dart.fss.or.kr/dsaf001/main.do?rcpNo=20180814002933,8
한국타이어앤테크놀로지,161390,2018Q2,2018-06-30,분기별 당기순이익(지배),166532553652,공시,https://dart.fss.or.kr/dsaf001/main.do?rcpNo=20180814002933,8
한국타이어앤테크놀로지,161390,2018Q2,2018-06-30,분기별 영업활동현금흐름,262793851593,계산(누적차감),https://dart.fss.or.kr/dsaf001/main.do?rcpNo=20180814002933 ; https://dart.fss.or.kr/dsaf001/main.do?rcpNo=20180515002520,8
한국타이어앤테크놀로지,161390,2018Q2,2018-06-30,분기말 지배지분 자본,6620666114040,공시,https://dart.fss.or.kr/dsaf001/main.do?rcpNo=20180814002933,8
한국타이어앤테크놀로지,161390,2018Q2,2018-06-29,분기말 종가,42100,API,"https://data-dbg.krx.co.kr/svc/apis/sto/stk_bydd_trd?basDd=20180629 (KOSPI, 한국타이어 ; 종가 42100 × 상장주식수 123875069 = 시가총액 5215140404900)",8
한국타이어앤테크놀로지,161390,2018Q2,2018-06-29,분기말 상장주식수,123875069,API,"https://data-dbg.krx.co.kr/svc/apis/sto/stk_bydd_trd?basDd=20180629 (KOSPI, 한국타이어 ; 종가 42100 × 상장주식수 123875069 = 시가총액 5215140404900)",8
한국타이어앤테크놀로지,161390,2018Q2,2018-06-29,분기말 시가총액,5215140404900,API,"https://data-dbg.krx.co.kr/svc/apis/sto/stk_bydd_trd?basDd=20180629 (KOSPI, 한국타이어 ; 종가 42100 × 상장주식수 123875069 = 시가총액 5215140404900)",8
한국타이어앤테크놀로지,161390,2018Q3,2018-09-30,분기말 자산총계,10166546452968,공시,https://dart.fss.or.kr/dsaf001/main.do?rcpNo=20181114002805,8
한국타이어앤테크놀로지,161390,2018Q3,2018-09-30,분기말 부채총계,3456605978093,공시,https://dart.fss.or.kr/dsaf001/main.do?rcpNo=20181114002805,8
한국타이어앤테크놀로지,161390,2018Q3,2018-09-30,분기말 총자본(자기자본),6709940474875,공시,https://dart.fss.or.kr/dsaf001/main.do?rcpNo=20181114002805,8
한국타이어앤테크놀로지,161390,2018Q3,2018-09-30,분기별 매출액,1755355860584,공시,https://dart.fss.or.kr/dsaf001/main.do?rcpNo=20181114002805,8
한국타이어앤테크놀로지,161390,2018Q3,2018-09-30,분기별 영업이익,187519202512,공시,https://dart.fss.or.kr/dsaf001/main.do?rcpNo=20181114002805,8
한국타이어앤테크놀로지,161390,2018Q3,2018-09-30,분기별 당기순이익(지배),131498749507,공시,https://dart.fss.or.kr/dsaf001/main.do?rcpNo=20181114002805,8
한국타이어앤테크놀로지,161390,2018Q3,2018-09-30,분기별 영업활동현금흐름,293474764774,계산(누적차감),https://dart.fss.or.kr/dsaf001/main.do?rcpNo=20181114002805 ; https://dart.fss.or.kr/dsaf001/main.do?rcpNo=20180814002933,8
한국타이어앤테크놀로지,161390,2018Q3,2018-09-30,분기말 지배지분 자본,6692904570971,공시,https://dart.fss.or.kr/dsaf001/main.do?rcpNo=20181114002805,8
한국타이어앤테크놀로지,161390,2018Q3,2018-09-28,분기말 종가,50100,API,"https://data-dbg.krx.co.kr/svc/apis/sto/stk_bydd_trd?basDd=20180928 (KOSPI, 한국타이어 ; 종가 50100 × 상장주식수 123875069 = 시가총액 6206140956900)",8
한국타이어앤테크놀로지,161390,2018Q3,2018-09-28,분기말 상장주식수,123875069,API,"https://data-dbg.krx.co.kr/svc/apis/sto/stk_bydd_trd?basDd=20180928 (KOSPI, 한국타이어 ; 종가 50100 × 상장주식수 123875069 = 시가총액 6206140956900)",8
한국타이어앤테크놀로지,161390,2018Q3,2018-09-28,분기말 시가총액,6206140956900,API,"https://data-dbg.krx.co.kr/svc/apis/sto/stk_bydd_trd?basDd=20180928 (KOSPI, 한국타이어 ; 종가 50100 × 상장주식수 123875069 = 시가총액 6206140956900)",8
한국타이어앤테크놀로지,161390,2018Q4,2018-12-31,분기말 자산총계,9796442247019,공시,https://dart.fss.or.kr/dsaf001/main.do?rcpNo=20190401004884,8
한국타이어앤테크놀로지,161390,2018Q4,2018-12-31,분기말 부채총계,3006129279194,공시,https://dart.fss.or.kr/dsaf001/main.do?rcpNo=20190401004884,8
한국타이어앤테크놀로지,161390,2018Q4,2018-12-31,분기말 총자본(자기자본),6790312967825,공시,https://dart.fss.or.kr/dsaf001/main.do?rcpNo=20190401004884,8
한국타이어앤테크놀로지,161390,2018Q4,2018-12-31,분기별 매출액,1725200318095,계산(연간-3분기누적),https://dart.fss.or.kr/dsaf001/main.do?rcpNo=20190401004884 ; https://dart.fss.or.kr/dsaf001/main.do?rcpNo=20181114002805,8
한국타이어앤테크놀로지,161390,2018Q4,2018-12-31,분기별 영업이익,145031780154,계산(연간-3분기누적),https://dart.fss.or.kr/dsaf001/main.do?rcpNo=20190401004884 ; https://dart.fss.or.kr/dsaf001/main.do?rcpNo=20181114002805,8
한국타이어앤테크놀로지,161390,2018Q4,2018-12-31,분기별 당기순이익(지배),70905564167,계산(연간-3분기누적),https://dart.fss.or.kr/dsaf001/main.do?rcpNo=20190401004884 ; https://dart.fss.or.kr/dsaf001/main.do?rcpNo=20181114002805,8
한국타이어앤테크놀로지,161390,2018Q4,2018-12-31,분기별 영업활동현금흐름,424078512969,계산(누적차감),https://dart.fss.or.kr/dsaf001/main.do?rcpNo=20190401004884 ; https://dart.fss.or.kr/dsaf001/main.do?rcpNo=20181114002805,8
한국타이어앤테크놀로지,161390,2018Q4,2018-12-31,분기말 지배지분 자본,6765543098968,공시,https://dart.fss.or.kr/dsaf001/main.do?rcpNo=20190401004884,8
한국타이어앤테크놀로지,161390,2018Q4,2018-12-28,분기말 종가,40150,API,"https://data-dbg.krx.co.kr/svc/apis/sto/stk_bydd_trd?basDd=20181228 (KOSPI, 한국타이어 ; 종가 40150 × 상장주식수 123875069 = 시가총액 4973584020350)",8
한국타이어앤테크놀로지,161390,2018Q4,2018-12-28,분기말 상장주식수,123875069,API,"https://data-dbg.krx.co.kr/svc/apis/sto/stk_bydd_trd?basDd=20181228 (KOSPI, 한국타이어 ; 종가 40150 × 상장주식수 123875069 = 시가총액 4973584020350)",8
한국타이어앤테크놀로지,161390,2018Q4,2018-12-28,분기말 시가총액,4973584020350,API,"https://data-dbg.krx.co.kr/svc/apis/sto/stk_bydd_trd?basDd=20181228 (KOSPI, 한국타이어 ; 종가 40150 × 상장주식수 123875069 = 시가총액 4973584020350)",8
한국타이어앤테크놀로지,161390,2019Q1,2019-03-31,분기말 자산총계,10392845350871,공시,https://dart.fss.or.kr/dsaf001/main.do?rcpNo=20190515002686,8
한국타이어앤테크놀로지,161390,2019Q1,2019-03-31,분기말 부채총계,3465204458395,공시,https://dart.fss.or.kr/dsaf001/main.do?rcpNo=20190515002686,8
한국타이어앤테크놀로지,161390,2019Q1,2019-03-31,분기말 총자본(자기자본),6927640892476,공시,https://dart.fss.or.kr/dsaf001/main.do?rcpNo=20190515002686,8
한국타이어앤테크놀로지,161390,2019Q1,2019-03-31,분기별 매출액,1642476366422,공시,https://dart.fss.or.kr/dsaf001/main.do?rcpNo=20190515002686,8
한국타이어앤테크놀로지,161390,2019Q1,2019-03-31,분기별 영업이익,140616162323,공시,https://dart.fss.or.kr/dsaf001/main.do?rcpNo=20190515002686,8
한국타이어앤테크놀로지,161390,2019Q1,2019-03-31,분기별 당기순이익(지배),121172387148,공시,https://dart.fss.or.kr/dsaf001/main.do?rcpNo=20190515002686,8
한국타이어앤테크놀로지,161390,2019Q1,2019-03-31,분기별 영업활동현금흐름,5372802672,공시,https://dart.fss.or.kr/dsaf001/main.do?rcpNo=20190515002686,8
한국타이어앤테크놀로지,161390,2019Q1,2019-03-31,분기말 지배지분 자본,6904992453168,공시,https://dart.fss.or.kr/dsaf001/main.do?rcpNo=20190515002686,8
한국타이어앤테크놀로지,161390,2019Q1,2019-03-29,분기말 종가,37450,API,"https://data-dbg.krx.co.kr/svc/apis/sto/stk_bydd_trd?basDd=20190329 (KOSPI, 한국타이어 ; 종가 37450 × 상장주식수 123875069 = 시가총액 4639121334050)",8
한국타이어앤테크놀로지,161390,2019Q1,2019-03-29,분기말 상장주식수,123875069,API,"https://data-dbg.krx.co.kr/svc/apis/sto/stk_bydd_trd?basDd=20190329 (KOSPI, 한국타이어 ; 종가 37450 × 상장주식수 123875069 = 시가총액 4639121334050)",8
한국타이어앤테크놀로지,161390,2019Q1,2019-03-29,분기말 시가총액,4639121334050,API,"https://data-dbg.krx.co.kr/svc/apis/sto/stk_bydd_trd?basDd=20190329 (KOSPI, 한국타이어 ; 종가 37450 × 상장주식수 123875069 = 시가총액 4639121334050)",8
한국타이어앤테크놀로지,161390,2019Q2,2019-06-30,분기말 자산총계,10643919939950,공시,https://dart.fss.or.kr/dsaf001/main.do?rcpNo=20190814002771,8
한국타이어앤테크놀로지,161390,2019Q2,2019-06-30,분기말 부채총계,3565889245620,공시,https://dart.fss.or.kr/dsaf001/main.do?rcpNo=20190814002771,8
한국타이어앤테크놀로지,161390,2019Q2,2019-06-30,분기말 총자본(자기자본),7078030694330,공시,https://dart.fss.or.kr/dsaf001/main.do?rcpNo=20190814002771,8
한국타이어앤테크놀로지,161390,2019Q2,2019-06-30,분기별 매출액,1740558858710,공시,https://dart.fss.or.kr/dsaf001/main.do?rcpNo=20190814002771,8
한국타이어앤테크놀로지,161390,2019Q2,2019-06-30,분기별 영업이익,105718327940,공시,https://dart.fss.or.kr/dsaf001/main.do?rcpNo=20190814002771,8
한국타이어앤테크놀로지,161390,2019Q2,2019-06-30,분기별 당기순이익(지배),90461085823,공시,https://dart.fss.or.kr/dsaf001/main.do?rcpNo=20190814002771,8
한국타이어앤테크놀로지,161390,2019Q2,2019-06-30,분기별 영업활동현금흐름,218848671307,계산(누적차감),https://dart.fss.or.kr/dsaf001/main.do?rcpNo=20190814002771 ; https://dart.fss.or.kr/dsaf001/main.do?rcpNo=20190515002686,8
한국타이어앤테크놀로지,161390,2019Q2,2019-06-30,분기말 지배지분 자본,7050789167019,공시,https://dart.fss.or.kr/dsaf001/main.do?rcpNo=20190814002771,8
한국타이어앤테크놀로지,161390,2019Q2,2019-06-28,분기말 종가,35100,API,"https://data-dbg.krx.co.kr/svc/apis/sto/stk_bydd_trd?basDd=20190628 (KOSPI, 한국타이어앤테크놀로지 ; 종가 35100 × 상장주식수 123875069 = 시가총액 4348014921900)",8
한국타이어앤테크놀로지,161390,2019Q2,2019-06-28,분기말 상장주식수,123875069,API,"https://data-dbg.krx.co.kr/svc/apis/sto/stk_bydd_trd?basDd=20190628 (KOSPI, 한국타이어앤테크놀로지 ; 종가 35100 × 상장주식수 123875069 = 시가총액 4348014921900)",8
한국타이어앤테크놀로지,161390,2019Q2,2019-06-28,분기말 시가총액,4348014921900,API,"https://data-dbg.krx.co.kr/svc/apis/sto/stk_bydd_trd?basDd=20190628 (KOSPI, 한국타이어앤테크놀로지 ; 종가 35100 × 상장주식수 123875069 = 시가총액 4348014921900)",8
한국타이어앤테크놀로지,161390,2019Q3,2019-09-30,분기말 자산총계,10610054786000,공시,https://dart.fss.or.kr/dsaf001/main.do?rcpNo=20191114002717,8
한국타이어앤테크놀로지,161390,2019Q3,2019-09-30,분기말 부채총계,3380607854850,공시,https://dart.fss.or.kr/dsaf001/main.do?rcpNo=20191114002717,8
한국타이어앤테크놀로지,161390,2019Q3,2019-09-30,분기말 총자본(자기자본),7229446931150,공시,https://dart.fss.or.kr/dsaf001/main.do?rcpNo=20191114002717,8
한국타이어앤테크놀로지,161390,2019Q3,2019-09-30,분기별 매출액,1835258553788,공시,https://dart.fss.or.kr/dsaf001/main.do?rcpNo=20191114002717,8
한국타이어앤테크놀로지,161390,2019Q3,2019-09-30,분기별 영업이익,180386511884,공시,https://dart.fss.or.kr/dsaf001/main.do?rcpNo=20191114002717,8
한국타이어앤테크놀로지,161390,2019Q3,2019-09-30,분기별 당기순이익(지배),178707199592,공시,https://dart.fss.or.kr/dsaf001/main.do?rcpNo=20191114002717,8
한국타이어앤테크놀로지,161390,2019Q3,2019-09-30,분기별 영업활동현금흐름,123905591580,계산(누적차감),https://dart.fss.or.kr/dsaf001/main.do?rcpNo=20191114002717 ; https://dart.fss.or.kr/dsaf001/main.do?rcpNo=20190814002771,8
한국타이어앤테크놀로지,161390,2019Q3,2019-09-30,분기말 지배지분 자본,7199996451927,공시,https://dart.fss.or.kr/dsaf001/main.do?rcpNo=20191114002717,8
한국타이어앤테크놀로지,161390,2019Q3,2019-09-30,분기말 종가,32250,API,"https://data-dbg.krx.co.kr/svc/apis/sto/stk_bydd_trd?basDd=20190930 (KOSPI, 한국타이어앤테크놀로지 ; 종가 32250 × 상장주식수 123875069 = 시가총액 3994970975250)",8
한국타이어앤테크놀로지,161390,2019Q3,2019-09-30,분기말 상장주식수,123875069,API,"https://data-dbg.krx.co.kr/svc/apis/sto/stk_bydd_trd?basDd=20190930 (KOSPI, 한국타이어앤테크놀로지 ; 종가 32250 × 상장주식수 123875069 = 시가총액 3994970975250)",8
한국타이어앤테크놀로지,161390,2019Q3,2019-09-30,분기말 시가총액,3994970975250,API,"https://data-dbg.krx.co.kr/svc/apis/sto/stk_bydd_trd?basDd=20190930 (KOSPI, 한국타이어앤테크놀로지 ; 종가 32250 × 상장주식수 123875069 = 시가총액 3994970975250)",8
한국타이어앤테크놀로지,161390,2019Q4,2019-12-31,분기말 자산총계,10164607903070,공시,https://dart.fss.or.kr/dsaf001/main.do?rcpNo=20200330003986,8
한국타이어앤테크놀로지,161390,2019Q4,2019-12-31,분기말 부채총계,2977390789500,공시,https://dart.fss.or.kr/dsaf001/main.do?rcpNo=20200330003986,8
한국타이어앤테크놀로지,161390,2019Q4,2019-12-31,분기말 총자본(자기자본),7187217113570,공시,https://dart.fss.or.kr/dsaf001/main.do?rcpNo=20200330003986,8
한국타이어앤테크놀로지,161390,2019Q4,2019-12-31,분기별 매출액,1664974798515,계산(연간-3분기누적),https://dart.fss.or.kr/dsaf001/main.do?rcpNo=20200330003986 ; https://dart.fss.or.kr/dsaf001/main.do?rcpNo=20191114002717,8
한국타이어앤테크놀로지,161390,2019Q4,2019-12-31,분기별 영업이익,117243829474,계산(연간-3분기누적),https://dart.fss.or.kr/dsaf001/main.do?rcpNo=20200330003986 ; https://dart.fss.or.kr/dsaf001/main.do?rcpNo=20191114002717,8
한국타이어앤테크놀로지,161390,2019Q4,2019-12-31,분기별 당기순이익(지배),29172442150,계산(연간-3분기누적),https://dart.fss.or.kr/dsaf001/main.do?rcpNo=20200330003986 ; https://dart.fss.or.kr/dsaf001/main.do?rcpNo=20191114002717,8
한국타이어앤테크놀로지,161390,2019Q4,2019-12-31,분기별 영업활동현금흐름,412220329103,계산(누적차감),https://dart.fss.or.kr/dsaf001/main.do?rcpNo=20200330003986 ; https://dart.fss.or.kr/dsaf001/main.do?rcpNo=20191114002717,8
한국타이어앤테크놀로지,161390,2019Q4,2019-12-31,분기말 지배지분 자본,7156765953980,공시,https://dart.fss.or.kr/dsaf001/main.do?rcpNo=20200330003986,8
한국타이어앤테크놀로지,161390,2019Q4,2019-12-30,분기말 종가,33550,API,"https://data-dbg.krx.co.kr/svc/apis/sto/stk_bydd_trd?basDd=20191230 (KOSPI, 한국타이어앤테크놀로지 ; 종가 33550 × 상장주식수 123875069 = 시가총액 4156008564950)",8
한국타이어앤테크놀로지,161390,2019Q4,2019-12-30,분기말 상장주식수,123875069,API,"https://data-dbg.krx.co.kr/svc/apis/sto/stk_bydd_trd?basDd=20191230 (KOSPI, 한국타이어앤테크놀로지 ; 종가 33550 × 상장주식수 123875069 = 시가총액 4156008564950)",8
한국타이어앤테크놀로지,161390,2019Q4,2019-12-30,분기말 시가총액,4156008564950,API,"https://data-dbg.krx.co.kr/svc/apis/sto/stk_bydd_trd?basDd=20191230 (KOSPI, 한국타이어앤테크놀로지 ; 종가 33550 × 상장주식수 123875069 = 시가총액 4156008564950)",8
한국타이어앤테크놀로지,161390,2020Q1,2020-03-31,분기말 자산총계,10745205068559,공시,https://dart.fss.or.kr/dsaf001/main.do?rcpNo=20200515001992,8
한국타이어앤테크놀로지,161390,2020Q1,2020-03-31,분기말 부채총계,3468713176739,공시,https://dart.fss.or.kr/dsaf001/main.do?rcpNo=20200515001992,8
한국타이어앤테크놀로지,161390,2020Q1,2020-03-31,분기말 총자본(자기자본),7276491891820,공시,https://dart.fss.or.kr/dsaf001/main.do?rcpNo=20200515001992,8
한국타이어앤테크놀로지,161390,2020Q1,2020-03-31,분기별 매출액,1435764699942,공시,https://dart.fss.or.kr/dsaf001/main.do?rcpNo=20200515001992,8
한국타이어앤테크놀로지,161390,2020Q1,2020-03-31,분기별 영업이익,106000067434,공시,https://dart.fss.or.kr/dsaf001/main.do?rcpNo=20200515001992,8
한국타이어앤테크놀로지,161390,2020Q1,2020-03-31,분기별 당기순이익(지배),95382763751,공시,https://dart.fss.or.kr/dsaf001/main.do?rcpNo=20200515001992,8
한국타이어앤테크놀로지,161390,2020Q1,2020-03-31,분기별 영업활동현금흐름,102342702359,공시,https://dart.fss.or.kr/dsaf001/main.do?rcpNo=20200515001992,8
한국타이어앤테크놀로지,161390,2020Q1,2020-03-31,분기말 지배지분 자본,7248083011376,공시,https://dart.fss.or.kr/dsaf001/main.do?rcpNo=20200515001992,8
한국타이어앤테크놀로지,161390,2020Q1,2020-03-31,분기말 종가,19350,API,https://apis.data.go.kr/1160100/GetStockSecuritiesInfoService_V2/getStockPriceInfo_V2?basDt=20200331&likeSrtnCd=161390 (serviceKey 제외),8
한국타이어앤테크놀로지,161390,2020Q1,2020-03-31,분기말 상장주식수,123875069,API,https://apis.data.go.kr/1160100/GetStockSecuritiesInfoService_V2/getStockPriceInfo_V2?basDt=20200331&likeSrtnCd=161390 (serviceKey 제외),8
한국타이어앤테크놀로지,161390,2020Q1,2020-03-31,분기말 시가총액,2396982585150,API,https://apis.data.go.kr/1160100/GetStockSecuritiesInfoService_V2/getStockPriceInfo_V2?basDt=20200331&likeSrtnCd=161390 (serviceKey 제외),8
한국타이어앤테크놀로지,161390,2020Q2,2020-06-30,분기말 자산총계,10889101148354,공시,https://dart.fss.or.kr/dsaf001/main.do?rcpNo=20200814001272,8
한국타이어앤테크놀로지,161390,2020Q2,2020-06-30,분기말 부채총계,3633294699351,공시,https://dart.fss.or.kr/dsaf001/main.do?rcpNo=20200814001272,8
한국타이어앤테크놀로지,161390,2020Q2,2020-06-30,분기말 총자본(자기자본),7255806449003,공시,https://dart.fss.or.kr/dsaf001/main.do?rcpNo=20200814001272,8
한국타이어앤테크놀로지,161390,2020Q2,2020-06-30,분기별 매출액,1364413186078,공시,https://dart.fss.or.kr/dsaf001/main.do?rcpNo=20200814001272,8
한국타이어앤테크놀로지,161390,2020Q2,2020-06-30,분기별 영업이익,70076622696,공시,https://dart.fss.or.kr/dsaf001/main.do?rcpNo=20200814001272,8
한국타이어앤테크놀로지,161390,2020Q2,2020-06-30,분기별 당기순이익(지배),-6935041858,공시,https://dart.fss.or.kr/dsaf001/main.do?rcpNo=20200814001272,8
한국타이어앤테크놀로지,161390,2020Q2,2020-06-30,분기별 영업활동현금흐름,143628326321,계산(누적차감)(재작성 반영),https://dart.fss.or.kr/dsaf001/main.do?rcpNo=20200814001272 ; https://dart.fss.or.kr/dsaf001/main.do?rcpNo=20200515001992 ; 재작성 출처: https://dart.fss.or.kr/dsaf001/main.do?rcpNo=20210817000682,8
한국타이어앤테크놀로지,161390,2020Q2,2020-06-30,분기말 지배지분 자본,7225266469482,공시,https://dart.fss.or.kr/dsaf001/main.do?rcpNo=20200814001272,8
한국타이어앤테크놀로지,161390,2020Q2,2020-06-30,분기말 종가,24650,API,https://apis.data.go.kr/1160100/GetStockSecuritiesInfoService_V2/getStockPriceInfo_V2?basDt=20200630&likeSrtnCd=161390 (serviceKey 제외),8
한국타이어앤테크놀로지,161390,2020Q2,2020-06-30,분기말 상장주식수,123875069,API,https://apis.data.go.kr/1160100/GetStockSecuritiesInfoService_V2/getStockPriceInfo_V2?basDt=20200630&likeSrtnCd=161390 (serviceKey 제외),8
한국타이어앤테크놀로지,161390,2020Q2,2020-06-30,분기말 시가총액,3053520450850,API,https://apis.data.go.kr/1160100/GetStockSecuritiesInfoService_V2/getStockPriceInfo_V2?basDt=20200630&likeSrtnCd=161390 (serviceKey 제외),8
한국타이어앤테크놀로지,161390,2020Q3,2020-09-30,분기말 자산총계,10842869101423,공시,https://dart.fss.or.kr/dsaf001/main.do?rcpNo=20201116001676,8
한국타이어앤테크놀로지,161390,2020Q3,2020-09-30,분기말 부채총계,3453761693912,공시,https://dart.fss.or.kr/dsaf001/main.do?rcpNo=20201116001676,8
한국타이어앤테크놀로지,161390,2020Q3,2020-09-30,분기말 총자본(자기자본),7389107407511,공시,https://dart.fss.or.kr/dsaf001/main.do?rcpNo=20201116001676,8
한국타이어앤테크놀로지,161390,2020Q3,2020-09-30,분기별 매출액,1886129836480,공시,https://dart.fss.or.kr/dsaf001/main.do?rcpNo=20201116001676,8
한국타이어앤테크놀로지,161390,2020Q3,2020-09-30,분기별 영업이익,224747243971,공시,https://dart.fss.or.kr/dsaf001/main.do?rcpNo=20201116001676,8
한국타이어앤테크놀로지,161390,2020Q3,2020-09-30,분기별 당기순이익(지배),139813258838,공시,https://dart.fss.or.kr/dsaf001/main.do?rcpNo=20201116001676,8
한국타이어앤테크놀로지,161390,2020Q3,2020-09-30,분기별 영업활동현금흐름,447848866047,계산(누적차감)(재작성 반영),https://dart.fss.or.kr/dsaf001/main.do?rcpNo=20201116001676 ; https://dart.fss.or.kr/dsaf001/main.do?rcpNo=20200814001272 ; 재작성 출처: https://dart.fss.or.kr/dsaf001/main.do?rcpNo=20210817000682,8
한국타이어앤테크놀로지,161390,2020Q3,2020-09-30,분기말 지배지분 자본,7356008962182,공시,https://dart.fss.or.kr/dsaf001/main.do?rcpNo=20201116001676,8
한국타이어앤테크놀로지,161390,2020Q3,2020-09-29,분기말 종가,31500,API,https://apis.data.go.kr/1160100/GetStockSecuritiesInfoService_V2/getStockPriceInfo_V2?basDt=20200929&likeSrtnCd=161390 (serviceKey 제외),8
한국타이어앤테크놀로지,161390,2020Q3,2020-09-29,분기말 상장주식수,123875069,API,https://apis.data.go.kr/1160100/GetStockSecuritiesInfoService_V2/getStockPriceInfo_V2?basDt=20200929&likeSrtnCd=161390 (serviceKey 제외),8
한국타이어앤테크놀로지,161390,2020Q3,2020-09-29,분기말 시가총액,3902064673500,API,https://apis.data.go.kr/1160100/GetStockSecuritiesInfoService_V2/getStockPriceInfo_V2?basDt=20200929&likeSrtnCd=161390 (serviceKey 제외),8
한국타이어앤테크놀로지,161390,2020Q4,2020-12-31,분기말 자산총계,10658547888637,공시,https://dart.fss.or.kr/dsaf001/main.do?rcpNo=20210330001593,8
한국타이어앤테크놀로지,161390,2020Q4,2020-12-31,분기말 부채총계,3246400366409,공시,https://dart.fss.or.kr/dsaf001/main.do?rcpNo=20210330001593,8
한국타이어앤테크놀로지,161390,2020Q4,2020-12-31,분기말 총자본(자기자본),7412147522228,공시,https://dart.fss.or.kr/dsaf001/main.do?rcpNo=20210330001593,8
한국타이어앤테크놀로지,161390,2020Q4,2020-12-31,분기별 매출액,1766764062862,계산(연간-3분기누적),https://dart.fss.or.kr/dsaf001/main.do?rcpNo=20210330001593 ; https://dart.fss.or.kr/dsaf001/main.do?rcpNo=20201116001676,8
한국타이어앤테크놀로지,161390,2020Q4,2020-12-31,분기별 영업이익,227446621380,계산(연간-3분기누적),https://dart.fss.or.kr/dsaf001/main.do?rcpNo=20210330001593 ; https://dart.fss.or.kr/dsaf001/main.do?rcpNo=20201116001676,8
한국타이어앤테크놀로지,161390,2020Q4,2020-12-31,분기별 당기순이익(지배),144076224441,계산(연간-3분기누적),https://dart.fss.or.kr/dsaf001/main.do?rcpNo=20210330001593 ; https://dart.fss.or.kr/dsaf001/main.do?rcpNo=20201116001676,8
한국타이어앤테크놀로지,161390,2020Q4,2020-12-31,분기별 영업활동현금흐름,597030905585,계산(누적차감),https://dart.fss.or.kr/dsaf001/main.do?rcpNo=20210330001593 ; https://dart.fss.or.kr/dsaf001/main.do?rcpNo=20201116001676,8
한국타이어앤테크놀로지,161390,2020Q4,2020-12-31,분기말 지배지분 자본,7377494903968,공시,https://dart.fss.or.kr/dsaf001/main.do?rcpNo=20210330001593,8
한국타이어앤테크놀로지,161390,2020Q4,2020-12-30,분기말 종가,39400,API,https://apis.data.go.kr/1160100/GetStockSecuritiesInfoService_V2/getStockPriceInfo_V2?basDt=20201230&likeSrtnCd=161390 (serviceKey 제외),8
한국타이어앤테크놀로지,161390,2020Q4,2020-12-30,분기말 상장주식수,123875069,API,https://apis.data.go.kr/1160100/GetStockSecuritiesInfoService_V2/getStockPriceInfo_V2?basDt=20201230&likeSrtnCd=161390 (serviceKey 제외),8
한국타이어앤테크놀로지,161390,2020Q4,2020-12-30,분기말 시가총액,4880677718600,API,https://apis.data.go.kr/1160100/GetStockSecuritiesInfoService_V2/getStockPriceInfo_V2?basDt=20201230&likeSrtnCd=161390 (serviceKey 제외),8
한국타이어앤테크놀로지,161390,2021Q1,2021-03-31,분기말 자산총계,11061634128452,공시,https://dart.fss.or.kr/dsaf001/main.do?rcpNo=20210517001509,8
한국타이어앤테크놀로지,161390,2021Q1,2021-03-31,분기말 부채총계,3474866741096,공시,https://dart.fss.or.kr/dsaf001/main.do?rcpNo=20210517001509,8
한국타이어앤테크놀로지,161390,2021Q1,2021-03-31,분기말 총자본(자기자본),7586767387356,공시,https://dart.fss.or.kr/dsaf001/main.do?rcpNo=20210517001509,8
한국타이어앤테크놀로지,161390,2021Q1,2021-03-31,분기별 매출액,1616835926098,공시,https://dart.fss.or.kr/dsaf001/main.do?rcpNo=20210517001509,8
한국타이어앤테크놀로지,161390,2021Q1,2021-03-31,분기별 영업이익,186022868363,공시,https://dart.fss.or.kr/dsaf001/main.do?rcpNo=20210517001509,8
한국타이어앤테크놀로지,161390,2021Q1,2021-03-31,분기별 당기순이익(지배),172586185140,공시,https://dart.fss.or.kr/dsaf001/main.do?rcpNo=20210517001509,8
한국타이어앤테크놀로지,161390,2021Q1,2021-03-31,분기별 영업활동현금흐름,85696870469,공시,https://dart.fss.or.kr/dsaf001/main.do?rcpNo=20210517001509,8
한국타이어앤테크놀로지,161390,2021Q1,2021-03-31,분기말 지배지분 자본,7554477784218,공시,https://dart.fss.or.kr/dsaf001/main.do?rcpNo=20210517001509,8
한국타이어앤테크놀로지,161390,2021Q1,2021-03-31,분기말 종가,49050,API,https://apis.data.go.kr/1160100/GetStockSecuritiesInfoService_V2/getStockPriceInfo_V2?basDt=20210331&likeSrtnCd=161390 (serviceKey 제외),8
한국타이어앤테크놀로지,161390,2021Q1,2021-03-31,분기말 상장주식수,123875069,API,https://apis.data.go.kr/1160100/GetStockSecuritiesInfoService_V2/getStockPriceInfo_V2?basDt=20210331&likeSrtnCd=161390 (serviceKey 제외),8
한국타이어앤테크놀로지,161390,2021Q1,2021-03-31,분기말 시가총액,6076072134450,API,https://apis.data.go.kr/1160100/GetStockSecuritiesInfoService_V2/getStockPriceInfo_V2?basDt=20210331&likeSrtnCd=161390 (serviceKey 제외),8
한국타이어앤테크놀로지,161390,2021Q2,2021-06-30,분기말 자산총계,11362654085814,공시,https://dart.fss.or.kr/dsaf001/main.do?rcpNo=20210817000682,8
한국타이어앤테크놀로지,161390,2021Q2,2021-06-30,분기말 부채총계,3529774659489,공시,https://dart.fss.or.kr/dsaf001/main.do?rcpNo=20210817000682,8
한국타이어앤테크놀로지,161390,2021Q2,2021-06-30,분기말 총자본(자기자본),7832879426325,공시,https://dart.fss.or.kr/dsaf001/main.do?rcpNo=20210817000682,8
한국타이어앤테크놀로지,161390,2021Q2,2021-06-30,분기별 매출액,1806360355514,공시,https://dart.fss.or.kr/dsaf001/main.do?rcpNo=20210817000682,8
한국타이어앤테크놀로지,161390,2021Q2,2021-06-30,분기별 영업이익,187029291357,공시,https://dart.fss.or.kr/dsaf001/main.do?rcpNo=20210817000682,8
한국타이어앤테크놀로지,161390,2021Q2,2021-06-30,분기별 당기순이익(지배),160508528398,공시,https://dart.fss.or.kr/dsaf001/main.do?rcpNo=20210817000682,8
한국타이어앤테크놀로지,161390,2021Q2,2021-06-30,분기별 영업활동현금흐름,234416358807,계산(누적차감),https://dart.fss.or.kr/dsaf001/main.do?rcpNo=20210817000682 ; https://dart.fss.or.kr/dsaf001/main.do?rcpNo=20210517001509,8
한국타이어앤테크놀로지,161390,2021Q2,2021-06-30,분기말 지배지분 자본,7799392598869,공시,https://dart.fss.or.kr/dsaf001/main.do?rcpNo=20210817000682,8
한국타이어앤테크놀로지,161390,2021Q2,2021-06-30,분기말 종가,51700,API,https://apis.data.go.kr/1160100/GetStockSecuritiesInfoService_V2/getStockPriceInfo_V2?basDt=20210630&likeSrtnCd=161390 (serviceKey 제외),8
한국타이어앤테크놀로지,161390,2021Q2,2021-06-30,분기말 상장주식수,123875069,API,https://apis.data.go.kr/1160100/GetStockSecuritiesInfoService_V2/getStockPriceInfo_V2?basDt=20210630&likeSrtnCd=161390 (serviceKey 제외),8
한국타이어앤테크놀로지,161390,2021Q2,2021-06-30,분기말 시가총액,6404341067300,API,https://apis.data.go.kr/1160100/GetStockSecuritiesInfoService_V2/getStockPriceInfo_V2?basDt=20210630&likeSrtnCd=161390 (serviceKey 제외),8
한국타이어앤테크놀로지,161390,2021Q3,2021-09-30,분기말 자산총계,11846542346849,공시,https://dart.fss.or.kr/dsaf001/main.do?rcpNo=20211115001781,8
한국타이어앤테크놀로지,161390,2021Q3,2021-09-30,분기말 부채총계,3671529709023,공시,https://dart.fss.or.kr/dsaf001/main.do?rcpNo=20211115001781,8
한국타이어앤테크놀로지,161390,2021Q3,2021-09-30,분기말 총자본(자기자본),8175012637826,공시,https://dart.fss.or.kr/dsaf001/main.do?rcpNo=20211115001781,8
한국타이어앤테크놀로지,161390,2021Q3,2021-09-30,분기별 매출액,1829444008130,공시,https://dart.fss.or.kr/dsaf001/main.do?rcpNo=20211115001781,8
한국타이어앤테크놀로지,161390,2021Q3,2021-09-30,분기별 영업이익,180822326472,공시,https://dart.fss.or.kr/dsaf001/main.do?rcpNo=20211115001781,8
한국타이어앤테크놀로지,161390,2021Q3,2021-09-30,분기별 당기순이익(지배),183272450735,공시,https://dart.fss.or.kr/dsaf001/main.do?rcpNo=20211115001781,8
한국타이어앤테크놀로지,161390,2021Q3,2021-09-30,분기별 영업활동현금흐름,278494014686,계산(누적차감),https://dart.fss.or.kr/dsaf001/main.do?rcpNo=20211115001781 ; https://dart.fss.or.kr/dsaf001/main.do?rcpNo=20210817000682,8
한국타이어앤테크놀로지,161390,2021Q3,2021-09-30,분기말 지배지분 자본,8138764687350,공시,https://dart.fss.or.kr/dsaf001/main.do?rcpNo=20211115001781,8
한국타이어앤테크놀로지,161390,2021Q3,2021-09-30,분기말 종가,43250,API,https://apis.data.go.kr/1160100/GetStockSecuritiesInfoService_V2/getStockPriceInfo_V2?basDt=20210930&likeSrtnCd=161390 (serviceKey 제외),8
한국타이어앤테크놀로지,161390,2021Q3,2021-09-30,분기말 상장주식수,123875069,API,https://apis.data.go.kr/1160100/GetStockSecuritiesInfoService_V2/getStockPriceInfo_V2?basDt=20210930&likeSrtnCd=161390 (serviceKey 제외),8
한국타이어앤테크놀로지,161390,2021Q3,2021-09-30,분기말 시가총액,5357596734250,API,https://apis.data.go.kr/1160100/GetStockSecuritiesInfoService_V2/getStockPriceInfo_V2?basDt=20210930&likeSrtnCd=161390 (serviceKey 제외),8
한국타이어앤테크놀로지,161390,2021Q4,2021-12-31,분기말 자산총계,11694296588021,공시(재작성 반영),https://dart.fss.or.kr/dsaf001/main.do?rcpNo=20220322001106 ; 재작성 출처: https://dart.fss.or.kr/dsaf001/main.do?rcpNo=20230324001266,8
한국타이어앤테크놀로지,161390,2021Q4,2021-12-31,분기말 부채총계,3498782297830,공시,https://dart.fss.or.kr/dsaf001/main.do?rcpNo=20220322001106,8
한국타이어앤테크놀로지,161390,2021Q4,2021-12-31,분기말 총자본(자기자본),8195514290191,공시(재작성 반영),https://dart.fss.or.kr/dsaf001/main.do?rcpNo=20220322001106 ; 재작성 출처: https://dart.fss.or.kr/dsaf001/main.do?rcpNo=20230324001266,8
한국타이어앤테크놀로지,161390,2021Q4,2021-12-31,분기별 매출액,1888496538033,계산(연간-3분기누적),https://dart.fss.or.kr/dsaf001/main.do?rcpNo=20220322001106 ; https://dart.fss.or.kr/dsaf001/main.do?rcpNo=20211115001781,8
한국타이어앤테크놀로지,161390,2021Q4,2021-12-31,분기별 영업이익,88318420250,계산(연간-3분기누적),https://dart.fss.or.kr/dsaf001/main.do?rcpNo=20220322001106 ; https://dart.fss.or.kr/dsaf001/main.do?rcpNo=20211115001781,8
한국타이어앤테크놀로지,161390,2021Q4,2021-12-31,분기별 당기순이익(지배),81446364686,계산(연간-3분기누적),https://dart.fss.or.kr/dsaf001/main.do?rcpNo=20220322001106 ; https://dart.fss.or.kr/dsaf001/main.do?rcpNo=20211115001781,8
한국타이어앤테크놀로지,161390,2021Q4,2021-12-31,분기별 영업활동현금흐름,242920896414,계산(누적차감),https://dart.fss.or.kr/dsaf001/main.do?rcpNo=20220322001106 ; https://dart.fss.or.kr/dsaf001/main.do?rcpNo=20211115001781,8
한국타이어앤테크놀로지,161390,2021Q4,2021-12-31,분기말 지배지분 자본,8158148201234,공시(재작성 반영),https://dart.fss.or.kr/dsaf001/main.do?rcpNo=20220322001106 ; 재작성 출처: https://dart.fss.or.kr/dsaf001/main.do?rcpNo=20230324001266,8
한국타이어앤테크놀로지,161390,2021Q4,2021-12-30,분기말 종가,39700,API,https://apis.data.go.kr/1160100/GetStockSecuritiesInfoService_V2/getStockPriceInfo_V2?basDt=20211230&likeSrtnCd=161390 (serviceKey 제외),8
한국타이어앤테크놀로지,161390,2021Q4,2021-12-30,분기말 상장주식수,123875069,API,https://apis.data.go.kr/1160100/GetStockSecuritiesInfoService_V2/getStockPriceInfo_V2?basDt=20211230&likeSrtnCd=161390 (serviceKey 제외),8
한국타이어앤테크놀로지,161390,2021Q4,2021-12-30,분기말 시가총액,4917840239300,API,https://apis.data.go.kr/1160100/GetStockSecuritiesInfoService_V2/getStockPriceInfo_V2?basDt=20211230&likeSrtnCd=161390 (serviceKey 제외),8
한국타이어앤테크놀로지,161390,2022Q1,2022-03-31,분기말 자산총계,11946635939774,공시,https://dart.fss.or.kr/dsaf001/main.do?rcpNo=20220516001472,8
한국타이어앤테크놀로지,161390,2022Q1,2022-03-31,분기말 부채총계,3621597315145,공시,https://dart.fss.or.kr/dsaf001/main.do?rcpNo=20220516001472,8
한국타이어앤테크놀로지,161390,2022Q1,2022-03-31,분기말 총자본(자기자본),8325038624629,공시,https://dart.fss.or.kr/dsaf001/main.do?rcpNo=20220516001472,8
한국타이어앤테크놀로지,161390,2022Q1,2022-03-31,분기별 매출액,1790669408294,공시,https://dart.fss.or.kr/dsaf001/main.do?rcpNo=20220516001472,8
한국타이어앤테크놀로지,161390,2022Q1,2022-03-31,분기별 영업이익,126068814416,공시,https://dart.fss.or.kr/dsaf001/main.do?rcpNo=20220516001472,8
한국타이어앤테크놀로지,161390,2022Q1,2022-03-31,분기별 당기순이익(지배),109382338398,공시(재작성 반영),https://dart.fss.or.kr/dsaf001/main.do?rcpNo=20220516001472 ; 재작성 출처: https://dart.fss.or.kr/dsaf001/main.do?rcpNo=20230515001970,8
한국타이어앤테크놀로지,161390,2022Q1,2022-03-31,분기별 영업활동현금흐름,108252569004,공시,https://dart.fss.or.kr/dsaf001/main.do?rcpNo=20220516001472,8
한국타이어앤테크놀로지,161390,2022Q1,2022-03-31,분기말 지배지분 자본,8284056034191,공시,https://dart.fss.or.kr/dsaf001/main.do?rcpNo=20220516001472,8
한국타이어앤테크놀로지,161390,2022Q1,2022-03-31,분기말 종가,33650,API,https://apis.data.go.kr/1160100/GetStockSecuritiesInfoService_V2/getStockPriceInfo_V2?basDt=20220331&likeSrtnCd=161390 (serviceKey 제외),8
한국타이어앤테크놀로지,161390,2022Q1,2022-03-31,분기말 상장주식수,123875069,API,https://apis.data.go.kr/1160100/GetStockSecuritiesInfoService_V2/getStockPriceInfo_V2?basDt=20220331&likeSrtnCd=161390 (serviceKey 제외),8
한국타이어앤테크놀로지,161390,2022Q1,2022-03-31,분기말 시가총액,4168396071850,API,https://apis.data.go.kr/1160100/GetStockSecuritiesInfoService_V2/getStockPriceInfo_V2?basDt=20220331&likeSrtnCd=161390 (serviceKey 제외),8
한국타이어앤테크놀로지,161390,2022Q2,2022-06-30,분기말 자산총계,12445841343227,공시,https://dart.fss.or.kr/dsaf001/main.do?rcpNo=20220816002134,8
한국타이어앤테크놀로지,161390,2022Q2,2022-06-30,분기말 부채총계,3793032794027,공시,https://dart.fss.or.kr/dsaf001/main.do?rcpNo=20220816002134,8
한국타이어앤테크놀로지,161390,2022Q2,2022-06-30,분기말 총자본(자기자본),8652808549200,공시,https://dart.fss.or.kr/dsaf001/main.do?rcpNo=20220816002134,8
한국타이어앤테크놀로지,161390,2022Q2,2022-06-30,분기별 매출액,2039983961717,공시,https://dart.fss.or.kr/dsaf001/main.do?rcpNo=20220816002134,8
한국타이어앤테크놀로지,161390,2022Q2,2022-06-30,분기별 영업이익,175274333855,공시,https://dart.fss.or.kr/dsaf001/main.do?rcpNo=20220816002134,8
한국타이어앤테크놀로지,161390,2022Q2,2022-06-30,분기별 당기순이익(지배),317884391515,공시,https://dart.fss.or.kr/dsaf001/main.do?rcpNo=20220816002134,8
한국타이어앤테크놀로지,161390,2022Q2,2022-06-30,분기별 영업활동현금흐름,69139035322,계산(누적차감),https://dart.fss.or.kr/dsaf001/main.do?rcpNo=20220816002134 ; https://dart.fss.or.kr/dsaf001/main.do?rcpNo=20220516001472,8
한국타이어앤테크놀로지,161390,2022Q2,2022-06-30,분기말 지배지분 자본,8605685202603,공시,https://dart.fss.or.kr/dsaf001/main.do?rcpNo=20220816002134,8
한국타이어앤테크놀로지,161390,2022Q2,2022-06-30,분기말 종가,32950,API,https://apis.data.go.kr/1160100/GetStockSecuritiesInfoService_V2/getStockPriceInfo_V2?basDt=20220630&likeSrtnCd=161390 (serviceKey 제외),8
한국타이어앤테크놀로지,161390,2022Q2,2022-06-30,분기말 상장주식수,123875069,API,https://apis.data.go.kr/1160100/GetStockSecuritiesInfoService_V2/getStockPriceInfo_V2?basDt=20220630&likeSrtnCd=161390 (serviceKey 제외),8
한국타이어앤테크놀로지,161390,2022Q2,2022-06-30,분기말 시가총액,4081683523550,API,https://apis.data.go.kr/1160100/GetStockSecuritiesInfoService_V2/getStockPriceInfo_V2?basDt=20220630&likeSrtnCd=161390 (serviceKey 제외),8
한국타이어앤테크놀로지,161390,2022Q3,2022-09-30,분기말 자산총계,13446360118200,공시,https://dart.fss.or.kr/dsaf001/main.do?rcpNo=20221114001472,8
한국타이어앤테크놀로지,161390,2022Q3,2022-09-30,분기말 부채총계,4270644214918,공시,https://dart.fss.or.kr/dsaf001/main.do?rcpNo=20221114001472,8
한국타이어앤테크놀로지,161390,2022Q3,2022-09-30,분기말 총자본(자기자본),9175715903282,공시,https://dart.fss.or.kr/dsaf001/main.do?rcpNo=20221114001472,8
한국타이어앤테크놀로지,161390,2022Q3,2022-09-30,분기별 매출액,2299721128128,공시,https://dart.fss.or.kr/dsaf001/main.do?rcpNo=20221114001472,8
한국타이어앤테크놀로지,161390,2022Q3,2022-09-30,분기별 영업이익,192426440486,공시,https://dart.fss.or.kr/dsaf001/main.do?rcpNo=20221114001472,8
한국타이어앤테크놀로지,161390,2022Q3,2022-09-30,분기별 당기순이익(지배),228061897101,공시,https://dart.fss.or.kr/dsaf001/main.do?rcpNo=20221114001472,8
한국타이어앤테크놀로지,161390,2022Q3,2022-09-30,분기별 영업활동현금흐름,14677463431,계산(누적차감),https://dart.fss.or.kr/dsaf001/main.do?rcpNo=20221114001472 ; https://dart.fss.or.kr/dsaf001/main.do?rcpNo=20220816002134,8
한국타이어앤테크놀로지,161390,2022Q3,2022-09-30,분기말 지배지분 자본,9109554001721,공시,https://dart.fss.or.kr/dsaf001/main.do?rcpNo=20221114001472,8
한국타이어앤테크놀로지,161390,2022Q3,2022-09-30,분기말 종가,35250,API,https://apis.data.go.kr/1160100/GetStockSecuritiesInfoService_V2/getStockPriceInfo_V2?basDt=20220930&likeSrtnCd=161390 (serviceKey 제외),8
한국타이어앤테크놀로지,161390,2022Q3,2022-09-30,분기말 상장주식수,123875069,API,https://apis.data.go.kr/1160100/GetStockSecuritiesInfoService_V2/getStockPriceInfo_V2?basDt=20220930&likeSrtnCd=161390 (serviceKey 제외),8
한국타이어앤테크놀로지,161390,2022Q3,2022-09-30,분기말 시가총액,4366596182250,API,https://apis.data.go.kr/1160100/GetStockSecuritiesInfoService_V2/getStockPriceInfo_V2?basDt=20220930&likeSrtnCd=161390 (serviceKey 제외),8
한국타이어앤테크놀로지,161390,2022Q4,2022-12-31,분기말 자산총계,12581364159005,공시,https://dart.fss.or.kr/dsaf001/main.do?rcpNo=20230324001266,8
한국타이어앤테크놀로지,161390,2022Q4,2022-12-31,분기말 부채총계,3705654911026,공시,https://dart.fss.or.kr/dsaf001/main.do?rcpNo=20230324001266,8
한국타이어앤테크놀로지,161390,2022Q4,2022-12-31,분기말 총자본(자기자본),8875709247979,공시,https://dart.fss.or.kr/dsaf001/main.do?rcpNo=20230324001266,8
한국타이어앤테크놀로지,161390,2022Q4,2022-12-31,분기별 매출액,2263828538372,계산(연간-3분기누적),https://dart.fss.or.kr/dsaf001/main.do?rcpNo=20230324001266 ; https://dart.fss.or.kr/dsaf001/main.do?rcpNo=20221114001472,8
한국타이어앤테크놀로지,161390,2022Q4,2022-12-31,분기별 영업이익,212048500282,계산(연간-3분기누적),https://dart.fss.or.kr/dsaf001/main.do?rcpNo=20230324001266 ; https://dart.fss.or.kr/dsaf001/main.do?rcpNo=20221114001472,8
한국타이어앤테크놀로지,161390,2022Q4,2022-12-31,분기별 당기순이익(지배),34920244515,계산(연간-3분기누적)(재작성 반영),https://dart.fss.or.kr/dsaf001/main.do?rcpNo=20230324001266 ; https://dart.fss.or.kr/dsaf001/main.do?rcpNo=20221114001472 ; 재작성 출처: https://dart.fss.or.kr/dsaf001/main.do?rcpNo=20231114000510,8
한국타이어앤테크놀로지,161390,2022Q4,2022-12-31,분기별 영업활동현금흐름,312501632592,계산(누적차감),https://dart.fss.or.kr/dsaf001/main.do?rcpNo=20230324001266 ; https://dart.fss.or.kr/dsaf001/main.do?rcpNo=20221114001472,8
한국타이어앤테크놀로지,161390,2022Q4,2022-12-31,분기말 지배지분 자본,8807110452160,공시,https://dart.fss.or.kr/dsaf001/main.do?rcpNo=20230324001266,8
한국타이어앤테크놀로지,161390,2022Q4,2022-12-29,분기말 종가,31150,API,https://apis.data.go.kr/1160100/GetStockSecuritiesInfoService_V2/getStockPriceInfo_V2?basDt=20221229&likeSrtnCd=161390 (serviceKey 제외),8
한국타이어앤테크놀로지,161390,2022Q4,2022-12-29,분기말 상장주식수,123875069,API,https://apis.data.go.kr/1160100/GetStockSecuritiesInfoService_V2/getStockPriceInfo_V2?basDt=20221229&likeSrtnCd=161390 (serviceKey 제외),8
한국타이어앤테크놀로지,161390,2022Q4,2022-12-29,분기말 시가총액,3858708399350,API,https://apis.data.go.kr/1160100/GetStockSecuritiesInfoService_V2/getStockPriceInfo_V2?basDt=20221229&likeSrtnCd=161390 (serviceKey 제외),8
한국타이어앤테크놀로지,161390,2023Q1,2023-03-31,분기말 자산총계,12712227261699,공시,https://dart.fss.or.kr/dsaf001/main.do?rcpNo=20230515001970,8
한국타이어앤테크놀로지,161390,2023Q1,2023-03-31,분기말 부채총계,3525366671415,공시,https://dart.fss.or.kr/dsaf001/main.do?rcpNo=20230515001970,8
한국타이어앤테크놀로지,161390,2023Q1,2023-03-31,분기말 총자본(자기자본),9186860590284,공시,https://dart.fss.or.kr/dsaf001/main.do?rcpNo=20230515001970,8
한국타이어앤테크놀로지,161390,2023Q1,2023-03-31,분기별 매출액,2104078343832,공시,https://dart.fss.or.kr/dsaf001/main.do?rcpNo=20230515001970,8
한국타이어앤테크놀로지,161390,2023Q1,2023-03-31,분기별 영업이익,190938507425,공시,https://dart.fss.or.kr/dsaf001/main.do?rcpNo=20230515001970,8
한국타이어앤테크놀로지,161390,2023Q1,2023-03-31,분기별 당기순이익(지배),92040771788,공시,https://dart.fss.or.kr/dsaf001/main.do?rcpNo=20230515001970,8
한국타이어앤테크놀로지,161390,2023Q1,2023-03-31,분기별 영업활동현금흐름,260909005316,공시,https://dart.fss.or.kr/dsaf001/main.do?rcpNo=20230515001970,8
한국타이어앤테크놀로지,161390,2023Q1,2023-03-31,분기말 지배지분 자본,9114544274748,공시,https://dart.fss.or.kr/dsaf001/main.do?rcpNo=20230515001970,8
한국타이어앤테크놀로지,161390,2023Q1,2023-03-31,분기말 종가,34800,API,https://apis.data.go.kr/1160100/GetStockSecuritiesInfoService_V2/getStockPriceInfo_V2?basDt=20230331&likeSrtnCd=161390 (serviceKey 제외),8
한국타이어앤테크놀로지,161390,2023Q1,2023-03-31,분기말 상장주식수,123875069,API,https://apis.data.go.kr/1160100/GetStockSecuritiesInfoService_V2/getStockPriceInfo_V2?basDt=20230331&likeSrtnCd=161390 (serviceKey 제외),8
한국타이어앤테크놀로지,161390,2023Q1,2023-03-31,분기말 시가총액,4310852401200,API,https://apis.data.go.kr/1160100/GetStockSecuritiesInfoService_V2/getStockPriceInfo_V2?basDt=20230331&likeSrtnCd=161390 (serviceKey 제외),8
한국타이어앤테크놀로지,161390,2023Q2,2023-06-30,분기말 자산총계,12424040250086,공시,https://dart.fss.or.kr/dsaf001/main.do?rcpNo=20230811001514,8
한국타이어앤테크놀로지,161390,2023Q2,2023-06-30,분기말 부채총계,3158636302274,공시,https://dart.fss.or.kr/dsaf001/main.do?rcpNo=20230811001514,8
한국타이어앤테크놀로지,161390,2023Q2,2023-06-30,분기말 총자본(자기자본),9265403947812,공시,https://dart.fss.or.kr/dsaf001/main.do?rcpNo=20230811001514,8
한국타이어앤테크놀로지,161390,2023Q2,2023-06-30,분기별 매출액,2263456312718,공시,https://dart.fss.or.kr/dsaf001/main.do?rcpNo=20230811001514,8
한국타이어앤테크놀로지,161390,2023Q2,2023-06-30,분기별 영업이익,248220819399,공시,https://dart.fss.or.kr/dsaf001/main.do?rcpNo=20230811001514,8
한국타이어앤테크놀로지,161390,2023Q2,2023-06-30,분기별 당기순이익(지배),138925849118,공시,https://dart.fss.or.kr/dsaf001/main.do?rcpNo=20230811001514,8
한국타이어앤테크놀로지,161390,2023Q2,2023-06-30,분기별 영업활동현금흐름,438697294636,계산(누적차감),https://dart.fss.or.kr/dsaf001/main.do?rcpNo=20230811001514 ; https://dart.fss.or.kr/dsaf001/main.do?rcpNo=20230515001970,8
한국타이어앤테크놀로지,161390,2023Q2,2023-06-30,분기말 지배지분 자본,9190864691471,공시,https://dart.fss.or.kr/dsaf001/main.do?rcpNo=20230811001514,8
한국타이어앤테크놀로지,161390,2023Q2,2023-06-30,분기말 종가,34400,API,https://apis.data.go.kr/1160100/GetStockSecuritiesInfoService_V2/getStockPriceInfo_V2?basDt=20230630&likeSrtnCd=161390 (serviceKey 제외),8
한국타이어앤테크놀로지,161390,2023Q2,2023-06-30,분기말 상장주식수,123875069,API,https://apis.data.go.kr/1160100/GetStockSecuritiesInfoService_V2/getStockPriceInfo_V2?basDt=20230630&likeSrtnCd=161390 (serviceKey 제외),8
한국타이어앤테크놀로지,161390,2023Q2,2023-06-30,분기말 시가총액,4261302373600,API,https://apis.data.go.kr/1160100/GetStockSecuritiesInfoService_V2/getStockPriceInfo_V2?basDt=20230630&likeSrtnCd=161390 (serviceKey 제외),8
한국타이어앤테크놀로지,161390,2023Q3,2023-09-30,분기말 자산총계,12833442924158,공시,https://dart.fss.or.kr/dsaf001/main.do?rcpNo=20231114000510,8
한국타이어앤테크놀로지,161390,2023Q3,2023-09-30,분기말 부채총계,3264677018958,공시,https://dart.fss.or.kr/dsaf001/main.do?rcpNo=20231114000510,8
한국타이어앤테크놀로지,161390,2023Q3,2023-09-30,분기말 총자본(자기자본),9568765905200,공시,https://dart.fss.or.kr/dsaf001/main.do?rcpNo=20231114000510,8
한국타이어앤테크놀로지,161390,2023Q3,2023-09-30,분기별 매출액,2340056955401,공시,https://dart.fss.or.kr/dsaf001/main.do?rcpNo=20231114000510,8
한국타이어앤테크놀로지,161390,2023Q3,2023-09-30,분기별 영업이익,396377269196,공시,https://dart.fss.or.kr/dsaf001/main.do?rcpNo=20231114000510,8
한국타이어앤테크놀로지,161390,2023Q3,2023-09-30,분기별 당기순이익(지배),298332712472,공시,https://dart.fss.or.kr/dsaf001/main.do?rcpNo=20231114000510,8
한국타이어앤테크놀로지,161390,2023Q3,2023-09-30,분기별 영업활동현금흐름,526906896879,계산(누적차감)(재작성 반영),https://dart.fss.or.kr/dsaf001/main.do?rcpNo=20231114000510 ; https://dart.fss.or.kr/dsaf001/main.do?rcpNo=20230811001514 ; 재작성 출처: https://dart.fss.or.kr/dsaf001/main.do?rcpNo=20241114001957,8
한국타이어앤테크놀로지,161390,2023Q3,2023-09-30,분기말 지배지분 자본,9491856560450,공시,https://dart.fss.or.kr/dsaf001/main.do?rcpNo=20231114000510,8
한국타이어앤테크놀로지,161390,2023Q3,2023-09-27,분기말 종가,39600,API,https://apis.data.go.kr/1160100/GetStockSecuritiesInfoService_V2/getStockPriceInfo_V2?basDt=20230927&likeSrtnCd=161390 (serviceKey 제외),8
한국타이어앤테크놀로지,161390,2023Q3,2023-09-27,분기말 상장주식수,123875069,API,https://apis.data.go.kr/1160100/GetStockSecuritiesInfoService_V2/getStockPriceInfo_V2?basDt=20230927&likeSrtnCd=161390 (serviceKey 제외),8
한국타이어앤테크놀로지,161390,2023Q3,2023-09-27,분기말 시가총액,4905452732400,API,https://apis.data.go.kr/1160100/GetStockSecuritiesInfoService_V2/getStockPriceInfo_V2?basDt=20230927&likeSrtnCd=161390 (serviceKey 제외),8
한국타이어앤테크놀로지,161390,2023Q4,2023-12-31,분기말 자산총계,12763305688360,공시,https://dart.fss.or.kr/dsaf001/main.do?rcpNo=20240325000791,8
한국타이어앤테크놀로지,161390,2023Q4,2023-12-31,분기말 부채총계,3133752512020,공시,https://dart.fss.or.kr/dsaf001/main.do?rcpNo=20240325000791,8
한국타이어앤테크놀로지,161390,2023Q4,2023-12-31,분기말 총자본(자기자본),9629553176340,공시,https://dart.fss.or.kr/dsaf001/main.do?rcpNo=20240325000791,8
한국타이어앤테크놀로지,161390,2023Q4,2023-12-31,분기별 매출액,2232029863556,계산(연간-3분기누적),https://dart.fss.or.kr/dsaf001/main.do?rcpNo=20240325000791 ; https://dart.fss.or.kr/dsaf001/main.do?rcpNo=20231114000510,8
한국타이어앤테크놀로지,161390,2023Q4,2023-12-31,분기별 영업이익,492408724771,계산(연간-3분기누적),https://dart.fss.or.kr/dsaf001/main.do?rcpNo=20240325000791 ; https://dart.fss.or.kr/dsaf001/main.do?rcpNo=20231114000510,8
한국타이어앤테크놀로지,161390,2023Q4,2023-12-31,분기별 당기순이익(지배),190918315912,계산(연간-3분기누적),https://dart.fss.or.kr/dsaf001/main.do?rcpNo=20240325000791 ; https://dart.fss.or.kr/dsaf001/main.do?rcpNo=20231114000510,8
한국타이어앤테크놀로지,161390,2023Q4,2023-12-31,분기별 영업활동현금흐름,746659297693,계산(누적차감)(재작성 반영),https://dart.fss.or.kr/dsaf001/main.do?rcpNo=20240325000791 ; https://dart.fss.or.kr/dsaf001/main.do?rcpNo=20231114000510 ; 재작성 출처: https://dart.fss.or.kr/dsaf001/main.do?rcpNo=20241114001957,8
한국타이어앤테크놀로지,161390,2023Q4,2023-12-31,분기말 지배지분 자본,9552508438545,공시,https://dart.fss.or.kr/dsaf001/main.do?rcpNo=20240325000791,8
한국타이어앤테크놀로지,161390,2023Q4,2023-12-28,분기말 종가,45400,API,https://apis.data.go.kr/1160100/GetStockSecuritiesInfoService_V2/getStockPriceInfo_V2?basDt=20231228&likeSrtnCd=161390 (serviceKey 제외),8
한국타이어앤테크놀로지,161390,2023Q4,2023-12-28,분기말 상장주식수,123875069,API,https://apis.data.go.kr/1160100/GetStockSecuritiesInfoService_V2/getStockPriceInfo_V2?basDt=20231228&likeSrtnCd=161390 (serviceKey 제외),8
한국타이어앤테크놀로지,161390,2023Q4,2023-12-28,분기말 시가총액,5623928132600,API,https://apis.data.go.kr/1160100/GetStockSecuritiesInfoService_V2/getStockPriceInfo_V2?basDt=20231228&likeSrtnCd=161390 (serviceKey 제외),8
한국타이어앤테크놀로지,161390,2024Q1,2024-03-31,분기말 자산총계,13345822177508,공시,https://dart.fss.or.kr/dsaf001/main.do?rcpNo=20240516001725,8
한국타이어앤테크놀로지,161390,2024Q1,2024-03-31,분기말 부채총계,3375828664103,공시,https://dart.fss.or.kr/dsaf001/main.do?rcpNo=20240516001725,8
한국타이어앤테크놀로지,161390,2024Q1,2024-03-31,분기말 총자본(자기자본),9969993513405,공시,https://dart.fss.or.kr/dsaf001/main.do?rcpNo=20240516001725,8
한국타이어앤테크놀로지,161390,2024Q1,2024-03-31,분기별 매출액,2127259809625,공시,https://dart.fss.or.kr/dsaf001/main.do?rcpNo=20240516001725,8
한국타이어앤테크놀로지,161390,2024Q1,2024-03-31,분기별 영업이익,398743307317,공시,https://dart.fss.or.kr/dsaf001/main.do?rcpNo=20240516001725,8
한국타이어앤테크놀로지,161390,2024Q1,2024-03-31,분기별 당기순이익(지배),356052217974,공시,https://dart.fss.or.kr/dsaf001/main.do?rcpNo=20240516001725,8
한국타이어앤테크놀로지,161390,2024Q1,2024-03-31,분기별 영업활동현금흐름,341309964875,공시(재작성 반영),https://dart.fss.or.kr/dsaf001/main.do?rcpNo=20240516001725 ; 재작성 출처: https://dart.fss.or.kr/dsaf001/main.do?rcpNo=20250515001037,8
한국타이어앤테크놀로지,161390,2024Q1,2024-03-31,분기말 지배지분 자본,9888104904963,공시,https://dart.fss.or.kr/dsaf001/main.do?rcpNo=20240516001725,8
한국타이어앤테크놀로지,161390,2024Q1,2024-03-29,분기말 종가,54200,API,https://apis.data.go.kr/1160100/GetStockSecuritiesInfoService_V2/getStockPriceInfo_V2?basDt=20240329&likeSrtnCd=161390 (serviceKey 제외),8
한국타이어앤테크놀로지,161390,2024Q1,2024-03-29,분기말 상장주식수,123875069,API,https://apis.data.go.kr/1160100/GetStockSecuritiesInfoService_V2/getStockPriceInfo_V2?basDt=20240329&likeSrtnCd=161390 (serviceKey 제외),8
한국타이어앤테크놀로지,161390,2024Q1,2024-03-29,분기말 시가총액,6714028739800,API,https://apis.data.go.kr/1160100/GetStockSecuritiesInfoService_V2/getStockPriceInfo_V2?basDt=20240329&likeSrtnCd=161390 (serviceKey 제외),8
한국타이어앤테크놀로지,161390,2024Q2,2024-06-30,분기말 자산총계,13778697825386,공시,https://dart.fss.or.kr/dsaf001/main.do?rcpNo=20240814002602,8
한국타이어앤테크놀로지,161390,2024Q2,2024-06-30,분기말 부채총계,3325442222914,공시,https://dart.fss.or.kr/dsaf001/main.do?rcpNo=20240814002602,8
한국타이어앤테크놀로지,161390,2024Q2,2024-06-30,분기말 총자본(자기자본),10453255602472,공시,https://dart.fss.or.kr/dsaf001/main.do?rcpNo=20240814002602,8
한국타이어앤테크놀로지,161390,2024Q2,2024-06-30,분기별 매출액,2317897362730,공시,https://dart.fss.or.kr/dsaf001/main.do?rcpNo=20240814002602,8
한국타이어앤테크놀로지,161390,2024Q2,2024-06-30,분기별 영업이익,420037687992,공시,https://dart.fss.or.kr/dsaf001/main.do?rcpNo=20240814002602,8
한국타이어앤테크놀로지,161390,2024Q2,2024-06-30,분기별 당기순이익(지배),317042269175,공시,https://dart.fss.or.kr/dsaf001/main.do?rcpNo=20240814002602,8
한국타이어앤테크놀로지,161390,2024Q2,2024-06-30,분기별 영업활동현금흐름,512957542160,계산(누적차감)(재작성 반영),https://dart.fss.or.kr/dsaf001/main.do?rcpNo=20240814002602 ; https://dart.fss.or.kr/dsaf001/main.do?rcpNo=20240516001725 ; 재작성 출처: https://dart.fss.or.kr/dsaf001/main.do?rcpNo=20250515001037 ; https://dart.fss.or.kr/dsaf001/main.do?rcpNo=20250814003829,8
한국타이어앤테크놀로지,161390,2024Q2,2024-06-30,분기말 지배지분 자본,10364747771906,공시,https://dart.fss.or.kr/dsaf001/main.do?rcpNo=20240814002602,8
한국타이어앤테크놀로지,161390,2024Q2,2024-06-28,분기말 종가,45200,API,https://apis.data.go.kr/1160100/GetStockSecuritiesInfoService_V2/getStockPriceInfo_V2?basDt=20240628&likeSrtnCd=161390 (serviceKey 제외),8
한국타이어앤테크놀로지,161390,2024Q2,2024-06-28,분기말 상장주식수,123875069,API,https://apis.data.go.kr/1160100/GetStockSecuritiesInfoService_V2/getStockPriceInfo_V2?basDt=20240628&likeSrtnCd=161390 (serviceKey 제외),8
한국타이어앤테크놀로지,161390,2024Q2,2024-06-28,분기말 시가총액,5599153118800,API,https://apis.data.go.kr/1160100/GetStockSecuritiesInfoService_V2/getStockPriceInfo_V2?basDt=20240628&likeSrtnCd=161390 (serviceKey 제외),8
한국타이어앤테크놀로지,161390,2024Q3,2024-09-30,분기말 자산총계,14180968641190,공시,https://dart.fss.or.kr/dsaf001/main.do?rcpNo=20241114001957,8
한국타이어앤테크놀로지,161390,2024Q3,2024-09-30,분기말 부채총계,3460429658327,공시,https://dart.fss.or.kr/dsaf001/main.do?rcpNo=20241114001957,8
한국타이어앤테크놀로지,161390,2024Q3,2024-09-30,분기말 총자본(자기자본),10720538982863,공시,https://dart.fss.or.kr/dsaf001/main.do?rcpNo=20241114001957,8
한국타이어앤테크놀로지,161390,2024Q3,2024-09-30,분기별 매출액,2435262048510,공시,https://dart.fss.or.kr/dsaf001/main.do?rcpNo=20241114001957,8
한국타이어앤테크놀로지,161390,2024Q3,2024-09-30,분기별 영업이익,470229012441,공시,https://dart.fss.or.kr/dsaf001/main.do?rcpNo=20241114001957,8
한국타이어앤테크놀로지,161390,2024Q3,2024-09-30,분기별 당기순이익(지배),382586785709,공시,https://dart.fss.or.kr/dsaf001/main.do?rcpNo=20241114001957,8
한국타이어앤테크놀로지,161390,2024Q3,2024-09-30,분기별 영업활동현금흐름,355281800024,계산(누적차감)(재작성 반영),https://dart.fss.or.kr/dsaf001/main.do?rcpNo=20241114001957 ; https://dart.fss.or.kr/dsaf001/main.do?rcpNo=20240814002602 ; 재작성 출처: https://dart.fss.or.kr/dsaf001/main.do?rcpNo=20250814003829,8
한국타이어앤테크놀로지,161390,2024Q3,2024-09-30,분기말 지배지분 자본,10628924078881,공시,https://dart.fss.or.kr/dsaf001/main.do?rcpNo=20241114001957,8
한국타이어앤테크놀로지,161390,2024Q3,2024-09-30,분기말 종가,41450,API,https://apis.data.go.kr/1160100/GetStockSecuritiesInfoService_V2/getStockPriceInfo_V2?basDt=20240930&likeSrtnCd=161390 (serviceKey 제외),8
한국타이어앤테크놀로지,161390,2024Q3,2024-09-30,분기말 상장주식수,123875069,API,https://apis.data.go.kr/1160100/GetStockSecuritiesInfoService_V2/getStockPriceInfo_V2?basDt=20240930&likeSrtnCd=161390 (serviceKey 제외),8
한국타이어앤테크놀로지,161390,2024Q3,2024-09-30,분기말 시가총액,5134621610050,API,https://apis.data.go.kr/1160100/GetStockSecuritiesInfoService_V2/getStockPriceInfo_V2?basDt=20240930&likeSrtnCd=161390 (serviceKey 제외),8
한국타이어앤테크놀로지,161390,2024Q4,2024-12-31,분기말 자산총계,15849744509888,공시,https://dart.fss.or.kr/dsaf001/main.do?rcpNo=20250318001355,8
한국타이어앤테크놀로지,161390,2024Q4,2024-12-31,분기말 부채총계,4654891700069,공시,https://dart.fss.or.kr/dsaf001/main.do?rcpNo=20250318001355,8
한국타이어앤테크놀로지,161390,2024Q4,2024-12-31,분기말 총자본(자기자본),11194852809819,공시,https://dart.fss.or.kr/dsaf001/main.do?rcpNo=20250318001355,8
한국타이어앤테크놀로지,161390,2024Q4,2024-12-31,분기별 매출액,2531528706131,계산(연간-3분기누적),https://dart.fss.or.kr/dsaf001/main.do?rcpNo=20250318001355 ; https://dart.fss.or.kr/dsaf001/main.do?rcpNo=20241114001957,8
한국타이어앤테크놀로지,161390,2024Q4,2024-12-31,분기별 영업이익,473250280351,계산(연간-3분기누적),https://dart.fss.or.kr/dsaf001/main.do?rcpNo=20250318001355 ; https://dart.fss.or.kr/dsaf001/main.do?rcpNo=20241114001957,8
한국타이어앤테크놀로지,161390,2024Q4,2024-12-31,분기별 당기순이익(지배),58947277332,계산(연간-3분기누적),https://dart.fss.or.kr/dsaf001/main.do?rcpNo=20250318001355 ; https://dart.fss.or.kr/dsaf001/main.do?rcpNo=20241114001957,8
한국타이어앤테크놀로지,161390,2024Q4,2024-12-31,분기별 영업활동현금흐름,676562050703,계산(누적차감),https://dart.fss.or.kr/dsaf001/main.do?rcpNo=20250318001355 ; https://dart.fss.or.kr/dsaf001/main.do?rcpNo=20241114001957,8
한국타이어앤테크놀로지,161390,2024Q4,2024-12-31,분기말 지배지분 자본,11100370242882,공시,https://dart.fss.or.kr/dsaf001/main.do?rcpNo=20250318001355,8
한국타이어앤테크놀로지,161390,2024Q4,2024-12-30,분기말 종가,38400,API,https://apis.data.go.kr/1160100/GetStockSecuritiesInfoService_V2/getStockPriceInfo_V2?basDt=20241230&likeSrtnCd=161390 (serviceKey 제외),8
한국타이어앤테크놀로지,161390,2024Q4,2024-12-30,분기말 상장주식수,123875069,API,https://apis.data.go.kr/1160100/GetStockSecuritiesInfoService_V2/getStockPriceInfo_V2?basDt=20241230&likeSrtnCd=161390 (serviceKey 제외),8
한국타이어앤테크놀로지,161390,2024Q4,2024-12-30,분기말 시가총액,4756802649600,API,https://apis.data.go.kr/1160100/GetStockSecuritiesInfoService_V2/getStockPriceInfo_V2?basDt=20241230&likeSrtnCd=161390 (serviceKey 제외),8
한국타이어앤테크놀로지,161390,2025Q1,2025-03-31,분기말 자산총계,24154602999839,공시,https://dart.fss.or.kr/dsaf001/main.do?rcpNo=20250515001037,8
한국타이어앤테크놀로지,161390,2025Q1,2025-03-31,분기말 부채총계,12033741941034,공시,https://dart.fss.or.kr/dsaf001/main.do?rcpNo=20250515001037,8
한국타이어앤테크놀로지,161390,2025Q1,2025-03-31,분기말 총자본(자기자본),12120861058805,공시,https://dart.fss.or.kr/dsaf001/main.do?rcpNo=20250515001037,8
한국타이어앤테크놀로지,161390,2025Q1,2025-03-31,분기별 매출액,4963667180882,공시,https://dart.fss.or.kr/dsaf001/main.do?rcpNo=20250515001037,8
한국타이어앤테크놀로지,161390,2025Q1,2025-03-31,분기별 영업이익,354643729430,공시,https://dart.fss.or.kr/dsaf001/main.do?rcpNo=20250515001037,8
한국타이어앤테크놀로지,161390,2025Q1,2025-03-31,분기별 당기순이익(지배),319693689297,공시,https://dart.fss.or.kr/dsaf001/main.do?rcpNo=20250515001037,8
한국타이어앤테크놀로지,161390,2025Q1,2025-03-31,분기별 영업활동현금흐름,-50415843983,공시,https://dart.fss.or.kr/dsaf001/main.do?rcpNo=20250515001037,8
한국타이어앤테크놀로지,161390,2025Q1,2025-03-31,분기말 지배지분 자본,11148275603315,공시,https://dart.fss.or.kr/dsaf001/main.do?rcpNo=20250515001037,8
한국타이어앤테크놀로지,161390,2025Q1,2025-03-31,분기말 종가,39450,API,https://apis.data.go.kr/1160100/GetStockSecuritiesInfoService_V2/getStockPriceInfo_V2?basDt=20250331&likeSrtnCd=161390 (serviceKey 제외),8
한국타이어앤테크놀로지,161390,2025Q1,2025-03-31,분기말 상장주식수,123875069,API,https://apis.data.go.kr/1160100/GetStockSecuritiesInfoService_V2/getStockPriceInfo_V2?basDt=20250331&likeSrtnCd=161390 (serviceKey 제외),8
한국타이어앤테크놀로지,161390,2025Q1,2025-03-31,분기말 시가총액,4886871472050,API,https://apis.data.go.kr/1160100/GetStockSecuritiesInfoService_V2/getStockPriceInfo_V2?basDt=20250331&likeSrtnCd=161390 (serviceKey 제외),8
한국타이어앤테크놀로지,161390,2025Q2,2025-06-30,분기말 자산총계,25195933567572,공시,https://dart.fss.or.kr/dsaf001/main.do?rcpNo=20250814003829,8
한국타이어앤테크놀로지,161390,2025Q2,2025-06-30,분기말 부채총계,12669076750091,공시,https://dart.fss.or.kr/dsaf001/main.do?rcpNo=20250814003829,8
한국타이어앤테크놀로지,161390,2025Q2,2025-06-30,분기말 총자본(자기자본),12526856817481,공시,https://dart.fss.or.kr/dsaf001/main.do?rcpNo=20250814003829,8
한국타이어앤테크놀로지,161390,2025Q2,2025-06-30,분기별 매출액,5369659666942,공시,https://dart.fss.or.kr/dsaf001/main.do?rcpNo=20250814003829,8
한국타이어앤테크놀로지,161390,2025Q2,2025-06-30,분기별 영업이익,353640275653,공시,https://dart.fss.or.kr/dsaf001/main.do?rcpNo=20250814003829,8
한국타이어앤테크놀로지,161390,2025Q2,2025-06-30,분기별 당기순이익(지배),182070455922,공시,https://dart.fss.or.kr/dsaf001/main.do?rcpNo=20250814003829,8
한국타이어앤테크놀로지,161390,2025Q2,2025-06-30,분기별 영업활동현금흐름,350616699290,계산(누적차감),https://dart.fss.or.kr/dsaf001/main.do?rcpNo=20250814003829 ; https://dart.fss.or.kr/dsaf001/main.do?rcpNo=20250515001037,8
한국타이어앤테크놀로지,161390,2025Q2,2025-06-30,분기말 지배지분 자본,10806955648247,공시,https://dart.fss.or.kr/dsaf001/main.do?rcpNo=20250814003829,8
한국타이어앤테크놀로지,161390,2025Q2,2025-06-30,분기말 종가,39750,API,https://apis.data.go.kr/1160100/GetStockSecuritiesInfoService_V2/getStockPriceInfo_V2?basDt=20250630&likeSrtnCd=161390 (serviceKey 제외),8
한국타이어앤테크놀로지,161390,2025Q2,2025-06-30,분기말 상장주식수,123875069,API,https://apis.data.go.kr/1160100/GetStockSecuritiesInfoService_V2/getStockPriceInfo_V2?basDt=20250630&likeSrtnCd=161390 (serviceKey 제외),8
한국타이어앤테크놀로지,161390,2025Q2,2025-06-30,분기말 시가총액,4924033992750,API,https://apis.data.go.kr/1160100/GetStockSecuritiesInfoService_V2/getStockPriceInfo_V2?basDt=20250630&likeSrtnCd=161390 (serviceKey 제외),8
한국타이어앤테크놀로지,161390,2025Q3,2025-09-30,분기말 자산총계,26705479907008,공시,https://dart.fss.or.kr/dsaf001/main.do?rcpNo=20251113000643,8
한국타이어앤테크놀로지,161390,2025Q3,2025-09-30,분기말 부채총계,13495957343399,공시,https://dart.fss.or.kr/dsaf001/main.do?rcpNo=20251113000643,8
한국타이어앤테크놀로지,161390,2025Q3,2025-09-30,분기말 총자본(자기자본),13209522563609,공시,https://dart.fss.or.kr/dsaf001/main.do?rcpNo=20251113000643,8
한국타이어앤테크놀로지,161390,2025Q3,2025-09-30,분기별 매출액,5412726880899,공시,https://dart.fss.or.kr/dsaf001/main.do?rcpNo=20251113000643,8
한국타이어앤테크놀로지,161390,2025Q3,2025-09-30,분기별 영업이익,585951861726,공시,https://dart.fss.or.kr/dsaf001/main.do?rcpNo=20251113000643,8
한국타이어앤테크놀로지,161390,2025Q3,2025-09-30,분기별 당기순이익(지배),390269020524,공시,https://dart.fss.or.kr/dsaf001/main.do?rcpNo=20251113000643,8
한국타이어앤테크놀로지,161390,2025Q3,2025-09-30,분기별 영업활동현금흐름,562604986380,계산(누적차감),https://dart.fss.or.kr/dsaf001/main.do?rcpNo=20251113000643 ; https://dart.fss.or.kr/dsaf001/main.do?rcpNo=20250814003829,8
한국타이어앤테크놀로지,161390,2025Q3,2025-09-30,분기말 지배지분 자본,11441314172993,공시,https://dart.fss.or.kr/dsaf001/main.do?rcpNo=20251113000643,8
한국타이어앤테크놀로지,161390,2025Q3,2025-09-30,분기말 종가,38350,API,https://apis.data.go.kr/1160100/GetStockSecuritiesInfoService_V2/getStockPriceInfo_V2?basDt=20250930&likeSrtnCd=161390 (serviceKey 제외),8
한국타이어앤테크놀로지,161390,2025Q3,2025-09-30,분기말 상장주식수,123875069,API,https://apis.data.go.kr/1160100/GetStockSecuritiesInfoService_V2/getStockPriceInfo_V2?basDt=20250930&likeSrtnCd=161390 (serviceKey 제외),8
한국타이어앤테크놀로지,161390,2025Q3,2025-09-30,분기말 시가총액,4750608896150,API,https://apis.data.go.kr/1160100/GetStockSecuritiesInfoService_V2/getStockPriceInfo_V2?basDt=20250930&likeSrtnCd=161390 (serviceKey 제외),8
한국타이어앤테크놀로지,161390,2025Q4,2025-12-31,분기말 자산총계,26647188444916,공시,https://dart.fss.or.kr/dsaf001/main.do?rcpNo=20260318000959,8
한국타이어앤테크놀로지,161390,2025Q4,2025-12-31,분기말 부채총계,12445209082121,공시,https://dart.fss.or.kr/dsaf001/main.do?rcpNo=20260318000959,8
한국타이어앤테크놀로지,161390,2025Q4,2025-12-31,분기말 총자본(자기자본),14201979362795,공시,https://dart.fss.or.kr/dsaf001/main.do?rcpNo=20260318000959,8
한국타이어앤테크놀로지,161390,2025Q4,2025-12-31,분기별 매출액,5456245734092,계산(연간-3분기누적),https://dart.fss.or.kr/dsaf001/main.do?rcpNo=20260318000959 ; https://dart.fss.or.kr/dsaf001/main.do?rcpNo=20251113000643,8
한국타이어앤테크놀로지,161390,2025Q4,2025-12-31,분기별 영업이익,546840023523,계산(연간-3분기누적),https://dart.fss.or.kr/dsaf001/main.do?rcpNo=20260318000959 ; https://dart.fss.or.kr/dsaf001/main.do?rcpNo=20251113000643,8
한국타이어앤테크놀로지,161390,2025Q4,2025-12-31,분기별 당기순이익(지배),197433176572,계산(연간-3분기누적),https://dart.fss.or.kr/dsaf001/main.do?rcpNo=20260318000959 ; https://dart.fss.or.kr/dsaf001/main.do?rcpNo=20251113000643,8
한국타이어앤테크놀로지,161390,2025Q4,2025-12-31,분기별 영업활동현금흐름,745218400291,계산(누적차감),https://dart.fss.or.kr/dsaf001/main.do?rcpNo=20260318000959 ; https://dart.fss.or.kr/dsaf001/main.do?rcpNo=20251113000643,8
한국타이어앤테크놀로지,161390,2025Q4,2025-12-31,분기말 지배지분 자본,12105483748917,공시,https://dart.fss.or.kr/dsaf001/main.do?rcpNo=20260318000959,8
한국타이어앤테크놀로지,161390,2025Q4,2025-12-30,분기말 종가,58300,API,https://apis.data.go.kr/1160100/GetStockSecuritiesInfoService_V2/getStockPriceInfo_V2?basDt=20251230&likeSrtnCd=161390 (serviceKey 제외),8
한국타이어앤테크놀로지,161390,2025Q4,2025-12-30,분기말 상장주식수,123875069,API,https://apis.data.go.kr/1160100/GetStockSecuritiesInfoService_V2/getStockPriceInfo_V2?basDt=20251230&likeSrtnCd=161390 (serviceKey 제외),8
한국타이어앤테크놀로지,161390,2025Q4,2025-12-30,분기말 시가총액,7221916522700,API,https://apis.data.go.kr/1160100/GetStockSecuritiesInfoService_V2/getStockPriceInfo_V2?basDt=20251230&likeSrtnCd=161390 (serviceKey 제외),8
한국타이어앤테크놀로지,161390,2026Q1,2026-03-31,분기말 자산총계,27973386504261,공시,https://dart.fss.or.kr/dsaf001/main.do?rcpNo=20260515000778,8
한국타이어앤테크놀로지,161390,2026Q1,2026-03-31,분기말 부채총계,13080995195961,공시,https://dart.fss.or.kr/dsaf001/main.do?rcpNo=20260515000778,8
한국타이어앤테크놀로지,161390,2026Q1,2026-03-31,분기말 총자본(자기자본),14892391308300,공시,https://dart.fss.or.kr/dsaf001/main.do?rcpNo=20260515000778,8
한국타이어앤테크놀로지,161390,2026Q1,2026-03-31,분기별 매출액,5313927681533,공시,https://dart.fss.or.kr/dsaf001/main.do?rcpNo=20260515000778,8
한국타이어앤테크놀로지,161390,2026Q1,2026-03-31,분기별 영업이익,506963517737,공시,https://dart.fss.or.kr/dsaf001/main.do?rcpNo=20260515000778,8
한국타이어앤테크놀로지,161390,2026Q1,2026-03-31,분기별 당기순이익(지배),346156771220,공시,https://dart.fss.or.kr/dsaf001/main.do?rcpNo=20260515000778,8
한국타이어앤테크놀로지,161390,2026Q1,2026-03-31,분기별 영업활동현금흐름,399093762398,공시,https://dart.fss.or.kr/dsaf001/main.do?rcpNo=20260515000778,8
한국타이어앤테크놀로지,161390,2026Q1,2026-03-31,분기말 지배지분 자본,12720902647262,공시,https://dart.fss.or.kr/dsaf001/main.do?rcpNo=20260515000778,8
한국타이어앤테크놀로지,161390,2026Q1,2026-03-31,분기말 종가,54100,API,https://apis.data.go.kr/1160100/GetStockSecuritiesInfoService_V2/getStockPriceInfo_V2?basDt=20260331&likeSrtnCd=161390 (serviceKey 제외),8
한국타이어앤테크놀로지,161390,2026Q1,2026-03-31,분기말 상장주식수,123875069,API,https://apis.data.go.kr/1160100/GetStockSecuritiesInfoService_V2/getStockPriceInfo_V2?basDt=20260331&likeSrtnCd=161390 (serviceKey 제외),8
한국타이어앤테크놀로지,161390,2026Q1,2026-03-31,분기말 시가총액,6701641232900,API,https://apis.data.go.kr/1160100/GetStockSecuritiesInfoService_V2/getStockPriceInfo_V2?basDt=20260331&likeSrtnCd=161390 (serviceKey 제외),8
한국타이어앤테크놀로지,161390,2026Q2,2026-06-30,분기말 자산총계,28913214928690,공시,https://dart.fss.or.kr/dsaf001/main.do?rcpNo=20260814003878,8
한국타이어앤테크놀로지,161390,2026Q2,2026-06-30,분기말 부채총계,13260786852869,공시,https://dart.fss.or.kr/dsaf001/main.do?rcpNo=20260814003878,8
한국타이어앤테크놀로지,161390,2026Q2,2026-06-30,분기말 총자본(자기자본),15652428075821,공시,https://dart.fss.or.kr/dsaf001/main.do?rcpNo=20260814003878,8
한국타이어앤테크놀로지,161390,2026Q2,2026-06-30,분기별 매출액,5682494487758,공시,https://dart.fss.or.kr/dsaf001/main.do?rcpNo=20260814003878,8
한국타이어앤테크놀로지,161390,2026Q2,2026-06-30,분기별 영업이익,559087314395,공시,https://dart.fss.or.kr/dsaf001/main.do?rcpNo=20260814003878,8
한국타이어앤테크놀로지,161390,2026Q2,2026-06-30,분기별 당기순이익(지배),279100568222,공시,https://dart.fss.or.kr/dsaf001/main.do?rcpNo=20260814003878,8
한국타이어앤테크놀로지,161390,2026Q2,2026-06-30,분기별 영업활동현금흐름,652164116086,계산(누적차감),https://dart.fss.or.kr/dsaf001/main.do?rcpNo=20260814003878 ; https://dart.fss.or.kr/dsaf001/main.do?rcpNo=20260515000778,8
한국타이어앤테크놀로지,161390,2026Q2,2026-06-30,분기말 지배지분 자본,13416168988677,공시,https://dart.fss.or.kr/dsaf001/main.do?rcpNo=20260814003878,8
한국타이어앤테크놀로지,161390,2026Q2,2026-06-30,분기말 종가,61900,API,https://apis.data.go.kr/1160100/GetStockSecuritiesInfoService_V2/getStockPriceInfo_V2?basDt=20260630&likeSrtnCd=161390 (serviceKey 제외),8
한국타이어앤테크놀로지,161390,2026Q2,2026-06-30,분기말 상장주식수,123875069,API,https://apis.data.go.kr/1160100/GetStockSecuritiesInfoService_V2/getStockPriceInfo_V2?basDt=20260630&likeSrtnCd=161390 (serviceKey 제외),8
한국타이어앤테크놀로지,161390,2026Q2,2026-06-30,분기말 시가총액,7667866771100,API,https://apis.data.go.kr/1160100/GetStockSecuritiesInfoService_V2/getStockPriceInfo_V2?basDt=20260630&likeSrtnCd=161390 (serviceKey 제외),8
